inDegrees=no
DataType=double
version=3
OpenSimVersion=4.4-2022-10-11-798caa840
endheader
time	elv_angle	shoulder_elv	shoulder_rot	elbow_flexion	pro_sup	deviation	flexion
0.0000000000	0.7853981853	1.2217304707	0.4363323152	1.5707963705	0.0000000000	0.0000000000	0.0000000000
0.0041702867	0.7853981853	1.2217304707	0.4363323152	1.5707963705	0.0000000000	0.0000000000	0.0000000000
0.0083405734	0.7853981853	1.2217304707	0.4363323152	1.5707963705	0.0000000000	0.0000000000	0.0000000000
0.0125108601	0.7853981853	1.2217304707	0.4363323152	1.5707963705	0.0000000000	0.0000000000	0.0000000000
0.0166811468	0.7853981853	1.2217304707	0.4363323152	1.5707963705	0.0000000000	0.0000000000	0.0000000000
0.0208514335	0.7853981853	1.2217304707	0.4363323152	1.5707963705	0.0000000000	0.0000000000	0.0000000000
0.0250217202	0.7853981853	1.2217304707	0.4363323152	1.5707963705	0.0000000000	0.0000000000	0.0000000000
0.0291920070	0.7853981853	1.2217304707	0.4363323152	1.5707963705	0.0000000000	0.0000000000	0.0000000000
0.0333622937	0.7853981853	1.2217304707	0.4363323152	1.5707963705	0.0000000000	0.0000000000	0.0000000000
0.0375325804	0.7853981853	1.2217304707	0.4363323152	1.5707963705	0.0000000000	0.0000000000	0.0000000000
0.0417028671	0.7853981853	1.2217304707	0.4363323152	1.5707963705	0.0000000000	0.0000000000	0.0000000000
0.0458731538	0.7853981853	1.2217304707	0.4363323152	1.5707963705	0.0000000000	0.0000000000	0.0000000000
0.0500434405	0.7853981853	1.2217304707	0.4363323152	1.5707963705	0.0000000000	0.0000000000	0.0000000000
0.0542137272	0.7853981853	1.2217304707	0.4363323152	1.5707963705	0.0000000000	0.0000000000	0.0000000000
0.0583840139	0.7853981853	1.2217304707	0.4363323152	1.5707963705	0.0000000000	0.0000000000	0.0000000000
0.0625543006	0.7853981853	1.2217304707	0.4363323152	1.5707963705	0.0000000000	0.0000000000	0.0000000000
0.0667245873	0.7853981853	1.2217304707	0.4363323152	1.5707963705	0.0000000000	0.0000000000	0.0000000000
0.0708948740	0.7853981853	1.2217304707	0.4363323152	1.5707963705	0.0000000000	0.0000000000	0.0000000000
0.0750651607	0.7853981853	1.2217304707	0.4363323152	1.5707963705	0.0000000000	0.0000000000	0.0000000000
0.0792354474	0.7853981853	1.2217304707	0.4363323152	1.5707963705	0.0000000000	0.0000000000	0.0000000000
0.0834057341	0.7853981853	1.2217304707	0.4363323152	1.5707963705	0.0000000000	0.0000000000	0.0000000000
0.0875760209	0.7853981853	1.2217304707	0.4363323152	1.5707963705	0.0000000000	0.0000000000	0.0000000000
0.0917463076	0.7853981853	1.2217304707	0.4363323152	1.5707963705	0.0000000000	0.0000000000	0.0000000000
0.0959165943	0.7853981853	1.2217304707	0.4363323152	1.5707963705	0.0000000000	0.0000000000	0.0000000000
0.1000868810	0.7853981853	1.2217304707	0.4363323152	1.5707963705	0.0000000000	0.0000000000	0.0000000000
0.1042571677	0.7853981853	1.2217304707	0.4363323152	1.5707963705	0.0000000000	0.0000000000	0.0000000000
0.1084274544	0.7853981853	1.2217304707	0.4363323152	1.5707963705	0.0000000000	0.0000000000	0.0000000000
0.1125977411	0.7853981853	1.2217304707	0.4363323152	1.5707963705	0.0000000000	0.0000000000	0.0000000000
0.1167680278	0.7853981853	1.2217304707	0.4363323152	1.5707963705	0.0000000000	0.0000000000	0.0000000000
0.1209383145	0.7853981853	1.2217304707	0.4363323152	1.5707963705	0.0000000000	0.0000000000	0.0000000000
0.1251086012	0.7853981853	1.2217304707	0.4363323152	1.5707963705	0.0000000000	0.0000000000	0.0000000000
0.1292788879	0.7853981853	1.2217304707	0.4363323152	1.5707963705	0.0000000000	0.0000000000	0.0000000000
0.1334491746	0.7853981853	1.2217304707	0.4363323152	1.5707963705	0.0000000000	0.0000000000	0.0000000000
0.1376194613	0.7853981853	1.2217304707	0.4363323152	1.5707963705	0.0000000000	0.0000000000	0.0000000000
0.1417897480	0.7853981853	1.2217304707	0.4363323152	1.5707963705	0.0000000000	0.0000000000	0.0000000000
0.1459600348	0.7853981853	1.2217304707	0.4363323152	1.5707963705	0.0000000000	0.0000000000	0.0000000000
0.1501303215	0.7853981853	1.2217304707	0.4363323152	1.5707963705	0.0000000000	0.0000000000	0.0000000000
0.1543006082	0.7853981853	1.2217304707	0.4363323152	1.5707963705	0.0000000000	0.0000000000	0.0000000000
0.1584708949	0.7853981853	1.2217304707	0.4363323152	1.5707963705	0.0000000000	0.0000000000	0.0000000000
0.1626411816	0.7853981853	1.2217304707	0.4363323152	1.5707963705	0.0000000000	0.0000000000	0.0000000000
0.1668114683	0.7853981853	1.2217304707	0.4363323152	1.5707963705	0.0000000000	0.0000000000	0.0000000000
0.1709817550	0.7853981853	1.2217304707	0.4363323152	1.5707963705	0.0000000000	0.0000000000	0.0000000000
0.1751520417	0.7853981853	1.2217304707	0.4363323152	1.5707963705	0.0000000000	0.0000000000	0.0000000000
0.1793223284	0.7853981853	1.2217304707	0.4363323152	1.5707963705	0.0000000000	0.0000000000	0.0000000000
0.1834926151	0.7853981853	1.2217304707	0.4363323152	1.5707963705	0.0000000000	0.0000000000	0.0000000000
0.1876629018	0.7853981853	1.2217304707	0.4363323152	1.5707963705	0.0000000000	0.0000000000	0.0000000000
0.1918331885	0.7853981853	1.2217304707	0.4363323152	1.5707963705	0.0000000000	0.0000000000	0.0000000000
0.1960034752	0.7853981853	1.2217304707	0.4363323152	1.5707963705	0.0000000000	0.0000000000	0.0000000000
0.2001737619	0.7853981853	1.2217304707	0.4363323152	1.5707963705	0.0000000000	0.0000000000	0.0000000000
0.2043440487	0.7853981853	1.2217304707	0.4363323152	1.5707963705	0.0000000000	0.0000000000	0.0000000000
0.2085143354	0.7853981853	1.2217304707	0.4363323152	1.5707963705	0.0000000000	0.0000000000	0.0000000000
0.2126846221	0.7853981853	1.2217304707	0.4363323152	1.5707963705	0.0000000000	0.0000000000	0.0000000000
0.2168549088	0.7853981853	1.2217304707	0.4363323152	1.5707963705	0.0000000000	0.0000000000	0.0000000000
0.2210251955	0.7853981853	1.2217304707	0.4363323152	1.5707963705	0.0000000000	0.0000000000	0.0000000000
0.2251954822	0.7853981853	1.2217304707	0.4363323152	1.5707963705	0.0000000000	0.0000000000	0.0000000000
0.2293657689	0.7853981853	1.2217304707	0.4363323152	1.5707963705	0.0000000000	0.0000000000	0.0000000000
0.2335360556	0.7853981853	1.2217304707	0.4363323152	1.5707963705	0.0000000000	0.0000000000	0.0000000000
0.2377063423	0.7853981853	1.2217304707	0.4363323152	1.5707963705	0.0000000000	0.0000000000	0.0000000000
0.2418766290	0.7853981853	1.2217304707	0.4363323152	1.5707963705	0.0000000000	0.0000000000	0.0000000000
0.2460469157	0.7853981853	1.2217304707	0.4363323152	1.5707963705	0.0000000000	0.0000000000	0.0000000000
0.2502172024	0.7853981853	1.2217304707	0.4363323152	1.5707963705	0.0000000000	0.0000000000	0.0000000000
0.2543874891	0.7853981853	1.2217304707	0.4363323152	1.5707963705	0.0000000000	0.0000000000	0.0000000000
0.2585577758	0.7853981853	1.2217304707	0.4363323152	1.5707963705	0.0000000000	0.0000000000	0.0000000000
0.2627280626	0.7853981853	1.2217304707	0.4363323152	1.5707963705	0.0000000000	0.0000000000	0.0000000000
0.2668983493	0.7853981853	1.2217304707	0.4363323152	1.5707963705	0.0000000000	0.0000000000	0.0000000000
0.2710686360	0.7853981853	1.2217304707	0.4363323152	1.5707963705	0.0000000000	0.0000000000	0.0000000000
0.2752389227	0.7853981853	1.2217304707	0.4363323152	1.5707963705	0.0000000000	0.0000000000	0.0000000000
0.2794092094	0.7853981853	1.2217304707	0.4363323152	1.5707963705	0.0000000000	0.0000000000	0.0000000000
0.2835794961	0.7853981853	1.2217304707	0.4363323152	1.5707963705	0.0000000000	0.0000000000	0.0000000000
0.2877497828	0.7853981853	1.2217304707	0.4363323152	1.5707963705	0.0000000000	0.0000000000	0.0000000000
0.2919200695	0.7853981853	1.2217304707	0.4363323152	1.5707963705	0.0000000000	0.0000000000	0.0000000000
0.2960903562	0.7853981853	1.2217304707	0.4363323152	1.5707963705	0.0000000000	0.0000000000	0.0000000000
0.3002606429	0.7853981853	1.2217304707	0.4363323152	1.5707963705	0.0000000000	0.0000000000	0.0000000000
0.3044309296	0.7853981853	1.2217304707	0.4363323152	1.5707963705	0.0000000000	0.0000000000	0.0000000000
0.3086012163	0.7853981853	1.2217304707	0.4363323152	1.5707963705	0.0000000000	0.0000000000	0.0000000000
0.3127715030	0.7853981853	1.2217304707	0.4363323152	1.5707963705	0.0000000000	0.0000000000	0.0000000000
0.3169417897	0.7853981853	1.2217304707	0.4363323152	1.5707963705	0.0000000000	0.0000000000	0.0000000000
0.3211120765	0.7853981853	1.2217304707	0.4363323152	1.5707963705	0.0000000000	0.0000000000	0.0000000000
0.3252823632	0.7853981853	1.2217304707	0.4363323152	1.5707963705	0.0000000000	0.0000000000	0.0000000000
0.3294526499	0.7853981853	1.2217304707	0.4363323152	1.5707963705	0.0000000000	0.0000000000	0.0000000000
0.3336229366	0.7853981853	1.2217304707	0.4363323152	1.5707963705	0.0000000000	0.0000000000	0.0000000000
0.3377932233	0.7853981853	1.2217304707	0.4363323152	1.5707963705	0.0000000000	0.0000000000	0.0000000000
0.3419635100	0.7853981853	1.2217304707	0.4363323152	1.5707963705	0.0000000000	0.0000000000	0.0000000000
0.3461337967	0.7853981853	1.2217304707	0.4363323152	1.5707963705	0.0000000000	0.0000000000	0.0000000000
0.3503040834	0.7853981853	1.2217304707	0.4363323152	1.5707963705	0.0000000000	0.0000000000	0.0000000000
0.3544743701	0.7853981853	1.2217304707	0.4363323152	1.5707963705	0.0000000000	0.0000000000	0.0000000000
0.3586446568	0.7853981853	1.2217304707	0.4363323152	1.5707963705	0.0000000000	0.0000000000	0.0000000000
0.3628149435	0.7853981853	1.2217304707	0.4363323152	1.5707963705	0.0000000000	0.0000000000	0.0000000000
0.3669852302	0.7853981853	1.2217304707	0.4363323152	1.5707963705	0.0000000000	0.0000000000	0.0000000000
0.3711555169	0.7853981853	1.2217304707	0.4363323152	1.5707963705	0.0000000000	0.0000000000	0.0000000000
0.3753258036	0.7853981853	1.2217304707	0.4363323152	1.5707963705	0.0000000000	0.0000000000	0.0000000000
0.3794960904	0.7853981853	1.2217304707	0.4363323152	1.5707963705	0.0000000000	0.0000000000	0.0000000000
0.3836663771	0.7853981853	1.2217304707	0.4363323152	1.5707963705	0.0000000000	0.0000000000	0.0000000000
0.3878366638	0.7853981853	1.2217304707	0.4363323152	1.5707963705	0.0000000000	0.0000000000	0.0000000000
0.3920069505	0.7853981853	1.2217304707	0.4363323152	1.5707963705	0.0000000000	0.0000000000	0.0000000000
0.3961772372	0.7853981853	1.2217304707	0.4363323152	1.5707963705	0.0000000000	0.0000000000	0.0000000000
0.4003475239	0.7853981853	1.2217304707	0.4363323152	1.5707963705	0.0000000000	0.0000000000	0.0000000000
0.4045178106	0.7853981853	1.2217304707	0.4363323152	1.5707963705	0.0000000000	0.0000000000	0.0000000000
0.4086880973	0.7853981853	1.2217304707	0.4363323152	1.5707963705	0.0000000000	0.0000000000	0.0000000000
0.4128583840	0.7853981853	1.2217304707	0.4363323152	1.5707963705	0.0000000000	0.0000000000	0.0000000000
0.4170286707	0.7853981853	1.2217304707	0.4363323152	1.5707963705	0.0000000000	0.0000000000	0.0000000000
0.4211989574	0.7853981853	1.2217304707	0.4363323152	1.5707963705	0.0000000000	0.0000000000	0.0000000000
0.4253692441	0.7853981853	1.2217304707	0.4363323152	1.5707963705	0.0000000000	0.0000000000	0.0000000000
0.4295395308	0.7853981853	1.2217304707	0.4363323152	1.5707963705	0.0000000000	0.0000000000	0.0000000000
0.4337098175	0.7853981853	1.2217304707	0.4363323152	1.5707963705	0.0000000000	0.0000000000	0.0000000000
0.4378801043	0.7853981853	1.2217304707	0.4363323152	1.5707963705	0.0000000000	0.0000000000	0.0000000000
0.4420503910	0.7853981853	1.2217304707	0.4363323152	1.5707963705	0.0000000000	0.0000000000	0.0000000000
0.4462206777	0.7853981853	1.2217304707	0.4363323152	1.5707963705	0.0000000000	0.0000000000	0.0000000000
0.4503909644	0.7853981853	1.2217304707	0.4363323152	1.5707963705	0.0000000000	0.0000000000	0.0000000000
0.4545612511	0.7853981853	1.2217304707	0.4363323152	1.5707963705	0.0000000000	0.0000000000	0.0000000000
0.4587315378	0.7853981853	1.2217304707	0.4363323152	1.5707963705	0.0000000000	0.0000000000	0.0000000000
0.4629018245	0.7853981853	1.2217304707	0.4363323152	1.5707963705	0.0000000000	0.0000000000	0.0000000000
0.4670721112	0.7853981853	1.2217304707	0.4363323152	1.5707963705	0.0000000000	0.0000000000	0.0000000000
0.4712423979	0.7853981853	1.2217304707	0.4363323152	1.5707963705	0.0000000000	0.0000000000	0.0000000000
0.4754126846	0.7853981853	1.2217304707	0.4363323152	1.5707963705	0.0000000000	0.0000000000	0.0000000000
0.4795829713	0.7853981853	1.2217304707	0.4363323152	1.5707963705	0.0000000000	0.0000000000	0.0000000000
0.4837532580	0.7853981853	1.2217304707	0.4363323152	1.5707963705	0.0000000000	0.0000000000	0.0000000000
0.4879235447	0.7853981853	1.2217304707	0.4363323152	1.5707963705	0.0000000000	0.0000000000	0.0000000000
0.4920938315	0.7853981853	1.2217304707	0.4363323152	1.5707963705	0.0000000000	0.0000000000	0.0000000000
0.4962641182	0.7853981853	1.2217304707	0.4363323152	1.5707963705	0.0000000000	0.0000000000	0.0000000000
0.5004344049	0.7853981853	1.2217304707	0.4363323152	1.5707963705	0.0000000000	0.0000000000	0.0000000000
0.5046046916	0.7853981853	1.2217304707	0.4363323152	1.5707963705	0.0000000000	0.0000000000	0.0000000000
0.5087749783	0.7853981853	1.2217304707	0.4363323152	1.5707963705	0.0000000000	0.0000000000	0.0000000000
0.5129452650	0.7853981853	1.2217304707	0.4363323152	1.5707963705	0.0000000000	0.0000000000	0.0000000000
0.5171155517	0.7853981853	1.2217304707	0.4363323152	1.5707963705	0.0000000000	0.0000000000	0.0000000000
0.5212858384	0.7853981853	1.2217304707	0.4363323152	1.5707963705	0.0000000000	0.0000000000	0.0000000000
0.5254561251	0.7853981853	1.2217304707	0.4363323152	1.5707963705	0.0000000000	0.0000000000	0.0000000000
0.5296264118	0.7853981853	1.2217304707	0.4363323152	1.5707963705	0.0000000000	0.0000000000	0.0000000000
0.5337966985	0.7853981853	1.2217304707	0.4363323152	1.5707963705	0.0000000000	0.0000000000	0.0000000000
0.5379669852	0.7853981853	1.2217304707	0.4363323152	1.5707963705	0.0000000000	0.0000000000	0.0000000000
0.5421372719	0.7853981853	1.2217304707	0.4363323152	1.5707963705	0.0000000000	0.0000000000	0.0000000000
0.5463075586	0.7853981853	1.2217304707	0.4363323152	1.5707963705	0.0000000000	0.0000000000	0.0000000000
0.5504778454	0.7853981853	1.2217304707	0.4363323152	1.5707963705	0.0000000000	0.0000000000	0.0000000000
0.5546481321	0.7853981853	1.2217304707	0.4363323152	1.5707963705	0.0000000000	0.0000000000	0.0000000000
0.5588184188	0.7853981853	1.2217304707	0.4363323152	1.5707963705	0.0000000000	0.0000000000	0.0000000000
0.5629887055	0.7853981853	1.2217304707	0.4363323152	1.5707963705	0.0000000000	0.0000000000	0.0000000000
0.5671589922	0.7853981853	1.2217304707	0.4363323152	1.5707963705	0.0000000000	0.0000000000	0.0000000000
0.5713292789	0.7853981853	1.2217304707	0.4363323152	1.5707963705	0.0000000000	0.0000000000	0.0000000000
0.5754995656	0.7853981853	1.2217304707	0.4363323152	1.5707963705	0.0000000000	0.0000000000	0.0000000000
0.5796698523	0.7853981853	1.2217304707	0.4363323152	1.5707963705	0.0000000000	0.0000000000	0.0000000000
0.5838401390	0.7853981853	1.2217304707	0.4363323152	1.5707963705	0.0000000000	0.0000000000	0.0000000000
0.5880104257	0.7853981853	1.2217304707	0.4363323152	1.5707963705	0.0000000000	0.0000000000	0.0000000000
0.5921807124	0.7853981853	1.2217304707	0.4363323152	1.5707963705	0.0000000000	0.0000000000	0.0000000000
0.5963509991	0.7853981853	1.2217304707	0.4363323152	1.5707963705	0.0000000000	0.0000000000	0.0000000000
0.6005212858	0.7853981853	1.2217304707	0.4363323152	1.5707963705	0.0000000000	0.0000000000	0.0000000000
0.6046915725	0.7853981853	1.2217304707	0.4363323152	1.5707963705	0.0000000000	0.0000000000	0.0000000000
0.6088618593	0.7853981853	1.2217304707	0.4363323152	1.5707963705	0.0000000000	0.0000000000	0.0000000000
0.6130321460	0.7853981853	1.2217304707	0.4363323152	1.5707963705	0.0000000000	0.0000000000	0.0000000000
0.6172024327	0.7853981853	1.2217304707	0.4363323152	1.5707963705	0.0000000000	0.0000000000	0.0000000000
0.6213727194	0.7853981853	1.2217304707	0.4363323152	1.5707963705	0.0000000000	0.0000000000	0.0000000000
0.6255430061	0.7853981853	1.2217304707	0.4363323152	1.5707963705	0.0000000000	0.0000000000	0.0000000000
0.6297132928	0.7853981853	1.2217304707	0.4363323152	1.5707963705	0.0000000000	0.0000000000	0.0000000000
0.6338835795	0.7853981853	1.2217304707	0.4363323152	1.5707963705	0.0000000000	0.0000000000	0.0000000000
0.6380538662	0.7853981853	1.2217304707	0.4363323152	1.5707963705	0.0000000000	0.0000000000	0.0000000000
0.6422241529	0.7853981853	1.2217304707	0.4363323152	1.5707963705	0.0000000000	0.0000000000	0.0000000000
0.6463944396	0.7853981853	1.2217304707	0.4363323152	1.5707963705	0.0000000000	0.0000000000	0.0000000000
0.6505647263	0.7853981853	1.2217304707	0.4363323152	1.5707963705	0.0000000000	0.0000000000	0.0000000000
0.6547350130	0.7853981853	1.2217304707	0.4363323152	1.5707963705	0.0000000000	0.0000000000	0.0000000000
0.6589052997	0.7853981853	1.2217304707	0.4363323152	1.5707963705	0.0000000000	0.0000000000	0.0000000000
0.6630755864	0.7853981853	1.2217304707	0.4363323152	1.5707963705	0.0000000000	0.0000000000	0.0000000000
0.6672458732	0.7853981853	1.2217304707	0.4363323152	1.5707963705	0.0000000000	0.0000000000	0.0000000000
0.6714161599	0.7853981853	1.2217304707	0.4363323152	1.5707963705	0.0000000000	0.0000000000	0.0000000000
0.6755864466	0.7853981853	1.2217304707	0.4363323152	1.5707963705	0.0000000000	0.0000000000	0.0000000000
0.6797567333	0.7853981853	1.2217304707	0.4363323152	1.5707963705	0.0000000000	0.0000000000	0.0000000000
0.6839270200	0.7853981853	1.2217304707	0.4363323152	1.5707963705	0.0000000000	0.0000000000	0.0000000000
0.6880973067	0.7853981853	1.2217304707	0.4363323152	1.5707963705	0.0000000000	0.0000000000	0.0000000000
0.6922675934	0.7853981853	1.2217304707	0.4363323152	1.5707963705	0.0000000000	0.0000000000	0.0000000000
0.6964378801	0.7853981853	1.2217304707	0.4363323152	1.5707963705	0.0000000000	0.0000000000	0.0000000000
0.7006081668	0.7853981853	1.2217304707	0.4363323152	1.5707963705	0.0000000000	0.0000000000	0.0000000000
0.7047784535	0.7853981853	1.2217304707	0.4363323152	1.5707963705	0.0000000000	0.0000000000	0.0000000000
0.7089487402	0.7853981853	1.2217304707	0.4363323152	1.5707963705	0.0000000000	0.0000000000	0.0000000000
0.7131190269	0.7853981853	1.2217304707	0.4363323152	1.5707963705	0.0000000000	0.0000000000	0.0000000000
0.7172893136	0.7853981853	1.2217304707	0.4363323152	1.5707963705	0.0000000000	0.0000000000	0.0000000000
0.7214596003	0.7853981853	1.2217304707	0.4363323152	1.5707963705	0.0000000000	0.0000000000	0.0000000000
0.7256298871	0.7853981853	1.2217304707	0.4363323152	1.5707963705	0.0000000000	0.0000000000	0.0000000000
0.7298001738	0.7853981853	1.2217304707	0.4363323152	1.5707963705	0.0000000000	0.0000000000	0.0000000000
0.7339704605	0.7853981853	1.2217304707	0.4363323152	1.5707963705	0.0000000000	0.0000000000	0.0000000000
0.7381407472	0.7853981853	1.2217304707	0.4363323152	1.5707963705	0.0000000000	0.0000000000	0.0000000000
0.7423110339	0.7853981853	1.2217304707	0.4363323152	1.5707963705	0.0000000000	0.0000000000	0.0000000000
0.7464813206	0.7853981853	1.2217304707	0.4363323152	1.5707963705	0.0000000000	0.0000000000	0.0000000000
0.7506516073	0.7853981853	1.2217304707	0.4363323152	1.5707963705	0.0000000000	0.0000000000	0.0000000000
0.7548218940	0.7853981853	1.2217304707	0.4363323152	1.5707963705	0.0000000000	0.0000000000	0.0000000000
0.7589921807	0.7853981853	1.2217304707	0.4363323152	1.5707963705	0.0000000000	0.0000000000	0.0000000000
0.7631624674	0.7853981853	1.2217304707	0.4363323152	1.5707963705	0.0000000000	0.0000000000	0.0000000000
0.7673327541	0.7853981853	1.2217304707	0.4363323152	1.5707963705	0.0000000000	0.0000000000	0.0000000000
0.7715030408	0.7853981853	1.2217304707	0.4363323152	1.5707963705	0.0000000000	0.0000000000	0.0000000000
0.7756733275	0.7853981853	1.2217304707	0.4363323152	1.5707963705	0.0000000000	0.0000000000	0.0000000000
0.7798436142	0.7853981853	1.2217304707	0.4363323152	1.5707963705	0.0000000000	0.0000000000	0.0000000000
0.7840139010	0.7853981853	1.2217304707	0.4363323152	1.5707963705	0.0000000000	0.0000000000	0.0000000000
0.7881841877	0.7853981853	1.2217304707	0.4363323152	1.5707963705	0.0000000000	0.0000000000	0.0000000000
0.7923544744	0.7853981853	1.2217304707	0.4363323152	1.5707963705	0.0000000000	0.0000000000	0.0000000000
0.7965247611	0.7853981853	1.2217304707	0.4363323152	1.5707963705	0.0000000000	0.0000000000	0.0000000000
0.8006950478	0.7853981853	1.2217304707	0.4363323152	1.5707963705	0.0000000000	0.0000000000	0.0000000000
0.8048653345	0.7853981853	1.2217304707	0.4363323152	1.5707963705	0.0000000000	0.0000000000	0.0000000000
0.8090356212	0.7853981853	1.2217304707	0.4363323152	1.5707963705	0.0000000000	0.0000000000	0.0000000000
0.8132059079	0.7853981853	1.2217304707	0.4363323152	1.5707963705	0.0000000000	0.0000000000	0.0000000000
0.8173761946	0.7853981853	1.2217304707	0.4363323152	1.5707963705	0.0000000000	0.0000000000	0.0000000000
0.8215464813	0.7853981853	1.2217304707	0.4363323152	1.5707963705	0.0000000000	0.0000000000	0.0000000000
0.8257167680	0.7853981853	1.2217304707	0.4363323152	1.5707963705	0.0000000000	0.0000000000	0.0000000000
0.8298870547	0.7853981853	1.2217304707	0.4363323152	1.5707963705	0.0000000000	0.0000000000	0.0000000000
0.8340573414	0.7853981853	1.2217304707	0.4363323152	1.5707963705	0.0000000000	0.0000000000	0.0000000000
0.8382276281	0.7853981853	1.2217304707	0.4363323152	1.5707963705	0.0000000000	0.0000000000	0.0000000000
0.8423979149	0.7853981853	1.2217304707	0.4363323152	1.5707963705	0.0000000000	0.0000000000	0.0000000000
0.8465682016	0.7853981853	1.2217304707	0.4363323152	1.5707963705	0.0000000000	0.0000000000	0.0000000000
0.8507384883	0.7853981853	1.2217304707	0.4363323152	1.5707963705	0.0000000000	0.0000000000	0.0000000000
0.8549087750	0.7853981853	1.2217304707	0.4363323152	1.5707963705	0.0000000000	0.0000000000	0.0000000000
0.8590790617	0.7853981853	1.2217304707	0.4363323152	1.5707963705	0.0000000000	0.0000000000	0.0000000000
0.8632493484	0.7853981853	1.2217304707	0.4363323152	1.5707963705	0.0000000000	0.0000000000	0.0000000000
0.8674196351	0.7853981853	1.2217304707	0.4363323152	1.5707963705	0.0000000000	0.0000000000	0.0000000000
0.8715899218	0.7853981853	1.2217304707	0.4363323152	1.5707963705	0.0000000000	0.0000000000	0.0000000000
0.8757602085	0.7853981853	1.2217304707	0.4363323152	1.5707963705	0.0000000000	0.0000000000	0.0000000000
0.8799304952	0.7853981853	1.2217304707	0.4363323152	1.5707963705	0.0000000000	0.0000000000	0.0000000000
0.8841007819	0.7853981853	1.2217304707	0.4363323152	1.5707963705	0.0000000000	0.0000000000	0.0000000000
0.8882710686	0.7853981853	1.2217304707	0.4363323152	1.5707963705	0.0000000000	0.0000000000	0.0000000000
0.8924413553	0.7853981853	1.2217304707	0.4363323152	1.5707963705	0.0000000000	0.0000000000	0.0000000000
0.8966116421	0.7853981853	1.2217304707	0.4363323152	1.5707963705	0.0000000000	0.0000000000	0.0000000000
0.9007819288	0.7853981853	1.2217304707	0.4363323152	1.5707963705	0.0000000000	0.0000000000	0.0000000000
0.9049522155	0.7853981853	1.2217304707	0.4363323152	1.5707963705	0.0000000000	0.0000000000	0.0000000000
0.9091225022	0.7853981853	1.2217304707	0.4363323152	1.5707963705	0.0000000000	0.0000000000	0.0000000000
0.9132927889	0.7853981853	1.2217304707	0.4363323152	1.5707963705	0.0000000000	0.0000000000	0.0000000000
0.9174630756	0.7853981853	1.2217304707	0.4363323152	1.5707963705	0.0000000000	0.0000000000	0.0000000000
0.9216333623	0.7853981853	1.2217304707	0.4363323152	1.5707963705	0.0000000000	0.0000000000	0.0000000000
0.9258036490	0.7853981853	1.2217304707	0.4363323152	1.5707963705	0.0000000000	0.0000000000	0.0000000000
0.9299739357	0.7853981853	1.2217304707	0.4363323152	1.5707963705	0.0000000000	0.0000000000	0.0000000000
0.9341442224	0.7853981853	1.2217304707	0.4363323152	1.5707963705	0.0000000000	0.0000000000	0.0000000000
0.9383145091	0.7853981853	1.2217304707	0.4363323152	1.5707963705	0.0000000000	0.0000000000	0.0000000000
0.9424847958	0.7853981853	1.2217304707	0.4363323152	1.5707963705	0.0000000000	0.0000000000	0.0000000000
0.9466550825	0.7853981853	1.2217304707	0.4363323152	1.5707963705	0.0000000000	0.0000000000	0.0000000000
0.9508253692	0.7853981853	1.2217304707	0.4363323152	1.5707963705	0.0000000000	0.0000000000	0.0000000000
0.9549956560	0.7853981853	1.2217304707	0.4363323152	1.5707963705	0.0000000000	0.0000000000	0.0000000000
0.9591659427	0.7853981853	1.2217304707	0.4363323152	1.5707963705	0.0000000000	0.0000000000	0.0000000000
0.9633362294	0.7853981853	1.2217304707	0.4363323152	1.5707963705	0.0000000000	0.0000000000	0.0000000000
0.9675065161	0.7853981853	1.2217304707	0.4363323152	1.5707963705	0.0000000000	0.0000000000	0.0000000000
0.9716768028	0.7853981853	1.2217304707	0.4363323152	1.5707963705	0.0000000000	0.0000000000	0.0000000000
0.9758470895	0.7853981853	1.2217304707	0.4363323152	1.5707963705	0.0000000000	0.0000000000	0.0000000000
0.9800173762	0.7853981853	1.2217304707	0.4363323152	1.5707963705	0.0000000000	0.0000000000	0.0000000000
0.9841876629	0.7853981853	1.2217304707	0.4363323152	1.5707963705	0.0000000000	0.0000000000	0.0000000000
0.9883579496	0.7853981853	1.2217304707	0.4363323152	1.5707963705	0.0000000000	0.0000000000	0.0000000000
0.9925282363	0.7853981853	1.2217304707	0.4363323152	1.5707963705	0.0000000000	0.0000000000	0.0000000000
0.9966985230	0.7853981853	1.2217304707	0.4363323152	1.5707963705	0.0000000000	0.0000000000	0.0000000000
1.0008688097	0.7853981853	1.2217304707	0.4363323152	1.5707963705	0.0000000000	0.0000000000	0.0000000000
1.0050390964	0.7853981853	1.2217304707	0.4363323152	1.5707963705	0.0000000000	0.0000000000	0.0000000000
1.0092093831	0.7853981853	1.2217304707	0.4363323152	1.5707963705	0.0000000000	0.0000000000	0.0000000000
1.0133796699	0.7853981853	1.2217304707	0.4363323152	1.5707963705	0.0000000000	0.0000000000	0.0000000000
1.0175499566	0.7853981853	1.2217304707	0.4363323152	1.5707963705	0.0000000000	0.0000000000	0.0000000000
1.0217202433	0.7853981853	1.2217304707	0.4363323152	1.5707963705	0.0000000000	0.0000000000	0.0000000000
1.0258905300	0.7853981853	1.2217304707	0.4363323152	1.5707963705	0.0000000000	0.0000000000	0.0000000000
1.0300608167	0.7853981853	1.2217304707	0.4363323152	1.5707963705	0.0000000000	0.0000000000	0.0000000000
1.0342311034	0.7853981853	1.2217304707	0.4363323152	1.5707963705	0.0000000000	0.0000000000	0.0000000000
1.0384013901	0.7853981853	1.2217304707	0.4363323152	1.5707963705	0.0000000000	0.0000000000	0.0000000000
1.0425716768	0.7853981853	1.2217304707	0.4363323152	1.5707963705	0.0000000000	0.0000000000	0.0000000000
1.0467419635	0.7853981853	1.2217304707	0.4363323152	1.5707963705	0.0000000000	0.0000000000	0.0000000000
1.0509122502	0.7853981853	1.2217304707	0.4363323152	1.5707963705	0.0000000000	0.0000000000	0.0000000000
1.0550825369	0.7853981853	1.2217304707	0.4363323152	1.5707963705	0.0000000000	0.0000000000	0.0000000000
1.0592528236	0.7853981853	1.2217304707	0.4363323152	1.5707963705	0.0000000000	0.0000000000	0.0000000000
1.0634231103	0.7853981853	1.2217304707	0.4363323152	1.5707963705	0.0000000000	0.0000000000	0.0000000000
1.0675933970	0.7853981853	1.2217304707	0.4363323152	1.5707963705	0.0000000000	0.0000000000	0.0000000000
1.0717636838	0.7853981853	1.2217304707	0.4363323152	1.5707963705	0.0000000000	0.0000000000	0.0000000000
1.0759339705	0.7853981853	1.2217304707	0.4363323152	1.5707963705	0.0000000000	0.0000000000	0.0000000000
1.0801042572	0.7853981853	1.2217304707	0.4363323152	1.5707963705	0.0000000000	0.0000000000	0.0000000000
1.0842745439	0.7853981853	1.2217304707	0.4363323152	1.5707963705	0.0000000000	0.0000000000	0.0000000000
1.0884448306	0.7853981853	1.2217304707	0.4363323152	1.5707963705	0.0000000000	0.0000000000	0.0000000000
1.0926151173	0.7853981853	1.2217304707	0.4363323152	1.5707963705	0.0000000000	0.0000000000	0.0000000000
1.0967854040	0.7853981853	1.2217304707	0.4363323152	1.5707963705	0.0000000000	0.0000000000	0.0000000000
1.1009556907	0.7853981853	1.2217304707	0.4363323152	1.5707963705	0.0000000000	0.0000000000	0.0000000000
1.1051259774	0.7853981853	1.2217304707	0.4363323152	1.5707963705	0.0000000000	0.0000000000	0.0000000000
1.1092962641	0.7853981853	1.2217304707	0.4363323152	1.5707963705	0.0000000000	0.0000000000	0.0000000000
1.1134665508	0.7853981853	1.2217304707	0.4363323152	1.5707963705	0.0000000000	0.0000000000	0.0000000000
1.1176368375	0.7853981853	1.2217304707	0.4363323152	1.5707963705	0.0000000000	0.0000000000	0.0000000000
1.1218071242	0.7853981853	1.2217304707	0.4363323152	1.5707963705	0.0000000000	0.0000000000	0.0000000000
1.1259774109	0.7853981853	1.2217304707	0.4363323152	1.5707963705	0.0000000000	0.0000000000	0.0000000000
1.1301476977	0.7853981853	1.2217304707	0.4363323152	1.5707963705	0.0000000000	0.0000000000	0.0000000000
1.1343179844	0.7853981853	1.2217304707	0.4363323152	1.5707963705	0.0000000000	0.0000000000	0.0000000000
1.1384882711	0.7853981853	1.2217304707	0.4363323152	1.5707963705	0.0000000000	0.0000000000	0.0000000000
1.1426585578	0.7853981853	1.2217304707	0.4363323152	1.5707963705	0.0000000000	0.0000000000	0.0000000000
1.1468288445	0.7853981853	1.2217304707	0.4363323152	1.5707963705	0.0000000000	0.0000000000	0.0000000000
1.1509991312	0.7853981853	1.2217304707	0.4363323152	1.5707963705	0.0000000000	0.0000000000	0.0000000000
1.1551694179	0.7853981853	1.2217304707	0.4363323152	1.5707963705	0.0000000000	0.0000000000	0.0000000000
1.1593397046	0.7853981853	1.2217304707	0.4363323152	1.5707963705	0.0000000000	0.0000000000	0.0000000000
1.1635099913	0.7853981853	1.2217304707	0.4363323152	1.5707963705	0.0000000000	0.0000000000	0.0000000000
1.1676802780	0.7853981853	1.2217304707	0.4363323152	1.5707963705	0.0000000000	0.0000000000	0.0000000000
1.1718505647	0.7853981853	1.2217304707	0.4363323152	1.5707963705	0.0000000000	0.0000000000	0.0000000000
1.1760208514	0.7853981853	1.2217304707	0.4363323152	1.5707963705	0.0000000000	0.0000000000	0.0000000000
1.1801911381	0.7853981853	1.2217304707	0.4363323152	1.5707963705	0.0000000000	0.0000000000	0.0000000000
1.1843614248	0.7853981853	1.2217304707	0.4363323152	1.5707963705	0.0000000000	0.0000000000	0.0000000000
1.1885317116	0.7853981853	1.2217304707	0.4363323152	1.5707963705	0.0000000000	0.0000000000	0.0000000000
1.1927019983	0.7853981853	1.2217304707	0.4363323152	1.5707963705	0.0000000000	0.0000000000	0.0000000000
1.1968722850	0.7853981853	1.2217304707	0.4363323152	1.5707963705	0.0000000000	0.0000000000	0.0000000000
1.2010425717	0.7853981853	1.2217304707	0.4363323152	1.5707963705	0.0000000000	0.0000000000	0.0000000000
1.2052128584	0.7853981853	1.2217304707	0.4363323152	1.5707963705	0.0000000000	0.0000000000	0.0000000000
1.2093831451	0.7853981853	1.2217304707	0.4363323152	1.5707963705	0.0000000000	0.0000000000	0.0000000000
1.2135534318	0.7853981853	1.2217304707	0.4363323152	1.5707963705	0.0000000000	0.0000000000	0.0000000000
1.2177237185	0.7853981853	1.2217304707	0.4363323152	1.5707963705	0.0000000000	0.0000000000	0.0000000000
1.2218940052	0.7853981853	1.2217304707	0.4363323152	1.5707963705	0.0000000000	0.0000000000	0.0000000000
1.2260642919	0.7853981853	1.2217304707	0.4363323152	1.5707963705	0.0000000000	0.0000000000	0.0000000000
1.2302345786	0.7853981853	1.2217304707	0.4363323152	1.5707963705	0.0000000000	0.0000000000	0.0000000000
1.2344048653	0.7853981853	1.2217304707	0.4363323152	1.5707963705	0.0000000000	0.0000000000	0.0000000000
1.2385751520	0.7853981853	1.2217304707	0.4363323152	1.5707963705	0.0000000000	0.0000000000	0.0000000000
1.2427454387	0.7853981853	1.2217304707	0.4363323152	1.5707963705	0.0000000000	0.0000000000	0.0000000000
1.2469157255	0.7853981853	1.2217304707	0.4363323152	1.5707963705	0.0000000000	0.0000000000	0.0000000000
1.2510860122	0.7853981853	1.2217304707	0.4363323152	1.5707963705	0.0000000000	0.0000000000	0.0000000000
1.2552562989	0.7853981853	1.2217304707	0.4363323152	1.5707963705	0.0000000000	0.0000000000	0.0000000000
1.2594265856	0.7853981853	1.2217304707	0.4363323152	1.5707963705	0.0000000000	0.0000000000	0.0000000000
1.2635968723	0.7853981853	1.2217304707	0.4363323152	1.5707963705	0.0000000000	0.0000000000	0.0000000000
1.2677671590	0.7853981853	1.2217304707	0.4363323152	1.5707963705	0.0000000000	0.0000000000	0.0000000000
1.2719374457	0.7853981853	1.2217304707	0.4363323152	1.5707963705	0.0000000000	0.0000000000	0.0000000000
1.2761077324	0.7853981853	1.2217304707	0.4363323152	1.5707963705	0.0000000000	0.0000000000	0.0000000000
1.2802780191	0.7853981853	1.2217304707	0.4363323152	1.5707963705	0.0000000000	0.0000000000	0.0000000000
1.2844483058	0.7853981853	1.2217304707	0.4363323152	1.5707963705	0.0000000000	0.0000000000	0.0000000000
1.2886185925	0.7853981853	1.2217304707	0.4363323152	1.5707963705	0.0000000000	0.0000000000	0.0000000000
1.2927888792	0.7853981853	1.2217304707	0.4363323152	1.5707963705	0.0000000000	0.0000000000	0.0000000000
1.2969591659	0.7853981853	1.2217304707	0.4363323152	1.5707963705	0.0000000000	0.0000000000	0.0000000000
1.3011294526	0.7853981853	1.2217304707	0.4363323152	1.5707963705	0.0000000000	0.0000000000	0.0000000000
1.3052997394	0.7853981853	1.2217304707	0.4363323152	1.5707963705	0.0000000000	0.0000000000	0.0000000000
1.3094700261	0.7853981853	1.2217304707	0.4363323152	1.5707963705	0.0000000000	0.0000000000	0.0000000000
1.3136403128	0.7853981853	1.2217304707	0.4363323152	1.5707963705	0.0000000000	0.0000000000	0.0000000000
1.3178105995	0.7853981853	1.2217304707	0.4363323152	1.5707963705	0.0000000000	0.0000000000	0.0000000000
1.3219808862	0.7853981853	1.2217304707	0.4363323152	1.5707963705	0.0000000000	0.0000000000	0.0000000000
1.3261511729	0.7853981853	1.2217304707	0.4363323152	1.5707963705	0.0000000000	0.0000000000	0.0000000000
1.3303214596	0.7853981853	1.2217304707	0.4363323152	1.5707963705	0.0000000000	0.0000000000	0.0000000000
1.3344917463	0.7853981853	1.2217304707	0.4363323152	1.5707963705	0.0000000000	0.0000000000	0.0000000000
1.3386620330	0.7853981853	1.2217304707	0.4363323152	1.5707963705	0.0000000000	0.0000000000	0.0000000000
1.3428323197	0.7853981853	1.2217304707	0.4363323152	1.5707963705	0.0000000000	0.0000000000	0.0000000000
1.3470026064	0.7853981853	1.2217304707	0.4363323152	1.5707963705	0.0000000000	0.0000000000	0.0000000000
1.3511728931	0.7853981853	1.2217304707	0.4363323152	1.5707963705	0.0000000000	0.0000000000	0.0000000000
1.3553431798	0.7853981853	1.2217304707	0.4363323152	1.5707963705	0.0000000000	0.0000000000	0.0000000000
1.3595134666	0.7853981853	1.2217304707	0.4363323152	1.5707963705	0.0000000000	0.0000000000	0.0000000000
1.3636837533	0.7853981853	1.2217304707	0.4363323152	1.5707963705	0.0000000000	0.0000000000	0.0000000000
1.3678540400	0.7853981853	1.2217304707	0.4363323152	1.5707963705	0.0000000000	0.0000000000	0.0000000000
1.3720243267	0.7853981853	1.2217304707	0.4363323152	1.5707963705	0.0000000000	0.0000000000	0.0000000000
1.3761946134	0.7853981853	1.2217304707	0.4363323152	1.5707963705	0.0000000000	0.0000000000	0.0000000000
1.3803649001	0.7853981853	1.2217304707	0.4363323152	1.5707963705	0.0000000000	0.0000000000	0.0000000000
1.3845351868	0.7853981853	1.2217304707	0.4363323152	1.5707963705	0.0000000000	0.0000000000	0.0000000000
1.3887054735	0.7853981853	1.2217304707	0.4363323152	1.5707963705	0.0000000000	0.0000000000	0.0000000000
1.3928757602	0.7853981853	1.2217304707	0.4363323152	1.5707963705	0.0000000000	0.0000000000	0.0000000000
1.3970460469	0.7853981853	1.2217304707	0.4363323152	1.5707963705	0.0000000000	0.0000000000	0.0000000000
1.4012163336	0.7853981853	1.2217304707	0.4363323152	1.5707963705	0.0000000000	0.0000000000	0.0000000000
1.4053866203	0.7853981853	1.2217304707	0.4363323152	1.5707963705	0.0000000000	0.0000000000	0.0000000000
1.4095569070	0.7853981853	1.2217304707	0.4363323152	1.5707963705	0.0000000000	0.0000000000	0.0000000000
1.4137271937	0.7853981853	1.2217304707	0.4363323152	1.5707963705	0.0000000000	0.0000000000	0.0000000000
1.4178974805	0.7853981853	1.2217304707	0.4363323152	1.5707963705	0.0000000000	0.0000000000	0.0000000000
1.4220677672	0.7853981853	1.2217304707	0.4363323152	1.5707963705	0.0000000000	0.0000000000	0.0000000000
1.4262380539	0.7853981853	1.2217304707	0.4363323152	1.5707963705	0.0000000000	0.0000000000	0.0000000000
1.4304083406	0.7853981853	1.2217304707	0.4363323152	1.5707963705	0.0000000000	0.0000000000	0.0000000000
1.4345786273	0.7853981853	1.2217304707	0.4363323152	1.5707963705	0.0000000000	0.0000000000	0.0000000000
1.4387489140	0.7853981853	1.2217304707	0.4363323152	1.5707963705	0.0000000000	0.0000000000	0.0000000000
1.4429192007	0.7853981853	1.2217304707	0.4363323152	1.5707963705	0.0000000000	0.0000000000	0.0000000000
1.4470894874	0.7853981853	1.2217304707	0.4363323152	1.5707963705	0.0000000000	0.0000000000	0.0000000000
1.4512597741	0.7853981853	1.2217304707	0.4363323152	1.5707963705	0.0000000000	0.0000000000	0.0000000000
1.4554300608	0.7853981853	1.2217304707	0.4363323152	1.5707963705	0.0000000000	0.0000000000	0.0000000000
1.4596003475	0.7853981853	1.2217304707	0.4363323152	1.5707963705	0.0000000000	0.0000000000	0.0000000000
1.4637706342	0.7853981853	1.2217304707	0.4363323152	1.5707963705	0.0000000000	0.0000000000	0.0000000000
1.4679409209	0.7853981853	1.2217304707	0.4363323152	1.5707963705	0.0000000000	0.0000000000	0.0000000000
1.4721112076	0.7853981853	1.2217304707	0.4363323152	1.5707963705	0.0000000000	0.0000000000	0.0000000000
1.4762814944	0.7853981853	1.2217304707	0.4363323152	1.5707963705	0.0000000000	0.0000000000	0.0000000000
1.4804517811	0.7853981853	1.2217304707	0.4363323152	1.5707963705	0.0000000000	0.0000000000	0.0000000000
1.4846220678	0.7853981853	1.2217304707	0.4363323152	1.5707963705	0.0000000000	0.0000000000	0.0000000000
1.4887923545	0.7853981853	1.2217304707	0.4363323152	1.5707963705	0.0000000000	0.0000000000	0.0000000000
1.4929626412	0.7853981853	1.2217304707	0.4363323152	1.5707963705	0.0000000000	0.0000000000	0.0000000000
1.4971329279	0.7853981853	1.2217304707	0.4363323152	1.5707963705	0.0000000000	0.0000000000	0.0000000000
1.5013032146	0.7853981853	1.2217304707	0.4363323152	1.5707963705	0.0000000000	0.0000000000	0.0000000000
1.5054735013	0.7853981853	1.2217304707	0.4363323152	1.5707963705	0.0000000000	0.0000000000	0.0000000000
1.5096437880	0.7853981853	1.2217304707	0.4363323152	1.5707963705	0.0000000000	0.0000000000	0.0000000000
1.5138140747	0.7853981853	1.2217304707	0.4363323152	1.5707963705	0.0000000000	0.0000000000	0.0000000000
1.5179843614	0.7853981853	1.2217304707	0.4363323152	1.5707963705	0.0000000000	0.0000000000	0.0000000000
1.5221546481	0.7853981853	1.2217304707	0.4363323152	1.5707963705	0.0000000000	0.0000000000	0.0000000000
1.5263249348	0.7853981853	1.2217304707	0.4363323152	1.5707963705	0.0000000000	0.0000000000	0.0000000000
1.5304952215	0.7853981853	1.2217304707	0.4363323152	1.5707963705	0.0000000000	0.0000000000	0.0000000000
1.5346655083	0.7853981853	1.2217304707	0.4363323152	1.5707963705	0.0000000000	0.0000000000	0.0000000000
1.5388357950	0.7853981853	1.2217304707	0.4363323152	1.5707963705	0.0000000000	0.0000000000	0.0000000000
1.5430060817	0.7853981853	1.2217304707	0.4363323152	1.5707963705	0.0000000000	0.0000000000	0.0000000000
1.5471763684	0.7853981853	1.2217304707	0.4363323152	1.5707963705	0.0000000000	0.0000000000	0.0000000000
1.5513466551	0.7853981853	1.2217304707	0.4363323152	1.5707963705	0.0000000000	0.0000000000	0.0000000000
1.5555169418	0.7853981853	1.2217304707	0.4363323152	1.5707963705	0.0000000000	0.0000000000	0.0000000000
1.5596872285	0.7853981853	1.2217304707	0.4363323152	1.5707963705	0.0000000000	0.0000000000	0.0000000000
1.5638575152	0.7853981853	1.2217304707	0.4363323152	1.5707963705	0.0000000000	0.0000000000	0.0000000000
1.5680278019	0.7853981853	1.2217304707	0.4363323152	1.5707963705	0.0000000000	0.0000000000	0.0000000000
1.5721980886	0.7853981853	1.2217304707	0.4363323152	1.5707963705	0.0000000000	0.0000000000	0.0000000000
1.5763683753	0.7853981853	1.2217304707	0.4363323152	1.5707963705	0.0000000000	0.0000000000	0.0000000000
1.5805386620	0.7853981853	1.2217304707	0.4363323152	1.5707963705	0.0000000000	0.0000000000	0.0000000000
1.5847089487	0.7853981853	1.2217304707	0.4363323152	1.5707963705	0.0000000000	0.0000000000	0.0000000000
1.5888792354	0.7853981853	1.2217304707	0.4363323152	1.5707963705	0.0000000000	0.0000000000	0.0000000000
1.5930495222	0.7853981853	1.2217304707	0.4363323152	1.5707963705	0.0000000000	0.0000000000	0.0000000000
1.5972198089	0.7853981853	1.2217304707	0.4363323152	1.5707963705	0.0000000000	0.0000000000	0.0000000000
1.6013900956	0.7853981853	1.2217304707	0.4363323152	1.5707963705	0.0000000000	0.0000000000	0.0000000000
1.6055603823	0.7853981853	1.2217304707	0.4363323152	1.5707963705	0.0000000000	0.0000000000	0.0000000000
1.6097306690	0.7853981853	1.2217304707	0.4363323152	1.5707963705	0.0000000000	0.0000000000	0.0000000000
1.6139009557	0.7853981853	1.2217304707	0.4363323152	1.5707963705	0.0000000000	0.0000000000	0.0000000000
1.6180712424	0.7853981853	1.2217304707	0.4363323152	1.5707963705	0.0000000000	0.0000000000	0.0000000000
1.6222415291	0.7853981853	1.2217304707	0.4363323152	1.5707963705	0.0000000000	0.0000000000	0.0000000000
1.6264118158	0.7853981853	1.2217304707	0.4363323152	1.5707963705	0.0000000000	0.0000000000	0.0000000000
1.6305821025	0.7853981853	1.2217304707	0.4363323152	1.5707963705	0.0000000000	0.0000000000	0.0000000000
1.6347523892	0.7853981853	1.2217304707	0.4363323152	1.5707963705	0.0000000000	0.0000000000	0.0000000000
1.6389226759	0.7853981853	1.2217304707	0.4363323152	1.5707963705	0.0000000000	0.0000000000	0.0000000000
1.6430929626	0.7853981853	1.2217304707	0.4363323152	1.5707963705	0.0000000000	0.0000000000	0.0000000000
1.6472632493	0.7853981853	1.2217304707	0.4363323152	1.5707963705	0.0000000000	0.0000000000	0.0000000000
1.6514335361	0.7853981853	1.2217304707	0.4363323152	1.5707963705	0.0000000000	0.0000000000	0.0000000000
1.6556038228	0.7853972912	1.2217307091	0.4363323152	1.5707973242	0.0000000000	0.0000000000	0.0000000000
1.6597741095	0.7853917480	1.2217326164	0.4363323152	1.5708045959	0.0000000000	0.0000000000	0.0000000000
1.6639443962	0.7853769064	1.2217376232	0.4363323152	1.5708237886	0.0000000000	0.0000000000	0.0000000000
1.6681146829	0.7853484750	1.2217472792	0.4363323152	1.5708605051	0.0000000000	0.0000000000	0.0000000000
1.6722849696	0.7853024006	1.2217626572	0.4363323152	1.5709201097	0.0000000000	0.0000000000	0.0000000000
1.6764552563	0.7852346897	1.2217854261	0.4363323152	1.5710076094	0.0000000000	0.0000000000	0.0000000000
1.6806255430	0.7851420045	1.2218167782	0.4363323152	1.5711275339	0.0000000000	0.0000000000	0.0000000000
1.6847958297	0.7850209475	1.2218575478	0.4363323152	1.5712840557	0.0000000000	0.0000000000	0.0000000000
1.6889661164	0.7848681211	1.2219090462	0.4363323152	1.5714815855	0.0000000000	0.0000000000	0.0000000000
1.6931364031	0.7846807241	1.2219722271	0.4363323152	1.5717238188	0.0000000000	0.0000000000	0.0000000000
1.6973066898	0.7844560742	1.2220481634	0.4363323152	1.5720140934	0.0000000000	0.0000000000	0.0000000000
1.7014769765	0.7841915488	1.2221376896	0.4363323152	1.5723559856	0.0000000000	0.0000000000	0.0000000000
1.7056472632	0.7838848829	1.2222415209	0.4363323152	1.5727522373	0.0000000000	0.0000000000	0.0000000000
1.7098175500	0.7835339308	1.2223606110	0.4363323152	1.5732059479	0.0000000000	0.0000000000	0.0000000000
1.7139878367	0.7831367850	1.2224955559	0.4363323152	1.5737190247	0.0000000000	0.0000000000	0.0000000000
1.7181581234	0.7826918364	1.2226469517	0.4363323152	1.5742938519	0.0000000000	0.0000000000	0.0000000000
1.7223284101	0.7821972966	1.2228157520	0.4363323152	1.5749326944	0.0000000000	0.0000000000	0.0000000000
1.7264986968	0.7816520929	1.2230020761	0.4363323152	1.5756368637	0.0000000000	0.0000000000	0.0000000000
1.7306689835	0.7810547948	1.2232068777	0.4363323152	1.5764081478	0.0000000000	0.0000000000	0.0000000000
1.7348392702	0.7804045081	1.2234305143	0.4363323152	1.5772478580	0.0000000000	0.0000000000	0.0000000000
1.7390095569	0.7797005177	1.2236732244	0.4363323152	1.5781565905	0.0000000000	0.0000000000	0.0000000000
1.7431798436	0.7789420485	1.2239356041	0.4363323152	1.5791354179	0.0000000000	0.0000000000	0.0000000000
1.7473501303	0.7781286836	1.2242180109	0.4363323152	1.5801850557	0.0000000000	0.0000000000	0.0000000000
1.7515204170	0.7772600055	1.2245206833	0.4363323152	1.5813056231	0.0000000000	0.0000000000	0.0000000000
1.7556907037	0.7763358951	1.2248438597	0.4363323152	1.5824975967	0.0000000000	0.0000000000	0.0000000000
1.7598609904	0.7753563523	1.2251880169	0.4363323152	1.5837606192	0.0000000000	0.0000000000	0.0000000000
1.7640312772	0.7743214965	1.2255531549	0.4363323152	1.5850945711	0.0000000000	0.0000000000	0.0000000000
1.7682015639	0.7732315660	1.2259395123	0.4363323152	1.5864990950	0.0000000000	0.0000000000	0.0000000000
1.7723718506	0.7720870972	1.2263472080	0.4363323152	1.5879735947	0.0000000000	0.0000000000	0.0000000000
1.7765421373	0.7708884478	1.2267762423	0.4363323152	1.5895172358	0.0000000000	0.0000000000	0.0000000000
1.7807124240	0.7696363926	1.2272268534	0.4363323152	1.5911291838	0.0000000000	0.0000000000	0.0000000000
1.7848827107	0.7683317065	1.2276990414	0.4363323152	1.5928083658	0.0000000000	0.0000000000	0.0000000000
1.7890529974	0.7669753432	1.2281924486	0.4363323152	1.5945534706	0.0000000000	0.0000000000	0.0000000000
1.7932232841	0.7655683756	1.2287075520	0.4363323152	1.5963629484	0.0000000000	0.0000000000	0.0000000000
1.7973935708	0.7641118169	1.2292438745	0.4363323152	1.5982356071	0.0000000000	0.0000000000	0.0000000000
1.8015638575	0.7626070380	1.2298015356	0.4363323152	1.6001696587	0.0000000000	0.0000000000	0.0000000000
1.8057341442	0.7610553503	1.2303802967	0.4363323152	1.6021631956	0.0000000000	0.0000000000	0.0000000000
1.8099044309	0.7594581842	1.2309798002	0.4363323152	1.6042141914	0.0000000000	0.0000000000	0.0000000000
1.8140747176	0.7578170896	1.2315999269	0.4363323152	1.6063209772	0.0000000000	0.0000000000	0.0000000000
1.8182450043	0.7561336756	1.2322403193	0.4363323152	1.6084812880	0.0000000000	0.0000000000	0.0000000000
1.8224152911	0.7544096112	1.2329008579	0.4363323152	1.6106926203	0.0000000000	0.0000000000	0.0000000000
1.8265855778	0.7526469231	1.2335809469	0.4363323152	1.6129527092	0.0000000000	0.0000000000	0.0000000000
1.8307558645	0.7508472204	1.2342802286	0.4363323152	1.6152594090	0.0000000000	0.0000000000	0.0000000000
1.8349261512	0.7490124702	1.2349984646	0.4363323152	1.6176098585	0.0000000000	0.0000000000	0.0000000000
1.8390964379	0.7471447587	1.2357348204	0.4363323152	1.6200017929	0.0000000000	0.0000000000	0.0000000000
1.8432667246	0.7452460527	1.2364890575	0.4363323152	1.6224323511	0.0000000000	0.0000000000	0.0000000000
1.8474370113	0.7433185577	1.2372604609	0.4363323152	1.6248987913	0.0000000000	0.0000000000	0.0000000000
1.8516072980	0.7413643003	1.2380484343	0.4363323152	1.6273983717	0.0000000000	0.0000000000	0.0000000000
1.8557775847	0.7393855453	1.2388526201	0.4363323152	1.6299283504	0.0000000000	0.0000000000	0.0000000000
1.8599478714	0.7373844981	1.2396718264	0.4363323152	1.6324856281	0.0000000000	0.0000000000	0.0000000000
1.8641181581	0.7353634238	1.2405055761	0.4363323152	1.6350674629	0.0000000000	0.0000000000	0.0000000000
1.8682884448	0.7333247066	1.2413532734	0.4363323152	1.6376709938	0.0000000000	0.0000000000	0.0000000000
1.8724587315	0.7312705517	1.2422138453	0.4363323152	1.6402931213	0.0000000000	0.0000000000	0.0000000000
1.8766290182	0.7292034030	1.2430866957	0.4363323152	1.6429308653	0.0000000000	0.0000000000	0.0000000000
1.8807993050	0.7271255851	1.2439707518	0.4363323152	1.6455811262	0.0000000000	0.0000000000	0.0000000000
1.8849695917	0.7250394821	1.2448650599	0.4363323152	1.6482409239	0.0000000000	0.0000000000	0.0000000000
1.8891398784	0.7229474187	1.2457689047	0.4363323152	1.6509072781	0.0000000000	0.0000000000	0.0000000000
1.8933101651	0.7208518982	1.2466812134	0.4363323152	1.6535772085	0.0000000000	0.0000000000	0.0000000000
1.8974804518	0.7187551856	1.2476009130	0.4363323152	1.6562477350	0.0000000000	0.0000000000	0.0000000000
1.9016507385	0.7166597843	1.2485269308	0.4363323152	1.6589155197	0.0000000000	0.0000000000	0.0000000000
1.9058210252	0.7145680189	1.2494583130	0.4363323152	1.6615779400	0.0000000000	0.0000000000	0.0000000000
1.9099913119	0.7124821544	1.2503941059	0.4363323152	1.6642317772	0.0000000000	0.0000000000	0.0000000000
1.9141615986	0.7104046941	1.2513328791	0.4363323152	1.6668741703	0.0000000000	0.0000000000	0.0000000000
1.9183318853	0.7083377838	1.2522734404	0.4363323152	1.6695021391	0.0000000000	0.0000000000	0.0000000000
1.9225021720	0.7062839270	1.2532150745	0.4363323152	1.6721128225	0.0000000000	0.0000000000	0.0000000000
1.9266724587	0.7042452693	1.2541563511	0.4363323152	1.6747035980	0.0000000000	0.0000000000	0.0000000000
1.9308427454	0.7022238970	1.2550959587	0.4363323152	1.6772713661	0.0000000000	0.0000000000	0.0000000000
1.9350130321	0.7002222538	1.2560329437	0.4363323152	1.6798135042	0.0000000000	0.0000000000	0.0000000000
1.9391833189	0.6982424855	1.2569659948	0.4363323152	1.6823271513	0.0000000000	0.0000000000	0.0000000000
1.9433536056	0.6962866187	1.2578938007	0.4363323152	1.6848096848	0.0000000000	0.0000000000	0.0000000000
1.9475238923	0.6943566799	1.2588154078	0.4363323152	1.6872588396	0.0000000000	0.0000000000	0.0000000000
1.9516941790	0.6924547553	1.2597293854	0.4363323152	1.6896718740	0.0000000000	0.0000000000	0.0000000000
1.9558644657	0.6905827522	1.2606347799	0.4363323152	1.6920461655	0.0000000000	0.0000000000	0.0000000000
1.9600347524	0.6887426972	1.2615299225	0.4363323152	1.6943796873	0.0000000000	0.0000000000	0.0000000000
1.9642050391	0.6869363785	1.2624140978	0.4363323152	1.6966698170	0.0000000000	0.0000000000	0.0000000000
1.9683753258	0.6851654053	1.2632859945	0.4363323152	1.6989146471	0.0000000000	0.0000000000	0.0000000000
1.9725456125	0.6834318042	1.2641445398	0.4363323152	1.7011116743	0.0000000000	0.0000000000	0.0000000000
1.9767158992	0.6817370057	1.2649883032	0.4363323152	1.7032589912	0.0000000000	0.0000000000	0.0000000000
1.9808861859	0.6800825596	1.2658165693	0.4363323152	1.7053549290	0.0000000000	0.0000000000	0.0000000000
1.9850564726	0.6784701347	1.2666280270	0.4363323152	1.7073973417	0.0000000000	0.0000000000	0.0000000000
1.9892267593	0.6769009829	1.2674216032	0.4363323152	1.7093845606	0.0000000000	0.0000000000	0.0000000000
1.9933970460	0.6753765345	1.2681964636	0.4363323152	1.7113147974	0.0000000000	0.0000000000	0.0000000000
1.9975673328	0.6738979220	1.2689515352	0.4363323152	1.7131867409	0.0000000000	0.0000000000	0.0000000000
2.0017376195	0.6724663973	1.2696859837	0.4363323152	1.7149987221	0.0000000000	0.0000000000	0.0000000000
2.0059079062	0.6710830331	1.2703989744	0.4363323152	1.7167497873	0.0000000000	0.0000000000	0.0000000000
2.0100781929	0.6697486639	1.2710893154	0.4363323152	1.7184383869	0.0000000000	0.0000000000	0.0000000000
2.0142484796	0.6684643626	1.2717567682	0.4363323152	1.7200634480	0.0000000000	0.0000000000	0.0000000000
2.0184187663	0.6672307253	1.2724002600	0.4363323152	1.7216242552	0.0000000000	0.0000000000	0.0000000000
2.0225890530	0.6660484076	1.2730193138	0.4363323152	1.7231199741	0.0000000000	0.0000000000	0.0000000000
2.0267593397	0.6649180055	1.2736133337	0.4363323152	1.7245498896	0.0000000000	0.0000000000	0.0000000000
2.0309296264	0.6638399959	1.2741817236	0.4363323152	1.7259134054	0.0000000000	0.0000000000	0.0000000000
2.0350999131	0.6628147364	1.2747240067	0.4363323152	1.7272101641	0.0000000000	0.0000000000	0.0000000000
2.0392701998	0.6618422270	1.2752400637	0.4363323152	1.7284399271	0.0000000000	0.0000000000	0.0000000000
2.0434404865	0.6609227657	1.2757292986	0.4363323152	1.7296025753	0.0000000000	0.0000000000	0.0000000000
2.0476107732	0.6600561738	1.2761917114	0.4363323152	1.7306983471	0.0000000000	0.0000000000	0.0000000000
2.0517810599	0.6592423320	1.2766270638	0.4363323152	1.7317272425	0.0000000000	0.0000000000	0.0000000000
2.0559513467	0.6584809422	1.2770352364	0.4363323152	1.7326898575	0.0000000000	0.0000000000	0.0000000000
2.0601216334	0.6577717066	1.2774163485	0.4363323152	1.7335865498	0.0000000000	0.0000000000	0.0000000000
2.0642919201	0.6571136713	1.2777707577	0.4363323152	1.7344182730	0.0000000000	0.0000000000	0.0000000000
2.0684622068	0.6565064788	1.2780983448	0.4363323152	1.7351859808	0.0000000000	0.0000000000	0.0000000000
2.0726324935	0.6559491158	1.2783995867	0.4363323152	1.7358905077	0.0000000000	0.0000000000	0.0000000000
2.0768027802	0.6554405689	1.2786748409	0.4363323152	1.7365330458	0.0000000000	0.0000000000	0.0000000000
2.0809730669	0.6549795866	1.2789248228	0.4363323152	1.7371157408	0.0000000000	0.0000000000	0.0000000000
2.0851433536	0.6545649767	1.2791497707	0.4363323152	1.7376397848	0.0000000000	0.0000000000	0.0000000000
2.0893136403	0.6541951895	1.2793508768	0.4363323152	1.7381072044	0.0000000000	0.0000000000	0.0000000000
2.0934839270	0.6538684368	1.2795284986	0.4363323152	1.7385200262	0.0000000000	0.0000000000	0.0000000000
2.0976542137	0.6535830498	1.2796839476	0.4363323152	1.7388806343	0.0000000000	0.0000000000	0.0000000000
2.1018245004	0.6533370018	1.2798181772	0.4363323152	1.7391917706	0.0000000000	0.0000000000	0.0000000000
2.1059947871	0.6531280875	1.2799320221	0.4363323152	1.7394558191	0.0000000000	0.0000000000	0.0000000000
2.1101650738	0.6529537439	1.2800270319	0.4363323152	1.7396759987	0.0000000000	0.0000000000	0.0000000000
2.1143353606	0.6528117657	1.2801046371	0.4363323152	1.7398555279	0.0000000000	0.0000000000	0.0000000000
2.1185056473	0.6526991725	1.2801660299	0.4363323152	1.7399977446	0.0000000000	0.0000000000	0.0000000000
2.1226759340	0.6526129842	1.2802132368	0.4363323152	1.7401067019	0.0000000000	0.0000000000	0.0000000000
2.1268462207	0.6525501013	1.2802475691	0.4363323152	1.7401860952	0.0000000000	0.0000000000	0.0000000000
2.1310165074	0.6525073051	1.2802710533	0.4363323152	1.7402402163	0.0000000000	0.0000000000	0.0000000000
2.1351867941	0.6524808407	1.2802853584	0.4363323152	1.7402735949	0.0000000000	0.0000000000	0.0000000000
2.1393570808	0.6524670720	1.2802929878	0.4363323152	1.7402908802	0.0000000000	0.0000000000	0.0000000000
2.1435273675	0.6524619460	1.2802957296	0.4363323152	1.7402975559	0.0000000000	0.0000000000	0.0000000000
2.1476976542	0.6524611712	1.2802962065	0.4363323152	1.7402985096	0.0000000000	0.0000000000	0.0000000000
2.1518679409	0.6524611712	1.2802962065	0.4363323152	1.7402985096	0.0000000000	0.0000000000	0.0000000000
2.1560382276	0.6524611712	1.2802962065	0.4363323152	1.7402985096	0.0000000000	0.0000000000	0.0000000000
2.1602085143	0.6524611712	1.2802962065	0.4363323152	1.7402985096	0.0000000000	0.0000000000	0.0000000000
2.1643788010	0.6524611712	1.2802962065	0.4363323152	1.7402985096	0.0000000000	0.0000000000	0.0000000000
2.1685490877	0.6524611712	1.2802962065	0.4363323152	1.7402985096	0.0000000000	0.0000000000	0.0000000000
2.1727193745	0.6524611712	1.2802962065	0.4363323152	1.7402985096	0.0000000000	0.0000000000	0.0000000000
2.1768896612	0.6524611712	1.2802962065	0.4363323152	1.7402985096	0.0000000000	0.0000000000	0.0000000000
2.1810599479	0.6524611712	1.2802962065	0.4363323152	1.7402985096	0.0000000000	0.0000000000	0.0000000000
2.1852302346	0.6524611712	1.2802962065	0.4363323152	1.7402985096	0.0000000000	0.0000000000	0.0000000000
2.1894005213	0.6524611712	1.2802962065	0.4363323152	1.7402985096	0.0000000000	0.0000000000	0.0000000000
2.1935708080	0.6524611712	1.2802962065	0.4363323152	1.7402985096	0.0000000000	0.0000000000	0.0000000000
2.1977410947	0.6524611712	1.2802962065	0.4363323152	1.7402985096	0.0000000000	0.0000000000	0.0000000000
2.2019113814	0.6524611712	1.2802962065	0.4363323152	1.7402985096	0.0000000000	0.0000000000	0.0000000000
2.2060816681	0.6524611712	1.2802962065	0.4363323152	1.7402985096	0.0000000000	0.0000000000	0.0000000000
2.2102519548	0.6524611712	1.2802962065	0.4363323152	1.7402985096	0.0000000000	0.0000000000	0.0000000000
2.2144222415	0.6524611712	1.2802962065	0.4363323152	1.7402985096	0.0000000000	0.0000000000	0.0000000000
2.2185925282	0.6524611712	1.2802962065	0.4363323152	1.7402985096	0.0000000000	0.0000000000	0.0000000000
2.2227628149	0.6524611712	1.2802962065	0.4363323152	1.7402985096	0.0000000000	0.0000000000	0.0000000000
2.2269331017	0.6524611712	1.2802962065	0.4363323152	1.7402985096	0.0000000000	0.0000000000	0.0000000000
2.2311033884	0.6524611712	1.2802962065	0.4363323152	1.7402985096	0.0000000000	0.0000000000	0.0000000000
2.2352736751	0.6524611712	1.2802962065	0.4363323152	1.7402985096	0.0000000000	0.0000000000	0.0000000000
2.2394439618	0.6524611712	1.2802962065	0.4363323152	1.7402985096	0.0000000000	0.0000000000	0.0000000000
2.2436142485	0.6524611712	1.2802962065	0.4363323152	1.7402985096	0.0000000000	0.0000000000	0.0000000000
2.2477845352	0.6524611712	1.2802962065	0.4363323152	1.7402985096	0.0000000000	0.0000000000	0.0000000000
2.2519548219	0.6524611712	1.2802962065	0.4363323152	1.7402985096	0.0000000000	0.0000000000	0.0000000000
2.2561251086	0.6524611712	1.2802962065	0.4363323152	1.7402985096	0.0000000000	0.0000000000	0.0000000000
2.2602953953	0.6524611712	1.2802962065	0.4363323152	1.7402985096	0.0000000000	0.0000000000	0.0000000000
2.2644656820	0.6524611712	1.2802962065	0.4363323152	1.7402985096	0.0000000000	0.0000000000	0.0000000000
2.2686359687	0.6524611712	1.2802962065	0.4363323152	1.7402985096	0.0000000000	0.0000000000	0.0000000000
2.2728062554	0.6524611712	1.2802962065	0.4363323152	1.7402985096	0.0000000000	0.0000000000	0.0000000000
2.2769765421	0.6524611712	1.2802962065	0.4363323152	1.7402985096	0.0000000000	0.0000000000	0.0000000000
2.2811468288	0.6524611712	1.2802962065	0.4363323152	1.7402985096	0.0000000000	0.0000000000	0.0000000000
2.2853171156	0.6524611712	1.2802962065	0.4363323152	1.7402985096	0.0000000000	0.0000000000	0.0000000000
2.2894874023	0.6524611712	1.2802962065	0.4363323152	1.7402985096	0.0000000000	0.0000000000	0.0000000000
2.2936576890	0.6524611712	1.2802962065	0.4363323152	1.7402985096	0.0000000000	0.0000000000	0.0000000000
2.2978279757	0.6524611712	1.2802962065	0.4363323152	1.7402985096	0.0000000000	0.0000000000	0.0000000000
2.3019982624	0.6524611712	1.2802962065	0.4363323152	1.7402985096	0.0000000000	0.0000000000	0.0000000000
2.3061685491	0.6524611712	1.2802962065	0.4363323152	1.7402985096	0.0000000000	0.0000000000	0.0000000000
2.3103388358	0.6524611712	1.2802962065	0.4363323152	1.7402985096	0.0000000000	0.0000000000	0.0000000000
2.3145091225	0.6524611712	1.2802962065	0.4363323152	1.7402985096	0.0000000000	0.0000000000	0.0000000000
2.3186794092	0.6524611712	1.2802962065	0.4363323152	1.7402985096	0.0000000000	0.0000000000	0.0000000000
2.3228496959	0.6524611712	1.2802962065	0.4363323152	1.7402985096	0.0000000000	0.0000000000	0.0000000000
2.3270199826	0.6524611712	1.2802962065	0.4363323152	1.7402985096	0.0000000000	0.0000000000	0.0000000000
2.3311902693	0.6524611712	1.2802962065	0.4363323152	1.7402985096	0.0000000000	0.0000000000	0.0000000000
2.3353605560	0.6524611712	1.2802962065	0.4363323152	1.7402985096	0.0000000000	0.0000000000	0.0000000000
2.3395308427	0.6524611712	1.2802962065	0.4363323152	1.7402985096	0.0000000000	0.0000000000	0.0000000000
2.3437011295	0.6524611712	1.2802962065	0.4363323152	1.7402985096	0.0000000000	0.0000000000	0.0000000000
2.3478714162	0.6524611712	1.2802962065	0.4363323152	1.7402985096	0.0000000000	0.0000000000	0.0000000000
2.3520417029	0.6524611712	1.2802962065	0.4363323152	1.7402985096	0.0000000000	0.0000000000	0.0000000000
2.3562119896	0.6524611712	1.2802962065	0.4363323152	1.7402985096	0.0000000000	0.0000000000	0.0000000000
2.3603822763	0.6524611712	1.2802962065	0.4363323152	1.7402985096	0.0000000000	0.0000000000	0.0000000000
2.3645525630	0.6524611712	1.2802962065	0.4363323152	1.7402985096	0.0000000000	0.0000000000	0.0000000000
2.3687228497	0.6524611712	1.2802962065	0.4363323152	1.7402985096	0.0000000000	0.0000000000	0.0000000000
2.3728931364	0.6524611712	1.2802962065	0.4363323152	1.7402985096	0.0000000000	0.0000000000	0.0000000000
2.3770634231	0.6524611712	1.2802962065	0.4363323152	1.7402985096	0.0000000000	0.0000000000	0.0000000000
2.3812337098	0.6524611712	1.2802962065	0.4363323152	1.7402985096	0.0000000000	0.0000000000	0.0000000000
2.3854039965	0.6524611712	1.2802962065	0.4363323152	1.7402985096	0.0000000000	0.0000000000	0.0000000000
2.3895742832	0.6524611712	1.2802962065	0.4363323152	1.7402985096	0.0000000000	0.0000000000	0.0000000000
2.3937445699	0.6524611712	1.2802962065	0.4363323152	1.7402985096	0.0000000000	0.0000000000	0.0000000000
2.3979148566	0.6524611712	1.2802962065	0.4363323152	1.7402985096	0.0000000000	0.0000000000	0.0000000000
2.4020851434	0.6524611712	1.2802962065	0.4363323152	1.7402985096	0.0000000000	0.0000000000	0.0000000000
2.4062554301	0.6524611712	1.2802962065	0.4363323152	1.7402985096	0.0000000000	0.0000000000	0.0000000000
2.4104257168	0.6524611712	1.2802962065	0.4363323152	1.7402985096	0.0000000000	0.0000000000	0.0000000000
2.4145960035	0.6524611712	1.2802962065	0.4363323152	1.7402985096	0.0000000000	0.0000000000	0.0000000000
2.4187662902	0.6524611712	1.2802962065	0.4363323152	1.7402985096	0.0000000000	0.0000000000	0.0000000000
2.4229365769	0.6524611712	1.2802962065	0.4363323152	1.7402985096	0.0000000000	0.0000000000	0.0000000000
2.4271068636	0.6524611712	1.2802962065	0.4363323152	1.7402985096	0.0000000000	0.0000000000	0.0000000000
2.4312771503	0.6524611712	1.2802962065	0.4363323152	1.7402985096	0.0000000000	0.0000000000	0.0000000000
2.4354474370	0.6524611712	1.2802962065	0.4363323152	1.7402985096	0.0000000000	0.0000000000	0.0000000000
2.4396177237	0.6524611712	1.2802962065	0.4363323152	1.7402985096	0.0000000000	0.0000000000	0.0000000000
2.4437880104	0.6524611712	1.2802962065	0.4363323152	1.7402985096	0.0000000000	0.0000000000	0.0000000000
2.4479582971	0.6524611712	1.2802962065	0.4363323152	1.7402985096	0.0000000000	0.0000000000	0.0000000000
2.4521285838	0.6524611712	1.2802962065	0.4363323152	1.7402985096	0.0000000000	0.0000000000	0.0000000000
2.4562988705	0.6524611712	1.2802962065	0.4363323152	1.7402985096	0.0000000000	0.0000000000	0.0000000000
2.4604691573	0.6524611712	1.2802962065	0.4363323152	1.7402985096	0.0000000000	0.0000000000	0.0000000000
2.4646394440	0.6524611712	1.2802962065	0.4363323152	1.7402985096	0.0000000000	0.0000000000	0.0000000000
2.4688097307	0.6524611712	1.2802962065	0.4363323152	1.7402985096	0.0000000000	0.0000000000	0.0000000000
2.4729800174	0.6524611712	1.2802962065	0.4363323152	1.7402985096	0.0000000000	0.0000000000	0.0000000000
2.4771503041	0.6524611712	1.2802962065	0.4363323152	1.7402985096	0.0000000000	0.0000000000	0.0000000000
2.4813205908	0.6524611712	1.2802962065	0.4363323152	1.7402985096	0.0000000000	0.0000000000	0.0000000000
2.4854908775	0.6524611712	1.2802962065	0.4363323152	1.7402985096	0.0000000000	0.0000000000	0.0000000000
2.4896611642	0.6524611712	1.2802962065	0.4363323152	1.7402985096	0.0000000000	0.0000000000	0.0000000000
2.4938314509	0.6524611712	1.2802962065	0.4363323152	1.7402985096	0.0000000000	0.0000000000	0.0000000000
2.4980017376	0.6524611712	1.2802962065	0.4363323152	1.7402985096	0.0000000000	0.0000000000	0.0000000000
2.5021720243	0.6524611712	1.2802962065	0.4363323152	1.7402985096	0.0000000000	0.0000000000	0.0000000000
2.5063423110	0.6524611712	1.2802962065	0.4363323152	1.7402985096	0.0000000000	0.0000000000	0.0000000000
2.5105125977	0.6524611712	1.2802962065	0.4363323152	1.7402985096	0.0000000000	0.0000000000	0.0000000000
2.5146828844	0.6524611712	1.2802962065	0.4363323152	1.7402985096	0.0000000000	0.0000000000	0.0000000000
2.5188531712	0.6524611712	1.2802962065	0.4363323152	1.7402985096	0.0000000000	0.0000000000	0.0000000000
2.5230234579	0.6524611712	1.2802962065	0.4363323152	1.7402985096	0.0000000000	0.0000000000	0.0000000000
2.5271937446	0.6524611712	1.2802962065	0.4363323152	1.7402985096	0.0000000000	0.0000000000	0.0000000000
2.5313640313	0.6524611712	1.2802962065	0.4363323152	1.7402985096	0.0000000000	0.0000000000	0.0000000000
2.5355343180	0.6524611712	1.2802962065	0.4363323152	1.7402985096	0.0000000000	0.0000000000	0.0000000000
2.5397046047	0.6524611712	1.2802962065	0.4363323152	1.7402985096	0.0000000000	0.0000000000	0.0000000000
2.5438748914	0.6524611712	1.2802962065	0.4363323152	1.7402985096	0.0000000000	0.0000000000	0.0000000000
2.5480451781	0.6524611712	1.2802962065	0.4363323152	1.7402985096	0.0000000000	0.0000000000	0.0000000000
2.5522154648	0.6524611712	1.2802962065	0.4363323152	1.7402985096	0.0000000000	0.0000000000	0.0000000000
2.5563857515	0.6524611712	1.2802962065	0.4363323152	1.7402985096	0.0000000000	0.0000000000	0.0000000000
2.5605560382	0.6524611712	1.2802962065	0.4363323152	1.7402985096	0.0000000000	0.0000000000	0.0000000000
2.5647263249	0.6524611712	1.2802962065	0.4363323152	1.7402985096	0.0000000000	0.0000000000	0.0000000000
2.5688966116	0.6524611712	1.2802962065	0.4363323152	1.7402985096	0.0000000000	0.0000000000	0.0000000000
2.5730668983	0.6524611712	1.2802962065	0.4363323152	1.7402985096	0.0000000000	0.0000000000	0.0000000000
2.5772371851	0.6524611712	1.2802962065	0.4363323152	1.7402985096	0.0000000000	0.0000000000	0.0000000000
2.5814074718	0.6524611712	1.2802962065	0.4363323152	1.7402985096	0.0000000000	0.0000000000	0.0000000000
2.5855777585	0.6524611712	1.2802962065	0.4363323152	1.7402985096	0.0000000000	0.0000000000	0.0000000000
2.5897480452	0.6524611712	1.2802962065	0.4363323152	1.7402985096	0.0000000000	0.0000000000	0.0000000000
2.5939183319	0.6524611712	1.2802962065	0.4363323152	1.7402985096	0.0000000000	0.0000000000	0.0000000000
2.5980886186	0.6524611712	1.2802962065	0.4363323152	1.7402985096	0.0000000000	0.0000000000	0.0000000000
2.6022589053	0.6524611712	1.2802962065	0.4363323152	1.7402985096	0.0000000000	0.0000000000	0.0000000000
2.6064291920	0.6524611712	1.2802962065	0.4363323152	1.7402985096	0.0000000000	0.0000000000	0.0000000000
2.6105994787	0.6524611712	1.2802962065	0.4363323152	1.7402985096	0.0000000000	0.0000000000	0.0000000000
2.6147697654	0.6524611712	1.2802962065	0.4363323152	1.7402985096	0.0000000000	0.0000000000	0.0000000000
2.6189400521	0.6524611712	1.2802962065	0.4363323152	1.7402985096	0.0000000000	0.0000000000	0.0000000000
2.6231103388	0.6524611712	1.2802962065	0.4363323152	1.7402985096	0.0000000000	0.0000000000	0.0000000000
2.6272806255	0.6524611712	1.2802962065	0.4363323152	1.7402985096	0.0000000000	0.0000000000	0.0000000000
2.6314509123	0.6524611712	1.2802962065	0.4363323152	1.7402985096	0.0000000000	0.0000000000	0.0000000000
2.6356211990	0.6524611712	1.2802962065	0.4363323152	1.7402985096	0.0000000000	0.0000000000	0.0000000000
2.6397914857	0.6524611712	1.2802962065	0.4363323152	1.7402985096	0.0000000000	0.0000000000	0.0000000000
2.6439617724	0.6524611712	1.2802962065	0.4363323152	1.7402985096	0.0000000000	0.0000000000	0.0000000000
2.6481320591	0.6524611712	1.2802962065	0.4363323152	1.7402985096	0.0000000000	0.0000000000	0.0000000000
2.6523023458	0.6524611712	1.2802962065	0.4363323152	1.7402985096	0.0000000000	0.0000000000	0.0000000000
2.6564726325	0.6524619460	1.2802957296	0.4363323152	1.7402975559	0.0000000000	0.0000000000	0.0000000000
2.6606429192	0.6524670720	1.2802929878	0.4363323152	1.7402908802	0.0000000000	0.0000000000	0.0000000000
2.6648132059	0.6524808407	1.2802853584	0.4363323152	1.7402735949	0.0000000000	0.0000000000	0.0000000000
2.6689834926	0.6525073051	1.2802710533	0.4363323152	1.7402402163	0.0000000000	0.0000000000	0.0000000000
2.6731537793	0.6525501013	1.2802475691	0.4363323152	1.7401860952	0.0000000000	0.0000000000	0.0000000000
2.6773240660	0.6526129842	1.2802132368	0.4363323152	1.7401067019	0.0000000000	0.0000000000	0.0000000000
2.6814943527	0.6526991725	1.2801660299	0.4363323152	1.7399977446	0.0000000000	0.0000000000	0.0000000000
2.6856646394	0.6528117657	1.2801046371	0.4363323152	1.7398555279	0.0000000000	0.0000000000	0.0000000000
2.6898349262	0.6529537439	1.2800270319	0.4363323152	1.7396759987	0.0000000000	0.0000000000	0.0000000000
2.6940052129	0.6531280875	1.2799320221	0.4363323152	1.7394558191	0.0000000000	0.0000000000	0.0000000000
2.6981754996	0.6533370018	1.2798181772	0.4363323152	1.7391917706	0.0000000000	0.0000000000	0.0000000000
2.7023457863	0.6535830498	1.2796839476	0.4363323152	1.7388806343	0.0000000000	0.0000000000	0.0000000000
2.7065160730	0.6538684368	1.2795284986	0.4363323152	1.7385200262	0.0000000000	0.0000000000	0.0000000000
2.7106863597	0.6541951895	1.2793508768	0.4363323152	1.7381072044	0.0000000000	0.0000000000	0.0000000000
2.7148566464	0.6545649767	1.2791497707	0.4363323152	1.7376397848	0.0000000000	0.0000000000	0.0000000000
2.7190269331	0.6549795866	1.2789248228	0.4363323152	1.7371157408	0.0000000000	0.0000000000	0.0000000000
2.7231972198	0.6554405689	1.2786748409	0.4363323152	1.7365330458	0.0000000000	0.0000000000	0.0000000000
2.7273675065	0.6559491158	1.2783995867	0.4363323152	1.7358905077	0.0000000000	0.0000000000	0.0000000000
2.7315377932	0.6565064788	1.2780983448	0.4363323152	1.7351859808	0.0000000000	0.0000000000	0.0000000000
2.7357080799	0.6571136713	1.2777707577	0.4363323152	1.7344182730	0.0000000000	0.0000000000	0.0000000000
2.7398783666	0.6577717066	1.2774163485	0.4363323152	1.7335865498	0.0000000000	0.0000000000	0.0000000000
2.7440486533	0.6584809422	1.2770352364	0.4363323152	1.7326898575	0.0000000000	0.0000000000	0.0000000000
2.7482189401	0.6592423320	1.2766270638	0.4363323152	1.7317272425	0.0000000000	0.0000000000	0.0000000000
2.7523892268	0.6600561738	1.2761917114	0.4363323152	1.7306983471	0.0000000000	0.0000000000	0.0000000000
2.7565595135	0.6609227657	1.2757292986	0.4363323152	1.7296025753	0.0000000000	0.0000000000	0.0000000000
2.7607298002	0.6618422270	1.2752400637	0.4363323152	1.7284399271	0.0000000000	0.0000000000	0.0000000000
2.7649000869	0.6628147364	1.2747240067	0.4363323152	1.7272101641	0.0000000000	0.0000000000	0.0000000000
2.7690703736	0.6638399959	1.2741817236	0.4363323152	1.7259134054	0.0000000000	0.0000000000	0.0000000000
2.7732406603	0.6649180055	1.2736133337	0.4363323152	1.7245498896	0.0000000000	0.0000000000	0.0000000000
2.7774109470	0.6660484076	1.2730193138	0.4363323152	1.7231199741	0.0000000000	0.0000000000	0.0000000000
2.7815812337	0.6672307253	1.2724002600	0.4363323152	1.7216242552	0.0000000000	0.0000000000	0.0000000000
2.7857515204	0.6684643626	1.2717567682	0.4363323152	1.7200634480	0.0000000000	0.0000000000	0.0000000000
2.7899218071	0.6697486639	1.2710893154	0.4363323152	1.7184383869	0.0000000000	0.0000000000	0.0000000000
2.7940920938	0.6710830331	1.2703989744	0.4363323152	1.7167497873	0.0000000000	0.0000000000	0.0000000000
2.7982623805	0.6724663973	1.2696859837	0.4363323152	1.7149987221	0.0000000000	0.0000000000	0.0000000000
2.8024326672	0.6738979220	1.2689515352	0.4363323152	1.7131867409	0.0000000000	0.0000000000	0.0000000000
2.8066029540	0.6753765345	1.2681964636	0.4363323152	1.7113147974	0.0000000000	0.0000000000	0.0000000000
2.8107732407	0.6769009829	1.2674216032	0.4363323152	1.7093845606	0.0000000000	0.0000000000	0.0000000000
2.8149435274	0.6784701347	1.2666280270	0.4363323152	1.7073973417	0.0000000000	0.0000000000	0.0000000000
2.8191138141	0.6800825596	1.2658165693	0.4363323152	1.7053549290	0.0000000000	0.0000000000	0.0000000000
2.8232841008	0.6817370057	1.2649883032	0.4363323152	1.7032589912	0.0000000000	0.0000000000	0.0000000000
2.8274543875	0.6834318042	1.2641445398	0.4363323152	1.7011116743	0.0000000000	0.0000000000	0.0000000000
2.8316246742	0.6851654053	1.2632859945	0.4363323152	1.6989146471	0.0000000000	0.0000000000	0.0000000000
2.8357949609	0.6869363785	1.2624140978	0.4363323152	1.6966698170	0.0000000000	0.0000000000	0.0000000000
2.8399652476	0.6887426972	1.2615299225	0.4363323152	1.6943796873	0.0000000000	0.0000000000	0.0000000000
2.8441355343	0.6905827522	1.2606347799	0.4363323152	1.6920461655	0.0000000000	0.0000000000	0.0000000000
2.8483058210	0.6924547553	1.2597293854	0.4363323152	1.6896718740	0.0000000000	0.0000000000	0.0000000000
2.8524761077	0.6943566799	1.2588154078	0.4363323152	1.6872588396	0.0000000000	0.0000000000	0.0000000000
2.8566463944	0.6962866187	1.2578938007	0.4363323152	1.6848096848	0.0000000000	0.0000000000	0.0000000000
2.8608166811	0.6982424855	1.2569659948	0.4363323152	1.6823271513	0.0000000000	0.0000000000	0.0000000000
2.8649869679	0.7002222538	1.2560329437	0.4363323152	1.6798135042	0.0000000000	0.0000000000	0.0000000000
2.8691572546	0.7022238970	1.2550959587	0.4363323152	1.6772713661	0.0000000000	0.0000000000	0.0000000000
2.8733275413	0.7042452693	1.2541563511	0.4363323152	1.6747035980	0.0000000000	0.0000000000	0.0000000000
2.8774978280	0.7062839270	1.2532150745	0.4363323152	1.6721128225	0.0000000000	0.0000000000	0.0000000000
2.8816681147	0.7083377838	1.2522734404	0.4363323152	1.6695021391	0.0000000000	0.0000000000	0.0000000000
2.8858384014	0.7104046941	1.2513328791	0.4363323152	1.6668741703	0.0000000000	0.0000000000	0.0000000000
2.8900086881	0.7124821544	1.2503941059	0.4363323152	1.6642317772	0.0000000000	0.0000000000	0.0000000000
2.8941789748	0.7145680189	1.2494583130	0.4363323152	1.6615779400	0.0000000000	0.0000000000	0.0000000000
2.8983492615	0.7166597843	1.2485269308	0.4363323152	1.6589155197	0.0000000000	0.0000000000	0.0000000000
2.9025195482	0.7187551856	1.2476009130	0.4363323152	1.6562477350	0.0000000000	0.0000000000	0.0000000000
2.9066898349	0.7208518982	1.2466812134	0.4363323152	1.6535772085	0.0000000000	0.0000000000	0.0000000000
2.9108601216	0.7229474187	1.2457689047	0.4363323152	1.6509072781	0.0000000000	0.0000000000	0.0000000000
2.9150304083	0.7250394821	1.2448650599	0.4363323152	1.6482409239	0.0000000000	0.0000000000	0.0000000000
2.9192006950	0.7271255851	1.2439707518	0.4363323152	1.6455811262	0.0000000000	0.0000000000	0.0000000000
2.9233709818	0.7292034030	1.2430866957	0.4363323152	1.6429308653	0.0000000000	0.0000000000	0.0000000000
2.9275412685	0.7312705517	1.2422138453	0.4363323152	1.6402931213	0.0000000000	0.0000000000	0.0000000000
2.9317115552	0.7333247066	1.2413532734	0.4363323152	1.6376709938	0.0000000000	0.0000000000	0.0000000000
2.9358818419	0.7353634238	1.2405055761	0.4363323152	1.6350674629	0.0000000000	0.0000000000	0.0000000000
2.9400521286	0.7373844981	1.2396718264	0.4363323152	1.6324856281	0.0000000000	0.0000000000	0.0000000000
2.9442224153	0.7393855453	1.2388526201	0.4363323152	1.6299283504	0.0000000000	0.0000000000	0.0000000000
2.9483927020	0.7413643003	1.2380484343	0.4363323152	1.6273983717	0.0000000000	0.0000000000	0.0000000000
2.9525629887	0.7433185577	1.2372604609	0.4363323152	1.6248987913	0.0000000000	0.0000000000	0.0000000000
2.9567332754	0.7452460527	1.2364890575	0.4363323152	1.6224323511	0.0000000000	0.0000000000	0.0000000000
2.9609035621	0.7471447587	1.2357348204	0.4363323152	1.6200017929	0.0000000000	0.0000000000	0.0000000000
2.9650738488	0.7490124702	1.2349984646	0.4363323152	1.6176098585	0.0000000000	0.0000000000	0.0000000000
2.9692441355	0.7508472204	1.2342802286	0.4363323152	1.6152594090	0.0000000000	0.0000000000	0.0000000000
2.9734144222	0.7526469231	1.2335809469	0.4363323152	1.6129527092	0.0000000000	0.0000000000	0.0000000000
2.9775847089	0.7544096112	1.2329008579	0.4363323152	1.6106926203	0.0000000000	0.0000000000	0.0000000000
2.9817549957	0.7561336756	1.2322403193	0.4363323152	1.6084812880	0.0000000000	0.0000000000	0.0000000000
2.9859252824	0.7578170896	1.2315999269	0.4363323152	1.6063209772	0.0000000000	0.0000000000	0.0000000000
2.9900955691	0.7594581842	1.2309798002	0.4363323152	1.6042141914	0.0000000000	0.0000000000	0.0000000000
2.9942658558	0.7610553503	1.2303802967	0.4363323152	1.6021631956	0.0000000000	0.0000000000	0.0000000000
2.9984361425	0.7626070380	1.2298015356	0.4363323152	1.6001696587	0.0000000000	0.0000000000	0.0000000000
3.0026064292	0.7641118169	1.2292438745	0.4363323152	1.5982356071	0.0000000000	0.0000000000	0.0000000000
3.0067767159	0.7655683756	1.2287075520	0.4363323152	1.5963629484	0.0000000000	0.0000000000	0.0000000000
3.0109470026	0.7669753432	1.2281924486	0.4363323152	1.5945534706	0.0000000000	0.0000000000	0.0000000000
3.0151172893	0.7683317065	1.2276990414	0.4363323152	1.5928083658	0.0000000000	0.0000000000	0.0000000000
3.0192875760	0.7696363926	1.2272268534	0.4363323152	1.5911291838	0.0000000000	0.0000000000	0.0000000000
3.0234578627	0.7708884478	1.2267762423	0.4363323152	1.5895172358	0.0000000000	0.0000000000	0.0000000000
3.0276281494	0.7720870972	1.2263472080	0.4363323152	1.5879735947	0.0000000000	0.0000000000	0.0000000000
3.0317984361	0.7732315660	1.2259395123	0.4363323152	1.5864990950	0.0000000000	0.0000000000	0.0000000000
3.0359687228	0.7743214965	1.2255531549	0.4363323152	1.5850945711	0.0000000000	0.0000000000	0.0000000000
3.0401390096	0.7753563523	1.2251880169	0.4363323152	1.5837606192	0.0000000000	0.0000000000	0.0000000000
3.0443092963	0.7763358951	1.2248438597	0.4363323152	1.5824975967	0.0000000000	0.0000000000	0.0000000000
3.0484795830	0.7772600055	1.2245206833	0.4363323152	1.5813056231	0.0000000000	0.0000000000	0.0000000000
3.0526498697	0.7781286836	1.2242180109	0.4363323152	1.5801850557	0.0000000000	0.0000000000	0.0000000000
3.0568201564	0.7789420485	1.2239356041	0.4363323152	1.5791354179	0.0000000000	0.0000000000	0.0000000000
3.0609904431	0.7797005177	1.2236732244	0.4363323152	1.5781565905	0.0000000000	0.0000000000	0.0000000000
3.0651607298	0.7804045081	1.2234305143	0.4363323152	1.5772478580	0.0000000000	0.0000000000	0.0000000000
3.0693310165	0.7810547948	1.2232068777	0.4363323152	1.5764081478	0.0000000000	0.0000000000	0.0000000000
3.0735013032	0.7816520929	1.2230020761	0.4363323152	1.5756368637	0.0000000000	0.0000000000	0.0000000000
3.0776715899	0.7821972966	1.2228157520	0.4363323152	1.5749326944	0.0000000000	0.0000000000	0.0000000000
3.0818418766	0.7826918364	1.2226469517	0.4363323152	1.5742938519	0.0000000000	0.0000000000	0.0000000000
3.0860121633	0.7831367850	1.2224955559	0.4363323152	1.5737190247	0.0000000000	0.0000000000	0.0000000000
3.0901824500	0.7835339308	1.2223606110	0.4363323152	1.5732059479	0.0000000000	0.0000000000	0.0000000000
3.0943527368	0.7838848829	1.2222415209	0.4363323152	1.5727522373	0.0000000000	0.0000000000	0.0000000000
3.0985230235	0.7841915488	1.2221376896	0.4363323152	1.5723559856	0.0000000000	0.0000000000	0.0000000000
3.1026933102	0.7844560742	1.2220481634	0.4363323152	1.5720140934	0.0000000000	0.0000000000	0.0000000000
3.1068635969	0.7846807241	1.2219722271	0.4363323152	1.5717238188	0.0000000000	0.0000000000	0.0000000000
3.1110338836	0.7848681211	1.2219090462	0.4363323152	1.5714815855	0.0000000000	0.0000000000	0.0000000000
3.1152041703	0.7850209475	1.2218575478	0.4363323152	1.5712840557	0.0000000000	0.0000000000	0.0000000000
3.1193744570	0.7851420045	1.2218167782	0.4363323152	1.5711275339	0.0000000000	0.0000000000	0.0000000000
3.1235447437	0.7852346897	1.2217854261	0.4363323152	1.5710076094	0.0000000000	0.0000000000	0.0000000000
3.1277150304	0.7853024006	1.2217626572	0.4363323152	1.5709201097	0.0000000000	0.0000000000	0.0000000000
3.1318853171	0.7853484750	1.2217472792	0.4363323152	1.5708605051	0.0000000000	0.0000000000	0.0000000000
3.1360556038	0.7853769064	1.2217376232	0.4363323152	1.5708237886	0.0000000000	0.0000000000	0.0000000000
3.1402258905	0.7853917480	1.2217326164	0.4363323152	1.5708045959	0.0000000000	0.0000000000	0.0000000000
3.1443961772	0.7853972912	1.2217307091	0.4363323152	1.5707973242	0.0000000000	0.0000000000	0.0000000000
3.1485664639	0.7853981853	1.2217304707	0.4363323152	1.5707963705	0.0000000000	0.0000000000	0.0000000000
3.1527367507	0.7853981853	1.2217304707	0.4363323152	1.5707963705	0.0000000000	0.0000000000	0.0000000000
3.1569070374	0.7853981853	1.2217304707	0.4363323152	1.5707963705	0.0000000000	0.0000000000	0.0000000000
3.1610773241	0.7853981853	1.2217304707	0.4363323152	1.5707963705	0.0000000000	0.0000000000	0.0000000000
3.1652476108	0.7853981853	1.2217304707	0.4363323152	1.5707963705	0.0000000000	0.0000000000	0.0000000000
3.1694178975	0.7853981853	1.2217304707	0.4363323152	1.5707963705	0.0000000000	0.0000000000	0.0000000000
3.1735881842	0.7853981853	1.2217304707	0.4363323152	1.5707963705	0.0000000000	0.0000000000	0.0000000000
3.1777584709	0.7853981853	1.2217304707	0.4363323152	1.5707963705	0.0000000000	0.0000000000	0.0000000000
3.1819287576	0.7853981853	1.2217304707	0.4363323152	1.5707963705	0.0000000000	0.0000000000	0.0000000000
3.1860990443	0.7853981853	1.2217304707	0.4363323152	1.5707963705	0.0000000000	0.0000000000	0.0000000000
3.1902693310	0.7853981853	1.2217304707	0.4363323152	1.5707963705	0.0000000000	0.0000000000	0.0000000000
3.1944396177	0.7853981853	1.2217304707	0.4363323152	1.5707963705	0.0000000000	0.0000000000	0.0000000000
3.1986099044	0.7853981853	1.2217304707	0.4363323152	1.5707963705	0.0000000000	0.0000000000	0.0000000000
3.2027801911	0.7853981853	1.2217304707	0.4363323152	1.5707963705	0.0000000000	0.0000000000	0.0000000000
3.2069504778	0.7853981853	1.2217304707	0.4363323152	1.5707963705	0.0000000000	0.0000000000	0.0000000000
3.2111207646	0.7853981853	1.2217304707	0.4363323152	1.5707963705	0.0000000000	0.0000000000	0.0000000000
3.2152910513	0.7853981853	1.2217304707	0.4363323152	1.5707963705	0.0000000000	0.0000000000	0.0000000000
3.2194613380	0.7853981853	1.2217304707	0.4363323152	1.5707963705	0.0000000000	0.0000000000	0.0000000000
3.2236316247	0.7853981853	1.2217304707	0.4363323152	1.5707963705	0.0000000000	0.0000000000	0.0000000000
3.2278019114	0.7853981853	1.2217304707	0.4363323152	1.5707963705	0.0000000000	0.0000000000	0.0000000000
3.2319721981	0.7853981853	1.2217304707	0.4363323152	1.5707963705	0.0000000000	0.0000000000	0.0000000000
3.2361424848	0.7853981853	1.2217304707	0.4363323152	1.5707963705	0.0000000000	0.0000000000	0.0000000000
3.2403127715	0.7853981853	1.2217304707	0.4363323152	1.5707963705	0.0000000000	0.0000000000	0.0000000000
3.2444830582	0.7853981853	1.2217304707	0.4363323152	1.5707963705	0.0000000000	0.0000000000	0.0000000000
3.2486533449	0.7853981853	1.2217304707	0.4363323152	1.5707963705	0.0000000000	0.0000000000	0.0000000000
3.2528236316	0.7853981853	1.2217304707	0.4363323152	1.5707963705	0.0000000000	0.0000000000	0.0000000000
3.2569939183	0.7853981853	1.2217304707	0.4363323152	1.5707963705	0.0000000000	0.0000000000	0.0000000000
3.2611642050	0.7853981853	1.2217304707	0.4363323152	1.5707963705	0.0000000000	0.0000000000	0.0000000000
3.2653344917	0.7853981853	1.2217304707	0.4363323152	1.5707963705	0.0000000000	0.0000000000	0.0000000000
3.2695047785	0.7853981853	1.2217304707	0.4363323152	1.5707963705	0.0000000000	0.0000000000	0.0000000000
3.2736750652	0.7853981853	1.2217304707	0.4363323152	1.5707963705	0.0000000000	0.0000000000	0.0000000000
3.2778453519	0.7853981853	1.2217304707	0.4363323152	1.5707963705	0.0000000000	0.0000000000	0.0000000000
3.2820156386	0.7853981853	1.2217304707	0.4363323152	1.5707963705	0.0000000000	0.0000000000	0.0000000000
3.2861859253	0.7853981853	1.2217304707	0.4363323152	1.5707963705	0.0000000000	0.0000000000	0.0000000000
3.2903562120	0.7853981853	1.2217304707	0.4363323152	1.5707963705	0.0000000000	0.0000000000	0.0000000000
3.2945264987	0.7853981853	1.2217304707	0.4363323152	1.5707963705	0.0000000000	0.0000000000	0.0000000000
3.2986967854	0.7853981853	1.2217304707	0.4363323152	1.5707963705	0.0000000000	0.0000000000	0.0000000000
3.3028670721	0.7853981853	1.2217304707	0.4363323152	1.5707963705	0.0000000000	0.0000000000	0.0000000000
3.3070373588	0.7853981853	1.2217304707	0.4363323152	1.5707963705	0.0000000000	0.0000000000	0.0000000000
3.3112076455	0.7853981853	1.2217304707	0.4363323152	1.5707963705	0.0000000000	0.0000000000	0.0000000000
3.3153779322	0.7853981853	1.2217304707	0.4363323152	1.5707963705	0.0000000000	0.0000000000	0.0000000000
3.3195482189	0.7853981853	1.2217304707	0.4363323152	1.5707963705	0.0000000000	0.0000000000	0.0000000000
3.3237185056	0.7853981853	1.2217304707	0.4363323152	1.5707963705	0.0000000000	0.0000000000	0.0000000000
3.3278887924	0.7853981853	1.2217304707	0.4363323152	1.5707963705	0.0000000000	0.0000000000	0.0000000000
3.3320590791	0.7853981853	1.2217304707	0.4363323152	1.5707963705	0.0000000000	0.0000000000	0.0000000000
3.3362293658	0.7853981853	1.2217304707	0.4363323152	1.5707963705	0.0000000000	0.0000000000	0.0000000000
3.3403996525	0.7853981853	1.2217304707	0.4363323152	1.5707963705	0.0000000000	0.0000000000	0.0000000000
3.3445699392	0.7853981853	1.2217304707	0.4363323152	1.5707963705	0.0000000000	0.0000000000	0.0000000000
3.3487402259	0.7853981853	1.2217304707	0.4363323152	1.5707963705	0.0000000000	0.0000000000	0.0000000000
3.3529105126	0.7853981853	1.2217304707	0.4363323152	1.5707963705	0.0000000000	0.0000000000	0.0000000000
3.3570807993	0.7853981853	1.2217304707	0.4363323152	1.5707963705	0.0000000000	0.0000000000	0.0000000000
3.3612510860	0.7853981853	1.2217304707	0.4363323152	1.5707963705	0.0000000000	0.0000000000	0.0000000000
3.3654213727	0.7853981853	1.2217304707	0.4363323152	1.5707963705	0.0000000000	0.0000000000	0.0000000000
3.3695916594	0.7853981853	1.2217304707	0.4363323152	1.5707963705	0.0000000000	0.0000000000	0.0000000000
3.3737619461	0.7853981853	1.2217304707	0.4363323152	1.5707963705	0.0000000000	0.0000000000	0.0000000000
3.3779322328	0.7853981853	1.2217304707	0.4363323152	1.5707963705	0.0000000000	0.0000000000	0.0000000000
3.3821025195	0.7853981853	1.2217304707	0.4363323152	1.5707963705	0.0000000000	0.0000000000	0.0000000000
3.3862728063	0.7853981853	1.2217304707	0.4363323152	1.5707963705	0.0000000000	0.0000000000	0.0000000000
3.3904430930	0.7853981853	1.2217304707	0.4363323152	1.5707963705	0.0000000000	0.0000000000	0.0000000000
3.3946133797	0.7853981853	1.2217304707	0.4363323152	1.5707963705	0.0000000000	0.0000000000	0.0000000000
3.3987836664	0.7853981853	1.2217304707	0.4363323152	1.5707963705	0.0000000000	0.0000000000	0.0000000000
3.4029539531	0.7853981853	1.2217304707	0.4363323152	1.5707963705	0.0000000000	0.0000000000	0.0000000000
3.4071242398	0.7853981853	1.2217304707	0.4363323152	1.5707963705	0.0000000000	0.0000000000	0.0000000000
3.4112945265	0.7853981853	1.2217304707	0.4363323152	1.5707963705	0.0000000000	0.0000000000	0.0000000000
3.4154648132	0.7853981853	1.2217304707	0.4363323152	1.5707963705	0.0000000000	0.0000000000	0.0000000000
3.4196350999	0.7853981853	1.2217304707	0.4363323152	1.5707963705	0.0000000000	0.0000000000	0.0000000000
3.4238053866	0.7853981853	1.2217304707	0.4363323152	1.5707963705	0.0000000000	0.0000000000	0.0000000000
3.4279756733	0.7853981853	1.2217304707	0.4363323152	1.5707963705	0.0000000000	0.0000000000	0.0000000000
3.4321459600	0.7853981853	1.2217304707	0.4363323152	1.5707963705	0.0000000000	0.0000000000	0.0000000000
3.4363162467	0.7853981853	1.2217304707	0.4363323152	1.5707963705	0.0000000000	0.0000000000	0.0000000000
3.4404865334	0.7853981853	1.2217304707	0.4363323152	1.5707963705	0.0000000000	0.0000000000	0.0000000000
3.4446568202	0.7853981853	1.2217304707	0.4363323152	1.5707963705	0.0000000000	0.0000000000	0.0000000000
3.4488271069	0.7853981853	1.2217304707	0.4363323152	1.5707963705	0.0000000000	0.0000000000	0.0000000000
3.4529973936	0.7853981853	1.2217304707	0.4363323152	1.5707963705	0.0000000000	0.0000000000	0.0000000000
3.4571676803	0.7853981853	1.2217304707	0.4363323152	1.5707963705	0.0000000000	0.0000000000	0.0000000000
3.4613379670	0.7853981853	1.2217304707	0.4363323152	1.5707963705	0.0000000000	0.0000000000	0.0000000000
3.4655082537	0.7853981853	1.2217304707	0.4363323152	1.5707963705	0.0000000000	0.0000000000	0.0000000000
3.4696785404	0.7853981853	1.2217304707	0.4363323152	1.5707963705	0.0000000000	0.0000000000	0.0000000000
3.4738488271	0.7853981853	1.2217304707	0.4363323152	1.5707963705	0.0000000000	0.0000000000	0.0000000000
3.4780191138	0.7853981853	1.2217304707	0.4363323152	1.5707963705	0.0000000000	0.0000000000	0.0000000000
3.4821894005	0.7853981853	1.2217304707	0.4363323152	1.5707963705	0.0000000000	0.0000000000	0.0000000000
3.4863596872	0.7853981853	1.2217304707	0.4363323152	1.5707963705	0.0000000000	0.0000000000	0.0000000000
3.4905299739	0.7853981853	1.2217304707	0.4363323152	1.5707963705	0.0000000000	0.0000000000	0.0000000000
3.4947002606	0.7853981853	1.2217304707	0.4363323152	1.5707963705	0.0000000000	0.0000000000	0.0000000000
3.4988705474	0.7853981853	1.2217304707	0.4363323152	1.5707963705	0.0000000000	0.0000000000	0.0000000000
3.5030408341	0.7853981853	1.2217304707	0.4363323152	1.5707963705	0.0000000000	0.0000000000	0.0000000000
3.5072111208	0.7853981853	1.2217304707	0.4363323152	1.5707963705	0.0000000000	0.0000000000	0.0000000000
3.5113814075	0.7853981853	1.2217304707	0.4363323152	1.5707963705	0.0000000000	0.0000000000	0.0000000000
3.5155516942	0.7853981853	1.2217304707	0.4363323152	1.5707963705	0.0000000000	0.0000000000	0.0000000000
3.5197219809	0.7853981853	1.2217304707	0.4363323152	1.5707963705	0.0000000000	0.0000000000	0.0000000000
3.5238922676	0.7853981853	1.2217304707	0.4363323152	1.5707963705	0.0000000000	0.0000000000	0.0000000000
3.5280625543	0.7853981853	1.2217304707	0.4363323152	1.5707963705	0.0000000000	0.0000000000	0.0000000000
3.5322328410	0.7853981853	1.2217304707	0.4363323152	1.5707963705	0.0000000000	0.0000000000	0.0000000000
3.5364031277	0.7853981853	1.2217304707	0.4363323152	1.5707963705	0.0000000000	0.0000000000	0.0000000000
3.5405734144	0.7853981853	1.2217304707	0.4363323152	1.5707963705	0.0000000000	0.0000000000	0.0000000000
3.5447437011	0.7853981853	1.2217304707	0.4363323152	1.5707963705	0.0000000000	0.0000000000	0.0000000000
3.5489139878	0.7853981853	1.2217304707	0.4363323152	1.5707963705	0.0000000000	0.0000000000	0.0000000000
3.5530842745	0.7853981853	1.2217304707	0.4363323152	1.5707963705	0.0000000000	0.0000000000	0.0000000000
3.5572545613	0.7853981853	1.2217304707	0.4363323152	1.5707963705	0.0000000000	0.0000000000	0.0000000000
3.5614248480	0.7853981853	1.2217304707	0.4363323152	1.5707963705	0.0000000000	0.0000000000	0.0000000000
3.5655951347	0.7853981853	1.2217304707	0.4363323152	1.5707963705	0.0000000000	0.0000000000	0.0000000000
3.5697654214	0.7853981853	1.2217304707	0.4363323152	1.5707963705	0.0000000000	0.0000000000	0.0000000000
3.5739357081	0.7853981853	1.2217304707	0.4363323152	1.5707963705	0.0000000000	0.0000000000	0.0000000000
3.5781059948	0.7853981853	1.2217304707	0.4363323152	1.5707963705	0.0000000000	0.0000000000	0.0000000000
3.5822762815	0.7853981853	1.2217304707	0.4363323152	1.5707963705	0.0000000000	0.0000000000	0.0000000000
3.5864465682	0.7853981853	1.2217304707	0.4363323152	1.5707963705	0.0000000000	0.0000000000	0.0000000000
3.5906168549	0.7853981853	1.2217304707	0.4363323152	1.5707963705	0.0000000000	0.0000000000	0.0000000000
3.5947871416	0.7853981853	1.2217304707	0.4363323152	1.5707963705	0.0000000000	0.0000000000	0.0000000000
3.5989574283	0.7853981853	1.2217304707	0.4363323152	1.5707963705	0.0000000000	0.0000000000	0.0000000000
3.6031277150	0.7853981853	1.2217304707	0.4363323152	1.5707963705	0.0000000000	0.0000000000	0.0000000000
3.6072980017	0.7853981853	1.2217304707	0.4363323152	1.5707963705	0.0000000000	0.0000000000	0.0000000000
3.6114682884	0.7853981853	1.2217304707	0.4363323152	1.5707963705	0.0000000000	0.0000000000	0.0000000000
3.6156385752	0.7853981853	1.2217304707	0.4363323152	1.5707963705	0.0000000000	0.0000000000	0.0000000000
3.6198088619	0.7853981853	1.2217304707	0.4363323152	1.5707963705	0.0000000000	0.0000000000	0.0000000000
3.6239791486	0.7853981853	1.2217304707	0.4363323152	1.5707963705	0.0000000000	0.0000000000	0.0000000000
3.6281494353	0.7853981853	1.2217304707	0.4363323152	1.5707963705	0.0000000000	0.0000000000	0.0000000000
3.6323197220	0.7853981853	1.2217304707	0.4363323152	1.5707963705	0.0000000000	0.0000000000	0.0000000000
3.6364900087	0.7853981853	1.2217304707	0.4363323152	1.5707963705	0.0000000000	0.0000000000	0.0000000000
3.6406602954	0.7853981853	1.2217304707	0.4363323152	1.5707963705	0.0000000000	0.0000000000	0.0000000000
3.6448305821	0.7853981853	1.2217304707	0.4363323152	1.5707963705	0.0000000000	0.0000000000	0.0000000000
3.6490008688	0.7853981853	1.2217304707	0.4363323152	1.5707963705	0.0000000000	0.0000000000	0.0000000000
3.6531711555	0.7853981853	1.2217304707	0.4363323152	1.5707963705	0.0000000000	0.0000000000	0.0000000000
3.6573414422	0.7853981853	1.2217304707	0.4363323152	1.5707963705	0.0000000000	0.0000000000	0.0000000000
3.6615117289	0.7853981853	1.2217304707	0.4363323152	1.5707963705	0.0000000000	0.0000000000	0.0000000000
3.6656820156	0.7853981853	1.2217304707	0.4363323152	1.5707963705	0.0000000000	0.0000000000	0.0000000000
3.6698523023	0.7853981853	1.2217304707	0.4363323152	1.5707963705	0.0000000000	0.0000000000	0.0000000000
3.6740225891	0.7853981853	1.2217304707	0.4363323152	1.5707963705	0.0000000000	0.0000000000	0.0000000000
3.6781928758	0.7853981853	1.2217304707	0.4363323152	1.5707963705	0.0000000000	0.0000000000	0.0000000000
3.6823631625	0.7853981853	1.2217304707	0.4363323152	1.5707963705	0.0000000000	0.0000000000	0.0000000000
3.6865334492	0.7853981853	1.2217304707	0.4363323152	1.5707963705	0.0000000000	0.0000000000	0.0000000000
3.6907037359	0.7853981853	1.2217304707	0.4363323152	1.5707963705	0.0000000000	0.0000000000	0.0000000000
3.6948740226	0.7853981853	1.2217304707	0.4363323152	1.5707963705	0.0000000000	0.0000000000	0.0000000000
3.6990443093	0.7853981853	1.2217304707	0.4363323152	1.5707963705	0.0000000000	0.0000000000	0.0000000000
3.7032145960	0.7853981853	1.2217304707	0.4363323152	1.5707963705	0.0000000000	0.0000000000	0.0000000000
3.7073848827	0.7853981853	1.2217304707	0.4363323152	1.5707963705	0.0000000000	0.0000000000	0.0000000000
3.7115551694	0.7853981853	1.2217304707	0.4363323152	1.5707963705	0.0000000000	0.0000000000	0.0000000000
3.7157254561	0.7853981853	1.2217304707	0.4363323152	1.5707963705	0.0000000000	0.0000000000	0.0000000000
3.7198957428	0.7853981853	1.2217304707	0.4363323152	1.5707963705	0.0000000000	0.0000000000	0.0000000000
3.7240660295	0.7853981853	1.2217304707	0.4363323152	1.5707963705	0.0000000000	0.0000000000	0.0000000000
3.7282363162	0.7853981853	1.2217304707	0.4363323152	1.5707963705	0.0000000000	0.0000000000	0.0000000000
3.7324066030	0.7853981853	1.2217304707	0.4363323152	1.5707963705	0.0000000000	0.0000000000	0.0000000000
3.7365768897	0.7853981853	1.2217304707	0.4363323152	1.5707963705	0.0000000000	0.0000000000	0.0000000000
3.7407471764	0.7853981853	1.2217304707	0.4363323152	1.5707963705	0.0000000000	0.0000000000	0.0000000000
3.7449174631	0.7853981853	1.2217304707	0.4363323152	1.5707963705	0.0000000000	0.0000000000	0.0000000000
3.7490877498	0.7853981853	1.2217304707	0.4363323152	1.5707963705	0.0000000000	0.0000000000	0.0000000000
3.7532580365	0.7853981853	1.2217304707	0.4363323152	1.5707963705	0.0000000000	0.0000000000	0.0000000000
3.7574283232	0.7853981853	1.2217304707	0.4363323152	1.5707963705	0.0000000000	0.0000000000	0.0000000000
3.7615986099	0.7853981853	1.2217304707	0.4363323152	1.5707963705	0.0000000000	0.0000000000	0.0000000000
3.7657688966	0.7853981853	1.2217304707	0.4363323152	1.5707963705	0.0000000000	0.0000000000	0.0000000000
3.7699391833	0.7853981853	1.2217304707	0.4363323152	1.5707963705	0.0000000000	0.0000000000	0.0000000000
3.7741094700	0.7853981853	1.2217304707	0.4363323152	1.5707963705	0.0000000000	0.0000000000	0.0000000000
3.7782797567	0.7853981853	1.2217304707	0.4363323152	1.5707963705	0.0000000000	0.0000000000	0.0000000000
3.7824500434	0.7853981853	1.2217304707	0.4363323152	1.5707963705	0.0000000000	0.0000000000	0.0000000000
3.7866203301	0.7853981853	1.2217304707	0.4363323152	1.5707963705	0.0000000000	0.0000000000	0.0000000000
3.7907906169	0.7853981853	1.2217304707	0.4363323152	1.5707963705	0.0000000000	0.0000000000	0.0000000000
3.7949609036	0.7853981853	1.2217304707	0.4363323152	1.5707963705	0.0000000000	0.0000000000	0.0000000000
3.7991311903	0.7853981853	1.2217304707	0.4363323152	1.5707963705	0.0000000000	0.0000000000	0.0000000000
3.8033014770	0.7853981853	1.2217304707	0.4363323152	1.5707963705	0.0000000000	0.0000000000	0.0000000000
3.8074717637	0.7853981853	1.2217304707	0.4363323152	1.5707963705	0.0000000000	0.0000000000	0.0000000000
3.8116420504	0.7853981853	1.2217304707	0.4363323152	1.5707963705	0.0000000000	0.0000000000	0.0000000000
3.8158123371	0.7853981853	1.2217304707	0.4363323152	1.5707963705	0.0000000000	0.0000000000	0.0000000000
3.8199826238	0.7853981853	1.2217304707	0.4363323152	1.5707963705	0.0000000000	0.0000000000	0.0000000000
3.8241529105	0.7853981853	1.2217304707	0.4363323152	1.5707963705	0.0000000000	0.0000000000	0.0000000000
3.8283231972	0.7853981853	1.2217304707	0.4363323152	1.5707963705	0.0000000000	0.0000000000	0.0000000000
3.8324934839	0.7853981853	1.2217304707	0.4363323152	1.5707963705	0.0000000000	0.0000000000	0.0000000000
3.8366637706	0.7853981853	1.2217304707	0.4363323152	1.5707963705	0.0000000000	0.0000000000	0.0000000000
3.8408340573	0.7853981853	1.2217304707	0.4363323152	1.5707963705	0.0000000000	0.0000000000	0.0000000000
3.8450043440	0.7853981853	1.2217304707	0.4363323152	1.5707963705	0.0000000000	0.0000000000	0.0000000000
3.8491746308	0.7853981853	1.2217304707	0.4363323152	1.5707963705	0.0000000000	0.0000000000	0.0000000000
3.8533449175	0.7853981853	1.2217304707	0.4363323152	1.5707963705	0.0000000000	0.0000000000	0.0000000000
3.8575152042	0.7853981853	1.2217304707	0.4363323152	1.5707963705	0.0000000000	0.0000000000	0.0000000000
3.8616854909	0.7853981853	1.2217304707	0.4363323152	1.5707963705	0.0000000000	0.0000000000	0.0000000000
3.8658557776	0.7853981853	1.2217304707	0.4363323152	1.5707963705	0.0000000000	0.0000000000	0.0000000000
3.8700260643	0.7853981853	1.2217304707	0.4363323152	1.5707963705	0.0000000000	0.0000000000	0.0000000000
3.8741963510	0.7853981853	1.2217304707	0.4363323152	1.5707963705	0.0000000000	0.0000000000	0.0000000000
3.8783666377	0.7853981853	1.2217304707	0.4363323152	1.5707963705	0.0000000000	0.0000000000	0.0000000000
3.8825369244	0.7853981853	1.2217304707	0.4363323152	1.5707963705	0.0000000000	0.0000000000	0.0000000000
3.8867072111	0.7853981853	1.2217304707	0.4363323152	1.5707963705	0.0000000000	0.0000000000	0.0000000000
3.8908774978	0.7853981853	1.2217304707	0.4363323152	1.5707963705	0.0000000000	0.0000000000	0.0000000000
3.8950477845	0.7853981853	1.2217304707	0.4363323152	1.5707963705	0.0000000000	0.0000000000	0.0000000000
3.8992180712	0.7853981853	1.2217304707	0.4363323152	1.5707963705	0.0000000000	0.0000000000	0.0000000000
3.9033883579	0.7853981853	1.2217304707	0.4363323152	1.5707963705	0.0000000000	0.0000000000	0.0000000000
3.9075586447	0.7853981853	1.2217304707	0.4363323152	1.5707963705	0.0000000000	0.0000000000	0.0000000000
3.9117289314	0.7853981853	1.2217304707	0.4363323152	1.5707963705	0.0000000000	0.0000000000	0.0000000000
3.9158992181	0.7853981853	1.2217304707	0.4363323152	1.5707963705	0.0000000000	0.0000000000	0.0000000000
3.9200695048	0.7853981853	1.2217304707	0.4363323152	1.5707963705	0.0000000000	0.0000000000	0.0000000000
3.9242397915	0.7853981853	1.2217304707	0.4363323152	1.5707963705	0.0000000000	0.0000000000	0.0000000000
3.9284100782	0.7853981853	1.2217304707	0.4363323152	1.5707963705	0.0000000000	0.0000000000	0.0000000000
3.9325803649	0.7853981853	1.2217304707	0.4363323152	1.5707963705	0.0000000000	0.0000000000	0.0000000000
3.9367506516	0.7853981853	1.2217304707	0.4363323152	1.5707963705	0.0000000000	0.0000000000	0.0000000000
3.9409209383	0.7853981853	1.2217304707	0.4363323152	1.5707963705	0.0000000000	0.0000000000	0.0000000000
3.9450912250	0.7853981853	1.2217304707	0.4363323152	1.5707963705	0.0000000000	0.0000000000	0.0000000000
3.9492615117	0.7853981853	1.2217304707	0.4363323152	1.5707963705	0.0000000000	0.0000000000	0.0000000000
3.9534317984	0.7853981853	1.2217304707	0.4363323152	1.5707963705	0.0000000000	0.0000000000	0.0000000000
3.9576020851	0.7853981853	1.2217304707	0.4363323152	1.5707963705	0.0000000000	0.0000000000	0.0000000000
3.9617723719	0.7853981853	1.2217304707	0.4363323152	1.5707963705	0.0000000000	0.0000000000	0.0000000000
3.9659426586	0.7853981853	1.2217304707	0.4363323152	1.5707963705	0.0000000000	0.0000000000	0.0000000000
3.9701129453	0.7853981853	1.2217304707	0.4363323152	1.5707963705	0.0000000000	0.0000000000	0.0000000000
3.9742832320	0.7853981853	1.2217304707	0.4363323152	1.5707963705	0.0000000000	0.0000000000	0.0000000000
3.9784535187	0.7853981853	1.2217304707	0.4363323152	1.5707963705	0.0000000000	0.0000000000	0.0000000000
3.9826238054	0.7853981853	1.2217304707	0.4363323152	1.5707963705	0.0000000000	0.0000000000	0.0000000000
3.9867940921	0.7853981853	1.2217304707	0.4363323152	1.5707963705	0.0000000000	0.0000000000	0.0000000000
3.9909643788	0.7853981853	1.2217304707	0.4363323152	1.5707963705	0.0000000000	0.0000000000	0.0000000000
3.9951346655	0.7853981853	1.2217304707	0.4363323152	1.5707963705	0.0000000000	0.0000000000	0.0000000000
3.9993049522	0.7853981853	1.2217304707	0.4363323152	1.5707963705	0.0000000000	0.0000000000	0.0000000000
4.0034752389	0.7853981853	1.2217304707	0.4363323152	1.5707963705	0.0000000000	0.0000000000	0.0000000000
4.0076455256	0.7853981853	1.2217304707	0.4363323152	1.5707963705	0.0000000000	0.0000000000	0.0000000000
4.0118158123	0.7853981853	1.2217304707	0.4363323152	1.5707963705	0.0000000000	0.0000000000	0.0000000000
4.0159860990	0.7853981853	1.2217304707	0.4363323152	1.5707963705	0.0000000000	0.0000000000	0.0000000000
4.0201563858	0.7853981853	1.2217304707	0.4363323152	1.5707963705	0.0000000000	0.0000000000	0.0000000000
4.0243266725	0.7853981853	1.2217304707	0.4363323152	1.5707963705	0.0000000000	0.0000000000	0.0000000000
4.0284969592	0.7853981853	1.2217304707	0.4363323152	1.5707963705	0.0000000000	0.0000000000	0.0000000000
4.0326672459	0.7853981853	1.2217304707	0.4363323152	1.5707963705	0.0000000000	0.0000000000	0.0000000000
4.0368375326	0.7853981853	1.2217304707	0.4363323152	1.5707963705	0.0000000000	0.0000000000	0.0000000000
4.0410078193	0.7853981853	1.2217304707	0.4363323152	1.5707963705	0.0000000000	0.0000000000	0.0000000000
4.0451781060	0.7853981853	1.2217304707	0.4363323152	1.5707963705	0.0000000000	0.0000000000	0.0000000000
4.0493483927	0.7853981853	1.2217304707	0.4363323152	1.5707963705	0.0000000000	0.0000000000	0.0000000000
4.0535186794	0.7853981853	1.2217304707	0.4363323152	1.5707963705	0.0000000000	0.0000000000	0.0000000000
4.0576889661	0.7853981853	1.2217304707	0.4363323152	1.5707963705	0.0000000000	0.0000000000	0.0000000000
4.0618592528	0.7853981853	1.2217304707	0.4363323152	1.5707963705	0.0000000000	0.0000000000	0.0000000000
4.0660295395	0.7853981853	1.2217304707	0.4363323152	1.5707963705	0.0000000000	0.0000000000	0.0000000000
4.0701998262	0.7853981853	1.2217304707	0.4363323152	1.5707963705	0.0000000000	0.0000000000	0.0000000000
4.0743701129	0.7853981853	1.2217304707	0.4363323152	1.5707963705	0.0000000000	0.0000000000	0.0000000000
4.0785403997	0.7853981853	1.2217304707	0.4363323152	1.5707963705	0.0000000000	0.0000000000	0.0000000000
4.0827106864	0.7853981853	1.2217304707	0.4363323152	1.5707963705	0.0000000000	0.0000000000	0.0000000000
4.0868809731	0.7853981853	1.2217304707	0.4363323152	1.5707963705	0.0000000000	0.0000000000	0.0000000000
4.0910512598	0.7853981853	1.2217304707	0.4363323152	1.5707963705	0.0000000000	0.0000000000	0.0000000000
4.0952215465	0.7853981853	1.2217304707	0.4363323152	1.5707963705	0.0000000000	0.0000000000	0.0000000000
4.0993918332	0.7853981853	1.2217304707	0.4363323152	1.5707963705	0.0000000000	0.0000000000	0.0000000000
4.1035621199	0.7853981853	1.2217304707	0.4363323152	1.5707963705	0.0000000000	0.0000000000	0.0000000000
4.1077324066	0.7853981853	1.2217304707	0.4363323152	1.5707963705	0.0000000000	0.0000000000	0.0000000000
4.1119026933	0.7853981853	1.2217304707	0.4363323152	1.5707963705	0.0000000000	0.0000000000	0.0000000000
4.1160729800	0.7853981853	1.2217304707	0.4363323152	1.5707963705	0.0000000000	0.0000000000	0.0000000000
4.1202432667	0.7853981853	1.2217304707	0.4363323152	1.5707963705	0.0000000000	0.0000000000	0.0000000000
4.1244135534	0.7853981853	1.2217304707	0.4363323152	1.5707963705	0.0000000000	0.0000000000	0.0000000000
4.1285838401	0.7853981853	1.2217304707	0.4363323152	1.5707963705	0.0000000000	0.0000000000	0.0000000000
4.1327541268	0.7853981853	1.2217304707	0.4363323152	1.5707963705	0.0000000000	0.0000000000	0.0000000000
4.1369244136	0.7853981853	1.2217304707	0.4363323152	1.5707963705	0.0000000000	0.0000000000	0.0000000000
4.1410947003	0.7853981853	1.2217304707	0.4363323152	1.5707963705	0.0000000000	0.0000000000	0.0000000000
4.1452649870	0.7853981853	1.2217304707	0.4363323152	1.5707963705	0.0000000000	0.0000000000	0.0000000000
4.1494352737	0.7853981853	1.2217304707	0.4363323152	1.5707963705	0.0000000000	0.0000000000	0.0000000000
4.1536055604	0.7853981853	1.2217304707	0.4363323152	1.5707963705	0.0000000000	0.0000000000	0.0000000000
4.1577758471	0.7853981853	1.2217304707	0.4363323152	1.5707963705	0.0000000000	0.0000000000	0.0000000000
4.1619461338	0.7853981853	1.2217304707	0.4363323152	1.5707963705	0.0000000000	0.0000000000	0.0000000000
4.1661164205	0.7853981853	1.2217304707	0.4363323152	1.5707963705	0.0000000000	0.0000000000	0.0000000000
4.1702867072	0.7853981853	1.2217304707	0.4363323152	1.5707963705	0.0000000000	0.0000000000	0.0000000000
4.1744569939	0.7853981853	1.2217304707	0.4363323152	1.5707963705	0.0000000000	0.0000000000	0.0000000000
4.1786272806	0.7853981853	1.2217304707	0.4363323152	1.5707963705	0.0000000000	0.0000000000	0.0000000000
4.1827975673	0.7853981853	1.2217304707	0.4363323152	1.5707963705	0.0000000000	0.0000000000	0.0000000000
4.1869678540	0.7853981853	1.2217304707	0.4363323152	1.5707963705	0.0000000000	0.0000000000	0.0000000000
4.1911381407	0.7853981853	1.2217304707	0.4363323152	1.5707963705	0.0000000000	0.0000000000	0.0000000000
4.1953084275	0.7853981853	1.2217304707	0.4363323152	1.5707963705	0.0000000000	0.0000000000	0.0000000000
4.1994787142	0.7853981853	1.2217304707	0.4363323152	1.5707963705	0.0000000000	0.0000000000	0.0000000000
4.2036490009	0.7853981853	1.2217304707	0.4363323152	1.5707963705	0.0000000000	0.0000000000	0.0000000000
4.2078192876	0.7853981853	1.2217304707	0.4363323152	1.5707963705	0.0000000000	0.0000000000	0.0000000000
4.2119895743	0.7853981853	1.2217304707	0.4363323152	1.5707963705	0.0000000000	0.0000000000	0.0000000000
4.2161598610	0.7853981853	1.2217304707	0.4363323152	1.5707963705	0.0000000000	0.0000000000	0.0000000000
4.2203301477	0.7853981853	1.2217304707	0.4363323152	1.5707963705	0.0000000000	0.0000000000	0.0000000000
4.2245004344	0.7853981853	1.2217304707	0.4363323152	1.5707963705	0.0000000000	0.0000000000	0.0000000000
4.2286707211	0.7853981853	1.2217304707	0.4363323152	1.5707963705	0.0000000000	0.0000000000	0.0000000000
4.2328410078	0.7853981853	1.2217304707	0.4363323152	1.5707963705	0.0000000000	0.0000000000	0.0000000000
4.2370112945	0.7853981853	1.2217304707	0.4363323152	1.5707963705	0.0000000000	0.0000000000	0.0000000000
4.2411815812	0.7853981853	1.2217304707	0.4363323152	1.5707963705	0.0000000000	0.0000000000	0.0000000000
4.2453518679	0.7853981853	1.2217304707	0.4363323152	1.5707963705	0.0000000000	0.0000000000	0.0000000000
4.2495221546	0.7853981853	1.2217304707	0.4363323152	1.5707963705	0.0000000000	0.0000000000	0.0000000000
4.2536924414	0.7853981853	1.2217304707	0.4363323152	1.5707963705	0.0000000000	0.0000000000	0.0000000000
4.2578627281	0.7853981853	1.2217304707	0.4363323152	1.5707963705	0.0000000000	0.0000000000	0.0000000000
4.2620330148	0.7853981853	1.2217304707	0.4363323152	1.5707963705	0.0000000000	0.0000000000	0.0000000000
4.2662033015	0.7853981853	1.2217304707	0.4363323152	1.5707963705	0.0000000000	0.0000000000	0.0000000000
4.2703735882	0.7853981853	1.2217304707	0.4363323152	1.5707963705	0.0000000000	0.0000000000	0.0000000000
4.2745438749	0.7853981853	1.2217304707	0.4363323152	1.5707963705	0.0000000000	0.0000000000	0.0000000000
4.2787141616	0.7853981853	1.2217304707	0.4363323152	1.5707963705	0.0000000000	0.0000000000	0.0000000000
4.2828844483	0.7853981853	1.2217304707	0.4363323152	1.5707963705	0.0000000000	0.0000000000	0.0000000000
4.2870547350	0.7853981853	1.2217304707	0.4363323152	1.5707963705	0.0000000000	0.0000000000	0.0000000000
4.2912250217	0.7853981853	1.2217304707	0.4363323152	1.5707963705	0.0000000000	0.0000000000	0.0000000000
4.2953953084	0.7853981853	1.2217304707	0.4363323152	1.5707963705	0.0000000000	0.0000000000	0.0000000000
4.2995655951	0.7853981853	1.2217304707	0.4363323152	1.5707963705	0.0000000000	0.0000000000	0.0000000000
4.3037358818	0.7853981853	1.2217304707	0.4363323152	1.5707963705	0.0000000000	0.0000000000	0.0000000000
4.3079061685	0.7853981853	1.2217304707	0.4363323152	1.5707963705	0.0000000000	0.0000000000	0.0000000000
4.3120764553	0.7853981853	1.2217304707	0.4363323152	1.5707963705	0.0000000000	0.0000000000	0.0000000000
4.3162467420	0.7853981853	1.2217304707	0.4363323152	1.5707963705	0.0000000000	0.0000000000	0.0000000000
4.3204170287	0.7853981853	1.2217304707	0.4363323152	1.5707963705	0.0000000000	0.0000000000	0.0000000000
4.3245873154	0.7853981853	1.2217304707	0.4363323152	1.5707963705	0.0000000000	0.0000000000	0.0000000000
4.3287576021	0.7853981853	1.2217304707	0.4363323152	1.5707963705	0.0000000000	0.0000000000	0.0000000000
4.3329278888	0.7853981853	1.2217304707	0.4363323152	1.5707963705	0.0000000000	0.0000000000	0.0000000000
4.3370981755	0.7853981853	1.2217304707	0.4363323152	1.5707963705	0.0000000000	0.0000000000	0.0000000000
4.3412684622	0.7853981853	1.2217304707	0.4363323152	1.5707963705	0.0000000000	0.0000000000	0.0000000000
4.3454387489	0.7853981853	1.2217304707	0.4363323152	1.5707963705	0.0000000000	0.0000000000	0.0000000000
4.3496090356	0.7853981853	1.2217304707	0.4363323152	1.5707963705	0.0000000000	0.0000000000	0.0000000000
4.3537793223	0.7853981853	1.2217304707	0.4363323152	1.5707963705	0.0000000000	0.0000000000	0.0000000000
4.3579496090	0.7853981853	1.2217304707	0.4363323152	1.5707963705	0.0000000000	0.0000000000	0.0000000000
4.3621198957	0.7853981853	1.2217304707	0.4363323152	1.5707963705	0.0000000000	0.0000000000	0.0000000000
4.3662901825	0.7853981853	1.2217304707	0.4363323152	1.5707963705	0.0000000000	0.0000000000	0.0000000000
4.3704604692	0.7853981853	1.2217304707	0.4363323152	1.5707963705	0.0000000000	0.0000000000	0.0000000000
4.3746307559	0.7853981853	1.2217304707	0.4363323152	1.5707963705	0.0000000000	0.0000000000	0.0000000000
4.3788010426	0.7853981853	1.2217304707	0.4363323152	1.5707963705	0.0000000000	0.0000000000	0.0000000000
4.3829713293	0.7853981853	1.2217304707	0.4363323152	1.5707963705	0.0000000000	0.0000000000	0.0000000000
4.3871416160	0.7853981853	1.2217304707	0.4363323152	1.5707963705	0.0000000000	0.0000000000	0.0000000000
4.3913119027	0.7853981853	1.2217304707	0.4363323152	1.5707963705	0.0000000000	0.0000000000	0.0000000000
4.3954821894	0.7853981853	1.2217304707	0.4363323152	1.5707963705	0.0000000000	0.0000000000	0.0000000000
4.3996524761	0.7853981853	1.2217304707	0.4363323152	1.5707963705	0.0000000000	0.0000000000	0.0000000000
4.4038227628	0.7853981853	1.2217304707	0.4363323152	1.5707963705	0.0000000000	0.0000000000	0.0000000000
4.4079930495	0.7853981853	1.2217304707	0.4363323152	1.5707963705	0.0000000000	0.0000000000	0.0000000000
4.4121633362	0.7853981853	1.2217304707	0.4363323152	1.5707963705	0.0000000000	0.0000000000	0.0000000000
4.4163336229	0.7853981853	1.2217304707	0.4363323152	1.5707963705	0.0000000000	0.0000000000	0.0000000000
4.4205039096	0.7853981853	1.2217304707	0.4363323152	1.5707963705	0.0000000000	0.0000000000	0.0000000000
4.4246741964	0.7853981853	1.2217304707	0.4363323152	1.5707963705	0.0000000000	0.0000000000	0.0000000000
4.4288444831	0.7853981853	1.2217304707	0.4363323152	1.5707963705	0.0000000000	0.0000000000	0.0000000000
4.4330147698	0.7853981853	1.2217304707	0.4363323152	1.5707963705	0.0000000000	0.0000000000	0.0000000000
4.4371850565	0.7853981853	1.2217304707	0.4363323152	1.5707963705	0.0000000000	0.0000000000	0.0000000000
4.4413553432	0.7853981853	1.2217304707	0.4363323152	1.5707963705	0.0000000000	0.0000000000	0.0000000000
4.4455256299	0.7853981853	1.2217304707	0.4363323152	1.5707963705	0.0000000000	0.0000000000	0.0000000000
4.4496959166	0.7853981853	1.2217304707	0.4363323152	1.5707963705	0.0000000000	0.0000000000	0.0000000000
4.4538662033	0.7853981853	1.2217304707	0.4363323152	1.5707963705	0.0000000000	0.0000000000	0.0000000000
4.4580364900	0.7853981853	1.2217304707	0.4363323152	1.5707963705	0.0000000000	0.0000000000	0.0000000000
4.4622067767	0.7853981853	1.2217304707	0.4363323152	1.5707963705	0.0000000000	0.0000000000	0.0000000000
4.4663770634	0.7853981853	1.2217304707	0.4363323152	1.5707963705	0.0000000000	0.0000000000	0.0000000000
4.4705473501	0.7853981853	1.2217304707	0.4363323152	1.5707963705	0.0000000000	0.0000000000	0.0000000000
4.4747176368	0.7853981853	1.2217304707	0.4363323152	1.5707963705	0.0000000000	0.0000000000	0.0000000000
4.4788879235	0.7853981853	1.2217304707	0.4363323152	1.5707963705	0.0000000000	0.0000000000	0.0000000000
4.4830582103	0.7853981853	1.2217304707	0.4363323152	1.5707963705	0.0000000000	0.0000000000	0.0000000000
4.4872284970	0.7853981853	1.2217304707	0.4363323152	1.5707963705	0.0000000000	0.0000000000	0.0000000000
4.4913987837	0.7853981853	1.2217304707	0.4363323152	1.5707963705	0.0000000000	0.0000000000	0.0000000000
4.4955690704	0.7853981853	1.2217304707	0.4363323152	1.5707963705	0.0000000000	0.0000000000	0.0000000000
4.4997393571	0.7853981853	1.2217304707	0.4363323152	1.5707963705	0.0000000000	0.0000000000	0.0000000000
4.5039096438	0.7853981853	1.2217304707	0.4363323152	1.5707963705	0.0000000000	0.0000000000	0.0000000000
4.5080799305	0.7853981853	1.2217304707	0.4363323152	1.5707963705	0.0000000000	0.0000000000	0.0000000000
4.5122502172	0.7853981853	1.2217304707	0.4363323152	1.5707963705	0.0000000000	0.0000000000	0.0000000000
4.5164205039	0.7853981853	1.2217304707	0.4363323152	1.5707963705	0.0000000000	0.0000000000	0.0000000000
4.5205907906	0.7853981853	1.2217304707	0.4363323152	1.5707963705	0.0000000000	0.0000000000	0.0000000000
4.5247610773	0.7853981853	1.2217304707	0.4363323152	1.5707963705	0.0000000000	0.0000000000	0.0000000000
4.5289313640	0.7853981853	1.2217304707	0.4363323152	1.5707963705	0.0000000000	0.0000000000	0.0000000000
4.5331016507	0.7853981853	1.2217304707	0.4363323152	1.5707963705	0.0000000000	0.0000000000	0.0000000000
4.5372719374	0.7853981853	1.2217304707	0.4363323152	1.5707963705	0.0000000000	0.0000000000	0.0000000000
4.5414422242	0.7853981853	1.2217304707	0.4363323152	1.5707963705	0.0000000000	0.0000000000	0.0000000000
4.5456125109	0.7853981853	1.2217304707	0.4363323152	1.5707963705	0.0000000000	0.0000000000	0.0000000000
4.5497827976	0.7853981853	1.2217304707	0.4363323152	1.5707963705	0.0000000000	0.0000000000	0.0000000000
4.5539530843	0.7853981853	1.2217304707	0.4363323152	1.5707963705	0.0000000000	0.0000000000	0.0000000000
4.5581233710	0.7853981853	1.2217304707	0.4363323152	1.5707963705	0.0000000000	0.0000000000	0.0000000000
4.5622936577	0.7853981853	1.2217304707	0.4363323152	1.5707963705	0.0000000000	0.0000000000	0.0000000000
4.5664639444	0.7853981853	1.2217304707	0.4363323152	1.5707963705	0.0000000000	0.0000000000	0.0000000000
4.5706342311	0.7853981853	1.2217304707	0.4363323152	1.5707963705	0.0000000000	0.0000000000	0.0000000000
4.5748045178	0.7853981853	1.2217304707	0.4363323152	1.5707963705	0.0000000000	0.0000000000	0.0000000000
4.5789748045	0.7853981853	1.2217304707	0.4363323152	1.5707963705	0.0000000000	0.0000000000	0.0000000000
4.5831450912	0.7853981853	1.2217304707	0.4363323152	1.5707963705	0.0000000000	0.0000000000	0.0000000000
4.5873153779	0.7853981853	1.2217304707	0.4363323152	1.5707963705	0.0000000000	0.0000000000	0.0000000000
4.5914856646	0.7853981853	1.2217304707	0.4363323152	1.5707963705	0.0000000000	0.0000000000	0.0000000000
4.5956559513	0.7853981853	1.2217304707	0.4363323152	1.5707963705	0.0000000000	0.0000000000	0.0000000000
4.5998262381	0.7853981853	1.2217304707	0.4363323152	1.5707963705	0.0000000000	0.0000000000	0.0000000000
4.6039965248	0.7853981853	1.2217304707	0.4363323152	1.5707963705	0.0000000000	0.0000000000	0.0000000000
4.6081668115	0.7853981853	1.2217304707	0.4363323152	1.5707963705	0.0000000000	0.0000000000	0.0000000000
4.6123370982	0.7853981853	1.2217304707	0.4363323152	1.5707963705	0.0000000000	0.0000000000	0.0000000000
4.6165073849	0.7853981853	1.2217304707	0.4363323152	1.5707963705	0.0000000000	0.0000000000	0.0000000000
4.6206776716	0.7853981853	1.2217304707	0.4363323152	1.5707963705	0.0000000000	0.0000000000	0.0000000000
4.6248479583	0.7853981853	1.2217304707	0.4363323152	1.5707963705	0.0000000000	0.0000000000	0.0000000000
4.6290182450	0.7853981853	1.2217304707	0.4363323152	1.5707963705	0.0000000000	0.0000000000	0.0000000000
4.6331885317	0.7853981853	1.2217304707	0.4363323152	1.5707963705	0.0000000000	0.0000000000	0.0000000000
4.6373588184	0.7853981853	1.2217304707	0.4363323152	1.5707963705	0.0000000000	0.0000000000	0.0000000000
4.6415291051	0.7853981853	1.2217304707	0.4363323152	1.5707963705	0.0000000000	0.0000000000	0.0000000000
4.6456993918	0.7853981853	1.2217304707	0.4363323152	1.5707963705	0.0000000000	0.0000000000	0.0000000000
4.6498696785	0.7853981853	1.2217304707	0.4363323152	1.5707963705	0.0000000000	0.0000000000	0.0000000000
4.6540399652	0.7853981853	1.2217304707	0.4363323152	1.5707963705	0.0000000000	0.0000000000	0.0000000000
4.6582102520	0.7853981853	1.2217304707	0.4363323152	1.5707963705	0.0000000000	0.0000000000	0.0000000000
4.6623805387	0.7853981853	1.2217304707	0.4363323152	1.5707963705	0.0000000000	0.0000000000	0.0000000000
4.6665508254	0.7853981853	1.2217304707	0.4363323152	1.5707963705	0.0000000000	0.0000000000	0.0000000000
4.6707211121	0.7853981853	1.2217304707	0.4363323152	1.5707963705	0.0000000000	0.0000000000	0.0000000000
4.6748913988	0.7853981853	1.2217304707	0.4363323152	1.5707963705	0.0000000000	0.0000000000	0.0000000000
4.6790616855	0.7853981853	1.2217304707	0.4363323152	1.5707963705	0.0000000000	0.0000000000	0.0000000000
4.6832319722	0.7853981853	1.2217304707	0.4363323152	1.5707963705	0.0000000000	0.0000000000	0.0000000000
4.6874022589	0.7853981853	1.2217304707	0.4363323152	1.5707963705	0.0000000000	0.0000000000	0.0000000000
4.6915725456	0.7853981853	1.2217304707	0.4363323152	1.5707963705	0.0000000000	0.0000000000	0.0000000000
4.6957428323	0.7853981853	1.2217304707	0.4363323152	1.5707963705	0.0000000000	0.0000000000	0.0000000000
4.6999131190	0.7853981853	1.2217304707	0.4363323152	1.5707963705	0.0000000000	0.0000000000	0.0000000000
4.7040834057	0.7853981853	1.2217304707	0.4363323152	1.5707963705	0.0000000000	0.0000000000	0.0000000000
4.7082536924	0.7853981853	1.2217304707	0.4363323152	1.5707963705	0.0000000000	0.0000000000	0.0000000000
4.7124239791	0.7853981853	1.2217304707	0.4363323152	1.5707963705	0.0000000000	0.0000000000	0.0000000000
4.7165942659	0.7853981853	1.2217304707	0.4363323152	1.5707963705	0.0000000000	0.0000000000	0.0000000000
4.7207645526	0.7853981853	1.2217304707	0.4363323152	1.5707963705	0.0000000000	0.0000000000	0.0000000000
4.7249348393	0.7853981853	1.2217304707	0.4363323152	1.5707963705	0.0000000000	0.0000000000	0.0000000000
4.7291051260	0.7853981853	1.2217304707	0.4363323152	1.5707963705	0.0000000000	0.0000000000	0.0000000000
4.7332754127	0.7853981853	1.2217304707	0.4363323152	1.5707963705	0.0000000000	0.0000000000	0.0000000000
4.7374456994	0.7853981853	1.2217304707	0.4363323152	1.5707963705	0.0000000000	0.0000000000	0.0000000000
4.7416159861	0.7853981853	1.2217304707	0.4363323152	1.5707963705	0.0000000000	0.0000000000	0.0000000000
4.7457862728	0.7853981853	1.2217304707	0.4363323152	1.5707963705	0.0000000000	0.0000000000	0.0000000000
4.7499565595	0.7853981853	1.2217304707	0.4363323152	1.5707963705	0.0000000000	0.0000000000	0.0000000000
4.7541268462	0.7853981853	1.2217304707	0.4363323152	1.5707963705	0.0000000000	0.0000000000	0.0000000000
4.7582971329	0.7853981853	1.2217304707	0.4363323152	1.5707963705	0.0000000000	0.0000000000	0.0000000000
4.7624674196	0.7853981853	1.2217304707	0.4363323152	1.5707963705	0.0000000000	0.0000000000	0.0000000000
4.7666377063	0.7853981853	1.2217304707	0.4363323152	1.5707963705	0.0000000000	0.0000000000	0.0000000000
4.7708079930	0.7853981853	1.2217304707	0.4363323152	1.5707963705	0.0000000000	0.0000000000	0.0000000000
4.7749782798	0.7853981853	1.2217304707	0.4363323152	1.5707963705	0.0000000000	0.0000000000	0.0000000000
4.7791485665	0.7853981853	1.2217304707	0.4363323152	1.5707963705	0.0000000000	0.0000000000	0.0000000000
4.7833188532	0.7853981853	1.2217304707	0.4363323152	1.5707963705	0.0000000000	0.0000000000	0.0000000000
4.7874891399	0.7853981853	1.2217304707	0.4363323152	1.5707963705	0.0000000000	0.0000000000	0.0000000000
4.7916594266	0.7853981853	1.2217304707	0.4363323152	1.5707963705	0.0000000000	0.0000000000	0.0000000000
4.7958297133	0.7853981853	1.2217304707	0.4363323152	1.5707963705	0.0000000000	0.0000000000	0.0000000000
4.8000000000	0.7853981853	1.2217304707	0.4363323152	1.5707963705	0.0000000000	0.0000000000	0.0000000000
