inDegrees=no
DataType=double
version=3
OpenSimVersion=4.4-2022-10-11-798caa840
endheader
time	elv_angle	shoulder_elv	shoulder_rot	elbow_flexion	pro_sup	deviation	flexion
0.0000000000	0.7853981853	1.2217304707	0.4363323152	1.5707963705	0.0000000000	0.0000000000	0.0000000000
0.0041702867	0.7853981853	1.2217304707	0.4363323152	1.5707963705	0.0000000000	0.0000000000	0.0000000000
0.0083405734	0.7853981853	1.2217304707	0.4363323152	1.5707963705	0.0000000000	0.0000000000	0.0000000000
0.0125108601	0.7853981853	1.2217304707	0.4363323152	1.5707963705	0.0000000000	0.0000000000	0.0000000000
0.0166811468	0.7853981853	1.2217304707	0.4363323152	1.5707963705	0.0000000000	0.0000000000	0.0000000000
0.0208514335	0.7853981853	1.2217304707	0.4363323152	1.5707963705	0.0000000000	0.0000000000	0.0000000000
0.0250217202	0.7853981853	1.2217304707	0.4363323152	1.5707963705	0.0000000000	0.0000000000	0.0000000000
0.0291920070	0.7853981853	1.2217304707	0.4363323152	1.5707963705	0.0000000000	0.0000000000	0.0000000000
0.0333622937	0.7853981853	1.2217304707	0.4363323152	1.5707963705	0.0000000000	0.0000000000	0.0000000000
0.0375325804	0.7853981853	1.2217304707	0.4363323152	1.5707963705	0.0000000000	0.0000000000	0.0000000000
0.0417028671	0.7853981853	1.2217304707	0.4363323152	1.5707963705	0.0000000000	0.0000000000	0.0000000000
0.0458731538	0.7853981853	1.2217304707	0.4363323152	1.5707963705	0.0000000000	0.0000000000	0.0000000000
0.0500434405	0.7853981853	1.2217304707	0.4363323152	1.5707963705	0.0000000000	0.0000000000	0.0000000000
0.0542137272	0.7853981853	1.2217304707	0.4363323152	1.5707963705	0.0000000000	0.0000000000	0.0000000000
0.0583840139	0.7853981853	1.2217304707	0.4363323152	1.5707963705	0.0000000000	0.0000000000	0.0000000000
0.0625543006	0.7853981853	1.2217304707	0.4363323152	1.5707963705	0.0000000000	0.0000000000	0.0000000000
0.0667245873	0.7853981853	1.2217304707	0.4363323152	1.5707963705	0.0000000000	0.0000000000	0.0000000000
0.0708948740	0.7853981853	1.2217304707	0.4363323152	1.5707963705	0.0000000000	0.0000000000	0.0000000000
0.0750651607	0.7853981853	1.2217304707	0.4363323152	1.5707963705	0.0000000000	0.0000000000	0.0000000000
0.0792354474	0.7853981853	1.2217304707	0.4363323152	1.5707963705	0.0000000000	0.0000000000	0.0000000000
0.0834057341	0.7853981853	1.2217304707	0.4363323152	1.5707963705	0.0000000000	0.0000000000	0.0000000000
0.0875760209	0.7853981853	1.2217304707	0.4363323152	1.5707963705	0.0000000000	0.0000000000	0.0000000000
0.0917463076	0.7853981853	1.2217304707	0.4363323152	1.5707963705	0.0000000000	0.0000000000	0.0000000000
0.0959165943	0.7853981853	1.2217304707	0.4363323152	1.5707963705	0.0000000000	0.0000000000	0.0000000000
0.1000868810	0.7853981853	1.2217304707	0.4363323152	1.5707963705	0.0000000000	0.0000000000	0.0000000000
0.1042571677	0.7853981853	1.2217304707	0.4363323152	1.5707963705	0.0000000000	0.0000000000	0.0000000000
0.1084274544	0.7853981853	1.2217304707	0.4363323152	1.5707963705	0.0000000000	0.0000000000	0.0000000000
0.1125977411	0.7853981853	1.2217304707	0.4363323152	1.5707963705	0.0000000000	0.0000000000	0.0000000000
0.1167680278	0.7853981853	1.2217304707	0.4363323152	1.5707963705	0.0000000000	0.0000000000	0.0000000000
0.1209383145	0.7853981853	1.2217304707	0.4363323152	1.5707963705	0.0000000000	0.0000000000	0.0000000000
0.1251086012	0.7853981853	1.2217304707	0.4363323152	1.5707963705	0.0000000000	0.0000000000	0.0000000000
0.1292788879	0.7853981853	1.2217304707	0.4363323152	1.5707963705	0.0000000000	0.0000000000	0.0000000000
0.1334491746	0.7853981853	1.2217304707	0.4363323152	1.5707963705	0.0000000000	0.0000000000	0.0000000000
0.1376194613	0.7853981853	1.2217304707	0.4363323152	1.5707963705	0.0000000000	0.0000000000	0.0000000000
0.1417897480	0.7853981853	1.2217304707	0.4363323152	1.5707963705	0.0000000000	0.0000000000	0.0000000000
0.1459600348	0.7853981853	1.2217304707	0.4363323152	1.5707963705	0.0000000000	0.0000000000	0.0000000000
0.1501303215	0.7853981853	1.2217304707	0.4363323152	1.5707963705	0.0000000000	0.0000000000	0.0000000000
0.1543006082	0.7853981853	1.2217304707	0.4363323152	1.5707963705	0.0000000000	0.0000000000	0.0000000000
0.1584708949	0.7853981853	1.2217304707	0.4363323152	1.5707963705	0.0000000000	0.0000000000	0.0000000000
0.1626411816	0.7853981853	1.2217304707	0.4363323152	1.5707963705	0.0000000000	0.0000000000	0.0000000000
0.1668114683	0.7853981853	1.2217304707	0.4363323152	1.5707963705	0.0000000000	0.0000000000	0.0000000000
0.1709817550	0.7853981853	1.2217304707	0.4363323152	1.5707963705	0.0000000000	0.0000000000	0.0000000000
0.1751520417	0.7853981853	1.2217304707	0.4363323152	1.5707963705	0.0000000000	0.0000000000	0.0000000000
0.1793223284	0.7853981853	1.2217304707	0.4363323152	1.5707963705	0.0000000000	0.0000000000	0.0000000000
0.1834926151	0.7853981853	1.2217304707	0.4363323152	1.5707963705	0.0000000000	0.0000000000	0.0000000000
0.1876629018	0.7853981853	1.2217304707	0.4363323152	1.5707963705	0.0000000000	0.0000000000	0.0000000000
0.1918331885	0.7853981853	1.2217304707	0.4363323152	1.5707963705	0.0000000000	0.0000000000	0.0000000000
0.1960034752	0.7853981853	1.2217304707	0.4363323152	1.5707963705	0.0000000000	0.0000000000	0.0000000000
0.2001737619	0.7853981853	1.2217304707	0.4363323152	1.5707963705	0.0000000000	0.0000000000	0.0000000000
0.2043440487	0.7853981853	1.2217304707	0.4363323152	1.5707963705	0.0000000000	0.0000000000	0.0000000000
0.2085143354	0.7853981853	1.2217304707	0.4363323152	1.5707963705	0.0000000000	0.0000000000	0.0000000000
0.2126846221	0.7853981853	1.2217304707	0.4363323152	1.5707963705	0.0000000000	0.0000000000	0.0000000000
0.2168549088	0.7853981853	1.2217304707	0.4363323152	1.5707963705	0.0000000000	0.0000000000	0.0000000000
0.2210251955	0.7853981853	1.2217304707	0.4363323152	1.5707963705	0.0000000000	0.0000000000	0.0000000000
0.2251954822	0.7853981853	1.2217304707	0.4363323152	1.5707963705	0.0000000000	0.0000000000	0.0000000000
0.2293657689	0.7853981853	1.2217304707	0.4363323152	1.5707963705	0.0000000000	0.0000000000	0.0000000000
0.2335360556	0.7853981853	1.2217304707	0.4363323152	1.5707963705	0.0000000000	0.0000000000	0.0000000000
0.2377063423	0.7853981853	1.2217304707	0.4363323152	1.5707963705	0.0000000000	0.0000000000	0.0000000000
0.2418766290	0.7853981853	1.2217304707	0.4363323152	1.5707963705	0.0000000000	0.0000000000	0.0000000000
0.2460469157	0.7853981853	1.2217304707	0.4363323152	1.5707963705	0.0000000000	0.0000000000	0.0000000000
0.2502172024	0.7853981853	1.2217304707	0.4363323152	1.5707963705	0.0000000000	0.0000000000	0.0000000000
0.2543874891	0.7853981853	1.2217304707	0.4363323152	1.5707963705	0.0000000000	0.0000000000	0.0000000000
0.2585577758	0.7853981853	1.2217304707	0.4363323152	1.5707963705	0.0000000000	0.0000000000	0.0000000000
0.2627280626	0.7853981853	1.2217304707	0.4363323152	1.5707963705	0.0000000000	0.0000000000	0.0000000000
0.2668983493	0.7853981853	1.2217304707	0.4363323152	1.5707963705	0.0000000000	0.0000000000	0.0000000000
0.2710686360	0.7853981853	1.2217304707	0.4363323152	1.5707963705	0.0000000000	0.0000000000	0.0000000000
0.2752389227	0.7853981853	1.2217304707	0.4363323152	1.5707963705	0.0000000000	0.0000000000	0.0000000000
0.2794092094	0.7853981853	1.2217304707	0.4363323152	1.5707963705	0.0000000000	0.0000000000	0.0000000000
0.2835794961	0.7853981853	1.2217304707	0.4363323152	1.5707963705	0.0000000000	0.0000000000	0.0000000000
0.2877497828	0.7853981853	1.2217304707	0.4363323152	1.5707963705	0.0000000000	0.0000000000	0.0000000000
0.2919200695	0.7853981853	1.2217304707	0.4363323152	1.5707963705	0.0000000000	0.0000000000	0.0000000000
0.2960903562	0.7853981853	1.2217304707	0.4363323152	1.5707963705	0.0000000000	0.0000000000	0.0000000000
0.3002606429	0.7853981853	1.2217304707	0.4363323152	1.5707963705	0.0000000000	0.0000000000	0.0000000000
0.3044309296	0.7853981853	1.2217304707	0.4363323152	1.5707963705	0.0000000000	0.0000000000	0.0000000000
0.3086012163	0.7853981853	1.2217304707	0.4363323152	1.5707963705	0.0000000000	0.0000000000	0.0000000000
0.3127715030	0.7853981853	1.2217304707	0.4363323152	1.5707963705	0.0000000000	0.0000000000	0.0000000000
0.3169417897	0.7853981853	1.2217304707	0.4363323152	1.5707963705	0.0000000000	0.0000000000	0.0000000000
0.3211120765	0.7853981853	1.2217304707	0.4363323152	1.5707963705	0.0000000000	0.0000000000	0.0000000000
0.3252823632	0.7853981853	1.2217304707	0.4363323152	1.5707963705	0.0000000000	0.0000000000	0.0000000000
0.3294526499	0.7853981853	1.2217304707	0.4363323152	1.5707963705	0.0000000000	0.0000000000	0.0000000000
0.3336229366	0.7853981853	1.2217304707	0.4363323152	1.5707963705	0.0000000000	0.0000000000	0.0000000000
0.3377932233	0.7853981853	1.2217304707	0.4363323152	1.5707963705	0.0000000000	0.0000000000	0.0000000000
0.3419635100	0.7853981853	1.2217304707	0.4363323152	1.5707963705	0.0000000000	0.0000000000	0.0000000000
0.3461337967	0.7853981853	1.2217304707	0.4363323152	1.5707963705	0.0000000000	0.0000000000	0.0000000000
0.3503040834	0.7853981853	1.2217304707	0.4363323152	1.5707963705	0.0000000000	0.0000000000	0.0000000000
0.3544743701	0.7853981853	1.2217304707	0.4363323152	1.5707963705	0.0000000000	0.0000000000	0.0000000000
0.3586446568	0.7853981853	1.2217304707	0.4363323152	1.5707963705	0.0000000000	0.0000000000	0.0000000000
0.3628149435	0.7853981853	1.2217304707	0.4363323152	1.5707963705	0.0000000000	0.0000000000	0.0000000000
0.3669852302	0.7853981853	1.2217304707	0.4363323152	1.5707963705	0.0000000000	0.0000000000	0.0000000000
0.3711555169	0.7853981853	1.2217304707	0.4363323152	1.5707963705	0.0000000000	0.0000000000	0.0000000000
0.3753258036	0.7853981853	1.2217304707	0.4363323152	1.5707963705	0.0000000000	0.0000000000	0.0000000000
0.3794960904	0.7853981853	1.2217304707	0.4363323152	1.5707963705	0.0000000000	0.0000000000	0.0000000000
0.3836663771	0.7853981853	1.2217304707	0.4363323152	1.5707963705	0.0000000000	0.0000000000	0.0000000000
0.3878366638	0.7853981853	1.2217304707	0.4363323152	1.5707963705	0.0000000000	0.0000000000	0.0000000000
0.3920069505	0.7853981853	1.2217304707	0.4363323152	1.5707963705	0.0000000000	0.0000000000	0.0000000000
0.3961772372	0.7853981853	1.2217304707	0.4363323152	1.5707963705	0.0000000000	0.0000000000	0.0000000000
0.4003475239	0.7853981853	1.2217304707	0.4363323152	1.5707963705	0.0000000000	0.0000000000	0.0000000000
0.4045178106	0.7853981853	1.2217304707	0.4363323152	1.5707963705	0.0000000000	0.0000000000	0.0000000000
0.4086880973	0.7853981853	1.2217304707	0.4363323152	1.5707963705	0.0000000000	0.0000000000	0.0000000000
0.4128583840	0.7853981853	1.2217304707	0.4363323152	1.5707963705	0.0000000000	0.0000000000	0.0000000000
0.4170286707	0.7853981853	1.2217304707	0.4363323152	1.5707963705	0.0000000000	0.0000000000	0.0000000000
0.4211989574	0.7853981853	1.2217304707	0.4363323152	1.5707963705	0.0000000000	0.0000000000	0.0000000000
0.4253692441	0.7853981853	1.2217304707	0.4363323152	1.5707963705	0.0000000000	0.0000000000	0.0000000000
0.4295395308	0.7853981853	1.2217304707	0.4363323152	1.5707963705	0.0000000000	0.0000000000	0.0000000000
0.4337098175	0.7853981853	1.2217304707	0.4363323152	1.5707963705	0.0000000000	0.0000000000	0.0000000000
0.4378801043	0.7853981853	1.2217304707	0.4363323152	1.5707963705	0.0000000000	0.0000000000	0.0000000000
0.4420503910	0.7853981853	1.2217304707	0.4363323152	1.5707963705	0.0000000000	0.0000000000	0.0000000000
0.4462206777	0.7853981853	1.2217304707	0.4363323152	1.5707963705	0.0000000000	0.0000000000	0.0000000000
0.4503909644	0.7853981853	1.2217304707	0.4363323152	1.5707963705	0.0000000000	0.0000000000	0.0000000000
0.4545612511	0.7853981853	1.2217304707	0.4363323152	1.5707963705	0.0000000000	0.0000000000	0.0000000000
0.4587315378	0.7853981853	1.2217304707	0.4363323152	1.5707963705	0.0000000000	0.0000000000	0.0000000000
0.4629018245	0.7853981853	1.2217304707	0.4363323152	1.5707963705	0.0000000000	0.0000000000	0.0000000000
0.4670721112	0.7853981853	1.2217304707	0.4363323152	1.5707963705	0.0000000000	0.0000000000	0.0000000000
0.4712423979	0.7853981853	1.2217304707	0.4363323152	1.5707963705	0.0000000000	0.0000000000	0.0000000000
0.4754126846	0.7853981853	1.2217304707	0.4363323152	1.5707963705	0.0000000000	0.0000000000	0.0000000000
0.4795829713	0.7853981853	1.2217304707	0.4363323152	1.5707963705	0.0000000000	0.0000000000	0.0000000000
0.4837532580	0.7853981853	1.2217304707	0.4363323152	1.5707963705	0.0000000000	0.0000000000	0.0000000000
0.4879235447	0.7853981853	1.2217304707	0.4363323152	1.5707963705	0.0000000000	0.0000000000	0.0000000000
0.4920938315	0.7853981853	1.2217304707	0.4363323152	1.5707963705	0.0000000000	0.0000000000	0.0000000000
0.4962641182	0.7853981853	1.2217304707	0.4363323152	1.5707963705	0.0000000000	0.0000000000	0.0000000000
0.5004344049	0.7853981853	1.2217304707	0.4363323152	1.5707963705	0.0000000000	0.0000000000	0.0000000000
0.5046046916	0.7853981853	1.2217304707	0.4363323152	1.5707963705	0.0000000000	0.0000000000	0.0000000000
0.5087749783	0.7853981853	1.2217304707	0.4363323152	1.5707963705	0.0000000000	0.0000000000	0.0000000000
0.5129452650	0.7853981853	1.2217304707	0.4363323152	1.5707963705	0.0000000000	0.0000000000	0.0000000000
0.5171155517	0.7853981853	1.2217304707	0.4363323152	1.5707963705	0.0000000000	0.0000000000	0.0000000000
0.5212858384	0.7853981853	1.2217304707	0.4363323152	1.5707963705	0.0000000000	0.0000000000	0.0000000000
0.5254561251	0.7853981853	1.2217304707	0.4363323152	1.5707963705	0.0000000000	0.0000000000	0.0000000000
0.5296264118	0.7853981853	1.2217304707	0.4363323152	1.5707963705	0.0000000000	0.0000000000	0.0000000000
0.5337966985	0.7853981853	1.2217304707	0.4363323152	1.5707963705	0.0000000000	0.0000000000	0.0000000000
0.5379669852	0.7853981853	1.2217304707	0.4363323152	1.5707963705	0.0000000000	0.0000000000	0.0000000000
0.5421372719	0.7853981853	1.2217304707	0.4363323152	1.5707963705	0.0000000000	0.0000000000	0.0000000000
0.5463075586	0.7853981853	1.2217304707	0.4363323152	1.5707963705	0.0000000000	0.0000000000	0.0000000000
0.5504778454	0.7853981853	1.2217304707	0.4363323152	1.5707963705	0.0000000000	0.0000000000	0.0000000000
0.5546481321	0.7853981853	1.2217304707	0.4363323152	1.5707963705	0.0000000000	0.0000000000	0.0000000000
0.5588184188	0.7853981853	1.2217304707	0.4363323152	1.5707963705	0.0000000000	0.0000000000	0.0000000000
0.5629887055	0.7853981853	1.2217304707	0.4363323152	1.5707963705	0.0000000000	0.0000000000	0.0000000000
0.5671589922	0.7853981853	1.2217304707	0.4363323152	1.5707963705	0.0000000000	0.0000000000	0.0000000000
0.5713292789	0.7853981853	1.2217304707	0.4363323152	1.5707963705	0.0000000000	0.0000000000	0.0000000000
0.5754995656	0.7853981853	1.2217304707	0.4363323152	1.5707963705	0.0000000000	0.0000000000	0.0000000000
0.5796698523	0.7853981853	1.2217304707	0.4363323152	1.5707963705	0.0000000000	0.0000000000	0.0000000000
0.5838401390	0.7853981853	1.2217304707	0.4363323152	1.5707963705	0.0000000000	0.0000000000	0.0000000000
0.5880104257	0.7853981853	1.2217304707	0.4363323152	1.5707963705	0.0000000000	0.0000000000	0.0000000000
0.5921807124	0.7853981853	1.2217304707	0.4363323152	1.5707963705	0.0000000000	0.0000000000	0.0000000000
0.5963509991	0.7853981853	1.2217304707	0.4363323152	1.5707963705	0.0000000000	0.0000000000	0.0000000000
0.6005212858	0.7853981853	1.2217304707	0.4363323152	1.5707963705	0.0000000000	0.0000000000	0.0000000000
0.6046915725	0.7853981853	1.2217304707	0.4363323152	1.5707963705	0.0000000000	0.0000000000	0.0000000000
0.6088618593	0.7853981853	1.2217304707	0.4363323152	1.5707963705	0.0000000000	0.0000000000	0.0000000000
0.6130321460	0.7853981853	1.2217304707	0.4363323152	1.5707963705	0.0000000000	0.0000000000	0.0000000000
0.6172024327	0.7853981853	1.2217304707	0.4363323152	1.5707963705	0.0000000000	0.0000000000	0.0000000000
0.6213727194	0.7853981853	1.2217304707	0.4363323152	1.5707963705	0.0000000000	0.0000000000	0.0000000000
0.6255430061	0.7853981853	1.2217304707	0.4363323152	1.5707963705	0.0000000000	0.0000000000	0.0000000000
0.6297132928	0.7853981853	1.2217304707	0.4363323152	1.5707963705	0.0000000000	0.0000000000	0.0000000000
0.6338835795	0.7853981853	1.2217304707	0.4363323152	1.5707963705	0.0000000000	0.0000000000	0.0000000000
0.6380538662	0.7853981853	1.2217304707	0.4363323152	1.5707963705	0.0000000000	0.0000000000	0.0000000000
0.6422241529	0.7853981853	1.2217304707	0.4363323152	1.5707963705	0.0000000000	0.0000000000	0.0000000000
0.6463944396	0.7853981853	1.2217304707	0.4363323152	1.5707963705	0.0000000000	0.0000000000	0.0000000000
0.6505647263	0.7853981853	1.2217304707	0.4363323152	1.5707963705	0.0000000000	0.0000000000	0.0000000000
0.6547350130	0.7853981853	1.2217304707	0.4363323152	1.5707963705	0.0000000000	0.0000000000	0.0000000000
0.6589052997	0.7853981853	1.2217304707	0.4363323152	1.5707963705	0.0000000000	0.0000000000	0.0000000000
0.6630755864	0.7853981853	1.2217304707	0.4363323152	1.5707963705	0.0000000000	0.0000000000	0.0000000000
0.6672458732	0.7853981853	1.2217304707	0.4363323152	1.5707963705	0.0000000000	0.0000000000	0.0000000000
0.6714161599	0.7853981853	1.2217304707	0.4363323152	1.5707963705	0.0000000000	0.0000000000	0.0000000000
0.6755864466	0.7853981853	1.2217304707	0.4363323152	1.5707963705	0.0000000000	0.0000000000	0.0000000000
0.6797567333	0.7853981853	1.2217304707	0.4363323152	1.5707963705	0.0000000000	0.0000000000	0.0000000000
0.6839270200	0.7853981853	1.2217304707	0.4363323152	1.5707963705	0.0000000000	0.0000000000	0.0000000000
0.6880973067	0.7853981853	1.2217304707	0.4363323152	1.5707963705	0.0000000000	0.0000000000	0.0000000000
0.6922675934	0.7853981853	1.2217304707	0.4363323152	1.5707963705	0.0000000000	0.0000000000	0.0000000000
0.6964378801	0.7853981853	1.2217304707	0.4363323152	1.5707963705	0.0000000000	0.0000000000	0.0000000000
0.7006081668	0.7853981853	1.2217304707	0.4363323152	1.5707963705	0.0000000000	0.0000000000	0.0000000000
0.7047784535	0.7853981853	1.2217304707	0.4363323152	1.5707963705	0.0000000000	0.0000000000	0.0000000000
0.7089487402	0.7853981853	1.2217304707	0.4363323152	1.5707963705	0.0000000000	0.0000000000	0.0000000000
0.7131190269	0.7853981853	1.2217304707	0.4363323152	1.5707963705	0.0000000000	0.0000000000	0.0000000000
0.7172893136	0.7853981853	1.2217304707	0.4363323152	1.5707963705	0.0000000000	0.0000000000	0.0000000000
0.7214596003	0.7853981853	1.2217304707	0.4363323152	1.5707963705	0.0000000000	0.0000000000	0.0000000000
0.7256298871	0.7853981853	1.2217304707	0.4363323152	1.5707963705	0.0000000000	0.0000000000	0.0000000000
0.7298001738	0.7853981853	1.2217304707	0.4363323152	1.5707963705	0.0000000000	0.0000000000	0.0000000000
0.7339704605	0.7853981853	1.2217304707	0.4363323152	1.5707963705	0.0000000000	0.0000000000	0.0000000000
0.7381407472	0.7853981853	1.2217304707	0.4363323152	1.5707963705	0.0000000000	0.0000000000	0.0000000000
0.7423110339	0.7853981853	1.2217304707	0.4363323152	1.5707963705	0.0000000000	0.0000000000	0.0000000000
0.7464813206	0.7853981853	1.2217304707	0.4363323152	1.5707963705	0.0000000000	0.0000000000	0.0000000000
0.7506516073	0.7853981853	1.2217304707	0.4363323152	1.5707963705	0.0000000000	0.0000000000	0.0000000000
0.7548218940	0.7853981853	1.2217304707	0.4363323152	1.5707963705	0.0000000000	0.0000000000	0.0000000000
0.7589921807	0.7853981853	1.2217304707	0.4363323152	1.5707963705	0.0000000000	0.0000000000	0.0000000000
0.7631624674	0.7853981853	1.2217304707	0.4363323152	1.5707963705	0.0000000000	0.0000000000	0.0000000000
0.7673327541	0.7853981853	1.2217304707	0.4363323152	1.5707963705	0.0000000000	0.0000000000	0.0000000000
0.7715030408	0.7853981853	1.2217304707	0.4363323152	1.5707963705	0.0000000000	0.0000000000	0.0000000000
0.7756733275	0.7853981853	1.2217304707	0.4363323152	1.5707963705	0.0000000000	0.0000000000	0.0000000000
0.7798436142	0.7853981853	1.2217304707	0.4363323152	1.5707963705	0.0000000000	0.0000000000	0.0000000000
0.7840139010	0.7853981853	1.2217304707	0.4363323152	1.5707963705	0.0000000000	0.0000000000	0.0000000000
0.7881841877	0.7853981853	1.2217304707	0.4363323152	1.5707963705	0.0000000000	0.0000000000	0.0000000000
0.7923544744	0.7853981853	1.2217304707	0.4363323152	1.5707963705	0.0000000000	0.0000000000	0.0000000000
0.7965247611	0.7853981853	1.2217304707	0.4363323152	1.5707963705	0.0000000000	0.0000000000	0.0000000000
0.8006950478	0.7853981853	1.2217304707	0.4363323152	1.5707963705	0.0000000000	0.0000000000	0.0000000000
0.8048653345	0.7853981853	1.2217304707	0.4363323152	1.5707963705	0.0000000000	0.0000000000	0.0000000000
0.8090356212	0.7853981853	1.2217304707	0.4363323152	1.5707963705	0.0000000000	0.0000000000	0.0000000000
0.8132059079	0.7853981853	1.2217304707	0.4363323152	1.5707963705	0.0000000000	0.0000000000	0.0000000000
0.8173761946	0.7853981853	1.2217304707	0.4363323152	1.5707963705	0.0000000000	0.0000000000	0.0000000000
0.8215464813	0.7853981853	1.2217304707	0.4363323152	1.5707963705	0.0000000000	0.0000000000	0.0000000000
0.8257167680	0.7853981853	1.2217304707	0.4363323152	1.5707963705	0.0000000000	0.0000000000	0.0000000000
0.8298870547	0.7853981853	1.2217304707	0.4363323152	1.5707963705	0.0000000000	0.0000000000	0.0000000000
0.8340573414	0.7853981853	1.2217304707	0.4363323152	1.5707963705	0.0000000000	0.0000000000	0.0000000000
0.8382276281	0.7853981853	1.2217304707	0.4363323152	1.5707963705	0.0000000000	0.0000000000	0.0000000000
0.8423979149	0.7853981853	1.2217304707	0.4363323152	1.5707963705	0.0000000000	0.0000000000	0.0000000000
0.8465682016	0.7853981853	1.2217304707	0.4363323152	1.5707963705	0.0000000000	0.0000000000	0.0000000000
0.8507384883	0.7853981853	1.2217304707	0.4363323152	1.5707963705	0.0000000000	0.0000000000	0.0000000000
0.8549087750	0.7853981853	1.2217304707	0.4363323152	1.5707963705	0.0000000000	0.0000000000	0.0000000000
0.8590790617	0.7853981853	1.2217304707	0.4363323152	1.5707963705	0.0000000000	0.0000000000	0.0000000000
0.8632493484	0.7853981853	1.2217304707	0.4363323152	1.5707963705	0.0000000000	0.0000000000	0.0000000000
0.8674196351	0.7853981853	1.2217304707	0.4363323152	1.5707963705	0.0000000000	0.0000000000	0.0000000000
0.8715899218	0.7853981853	1.2217304707	0.4363323152	1.5707963705	0.0000000000	0.0000000000	0.0000000000
0.8757602085	0.7853981853	1.2217304707	0.4363323152	1.5707963705	0.0000000000	0.0000000000	0.0000000000
0.8799304952	0.7853981853	1.2217304707	0.4363323152	1.5707963705	0.0000000000	0.0000000000	0.0000000000
0.8841007819	0.7853981853	1.2217304707	0.4363323152	1.5707963705	0.0000000000	0.0000000000	0.0000000000
0.8882710686	0.7853981853	1.2217304707	0.4363323152	1.5707963705	0.0000000000	0.0000000000	0.0000000000
0.8924413553	0.7853981853	1.2217304707	0.4363323152	1.5707963705	0.0000000000	0.0000000000	0.0000000000
0.8966116421	0.7853981853	1.2217304707	0.4363323152	1.5707963705	0.0000000000	0.0000000000	0.0000000000
0.9007819288	0.7853981853	1.2217304707	0.4363323152	1.5707963705	0.0000000000	0.0000000000	0.0000000000
0.9049522155	0.7853981853	1.2217304707	0.4363323152	1.5707963705	0.0000000000	0.0000000000	0.0000000000
0.9091225022	0.7853981853	1.2217304707	0.4363323152	1.5707963705	0.0000000000	0.0000000000	0.0000000000
0.9132927889	0.7853981853	1.2217304707	0.4363323152	1.5707963705	0.0000000000	0.0000000000	0.0000000000
0.9174630756	0.7853981853	1.2217304707	0.4363323152	1.5707963705	0.0000000000	0.0000000000	0.0000000000
0.9216333623	0.7853981853	1.2217304707	0.4363323152	1.5707963705	0.0000000000	0.0000000000	0.0000000000
0.9258036490	0.7853981853	1.2217304707	0.4363323152	1.5707963705	0.0000000000	0.0000000000	0.0000000000
0.9299739357	0.7853981853	1.2217304707	0.4363323152	1.5707963705	0.0000000000	0.0000000000	0.0000000000
0.9341442224	0.7853981853	1.2217304707	0.4363323152	1.5707963705	0.0000000000	0.0000000000	0.0000000000
0.9383145091	0.7853981853	1.2217304707	0.4363323152	1.5707963705	0.0000000000	0.0000000000	0.0000000000
0.9424847958	0.7853981853	1.2217304707	0.4363323152	1.5707963705	0.0000000000	0.0000000000	0.0000000000
0.9466550825	0.7853981853	1.2217304707	0.4363323152	1.5707963705	0.0000000000	0.0000000000	0.0000000000
0.9508253692	0.7853981853	1.2217304707	0.4363323152	1.5707963705	0.0000000000	0.0000000000	0.0000000000
0.9549956560	0.7853981853	1.2217304707	0.4363323152	1.5707963705	0.0000000000	0.0000000000	0.0000000000
0.9591659427	0.7853981853	1.2217304707	0.4363323152	1.5707963705	0.0000000000	0.0000000000	0.0000000000
0.9633362294	0.7853981853	1.2217304707	0.4363323152	1.5707963705	0.0000000000	0.0000000000	0.0000000000
0.9675065161	0.7853981853	1.2217304707	0.4363323152	1.5707963705	0.0000000000	0.0000000000	0.0000000000
0.9716768028	0.7853981853	1.2217304707	0.4363323152	1.5707963705	0.0000000000	0.0000000000	0.0000000000
0.9758470895	0.7853981853	1.2217304707	0.4363323152	1.5707963705	0.0000000000	0.0000000000	0.0000000000
0.9800173762	0.7853981853	1.2217304707	0.4363323152	1.5707963705	0.0000000000	0.0000000000	0.0000000000
0.9841876629	0.7853981853	1.2217304707	0.4363323152	1.5707963705	0.0000000000	0.0000000000	0.0000000000
0.9883579496	0.7853981853	1.2217304707	0.4363323152	1.5707963705	0.0000000000	0.0000000000	0.0000000000
0.9925282363	0.7853981853	1.2217304707	0.4363323152	1.5707963705	0.0000000000	0.0000000000	0.0000000000
0.9966985230	0.7853981853	1.2217304707	0.4363323152	1.5707963705	0.0000000000	0.0000000000	0.0000000000
1.0008688097	0.7853981853	1.2217304707	0.4363323152	1.5707963705	0.0000000000	0.0000000000	0.0000000000
1.0050390964	0.7853981853	1.2217304707	0.4363323152	1.5707963705	0.0000000000	0.0000000000	0.0000000000
1.0092093831	0.7853981853	1.2217304707	0.4363323152	1.5707963705	0.0000000000	0.0000000000	0.0000000000
1.0133796699	0.7853981853	1.2217304707	0.4363323152	1.5707963705	0.0000000000	0.0000000000	0.0000000000
1.0175499566	0.7853981853	1.2217304707	0.4363323152	1.5707963705	0.0000000000	0.0000000000	0.0000000000
1.0217202433	0.7853981853	1.2217304707	0.4363323152	1.5707963705	0.0000000000	0.0000000000	0.0000000000
1.0258905300	0.7853981853	1.2217304707	0.4363323152	1.5707963705	0.0000000000	0.0000000000	0.0000000000
1.0300608167	0.7853981853	1.2217304707	0.4363323152	1.5707963705	0.0000000000	0.0000000000	0.0000000000
1.0342311034	0.7853981853	1.2217304707	0.4363323152	1.5707963705	0.0000000000	0.0000000000	0.0000000000
1.0384013901	0.7853981853	1.2217304707	0.4363323152	1.5707963705	0.0000000000	0.0000000000	0.0000000000
1.0425716768	0.7853981853	1.2217304707	0.4363323152	1.5707963705	0.0000000000	0.0000000000	0.0000000000
1.0467419635	0.7853981853	1.2217304707	0.4363323152	1.5707963705	0.0000000000	0.0000000000	0.0000000000
1.0509122502	0.7853981853	1.2217304707	0.4363323152	1.5707963705	0.0000000000	0.0000000000	0.0000000000
1.0550825369	0.7853981853	1.2217304707	0.4363323152	1.5707963705	0.0000000000	0.0000000000	0.0000000000
1.0592528236	0.7853981853	1.2217304707	0.4363323152	1.5707963705	0.0000000000	0.0000000000	0.0000000000
1.0634231103	0.7853981853	1.2217304707	0.4363323152	1.5707963705	0.0000000000	0.0000000000	0.0000000000
1.0675933970	0.7853981853	1.2217304707	0.4363323152	1.5707963705	0.0000000000	0.0000000000	0.0000000000
1.0717636838	0.7853981853	1.2217304707	0.4363323152	1.5707963705	0.0000000000	0.0000000000	0.0000000000
1.0759339705	0.7853981853	1.2217304707	0.4363323152	1.5707963705	0.0000000000	0.0000000000	0.0000000000
1.0801042572	0.7853981853	1.2217304707	0.4363323152	1.5707963705	0.0000000000	0.0000000000	0.0000000000
1.0842745439	0.7853981853	1.2217304707	0.4363323152	1.5707963705	0.0000000000	0.0000000000	0.0000000000
1.0884448306	0.7853981853	1.2217304707	0.4363323152	1.5707963705	0.0000000000	0.0000000000	0.0000000000
1.0926151173	0.7853981853	1.2217304707	0.4363323152	1.5707963705	0.0000000000	0.0000000000	0.0000000000
1.0967854040	0.7853981853	1.2217304707	0.4363323152	1.5707963705	0.0000000000	0.0000000000	0.0000000000
1.1009556907	0.7853981853	1.2217304707	0.4363323152	1.5707963705	0.0000000000	0.0000000000	0.0000000000
1.1051259774	0.7853981853	1.2217304707	0.4363323152	1.5707963705	0.0000000000	0.0000000000	0.0000000000
1.1092962641	0.7853981853	1.2217304707	0.4363323152	1.5707963705	0.0000000000	0.0000000000	0.0000000000
1.1134665508	0.7853981853	1.2217304707	0.4363323152	1.5707963705	0.0000000000	0.0000000000	0.0000000000
1.1176368375	0.7853981853	1.2217304707	0.4363323152	1.5707963705	0.0000000000	0.0000000000	0.0000000000
1.1218071242	0.7853981853	1.2217304707	0.4363323152	1.5707963705	0.0000000000	0.0000000000	0.0000000000
1.1259774109	0.7853981853	1.2217304707	0.4363323152	1.5707963705	0.0000000000	0.0000000000	0.0000000000
1.1301476977	0.7853981853	1.2217304707	0.4363323152	1.5707963705	0.0000000000	0.0000000000	0.0000000000
1.1343179844	0.7853981853	1.2217304707	0.4363323152	1.5707963705	0.0000000000	0.0000000000	0.0000000000
1.1384882711	0.7853981853	1.2217304707	0.4363323152	1.5707963705	0.0000000000	0.0000000000	0.0000000000
1.1426585578	0.7853981853	1.2217304707	0.4363323152	1.5707963705	0.0000000000	0.0000000000	0.0000000000
1.1468288445	0.7853981853	1.2217304707	0.4363323152	1.5707963705	0.0000000000	0.0000000000	0.0000000000
1.1509991312	0.7853981853	1.2217304707	0.4363323152	1.5707963705	0.0000000000	0.0000000000	0.0000000000
1.1551694179	0.7853981853	1.2217304707	0.4363323152	1.5707963705	0.0000000000	0.0000000000	0.0000000000
1.1593397046	0.7853981853	1.2217304707	0.4363323152	1.5707963705	0.0000000000	0.0000000000	0.0000000000
1.1635099913	0.7853981853	1.2217304707	0.4363323152	1.5707963705	0.0000000000	0.0000000000	0.0000000000
1.1676802780	0.7853981853	1.2217304707	0.4363323152	1.5707963705	0.0000000000	0.0000000000	0.0000000000
1.1718505647	0.7853981853	1.2217304707	0.4363323152	1.5707963705	0.0000000000	0.0000000000	0.0000000000
1.1760208514	0.7853981853	1.2217304707	0.4363323152	1.5707963705	0.0000000000	0.0000000000	0.0000000000
1.1801911381	0.7853981853	1.2217304707	0.4363323152	1.5707963705	0.0000000000	0.0000000000	0.0000000000
1.1843614248	0.7853981853	1.2217304707	0.4363323152	1.5707963705	0.0000000000	0.0000000000	0.0000000000
1.1885317116	0.7853981853	1.2217304707	0.4363323152	1.5707963705	0.0000000000	0.0000000000	0.0000000000
1.1927019983	0.7853981853	1.2217304707	0.4363323152	1.5707963705	0.0000000000	0.0000000000	0.0000000000
1.1968722850	0.7853981853	1.2217304707	0.4363323152	1.5707963705	0.0000000000	0.0000000000	0.0000000000
1.2010425717	0.7853981853	1.2217304707	0.4363323152	1.5707963705	0.0000000000	0.0000000000	0.0000000000
1.2052128584	0.7853981853	1.2217304707	0.4363323152	1.5707963705	0.0000000000	0.0000000000	0.0000000000
1.2093831451	0.7853981853	1.2217304707	0.4363323152	1.5707963705	0.0000000000	0.0000000000	0.0000000000
1.2135534318	0.7853981853	1.2217304707	0.4363323152	1.5707963705	0.0000000000	0.0000000000	0.0000000000
1.2177237185	0.7853981853	1.2217304707	0.4363323152	1.5707963705	0.0000000000	0.0000000000	0.0000000000
1.2218940052	0.7853981853	1.2217304707	0.4363323152	1.5707963705	0.0000000000	0.0000000000	0.0000000000
1.2260642919	0.7853981853	1.2217304707	0.4363323152	1.5707963705	0.0000000000	0.0000000000	0.0000000000
1.2302345786	0.7853981853	1.2217304707	0.4363323152	1.5707963705	0.0000000000	0.0000000000	0.0000000000
1.2344048653	0.7853981853	1.2217304707	0.4363323152	1.5707963705	0.0000000000	0.0000000000	0.0000000000
1.2385751520	0.7853981853	1.2217304707	0.4363323152	1.5707963705	0.0000000000	0.0000000000	0.0000000000
1.2427454387	0.7853981853	1.2217304707	0.4363323152	1.5707963705	0.0000000000	0.0000000000	0.0000000000
1.2469157255	0.7853981853	1.2217304707	0.4363323152	1.5707963705	0.0000000000	0.0000000000	0.0000000000
1.2510860122	0.7853981853	1.2217304707	0.4363323152	1.5707963705	0.0000000000	0.0000000000	0.0000000000
1.2552562989	0.7853981853	1.2217304707	0.4363323152	1.5707963705	0.0000000000	0.0000000000	0.0000000000
1.2594265856	0.7853981853	1.2217304707	0.4363323152	1.5707963705	0.0000000000	0.0000000000	0.0000000000
1.2635968723	0.7853981853	1.2217304707	0.4363323152	1.5707963705	0.0000000000	0.0000000000	0.0000000000
1.2677671590	0.7853981853	1.2217304707	0.4363323152	1.5707963705	0.0000000000	0.0000000000	0.0000000000
1.2719374457	0.7853981853	1.2217304707	0.4363323152	1.5707963705	0.0000000000	0.0000000000	0.0000000000
1.2761077324	0.7853981853	1.2217304707	0.4363323152	1.5707963705	0.0000000000	0.0000000000	0.0000000000
1.2802780191	0.7853981853	1.2217304707	0.4363323152	1.5707963705	0.0000000000	0.0000000000	0.0000000000
1.2844483058	0.7853981853	1.2217304707	0.4363323152	1.5707963705	0.0000000000	0.0000000000	0.0000000000
1.2886185925	0.7853981853	1.2217304707	0.4363323152	1.5707963705	0.0000000000	0.0000000000	0.0000000000
1.2927888792	0.7853981853	1.2217304707	0.4363323152	1.5707963705	0.0000000000	0.0000000000	0.0000000000
1.2969591659	0.7853981853	1.2217304707	0.4363323152	1.5707963705	0.0000000000	0.0000000000	0.0000000000
1.3011294526	0.7853981853	1.2217304707	0.4363323152	1.5707963705	0.0000000000	0.0000000000	0.0000000000
1.3052997394	0.7853981853	1.2217304707	0.4363323152	1.5707963705	0.0000000000	0.0000000000	0.0000000000
1.3094700261	0.7853981853	1.2217304707	0.4363323152	1.5707963705	0.0000000000	0.0000000000	0.0000000000
1.3136403128	0.7853981853	1.2217304707	0.4363323152	1.5707963705	0.0000000000	0.0000000000	0.0000000000
1.3178105995	0.7853981853	1.2217304707	0.4363323152	1.5707963705	0.0000000000	0.0000000000	0.0000000000
1.3219808862	0.7853981853	1.2217304707	0.4363323152	1.5707963705	0.0000000000	0.0000000000	0.0000000000
1.3261511729	0.7853981853	1.2217304707	0.4363323152	1.5707963705	0.0000000000	0.0000000000	0.0000000000
1.3303214596	0.7853981853	1.2217304707	0.4363323152	1.5707963705	0.0000000000	0.0000000000	0.0000000000
1.3344917463	0.7853981853	1.2217304707	0.4363323152	1.5707963705	0.0000000000	0.0000000000	0.0000000000
1.3386620330	0.7853981853	1.2217304707	0.4363323152	1.5707963705	0.0000000000	0.0000000000	0.0000000000
1.3428323197	0.7853981853	1.2217304707	0.4363323152	1.5707963705	0.0000000000	0.0000000000	0.0000000000
1.3470026064	0.7853981853	1.2217304707	0.4363323152	1.5707963705	0.0000000000	0.0000000000	0.0000000000
1.3511728931	0.7853981853	1.2217304707	0.4363323152	1.5707963705	0.0000000000	0.0000000000	0.0000000000
1.3553431798	0.7853981853	1.2217304707	0.4363323152	1.5707963705	0.0000000000	0.0000000000	0.0000000000
1.3595134666	0.7853981853	1.2217304707	0.4363323152	1.5707963705	0.0000000000	0.0000000000	0.0000000000
1.3636837533	0.7853981853	1.2217304707	0.4363323152	1.5707963705	0.0000000000	0.0000000000	0.0000000000
1.3678540400	0.7853981853	1.2217304707	0.4363323152	1.5707963705	0.0000000000	0.0000000000	0.0000000000
1.3720243267	0.7853981853	1.2217304707	0.4363323152	1.5707963705	0.0000000000	0.0000000000	0.0000000000
1.3761946134	0.7853981853	1.2217304707	0.4363323152	1.5707963705	0.0000000000	0.0000000000	0.0000000000
1.3803649001	0.7853981853	1.2217304707	0.4363323152	1.5707963705	0.0000000000	0.0000000000	0.0000000000
1.3845351868	0.7853981853	1.2217304707	0.4363323152	1.5707963705	0.0000000000	0.0000000000	0.0000000000
1.3887054735	0.7853981853	1.2217304707	0.4363323152	1.5707963705	0.0000000000	0.0000000000	0.0000000000
1.3928757602	0.7853981853	1.2217304707	0.4363323152	1.5707963705	0.0000000000	0.0000000000	0.0000000000
1.3970460469	0.7853981853	1.2217304707	0.4363323152	1.5707963705	0.0000000000	0.0000000000	0.0000000000
1.4012163336	0.7853981853	1.2217304707	0.4363323152	1.5707963705	0.0000000000	0.0000000000	0.0000000000
1.4053866203	0.7853981853	1.2217304707	0.4363323152	1.5707963705	0.0000000000	0.0000000000	0.0000000000
1.4095569070	0.7853981853	1.2217304707	0.4363323152	1.5707963705	0.0000000000	0.0000000000	0.0000000000
1.4137271937	0.7853981853	1.2217304707	0.4363323152	1.5707963705	0.0000000000	0.0000000000	0.0000000000
1.4178974805	0.7853981853	1.2217304707	0.4363323152	1.5707963705	0.0000000000	0.0000000000	0.0000000000
1.4220677672	0.7853981853	1.2217304707	0.4363323152	1.5707963705	0.0000000000	0.0000000000	0.0000000000
1.4262380539	0.7853981853	1.2217304707	0.4363323152	1.5707963705	0.0000000000	0.0000000000	0.0000000000
1.4304083406	0.7853981853	1.2217304707	0.4363323152	1.5707963705	0.0000000000	0.0000000000	0.0000000000
1.4345786273	0.7853981853	1.2217304707	0.4363323152	1.5707963705	0.0000000000	0.0000000000	0.0000000000
1.4387489140	0.7853981853	1.2217304707	0.4363323152	1.5707963705	0.0000000000	0.0000000000	0.0000000000
1.4429192007	0.7853981853	1.2217304707	0.4363323152	1.5707963705	0.0000000000	0.0000000000	0.0000000000
1.4470894874	0.7853981853	1.2217304707	0.4363323152	1.5707963705	0.0000000000	0.0000000000	0.0000000000
1.4512597741	0.7853981853	1.2217304707	0.4363323152	1.5707963705	0.0000000000	0.0000000000	0.0000000000
1.4554300608	0.7853981853	1.2217304707	0.4363323152	1.5707963705	0.0000000000	0.0000000000	0.0000000000
1.4596003475	0.7853981853	1.2217304707	0.4363323152	1.5707963705	0.0000000000	0.0000000000	0.0000000000
1.4637706342	0.7853981853	1.2217304707	0.4363323152	1.5707963705	0.0000000000	0.0000000000	0.0000000000
1.4679409209	0.7853981853	1.2217304707	0.4363323152	1.5707963705	0.0000000000	0.0000000000	0.0000000000
1.4721112076	0.7853981853	1.2217304707	0.4363323152	1.5707963705	0.0000000000	0.0000000000	0.0000000000
1.4762814944	0.7853981853	1.2217304707	0.4363323152	1.5707963705	0.0000000000	0.0000000000	0.0000000000
1.4804517811	0.7853981853	1.2217304707	0.4363323152	1.5707963705	0.0000000000	0.0000000000	0.0000000000
1.4846220678	0.7853981853	1.2217304707	0.4363323152	1.5707963705	0.0000000000	0.0000000000	0.0000000000
1.4887923545	0.7853981853	1.2217304707	0.4363323152	1.5707963705	0.0000000000	0.0000000000	0.0000000000
1.4929626412	0.7853981853	1.2217304707	0.4363323152	1.5707963705	0.0000000000	0.0000000000	0.0000000000
1.4971329279	0.7853981853	1.2217304707	0.4363323152	1.5707963705	0.0000000000	0.0000000000	0.0000000000
1.5013032146	0.7853981853	1.2217304707	0.4363323152	1.5707963705	0.0000000000	0.0000000000	0.0000000000
1.5054735013	0.7853981853	1.2217304707	0.4363323152	1.5707963705	0.0000000000	0.0000000000	0.0000000000
1.5096437880	0.7853981853	1.2217304707	0.4363323152	1.5707963705	0.0000000000	0.0000000000	0.0000000000
1.5138140747	0.7853981853	1.2217304707	0.4363323152	1.5707963705	0.0000000000	0.0000000000	0.0000000000
1.5179843614	0.7853981853	1.2217304707	0.4363323152	1.5707963705	0.0000000000	0.0000000000	0.0000000000
1.5221546481	0.7853981853	1.2217304707	0.4363323152	1.5707963705	0.0000000000	0.0000000000	0.0000000000
1.5263249348	0.7853981853	1.2217304707	0.4363323152	1.5707963705	0.0000000000	0.0000000000	0.0000000000
1.5304952215	0.7853981853	1.2217304707	0.4363323152	1.5707963705	0.0000000000	0.0000000000	0.0000000000
1.5346655083	0.7853981853	1.2217304707	0.4363323152	1.5707963705	0.0000000000	0.0000000000	0.0000000000
1.5388357950	0.7853981853	1.2217304707	0.4363323152	1.5707963705	0.0000000000	0.0000000000	0.0000000000
1.5430060817	0.7853981853	1.2217304707	0.4363323152	1.5707963705	0.0000000000	0.0000000000	0.0000000000
1.5471763684	0.7853981853	1.2217304707	0.4363323152	1.5707963705	0.0000000000	0.0000000000	0.0000000000
1.5513466551	0.7853981853	1.2217304707	0.4363323152	1.5707963705	0.0000000000	0.0000000000	0.0000000000
1.5555169418	0.7853981853	1.2217304707	0.4363323152	1.5707963705	0.0000000000	0.0000000000	0.0000000000
1.5596872285	0.7853981853	1.2217304707	0.4363323152	1.5707963705	0.0000000000	0.0000000000	0.0000000000
1.5638575152	0.7853981853	1.2217304707	0.4363323152	1.5707963705	0.0000000000	0.0000000000	0.0000000000
1.5680278019	0.7853981853	1.2217304707	0.4363323152	1.5707963705	0.0000000000	0.0000000000	0.0000000000
1.5721980886	0.7853981853	1.2217304707	0.4363323152	1.5707963705	0.0000000000	0.0000000000	0.0000000000
1.5763683753	0.7853981853	1.2217304707	0.4363323152	1.5707963705	0.0000000000	0.0000000000	0.0000000000
1.5805386620	0.7853981853	1.2217304707	0.4363323152	1.5707963705	0.0000000000	0.0000000000	0.0000000000
1.5847089487	0.7853981853	1.2217304707	0.4363323152	1.5707963705	0.0000000000	0.0000000000	0.0000000000
1.5888792354	0.7853981853	1.2217304707	0.4363323152	1.5707963705	0.0000000000	0.0000000000	0.0000000000
1.5930495222	0.7853981853	1.2217304707	0.4363323152	1.5707963705	0.0000000000	0.0000000000	0.0000000000
1.5972198089	0.7853981853	1.2217304707	0.4363323152	1.5707963705	0.0000000000	0.0000000000	0.0000000000
1.6013900956	0.7853981853	1.2217304707	0.4363323152	1.5707963705	0.0000000000	0.0000000000	0.0000000000
1.6055603823	0.7853981853	1.2217304707	0.4363323152	1.5707963705	0.0000000000	0.0000000000	0.0000000000
1.6097306690	0.7853981853	1.2217304707	0.4363323152	1.5707963705	0.0000000000	0.0000000000	0.0000000000
1.6139009557	0.7853981853	1.2217304707	0.4363323152	1.5707963705	0.0000000000	0.0000000000	0.0000000000
1.6180712424	0.7853981853	1.2217304707	0.4363323152	1.5707963705	0.0000000000	0.0000000000	0.0000000000
1.6222415291	0.7853981853	1.2217304707	0.4363323152	1.5707963705	0.0000000000	0.0000000000	0.0000000000
1.6264118158	0.7853981853	1.2217304707	0.4363323152	1.5707963705	0.0000000000	0.0000000000	0.0000000000
1.6305821025	0.7853981853	1.2217304707	0.4363323152	1.5707963705	0.0000000000	0.0000000000	0.0000000000
1.6347523892	0.7853981853	1.2217304707	0.4363323152	1.5707963705	0.0000000000	0.0000000000	0.0000000000
1.6389226759	0.7853981853	1.2217304707	0.4363323152	1.5707963705	0.0000000000	0.0000000000	0.0000000000
1.6430929626	0.7853981853	1.2217304707	0.4363323152	1.5707963705	0.0000000000	0.0000000000	0.0000000000
1.6472632493	0.7853981853	1.2217304707	0.4363323152	1.5707963705	0.0000000000	0.0000000000	0.0000000000
1.6514335361	0.7853981853	1.2217304707	0.4363323152	1.5707963705	0.0000000000	0.0000000000	0.0000000000
1.6556038228	0.7853987813	1.2217299938	0.4363323152	1.5707966089	0.0000000000	0.0000000000	0.0000000000
1.6597741095	0.7854033709	1.2217266560	0.4363323152	1.5707978010	0.0000000000	0.0000000000	0.0000000000
1.6639443962	0.7854154706	1.2217175961	0.4363323152	1.5708012581	0.0000000000	0.0000000000	0.0000000000
1.6681146829	0.7854387164	1.2217000723	0.4363323152	1.5708078146	0.0000000000	0.0000000000	0.0000000000
1.6722849696	0.7854763269	1.2216720581	0.4363323152	1.5708184242	0.0000000000	0.0000000000	0.0000000000
1.6764552563	0.7855315804	1.2216306925	0.4363323152	1.5708340406	0.0000000000	0.0000000000	0.0000000000
1.6806255430	0.7856072783	1.2215739489	0.4363323152	1.5708552599	0.0000000000	0.0000000000	0.0000000000
1.6847958297	0.7857062817	1.2215001583	0.4363323152	1.5708831549	0.0000000000	0.0000000000	0.0000000000
1.6889661164	0.7858310938	1.2214065790	0.4363323152	1.5709183216	0.0000000000	0.0000000000	0.0000000000
1.6931364031	0.7859843373	1.2212921381	0.4363323152	1.5709614754	0.0000000000	0.0000000000	0.0000000000
1.6973066898	0.7861681581	1.2211548090	0.4363323152	1.5710129738	0.0000000000	0.0000000000	0.0000000000
1.7014769765	0.7863845825	1.2209930420	0.4363323152	1.5710735321	0.0000000000	0.0000000000	0.0000000000
1.7056472632	0.7866357565	1.2208055258	0.4363323152	1.5711438656	0.0000000000	0.0000000000	0.0000000000
1.7098175500	0.7869233489	1.2205907106	0.4363323152	1.5712240934	0.0000000000	0.0000000000	0.0000000000
1.7139878367	0.7872489691	1.2203476429	0.4363323152	1.5713149309	0.0000000000	0.0000000000	0.0000000000
1.7181581234	0.7876142859	1.2200750113	0.4363323152	1.5714163780	0.0000000000	0.0000000000	0.0000000000
1.7223284101	0.7880206108	1.2197718620	0.4363323152	1.5715290308	0.0000000000	0.0000000000	0.0000000000
1.7264986968	0.7884692550	1.2194374800	0.4363323152	1.5716528893	0.0000000000	0.0000000000	0.0000000000
1.7306689835	0.7889611721	1.2190709114	0.4363323152	1.5717883110	0.0000000000	0.0000000000	0.0000000000
1.7348392702	0.7894974947	1.2186714411	0.4363323152	1.5719355345	0.0000000000	0.0000000000	0.0000000000
1.7390095569	0.7900790572	1.2182387114	0.4363323152	1.5720943213	0.0000000000	0.0000000000	0.0000000000
1.7431798436	0.7907065749	1.2177718878	0.4363323152	1.5722649097	0.0000000000	0.0000000000	0.0000000000
1.7473501303	0.7913807034	1.2172708511	0.4363323152	1.5724473000	0.0000000000	0.0000000000	0.0000000000
1.7515204170	0.7921018600	1.2167351246	0.4363323152	1.5726414919	0.0000000000	0.0000000000	0.0000000000
1.7556907037	0.7928705812	1.2161648273	0.4363323152	1.5728473663	0.0000000000	0.0000000000	0.0000000000
1.7598609904	0.7936871648	1.2155593634	0.4363323152	1.5730646849	0.0000000000	0.0000000000	0.0000000000
1.7640312772	0.7945517302	1.2149190903	0.4363323152	1.5732934475	0.0000000000	0.0000000000	0.0000000000
1.7682015639	0.7954643965	1.2142436504	0.4363323152	1.5735332966	0.0000000000	0.0000000000	0.0000000000
1.7723718506	0.7964251041	1.2135335207	0.4363323152	1.5737839937	0.0000000000	0.0000000000	0.0000000000
1.7765421373	0.7974337935	1.2127888203	0.4363323152	1.5740451813	0.0000000000	0.0000000000	0.0000000000
1.7807124240	0.7984902859	1.2120096684	0.4363323152	1.5743168592	0.0000000000	0.0000000000	0.0000000000
1.7848827107	0.7995942235	1.2111964226	0.4363323152	1.5745984316	0.0000000000	0.0000000000	0.0000000000
1.7890529974	0.8007453084	1.2103495598	0.4363323152	1.5748894215	0.0000000000	0.0000000000	0.0000000000
1.7932232841	0.8019428849	1.2094697952	0.4363323152	1.5751897097	0.0000000000	0.0000000000	0.0000000000
1.7973935708	0.8031865954	1.2085572481	0.4363323152	1.5754985809	0.0000000000	0.0000000000	0.0000000000
1.8015638575	0.8044757247	1.2076128721	0.4363323152	1.5758156776	0.0000000000	0.0000000000	0.0000000000
1.8057341442	0.8058094382	1.2066373825	0.4363323152	1.5761406422	0.0000000000	0.0000000000	0.0000000000
1.8099044309	0.8071869612	1.2056312561	0.4363323152	1.5764727592	0.0000000000	0.0000000000	0.0000000000
1.8140747176	0.8086074591	1.2045955658	0.4363323152	1.5768115520	0.0000000000	0.0000000000	0.0000000000
1.8182450043	0.8100698590	1.2035309076	0.4363323152	1.5771566629	0.0000000000	0.0000000000	0.0000000000
1.8224152911	0.8115731478	1.2024384737	0.4363323152	1.5775073767	0.0000000000	0.0000000000	0.0000000000
1.8265855778	0.8131161928	1.2013192177	0.4363323152	1.5778630972	0.0000000000	0.0000000000	0.0000000000
1.8307558645	0.8146978021	1.2001740932	0.4363323152	1.5782234669	0.0000000000	0.0000000000	0.0000000000
1.8349261512	0.8163166046	1.1990041733	0.4363323152	1.5785877705	0.0000000000	0.0000000000	0.0000000000
1.8390964379	0.8179712892	1.1978106499	0.4363323152	1.5789554119	0.0000000000	0.0000000000	0.0000000000
1.8432667246	0.8196603656	1.1965945959	0.4363323152	1.5793259144	0.0000000000	0.0000000000	0.0000000000
1.8474370113	0.8213825226	1.1953574419	0.4363323152	1.5796985626	0.0000000000	0.0000000000	0.0000000000
1.8516072980	0.8231359720	1.1941002607	0.4363323152	1.5800728798	0.0000000000	0.0000000000	0.0000000000
1.8557775847	0.8249192238	1.1928246021	0.4363323152	1.5804483891	0.0000000000	0.0000000000	0.0000000000
1.8599478714	0.8267304897	1.1915316582	0.4363323152	1.5808242559	0.0000000000	0.0000000000	0.0000000000
1.8641181581	0.8285680413	1.1902227402	0.4363323152	1.5812003613	0.0000000000	0.0000000000	0.0000000000
1.8682884448	0.8304301500	1.1888993979	0.4363323152	1.5815757513	0.0000000000	0.0000000000	0.0000000000
1.8724587315	0.8323148489	1.1875630617	0.4363323152	1.5819499493	0.0000000000	0.0000000000	0.0000000000
1.8766290182	0.8342202902	1.1862150431	0.4363323152	1.5823225975	0.0000000000	0.0000000000	0.0000000000
1.8807993050	0.8361443877	1.1848571301	0.4363323152	1.5826931000	0.0000000000	0.0000000000	0.0000000000
1.8849695917	0.8380851746	1.1834906340	0.4363323152	1.5830608606	0.0000000000	0.0000000000	0.0000000000
1.8891398784	0.8400406241	1.1821172237	0.4363323152	1.5834256411	0.0000000000	0.0000000000	0.0000000000
1.8933101651	0.8420085311	1.1807384491	0.4363323152	1.5837868452	0.0000000000	0.0000000000	0.0000000000
1.8974804518	0.8439867496	1.1793557405	0.4363323152	1.5841439962	0.0000000000	0.0000000000	0.0000000000
1.9016507385	0.8459731936	1.1779707670	0.4363323152	1.5844967365	0.0000000000	0.0000000000	0.0000000000
1.9058210252	0.8479655385	1.1765850782	0.4363323152	1.5848445892	0.0000000000	0.0000000000	0.0000000000
1.9099913119	0.8499615192	1.1752004623	0.4363323152	1.5851873159	0.0000000000	0.0000000000	0.0000000000
1.9141615986	0.8519588709	1.1738184690	0.4363323152	1.5855245590	0.0000000000	0.0000000000	0.0000000000
1.9183318853	0.8539553285	1.1724404097	0.4363323152	1.5858558416	0.0000000000	0.0000000000	0.0000000000
1.9225021720	0.8559485078	1.1710683107	0.4363323152	1.5861808062	0.0000000000	0.0000000000	0.0000000000
1.9266724587	0.8579360843	1.1697034836	0.4363323152	1.5864993334	0.0000000000	0.0000000000	0.0000000000
1.9308427454	0.8599157333	1.1683474779	0.4363323152	1.5868111849	0.0000000000	0.0000000000	0.0000000000
1.9350130321	0.8618851304	1.1670020819	0.4363323152	1.5871160030	0.0000000000	0.0000000000	0.0000000000
1.9391833189	0.8638418913	1.1656686068	0.4363323152	1.5874137878	0.0000000000	0.0000000000	0.0000000000
1.9433536056	0.8657836318	1.1643488407	0.4363323152	1.5877039433	0.0000000000	0.0000000000	0.0000000000
1.9475238923	0.8677080274	1.1630440950	0.4363323152	1.5879864693	0.0000000000	0.0000000000	0.0000000000
1.9516941790	0.8696128130	1.1617559195	0.4363323152	1.5882614851	0.0000000000	0.0000000000	0.0000000000
1.9558644657	0.8714956641	1.1604857445	0.4363323152	1.5885283947	0.0000000000	0.0000000000	0.0000000000
1.9600347524	0.8733542562	1.1592350006	0.4363323152	1.5887875557	0.0000000000	0.0000000000	0.0000000000
1.9642050391	0.8751864433	1.1580051184	0.4363323152	1.5890386105	0.0000000000	0.0000000000	0.0000000000
1.9683753258	0.8769899011	1.1567974091	0.4363323152	1.5892813206	0.0000000000	0.0000000000	0.0000000000
1.9725456125	0.8787626028	1.1556130648	0.4363323152	1.5895160437	0.0000000000	0.0000000000	0.0000000000
1.9767158992	0.8805023432	1.1544535160	0.4363323152	1.5897424221	0.0000000000	0.0000000000	0.0000000000
1.9808861859	0.8822070956	1.1533199549	0.4363323152	1.5899606943	0.0000000000	0.0000000000	0.0000000000
1.9850564726	0.8838749528	1.1522134542	0.4363323152	1.5901706219	0.0000000000	0.0000000000	0.0000000000
1.9892267593	0.8855037689	1.1511350870	0.4363323152	1.5903725624	0.0000000000	0.0000000000	0.0000000000
1.9933970460	0.8870919347	1.1500861645	0.4363323152	1.5905661583	0.0000000000	0.0000000000	0.0000000000
1.9975673328	0.8886376023	1.1490672827	0.4363323152	1.5907516479	0.0000000000	0.0000000000	0.0000000000
2.0017376195	0.8901391029	1.1480796337	0.4363323152	1.5909291506	0.0000000000	0.0000000000	0.0000000000
2.0059079062	0.8915947676	1.1471241713	0.4363323152	1.5910986662	0.0000000000	0.0000000000	0.0000000000
2.0100781929	0.8930031657	1.1462014914	0.4363323152	1.5912601948	0.0000000000	0.0000000000	0.0000000000
2.0142484796	0.8943629861	1.1453123093	0.4363323152	1.5914139748	0.0000000000	0.0000000000	0.0000000000
2.0184187663	0.8956728578	1.1444572210	0.4363323152	1.5915601254	0.0000000000	0.0000000000	0.0000000000
2.0225890530	0.8969317675	1.1436371803	0.4363323152	1.5916986465	0.0000000000	0.0000000000	0.0000000000
2.0267593397	0.8981384635	1.1428521872	0.4363323152	1.5918296576	0.0000000000	0.0000000000	0.0000000000
2.0309296264	0.8992922902	1.1421028376	0.4363323152	1.5919533968	0.0000000000	0.0000000000	0.0000000000
2.0350999131	0.9003924131	1.1413897276	0.4363323152	1.5920701027	0.0000000000	0.0000000000	0.0000000000
2.0392701998	0.9014380574	1.1407127380	0.4363323152	1.5921795368	0.0000000000	0.0000000000	0.0000000000
2.0434404865	0.9024290442	1.1400721073	0.4363323152	1.5922821760	0.0000000000	0.0000000000	0.0000000000
2.0476107732	0.9033648968	1.1394678354	0.4363323152	1.5923780203	0.0000000000	0.0000000000	0.0000000000
2.0517810599	0.9042454362	1.1389001608	0.4363323152	1.5924674273	0.0000000000	0.0000000000	0.0000000000
2.0559513467	0.9050707817	1.1383686066	0.4363323152	1.5925503969	0.0000000000	0.0000000000	0.0000000000
2.0601216334	0.9058409929	1.1378731728	0.4363323152	1.5926270485	0.0000000000	0.0000000000	0.0000000000
2.0642919201	0.9065565467	1.1374132633	0.4363323152	1.5926977396	0.0000000000	0.0000000000	0.0000000000
2.0684622068	0.9072178602	1.1369886398	0.4363323152	1.5927625895	0.0000000000	0.0000000000	0.0000000000
2.0726324935	0.9078257084	1.1365988255	0.4363323152	1.5928218365	0.0000000000	0.0000000000	0.0000000000
2.0768027802	0.9083810449	1.1362428665	0.4363323152	1.5928754807	0.0000000000	0.0000000000	0.0000000000
2.0809730669	0.9088850021	1.1359200478	0.4363323152	1.5929238796	0.0000000000	0.0000000000	0.0000000000
2.0851433536	0.9093386531	1.1356297731	0.4363323152	1.5929672718	0.0000000000	0.0000000000	0.0000000000
2.0893136403	0.9097437263	1.1353707314	0.4363323152	1.5930057764	0.0000000000	0.0000000000	0.0000000000
2.0934839270	0.9101018906	1.1351417303	0.4363323152	1.5930397511	0.0000000000	0.0000000000	0.0000000000
2.0976542137	0.9104149342	1.1349418163	0.4363323152	1.5930693150	0.0000000000	0.0000000000	0.0000000000
2.1018245004	0.9106849432	1.1347692013	0.4363323152	1.5930947065	0.0000000000	0.0000000000	0.0000000000
2.1059947871	0.9109144807	1.1346226931	0.4363323152	1.5931161642	0.0000000000	0.0000000000	0.0000000000
2.1101650738	0.9111058712	1.1345005035	0.4363323152	1.5931341648	0.0000000000	0.0000000000	0.0000000000
2.1143353606	0.9112620354	1.1344008446	0.4363323152	1.5931485891	0.0000000000	0.0000000000	0.0000000000
2.1185056473	0.9113858342	1.1343219280	0.4363323152	1.5931601524	0.0000000000	0.0000000000	0.0000000000
2.1226759340	0.9114806056	1.1342614889	0.4363323152	1.5931689739	0.0000000000	0.0000000000	0.0000000000
2.1268462207	0.9115496874	1.1342173815	0.4363323152	1.5931754112	0.0000000000	0.0000000000	0.0000000000
2.1310165074	0.9115968347	1.1341873407	0.4363323152	1.5931798220	0.0000000000	0.0000000000	0.0000000000
2.1351867941	0.9116259217	1.1341687441	0.4363323152	1.5931824446	0.0000000000	0.0000000000	0.0000000000
2.1393570808	0.9116411209	1.1341590881	0.4363323152	1.5931838751	0.0000000000	0.0000000000	0.0000000000
2.1435273675	0.9116467834	1.1341555119	0.4363323152	1.5931844711	0.0000000000	0.0000000000	0.0000000000
2.1476976542	0.9116476178	1.1341549158	0.4363323152	1.5931844711	0.0000000000	0.0000000000	0.0000000000
2.1518679409	0.9116476178	1.1341549158	0.4363323152	1.5931844711	0.0000000000	0.0000000000	0.0000000000
2.1560382276	0.9116476178	1.1341549158	0.4363323152	1.5931844711	0.0000000000	0.0000000000	0.0000000000
2.1602085143	0.9116476178	1.1341549158	0.4363323152	1.5931844711	0.0000000000	0.0000000000	0.0000000000
2.1643788010	0.9116476178	1.1341549158	0.4363323152	1.5931844711	0.0000000000	0.0000000000	0.0000000000
2.1685490877	0.9116476178	1.1341549158	0.4363323152	1.5931844711	0.0000000000	0.0000000000	0.0000000000
2.1727193745	0.9116476178	1.1341549158	0.4363323152	1.5931844711	0.0000000000	0.0000000000	0.0000000000
2.1768896612	0.9116476178	1.1341549158	0.4363323152	1.5931844711	0.0000000000	0.0000000000	0.0000000000
2.1810599479	0.9116476178	1.1341549158	0.4363323152	1.5931844711	0.0000000000	0.0000000000	0.0000000000
2.1852302346	0.9116476178	1.1341549158	0.4363323152	1.5931844711	0.0000000000	0.0000000000	0.0000000000
2.1894005213	0.9116476178	1.1341549158	0.4363323152	1.5931844711	0.0000000000	0.0000000000	0.0000000000
2.1935708080	0.9116476178	1.1341549158	0.4363323152	1.5931844711	0.0000000000	0.0000000000	0.0000000000
2.1977410947	0.9116476178	1.1341549158	0.4363323152	1.5931844711	0.0000000000	0.0000000000	0.0000000000
2.2019113814	0.9116476178	1.1341549158	0.4363323152	1.5931844711	0.0000000000	0.0000000000	0.0000000000
2.2060816681	0.9116476178	1.1341549158	0.4363323152	1.5931844711	0.0000000000	0.0000000000	0.0000000000
2.2102519548	0.9116476178	1.1341549158	0.4363323152	1.5931844711	0.0000000000	0.0000000000	0.0000000000
2.2144222415	0.9116476178	1.1341549158	0.4363323152	1.5931844711	0.0000000000	0.0000000000	0.0000000000
2.2185925282	0.9116476178	1.1341549158	0.4363323152	1.5931844711	0.0000000000	0.0000000000	0.0000000000
2.2227628149	0.9116476178	1.1341549158	0.4363323152	1.5931844711	0.0000000000	0.0000000000	0.0000000000
2.2269331017	0.9116476178	1.1341549158	0.4363323152	1.5931844711	0.0000000000	0.0000000000	0.0000000000
2.2311033884	0.9116476178	1.1341549158	0.4363323152	1.5931844711	0.0000000000	0.0000000000	0.0000000000
2.2352736751	0.9116476178	1.1341549158	0.4363323152	1.5931844711	0.0000000000	0.0000000000	0.0000000000
2.2394439618	0.9116476178	1.1341549158	0.4363323152	1.5931844711	0.0000000000	0.0000000000	0.0000000000
2.2436142485	0.9116476178	1.1341549158	0.4363323152	1.5931844711	0.0000000000	0.0000000000	0.0000000000
2.2477845352	0.9116476178	1.1341549158	0.4363323152	1.5931844711	0.0000000000	0.0000000000	0.0000000000
2.2519548219	0.9116476178	1.1341549158	0.4363323152	1.5931844711	0.0000000000	0.0000000000	0.0000000000
2.2561251086	0.9116476178	1.1341549158	0.4363323152	1.5931844711	0.0000000000	0.0000000000	0.0000000000
2.2602953953	0.9116476178	1.1341549158	0.4363323152	1.5931844711	0.0000000000	0.0000000000	0.0000000000
2.2644656820	0.9116476178	1.1341549158	0.4363323152	1.5931844711	0.0000000000	0.0000000000	0.0000000000
2.2686359687	0.9116476178	1.1341549158	0.4363323152	1.5931844711	0.0000000000	0.0000000000	0.0000000000
2.2728062554	0.9116476178	1.1341549158	0.4363323152	1.5931844711	0.0000000000	0.0000000000	0.0000000000
2.2769765421	0.9116476178	1.1341549158	0.4363323152	1.5931844711	0.0000000000	0.0000000000	0.0000000000
2.2811468288	0.9116476178	1.1341549158	0.4363323152	1.5931844711	0.0000000000	0.0000000000	0.0000000000
2.2853171156	0.9116476178	1.1341549158	0.4363323152	1.5931844711	0.0000000000	0.0000000000	0.0000000000
2.2894874023	0.9116476178	1.1341549158	0.4363323152	1.5931844711	0.0000000000	0.0000000000	0.0000000000
2.2936576890	0.9116476178	1.1341549158	0.4363323152	1.5931844711	0.0000000000	0.0000000000	0.0000000000
2.2978279757	0.9116476178	1.1341549158	0.4363323152	1.5931844711	0.0000000000	0.0000000000	0.0000000000
2.3019982624	0.9116476178	1.1341549158	0.4363323152	1.5931844711	0.0000000000	0.0000000000	0.0000000000
2.3061685491	0.9116476178	1.1341549158	0.4363323152	1.5931844711	0.0000000000	0.0000000000	0.0000000000
2.3103388358	0.9116476178	1.1341549158	0.4363323152	1.5931844711	0.0000000000	0.0000000000	0.0000000000
2.3145091225	0.9116476178	1.1341549158	0.4363323152	1.5931844711	0.0000000000	0.0000000000	0.0000000000
2.3186794092	0.9116476178	1.1341549158	0.4363323152	1.5931844711	0.0000000000	0.0000000000	0.0000000000
2.3228496959	0.9116476178	1.1341549158	0.4363323152	1.5931844711	0.0000000000	0.0000000000	0.0000000000
2.3270199826	0.9116476178	1.1341549158	0.4363323152	1.5931844711	0.0000000000	0.0000000000	0.0000000000
2.3311902693	0.9116476178	1.1341549158	0.4363323152	1.5931844711	0.0000000000	0.0000000000	0.0000000000
2.3353605560	0.9116476178	1.1341549158	0.4363323152	1.5931844711	0.0000000000	0.0000000000	0.0000000000
2.3395308427	0.9116476178	1.1341549158	0.4363323152	1.5931844711	0.0000000000	0.0000000000	0.0000000000
2.3437011295	0.9116476178	1.1341549158	0.4363323152	1.5931844711	0.0000000000	0.0000000000	0.0000000000
2.3478714162	0.9116476178	1.1341549158	0.4363323152	1.5931844711	0.0000000000	0.0000000000	0.0000000000
2.3520417029	0.9116476178	1.1341549158	0.4363323152	1.5931844711	0.0000000000	0.0000000000	0.0000000000
2.3562119896	0.9116476178	1.1341549158	0.4363323152	1.5931844711	0.0000000000	0.0000000000	0.0000000000
2.3603822763	0.9116476178	1.1341549158	0.4363323152	1.5931844711	0.0000000000	0.0000000000	0.0000000000
2.3645525630	0.9116476178	1.1341549158	0.4363323152	1.5931844711	0.0000000000	0.0000000000	0.0000000000
2.3687228497	0.9116476178	1.1341549158	0.4363323152	1.5931844711	0.0000000000	0.0000000000	0.0000000000
2.3728931364	0.9116476178	1.1341549158	0.4363323152	1.5931844711	0.0000000000	0.0000000000	0.0000000000
2.3770634231	0.9116476178	1.1341549158	0.4363323152	1.5931844711	0.0000000000	0.0000000000	0.0000000000
2.3812337098	0.9116476178	1.1341549158	0.4363323152	1.5931844711	0.0000000000	0.0000000000	0.0000000000
2.3854039965	0.9116476178	1.1341549158	0.4363323152	1.5931844711	0.0000000000	0.0000000000	0.0000000000
2.3895742832	0.9116476178	1.1341549158	0.4363323152	1.5931844711	0.0000000000	0.0000000000	0.0000000000
2.3937445699	0.9116476178	1.1341549158	0.4363323152	1.5931844711	0.0000000000	0.0000000000	0.0000000000
2.3979148566	0.9116476178	1.1341549158	0.4363323152	1.5931844711	0.0000000000	0.0000000000	0.0000000000
2.4020851434	0.9116476178	1.1341549158	0.4363323152	1.5931844711	0.0000000000	0.0000000000	0.0000000000
2.4062554301	0.9116476178	1.1341549158	0.4363323152	1.5931844711	0.0000000000	0.0000000000	0.0000000000
2.4104257168	0.9116476178	1.1341549158	0.4363323152	1.5931844711	0.0000000000	0.0000000000	0.0000000000
2.4145960035	0.9116476178	1.1341549158	0.4363323152	1.5931844711	0.0000000000	0.0000000000	0.0000000000
2.4187662902	0.9116476178	1.1341549158	0.4363323152	1.5931844711	0.0000000000	0.0000000000	0.0000000000
2.4229365769	0.9116476178	1.1341549158	0.4363323152	1.5931844711	0.0000000000	0.0000000000	0.0000000000
2.4271068636	0.9116476178	1.1341549158	0.4363323152	1.5931844711	0.0000000000	0.0000000000	0.0000000000
2.4312771503	0.9116476178	1.1341549158	0.4363323152	1.5931844711	0.0000000000	0.0000000000	0.0000000000
2.4354474370	0.9116476178	1.1341549158	0.4363323152	1.5931844711	0.0000000000	0.0000000000	0.0000000000
2.4396177237	0.9116476178	1.1341549158	0.4363323152	1.5931844711	0.0000000000	0.0000000000	0.0000000000
2.4437880104	0.9116476178	1.1341549158	0.4363323152	1.5931844711	0.0000000000	0.0000000000	0.0000000000
2.4479582971	0.9116476178	1.1341549158	0.4363323152	1.5931844711	0.0000000000	0.0000000000	0.0000000000
2.4521285838	0.9116476178	1.1341549158	0.4363323152	1.5931844711	0.0000000000	0.0000000000	0.0000000000
2.4562988705	0.9116476178	1.1341549158	0.4363323152	1.5931844711	0.0000000000	0.0000000000	0.0000000000
2.4604691573	0.9116476178	1.1341549158	0.4363323152	1.5931844711	0.0000000000	0.0000000000	0.0000000000
2.4646394440	0.9116476178	1.1341549158	0.4363323152	1.5931844711	0.0000000000	0.0000000000	0.0000000000
2.4688097307	0.9116476178	1.1341549158	0.4363323152	1.5931844711	0.0000000000	0.0000000000	0.0000000000
2.4729800174	0.9116476178	1.1341549158	0.4363323152	1.5931844711	0.0000000000	0.0000000000	0.0000000000
2.4771503041	0.9116476178	1.1341549158	0.4363323152	1.5931844711	0.0000000000	0.0000000000	0.0000000000
2.4813205908	0.9116476178	1.1341549158	0.4363323152	1.5931844711	0.0000000000	0.0000000000	0.0000000000
2.4854908775	0.9116476178	1.1341549158	0.4363323152	1.5931844711	0.0000000000	0.0000000000	0.0000000000
2.4896611642	0.9116476178	1.1341549158	0.4363323152	1.5931844711	0.0000000000	0.0000000000	0.0000000000
2.4938314509	0.9116476178	1.1341549158	0.4363323152	1.5931844711	0.0000000000	0.0000000000	0.0000000000
2.4980017376	0.9116476178	1.1341549158	0.4363323152	1.5931844711	0.0000000000	0.0000000000	0.0000000000
2.5021720243	0.9116476178	1.1341549158	0.4363323152	1.5931844711	0.0000000000	0.0000000000	0.0000000000
2.5063423110	0.9116476178	1.1341549158	0.4363323152	1.5931844711	0.0000000000	0.0000000000	0.0000000000
2.5105125977	0.9116476178	1.1341549158	0.4363323152	1.5931844711	0.0000000000	0.0000000000	0.0000000000
2.5146828844	0.9116476178	1.1341549158	0.4363323152	1.5931844711	0.0000000000	0.0000000000	0.0000000000
2.5188531712	0.9116476178	1.1341549158	0.4363323152	1.5931844711	0.0000000000	0.0000000000	0.0000000000
2.5230234579	0.9116476178	1.1341549158	0.4363323152	1.5931844711	0.0000000000	0.0000000000	0.0000000000
2.5271937446	0.9116476178	1.1341549158	0.4363323152	1.5931844711	0.0000000000	0.0000000000	0.0000000000
2.5313640313	0.9116476178	1.1341549158	0.4363323152	1.5931844711	0.0000000000	0.0000000000	0.0000000000
2.5355343180	0.9116476178	1.1341549158	0.4363323152	1.5931844711	0.0000000000	0.0000000000	0.0000000000
2.5397046047	0.9116476178	1.1341549158	0.4363323152	1.5931844711	0.0000000000	0.0000000000	0.0000000000
2.5438748914	0.9116476178	1.1341549158	0.4363323152	1.5931844711	0.0000000000	0.0000000000	0.0000000000
2.5480451781	0.9116476178	1.1341549158	0.4363323152	1.5931844711	0.0000000000	0.0000000000	0.0000000000
2.5522154648	0.9116476178	1.1341549158	0.4363323152	1.5931844711	0.0000000000	0.0000000000	0.0000000000
2.5563857515	0.9116476178	1.1341549158	0.4363323152	1.5931844711	0.0000000000	0.0000000000	0.0000000000
2.5605560382	0.9116476178	1.1341549158	0.4363323152	1.5931844711	0.0000000000	0.0000000000	0.0000000000
2.5647263249	0.9116476178	1.1341549158	0.4363323152	1.5931844711	0.0000000000	0.0000000000	0.0000000000
2.5688966116	0.9116476178	1.1341549158	0.4363323152	1.5931844711	0.0000000000	0.0000000000	0.0000000000
2.5730668983	0.9116476178	1.1341549158	0.4363323152	1.5931844711	0.0000000000	0.0000000000	0.0000000000
2.5772371851	0.9116476178	1.1341549158	0.4363323152	1.5931844711	0.0000000000	0.0000000000	0.0000000000
2.5814074718	0.9116476178	1.1341549158	0.4363323152	1.5931844711	0.0000000000	0.0000000000	0.0000000000
2.5855777585	0.9116476178	1.1341549158	0.4363323152	1.5931844711	0.0000000000	0.0000000000	0.0000000000
2.5897480452	0.9116476178	1.1341549158	0.4363323152	1.5931844711	0.0000000000	0.0000000000	0.0000000000
2.5939183319	0.9116476178	1.1341549158	0.4363323152	1.5931844711	0.0000000000	0.0000000000	0.0000000000
2.5980886186	0.9116476178	1.1341549158	0.4363323152	1.5931844711	0.0000000000	0.0000000000	0.0000000000
2.6022589053	0.9116476178	1.1341549158	0.4363323152	1.5931844711	0.0000000000	0.0000000000	0.0000000000
2.6064291920	0.9116476178	1.1341549158	0.4363323152	1.5931844711	0.0000000000	0.0000000000	0.0000000000
2.6105994787	0.9116476178	1.1341549158	0.4363323152	1.5931844711	0.0000000000	0.0000000000	0.0000000000
2.6147697654	0.9116476178	1.1341549158	0.4363323152	1.5931844711	0.0000000000	0.0000000000	0.0000000000
2.6189400521	0.9116476178	1.1341549158	0.4363323152	1.5931844711	0.0000000000	0.0000000000	0.0000000000
2.6231103388	0.9116476178	1.1341549158	0.4363323152	1.5931844711	0.0000000000	0.0000000000	0.0000000000
2.6272806255	0.9116476178	1.1341549158	0.4363323152	1.5931844711	0.0000000000	0.0000000000	0.0000000000
2.6314509123	0.9116476178	1.1341549158	0.4363323152	1.5931844711	0.0000000000	0.0000000000	0.0000000000
2.6356211990	0.9116476178	1.1341549158	0.4363323152	1.5931844711	0.0000000000	0.0000000000	0.0000000000
2.6397914857	0.9116476178	1.1341549158	0.4363323152	1.5931844711	0.0000000000	0.0000000000	0.0000000000
2.6439617724	0.9116476178	1.1341549158	0.4363323152	1.5931844711	0.0000000000	0.0000000000	0.0000000000
2.6481320591	0.9116476178	1.1341549158	0.4363323152	1.5931844711	0.0000000000	0.0000000000	0.0000000000
2.6523023458	0.9116476178	1.1341549158	0.4363323152	1.5931844711	0.0000000000	0.0000000000	0.0000000000
2.6564726325	0.9116467834	1.1341555119	0.4363323152	1.5931844711	0.0000000000	0.0000000000	0.0000000000
2.6606429192	0.9116411209	1.1341590881	0.4363323152	1.5931838751	0.0000000000	0.0000000000	0.0000000000
2.6648132059	0.9116259217	1.1341687441	0.4363323152	1.5931824446	0.0000000000	0.0000000000	0.0000000000
2.6689834926	0.9115968347	1.1341873407	0.4363323152	1.5931798220	0.0000000000	0.0000000000	0.0000000000
2.6731537793	0.9115496874	1.1342173815	0.4363323152	1.5931754112	0.0000000000	0.0000000000	0.0000000000
2.6773240660	0.9114806056	1.1342614889	0.4363323152	1.5931689739	0.0000000000	0.0000000000	0.0000000000
2.6814943527	0.9113858342	1.1343219280	0.4363323152	1.5931601524	0.0000000000	0.0000000000	0.0000000000
2.6856646394	0.9112620354	1.1344008446	0.4363323152	1.5931485891	0.0000000000	0.0000000000	0.0000000000
2.6898349262	0.9111058712	1.1345005035	0.4363323152	1.5931341648	0.0000000000	0.0000000000	0.0000000000
2.6940052129	0.9109144807	1.1346226931	0.4363323152	1.5931161642	0.0000000000	0.0000000000	0.0000000000
2.6981754996	0.9106849432	1.1347692013	0.4363323152	1.5930947065	0.0000000000	0.0000000000	0.0000000000
2.7023457863	0.9104149342	1.1349418163	0.4363323152	1.5930693150	0.0000000000	0.0000000000	0.0000000000
2.7065160730	0.9101018906	1.1351417303	0.4363323152	1.5930397511	0.0000000000	0.0000000000	0.0000000000
2.7106863597	0.9097437263	1.1353707314	0.4363323152	1.5930057764	0.0000000000	0.0000000000	0.0000000000
2.7148566464	0.9093386531	1.1356297731	0.4363323152	1.5929672718	0.0000000000	0.0000000000	0.0000000000
2.7190269331	0.9088850021	1.1359200478	0.4363323152	1.5929238796	0.0000000000	0.0000000000	0.0000000000
2.7231972198	0.9083810449	1.1362428665	0.4363323152	1.5928754807	0.0000000000	0.0000000000	0.0000000000
2.7273675065	0.9078257084	1.1365988255	0.4363323152	1.5928218365	0.0000000000	0.0000000000	0.0000000000
2.7315377932	0.9072178602	1.1369886398	0.4363323152	1.5927625895	0.0000000000	0.0000000000	0.0000000000
2.7357080799	0.9065565467	1.1374132633	0.4363323152	1.5926977396	0.0000000000	0.0000000000	0.0000000000
2.7398783666	0.9058409929	1.1378731728	0.4363323152	1.5926270485	0.0000000000	0.0000000000	0.0000000000
2.7440486533	0.9050707817	1.1383686066	0.4363323152	1.5925503969	0.0000000000	0.0000000000	0.0000000000
2.7482189401	0.9042454362	1.1389001608	0.4363323152	1.5924674273	0.0000000000	0.0000000000	0.0000000000
2.7523892268	0.9033648968	1.1394678354	0.4363323152	1.5923780203	0.0000000000	0.0000000000	0.0000000000
2.7565595135	0.9024290442	1.1400721073	0.4363323152	1.5922821760	0.0000000000	0.0000000000	0.0000000000
2.7607298002	0.9014380574	1.1407127380	0.4363323152	1.5921795368	0.0000000000	0.0000000000	0.0000000000
2.7649000869	0.9003924131	1.1413897276	0.4363323152	1.5920701027	0.0000000000	0.0000000000	0.0000000000
2.7690703736	0.8992922902	1.1421028376	0.4363323152	1.5919533968	0.0000000000	0.0000000000	0.0000000000
2.7732406603	0.8981384635	1.1428521872	0.4363323152	1.5918296576	0.0000000000	0.0000000000	0.0000000000
2.7774109470	0.8969317675	1.1436371803	0.4363323152	1.5916986465	0.0000000000	0.0000000000	0.0000000000
2.7815812337	0.8956728578	1.1444572210	0.4363323152	1.5915601254	0.0000000000	0.0000000000	0.0000000000
2.7857515204	0.8943629861	1.1453123093	0.4363323152	1.5914139748	0.0000000000	0.0000000000	0.0000000000
2.7899218071	0.8930031657	1.1462014914	0.4363323152	1.5912601948	0.0000000000	0.0000000000	0.0000000000
2.7940920938	0.8915947676	1.1471241713	0.4363323152	1.5910986662	0.0000000000	0.0000000000	0.0000000000
2.7982623805	0.8901391029	1.1480796337	0.4363323152	1.5909291506	0.0000000000	0.0000000000	0.0000000000
2.8024326672	0.8886376023	1.1490672827	0.4363323152	1.5907516479	0.0000000000	0.0000000000	0.0000000000
2.8066029540	0.8870919347	1.1500861645	0.4363323152	1.5905661583	0.0000000000	0.0000000000	0.0000000000
2.8107732407	0.8855037689	1.1511350870	0.4363323152	1.5903725624	0.0000000000	0.0000000000	0.0000000000
2.8149435274	0.8838749528	1.1522134542	0.4363323152	1.5901706219	0.0000000000	0.0000000000	0.0000000000
2.8191138141	0.8822070956	1.1533199549	0.4363323152	1.5899606943	0.0000000000	0.0000000000	0.0000000000
2.8232841008	0.8805023432	1.1544535160	0.4363323152	1.5897424221	0.0000000000	0.0000000000	0.0000000000
2.8274543875	0.8787626028	1.1556130648	0.4363323152	1.5895160437	0.0000000000	0.0000000000	0.0000000000
2.8316246742	0.8769899011	1.1567974091	0.4363323152	1.5892813206	0.0000000000	0.0000000000	0.0000000000
2.8357949609	0.8751864433	1.1580051184	0.4363323152	1.5890386105	0.0000000000	0.0000000000	0.0000000000
2.8399652476	0.8733542562	1.1592350006	0.4363323152	1.5887875557	0.0000000000	0.0000000000	0.0000000000
2.8441355343	0.8714956641	1.1604857445	0.4363323152	1.5885283947	0.0000000000	0.0000000000	0.0000000000
2.8483058210	0.8696128130	1.1617559195	0.4363323152	1.5882614851	0.0000000000	0.0000000000	0.0000000000
2.8524761077	0.8677080274	1.1630440950	0.4363323152	1.5879864693	0.0000000000	0.0000000000	0.0000000000
2.8566463944	0.8657836318	1.1643488407	0.4363323152	1.5877039433	0.0000000000	0.0000000000	0.0000000000
2.8608166811	0.8638418913	1.1656686068	0.4363323152	1.5874137878	0.0000000000	0.0000000000	0.0000000000
2.8649869679	0.8618851304	1.1670020819	0.4363323152	1.5871160030	0.0000000000	0.0000000000	0.0000000000
2.8691572546	0.8599157333	1.1683474779	0.4363323152	1.5868111849	0.0000000000	0.0000000000	0.0000000000
2.8733275413	0.8579360843	1.1697034836	0.4363323152	1.5864993334	0.0000000000	0.0000000000	0.0000000000
2.8774978280	0.8559485078	1.1710683107	0.4363323152	1.5861808062	0.0000000000	0.0000000000	0.0000000000
2.8816681147	0.8539553285	1.1724404097	0.4363323152	1.5858558416	0.0000000000	0.0000000000	0.0000000000
2.8858384014	0.8519588709	1.1738184690	0.4363323152	1.5855245590	0.0000000000	0.0000000000	0.0000000000
2.8900086881	0.8499615192	1.1752004623	0.4363323152	1.5851873159	0.0000000000	0.0000000000	0.0000000000
2.8941789748	0.8479655385	1.1765850782	0.4363323152	1.5848445892	0.0000000000	0.0000000000	0.0000000000
2.8983492615	0.8459731936	1.1779707670	0.4363323152	1.5844967365	0.0000000000	0.0000000000	0.0000000000
2.9025195482	0.8439867496	1.1793557405	0.4363323152	1.5841439962	0.0000000000	0.0000000000	0.0000000000
2.9066898349	0.8420085311	1.1807384491	0.4363323152	1.5837868452	0.0000000000	0.0000000000	0.0000000000
2.9108601216	0.8400406241	1.1821172237	0.4363323152	1.5834256411	0.0000000000	0.0000000000	0.0000000000
2.9150304083	0.8380851746	1.1834906340	0.4363323152	1.5830608606	0.0000000000	0.0000000000	0.0000000000
2.9192006950	0.8361443877	1.1848571301	0.4363323152	1.5826931000	0.0000000000	0.0000000000	0.0000000000
2.9233709818	0.8342202902	1.1862150431	0.4363323152	1.5823225975	0.0000000000	0.0000000000	0.0000000000
2.9275412685	0.8323148489	1.1875630617	0.4363323152	1.5819499493	0.0000000000	0.0000000000	0.0000000000
2.9317115552	0.8304301500	1.1888993979	0.4363323152	1.5815757513	0.0000000000	0.0000000000	0.0000000000
2.9358818419	0.8285680413	1.1902227402	0.4363323152	1.5812003613	0.0000000000	0.0000000000	0.0000000000
2.9400521286	0.8267304897	1.1915316582	0.4363323152	1.5808242559	0.0000000000	0.0000000000	0.0000000000
2.9442224153	0.8249192238	1.1928246021	0.4363323152	1.5804483891	0.0000000000	0.0000000000	0.0000000000
2.9483927020	0.8231359720	1.1941002607	0.4363323152	1.5800728798	0.0000000000	0.0000000000	0.0000000000
2.9525629887	0.8213825226	1.1953574419	0.4363323152	1.5796985626	0.0000000000	0.0000000000	0.0000000000
2.9567332754	0.8196603656	1.1965945959	0.4363323152	1.5793259144	0.0000000000	0.0000000000	0.0000000000
2.9609035621	0.8179712892	1.1978106499	0.4363323152	1.5789554119	0.0000000000	0.0000000000	0.0000000000
2.9650738488	0.8163166046	1.1990041733	0.4363323152	1.5785877705	0.0000000000	0.0000000000	0.0000000000
2.9692441355	0.8146978021	1.2001740932	0.4363323152	1.5782234669	0.0000000000	0.0000000000	0.0000000000
2.9734144222	0.8131161928	1.2013192177	0.4363323152	1.5778630972	0.0000000000	0.0000000000	0.0000000000
2.9775847089	0.8115731478	1.2024384737	0.4363323152	1.5775073767	0.0000000000	0.0000000000	0.0000000000
2.9817549957	0.8100698590	1.2035309076	0.4363323152	1.5771566629	0.0000000000	0.0000000000	0.0000000000
2.9859252824	0.8086074591	1.2045955658	0.4363323152	1.5768115520	0.0000000000	0.0000000000	0.0000000000
2.9900955691	0.8071869612	1.2056312561	0.4363323152	1.5764727592	0.0000000000	0.0000000000	0.0000000000
2.9942658558	0.8058094382	1.2066373825	0.4363323152	1.5761406422	0.0000000000	0.0000000000	0.0000000000
2.9984361425	0.8044757247	1.2076128721	0.4363323152	1.5758156776	0.0000000000	0.0000000000	0.0000000000
3.0026064292	0.8031865954	1.2085572481	0.4363323152	1.5754985809	0.0000000000	0.0000000000	0.0000000000
3.0067767159	0.8019428849	1.2094697952	0.4363323152	1.5751897097	0.0000000000	0.0000000000	0.0000000000
3.0109470026	0.8007453084	1.2103495598	0.4363323152	1.5748894215	0.0000000000	0.0000000000	0.0000000000
3.0151172893	0.7995942235	1.2111964226	0.4363323152	1.5745984316	0.0000000000	0.0000000000	0.0000000000
3.0192875760	0.7984902859	1.2120096684	0.4363323152	1.5743168592	0.0000000000	0.0000000000	0.0000000000
3.0234578627	0.7974337935	1.2127888203	0.4363323152	1.5740451813	0.0000000000	0.0000000000	0.0000000000
3.0276281494	0.7964251041	1.2135335207	0.4363323152	1.5737839937	0.0000000000	0.0000000000	0.0000000000
3.0317984361	0.7954643965	1.2142436504	0.4363323152	1.5735332966	0.0000000000	0.0000000000	0.0000000000
3.0359687228	0.7945517302	1.2149190903	0.4363323152	1.5732934475	0.0000000000	0.0000000000	0.0000000000
3.0401390096	0.7936871648	1.2155593634	0.4363323152	1.5730646849	0.0000000000	0.0000000000	0.0000000000
3.0443092963	0.7928705812	1.2161648273	0.4363323152	1.5728473663	0.0000000000	0.0000000000	0.0000000000
3.0484795830	0.7921018600	1.2167351246	0.4363323152	1.5726414919	0.0000000000	0.0000000000	0.0000000000
3.0526498697	0.7913807034	1.2172708511	0.4363323152	1.5724473000	0.0000000000	0.0000000000	0.0000000000
3.0568201564	0.7907065749	1.2177718878	0.4363323152	1.5722649097	0.0000000000	0.0000000000	0.0000000000
3.0609904431	0.7900790572	1.2182387114	0.4363323152	1.5720943213	0.0000000000	0.0000000000	0.0000000000
3.0651607298	0.7894974947	1.2186714411	0.4363323152	1.5719355345	0.0000000000	0.0000000000	0.0000000000
3.0693310165	0.7889611721	1.2190709114	0.4363323152	1.5717883110	0.0000000000	0.0000000000	0.0000000000
3.0735013032	0.7884692550	1.2194374800	0.4363323152	1.5716528893	0.0000000000	0.0000000000	0.0000000000
3.0776715899	0.7880206108	1.2197718620	0.4363323152	1.5715290308	0.0000000000	0.0000000000	0.0000000000
3.0818418766	0.7876142859	1.2200750113	0.4363323152	1.5714163780	0.0000000000	0.0000000000	0.0000000000
3.0860121633	0.7872489691	1.2203476429	0.4363323152	1.5713149309	0.0000000000	0.0000000000	0.0000000000
3.0901824500	0.7869233489	1.2205907106	0.4363323152	1.5712240934	0.0000000000	0.0000000000	0.0000000000
3.0943527368	0.7866357565	1.2208055258	0.4363323152	1.5711438656	0.0000000000	0.0000000000	0.0000000000
3.0985230235	0.7863845825	1.2209930420	0.4363323152	1.5710735321	0.0000000000	0.0000000000	0.0000000000
3.1026933102	0.7861681581	1.2211548090	0.4363323152	1.5710129738	0.0000000000	0.0000000000	0.0000000000
3.1068635969	0.7859843373	1.2212921381	0.4363323152	1.5709614754	0.0000000000	0.0000000000	0.0000000000
3.1110338836	0.7858310938	1.2214065790	0.4363323152	1.5709183216	0.0000000000	0.0000000000	0.0000000000
3.1152041703	0.7857062817	1.2215001583	0.4363323152	1.5708831549	0.0000000000	0.0000000000	0.0000000000
3.1193744570	0.7856072783	1.2215739489	0.4363323152	1.5708552599	0.0000000000	0.0000000000	0.0000000000
3.1235447437	0.7855315804	1.2216306925	0.4363323152	1.5708340406	0.0000000000	0.0000000000	0.0000000000
3.1277150304	0.7854763269	1.2216720581	0.4363323152	1.5708184242	0.0000000000	0.0000000000	0.0000000000
3.1318853171	0.7854387164	1.2217000723	0.4363323152	1.5708078146	0.0000000000	0.0000000000	0.0000000000
3.1360556038	0.7854154706	1.2217175961	0.4363323152	1.5708012581	0.0000000000	0.0000000000	0.0000000000
3.1402258905	0.7854033709	1.2217266560	0.4363323152	1.5707978010	0.0000000000	0.0000000000	0.0000000000
3.1443961772	0.7853987813	1.2217299938	0.4363323152	1.5707966089	0.0000000000	0.0000000000	0.0000000000
3.1485664639	0.7853981853	1.2217304707	0.4363323152	1.5707963705	0.0000000000	0.0000000000	0.0000000000
3.1527367507	0.7853981853	1.2217304707	0.4363323152	1.5707963705	0.0000000000	0.0000000000	0.0000000000
3.1569070374	0.7853981853	1.2217304707	0.4363323152	1.5707963705	0.0000000000	0.0000000000	0.0000000000
3.1610773241	0.7853981853	1.2217304707	0.4363323152	1.5707963705	0.0000000000	0.0000000000	0.0000000000
3.1652476108	0.7853981853	1.2217304707	0.4363323152	1.5707963705	0.0000000000	0.0000000000	0.0000000000
3.1694178975	0.7853981853	1.2217304707	0.4363323152	1.5707963705	0.0000000000	0.0000000000	0.0000000000
3.1735881842	0.7853981853	1.2217304707	0.4363323152	1.5707963705	0.0000000000	0.0000000000	0.0000000000
3.1777584709	0.7853981853	1.2217304707	0.4363323152	1.5707963705	0.0000000000	0.0000000000	0.0000000000
3.1819287576	0.7853981853	1.2217304707	0.4363323152	1.5707963705	0.0000000000	0.0000000000	0.0000000000
3.1860990443	0.7853981853	1.2217304707	0.4363323152	1.5707963705	0.0000000000	0.0000000000	0.0000000000
3.1902693310	0.7853981853	1.2217304707	0.4363323152	1.5707963705	0.0000000000	0.0000000000	0.0000000000
3.1944396177	0.7853981853	1.2217304707	0.4363323152	1.5707963705	0.0000000000	0.0000000000	0.0000000000
3.1986099044	0.7853981853	1.2217304707	0.4363323152	1.5707963705	0.0000000000	0.0000000000	0.0000000000
3.2027801911	0.7853981853	1.2217304707	0.4363323152	1.5707963705	0.0000000000	0.0000000000	0.0000000000
3.2069504778	0.7853981853	1.2217304707	0.4363323152	1.5707963705	0.0000000000	0.0000000000	0.0000000000
3.2111207646	0.7853981853	1.2217304707	0.4363323152	1.5707963705	0.0000000000	0.0000000000	0.0000000000
3.2152910513	0.7853981853	1.2217304707	0.4363323152	1.5707963705	0.0000000000	0.0000000000	0.0000000000
3.2194613380	0.7853981853	1.2217304707	0.4363323152	1.5707963705	0.0000000000	0.0000000000	0.0000000000
3.2236316247	0.7853981853	1.2217304707	0.4363323152	1.5707963705	0.0000000000	0.0000000000	0.0000000000
3.2278019114	0.7853981853	1.2217304707	0.4363323152	1.5707963705	0.0000000000	0.0000000000	0.0000000000
3.2319721981	0.7853981853	1.2217304707	0.4363323152	1.5707963705	0.0000000000	0.0000000000	0.0000000000
3.2361424848	0.7853981853	1.2217304707	0.4363323152	1.5707963705	0.0000000000	0.0000000000	0.0000000000
3.2403127715	0.7853981853	1.2217304707	0.4363323152	1.5707963705	0.0000000000	0.0000000000	0.0000000000
3.2444830582	0.7853981853	1.2217304707	0.4363323152	1.5707963705	0.0000000000	0.0000000000	0.0000000000
3.2486533449	0.7853981853	1.2217304707	0.4363323152	1.5707963705	0.0000000000	0.0000000000	0.0000000000
3.2528236316	0.7853981853	1.2217304707	0.4363323152	1.5707963705	0.0000000000	0.0000000000	0.0000000000
3.2569939183	0.7853981853	1.2217304707	0.4363323152	1.5707963705	0.0000000000	0.0000000000	0.0000000000
3.2611642050	0.7853981853	1.2217304707	0.4363323152	1.5707963705	0.0000000000	0.0000000000	0.0000000000
3.2653344917	0.7853981853	1.2217304707	0.4363323152	1.5707963705	0.0000000000	0.0000000000	0.0000000000
3.2695047785	0.7853981853	1.2217304707	0.4363323152	1.5707963705	0.0000000000	0.0000000000	0.0000000000
3.2736750652	0.7853981853	1.2217304707	0.4363323152	1.5707963705	0.0000000000	0.0000000000	0.0000000000
3.2778453519	0.7853981853	1.2217304707	0.4363323152	1.5707963705	0.0000000000	0.0000000000	0.0000000000
3.2820156386	0.7853981853	1.2217304707	0.4363323152	1.5707963705	0.0000000000	0.0000000000	0.0000000000
3.2861859253	0.7853981853	1.2217304707	0.4363323152	1.5707963705	0.0000000000	0.0000000000	0.0000000000
3.2903562120	0.7853981853	1.2217304707	0.4363323152	1.5707963705	0.0000000000	0.0000000000	0.0000000000
3.2945264987	0.7853981853	1.2217304707	0.4363323152	1.5707963705	0.0000000000	0.0000000000	0.0000000000
3.2986967854	0.7853981853	1.2217304707	0.4363323152	1.5707963705	0.0000000000	0.0000000000	0.0000000000
3.3028670721	0.7853981853	1.2217304707	0.4363323152	1.5707963705	0.0000000000	0.0000000000	0.0000000000
3.3070373588	0.7853981853	1.2217304707	0.4363323152	1.5707963705	0.0000000000	0.0000000000	0.0000000000
3.3112076455	0.7853981853	1.2217304707	0.4363323152	1.5707963705	0.0000000000	0.0000000000	0.0000000000
3.3153779322	0.7853981853	1.2217304707	0.4363323152	1.5707963705	0.0000000000	0.0000000000	0.0000000000
3.3195482189	0.7853981853	1.2217304707	0.4363323152	1.5707963705	0.0000000000	0.0000000000	0.0000000000
3.3237185056	0.7853981853	1.2217304707	0.4363323152	1.5707963705	0.0000000000	0.0000000000	0.0000000000
3.3278887924	0.7853981853	1.2217304707	0.4363323152	1.5707963705	0.0000000000	0.0000000000	0.0000000000
3.3320590791	0.7853981853	1.2217304707	0.4363323152	1.5707963705	0.0000000000	0.0000000000	0.0000000000
3.3362293658	0.7853981853	1.2217304707	0.4363323152	1.5707963705	0.0000000000	0.0000000000	0.0000000000
3.3403996525	0.7853981853	1.2217304707	0.4363323152	1.5707963705	0.0000000000	0.0000000000	0.0000000000
3.3445699392	0.7853981853	1.2217304707	0.4363323152	1.5707963705	0.0000000000	0.0000000000	0.0000000000
3.3487402259	0.7853981853	1.2217304707	0.4363323152	1.5707963705	0.0000000000	0.0000000000	0.0000000000
3.3529105126	0.7853981853	1.2217304707	0.4363323152	1.5707963705	0.0000000000	0.0000000000	0.0000000000
3.3570807993	0.7853981853	1.2217304707	0.4363323152	1.5707963705	0.0000000000	0.0000000000	0.0000000000
3.3612510860	0.7853981853	1.2217304707	0.4363323152	1.5707963705	0.0000000000	0.0000000000	0.0000000000
3.3654213727	0.7853981853	1.2217304707	0.4363323152	1.5707963705	0.0000000000	0.0000000000	0.0000000000
3.3695916594	0.7853981853	1.2217304707	0.4363323152	1.5707963705	0.0000000000	0.0000000000	0.0000000000
3.3737619461	0.7853981853	1.2217304707	0.4363323152	1.5707963705	0.0000000000	0.0000000000	0.0000000000
3.3779322328	0.7853981853	1.2217304707	0.4363323152	1.5707963705	0.0000000000	0.0000000000	0.0000000000
3.3821025195	0.7853981853	1.2217304707	0.4363323152	1.5707963705	0.0000000000	0.0000000000	0.0000000000
3.3862728063	0.7853981853	1.2217304707	0.4363323152	1.5707963705	0.0000000000	0.0000000000	0.0000000000
3.3904430930	0.7853981853	1.2217304707	0.4363323152	1.5707963705	0.0000000000	0.0000000000	0.0000000000
3.3946133797	0.7853981853	1.2217304707	0.4363323152	1.5707963705	0.0000000000	0.0000000000	0.0000000000
3.3987836664	0.7853981853	1.2217304707	0.4363323152	1.5707963705	0.0000000000	0.0000000000	0.0000000000
3.4029539531	0.7853981853	1.2217304707	0.4363323152	1.5707963705	0.0000000000	0.0000000000	0.0000000000
3.4071242398	0.7853981853	1.2217304707	0.4363323152	1.5707963705	0.0000000000	0.0000000000	0.0000000000
3.4112945265	0.7853981853	1.2217304707	0.4363323152	1.5707963705	0.0000000000	0.0000000000	0.0000000000
3.4154648132	0.7853981853	1.2217304707	0.4363323152	1.5707963705	0.0000000000	0.0000000000	0.0000000000
3.4196350999	0.7853981853	1.2217304707	0.4363323152	1.5707963705	0.0000000000	0.0000000000	0.0000000000
3.4238053866	0.7853981853	1.2217304707	0.4363323152	1.5707963705	0.0000000000	0.0000000000	0.0000000000
3.4279756733	0.7853981853	1.2217304707	0.4363323152	1.5707963705	0.0000000000	0.0000000000	0.0000000000
3.4321459600	0.7853981853	1.2217304707	0.4363323152	1.5707963705	0.0000000000	0.0000000000	0.0000000000
3.4363162467	0.7853981853	1.2217304707	0.4363323152	1.5707963705	0.0000000000	0.0000000000	0.0000000000
3.4404865334	0.7853981853	1.2217304707	0.4363323152	1.5707963705	0.0000000000	0.0000000000	0.0000000000
3.4446568202	0.7853981853	1.2217304707	0.4363323152	1.5707963705	0.0000000000	0.0000000000	0.0000000000
3.4488271069	0.7853981853	1.2217304707	0.4363323152	1.5707963705	0.0000000000	0.0000000000	0.0000000000
3.4529973936	0.7853981853	1.2217304707	0.4363323152	1.5707963705	0.0000000000	0.0000000000	0.0000000000
3.4571676803	0.7853981853	1.2217304707	0.4363323152	1.5707963705	0.0000000000	0.0000000000	0.0000000000
3.4613379670	0.7853981853	1.2217304707	0.4363323152	1.5707963705	0.0000000000	0.0000000000	0.0000000000
3.4655082537	0.7853981853	1.2217304707	0.4363323152	1.5707963705	0.0000000000	0.0000000000	0.0000000000
3.4696785404	0.7853981853	1.2217304707	0.4363323152	1.5707963705	0.0000000000	0.0000000000	0.0000000000
3.4738488271	0.7853981853	1.2217304707	0.4363323152	1.5707963705	0.0000000000	0.0000000000	0.0000000000
3.4780191138	0.7853981853	1.2217304707	0.4363323152	1.5707963705	0.0000000000	0.0000000000	0.0000000000
3.4821894005	0.7853981853	1.2217304707	0.4363323152	1.5707963705	0.0000000000	0.0000000000	0.0000000000
3.4863596872	0.7853981853	1.2217304707	0.4363323152	1.5707963705	0.0000000000	0.0000000000	0.0000000000
3.4905299739	0.7853981853	1.2217304707	0.4363323152	1.5707963705	0.0000000000	0.0000000000	0.0000000000
3.4947002606	0.7853981853	1.2217304707	0.4363323152	1.5707963705	0.0000000000	0.0000000000	0.0000000000
3.4988705474	0.7853981853	1.2217304707	0.4363323152	1.5707963705	0.0000000000	0.0000000000	0.0000000000
3.5030408341	0.7853981853	1.2217304707	0.4363323152	1.5707963705	0.0000000000	0.0000000000	0.0000000000
3.5072111208	0.7853981853	1.2217304707	0.4363323152	1.5707963705	0.0000000000	0.0000000000	0.0000000000
3.5113814075	0.7853981853	1.2217304707	0.4363323152	1.5707963705	0.0000000000	0.0000000000	0.0000000000
3.5155516942	0.7853981853	1.2217304707	0.4363323152	1.5707963705	0.0000000000	0.0000000000	0.0000000000
3.5197219809	0.7853981853	1.2217304707	0.4363323152	1.5707963705	0.0000000000	0.0000000000	0.0000000000
3.5238922676	0.7853981853	1.2217304707	0.4363323152	1.5707963705	0.0000000000	0.0000000000	0.0000000000
3.5280625543	0.7853981853	1.2217304707	0.4363323152	1.5707963705	0.0000000000	0.0000000000	0.0000000000
3.5322328410	0.7853981853	1.2217304707	0.4363323152	1.5707963705	0.0000000000	0.0000000000	0.0000000000
3.5364031277	0.7853981853	1.2217304707	0.4363323152	1.5707963705	0.0000000000	0.0000000000	0.0000000000
3.5405734144	0.7853981853	1.2217304707	0.4363323152	1.5707963705	0.0000000000	0.0000000000	0.0000000000
3.5447437011	0.7853981853	1.2217304707	0.4363323152	1.5707963705	0.0000000000	0.0000000000	0.0000000000
3.5489139878	0.7853981853	1.2217304707	0.4363323152	1.5707963705	0.0000000000	0.0000000000	0.0000000000
3.5530842745	0.7853981853	1.2217304707	0.4363323152	1.5707963705	0.0000000000	0.0000000000	0.0000000000
3.5572545613	0.7853981853	1.2217304707	0.4363323152	1.5707963705	0.0000000000	0.0000000000	0.0000000000
3.5614248480	0.7853981853	1.2217304707	0.4363323152	1.5707963705	0.0000000000	0.0000000000	0.0000000000
3.5655951347	0.7853981853	1.2217304707	0.4363323152	1.5707963705	0.0000000000	0.0000000000	0.0000000000
3.5697654214	0.7853981853	1.2217304707	0.4363323152	1.5707963705	0.0000000000	0.0000000000	0.0000000000
3.5739357081	0.7853981853	1.2217304707	0.4363323152	1.5707963705	0.0000000000	0.0000000000	0.0000000000
3.5781059948	0.7853981853	1.2217304707	0.4363323152	1.5707963705	0.0000000000	0.0000000000	0.0000000000
3.5822762815	0.7853981853	1.2217304707	0.4363323152	1.5707963705	0.0000000000	0.0000000000	0.0000000000
3.5864465682	0.7853981853	1.2217304707	0.4363323152	1.5707963705	0.0000000000	0.0000000000	0.0000000000
3.5906168549	0.7853981853	1.2217304707	0.4363323152	1.5707963705	0.0000000000	0.0000000000	0.0000000000
3.5947871416	0.7853981853	1.2217304707	0.4363323152	1.5707963705	0.0000000000	0.0000000000	0.0000000000
3.5989574283	0.7853981853	1.2217304707	0.4363323152	1.5707963705	0.0000000000	0.0000000000	0.0000000000
3.6031277150	0.7853981853	1.2217304707	0.4363323152	1.5707963705	0.0000000000	0.0000000000	0.0000000000
3.6072980017	0.7853981853	1.2217304707	0.4363323152	1.5707963705	0.0000000000	0.0000000000	0.0000000000
3.6114682884	0.7853981853	1.2217304707	0.4363323152	1.5707963705	0.0000000000	0.0000000000	0.0000000000
3.6156385752	0.7853981853	1.2217304707	0.4363323152	1.5707963705	0.0000000000	0.0000000000	0.0000000000
3.6198088619	0.7853981853	1.2217304707	0.4363323152	1.5707963705	0.0000000000	0.0000000000	0.0000000000
3.6239791486	0.7853981853	1.2217304707	0.4363323152	1.5707963705	0.0000000000	0.0000000000	0.0000000000
3.6281494353	0.7853981853	1.2217304707	0.4363323152	1.5707963705	0.0000000000	0.0000000000	0.0000000000
3.6323197220	0.7853981853	1.2217304707	0.4363323152	1.5707963705	0.0000000000	0.0000000000	0.0000000000
3.6364900087	0.7853981853	1.2217304707	0.4363323152	1.5707963705	0.0000000000	0.0000000000	0.0000000000
3.6406602954	0.7853981853	1.2217304707	0.4363323152	1.5707963705	0.0000000000	0.0000000000	0.0000000000
3.6448305821	0.7853981853	1.2217304707	0.4363323152	1.5707963705	0.0000000000	0.0000000000	0.0000000000
3.6490008688	0.7853981853	1.2217304707	0.4363323152	1.5707963705	0.0000000000	0.0000000000	0.0000000000
3.6531711555	0.7853981853	1.2217304707	0.4363323152	1.5707963705	0.0000000000	0.0000000000	0.0000000000
3.6573414422	0.7853981853	1.2217304707	0.4363323152	1.5707963705	0.0000000000	0.0000000000	0.0000000000
3.6615117289	0.7853981853	1.2217304707	0.4363323152	1.5707963705	0.0000000000	0.0000000000	0.0000000000
3.6656820156	0.7853981853	1.2217304707	0.4363323152	1.5707963705	0.0000000000	0.0000000000	0.0000000000
3.6698523023	0.7853981853	1.2217304707	0.4363323152	1.5707963705	0.0000000000	0.0000000000	0.0000000000
3.6740225891	0.7853981853	1.2217304707	0.4363323152	1.5707963705	0.0000000000	0.0000000000	0.0000000000
3.6781928758	0.7853981853	1.2217304707	0.4363323152	1.5707963705	0.0000000000	0.0000000000	0.0000000000
3.6823631625	0.7853981853	1.2217304707	0.4363323152	1.5707963705	0.0000000000	0.0000000000	0.0000000000
3.6865334492	0.7853981853	1.2217304707	0.4363323152	1.5707963705	0.0000000000	0.0000000000	0.0000000000
3.6907037359	0.7853981853	1.2217304707	0.4363323152	1.5707963705	0.0000000000	0.0000000000	0.0000000000
3.6948740226	0.7853981853	1.2217304707	0.4363323152	1.5707963705	0.0000000000	0.0000000000	0.0000000000
3.6990443093	0.7853981853	1.2217304707	0.4363323152	1.5707963705	0.0000000000	0.0000000000	0.0000000000
3.7032145960	0.7853981853	1.2217304707	0.4363323152	1.5707963705	0.0000000000	0.0000000000	0.0000000000
3.7073848827	0.7853981853	1.2217304707	0.4363323152	1.5707963705	0.0000000000	0.0000000000	0.0000000000
3.7115551694	0.7853981853	1.2217304707	0.4363323152	1.5707963705	0.0000000000	0.0000000000	0.0000000000
3.7157254561	0.7853981853	1.2217304707	0.4363323152	1.5707963705	0.0000000000	0.0000000000	0.0000000000
3.7198957428	0.7853981853	1.2217304707	0.4363323152	1.5707963705	0.0000000000	0.0000000000	0.0000000000
3.7240660295	0.7853981853	1.2217304707	0.4363323152	1.5707963705	0.0000000000	0.0000000000	0.0000000000
3.7282363162	0.7853981853	1.2217304707	0.4363323152	1.5707963705	0.0000000000	0.0000000000	0.0000000000
3.7324066030	0.7853981853	1.2217304707	0.4363323152	1.5707963705	0.0000000000	0.0000000000	0.0000000000
3.7365768897	0.7853981853	1.2217304707	0.4363323152	1.5707963705	0.0000000000	0.0000000000	0.0000000000
3.7407471764	0.7853981853	1.2217304707	0.4363323152	1.5707963705	0.0000000000	0.0000000000	0.0000000000
3.7449174631	0.7853981853	1.2217304707	0.4363323152	1.5707963705	0.0000000000	0.0000000000	0.0000000000
3.7490877498	0.7853981853	1.2217304707	0.4363323152	1.5707963705	0.0000000000	0.0000000000	0.0000000000
3.7532580365	0.7853981853	1.2217304707	0.4363323152	1.5707963705	0.0000000000	0.0000000000	0.0000000000
3.7574283232	0.7853981853	1.2217304707	0.4363323152	1.5707963705	0.0000000000	0.0000000000	0.0000000000
3.7615986099	0.7853981853	1.2217304707	0.4363323152	1.5707963705	0.0000000000	0.0000000000	0.0000000000
3.7657688966	0.7853981853	1.2217304707	0.4363323152	1.5707963705	0.0000000000	0.0000000000	0.0000000000
3.7699391833	0.7853981853	1.2217304707	0.4363323152	1.5707963705	0.0000000000	0.0000000000	0.0000000000
3.7741094700	0.7853981853	1.2217304707	0.4363323152	1.5707963705	0.0000000000	0.0000000000	0.0000000000
3.7782797567	0.7853981853	1.2217304707	0.4363323152	1.5707963705	0.0000000000	0.0000000000	0.0000000000
3.7824500434	0.7853981853	1.2217304707	0.4363323152	1.5707963705	0.0000000000	0.0000000000	0.0000000000
3.7866203301	0.7853981853	1.2217304707	0.4363323152	1.5707963705	0.0000000000	0.0000000000	0.0000000000
3.7907906169	0.7853981853	1.2217304707	0.4363323152	1.5707963705	0.0000000000	0.0000000000	0.0000000000
3.7949609036	0.7853981853	1.2217304707	0.4363323152	1.5707963705	0.0000000000	0.0000000000	0.0000000000
3.7991311903	0.7853981853	1.2217304707	0.4363323152	1.5707963705	0.0000000000	0.0000000000	0.0000000000
3.8033014770	0.7853981853	1.2217304707	0.4363323152	1.5707963705	0.0000000000	0.0000000000	0.0000000000
3.8074717637	0.7853981853	1.2217304707	0.4363323152	1.5707963705	0.0000000000	0.0000000000	0.0000000000
3.8116420504	0.7853981853	1.2217304707	0.4363323152	1.5707963705	0.0000000000	0.0000000000	0.0000000000
3.8158123371	0.7853981853	1.2217304707	0.4363323152	1.5707963705	0.0000000000	0.0000000000	0.0000000000
3.8199826238	0.7853981853	1.2217304707	0.4363323152	1.5707963705	0.0000000000	0.0000000000	0.0000000000
3.8241529105	0.7853981853	1.2217304707	0.4363323152	1.5707963705	0.0000000000	0.0000000000	0.0000000000
3.8283231972	0.7853981853	1.2217304707	0.4363323152	1.5707963705	0.0000000000	0.0000000000	0.0000000000
3.8324934839	0.7853981853	1.2217304707	0.4363323152	1.5707963705	0.0000000000	0.0000000000	0.0000000000
3.8366637706	0.7853981853	1.2217304707	0.4363323152	1.5707963705	0.0000000000	0.0000000000	0.0000000000
3.8408340573	0.7853981853	1.2217304707	0.4363323152	1.5707963705	0.0000000000	0.0000000000	0.0000000000
3.8450043440	0.7853981853	1.2217304707	0.4363323152	1.5707963705	0.0000000000	0.0000000000	0.0000000000
3.8491746308	0.7853981853	1.2217304707	0.4363323152	1.5707963705	0.0000000000	0.0000000000	0.0000000000
3.8533449175	0.7853981853	1.2217304707	0.4363323152	1.5707963705	0.0000000000	0.0000000000	0.0000000000
3.8575152042	0.7853981853	1.2217304707	0.4363323152	1.5707963705	0.0000000000	0.0000000000	0.0000000000
3.8616854909	0.7853981853	1.2217304707	0.4363323152	1.5707963705	0.0000000000	0.0000000000	0.0000000000
3.8658557776	0.7853981853	1.2217304707	0.4363323152	1.5707963705	0.0000000000	0.0000000000	0.0000000000
3.8700260643	0.7853981853	1.2217304707	0.4363323152	1.5707963705	0.0000000000	0.0000000000	0.0000000000
3.8741963510	0.7853981853	1.2217304707	0.4363323152	1.5707963705	0.0000000000	0.0000000000	0.0000000000
3.8783666377	0.7853981853	1.2217304707	0.4363323152	1.5707963705	0.0000000000	0.0000000000	0.0000000000
3.8825369244	0.7853981853	1.2217304707	0.4363323152	1.5707963705	0.0000000000	0.0000000000	0.0000000000
3.8867072111	0.7853981853	1.2217304707	0.4363323152	1.5707963705	0.0000000000	0.0000000000	0.0000000000
3.8908774978	0.7853981853	1.2217304707	0.4363323152	1.5707963705	0.0000000000	0.0000000000	0.0000000000
3.8950477845	0.7853981853	1.2217304707	0.4363323152	1.5707963705	0.0000000000	0.0000000000	0.0000000000
3.8992180712	0.7853981853	1.2217304707	0.4363323152	1.5707963705	0.0000000000	0.0000000000	0.0000000000
3.9033883579	0.7853981853	1.2217304707	0.4363323152	1.5707963705	0.0000000000	0.0000000000	0.0000000000
3.9075586447	0.7853981853	1.2217304707	0.4363323152	1.5707963705	0.0000000000	0.0000000000	0.0000000000
3.9117289314	0.7853981853	1.2217304707	0.4363323152	1.5707963705	0.0000000000	0.0000000000	0.0000000000
3.9158992181	0.7853981853	1.2217304707	0.4363323152	1.5707963705	0.0000000000	0.0000000000	0.0000000000
3.9200695048	0.7853981853	1.2217304707	0.4363323152	1.5707963705	0.0000000000	0.0000000000	0.0000000000
3.9242397915	0.7853981853	1.2217304707	0.4363323152	1.5707963705	0.0000000000	0.0000000000	0.0000000000
3.9284100782	0.7853981853	1.2217304707	0.4363323152	1.5707963705	0.0000000000	0.0000000000	0.0000000000
3.9325803649	0.7853981853	1.2217304707	0.4363323152	1.5707963705	0.0000000000	0.0000000000	0.0000000000
3.9367506516	0.7853981853	1.2217304707	0.4363323152	1.5707963705	0.0000000000	0.0000000000	0.0000000000
3.9409209383	0.7853981853	1.2217304707	0.4363323152	1.5707963705	0.0000000000	0.0000000000	0.0000000000
3.9450912250	0.7853981853	1.2217304707	0.4363323152	1.5707963705	0.0000000000	0.0000000000	0.0000000000
3.9492615117	0.7853981853	1.2217304707	0.4363323152	1.5707963705	0.0000000000	0.0000000000	0.0000000000
3.9534317984	0.7853981853	1.2217304707	0.4363323152	1.5707963705	0.0000000000	0.0000000000	0.0000000000
3.9576020851	0.7853981853	1.2217304707	0.4363323152	1.5707963705	0.0000000000	0.0000000000	0.0000000000
3.9617723719	0.7853981853	1.2217304707	0.4363323152	1.5707963705	0.0000000000	0.0000000000	0.0000000000
3.9659426586	0.7853981853	1.2217304707	0.4363323152	1.5707963705	0.0000000000	0.0000000000	0.0000000000
3.9701129453	0.7853981853	1.2217304707	0.4363323152	1.5707963705	0.0000000000	0.0000000000	0.0000000000
3.9742832320	0.7853981853	1.2217304707	0.4363323152	1.5707963705	0.0000000000	0.0000000000	0.0000000000
3.9784535187	0.7853981853	1.2217304707	0.4363323152	1.5707963705	0.0000000000	0.0000000000	0.0000000000
3.9826238054	0.7853981853	1.2217304707	0.4363323152	1.5707963705	0.0000000000	0.0000000000	0.0000000000
3.9867940921	0.7853981853	1.2217304707	0.4363323152	1.5707963705	0.0000000000	0.0000000000	0.0000000000
3.9909643788	0.7853981853	1.2217304707	0.4363323152	1.5707963705	0.0000000000	0.0000000000	0.0000000000
3.9951346655	0.7853981853	1.2217304707	0.4363323152	1.5707963705	0.0000000000	0.0000000000	0.0000000000
3.9993049522	0.7853981853	1.2217304707	0.4363323152	1.5707963705	0.0000000000	0.0000000000	0.0000000000
4.0034752389	0.7853981853	1.2217304707	0.4363323152	1.5707963705	0.0000000000	0.0000000000	0.0000000000
4.0076455256	0.7853981853	1.2217304707	0.4363323152	1.5707963705	0.0000000000	0.0000000000	0.0000000000
4.0118158123	0.7853981853	1.2217304707	0.4363323152	1.5707963705	0.0000000000	0.0000000000	0.0000000000
4.0159860990	0.7853981853	1.2217304707	0.4363323152	1.5707963705	0.0000000000	0.0000000000	0.0000000000
4.0201563858	0.7853981853	1.2217304707	0.4363323152	1.5707963705	0.0000000000	0.0000000000	0.0000000000
4.0243266725	0.7853981853	1.2217304707	0.4363323152	1.5707963705	0.0000000000	0.0000000000	0.0000000000
4.0284969592	0.7853981853	1.2217304707	0.4363323152	1.5707963705	0.0000000000	0.0000000000	0.0000000000
4.0326672459	0.7853981853	1.2217304707	0.4363323152	1.5707963705	0.0000000000	0.0000000000	0.0000000000
4.0368375326	0.7853981853	1.2217304707	0.4363323152	1.5707963705	0.0000000000	0.0000000000	0.0000000000
4.0410078193	0.7853981853	1.2217304707	0.4363323152	1.5707963705	0.0000000000	0.0000000000	0.0000000000
4.0451781060	0.7853981853	1.2217304707	0.4363323152	1.5707963705	0.0000000000	0.0000000000	0.0000000000
4.0493483927	0.7853981853	1.2217304707	0.4363323152	1.5707963705	0.0000000000	0.0000000000	0.0000000000
4.0535186794	0.7853981853	1.2217304707	0.4363323152	1.5707963705	0.0000000000	0.0000000000	0.0000000000
4.0576889661	0.7853981853	1.2217304707	0.4363323152	1.5707963705	0.0000000000	0.0000000000	0.0000000000
4.0618592528	0.7853981853	1.2217304707	0.4363323152	1.5707963705	0.0000000000	0.0000000000	0.0000000000
4.0660295395	0.7853981853	1.2217304707	0.4363323152	1.5707963705	0.0000000000	0.0000000000	0.0000000000
4.0701998262	0.7853981853	1.2217304707	0.4363323152	1.5707963705	0.0000000000	0.0000000000	0.0000000000
4.0743701129	0.7853981853	1.2217304707	0.4363323152	1.5707963705	0.0000000000	0.0000000000	0.0000000000
4.0785403997	0.7853981853	1.2217304707	0.4363323152	1.5707963705	0.0000000000	0.0000000000	0.0000000000
4.0827106864	0.7853981853	1.2217304707	0.4363323152	1.5707963705	0.0000000000	0.0000000000	0.0000000000
4.0868809731	0.7853981853	1.2217304707	0.4363323152	1.5707963705	0.0000000000	0.0000000000	0.0000000000
4.0910512598	0.7853981853	1.2217304707	0.4363323152	1.5707963705	0.0000000000	0.0000000000	0.0000000000
4.0952215465	0.7853981853	1.2217304707	0.4363323152	1.5707963705	0.0000000000	0.0000000000	0.0000000000
4.0993918332	0.7853981853	1.2217304707	0.4363323152	1.5707963705	0.0000000000	0.0000000000	0.0000000000
4.1035621199	0.7853981853	1.2217304707	0.4363323152	1.5707963705	0.0000000000	0.0000000000	0.0000000000
4.1077324066	0.7853981853	1.2217304707	0.4363323152	1.5707963705	0.0000000000	0.0000000000	0.0000000000
4.1119026933	0.7853981853	1.2217304707	0.4363323152	1.5707963705	0.0000000000	0.0000000000	0.0000000000
4.1160729800	0.7853981853	1.2217304707	0.4363323152	1.5707963705	0.0000000000	0.0000000000	0.0000000000
4.1202432667	0.7853981853	1.2217304707	0.4363323152	1.5707963705	0.0000000000	0.0000000000	0.0000000000
4.1244135534	0.7853981853	1.2217304707	0.4363323152	1.5707963705	0.0000000000	0.0000000000	0.0000000000
4.1285838401	0.7853981853	1.2217304707	0.4363323152	1.5707963705	0.0000000000	0.0000000000	0.0000000000
4.1327541268	0.7853981853	1.2217304707	0.4363323152	1.5707963705	0.0000000000	0.0000000000	0.0000000000
4.1369244136	0.7853981853	1.2217304707	0.4363323152	1.5707963705	0.0000000000	0.0000000000	0.0000000000
4.1410947003	0.7853981853	1.2217304707	0.4363323152	1.5707963705	0.0000000000	0.0000000000	0.0000000000
4.1452649870	0.7853981853	1.2217304707	0.4363323152	1.5707963705	0.0000000000	0.0000000000	0.0000000000
4.1494352737	0.7853981853	1.2217304707	0.4363323152	1.5707963705	0.0000000000	0.0000000000	0.0000000000
4.1536055604	0.7853981853	1.2217304707	0.4363323152	1.5707963705	0.0000000000	0.0000000000	0.0000000000
4.1577758471	0.7853981853	1.2217304707	0.4363323152	1.5707963705	0.0000000000	0.0000000000	0.0000000000
4.1619461338	0.7853981853	1.2217304707	0.4363323152	1.5707963705	0.0000000000	0.0000000000	0.0000000000
4.1661164205	0.7853981853	1.2217304707	0.4363323152	1.5707963705	0.0000000000	0.0000000000	0.0000000000
4.1702867072	0.7853981853	1.2217304707	0.4363323152	1.5707963705	0.0000000000	0.0000000000	0.0000000000
4.1744569939	0.7853981853	1.2217304707	0.4363323152	1.5707963705	0.0000000000	0.0000000000	0.0000000000
4.1786272806	0.7853981853	1.2217304707	0.4363323152	1.5707963705	0.0000000000	0.0000000000	0.0000000000
4.1827975673	0.7853981853	1.2217304707	0.4363323152	1.5707963705	0.0000000000	0.0000000000	0.0000000000
4.1869678540	0.7853981853	1.2217304707	0.4363323152	1.5707963705	0.0000000000	0.0000000000	0.0000000000
4.1911381407	0.7853981853	1.2217304707	0.4363323152	1.5707963705	0.0000000000	0.0000000000	0.0000000000
4.1953084275	0.7853981853	1.2217304707	0.4363323152	1.5707963705	0.0000000000	0.0000000000	0.0000000000
4.1994787142	0.7853981853	1.2217304707	0.4363323152	1.5707963705	0.0000000000	0.0000000000	0.0000000000
4.2036490009	0.7853981853	1.2217304707	0.4363323152	1.5707963705	0.0000000000	0.0000000000	0.0000000000
4.2078192876	0.7853981853	1.2217304707	0.4363323152	1.5707963705	0.0000000000	0.0000000000	0.0000000000
4.2119895743	0.7853981853	1.2217304707	0.4363323152	1.5707963705	0.0000000000	0.0000000000	0.0000000000
4.2161598610	0.7853981853	1.2217304707	0.4363323152	1.5707963705	0.0000000000	0.0000000000	0.0000000000
4.2203301477	0.7853981853	1.2217304707	0.4363323152	1.5707963705	0.0000000000	0.0000000000	0.0000000000
4.2245004344	0.7853981853	1.2217304707	0.4363323152	1.5707963705	0.0000000000	0.0000000000	0.0000000000
4.2286707211	0.7853981853	1.2217304707	0.4363323152	1.5707963705	0.0000000000	0.0000000000	0.0000000000
4.2328410078	0.7853981853	1.2217304707	0.4363323152	1.5707963705	0.0000000000	0.0000000000	0.0000000000
4.2370112945	0.7853981853	1.2217304707	0.4363323152	1.5707963705	0.0000000000	0.0000000000	0.0000000000
4.2411815812	0.7853981853	1.2217304707	0.4363323152	1.5707963705	0.0000000000	0.0000000000	0.0000000000
4.2453518679	0.7853981853	1.2217304707	0.4363323152	1.5707963705	0.0000000000	0.0000000000	0.0000000000
4.2495221546	0.7853981853	1.2217304707	0.4363323152	1.5707963705	0.0000000000	0.0000000000	0.0000000000
4.2536924414	0.7853981853	1.2217304707	0.4363323152	1.5707963705	0.0000000000	0.0000000000	0.0000000000
4.2578627281	0.7853981853	1.2217304707	0.4363323152	1.5707963705	0.0000000000	0.0000000000	0.0000000000
4.2620330148	0.7853981853	1.2217304707	0.4363323152	1.5707963705	0.0000000000	0.0000000000	0.0000000000
4.2662033015	0.7853981853	1.2217304707	0.4363323152	1.5707963705	0.0000000000	0.0000000000	0.0000000000
4.2703735882	0.7853981853	1.2217304707	0.4363323152	1.5707963705	0.0000000000	0.0000000000	0.0000000000
4.2745438749	0.7853981853	1.2217304707	0.4363323152	1.5707963705	0.0000000000	0.0000000000	0.0000000000
4.2787141616	0.7853981853	1.2217304707	0.4363323152	1.5707963705	0.0000000000	0.0000000000	0.0000000000
4.2828844483	0.7853981853	1.2217304707	0.4363323152	1.5707963705	0.0000000000	0.0000000000	0.0000000000
4.2870547350	0.7853981853	1.2217304707	0.4363323152	1.5707963705	0.0000000000	0.0000000000	0.0000000000
4.2912250217	0.7853981853	1.2217304707	0.4363323152	1.5707963705	0.0000000000	0.0000000000	0.0000000000
4.2953953084	0.7853981853	1.2217304707	0.4363323152	1.5707963705	0.0000000000	0.0000000000	0.0000000000
4.2995655951	0.7853981853	1.2217304707	0.4363323152	1.5707963705	0.0000000000	0.0000000000	0.0000000000
4.3037358818	0.7853981853	1.2217304707	0.4363323152	1.5707963705	0.0000000000	0.0000000000	0.0000000000
4.3079061685	0.7853981853	1.2217304707	0.4363323152	1.5707963705	0.0000000000	0.0000000000	0.0000000000
4.3120764553	0.7853981853	1.2217304707	0.4363323152	1.5707963705	0.0000000000	0.0000000000	0.0000000000
4.3162467420	0.7853981853	1.2217304707	0.4363323152	1.5707963705	0.0000000000	0.0000000000	0.0000000000
4.3204170287	0.7853981853	1.2217304707	0.4363323152	1.5707963705	0.0000000000	0.0000000000	0.0000000000
4.3245873154	0.7853981853	1.2217304707	0.4363323152	1.5707963705	0.0000000000	0.0000000000	0.0000000000
4.3287576021	0.7853981853	1.2217304707	0.4363323152	1.5707963705	0.0000000000	0.0000000000	0.0000000000
4.3329278888	0.7853981853	1.2217304707	0.4363323152	1.5707963705	0.0000000000	0.0000000000	0.0000000000
4.3370981755	0.7853981853	1.2217304707	0.4363323152	1.5707963705	0.0000000000	0.0000000000	0.0000000000
4.3412684622	0.7853981853	1.2217304707	0.4363323152	1.5707963705	0.0000000000	0.0000000000	0.0000000000
4.3454387489	0.7853981853	1.2217304707	0.4363323152	1.5707963705	0.0000000000	0.0000000000	0.0000000000
4.3496090356	0.7853981853	1.2217304707	0.4363323152	1.5707963705	0.0000000000	0.0000000000	0.0000000000
4.3537793223	0.7853981853	1.2217304707	0.4363323152	1.5707963705	0.0000000000	0.0000000000	0.0000000000
4.3579496090	0.7853981853	1.2217304707	0.4363323152	1.5707963705	0.0000000000	0.0000000000	0.0000000000
4.3621198957	0.7853981853	1.2217304707	0.4363323152	1.5707963705	0.0000000000	0.0000000000	0.0000000000
4.3662901825	0.7853981853	1.2217304707	0.4363323152	1.5707963705	0.0000000000	0.0000000000	0.0000000000
4.3704604692	0.7853981853	1.2217304707	0.4363323152	1.5707963705	0.0000000000	0.0000000000	0.0000000000
4.3746307559	0.7853981853	1.2217304707	0.4363323152	1.5707963705	0.0000000000	0.0000000000	0.0000000000
4.3788010426	0.7853981853	1.2217304707	0.4363323152	1.5707963705	0.0000000000	0.0000000000	0.0000000000
4.3829713293	0.7853981853	1.2217304707	0.4363323152	1.5707963705	0.0000000000	0.0000000000	0.0000000000
4.3871416160	0.7853981853	1.2217304707	0.4363323152	1.5707963705	0.0000000000	0.0000000000	0.0000000000
4.3913119027	0.7853981853	1.2217304707	0.4363323152	1.5707963705	0.0000000000	0.0000000000	0.0000000000
4.3954821894	0.7853981853	1.2217304707	0.4363323152	1.5707963705	0.0000000000	0.0000000000	0.0000000000
4.3996524761	0.7853981853	1.2217304707	0.4363323152	1.5707963705	0.0000000000	0.0000000000	0.0000000000
4.4038227628	0.7853981853	1.2217304707	0.4363323152	1.5707963705	0.0000000000	0.0000000000	0.0000000000
4.4079930495	0.7853981853	1.2217304707	0.4363323152	1.5707963705	0.0000000000	0.0000000000	0.0000000000
4.4121633362	0.7853981853	1.2217304707	0.4363323152	1.5707963705	0.0000000000	0.0000000000	0.0000000000
4.4163336229	0.7853981853	1.2217304707	0.4363323152	1.5707963705	0.0000000000	0.0000000000	0.0000000000
4.4205039096	0.7853981853	1.2217304707	0.4363323152	1.5707963705	0.0000000000	0.0000000000	0.0000000000
4.4246741964	0.7853981853	1.2217304707	0.4363323152	1.5707963705	0.0000000000	0.0000000000	0.0000000000
4.4288444831	0.7853981853	1.2217304707	0.4363323152	1.5707963705	0.0000000000	0.0000000000	0.0000000000
4.4330147698	0.7853981853	1.2217304707	0.4363323152	1.5707963705	0.0000000000	0.0000000000	0.0000000000
4.4371850565	0.7853981853	1.2217304707	0.4363323152	1.5707963705	0.0000000000	0.0000000000	0.0000000000
4.4413553432	0.7853981853	1.2217304707	0.4363323152	1.5707963705	0.0000000000	0.0000000000	0.0000000000
4.4455256299	0.7853981853	1.2217304707	0.4363323152	1.5707963705	0.0000000000	0.0000000000	0.0000000000
4.4496959166	0.7853981853	1.2217304707	0.4363323152	1.5707963705	0.0000000000	0.0000000000	0.0000000000
4.4538662033	0.7853981853	1.2217304707	0.4363323152	1.5707963705	0.0000000000	0.0000000000	0.0000000000
4.4580364900	0.7853981853	1.2217304707	0.4363323152	1.5707963705	0.0000000000	0.0000000000	0.0000000000
4.4622067767	0.7853981853	1.2217304707	0.4363323152	1.5707963705	0.0000000000	0.0000000000	0.0000000000
4.4663770634	0.7853981853	1.2217304707	0.4363323152	1.5707963705	0.0000000000	0.0000000000	0.0000000000
4.4705473501	0.7853981853	1.2217304707	0.4363323152	1.5707963705	0.0000000000	0.0000000000	0.0000000000
4.4747176368	0.7853981853	1.2217304707	0.4363323152	1.5707963705	0.0000000000	0.0000000000	0.0000000000
4.4788879235	0.7853981853	1.2217304707	0.4363323152	1.5707963705	0.0000000000	0.0000000000	0.0000000000
4.4830582103	0.7853981853	1.2217304707	0.4363323152	1.5707963705	0.0000000000	0.0000000000	0.0000000000
4.4872284970	0.7853981853	1.2217304707	0.4363323152	1.5707963705	0.0000000000	0.0000000000	0.0000000000
4.4913987837	0.7853981853	1.2217304707	0.4363323152	1.5707963705	0.0000000000	0.0000000000	0.0000000000
4.4955690704	0.7853981853	1.2217304707	0.4363323152	1.5707963705	0.0000000000	0.0000000000	0.0000000000
4.4997393571	0.7853981853	1.2217304707	0.4363323152	1.5707963705	0.0000000000	0.0000000000	0.0000000000
4.5039096438	0.7853981853	1.2217304707	0.4363323152	1.5707963705	0.0000000000	0.0000000000	0.0000000000
4.5080799305	0.7853981853	1.2217304707	0.4363323152	1.5707963705	0.0000000000	0.0000000000	0.0000000000
4.5122502172	0.7853981853	1.2217304707	0.4363323152	1.5707963705	0.0000000000	0.0000000000	0.0000000000
4.5164205039	0.7853981853	1.2217304707	0.4363323152	1.5707963705	0.0000000000	0.0000000000	0.0000000000
4.5205907906	0.7853981853	1.2217304707	0.4363323152	1.5707963705	0.0000000000	0.0000000000	0.0000000000
4.5247610773	0.7853981853	1.2217304707	0.4363323152	1.5707963705	0.0000000000	0.0000000000	0.0000000000
4.5289313640	0.7853981853	1.2217304707	0.4363323152	1.5707963705	0.0000000000	0.0000000000	0.0000000000
4.5331016507	0.7853981853	1.2217304707	0.4363323152	1.5707963705	0.0000000000	0.0000000000	0.0000000000
4.5372719374	0.7853981853	1.2217304707	0.4363323152	1.5707963705	0.0000000000	0.0000000000	0.0000000000
4.5414422242	0.7853981853	1.2217304707	0.4363323152	1.5707963705	0.0000000000	0.0000000000	0.0000000000
4.5456125109	0.7853981853	1.2217304707	0.4363323152	1.5707963705	0.0000000000	0.0000000000	0.0000000000
4.5497827976	0.7853981853	1.2217304707	0.4363323152	1.5707963705	0.0000000000	0.0000000000	0.0000000000
4.5539530843	0.7853981853	1.2217304707	0.4363323152	1.5707963705	0.0000000000	0.0000000000	0.0000000000
4.5581233710	0.7853981853	1.2217304707	0.4363323152	1.5707963705	0.0000000000	0.0000000000	0.0000000000
4.5622936577	0.7853981853	1.2217304707	0.4363323152	1.5707963705	0.0000000000	0.0000000000	0.0000000000
4.5664639444	0.7853981853	1.2217304707	0.4363323152	1.5707963705	0.0000000000	0.0000000000	0.0000000000
4.5706342311	0.7853981853	1.2217304707	0.4363323152	1.5707963705	0.0000000000	0.0000000000	0.0000000000
4.5748045178	0.7853981853	1.2217304707	0.4363323152	1.5707963705	0.0000000000	0.0000000000	0.0000000000
4.5789748045	0.7853981853	1.2217304707	0.4363323152	1.5707963705	0.0000000000	0.0000000000	0.0000000000
4.5831450912	0.7853981853	1.2217304707	0.4363323152	1.5707963705	0.0000000000	0.0000000000	0.0000000000
4.5873153779	0.7853981853	1.2217304707	0.4363323152	1.5707963705	0.0000000000	0.0000000000	0.0000000000
4.5914856646	0.7853981853	1.2217304707	0.4363323152	1.5707963705	0.0000000000	0.0000000000	0.0000000000
4.5956559513	0.7853981853	1.2217304707	0.4363323152	1.5707963705	0.0000000000	0.0000000000	0.0000000000
4.5998262381	0.7853981853	1.2217304707	0.4363323152	1.5707963705	0.0000000000	0.0000000000	0.0000000000
4.6039965248	0.7853981853	1.2217304707	0.4363323152	1.5707963705	0.0000000000	0.0000000000	0.0000000000
4.6081668115	0.7853981853	1.2217304707	0.4363323152	1.5707963705	0.0000000000	0.0000000000	0.0000000000
4.6123370982	0.7853981853	1.2217304707	0.4363323152	1.5707963705	0.0000000000	0.0000000000	0.0000000000
4.6165073849	0.7853981853	1.2217304707	0.4363323152	1.5707963705	0.0000000000	0.0000000000	0.0000000000
4.6206776716	0.7853981853	1.2217304707	0.4363323152	1.5707963705	0.0000000000	0.0000000000	0.0000000000
4.6248479583	0.7853981853	1.2217304707	0.4363323152	1.5707963705	0.0000000000	0.0000000000	0.0000000000
4.6290182450	0.7853981853	1.2217304707	0.4363323152	1.5707963705	0.0000000000	0.0000000000	0.0000000000
4.6331885317	0.7853981853	1.2217304707	0.4363323152	1.5707963705	0.0000000000	0.0000000000	0.0000000000
4.6373588184	0.7853981853	1.2217304707	0.4363323152	1.5707963705	0.0000000000	0.0000000000	0.0000000000
4.6415291051	0.7853981853	1.2217304707	0.4363323152	1.5707963705	0.0000000000	0.0000000000	0.0000000000
4.6456993918	0.7853981853	1.2217304707	0.4363323152	1.5707963705	0.0000000000	0.0000000000	0.0000000000
4.6498696785	0.7853981853	1.2217304707	0.4363323152	1.5707963705	0.0000000000	0.0000000000	0.0000000000
4.6540399652	0.7853981853	1.2217304707	0.4363323152	1.5707963705	0.0000000000	0.0000000000	0.0000000000
4.6582102520	0.7853981853	1.2217304707	0.4363323152	1.5707963705	0.0000000000	0.0000000000	0.0000000000
4.6623805387	0.7853981853	1.2217304707	0.4363323152	1.5707963705	0.0000000000	0.0000000000	0.0000000000
4.6665508254	0.7853981853	1.2217304707	0.4363323152	1.5707963705	0.0000000000	0.0000000000	0.0000000000
4.6707211121	0.7853981853	1.2217304707	0.4363323152	1.5707963705	0.0000000000	0.0000000000	0.0000000000
4.6748913988	0.7853981853	1.2217304707	0.4363323152	1.5707963705	0.0000000000	0.0000000000	0.0000000000
4.6790616855	0.7853981853	1.2217304707	0.4363323152	1.5707963705	0.0000000000	0.0000000000	0.0000000000
4.6832319722	0.7853981853	1.2217304707	0.4363323152	1.5707963705	0.0000000000	0.0000000000	0.0000000000
4.6874022589	0.7853981853	1.2217304707	0.4363323152	1.5707963705	0.0000000000	0.0000000000	0.0000000000
4.6915725456	0.7853981853	1.2217304707	0.4363323152	1.5707963705	0.0000000000	0.0000000000	0.0000000000
4.6957428323	0.7853981853	1.2217304707	0.4363323152	1.5707963705	0.0000000000	0.0000000000	0.0000000000
4.6999131190	0.7853981853	1.2217304707	0.4363323152	1.5707963705	0.0000000000	0.0000000000	0.0000000000
4.7040834057	0.7853981853	1.2217304707	0.4363323152	1.5707963705	0.0000000000	0.0000000000	0.0000000000
4.7082536924	0.7853981853	1.2217304707	0.4363323152	1.5707963705	0.0000000000	0.0000000000	0.0000000000
4.7124239791	0.7853981853	1.2217304707	0.4363323152	1.5707963705	0.0000000000	0.0000000000	0.0000000000
4.7165942659	0.7853981853	1.2217304707	0.4363323152	1.5707963705	0.0000000000	0.0000000000	0.0000000000
4.7207645526	0.7853981853	1.2217304707	0.4363323152	1.5707963705	0.0000000000	0.0000000000	0.0000000000
4.7249348393	0.7853981853	1.2217304707	0.4363323152	1.5707963705	0.0000000000	0.0000000000	0.0000000000
4.7291051260	0.7853981853	1.2217304707	0.4363323152	1.5707963705	0.0000000000	0.0000000000	0.0000000000
4.7332754127	0.7853981853	1.2217304707	0.4363323152	1.5707963705	0.0000000000	0.0000000000	0.0000000000
4.7374456994	0.7853981853	1.2217304707	0.4363323152	1.5707963705	0.0000000000	0.0000000000	0.0000000000
4.7416159861	0.7853981853	1.2217304707	0.4363323152	1.5707963705	0.0000000000	0.0000000000	0.0000000000
4.7457862728	0.7853981853	1.2217304707	0.4363323152	1.5707963705	0.0000000000	0.0000000000	0.0000000000
4.7499565595	0.7853981853	1.2217304707	0.4363323152	1.5707963705	0.0000000000	0.0000000000	0.0000000000
4.7541268462	0.7853981853	1.2217304707	0.4363323152	1.5707963705	0.0000000000	0.0000000000	0.0000000000
4.7582971329	0.7853981853	1.2217304707	0.4363323152	1.5707963705	0.0000000000	0.0000000000	0.0000000000
4.7624674196	0.7853981853	1.2217304707	0.4363323152	1.5707963705	0.0000000000	0.0000000000	0.0000000000
4.7666377063	0.7853981853	1.2217304707	0.4363323152	1.5707963705	0.0000000000	0.0000000000	0.0000000000
4.7708079930	0.7853981853	1.2217304707	0.4363323152	1.5707963705	0.0000000000	0.0000000000	0.0000000000
4.7749782798	0.7853981853	1.2217304707	0.4363323152	1.5707963705	0.0000000000	0.0000000000	0.0000000000
4.7791485665	0.7853981853	1.2217304707	0.4363323152	1.5707963705	0.0000000000	0.0000000000	0.0000000000
4.7833188532	0.7853981853	1.2217304707	0.4363323152	1.5707963705	0.0000000000	0.0000000000	0.0000000000
4.7874891399	0.7853981853	1.2217304707	0.4363323152	1.5707963705	0.0000000000	0.0000000000	0.0000000000
4.7916594266	0.7853981853	1.2217304707	0.4363323152	1.5707963705	0.0000000000	0.0000000000	0.0000000000
4.7958297133	0.7853981853	1.2217304707	0.4363323152	1.5707963705	0.0000000000	0.0000000000	0.0000000000
4.8000000000	0.7853981853	1.2217304707	0.4363323152	1.5707963705	0.0000000000	0.0000000000	0.0000000000
