inDegrees=no
DataType=double
version=3
OpenSimVersion=4.4-2022-10-11-798caa840
endheader
time	elv_angle	shoulder_elv	shoulder_rot	elbow_flexion	pro_sup	deviation	flexion
0.0000000000	0.7853981853	1.2217304707	0.4363323152	1.5707963705	0.0000000000	0.0000000000	0.0000000000
0.0041702867	0.7853981853	1.2217304707	0.4363323152	1.5707963705	0.0000000000	0.0000000000	0.0000000000
0.0083405734	0.7853981853	1.2217304707	0.4363323152	1.5707963705	0.0000000000	0.0000000000	0.0000000000
0.0125108601	0.7853981853	1.2217304707	0.4363323152	1.5707963705	0.0000000000	0.0000000000	0.0000000000
0.0166811468	0.7853981853	1.2217304707	0.4363323152	1.5707963705	0.0000000000	0.0000000000	0.0000000000
0.0208514335	0.7853981853	1.2217304707	0.4363323152	1.5707963705	0.0000000000	0.0000000000	0.0000000000
0.0250217202	0.7853981853	1.2217304707	0.4363323152	1.5707963705	0.0000000000	0.0000000000	0.0000000000
0.0291920070	0.7853981853	1.2217304707	0.4363323152	1.5707963705	0.0000000000	0.0000000000	0.0000000000
0.0333622937	0.7853981853	1.2217304707	0.4363323152	1.5707963705	0.0000000000	0.0000000000	0.0000000000
0.0375325804	0.7853981853	1.2217304707	0.4363323152	1.5707963705	0.0000000000	0.0000000000	0.0000000000
0.0417028671	0.7853981853	1.2217304707	0.4363323152	1.5707963705	0.0000000000	0.0000000000	0.0000000000
0.0458731538	0.7853981853	1.2217304707	0.4363323152	1.5707963705	0.0000000000	0.0000000000	0.0000000000
0.0500434405	0.7853981853	1.2217304707	0.4363323152	1.5707963705	0.0000000000	0.0000000000	0.0000000000
0.0542137272	0.7853981853	1.2217304707	0.4363323152	1.5707963705	0.0000000000	0.0000000000	0.0000000000
0.0583840139	0.7853981853	1.2217304707	0.4363323152	1.5707963705	0.0000000000	0.0000000000	0.0000000000
0.0625543006	0.7853981853	1.2217304707	0.4363323152	1.5707963705	0.0000000000	0.0000000000	0.0000000000
0.0667245873	0.7853981853	1.2217304707	0.4363323152	1.5707963705	0.0000000000	0.0000000000	0.0000000000
0.0708948740	0.7853981853	1.2217304707	0.4363323152	1.5707963705	0.0000000000	0.0000000000	0.0000000000
0.0750651607	0.7853981853	1.2217304707	0.4363323152	1.5707963705	0.0000000000	0.0000000000	0.0000000000
0.0792354474	0.7853981853	1.2217304707	0.4363323152	1.5707963705	0.0000000000	0.0000000000	0.0000000000
0.0834057341	0.7853981853	1.2217304707	0.4363323152	1.5707963705	0.0000000000	0.0000000000	0.0000000000
0.0875760209	0.7853981853	1.2217304707	0.4363323152	1.5707963705	0.0000000000	0.0000000000	0.0000000000
0.0917463076	0.7853981853	1.2217304707	0.4363323152	1.5707963705	0.0000000000	0.0000000000	0.0000000000
0.0959165943	0.7853981853	1.2217304707	0.4363323152	1.5707963705	0.0000000000	0.0000000000	0.0000000000
0.1000868810	0.7853981853	1.2217304707	0.4363323152	1.5707963705	0.0000000000	0.0000000000	0.0000000000
0.1042571677	0.7853981853	1.2217304707	0.4363323152	1.5707963705	0.0000000000	0.0000000000	0.0000000000
0.1084274544	0.7853981853	1.2217304707	0.4363323152	1.5707963705	0.0000000000	0.0000000000	0.0000000000
0.1125977411	0.7853981853	1.2217304707	0.4363323152	1.5707963705	0.0000000000	0.0000000000	0.0000000000
0.1167680278	0.7853981853	1.2217304707	0.4363323152	1.5707963705	0.0000000000	0.0000000000	0.0000000000
0.1209383145	0.7853981853	1.2217304707	0.4363323152	1.5707963705	0.0000000000	0.0000000000	0.0000000000
0.1251086012	0.7853981853	1.2217304707	0.4363323152	1.5707963705	0.0000000000	0.0000000000	0.0000000000
0.1292788879	0.7853981853	1.2217304707	0.4363323152	1.5707963705	0.0000000000	0.0000000000	0.0000000000
0.1334491746	0.7853981853	1.2217304707	0.4363323152	1.5707963705	0.0000000000	0.0000000000	0.0000000000
0.1376194613	0.7853981853	1.2217304707	0.4363323152	1.5707963705	0.0000000000	0.0000000000	0.0000000000
0.1417897480	0.7853981853	1.2217304707	0.4363323152	1.5707963705	0.0000000000	0.0000000000	0.0000000000
0.1459600348	0.7853981853	1.2217304707	0.4363323152	1.5707963705	0.0000000000	0.0000000000	0.0000000000
0.1501303215	0.7853981853	1.2217304707	0.4363323152	1.5707963705	0.0000000000	0.0000000000	0.0000000000
0.1543006082	0.7853981853	1.2217304707	0.4363323152	1.5707963705	0.0000000000	0.0000000000	0.0000000000
0.1584708949	0.7853981853	1.2217304707	0.4363323152	1.5707963705	0.0000000000	0.0000000000	0.0000000000
0.1626411816	0.7853981853	1.2217304707	0.4363323152	1.5707963705	0.0000000000	0.0000000000	0.0000000000
0.1668114683	0.7853981853	1.2217304707	0.4363323152	1.5707963705	0.0000000000	0.0000000000	0.0000000000
0.1709817550	0.7853981853	1.2217304707	0.4363323152	1.5707963705	0.0000000000	0.0000000000	0.0000000000
0.1751520417	0.7853981853	1.2217304707	0.4363323152	1.5707963705	0.0000000000	0.0000000000	0.0000000000
0.1793223284	0.7853981853	1.2217304707	0.4363323152	1.5707963705	0.0000000000	0.0000000000	0.0000000000
0.1834926151	0.7853981853	1.2217304707	0.4363323152	1.5707963705	0.0000000000	0.0000000000	0.0000000000
0.1876629018	0.7853981853	1.2217304707	0.4363323152	1.5707963705	0.0000000000	0.0000000000	0.0000000000
0.1918331885	0.7853981853	1.2217304707	0.4363323152	1.5707963705	0.0000000000	0.0000000000	0.0000000000
0.1960034752	0.7853981853	1.2217304707	0.4363323152	1.5707963705	0.0000000000	0.0000000000	0.0000000000
0.2001737619	0.7853981853	1.2217304707	0.4363323152	1.5707963705	0.0000000000	0.0000000000	0.0000000000
0.2043440487	0.7853981853	1.2217304707	0.4363323152	1.5707963705	0.0000000000	0.0000000000	0.0000000000
0.2085143354	0.7853981853	1.2217304707	0.4363323152	1.5707963705	0.0000000000	0.0000000000	0.0000000000
0.2126846221	0.7853981853	1.2217304707	0.4363323152	1.5707963705	0.0000000000	0.0000000000	0.0000000000
0.2168549088	0.7853981853	1.2217304707	0.4363323152	1.5707963705	0.0000000000	0.0000000000	0.0000000000
0.2210251955	0.7853981853	1.2217304707	0.4363323152	1.5707963705	0.0000000000	0.0000000000	0.0000000000
0.2251954822	0.7853981853	1.2217304707	0.4363323152	1.5707963705	0.0000000000	0.0000000000	0.0000000000
0.2293657689	0.7853981853	1.2217304707	0.4363323152	1.5707963705	0.0000000000	0.0000000000	0.0000000000
0.2335360556	0.7853981853	1.2217304707	0.4363323152	1.5707963705	0.0000000000	0.0000000000	0.0000000000
0.2377063423	0.7853981853	1.2217304707	0.4363323152	1.5707963705	0.0000000000	0.0000000000	0.0000000000
0.2418766290	0.7853981853	1.2217304707	0.4363323152	1.5707963705	0.0000000000	0.0000000000	0.0000000000
0.2460469157	0.7853981853	1.2217304707	0.4363323152	1.5707963705	0.0000000000	0.0000000000	0.0000000000
0.2502172024	0.7853981853	1.2217304707	0.4363323152	1.5707963705	0.0000000000	0.0000000000	0.0000000000
0.2543874891	0.7853981853	1.2217304707	0.4363323152	1.5707963705	0.0000000000	0.0000000000	0.0000000000
0.2585577758	0.7853981853	1.2217304707	0.4363323152	1.5707963705	0.0000000000	0.0000000000	0.0000000000
0.2627280626	0.7853981853	1.2217304707	0.4363323152	1.5707963705	0.0000000000	0.0000000000	0.0000000000
0.2668983493	0.7853981853	1.2217304707	0.4363323152	1.5707963705	0.0000000000	0.0000000000	0.0000000000
0.2710686360	0.7853981853	1.2217304707	0.4363323152	1.5707963705	0.0000000000	0.0000000000	0.0000000000
0.2752389227	0.7853981853	1.2217304707	0.4363323152	1.5707963705	0.0000000000	0.0000000000	0.0000000000
0.2794092094	0.7853981853	1.2217304707	0.4363323152	1.5707963705	0.0000000000	0.0000000000	0.0000000000
0.2835794961	0.7853981853	1.2217304707	0.4363323152	1.5707963705	0.0000000000	0.0000000000	0.0000000000
0.2877497828	0.7853981853	1.2217304707	0.4363323152	1.5707963705	0.0000000000	0.0000000000	0.0000000000
0.2919200695	0.7853981853	1.2217304707	0.4363323152	1.5707963705	0.0000000000	0.0000000000	0.0000000000
0.2960903562	0.7853981853	1.2217304707	0.4363323152	1.5707963705	0.0000000000	0.0000000000	0.0000000000
0.3002606429	0.7853981853	1.2217304707	0.4363323152	1.5707963705	0.0000000000	0.0000000000	0.0000000000
0.3044309296	0.7853981853	1.2217304707	0.4363323152	1.5707963705	0.0000000000	0.0000000000	0.0000000000
0.3086012163	0.7853981853	1.2217304707	0.4363323152	1.5707963705	0.0000000000	0.0000000000	0.0000000000
0.3127715030	0.7853981853	1.2217304707	0.4363323152	1.5707963705	0.0000000000	0.0000000000	0.0000000000
0.3169417897	0.7853981853	1.2217304707	0.4363323152	1.5707963705	0.0000000000	0.0000000000	0.0000000000
0.3211120765	0.7853981853	1.2217304707	0.4363323152	1.5707963705	0.0000000000	0.0000000000	0.0000000000
0.3252823632	0.7853981853	1.2217304707	0.4363323152	1.5707963705	0.0000000000	0.0000000000	0.0000000000
0.3294526499	0.7853981853	1.2217304707	0.4363323152	1.5707963705	0.0000000000	0.0000000000	0.0000000000
0.3336229366	0.7853981853	1.2217304707	0.4363323152	1.5707963705	0.0000000000	0.0000000000	0.0000000000
0.3377932233	0.7853981853	1.2217304707	0.4363323152	1.5707963705	0.0000000000	0.0000000000	0.0000000000
0.3419635100	0.7853981853	1.2217304707	0.4363323152	1.5707963705	0.0000000000	0.0000000000	0.0000000000
0.3461337967	0.7853981853	1.2217304707	0.4363323152	1.5707963705	0.0000000000	0.0000000000	0.0000000000
0.3503040834	0.7853981853	1.2217304707	0.4363323152	1.5707963705	0.0000000000	0.0000000000	0.0000000000
0.3544743701	0.7853981853	1.2217304707	0.4363323152	1.5707963705	0.0000000000	0.0000000000	0.0000000000
0.3586446568	0.7853981853	1.2217304707	0.4363323152	1.5707963705	0.0000000000	0.0000000000	0.0000000000
0.3628149435	0.7853981853	1.2217304707	0.4363323152	1.5707963705	0.0000000000	0.0000000000	0.0000000000
0.3669852302	0.7853981853	1.2217304707	0.4363323152	1.5707963705	0.0000000000	0.0000000000	0.0000000000
0.3711555169	0.7853981853	1.2217304707	0.4363323152	1.5707963705	0.0000000000	0.0000000000	0.0000000000
0.3753258036	0.7853981853	1.2217304707	0.4363323152	1.5707963705	0.0000000000	0.0000000000	0.0000000000
0.3794960904	0.7853981853	1.2217304707	0.4363323152	1.5707963705	0.0000000000	0.0000000000	0.0000000000
0.3836663771	0.7853981853	1.2217304707	0.4363323152	1.5707963705	0.0000000000	0.0000000000	0.0000000000
0.3878366638	0.7853981853	1.2217304707	0.4363323152	1.5707963705	0.0000000000	0.0000000000	0.0000000000
0.3920069505	0.7853981853	1.2217304707	0.4363323152	1.5707963705	0.0000000000	0.0000000000	0.0000000000
0.3961772372	0.7853981853	1.2217304707	0.4363323152	1.5707963705	0.0000000000	0.0000000000	0.0000000000
0.4003475239	0.7853981853	1.2217304707	0.4363323152	1.5707963705	0.0000000000	0.0000000000	0.0000000000
0.4045178106	0.7853981853	1.2217304707	0.4363323152	1.5707963705	0.0000000000	0.0000000000	0.0000000000
0.4086880973	0.7853981853	1.2217304707	0.4363323152	1.5707963705	0.0000000000	0.0000000000	0.0000000000
0.4128583840	0.7853981853	1.2217304707	0.4363323152	1.5707963705	0.0000000000	0.0000000000	0.0000000000
0.4170286707	0.7853981853	1.2217304707	0.4363323152	1.5707963705	0.0000000000	0.0000000000	0.0000000000
0.4211989574	0.7853981853	1.2217304707	0.4363323152	1.5707963705	0.0000000000	0.0000000000	0.0000000000
0.4253692441	0.7853981853	1.2217304707	0.4363323152	1.5707963705	0.0000000000	0.0000000000	0.0000000000
0.4295395308	0.7853981853	1.2217304707	0.4363323152	1.5707963705	0.0000000000	0.0000000000	0.0000000000
0.4337098175	0.7853981853	1.2217304707	0.4363323152	1.5707963705	0.0000000000	0.0000000000	0.0000000000
0.4378801043	0.7853981853	1.2217304707	0.4363323152	1.5707963705	0.0000000000	0.0000000000	0.0000000000
0.4420503910	0.7853981853	1.2217304707	0.4363323152	1.5707963705	0.0000000000	0.0000000000	0.0000000000
0.4462206777	0.7853981853	1.2217304707	0.4363323152	1.5707963705	0.0000000000	0.0000000000	0.0000000000
0.4503909644	0.7853981853	1.2217304707	0.4363323152	1.5707963705	0.0000000000	0.0000000000	0.0000000000
0.4545612511	0.7853981853	1.2217304707	0.4363323152	1.5707963705	0.0000000000	0.0000000000	0.0000000000
0.4587315378	0.7853981853	1.2217304707	0.4363323152	1.5707963705	0.0000000000	0.0000000000	0.0000000000
0.4629018245	0.7853981853	1.2217304707	0.4363323152	1.5707963705	0.0000000000	0.0000000000	0.0000000000
0.4670721112	0.7853981853	1.2217304707	0.4363323152	1.5707963705	0.0000000000	0.0000000000	0.0000000000
0.4712423979	0.7853981853	1.2217304707	0.4363323152	1.5707963705	0.0000000000	0.0000000000	0.0000000000
0.4754126846	0.7853981853	1.2217304707	0.4363323152	1.5707963705	0.0000000000	0.0000000000	0.0000000000
0.4795829713	0.7853981853	1.2217304707	0.4363323152	1.5707963705	0.0000000000	0.0000000000	0.0000000000
0.4837532580	0.7853981853	1.2217304707	0.4363323152	1.5707963705	0.0000000000	0.0000000000	0.0000000000
0.4879235447	0.7853981853	1.2217304707	0.4363323152	1.5707963705	0.0000000000	0.0000000000	0.0000000000
0.4920938315	0.7853981853	1.2217304707	0.4363323152	1.5707963705	0.0000000000	0.0000000000	0.0000000000
0.4962641182	0.7853981853	1.2217304707	0.4363323152	1.5707963705	0.0000000000	0.0000000000	0.0000000000
0.5004344049	0.7853981853	1.2217304707	0.4363323152	1.5707963705	0.0000000000	0.0000000000	0.0000000000
0.5046046916	0.7853981853	1.2217304707	0.4363323152	1.5707963705	0.0000000000	0.0000000000	0.0000000000
0.5087749783	0.7853981853	1.2217304707	0.4363323152	1.5707963705	0.0000000000	0.0000000000	0.0000000000
0.5129452650	0.7853981853	1.2217304707	0.4363323152	1.5707963705	0.0000000000	0.0000000000	0.0000000000
0.5171155517	0.7853981853	1.2217304707	0.4363323152	1.5707963705	0.0000000000	0.0000000000	0.0000000000
0.5212858384	0.7853981853	1.2217304707	0.4363323152	1.5707963705	0.0000000000	0.0000000000	0.0000000000
0.5254561251	0.7853981853	1.2217304707	0.4363323152	1.5707963705	0.0000000000	0.0000000000	0.0000000000
0.5296264118	0.7853981853	1.2217304707	0.4363323152	1.5707963705	0.0000000000	0.0000000000	0.0000000000
0.5337966985	0.7853981853	1.2217304707	0.4363323152	1.5707963705	0.0000000000	0.0000000000	0.0000000000
0.5379669852	0.7853981853	1.2217304707	0.4363323152	1.5707963705	0.0000000000	0.0000000000	0.0000000000
0.5421372719	0.7853981853	1.2217304707	0.4363323152	1.5707963705	0.0000000000	0.0000000000	0.0000000000
0.5463075586	0.7853981853	1.2217304707	0.4363323152	1.5707963705	0.0000000000	0.0000000000	0.0000000000
0.5504778454	0.7853981853	1.2217304707	0.4363323152	1.5707963705	0.0000000000	0.0000000000	0.0000000000
0.5546481321	0.7853981853	1.2217304707	0.4363323152	1.5707963705	0.0000000000	0.0000000000	0.0000000000
0.5588184188	0.7853981853	1.2217304707	0.4363323152	1.5707963705	0.0000000000	0.0000000000	0.0000000000
0.5629887055	0.7853981853	1.2217304707	0.4363323152	1.5707963705	0.0000000000	0.0000000000	0.0000000000
0.5671589922	0.7853981853	1.2217304707	0.4363323152	1.5707963705	0.0000000000	0.0000000000	0.0000000000
0.5713292789	0.7853981853	1.2217304707	0.4363323152	1.5707963705	0.0000000000	0.0000000000	0.0000000000
0.5754995656	0.7853981853	1.2217304707	0.4363323152	1.5707963705	0.0000000000	0.0000000000	0.0000000000
0.5796698523	0.7853981853	1.2217304707	0.4363323152	1.5707963705	0.0000000000	0.0000000000	0.0000000000
0.5838401390	0.7853981853	1.2217304707	0.4363323152	1.5707963705	0.0000000000	0.0000000000	0.0000000000
0.5880104257	0.7853981853	1.2217304707	0.4363323152	1.5707963705	0.0000000000	0.0000000000	0.0000000000
0.5921807124	0.7853981853	1.2217304707	0.4363323152	1.5707963705	0.0000000000	0.0000000000	0.0000000000
0.5963509991	0.7853981853	1.2217304707	0.4363323152	1.5707963705	0.0000000000	0.0000000000	0.0000000000
0.6005212858	0.7853981853	1.2217304707	0.4363323152	1.5707963705	0.0000000000	0.0000000000	0.0000000000
0.6046915725	0.7853981853	1.2217304707	0.4363323152	1.5707963705	0.0000000000	0.0000000000	0.0000000000
0.6088618593	0.7853981853	1.2217304707	0.4363323152	1.5707963705	0.0000000000	0.0000000000	0.0000000000
0.6130321460	0.7853981853	1.2217304707	0.4363323152	1.5707963705	0.0000000000	0.0000000000	0.0000000000
0.6172024327	0.7853981853	1.2217304707	0.4363323152	1.5707963705	0.0000000000	0.0000000000	0.0000000000
0.6213727194	0.7853981853	1.2217304707	0.4363323152	1.5707963705	0.0000000000	0.0000000000	0.0000000000
0.6255430061	0.7853981853	1.2217304707	0.4363323152	1.5707963705	0.0000000000	0.0000000000	0.0000000000
0.6297132928	0.7853981853	1.2217304707	0.4363323152	1.5707963705	0.0000000000	0.0000000000	0.0000000000
0.6338835795	0.7853981853	1.2217304707	0.4363323152	1.5707963705	0.0000000000	0.0000000000	0.0000000000
0.6380538662	0.7853981853	1.2217304707	0.4363323152	1.5707963705	0.0000000000	0.0000000000	0.0000000000
0.6422241529	0.7853981853	1.2217304707	0.4363323152	1.5707963705	0.0000000000	0.0000000000	0.0000000000
0.6463944396	0.7853981853	1.2217304707	0.4363323152	1.5707963705	0.0000000000	0.0000000000	0.0000000000
0.6505647263	0.7853981853	1.2217304707	0.4363323152	1.5707963705	0.0000000000	0.0000000000	0.0000000000
0.6547350130	0.7853981853	1.2217304707	0.4363323152	1.5707963705	0.0000000000	0.0000000000	0.0000000000
0.6589052997	0.7853981853	1.2217304707	0.4363323152	1.5707963705	0.0000000000	0.0000000000	0.0000000000
0.6630755864	0.7853981853	1.2217304707	0.4363323152	1.5707963705	0.0000000000	0.0000000000	0.0000000000
0.6672458732	0.7853981853	1.2217304707	0.4363323152	1.5707963705	0.0000000000	0.0000000000	0.0000000000
0.6714161599	0.7853981853	1.2217304707	0.4363323152	1.5707963705	0.0000000000	0.0000000000	0.0000000000
0.6755864466	0.7853981853	1.2217304707	0.4363323152	1.5707963705	0.0000000000	0.0000000000	0.0000000000
0.6797567333	0.7853981853	1.2217304707	0.4363323152	1.5707963705	0.0000000000	0.0000000000	0.0000000000
0.6839270200	0.7853981853	1.2217304707	0.4363323152	1.5707963705	0.0000000000	0.0000000000	0.0000000000
0.6880973067	0.7853981853	1.2217304707	0.4363323152	1.5707963705	0.0000000000	0.0000000000	0.0000000000
0.6922675934	0.7853981853	1.2217304707	0.4363323152	1.5707963705	0.0000000000	0.0000000000	0.0000000000
0.6964378801	0.7853981853	1.2217304707	0.4363323152	1.5707963705	0.0000000000	0.0000000000	0.0000000000
0.7006081668	0.7853981853	1.2217304707	0.4363323152	1.5707963705	0.0000000000	0.0000000000	0.0000000000
0.7047784535	0.7853981853	1.2217304707	0.4363323152	1.5707963705	0.0000000000	0.0000000000	0.0000000000
0.7089487402	0.7853981853	1.2217304707	0.4363323152	1.5707963705	0.0000000000	0.0000000000	0.0000000000
0.7131190269	0.7853981853	1.2217304707	0.4363323152	1.5707963705	0.0000000000	0.0000000000	0.0000000000
0.7172893136	0.7853981853	1.2217304707	0.4363323152	1.5707963705	0.0000000000	0.0000000000	0.0000000000
0.7214596003	0.7853981853	1.2217304707	0.4363323152	1.5707963705	0.0000000000	0.0000000000	0.0000000000
0.7256298871	0.7853981853	1.2217304707	0.4363323152	1.5707963705	0.0000000000	0.0000000000	0.0000000000
0.7298001738	0.7853981853	1.2217304707	0.4363323152	1.5707963705	0.0000000000	0.0000000000	0.0000000000
0.7339704605	0.7853981853	1.2217304707	0.4363323152	1.5707963705	0.0000000000	0.0000000000	0.0000000000
0.7381407472	0.7853981853	1.2217304707	0.4363323152	1.5707963705	0.0000000000	0.0000000000	0.0000000000
0.7423110339	0.7853981853	1.2217304707	0.4363323152	1.5707963705	0.0000000000	0.0000000000	0.0000000000
0.7464813206	0.7853981853	1.2217304707	0.4363323152	1.5707963705	0.0000000000	0.0000000000	0.0000000000
0.7506516073	0.7853981853	1.2217304707	0.4363323152	1.5707963705	0.0000000000	0.0000000000	0.0000000000
0.7548218940	0.7853981853	1.2217304707	0.4363323152	1.5707963705	0.0000000000	0.0000000000	0.0000000000
0.7589921807	0.7853981853	1.2217304707	0.4363323152	1.5707963705	0.0000000000	0.0000000000	0.0000000000
0.7631624674	0.7853981853	1.2217304707	0.4363323152	1.5707963705	0.0000000000	0.0000000000	0.0000000000
0.7673327541	0.7853981853	1.2217304707	0.4363323152	1.5707963705	0.0000000000	0.0000000000	0.0000000000
0.7715030408	0.7853981853	1.2217304707	0.4363323152	1.5707963705	0.0000000000	0.0000000000	0.0000000000
0.7756733275	0.7853981853	1.2217304707	0.4363323152	1.5707963705	0.0000000000	0.0000000000	0.0000000000
0.7798436142	0.7853981853	1.2217304707	0.4363323152	1.5707963705	0.0000000000	0.0000000000	0.0000000000
0.7840139010	0.7853981853	1.2217304707	0.4363323152	1.5707963705	0.0000000000	0.0000000000	0.0000000000
0.7881841877	0.7853981853	1.2217304707	0.4363323152	1.5707963705	0.0000000000	0.0000000000	0.0000000000
0.7923544744	0.7853981853	1.2217304707	0.4363323152	1.5707963705	0.0000000000	0.0000000000	0.0000000000
0.7965247611	0.7853981853	1.2217304707	0.4363323152	1.5707963705	0.0000000000	0.0000000000	0.0000000000
0.8006950478	0.7853981853	1.2217304707	0.4363323152	1.5707963705	0.0000000000	0.0000000000	0.0000000000
0.8048653345	0.7853981853	1.2217304707	0.4363323152	1.5707963705	0.0000000000	0.0000000000	0.0000000000
0.8090356212	0.7853981853	1.2217304707	0.4363323152	1.5707963705	0.0000000000	0.0000000000	0.0000000000
0.8132059079	0.7853981853	1.2217304707	0.4363323152	1.5707963705	0.0000000000	0.0000000000	0.0000000000
0.8173761946	0.7853981853	1.2217304707	0.4363323152	1.5707963705	0.0000000000	0.0000000000	0.0000000000
0.8215464813	0.7853981853	1.2217304707	0.4363323152	1.5707963705	0.0000000000	0.0000000000	0.0000000000
0.8257167680	0.7853981853	1.2217304707	0.4363323152	1.5707963705	0.0000000000	0.0000000000	0.0000000000
0.8298870547	0.7853981853	1.2217304707	0.4363323152	1.5707963705	0.0000000000	0.0000000000	0.0000000000
0.8340573414	0.7853981853	1.2217304707	0.4363323152	1.5707963705	0.0000000000	0.0000000000	0.0000000000
0.8382276281	0.7853981853	1.2217304707	0.4363323152	1.5707963705	0.0000000000	0.0000000000	0.0000000000
0.8423979149	0.7853981853	1.2217304707	0.4363323152	1.5707963705	0.0000000000	0.0000000000	0.0000000000
0.8465682016	0.7853981853	1.2217304707	0.4363323152	1.5707963705	0.0000000000	0.0000000000	0.0000000000
0.8507384883	0.7853981853	1.2217304707	0.4363323152	1.5707963705	0.0000000000	0.0000000000	0.0000000000
0.8549087750	0.7853981853	1.2217304707	0.4363323152	1.5707963705	0.0000000000	0.0000000000	0.0000000000
0.8590790617	0.7853981853	1.2217304707	0.4363323152	1.5707963705	0.0000000000	0.0000000000	0.0000000000
0.8632493484	0.7853981853	1.2217304707	0.4363323152	1.5707963705	0.0000000000	0.0000000000	0.0000000000
0.8674196351	0.7853981853	1.2217304707	0.4363323152	1.5707963705	0.0000000000	0.0000000000	0.0000000000
0.8715899218	0.7853981853	1.2217304707	0.4363323152	1.5707963705	0.0000000000	0.0000000000	0.0000000000
0.8757602085	0.7853981853	1.2217304707	0.4363323152	1.5707963705	0.0000000000	0.0000000000	0.0000000000
0.8799304952	0.7853981853	1.2217304707	0.4363323152	1.5707963705	0.0000000000	0.0000000000	0.0000000000
0.8841007819	0.7853981853	1.2217304707	0.4363323152	1.5707963705	0.0000000000	0.0000000000	0.0000000000
0.8882710686	0.7853981853	1.2217304707	0.4363323152	1.5707963705	0.0000000000	0.0000000000	0.0000000000
0.8924413553	0.7853981853	1.2217304707	0.4363323152	1.5707963705	0.0000000000	0.0000000000	0.0000000000
0.8966116421	0.7853981853	1.2217304707	0.4363323152	1.5707963705	0.0000000000	0.0000000000	0.0000000000
0.9007819288	0.7853981853	1.2217304707	0.4363323152	1.5707963705	0.0000000000	0.0000000000	0.0000000000
0.9049522155	0.7853981853	1.2217304707	0.4363323152	1.5707963705	0.0000000000	0.0000000000	0.0000000000
0.9091225022	0.7853981853	1.2217304707	0.4363323152	1.5707963705	0.0000000000	0.0000000000	0.0000000000
0.9132927889	0.7853981853	1.2217304707	0.4363323152	1.5707963705	0.0000000000	0.0000000000	0.0000000000
0.9174630756	0.7853981853	1.2217304707	0.4363323152	1.5707963705	0.0000000000	0.0000000000	0.0000000000
0.9216333623	0.7853981853	1.2217304707	0.4363323152	1.5707963705	0.0000000000	0.0000000000	0.0000000000
0.9258036490	0.7853981853	1.2217304707	0.4363323152	1.5707963705	0.0000000000	0.0000000000	0.0000000000
0.9299739357	0.7853981853	1.2217304707	0.4363323152	1.5707963705	0.0000000000	0.0000000000	0.0000000000
0.9341442224	0.7853981853	1.2217304707	0.4363323152	1.5707963705	0.0000000000	0.0000000000	0.0000000000
0.9383145091	0.7853981853	1.2217304707	0.4363323152	1.5707963705	0.0000000000	0.0000000000	0.0000000000
0.9424847958	0.7853981853	1.2217304707	0.4363323152	1.5707963705	0.0000000000	0.0000000000	0.0000000000
0.9466550825	0.7853981853	1.2217304707	0.4363323152	1.5707963705	0.0000000000	0.0000000000	0.0000000000
0.9508253692	0.7853981853	1.2217304707	0.4363323152	1.5707963705	0.0000000000	0.0000000000	0.0000000000
0.9549956560	0.7853981853	1.2217304707	0.4363323152	1.5707963705	0.0000000000	0.0000000000	0.0000000000
0.9591659427	0.7853981853	1.2217304707	0.4363323152	1.5707963705	0.0000000000	0.0000000000	0.0000000000
0.9633362294	0.7853981853	1.2217304707	0.4363323152	1.5707963705	0.0000000000	0.0000000000	0.0000000000
0.9675065161	0.7853981853	1.2217304707	0.4363323152	1.5707963705	0.0000000000	0.0000000000	0.0000000000
0.9716768028	0.7853981853	1.2217304707	0.4363323152	1.5707963705	0.0000000000	0.0000000000	0.0000000000
0.9758470895	0.7853981853	1.2217304707	0.4363323152	1.5707963705	0.0000000000	0.0000000000	0.0000000000
0.9800173762	0.7853981853	1.2217304707	0.4363323152	1.5707963705	0.0000000000	0.0000000000	0.0000000000
0.9841876629	0.7853981853	1.2217304707	0.4363323152	1.5707963705	0.0000000000	0.0000000000	0.0000000000
0.9883579496	0.7853981853	1.2217304707	0.4363323152	1.5707963705	0.0000000000	0.0000000000	0.0000000000
0.9925282363	0.7853981853	1.2217304707	0.4363323152	1.5707963705	0.0000000000	0.0000000000	0.0000000000
0.9966985230	0.7853981853	1.2217304707	0.4363323152	1.5707963705	0.0000000000	0.0000000000	0.0000000000
1.0008688097	0.7853981853	1.2217304707	0.4363323152	1.5707963705	0.0000000000	0.0000000000	0.0000000000
1.0050390964	0.7853981853	1.2217304707	0.4363323152	1.5707963705	0.0000000000	0.0000000000	0.0000000000
1.0092093831	0.7853981853	1.2217304707	0.4363323152	1.5707963705	0.0000000000	0.0000000000	0.0000000000
1.0133796699	0.7853981853	1.2217304707	0.4363323152	1.5707963705	0.0000000000	0.0000000000	0.0000000000
1.0175499566	0.7853981853	1.2217304707	0.4363323152	1.5707963705	0.0000000000	0.0000000000	0.0000000000
1.0217202433	0.7853981853	1.2217304707	0.4363323152	1.5707963705	0.0000000000	0.0000000000	0.0000000000
1.0258905300	0.7853981853	1.2217304707	0.4363323152	1.5707963705	0.0000000000	0.0000000000	0.0000000000
1.0300608167	0.7853981853	1.2217304707	0.4363323152	1.5707963705	0.0000000000	0.0000000000	0.0000000000
1.0342311034	0.7853981853	1.2217304707	0.4363323152	1.5707963705	0.0000000000	0.0000000000	0.0000000000
1.0384013901	0.7853981853	1.2217304707	0.4363323152	1.5707963705	0.0000000000	0.0000000000	0.0000000000
1.0425716768	0.7853981853	1.2217304707	0.4363323152	1.5707963705	0.0000000000	0.0000000000	0.0000000000
1.0467419635	0.7853981853	1.2217304707	0.4363323152	1.5707963705	0.0000000000	0.0000000000	0.0000000000
1.0509122502	0.7853981853	1.2217304707	0.4363323152	1.5707963705	0.0000000000	0.0000000000	0.0000000000
1.0550825369	0.7853981853	1.2217304707	0.4363323152	1.5707963705	0.0000000000	0.0000000000	0.0000000000
1.0592528236	0.7853981853	1.2217304707	0.4363323152	1.5707963705	0.0000000000	0.0000000000	0.0000000000
1.0634231103	0.7853981853	1.2217304707	0.4363323152	1.5707963705	0.0000000000	0.0000000000	0.0000000000
1.0675933970	0.7853981853	1.2217304707	0.4363323152	1.5707963705	0.0000000000	0.0000000000	0.0000000000
1.0717636838	0.7853981853	1.2217304707	0.4363323152	1.5707963705	0.0000000000	0.0000000000	0.0000000000
1.0759339705	0.7853981853	1.2217304707	0.4363323152	1.5707963705	0.0000000000	0.0000000000	0.0000000000
1.0801042572	0.7853981853	1.2217304707	0.4363323152	1.5707963705	0.0000000000	0.0000000000	0.0000000000
1.0842745439	0.7853981853	1.2217304707	0.4363323152	1.5707963705	0.0000000000	0.0000000000	0.0000000000
1.0884448306	0.7853981853	1.2217304707	0.4363323152	1.5707963705	0.0000000000	0.0000000000	0.0000000000
1.0926151173	0.7853981853	1.2217304707	0.4363323152	1.5707963705	0.0000000000	0.0000000000	0.0000000000
1.0967854040	0.7853981853	1.2217304707	0.4363323152	1.5707963705	0.0000000000	0.0000000000	0.0000000000
1.1009556907	0.7853981853	1.2217304707	0.4363323152	1.5707963705	0.0000000000	0.0000000000	0.0000000000
1.1051259774	0.7853981853	1.2217304707	0.4363323152	1.5707963705	0.0000000000	0.0000000000	0.0000000000
1.1092962641	0.7853981853	1.2217304707	0.4363323152	1.5707963705	0.0000000000	0.0000000000	0.0000000000
1.1134665508	0.7853981853	1.2217304707	0.4363323152	1.5707963705	0.0000000000	0.0000000000	0.0000000000
1.1176368375	0.7853981853	1.2217304707	0.4363323152	1.5707963705	0.0000000000	0.0000000000	0.0000000000
1.1218071242	0.7853981853	1.2217304707	0.4363323152	1.5707963705	0.0000000000	0.0000000000	0.0000000000
1.1259774109	0.7853981853	1.2217304707	0.4363323152	1.5707963705	0.0000000000	0.0000000000	0.0000000000
1.1301476977	0.7853981853	1.2217304707	0.4363323152	1.5707963705	0.0000000000	0.0000000000	0.0000000000
1.1343179844	0.7853981853	1.2217304707	0.4363323152	1.5707963705	0.0000000000	0.0000000000	0.0000000000
1.1384882711	0.7853981853	1.2217304707	0.4363323152	1.5707963705	0.0000000000	0.0000000000	0.0000000000
1.1426585578	0.7853981853	1.2217304707	0.4363323152	1.5707963705	0.0000000000	0.0000000000	0.0000000000
1.1468288445	0.7853981853	1.2217304707	0.4363323152	1.5707963705	0.0000000000	0.0000000000	0.0000000000
1.1509991312	0.7853981853	1.2217304707	0.4363323152	1.5707963705	0.0000000000	0.0000000000	0.0000000000
1.1551694179	0.7853981853	1.2217304707	0.4363323152	1.5707963705	0.0000000000	0.0000000000	0.0000000000
1.1593397046	0.7853981853	1.2217304707	0.4363323152	1.5707963705	0.0000000000	0.0000000000	0.0000000000
1.1635099913	0.7853981853	1.2217304707	0.4363323152	1.5707963705	0.0000000000	0.0000000000	0.0000000000
1.1676802780	0.7853981853	1.2217304707	0.4363323152	1.5707963705	0.0000000000	0.0000000000	0.0000000000
1.1718505647	0.7853981853	1.2217304707	0.4363323152	1.5707963705	0.0000000000	0.0000000000	0.0000000000
1.1760208514	0.7853981853	1.2217304707	0.4363323152	1.5707963705	0.0000000000	0.0000000000	0.0000000000
1.1801911381	0.7853981853	1.2217304707	0.4363323152	1.5707963705	0.0000000000	0.0000000000	0.0000000000
1.1843614248	0.7853981853	1.2217304707	0.4363323152	1.5707963705	0.0000000000	0.0000000000	0.0000000000
1.1885317116	0.7853981853	1.2217304707	0.4363323152	1.5707963705	0.0000000000	0.0000000000	0.0000000000
1.1927019983	0.7853981853	1.2217304707	0.4363323152	1.5707963705	0.0000000000	0.0000000000	0.0000000000
1.1968722850	0.7853981853	1.2217304707	0.4363323152	1.5707963705	0.0000000000	0.0000000000	0.0000000000
1.2010425717	0.7853981853	1.2217304707	0.4363323152	1.5707963705	0.0000000000	0.0000000000	0.0000000000
1.2052128584	0.7853981853	1.2217304707	0.4363323152	1.5707963705	0.0000000000	0.0000000000	0.0000000000
1.2093831451	0.7853981853	1.2217304707	0.4363323152	1.5707963705	0.0000000000	0.0000000000	0.0000000000
1.2135534318	0.7853981853	1.2217304707	0.4363323152	1.5707963705	0.0000000000	0.0000000000	0.0000000000
1.2177237185	0.7853981853	1.2217304707	0.4363323152	1.5707963705	0.0000000000	0.0000000000	0.0000000000
1.2218940052	0.7853981853	1.2217304707	0.4363323152	1.5707963705	0.0000000000	0.0000000000	0.0000000000
1.2260642919	0.7853981853	1.2217304707	0.4363323152	1.5707963705	0.0000000000	0.0000000000	0.0000000000
1.2302345786	0.7853981853	1.2217304707	0.4363323152	1.5707963705	0.0000000000	0.0000000000	0.0000000000
1.2344048653	0.7853981853	1.2217304707	0.4363323152	1.5707963705	0.0000000000	0.0000000000	0.0000000000
1.2385751520	0.7853981853	1.2217304707	0.4363323152	1.5707963705	0.0000000000	0.0000000000	0.0000000000
1.2427454387	0.7853981853	1.2217304707	0.4363323152	1.5707963705	0.0000000000	0.0000000000	0.0000000000
1.2469157255	0.7853981853	1.2217304707	0.4363323152	1.5707963705	0.0000000000	0.0000000000	0.0000000000
1.2510860122	0.7853981853	1.2217304707	0.4363323152	1.5707963705	0.0000000000	0.0000000000	0.0000000000
1.2552562989	0.7853981853	1.2217304707	0.4363323152	1.5707963705	0.0000000000	0.0000000000	0.0000000000
1.2594265856	0.7853981853	1.2217304707	0.4363323152	1.5707963705	0.0000000000	0.0000000000	0.0000000000
1.2635968723	0.7853981853	1.2217304707	0.4363323152	1.5707963705	0.0000000000	0.0000000000	0.0000000000
1.2677671590	0.7853981853	1.2217304707	0.4363323152	1.5707963705	0.0000000000	0.0000000000	0.0000000000
1.2719374457	0.7853981853	1.2217304707	0.4363323152	1.5707963705	0.0000000000	0.0000000000	0.0000000000
1.2761077324	0.7853981853	1.2217304707	0.4363323152	1.5707963705	0.0000000000	0.0000000000	0.0000000000
1.2802780191	0.7853981853	1.2217304707	0.4363323152	1.5707963705	0.0000000000	0.0000000000	0.0000000000
1.2844483058	0.7853981853	1.2217304707	0.4363323152	1.5707963705	0.0000000000	0.0000000000	0.0000000000
1.2886185925	0.7853981853	1.2217304707	0.4363323152	1.5707963705	0.0000000000	0.0000000000	0.0000000000
1.2927888792	0.7853981853	1.2217304707	0.4363323152	1.5707963705	0.0000000000	0.0000000000	0.0000000000
1.2969591659	0.7853981853	1.2217304707	0.4363323152	1.5707963705	0.0000000000	0.0000000000	0.0000000000
1.3011294526	0.7853981853	1.2217304707	0.4363323152	1.5707963705	0.0000000000	0.0000000000	0.0000000000
1.3052997394	0.7853981853	1.2217304707	0.4363323152	1.5707963705	0.0000000000	0.0000000000	0.0000000000
1.3094700261	0.7853981853	1.2217304707	0.4363323152	1.5707963705	0.0000000000	0.0000000000	0.0000000000
1.3136403128	0.7853981853	1.2217304707	0.4363323152	1.5707963705	0.0000000000	0.0000000000	0.0000000000
1.3178105995	0.7853981853	1.2217304707	0.4363323152	1.5707963705	0.0000000000	0.0000000000	0.0000000000
1.3219808862	0.7853981853	1.2217304707	0.4363323152	1.5707963705	0.0000000000	0.0000000000	0.0000000000
1.3261511729	0.7853981853	1.2217304707	0.4363323152	1.5707963705	0.0000000000	0.0000000000	0.0000000000
1.3303214596	0.7853981853	1.2217304707	0.4363323152	1.5707963705	0.0000000000	0.0000000000	0.0000000000
1.3344917463	0.7853981853	1.2217304707	0.4363323152	1.5707963705	0.0000000000	0.0000000000	0.0000000000
1.3386620330	0.7853981853	1.2217304707	0.4363323152	1.5707963705	0.0000000000	0.0000000000	0.0000000000
1.3428323197	0.7853981853	1.2217304707	0.4363323152	1.5707963705	0.0000000000	0.0000000000	0.0000000000
1.3470026064	0.7853981853	1.2217304707	0.4363323152	1.5707963705	0.0000000000	0.0000000000	0.0000000000
1.3511728931	0.7853981853	1.2217304707	0.4363323152	1.5707963705	0.0000000000	0.0000000000	0.0000000000
1.3553431798	0.7853981853	1.2217304707	0.4363323152	1.5707963705	0.0000000000	0.0000000000	0.0000000000
1.3595134666	0.7853981853	1.2217304707	0.4363323152	1.5707963705	0.0000000000	0.0000000000	0.0000000000
1.3636837533	0.7853981853	1.2217304707	0.4363323152	1.5707963705	0.0000000000	0.0000000000	0.0000000000
1.3678540400	0.7853981853	1.2217304707	0.4363323152	1.5707963705	0.0000000000	0.0000000000	0.0000000000
1.3720243267	0.7853981853	1.2217304707	0.4363323152	1.5707963705	0.0000000000	0.0000000000	0.0000000000
1.3761946134	0.7853981853	1.2217304707	0.4363323152	1.5707963705	0.0000000000	0.0000000000	0.0000000000
1.3803649001	0.7853981853	1.2217304707	0.4363323152	1.5707963705	0.0000000000	0.0000000000	0.0000000000
1.3845351868	0.7853981853	1.2217304707	0.4363323152	1.5707963705	0.0000000000	0.0000000000	0.0000000000
1.3887054735	0.7853981853	1.2217304707	0.4363323152	1.5707963705	0.0000000000	0.0000000000	0.0000000000
1.3928757602	0.7853981853	1.2217304707	0.4363323152	1.5707963705	0.0000000000	0.0000000000	0.0000000000
1.3970460469	0.7853981853	1.2217304707	0.4363323152	1.5707963705	0.0000000000	0.0000000000	0.0000000000
1.4012163336	0.7853981853	1.2217304707	0.4363323152	1.5707963705	0.0000000000	0.0000000000	0.0000000000
1.4053866203	0.7853981853	1.2217304707	0.4363323152	1.5707963705	0.0000000000	0.0000000000	0.0000000000
1.4095569070	0.7853981853	1.2217304707	0.4363323152	1.5707963705	0.0000000000	0.0000000000	0.0000000000
1.4137271937	0.7853981853	1.2217304707	0.4363323152	1.5707963705	0.0000000000	0.0000000000	0.0000000000
1.4178974805	0.7853981853	1.2217304707	0.4363323152	1.5707963705	0.0000000000	0.0000000000	0.0000000000
1.4220677672	0.7853981853	1.2217304707	0.4363323152	1.5707963705	0.0000000000	0.0000000000	0.0000000000
1.4262380539	0.7853981853	1.2217304707	0.4363323152	1.5707963705	0.0000000000	0.0000000000	0.0000000000
1.4304083406	0.7853981853	1.2217304707	0.4363323152	1.5707963705	0.0000000000	0.0000000000	0.0000000000
1.4345786273	0.7853981853	1.2217304707	0.4363323152	1.5707963705	0.0000000000	0.0000000000	0.0000000000
1.4387489140	0.7853981853	1.2217304707	0.4363323152	1.5707963705	0.0000000000	0.0000000000	0.0000000000
1.4429192007	0.7853981853	1.2217304707	0.4363323152	1.5707963705	0.0000000000	0.0000000000	0.0000000000
1.4470894874	0.7853981853	1.2217304707	0.4363323152	1.5707963705	0.0000000000	0.0000000000	0.0000000000
1.4512597741	0.7853981853	1.2217304707	0.4363323152	1.5707963705	0.0000000000	0.0000000000	0.0000000000
1.4554300608	0.7853981853	1.2217304707	0.4363323152	1.5707963705	0.0000000000	0.0000000000	0.0000000000
1.4596003475	0.7853981853	1.2217304707	0.4363323152	1.5707963705	0.0000000000	0.0000000000	0.0000000000
1.4637706342	0.7853981853	1.2217304707	0.4363323152	1.5707963705	0.0000000000	0.0000000000	0.0000000000
1.4679409209	0.7853981853	1.2217304707	0.4363323152	1.5707963705	0.0000000000	0.0000000000	0.0000000000
1.4721112076	0.7853981853	1.2217304707	0.4363323152	1.5707963705	0.0000000000	0.0000000000	0.0000000000
1.4762814944	0.7853981853	1.2217304707	0.4363323152	1.5707963705	0.0000000000	0.0000000000	0.0000000000
1.4804517811	0.7853981853	1.2217304707	0.4363323152	1.5707963705	0.0000000000	0.0000000000	0.0000000000
1.4846220678	0.7853981853	1.2217304707	0.4363323152	1.5707963705	0.0000000000	0.0000000000	0.0000000000
1.4887923545	0.7853981853	1.2217304707	0.4363323152	1.5707963705	0.0000000000	0.0000000000	0.0000000000
1.4929626412	0.7853981853	1.2217304707	0.4363323152	1.5707963705	0.0000000000	0.0000000000	0.0000000000
1.4971329279	0.7853981853	1.2217304707	0.4363323152	1.5707963705	0.0000000000	0.0000000000	0.0000000000
1.5013032146	0.7853981853	1.2217304707	0.4363323152	1.5707963705	0.0000000000	0.0000000000	0.0000000000
1.5054735013	0.7853981853	1.2217304707	0.4363323152	1.5707963705	0.0000000000	0.0000000000	0.0000000000
1.5096437880	0.7853981853	1.2217304707	0.4363323152	1.5707963705	0.0000000000	0.0000000000	0.0000000000
1.5138140747	0.7853981853	1.2217304707	0.4363323152	1.5707963705	0.0000000000	0.0000000000	0.0000000000
1.5179843614	0.7853981853	1.2217304707	0.4363323152	1.5707963705	0.0000000000	0.0000000000	0.0000000000
1.5221546481	0.7853981853	1.2217304707	0.4363323152	1.5707963705	0.0000000000	0.0000000000	0.0000000000
1.5263249348	0.7853981853	1.2217304707	0.4363323152	1.5707963705	0.0000000000	0.0000000000	0.0000000000
1.5304952215	0.7853981853	1.2217304707	0.4363323152	1.5707963705	0.0000000000	0.0000000000	0.0000000000
1.5346655083	0.7853981853	1.2217304707	0.4363323152	1.5707963705	0.0000000000	0.0000000000	0.0000000000
1.5388357950	0.7853981853	1.2217304707	0.4363323152	1.5707963705	0.0000000000	0.0000000000	0.0000000000
1.5430060817	0.7853981853	1.2217304707	0.4363323152	1.5707963705	0.0000000000	0.0000000000	0.0000000000
1.5471763684	0.7853981853	1.2217304707	0.4363323152	1.5707963705	0.0000000000	0.0000000000	0.0000000000
1.5513466551	0.7853981853	1.2217304707	0.4363323152	1.5707963705	0.0000000000	0.0000000000	0.0000000000
1.5555169418	0.7853981853	1.2217304707	0.4363323152	1.5707963705	0.0000000000	0.0000000000	0.0000000000
1.5596872285	0.7853981853	1.2217304707	0.4363323152	1.5707963705	0.0000000000	0.0000000000	0.0000000000
1.5638575152	0.7853981853	1.2217304707	0.4363323152	1.5707963705	0.0000000000	0.0000000000	0.0000000000
1.5680278019	0.7853981853	1.2217304707	0.4363323152	1.5707963705	0.0000000000	0.0000000000	0.0000000000
1.5721980886	0.7853981853	1.2217304707	0.4363323152	1.5707963705	0.0000000000	0.0000000000	0.0000000000
1.5763683753	0.7853981853	1.2217304707	0.4363323152	1.5707963705	0.0000000000	0.0000000000	0.0000000000
1.5805386620	0.7853981853	1.2217304707	0.4363323152	1.5707963705	0.0000000000	0.0000000000	0.0000000000
1.5847089487	0.7853981853	1.2217304707	0.4363323152	1.5707963705	0.0000000000	0.0000000000	0.0000000000
1.5888792354	0.7853981853	1.2217304707	0.4363323152	1.5707963705	0.0000000000	0.0000000000	0.0000000000
1.5930495222	0.7853981853	1.2217304707	0.4363323152	1.5707963705	0.0000000000	0.0000000000	0.0000000000
1.5972198089	0.7853981853	1.2217304707	0.4363323152	1.5707963705	0.0000000000	0.0000000000	0.0000000000
1.6013900956	0.7853981853	1.2217304707	0.4363323152	1.5707963705	0.0000000000	0.0000000000	0.0000000000
1.6055603823	0.7853981853	1.2217304707	0.4363323152	1.5707963705	0.0000000000	0.0000000000	0.0000000000
1.6097306690	0.7853981853	1.2217304707	0.4363323152	1.5707963705	0.0000000000	0.0000000000	0.0000000000
1.6139009557	0.7853981853	1.2217304707	0.4363323152	1.5707963705	0.0000000000	0.0000000000	0.0000000000
1.6180712424	0.7853981853	1.2217304707	0.4363323152	1.5707963705	0.0000000000	0.0000000000	0.0000000000
1.6222415291	0.7853981853	1.2217304707	0.4363323152	1.5707963705	0.0000000000	0.0000000000	0.0000000000
1.6264118158	0.7853981853	1.2217304707	0.4363323152	1.5707963705	0.0000000000	0.0000000000	0.0000000000
1.6305821025	0.7853981853	1.2217304707	0.4363323152	1.5707963705	0.0000000000	0.0000000000	0.0000000000
1.6347523892	0.7853981853	1.2217304707	0.4363323152	1.5707963705	0.0000000000	0.0000000000	0.0000000000
1.6389226759	0.7853981853	1.2217304707	0.4363323152	1.5707963705	0.0000000000	0.0000000000	0.0000000000
1.6430929626	0.7853981853	1.2217304707	0.4363323152	1.5707963705	0.0000000000	0.0000000000	0.0000000000
1.6472632493	0.7853981853	1.2217304707	0.4363323152	1.5707963705	0.0000000000	0.0000000000	0.0000000000
1.6514335361	0.7853981853	1.2217304707	0.4363323152	1.5707963705	0.0000000000	0.0000000000	0.0000000000
1.6556038228	0.7853987813	1.2217303514	0.4363323152	1.5707952976	0.0000000000	0.0000000000	0.0000000000
1.6597741095	0.7854034305	1.2217292786	0.4363323152	1.5707874298	0.0000000000	0.0000000000	0.0000000000
1.6639443962	0.7854154706	1.2217264175	0.4363323152	1.5707665682	0.0000000000	0.0000000000	0.0000000000
1.6681146829	0.7854387760	1.2217212915	0.4363323152	1.5707266331	0.0000000000	0.0000000000	0.0000000000
1.6722849696	0.7854763865	1.2217127085	0.4363323152	1.5706621408	0.0000000000	0.0000000000	0.0000000000
1.6764552563	0.7855316401	1.2217001915	0.4363323152	1.5705673695	0.0000000000	0.0000000000	0.0000000000
1.6806255430	0.7856073380	1.2216831446	0.4363323152	1.5704375505	0.0000000000	0.0000000000	0.0000000000
1.6847958297	0.7857062817	1.2216608524	0.4363323152	1.5702679157	0.0000000000	0.0000000000	0.0000000000
1.6889661164	0.7858310342	1.2216325998	0.4363323152	1.5700539351	0.0000000000	0.0000000000	0.0000000000
1.6931364031	0.7859841585	1.2215981483	0.4363323152	1.5697913170	0.0000000000	0.0000000000	0.0000000000
1.6973066898	0.7861677408	1.2215566635	0.4363323152	1.5694766045	0.0000000000	0.0000000000	0.0000000000
1.7014769765	0.7863840461	1.2215081453	0.4363323152	1.5691056252	0.0000000000	0.0000000000	0.0000000000
1.7056472632	0.7866348624	1.2214517593	0.4363323152	1.5686755180	0.0000000000	0.0000000000	0.0000000000
1.7098175500	0.7869218588	1.2213875055	0.4363323152	1.5681831837	0.0000000000	0.0000000000	0.0000000000
1.7139878367	0.7872469425	1.2213147879	0.4363323152	1.5676259995	0.0000000000	0.0000000000	0.0000000000
1.7181581234	0.7876114249	1.2212333679	0.4363323152	1.5670007467	0.0000000000	0.0000000000	0.0000000000
1.7223284101	0.7880164385	1.2211432457	0.4363323152	1.5663062334	0.0000000000	0.0000000000	0.0000000000
1.7264986968	0.7884635925	1.2210441828	0.4363323152	1.5655394793	0.0000000000	0.0000000000	0.0000000000
1.7306689835	0.7889535427	1.2209359407	0.4363323152	1.5646992922	0.0000000000	0.0000000000	0.0000000000
1.7348392702	0.7894873619	1.2208182812	0.4363323152	1.5637836456	0.0000000000	0.0000000000	0.0000000000
1.7390095569	0.7900658250	1.2206915617	0.4363323152	1.5627917051	0.0000000000	0.0000000000	0.0000000000
1.7431798436	0.7906895280	1.2205553055	0.4363323152	1.5617220402	0.0000000000	0.0000000000	0.0000000000
1.7473501303	0.7913590074	1.2204099894	0.4363323152	1.5605739355	0.0000000000	0.0000000000	0.0000000000
1.7515204170	0.7920746803	1.2202553749	0.4363323152	1.5593464375	0.0000000000	0.0000000000	0.0000000000
1.7556907037	0.7928368449	1.2200915813	0.4363323152	1.5580391884	0.0000000000	0.0000000000	0.0000000000
1.7598609904	0.7936456800	1.2199187279	0.4363323152	1.5566519499	0.0000000000	0.0000000000	0.0000000000
1.7640312772	0.7945011258	1.2197371721	0.4363323152	1.5551848412	0.0000000000	0.0000000000	0.0000000000
1.7682015639	0.7954031825	1.2195470333	0.4363323152	1.5536376238	0.0000000000	0.0000000000	0.0000000000
1.7723718506	0.7963518500	1.2193484306	0.4363323152	1.5520104170	0.0000000000	0.0000000000	0.0000000000
1.7765421373	0.7973466516	1.2191418409	0.4363323152	1.5503039360	0.0000000000	0.0000000000	0.0000000000
1.7807124240	0.7983872890	1.2189273834	0.4363323152	1.5485190153	0.0000000000	0.0000000000	0.0000000000
1.7848827107	0.7994732261	1.2187055349	0.4363323152	1.5466560125	0.0000000000	0.0000000000	0.0000000000
1.7890529974	0.8006040454	1.2184762955	0.4363323152	1.5447158813	0.0000000000	0.0000000000	0.0000000000
1.7932232841	0.8017789721	1.2182406187	0.4363323152	1.5427000523	0.0000000000	0.0000000000	0.0000000000
1.7973935708	0.8029974103	1.2179985046	0.4363323152	1.5406094790	0.0000000000	0.0000000000	0.0000000000
1.8015638575	0.8042583466	1.2177505493	0.4363323152	1.5384458303	0.0000000000	0.0000000000	0.0000000000
1.8057341442	0.8055610061	1.2174969912	0.4363323152	1.5362102985	0.0000000000	0.0000000000	0.0000000000
1.8099044309	0.8069043159	1.2172384262	0.4363323152	1.5339049101	0.0000000000	0.0000000000	0.0000000000
1.8140747176	0.8082873225	1.2169750929	0.4363323152	1.5315310955	0.0000000000	0.0000000000	0.0000000000
1.8182450043	0.8097085953	1.2167080641	0.4363323152	1.5290912390	0.0000000000	0.0000000000	0.0000000000
1.8224152911	0.8111672997	1.2164372206	0.4363323152	1.5265868902	0.0000000000	0.0000000000	0.0000000000
1.8265855778	0.8126618862	1.2161632776	0.4363323152	1.5240206718	0.0000000000	0.0000000000	0.0000000000
1.8307558645	0.8141909838	1.2158867121	0.4363323152	1.5213947296	0.0000000000	0.0000000000	0.0000000000
1.8349261512	0.8157532811	1.2156081200	0.4363323152	1.5187114477	0.0000000000	0.0000000000	0.0000000000
1.8390964379	0.8173472285	1.2153279781	0.4363323152	1.5159733295	0.0000000000	0.0000000000	0.0000000000
1.8432667246	0.8189712763	1.2150467634	0.4363323152	1.5131829977	0.0000000000	0.0000000000	0.0000000000
1.8474370113	0.8206238151	1.2147649527	0.4363323152	1.5103431940	0.0000000000	0.0000000000	0.0000000000
1.8516072980	0.8223032355	1.2144830227	0.4363323152	1.5074566603	0.0000000000	0.0000000000	0.0000000000
1.8557775847	0.8240076900	1.2142016888	0.4363323152	1.5045264959	0.0000000000	0.0000000000	0.0000000000
1.8599478714	0.8257353902	1.2139213085	0.4363323152	1.5015555620	0.0000000000	0.0000000000	0.0000000000
1.8641181581	0.8274848461	1.2136422396	0.4363323152	1.4985467196	0.0000000000	0.0000000000	0.0000000000
1.8682884448	0.8292538524	1.2133650780	0.4363323152	1.4955033064	0.0000000000	0.0000000000	0.0000000000
1.8724587315	0.8310406804	1.2130901814	0.4363323152	1.4924285412	0.0000000000	0.0000000000	0.0000000000
1.8766290182	0.8328433037	1.2128181458	0.4363323152	1.4893256426	0.0000000000	0.0000000000	0.0000000000
1.8807993050	0.8346599340	1.2125493288	0.4363323152	1.4861979485	0.0000000000	0.0000000000	0.0000000000
1.8849695917	0.8364883661	1.2122842073	0.4363323152	1.4830487967	0.0000000000	0.0000000000	0.0000000000
1.8891398784	0.8383266926	1.2120230198	0.4363323152	1.4798817635	0.0000000000	0.0000000000	0.0000000000
1.8933101651	0.8401727676	1.2117661238	0.4363323152	1.4767001867	0.0000000000	0.0000000000	0.0000000000
1.8974804518	0.8420247436	1.2115139961	0.4363323152	1.4735074043	0.0000000000	0.0000000000	0.0000000000
1.9016507385	0.8438802958	1.2112668753	0.4363323152	1.4703072309	0.0000000000	0.0000000000	0.0000000000
1.9058210252	0.8457373977	1.2110252380	0.4363323152	1.4671034813	0.0000000000	0.0000000000	0.0000000000
1.9099913119	0.8475940824	1.2107890844	0.4363323152	1.4638991356	0.0000000000	0.0000000000	0.0000000000
1.9141615986	0.8494480252	1.2105588913	0.4363323152	1.4606982470	0.0000000000	0.0000000000	0.0000000000
1.9183318853	0.8512972593	1.2103347778	0.4363323152	1.4575042725	0.0000000000	0.0000000000	0.0000000000
1.9225021720	0.8531395793	1.2101169825	0.4363323152	1.4543211460	0.0000000000	0.0000000000	0.0000000000
1.9266724587	0.8549729586	1.2099056244	0.4363323152	1.4511518478	0.0000000000	0.0000000000	0.0000000000
1.9308427454	0.8567952514	1.2097009420	0.4363323152	1.4480004311	0.0000000000	0.0000000000	0.0000000000
1.9350130321	0.8586043119	1.2095030546	0.4363323152	1.4448707104	0.0000000000	0.0000000000	0.0000000000
1.9391833189	0.8603980541	1.2093119621	0.4363323152	1.4417660236	0.0000000000	0.0000000000	0.0000000000
1.9433536056	0.8621745706	1.2091280222	0.4363323152	1.4386898279	0.0000000000	0.0000000000	0.0000000000
1.9475238923	0.8639317155	1.2089508772	0.4363323152	1.4356458187	0.0000000000	0.0000000000	0.0000000000
1.9516941790	0.8656675816	1.2087808847	0.4363323152	1.4326373339	0.0000000000	0.0000000000	0.0000000000
1.9558644657	0.8673800230	1.2086178064	0.4363323152	1.4296679497	0.0000000000	0.0000000000	0.0000000000
1.9600347524	0.8690674305	1.2084617615	0.4363323152	1.4267407656	0.0000000000	0.0000000000	0.0000000000
1.9642050391	0.8707274795	1.2083127499	0.4363323152	1.4238595963	0.0000000000	0.0000000000	0.0000000000
1.9683753258	0.8723588586	1.2081707716	0.4363323152	1.4210269451	0.0000000000	0.0000000000	0.0000000000
1.9725456125	0.8739592433	1.2080354691	0.4363323152	1.4182468653	0.0000000000	0.0000000000	0.0000000000
1.9767158992	0.8755273223	1.2079069614	0.4363323152	1.4155215025	0.0000000000	0.0000000000	0.0000000000
1.9808861859	0.8770610690	1.2077851295	0.4363323152	1.4128546715	0.0000000000	0.0000000000	0.0000000000
1.9850564726	0.8785592318	1.2076697350	0.4363323152	1.4102483988	0.0000000000	0.0000000000	0.0000000000
1.9892267593	0.8800199628	1.2075607777	0.4363323152	1.4077063799	0.0000000000	0.0000000000	0.0000000000
1.9933970460	0.8814420104	1.2074579000	0.4363323152	1.4052302837	0.0000000000	0.0000000000	0.0000000000
1.9975673328	0.8828237057	1.2073611021	0.4363323152	1.4028234482	0.0000000000	0.0000000000	0.0000000000
2.0017376195	0.8841640949	1.2072701454	0.4363323152	1.4004875422	0.0000000000	0.0000000000	0.0000000000
2.0059079062	0.8854616284	1.2071849108	0.4363323152	1.3982251883	0.0000000000	0.0000000000	0.0000000000
2.0100781929	0.8867153525	1.2071051598	0.4363323152	1.3960386515	0.0000000000	0.0000000000	0.0000000000
2.0142484796	0.8879241347	1.2070306540	0.4363323152	1.3939293623	0.0000000000	0.0000000000	0.0000000000
2.0184187663	0.8890870810	1.2069611549	0.4363323152	1.3918993473	0.0000000000	0.0000000000	0.0000000000
2.0225890530	0.8902032375	1.2068965435	0.4363323152	1.3899501562	0.0000000000	0.0000000000	0.0000000000
2.0267593397	0.8912720680	1.2068364620	0.4363323152	1.3880831003	0.0000000000	0.0000000000	0.0000000000
2.0309296264	0.8922927380	1.2067807913	0.4363323152	1.3862992525	0.0000000000	0.0000000000	0.0000000000
2.0350999131	0.8932648301	1.2067295313	0.4363323152	1.3845998049	0.0000000000	0.0000000000	0.0000000000
2.0392701998	0.8941881061	1.2066820860	0.4363323152	1.3829852343	0.0000000000	0.0000000000	0.0000000000
2.0434404865	0.8950620890	1.2066384554	0.4363323152	1.3814563751	0.0000000000	0.0000000000	0.0000000000
2.0476107732	0.8958866596	1.2065985203	0.4363323152	1.3800133467	0.0000000000	0.0000000000	0.0000000000
2.0517810599	0.8966618180	1.2065619230	0.4363323152	1.3786563873	0.0000000000	0.0000000000	0.0000000000
2.0559513467	0.8973878622	1.2065286636	0.4363323152	1.3773851395	0.0000000000	0.0000000000	0.0000000000
2.0601216334	0.8980649710	1.2064981461	0.4363323152	1.3761993647	0.0000000000	0.0000000000	0.0000000000
2.0642919201	0.8986935019	1.2064707279	0.4363323152	1.3750983477	0.0000000000	0.0000000000	0.0000000000
2.0684622068	0.8992740512	1.2064458132	0.4363323152	1.3740811348	0.0000000000	0.0000000000	0.0000000000
2.0726324935	0.8998073339	1.2064234018	0.4363323152	1.3731465340	0.0000000000	0.0000000000	0.0000000000
2.0768027802	0.9002942443	1.2064034939	0.4363323152	1.3722929955	0.0000000000	0.0000000000	0.0000000000
2.0809730669	0.9007358551	1.2063856125	0.4363323152	1.3715187311	0.0000000000	0.0000000000	0.0000000000
2.0851433536	0.9011333585	1.2063698769	0.4363323152	1.3708218336	0.0000000000	0.0000000000	0.0000000000
2.0893136403	0.9014880061	1.2063560486	0.4363323152	1.3701997995	0.0000000000	0.0000000000	0.0000000000
2.0934839270	0.9018015265	1.2063438892	0.4363323152	1.3696498871	0.0000000000	0.0000000000	0.0000000000
2.0976542137	0.9020754099	1.2063335180	0.4363323152	1.3691694736	0.0000000000	0.0000000000	0.0000000000
2.1018245004	0.9023117423	1.2063245773	0.4363323152	1.3687549829	0.0000000000	0.0000000000	0.0000000000
2.1059947871	0.9025124907	1.2063171864	0.4363323152	1.3684027195	0.0000000000	0.0000000000	0.0000000000
2.1101650738	0.9026798010	1.2063108683	0.4363323152	1.3681091070	0.0000000000	0.0000000000	0.0000000000
2.1143353606	0.9028163552	1.2063059807	0.4363323152	1.3678696156	0.0000000000	0.0000000000	0.0000000000
2.1185056473	0.9029245973	1.2063019276	0.4363323152	1.3676795959	0.0000000000	0.0000000000	0.0000000000
2.1226759340	0.9030073881	1.2062989473	0.4363323152	1.3675342798	0.0000000000	0.0000000000	0.0000000000
2.1268462207	0.9030678272	1.2062968016	0.4363323152	1.3674281836	0.0000000000	0.0000000000	0.0000000000
2.1310165074	0.9031090140	1.2062953711	0.4363323152	1.3673559427	0.0000000000	0.0000000000	0.0000000000
2.1351867941	0.9031344652	1.2062944174	0.4363323152	1.3673112392	0.0000000000	0.0000000000	0.0000000000
2.1393570808	0.9031476974	1.2062938213	0.4363323152	1.3672881126	0.0000000000	0.0000000000	0.0000000000
2.1435273675	0.9031526446	1.2062937021	0.4363323152	1.3672794104	0.0000000000	0.0000000000	0.0000000000
2.1476976542	0.9031533599	1.2062937021	0.4363323152	1.3672780991	0.0000000000	0.0000000000	0.0000000000
2.1518679409	0.9031533599	1.2062937021	0.4363323152	1.3672780991	0.0000000000	0.0000000000	0.0000000000
2.1560382276	0.9031533599	1.2062937021	0.4363323152	1.3672780991	0.0000000000	0.0000000000	0.0000000000
2.1602085143	0.9031533599	1.2062937021	0.4363323152	1.3672780991	0.0000000000	0.0000000000	0.0000000000
2.1643788010	0.9031533599	1.2062937021	0.4363323152	1.3672780991	0.0000000000	0.0000000000	0.0000000000
2.1685490877	0.9031533599	1.2062937021	0.4363323152	1.3672780991	0.0000000000	0.0000000000	0.0000000000
2.1727193745	0.9031533599	1.2062937021	0.4363323152	1.3672780991	0.0000000000	0.0000000000	0.0000000000
2.1768896612	0.9031533599	1.2062937021	0.4363323152	1.3672780991	0.0000000000	0.0000000000	0.0000000000
2.1810599479	0.9031533599	1.2062937021	0.4363323152	1.3672780991	0.0000000000	0.0000000000	0.0000000000
2.1852302346	0.9031533599	1.2062937021	0.4363323152	1.3672780991	0.0000000000	0.0000000000	0.0000000000
2.1894005213	0.9031533599	1.2062937021	0.4363323152	1.3672780991	0.0000000000	0.0000000000	0.0000000000
2.1935708080	0.9031533599	1.2062937021	0.4363323152	1.3672780991	0.0000000000	0.0000000000	0.0000000000
2.1977410947	0.9031533599	1.2062937021	0.4363323152	1.3672780991	0.0000000000	0.0000000000	0.0000000000
2.2019113814	0.9031533599	1.2062937021	0.4363323152	1.3672780991	0.0000000000	0.0000000000	0.0000000000
2.2060816681	0.9031533599	1.2062937021	0.4363323152	1.3672780991	0.0000000000	0.0000000000	0.0000000000
2.2102519548	0.9031533599	1.2062937021	0.4363323152	1.3672780991	0.0000000000	0.0000000000	0.0000000000
2.2144222415	0.9031533599	1.2062937021	0.4363323152	1.3672780991	0.0000000000	0.0000000000	0.0000000000
2.2185925282	0.9031533599	1.2062937021	0.4363323152	1.3672780991	0.0000000000	0.0000000000	0.0000000000
2.2227628149	0.9031533599	1.2062937021	0.4363323152	1.3672780991	0.0000000000	0.0000000000	0.0000000000
2.2269331017	0.9031533599	1.2062937021	0.4363323152	1.3672780991	0.0000000000	0.0000000000	0.0000000000
2.2311033884	0.9031533599	1.2062937021	0.4363323152	1.3672780991	0.0000000000	0.0000000000	0.0000000000
2.2352736751	0.9031533599	1.2062937021	0.4363323152	1.3672780991	0.0000000000	0.0000000000	0.0000000000
2.2394439618	0.9031533599	1.2062937021	0.4363323152	1.3672780991	0.0000000000	0.0000000000	0.0000000000
2.2436142485	0.9031533599	1.2062937021	0.4363323152	1.3672780991	0.0000000000	0.0000000000	0.0000000000
2.2477845352	0.9031533599	1.2062937021	0.4363323152	1.3672780991	0.0000000000	0.0000000000	0.0000000000
2.2519548219	0.9031533599	1.2062937021	0.4363323152	1.3672780991	0.0000000000	0.0000000000	0.0000000000
2.2561251086	0.9031533599	1.2062937021	0.4363323152	1.3672780991	0.0000000000	0.0000000000	0.0000000000
2.2602953953	0.9031533599	1.2062937021	0.4363323152	1.3672780991	0.0000000000	0.0000000000	0.0000000000
2.2644656820	0.9031533599	1.2062937021	0.4363323152	1.3672780991	0.0000000000	0.0000000000	0.0000000000
2.2686359687	0.9031533599	1.2062937021	0.4363323152	1.3672780991	0.0000000000	0.0000000000	0.0000000000
2.2728062554	0.9031533599	1.2062937021	0.4363323152	1.3672780991	0.0000000000	0.0000000000	0.0000000000
2.2769765421	0.9031533599	1.2062937021	0.4363323152	1.3672780991	0.0000000000	0.0000000000	0.0000000000
2.2811468288	0.9031533599	1.2062937021	0.4363323152	1.3672780991	0.0000000000	0.0000000000	0.0000000000
2.2853171156	0.9031533599	1.2062937021	0.4363323152	1.3672780991	0.0000000000	0.0000000000	0.0000000000
2.2894874023	0.9031533599	1.2062937021	0.4363323152	1.3672780991	0.0000000000	0.0000000000	0.0000000000
2.2936576890	0.9031533599	1.2062937021	0.4363323152	1.3672780991	0.0000000000	0.0000000000	0.0000000000
2.2978279757	0.9031533599	1.2062937021	0.4363323152	1.3672780991	0.0000000000	0.0000000000	0.0000000000
2.3019982624	0.9031533599	1.2062937021	0.4363323152	1.3672780991	0.0000000000	0.0000000000	0.0000000000
2.3061685491	0.9031533599	1.2062937021	0.4363323152	1.3672780991	0.0000000000	0.0000000000	0.0000000000
2.3103388358	0.9031533599	1.2062937021	0.4363323152	1.3672780991	0.0000000000	0.0000000000	0.0000000000
2.3145091225	0.9031533599	1.2062937021	0.4363323152	1.3672780991	0.0000000000	0.0000000000	0.0000000000
2.3186794092	0.9031533599	1.2062937021	0.4363323152	1.3672780991	0.0000000000	0.0000000000	0.0000000000
2.3228496959	0.9031533599	1.2062937021	0.4363323152	1.3672780991	0.0000000000	0.0000000000	0.0000000000
2.3270199826	0.9031533599	1.2062937021	0.4363323152	1.3672780991	0.0000000000	0.0000000000	0.0000000000
2.3311902693	0.9031533599	1.2062937021	0.4363323152	1.3672780991	0.0000000000	0.0000000000	0.0000000000
2.3353605560	0.9031533599	1.2062937021	0.4363323152	1.3672780991	0.0000000000	0.0000000000	0.0000000000
2.3395308427	0.9031533599	1.2062937021	0.4363323152	1.3672780991	0.0000000000	0.0000000000	0.0000000000
2.3437011295	0.9031533599	1.2062937021	0.4363323152	1.3672780991	0.0000000000	0.0000000000	0.0000000000
2.3478714162	0.9031533599	1.2062937021	0.4363323152	1.3672780991	0.0000000000	0.0000000000	0.0000000000
2.3520417029	0.9031533599	1.2062937021	0.4363323152	1.3672780991	0.0000000000	0.0000000000	0.0000000000
2.3562119896	0.9031533599	1.2062937021	0.4363323152	1.3672780991	0.0000000000	0.0000000000	0.0000000000
2.3603822763	0.9031533599	1.2062937021	0.4363323152	1.3672780991	0.0000000000	0.0000000000	0.0000000000
2.3645525630	0.9031533599	1.2062937021	0.4363323152	1.3672780991	0.0000000000	0.0000000000	0.0000000000
2.3687228497	0.9031533599	1.2062937021	0.4363323152	1.3672780991	0.0000000000	0.0000000000	0.0000000000
2.3728931364	0.9031533599	1.2062937021	0.4363323152	1.3672780991	0.0000000000	0.0000000000	0.0000000000
2.3770634231	0.9031533599	1.2062937021	0.4363323152	1.3672780991	0.0000000000	0.0000000000	0.0000000000
2.3812337098	0.9031533599	1.2062937021	0.4363323152	1.3672780991	0.0000000000	0.0000000000	0.0000000000
2.3854039965	0.9031533599	1.2062937021	0.4363323152	1.3672780991	0.0000000000	0.0000000000	0.0000000000
2.3895742832	0.9031533599	1.2062937021	0.4363323152	1.3672780991	0.0000000000	0.0000000000	0.0000000000
2.3937445699	0.9031533599	1.2062937021	0.4363323152	1.3672780991	0.0000000000	0.0000000000	0.0000000000
2.3979148566	0.9031533599	1.2062937021	0.4363323152	1.3672780991	0.0000000000	0.0000000000	0.0000000000
2.4020851434	0.9031533599	1.2062937021	0.4363323152	1.3672780991	0.0000000000	0.0000000000	0.0000000000
2.4062554301	0.9031533599	1.2062937021	0.4363323152	1.3672780991	0.0000000000	0.0000000000	0.0000000000
2.4104257168	0.9031533599	1.2062937021	0.4363323152	1.3672780991	0.0000000000	0.0000000000	0.0000000000
2.4145960035	0.9031533599	1.2062937021	0.4363323152	1.3672780991	0.0000000000	0.0000000000	0.0000000000
2.4187662902	0.9031533599	1.2062937021	0.4363323152	1.3672780991	0.0000000000	0.0000000000	0.0000000000
2.4229365769	0.9031533599	1.2062937021	0.4363323152	1.3672780991	0.0000000000	0.0000000000	0.0000000000
2.4271068636	0.9031533599	1.2062937021	0.4363323152	1.3672780991	0.0000000000	0.0000000000	0.0000000000
2.4312771503	0.9031533599	1.2062937021	0.4363323152	1.3672780991	0.0000000000	0.0000000000	0.0000000000
2.4354474370	0.9031533599	1.2062937021	0.4363323152	1.3672780991	0.0000000000	0.0000000000	0.0000000000
2.4396177237	0.9031533599	1.2062937021	0.4363323152	1.3672780991	0.0000000000	0.0000000000	0.0000000000
2.4437880104	0.9031533599	1.2062937021	0.4363323152	1.3672780991	0.0000000000	0.0000000000	0.0000000000
2.4479582971	0.9031533599	1.2062937021	0.4363323152	1.3672780991	0.0000000000	0.0000000000	0.0000000000
2.4521285838	0.9031533599	1.2062937021	0.4363323152	1.3672780991	0.0000000000	0.0000000000	0.0000000000
2.4562988705	0.9031533599	1.2062937021	0.4363323152	1.3672780991	0.0000000000	0.0000000000	0.0000000000
2.4604691573	0.9031533599	1.2062937021	0.4363323152	1.3672780991	0.0000000000	0.0000000000	0.0000000000
2.4646394440	0.9031533599	1.2062937021	0.4363323152	1.3672780991	0.0000000000	0.0000000000	0.0000000000
2.4688097307	0.9031533599	1.2062937021	0.4363323152	1.3672780991	0.0000000000	0.0000000000	0.0000000000
2.4729800174	0.9031533599	1.2062937021	0.4363323152	1.3672780991	0.0000000000	0.0000000000	0.0000000000
2.4771503041	0.9031533599	1.2062937021	0.4363323152	1.3672780991	0.0000000000	0.0000000000	0.0000000000
2.4813205908	0.9031533599	1.2062937021	0.4363323152	1.3672780991	0.0000000000	0.0000000000	0.0000000000
2.4854908775	0.9031533599	1.2062937021	0.4363323152	1.3672780991	0.0000000000	0.0000000000	0.0000000000
2.4896611642	0.9031533599	1.2062937021	0.4363323152	1.3672780991	0.0000000000	0.0000000000	0.0000000000
2.4938314509	0.9031533599	1.2062937021	0.4363323152	1.3672780991	0.0000000000	0.0000000000	0.0000000000
2.4980017376	0.9031533599	1.2062937021	0.4363323152	1.3672780991	0.0000000000	0.0000000000	0.0000000000
2.5021720243	0.9031533599	1.2062937021	0.4363323152	1.3672780991	0.0000000000	0.0000000000	0.0000000000
2.5063423110	0.9031533599	1.2062937021	0.4363323152	1.3672780991	0.0000000000	0.0000000000	0.0000000000
2.5105125977	0.9031533599	1.2062937021	0.4363323152	1.3672780991	0.0000000000	0.0000000000	0.0000000000
2.5146828844	0.9031533599	1.2062937021	0.4363323152	1.3672780991	0.0000000000	0.0000000000	0.0000000000
2.5188531712	0.9031533599	1.2062937021	0.4363323152	1.3672780991	0.0000000000	0.0000000000	0.0000000000
2.5230234579	0.9031533599	1.2062937021	0.4363323152	1.3672780991	0.0000000000	0.0000000000	0.0000000000
2.5271937446	0.9031533599	1.2062937021	0.4363323152	1.3672780991	0.0000000000	0.0000000000	0.0000000000
2.5313640313	0.9031533599	1.2062937021	0.4363323152	1.3672780991	0.0000000000	0.0000000000	0.0000000000
2.5355343180	0.9031533599	1.2062937021	0.4363323152	1.3672780991	0.0000000000	0.0000000000	0.0000000000
2.5397046047	0.9031533599	1.2062937021	0.4363323152	1.3672780991	0.0000000000	0.0000000000	0.0000000000
2.5438748914	0.9031533599	1.2062937021	0.4363323152	1.3672780991	0.0000000000	0.0000000000	0.0000000000
2.5480451781	0.9031533599	1.2062937021	0.4363323152	1.3672780991	0.0000000000	0.0000000000	0.0000000000
2.5522154648	0.9031533599	1.2062937021	0.4363323152	1.3672780991	0.0000000000	0.0000000000	0.0000000000
2.5563857515	0.9031533599	1.2062937021	0.4363323152	1.3672780991	0.0000000000	0.0000000000	0.0000000000
2.5605560382	0.9031533599	1.2062937021	0.4363323152	1.3672780991	0.0000000000	0.0000000000	0.0000000000
2.5647263249	0.9031533599	1.2062937021	0.4363323152	1.3672780991	0.0000000000	0.0000000000	0.0000000000
2.5688966116	0.9031533599	1.2062937021	0.4363323152	1.3672780991	0.0000000000	0.0000000000	0.0000000000
2.5730668983	0.9031533599	1.2062937021	0.4363323152	1.3672780991	0.0000000000	0.0000000000	0.0000000000
2.5772371851	0.9031533599	1.2062937021	0.4363323152	1.3672780991	0.0000000000	0.0000000000	0.0000000000
2.5814074718	0.9031533599	1.2062937021	0.4363323152	1.3672780991	0.0000000000	0.0000000000	0.0000000000
2.5855777585	0.9031533599	1.2062937021	0.4363323152	1.3672780991	0.0000000000	0.0000000000	0.0000000000
2.5897480452	0.9031533599	1.2062937021	0.4363323152	1.3672780991	0.0000000000	0.0000000000	0.0000000000
2.5939183319	0.9031533599	1.2062937021	0.4363323152	1.3672780991	0.0000000000	0.0000000000	0.0000000000
2.5980886186	0.9031533599	1.2062937021	0.4363323152	1.3672780991	0.0000000000	0.0000000000	0.0000000000
2.6022589053	0.9031533599	1.2062937021	0.4363323152	1.3672780991	0.0000000000	0.0000000000	0.0000000000
2.6064291920	0.9031533599	1.2062937021	0.4363323152	1.3672780991	0.0000000000	0.0000000000	0.0000000000
2.6105994787	0.9031533599	1.2062937021	0.4363323152	1.3672780991	0.0000000000	0.0000000000	0.0000000000
2.6147697654	0.9031533599	1.2062937021	0.4363323152	1.3672780991	0.0000000000	0.0000000000	0.0000000000
2.6189400521	0.9031533599	1.2062937021	0.4363323152	1.3672780991	0.0000000000	0.0000000000	0.0000000000
2.6231103388	0.9031533599	1.2062937021	0.4363323152	1.3672780991	0.0000000000	0.0000000000	0.0000000000
2.6272806255	0.9031533599	1.2062937021	0.4363323152	1.3672780991	0.0000000000	0.0000000000	0.0000000000
2.6314509123	0.9031533599	1.2062937021	0.4363323152	1.3672780991	0.0000000000	0.0000000000	0.0000000000
2.6356211990	0.9031533599	1.2062937021	0.4363323152	1.3672780991	0.0000000000	0.0000000000	0.0000000000
2.6397914857	0.9031533599	1.2062937021	0.4363323152	1.3672780991	0.0000000000	0.0000000000	0.0000000000
2.6439617724	0.9031533599	1.2062937021	0.4363323152	1.3672780991	0.0000000000	0.0000000000	0.0000000000
2.6481320591	0.9031533599	1.2062937021	0.4363323152	1.3672780991	0.0000000000	0.0000000000	0.0000000000
2.6523023458	0.9031533599	1.2062937021	0.4363323152	1.3672780991	0.0000000000	0.0000000000	0.0000000000
2.6564726325	0.9031526446	1.2062937021	0.4363323152	1.3672794104	0.0000000000	0.0000000000	0.0000000000
2.6606429192	0.9031476974	1.2062938213	0.4363323152	1.3672881126	0.0000000000	0.0000000000	0.0000000000
2.6648132059	0.9031344652	1.2062944174	0.4363323152	1.3673112392	0.0000000000	0.0000000000	0.0000000000
2.6689834926	0.9031090140	1.2062953711	0.4363323152	1.3673559427	0.0000000000	0.0000000000	0.0000000000
2.6731537793	0.9030678272	1.2062968016	0.4363323152	1.3674281836	0.0000000000	0.0000000000	0.0000000000
2.6773240660	0.9030073881	1.2062989473	0.4363323152	1.3675342798	0.0000000000	0.0000000000	0.0000000000
2.6814943527	0.9029245973	1.2063019276	0.4363323152	1.3676795959	0.0000000000	0.0000000000	0.0000000000
2.6856646394	0.9028163552	1.2063059807	0.4363323152	1.3678696156	0.0000000000	0.0000000000	0.0000000000
2.6898349262	0.9026798010	1.2063108683	0.4363323152	1.3681091070	0.0000000000	0.0000000000	0.0000000000
2.6940052129	0.9025124907	1.2063171864	0.4363323152	1.3684027195	0.0000000000	0.0000000000	0.0000000000
2.6981754996	0.9023117423	1.2063245773	0.4363323152	1.3687549829	0.0000000000	0.0000000000	0.0000000000
2.7023457863	0.9020754099	1.2063335180	0.4363323152	1.3691694736	0.0000000000	0.0000000000	0.0000000000
2.7065160730	0.9018015265	1.2063438892	0.4363323152	1.3696498871	0.0000000000	0.0000000000	0.0000000000
2.7106863597	0.9014880061	1.2063560486	0.4363323152	1.3701997995	0.0000000000	0.0000000000	0.0000000000
2.7148566464	0.9011333585	1.2063698769	0.4363323152	1.3708218336	0.0000000000	0.0000000000	0.0000000000
2.7190269331	0.9007358551	1.2063856125	0.4363323152	1.3715187311	0.0000000000	0.0000000000	0.0000000000
2.7231972198	0.9002942443	1.2064034939	0.4363323152	1.3722929955	0.0000000000	0.0000000000	0.0000000000
2.7273675065	0.8998073339	1.2064234018	0.4363323152	1.3731465340	0.0000000000	0.0000000000	0.0000000000
2.7315377932	0.8992740512	1.2064458132	0.4363323152	1.3740811348	0.0000000000	0.0000000000	0.0000000000
2.7357080799	0.8986935019	1.2064707279	0.4363323152	1.3750983477	0.0000000000	0.0000000000	0.0000000000
2.7398783666	0.8980649710	1.2064981461	0.4363323152	1.3761993647	0.0000000000	0.0000000000	0.0000000000
2.7440486533	0.8973878622	1.2065286636	0.4363323152	1.3773851395	0.0000000000	0.0000000000	0.0000000000
2.7482189401	0.8966618180	1.2065619230	0.4363323152	1.3786563873	0.0000000000	0.0000000000	0.0000000000
2.7523892268	0.8958866596	1.2065985203	0.4363323152	1.3800133467	0.0000000000	0.0000000000	0.0000000000
2.7565595135	0.8950620890	1.2066384554	0.4363323152	1.3814563751	0.0000000000	0.0000000000	0.0000000000
2.7607298002	0.8941881061	1.2066820860	0.4363323152	1.3829852343	0.0000000000	0.0000000000	0.0000000000
2.7649000869	0.8932648301	1.2067295313	0.4363323152	1.3845998049	0.0000000000	0.0000000000	0.0000000000
2.7690703736	0.8922927380	1.2067807913	0.4363323152	1.3862992525	0.0000000000	0.0000000000	0.0000000000
2.7732406603	0.8912720680	1.2068364620	0.4363323152	1.3880831003	0.0000000000	0.0000000000	0.0000000000
2.7774109470	0.8902032375	1.2068965435	0.4363323152	1.3899501562	0.0000000000	0.0000000000	0.0000000000
2.7815812337	0.8890870810	1.2069611549	0.4363323152	1.3918993473	0.0000000000	0.0000000000	0.0000000000
2.7857515204	0.8879241347	1.2070306540	0.4363323152	1.3939293623	0.0000000000	0.0000000000	0.0000000000
2.7899218071	0.8867153525	1.2071051598	0.4363323152	1.3960386515	0.0000000000	0.0000000000	0.0000000000
2.7940920938	0.8854616284	1.2071849108	0.4363323152	1.3982251883	0.0000000000	0.0000000000	0.0000000000
2.7982623805	0.8841640949	1.2072701454	0.4363323152	1.4004875422	0.0000000000	0.0000000000	0.0000000000
2.8024326672	0.8828237057	1.2073611021	0.4363323152	1.4028234482	0.0000000000	0.0000000000	0.0000000000
2.8066029540	0.8814420104	1.2074579000	0.4363323152	1.4052302837	0.0000000000	0.0000000000	0.0000000000
2.8107732407	0.8800199628	1.2075607777	0.4363323152	1.4077063799	0.0000000000	0.0000000000	0.0000000000
2.8149435274	0.8785592318	1.2076697350	0.4363323152	1.4102483988	0.0000000000	0.0000000000	0.0000000000
2.8191138141	0.8770610690	1.2077851295	0.4363323152	1.4128546715	0.0000000000	0.0000000000	0.0000000000
2.8232841008	0.8755273223	1.2079069614	0.4363323152	1.4155215025	0.0000000000	0.0000000000	0.0000000000
2.8274543875	0.8739592433	1.2080354691	0.4363323152	1.4182468653	0.0000000000	0.0000000000	0.0000000000
2.8316246742	0.8723588586	1.2081707716	0.4363323152	1.4210269451	0.0000000000	0.0000000000	0.0000000000
2.8357949609	0.8707274795	1.2083127499	0.4363323152	1.4238595963	0.0000000000	0.0000000000	0.0000000000
2.8399652476	0.8690674305	1.2084617615	0.4363323152	1.4267407656	0.0000000000	0.0000000000	0.0000000000
2.8441355343	0.8673800230	1.2086178064	0.4363323152	1.4296679497	0.0000000000	0.0000000000	0.0000000000
2.8483058210	0.8656675816	1.2087808847	0.4363323152	1.4326373339	0.0000000000	0.0000000000	0.0000000000
2.8524761077	0.8639317155	1.2089508772	0.4363323152	1.4356458187	0.0000000000	0.0000000000	0.0000000000
2.8566463944	0.8621745706	1.2091280222	0.4363323152	1.4386898279	0.0000000000	0.0000000000	0.0000000000
2.8608166811	0.8603980541	1.2093119621	0.4363323152	1.4417660236	0.0000000000	0.0000000000	0.0000000000
2.8649869679	0.8586043119	1.2095030546	0.4363323152	1.4448707104	0.0000000000	0.0000000000	0.0000000000
2.8691572546	0.8567952514	1.2097009420	0.4363323152	1.4480004311	0.0000000000	0.0000000000	0.0000000000
2.8733275413	0.8549729586	1.2099056244	0.4363323152	1.4511518478	0.0000000000	0.0000000000	0.0000000000
2.8774978280	0.8531395793	1.2101169825	0.4363323152	1.4543211460	0.0000000000	0.0000000000	0.0000000000
2.8816681147	0.8512972593	1.2103347778	0.4363323152	1.4575042725	0.0000000000	0.0000000000	0.0000000000
2.8858384014	0.8494480252	1.2105588913	0.4363323152	1.4606982470	0.0000000000	0.0000000000	0.0000000000
2.8900086881	0.8475940824	1.2107890844	0.4363323152	1.4638991356	0.0000000000	0.0000000000	0.0000000000
2.8941789748	0.8457373977	1.2110252380	0.4363323152	1.4671034813	0.0000000000	0.0000000000	0.0000000000
2.8983492615	0.8438802958	1.2112668753	0.4363323152	1.4703072309	0.0000000000	0.0000000000	0.0000000000
2.9025195482	0.8420247436	1.2115139961	0.4363323152	1.4735074043	0.0000000000	0.0000000000	0.0000000000
2.9066898349	0.8401727676	1.2117661238	0.4363323152	1.4767001867	0.0000000000	0.0000000000	0.0000000000
2.9108601216	0.8383266926	1.2120230198	0.4363323152	1.4798817635	0.0000000000	0.0000000000	0.0000000000
2.9150304083	0.8364883661	1.2122842073	0.4363323152	1.4830487967	0.0000000000	0.0000000000	0.0000000000
2.9192006950	0.8346599340	1.2125493288	0.4363323152	1.4861979485	0.0000000000	0.0000000000	0.0000000000
2.9233709818	0.8328433037	1.2128181458	0.4363323152	1.4893256426	0.0000000000	0.0000000000	0.0000000000
2.9275412685	0.8310406804	1.2130901814	0.4363323152	1.4924285412	0.0000000000	0.0000000000	0.0000000000
2.9317115552	0.8292538524	1.2133650780	0.4363323152	1.4955033064	0.0000000000	0.0000000000	0.0000000000
2.9358818419	0.8274848461	1.2136422396	0.4363323152	1.4985467196	0.0000000000	0.0000000000	0.0000000000
2.9400521286	0.8257353902	1.2139213085	0.4363323152	1.5015555620	0.0000000000	0.0000000000	0.0000000000
2.9442224153	0.8240076900	1.2142016888	0.4363323152	1.5045264959	0.0000000000	0.0000000000	0.0000000000
2.9483927020	0.8223032355	1.2144830227	0.4363323152	1.5074566603	0.0000000000	0.0000000000	0.0000000000
2.9525629887	0.8206238151	1.2147649527	0.4363323152	1.5103431940	0.0000000000	0.0000000000	0.0000000000
2.9567332754	0.8189712763	1.2150467634	0.4363323152	1.5131829977	0.0000000000	0.0000000000	0.0000000000
2.9609035621	0.8173472285	1.2153279781	0.4363323152	1.5159733295	0.0000000000	0.0000000000	0.0000000000
2.9650738488	0.8157532811	1.2156081200	0.4363323152	1.5187114477	0.0000000000	0.0000000000	0.0000000000
2.9692441355	0.8141909838	1.2158867121	0.4363323152	1.5213947296	0.0000000000	0.0000000000	0.0000000000
2.9734144222	0.8126618862	1.2161632776	0.4363323152	1.5240206718	0.0000000000	0.0000000000	0.0000000000
2.9775847089	0.8111672997	1.2164372206	0.4363323152	1.5265868902	0.0000000000	0.0000000000	0.0000000000
2.9817549957	0.8097085953	1.2167080641	0.4363323152	1.5290912390	0.0000000000	0.0000000000	0.0000000000
2.9859252824	0.8082873225	1.2169750929	0.4363323152	1.5315310955	0.0000000000	0.0000000000	0.0000000000
2.9900955691	0.8069043159	1.2172384262	0.4363323152	1.5339049101	0.0000000000	0.0000000000	0.0000000000
2.9942658558	0.8055610061	1.2174969912	0.4363323152	1.5362102985	0.0000000000	0.0000000000	0.0000000000
2.9984361425	0.8042583466	1.2177505493	0.4363323152	1.5384458303	0.0000000000	0.0000000000	0.0000000000
3.0026064292	0.8029974103	1.2179985046	0.4363323152	1.5406094790	0.0000000000	0.0000000000	0.0000000000
3.0067767159	0.8017789721	1.2182406187	0.4363323152	1.5427000523	0.0000000000	0.0000000000	0.0000000000
3.0109470026	0.8006040454	1.2184762955	0.4363323152	1.5447158813	0.0000000000	0.0000000000	0.0000000000
3.0151172893	0.7994732261	1.2187055349	0.4363323152	1.5466560125	0.0000000000	0.0000000000	0.0000000000
3.0192875760	0.7983872890	1.2189273834	0.4363323152	1.5485190153	0.0000000000	0.0000000000	0.0000000000
3.0234578627	0.7973466516	1.2191418409	0.4363323152	1.5503039360	0.0000000000	0.0000000000	0.0000000000
3.0276281494	0.7963518500	1.2193484306	0.4363323152	1.5520104170	0.0000000000	0.0000000000	0.0000000000
3.0317984361	0.7954031825	1.2195470333	0.4363323152	1.5536376238	0.0000000000	0.0000000000	0.0000000000
3.0359687228	0.7945011258	1.2197371721	0.4363323152	1.5551848412	0.0000000000	0.0000000000	0.0000000000
3.0401390096	0.7936456800	1.2199187279	0.4363323152	1.5566519499	0.0000000000	0.0000000000	0.0000000000
3.0443092963	0.7928368449	1.2200915813	0.4363323152	1.5580391884	0.0000000000	0.0000000000	0.0000000000
3.0484795830	0.7920746803	1.2202553749	0.4363323152	1.5593464375	0.0000000000	0.0000000000	0.0000000000
3.0526498697	0.7913590074	1.2204099894	0.4363323152	1.5605739355	0.0000000000	0.0000000000	0.0000000000
3.0568201564	0.7906895280	1.2205553055	0.4363323152	1.5617220402	0.0000000000	0.0000000000	0.0000000000
3.0609904431	0.7900658250	1.2206915617	0.4363323152	1.5627917051	0.0000000000	0.0000000000	0.0000000000
3.0651607298	0.7894873619	1.2208182812	0.4363323152	1.5637836456	0.0000000000	0.0000000000	0.0000000000
3.0693310165	0.7889535427	1.2209359407	0.4363323152	1.5646992922	0.0000000000	0.0000000000	0.0000000000
3.0735013032	0.7884635925	1.2210441828	0.4363323152	1.5655394793	0.0000000000	0.0000000000	0.0000000000
3.0776715899	0.7880164385	1.2211432457	0.4363323152	1.5663062334	0.0000000000	0.0000000000	0.0000000000
3.0818418766	0.7876114249	1.2212333679	0.4363323152	1.5670007467	0.0000000000	0.0000000000	0.0000000000
3.0860121633	0.7872469425	1.2213147879	0.4363323152	1.5676259995	0.0000000000	0.0000000000	0.0000000000
3.0901824500	0.7869218588	1.2213875055	0.4363323152	1.5681831837	0.0000000000	0.0000000000	0.0000000000
3.0943527368	0.7866348624	1.2214517593	0.4363323152	1.5686755180	0.0000000000	0.0000000000	0.0000000000
3.0985230235	0.7863840461	1.2215081453	0.4363323152	1.5691056252	0.0000000000	0.0000000000	0.0000000000
3.1026933102	0.7861677408	1.2215566635	0.4363323152	1.5694766045	0.0000000000	0.0000000000	0.0000000000
3.1068635969	0.7859841585	1.2215981483	0.4363323152	1.5697913170	0.0000000000	0.0000000000	0.0000000000
3.1110338836	0.7858310342	1.2216325998	0.4363323152	1.5700539351	0.0000000000	0.0000000000	0.0000000000
3.1152041703	0.7857062817	1.2216608524	0.4363323152	1.5702679157	0.0000000000	0.0000000000	0.0000000000
3.1193744570	0.7856073380	1.2216831446	0.4363323152	1.5704375505	0.0000000000	0.0000000000	0.0000000000
3.1235447437	0.7855316401	1.2217001915	0.4363323152	1.5705673695	0.0000000000	0.0000000000	0.0000000000
3.1277150304	0.7854763865	1.2217127085	0.4363323152	1.5706621408	0.0000000000	0.0000000000	0.0000000000
3.1318853171	0.7854387760	1.2217212915	0.4363323152	1.5707266331	0.0000000000	0.0000000000	0.0000000000
3.1360556038	0.7854154706	1.2217264175	0.4363323152	1.5707665682	0.0000000000	0.0000000000	0.0000000000
3.1402258905	0.7854034305	1.2217292786	0.4363323152	1.5707874298	0.0000000000	0.0000000000	0.0000000000
3.1443961772	0.7853987813	1.2217303514	0.4363323152	1.5707952976	0.0000000000	0.0000000000	0.0000000000
3.1485664639	0.7853981853	1.2217304707	0.4363323152	1.5707963705	0.0000000000	0.0000000000	0.0000000000
3.1527367507	0.7853981853	1.2217304707	0.4363323152	1.5707963705	0.0000000000	0.0000000000	0.0000000000
3.1569070374	0.7853981853	1.2217304707	0.4363323152	1.5707963705	0.0000000000	0.0000000000	0.0000000000
3.1610773241	0.7853981853	1.2217304707	0.4363323152	1.5707963705	0.0000000000	0.0000000000	0.0000000000
3.1652476108	0.7853981853	1.2217304707	0.4363323152	1.5707963705	0.0000000000	0.0000000000	0.0000000000
3.1694178975	0.7853981853	1.2217304707	0.4363323152	1.5707963705	0.0000000000	0.0000000000	0.0000000000
3.1735881842	0.7853981853	1.2217304707	0.4363323152	1.5707963705	0.0000000000	0.0000000000	0.0000000000
3.1777584709	0.7853981853	1.2217304707	0.4363323152	1.5707963705	0.0000000000	0.0000000000	0.0000000000
3.1819287576	0.7853981853	1.2217304707	0.4363323152	1.5707963705	0.0000000000	0.0000000000	0.0000000000
3.1860990443	0.7853981853	1.2217304707	0.4363323152	1.5707963705	0.0000000000	0.0000000000	0.0000000000
3.1902693310	0.7853981853	1.2217304707	0.4363323152	1.5707963705	0.0000000000	0.0000000000	0.0000000000
3.1944396177	0.7853981853	1.2217304707	0.4363323152	1.5707963705	0.0000000000	0.0000000000	0.0000000000
3.1986099044	0.7853981853	1.2217304707	0.4363323152	1.5707963705	0.0000000000	0.0000000000	0.0000000000
3.2027801911	0.7853981853	1.2217304707	0.4363323152	1.5707963705	0.0000000000	0.0000000000	0.0000000000
3.2069504778	0.7853981853	1.2217304707	0.4363323152	1.5707963705	0.0000000000	0.0000000000	0.0000000000
3.2111207646	0.7853981853	1.2217304707	0.4363323152	1.5707963705	0.0000000000	0.0000000000	0.0000000000
3.2152910513	0.7853981853	1.2217304707	0.4363323152	1.5707963705	0.0000000000	0.0000000000	0.0000000000
3.2194613380	0.7853981853	1.2217304707	0.4363323152	1.5707963705	0.0000000000	0.0000000000	0.0000000000
3.2236316247	0.7853981853	1.2217304707	0.4363323152	1.5707963705	0.0000000000	0.0000000000	0.0000000000
3.2278019114	0.7853981853	1.2217304707	0.4363323152	1.5707963705	0.0000000000	0.0000000000	0.0000000000
3.2319721981	0.7853981853	1.2217304707	0.4363323152	1.5707963705	0.0000000000	0.0000000000	0.0000000000
3.2361424848	0.7853981853	1.2217304707	0.4363323152	1.5707963705	0.0000000000	0.0000000000	0.0000000000
3.2403127715	0.7853981853	1.2217304707	0.4363323152	1.5707963705	0.0000000000	0.0000000000	0.0000000000
3.2444830582	0.7853981853	1.2217304707	0.4363323152	1.5707963705	0.0000000000	0.0000000000	0.0000000000
3.2486533449	0.7853981853	1.2217304707	0.4363323152	1.5707963705	0.0000000000	0.0000000000	0.0000000000
3.2528236316	0.7853981853	1.2217304707	0.4363323152	1.5707963705	0.0000000000	0.0000000000	0.0000000000
3.2569939183	0.7853981853	1.2217304707	0.4363323152	1.5707963705	0.0000000000	0.0000000000	0.0000000000
3.2611642050	0.7853981853	1.2217304707	0.4363323152	1.5707963705	0.0000000000	0.0000000000	0.0000000000
3.2653344917	0.7853981853	1.2217304707	0.4363323152	1.5707963705	0.0000000000	0.0000000000	0.0000000000
3.2695047785	0.7853981853	1.2217304707	0.4363323152	1.5707963705	0.0000000000	0.0000000000	0.0000000000
3.2736750652	0.7853981853	1.2217304707	0.4363323152	1.5707963705	0.0000000000	0.0000000000	0.0000000000
3.2778453519	0.7853981853	1.2217304707	0.4363323152	1.5707963705	0.0000000000	0.0000000000	0.0000000000
3.2820156386	0.7853981853	1.2217304707	0.4363323152	1.5707963705	0.0000000000	0.0000000000	0.0000000000
3.2861859253	0.7853981853	1.2217304707	0.4363323152	1.5707963705	0.0000000000	0.0000000000	0.0000000000
3.2903562120	0.7853981853	1.2217304707	0.4363323152	1.5707963705	0.0000000000	0.0000000000	0.0000000000
3.2945264987	0.7853981853	1.2217304707	0.4363323152	1.5707963705	0.0000000000	0.0000000000	0.0000000000
3.2986967854	0.7853981853	1.2217304707	0.4363323152	1.5707963705	0.0000000000	0.0000000000	0.0000000000
3.3028670721	0.7853981853	1.2217304707	0.4363323152	1.5707963705	0.0000000000	0.0000000000	0.0000000000
3.3070373588	0.7853981853	1.2217304707	0.4363323152	1.5707963705	0.0000000000	0.0000000000	0.0000000000
3.3112076455	0.7853981853	1.2217304707	0.4363323152	1.5707963705	0.0000000000	0.0000000000	0.0000000000
3.3153779322	0.7853981853	1.2217304707	0.4363323152	1.5707963705	0.0000000000	0.0000000000	0.0000000000
3.3195482189	0.7853981853	1.2217304707	0.4363323152	1.5707963705	0.0000000000	0.0000000000	0.0000000000
3.3237185056	0.7853981853	1.2217304707	0.4363323152	1.5707963705	0.0000000000	0.0000000000	0.0000000000
3.3278887924	0.7853981853	1.2217304707	0.4363323152	1.5707963705	0.0000000000	0.0000000000	0.0000000000
3.3320590791	0.7853981853	1.2217304707	0.4363323152	1.5707963705	0.0000000000	0.0000000000	0.0000000000
3.3362293658	0.7853981853	1.2217304707	0.4363323152	1.5707963705	0.0000000000	0.0000000000	0.0000000000
3.3403996525	0.7853981853	1.2217304707	0.4363323152	1.5707963705	0.0000000000	0.0000000000	0.0000000000
3.3445699392	0.7853981853	1.2217304707	0.4363323152	1.5707963705	0.0000000000	0.0000000000	0.0000000000
3.3487402259	0.7853981853	1.2217304707	0.4363323152	1.5707963705	0.0000000000	0.0000000000	0.0000000000
3.3529105126	0.7853981853	1.2217304707	0.4363323152	1.5707963705	0.0000000000	0.0000000000	0.0000000000
3.3570807993	0.7853981853	1.2217304707	0.4363323152	1.5707963705	0.0000000000	0.0000000000	0.0000000000
3.3612510860	0.7853981853	1.2217304707	0.4363323152	1.5707963705	0.0000000000	0.0000000000	0.0000000000
3.3654213727	0.7853981853	1.2217304707	0.4363323152	1.5707963705	0.0000000000	0.0000000000	0.0000000000
3.3695916594	0.7853981853	1.2217304707	0.4363323152	1.5707963705	0.0000000000	0.0000000000	0.0000000000
3.3737619461	0.7853981853	1.2217304707	0.4363323152	1.5707963705	0.0000000000	0.0000000000	0.0000000000
3.3779322328	0.7853981853	1.2217304707	0.4363323152	1.5707963705	0.0000000000	0.0000000000	0.0000000000
3.3821025195	0.7853981853	1.2217304707	0.4363323152	1.5707963705	0.0000000000	0.0000000000	0.0000000000
3.3862728063	0.7853981853	1.2217304707	0.4363323152	1.5707963705	0.0000000000	0.0000000000	0.0000000000
3.3904430930	0.7853981853	1.2217304707	0.4363323152	1.5707963705	0.0000000000	0.0000000000	0.0000000000
3.3946133797	0.7853981853	1.2217304707	0.4363323152	1.5707963705	0.0000000000	0.0000000000	0.0000000000
3.3987836664	0.7853981853	1.2217304707	0.4363323152	1.5707963705	0.0000000000	0.0000000000	0.0000000000
3.4029539531	0.7853981853	1.2217304707	0.4363323152	1.5707963705	0.0000000000	0.0000000000	0.0000000000
3.4071242398	0.7853981853	1.2217304707	0.4363323152	1.5707963705	0.0000000000	0.0000000000	0.0000000000
3.4112945265	0.7853981853	1.2217304707	0.4363323152	1.5707963705	0.0000000000	0.0000000000	0.0000000000
3.4154648132	0.7853981853	1.2217304707	0.4363323152	1.5707963705	0.0000000000	0.0000000000	0.0000000000
3.4196350999	0.7853981853	1.2217304707	0.4363323152	1.5707963705	0.0000000000	0.0000000000	0.0000000000
3.4238053866	0.7853981853	1.2217304707	0.4363323152	1.5707963705	0.0000000000	0.0000000000	0.0000000000
3.4279756733	0.7853981853	1.2217304707	0.4363323152	1.5707963705	0.0000000000	0.0000000000	0.0000000000
3.4321459600	0.7853981853	1.2217304707	0.4363323152	1.5707963705	0.0000000000	0.0000000000	0.0000000000
3.4363162467	0.7853981853	1.2217304707	0.4363323152	1.5707963705	0.0000000000	0.0000000000	0.0000000000
3.4404865334	0.7853981853	1.2217304707	0.4363323152	1.5707963705	0.0000000000	0.0000000000	0.0000000000
3.4446568202	0.7853981853	1.2217304707	0.4363323152	1.5707963705	0.0000000000	0.0000000000	0.0000000000
3.4488271069	0.7853981853	1.2217304707	0.4363323152	1.5707963705	0.0000000000	0.0000000000	0.0000000000
3.4529973936	0.7853981853	1.2217304707	0.4363323152	1.5707963705	0.0000000000	0.0000000000	0.0000000000
3.4571676803	0.7853981853	1.2217304707	0.4363323152	1.5707963705	0.0000000000	0.0000000000	0.0000000000
3.4613379670	0.7853981853	1.2217304707	0.4363323152	1.5707963705	0.0000000000	0.0000000000	0.0000000000
3.4655082537	0.7853981853	1.2217304707	0.4363323152	1.5707963705	0.0000000000	0.0000000000	0.0000000000
3.4696785404	0.7853981853	1.2217304707	0.4363323152	1.5707963705	0.0000000000	0.0000000000	0.0000000000
3.4738488271	0.7853981853	1.2217304707	0.4363323152	1.5707963705	0.0000000000	0.0000000000	0.0000000000
3.4780191138	0.7853981853	1.2217304707	0.4363323152	1.5707963705	0.0000000000	0.0000000000	0.0000000000
3.4821894005	0.7853981853	1.2217304707	0.4363323152	1.5707963705	0.0000000000	0.0000000000	0.0000000000
3.4863596872	0.7853981853	1.2217304707	0.4363323152	1.5707963705	0.0000000000	0.0000000000	0.0000000000
3.4905299739	0.7853981853	1.2217304707	0.4363323152	1.5707963705	0.0000000000	0.0000000000	0.0000000000
3.4947002606	0.7853981853	1.2217304707	0.4363323152	1.5707963705	0.0000000000	0.0000000000	0.0000000000
3.4988705474	0.7853981853	1.2217304707	0.4363323152	1.5707963705	0.0000000000	0.0000000000	0.0000000000
3.5030408341	0.7853981853	1.2217304707	0.4363323152	1.5707963705	0.0000000000	0.0000000000	0.0000000000
3.5072111208	0.7853981853	1.2217304707	0.4363323152	1.5707963705	0.0000000000	0.0000000000	0.0000000000
3.5113814075	0.7853981853	1.2217304707	0.4363323152	1.5707963705	0.0000000000	0.0000000000	0.0000000000
3.5155516942	0.7853981853	1.2217304707	0.4363323152	1.5707963705	0.0000000000	0.0000000000	0.0000000000
3.5197219809	0.7853981853	1.2217304707	0.4363323152	1.5707963705	0.0000000000	0.0000000000	0.0000000000
3.5238922676	0.7853981853	1.2217304707	0.4363323152	1.5707963705	0.0000000000	0.0000000000	0.0000000000
3.5280625543	0.7853981853	1.2217304707	0.4363323152	1.5707963705	0.0000000000	0.0000000000	0.0000000000
3.5322328410	0.7853981853	1.2217304707	0.4363323152	1.5707963705	0.0000000000	0.0000000000	0.0000000000
3.5364031277	0.7853981853	1.2217304707	0.4363323152	1.5707963705	0.0000000000	0.0000000000	0.0000000000
3.5405734144	0.7853981853	1.2217304707	0.4363323152	1.5707963705	0.0000000000	0.0000000000	0.0000000000
3.5447437011	0.7853981853	1.2217304707	0.4363323152	1.5707963705	0.0000000000	0.0000000000	0.0000000000
3.5489139878	0.7853981853	1.2217304707	0.4363323152	1.5707963705	0.0000000000	0.0000000000	0.0000000000
3.5530842745	0.7853981853	1.2217304707	0.4363323152	1.5707963705	0.0000000000	0.0000000000	0.0000000000
3.5572545613	0.7853981853	1.2217304707	0.4363323152	1.5707963705	0.0000000000	0.0000000000	0.0000000000
3.5614248480	0.7853981853	1.2217304707	0.4363323152	1.5707963705	0.0000000000	0.0000000000	0.0000000000
3.5655951347	0.7853981853	1.2217304707	0.4363323152	1.5707963705	0.0000000000	0.0000000000	0.0000000000
3.5697654214	0.7853981853	1.2217304707	0.4363323152	1.5707963705	0.0000000000	0.0000000000	0.0000000000
3.5739357081	0.7853981853	1.2217304707	0.4363323152	1.5707963705	0.0000000000	0.0000000000	0.0000000000
3.5781059948	0.7853981853	1.2217304707	0.4363323152	1.5707963705	0.0000000000	0.0000000000	0.0000000000
3.5822762815	0.7853981853	1.2217304707	0.4363323152	1.5707963705	0.0000000000	0.0000000000	0.0000000000
3.5864465682	0.7853981853	1.2217304707	0.4363323152	1.5707963705	0.0000000000	0.0000000000	0.0000000000
3.5906168549	0.7853981853	1.2217304707	0.4363323152	1.5707963705	0.0000000000	0.0000000000	0.0000000000
3.5947871416	0.7853981853	1.2217304707	0.4363323152	1.5707963705	0.0000000000	0.0000000000	0.0000000000
3.5989574283	0.7853981853	1.2217304707	0.4363323152	1.5707963705	0.0000000000	0.0000000000	0.0000000000
3.6031277150	0.7853981853	1.2217304707	0.4363323152	1.5707963705	0.0000000000	0.0000000000	0.0000000000
3.6072980017	0.7853981853	1.2217304707	0.4363323152	1.5707963705	0.0000000000	0.0000000000	0.0000000000
3.6114682884	0.7853981853	1.2217304707	0.4363323152	1.5707963705	0.0000000000	0.0000000000	0.0000000000
3.6156385752	0.7853981853	1.2217304707	0.4363323152	1.5707963705	0.0000000000	0.0000000000	0.0000000000
3.6198088619	0.7853981853	1.2217304707	0.4363323152	1.5707963705	0.0000000000	0.0000000000	0.0000000000
3.6239791486	0.7853981853	1.2217304707	0.4363323152	1.5707963705	0.0000000000	0.0000000000	0.0000000000
3.6281494353	0.7853981853	1.2217304707	0.4363323152	1.5707963705	0.0000000000	0.0000000000	0.0000000000
3.6323197220	0.7853981853	1.2217304707	0.4363323152	1.5707963705	0.0000000000	0.0000000000	0.0000000000
3.6364900087	0.7853981853	1.2217304707	0.4363323152	1.5707963705	0.0000000000	0.0000000000	0.0000000000
3.6406602954	0.7853981853	1.2217304707	0.4363323152	1.5707963705	0.0000000000	0.0000000000	0.0000000000
3.6448305821	0.7853981853	1.2217304707	0.4363323152	1.5707963705	0.0000000000	0.0000000000	0.0000000000
3.6490008688	0.7853981853	1.2217304707	0.4363323152	1.5707963705	0.0000000000	0.0000000000	0.0000000000
3.6531711555	0.7853981853	1.2217304707	0.4363323152	1.5707963705	0.0000000000	0.0000000000	0.0000000000
3.6573414422	0.7853981853	1.2217304707	0.4363323152	1.5707963705	0.0000000000	0.0000000000	0.0000000000
3.6615117289	0.7853981853	1.2217304707	0.4363323152	1.5707963705	0.0000000000	0.0000000000	0.0000000000
3.6656820156	0.7853981853	1.2217304707	0.4363323152	1.5707963705	0.0000000000	0.0000000000	0.0000000000
3.6698523023	0.7853981853	1.2217304707	0.4363323152	1.5707963705	0.0000000000	0.0000000000	0.0000000000
3.6740225891	0.7853981853	1.2217304707	0.4363323152	1.5707963705	0.0000000000	0.0000000000	0.0000000000
3.6781928758	0.7853981853	1.2217304707	0.4363323152	1.5707963705	0.0000000000	0.0000000000	0.0000000000
3.6823631625	0.7853981853	1.2217304707	0.4363323152	1.5707963705	0.0000000000	0.0000000000	0.0000000000
3.6865334492	0.7853981853	1.2217304707	0.4363323152	1.5707963705	0.0000000000	0.0000000000	0.0000000000
3.6907037359	0.7853981853	1.2217304707	0.4363323152	1.5707963705	0.0000000000	0.0000000000	0.0000000000
3.6948740226	0.7853981853	1.2217304707	0.4363323152	1.5707963705	0.0000000000	0.0000000000	0.0000000000
3.6990443093	0.7853981853	1.2217304707	0.4363323152	1.5707963705	0.0000000000	0.0000000000	0.0000000000
3.7032145960	0.7853981853	1.2217304707	0.4363323152	1.5707963705	0.0000000000	0.0000000000	0.0000000000
3.7073848827	0.7853981853	1.2217304707	0.4363323152	1.5707963705	0.0000000000	0.0000000000	0.0000000000
3.7115551694	0.7853981853	1.2217304707	0.4363323152	1.5707963705	0.0000000000	0.0000000000	0.0000000000
3.7157254561	0.7853981853	1.2217304707	0.4363323152	1.5707963705	0.0000000000	0.0000000000	0.0000000000
3.7198957428	0.7853981853	1.2217304707	0.4363323152	1.5707963705	0.0000000000	0.0000000000	0.0000000000
3.7240660295	0.7853981853	1.2217304707	0.4363323152	1.5707963705	0.0000000000	0.0000000000	0.0000000000
3.7282363162	0.7853981853	1.2217304707	0.4363323152	1.5707963705	0.0000000000	0.0000000000	0.0000000000
3.7324066030	0.7853981853	1.2217304707	0.4363323152	1.5707963705	0.0000000000	0.0000000000	0.0000000000
3.7365768897	0.7853981853	1.2217304707	0.4363323152	1.5707963705	0.0000000000	0.0000000000	0.0000000000
3.7407471764	0.7853981853	1.2217304707	0.4363323152	1.5707963705	0.0000000000	0.0000000000	0.0000000000
3.7449174631	0.7853981853	1.2217304707	0.4363323152	1.5707963705	0.0000000000	0.0000000000	0.0000000000
3.7490877498	0.7853981853	1.2217304707	0.4363323152	1.5707963705	0.0000000000	0.0000000000	0.0000000000
3.7532580365	0.7853981853	1.2217304707	0.4363323152	1.5707963705	0.0000000000	0.0000000000	0.0000000000
3.7574283232	0.7853981853	1.2217304707	0.4363323152	1.5707963705	0.0000000000	0.0000000000	0.0000000000
3.7615986099	0.7853981853	1.2217304707	0.4363323152	1.5707963705	0.0000000000	0.0000000000	0.0000000000
3.7657688966	0.7853981853	1.2217304707	0.4363323152	1.5707963705	0.0000000000	0.0000000000	0.0000000000
3.7699391833	0.7853981853	1.2217304707	0.4363323152	1.5707963705	0.0000000000	0.0000000000	0.0000000000
3.7741094700	0.7853981853	1.2217304707	0.4363323152	1.5707963705	0.0000000000	0.0000000000	0.0000000000
3.7782797567	0.7853981853	1.2217304707	0.4363323152	1.5707963705	0.0000000000	0.0000000000	0.0000000000
3.7824500434	0.7853981853	1.2217304707	0.4363323152	1.5707963705	0.0000000000	0.0000000000	0.0000000000
3.7866203301	0.7853981853	1.2217304707	0.4363323152	1.5707963705	0.0000000000	0.0000000000	0.0000000000
3.7907906169	0.7853981853	1.2217304707	0.4363323152	1.5707963705	0.0000000000	0.0000000000	0.0000000000
3.7949609036	0.7853981853	1.2217304707	0.4363323152	1.5707963705	0.0000000000	0.0000000000	0.0000000000
3.7991311903	0.7853981853	1.2217304707	0.4363323152	1.5707963705	0.0000000000	0.0000000000	0.0000000000
3.8033014770	0.7853981853	1.2217304707	0.4363323152	1.5707963705	0.0000000000	0.0000000000	0.0000000000
3.8074717637	0.7853981853	1.2217304707	0.4363323152	1.5707963705	0.0000000000	0.0000000000	0.0000000000
3.8116420504	0.7853981853	1.2217304707	0.4363323152	1.5707963705	0.0000000000	0.0000000000	0.0000000000
3.8158123371	0.7853981853	1.2217304707	0.4363323152	1.5707963705	0.0000000000	0.0000000000	0.0000000000
3.8199826238	0.7853981853	1.2217304707	0.4363323152	1.5707963705	0.0000000000	0.0000000000	0.0000000000
3.8241529105	0.7853981853	1.2217304707	0.4363323152	1.5707963705	0.0000000000	0.0000000000	0.0000000000
3.8283231972	0.7853981853	1.2217304707	0.4363323152	1.5707963705	0.0000000000	0.0000000000	0.0000000000
3.8324934839	0.7853981853	1.2217304707	0.4363323152	1.5707963705	0.0000000000	0.0000000000	0.0000000000
3.8366637706	0.7853981853	1.2217304707	0.4363323152	1.5707963705	0.0000000000	0.0000000000	0.0000000000
3.8408340573	0.7853981853	1.2217304707	0.4363323152	1.5707963705	0.0000000000	0.0000000000	0.0000000000
3.8450043440	0.7853981853	1.2217304707	0.4363323152	1.5707963705	0.0000000000	0.0000000000	0.0000000000
3.8491746308	0.7853981853	1.2217304707	0.4363323152	1.5707963705	0.0000000000	0.0000000000	0.0000000000
3.8533449175	0.7853981853	1.2217304707	0.4363323152	1.5707963705	0.0000000000	0.0000000000	0.0000000000
3.8575152042	0.7853981853	1.2217304707	0.4363323152	1.5707963705	0.0000000000	0.0000000000	0.0000000000
3.8616854909	0.7853981853	1.2217304707	0.4363323152	1.5707963705	0.0000000000	0.0000000000	0.0000000000
3.8658557776	0.7853981853	1.2217304707	0.4363323152	1.5707963705	0.0000000000	0.0000000000	0.0000000000
3.8700260643	0.7853981853	1.2217304707	0.4363323152	1.5707963705	0.0000000000	0.0000000000	0.0000000000
3.8741963510	0.7853981853	1.2217304707	0.4363323152	1.5707963705	0.0000000000	0.0000000000	0.0000000000
3.8783666377	0.7853981853	1.2217304707	0.4363323152	1.5707963705	0.0000000000	0.0000000000	0.0000000000
3.8825369244	0.7853981853	1.2217304707	0.4363323152	1.5707963705	0.0000000000	0.0000000000	0.0000000000
3.8867072111	0.7853981853	1.2217304707	0.4363323152	1.5707963705	0.0000000000	0.0000000000	0.0000000000
3.8908774978	0.7853981853	1.2217304707	0.4363323152	1.5707963705	0.0000000000	0.0000000000	0.0000000000
3.8950477845	0.7853981853	1.2217304707	0.4363323152	1.5707963705	0.0000000000	0.0000000000	0.0000000000
3.8992180712	0.7853981853	1.2217304707	0.4363323152	1.5707963705	0.0000000000	0.0000000000	0.0000000000
3.9033883579	0.7853981853	1.2217304707	0.4363323152	1.5707963705	0.0000000000	0.0000000000	0.0000000000
3.9075586447	0.7853981853	1.2217304707	0.4363323152	1.5707963705	0.0000000000	0.0000000000	0.0000000000
3.9117289314	0.7853981853	1.2217304707	0.4363323152	1.5707963705	0.0000000000	0.0000000000	0.0000000000
3.9158992181	0.7853981853	1.2217304707	0.4363323152	1.5707963705	0.0000000000	0.0000000000	0.0000000000
3.9200695048	0.7853981853	1.2217304707	0.4363323152	1.5707963705	0.0000000000	0.0000000000	0.0000000000
3.9242397915	0.7853981853	1.2217304707	0.4363323152	1.5707963705	0.0000000000	0.0000000000	0.0000000000
3.9284100782	0.7853981853	1.2217304707	0.4363323152	1.5707963705	0.0000000000	0.0000000000	0.0000000000
3.9325803649	0.7853981853	1.2217304707	0.4363323152	1.5707963705	0.0000000000	0.0000000000	0.0000000000
3.9367506516	0.7853981853	1.2217304707	0.4363323152	1.5707963705	0.0000000000	0.0000000000	0.0000000000
3.9409209383	0.7853981853	1.2217304707	0.4363323152	1.5707963705	0.0000000000	0.0000000000	0.0000000000
3.9450912250	0.7853981853	1.2217304707	0.4363323152	1.5707963705	0.0000000000	0.0000000000	0.0000000000
3.9492615117	0.7853981853	1.2217304707	0.4363323152	1.5707963705	0.0000000000	0.0000000000	0.0000000000
3.9534317984	0.7853981853	1.2217304707	0.4363323152	1.5707963705	0.0000000000	0.0000000000	0.0000000000
3.9576020851	0.7853981853	1.2217304707	0.4363323152	1.5707963705	0.0000000000	0.0000000000	0.0000000000
3.9617723719	0.7853981853	1.2217304707	0.4363323152	1.5707963705	0.0000000000	0.0000000000	0.0000000000
3.9659426586	0.7853981853	1.2217304707	0.4363323152	1.5707963705	0.0000000000	0.0000000000	0.0000000000
3.9701129453	0.7853981853	1.2217304707	0.4363323152	1.5707963705	0.0000000000	0.0000000000	0.0000000000
3.9742832320	0.7853981853	1.2217304707	0.4363323152	1.5707963705	0.0000000000	0.0000000000	0.0000000000
3.9784535187	0.7853981853	1.2217304707	0.4363323152	1.5707963705	0.0000000000	0.0000000000	0.0000000000
3.9826238054	0.7853981853	1.2217304707	0.4363323152	1.5707963705	0.0000000000	0.0000000000	0.0000000000
3.9867940921	0.7853981853	1.2217304707	0.4363323152	1.5707963705	0.0000000000	0.0000000000	0.0000000000
3.9909643788	0.7853981853	1.2217304707	0.4363323152	1.5707963705	0.0000000000	0.0000000000	0.0000000000
3.9951346655	0.7853981853	1.2217304707	0.4363323152	1.5707963705	0.0000000000	0.0000000000	0.0000000000
3.9993049522	0.7853981853	1.2217304707	0.4363323152	1.5707963705	0.0000000000	0.0000000000	0.0000000000
4.0034752389	0.7853981853	1.2217304707	0.4363323152	1.5707963705	0.0000000000	0.0000000000	0.0000000000
4.0076455256	0.7853981853	1.2217304707	0.4363323152	1.5707963705	0.0000000000	0.0000000000	0.0000000000
4.0118158123	0.7853981853	1.2217304707	0.4363323152	1.5707963705	0.0000000000	0.0000000000	0.0000000000
4.0159860990	0.7853981853	1.2217304707	0.4363323152	1.5707963705	0.0000000000	0.0000000000	0.0000000000
4.0201563858	0.7853981853	1.2217304707	0.4363323152	1.5707963705	0.0000000000	0.0000000000	0.0000000000
4.0243266725	0.7853981853	1.2217304707	0.4363323152	1.5707963705	0.0000000000	0.0000000000	0.0000000000
4.0284969592	0.7853981853	1.2217304707	0.4363323152	1.5707963705	0.0000000000	0.0000000000	0.0000000000
4.0326672459	0.7853981853	1.2217304707	0.4363323152	1.5707963705	0.0000000000	0.0000000000	0.0000000000
4.0368375326	0.7853981853	1.2217304707	0.4363323152	1.5707963705	0.0000000000	0.0000000000	0.0000000000
4.0410078193	0.7853981853	1.2217304707	0.4363323152	1.5707963705	0.0000000000	0.0000000000	0.0000000000
4.0451781060	0.7853981853	1.2217304707	0.4363323152	1.5707963705	0.0000000000	0.0000000000	0.0000000000
4.0493483927	0.7853981853	1.2217304707	0.4363323152	1.5707963705	0.0000000000	0.0000000000	0.0000000000
4.0535186794	0.7853981853	1.2217304707	0.4363323152	1.5707963705	0.0000000000	0.0000000000	0.0000000000
4.0576889661	0.7853981853	1.2217304707	0.4363323152	1.5707963705	0.0000000000	0.0000000000	0.0000000000
4.0618592528	0.7853981853	1.2217304707	0.4363323152	1.5707963705	0.0000000000	0.0000000000	0.0000000000
4.0660295395	0.7853981853	1.2217304707	0.4363323152	1.5707963705	0.0000000000	0.0000000000	0.0000000000
4.0701998262	0.7853981853	1.2217304707	0.4363323152	1.5707963705	0.0000000000	0.0000000000	0.0000000000
4.0743701129	0.7853981853	1.2217304707	0.4363323152	1.5707963705	0.0000000000	0.0000000000	0.0000000000
4.0785403997	0.7853981853	1.2217304707	0.4363323152	1.5707963705	0.0000000000	0.0000000000	0.0000000000
4.0827106864	0.7853981853	1.2217304707	0.4363323152	1.5707963705	0.0000000000	0.0000000000	0.0000000000
4.0868809731	0.7853981853	1.2217304707	0.4363323152	1.5707963705	0.0000000000	0.0000000000	0.0000000000
4.0910512598	0.7853981853	1.2217304707	0.4363323152	1.5707963705	0.0000000000	0.0000000000	0.0000000000
4.0952215465	0.7853981853	1.2217304707	0.4363323152	1.5707963705	0.0000000000	0.0000000000	0.0000000000
4.0993918332	0.7853981853	1.2217304707	0.4363323152	1.5707963705	0.0000000000	0.0000000000	0.0000000000
4.1035621199	0.7853981853	1.2217304707	0.4363323152	1.5707963705	0.0000000000	0.0000000000	0.0000000000
4.1077324066	0.7853981853	1.2217304707	0.4363323152	1.5707963705	0.0000000000	0.0000000000	0.0000000000
4.1119026933	0.7853981853	1.2217304707	0.4363323152	1.5707963705	0.0000000000	0.0000000000	0.0000000000
4.1160729800	0.7853981853	1.2217304707	0.4363323152	1.5707963705	0.0000000000	0.0000000000	0.0000000000
4.1202432667	0.7853981853	1.2217304707	0.4363323152	1.5707963705	0.0000000000	0.0000000000	0.0000000000
4.1244135534	0.7853981853	1.2217304707	0.4363323152	1.5707963705	0.0000000000	0.0000000000	0.0000000000
4.1285838401	0.7853981853	1.2217304707	0.4363323152	1.5707963705	0.0000000000	0.0000000000	0.0000000000
4.1327541268	0.7853981853	1.2217304707	0.4363323152	1.5707963705	0.0000000000	0.0000000000	0.0000000000
4.1369244136	0.7853981853	1.2217304707	0.4363323152	1.5707963705	0.0000000000	0.0000000000	0.0000000000
4.1410947003	0.7853981853	1.2217304707	0.4363323152	1.5707963705	0.0000000000	0.0000000000	0.0000000000
4.1452649870	0.7853981853	1.2217304707	0.4363323152	1.5707963705	0.0000000000	0.0000000000	0.0000000000
4.1494352737	0.7853981853	1.2217304707	0.4363323152	1.5707963705	0.0000000000	0.0000000000	0.0000000000
4.1536055604	0.7853981853	1.2217304707	0.4363323152	1.5707963705	0.0000000000	0.0000000000	0.0000000000
4.1577758471	0.7853981853	1.2217304707	0.4363323152	1.5707963705	0.0000000000	0.0000000000	0.0000000000
4.1619461338	0.7853981853	1.2217304707	0.4363323152	1.5707963705	0.0000000000	0.0000000000	0.0000000000
4.1661164205	0.7853981853	1.2217304707	0.4363323152	1.5707963705	0.0000000000	0.0000000000	0.0000000000
4.1702867072	0.7853981853	1.2217304707	0.4363323152	1.5707963705	0.0000000000	0.0000000000	0.0000000000
4.1744569939	0.7853981853	1.2217304707	0.4363323152	1.5707963705	0.0000000000	0.0000000000	0.0000000000
4.1786272806	0.7853981853	1.2217304707	0.4363323152	1.5707963705	0.0000000000	0.0000000000	0.0000000000
4.1827975673	0.7853981853	1.2217304707	0.4363323152	1.5707963705	0.0000000000	0.0000000000	0.0000000000
4.1869678540	0.7853981853	1.2217304707	0.4363323152	1.5707963705	0.0000000000	0.0000000000	0.0000000000
4.1911381407	0.7853981853	1.2217304707	0.4363323152	1.5707963705	0.0000000000	0.0000000000	0.0000000000
4.1953084275	0.7853981853	1.2217304707	0.4363323152	1.5707963705	0.0000000000	0.0000000000	0.0000000000
4.1994787142	0.7853981853	1.2217304707	0.4363323152	1.5707963705	0.0000000000	0.0000000000	0.0000000000
4.2036490009	0.7853981853	1.2217304707	0.4363323152	1.5707963705	0.0000000000	0.0000000000	0.0000000000
4.2078192876	0.7853981853	1.2217304707	0.4363323152	1.5707963705	0.0000000000	0.0000000000	0.0000000000
4.2119895743	0.7853981853	1.2217304707	0.4363323152	1.5707963705	0.0000000000	0.0000000000	0.0000000000
4.2161598610	0.7853981853	1.2217304707	0.4363323152	1.5707963705	0.0000000000	0.0000000000	0.0000000000
4.2203301477	0.7853981853	1.2217304707	0.4363323152	1.5707963705	0.0000000000	0.0000000000	0.0000000000
4.2245004344	0.7853981853	1.2217304707	0.4363323152	1.5707963705	0.0000000000	0.0000000000	0.0000000000
4.2286707211	0.7853981853	1.2217304707	0.4363323152	1.5707963705	0.0000000000	0.0000000000	0.0000000000
4.2328410078	0.7853981853	1.2217304707	0.4363323152	1.5707963705	0.0000000000	0.0000000000	0.0000000000
4.2370112945	0.7853981853	1.2217304707	0.4363323152	1.5707963705	0.0000000000	0.0000000000	0.0000000000
4.2411815812	0.7853981853	1.2217304707	0.4363323152	1.5707963705	0.0000000000	0.0000000000	0.0000000000
4.2453518679	0.7853981853	1.2217304707	0.4363323152	1.5707963705	0.0000000000	0.0000000000	0.0000000000
4.2495221546	0.7853981853	1.2217304707	0.4363323152	1.5707963705	0.0000000000	0.0000000000	0.0000000000
4.2536924414	0.7853981853	1.2217304707	0.4363323152	1.5707963705	0.0000000000	0.0000000000	0.0000000000
4.2578627281	0.7853981853	1.2217304707	0.4363323152	1.5707963705	0.0000000000	0.0000000000	0.0000000000
4.2620330148	0.7853981853	1.2217304707	0.4363323152	1.5707963705	0.0000000000	0.0000000000	0.0000000000
4.2662033015	0.7853981853	1.2217304707	0.4363323152	1.5707963705	0.0000000000	0.0000000000	0.0000000000
4.2703735882	0.7853981853	1.2217304707	0.4363323152	1.5707963705	0.0000000000	0.0000000000	0.0000000000
4.2745438749	0.7853981853	1.2217304707	0.4363323152	1.5707963705	0.0000000000	0.0000000000	0.0000000000
4.2787141616	0.7853981853	1.2217304707	0.4363323152	1.5707963705	0.0000000000	0.0000000000	0.0000000000
4.2828844483	0.7853981853	1.2217304707	0.4363323152	1.5707963705	0.0000000000	0.0000000000	0.0000000000
4.2870547350	0.7853981853	1.2217304707	0.4363323152	1.5707963705	0.0000000000	0.0000000000	0.0000000000
4.2912250217	0.7853981853	1.2217304707	0.4363323152	1.5707963705	0.0000000000	0.0000000000	0.0000000000
4.2953953084	0.7853981853	1.2217304707	0.4363323152	1.5707963705	0.0000000000	0.0000000000	0.0000000000
4.2995655951	0.7853981853	1.2217304707	0.4363323152	1.5707963705	0.0000000000	0.0000000000	0.0000000000
4.3037358818	0.7853981853	1.2217304707	0.4363323152	1.5707963705	0.0000000000	0.0000000000	0.0000000000
4.3079061685	0.7853981853	1.2217304707	0.4363323152	1.5707963705	0.0000000000	0.0000000000	0.0000000000
4.3120764553	0.7853981853	1.2217304707	0.4363323152	1.5707963705	0.0000000000	0.0000000000	0.0000000000
4.3162467420	0.7853981853	1.2217304707	0.4363323152	1.5707963705	0.0000000000	0.0000000000	0.0000000000
4.3204170287	0.7853981853	1.2217304707	0.4363323152	1.5707963705	0.0000000000	0.0000000000	0.0000000000
4.3245873154	0.7853981853	1.2217304707	0.4363323152	1.5707963705	0.0000000000	0.0000000000	0.0000000000
4.3287576021	0.7853981853	1.2217304707	0.4363323152	1.5707963705	0.0000000000	0.0000000000	0.0000000000
4.3329278888	0.7853981853	1.2217304707	0.4363323152	1.5707963705	0.0000000000	0.0000000000	0.0000000000
4.3370981755	0.7853981853	1.2217304707	0.4363323152	1.5707963705	0.0000000000	0.0000000000	0.0000000000
4.3412684622	0.7853981853	1.2217304707	0.4363323152	1.5707963705	0.0000000000	0.0000000000	0.0000000000
4.3454387489	0.7853981853	1.2217304707	0.4363323152	1.5707963705	0.0000000000	0.0000000000	0.0000000000
4.3496090356	0.7853981853	1.2217304707	0.4363323152	1.5707963705	0.0000000000	0.0000000000	0.0000000000
4.3537793223	0.7853981853	1.2217304707	0.4363323152	1.5707963705	0.0000000000	0.0000000000	0.0000000000
4.3579496090	0.7853981853	1.2217304707	0.4363323152	1.5707963705	0.0000000000	0.0000000000	0.0000000000
4.3621198957	0.7853981853	1.2217304707	0.4363323152	1.5707963705	0.0000000000	0.0000000000	0.0000000000
4.3662901825	0.7853981853	1.2217304707	0.4363323152	1.5707963705	0.0000000000	0.0000000000	0.0000000000
4.3704604692	0.7853981853	1.2217304707	0.4363323152	1.5707963705	0.0000000000	0.0000000000	0.0000000000
4.3746307559	0.7853981853	1.2217304707	0.4363323152	1.5707963705	0.0000000000	0.0000000000	0.0000000000
4.3788010426	0.7853981853	1.2217304707	0.4363323152	1.5707963705	0.0000000000	0.0000000000	0.0000000000
4.3829713293	0.7853981853	1.2217304707	0.4363323152	1.5707963705	0.0000000000	0.0000000000	0.0000000000
4.3871416160	0.7853981853	1.2217304707	0.4363323152	1.5707963705	0.0000000000	0.0000000000	0.0000000000
4.3913119027	0.7853981853	1.2217304707	0.4363323152	1.5707963705	0.0000000000	0.0000000000	0.0000000000
4.3954821894	0.7853981853	1.2217304707	0.4363323152	1.5707963705	0.0000000000	0.0000000000	0.0000000000
4.3996524761	0.7853981853	1.2217304707	0.4363323152	1.5707963705	0.0000000000	0.0000000000	0.0000000000
4.4038227628	0.7853981853	1.2217304707	0.4363323152	1.5707963705	0.0000000000	0.0000000000	0.0000000000
4.4079930495	0.7853981853	1.2217304707	0.4363323152	1.5707963705	0.0000000000	0.0000000000	0.0000000000
4.4121633362	0.7853981853	1.2217304707	0.4363323152	1.5707963705	0.0000000000	0.0000000000	0.0000000000
4.4163336229	0.7853981853	1.2217304707	0.4363323152	1.5707963705	0.0000000000	0.0000000000	0.0000000000
4.4205039096	0.7853981853	1.2217304707	0.4363323152	1.5707963705	0.0000000000	0.0000000000	0.0000000000
4.4246741964	0.7853981853	1.2217304707	0.4363323152	1.5707963705	0.0000000000	0.0000000000	0.0000000000
4.4288444831	0.7853981853	1.2217304707	0.4363323152	1.5707963705	0.0000000000	0.0000000000	0.0000000000
4.4330147698	0.7853981853	1.2217304707	0.4363323152	1.5707963705	0.0000000000	0.0000000000	0.0000000000
4.4371850565	0.7853981853	1.2217304707	0.4363323152	1.5707963705	0.0000000000	0.0000000000	0.0000000000
4.4413553432	0.7853981853	1.2217304707	0.4363323152	1.5707963705	0.0000000000	0.0000000000	0.0000000000
4.4455256299	0.7853981853	1.2217304707	0.4363323152	1.5707963705	0.0000000000	0.0000000000	0.0000000000
4.4496959166	0.7853981853	1.2217304707	0.4363323152	1.5707963705	0.0000000000	0.0000000000	0.0000000000
4.4538662033	0.7853981853	1.2217304707	0.4363323152	1.5707963705	0.0000000000	0.0000000000	0.0000000000
4.4580364900	0.7853981853	1.2217304707	0.4363323152	1.5707963705	0.0000000000	0.0000000000	0.0000000000
4.4622067767	0.7853981853	1.2217304707	0.4363323152	1.5707963705	0.0000000000	0.0000000000	0.0000000000
4.4663770634	0.7853981853	1.2217304707	0.4363323152	1.5707963705	0.0000000000	0.0000000000	0.0000000000
4.4705473501	0.7853981853	1.2217304707	0.4363323152	1.5707963705	0.0000000000	0.0000000000	0.0000000000
4.4747176368	0.7853981853	1.2217304707	0.4363323152	1.5707963705	0.0000000000	0.0000000000	0.0000000000
4.4788879235	0.7853981853	1.2217304707	0.4363323152	1.5707963705	0.0000000000	0.0000000000	0.0000000000
4.4830582103	0.7853981853	1.2217304707	0.4363323152	1.5707963705	0.0000000000	0.0000000000	0.0000000000
4.4872284970	0.7853981853	1.2217304707	0.4363323152	1.5707963705	0.0000000000	0.0000000000	0.0000000000
4.4913987837	0.7853981853	1.2217304707	0.4363323152	1.5707963705	0.0000000000	0.0000000000	0.0000000000
4.4955690704	0.7853981853	1.2217304707	0.4363323152	1.5707963705	0.0000000000	0.0000000000	0.0000000000
4.4997393571	0.7853981853	1.2217304707	0.4363323152	1.5707963705	0.0000000000	0.0000000000	0.0000000000
4.5039096438	0.7853981853	1.2217304707	0.4363323152	1.5707963705	0.0000000000	0.0000000000	0.0000000000
4.5080799305	0.7853981853	1.2217304707	0.4363323152	1.5707963705	0.0000000000	0.0000000000	0.0000000000
4.5122502172	0.7853981853	1.2217304707	0.4363323152	1.5707963705	0.0000000000	0.0000000000	0.0000000000
4.5164205039	0.7853981853	1.2217304707	0.4363323152	1.5707963705	0.0000000000	0.0000000000	0.0000000000
4.5205907906	0.7853981853	1.2217304707	0.4363323152	1.5707963705	0.0000000000	0.0000000000	0.0000000000
4.5247610773	0.7853981853	1.2217304707	0.4363323152	1.5707963705	0.0000000000	0.0000000000	0.0000000000
4.5289313640	0.7853981853	1.2217304707	0.4363323152	1.5707963705	0.0000000000	0.0000000000	0.0000000000
4.5331016507	0.7853981853	1.2217304707	0.4363323152	1.5707963705	0.0000000000	0.0000000000	0.0000000000
4.5372719374	0.7853981853	1.2217304707	0.4363323152	1.5707963705	0.0000000000	0.0000000000	0.0000000000
4.5414422242	0.7853981853	1.2217304707	0.4363323152	1.5707963705	0.0000000000	0.0000000000	0.0000000000
4.5456125109	0.7853981853	1.2217304707	0.4363323152	1.5707963705	0.0000000000	0.0000000000	0.0000000000
4.5497827976	0.7853981853	1.2217304707	0.4363323152	1.5707963705	0.0000000000	0.0000000000	0.0000000000
4.5539530843	0.7853981853	1.2217304707	0.4363323152	1.5707963705	0.0000000000	0.0000000000	0.0000000000
4.5581233710	0.7853981853	1.2217304707	0.4363323152	1.5707963705	0.0000000000	0.0000000000	0.0000000000
4.5622936577	0.7853981853	1.2217304707	0.4363323152	1.5707963705	0.0000000000	0.0000000000	0.0000000000
4.5664639444	0.7853981853	1.2217304707	0.4363323152	1.5707963705	0.0000000000	0.0000000000	0.0000000000
4.5706342311	0.7853981853	1.2217304707	0.4363323152	1.5707963705	0.0000000000	0.0000000000	0.0000000000
4.5748045178	0.7853981853	1.2217304707	0.4363323152	1.5707963705	0.0000000000	0.0000000000	0.0000000000
4.5789748045	0.7853981853	1.2217304707	0.4363323152	1.5707963705	0.0000000000	0.0000000000	0.0000000000
4.5831450912	0.7853981853	1.2217304707	0.4363323152	1.5707963705	0.0000000000	0.0000000000	0.0000000000
4.5873153779	0.7853981853	1.2217304707	0.4363323152	1.5707963705	0.0000000000	0.0000000000	0.0000000000
4.5914856646	0.7853981853	1.2217304707	0.4363323152	1.5707963705	0.0000000000	0.0000000000	0.0000000000
4.5956559513	0.7853981853	1.2217304707	0.4363323152	1.5707963705	0.0000000000	0.0000000000	0.0000000000
4.5998262381	0.7853981853	1.2217304707	0.4363323152	1.5707963705	0.0000000000	0.0000000000	0.0000000000
4.6039965248	0.7853981853	1.2217304707	0.4363323152	1.5707963705	0.0000000000	0.0000000000	0.0000000000
4.6081668115	0.7853981853	1.2217304707	0.4363323152	1.5707963705	0.0000000000	0.0000000000	0.0000000000
4.6123370982	0.7853981853	1.2217304707	0.4363323152	1.5707963705	0.0000000000	0.0000000000	0.0000000000
4.6165073849	0.7853981853	1.2217304707	0.4363323152	1.5707963705	0.0000000000	0.0000000000	0.0000000000
4.6206776716	0.7853981853	1.2217304707	0.4363323152	1.5707963705	0.0000000000	0.0000000000	0.0000000000
4.6248479583	0.7853981853	1.2217304707	0.4363323152	1.5707963705	0.0000000000	0.0000000000	0.0000000000
4.6290182450	0.7853981853	1.2217304707	0.4363323152	1.5707963705	0.0000000000	0.0000000000	0.0000000000
4.6331885317	0.7853981853	1.2217304707	0.4363323152	1.5707963705	0.0000000000	0.0000000000	0.0000000000
4.6373588184	0.7853981853	1.2217304707	0.4363323152	1.5707963705	0.0000000000	0.0000000000	0.0000000000
4.6415291051	0.7853981853	1.2217304707	0.4363323152	1.5707963705	0.0000000000	0.0000000000	0.0000000000
4.6456993918	0.7853981853	1.2217304707	0.4363323152	1.5707963705	0.0000000000	0.0000000000	0.0000000000
4.6498696785	0.7853981853	1.2217304707	0.4363323152	1.5707963705	0.0000000000	0.0000000000	0.0000000000
4.6540399652	0.7853981853	1.2217304707	0.4363323152	1.5707963705	0.0000000000	0.0000000000	0.0000000000
4.6582102520	0.7853981853	1.2217304707	0.4363323152	1.5707963705	0.0000000000	0.0000000000	0.0000000000
4.6623805387	0.7853981853	1.2217304707	0.4363323152	1.5707963705	0.0000000000	0.0000000000	0.0000000000
4.6665508254	0.7853981853	1.2217304707	0.4363323152	1.5707963705	0.0000000000	0.0000000000	0.0000000000
4.6707211121	0.7853981853	1.2217304707	0.4363323152	1.5707963705	0.0000000000	0.0000000000	0.0000000000
4.6748913988	0.7853981853	1.2217304707	0.4363323152	1.5707963705	0.0000000000	0.0000000000	0.0000000000
4.6790616855	0.7853981853	1.2217304707	0.4363323152	1.5707963705	0.0000000000	0.0000000000	0.0000000000
4.6832319722	0.7853981853	1.2217304707	0.4363323152	1.5707963705	0.0000000000	0.0000000000	0.0000000000
4.6874022589	0.7853981853	1.2217304707	0.4363323152	1.5707963705	0.0000000000	0.0000000000	0.0000000000
4.6915725456	0.7853981853	1.2217304707	0.4363323152	1.5707963705	0.0000000000	0.0000000000	0.0000000000
4.6957428323	0.7853981853	1.2217304707	0.4363323152	1.5707963705	0.0000000000	0.0000000000	0.0000000000
4.6999131190	0.7853981853	1.2217304707	0.4363323152	1.5707963705	0.0000000000	0.0000000000	0.0000000000
4.7040834057	0.7853981853	1.2217304707	0.4363323152	1.5707963705	0.0000000000	0.0000000000	0.0000000000
4.7082536924	0.7853981853	1.2217304707	0.4363323152	1.5707963705	0.0000000000	0.0000000000	0.0000000000
4.7124239791	0.7853981853	1.2217304707	0.4363323152	1.5707963705	0.0000000000	0.0000000000	0.0000000000
4.7165942659	0.7853981853	1.2217304707	0.4363323152	1.5707963705	0.0000000000	0.0000000000	0.0000000000
4.7207645526	0.7853981853	1.2217304707	0.4363323152	1.5707963705	0.0000000000	0.0000000000	0.0000000000
4.7249348393	0.7853981853	1.2217304707	0.4363323152	1.5707963705	0.0000000000	0.0000000000	0.0000000000
4.7291051260	0.7853981853	1.2217304707	0.4363323152	1.5707963705	0.0000000000	0.0000000000	0.0000000000
4.7332754127	0.7853981853	1.2217304707	0.4363323152	1.5707963705	0.0000000000	0.0000000000	0.0000000000
4.7374456994	0.7853981853	1.2217304707	0.4363323152	1.5707963705	0.0000000000	0.0000000000	0.0000000000
4.7416159861	0.7853981853	1.2217304707	0.4363323152	1.5707963705	0.0000000000	0.0000000000	0.0000000000
4.7457862728	0.7853981853	1.2217304707	0.4363323152	1.5707963705	0.0000000000	0.0000000000	0.0000000000
4.7499565595	0.7853981853	1.2217304707	0.4363323152	1.5707963705	0.0000000000	0.0000000000	0.0000000000
4.7541268462	0.7853981853	1.2217304707	0.4363323152	1.5707963705	0.0000000000	0.0000000000	0.0000000000
4.7582971329	0.7853981853	1.2217304707	0.4363323152	1.5707963705	0.0000000000	0.0000000000	0.0000000000
4.7624674196	0.7853981853	1.2217304707	0.4363323152	1.5707963705	0.0000000000	0.0000000000	0.0000000000
4.7666377063	0.7853981853	1.2217304707	0.4363323152	1.5707963705	0.0000000000	0.0000000000	0.0000000000
4.7708079930	0.7853981853	1.2217304707	0.4363323152	1.5707963705	0.0000000000	0.0000000000	0.0000000000
4.7749782798	0.7853981853	1.2217304707	0.4363323152	1.5707963705	0.0000000000	0.0000000000	0.0000000000
4.7791485665	0.7853981853	1.2217304707	0.4363323152	1.5707963705	0.0000000000	0.0000000000	0.0000000000
4.7833188532	0.7853981853	1.2217304707	0.4363323152	1.5707963705	0.0000000000	0.0000000000	0.0000000000
4.7874891399	0.7853981853	1.2217304707	0.4363323152	1.5707963705	0.0000000000	0.0000000000	0.0000000000
4.7916594266	0.7853981853	1.2217304707	0.4363323152	1.5707963705	0.0000000000	0.0000000000	0.0000000000
4.7958297133	0.7853981853	1.2217304707	0.4363323152	1.5707963705	0.0000000000	0.0000000000	0.0000000000
4.8000000000	0.7853981853	1.2217304707	0.4363323152	1.5707963705	0.0000000000	0.0000000000	0.0000000000
