seed,coef_seed,train_seed,direction,true_x,true_y,true_z,pred_x,pred_y,pred_z,l2_at_peak,sh_elv_rmse,sh_rot_rmse,elbow_rmse,wrist_rmse,mean_l2
0_0,0,0,0_right,51.353928,-6.801852,-2.9304283,49.748573,-6.3425484,-2.8292513,1.6728297,1.1120814,1.3141793,1.3101636,0.7068746,1.0025849
0_0,0,0,135_fwd_left,34.28286,0.2692157,-2.9304287,32.90774,0.9686489,-2.9030304,1.543019,1.1857349,0.58149505,0.8382877,0.557826,0.8357785
0_0,0,0,180_left,31.353933,-6.801854,-2.9304256,30.295984,-7.5566063,-3.4760895,1.409488,1.1701826,0.44215822,0.73397654,0.5565911,0.8300601
0_0,0,0,225_back_left,34.28286,-13.872919,-2.930426,33.760056,-13.61364,-2.9273815,0.5835746,1.1990693,0.8733342,0.6517996,0.508102,0.7438786
0_0,0,0,270_backward,41.353928,-16.801853,-2.930425,40.444107,-17.555014,-3.2539587,1.2246217,1.0094621,0.8507305,0.8095687,0.52755886,0.7958058
0_0,0,0,315_back_right,48.424995,-13.872917,-2.9304233,47.72133,-13.915098,-2.6363497,0.76380974,1.0216997,0.55496645,1.1031406,0.46803662,0.7442939
0_0,0,0,45_fwd_right,48.424995,0.2692162,-2.930429,46.342804,-1.3320293,-3.2646704,2.647872,1.153442,1.4689419,1.5725312,1.0162206,1.2954628
0_0,0,0,90_forward,41.353928,3.198148,-2.930426,39.11371,2.057724,-3.3703537,2.5519962,1.4233396,0.79574007,0.99319834,1.0264328,1.280152
0_0,0,0,g000_r04,45.353928,-6.8018517,-2.9304247,44.272743,-6.732379,-2.957138,1.0837435,1.0146745,0.3958057,0.79465663,0.47957703,0.754917
0_0,0,0,g000_r08,49.353928,-6.8018527,-2.9304292,47.77307,-6.6679,-3.1764994,1.6054907,1.1351179,0.89121735,1.4111392,0.64831764,0.94257843
0_0,0,0,g000_r12,53.353928,-6.8018503,-2.9304237,51.921494,-6.286318,-2.148405,1.711489,1.1308718,1.734937,1.1921479,0.8206778,1.0958462
0_0,0,0,g015_r04,45.217632,-5.766576,-2.930426,43.999504,-5.6597605,-2.9778204,1.2237206,1.0180144,0.55824924,0.87823534,0.5104744,0.7906897
0_0,0,0,g015_r08,49.081337,-4.7312956,-2.930421,47.23096,-5.0778837,-3.1819305,1.899282,1.0892127,1.0503743,1.4240636,0.7360883,1.0300956
0_0,0,0,g015_r12,52.945038,-3.6960225,-2.9304283,51.04641,-4.012396,-2.3608704,2.007306,1.1018816,1.9953891,1.3307967,0.9174855,1.1990228
0_0,0,0,g030_r04,44.818035,-4.8018527,-2.9304273,43.548737,-4.717704,-2.928568,1.2720861,1.0151093,0.7183504,0.9088023,0.54363906,0.8251598
0_0,0,0,g030_r08,48.28213,-2.801852,-2.9304276,46.48192,-3.4822092,-3.2129583,1.9451159,1.106393,1.0846137,1.3312645,0.7843386,1.0701803
0_0,0,0,g030_r12,51.746235,-0.80185294,-2.9304292,49.526814,-2.16716,-2.7218676,2.614076,1.1543385,1.9975035,1.5541973,1.0277027,1.3150961
0_0,0,0,g045_r04,44.182354,-3.9734235,-2.9304237,42.91454,-3.9695835,-2.8297396,1.2718121,1.0207005,0.82053494,0.7859595,0.56066304,0.84251904
0_0,0,0,g045_r08,47.010784,-1.1449966,-2.9304237,45.03663,-1.9545212,-3.1106434,2.1412845,1.14067,1.0838885,1.3354696,0.81932443,1.1004261
0_0,0,0,g045_r12,49.83921,1.6834283,-2.9304261,47.506973,-0.573349,-3.4946747,3.2940478,1.2682898,1.8002087,1.7161243,1.1468952,1.4223098
0_0,0,0,g060_r04,43.353928,-3.33775,-2.930426,42.053497,-3.4086142,-2.680726,1.3260809,1.019487,0.8235522,0.65199554,0.56251955,0.84277195
0_0,0,0,g060_r08,45.353928,0.12635292,-2.930429,43.238014,-0.95344734,-3.157465,2.3863368,1.1804718,1.065738,1.1638544,0.85413575,1.1373752
0_0,0,0,g060_r12,47.353928,3.5904546,-2.9304292,45.191986,1.4003105,-3.529809,3.1352797,1.4185845,1.869545,1.6958383,1.2178895,1.4663607
0_0,0,0,g075_r04,42.389206,-2.938149,-2.9304285,41.046127,-2.985097,-2.4661016,1.4218522,1.0089707,0.70593685,0.5457502,0.56607306,0.849838
0_0,0,0,g075_r08,43.42448,0.9255545,-2.930428,41.204704,-0.20408058,-3.1746492,2.5026238,1.2213627,0.6773585,0.8043628,0.9041015,1.1803265
0_0,0,0,g075_r12,44.45976,4.7892585,-2.9304228,42.83663,2.5976086,-3.522419,2.7907581,1.5901053,1.4446359,1.33583,1.2021801,1.4332739
0_0,0,0,g090_r04,41.353928,-2.8018517,-2.9304254,40.040077,-2.8525305,-2.462142,1.3957294,1.0053655,0.7264095,0.45138624,0.5639034,0.8447539
0_0,0,0,g090_r08,41.353928,1.1981469,-2.9304268,39.057915,0.3479004,-3.20504,2.4637382,1.2144837,0.59309095,0.7556817,0.8634865,1.140367
0_0,0,0,g090_r12,41.353928,5.198149,-2.930425,39.65199,3.5501804,-3.515544,2.4402378,1.7110213,1.0189059,1.0999936,1.1518211,1.3732809
0_0,0,0,g105_r04,40.318653,-2.9381487,-2.9304254,39.067745,-2.8489285,-2.5199327,1.3195586,1.011542,0.746092,0.46144786,0.5143618,0.794543
0_0,0,0,g105_r08,39.283375,0.9255562,-2.9304256,37.129498,0.73376083,-3.169138,2.175536,1.130086,0.64122003,0.925106,0.7534671,1.0419333
0_0,0,0,g105_r12,38.2481,4.789259,-2.9304264,36.285507,4.0167046,-3.4771528,2.1788807,1.5801542,1.2291121,1.177113,0.9698394,1.2076569
0_0,0,0,g120_r04,39.353928,-3.3377488,-2.930425,38.330093,-3.1337328,-2.3807373,1.179837,1.0122337,0.67198944,0.56688213,0.48299754,0.75901794
0_0,0,0,g120_r08,37.35393,0.12634964,-2.930427,35.520958,0.49833488,-2.913063,1.8704188,1.0957342,0.41160965,0.8814325,0.6518566,0.9405048
0_0,0,0,g120_r12,35.353928,3.5904543,-2.9304242,33.56157,3.6847687,-3.1557245,1.8089235,1.3102485,1.6721731,0.96030647,0.7251475,1.0047553
0_0,0,0,g135_r04,38.5255,-3.973424,-2.9304247,37.73069,-3.8799572,-2.241784,1.0557872,0.9996793,0.6354789,0.54673994,0.44814256,0.7176021
0_0,0,0,g135_r08,35.697075,-1.1449959,-2.9304273,34.38572,-0.45858383,-2.7426538,1.4920033,1.0792024,0.64158803,0.7344845,0.55529904,0.8270339
0_0,0,0,g135_r12,32.86865,1.6834304,-2.930425,31.459637,1.9718647,-2.802845,1.4438785,1.1632123,1.2927864,1.0458965,0.5595528,0.8330366
0_0,0,0,g150_r04,37.889828,-4.8018513,-2.930426,37.28341,-4.9506817,-2.3889837,0.82647055,0.98399127,0.5853894,0.45109516,0.3957597,0.6549108
0_0,0,0,g150_r08,34.425724,-2.8018517,-2.9304245,33.609642,-2.37434,-2.7991705,0.9305824,1.0456051,0.83269334,0.6434147,0.45650533,0.72775245
0_0,0,0,g150_r12,30.961624,-0.80185103,-2.9304264,29.849522,-0.22048569,-2.8346424,1.2585436,1.1310772,0.79990935,0.8501298,0.4742835,0.75347954
0_0,0,0,g165_r04,37.490227,-5.7665753,-2.930425,36.98629,-6.02055,-2.620041,0.64404464,0.98196983,0.41372678,0.40685567,0.3945273,0.64899373
0_0,0,0,g165_r08,33.626522,-4.7312984,-2.9304264,32.938618,-4.8629847,-2.950014,0.70066917,1.0896719,0.6758734,0.6412428,0.47624424,0.73541564
0_0,0,0,g165_r12,29.76282,-3.696023,-2.9304252,28.476442,-4.1012115,-3.0850372,1.3575155,1.2285919,0.85267264,0.88331294,0.52622247,0.80439496
0_0,0,0,g180_r04,37.353928,-6.8018527,-2.9304256,36.858288,-7.2233524,-2.742776,0.67715085,1.0233684,0.31042475,0.4039938,0.3961067,0.65166605
0_0,0,0,g180_r08,33.353928,-6.8018527,-2.9304283,32.50564,-7.437009,-3.262064,1.1104056,1.1275685,0.42538145,0.5712199,0.50176334,0.76981926
0_0,0,0,g180_r12,29.353931,-6.801852,-2.9304264,28.10476,-7.405629,-3.4115553,1.46849,1.1646312,0.5033002,0.90488154,0.5868647,0.85770756
0_0,0,0,g195_r04,37.490227,-7.837127,-2.9304261,37.006466,-8.378676,-2.9262285,0.7261664,1.021675,0.49170157,0.46864817,0.42220694,0.6813382
0_0,0,0,g195_r08,33.626522,-8.872404,-2.930427,32.879562,-9.566372,-3.3313866,1.095586,1.1201285,0.43382627,0.40127426,0.47484073,0.7532553
0_0,0,0,g195_r12,29.76282,-9.90768,-2.9304302,29.254572,-9.798935,-3.1608047,0.56851846,1.1668,0.85757995,0.6880926,0.5020826,0.7513304
0_0,0,0,g210_r04,37.889828,-8.801851,-2.9304245,37.3535,-9.368461,-2.9342136,0.78019714,1.0282074,0.6783382,0.5294658,0.4386182,0.69758517
0_0,0,0,g210_r08,34.425724,-10.801851,-2.9304264,33.7648,-11.373505,-3.1860847,0.9104768,1.0996506,0.58621377,0.47242862,0.45971033,0.7287081
0_0,0,0,g210_r12,30.961624,-12.801852,-2.9304266,30.391216,-12.252265,-2.8900032,0.7931238,1.3115469,0.98144895,0.7127128,0.5593606,0.80081165
0_0,0,0,g225_r04,38.5255,-9.63028,-2.9304273,38.013382,-10.118118,-2.8301125,0.71436393,1.0402172,0.81088233,0.62080604,0.44064948,0.6941878
0_0,0,0,g225_r08,35.697075,-12.458706,-2.9304245,34.970123,-12.700885,-2.9879198,0.7683847,1.0873772,0.7568485,0.6021139,0.46628854,0.7239721
0_0,0,0,g225_r12,32.86865,-15.287132,-2.9304273,32.337967,-14.696276,-2.9699898,0.79517275,1.3656839,1.0221317,0.7162727,0.58199245,0.82337964
0_0,0,0,g240_r04,39.353928,-10.265953,-2.9304256,38.99884,-10.744982,-3.00247,0.6006212,1.0512216,0.92696184,0.5352942,0.41009054,0.6547343
0_0,0,0,g240_r08,37.353928,-13.730055,-2.9304264,36.8084,-14.095091,-3.3797474,0.79545075,1.1121945,0.6887077,0.69373375,0.45461535,0.7144526
0_0,0,0,g240_r12,35.353928,-17.194159,-2.930426,34.98918,-16.940363,-3.408307,0.6525507,1.3239342,1.0121453,0.8146127,0.5646189,0.8036606
0_0,0,0,g255_r04,40.318653,-10.665556,-2.9304261,40.17903,-11.037627,-3.238428,0.5027887,1.0736986,0.8804973,0.5391661,0.4060311,0.64431506
0_0,0,0,g255_r08,39.283375,-14.529257,-2.9304266,38.752735,-15.221789,-3.7516499,1.19816,1.0730349,0.62563205,0.7778173,0.47528037,0.74723625
0_0,0,0,g255_r12,38.2481,-18.392962,-2.9304273,37.470276,-18.662598,-3.3457298,0.9220578,1.2172382,0.8997276,0.79442716,0.52654994,0.79132426
0_0,0,0,g270_r04,41.353928,-10.801851,-2.9304273,41.274387,-11.069421,-3.4127169,0.5572462,1.0840017,0.74709475,0.4750175,0.3940474,0.63523
0_0,0,0,g270_r08,41.353928,-14.801852,-2.9304237,40.674004,-15.381771,-3.511569,1.0659889,0.99731755,0.8801425,0.66213155,0.49430314,0.7619647
0_0,0,0,g270_r12,41.353928,-18.801851,-2.9304256,40.5344,-19.515736,-2.8873138,1.0877101,1.053406,0.9610614,0.9322699,0.55428827,0.81634045
0_0,0,0,g285_r04,42.389206,-10.665554,-2.9304245,42.219707,-10.864516,-3.2499409,0.41280314,1.0889896,0.5726674,0.36740282,0.36975747,0.5964987
0_0,0,0,g285_r08,43.42448,-14.529258,-2.930425,42.91762,-14.807426,-2.9685392,0.57942766,1.0194439,0.96744794,0.68389213,0.51051706,0.7428422
0_0,0,0,g285_r12,44.45976,-18.39296,-2.9304273,43.678925,-18.687725,-2.411747,0.9826586,0.9822195,0.8989058,0.97875774,0.596593,0.8560289
0_0,0,0,g300_r04,43.353928,-10.265954,-2.9304242,43.008446,-10.439846,-2.9600935,0.3879129,1.108734,0.48602733,0.4415699,0.35942325,0.5796305
0_0,0,0,g300_r08,45.353928,-13.730053,-2.930427,44.74077,-13.935833,-2.5261679,0.7627156,1.0175465,0.70150733,0.74636424,0.4502289,0.7155665
0_0,0,0,g300_r12,47.353928,-17.194157,-2.9304252,46.762344,-17.20521,-2.4758654,0.74613506,1.023984,0.55031896,1.024785,0.4523476,0.7171613
0_0,0,0,g315_r04,44.182354,-9.630278,-2.9304254,43.594715,-9.85082,-2.7826147,0.64483035,1.0844686,0.37471452,0.57411647,0.38108537,0.6292163
0_0,0,0,g315_r08,47.010784,-12.458705,-2.9304264,46.136345,-12.55629,-2.4473734,1.0037465,1.0092939,0.5044568,1.0438346,0.47784355,0.75199264
0_0,0,0,g315_r12,49.83921,-15.287134,-2.9304297,49.401653,-15.436628,-2.232026,0.8375992,1.0309597,0.7477163,0.999204,0.45471004,0.7266978
0_0,0,0,g330_r04,44.81803,-8.801851,-2.9304276,44.039062,-8.990997,-2.7279863,0.82677144,1.0729593,0.280469,0.65544975,0.41619053,0.6710286
0_0,0,0,g330_r08,48.28213,-10.801852,-2.9304252,47.308243,-10.641672,-2.730732,1.0069726,1.0189283,0.7062797,1.20403,0.52643085,0.78914475
0_0,0,0,g330_r12,51.746235,-12.801849,-2.9304235,51.04652,-12.684622,-2.5689116,0.7962624,1.0744715,1.0841297,1.0244842,0.5751705,0.8298592
0_0,0,0,g345_r04,45.217632,-7.837128,-2.9304237,44.300034,-7.88958,-2.8372574,0.92380655,1.0375583,0.24434656,0.72699404,0.45203054,0.71704084
0_0,0,0,g345_r08,49.081337,-8.872405,-2.9304242,47.9373,-8.612437,-2.9331207,1.173204,1.1355317,0.844181,1.3029306,0.5644911,0.84715295
0_0,0,0,g345_r12,52.945038,-9.90768,-2.930428,51.925358,-9.4909315,-2.5191689,1.1758233,1.1158589,1.3552704,1.0984603,0.7062798,0.9726384
0_1,0,1,0_right,51.353928,-6.801852,-2.9304283,49.842632,-6.275446,-3.143917,1.6145262,0.9646464,2.189677,1.4432894,0.84992164,1.2715399
0_1,0,1,135_fwd_left,34.28286,0.2692157,-2.9304287,33.875835,0.3632412,-3.8927908,1.0491189,0.97156966,1.3327535,0.81993675,0.66621894,1.0587443
0_1,0,1,180_left,31.353933,-6.801854,-2.9304256,30.632364,-6.1541357,-2.5720701,1.0337406,1.1318988,1.3646493,0.912079,0.7467986,1.1601887
0_1,0,1,225_back_left,34.28286,-13.872919,-2.930426,33.798874,-13.115807,-3.1973858,0.93740565,1.5732158,1.3217101,1.0235959,0.72647226,1.1171998
0_1,0,1,270_backward,41.353928,-16.801853,-2.930425,41.24768,-16.515089,-3.3167858,0.49274418,0.98447746,1.2868657,1.197379,0.64259505,0.9820569
0_1,0,1,315_back_right,48.424995,-13.872917,-2.9304233,47.553185,-13.663021,-3.4780102,1.050696,0.80531555,1.4249097,1.0472748,0.6267796,1.0326123
0_1,0,1,45_fwd_right,48.424995,0.2692162,-2.930429,46.428864,0.59132004,-3.1389313,2.0326748,1.1158704,1.9942048,1.741472,1.1365956,1.5450984
0_1,0,1,90_forward,41.353928,3.198148,-2.930426,40.53634,2.642891,-4.4475317,1.8106275,1.1651256,1.569451,0.81112504,0.92920727,1.3363245
0_1,0,1,g000_r04,45.353928,-6.8018517,-2.9304247,44.212776,-6.486718,-3.1836977,1.2106539,0.82505757,1.1210215,0.71151924,0.5942717,0.9990966
0_1,0,1,g000_r08,49.353928,-6.8018527,-2.9304292,47.96329,-6.2386885,-2.9333315,1.500344,0.91746193,1.3714858,1.3108644,0.73102546,1.1487691
0_1,0,1,g000_r12,53.353928,-6.8018503,-2.9304237,51.44184,-6.1650133,-2.6878967,2.0298905,1.0695512,3.0463312,1.4260647,1.0046062,1.422008
0_1,0,1,g015_r04,45.217632,-5.766576,-2.930426,44.069984,-5.5080557,-3.1976452,1.2063724,0.86333996,1.1207244,0.71437275,0.6012087,1.0083356
0_1,0,1,g015_r08,49.081337,-4.7312956,-2.930421,47.373352,-4.1717567,-2.760682,1.8052998,0.9436059,1.5240861,1.4708805,0.8488115,1.28535
0_1,0,1,g015_r12,52.945038,-3.6960225,-2.9304283,50.884933,-3.5651636,-3.067709,2.0688162,1.0966551,3.1438076,1.532545,1.1091697,1.5224895
0_1,0,1,g030_r04,44.818035,-4.8018527,-2.9304273,43.715103,-4.570615,-3.3209105,1.192647,0.9023213,1.1262233,0.7388594,0.6116541,1.019905
0_1,0,1,g030_r08,48.28213,-2.801852,-2.9304276,46.44134,-2.3085613,-3.049757,1.9094718,1.0112636,1.5703425,1.4319819,0.938552,1.371691
0_1,0,1,g030_r12,51.746235,-0.80185294,-2.9304292,49.66919,-0.7551861,-3.5063848,2.155927,1.1392019,2.5411313,1.6839906,1.1650647,1.5890632
0_1,0,1,g045_r04,44.182354,-3.9734235,-2.9304237,43.21666,-3.722231,-3.4479494,1.1240535,0.9079554,1.0945473,0.7616234,0.60042244,1.0065606
0_1,0,1,g045_r08,47.010784,-1.1449966,-2.9304237,45.170555,-0.9727764,-3.4670181,1.9245872,1.0747341,1.6309137,1.3489317,0.9942779,1.4075327
0_1,0,1,g045_r12,49.83921,1.6834283,-2.9304261,47.677162,1.5728798,-3.286539,2.1939669,1.2136804,2.2293427,1.9055054,1.2557626,1.6768129
0_1,0,1,g060_r04,43.353928,-3.33775,-2.930426,42.480034,-3.0752544,-3.5064526,1.079074,0.9714975,1.1917574,0.7566073,0.6000223,0.99614227
0_1,0,1,g060_r08,45.353928,0.12635292,-2.930429,44.077625,0.22700119,-3.9331598,1.6262063,1.113156,1.6348643,1.0073941,0.9515193,1.3631368
0_1,0,1,g060_r12,47.353928,3.5904546,-2.9304292,45.536896,3.2104092,-3.8735323,2.0821822,1.2764167,2.264894,1.7195953,1.2059307,1.6248144
0_1,0,1,g075_r04,42.389206,-2.938149,-2.9304285,41.507336,-2.776309,-3.5153465,1.0705216,1.0048473,1.11115,0.78201586,0.5690063,0.9679587
0_1,0,1,g075_r08,43.42448,0.9255545,-2.930428,42.56743,0.6377716,-4.2264957,1.5802369,1.172356,1.4470762,0.7157144,0.91856676,1.308291
0_1,0,1,g075_r12,44.45976,4.7892585,-2.9304228,43.230255,4.0890446,-4.608907,2.195288,1.3985175,2.0906124,1.1705645,1.1586889,1.5781792
0_1,0,1,g090_r04,41.353928,-2.8018517,-2.9304254,40.36161,-2.7341661,-3.548171,1.1708478,1.0066909,1.1246403,0.76547736,0.5752884,0.9766818
0_1,0,1,g090_r08,41.353928,1.1981469,-2.9304268,40.59449,0.9201679,-4.2488213,1.5466679,1.1486871,1.3024551,0.77134407,0.8328684,1.2422994
0_1,0,1,g090_r12,41.353928,5.198149,-2.930425,40.390762,4.494055,-4.7830863,2.2035859,1.5160745,1.8380738,0.89554673,1.0466788,1.4543432
0_1,0,1,g105_r04,40.318653,-2.9381487,-2.9304254,39.269497,-2.8788824,-3.48874,1.1899396,0.92874956,1.1908005,0.7743632,0.5751462,0.97177196
0_1,0,1,g105_r08,39.283375,0.9255562,-2.9304256,38.56749,0.95755005,-4.093729,1.3663051,1.0658826,1.2242638,0.7456032,0.7576658,1.1536784
0_1,0,1,g105_r12,38.2481,4.789259,-2.9304264,37.815296,4.6502094,-4.9245806,2.045313,1.3748292,1.8128676,0.74611247,0.8614341,1.2502112
0_1,0,1,g120_r04,39.353928,-3.3377488,-2.930425,38.368748,-3.1462116,-3.346983,1.08664,0.8345961,1.1958251,0.72042024,0.5765382,0.969956
0_1,0,1,g120_r08,37.35393,0.12634964,-2.930427,36.453438,0.29434586,-3.8599281,1.3050225,1.0669112,1.2132889,0.739934,0.6744131,1.06981
0_1,0,1,g120_r12,35.353928,3.5904543,-2.9304242,35.168438,3.7900352,-4.4555426,1.549266,1.190176,1.9500035,1.0132874,0.78420377,1.1416706
0_1,0,1,g135_r04,38.5255,-3.973424,-2.9304247,37.49659,-3.7160578,-3.3130407,1.1275157,0.8265949,1.1194772,0.71280545,0.5676087,0.9605548
0_1,0,1,g135_r08,35.697075,-1.1449959,-2.9304273,34.65452,-0.9990978,-3.427865,1.1643261,0.9396566,1.124749,0.7755533,0.6131701,1.0140873
0_1,0,1,g135_r12,32.86865,1.6834304,-2.930425,32.77072,1.7553158,-4.172016,1.24752,0.982965,1.5862179,0.9624668,0.72068757,1.103861
0_1,0,1,g150_r04,37.889828,-4.8018513,-2.930426,36.84635,-4.4422674,-3.3670502,1.186922,0.8092692,1.1895907,0.7415651,0.56349427,0.9565737
0_1,0,1,g150_r08,34.425724,-2.8018517,-2.9304245,33.060593,-2.4423962,-3.317398,1.463742,0.86560136,1.10517,0.7808375,0.64802897,1.0551255
0_1,0,1,g150_r12,30.961624,-0.80185103,-2.9304264,30.088163,-0.69288826,-3.236679,0.9319857,0.9743474,1.3024018,0.8940232,0.63132113,1.0287455
0_1,0,1,g165_r04,37.490227,-5.7665753,-2.930425,36.438698,-5.3601055,-3.3540173,1.2043095,0.7939703,1.2523552,0.8351194,0.5666034,0.9606404
0_1,0,1,g165_r08,33.626522,-4.7312984,-2.9304264,32.422504,-4.226906,-3.1081743,1.3174464,0.8217174,1.1357743,0.84679157,0.6712364,1.0799985
0_1,0,1,g165_r12,29.76282,-3.696023,-2.9304252,28.627186,-3.2535448,-2.577345,1.2689035,0.86476994,1.2815797,0.86257756,0.7565326,1.1740679
0_1,0,1,g180_r04,37.353928,-6.8018527,-2.9304256,36.28588,-6.404356,-3.344202,1.21241,0.80752575,1.222732,0.91648865,0.5754388,0.97378564
0_1,0,1,g180_r08,33.353928,-6.8018527,-2.9304283,32.54964,-6.1355944,-3.0040636,1.0469956,0.9603561,1.3056325,0.902766,0.6905991,1.1011922
0_1,0,1,g180_r12,29.353931,-6.801852,-2.9304264,28.650398,-6.3512287,-2.178316,1.1241398,1.2379951,1.4644157,0.96441436,0.8034488,1.2181242
0_1,0,1,g195_r04,37.490227,-7.837127,-2.9304261,36.61347,-7.3574705,-3.266491,1.0543792,0.8614712,1.2287484,0.9635705,0.57653254,0.97481143
0_1,0,1,g195_r08,33.626522,-8.872404,-2.930427,33.08527,-8.155127,-2.918167,0.8986608,1.0759251,1.4426267,0.94047815,0.6787579,1.0789884
0_1,0,1,g195_r12,29.76282,-9.90768,-2.9304302,29.26614,-9.696992,-2.6945639,0.588823,1.4333692,1.4746177,1.0264329,0.8161516,1.1777234
0_1,0,1,g210_r04,37.889828,-8.801851,-2.9304245,37.126366,-8.303108,-3.1824436,0.9461144,0.94393176,1.2267811,1.0642428,0.5782355,0.9751959
0_1,0,1,g210_r08,34.425724,-10.801851,-2.9304264,33.901436,-10.099583,-2.9262075,0.87640005,1.2258433,1.4239489,0.98422325,0.67566806,1.0681777
0_1,0,1,g210_r12,30.961624,-12.801852,-2.9304266,30.257383,-12.499943,-3.1556578,0.79864484,1.6944492,1.4192294,0.93324447,0.83156496,1.1892776
0_1,0,1,g225_r04,38.5255,-9.63028,-2.9304273,37.85544,-9.228363,-3.1115036,0.802066,1.0029681,1.2020013,1.1159191,0.56293905,0.94933105
0_1,0,1,g225_r08,35.697075,-12.458706,-2.9304245,35.31675,-11.762222,-2.9938278,0.7960884,1.314173,1.3594255,1.1043652,0.6505905,1.0394026
0_1,0,1,g225_r12,32.86865,-15.287132,-2.9304273,32.136482,-14.631199,-3.50136,1.136785,1.8046621,1.3298428,0.9000206,0.81225705,1.1914233
0_1,0,1,g240_r04,39.353928,-10.265953,-2.9304256,38.822453,-9.867502,-3.101039,0.6858117,0.9875611,1.2036108,1.1143345,0.54475254,0.92168206
0_1,0,1,g240_r08,37.353928,-13.730055,-2.9304264,37.163067,-13.147626,-3.1196957,0.6414625,1.368278,1.330887,1.163211,0.6527662,1.0367334
0_1,0,1,g240_r12,35.353928,-17.194159,-2.930426,34.868156,-16.715918,-3.5887537,0.9476727,1.728864,1.3667372,1.0321178,0.76584023,1.1530783
0_1,0,1,g255_r04,40.318653,-10.665556,-2.9304261,39.939022,-10.296936,-3.1243935,0.56358117,0.94342875,1.1933312,1.081511,0.54223126,0.91177917
0_1,0,1,g255_r08,39.283375,-14.529257,-2.9304266,39.35044,-13.93063,-3.3542957,0.7365577,1.2181451,1.2395413,1.22113,0.6615434,1.0415547
0_1,0,1,g255_r12,38.2481,-18.392962,-2.9304273,38.012535,-17.857136,-3.2002182,0.64450544,1.5013342,1.3518386,1.1587205,0.76612586,1.1298146
0_1,0,1,g270_r04,41.353928,-10.801851,-2.9304273,41.017895,-10.526033,-3.2367535,0.53181696,0.9173118,1.0914477,1.0877076,0.52331483,0.8709654
0_1,0,1,g270_r08,41.353928,-14.801852,-2.9304237,41.168747,-14.462443,-3.459526,0.65531635,0.955318,1.1351058,1.1870726,0.60153574,0.9551968
0_1,0,1,g270_r12,41.353928,-18.801851,-2.9304256,41.1702,-18.829447,-3.154787,0.29129928,1.0525154,1.3455852,1.1729668,0.6592839,0.9939492
0_1,0,1,g285_r04,42.389206,-10.665554,-2.9304245,41.95406,-10.411192,-3.2963428,0.62285525,0.8817893,1.0657893,1.046037,0.5193976,0.8694322
0_1,0,1,g285_r08,43.42448,-14.529258,-2.930425,43.076324,-14.350957,-3.3910427,0.6042951,0.8992039,1.1149055,1.007857,0.54732573,0.9026789
0_1,0,1,g285_r12,44.45976,-18.39296,-2.9304273,44.06652,-18.67397,-3.239461,0.5736762,0.9502917,1.214128,0.90757954,0.58328813,0.9514707
0_1,0,1,g300_r04,43.353928,-10.265954,-2.9304242,42.822674,-10.006045,-3.2321062,0.66392404,0.84707826,1.0705521,0.8757198,0.5220758,0.87688756
0_1,0,1,g300_r08,45.353928,-13.730053,-2.930427,44.69839,-13.701143,-3.4122362,0.8140664,0.8414637,1.2516779,0.8367678,0.53598803,0.8965615
0_1,0,1,g300_r12,47.353928,-17.194157,-2.9304252,46.767982,-17.209671,-3.278635,0.6817789,0.85096836,1.4054312,0.966776,0.6554674,1.0343727
0_1,0,1,g315_r04,44.182354,-9.630278,-2.9304254,43.40716,-9.443999,-3.2083263,0.8443054,0.81976724,1.0783988,0.7954389,0.53154165,0.9017617
0_1,0,1,g315_r08,47.010784,-12.458705,-2.9304264,46.25139,-12.538219,-3.4913712,0.94745094,0.7827474,1.3109709,0.89310604,0.5759667,0.9677834
0_1,0,1,g315_r12,49.83921,-15.287134,-2.9304297,48.79831,-14.978594,-3.4631128,1.2093071,0.83124506,1.43327,1.0574522,0.67417306,1.0824606
0_1,0,1,g330_r04,44.81803,-8.801851,-2.9304276,43.906963,-8.54914,-3.231083,0.99211967,0.7916323,1.0871146,0.73610353,0.5434025,0.92539036
0_1,0,1,g330_r08,48.28213,-10.801852,-2.9304252,47.304764,-10.495549,-3.2618065,1.0765139,0.79330605,1.25682,1.0331806,0.60698867,1.0066679
0_1,0,1,g330_r12,51.746235,-12.801849,-2.9304235,50.572502,-12.133202,-2.8720093,1.3520912,0.86069137,1.3638145,1.1337521,0.65776384,1.0668187
0_1,0,1,g345_r04,45.217632,-7.837128,-2.9304237,44.172905,-7.534211,-3.207529,1.1224978,0.79789054,1.0728647,0.71910715,0.5674114,0.9636119
0_1,0,1,g345_r08,49.081337,-8.872405,-2.9304242,47.929474,-8.419363,-3.0761337,1.2463013,0.8494329,1.1876937,1.1541967,0.6495018,1.0524583
0_1,0,1,g345_r12,52.945038,-9.90768,-2.930428,51.409378,-9.157135,-2.5455751,1.7520502,1.0097142,2.1439013,1.2932082,0.7967415,1.2151284
0_2,0,2,0_right,51.353928,-6.801852,-2.9304283,50.638374,-7.6214256,-3.7551785,1.3652582,0.72799903,1.0234461,1.1835543,0.73879504,1.0891556
0_2,0,2,135_fwd_left,34.28286,0.2692157,-2.9304287,33.548077,0.09885979,-2.690487,0.79151726,0.37175825,0.96216625,0.8136355,0.5288549,0.85291195
0_2,0,2,180_left,31.353933,-6.801854,-2.9304256,30.936604,-6.4365625,-2.8839054,0.5565665,0.45100558,1.3363535,0.9481597,0.62161374,0.8818139
0_2,0,2,225_back_left,34.28286,-13.872919,-2.930426,33.128437,-13.381254,-3.4633026,1.3632256,0.7160607,1.1353663,1.1499593,0.56606656,0.9015914
0_2,0,2,270_backward,41.353928,-16.801853,-2.930425,40.445545,-16.822422,-2.9753647,0.9097259,0.31083634,1.1422591,0.8599566,0.51662654,0.8354075
0_2,0,2,315_back_right,48.424995,-13.872917,-2.9304233,48.674007,-14.273589,-2.5924463,0.5803218,0.43347988,0.9336801,0.98022056,0.5233791,0.84329605
0_2,0,2,45_fwd_right,48.424995,0.2692162,-2.930429,46.734657,-0.8480053,-3.632227,2.1442823,0.8176542,1.4364713,1.3305511,0.8052391,1.1981337
0_2,0,2,90_forward,41.353928,3.198148,-2.930426,40.35233,2.3654633,-2.9246712,1.3025346,0.5653271,1.7359986,0.9041152,0.7982412,1.1244102
0_2,0,2,g000_r04,45.353928,-6.8018517,-2.9304247,44.979828,-7.023903,-3.2152777,0.5199986,0.387086,0.9613424,0.92244583,0.49702585,0.8065888
0_2,0,2,g000_r08,49.353928,-6.8018527,-2.9304292,48.982513,-7.3672323,-3.6121836,0.9604122,0.6039715,0.9628892,1.1555238,0.64168006,0.9824806
0_2,0,2,g000_r12,53.353928,-6.8018503,-2.9304237,52.282036,-7.3602896,-2.9182682,1.2086993,0.91469336,1.2806641,1.2181331,0.81670254,1.1880784
0_2,0,2,g015_r04,45.217632,-5.766576,-2.930426,44.684174,-5.964534,-3.3062315,0.68190575,0.43235272,1.0182408,0.9419283,0.52261657,0.8431454
0_2,0,2,g015_r08,49.081337,-4.7312956,-2.930421,48.381042,-5.403023,-3.8758526,1.3547953,0.6502438,1.0906298,1.1148822,0.6589877,1.0195482
0_2,0,2,g015_r12,52.945038,-3.6960225,-2.9304283,51.53268,-4.3693686,-3.2611704,1.5992306,1.0612091,1.3752917,1.2338086,0.8194387,1.204003
0_2,0,2,g030_r04,44.818035,-4.8018527,-2.9304273,44.16471,-5.1456327,-3.2720795,0.8134761,0.43330714,1.0628358,0.9020358,0.56134456,0.895705
0_2,0,2,g030_r08,48.28213,-2.801852,-2.9304276,47.258316,-3.3625183,-3.7337904,1.4170166,0.63239145,1.3063884,1.1502542,0.64623684,1.0094495
0_2,0,2,g030_r12,51.746235,-0.80185294,-2.9304292,50.205673,-1.9330559,-3.8405027,2.1168807,1.1140542,1.4497249,1.204969,0.8229171,1.2149491
0_2,0,2,g045_r04,44.182354,-3.9734235,-2.9304237,43.509453,-4.5249166,-3.1866045,0.906956,0.40403026,1.1424624,0.7456236,0.5869362,0.9262281
0_2,0,2,g045_r08,47.010784,-1.1449966,-2.9304237,45.601654,-1.7029724,-3.0509157,1.5203627,0.5568478,1.3695009,1.302257,0.67537844,1.043456
0_2,0,2,g045_r12,49.83921,1.6834283,-2.9304261,47.826366,0.15076828,-3.7939463,2.673248,0.99432695,1.6816231,1.2898486,0.9078706,1.306857
0_2,0,2,g060_r04,43.353928,-3.33775,-2.930426,42.701786,-4.0633297,-3.086502,0.987985,0.4372691,1.1334502,0.6866305,0.57707983,0.91963375
0_2,0,2,g060_r08,45.353928,0.12635292,-2.930429,44.104652,-0.42492294,-2.8659658,1.3670219,0.57673097,1.4342986,1.0366235,0.6816328,1.0365442
0_2,0,2,g060_r12,47.353928,3.5904546,-2.9304292,45.349937,1.9587135,-3.0545464,2.587269,0.9033536,2.1050434,1.3916726,0.92771274,1.3171581
0_2,0,2,g075_r04,42.389206,-2.938149,-2.9304285,41.589787,-3.5537434,-2.980483,1.0102144,0.44402575,1.0754042,0.68490803,0.6266087,0.98011315
0_2,0,2,g075_r08,43.42448,0.9255545,-2.930428,42.440876,0.32487106,-2.6747599,1.1805357,0.59066874,1.4918374,0.8418532,0.7079219,1.0431092
0_2,0,2,g075_r12,44.45976,4.7892585,-2.9304228,42.8262,3.420021,-3.2724428,2.1587746,0.851588,2.3876011,1.1508117,0.9130522,1.2631115
0_2,0,2,g090_r04,41.353928,-2.8018517,-2.9304254,40.369705,-3.254033,-2.9720907,1.083927,0.46184355,1.0358068,0.70467585,0.62073094,0.980558
0_2,0,2,g090_r08,41.353928,1.1981469,-2.9304268,40.52626,0.56391144,-2.5047445,1.126274,0.5148153,1.4285153,0.8086655,0.6758481,1.0208478
0_2,0,2,g090_r12,41.353928,5.198149,-2.930425,40.12567,4.022888,-3.1684904,1.7165451,0.64420795,2.038103,1.0839151,0.91060865,1.2446256
0_2,0,2,g105_r04,40.318653,-2.9381487,-2.9304254,39.300915,-3.3401098,-3.0250778,1.0983274,0.37420106,1.0418907,0.7834475,0.57105184,0.924983
0_2,0,2,g105_r08,39.283375,0.9255562,-2.9304256,38.475086,0.5450611,-2.6181889,0.94636077,0.5297543,1.0779929,0.7414201,0.5964781,0.9405244
0_2,0,2,g105_r12,38.2481,4.789259,-2.9304264,37.45198,3.4398632,-2.9211779,1.5667677,0.690935,1.5070312,0.937981,0.7467051,1.0897971
0_2,0,2,g120_r04,39.353928,-3.3377488,-2.930425,38.31636,-3.5757132,-3.0473423,1.0709072,0.37305808,1.0937561,0.76950854,0.55537367,0.90674233
0_2,0,2,g120_r08,37.35393,0.12634964,-2.930427,36.43841,-0.1250534,-2.9185276,0.9494848,0.42014763,0.86578566,0.7406794,0.58873844,0.9375035
0_2,0,2,g120_r12,35.353928,3.5904543,-2.9304242,35.00572,2.5385094,-2.2690754,1.2904341,0.5872966,1.5498714,0.9238703,0.59596205,0.91413236
0_2,0,2,g135_r04,38.5255,-3.973424,-2.9304247,37.61283,-3.9818134,-3.002658,0.91556257,0.32640082,1.1039099,0.7493983,0.52592504,0.8696179
0_2,0,2,g135_r08,35.697075,-1.1449959,-2.9304273,34.812523,-1.3419018,-3.2502441,0.9609823,0.36345002,0.9377771,0.7492566,0.5492306,0.8836828
0_2,0,2,g135_r12,32.86865,1.6834304,-2.930425,32.46354,1.2980118,-1.604331,1.4391615,0.3994414,1.6292168,0.98358536,0.5702508,0.92232066
0_2,0,2,g150_r04,37.889828,-4.8018513,-2.930426,37.045193,-4.6892996,-3.1080713,0.87042177,0.29961002,0.97129095,0.7279282,0.5385258,0.86552674
0_2,0,2,g150_r08,34.425724,-2.8018517,-2.9304245,33.76973,-2.9340076,-3.0665274,0.6828747,0.41813153,0.9019713,0.7560696,0.5309056,0.8444236
0_2,0,2,g150_r12,30.961624,-0.80185103,-2.9304264,30.282812,-1.0040913,-2.2667723,0.9706305,0.5478397,0.94615215,0.9890282,0.5571672,0.89605415
0_2,0,2,g165_r04,37.490227,-5.7665753,-2.930425,36.550056,-5.6101055,-3.311305,1.0263882,0.32145834,0.8712887,0.7311619,0.5346205,0.8673946
0_2,0,2,g165_r08,33.626522,-4.7312984,-2.9304264,33.027836,-4.7222786,-3.2158632,0.66331047,0.36814764,1.0694255,0.77869225,0.5703307,0.8514096
0_2,0,2,g165_r12,29.76282,-3.696023,-2.9304252,29.360989,-3.6144123,-2.507803,0.58884436,0.42727748,1.1444631,0.76950246,0.5613679,0.81559145
0_2,0,2,g180_r04,37.353928,-6.8018527,-2.9304256,36.41772,-6.6644945,-3.3839703,1.0493108,0.3630824,0.87267894,0.7430205,0.5152715,0.84279394
0_2,0,2,g180_r08,33.353928,-6.8018527,-2.9304283,32.649002,-6.5058784,-3.050787,0.7739554,0.4479486,1.0900112,0.8441138,0.56118464,0.85993683
0_2,0,2,g180_r12,29.353931,-6.801852,-2.9304264,29.142185,-6.3935165,-2.5363073,0.6057263,0.528161,1.4142598,0.9488887,0.6511681,0.9146757
0_2,0,2,g195_r04,37.490227,-7.837127,-2.9304261,36.470367,-7.609971,-3.497737,1.18893,0.3458478,0.95596516,0.77435446,0.52255535,0.857744
0_2,0,2,g195_r08,33.626522,-8.872404,-2.930427,32.801617,-8.391281,-3.1620655,0.98265177,0.37651965,1.1574819,0.881178,0.531373,0.8463065
0_2,0,2,g195_r12,29.76282,-9.90768,-2.9304302,29.637619,-9.398593,-3.336235,0.66296446,0.7577013,1.3875579,0.9783522,0.555766,0.86910355
0_2,0,2,g210_r04,37.889828,-8.801851,-2.9304245,36.745968,-8.497224,-3.5480165,1.3351529,0.33414483,1.0058178,0.84616137,0.5470748,0.8880396
0_2,0,2,g210_r08,34.425724,-10.801851,-2.9304264,33.48613,-10.279717,-3.2293644,1.1157173,0.3771369,1.0310106,0.9110695,0.5349842,0.859896
0_2,0,2,g210_r12,30.961624,-12.801852,-2.9304266,30.661036,-12.040246,-3.3167858,0.9053568,0.9605727,1.4299892,1.0479385,0.5384726,0.8584652
0_2,0,2,g225_r04,38.5255,-9.63028,-2.9304273,37.24073,-9.325007,-3.54187,1.4552284,0.31140533,1.0734386,0.9247425,0.58840686,0.9410443
0_2,0,2,g225_r08,35.697075,-12.458706,-2.9304245,34.40974,-11.935676,-3.250905,1.4260079,0.4290694,0.9476973,1.0053607,0.5638608,0.90524507
0_2,0,2,g225_r12,32.86865,-15.287132,-2.9304273,32.03226,-14.604792,-3.4563856,1.2007352,0.9374899,1.5268636,1.2735002,0.5644316,0.8987024
0_2,0,2,g240_r04,39.353928,-10.265953,-2.9304256,38.202717,-10.136925,-3.5403414,1.3091722,0.33230308,1.1375455,0.91901875,0.6094065,0.9581163
0_2,0,2,g240_r08,37.353928,-13.730055,-2.9304264,36.141632,-13.361705,-3.3247347,1.3269594,0.5035426,0.97614235,1.16244,0.6096135,0.95589066
0_2,0,2,g240_r12,35.353928,-17.194159,-2.930426,34.30026,-17.07618,-3.6805258,1.2987638,0.8617939,1.4453436,1.3051385,0.6531658,0.9811963
0_2,0,2,g255_r04,40.318653,-10.665556,-2.9304261,39.432976,-10.780041,-3.5113544,1.0653679,0.38655046,1.0347422,0.9066239,0.5597992,0.89690346
0_2,0,2,g255_r08,39.283375,-14.529257,-2.9304266,38.219227,-14.461877,-3.4810247,1.2000455,0.5299548,1.0442704,0.97951615,0.590284,0.933179
0_2,0,2,g255_r12,38.2481,-18.392962,-2.9304273,37.362476,-18.181395,-3.6951685,1.1890835,0.6040965,1.2058214,0.93242794,0.62384504,0.93863267
0_2,0,2,g270_r04,41.353928,-10.801851,-2.9304273,40.67263,-11.0175,-3.4642076,0.89195955,0.34856844,0.97691286,0.84160763,0.5104854,0.8294002
0_2,0,2,g270_r08,41.353928,-14.801852,-2.9304237,40.540123,-14.887699,-3.2772102,0.888768,0.28919747,1.1739959,0.8828785,0.51610476,0.82828385
0_2,0,2,g270_r12,41.353928,-18.801851,-2.9304256,40.40332,-18.851732,-2.7502651,0.9688138,0.40027177,1.1754762,0.892786,0.5399038,0.8622233
0_2,0,2,g285_r04,42.389206,-10.665554,-2.9304245,41.988823,-10.973116,-3.3583755,0.6618482,0.3012932,1.102921,0.8451726,0.4959404,0.80034494
0_2,0,2,g285_r08,43.42448,-14.529258,-2.930425,42.767403,-14.546238,-2.7754622,0.675317,0.29450208,1.2865103,0.8580551,0.521311,0.8280294
0_2,0,2,g285_r12,44.45976,-18.39296,-2.9304273,43.717697,-18.414944,-2.3542976,0.9397149,0.3514172,1.3439157,0.8547777,0.62808555,0.94751954
0_2,0,2,g300_r04,43.353928,-10.265954,-2.9304242,43.130833,-10.434414,-3.1792574,0.37425664,0.35230687,1.052475,0.85578096,0.4641815,0.75719446
0_2,0,2,g300_r08,45.353928,-13.730053,-2.930427,44.7342,-13.805978,-2.6599636,0.68042487,0.28731087,1.107844,0.85016185,0.50930417,0.8192034
0_2,0,2,g300_r12,47.353928,-17.194157,-2.9304252,47.327644,-17.452368,-2.2714252,0.7082688,0.43620622,0.98321056,0.9614502,0.6140378,0.9126854
0_2,0,2,g315_r04,44.182354,-9.630278,-2.9304254,44.011475,-9.79849,-3.017436,0.2550801,0.24160255,0.96188116,0.8755832,0.45868614,0.7400491
0_2,0,2,g315_r08,47.010784,-12.458705,-2.9304264,46.827282,-12.6364155,-2.6126432,0.40772563,0.3680018,0.95726204,0.9106978,0.50336087,0.81151915
0_2,0,2,g315_r12,49.83921,-15.287134,-2.9304297,49.605064,-15.687099,-2.9909678,0.46739864,0.4325524,0.97794706,0.93020934,0.51854414,0.8322547
0_2,0,2,g330_r04,44.81803,-8.801851,-2.9304276,44.655006,-8.96787,-2.9607677,0.23464821,0.2948865,0.926049,0.869384,0.46929225,0.7527308
0_2,0,2,g330_r08,48.28213,-10.801852,-2.9304252,48.254417,-11.131843,-2.7926216,0.35868025,0.40165684,0.98191357,1.029374,0.5244244,0.8313988
0_2,0,2,g330_r12,51.746235,-12.801849,-2.9304235,51.24797,-13.61301,-3.3660412,1.0469061,0.5220423,0.9132809,0.91061795,0.62034124,0.9407428
0_2,0,2,g345_r04,45.217632,-7.837128,-2.9304237,44.97486,-8.038782,-3.095313,0.35607675,0.3407838,0.92885,0.882636,0.48000503,0.7767169
0_2,0,2,g345_r08,49.081337,-8.872405,-2.9304242,48.949043,-9.378272,-3.2116804,0.59372395,0.45818335,0.9785058,1.1288073,0.6043497,0.92059493
0_2,0,2,g345_r12,52.945038,-9.90768,-2.930428,52.161507,-10.5403805,-3.0977554,1.0208967,0.73398083,1.1019222,1.0521216,0.76629543,1.0937037
0_9,0,9,0_right,51.353928,-6.801852,-2.9304283,49.11761,-7.4692497,-3.171815,2.346231,0.9830697,1.0612938,1.9116997,0.8612285,1.0797191
0_9,0,9,135_fwd_left,34.28286,0.2692157,-2.9304287,33.361855,0.34870338,-2.4150581,1.0583836,0.9540871,1.0053921,0.9150857,0.39633545,0.625215
0_9,0,9,180_left,31.353933,-6.801854,-2.9304256,31.332415,-7.365055,-3.5608325,0.84561884,1.0337042,1.1936611,0.87689424,0.48920098,0.72795945
0_9,0,9,225_back_left,34.28286,-13.872919,-2.930426,34.603783,-13.520602,-2.9529219,0.4771003,1.0250716,1.4064428,1.1958977,0.73481095,0.87918025
0_9,0,9,270_backward,41.353928,-16.801853,-2.930425,41.319153,-17.78058,-2.9037085,0.97970927,0.8776689,1.2249019,0.9684062,0.44710964,0.6767974
0_9,0,9,315_back_right,48.424995,-13.872917,-2.9304233,47.46956,-14.64975,-3.3961926,1.3165368,0.87547016,0.65873873,1.5120227,0.53350765,0.7532517
0_9,0,9,45_fwd_right,48.424995,0.2692162,-2.930429,46.019955,-0.3525238,-2.5195017,2.5178647,1.2527473,1.7349179,2.3932822,1.0136882,1.2253977
0_9,0,9,90_forward,41.353928,3.198148,-2.930426,39.425755,2.7103386,-2.5889778,2.018018,1.1209669,2.599043,1.546969,0.85747266,1.0987525
0_9,0,9,g000_r04,45.353928,-6.8018517,-2.9304247,44.627,-7.0888224,-2.981368,0.7831812,0.8869288,0.51547897,1.246814,0.37850296,0.6028144
0_9,0,9,g000_r08,49.353928,-6.8018527,-2.9304292,47.609432,-7.498925,-3.4623194,1.9524552,0.9311753,0.806681,1.7766709,0.7423927,0.9590848
0_9,0,9,g000_r12,53.353928,-6.8018503,-2.9304237,51.43537,-7.4145107,-2.9911833,2.01492,1.0318537,1.2417608,1.8072432,0.92738086,1.145494
0_9,0,9,g015_r04,45.217632,-5.766576,-2.930426,44.48892,-6.1061068,-2.9460402,0.8040828,0.8973249,0.6114058,1.297268,0.4467519,0.66765416
0_9,0,9,g015_r08,49.081337,-4.7312956,-2.930421,47.161804,-5.446747,-3.1211538,2.0573905,1.0315791,1.0864356,1.9289308,0.8081654,1.025065
0_9,0,9,g015_r12,52.945038,-3.6960225,-2.9304283,50.64177,-4.543438,-3.130105,2.462322,1.0795107,1.4902999,2.0166538,1.0137743,1.222506
0_9,0,9,g030_r04,44.818035,-4.8018527,-2.9304273,44.13643,-5.245512,-2.8077564,0.8224773,0.90018165,0.75723517,1.2691035,0.50539863,0.7166516
0_9,0,9,g030_r08,48.28213,-2.801852,-2.9304276,46.298775,-3.4453096,-2.8743591,2.0858774,1.0602419,1.2263138,2.0372565,0.84693575,1.0691469
0_9,0,9,g030_r12,51.746235,-0.80185294,-2.9304292,49.0793,-2.0004902,-2.9238663,2.9239213,1.1697186,1.7243936,2.344454,1.1173074,1.3292012
0_9,0,9,g045_r04,44.182354,-3.9734235,-2.9304237,43.52653,-4.509082,-2.694705,0.8789748,0.9103485,0.80820346,1.11831,0.51429033,0.7310169
0_9,0,9,g045_r08,47.010784,-1.1449966,-2.9304237,45.124535,-1.7411118,-2.7412004,1.9872333,1.08989,1.452471,2.194456,0.8961352,1.1052384
0_9,0,9,g045_r12,49.83921,1.6834283,-2.9304261,47.161293,0.3251648,-2.7426357,3.0085523,1.3525678,1.9210243,2.520474,1.1629058,1.3817687
0_9,0,9,g060_r04,43.353928,-3.33775,-2.930426,42.723713,-3.9159536,-2.6503592,0.8999597,0.9240788,0.8507008,0.9237256,0.5076233,0.7250425
0_9,0,9,g060_r08,45.353928,0.12635292,-2.930429,43.731213,-0.6216068,-2.7029638,1.8012185,1.0661752,2.0323486,1.8370397,0.85521305,1.0749779
0_9,0,9,g060_r12,47.353928,3.5904546,-2.9304292,45.052826,2.359745,-2.392437,2.6644232,1.366729,2.227715,2.418783,1.0924897,1.3188918
0_9,0,9,g075_r04,42.389206,-2.938149,-2.9304285,41.85411,-3.4831352,-2.6422052,0.81633914,0.93753976,0.90442044,0.9161027,0.5416879,0.74447185
0_9,0,9,g075_r08,43.42448,0.9255545,-2.930428,41.806053,0.25992966,-2.6487646,1.7724833,0.9619071,2.0025058,1.3527178,0.7827293,1.0144073
0_9,0,9,g075_r12,44.45976,4.7892585,-2.9304228,42.37626,3.452467,-2.688404,2.487279,1.3232995,2.4231136,1.9473968,0.9481781,1.1981062
0_9,0,9,g090_r04,41.353928,-2.8018517,-2.9304254,40.890495,-3.2340136,-2.5931587,0.71783155,0.9205021,0.89754784,0.9853119,0.5245575,0.7262601
0_9,0,9,g090_r08,41.353928,1.1981469,-2.9304268,39.617493,0.82826805,-2.5807962,1.8094912,0.94820684,2.320504,1.346915,0.78580374,1.0128492
0_9,0,9,g090_r12,41.353928,5.198149,-2.930425,39.428665,4.2722054,-2.7290688,2.145822,1.3921697,2.6091938,1.7099469,0.9227113,1.1637325
0_9,0,9,g105_r04,40.318653,-2.9381487,-2.9304254,39.959053,-3.1863785,-2.5813112,0.559295,0.93613976,0.6536931,0.92847764,0.40256253,0.61845577
0_9,0,9,g105_r08,39.283375,0.9255562,-2.9304256,37.700737,0.59134674,-2.7926493,1.623398,0.9163494,1.8834915,1.1051687,0.66391176,0.89919215
0_9,0,9,g105_r12,38.2481,4.789259,-2.9304264,36.07445,4.267668,-2.7739944,2.2408206,1.2498732,2.5223727,1.352262,0.8562182,1.0862085
0_9,0,9,g120_r04,39.353928,-3.3377488,-2.930425,39.170204,-3.4657059,-2.474884,0.50758725,0.9515305,0.5316173,0.8530898,0.3374073,0.5470969
0_9,0,9,g120_r08,37.35393,0.12634964,-2.930427,36.26651,0.049268723,-2.5332136,1.1602609,0.9318731,1.1861614,0.95440704,0.5029845,0.7367156
0_9,0,9,g120_r12,35.353928,3.5904543,-2.9304242,33.73669,3.1255398,-2.5400677,1.72742,1.135701,2.2617836,1.0122039,0.61959004,0.8554798
0_9,0,9,g135_r04,38.5255,-3.973424,-2.9304247,38.520927,-3.9817572,-2.5395985,0.39094183,0.9609439,0.4316737,0.78773355,0.30722463,0.50311184
0_9,0,9,g135_r08,35.697075,-1.1449959,-2.9304273,35.30758,-0.97343254,-2.517251,0.5931742,0.9325594,0.7293845,0.83892655,0.36512318,0.58392185
0_9,0,9,g135_r12,32.86865,1.6834304,-2.930425,31.496912,1.5469856,-2.2942438,1.5182241,1.1129256,1.5015013,0.9890612,0.44887537,0.6893985
0_9,0,9,g150_r04,37.889828,-4.8018513,-2.930426,38.064487,-4.738222,-2.8216877,0.21535711,0.90775716,0.48272264,0.8126895,0.30872694,0.4955394
0_9,0,9,g150_r08,34.425724,-2.8018517,-2.9304245,34.472866,-2.6775599,-2.9920578,0.14652479,0.8847852,0.6382002,0.80025834,0.34868655,0.5432494
0_9,0,9,g150_r12,30.961624,-0.80185103,-2.9304264,30.52842,-0.65345764,-2.8690329,0.462013,0.98151696,0.70558095,1.0119975,0.40475538,0.59706414
0_9,0,9,g165_r04,37.490227,-5.7665753,-2.930425,37.673508,-5.718302,-3.0801716,0.24154979,0.9095007,0.6886835,0.844911,0.32987824,0.5326958
0_9,0,9,g165_r08,33.626522,-4.7312984,-2.9304264,33.87106,-4.792535,-3.5585618,0.67683274,0.8698635,0.7514799,0.839375,0.39383152,0.6062978
0_9,0,9,g165_r12,29.76282,-3.696023,-2.9304252,29.422916,-3.887269,-3.7404118,0.89899236,0.9226484,0.7483956,0.8882595,0.45690635,0.68232226
0_9,0,9,g180_r04,37.353928,-6.8018527,-2.9304256,37.541306,-6.8197308,-3.1122475,0.2617046,0.9764955,0.79380995,0.8846522,0.37265712,0.57794505
0_9,0,9,g180_r08,33.353928,-6.8018527,-2.9304283,33.610794,-7.196001,-3.4328694,0.6883171,1.0405504,1.094678,0.87342966,0.45544353,0.68695855
0_9,0,9,g180_r12,29.353931,-6.801852,-2.9304264,29.042316,-7.469388,-3.453426,0.90345806,1.030232,1.3172538,0.8968316,0.5137007,0.74795365
0_9,0,9,g195_r04,37.490227,-7.837127,-2.9304261,37.662792,-7.960558,-3.0152845,0.22850588,1.0341763,0.7926757,0.91890717,0.43715957,0.6280922
0_9,0,9,g195_r08,33.626522,-8.872404,-2.930427,33.81546,-9.373986,-3.399736,0.71241355,1.0666996,1.4926431,0.93041205,0.6106683,0.8207396
0_9,0,9,g195_r12,29.76282,-9.90768,-2.9304302,30.19986,-10.02077,-3.264429,0.56155944,1.0617812,1.7070423,0.96325,0.5981732,0.81799793
0_9,0,9,g210_r04,37.889828,-8.801851,-2.9304245,38.057873,-9.022768,-2.9143133,0.27803403,1.0303396,0.84702766,0.9261991,0.4564657,0.63913226
0_9,0,9,g210_r08,34.425724,-10.801851,-2.9304264,34.65329,-11.163141,-3.218536,0.51509583,1.0561725,1.5763625,1.0432215,0.6928978,0.8589008
0_9,0,9,g210_r12,30.961624,-12.801852,-2.9304266,31.394539,-12.693935,-3.3262606,0.59644425,1.0378883,1.573543,1.1629853,0.7488022,0.92332935
0_9,0,9,g225_r04,38.5255,-9.63028,-2.9304273,38.695637,-9.866886,-2.778451,0.32867244,0.9850626,0.82723975,0.91645783,0.41631716,0.6049484
0_9,0,9,g225_r08,35.697075,-12.458706,-2.9304245,35.884468,-12.502079,-2.866393,0.20272505,1.0655432,1.5772682,1.1731777,0.69866025,0.8156795
0_9,0,9,g225_r12,32.86865,-15.287132,-2.9304273,33.074745,-14.772392,-3.0427465,0.5657285,1.0435334,1.2547008,1.1654457,0.77694786,0.9300444
0_9,0,9,g240_r04,39.353928,-10.265953,-2.9304256,39.560566,-10.482427,-2.7520237,0.34840703,0.96070296,0.74187124,0.9725162,0.38823894,0.58143604
0_9,0,9,g240_r08,37.353928,-13.730055,-2.9304264,37.436966,-13.834585,-2.6334085,0.3256402,0.99148196,1.4575601,1.2556294,0.5707212,0.7002769
0_9,0,9,g240_r12,35.353928,-17.194159,-2.930426,35.502502,-16.87267,-2.789544,0.38115293,1.0430235,1.2335047,1.3337544,0.6537788,0.80472106
0_9,0,9,g255_r04,40.318653,-10.665556,-2.9304261,40.500835,-10.868563,-2.8834429,0.27678433,0.8762928,0.8094579,0.99976367,0.3928921,0.5790032
0_9,0,9,g255_r08,39.283375,-14.529257,-2.9304266,39.356705,-14.777636,-2.7610188,0.30946454,0.87486255,1.603488,1.1133747,0.52608776,0.68049246
0_9,0,9,g255_r12,38.2481,-18.392962,-2.9304273,38.33998,-19.022066,-2.930234,0.63577884,0.8957598,1.2937404,1.2538481,0.53410625,0.7152902
0_9,0,9,g270_r04,41.353928,-10.801851,-2.9304273,41.451756,-10.932101,-2.9216537,0.16313286,0.8443018,0.65804875,0.9772912,0.3607716,0.54044986
0_9,0,9,g270_r08,41.353928,-14.801852,-2.9304237,41.268185,-15.472991,-3.0012274,0.6802884,0.85115254,1.0450301,0.91966337,0.38902256,0.5955417
0_9,0,9,g270_r12,41.353928,-18.801851,-2.9304256,41.319473,-19.644457,-2.8806057,0.84478,0.8872241,1.2354093,0.9479302,0.4689045,0.6915011
0_9,0,9,g285_r04,42.389206,-10.665554,-2.9304245,42.348537,-10.732773,-2.9713144,0.08856794,0.8462103,0.48305494,0.79287857,0.29976287,0.46995747
0_9,0,9,g285_r08,43.42448,-14.529258,-2.930425,43.301918,-15.266722,-3.0535975,0.7576583,0.8726586,0.5450927,0.843433,0.37245354,0.5872751
0_9,0,9,g285_r12,44.45976,-18.39296,-2.9304273,44.282104,-19.146992,-2.4958372,0.8882534,0.9536438,0.96368724,1.0000045,0.44469014,0.66486144
0_9,0,9,g300_r04,43.353928,-10.265954,-2.9304242,43.081047,-10.253112,-2.951684,0.27400857,0.85943335,0.41912648,0.8217106,0.29502752,0.48259026
0_9,0,9,g300_r08,45.353928,-13.730053,-2.930427,44.97877,-14.429046,-3.0494518,0.8021845,0.87402624,0.53331643,1.0717849,0.3783462,0.59478736
0_9,0,9,g300_r12,47.353928,-17.194157,-2.9304252,46.836067,-18.154123,-3.0748234,1.1002574,0.9533405,0.67101616,1.3668737,0.4636652,0.68675613
0_9,0,9,g315_r04,44.182354,-9.630278,-2.9304254,43.752075,-9.66617,-2.9766636,0.43424195,0.86186725,0.47563916,0.9500933,0.31758502,0.52373934
0_9,0,9,g315_r08,47.010784,-12.458705,-2.9304264,46.26009,-13.197218,-3.420138,1.1613616,0.8493047,0.6823097,1.4285861,0.46069506,0.6941679
0_9,0,9,g315_r12,49.83921,-15.287134,-2.9304297,48.646217,-15.803135,-2.964201,1.3002423,0.89486957,0.72985923,1.4325956,0.56943756,0.8004476
0_9,0,9,g330_r04,44.81803,-8.801851,-2.9304276,44.309174,-8.971582,-3.0126476,0.5426831,0.8522616,0.49987322,1.0670341,0.34501505,0.5638804
0_9,0,9,g330_r08,48.28213,-10.801852,-2.9304252,47.249184,-11.433721,-3.5710068,1.3698844,0.8490446,0.5853227,1.5653396,0.55235505,0.7787538
0_9,0,9,g330_r12,51.746235,-12.801849,-2.9304235,50.478302,-13.158691,-2.918437,1.3172448,0.8576462,0.6182839,1.4439993,0.6640373,0.89974254
0_9,0,9,g345_r04,45.217632,-7.837128,-2.9304237,44.58029,-8.051422,-2.9790344,0.67415714,0.8611319,0.50302213,1.1713421,0.35616386,0.57633483
0_9,0,9,g345_r08,49.081337,-8.872405,-2.9304242,47.70451,-9.515721,-3.5174599,1.629147,0.85977244,0.59332365,1.621913,0.61558735,0.84279186
0_9,0,9,g345_r12,52.945038,-9.90768,-2.930428,51.361023,-10.285498,-2.9034872,1.628673,0.9337661,0.9713782,1.5898168,0.7844325,1.0136864
1_0,1,0,0_right,51.353928,-6.801852,-2.9304283,13.11054,-12.808202,-45.41108,57.47381,55.805683,18.310032,33.554523,28.951044,50.001507
1_0,1,0,135_fwd_left,34.28286,0.2692157,-2.9304287,12.528774,-9.914691,-39.67218,43.89657,51.953392,16.907701,41.247105,27.188402,47.0027
1_0,1,0,180_left,31.353933,-6.801854,-2.9304256,24.385775,-12.966276,-34.272675,32.693913,51.738445,13.06186,44.390778,26.201302,44.892952
1_0,1,0,225_back_left,34.28286,-13.872919,-2.930426,27.315712,-9.872255,-34.05526,32.14501,52.66181,13.554945,41.000122,26.348698,45.247818
1_0,1,0,270_backward,41.353928,-16.801853,-2.930425,23.791515,-13.444764,-39.928074,41.09178,53.79785,13.724263,37.152046,26.972355,46.635975
1_0,1,0,315_back_right,48.424995,-13.872917,-2.9304233,16.324356,-12.483822,-45.85385,53.617172,55.8298,14.957812,34.10493,28.50784,49.32154
1_0,1,0,45_fwd_right,48.424995,0.2692162,-2.930429,10.837976,-12.58115,-44.13162,57.231583,54.654163,22.093546,33.71982,28.959469,50.02592
1_0,1,0,90_forward,41.353928,3.198148,-2.930426,8.989433,-11.27405,-40.368378,51.56069,51.999184,22.22183,36.299595,28.019455,48.49373
1_0,1,0,g000_r04,45.353928,-6.8018517,-2.9304247,14.722995,-11.034832,-44.515507,51.821724,54.9814,16.037912,35.156826,28.326054,49.03148
1_0,1,0,g000_r08,49.353928,-6.8018527,-2.9304292,13.754796,-12.276057,-44.90521,55.30956,55.43578,17.525023,33.80484,28.760927,49.716927
1_0,1,0,g000_r12,53.353928,-6.8018503,-2.9304237,12.641266,-12.928378,-45.532227,59.244987,56.063896,19.36476,33.469036,29.097063,50.200237
1_0,1,0,g015_r04,45.217632,-5.766576,-2.930426,14.288611,-10.978227,-44.343502,51.950058,54.781353,16.374321,35.164505,28.32073,49.0222
1_0,1,0,g015_r08,49.081337,-4.7312956,-2.930421,13.093228,-12.08959,-44.63565,55.575306,55.277657,18.678133,33.744938,28.818926,49.80847
1_0,1,0,g015_r12,52.945038,-3.6960225,-2.9304283,11.778909,-12.9129925,-45.158287,59.68915,55.901745,20.921885,33.346855,29.165606,50.3152
1_0,1,0,g030_r04,44.818035,-4.8018527,-2.9304273,13.9204035,-10.862883,-44.05477,51.79393,54.53102,16.631958,35.236866,28.27713,48.950756
1_0,1,0,g030_r08,48.28213,-2.801852,-2.9304276,12.450695,-11.797016,-44.188538,55.380833,54.9761,19.647602,33.811005,28.794333,49.77335
1_0,1,0,g030_r12,51.746235,-0.80185294,-2.9304292,10.973927,-12.659088,-44.53375,59.44587,55.53547,22.356153,33.342644,29.206799,50.39241
1_0,1,0,g045_r04,44.182354,-3.9734235,-2.9304237,13.585337,-10.720619,-43.703175,51.421,54.247517,16.750826,35.39304,28.205172,48.83284
1_0,1,0,g045_r08,47.010784,-1.1449966,-2.9304237,11.697577,-11.422079,-43.496555,54.756294,54.51546,20.28061,34.256584,28.704021,49.631363
1_0,1,0,g045_r12,49.83921,1.6834283,-2.9304261,10.239632,-12.033651,-43.76869,58.51537,54.84405,23.832546,33.44574,29.14879,50.310375
1_0,1,0,g060_r04,43.353928,-3.33775,-2.930426,13.308512,-10.515831,-43.371727,50.88959,53.99043,16.775972,35.630962,28.086487,48.634537
1_0,1,0,g060_r08,45.353928,0.12635292,-2.930429,11.094051,-11.170714,-42.933136,53.866314,53.860493,20.191008,34.81947,28.497477,49.300278
1_0,1,0,g060_r12,47.353928,3.5904546,-2.9304292,9.618469,-11.747576,-42.60529,56.862244,53.869026,24.59415,33.91107,28.944412,49.98901
1_0,1,0,g075_r04,42.389206,-2.938149,-2.9304285,13.224793,-10.263615,-43.075348,50.15815,53.830402,16.699741,35.992905,27.980154,48.4552
1_0,1,0,g075_r08,43.42448,0.9255545,-2.930428,10.584295,-10.929405,-41.820065,52.26301,53.08814,19.974903,35.455795,28.201303,48.816704
1_0,1,0,g075_r12,44.45976,4.7892585,-2.9304228,8.6971245,-11.733715,-41.261196,54.965652,52.72275,24.454504,34.917088,28.54099,49.327698
1_0,1,0,g090_r04,41.353928,-2.8018517,-2.9304254,13.2622385,-9.929405,-42.924633,49.391113,53.647793,16.528973,36.461914,27.848537,48.22972
1_0,1,0,g090_r08,41.353928,1.1981469,-2.9304268,10.301048,-10.922949,-40.990612,50.594265,52.574112,19.89295,36.391495,27.92658,48.35383
1_0,1,0,g090_r12,41.353928,5.198149,-2.930425,7.6894283,-11.754049,-39.879875,52.78198,51.563667,24.646648,36.2451,28.149122,48.681072
1_0,1,0,g105_r04,40.318653,-2.9381487,-2.9304254,13.573505,-9.70396,-42.786457,48.472492,53.531414,16.118792,37.045654,27.737984,48.03867
1_0,1,0,g105_r08,39.283375,0.9255562,-2.9304256,11.072676,-10.371568,-40.849583,48.593533,52.41897,18.830086,37.56766,27.64252,47.857796
1_0,1,0,g105_r12,38.2481,4.789259,-2.9304264,8.134819,-11.423424,-38.787514,49.551907,51.228077,23.661491,38.19906,27.767454,48.04918
1_0,1,0,g120_r04,39.353928,-3.3377488,-2.930425,13.9539795,-9.557016,-42.600838,47.51398,53.52291,15.547478,37.57322,27.63297,47.850075
1_0,1,0,g120_r08,37.35393,0.12634964,-2.930427,12.141013,-9.837857,-41.01818,46.750973,52.494335,17.425337,39.106445,27.466736,47.53429
1_0,1,0,g120_r12,35.353928,3.5904543,-2.9304242,9.97617,-10.835291,-37.945564,45.5872,51.27474,21.078945,40.27065,27.391811,47.39353
1_0,1,0,g135_r04,38.5255,-3.973424,-2.9304247,14.333248,-9.497734,-42.278652,46.519524,53.470028,15.187083,38.08827,27.565704,47.725334
1_0,1,0,g135_r08,35.697075,-1.1449959,-2.9304273,13.215448,-9.818098,-40.951206,45.01362,52.481457,15.938289,40.378685,27.29972,47.213257
1_0,1,0,g135_r12,32.86865,1.6834304,-2.930425,11.708675,-10.077869,-37.968708,42.588192,51.42492,18.086353,42.037334,27.084885,46.808723
1_0,1,0,g150_r04,37.889828,-4.8018513,-2.930426,16.363632,-10.163064,-41.230053,44.26038,53.264206,14.833287,38.60795,27.365532,47.353252
1_0,1,0,g150_r08,34.425724,-2.8018517,-2.9304245,17.302454,-11.179312,-38.931618,40.736645,52.33041,14.615339,41.46691,26.971178,46.550495
1_0,1,0,g150_r12,30.961624,-0.80185103,-2.9304264,16.94273,-11.293833,-35.764618,37.211494,51.352184,14.992279,44.112522,26.58798,45.77678
1_0,1,0,g165_r04,37.490227,-5.7665753,-2.930425,18.130222,-10.934597,-40.51245,42.59022,53.135582,14.370942,38.97185,27.203564,47.045635
1_0,1,0,g165_r08,33.626522,-4.7312984,-2.9304264,20.818237,-12.410576,-37.367752,37.53602,52.16171,13.675833,42.327133,26.650331,45.876797
1_0,1,0,g165_r12,29.76282,-3.696023,-2.9304252,22.361107,-12.282015,-32.761314,31.912169,51.381054,13.257923,45.94095,26.189188,44.82678
1_0,1,0,g180_r04,37.353928,-6.8018527,-2.9304256,19.543913,-11.658979,-40.095257,41.497147,53.05935,14.027263,39.05046,27.07916,46.807198
1_0,1,0,g180_r08,33.353928,-6.8018527,-2.9304283,23.293869,-12.884544,-36.43638,35.508488,52.117535,13.271409,42.639576,26.453785,45.47516
1_0,1,0,g180_r12,29.353931,-6.801852,-2.9304264,25.482847,-11.991137,-31.614452,29.405565,51.445225,13.045441,46.192055,25.994482,44.38716
1_0,1,0,g195_r04,37.490227,-7.837127,-2.9304261,20.634386,-12.145876,-39.832138,40.797314,53.08599,13.858587,38.89551,27.001474,46.66304
1_0,1,0,g195_r08,33.626522,-8.872404,-2.930427,24.648235,-12.352358,-36.042465,34.483715,52.22371,13.189161,42.20566,26.381088,45.340145
1_0,1,0,g195_r12,29.76282,-9.90768,-2.9304302,27.50599,-9.705144,-31.352451,28.512201,51.871845,13.550997,45.172096,26.061327,44.534
1_0,1,0,g210_r04,37.889828,-8.801851,-2.9304245,21.171824,-12.363406,-39.693428,40.542507,53.160492,13.735764,38.590733,26.958464,46.587383
1_0,1,0,g210_r08,34.425724,-10.801851,-2.9304264,25.519049,-11.688837,-36.002586,34.261982,52.469215,13.290097,41.255096,26.400728,45.39746
1_0,1,0,g210_r12,30.961624,-12.801852,-2.9304266,28.439621,-7.86722,-31.535862,29.137295,52.375195,13.878979,43.27216,26.187662,44.814816
1_0,1,0,g225_r04,38.5255,-9.63028,-2.9304273,21.251476,-12.573648,-39.71343,40.743645,53.263996,13.677014,38.215893,26.967646,46.615547
1_0,1,0,g225_r08,35.697075,-12.458706,-2.9304245,25.674885,-11.713621,-36.098507,34.657192,52.73222,13.318612,40.148956,26.458818,45.541218
1_0,1,0,g225_r12,32.86865,-15.287132,-2.9304273,28.4917,-7.8201046,-32.217075,30.53886,52.727123,13.971609,41.63699,26.30443,45.09453
1_0,1,0,g240_r04,39.353928,-10.265953,-2.9304256,21.010324,-12.633031,-40.163685,41.57411,53.420227,13.708465,37.78485,27.053467,46.788994
1_0,1,0,g240_r08,37.353928,-13.730055,-2.9304264,25.466911,-12.282019,-37.16156,36.26525,52.951653,13.306023,38.991592,26.50809,45.68949
1_0,1,0,g240_r12,35.353928,-17.194159,-2.930426,28.161207,-9.15492,-33.666264,32.57386,52.89385,13.743399,39.724876,26.299488,45.19089
1_0,1,0,g255_r04,40.318653,-10.665556,-2.9304261,20.34693,-12.599508,-40.982704,43.018433,53.7158,13.87033,37.16811,27.201391,47.07
1_0,1,0,g255_r08,39.283375,-14.529257,-2.9304266,24.655163,-13.01971,-38.604195,38.58602,53.312298,13.518937,38.002125,26.672657,46.04873
1_0,1,0,g255_r12,38.2481,-18.392962,-2.9304273,27.048635,-11.734053,-36.212696,35.74183,53.13107,13.700553,38.474392,26.424921,45.531696
1_0,1,0,g270_r04,41.353928,-10.801851,-2.9304273,19.24617,-12.209003,-42.044834,44.951862,53.97103,14.039321,36.71087,27.41911,47.471043
1_0,1,0,g270_r08,41.353928,-14.801852,-2.9304237,22.680586,-13.382864,-40.590233,42.05911,53.807045,13.76534,37.13625,27.067816,46.82036
1_0,1,0,g270_r12,41.353928,-18.801851,-2.9304256,24.66874,-13.398682,-39.54501,40.598248,53.81234,13.754457,37.095848,26.931606,46.553864
1_0,1,0,g285_r04,42.389206,-10.665554,-2.9304245,17.747889,-11.548231,-43.38263,47.37462,54.40086,14.2515545,36.244675,27.728342,48.02211
1_0,1,0,g285_r08,43.42448,-14.529258,-2.930425,19.576288,-12.501954,-42.974957,46.65202,54.571213,14.1139965,36.03337,27.620935,47.82344
1_0,1,0,g285_r12,44.45976,-18.39296,-2.9304273,20.015175,-12.898979,-43.913025,48.034306,54.683685,14.088561,35.223667,27.714264,47.974106
1_0,1,0,g300_r04,43.353928,-10.265954,-2.9304242,16.755684,-11.038256,-44.291298,49.181145,54.80472,14.488067,35.85657,27.9632,48.424362
1_0,1,0,g300_r08,45.353928,-13.730053,-2.930427,17.188086,-11.789812,-44.916565,50.5956,55.20025,14.373069,35.030903,28.111773,48.664062
1_0,1,0,g300_r12,47.353928,-17.194157,-2.9304252,17.49119,-12.419042,-46.30093,52.8733,55.531937,14.477891,34.270958,28.316689,48.99537
1_0,1,0,g315_r04,44.182354,-9.630278,-2.9304254,16.328434,-11.074835,-44.423412,49.995956,54.958675,14.855096,35.59349,28.094692,48.64711
1_0,1,0,g315_r08,47.010784,-12.458705,-2.9304264,16.38563,-12.225997,-45.22059,52.215057,55.549164,14.922779,34.439873,28.368095,49.096863
1_0,1,0,g315_r12,49.83921,-15.287134,-2.9304297,16.24025,-12.862169,-46.45939,55.041264,56.00358,14.990019,33.78568,28.60091,49.458042
1_0,1,0,g330_r04,44.81803,-8.801851,-2.9304276,15.791817,-11.133374,-44.56325,50.805992,55.06968,15.266795,35.399437,28.21319,48.84541
1_0,1,0,g330_r08,48.28213,-10.801852,-2.9304252,15.343154,-12.343443,-45.280003,53.67345,55.696415,15.648028,34.102325,28.554,49.397182
1_0,1,0,g330_r12,51.746235,-12.801849,-2.9304235,14.82402,-13.061141,-45.93024,56.677166,56.101646,16.06617,33.60545,28.811823,49.77683
1_0,1,0,g345_r04,45.217632,-7.837128,-2.9304237,15.22318,-11.110391,-44.608425,51.453255,55.099987,15.680107,35.232677,28.291838,48.975952
1_0,1,0,g345_r08,49.081337,-8.872405,-2.9304242,14.500774,-12.43007,-45.088665,54.64238,55.541668,16.421434,33.943596,28.665195,49.568893
1_0,1,0,g345_r12,52.945038,-9.90768,-2.930428,13.585513,-13.09067,-45.6956,58.207935,56.087784,17.672127,33.546143,28.975409,50.01403
1_1,1,1,0_right,51.353928,-6.801852,-2.9304283,-2.7650623,-19.825554,11.292539,57.452366,26.23179,21.67631,46.527946,26.747782,45.994785
1_1,1,1,135_fwd_left,34.28286,0.2692157,-2.9304287,-0.6138153,-18.663986,8.961463,41.444675,27.92039,20.129011,54.46014,24.34351,42.0913
1_1,1,1,180_left,31.353933,-6.801854,-2.9304256,11.112705,-14.311771,10.283837,25.312506,26.55862,17.802929,58.627094,22.983871,39.193447
1_1,1,1,225_back_left,34.28286,-13.872919,-2.930426,12.0794325,-12.421047,6.389472,24.12386,24.542036,18.03402,56.7019,22.883186,38.957848
1_1,1,1,270_backward,41.353928,-16.801853,-2.930425,6.7551785,-19.702583,6.4026537,35.952663,23.7811,16.890022,51.92324,23.882961,41.241055
1_1,1,1,315_back_right,48.424995,-13.872917,-2.9304233,-0.5321541,-22.123705,4.6160383,50.217796,23.864191,17.610273,47.620457,25.627213,44.29629
1_1,1,1,45_fwd_right,48.424995,0.2692162,-2.930429,-5.6408234,-18.072721,14.342504,59.648083,27.415915,24.951756,47.122498,26.977695,46.30983
1_1,1,1,90_forward,41.353928,3.198148,-2.930426,-4.849495,-15.413168,13.74664,52.52868,28.902966,24.938442,49.14415,25.908747,44.707172
1_1,1,1,g000_r04,45.353928,-6.8018517,-2.9304247,-1.2741222,-20.525326,6.559369,49.52338,25.284683,18.825151,49.330456,25.682306,44.396755
1_1,1,1,g000_r08,49.353928,-6.8018527,-2.9304292,-2.260353,-19.832449,10.027177,54.788048,25.813335,20.419008,47.339436,26.396757,45.483562
1_1,1,1,g000_r12,53.353928,-6.8018503,-2.9304237,-3.710598,-19.348082,12.498876,60.430386,26.565336,23.10917,45.889885,27.194307,46.627876
1_1,1,1,g015_r04,45.217632,-5.766576,-2.930426,-1.6819687,-20.135155,7.280574,50.102825,25.610023,19.295408,49.302303,25.752668,44.5028
1_1,1,1,g015_r08,49.081337,-4.7312956,-2.930421,-2.8318272,-19.391703,11.489118,55.837505,26.307758,21.43004,47.400997,26.537819,45.689625
1_1,1,1,g015_r12,52.945038,-3.6960225,-2.9304283,-4.6712036,-18.82469,13.397492,61.766567,26.95504,24.614004,45.90665,27.417196,46.94328
1_1,1,1,g030_r04,44.818035,-4.8018527,-2.9304273,-1.9537792,-19.68023,7.8911676,50.26008,25.88162,19.703257,49.35907,25.753548,44.500202
1_1,1,1,g030_r08,48.28213,-2.801852,-2.9304276,-3.4453259,-18.847172,12.46263,56.303894,26.7103,22.348272,47.597347,26.587502,45.754803
1_1,1,1,g030_r12,51.746235,-0.80185294,-2.9304292,-5.6727524,-18.288883,14.297177,62.44619,27.370438,25.80916,46.078896,27.48498,47.03779
1_1,1,1,g045_r04,44.182354,-3.9734235,-2.9304237,-1.996254,-19.257357,8.323844,49.927155,26.104612,20.073349,49.519695,25.692,44.401783
1_1,1,1,g045_r08,47.010784,-1.1449966,-2.9304237,-4.0284653,-18.277046,13.086751,56.169937,27.084549,23.13472,47.891537,26.541386,45.671745
1_1,1,1,g045_r12,49.83921,1.6834283,-2.9304261,-6.4780273,-17.469671,15.126719,62.16537,27.725967,26.825705,46.441696,27.383656,46.885666
1_1,1,1,g060_r04,43.353928,-3.33775,-2.930426,-1.8273964,-18.996286,8.416743,49.145702,26.242817,20.133512,49.677658,25.578825,44.224045
1_1,1,1,g060_r08,45.353928,0.12635292,-2.930429,-4.115837,-17.712122,13.493789,55.092865,27.407278,23.452244,48.343887,26.36413,45.398483
1_1,1,1,g060_r12,47.353928,3.5904546,-2.9304292,-6.770218,-16.196411,15.647712,60.54825,28.002743,27.487932,46.952045,27.146463,46.534782
1_1,1,1,g075_r04,42.389206,-2.938149,-2.9304285,-1.5198288,-18.92453,8.173041,48.029728,26.390434,20.211676,49.929157,25.450966,44.022324
1_1,1,1,g075_r08,43.42448,0.9255545,-2.930428,-3.9051418,-17.163527,13.3,53.204647,27.786148,23.516378,48.80686,26.061172,44.947353
1_1,1,1,g075_r12,44.45976,4.7892585,-2.9304228,-6.548996,-14.956131,15.780997,57.809086,28.856674,27.351967,47.70393,26.75832,45.96873
1_1,1,1,g090_r04,41.353928,-2.8018517,-2.9304254,-1.0021648,-19.094439,7.618264,46.59144,26.388288,19.87156,50.5187,25.283205,43.75145
1_1,1,1,g090_r08,41.353928,1.1981469,-2.9304268,-3.4391804,-16.60531,12.541709,50.623833,28.043503,23.127443,49.638103,25.683878,44.364532
1_1,1,1,g090_r12,41.353928,5.198149,-2.930425,-6.1145515,-14.257669,15.300797,54.444126,29.58356,27.045387,48.662125,26.159328,45.07271
1_1,1,1,g105_r04,40.318653,-2.9381487,-2.9304254,-0.33338165,-19.622522,6.80816,45.008846,26.310371,19.272058,51.26336,25.071545,43.403473
1_1,1,1,g105_r08,39.283375,0.9255562,-2.9304256,-2.7021866,-16.76171,11.432689,47.76951,28.079966,22.149496,51.189285,25.275696,43.708847
1_1,1,1,g105_r12,38.2481,4.789259,-2.9304264,-5.49881,-14.550434,14.373948,50.86509,30.143097,25.550491,50.774673,25.517996,44.061924
1_1,1,1,g120_r04,39.353928,-3.3377488,-2.930425,0.49824715,-20.106232,5.765689,43.2038,26.078987,18.653542,52.126713,24.84996,43.02895
1_1,1,1,g120_r08,37.35393,0.12634964,-2.930427,-1.4202995,-17.918932,9.789937,44.61929,27.7471,20.781492,52.59567,24.829693,42.964287
1_1,1,1,g120_r12,35.353928,3.5904543,-2.9304242,-4.5342884,-14.945446,13.251611,46.86691,29.895224,23.860106,52.801773,24.877295,42.96764
1_1,1,1,g135_r04,38.5255,-3.973424,-2.9304247,1.6569691,-20.145863,4.7635508,40.988213,25.715864,18.191069,52.78096,24.591751,42.578247
1_1,1,1,g135_r08,35.697075,-1.1449959,-2.9304273,0.73088264,-19.566145,7.326705,40.831142,27.00011,19.229465,53.930862,24.387568,42.19097
1_1,1,1,g135_r12,32.86865,1.6834304,-2.930425,-2.421688,-16.890406,10.412986,42.052845,28.980228,21.133549,54.936546,24.29923,41.97583
1_1,1,1,g150_r04,37.889828,-4.8018513,-2.930426,3.7548199,-19.278917,5.473775,38.018612,25.62214,17.897676,53.377426,24.281782,42.007107
1_1,1,1,g150_r08,34.425724,-2.8018517,-2.9304245,5.291609,-18.110813,8.249715,34.758545,26.81105,18.354403,55.28868,23.843748,41.148823
1_1,1,1,g150_r12,30.961624,-0.80185103,-2.9304264,5.0991497,-17.592663,10.99524,33.83376,28.313696,18.774303,57.367516,23.613441,40.664707
1_1,1,1,g165_r04,37.490227,-5.7665753,-2.930425,5.2577114,-18.540056,6.223201,35.85925,25.644491,17.98023,53.844833,24.092237,41.632584
1_1,1,1,g165_r08,33.626522,-4.7312984,-2.9304264,8.232695,-16.433529,9.528296,30.610594,26.773487,18.027075,56.368717,23.513025,40.431347
1_1,1,1,g165_r12,29.76282,-3.696023,-2.9304252,10.815266,-16.227528,12.50981,27.46724,27.956942,18.03235,59.019375,23.161173,39.622517
1_1,1,1,g180_r04,37.353928,-6.8018527,-2.9304256,6.2857666,-18.250452,6.8286753,34.518703,25.6094,17.920015,54.087482,23.987564,41.413452
1_1,1,1,g180_r08,33.353928,-6.8018527,-2.9304283,9.80139,-15.3454485,9.732366,28.072432,26.283842,17.691025,57.114193,23.24979,39.83291
1_1,1,1,g180_r12,29.353931,-6.801852,-2.9304264,12.484172,-13.300919,10.987359,22.815157,26.75814,18.042656,60.015697,22.770668,38.637527
1_1,1,1,g195_r04,37.490227,-7.837127,-2.9304261,6.843691,-18.062717,6.9580507,33.786903,25.375586,17.747946,54.09902,23.901264,41.238518
1_1,1,1,g195_r08,33.626522,-8.872404,-2.930427,10.4502945,-14.586972,8.634547,26.524376,25.684345,17.762249,57.293804,23.092283,39.466156
1_1,1,1,g195_r12,29.76282,-9.90768,-2.9304302,13.436449,-10.960062,8.833079,20.150385,25.458765,18.4796,59.790253,22.557034,38.06215
1_1,1,1,g210_r04,37.889828,-8.801851,-2.9304245,6.985695,-17.915163,6.879184,33.680058,25.148914,17.66856,53.847702,23.881811,41.201218
1_1,1,1,g210_r08,34.425724,-10.801851,-2.9304264,10.69655,-14.282639,7.4928484,26.150225,25.15531,17.706278,56.82113,23.058641,39.386593
1_1,1,1,g210_r12,30.961624,-12.801852,-2.9304266,13.775882,-9.502481,7.449954,20.346691,24.670597,18.771097,58.94102,22.544159,38.049187
1_1,1,1,g225_r04,38.5255,-9.63028,-2.9304273,6.7761364,-18.220232,6.5297976,34.22434,24.916185,17.62776,53.323975,23.925383,41.294643
1_1,1,1,g225_r08,35.697075,-12.458706,-2.9304245,10.396324,-14.74305,6.7719603,27.193428,24.828629,17.492294,55.819653,23.184225,39.682354
1_1,1,1,g225_r12,32.86865,-15.287132,-2.9304273,13.490988,-10.017714,6.44897,22.163792,24.307552,18.728498,57.494156,22.677729,38.443962
1_1,1,1,g240_r04,39.353928,-10.265953,-2.9304256,6.2478924,-18.979256,6.062875,35.395065,24.69202,17.594736,52.603596,24.037825,41.52409
1_1,1,1,g240_r08,37.353928,-13.730055,-2.9304264,9.550337,-15.902773,6.8605585,29.557127,24.587269,17.317745,54.470833,23.400585,40.190445
1_1,1,1,g240_r12,35.353928,-17.194159,-2.930426,12.26589,-12.196225,6.0076056,25.257181,24.216274,18.175386,55.547913,22.966492,39.195442
1_1,1,1,g255_r04,40.318653,-10.665556,-2.9304261,5.326803,-19.799809,5.4279203,37.117733,24.448692,17.505548,51.99847,24.231737,41.90086
1_1,1,1,g255_r08,39.283375,-14.529257,-2.9304266,8.264408,-17.682804,7.019973,32.728146,24.288435,17.199772,53.055546,23.678255,40.8054
1_1,1,1,g255_r12,38.2481,-18.392962,-2.9304273,10.119656,-15.57248,6.2356577,29.718372,24.030783,17.318893,53.629505,23.276922,39.96127
1_1,1,1,g270_r04,41.353928,-10.801851,-2.9304273,4.0144672,-20.579018,4.3412886,39.2773,24.233995,17.38039,51.418377,24.444134,42.301003
1_1,1,1,g270_r08,41.353928,-14.801852,-2.9304237,6.038727,-20.224537,6.0309668,36.835793,23.916744,16.99077,51.887978,24.042524,41.548904
1_1,1,1,g270_r12,41.353928,-18.801851,-2.9304256,7.150921,-19.19108,6.595479,35.5069,23.67573,16.845522,51.848858,23.757648,40.994545
1_1,1,1,g285_r04,42.389206,-10.665554,-2.9304245,2.4037247,-21.333536,2.977889,41.80374,23.981592,17.279032,50.918633,24.71126,42.785206
1_1,1,1,g285_r08,43.42448,-14.529258,-2.930425,2.984747,-22.218273,3.5111952,41.665184,23.558102,16.937143,50.553333,24.5652,42.52363
1_1,1,1,g285_r12,44.45976,-18.39296,-2.9304273,2.5880432,-23.212822,3.2479477,42.59864,23.180346,16.939692,49.357647,24.498917,42.38828
1_1,1,1,g300_r04,43.353928,-10.265954,-2.9304242,1.0436039,-21.76145,2.6045256,44.192146,23.946186,17.221651,50.49693,24.955982,43.213062
1_1,1,1,g300_r08,45.353928,-13.730053,-2.930427,0.6086426,-22.829247,2.6012096,45.994946,23.339186,16.980995,49.26203,25.08618,43.42361
1_1,1,1,g300_r12,47.353928,-17.194157,-2.9304252,0.11675835,-23.496668,2.752184,47.993374,23.149973,17.064085,47.958736,25.24587,43.662174
1_1,1,1,g315_r04,44.182354,-9.630278,-2.9304254,0.66191864,-21.370775,3.6413717,45.552784,24.152357,17.223845,50.11802,25.107466,43.470963
1_1,1,1,g315_r08,47.010784,-12.458705,-2.9304264,-0.048843384,-21.953484,4.3264875,48.553295,23.757692,17.373419,48.39753,25.4274,43.987034
1_1,1,1,g315_r12,49.83921,-15.287134,-2.9304297,-1.3250885,-22.105707,4.9942503,52.22144,24.128742,17.971561,46.89289,25.843035,44.620186
1_1,1,1,g330_r04,44.81803,-8.801851,-2.9304276,0.05422783,-21.036839,4.668029,47.023712,24.416277,17.624525,49.753387,25.316309,43.81508
1_1,1,1,g330_r08,48.28213,-10.801852,-2.9304252,-1.1438847,-21.376326,6.144595,51.352768,24.522198,18.267275,47.768055,25.82802,44.62006
1_1,1,1,g330_r12,51.746235,-12.801849,-2.9304235,-2.195774,-20.88504,8.406941,55.71009,25.30911,19.78774,46.31247,26.403143,45.477375
1_1,1,1,g345_r04,45.217632,-7.837128,-2.9304237,-0.62364006,-20.782434,5.679019,48.405846,24.82971,18.213219,49.475494,25.526154,44.151985
1_1,1,1,g345_r08,49.081337,-8.872405,-2.9304242,-1.7685928,-20.603004,8.303716,53.38097,25.277334,19.342102,47.42846,26.18004,45.161236
1_1,1,1,g345_r12,52.945038,-9.90768,-2.930428,-2.817522,-19.878723,11.073035,58.35222,26.07655,21.621668,46.010498,26.848463,46.134426
1_2,1,2,0_right,51.353928,-6.801852,-2.9304283,11.762905,-14.068548,-12.296199,41.327614,7.819216,26.03309,66.1616,19.626638,33.67347
1_2,1,2,135_fwd_left,34.28286,0.2692157,-2.9304287,18.686567,-12.981876,-14.322083,23.42233,11.068759,24.863262,74.02582,17.659998,30.307976
1_2,1,2,180_left,31.353933,-6.801854,-2.9304256,24.376087,-8.526995,-10.35125,10.331267,8.448486,19.009157,76.45137,16.818457,27.858866
1_2,1,2,225_back_left,34.28286,-13.872919,-2.930426,20.37116,-5.723649,-12.951031,18.983112,6.029443,18.448452,74.916824,17.09066,29.075474
1_2,1,2,270_backward,41.353928,-16.801853,-2.930425,16.646494,-10.793786,-17.102394,29.110117,5.287811,19.480177,70.39944,17.874388,30.86361
1_2,1,2,315_back_right,48.424995,-13.872917,-2.9304233,13.581951,-15.241223,-17.63092,37.84197,5.526842,22.173502,66.84044,18.952383,32.644695
1_2,1,2,45_fwd_right,48.424995,0.2692162,-2.930429,10.21863,-12.661033,-11.217379,41.177563,9.770994,28.808514,67.30785,19.789413,33.95022
1_2,1,2,90_forward,41.353928,3.198148,-2.930426,11.774103,-11.395744,-11.337382,34.038574,12.5002775,29.02574,70.515656,18.798857,32.51766
1_2,1,2,g000_r04,45.353928,-6.8018517,-2.9304247,14.552084,-14.452017,-17.030598,34.728855,6.5371585,21.51253,69.70498,18.716318,32.36202
1_2,1,2,g000_r08,49.353928,-6.8018527,-2.9304292,12.999097,-14.162979,-13.842863,38.66447,7.642778,24.725779,67.25287,19.319029,33.256023
1_2,1,2,g000_r12,53.353928,-6.8018503,-2.9304237,10.404333,-14.015827,-10.811871,44.25863,7.7819123,27.53685,65.26822,19.968073,34.136936
1_2,1,2,g015_r04,45.217632,-5.766576,-2.930426,14.527759,-14.196293,-16.465113,34.58491,6.886444,21.906862,69.870384,18.758907,32.439934
1_2,1,2,g015_r08,49.081337,-4.7312956,-2.930421,12.653737,-13.570461,-12.941092,38.79838,8.172986,25.691133,67.403046,19.429787,33.431763
1_2,1,2,g015_r12,52.945038,-3.6960225,-2.9304283,9.687317,-13.5867195,-10.201674,44.965847,8.43638,28.756413,65.45907,20.169476,34.420692
1_2,1,2,g030_r04,44.818035,-4.8018527,-2.9304273,14.605708,-14.009184,-16.074791,34.210144,7.125745,22.28797,70.152275,18.767815,32.46297
1_2,1,2,g030_r08,48.28213,-2.801852,-2.9304276,12.495975,-13.130701,-12.490522,38.45425,8.645252,26.412363,67.70956,19.459377,33.485615
1_2,1,2,g030_r12,51.746235,-0.80185294,-2.9304292,9.291937,-13.299495,-9.99567,44.816025,9.228992,29.76808,65.83008,20.26463,34.557236
1_2,1,2,g045_r04,44.182354,-3.9734235,-2.9304237,14.620061,-13.894293,-15.828895,33.744976,7.306631,22.677935,70.53785,18.746391,32.434055
1_2,1,2,g045_r08,47.010784,-1.1449966,-2.9304237,12.4023905,-12.578629,-12.311361,37.636032,9.162893,26.666418,68.29754,19.38178,33.390438
1_2,1,2,g045_r12,49.83921,1.6834283,-2.9304261,8.951895,-12.706241,-10.2937565,43.966507,10.167921,30.659657,66.493484,20.20978,34.505455
1_2,1,2,g060_r04,43.353928,-3.33775,-2.930426,14.655129,-13.7708235,-15.735034,33.112354,7.401736,22.902075,70.917435,18.685991,32.332966
1_2,1,2,g060_r08,45.353928,0.12635292,-2.930429,12.570019,-12.352821,-12.313806,36.31201,9.623694,26.624195,69.21096,19.215849,33.16756
1_2,1,2,g060_r12,47.353928,3.5904546,-2.9304292,8.916412,-11.903176,-10.372277,42.105537,11.283484,31.143261,67.396835,19.930317,34.156754
1_2,1,2,g075_r04,42.389206,-2.938149,-2.9304285,14.745734,-13.710939,-15.737765,32.31474,7.5219226,22.95066,71.297714,18.59906,32.18142
1_2,1,2,g075_r08,43.42448,0.9255545,-2.930428,12.841701,-12.197244,-12.190758,34.54371,10.178904,26.718714,70.17245,18.989498,32.824974
1_2,1,2,g075_r12,44.45976,4.7892585,-2.9304228,8.929604,-11.410031,-10.118198,39.704823,12.776576,31.031042,68.655,19.569756,33.698433
1_2,1,2,g090_r04,41.353928,-2.8018517,-2.9304254,14.854013,-13.947745,-15.974849,31.5695,7.460816,22.766079,71.78363,18.468277,31.957981
1_2,1,2,g090_r08,41.353928,1.1981469,-2.9304268,13.51199,-12.095631,-12.431902,32.282753,10.594735,26.716087,71.04608,18.622633,32.221783
1_2,1,2,g090_r12,41.353928,5.198149,-2.930425,9.938789,-11.038986,-10.023578,36.06755,14.452958,31.48246,70.002975,19.020163,32.869884
1_2,1,2,g105_r04,40.318653,-2.9381487,-2.9304254,15.483221,-14.075187,-16.379272,30.359575,7.322661,22.335152,72.24745,18.274258,31.61023
1_2,1,2,g105_r08,39.283375,0.9255562,-2.9304256,15.189654,-12.5068035,-13.03779,29.37847,10.883007,26.126284,71.90156,18.19615,31.4393
1_2,1,2,g105_r12,38.2481,4.789259,-2.9304264,12.288321,-11.179397,-9.798603,31.24228,15.370253,31.447943,71.46214,18.482714,31.961601
1_2,1,2,g120_r04,39.353928,-3.3377488,-2.930425,16.098614,-14.284151,-17.13087,29.364706,6.9926558,21.631735,72.57129,18.085829,31.256401
1_2,1,2,g120_r08,37.35393,0.12634964,-2.930427,16.690153,-13.271633,-14.074964,27.031433,10.553461,25.29862,72.69929,17.946117,30.930115
1_2,1,2,g120_r12,35.353928,3.5904543,-2.9304242,15.481546,-10.938869,-9.7787285,25.552143,14.720491,29.84597,72.84397,17.995762,31.03477
1_2,1,2,g135_r04,38.5255,-3.973424,-2.9304247,16.467081,-14.3925,-18.111383,28.733126,6.588263,20.923872,72.85413,17.986319,31.069153
1_2,1,2,g135_r08,35.697075,-1.1449959,-2.9304273,18.315796,-13.762366,-15.782779,25.029778,9.486342,23.537205,73.508606,17.739937,30.499641
1_2,1,2,g135_r12,32.86865,1.6834304,-2.930425,18.562908,-11.488718,-11.89295,21.4123,12.730474,26.295288,74.38965,17.564667,30.095564
1_2,1,2,g150_r04,37.889828,-4.8018513,-2.930426,17.335367,-13.456781,-17.147022,26.448162,6.804861,20.091108,73.28847,17.776386,30.654001
1_2,1,2,g150_r08,34.425724,-2.8018517,-2.9304245,20.912151,-12.187817,-14.376175,20.04291,9.466491,21.233232,74.630196,17.340601,29.636305
1_2,1,2,g150_r12,30.961624,-0.80185103,-2.9304264,22.96932,-10.713155,-11.225407,15.195972,11.864829,22.224447,76.06675,17.091127,28.886675
1_2,1,2,g165_r04,37.490227,-5.7665753,-2.930425,17.89848,-12.861004,-16.5718,24.904911,6.8285103,19.336504,73.65367,17.621998,30.339678
1_2,1,2,g165_r08,33.626522,-4.7312984,-2.9304264,22.354296,-11.158134,-13.392461,16.667978,8.773944,19.71142,75.32205,17.081652,28.952654
1_2,1,2,g165_r12,29.76282,-3.696023,-2.9304252,25.345398,-9.855168,-9.600435,10.096421,10.428612,19.908602,77.22613,16.77475,27.87262
1_2,1,2,g180_r04,37.353928,-6.8018527,-2.9304256,18.175243,-12.552641,-16.381737,24.12118,6.7155337,18.805695,73.89212,17.54035,30.174568
1_2,1,2,g180_r08,33.353928,-6.8018527,-2.9304283,22.61098,-10.013463,-12.307231,14.616765,7.9485455,18.979626,75.56029,16.97838,28.575874
1_2,1,2,g180_r12,29.353931,-6.801852,-2.9304264,26.007595,-6.8309574,-8.681966,6.654248,8.718672,19.128256,77.284454,16.708164,27.243702
1_2,1,2,g195_r04,37.490227,-7.837127,-2.9304261,18.153223,-12.2587805,-16.373709,23.962317,6.407116,18.461075,73.981895,17.530338,30.165052
1_2,1,2,g195_r08,33.626522,-8.872404,-2.930427,21.851353,-8.560906,-12.238209,15.012876,7.151456,18.600615,75.460594,16.974575,28.572754
1_2,1,2,g195_r12,29.76282,-9.90768,-2.9304302,24.823519,-4.352643,-9.234583,9.746664,7.258519,18.955822,77.22715,16.779287,27.578386
1_2,1,2,g210_r04,37.889828,-8.801851,-2.9304245,17.854153,-12.053228,-16.509647,24.4212,6.0545526,18.31818,73.88014,17.572527,30.272102
1_2,1,2,g210_r08,34.425724,-10.801851,-2.9304264,20.497894,-7.91877,-13.216304,17.55266,6.472057,18.287092,75.121544,17.045828,28.876274
1_2,1,2,g210_r12,30.961624,-12.801852,-2.9304266,22.74579,-3.1915922,-10.386498,14.678216,6.6966724,18.901781,76.65692,16.923939,28.347942
1_2,1,2,g225_r04,38.5255,-9.63028,-2.9304273,17.509512,-12.031559,-16.812008,25.300913,5.626671,18.388582,73.5893,17.665516,30.487234
1_2,1,2,g225_r08,35.697075,-12.458706,-2.9304245,19.448914,-8.030899,-14.080055,20.19709,5.9162817,18.190163,74.5237,17.192684,29.370247
1_2,1,2,g225_r12,32.86865,-15.287132,-2.9304273,20.921827,-3.404603,-11.653341,18.973936,6.312028,18.866314,75.33966,17.077059,29.002062
1_2,1,2,g240_r04,39.353928,-10.265953,-2.9304256,17.038406,-12.273049,-17.346428,26.642673,5.276844,18.5647,73.06988,17.800074,30.76542
1_2,1,2,g240_r08,37.353928,-13.730055,-2.9304264,18.657028,-8.880667,-14.9593115,22.754883,5.563143,18.56656,73.57677,17.370396,29.873678
1_2,1,2,g240_r12,35.353928,-17.194159,-2.930426,19.969902,-4.8929605,-12.9100065,22.08121,6.221156,19.330685,73.8534,17.261374,29.61826
1_2,1,2,g255_r04,40.318653,-10.665556,-2.9304261,16.404793,-12.77819,-17.952108,28.319372,4.994786,18.74755,72.386505,17.955408,31.061867
1_2,1,2,g255_r08,39.283375,-14.529257,-2.9304266,17.647968,-10.435884,-16.148972,25.68222,5.254882,18.901085,72.37008,17.635113,30.446014
1_2,1,2,g255_r12,38.2481,-18.392962,-2.9304273,18.466637,-7.488405,-14.604029,25.42614,6.0296755,19.57247,72.07075,17.532948,30.233294
1_2,1,2,g270_r04,41.353928,-10.801851,-2.9304273,15.700977,-13.365837,-18.600273,30.169388,4.768905,18.969261,71.72545,18.134556,31.3852
1_2,1,2,g270_r08,41.353928,-14.801852,-2.9304237,16.38715,-11.674091,-17.733946,29.193615,4.98384,19.125032,71.01528,17.93784,31.00038
1_2,1,2,g270_r12,41.353928,-18.801851,-2.9304256,16.818064,-10.215445,-16.579628,29.360445,5.709484,20.056149,69.776375,17.865326,30.835135
1_2,1,2,g285_r04,42.389206,-10.665554,-2.9304245,15.113961,-14.239221,-19.970924,32.358753,4.545415,19.29929,71.05955,18.361422,31.768333
1_2,1,2,g285_r08,43.42448,-14.529258,-2.930425,14.780249,-13.24419,-19.33959,33.036404,5.0652804,20.073027,69.39344,18.349651,31.68352
1_2,1,2,g285_r12,44.45976,-18.39296,-2.9304273,14.45899,-12.922371,-19.194721,34.56155,5.612947,20.976263,67.730835,18.455019,31.80307
1_2,1,2,g300_r04,43.353928,-10.265954,-2.9304242,14.658937,-14.957544,-20.50785,33.97616,4.5391674,19.709679,70.3698,18.52334,32.02504
1_2,1,2,g300_r08,45.353928,-13.730053,-2.930427,13.972694,-14.82347,-20.246206,35.858242,4.9690037,21.037764,68.19888,18.738838,32.31047
1_2,1,2,g300_r12,47.353928,-17.194157,-2.9304252,13.524478,-15.120651,-19.002422,37.510532,5.35124,21.725548,66.54439,18.877275,32.460564
1_2,1,2,g315_r04,44.182354,-9.630278,-2.9304254,14.69049,-14.852733,-19.4901,34.223778,4.7365727,20.163616,69.97668,18.575466,32.11764
1_2,1,2,g315_r08,47.010784,-12.458705,-2.9304264,13.948889,-15.125689,-18.349285,36.577904,5.2766695,21.692095,67.74126,18.82596,32.47754
1_2,1,2,g315_r12,49.83921,-15.287134,-2.9304297,13.044331,-15.457294,-16.740593,39.30156,5.720767,22.720533,65.98958,19.082674,32.808754
1_2,1,2,g330_r04,44.81803,-8.801851,-2.9304276,14.675289,-14.778387,-18.52707,34.46098,5.250783,20.663078,69.71341,18.629025,32.210335
1_2,1,2,g330_r08,48.28213,-10.801852,-2.9304252,13.841658,-15.062008,-16.843498,37.388084,6.256762,22.517027,67.45718,18.984575,32.729885
1_2,1,2,g330_r12,51.746235,-12.801849,-2.9304235,12.236077,-15.399593,-14.316058,41.19992,6.4545097,24.08405,65.523224,19.368713,33.24087
1_2,1,2,g345_r04,45.217632,-7.837128,-2.9304237,14.624899,-14.688549,-17.731344,34.668785,5.9580164,21.077595,69.64288,18.670507,32.282288
1_2,1,2,g345_r08,49.081337,-8.872405,-2.9304242,13.467941,-14.608269,-15.347155,38.149563,7.0969005,23.560377,67.28678,19.147598,32.983967
1_2,1,2,g345_r12,52.945038,-9.90768,-2.930428,11.197812,-14.806608,-12.053227,43.012276,7.109319,25.863548,65.25882,19.689402,33.72707
1_9,1,9,0_right,51.353928,-6.801852,-2.9304283,22.607508,-15.941585,-3.6813889,30.173752,12.934518,9.448239,45.37701,15.35235,26.41082
1_9,1,9,135_fwd_left,34.28286,0.2692157,-2.9304287,17.252308,-8.929312,-4.8070774,19.446707,11.999254,9.229934,53.65854,13.859711,23.837624
1_9,1,9,180_left,31.353933,-6.801854,-2.9304256,26.8904,-10.63327,-5.1716633,6.2949204,10.201147,6.926125,55.773365,12.849042,21.047346
1_9,1,9,225_back_left,34.28286,-13.872919,-2.930426,32.354153,-9.980214,-3.6793804,4.4084005,9.598729,7.894282,54.387142,12.751138,20.69172
1_9,1,9,270_backward,41.353928,-16.801853,-2.930425,26.638666,-18.660408,-8.848354,15.969191,7.1105714,8.612646,51.282524,13.383435,22.67721
1_9,1,9,315_back_right,48.424995,-13.872917,-2.9304233,21.538895,-20.1002,-8.713469,28.197252,9.341156,9.134441,46.608986,14.853481,25.634504
1_9,1,9,45_fwd_right,48.424995,0.2692162,-2.930429,20.693535,-15.059799,-1.1372242,31.73686,14.570066,8.823768,46.21063,15.378082,26.46476
1_9,1,9,90_forward,41.353928,3.198148,-2.930426,19.174826,-11.834946,-1.4005928,26.837416,14.520899,6.2281017,49.944695,14.751633,25.5214
1_9,1,9,g000_r04,45.353928,-6.8018517,-2.9304247,19.499992,-16.046406,-5.8685904,27.613775,9.940718,6.1823797,48.517555,14.937635,25.83766
1_9,1,9,g000_r08,49.353928,-6.8018527,-2.9304292,21.367977,-15.499634,-3.8731742,29.321556,12.058655,8.4409485,46.19442,15.0867405,26.016695
1_9,1,9,g000_r12,53.353928,-6.8018503,-2.9304237,23.113997,-16.929724,-2.9025078,31.890877,13.684484,10.4148035,44.737385,15.767523,27.02694
1_9,1,9,g015_r04,45.217632,-5.766576,-2.930426,19.545841,-15.161591,-5.2499638,27.435148,10.336478,5.9804726,48.564053,14.954107,25.870125
1_9,1,9,g015_r08,49.081337,-4.7312956,-2.930421,21.151005,-14.752853,-2.8449087,29.673935,12.632477,8.389944,46.241207,15.126498,26.07408
1_9,1,9,g015_r12,52.945038,-3.6960225,-2.9304283,22.397266,-16.752115,-2.3443756,33.226067,14.639831,10.516967,44.735195,15.934615,27.27379
1_9,1,9,g030_r04,44.818035,-4.8018527,-2.9304273,19.558792,-14.388523,-4.8936596,27.08852,10.570695,5.609788,48.77966,14.940742,25.853813
1_9,1,9,g030_r08,48.28213,-2.801852,-2.9304276,20.828035,-14.1649885,-2.1591434,29.72277,13.073096,8.239068,46.5221,15.132012,26.082659
1_9,1,9,g030_r12,51.746235,-0.80185294,-2.9304292,21.758715,-16.318632,-1.7125139,33.786167,15.3451605,10.354186,44.94912,15.935207,27.276638
1_9,1,9,g045_r04,44.182354,-3.9734235,-2.9304237,19.559322,-13.900742,-4.5811753,26.600193,10.675212,5.162886,49.17528,14.8930235,25.777887
1_9,1,9,g045_r08,47.010784,-1.1449966,-2.9304237,20.591421,-13.505932,-1.9118061,29.185837,13.335613,7.5664396,47.089466,15.0898,26.045279
1_9,1,9,g045_r12,49.83921,1.6834283,-2.9304261,21.026178,-15.65556,-0.991436,33.68369,15.601343,9.897366,45.45636,15.788455,27.062218
1_9,1,9,g060_r04,43.353928,-3.33775,-2.930426,19.398975,-13.535176,-4.4308205,26.078312,10.750261,4.9637537,49.663536,14.807205,25.633734
1_9,1,9,g060_r08,45.353928,0.12635292,-2.930429,20.274807,-12.92398,-1.7254086,28.297094,13.330701,6.677028,47.92519,15.040456,26.000797
1_9,1,9,g060_r12,47.353928,3.5904546,-2.9304292,20.726883,-14.854337,-0.6692476,32.470337,15.559294,8.867529,46.34121,15.564065,26.763744
1_9,1,9,g075_r04,42.389206,-2.938149,-2.9304285,19.155508,-13.313799,-4.4650064,25.491444,10.524143,4.6752677,50.171078,14.751636,25.542215
1_9,1,9,g075_r08,43.42448,0.9255545,-2.930428,19.764538,-12.275618,-1.8017225,27.117113,13.22424,5.6624312,49.083523,14.85809,25.705383
1_9,1,9,g075_r12,44.45976,4.7892585,-2.9304228,20.258457,-13.697655,-0.5763817,30.545221,15.603603,7.3247395,47.77491,15.323363,26.443392
1_9,1,9,g090_r04,41.353928,-2.8018517,-2.9304254,18.813807,-13.218008,-4.903108,24.908731,10.230695,4.8278785,50.792767,14.675949,25.413088
1_9,1,9,g090_r08,41.353928,1.1981469,-2.9304268,18.893532,-11.584156,-2.1578379,25.85447,12.890517,5.6842403,50.342224,14.6743,25.39249
1_9,1,9,g090_r12,41.353928,5.198149,-2.930425,19.53536,-12.490879,-0.54440403,28.189442,15.974698,6.6049614,49.610756,14.927153,25.8121
1_9,1,9,g105_r04,40.318653,-2.9381487,-2.9304254,18.576477,-13.486494,-5.532881,24.305609,9.858331,5.190409,51.348316,14.570469,25.228455
1_9,1,9,g105_r08,39.283375,0.9255562,-2.9304256,18.471333,-10.852435,-2.728283,23.914494,12.387593,6.6870985,51.40796,14.439222,24.97505
1_9,1,9,g105_r12,38.2481,4.789259,-2.9304264,18.395489,-10.857588,-0.56309986,25.388073,16.034164,8.570239,51.298492,14.590102,25.230927
1_9,1,9,g120_r04,39.353928,-3.3377488,-2.930425,18.446102,-14.310343,-6.450977,23.873192,9.355431,5.5339828,51.66839,14.484939,25.076843
1_9,1,9,g120_r08,37.35393,0.12634964,-2.930427,18.147215,-10.3492985,-3.749807,21.893116,11.86523,7.8286085,52.290745,14.182068,24.494564
1_9,1,9,g120_r12,35.353928,3.5904543,-2.9304242,18.10336,-8.477738,-1.6587563,21.091242,15.136922,10.146967,52.806694,14.116098,24.356869
1_9,1,9,g135_r04,38.5255,-3.973424,-2.9304247,18.497898,-15.284841,-7.6007557,23.470514,8.804172,5.9991937,51.904457,14.384242,24.894958
1_9,1,9,g135_r08,35.697075,-1.1449959,-2.9304273,17.642025,-11.219305,-5.91767,20.890192,10.828764,8.308983,53.017075,14.004684,24.144161
1_9,1,9,g135_r12,32.86865,1.6834304,-2.930425,17.161566,-7.2523623,-3.981089,18.101511,13.369954,10.276788,54.207146,13.790896,23.691778
1_9,1,9,g150_r04,37.889828,-4.8018513,-2.930426,19.826763,-15.890866,-7.8275743,21.75368,8.35022,6.116273,52.167206,14.159217,24.471136
1_9,1,9,g150_r08,34.425724,-2.8018517,-2.9304245,19.326479,-12.973782,-7.184301,18.696278,9.8290615,7.9638405,53.669655,13.677865,23.458178
1_9,1,9,g150_r12,30.961624,-0.80185103,-2.9304264,19.150032,-9.128397,-5.6807036,14.71085,11.272534,9.550668,55.592518,13.38567,22.7496
1_9,1,9,g165_r04,37.490227,-5.7665753,-2.930425,21.240725,-16.660606,-8.226979,20.267702,8.17053,6.2641177,52.390995,13.955275,24.066637
1_9,1,9,g165_r08,33.626522,-4.7312984,-2.9304264,22.260895,-13.531047,-7.1681767,14.985713,9.628843,7.398576,54.284145,13.324969,22.619919
1_9,1,9,g165_r12,29.76282,-3.696023,-2.9304252,23.246916,-10.453488,-5.6889625,9.784163,10.741223,7.8893332,56.71262,12.997289,21.65778
1_9,1,9,g180_r04,37.353928,-6.8018527,-2.9304256,22.629879,-16.837479,-8.124615,18.560469,8.15428,6.166458,52.54081,13.7620125,23.65502
1_9,1,9,g180_r08,33.353928,-6.8018527,-2.9304283,25.312363,-12.917374,-6.413732,10.686429,9.747926,6.732245,54.573685,13.014587,21.684929
1_9,1,9,g180_r12,29.353931,-6.801852,-2.9304264,28.400448,-8.399411,-3.6268206,1.9865272,10.518415,7.231975,57.00232,12.784689,20.579893
1_9,1,9,g195_r04,37.490227,-7.837127,-2.9304261,23.67605,-16.892118,-8.112847,17.311321,8.146889,5.9518547,52.583584,13.623265,23.340853
1_9,1,9,g195_r08,33.626522,-8.872404,-2.930427,28.340143,-12.279297,-5.6877027,6.866971,9.5872345,6.8442993,54.505077,12.845373,21.031555
1_9,1,9,g195_r12,29.76282,-9.90768,-2.9304302,31.524015,-6.59309,-1.6130428,3.9779172,10.583788,8.047504,56.655617,12.8003025,20.801142
1_9,1,9,g210_r04,37.889828,-8.801851,-2.9304245,24.378359,-17.092718,-8.352939,16.75416,8.003849,5.7660313,52.51896,13.567158,23.2084
1_9,1,9,g210_r08,34.425724,-10.801851,-2.9304264,30.100256,-12.185766,-5.4865303,5.2113876,9.38504,7.030619,54.20063,12.787408,20.758976
1_9,1,9,g210_r12,30.961624,-12.801852,-2.9304266,33.464504,-6.069458,-0.93201256,7.455414,10.615582,8.524298,55.788036,12.875814,21.203993
1_9,1,9,g225_r04,38.5255,-9.63028,-2.9304273,24.57129,-17.566864,-8.628167,17.034485,7.8039813,5.711802,52.422905,13.595955,23.271566
1_9,1,9,g225_r08,35.697075,-12.458706,-2.9304245,30.281763,-12.861976,-5.8839664,6.181556,9.032512,7.1311355,53.767838,12.81,20.885183
1_9,1,9,g225_r12,32.86865,-15.287132,-2.9304273,33.84217,-7.478323,-1.124239,8.073881,10.269945,8.868437,54.874893,12.872729,21.256344
1_9,1,9,g240_r04,39.353928,-10.265953,-2.9304256,24.130524,-18.300858,-8.845319,18.201584,7.4989967,5.8360023,52.177147,13.713617,23.537418
1_9,1,9,g240_r08,37.353928,-13.730055,-2.9304264,29.366142,-14.5618515,-6.900862,8.958848,8.639424,7.306569,53.314037,12.932348,21.389967
1_9,1,9,g240_r12,35.353928,-17.194159,-2.930426,33.208847,-9.788818,-3.0395832,7.710535,9.57948,9.273531,54.065277,12.88608,21.323914
1_9,1,9,g255_r04,40.318653,-10.665556,-2.9304261,23.369392,-19.041777,-9.257544,19.936672,7.1478257,5.9531236,51.755726,13.906419,23.954262
1_9,1,9,g255_r08,39.283375,-14.529257,-2.9304266,27.49141,-16.828575,-8.294277,13.157059,7.7971177,7.528218,52.585217,13.197392,22.20027
1_9,1,9,g255_r12,38.2481,-18.392962,-2.9304273,31.49321,-13.354528,-5.831092,8.9122505,8.3737,9.339912,53.133236,12.928626,21.460022
1_9,1,9,g270_r04,41.353928,-10.801851,-2.9304273,22.418844,-19.528772,-9.816993,21.95726,6.8429284,6.2183094,51.260094,14.160329,24.465706
1_9,1,9,g270_r08,41.353928,-14.801852,-2.9304237,25.30258,-18.974691,-9.284509,17.760426,6.933133,8.048092,51.510735,13.602732,23.25138
1_9,1,9,g270_r12,41.353928,-18.801851,-2.9304256,28.11524,-18.408464,-8.704275,14.448355,7.3308125,9.237114,50.886555,13.216907,22.173635
1_9,1,9,g285_r04,42.389206,-10.665554,-2.9304245,21.347263,-19.955175,-10.355627,24.170107,6.792377,6.342205,50.60199,14.452386,25.015703
1_9,1,9,g285_r08,43.42448,-14.529258,-2.930425,23.10303,-20.996424,-10.268103,22.552763,6.6758795,8.406114,49.759018,14.104081,24.33095
1_9,1,9,g285_r12,44.45976,-18.39296,-2.9304273,24.491905,-21.862465,-10.559691,21.655445,6.809246,9.958728,48.62279,13.896013,23.839556
1_9,1,9,g300_r04,43.353928,-10.265954,-2.9304242,20.389923,-19.904942,-9.989863,25.886122,7.0928106,6.392256,49.897835,14.677552,25.413523
1_9,1,9,g300_r08,45.353928,-13.730053,-2.930427,21.383081,-21.536562,-10.26555,26.255419,7.223651,8.542998,48.320217,14.542519,25.123642
1_9,1,9,g300_r12,47.353928,-17.194157,-2.9304252,22.791212,-22.94209,-10.596258,26.365332,7.8021903,10.394436,47.04374,14.564068,25.112694
1_9,1,9,g315_r04,44.182354,-9.630278,-2.9304254,19.891857,-19.245806,-9.081858,26.838903,7.741342,6.40917,49.287037,14.793388,25.605343
1_9,1,9,g315_r08,47.010784,-12.458705,-2.9304264,20.584675,-19.95077,-8.806998,28.089222,8.733586,8.420843,47.35349,14.772811,25.507334
1_9,1,9,g315_r12,49.83921,-15.287134,-2.9304297,22.846394,-20.175423,-8.526782,27.996906,9.940726,9.969535,45.974686,14.987339,25.853209
1_9,1,9,g330_r04,44.81803,-8.801851,-2.9304276,19.611755,-18.085308,-7.88297,27.314219,8.607174,6.4034786,48.867397,14.860244,25.712042
1_9,1,9,g330_r08,48.28213,-10.801852,-2.9304252,20.706936,-18.032396,-6.788104,28.767237,10.1530075,8.324049,46.747173,14.921837,25.75425
1_9,1,9,g330_r12,51.746235,-12.801849,-2.9304235,23.564545,-18.196152,-6.0802197,28.865677,11.414474,10.078195,45.2913,15.270917,26.307352
1_9,1,9,g345_r04,45.217632,-7.837128,-2.9304237,19.488037,-17.009712,-6.8018494,27.5887,9.378489,6.2758694,48.625572,14.906336,25.783436
1_9,1,9,g345_r08,49.081337,-8.872405,-2.9304242,21.144833,-16.731087,-5.1453753,29.10521,11.256239,8.426687,46.374958,15.03221,25.93939
1_9,1,9,g345_r12,52.945038,-9.90768,-2.930428,23.860199,-17.090876,-4.027336,29.978815,12.6028185,10.218269,44.908752,15.526521,26.678974
2_0,2,0,0_right,51.353928,-6.801852,-2.9304283,14.319444,-41.096066,-13.182956,51.504955,7.987497,44.951458,52.360455,18.975855,31.822214
2_0,2,0,135_fwd_left,34.28286,0.2692157,-2.9304287,28.091347,-22.09652,-9.065031,24.004047,9.404902,39.62042,56.177723,15.779916,27.199623
2_0,2,0,180_left,31.353933,-6.801854,-2.9304256,27.712444,-23.247967,-10.87499,18.623941,7.095812,40.57446,56.530144,15.254209,25.950779
2_0,2,0,225_back_left,34.28286,-13.872919,-2.930426,26.08696,-30.238106,-13.381741,21.076578,9.039435,41.442112,57.377373,15.427911,26.182522
2_0,2,0,270_backward,41.353928,-16.801853,-2.930425,20.757103,-35.954803,-12.844728,29.822107,8.952707,43.09552,57.268826,16.257977,28.10025
2_0,2,0,315_back_right,48.424995,-13.872917,-2.9304233,16.393066,-40.17489,-12.636908,42.568226,7.4836855,44.130753,53.87122,18.051235,30.74016
2_0,2,0,45_fwd_right,48.424995,0.2692162,-2.930429,18.539463,-35.28077,-14.592316,47.884712,10.127945,43.67705,53.343582,18.468792,31.014126
2_0,2,0,90_forward,41.353928,3.198148,-2.930426,22.963505,-26.469624,-11.497132,35.94124,11.217119,41.638905,55.951107,16.900753,28.851803
2_0,2,0,g000_r04,45.353928,-6.8018517,-2.9304247,22.317635,-34.39158,-14.987917,37.911037,6.73667,43.36292,55.093685,17.550108,30.019728
2_0,2,0,g000_r08,49.353928,-6.8018527,-2.9304292,16.595316,-39.169914,-14.324202,47.440872,7.6717534,44.313198,53.20827,18.504927,31.186241
2_0,2,0,g000_r12,53.353928,-6.8018503,-2.9304237,12.789013,-42.686707,-11.08893,54.7704,8.187815,45.555325,51.645035,19.425226,32.4356
2_0,2,0,g015_r04,45.217632,-5.766576,-2.930426,22.451218,-33.855972,-14.548233,37.97759,6.8674436,43.09028,55.112064,17.49567,29.930529
2_0,2,0,g015_r08,49.081337,-4.7312956,-2.930421,17.244776,-38.10911,-14.620288,47.58464,8.079305,43.98115,53.2374,18.49474,31.12623
2_0,2,0,g015_r12,52.945038,-3.6960225,-2.9304283,13.62461,-40.56787,-12.610622,54.766186,8.936942,45.256973,51.6668,19.434177,32.41114
2_0,2,0,g030_r04,44.818035,-4.8018527,-2.9304273,22.920763,-33.07417,-14.123651,37.47136,6.979934,42.779907,55.231857,17.36161,29.72689
2_0,2,0,g030_r08,48.28213,-2.801852,-2.9304276,18.453178,-36.589424,-14.756201,46.596302,8.668713,43.630604,53.503067,18.3277,30.865013
2_0,2,0,g030_r12,51.746235,-0.80185294,-2.9304292,14.928722,-37.784294,-14.241077,53.39626,9.930876,44.760372,52.00553,19.274586,32.16203
2_0,2,0,g045_r04,44.182354,-3.9734235,-2.9304237,23.649101,-31.791882,-13.738618,36.225655,7.053781,42.510498,55.39372,17.143223,29.404467
2_0,2,0,g045_r08,47.010784,-1.1449966,-2.9304237,20.257038,-34.453125,-14.556641,44.27599,9.209913,43.170246,54.02146,18.035822,30.436977
2_0,2,0,g045_r12,49.83921,1.6834283,-2.9304261,16.910086,-35.07536,-14.525837,50.69506,10.751896,44.131554,52.701897,18.90635,31.62803
2_0,2,0,g060_r04,43.353928,-3.33775,-2.930426,24.337185,-30.360645,-13.526081,34.70074,7.052034,42.350513,55.705753,16.898361,29.066685
2_0,2,0,g060_r08,45.353928,0.12635292,-2.930429,22.132208,-31.750576,-13.997908,40.961884,9.461603,42.61304,54.76804,17.625937,29.839573
2_0,2,0,g060_r12,47.353928,3.5904546,-2.9304292,19.79829,-31.989319,-14.025642,46.35016,11.594764,43.385822,53.694435,18.325233,30.804117
2_0,2,0,g075_r04,42.389206,-2.938149,-2.9304285,25.058517,-29.173616,-13.085887,33.042183,7.1006455,42.180916,55.95363,16.671734,28.769436
2_0,2,0,g075_r08,43.42448,0.9255545,-2.930428,22.76684,-29.662914,-12.922776,38.239243,9.457078,42.036785,55.561085,17.203444,29.251762
2_0,2,0,g075_r12,44.45976,4.7892585,-2.9304228,21.583672,-28.341248,-13.27711,41.569218,11.951528,42.386997,55.069,17.791418,29.945396
2_0,2,0,g090_r04,41.353928,-2.8018517,-2.9304254,25.715326,-27.882092,-12.600824,31.098246,7.2126293,41.99529,56.103893,16.459356,28.469168
2_0,2,0,g090_r08,41.353928,1.1981469,-2.9304268,23.748228,-27.469957,-11.839898,34.80229,9.719939,41.549637,55.959133,16.700504,28.68849
2_0,2,0,g090_r12,41.353928,5.198149,-2.930425,22.511568,-25.235584,-11.244387,36.74736,12.543237,41.847454,55.903984,17.123001,29.05147
2_0,2,0,g105_r04,40.318653,-2.9381487,-2.9304254,26.539581,-26.650219,-12.16855,28.939041,7.2400346,41.798275,56.13682,16.289013,28.200413
2_0,2,0,g105_r08,39.283375,0.9255562,-2.9304256,24.794708,-25.32643,-10.969222,31.043686,9.627678,40.991417,55.82156,16.249725,28.081774
2_0,2,0,g105_r12,38.2481,4.789259,-2.9304264,24.195738,-23.545082,-9.362453,32.274986,12.784586,41.021347,55.821907,16.467978,28.292469
2_0,2,0,g120_r04,39.353928,-3.3377488,-2.930425,27.534796,-25.437483,-11.787902,26.580914,6.938725,41.559204,56.129887,16.117498,27.8784
2_0,2,0,g120_r08,37.35393,0.12634964,-2.930427,26.397827,-23.495846,-10.295153,27.06074,8.992933,40.291607,55.92818,16.017088,27.698181
2_0,2,0,g120_r12,35.353928,3.5904543,-2.9304242,25.953474,-23.550728,-8.557875,29.269104,12.413386,40.047005,56.1604,16.139507,27.879482
2_0,2,0,g135_r04,38.5255,-3.973424,-2.9304247,28.046076,-24.827778,-11.601339,24.897936,6.4339805,41.3539,56.269806,16.032604,27.68118
2_0,2,0,g135_r08,35.697075,-1.1449959,-2.9304273,28.177553,-22.140196,-10.03908,23.406721,8.211188,40.173622,56.01597,15.865016,27.340017
2_0,2,0,g135_r12,32.86865,1.6834304,-2.930425,27.865746,-22.53181,-8.038722,25.248795,10.818487,39.307003,56.56365,15.761606,27.181562
2_0,2,0,g150_r04,37.889828,-4.8018513,-2.930426,27.862844,-24.96539,-11.6860285,24.161316,6.0413685,41.12609,56.320435,16.021439,27.608452
2_0,2,0,g150_r08,34.425724,-2.8018517,-2.9304245,28.485285,-22.124584,-10.501677,21.586586,6.6774154,40.225735,56.12664,15.772331,27.066101
2_0,2,0,g150_r12,30.961624,-0.80185103,-2.9304264,29.478273,-21.8377,-9.013469,21.947906,8.091014,39.273647,56.7301,15.632404,26.825974
2_0,2,0,g165_r04,37.490227,-5.7665753,-2.930425,27.643759,-25.378412,-11.784588,23.663755,5.8812766,41.183918,56.391262,15.984471,27.491909
2_0,2,0,g165_r08,33.626522,-4.7312984,-2.9304264,28.129385,-22.656559,-10.869171,20.360676,5.978117,40.68084,56.256435,15.587323,26.648386
2_0,2,0,g165_r12,29.76282,-3.696023,-2.9304252,28.204325,-21.595064,-10.230143,19.39305,6.1788445,40.337917,56.83057,15.3624325,26.232506
2_0,2,0,g180_r04,37.353928,-6.8018527,-2.9304256,27.626186,-25.938654,-11.947572,23.284222,5.8845515,41.332256,56.50194,15.897702,27.327267
2_0,2,0,g180_r08,33.353928,-6.8018527,-2.9304283,27.872684,-23.950808,-11.242271,19.82971,6.554135,40.819965,56.337803,15.400205,26.244898
2_0,2,0,g180_r12,29.353931,-6.801852,-2.9304264,27.211464,-23.02369,-10.747665,18.13415,7.4349556,40.31747,56.728107,15.193916,25.846912
2_0,2,0,g195_r04,37.490227,-7.837127,-2.9304261,27.661963,-26.90042,-12.242515,23.38202,6.0035324,41.451283,56.623623,15.831307,27.206411
2_0,2,0,g195_r08,33.626522,-8.872404,-2.930427,27.441942,-25.702156,-11.819514,20.012632,7.59405,40.941467,56.503685,15.352772,26.116987
2_0,2,0,g195_r12,29.76282,-9.90768,-2.9304302,26.341654,-26.104885,-11.942719,18.848743,8.440654,40.565037,56.81591,15.291236,26.07466
2_0,2,0,g210_r04,37.889828,-8.801851,-2.9304245,27.544094,-27.764061,-12.643777,23.684359,6.160178,41.624847,56.721863,15.800275,27.15219
2_0,2,0,g210_r08,34.425724,-10.801851,-2.9304264,27.192192,-27.66988,-12.649836,20.768276,8.200572,41.17262,56.74619,15.394112,26.172863
2_0,2,0,g210_r12,30.961624,-12.801852,-2.9304266,26.004793,-28.733763,-13.027625,19.502548,9.2658615,40.95544,57.05223,15.334932,26.146675
2_0,2,0,g225_r04,38.5255,-9.63028,-2.9304273,27.17359,-28.722061,-12.876906,24.3371,6.240536,41.870968,56.838955,15.8189335,27.20479
2_0,2,0,g225_r08,35.697075,-12.458706,-2.9304245,26.701412,-29.569008,-13.1959505,21.887562,8.460939,41.555305,57.2888,15.472251,26.268696
2_0,2,0,g225_r12,32.86865,-15.287132,-2.9304273,25.29904,-30.687012,-13.527817,20.16829,9.59218,41.430977,57.486134,15.4001665,26.14803
2_0,2,0,g240_r04,39.353928,-10.265953,-2.9304256,26.657791,-29.674349,-13.161574,25.34865,6.193696,42.180496,57.023403,15.905738,27.42055
2_0,2,0,g240_r08,37.353928,-13.730055,-2.9304264,25.843134,-31.32579,-13.4519005,23.511906,8.247225,42.04218,57.494507,15.572308,26.48607
2_0,2,0,g240_r12,35.353928,-17.194159,-2.930426,23.353579,-33.22504,-13.599089,22.6896,9.572967,42.127357,58.12132,15.532137,26.344154
2_0,2,0,g255_r04,40.318653,-10.665556,-2.9304261,25.913399,-30.730347,-13.404705,26.829418,6.2340565,42.431942,57.017437,16.07711,27.79943
2_0,2,0,g255_r08,39.283375,-14.529257,-2.9304266,24.56247,-33.23362,-13.566221,26.07064,8.225093,42.59022,57.759315,15.837129,27.255165
2_0,2,0,g255_r12,38.2481,-18.392962,-2.9304273,20.938257,-35.92909,-12.745586,26.523268,9.723912,42.83572,58.543533,15.8013525,27.119179
2_0,2,0,g270_r04,41.353928,-10.801851,-2.9304273,25.293528,-31.882862,-13.497244,28.530739,6.4926147,42.701035,57.03447,16.330599,28.275764
2_0,2,0,g270_r08,41.353928,-14.801852,-2.9304237,22.415611,-34.913544,-13.708408,29.653076,8.157281,42.987022,57.218334,16.288412,28.166283
2_0,2,0,g270_r12,41.353928,-18.801851,-2.9304256,18.89081,-36.71695,-11.40234,29.955227,9.77749,43.283554,57.268578,16.26102,28.101946
2_0,2,0,g285_r04,42.389206,-10.665554,-2.9304245,24.665604,-32.644875,-13.829955,30.265762,6.59194,42.91333,56.68868,16.558086,28.647203
2_0,2,0,g285_r08,43.42448,-14.529258,-2.930425,20.85285,-35.96567,-14.007975,33.041042,7.8980703,43.051178,56.266933,16.788593,28.995035
2_0,2,0,g285_r12,44.45976,-18.39296,-2.9304273,16.752073,-37.42813,-10.502558,34.458538,9.188425,43.159885,55.938038,16.874878,29.111647
2_0,2,0,g300_r04,43.353928,-10.265954,-2.9304242,24.065382,-33.3694,-14.274125,32.163593,6.5223627,43.100147,56.321594,16.805742,29.028154
2_0,2,0,g300_r08,45.353928,-13.730053,-2.930427,19.892757,-36.790047,-14.296764,36.183258,7.8121285,43.485905,55.407627,17.237078,29.648018
2_0,2,0,g300_r12,47.353928,-17.194157,-2.9304252,15.679556,-39.158504,-10.208318,39.225834,8.559891,43.71111,54.609585,17.548628,30.083096
2_0,2,0,g315_r04,44.182354,-9.630278,-2.9304254,23.340858,-34.344677,-14.825086,34.44782,6.3458776,43.072414,55.85871,17.168245,29.55896
2_0,2,0,g315_r08,47.010784,-12.458705,-2.9304264,18.813019,-38.60305,-14.870089,40.26408,7.2371435,43.76058,54.470642,17.829098,30.44122
2_0,2,0,g315_r12,49.83921,-15.287134,-2.9304297,14.493442,-41.933563,-9.372867,44.73098,7.723565,44.52959,53.20211,18.24684,31.033888
2_0,2,0,g330_r04,44.81803,-8.801851,-2.9304276,22.86477,-34.7,-15.149555,36.08278,6.404099,43.23522,55.460403,17.413809,29.883183
2_0,2,0,g330_r08,48.28213,-10.801852,-2.9304252,17.94704,-39.224922,-14.801726,43.23212,7.143042,44.429947,53.832203,18.159128,30.83235
2_0,2,0,g330_r12,51.746235,-12.801849,-2.9304235,12.896824,-43.093304,-8.476858,49.574306,7.6447024,45.335842,52.2963,18.810293,31.752672
2_0,2,0,g345_r04,45.217632,-7.837128,-2.9304237,22.538368,-34.635452,-15.266488,37.211258,6.555373,43.43877,55.20996,17.531424,30.013746
2_0,2,0,g345_r08,49.081337,-8.872405,-2.9304242,16.901802,-39.60294,-14.3097725,45.927963,7.325938,44.47847,53.39744,18.38584,31.08726
2_0,2,0,g345_r12,52.945038,-9.90768,-2.930428,12.222086,-43.38968,-9.457651,53.122578,7.839702,45.6059,51.82182,19.229727,32.22536
2_1,2,1,0_right,51.353928,-6.801852,-2.9304283,14.849286,-25.997236,-13.931614,42.685802,9.983306,23.44255,47.16341,20.16895,34.702156
2_1,2,1,135_fwd_left,34.28286,0.2692157,-2.9304287,20.988983,-15.750343,-26.897991,31.745827,12.503171,21.417425,53.38267,18.753626,32.324875
2_1,2,1,180_left,31.353933,-6.801854,-2.9304256,14.859735,-18.344027,-23.521599,28.797165,10.132181,23.982481,53.644936,18.526558,31.842733
2_1,2,1,225_back_left,34.28286,-13.872919,-2.930426,16.011692,-22.53252,-20.673805,26.900776,9.758362,25.927443,55.17528,18.63193,31.993357
2_1,2,1,270_backward,41.353928,-16.801853,-2.930425,8.609718,-25.73272,-14.455024,35.843548,10.402558,24.28704,52.680058,19.567682,33.759174
2_1,2,1,315_back_right,48.424995,-13.872917,-2.9304233,12.113005,-27.19612,-10.963049,39.50432,10.690386,23.784525,48.729733,20.085825,34.689426
2_1,2,1,45_fwd_right,48.424995,0.2692162,-2.930429,20.561502,-20.834902,-21.213501,39.44653,9.899725,23.242596,47.670406,19.630466,33.83281
2_1,2,1,90_forward,41.353928,3.198148,-2.930426,22.960356,-18.032078,-27.129166,37.075935,10.915688,21.931414,51.44502,19.528284,33.724648
2_1,2,1,g000_r04,45.353928,-6.8018517,-2.9304247,16.530342,-21.275574,-20.44842,36.703785,10.613757,23.733404,50.65836,19.705824,34.099655
2_1,2,1,g000_r08,49.353928,-6.8018527,-2.9304292,15.697047,-23.987278,-15.687288,39.88561,10.131892,23.67461,48.00054,19.939232,34.411552
2_1,2,1,g000_r12,53.353928,-6.8018503,-2.9304237,13.239611,-28.388878,-12.128108,46.473175,10.135895,23.109398,46.777878,20.524302,35.13223
2_1,2,1,g015_r04,45.217632,-5.766576,-2.930426,17.183329,-20.745863,-21.34808,36.735695,10.46508,23.559298,50.62537,19.694614,34.07923
2_1,2,1,g015_r08,49.081337,-4.7312956,-2.930421,17.168516,-22.86737,-17.44089,39.47023,9.961222,23.564064,47.965717,19.825962,34.212963
2_1,2,1,g015_r12,52.945038,-3.6960225,-2.9304283,15.512187,-27.046627,-13.937534,45.47115,9.927481,22.893028,46.65091,20.363813,34.88924
2_1,2,1,g030_r04,44.818035,-4.8018527,-2.9304273,17.771711,-20.132402,-22.241047,36.598217,10.406742,23.30748,50.742153,19.65923,34.020115
2_1,2,1,g030_r08,48.28213,-2.801852,-2.9304276,18.578363,-21.641363,-19.801083,39.011024,9.936081,23.434614,48.194622,19.714903,34.02778
2_1,2,1,g030_r12,51.746235,-0.80185294,-2.9304292,18.405437,-25.050573,-16.70799,43.46758,9.831466,22.887365,46.609394,20.094185,34.498264
2_1,2,1,g045_r04,44.182354,-3.9734235,-2.9304237,18.2855,-19.612026,-23.189434,36.409348,10.399672,22.874464,51.045948,19.641615,33.99293
2_1,2,1,g045_r08,47.010784,-1.1449966,-2.9304237,19.95111,-20.25526,-22.47816,38.464817,10.007875,23.260485,48.719704,19.618587,33.875122
2_1,2,1,g045_r12,49.83921,1.6834283,-2.9304261,21.035477,-21.794315,-19.974913,40.882442,9.87756,23.135355,46.88384,19.767948,33.999947
2_1,2,1,g060_r04,43.353928,-3.33775,-2.930426,18.922554,-18.923504,-24.201479,35.948093,10.483807,22.469318,51.57147,19.600132,33.924255
2_1,2,1,g060_r08,45.353928,0.12635292,-2.930429,20.907427,-18.782951,-24.621922,37.75863,10.116438,22.782757,49.509857,19.582243,33.84095
2_1,2,1,g060_r12,47.353928,3.5904546,-2.9304292,23.179285,-18.30906,-23.12244,38.36299,9.965278,23.417553,47.66258,19.508465,33.618183
2_1,2,1,g075_r04,42.389206,-2.938149,-2.9304285,19.378712,-18.43482,-24.748764,35.29404,10.679419,22.08058,51.9295,19.503956,33.756718
2_1,2,1,g075_r08,43.42448,0.9255545,-2.930428,21.55501,-18.597172,-25.85418,37.214363,10.454729,22.025377,50.80178,19.592123,33.867935
2_1,2,1,g075_r12,44.45976,4.7892585,-2.9304228,24.066841,-17.138603,-25.384811,37.428623,10.149416,23.058847,49.159412,19.525421,33.699665
2_1,2,1,g090_r04,41.353928,-2.8018517,-2.9304254,19.465858,-18.191015,-25.06085,34.722755,10.929002,22.09393,52.425583,19.449245,33.656704
2_1,2,1,g090_r08,41.353928,1.1981469,-2.9304268,22.064999,-18.477568,-26.387484,36.186047,10.936656,21.702314,51.741215,19.486254,33.67713
2_1,2,1,g090_r12,41.353928,5.198149,-2.930425,24.216063,-17.317299,-27.070822,37.194225,10.859097,22.424953,51.124447,19.543566,33.72827
2_1,2,1,g105_r04,40.318653,-2.9381487,-2.9304254,19.379635,-17.745783,-25.075596,33.883877,11.156902,22.262703,52.849384,19.3856,33.53464
2_1,2,1,g105_r08,39.283375,0.9255562,-2.9304256,22.033844,-17.545013,-26.784893,34.75261,11.499414,21.50433,52.2341,19.287693,33.303776
2_1,2,1,g105_r12,38.2481,4.789259,-2.9304264,23.767946,-17.437405,-27.957733,36.470066,12.07776,22.098444,51.980907,19.399208,33.40268
2_1,2,1,g120_r04,39.353928,-3.3377488,-2.930425,19.260904,-17.357819,-24.776096,32.82568,11.436745,22.541607,53.052032,19.239902,33.270702
2_1,2,1,g120_r08,37.35393,0.12634964,-2.930427,21.547182,-16.35008,-26.971363,33.155582,11.975767,21.58354,52.59324,19.014297,32.812214
2_1,2,1,g120_r12,35.353928,3.5904543,-2.9304242,22.266651,-17.07471,-27.854244,34.921665,12.8560095,21.439009,52.885036,19.043617,32.764343
2_1,2,1,g135_r04,38.5255,-3.973424,-2.9304247,18.925076,-17.193825,-24.372833,31.917591,11.607355,22.88623,53.225758,19.122864,33.0623
2_1,2,1,g135_r08,35.697075,-1.1449959,-2.9304273,20.475502,-15.838448,-26.396479,31.595085,12.0785475,21.986471,53.205025,18.847881,32.530624
2_1,2,1,g135_r12,32.86865,1.6834304,-2.930425,21.390911,-15.937137,-27.301199,32.1894,12.9984455,21.123547,53.649227,18.725248,32.234455
2_1,2,1,g150_r04,37.889828,-4.8018513,-2.930426,17.58794,-17.897303,-23.857883,31.962729,11.663268,23.072369,53.25431,19.105108,33.049454
2_1,2,1,g150_r08,34.425724,-2.8018517,-2.9304245,17.802092,-16.533377,-25.153788,30.964138,12.143901,22.373983,53.393486,18.802973,32.480694
2_1,2,1,g150_r12,30.961624,-0.80185103,-2.9304264,17.818962,-15.720886,-26.850746,31.104485,12.299867,21.53739,53.965237,18.658857,32.188072
2_1,2,1,g165_r04,37.490227,-5.7665753,-2.930425,16.31486,-18.713411,-23.443947,32.19971,11.470716,23.257622,53.283783,19.129192,33.10505
2_1,2,1,g165_r08,33.626522,-4.7312984,-2.9304264,15.483793,-17.895985,-23.853159,30.663143,11.464044,23.033134,53.392887,18.736334,32.35335
2_1,2,1,g165_r12,29.76282,-3.696023,-2.9304252,15.153864,-16.956005,-24.658451,29.348864,11.404651,22.453148,53.759125,18.489433,31.82764
2_1,2,1,g180_r04,37.353928,-6.8018527,-2.9304256,15.024835,-19.438305,-23.044994,32.6016,11.09896,23.535927,53.38119,19.147038,33.137436
2_1,2,1,g180_r08,33.353928,-6.8018527,-2.9304283,14.25382,-18.659525,-22.839779,30.029997,10.51022,23.944933,53.51093,18.704367,32.25511
2_1,2,1,g180_r12,29.353931,-6.801852,-2.9304264,16.124653,-17.91562,-24.243359,27.436668,9.751807,24.095207,53.874184,18.408499,31.551323
2_1,2,1,g195_r04,37.490227,-7.837127,-2.9304261,13.972276,-20.148085,-22.451647,32.950443,10.772892,23.764536,53.588398,19.191875,33.213615
2_1,2,1,g195_r08,33.626522,-8.872404,-2.930427,14.199353,-19.80735,-22.022175,29.351027,10.010344,24.618597,53.744377,18.670153,32.126
2_1,2,1,g195_r12,29.76282,-9.90768,-2.9304302,19.505686,-18.876219,-22.731754,24.036139,9.683333,25.223183,54.256157,18.254585,31.12922
2_1,2,1,g210_r04,37.889828,-8.801851,-2.9304245,13.291581,-20.886063,-21.818985,33.284824,10.565616,23.812904,53.820286,19.263288,33.33821
2_1,2,1,g210_r08,34.425724,-10.801851,-2.9304264,14.0449505,-21.115694,-21.42675,29.391586,9.816017,25.050442,54.257885,18.752462,32.277035
2_1,2,1,g210_r12,30.961624,-12.801852,-2.9304266,20.221142,-20.70995,-20.709816,22.22617,9.835828,26.365543,55.03433,18.246315,31.06324
2_1,2,1,g225_r04,38.5255,-9.63028,-2.9304273,12.835576,-21.63819,-21.316216,33.79644,10.467346,23.772116,54.08357,19.367197,33.521713
2_1,2,1,g225_r08,35.697075,-12.458706,-2.9304245,13.208162,-22.413313,-20.775166,30.385527,9.796061,25.072426,54.658554,18.91471,32.60865
2_1,2,1,g225_r12,32.86865,-15.287132,-2.9304273,18.373161,-22.402332,-20.048203,23.532179,9.84741,26.834883,55.69734,18.40127,31.437143
2_1,2,1,g240_r04,39.353928,-10.265953,-2.9304256,12.608825,-22.038702,-20.657845,34.17835,10.4762945,23.627338,54.1811,19.433767,33.636055
2_1,2,1,g240_r08,37.353928,-13.730055,-2.9304264,11.832626,-23.17942,-19.255743,31.735521,9.810657,24.552773,54.89048,19.16205,33.079834
2_1,2,1,g240_r12,35.353928,-17.194159,-2.930426,15.785126,-23.862225,-18.159754,25.677492,9.762967,26.005365,55.69924,18.681177,32.0578
2_1,2,1,g255_r04,40.318653,-10.665556,-2.9304261,12.598783,-22.433184,-20.064928,34.647648,10.581797,23.59109,53.871735,19.476242,33.70386
2_1,2,1,g255_r08,39.283375,-14.529257,-2.9304266,10.226269,-23.840878,-17.654171,33.879353,10.125186,24.112738,54.181038,19.33791,33.392067
2_1,2,1,g255_r12,38.2481,-18.392962,-2.9304273,11.660467,-25.520363,-15.970375,30.458862,10.026779,25.056145,54.60039,19.088284,32.819805
2_1,2,1,g270_r04,41.353928,-10.801851,-2.9304273,13.145716,-22.587315,-19.574497,34.80841,10.72124,23.622526,53.516342,19.55409,33.834385
2_1,2,1,g270_r08,41.353928,-14.801852,-2.9304237,9.944706,-24.767042,-16.432508,35.6111,10.425224,24.037615,53.07737,19.567053,33.799442
2_1,2,1,g270_r12,41.353928,-18.801851,-2.9304256,7.663843,-26.49246,-12.817775,35.943386,10.424261,24.597368,52.309177,19.587015,33.76274
2_1,2,1,g285_r04,42.389206,-10.665554,-2.9304245,14.03719,-22.569832,-19.01641,34.703136,10.899625,23.798658,53.024364,19.58863,33.885727
2_1,2,1,g285_r08,43.42448,-14.529258,-2.930425,11.197731,-25.286995,-14.649786,35.93933,10.742098,24.129515,51.765274,19.708548,34.059525
2_1,2,1,g285_r12,44.45976,-18.39296,-2.9304273,9.218815,-27.872242,-11.019763,37.379383,10.76867,24.118046,50.470406,19.887802,34.33961
2_1,2,1,g300_r04,43.353928,-10.265954,-2.9304242,14.823677,-22.532043,-18.576857,34.774174,11.087858,23.929634,52.349983,19.570501,33.84303
2_1,2,1,g300_r08,45.353928,-13.730053,-2.930427,12.600765,-25.581625,-13.45022,36.385372,10.938427,24.112652,50.67231,19.78465,34.194817
2_1,2,1,g300_r12,47.353928,-17.194157,-2.9304252,10.583368,-28.572634,-9.768112,39.09345,10.692506,24.020441,49.18467,20.076601,34.652554
2_1,2,1,g315_r04,44.182354,-9.630278,-2.9304254,15.073884,-22.42352,-18.579855,35.438324,11.123547,23.968348,51.7485,19.631842,33.958603
2_1,2,1,g315_r08,47.010784,-12.458705,-2.9304264,13.005361,-25.665504,-12.881896,37.81296,10.916471,23.909975,49.624027,19.925152,34.44615
2_1,2,1,g315_r12,49.83921,-15.287134,-2.9304297,10.783291,-29.445122,-9.7233305,42.09462,10.558869,23.773012,48.177944,20.325981,35.03098
2_1,2,1,g330_r04,44.81803,-8.801851,-2.9304276,15.485858,-22.039295,-18.951721,35.94841,10.975543,23.984,51.26192,19.668358,34.03379
2_1,2,1,g330_r08,48.28213,-10.801852,-2.9304252,13.796055,-25.074295,-13.377886,38.75747,10.599946,23.76467,48.8333,19.949287,34.475796
2_1,2,1,g330_r12,51.746235,-12.801849,-2.9304235,11.051954,-29.683481,-10.858649,44.764618,10.666906,23.666964,47.451714,20.484222,35.193924
2_1,2,1,g345_r04,45.217632,-7.837128,-2.9304237,15.992856,-21.729753,-19.519855,36.36347,10.831121,23.849943,50.880863,19.690998,34.07605
2_1,2,1,g345_r08,49.081337,-8.872405,-2.9304242,14.633533,-24.637878,-14.444393,39.59511,10.368924,23.653015,48.264988,19.984837,34.505737
2_1,2,1,g345_r12,52.945038,-9.90768,-2.930428,11.715141,-29.323263,-11.211727,46.318993,10.406739,23.428526,46.998142,20.582006,35.26151
2_2,2,2,0_right,51.353928,-6.801852,-2.9304283,15.970922,-2.2799091,-25.982012,42.470936,6.65727,76.516685,29.471752,19.393888,32.995987
2_2,2,2,135_fwd_left,34.28286,0.2692157,-2.9304287,28.452585,2.302105,-28.036865,25.854553,4.298138,74.14968,35.554955,16.633532,28.663435
2_2,2,2,180_left,31.353933,-6.801854,-2.9304256,26.404306,0.32063866,-25.008457,23.720629,5.9667745,74.47155,37.254883,17.175486,29.56852
2_2,2,2,225_back_left,34.28286,-13.872919,-2.930426,22.199284,-5.2287083,-23.977964,25.763039,7.8002157,74.507355,36.25988,17.61305,30.323795
2_2,2,2,270_backward,41.353928,-16.801853,-2.930425,17.973118,-5.7101536,-21.058247,31.595982,5.378185,75.92938,32.638187,17.691027,30.597574
2_2,2,2,315_back_right,48.424995,-13.872917,-2.9304233,16.13126,-4.572728,-24.526733,39.94721,2.7767937,76.84389,30.406075,18.768406,32.12908
2_2,2,2,45_fwd_right,48.424995,0.2692162,-2.930429,20.949146,1.1555195,-27.11202,36.612255,8.8777075,74.97957,29.58636,18.379389,31.63008
2_2,2,2,90_forward,41.353928,3.198148,-2.930426,28.188213,0.8979473,-28.928452,29.232248,8.086661,73.58707,32.03104,17.20353,29.74311
2_2,2,2,g000_r04,45.353928,-6.8018517,-2.9304247,21.953564,-2.8274546,-28.401314,34.81579,3.0786905,76.317696,30.776016,17.854828,30.758675
2_2,2,2,g000_r08,49.353928,-6.8018527,-2.9304292,18.199093,-2.2434235,-26.908405,39.577095,5.717345,76.46826,29.824074,18.692627,32.00615
2_2,2,2,g000_r12,53.353928,-6.8018503,-2.9304237,12.968874,-1.305172,-25.101181,46.397293,7.205075,76.401306,29.21838,20.191301,34.04687
2_2,2,2,g015_r04,45.217632,-5.766576,-2.930426,22.324139,-2.4451227,-28.859962,34.748886,3.487067,76.1372,30.849775,17.814482,30.688768
2_2,2,2,g015_r08,49.081337,-4.7312956,-2.930421,19.187609,-1.4408436,-27.47083,38.816154,6.5287414,75.940994,29.747202,18.55615,31.835806
2_2,2,2,g015_r12,52.945038,-3.6960225,-2.9304283,14.882123,-0.17079735,-25.118027,44.198444,8.704924,75.938705,29.14685,19.846043,33.64109
2_2,2,2,g030_r04,44.818035,-4.8018527,-2.9304273,22.84554,-2.108305,-29.244907,34.387463,3.7639902,75.87873,31.025427,17.753202,30.596571
2_2,2,2,g030_r08,48.28213,-2.801852,-2.9304276,20.614748,-0.76200294,-28.05405,37.42782,7.0502925,75.49108,29.800598,18.355936,31.570686
2_2,2,2,g030_r12,51.746235,-0.80185294,-2.9304292,17.324059,1.117342,-25.437542,41.172073,9.844084,75.50635,29.165993,19.288916,32.911972
2_2,2,2,g045_r04,44.182354,-3.9734235,-2.9304237,23.497364,-1.9279022,-29.592087,33.806763,3.9688363,75.64033,31.326996,17.682392,30.4949
2_2,2,2,g045_r08,47.010784,-1.1449966,-2.9304237,22.082193,-0.40105057,-28.459208,35.68903,7.3207383,75.07783,30.073076,18.073593,31.159058
2_2,2,2,g045_r12,49.83921,1.6834283,-2.9304261,20.074451,1.9018841,-26.078167,37.70685,10.290635,74.909584,29.27726,18.726337,32.133465
2_2,2,2,g060_r04,43.353928,-3.33775,-2.930426,24.359055,-1.6510162,-29.922932,33.04914,3.9724584,75.432915,31.889305,17.59811,30.37441
2_2,2,2,g060_r08,45.353928,0.12635292,-2.930429,23.917027,-0.48080826,-29.23341,33.937534,7.277025,74.64863,30.55274,17.79284,30.724209
2_2,2,2,g060_r12,47.353928,3.5904546,-2.9304292,23.098518,2.0049896,-27.328516,34.439877,10.053412,74.406334,29.641554,18.1337,31.25295
2_2,2,2,g075_r04,42.389206,-2.938149,-2.9304285,25.155369,-1.2826824,-30.00581,32.13755,3.8329887,75.43542,32.533577,17.509624,30.255241
2_2,2,2,g075_r08,43.42448,0.9255545,-2.930428,25.800247,-0.60993195,-29.316368,31.767738,7.1027627,74.27568,31.44993,17.497597,30.237417
2_2,2,2,g075_r12,44.45976,4.7892585,-2.9304228,26.486265,1.3079643,-29.008747,31.862907,9.588835,73.80354,30.315544,17.688808,30.54004
2_2,2,2,g090_r04,41.353928,-2.8018517,-2.9304254,25.941418,-0.93361473,-30.002205,31.207644,3.4602942,75.413635,32.97163,17.403973,30.088768
2_2,2,2,g090_r08,41.353928,1.1981469,-2.9304268,27.330006,-0.07962036,-28.904392,29.545727,6.720322,74.11873,32.41769,17.194044,29.7261
2_2,2,2,g090_r12,41.353928,5.198149,-2.930425,29.071234,1.7055931,-29.036976,29.062252,9.192796,73.288795,31.658531,17.276602,29.851658
2_2,2,2,g105_r04,40.318653,-2.9381487,-2.9304254,26.459803,-0.41729736,-29.758701,30.301464,2.9436224,75.234825,33.08242,17.268913,29.873955
2_2,2,2,g105_r08,39.283375,0.9255562,-2.9304256,28.317192,1.1250381,-28.129702,27.482729,5.8381295,73.97722,32.859936,16.959879,29.316324
2_2,2,2,g105_r12,38.2481,4.789259,-2.9304264,29.914658,2.3713837,-28.130703,26.652323,8.562838,72.72734,32.923103,17.002106,29.36122
2_2,2,2,g120_r04,39.353928,-3.3377488,-2.930425,26.765528,0.035419464,-29.350624,29.459682,2.4092567,75.201065,33.209362,17.146893,29.666958
2_2,2,2,g120_r08,37.35393,0.12634964,-2.930427,28.365005,2.0433693,-28.362354,27.041796,4.847824,74.26264,33.772038,16.808594,29.02686
2_2,2,2,g120_r12,35.353928,3.5904543,-2.9304242,29.513968,2.6164722,-26.712973,24.508434,7.9459167,72.92314,34.737244,16.690222,28.769785
2_2,2,2,g135_r04,38.5255,-3.973424,-2.9304247,27.061193,0.15859032,-28.539139,28.360363,1.9738632,75.24099,33.50572,17.082834,29.551548
2_2,2,2,g135_r08,35.697075,-1.1449959,-2.9304273,28.203682,1.9054165,-28.9775,27.27464,3.1139915,74.62132,34.731606,16.745958,28.89008
2_2,2,2,g135_r12,32.86865,1.6834304,-2.930425,28.755354,2.9169846,-26.054169,23.519106,6.002124,73.45186,36.35731,16.571308,28.5304
2_2,2,2,g150_r04,37.889828,-4.8018513,-2.930426,26.885895,-0.13271141,-27.776527,27.572018,1.6585892,75.241936,33.8609,17.025967,29.41909
2_2,2,2,g150_r08,34.425724,-2.8018517,-2.9304245,28.021257,1.1344662,-28.461311,26.61462,2.1348348,74.87825,35.41818,16.885551,29.145386
2_2,2,2,g150_r12,30.961624,-0.80185103,-2.9304264,27.93856,1.3155708,-28.813004,26.144411,2.795579,74.17935,37.461414,16.812912,28.969753
2_2,2,2,g165_r04,37.490227,-5.7665753,-2.930425,26.493532,-0.63967896,-26.879131,26.846842,2.046089,75.26478,34.208008,17.010687,29.345238
2_2,2,2,g165_r08,33.626522,-4.7312984,-2.9304264,27.324553,0.2608223,-26.28793,24.702412,2.9885488,74.932076,35.99076,16.913292,29.120287
2_2,2,2,g165_r12,29.76282,-3.696023,-2.9304252,27.942705,0.76556206,-26.068012,23.63401,3.9374256,74.58835,38.22076,17.000628,29.249342
2_2,2,2,g180_r04,37.353928,-6.8018527,-2.9304256,25.848862,-1.0967999,-26.158798,26.541882,2.6753504,75.22058,34.44956,17.006094,29.302849
2_2,2,2,g180_r08,33.353928,-6.8018527,-2.9304283,26.045801,-0.1818676,-24.81363,24.002237,4.7337475,74.72416,36.377365,16.997517,29.278791
2_2,2,2,g180_r12,29.353931,-6.801852,-2.9304264,26.753052,0.4557171,-25.401035,23.75637,7.207336,74.30029,38.1765,17.363108,29.853844
2_2,2,2,g195_r04,37.490227,-7.837127,-2.9304261,25.116547,-1.5098228,-25.653362,26.635965,3.1864922,75.19859,34.542454,17.027369,29.335667
2_2,2,2,g195_r08,33.626522,-8.872404,-2.930427,24.888338,-1.1829185,-24.659775,24.650528,6.0966544,74.62934,36.344494,17.21431,29.652683
2_2,2,2,g195_r12,29.76282,-9.90768,-2.9304302,25.388145,-2.1754818,-24.773106,23.580229,8.653774,74.02087,37.964516,17.58284,30.175323
2_2,2,2,g210_r04,37.889828,-8.801851,-2.9304245,24.281445,-2.1172714,-25.225634,26.961975,3.5472026,75.217354,34.521393,17.086721,29.453026
2_2,2,2,g210_r08,34.425724,-10.801851,-2.9304264,23.86264,-3.00634,-24.597773,25.334219,6.6587596,74.595955,36.13531,17.376873,29.932251
2_2,2,2,g210_r12,30.961624,-12.801852,-2.9304266,23.640877,-4.825691,-24.077791,23.757599,8.977342,73.869354,37.5946,17.66152,30.288645
2_2,2,2,g225_r04,38.5255,-9.63028,-2.9304273,23.438082,-2.765068,-24.971989,27.578829,3.7516513,75.35334,34.423462,17.17438,29.632996
2_2,2,2,g225_r08,35.697075,-12.458706,-2.9304245,22.51593,-4.364873,-24.298458,26.378885,6.7003665,74.796844,35.685654,17.459501,30.107412
2_2,2,2,g225_r12,32.86865,-15.287132,-2.9304273,21.74355,-6.4932184,-23.147179,24.694489,8.735963,74.03023,36.737225,17.713343,30.42817
2_2,2,2,g240_r04,39.353928,-10.265953,-2.9304256,22.790352,-2.9327269,-24.751202,28.359734,3.7352488,75.58598,34.245403,17.261606,29.812338
2_2,2,2,g240_r08,37.353928,-13.730055,-2.9304264,21.088594,-4.822774,-23.74406,27.87666,6.46477,75.13133,34.90116,17.56322,30.315905
2_2,2,2,g240_r12,35.353928,-17.194159,-2.930426,19.954662,-7.4808664,-23.182629,27.233015,8.2734375,74.65596,35.442596,17.818766,30.681217
2_2,2,2,g255_r04,40.318653,-10.665556,-2.9304261,22.485453,-3.0059528,-24.46236,28.988218,3.4598565,75.84056,33.81214,17.310905,29.920837
2_2,2,2,g255_r08,39.283375,-14.529257,-2.9304266,19.963829,-4.720336,-22.51129,29.203938,5.775998,75.6936,34.139442,17.543634,30.32465
2_2,2,2,g255_r12,38.2481,-18.392962,-2.9304273,18.35012,-7.5761175,-22.415232,29.876266,7.4313436,75.363434,34.232475,17.870579,30.840603
2_2,2,2,g270_r04,41.353928,-10.801851,-2.9304273,22.292122,-3.0733805,-24.20652,29.593138,3.068999,76.010994,33.119926,17.358028,30.020948
2_2,2,2,g270_r08,41.353928,-14.801852,-2.9304237,19.362385,-4.7725554,-21.937069,30.748451,4.654734,75.95837,32.660023,17.51747,30.308105
2_2,2,2,g270_r12,41.353928,-18.801851,-2.9304256,16.480291,-6.178421,-20.573528,33.004967,6.175169,75.84476,32.670834,17.934479,30.982523
2_2,2,2,g285_r04,42.389206,-10.665554,-2.9304245,22.27589,-3.0535984,-24.094532,30.172949,2.559776,76.1148,32.27704,17.35449,30.035332
2_2,2,2,g285_r08,43.42448,-14.529258,-2.930425,19.336205,-4.5950785,-21.800621,32.171684,3.6221774,76.24366,31.778234,17.532555,30.331886
2_2,2,2,g285_r12,44.45976,-18.39296,-2.9304273,15.875379,-5.0980988,-19.861206,35.783676,4.726805,76.04186,31.885916,18.17662,31.345724
2_2,2,2,g300_r04,43.353928,-10.265954,-2.9304242,22.126736,-2.998847,-24.643711,31.22293,2.1460311,76.260704,31.642422,17.426458,30.162771
2_2,2,2,g300_r08,45.353928,-13.730053,-2.930427,19.09906,-4.5780745,-22.810993,34.180603,2.6602678,76.52978,31.20366,17.752,30.678745
2_2,2,2,g300_r12,47.353928,-17.194157,-2.9304252,14.910452,-4.916292,-21.785854,39.482304,3.1210084,76.45426,30.91586,18.677723,32.04581
2_2,2,2,g315_r04,44.182354,-9.630278,-2.9304254,21.949162,-3.2635622,-25.819092,32.5383,1.6282034,76.38177,31.205078,17.559998,30.368626
2_2,2,2,g315_r08,47.010784,-12.458705,-2.9304264,18.46045,-4.6333427,-25.01985,36.93644,2.135379,76.68344,30.619568,18.178497,31.297506
2_2,2,2,g315_r12,49.83921,-15.287134,-2.9304297,13.356277,-4.560484,-24.510115,43.723545,3.5452967,77.051414,30.085892,19.468447,33.06325
2_2,2,2,g330_r04,44.81803,-8.801851,-2.9304276,21.8227,-3.3341722,-26.871399,33.64299,1.9211031,76.477905,30.949373,17.701271,30.565931
2_2,2,2,g330_r08,48.28213,-10.801852,-2.9304252,18.013569,-4.15195,-26.59436,38.992165,3.6056478,76.96738,30.211079,18.588457,31.844675
2_2,2,2,g330_r12,51.746235,-12.801849,-2.9304235,12.132093,-3.6212196,-25.237108,46.38052,4.84544,77.22091,29.580511,20.072641,33.82558
2_2,2,2,g345_r04,45.217632,-7.837128,-2.9304237,21.7742,-3.2267942,-27.890211,34.552,2.57844,76.43513,30.802732,17.832695,30.742096
2_2,2,2,g345_r08,49.081337,-8.872405,-2.9304242,17.886133,-3.1320848,-26.707203,39.64123,4.8204303,76.87575,29.964811,18.731503,32.046307
2_2,2,2,g345_r12,52.945038,-9.90768,-2.930428,12.110946,-2.5587826,-25.151361,47.065903,5.812226,76.87228,29.363855,20.26222,34.095745
2_9,2,9,0_right,51.353928,-6.801852,-2.9304283,8.806347,-29.156372,15.553556,51.494457,14.436192,81.618546,65.15581,20.393864,33.651608
2_9,2,9,135_fwd_left,34.28286,0.2692157,-2.9304287,22.682877,-3.5805655,-11.9829235,15.209474,16.951555,80.55606,67.35408,15.511331,26.291319
2_9,2,9,180_left,31.353933,-6.801854,-2.9304256,19.625513,-1.0396194,-9.283074,14.529809,13.645275,82.776375,68.50358,15.599131,26.397087
2_9,2,9,225_back_left,34.28286,-13.872919,-2.930426,13.759057,-10.884832,7.1718273,23.069693,18.742617,81.62242,68.158646,16.241358,27.858538
2_9,2,9,270_backward,41.353928,-16.801853,-2.930425,9.88718,-17.521935,12.673708,35.130665,20.339674,84.41548,68.23227,17.73094,30.101688
2_9,2,9,315_back_right,48.424995,-13.872917,-2.9304233,7.8067646,-25.123718,16.200506,46.286217,13.468997,84.92572,67.45551,19.679337,32.605453
2_9,2,9,45_fwd_right,48.424995,0.2692162,-2.930429,13.762664,-20.14201,6.305132,41.272156,17.342556,78.54088,63.187336,18.210392,30.991861
2_9,2,9,90_forward,41.353928,3.198148,-2.930426,21.994366,-12.118753,-5.2068524,24.79077,20.928417,77.772865,63.894497,16.236296,27.912586
2_9,2,9,g000_r04,45.353928,-6.8018517,-2.9304247,11.298298,-15.705973,3.9949493,35.875202,12.195181,81.37297,64.900085,17.262253,29.62357
2_9,2,9,g000_r08,49.353928,-6.8018527,-2.9304292,9.252729,-24.952103,10.496098,46.01966,13.849144,81.67315,65.087944,19.198067,32.19377
2_9,2,9,g000_r12,53.353928,-6.8018503,-2.9304237,8.807085,-32.795883,20.001343,56.44446,14.8008795,81.28142,65.275185,21.589863,35.035664
2_9,2,9,g015_r04,45.217632,-5.766576,-2.930426,11.813156,-15.766237,3.2445955,35.411625,12.919388,80.91936,64.653275,17.139639,29.468336
2_9,2,9,g015_r08,49.081337,-4.7312956,-2.930421,10.440102,-23.685663,8.703489,44.584312,14.792299,80.6767,64.47462,18.858614,31.796854
2_9,2,9,g015_r12,52.945038,-3.6960225,-2.9304283,10.233738,-30.438557,18.162186,54.6289,15.513936,79.86372,64.42652,21.031008,34.42553
2_9,2,9,g030_r04,44.818035,-4.8018527,-2.9304273,12.602013,-15.539209,2.3725014,34.369812,13.64817,80.55099,64.48027,16.939396,29.186296
2_9,2,9,g030_r08,48.28213,-2.801852,-2.9304276,12.082111,-20.90338,6.267313,41.50548,15.715493,79.75504,63.80533,18.282688,31.07325
2_9,2,9,g030_r12,51.746235,-0.80185294,-2.9304292,11.868448,-26.593342,14.276669,50.5126,16.52399,78.72611,63.610188,20.0971,33.357395
2_9,2,9,g045_r04,44.182354,-3.9734235,-2.9304237,13.499473,-14.88614,1.4365892,32.857227,14.164966,80.32986,64.47134,16.711897,28.843864
2_9,2,9,g045_r08,47.010784,-1.1449966,-2.9304237,13.890599,-19.080362,4.389678,38.36936,16.770697,79.10485,63.59625,17.658506,30.234158
2_9,2,9,g045_r12,49.83921,1.6834283,-2.9304261,14.04157,-21.831799,8.682131,44.376667,17.637194,77.89666,62.941605,18.911585,31.90901
2_9,2,9,g060_r04,43.353928,-3.33775,-2.930426,14.4332075,-13.791172,0.1761427,30.908459,14.430829,80.191536,64.60342,16.45548,28.436565
2_9,2,9,g060_r08,45.353928,0.12635292,-2.930429,16.10715,-16.950262,1.7299929,34.186317,17.914824,78.72341,63.624657,17.041178,29.334019
2_9,2,9,g060_r12,47.353928,3.5904546,-2.9304292,16.250782,-18.442669,4.730565,38.87872,19.110186,77.50927,62.782578,17.834557,30.47127
2_9,2,9,g075_r04,42.389206,-2.938149,-2.9304285,15.440055,-12.514472,-0.9901209,28.665789,14.628364,80.08706,64.62913,16.116455,27.874498
2_9,2,9,g075_r08,43.42448,0.9255545,-2.930428,18.230976,-14.5847,-1.3100224,29.629484,18.655985,78.54076,64.00932,16.54639,28.53244
2_9,2,9,g075_r12,44.45976,4.7892585,-2.9304228,19.504852,-15.091946,-0.13877392,32.02816,20.783237,77.27304,63.087418,17.008734,29.222189
2_9,2,9,g090_r04,41.353928,-2.8018517,-2.9304254,16.482153,-10.782533,-2.0605173,26.135286,14.3352785,80.235016,64.7492,15.776374,27.274742
2_9,2,9,g090_r08,41.353928,1.1981469,-2.9304268,20.297623,-12.225979,-4.0610356,24.997068,19.061249,78.4667,64.230225,16.08202,27.714703
2_9,2,9,g090_r12,41.353928,5.198149,-2.930425,23.080095,-11.918018,-6.0712504,25.234121,22.300192,77.24513,63.511013,16.447193,28.207066
2_9,2,9,g105_r04,40.318653,-2.9381487,-2.9304254,17.489174,-8.873127,-3.1542873,23.589386,13.693762,80.53106,65.09615,15.534,26.825422
2_9,2,9,g105_r08,39.283375,0.9255562,-2.9304256,21.649406,-9.003378,-7.090546,20.66028,18.70042,79.10101,65.016106,15.726324,27.015295
2_9,2,9,g105_r12,38.2481,4.789259,-2.9304264,25.25255,-9.9316225,-9.830502,20.81345,22.848433,77.617134,64.92437,16.068882,27.441788
2_9,2,9,g120_r04,39.353928,-3.3377488,-2.930425,18.097433,-7.130618,-4.095138,21.623621,12.677314,81.03211,65.45718,15.329693,26.426697
2_9,2,9,g120_r08,37.35393,0.12634964,-2.930427,21.996315,-6.111886,-9.697801,17.90445,17.11245,79.85866,65.9001,15.451026,26.451376
2_9,2,9,g120_r12,35.353928,3.5904543,-2.9304242,24.616072,-8.635501,-10.698142,18.03089,22.237709,78.35547,66.59669,15.97797,27.087837
2_9,2,9,g135_r04,38.5255,-3.973424,-2.9304247,18.365038,-5.6391735,-4.679877,20.304668,11.673336,81.868904,65.82494,15.217093,26.193417
2_9,2,9,g135_r08,35.697075,-1.1449959,-2.9304273,21.994682,-2.9534006,-11.478746,16.251143,14.608275,80.96082,66.76524,15.284584,26.050709
2_9,2,9,g135_r12,32.86865,1.6834304,-2.930425,23.001245,-4.825816,-11.42609,14.557206,19.504196,79.88356,67.943474,15.80077,26.594526
2_9,2,9,g150_r04,37.889828,-4.8018513,-2.930426,18.382069,-4.910715,-5.4227743,19.66663,10.98786,82.52024,66.20769,15.207118,26.153614
2_9,2,9,g150_r08,34.425724,-2.8018517,-2.9304245,21.32013,-0.9510994,-13.554165,16.97191,11.417863,82.227455,67.29937,15.415222,26.256283
2_9,2,9,g150_r12,30.961624,-0.80185103,-2.9304264,21.6193,0.26457024,-15.88234,16.00526,14.025468,81.638916,68.69996,15.720955,26.547821
2_9,2,9,g165_r04,37.490227,-5.7665753,-2.930425,18.110435,-4.8416147,-5.1140895,19.524351,11.132054,82.896645,66.53745,15.289671,26.287167
2_9,2,9,g165_r08,33.626522,-4.7312984,-2.9304264,20.719635,-1.1333485,-11.189734,15.740049,11.088898,82.971954,67.71902,15.51316,26.337132
2_9,2,9,g165_r12,29.76282,-3.696023,-2.9304252,21.839798,1.7047329,-16.119587,16.306332,11.28132,82.64098,68.93745,15.795165,26.681072
2_9,2,9,g180_r04,37.353928,-6.8018527,-2.9304256,17.710714,-5.2532625,-3.5999155,19.715532,12.022897,83.20157,66.76762,15.317978,26.357843
2_9,2,9,g180_r08,33.353928,-6.8018527,-2.9304283,19.094727,-2.5692167,-7.3008494,15.502922,13.34409,83.13169,68.08043,15.420324,26.22371
2_9,2,9,g180_r12,29.353931,-6.801852,-2.9304264,20.119844,0.21880722,-10.731648,13.979166,13.815472,82.276024,68.93456,15.79796,26.577868
2_9,2,9,g195_r04,37.490227,-7.837127,-2.9304261,16.839027,-5.962823,-1.9805336,20.757826,13.229976,83.37033,66.94128,15.355984,26.464031
2_9,2,9,g195_r08,33.626522,-8.872404,-2.930427,17.475256,-4.244768,-3.793995,16.823322,15.1699095,82.8568,68.15496,15.512332,26.488047
2_9,2,9,g195_r12,29.76282,-9.90768,-2.9304302,18.492191,-3.8914804,-1.164568,12.897285,15.756167,81.21722,68.992775,15.985807,26.767464
2_9,2,9,g210_r04,37.889828,-8.801851,-2.9304245,15.756485,-6.9949923,-0.14145756,22.38142,14.142966,83.46094,67.0308,15.475125,26.722464
2_9,2,9,g210_r08,34.425724,-10.801851,-2.9304264,15.385921,-6.918907,0.1739912,19.678127,16.666218,82.56806,68.12802,15.697367,26.92732
2_9,2,9,g210_r12,30.961624,-12.801852,-2.9304266,16.399113,-7.9981346,6.2329426,17.863644,17.575758,80.53879,68.9272,16.275246,27.532707
2_9,2,9,g225_r04,38.5255,-9.63028,-2.9304273,14.662989,-8.061931,1.7777929,24.37307,14.782365,83.5612,67.061386,15.679222,27.112158
2_9,2,9,g225_r08,35.697075,-12.458706,-2.9304245,13.380503,-9.568021,3.8902597,23.513979,17.873442,82.51294,67.774414,15.9745,27.512629
2_9,2,9,g225_r12,32.86865,-15.287132,-2.9304273,13.933407,-11.67281,10.936113,23.746319,19.309578,80.46008,68.45319,16.584652,28.31351
2_9,2,9,g240_r04,39.353928,-10.265953,-2.9304256,14.000966,-8.982496,3.1777287,26.109951,15.145788,83.642494,66.87049,15.879687,27.468075
2_9,2,9,g240_r08,37.353928,-13.730055,-2.9304264,12.174463,-11.388254,5.915344,26.790617,18.592619,82.90689,67.50627,16.29238,28.084023
2_9,2,9,g240_r12,35.353928,-17.194159,-2.930426,12.272272,-15.394267,13.625084,28.462034,20.820969,81.36415,67.99283,16.948664,29.000088
2_9,2,9,g255_r04,40.318653,-10.665556,-2.9304261,13.576498,-9.828706,4.372923,27.734133,15.066497,83.70253,66.56618,16.008831,27.68693
2_9,2,9,g255_r08,39.283375,-14.529257,-2.9304266,11.218264,-12.925898,8.064922,30.184746,19.068365,83.4984,67.23555,16.68385,28.691172
2_9,2,9,g255_r12,38.2481,-18.392962,-2.9304273,10.601009,-18.177855,14.3754635,32.617508,21.713669,82.65071,67.83421,17.493828,29.797031
2_9,2,9,g270_r04,41.353928,-10.801851,-2.9304273,12.892183,-10.969425,5.187046,29.597168,14.520066,83.79749,66.44641,16.236998,28.047852
2_9,2,9,g270_r08,41.353928,-14.801852,-2.9304237,10.791637,-15.245098,10.128088,33.23815,18.669489,84.462364,67.63271,17.151417,29.35308
2_9,2,9,g270_r12,41.353928,-18.801851,-2.9304256,9.21274,-20.05793,15.465189,37.05445,21.717308,84.30757,68.823906,18.319103,30.826294
2_9,2,9,g285_r04,42.389206,-10.665554,-2.9304245,12.1968,-12.031772,5.7711334,31.450994,13.634862,83.81713,66.403496,16.47921,28.429853
2_9,2,9,g285_r08,43.42448,-14.529258,-2.930425,10.708811,-16.53625,12.00255,36.01856,17.302794,85.13305,67.96348,17.572298,29.888872
2_9,2,9,g285_r12,44.45976,-18.39296,-2.9304273,9.288786,-22.273907,18.898523,41.57598,20.515598,86.37152,69.357735,19.123217,31.829262
2_9,2,9,g300_r04,43.353928,-10.265954,-2.9304242,11.504293,-13.102329,6.213217,33.257336,12.77435,83.76131,66.253716,16.722311,28.790562
2_9,2,9,g300_r08,45.353928,-13.730053,-2.930427,9.530338,-18.797552,12.087992,39.173485,15.321553,85.265564,67.79459,18.130457,30.628838
2_9,2,9,g300_r12,47.353928,-17.194157,-2.9304252,7.87636,-25.5568,19.328045,46.085266,17.116282,86.486534,68.80244,19.875654,32.77805
2_9,2,9,g315_r04,44.182354,-9.630278,-2.9304254,11.122755,-14.225407,5.9231434,34.5317,11.917918,83.38129,65.995674,16.945393,29.122215
2_9,2,9,g315_r08,47.010784,-12.458705,-2.9304264,8.879507,-21.278442,12.102007,41.925602,12.995171,84.53333,67.07336,18.644655,31.335266
2_9,2,9,g315_r12,49.83921,-15.287134,-2.9304297,6.9374256,-28.912811,19.975906,50.50666,14.039804,85.37486,67.652534,20.729925,33.875324
2_9,2,9,g330_r04,44.81803,-8.801851,-2.9304276,10.876884,-15.075312,5.497862,35.53018,11.580138,82.62346,65.64184,17.155901,29.431566
2_9,2,9,g330_r08,48.28213,-10.801852,-2.9304252,8.381599,-22.86615,11.903803,44.245384,12.287592,83.43776,66.342224,19.091175,31.951206
2_9,2,9,g330_r12,51.746235,-12.801849,-2.9304235,6.8358517,-31.522022,20.636482,54.0628,13.72368,84.19813,66.837776,21.434103,34.76502
2_9,2,9,g345_r04,45.217632,-7.837128,-2.9304237,10.855974,-15.46787,4.696866,36.01565,11.659826,81.88262,65.231606,17.286165,29.630577
2_9,2,9,g345_r08,49.081337,-8.872405,-2.9304242,8.630569,-24.260622,11.751196,45.701332,12.880815,82.483185,65.68489,19.276142,32.242
2_9,2,9,g345_r12,52.945038,-9.90768,-2.930428,7.4836617,-33.112232,20.668367,56.232475,14.142669,82.80753,66.086716,21.728235,35.160336
3_0,3,0,0_right,51.353928,-6.801852,-2.9304283,-3.8083782,5.0212383,13.617564,58.79202,13.46849,45.766968,34.051144,27.54979,46.892963
3_0,3,0,135_fwd_left,34.28286,0.2692157,-2.9304287,-0.24781227,-7.194768,-8.048036,35.69689,12.316311,50.166645,17.61163,25.02819,43.104614
3_0,3,0,180_left,31.353933,-6.801854,-2.9304256,3.4933186,-12.61991,0.5641031,28.675344,11.755947,50.935524,20.63876,24.51867,41.43245
3_0,3,0,225_back_left,34.28286,-13.872919,-2.930426,1.7497845,-11.67144,10.910977,35.423607,12.665756,51.78836,19.461231,24.688538,42.2795
3_0,3,0,270_backward,41.353928,-16.801853,-2.930425,-2.7985878,-4.518957,11.724879,48.115402,14.629066,50.885815,20.80353,26.101202,45.17171
3_0,3,0,315_back_right,48.424995,-13.872917,-2.9304233,-5.467945,2.5385551,13.360023,58.644386,14.835777,47.787815,30.571234,27.910252,47.783615
3_0,3,0,45_fwd_right,48.424995,0.2692162,-2.930429,-1.8511715,3.076933,7.434901,51.41028,11.520402,46.02779,28.342472,26.14235,44.805126
3_0,3,0,90_forward,41.353928,3.198148,-2.930426,0.77111816,-4.729705,1.1196842,41.54779,11.260937,48.45748,17.04597,24.946255,43.135677
3_0,3,0,g000_r04,45.353928,-6.8018517,-2.9304247,-3.1447124,0.282753,6.0644712,49.831898,12.811321,48.461575,23.036983,26.390371,45.576252
3_0,3,0,g000_r08,49.353928,-6.8018527,-2.9304292,-3.7259426,3.6162395,10.166562,55.655556,13.066147,46.556023,29.89904,27.100525,46.388916
3_0,3,0,g000_r12,53.353928,-6.8018503,-2.9304237,-3.4808445,6.355591,16.934723,61.627377,14.349787,45.04133,38.82497,28.080551,47.523003
3_0,3,0,g015_r04,45.217632,-5.766576,-2.930426,-2.8434677,0.15026474,5.6828947,49.184017,12.514606,48.44284,22.537006,26.226254,45.307503
3_0,3,0,g015_r08,49.081337,-4.7312956,-2.930421,-3.125986,3.3372898,9.098805,54.179413,12.470006,46.475544,29.201307,26.779554,45.861557
3_0,3,0,g015_r12,52.945038,-3.6960225,-2.9304283,-2.6774635,6.270731,14.93714,59.265915,13.568777,44.88411,37.42651,27.558144,46.737625
3_0,3,0,g030_r04,44.818035,-4.8018527,-2.9304273,-2.6368732,-0.22206879,5.101081,48.34716,12.227626,48.633377,21.629166,26.035025,45.004917
3_0,3,0,g030_r08,48.28213,-2.801852,-2.9304276,-2.600092,2.5698223,7.8399286,52.28629,11.941814,46.64731,27.849379,26.411602,45.29978
3_0,3,0,g030_r12,51.746235,-0.80185294,-2.9304292,-1.7010822,5.6151257,12.205768,55.918674,12.641282,44.9079,34.691475,26.920975,45.808456
3_0,3,0,g045_r04,44.182354,-3.9734235,-2.9304237,-2.4586983,-0.8610115,4.3948946,47.315273,12.039027,49.0283,20.39188,25.860893,44.731983
3_0,3,0,g045_r08,47.010784,-1.1449966,-2.9304237,-1.8905697,1.4683971,6.5331507,49.877163,11.530903,47.05685,25.57812,26.04738,44.805527
3_0,3,0,g045_r12,49.83921,1.6834283,-2.9304261,-1.1359997,4.359915,8.768565,52.368904,11.845402,45.1272,31.219889,26.27617,44.88827
3_0,3,0,g060_r04,43.353928,-3.33775,-2.930426,-2.176958,-1.7108192,3.473135,46.00776,11.891765,49.502438,19.12576,25.660074,44.403885
3_0,3,0,g060_r08,45.353928,0.12635292,-2.930429,-1.2564507,-0.037265778,5.1905584,47.31284,11.316728,47.711674,22.304924,25.654835,44.292133
3_0,3,0,g060_r12,47.353928,3.5904546,-2.9304292,-0.32110596,2.4153118,5.7040014,48.464867,11.208802,45.661842,26.98674,25.74378,44.225925
3_0,3,0,g075_r04,42.389206,-2.938149,-2.9304285,-1.9986057,-2.729744,2.3600311,44.70246,11.731709,49.91611,18.231813,25.543402,44.219368
3_0,3,0,g075_r08,43.42448,0.9255545,-2.930428,-0.5537815,-2.1422157,3.179387,44.506504,11.196609,48.490818,19.132933,25.280697,43.71453
3_0,3,0,g075_r12,44.45976,4.7892585,-2.9304228,1.1224651,-0.29773712,3.0367327,44.040955,11.138912,46.55577,21.42095,25.197989,43.5204
3_0,3,0,g090_r04,41.353928,-2.8018517,-2.9304254,-1.861166,-3.7505322,1.0642862,43.409702,11.83269,50.246162,17.364233,25.419106,44.00722
3_0,3,0,g090_r08,41.353928,1.1981469,-2.9304268,-0.3718071,-4.6258707,1.3328533,42.345387,11.322771,49.240566,17.062914,25.067928,43.3624
3_0,3,0,g090_r12,41.353928,5.198149,-2.930425,2.203621,-4.276391,0.64912796,40.43917,11.425499,47.700905,17.24682,24.860334,42.97151
3_0,3,0,g105_r04,40.318653,-2.9381487,-2.9304254,-1.6288509,-4.5729885,-0.012905121,42.08061,12.12362,50.483112,16.666397,25.322023,43.835236
3_0,3,0,g105_r08,39.283375,0.9255562,-2.9304256,-0.18334198,-5.927943,-1.2896223,40.09095,11.584126,49.66398,15.975318,24.967653,43.169388
3_0,3,0,g105_r12,38.2481,4.789259,-2.9304264,1.9822025,-6.287512,-2.3238134,37.924637,11.802138,48.308086,16.04923,24.776066,42.79083
3_0,3,0,g120_r04,39.353928,-3.3377488,-2.930425,-1.4120445,-5.0310316,-0.97635365,40.84789,12.3258505,50.643486,16.355795,25.267197,43.731266
3_0,3,0,g120_r08,37.35393,0.12634964,-2.930427,-0.5091038,-6.049061,-4.1851397,38.383846,11.878336,50.11234,16.185108,24.997326,43.186966
3_0,3,0,g120_r12,35.353928,3.5904543,-2.9304242,0.72081757,-6.4553432,-6.451076,36.232105,12.000667,49.02874,16.938194,24.911499,42.942722
3_0,3,0,g135_r04,38.5255,-3.973424,-2.9304247,-1.1912575,-5.8617764,-1.394311,39.791286,12.496672,50.7203,16.441622,25.228884,43.64675
3_0,3,0,g135_r08,35.697075,-1.1449959,-2.9304273,-0.49894905,-6.7933626,-6.1124697,36.77202,12.423529,50.381092,16.981329,25.046347,43.217426
3_0,3,0,g135_r12,32.86865,1.6834304,-2.930425,0.21139717,-7.2662745,-9.660442,34.523705,12.279112,49.800304,18.39463,25.01114,42.974205
3_0,3,0,g150_r04,37.889828,-4.8018513,-2.930426,-1.0902367,-6.917782,-1.224246,39.07472,12.568423,50.798695,16.736725,25.171125,43.51323
3_0,3,0,g150_r08,34.425724,-2.8018517,-2.9304245,-0.17334557,-8.347323,-5.9875264,35.17376,12.622885,50.140553,18.046648,25.031485,43.076874
3_0,3,0,g150_r12,30.961624,-0.80185103,-2.9304264,1.4956837,-9.0121,-10.371706,31.480509,12.749126,49.877537,20.089981,24.948603,42.71154
3_0,3,0,g165_r04,37.490227,-5.7665753,-2.930425,-0.86997414,-7.801898,-0.34722614,38.500916,12.58773,51.003967,17.050377,25.089512,43.31909
3_0,3,0,g165_r08,33.626522,-4.7312984,-2.9304264,1.0730686,-10.11811,-3.4518948,33.000256,12.203259,50.487362,19.007019,24.813822,42.44539
3_0,3,0,g165_r12,29.76282,-3.696023,-2.9304252,4.2269115,-13.095267,-5.6089087,27.342323,11.859421,50.343254,21.750278,24.665363,41.706852
3_0,3,0,g180_r04,37.353928,-6.8018527,-2.9304256,-0.57551575,-8.432439,0.9199829,38.159233,12.533682,51.25025,17.286814,25.002766,43.11403
3_0,3,0,g180_r08,33.353928,-6.8018527,-2.9304283,2.0788288,-11.252993,0.024038315,31.728115,11.948583,51.025146,19.394886,24.614614,41.871468
3_0,3,0,g180_r12,29.353931,-6.801852,-2.9304264,5.362049,-14.511219,1.0712309,25.515839,11.73046,50.9939,22.088741,24.510456,41.232
3_0,3,0,g195_r04,37.490227,-7.837127,-2.9304261,-0.54811287,-8.532861,2.3209782,38.405422,12.522366,51.476513,17.386312,24.971035,43.038322
3_0,3,0,g195_r08,33.626522,-8.872404,-2.930427,2.4576435,-11.906994,3.597684,31.989435,12.1701145,51.386013,19.513876,24.548658,41.738567
3_0,3,0,g195_r12,29.76282,-9.90768,-2.9304302,4.666813,-14.753245,6.406472,27.21152,12.191048,51.306023,21.355907,24.546324,41.46882
3_0,3,0,g210_r04,37.889828,-8.801851,-2.9304245,-0.7545395,-8.261606,3.7409067,39.21971,12.638372,51.774517,17.390602,25.04547,43.20998
3_0,3,0,g210_r08,34.425724,-10.801851,-2.9304264,2.1953983,-11.653091,6.5458326,33.605324,12.413586,51.58448,19.280731,24.58192,41.904953
3_0,3,0,g210_r12,30.961624,-12.801852,-2.9304266,3.4777317,-14.490583,10.6289625,30.69321,12.457489,51.70092,20.85869,24.613607,41.84274
3_0,3,0,g225_r04,38.5255,-9.63028,-2.9304273,-1.0548477,-7.6704597,4.8693113,40.38912,12.803289,52.063076,17.480429,25.170233,43.4814
3_0,3,0,g225_r08,35.697075,-12.458706,-2.9304245,1.2046185,-10.447951,8.449279,36.37678,12.701247,51.792137,18.618166,24.723763,42.40218
3_0,3,0,g225_r12,32.86865,-15.287132,-2.9304273,1.9342594,-12.669738,13.512446,35.130547,12.694386,51.84149,20.144344,24.735632,42.37723
3_0,3,0,g240_r04,39.353928,-10.265953,-2.9304256,-1.6529408,-6.9137564,5.7741747,42.054375,12.952463,52.125366,17.79439,25.340302,43.819145
3_0,3,0,g240_r08,37.353928,-13.730055,-2.9304264,-0.093481064,-8.710174,9.477784,39.76772,13.078018,51.92464,18.15152,25.014467,43.124588
3_0,3,0,g240_r12,35.353928,-17.194159,-2.930426,0.19743729,-10.074093,14.619702,39.93346,13.291395,51.849155,18.991053,25.053219,43.222584
3_0,3,0,g255_r04,40.318653,-10.665556,-2.9304261,-2.3035755,-6.101012,6.4443064,43.879097,13.2216625,51.948257,18.522228,25.587805,44.29044
3_0,3,0,g255_r08,39.283375,-14.529257,-2.9304266,-1.416645,-6.7114315,10.012418,43.418053,13.718284,51.772087,18.82748,25.45413,44.021652
3_0,3,0,g255_r12,38.2481,-18.392962,-2.9304273,-1.0437908,-7.1508465,14.3317995,44.364655,14.218805,51.476738,19.396164,25.587221,44.273163
3_0,3,0,g270_r04,41.353928,-10.801851,-2.9304273,-3.032547,-4.996065,6.718932,45.792755,13.540532,51.577618,19.13747,25.840586,44.74389
3_0,3,0,g270_r08,41.353928,-14.801852,-2.9304237,-2.8642788,-4.8833475,9.982444,47.120792,14.366207,51.263668,20.170746,25.969334,44.95743
3_0,3,0,g270_r12,41.353928,-18.801851,-2.9304256,-2.9097157,-4.044611,13.716014,49.53938,14.80488,50.53631,21.598873,26.299906,45.481792
3_0,3,0,g285_r04,42.389206,-10.665554,-2.9304245,-3.5577316,-3.707305,6.756261,47.469677,13.662398,51.03691,19.86072,26.088335,45.169777
3_0,3,0,g285_r08,43.42448,-14.529258,-2.930425,-3.8911247,-2.9420452,10.134772,50.4354,14.51373,50.404797,22.388496,26.595911,45.963604
3_0,3,0,g285_r12,44.45976,-18.39296,-2.9304273,-5.289051,-1.7816849,13.405267,54.9339,15.216007,49.924873,26.03247,27.256645,46.90184
3_0,3,0,g300_r04,43.353928,-10.265954,-2.9304242,-3.6718273,-2.438445,6.8266973,48.661003,13.593926,50.299698,20.809223,26.301579,45.514694
3_0,3,0,g300_r08,45.353928,-13.730053,-2.930427,-4.63764,-0.7114868,10.183326,53.29738,14.550847,49.428204,24.884634,27.094515,46.68977
3_0,3,0,g300_r12,47.353928,-17.194157,-2.9304252,-6.022503,1.2145405,15.137115,59.282032,15.373568,48.77564,30.570084,28.008587,47.933857
3_0,3,0,g315_r04,44.182354,-9.630278,-2.9304254,-3.6809254,-1.3963928,6.794944,49.53053,13.465713,49.610973,21.841951,26.44165,45.720257
3_0,3,0,g315_r08,47.010784,-12.458705,-2.9304264,-4.8033066,1.3197746,10.312007,55.225975,14.380245,48.278885,27.152702,27.38802,47.080856
3_0,3,0,g315_r12,49.83921,-15.287134,-2.9304297,-6.126999,3.7312622,16.725994,62.29198,15.36964,47.189846,34.352898,28.470318,48.48695
3_0,3,0,g330_r04,44.81803,-8.801851,-2.9304276,-3.5634212,-0.49362183,6.7015944,50.02567,13.278568,49.04549,22.621368,26.512545,45.808067
3_0,3,0,g330_r08,48.28213,-10.801852,-2.9304252,-4.6183205,2.8688145,10.546338,56.27582,14.10022,47.43103,28.876297,27.461866,47.123264
3_0,3,0,g330_r12,51.746235,-12.801849,-2.9304235,-5.3947105,5.2908726,17.6876,63.384045,15.1204405,46.02656,37.113693,28.528748,48.392284
3_0,3,0,g345_r04,45.217632,-7.837128,-2.9304237,-3.3859024,0.21019745,6.339881,50.129845,13.079193,48.651394,23.062235,26.492924,45.756233
3_0,3,0,g345_r08,49.081337,-8.872405,-2.9304242,-4.289055,3.396143,10.679332,56.4282,13.653371,46.85973,29.810007,27.342566,46.84437
3_0,3,0,g345_r12,52.945038,-9.90768,-2.930428,-4.393276,6.0020714,17.815277,63.017353,14.858196,45.39002,38.67691,28.417603,48.08277
3_1,3,1,0_right,51.353928,-6.801852,-2.9304283,-16.048061,6.559025,33.971004,77.99524,10.541952,75.287025,54.917744,41.381985,71.57138
3_1,3,1,135_fwd_left,34.28286,0.2692157,-2.9304287,-15.813648,0.23587418,16.182137,53.618576,9.589412,67.8067,42.218224,39.327225,67.29937
3_1,3,1,180_left,31.353933,-6.801854,-2.9304256,-18.499489,-3.841322,23.277008,56.399986,10.714115,70.38705,42.916576,39.178234,67.64082
3_1,3,1,225_back_left,34.28286,-13.872919,-2.930426,-17.985092,-2.7006502,28.615288,62.0636,8.983978,72.84689,43.06466,39.88078,68.88428
3_1,3,1,270_backward,41.353928,-16.801853,-2.930425,-20.386593,1.8642273,34.699394,74.67474,5.9186606,73.03487,45.67033,41.149876,70.8287
3_1,3,1,315_back_right,48.424995,-13.872917,-2.9304233,-20.644089,6.561371,37.24399,82.47474,7.990241,74.56585,51.60129,42.101345,72.41214
3_1,3,1,45_fwd_right,48.424995,0.2692162,-2.930429,-12.248611,4.2836685,25.903652,67.29641,11.339811,73.46793,51.501507,40.090893,69.34465
3_1,3,1,90_forward,41.353928,3.198148,-2.930426,-10.550079,0.6554699,17.271782,55.755005,10.66186,70.78914,44.927605,39.272438,67.450165
3_1,3,1,g000_r04,45.353928,-6.8018517,-2.9304247,-18.384563,4.9223137,30.706226,73.01695,8.395058,73.3682,47.427486,40.721413,70.50179
3_1,3,1,g000_r08,49.353928,-6.8018527,-2.9304292,-16.924541,6.106043,32.81662,76.40224,9.9105625,74.63948,52.199955,41.137924,71.183754
3_1,3,1,g000_r12,53.353928,-6.8018503,-2.9304237,-15.598595,7.613264,35.202347,80.10214,10.929784,75.96267,57.791092,41.70727,72.072266
3_1,3,1,g015_r04,45.217632,-5.766576,-2.930426,-17.776924,4.719322,29.688557,71.7096,8.678965,73.36412,47.388496,40.58025,70.26694
3_1,3,1,g015_r08,49.081337,-4.7312956,-2.930421,-15.8980255,5.3907356,30.825882,73.92064,10.366238,74.44226,51.898434,40.815857,70.657425
3_1,3,1,g015_r12,52.945038,-3.6960225,-2.9304283,-14.132038,6.9117126,32.46844,76.58288,11.478536,75.47781,57.10558,41.196278,71.26969
3_1,3,1,g030_r04,44.818035,-4.8018527,-2.9304273,-17.24134,4.3564568,28.55669,70.19031,8.814275,73.20587,47.161354,40.424244,69.9917
3_1,3,1,g030_r08,48.28213,-2.801852,-2.9304276,-14.838741,4.528906,28.449734,70.871,10.662793,74.17959,50.980377,40.481674,70.07138
3_1,3,1,g030_r12,51.746235,-0.80185294,-2.9304292,-12.720303,5.7855034,28.907993,72.201195,11.836081,74.413445,55.63574,40.620037,70.29977
3_1,3,1,g045_r04,44.182354,-3.9734235,-2.9304237,-16.810478,3.9289818,27.335407,68.54629,8.83433,72.90826,46.7198,40.267017,69.69852
3_1,3,1,g045_r08,47.010784,-1.1449966,-2.9304237,-14.027374,3.7666569,26.040295,67.742775,10.714694,73.70543,49.60044,40.13471,69.4238
3_1,3,1,g045_r12,49.83921,1.6834283,-2.9304261,-11.558014,4.537161,24.861057,67.45464,11.808012,73.30964,53.462788,40.087627,69.340775
3_1,3,1,g060_r04,43.353928,-3.33775,-2.930426,-16.576351,3.6926117,26.145027,66.98094,8.679267,72.339,45.992245,40.06375,69.3126
3_1,3,1,g060_r08,45.353928,0.12635292,-2.930429,-13.145359,3.0863361,23.593006,64.29946,10.682869,73.179726,48.03986,39.847103,68.81904
3_1,3,1,g060_r12,47.353928,3.5904546,-2.9304292,-10.898533,2.8873749,20.48061,62.784714,11.795351,72.48076,50.63566,39.615475,68.41886
3_1,3,1,g075_r04,42.389206,-2.938149,-2.9304285,-16.55804,3.448019,25.073528,65.57273,8.495058,71.93863,45.17091,39.905926,68.98964
3_1,3,1,g075_r08,43.42448,0.9255545,-2.930428,-12.469936,2.446392,21.385525,60.973473,10.378798,72.41265,46.188892,39.59015,68.2377
3_1,3,1,g075_r12,44.45976,4.7892585,-2.9304228,-9.278591,1.6541328,16.993793,57.398727,11.952001,71.969574,47.584263,39.33759,67.740685
3_1,3,1,g090_r04,41.353928,-2.8018517,-2.9304254,-16.781616,3.1008224,24.296082,64.466,8.193405,71.26913,44.612114,39.791847,68.75716
3_1,3,1,g090_r08,41.353928,1.1981469,-2.9304268,-12.525867,1.5173416,19.914608,58.523754,9.792038,70.99058,44.863914,39.44608,67.855316
3_1,3,1,g090_r12,41.353928,5.198149,-2.930425,-8.4291,0.09696388,14.681428,53.052326,11.625435,70.64883,45.157066,39.145336,67.16995
3_1,3,1,g105_r04,40.318653,-2.9381487,-2.9304254,-17.496655,2.7290993,23.712898,63.91083,7.8658767,70.59708,44.260345,39.736656,68.63859
3_1,3,1,g105_r08,39.283375,0.9255562,-2.9304256,-13.545822,1.3870659,18.321056,56.94526,9.354842,69.69825,44.03744,39.437656,67.744
3_1,3,1,g105_r12,38.2481,4.789259,-2.9304264,-9.047531,-1.3710537,12.004785,49.978863,11.071152,68.69769,43.744625,39.14179,66.9627
3_1,3,1,g120_r04,39.353928,-3.3377488,-2.930425,-18.374844,2.5204334,23.632439,63.81626,7.609352,70.10307,43.807053,39.75596,68.68839
3_1,3,1,g120_r08,37.35393,0.12634964,-2.930427,-15.415653,1.4076614,18.034805,56.796234,9.107587,68.7557,43.13192,39.421974,67.67338
3_1,3,1,g120_r12,35.353928,3.5904543,-2.9304242,-10.668743,-1.9532509,12.280906,48.787327,10.624436,68.33195,42.594364,39.173283,66.846924
3_1,3,1,g135_r04,38.5255,-3.973424,-2.9304247,-19.362446,2.314663,24.239162,64.25528,7.5847044,69.76783,43.441128,39.788914,68.76339
3_1,3,1,g135_r08,35.697075,-1.1449959,-2.9304273,-17.53212,1.3230705,19.053432,57.643112,8.972646,68.29371,42.54129,39.410522,67.71413
3_1,3,1,g135_r12,32.86865,1.6834304,-2.930425,-13.461758,-1.3455734,13.72383,49.325912,10.328676,67.53232,41.94233,39.231197,66.861824
3_1,3,1,g150_r04,37.889828,-4.8018513,-2.930426,-19.802593,1.8709507,24.881638,64.39295,7.960538,69.60123,43.22276,39.800037,68.820114
3_1,3,1,g150_r08,34.425724,-2.8018517,-2.9304245,-18.575623,0.41578293,20.777912,58.151367,9.868112,68.118805,42.425415,39.3677,67.778076
3_1,3,1,g150_r12,30.961624,-0.80185103,-2.9304264,-15.397312,-1.425209,16.759182,50.370827,11.195791,67.18155,41.861305,39.137028,66.91226
3_1,3,1,g165_r04,37.490227,-5.7665753,-2.930425,-19.845303,1.2519093,25.643703,64.44457,8.548312,69.6976,43.112213,39.76174,68.795105
3_1,3,1,g165_r08,33.626522,-4.7312984,-2.9304264,-18.587906,-0.9123459,22.853394,58.35869,10.57382,68.705124,42.659218,39.25047,67.73758
3_1,3,1,g165_r12,29.76282,-3.696023,-2.9304252,-17.062336,-3.8955555,21.14354,52.6516,11.684895,67.91581,42.462692,38.983414,67.06336
3_1,3,1,g180_r04,37.353928,-6.8018527,-2.9304256,-19.908768,0.72190475,26.512291,64.82667,8.692632,70.152306,43.12684,39.783325,68.85955
3_1,3,1,g180_r08,33.353928,-6.8018527,-2.9304283,-18.925846,-2.0126324,24.302498,59.141724,10.3447895,70.13283,42.89882,39.31036,67.94166
3_1,3,1,g180_r12,29.353931,-6.801852,-2.9304264,-17.87532,-5.3307743,22.47189,53.647404,10.947902,70.70357,42.969128,39.100002,67.41676
3_1,3,1,g195_r04,37.490227,-7.837127,-2.9304261,-20.009224,0.38217926,27.439587,65.544495,8.630789,70.691826,43.20627,39.86672,69.01902
3_1,3,1,g195_r08,33.626522,-8.872404,-2.930427,-18.889526,-2.4849577,25.286243,59.957615,9.784876,71.292946,43.10273,39.481323,68.26892
3_1,3,1,g195_r12,29.76282,-9.90768,-2.9304302,-17.883514,-5.3286343,23.674492,54.762783,10.288068,72.64773,43.2119,39.33727,67.85338
3_1,3,1,g210_r04,37.889828,-8.801851,-2.9304245,-20.04634,0.25219154,28.505894,66.53433,8.418852,71.12998,43.298546,40.00953,69.2655
3_1,3,1,g210_r08,34.425724,-10.801851,-2.9304264,-18.928753,-2.302515,26.840302,61.68659,9.051162,71.931946,43.143707,39.694805,68.63771
3_1,3,1,g210_r12,30.961624,-12.801852,-2.9304266,-17.502403,-4.394558,25.929195,57.029137,10.062331,73.52484,43.301125,39.551727,68.26631
3_1,3,1,g225_r04,38.5255,-9.63028,-2.9304273,-20.08136,0.2800579,29.651417,67.78315,7.995903,71.4452,43.463444,40.136086,69.47008
3_1,3,1,g225_r08,35.697075,-12.458706,-2.9304245,-18.678455,-1.8110523,28.739166,63.820324,8.649555,72.23732,43.107002,39.966736,69.07204
3_1,3,1,g225_r12,32.86865,-15.287132,-2.9304273,-17.280045,-3.2438278,28.854233,60.582153,9.718393,73.600365,43.078197,39.82113,68.748344
3_1,3,1,g240_r04,39.353928,-10.265953,-2.9304256,-20.271431,0.6002693,30.476055,69.204414,7.4053826,71.78236,43.739014,40.252914,69.64891
3_1,3,1,g240_r08,37.353928,-13.730055,-2.9304264,-18.903877,-1.0711079,30.452015,66.63015,7.800238,72.45027,43.507153,40.221905,69.457924
3_1,3,1,g240_r12,35.353928,-17.194159,-2.930426,-17.718643,-2.0498714,30.63963,64.59873,8.913834,73.77352,43.59073,40.250652,69.393974
3_1,3,1,g255_r04,40.318653,-10.665556,-2.9304261,-20.503204,1.1605606,31.354176,70.81377,6.8423347,72.156876,44.134365,40.390438,69.86131
3_1,3,1,g255_r08,39.283375,-14.529257,-2.9304266,-19.52013,0.28128052,32.525253,70.244644,6.5801163,72.55359,44.308144,40.50214,69.88007
3_1,3,1,g255_r12,38.2481,-18.392962,-2.9304273,-18.742405,-0.3509941,32.60445,69.54249,6.796912,73.23564,44.584724,40.66602,69.97257
3_1,3,1,g270_r04,41.353928,-10.801851,-2.9304273,-20.811413,1.8549328,32.164856,72.50105,6.411094,72.402115,44.74443,40.587425,70.18177
3_1,3,1,g270_r08,41.353928,-14.801852,-2.9304237,-20.496765,1.7044334,33.98286,73.89558,6.065767,72.85762,45.389786,40.926853,70.556496
3_1,3,1,g270_r12,41.353928,-18.801851,-2.9304256,-20.384598,2.0543346,35.366177,75.58608,5.913377,73.18968,46.072983,41.35795,71.07314
3_1,3,1,g285_r04,42.389206,-10.665554,-2.9304245,-20.979393,2.8410435,32.619877,73.904205,6.1501575,72.636444,45.386017,40.773678,70.48228
3_1,3,1,g285_r08,43.42448,-14.529258,-2.930425,-21.805656,3.280779,35.388508,77.7207,6.055856,73.438095,46.478745,41.397175,71.30821
3_1,3,1,g285_r12,44.45976,-18.39296,-2.9304273,-22.242756,3.8262482,37.65474,81.179276,5.9919405,73.7604,48.349995,42.07703,72.16863
3_1,3,1,g300_r04,43.353928,-10.265954,-2.9304242,-20.878609,3.5246735,32.31113,74.55178,6.1378484,72.86389,45.976135,40.899548,70.70044
3_1,3,1,g300_r08,45.353928,-13.730053,-2.930427,-21.66357,4.510391,35.749336,79.49958,6.3380876,73.65997,47.87328,41.604424,71.63573
3_1,3,1,g300_r12,47.353928,-17.194157,-2.9304252,-21.960228,5.706806,38.60117,83.98678,6.831363,74.49787,51.24611,42.46441,72.785545
3_1,3,1,g315_r04,44.182354,-9.630278,-2.9304254,-20.49776,4.1863213,32.268288,74.92239,6.5395513,73.07846,46.50864,40.956078,70.81203
3_1,3,1,g315_r08,47.010784,-12.458705,-2.9304264,-20.668133,5.7172356,35.740337,80.038925,7.4939914,73.96756,49.547337,41.679867,71.82016
3_1,3,1,g315_r12,49.83921,-15.287134,-2.9304297,-20.604988,7.6561947,39.314987,85.28457,8.593245,75.29864,53.771996,42.53858,73.03238
3_1,3,1,g330_r04,44.81803,-8.801851,-2.9304276,-19.898415,4.653824,32.026783,74.774864,7.168844,73.22314,46.952217,40.931194,70.80119
3_1,3,1,g330_r08,48.28213,-10.801852,-2.9304252,-19.394444,6.503624,35.37869,79.669235,8.602139,74.23752,50.907574,41.58874,71.78076
3_1,3,1,g330_r12,51.746235,-12.801849,-2.9304235,-18.879997,8.270544,38.296955,84.450035,9.732202,75.85518,56.010647,42.417706,73.014275
3_1,3,1,g345_r04,45.217632,-7.837128,-2.9304237,-19.135849,4.9871006,31.565327,74.13359,7.861585,73.3416,47.26682,40.841873,70.685745
3_1,3,1,g345_r08,49.081337,-8.872405,-2.9304242,-18.138191,6.516302,34.422707,78.42534,9.422079,74.65375,51.851387,41.41203,71.588066
3_1,3,1,g345_r12,52.945038,-9.90768,-2.930428,-17.191189,8.278259,37.131775,82.79372,10.38724,76.16499,57.456043,42.1391,72.6985
3_2,3,2,0_right,51.353928,-6.801852,-2.9304283,27.951643,19.40416,0.20183086,35.27369,18.34675,29.933517,19.491789,16.931456,29.103973
3_2,3,2,135_fwd_left,34.28286,0.2692157,-2.9304287,33.207237,14.7434845,-10.674759,16.451021,19.001604,33.941734,15.760341,14.967247,25.393517
3_2,3,2,180_left,31.353933,-6.801854,-2.9304256,35.135582,18.474697,1.2111111,25.891256,20.994617,30.112751,16.738838,15.941909,27.43699
3_2,3,2,225_back_left,34.28286,-13.872919,-2.930426,34.041218,15.823246,7.357234,31.428595,21.239061,28.886894,11.655677,16.994781,29.21893
3_2,3,2,270_backward,41.353928,-16.801853,-2.930425,31.431122,15.792023,4.6680803,34.90788,21.877056,29.167131,14.028092,17.469063,30.010002
3_2,3,2,315_back_right,48.424995,-13.872917,-2.9304233,29.3422,18.486229,1.2168226,37.795067,21.443842,29.240543,18.711672,17.152994,29.37987
3_2,3,2,45_fwd_right,48.424995,0.2692162,-2.930429,29.587051,19.909473,0.3662386,27.41306,17.73357,31.061558,15.833967,16.089262,27.71143
3_2,3,2,90_forward,41.353928,3.198148,-2.930426,32.37778,13.612347,-3.9855309,13.789126,17.421244,33.263443,10.174979,15.057608,25.60845
3_2,3,2,g000_r04,45.353928,-6.8018517,-2.9304247,31.203316,19.301544,-1.7330847,29.716337,18.836763,31.512852,13.849629,16.273306,28.105371
3_2,3,2,g000_r08,49.353928,-6.8018527,-2.9304292,29.109133,19.542301,-0.5428343,33.31016,18.553719,30.312265,17.59589,16.604708,28.56879
3_2,3,2,g000_r12,53.353928,-6.8018503,-2.9304237,27.216555,19.304173,1.2445917,37.17684,18.181921,29.669209,21.694153,17.251936,29.610338
3_2,3,2,g015_r04,45.217632,-5.766576,-2.930426,31.137812,19.243797,-2.0637484,28.714304,18.292974,31.817972,13.668279,16.22433,28.036268
3_2,3,2,g015_r08,49.081337,-4.7312956,-2.930421,29.07477,20.039383,-0.65232277,31.92239,18.097769,30.624079,17.015917,16.436663,28.292704
3_2,3,2,g015_r12,52.945038,-3.6960225,-2.9304283,27.533298,19.99398,1.4766073,35.019917,17.855185,29.912474,20.598051,16.923681,29.117435
3_2,3,2,g030_r04,44.818035,-4.8018527,-2.9304273,31.116531,19.173466,-2.4618464,27.61823,17.825115,32.171486,13.383584,16.18056,27.97461
3_2,3,2,g030_r08,48.28213,-2.801852,-2.9304276,29.389322,20.141499,-0.7700567,29.799374,17.853683,31.008404,16.02937,16.246122,27.966627
3_2,3,2,g030_r12,51.746235,-0.80185294,-2.9304292,28.313753,20.512535,1.5528393,31.991936,17.802626,30.295065,18.911886,16.52,28.46238
3_2,3,2,g045_r04,44.182354,-3.9734235,-2.9304237,31.273872,19.117317,-2.7730265,26.454414,17.413486,32.559216,12.984012,16.107084,27.852217
3_2,3,2,g045_r08,47.010784,-1.1449966,-2.9304237,29.863106,19.817997,-1.2259464,27.136604,17.602505,31.339958,14.680596,16.083096,27.710459
3_2,3,2,g045_r12,49.83921,1.6834283,-2.9304261,28.97737,20.601345,1.0885668,28.44743,17.756659,30.841082,16.857817,16.130495,27.783049
3_2,3,2,g060_r04,43.353928,-3.33775,-2.930426,31.700031,18.653076,-3.1298075,24.88874,17.085613,33.068268,12.029591,15.915242,27.510576
3_2,3,2,g060_r08,45.353928,0.12635292,-2.930429,30.631565,18.812798,-1.8518534,23.813745,17.330902,31.953663,12.9394455,15.9205885,27.43083
3_2,3,2,g060_r12,47.353928,3.5904546,-2.9304292,29.750103,19.725784,-0.15939903,24.04001,17.836325,31.55084,14.232628,15.833605,27.247414
3_2,3,2,g075_r04,42.389206,-2.938149,-2.9304285,32.173706,18.093658,-3.645071,23.392395,17.028475,33.367813,11.17073,15.701,27.119137
3_2,3,2,g075_r08,43.42448,0.9255545,-2.930428,31.842663,16.81528,-2.8829308,19.662762,17.017216,32.725002,11.132328,15.550561,26.715279
3_2,3,2,g075_r12,44.45976,4.7892585,-2.9304228,31.202326,16.564297,-1.730506,17.772192,18.043985,32.396286,11.439919,15.468545,26.434727
3_2,3,2,g090_r04,41.353928,-2.8018517,-2.9304254,32.48843,17.717846,-4.207567,22.38942,17.229797,33.688442,10.638892,15.531691,26.80908
3_2,3,2,g090_r08,41.353928,1.1981469,-2.9304268,32.758686,14.88369,-4.147522,16.20659,17.017977,33.285378,10.233992,15.1646,25.929178
3_2,3,2,g090_r12,41.353928,5.198149,-2.930425,32.11966,12.610161,-3.6023998,11.860066,18.11543,33.412876,10.20344,15.019984,25.401926
3_2,3,2,g105_r04,40.318653,-2.9381487,-2.9304254,32.541626,17.8783,-4.7101154,22.292913,17.693096,33.860184,10.402756,15.496568,26.744324
3_2,3,2,g105_r08,39.283375,0.9255562,-2.9304256,33.136787,14.605965,-5.812661,15.272243,17.434036,33.758595,10.239361,15.053145,25.668907
3_2,3,2,g105_r12,38.2481,4.789259,-2.9304264,32.324097,10.399742,-6.41211,8.870934,18.203201,33.680107,10.839597,14.732843,24.628847
3_2,3,2,g120_r04,39.353928,-3.3377488,-2.930425,32.692654,18.306267,-5.1020594,22.74977,18.489674,33.712425,10.200232,15.554038,26.849161
3_2,3,2,g120_r08,37.35393,0.12634964,-2.930427,33.60424,14.98827,-7.791804,16.080107,18.11694,33.766815,11.447125,14.959098,25.429667
3_2,3,2,g120_r12,35.353928,3.5904543,-2.9304242,32.959347,10.586506,-10.39659,10.508206,18.554222,33.58481,14.017057,14.710475,24.441202
3_2,3,2,g135_r04,38.5255,-3.973424,-2.9304247,32.89634,19.112617,-4.6508284,23.82462,19.192408,33.47325,10.149197,15.660491,27.0462
3_2,3,2,g135_r08,35.697075,-1.1449959,-2.9304273,33.48002,17.03796,-8.530235,19.154453,19.027573,33.817184,13.873308,15.104719,25.765343
3_2,3,2,g135_r12,32.86865,1.6834304,-2.930425,33.033394,12.359512,-12.975127,14.6595335,19.140152,33.945114,17.232594,14.919772,25.198683
3_2,3,2,g150_r04,37.889828,-4.8018513,-2.930426,33.260323,19.428822,-3.6095037,24.678308,19.437777,32.906395,10.250838,15.745412,27.194838
3_2,3,2,g150_r08,34.425724,-2.8018517,-2.9304245,33.98078,18.650558,-6.324589,21.723816,19.610727,33.302845,15.2164755,15.311017,26.265327
3_2,3,2,g150_r12,30.961624,-0.80185103,-2.9304264,34.35166,17.15202,-11.122999,20.023787,19.385408,33.74203,19.907436,15.1521225,25.930822
3_2,3,2,g165_r04,37.490227,-5.7665753,-2.930425,33.475792,19.451927,-2.1342983,25.54843,19.607298,32.22528,10.340649,15.86442,27.400124
3_2,3,2,g165_r08,33.626522,-4.7312984,-2.9304264,34.3806,19.555717,-2.802062,24.299057,19.991367,31.896254,15.518908,15.63602,26.890633
3_2,3,2,g165_r12,29.76282,-3.696023,-2.9304252,35.804546,19.061985,-4.457855,23.595814,19.959728,31.78246,20.385479,15.54218,26.746965
3_2,3,2,g180_r04,37.353928,-6.8018527,-2.9304256,33.550594,19.31089,-0.68271923,26.483824,19.713524,31.668486,10.333068,16.042377,27.716011
3_2,3,2,g180_r08,33.353928,-6.8018527,-2.9304283,34.218544,19.284489,0.6191206,26.340921,20.62013,30.562233,14.632135,15.974688,27.50785
3_2,3,2,g180_r12,29.353931,-6.801852,-2.9304264,36.42826,17.562546,1.3123884,25.722977,21.307257,29.812859,18.952688,15.913051,27.356651
3_2,3,2,g195_r04,37.490227,-7.837127,-2.9304261,33.46385,19.209515,0.782567,27.595633,19.821918,31.228693,10.272162,16.268755,28.107092
3_2,3,2,g195_r08,33.626522,-8.872404,-2.930427,34.2835,18.335331,3.3465214,27.930138,21.15829,29.728666,13.329891,16.281084,28.0426
3_2,3,2,g195_r12,29.76282,-9.90768,-2.9304302,35.7316,16.566746,4.8267107,28.225782,21.602638,29.021303,16.386879,16.284937,27.978579
3_2,3,2,g210_r04,37.889828,-8.801851,-2.9304245,33.18158,19.044334,1.9786186,28.664898,19.86978,30.957914,10.448912,16.470957,28.45521
3_2,3,2,g210_r08,34.425724,-10.801851,-2.9304264,34.032234,17.884796,5.195817,29.818022,21.34008,29.343702,11.899054,16.6154,28.612358
3_2,3,2,g210_r12,30.961624,-12.801852,-2.9304266,34.748867,15.784584,7.2510424,30.580873,21.506847,28.685432,13.967634,16.687912,28.64451
3_2,3,2,g225_r04,38.5255,-9.63028,-2.9304273,32.906155,18.701893,2.6930313,29.426388,19.768808,30.910725,10.785128,16.599709,28.678518
3_2,3,2,g225_r08,35.697075,-12.458706,-2.9304245,33.79723,17.164482,5.990758,30.99565,21.149122,29.312666,10.908217,16.92501,29.135721
3_2,3,2,g225_r12,32.86865,-15.287132,-2.9304273,34.11429,14.740753,8.589879,32.18607,21.281628,28.58672,12.535017,17.061695,29.28877
3_2,3,2,g240_r04,39.353928,-10.265953,-2.9304256,32.68824,18.404186,2.6962032,29.96777,19.659245,30.96292,11.167349,16.643698,28.760471
3_2,3,2,g240_r08,37.353928,-13.730055,-2.9304264,33.150246,16.833439,6.1519403,32.16034,21.034657,29.466185,11.152094,17.163351,29.530453
3_2,3,2,g240_r12,35.353928,-17.194159,-2.930426,33.219,13.951023,8.926038,33.39395,21.298687,28.886599,11.508069,17.534168,30.036295
3_2,3,2,g255_r04,40.318653,-10.665556,-2.9304261,32.54007,18.228489,2.2400188,30.366194,19.692831,30.943832,11.690849,16.614328,28.723074
3_2,3,2,g255_r08,39.283375,-14.529257,-2.9304266,32.54692,16.883415,5.2075224,33.141544,21.100353,29.627024,12.268778,17.241953,29.680868
3_2,3,2,g255_r12,38.2481,-18.392962,-2.9304273,32.590603,14.189766,7.7748365,34.759804,21.548208,28.88663,13.207194,17.724585,30.362118
3_2,3,2,g270_r04,41.353928,-10.801851,-2.9304273,32.113087,18.482548,1.4445324,31.017889,19.788534,30.985058,12.429204,16.598888,28.698433
3_2,3,2,g270_r08,41.353928,-14.801852,-2.9304237,31.625381,16.65099,3.9705038,33.6385,21.2257,29.643457,13.4663,17.215206,29.64079
3_2,3,2,g270_r12,41.353928,-18.801851,-2.9304256,31.231842,15.159061,5.182313,36.35405,22.39287,28.865839,14.686275,17.685068,30.313637
3_2,3,2,g285_r04,42.389206,-10.665554,-2.9304245,31.493885,19.077576,0.639493,31.87642,20.048635,30.89775,13.043095,16.629555,28.741873
3_2,3,2,g285_r08,43.42448,-14.529258,-2.930425,30.673681,17.466473,2.0465631,34.800575,21.494339,29.486233,14.342838,17.045855,29.323181
3_2,3,2,g285_r12,44.45976,-18.39296,-2.9304273,29.869825,16.174934,3.026351,37.99064,22.822601,28.717062,16.438477,17.570927,30.049534
3_2,3,2,g300_r04,43.353928,-10.265954,-2.9304242,31.074938,19.086578,-0.39544964,31.91819,20.384516,30.760479,13.478107,16.58128,28.65425
3_2,3,2,g300_r08,45.353928,-13.730053,-2.930427,29.974174,18.37399,0.82865524,35.79577,21.6882,29.42579,15.5034895,16.966507,29.139797
3_2,3,2,g300_r12,47.353928,-17.194157,-2.9304252,29.019257,17.82743,2.2700396,39.87125,22.622486,28.740181,18.82386,17.576597,30.011284
3_2,3,2,g315_r04,44.182354,-9.630278,-2.9304254,30.99506,19.034039,-0.7581301,31.626991,20.21951,30.77582,13.761062,16.49645,28.501577
3_2,3,2,g315_r08,47.010784,-12.458705,-2.9304264,29.890495,18.545326,0.46235275,35.579,21.199772,29.590446,16.807478,16.871265,28.965885
3_2,3,2,g315_r12,49.83921,-15.287134,-2.9304297,28.799868,18.051613,1.8495703,39.711136,21.569813,28.960985,20.789951,17.435791,29.812765
3_2,3,2,g330_r04,44.81803,-8.801851,-2.9304276,31.077526,19.1035,-1.1475477,31.155878,19.891302,30.951319,13.909407,16.423853,28.366743
3_2,3,2,g330_r08,48.28213,-10.801852,-2.9304252,29.865639,19.326504,-0.027659416,35.43037,20.344873,29.838512,17.613789,16.820168,28.872206
3_2,3,2,g330_r12,51.746235,-12.801849,-2.9304235,28.196524,18.015263,0.98758984,38.982487,20.190723,29.012882,21.877754,17.414272,29.8031
3_2,3,2,g345_r04,45.217632,-7.837128,-2.9304237,31.25948,19.328049,-1.6050653,30.570139,19.429438,31.234203,13.914319,16.343966,28.221834
3_2,3,2,g345_r08,49.081337,-8.872405,-2.9304242,29.383787,19.279892,-0.21228027,34.466415,19.376892,29.992416,17.883556,16.736202,28.759329
3_2,3,2,g345_r12,52.945038,-9.90768,-2.930428,27.613066,18.36802,1.2060633,38.18815,18.937399,29.261093,22.163927,17.397968,29.813063
3_9,3,9,0_right,51.353928,-6.801852,-2.9304283,-5.764168,16.424868,-21.436857,64.377365,25.681335,15.394995,23.522896,35.75639,61.877335
3_9,3,9,135_fwd_left,34.28286,0.2692157,-2.9304287,-13.154774,7.73123,-26.290707,53.401436,25.215591,16.786491,11.527984,34.081757,58.899223
3_9,3,9,180_left,31.353933,-6.801854,-2.9304256,-9.2144165,4.384964,-20.189102,45.48404,25.216835,16.326048,13.47748,33.396744,57.489204
3_9,3,9,225_back_left,34.28286,-13.872919,-2.930426,-5.2727127,7.3226414,-16.988476,47.02684,26.435263,15.276988,11.467113,33.58513,57.88564
3_9,3,9,270_backward,41.353928,-16.801853,-2.930425,-6.205967,11.572845,-17.874405,57.36192,27.461924,14.900847,13.192055,34.66964,59.984768
3_9,3,9,315_back_right,48.424995,-13.872917,-2.9304233,-6.9405174,15.611433,-20.73481,65.20478,27.511776,14.869569,20.91932,35.83752,62.037006
3_9,3,9,45_fwd_right,48.424995,0.2692162,-2.930429,-8.581661,15.439558,-22.114712,62.031723,24.512667,17.338793,18.594831,35.059643,60.685642
3_9,3,9,90_forward,41.353928,3.198148,-2.930426,-9.819054,11.194569,-23.895027,55.876034,24.21848,18.410921,11.35285,34.30855,59.327312
3_9,3,9,g000_r04,45.353928,-6.8018517,-2.9304247,-11.098728,15.868845,-23.574924,64.24218,26.587955,16.257456,14.857798,35.447006,61.366253
3_9,3,9,g000_r08,49.353928,-6.8018527,-2.9304292,-7.9116974,16.803308,-21.946613,64.7933,25.947836,15.619369,20.358797,35.62791,61.66999
3_9,3,9,g000_r12,53.353928,-6.8018503,-2.9304237,-4.003422,16.643557,-20.478811,64.40108,25.522762,15.210337,26.95716,35.928516,62.150497
3_9,3,9,g015_r04,45.217632,-5.766576,-2.930426,-11.180119,15.655249,-23.566029,63.760715,26.256222,16.635284,14.589888,35.386547,61.262337
3_9,3,9,g015_r08,49.081337,-4.7312956,-2.930421,-8.507759,16.669321,-22.19603,64.38675,25.50815,16.049528,19.626898,35.465687,61.39004
3_9,3,9,g015_r12,52.945038,-3.6960225,-2.9304283,-4.302635,16.340998,-21.06691,63.306477,25.043537,15.591944,25.66324,35.714436,61.791424
3_9,3,9,g030_r04,44.818035,-4.8018527,-2.9304273,-11.281845,15.316084,-23.62064,63.087345,25.98579,17.107086,14.037437,35.301666,61.1169
3_9,3,9,g030_r08,48.28213,-2.801852,-2.9304276,-9.136482,16.036207,-22.457575,63.506527,25.106321,16.63343,18.292334,35.257706,61.03057
3_9,3,9,g030_r12,51.746235,-0.80185294,-2.9304292,-5.488125,16.18347,-21.265408,62.45354,24.628689,16.341932,23.518574,35.406284,61.27513
3_9,3,9,g045_r04,44.182354,-3.9734235,-2.9304237,-11.398186,14.893503,-23.673744,62.25305,25.796143,17.635532,13.331713,35.22206,60.98078
3_9,3,9,g045_r08,47.010784,-1.1449966,-2.9304237,-9.9252205,15.286661,-22.740286,62.48311,24.820322,17.39051,16.390955,35.089863,60.73932
3_9,3,9,g045_r12,49.83921,1.6834283,-2.9304261,-6.990986,15.991953,-21.089306,61.35267,24.240664,17.256357,20.625717,35.05282,60.670845
3_9,3,9,g060_r04,43.353928,-3.33775,-2.930426,-11.497612,14.301744,-23.889503,61.311714,25.604675,18.11627,12.536532,35.14839,60.856716
3_9,3,9,g060_r08,45.353928,0.12635292,-2.930429,-10.256184,14.202948,-23.214108,60.844574,24.56251,18.026537,14.2797785,34.88896,60.384678
3_9,3,9,g060_r12,47.353928,3.5904546,-2.9304292,-8.383133,14.8791065,-21.54607,59.838078,23.905985,18.121557,17.112654,34.734844,60.105392
3_9,3,9,g075_r04,42.389206,-2.938149,-2.9304285,-11.622356,13.554932,-24.152004,60.32931,25.560799,17.973803,11.726158,35.11661,60.80589
3_9,3,9,g075_r08,43.42448,0.9255545,-2.930428,-10.491966,13.103794,-23.762777,59.070126,24.438942,18.304663,12.257233,34.710423,60.068535
3_9,3,9,g075_r12,44.45976,4.7892585,-2.9304228,-8.496155,13.097734,-22.084347,56.92304,23.769533,18.4645,13.494086,34.354538,59.407253
3_9,3,9,g090_r04,41.353928,-2.8018517,-2.9304254,-11.84988,12.952238,-24.401062,59.49643,25.58705,17.759697,11.261821,35.029697,60.653767
3_9,3,9,g090_r08,41.353928,1.1981469,-2.9304268,-10.993481,11.450539,-24.218853,57.43309,24.52537,18.307684,11.206103,34.557102,59.793064
3_9,3,9,g090_r12,41.353928,5.198149,-2.930425,-8.672806,11.061132,-23.078861,54.249496,23.92062,18.465042,11.51267,34.087593,58.904514
3_9,3,9,g105_r04,40.318653,-2.9381487,-2.9304254,-12.0872,12.419882,-24.652033,58.771343,25.684912,17.610636,10.982676,34.935585,60.485542
3_9,3,9,g105_r08,39.283375,0.9255562,-2.9304256,-11.485661,9.758312,-24.705591,55.94346,24.733269,18.024082,10.669057,34.405064,59.508823
3_9,3,9,g105_r12,38.2481,4.789259,-2.9304264,-8.782669,8.457045,-25.30795,52.212063,24.397306,18.216696,10.961941,33.969692,58.681152
3_9,3,9,g120_r04,39.353928,-3.3377488,-2.930425,-12.366646,11.98485,-24.871391,58.234062,25.957317,17.410313,10.707596,34.851334,60.332867
3_9,3,9,g120_r08,37.35393,0.12634964,-2.930427,-12.384289,8.992796,-25.256168,55.235344,25.041815,17.316217,10.447274,34.352364,59.41162
3_9,3,9,g120_r12,35.353928,3.5904543,-2.9304242,-10.898617,7.1493034,-26.78466,52.16309,24.790783,17.764593,11.1937065,33.979202,58.697617
3_9,3,9,g135_r04,38.5255,-3.973424,-2.9304247,-12.415974,11.476305,-24.82151,57.558212,26.222498,17.351181,10.528764,34.75378,60.15456
3_9,3,9,g135_r08,35.697075,-1.1449959,-2.9304273,-13.044296,8.664644,-25.482582,54.59441,25.394669,16.908447,10.824665,34.286533,59.290195
3_9,3,9,g135_r12,32.86865,1.6834304,-2.930425,-13.069199,7.0578175,-27.053173,52.163944,25.149677,17.130884,12.424853,33.929455,58.601597
3_9,3,9,g150_r04,37.889828,-4.8018513,-2.930426,-12.035549,10.990786,-24.55925,56.654716,26.214462,17.507536,10.475837,34.608498,59.884453
3_9,3,9,g150_r08,34.425724,-2.8018517,-2.9304245,-12.491905,8.43675,-24.85812,52.99428,25.603512,17.076338,11.4452915,34.10492,58.94078
3_9,3,9,g150_r12,30.961624,-0.80185103,-2.9304264,-12.492233,7.4431477,-26.05538,49.90973,25.239155,16.535948,13.754073,33.710384,58.157944
3_9,3,9,g165_r04,37.490227,-5.7665753,-2.930425,-11.300491,10.818926,-24.14486,55.728497,26.104229,17.499027,10.502948,34.473255,59.627644
3_9,3,9,g165_r08,33.626522,-4.7312984,-2.9304264,-11.089462,7.523756,-23.54419,50.74084,25.3633,17.204243,12.143148,33.872456,58.47659
3_9,3,9,g165_r12,29.76282,-3.696023,-2.9304252,-10.854393,4.8688736,-23.346725,46.25949,24.92751,16.627344,14.693572,33.428688,57.55068
3_9,3,9,g180_r04,37.353928,-6.8018527,-2.9304256,-10.472881,10.813412,-23.432648,54.93671,26.005047,17.438726,10.5543,34.39856,59.483356
3_9,3,9,g180_r08,33.353928,-6.8018527,-2.9304283,-9.7294235,6.116968,-21.174034,48.537617,25.347609,16.743727,12.316773,33.68689,58.09825
3_9,3,9,g180_r12,29.353931,-6.801852,-2.9304264,-8.748619,2.9845695,-19.28341,42.6028,25.161541,15.947509,14.799147,33.157322,56.95855
3_9,3,9,g195_r04,37.490227,-7.837127,-2.9304261,-10.005558,11.035492,-22.624992,54.771355,26.023727,17.385052,10.55221,34.386486,59.45737
3_9,3,9,g195_r08,33.626522,-8.872404,-2.930427,-8.41391,6.0665016,-19.529758,47.60364,25.638212,16.324308,11.977768,33.6018,57.92338
3_9,3,9,g195_r12,29.76282,-9.90768,-2.9304302,-7.624077,3.3384953,-16.573593,41.944927,25.84324,15.584381,13.93883,33.07646,56.787754
3_9,3,9,g210_r04,37.889828,-8.801851,-2.9304245,-9.66452,11.395561,-21.96077,55.05911,26.13232,17.314104,10.523309,34.454247,59.584892
3_9,3,9,g210_r08,34.425724,-10.801851,-2.9304264,-7.2612076,7.0860977,-18.682735,48.019936,25.965405,16.006264,11.4281645,33.66061,58.041965
3_9,3,9,g210_r12,30.961624,-12.801852,-2.9304266,-6.4756126,5.0724964,-15.4898205,43.344868,26.405058,15.527468,12.8478565,33.164127,56.991604
3_9,3,9,g225_r04,38.5255,-9.63028,-2.9304273,-9.310295,11.8448715,-21.673693,55.68443,26.290487,17.243916,10.56452,34.579586,59.820286
3_9,3,9,g225_r08,35.697075,-12.458706,-2.9304245,-6.459961,8.444025,-18.296726,49.500134,26.264671,15.706022,10.896584,33.849854,58.42015
3_9,3,9,g225_r12,32.86865,-15.287132,-2.9304273,-4.69178,6.5781746,-15.621107,45.27616,26.701365,15.162846,12.097281,33.385586,57.469604
3_9,3,9,g240_r04,39.353928,-10.265953,-2.9304256,-9.195774,12.291954,-21.653877,56.7142,26.49592,17.123928,10.791558,34.763863,60.161404
3_9,3,9,g240_r08,37.353928,-13.730055,-2.9304264,-6.2451706,9.430353,-18.147047,51.660736,26.540611,15.621001,10.589516,34.12609,58.959126
3_9,3,9,g240_r12,35.353928,-17.194159,-2.930426,-3.8767853,7.781454,-15.613609,48.2047,27.072084,14.8699665,10.914719,33.736942,58.19057
3_9,3,9,g255_r04,40.318653,-10.665556,-2.9304261,-9.312321,12.909964,-21.885166,58.123325,26.787626,16.80169,11.285745,34.967705,60.53574
3_9,3,9,g255_r08,39.283375,-14.529257,-2.9304266,-6.6633644,10.711161,-18.557264,54.702644,26.920238,15.565481,11.367091,34.489456,59.653606
3_9,3,9,g255_r12,38.2481,-18.392962,-2.9304273,-3.8826866,9.404745,-15.661781,52.055767,27.417686,14.731524,11.877361,34.11722,58.93689
3_9,3,9,g270_r04,41.353928,-10.801851,-2.9304273,-9.636738,13.51199,-22.227118,59.69567,27.01128,16.444593,12.016632,35.135063,60.838333
3_9,3,9,g270_r08,41.353928,-14.801852,-2.9304237,-7.335106,12.194565,-19.32005,58.03489,27.250381,15.366479,12.738171,34.794643,60.217102
3_9,3,9,g270_r12,41.353928,-18.801851,-2.9304256,-4.9909134,10.954758,-16.700306,56.770676,27.652098,14.668802,13.72642,34.582836,59.82155
3_9,3,9,g285_r04,42.389206,-10.665554,-2.9304245,-10.242645,14.045443,-22.562897,61.369205,27.269926,16.063917,12.827163,35.287407,61.105366
3_9,3,9,g285_r08,43.42448,-14.529258,-2.930425,-8.247204,13.757841,-20.274942,61.408104,27.542543,15.037121,14.375299,35.15466,60.86198
3_9,3,9,g285_r12,44.45976,-18.39296,-2.9304273,-6.1957855,12.932327,-18.74138,61.621784,27.874125,14.64547,16.982838,35.258656,61.044025
3_9,3,9,g300_r04,43.353928,-10.265954,-2.9304242,-10.972759,14.593847,-23.130001,63.066803,27.486532,15.851875,13.571564,35.440464,61.36705
3_9,3,9,g300_r08,45.353928,-13.730053,-2.930427,-8.963982,14.82889,-21.135693,64.011566,27.683414,14.959353,16.37774,35.506702,61.474
3_9,3,9,g300_r12,47.353928,-17.194157,-2.9304252,-6.2512245,14.3155575,-19.766834,64.41925,27.850504,14.7820835,20.713497,35.759476,61.90884
3_9,3,9,g315_r04,44.182354,-9.630278,-2.9304254,-11.0287285,15.097918,-23.330116,63.842735,27.417427,15.853546,14.221872,35.484783,61.43927
3_9,3,9,g315_r08,47.010784,-12.458705,-2.9304264,-8.637821,15.830946,-21.51338,65.13369,27.518827,15.028607,18.287745,35.673283,61.758408
3_9,3,9,g315_r12,49.83921,-15.287134,-2.9304297,-5.397331,15.474016,-20.087215,65.51091,27.492876,14.7421665,23.746885,36.03199,62.358356
3_9,3,9,g330_r04,44.81803,-8.801851,-2.9304276,-10.996643,15.564413,-23.489449,64.27804,27.227057,15.900886,14.686386,35.50359,61.46812
3_9,3,9,g330_r08,48.28213,-10.801852,-2.9304252,-8.127155,16.611849,-21.649017,65.45154,27.104916,15.108541,19.575941,35.750828,61.88829
3_9,3,9,g330_r12,51.746235,-12.801849,-2.9304235,-4.729206,16.161268,-19.953453,65.71241,26.843077,14.849437,25.930492,36.101974,62.462143
3_9,3,9,g345_r04,45.217632,-7.837128,-2.9304237,-11.025127,15.947191,-23.625683,64.47663,26.955315,16.006357,14.882801,35.489227,61.439713
3_9,3,9,g345_r08,49.081337,-8.872405,-2.9304242,-7.818947,16.680365,-21.714857,65.1417,26.475958,15.300949,20.367136,35.72657,61.843437
3_9,3,9,g345_r12,52.945038,-9.90768,-2.930428,-4.296116,16.563345,-20.11581,65.36514,26.106499,15.003153,27.074602,36.05918,62.37378
4_0,4,0,0_right,51.353928,-6.801852,-2.9304283,20.733782,-30.02314,-26.743881,45.209534,35.9561,10.661001,82.17876,19.78154,33.887234
4_0,4,0,135_fwd_left,34.28286,0.2692157,-2.9304287,26.521786,-21.921484,-20.758436,29.504225,34.09856,9.408688,89.40323,18.180426,31.4356
4_0,4,0,180_left,31.353933,-6.801854,-2.9304256,31.210726,-24.225986,-15.557808,21.519102,37.13555,9.5195875,91.26615,17.699167,30.281935
4_0,4,0,225_back_left,34.28286,-13.872919,-2.930426,30.907663,-28.372173,-13.761367,18.410042,38.565216,11.862755,88.02107,17.092522,28.875284
4_0,4,0,270_backward,41.353928,-16.801853,-2.930425,26.462313,-31.182213,-19.44933,26.484507,38.01093,11.082281,84.65557,17.703552,30.497017
4_0,4,0,315_back_right,48.424995,-13.872917,-2.9304233,20.982092,-28.660767,-24.856209,38.112118,36.670662,6.6466527,82.85632,18.86669,32.578293
4_0,4,0,45_fwd_right,48.424995,0.2692162,-2.930429,23.236519,-29.161987,-27.397163,45.81786,34.75554,13.823339,82.403595,19.853468,33.86764
4_0,4,0,90_forward,41.353928,3.198148,-2.930426,25.109785,-26.239925,-24.215864,39.793747,33.527218,13.22239,85.31006,19.269583,33.194954
4_0,4,0,g000_r04,45.353928,-6.8018517,-2.9304247,23.78804,-27.529903,-24.532272,36.896877,36.192375,7.706382,83.699974,18.877804,32.561077
4_0,4,0,g000_r08,49.353928,-6.8018527,-2.9304292,21.668419,-28.79649,-25.8225,42.12242,35.980026,10.318732,82.576965,19.468782,33.432156
4_0,4,0,g000_r12,53.353928,-6.8018503,-2.9304237,19.864325,-30.915031,-27.500736,48.02811,36.039524,10.920658,81.88023,20.077496,34.32283
4_0,4,0,g015_r04,45.217632,-5.766576,-2.930426,23.846735,-27.536114,-24.622318,37.432156,36.058907,8.449709,83.72677,18.97486,32.706917
4_0,4,0,g015_r08,49.081337,-4.7312956,-2.930421,22.337843,-29.073229,-26.171215,42.986958,35.67875,11.30002,82.49254,19.562101,33.525455
4_0,4,0,g015_r12,52.945038,-3.6960225,-2.9304283,20.71658,-30.403378,-27.627934,48.599625,35.634064,11.656219,81.89137,20.141712,34.374977
4_0,4,0,g030_r04,44.818035,-4.8018527,-2.9304273,23.981445,-27.455097,-24.632423,37.66045,35.905827,8.840653,83.85633,19.02758,32.784195
4_0,4,0,g030_r08,48.28213,-2.801852,-2.9304276,23.20664,-29.085129,-26.273438,43.179707,35.35777,12.05855,82.56336,19.598778,33.533188
4_0,4,0,g030_r12,51.746235,-0.80185294,-2.9304292,21.817778,-29.724861,-27.752705,48.460274,35.156067,12.929039,81.94546,20.155952,34.35411
4_0,4,0,g045_r04,44.182354,-3.9734235,-2.9304237,24.227797,-27.281984,-24.574644,37.549244,35.729336,8.833777,84.209694,19.050646,32.826237
4_0,4,0,g045_r08,47.010784,-1.1449966,-2.9304237,23.812387,-28.818073,-26.221495,42.970207,35.028435,12.553313,82.875046,19.584217,33.48837
4_0,4,0,g045_r12,49.83921,1.6834283,-2.9304261,22.697903,-28.899519,-27.960976,47.942627,34.589405,14.585659,82.10042,20.109365,34.24851
4_0,4,0,g060_r04,43.353928,-3.33775,-2.930426,24.583097,-26.891792,-24.435116,37.007954,35.51913,8.554648,84.80019,19.012754,32.784824
4_0,4,0,g060_r08,45.353928,0.12635292,-2.930429,24.332577,-28.171753,-25.680546,41.955307,34.685616,12.227493,83.360695,19.464947,33.32887
4_0,4,0,g060_r12,47.353928,3.5904546,-2.9304292,23.446678,-28.373013,-27.993092,47.13127,34.097507,16.03213,82.46918,19.985834,34.058846
4_0,4,0,g075_r04,42.389206,-2.938149,-2.9304285,25.170816,-26.371021,-24.226847,36.043167,35.348854,8.085246,85.49809,18.939325,32.70242
4_0,4,0,g075_r08,43.42448,0.9255545,-2.930428,24.834763,-27.350445,-24.846514,40.316555,34.288097,11.591132,84.40883,19.33342,33.223217
4_0,4,0,g075_r12,44.45976,4.7892585,-2.9304228,24.58195,-27.29237,-26.753391,44.630615,33.54651,16.49862,83.530426,19.738535,33.776875
4_0,4,0,g090_r04,41.353928,-2.8018517,-2.9304254,25.715622,-25.692074,-23.941586,34.784878,35.279373,7.677908,85.963486,18.767622,32.44841
4_0,4,0,g090_r08,41.353928,1.1981469,-2.9304268,25.288944,-26.271133,-23.83162,38.072365,34.04993,11.127204,85.415405,19.076494,32.903183
4_0,4,0,g090_r12,41.353928,5.198149,-2.930425,25.313837,-26.108902,-24.997135,41.52536,33.083073,16.086931,85.3041,19.465927,33.478035
4_0,4,0,g105_r04,40.318653,-2.9381487,-2.9304254,26.03988,-24.905355,-23.617733,33.382725,35.384193,7.257827,86.19664,18.542002,32.08344
4_0,4,0,g105_r08,39.283375,0.9255562,-2.9304256,25.643242,-24.884647,-22.785156,35.304817,34.14813,11.733358,85.98454,18.63728,32.217747
4_0,4,0,g105_r12,38.2481,4.789259,-2.9304264,25.426708,-24.537472,-22.974613,37.765255,32.9434,16.601381,86.51128,18.946217,32.68744
4_0,4,0,g120_r04,39.353928,-3.3377488,-2.930425,26.212996,-24.040634,-23.390625,31.93608,35.609642,6.541626,86.3769,18.343122,31.73289
4_0,4,0,g120_r08,37.35393,0.12634964,-2.930427,26.044147,-23.547749,-22.07329,32.478043,34.35941,10.551146,87.07809,18.310379,31.670078
4_0,4,0,g120_r12,35.353928,3.5904543,-2.9304242,25.62665,-23.378973,-21.193926,33.99302,33.08166,15.104561,88.382935,18.558113,32.078102
4_0,4,0,g135_r04,38.5255,-3.973424,-2.9304247,26.600742,-23.376308,-22.777557,30.208948,35.782234,5.6132,86.6661,18.142302,31.35315
4_0,4,0,g135_r08,35.697075,-1.1449959,-2.9304273,26.796679,-22.210155,-21.315767,29.342438,34.659916,7.870237,88.559,18.07961,31.245632
4_0,4,0,g135_r12,32.86865,1.6834304,-2.930425,26.12534,-21.767498,-20.471062,30.051493,33.513874,11.282038,90.397964,18.33086,31.70054
4_0,4,0,g150_r04,37.889828,-4.8018513,-2.930426,27.269222,-23.215294,-22.30267,28.759972,36.175137,5.3446426,87.04654,17.991808,31.046013
4_0,4,0,g150_r08,34.425724,-2.8018517,-2.9304245,28.019316,-22.293633,-20.60734,27.08219,35.474514,6.063058,89.56117,17.950724,30.95063
4_0,4,0,g150_r12,30.961624,-0.80185103,-2.9304264,27.678572,-20.704718,-19.796955,26.29415,34.627434,7.0309525,92.32251,18.173492,31.34905
4_0,4,0,g165_r04,37.490227,-5.7665753,-2.930425,27.814592,-23.242216,-21.783825,27.467554,36.58496,5.9994345,87.25631,17.91741,30.87718
4_0,4,0,g165_r08,33.626522,-4.7312984,-2.9304264,29.209087,-23.29053,-19.229889,25.092455,36.364796,7.7210693,90.02081,17.918785,30.816324
4_0,4,0,g165_r12,29.76282,-3.696023,-2.9304252,30.7607,-21.805607,-17.179008,23.06458,36.0104,7.6305103,92.91643,18.110704,31.107143
4_0,4,0,g180_r04,37.353928,-6.8018527,-2.9304256,28.080881,-23.905603,-21.139847,26.647902,36.97724,6.9119554,87.2584,17.89637,30.812748
4_0,4,0,g180_r08,33.353928,-6.8018527,-2.9304283,30.189407,-24.5295,-17.521753,23.177368,37.105885,9.127497,89.87256,17.720581,30.353132
4_0,4,0,g180_r12,29.353931,-6.801852,-2.9304264,32.194836,-23.838364,-13.87934,20.449747,37.209373,9.884894,92.62704,17.721659,30.303816
4_0,4,0,g195_r04,37.490227,-7.837127,-2.9304261,28.203024,-24.89925,-20.642866,26.288757,37.248146,7.4800153,87.090775,17.881472,30.754097
4_0,4,0,g195_r08,33.626522,-8.872404,-2.930427,30.696999,-25.77908,-16.031284,21.588196,37.68276,10.31444,89.32519,17.517591,29.870832
4_0,4,0,g195_r12,29.76282,-9.90768,-2.9304302,31.979698,-25.780918,-12.761579,18.80228,38.004677,11.902861,91.69657,17.331465,29.466057
4_0,4,0,g210_r04,37.889828,-8.801851,-2.9304245,28.277872,-25.68619,-20.412216,26.135868,37.435543,7.638551,86.824715,17.877798,30.733002
4_0,4,0,g210_r08,34.425724,-10.801851,-2.9304264,30.586643,-26.62729,-15.367821,20.490774,38.081696,10.674989,88.4475,17.361162,29.501183
4_0,4,0,g210_r12,30.961624,-12.801852,-2.9304266,31.328,-27.229553,-12.529705,17.333174,38.559547,12.563811,90.176956,17.040976,28.744564
4_0,4,0,g225_r04,38.5255,-9.63028,-2.9304273,28.220207,-26.44123,-20.390194,26.337248,37.511204,7.572617,86.66783,17.90862,30.796135
4_0,4,0,g225_r08,35.697075,-12.458706,-2.9304245,30.45627,-27.929325,-15.472914,20.594177,38.268635,10.686445,87.4666,17.32434,29.430397
4_0,4,0,g225_r12,32.86865,-15.287132,-2.9304273,30.917534,-28.489227,-12.562331,16.458303,38.823162,12.666243,88.562126,16.902918,28.388903
4_0,4,0,g240_r04,39.353928,-10.265953,-2.9304256,27.803785,-27.021652,-20.67254,26.998924,37.518524,7.284628,86.55953,17.985085,30.978786
4_0,4,0,g240_r08,37.353928,-13.730055,-2.9304264,29.694551,-29.317938,-16.348177,21.947304,38.250626,10.493383,86.62524,17.445372,29.781494
4_0,4,0,g240_r12,35.353928,-17.194159,-2.930426,29.991663,-30.55655,-13.348196,17.77181,38.809246,12.674043,86.99228,16.983995,28.691393
4_0,4,0,g255_r04,40.318653,-10.665556,-2.9304261,27.182102,-27.226387,-21.187996,27.931505,37.43008,6.910084,86.35036,18.07366,31.18423
4_0,4,0,g255_r08,39.283375,-14.529257,-2.9304266,28.206776,-30.163498,-18.031662,24.396063,38.124767,9.737772,86.24126,17.724306,30.466661
4_0,4,0,g255_r12,38.2481,-18.392962,-2.9304273,28.414154,-32.310143,-15.4876,21.16783,38.474174,12.575022,86.20626,17.342485,29.646498
4_0,4,0,g270_r04,41.353928,-10.801851,-2.9304273,26.586985,-27.01116,-21.805393,28.932138,37.3149,6.542462,85.81528,18.120682,31.310751
4_0,4,0,g270_r08,41.353928,-14.801852,-2.9304237,26.391832,-30.101559,-20.080788,27.424084,37.833668,9.625687,84.96576,17.84429,30.770834
4_0,4,0,g270_r12,41.353928,-18.801851,-2.9304256,26.391277,-32.10031,-18.750673,25.514902,38.0729,12.369068,84.500465,17.592703,30.27067
4_0,4,0,g285_r04,42.389206,-10.665554,-2.9304245,25.702509,-26.982296,-22.647587,30.552387,37.21739,6.1300445,85.05385,18.215195,31.507181
4_0,4,0,g285_r08,43.42448,-14.529258,-2.930425,24.793343,-28.577114,-21.976318,30.119886,37.376064,8.626343,84.18556,17.986572,31.07195
4_0,4,0,g285_r12,44.45976,-18.39296,-2.9304273,23.287693,-29.769928,-21.724049,30.510523,37.430603,10.146899,83.539246,17.990976,31.083672
4_0,4,0,g300_r04,43.353928,-10.265954,-2.9304242,24.873045,-26.989851,-23.718605,32.45582,37.138565,5.7167983,84.402565,18.36163,31.763252
4_0,4,0,g300_r08,45.353928,-13.730053,-2.930427,23.099201,-27.92461,-23.670874,33.569695,37.169125,7.0002074,83.56632,18.332903,31.694397
4_0,4,0,g300_r12,47.353928,-17.194157,-2.9304252,20.97246,-28.865631,-23.999435,35.72266,37.082016,7.7717385,83.011734,18.536171,32.05249
4_0,4,0,g315_r04,44.182354,-9.630278,-2.9304254,24.393473,-27.24049,-24.06889,33.890324,36.82028,5.341221,84.065056,18.47462,31.939339
4_0,4,0,g315_r08,47.010784,-12.458705,-2.9304264,22.282085,-28.152859,-24.403725,36.316906,36.706024,6.307272,83.12454,18.672737,32.253708
4_0,4,0,g315_r12,49.83921,-15.287134,-2.9304297,19.604536,-29.737015,-25.4937,40.398464,36.761192,7.338068,82.55914,19.09963,32.952
4_0,4,0,g330_r04,44.81803,-8.801851,-2.9304276,24.015526,-27.438576,-24.264595,35.145676,36.507614,5.672985,83.87846,18.604969,32.135956
4_0,4,0,g330_r08,48.28213,-10.801852,-2.9304252,21.678234,-28.318607,-24.900555,38.69484,36.383934,7.475048,82.89482,19.009558,32.774387
4_0,4,0,g330_r12,51.746235,-12.801849,-2.9304235,18.779102,-30.524303,-26.419312,44.188744,36.6081,8.8429,82.256805,19.626019,33.73387
4_0,4,0,g345_r04,45.217632,-7.837128,-2.9304237,23.755995,-27.542473,-24.409674,36.197525,36.317093,6.655305,83.74749,18.751223,32.363674
4_0,4,0,g345_r08,49.081337,-8.872405,-2.9304242,21.475704,-28.544315,-25.42431,40.68206,36.24943,9.013801,82.72057,19.309128,33.22824
4_0,4,0,g345_r12,52.945038,-9.90768,-2.930428,18.902035,-30.89957,-27.078213,46.719383,36.373993,9.948088,82.03629,19.957094,34.198154
4_1,4,1,0_right,51.353928,-6.801852,-2.9304283,27.342863,-7.582857,3.9951792,25.002106,7.3959084,48.653214,39.139854,10.604347,17.609297
4_1,4,1,135_fwd_left,34.28286,0.2692157,-2.9304287,29.644373,-7.4951715,7.0690775,13.483004,7.308068,46.464054,45.603504,9.006293,15.351462
4_1,4,1,180_left,31.353933,-6.801854,-2.9304256,29.144867,-9.669336,8.401797,11.89629,6.8127694,45.290672,47.998775,8.702297,14.872129
4_1,4,1,225_back_left,34.28286,-13.872919,-2.930426,29.328121,-16.221565,7.9849997,12.21524,6.981322,46.62628,45.965187,9.10219,15.404916
4_1,4,1,270_backward,41.353928,-16.801853,-2.930425,26.001442,-14.1266,3.3088398,16.78643,7.01071,47.431206,41.952457,9.004398,15.413771
4_1,4,1,315_back_right,48.424995,-13.872917,-2.9304233,25.622015,-10.833424,1.5105639,23.4294,8.547214,49.19067,39.519398,10.3239,17.197655
4_1,4,1,45_fwd_right,48.424995,0.2692162,-2.930429,28.819447,-6.837385,6.8090944,23.016073,6.179037,48.589397,38.322575,10.08814,16.974312
4_1,4,1,90_forward,41.353928,3.198148,-2.930426,29.120161,-6.582738,9.443137,19.960857,8.936874,48.06516,41.332123,9.804827,16.44598
4_1,4,1,g000_r04,45.353928,-6.8018517,-2.9304247,27.902071,-9.114738,2.428712,18.402094,7.0358667,48.643223,39.59123,9.074978,15.580509
4_1,4,1,g000_r08,49.353928,-6.8018527,-2.9304292,27.301266,-7.9373055,3.5040407,23.00025,7.0330105,48.68735,38.85492,9.9724,16.817558
4_1,4,1,g000_r12,53.353928,-6.8018503,-2.9304237,27.156052,-8.184197,4.5175333,27.271078,8.293872,48.598618,39.71466,11.260317,18.39705
4_1,4,1,g015_r04,45.217632,-5.766576,-2.930426,28.149061,-8.802851,2.9932432,18.320616,6.794327,48.44887,39.64214,9.010708,15.48272
4_1,4,1,g015_r08,49.081337,-4.7312956,-2.930421,27.98726,-7.4765778,4.179143,22.42861,6.59872,48.523224,38.699448,9.839001,16.651306
4_1,4,1,g015_r12,52.945038,-3.6960225,-2.9304283,27.416454,-7.4618645,5.078103,27.019007,7.9990234,48.577244,39.40734,11.170536,18.30004
4_1,4,1,g030_r04,44.818035,-4.8018527,-2.9304273,28.470762,-8.591643,3.4858274,17.96564,6.484295,48.250347,39.90754,8.933758,15.36443
4_1,4,1,g030_r08,48.28213,-2.801852,-2.9304276,28.685133,-7.2758503,5.010846,21.613024,6.1653404,48.354088,38.57975,9.692542,16.456976
4_1,4,1,g030_r12,51.746235,-0.80185294,-2.9304292,27.800201,-6.813243,6.118739,26.295185,7.279133,48.70454,38.80331,10.984894,18.083225
4_1,4,1,g045_r04,44.182354,-3.9734235,-2.9304237,28.801083,-8.486121,3.9254808,17.4342,6.206657,47.9697,40.50033,8.84022,15.217922
4_1,4,1,g045_r08,47.010784,-1.1449966,-2.9304237,29.103477,-7.1087675,5.9154806,20.844381,5.9477167,48.269794,38.677116,9.54957,16.259182
4_1,4,1,g045_r12,49.83921,1.6834283,-2.9304261,28.42428,-6.743044,7.3386316,25.200361,6.7029567,48.829826,38.279186,10.719446,17.75783
4_1,4,1,g060_r04,43.353928,-3.33775,-2.930426,28.947155,-8.3816185,4.275258,16.879503,6.0076656,47.68453,41.347794,8.74438,15.064741
4_1,4,1,g060_r08,45.353928,0.12635292,-2.930429,29.089354,-6.885374,6.8734026,20.243908,6.143687,48.078434,39.213943,9.486766,16.155785
4_1,4,1,g060_r12,47.353928,3.5904546,-2.9304292,28.964046,-6.7032957,8.731765,24.086422,7.404258,48.98337,38.218075,10.45123,17.407446
4_1,4,1,g075_r04,42.389206,-2.938149,-2.9304285,29.05358,-8.32053,4.265792,16.080875,5.9520164,47.529243,41.96985,8.642529,14.899882
4_1,4,1,g075_r08,43.42448,0.9255545,-2.930428,29.07959,-6.8320684,7.4536924,19.33356,6.632499,47.823063,40.68565,9.391505,15.984802
4_1,4,1,g075_r12,44.45976,4.7892585,-2.9304228,28.8522,-6.401311,10.223355,23.2776,8.915201,49.197933,39.18321,10.453631,17.287285
4_1,4,1,g090_r04,41.353928,-2.8018517,-2.9304254,29.141348,-8.402857,4.256755,15.237255,5.9564447,47.311714,42.481964,8.577215,14.795778
4_1,4,1,g090_r08,41.353928,1.1981469,-2.9304268,29.182364,-7.0015335,7.5230837,18.018257,7.2612348,47.511845,41.695816,9.288008,15.831689
4_1,4,1,g090_r12,41.353928,5.198149,-2.930425,29.10283,-6.401016,11.044459,21.907244,10.724825,48.985466,40.958805,10.374121,17.079672
4_1,4,1,g105_r04,40.318653,-2.9381487,-2.9304254,29.325205,-8.704348,4.10246,14.267671,6.0352683,47.240524,42.92795,8.543555,14.73249
4_1,4,1,g105_r08,39.283375,0.9255562,-2.9304256,29.724735,-7.359666,6.960595,16.057547,7.141965,47.1766,42.214813,9.181214,15.668316
4_1,4,1,g105_r12,38.2481,4.789259,-2.9304264,29.930866,-7.1747026,10.901797,20.090874,11.50388,48.396126,41.921337,10.262094,16.919088
4_1,4,1,g120_r04,39.353928,-3.3377488,-2.930425,29.410494,-9.078273,3.8054876,13.311574,6.225933,47.424015,42.95847,8.519067,14.674491
4_1,4,1,g120_r08,37.35393,0.12634964,-2.930427,29.757969,-7.8930473,6.260255,14.369342,6.6630287,46.94914,43.065964,8.943915,15.329546
4_1,4,1,g120_r12,35.353928,3.5904543,-2.9304242,30.501514,-7.640645,9.3243265,17.316536,10.5955925,47.239445,44.176933,9.822788,16.445915
4_1,4,1,g135_r04,38.5255,-3.973424,-2.9304247,29.428371,-9.440515,3.9746752,12.66204,6.4013586,47.66972,43.145138,8.511092,14.641368
4_1,4,1,g135_r08,35.697075,-1.1449959,-2.9304273,29.434742,-7.8581305,5.854188,12.706394,6.518037,46.778606,44.580715,8.72073,14.945225
4_1,4,1,g135_r12,32.86865,1.6834304,-2.930425,29.937454,-7.366083,7.8513556,14.378192,9.063677,46.34748,46.62258,9.401845,15.866567
4_1,4,1,g150_r04,37.889828,-4.8018513,-2.930426,29.233221,-9.836969,4.387698,12.403395,6.533853,47.693275,43.435555,8.497863,14.610989
4_1,4,1,g150_r08,34.425724,-2.8018517,-2.9304245,28.990116,-7.9852676,6.053849,11.710287,6.5851264,46.722424,45.707333,8.650488,14.789061
4_1,4,1,g150_r12,30.961624,-0.80185103,-2.9304264,29.170227,-6.219843,7.986659,12.3185425,7.6456165,45.68795,48.538097,8.950296,15.177892
4_1,4,1,g165_r04,37.490227,-5.7665753,-2.930425,28.980528,-10.281739,4.6936235,12.285268,6.7263117,47.412037,43.708668,8.45281,14.536655
4_1,4,1,g165_r08,33.626522,-4.7312984,-2.9304264,28.737637,-8.500399,6.769126,11.497332,6.8101983,46.080902,46.364216,8.554417,14.655975
4_1,4,1,g165_r12,29.76282,-3.696023,-2.9304252,29.214403,-6.6590567,8.753789,12.066531,7.0757904,45.08095,49.299156,8.802653,15.009932
4_1,4,1,g180_r04,37.353928,-6.8018527,-2.9304256,28.73594,-10.759873,5.022025,12.376473,6.843828,47.024944,43.913025,8.407144,14.463474
4_1,4,1,g180_r08,33.353928,-6.8018527,-2.9304283,28.604074,-9.940959,7.260846,11.67378,6.7402844,45.690823,46.608105,8.505437,14.588281
4_1,4,1,g180_r12,29.353931,-6.801852,-2.9304264,29.922268,-9.7808695,9.155044,12.460182,7.127345,45.09619,49.375496,8.976769,15.266107
4_1,4,1,g195_r04,37.490227,-7.837127,-2.9304261,28.502266,-11.289104,5.2831945,12.655558,6.7947297,46.761932,44.05016,8.392731,14.442115
4_1,4,1,g195_r08,33.626522,-8.872404,-2.930427,28.831898,-11.725653,7.655793,11.966516,6.5262504,45.73854,46.367977,8.680005,14.841114
4_1,4,1,g195_r12,29.76282,-9.90768,-2.9304302,30.603521,-13.365217,9.530061,12.958595,7.371268,45.850544,48.89134,9.4282055,15.851055
4_1,4,1,g210_r04,37.889828,-8.801851,-2.9304245,28.275164,-11.730919,5.3385477,13.0152645,6.6908083,46.69771,44.177433,8.391144,14.447518
4_1,4,1,g210_r08,34.425724,-10.801851,-2.9304264,28.788435,-13.458932,7.690255,12.314137,6.5414157,46.091053,45.855133,8.816377,15.031104
4_1,4,1,g210_r12,30.961624,-12.801852,-2.9304266,30.64428,-16.267141,9.331136,12.745778,7.653253,46.5653,47.884396,9.624945,16.058952
4_1,4,1,g225_r04,38.5255,-9.63028,-2.9304273,28.005993,-12.005471,5.0154257,13.395453,6.651046,46.671234,44.38735,8.38029,14.434801
4_1,4,1,g225_r08,35.697075,-12.458706,-2.9304245,28.525234,-14.388605,7.1212378,12.4978285,6.6532984,46.376236,45.19864,8.792881,15.014713
4_1,4,1,g225_r12,32.86865,-15.287132,-2.9304273,30.282187,-18.181593,8.61427,12.179809,7.7008567,47.014896,46.802635,9.520821,15.899946
4_1,4,1,g240_r04,39.353928,-10.265953,-2.9304256,27.838474,-12.109111,4.3572435,13.751837,6.6692615,46.803585,44.489376,8.357026,14.399019
4_1,4,1,g240_r08,37.353928,-13.730055,-2.9304264,27.871126,-14.088001,6.2165728,13.18026,6.8128033,46.425552,45.207222,8.764878,14.983592
4_1,4,1,g240_r12,35.353928,-17.194159,-2.930426,29.168402,-17.529572,7.504447,12.135065,7.5179763,47.174084,45.8844,9.353288,15.672719
4_1,4,1,g255_r04,40.318653,-10.665556,-2.9304261,27.568325,-12.173036,3.616603,14.412042,6.715856,47.11699,43.809498,8.390556,14.457086
4_1,4,1,g255_r08,39.283375,-14.529257,-2.9304266,26.984695,-13.542537,4.7565966,14.5369,6.8038373,46.86539,44.179256,8.682365,14.910631
4_1,4,1,g255_r12,38.2481,-18.392962,-2.9304273,27.341543,-16.000574,5.8546,14.207505,7.0932283,47.251022,44.141037,9.010741,15.356018
4_1,4,1,g270_r04,41.353928,-10.801851,-2.9304273,27.323,-12.092964,3.0272856,15.297982,6.8444095,47.46258,43.029373,8.530886,14.691189
4_1,4,1,g270_r08,41.353928,-14.801852,-2.9304237,26.280382,-13.46375,3.193736,16.325062,6.9226365,47.350388,42.434467,8.833009,15.157471
4_1,4,1,g270_r12,41.353928,-18.801851,-2.9304256,25.76832,-14.782832,3.5764704,17.360973,7.139455,47.570538,41.55752,9.184383,15.664287
4_1,4,1,g285_r04,42.389206,-10.665554,-2.9304245,27.262089,-11.773301,2.4237804,16.084908,7.1154904,48.0403,42.088383,8.703666,14.992313
4_1,4,1,g285_r08,43.42448,-14.529258,-2.930425,26.361515,-13.367371,1.7434292,17.729626,7.4372373,48.398766,40.71383,9.049698,15.496816
4_1,4,1,g285_r12,44.45976,-18.39296,-2.9304273,25.622225,-14.386765,1.6419897,19.794174,7.7923465,48.715096,40.37648,9.746666,16.363955
4_1,4,1,g300_r04,43.353928,-10.265954,-2.9304242,27.221798,-11.531313,1.5956755,16.802748,7.4452314,48.65171,41.06675,8.883679,15.281535
4_1,4,1,g300_r08,45.353928,-13.730053,-2.930427,26.411707,-12.599692,0.7554283,19.330572,8.20966,49.10837,40.0042,9.440853,16.046417
4_1,4,1,g300_r12,47.353928,-17.194157,-2.9304252,25.21819,-12.667584,1.4377937,23.012217,8.774987,49.215427,39.7823,10.337304,17.138206
4_1,4,1,g315_r04,44.182354,-9.630278,-2.9304254,27.247423,-10.938945,1.4856424,17.550104,7.473028,49.022243,40.349483,9.034162,15.515357
4_1,4,1,g315_r08,47.010784,-12.458705,-2.9304264,26.271214,-10.992574,1.2109785,21.199778,8.170963,49.277634,39.565205,9.827014,16.579655
4_1,4,1,g315_r12,49.83921,-15.287134,-2.9304297,24.992266,-11.137911,2.1484156,25.697887,9.012425,49.08436,39.640915,10.834046,17.804733
4_1,4,1,g330_r04,44.81803,-8.801851,-2.9304276,27.405075,-10.287538,1.5830879,18.049658,7.408234,49.041107,39.930008,9.113818,15.6364
4_1,4,1,g330_r08,48.28213,-10.801852,-2.9304252,26.392319,-9.688029,1.8158321,22.426132,7.878813,49.09439,39.295597,10.023702,16.857195
4_1,4,1,g330_r12,51.746235,-12.801849,-2.9304235,25.653095,-9.908767,3.2254581,26.965103,8.751494,49.045288,39.731815,11.160243,18.219067
4_1,4,1,g345_r04,45.217632,-7.837128,-2.9304237,27.624367,-9.662621,1.8948793,18.334093,7.256954,48.86455,39.696674,9.118546,15.645344
4_1,4,1,g345_r08,49.081337,-8.872405,-2.9304242,26.747133,-8.639246,2.7246857,23.040209,7.480962,48.818085,39.048073,10.059682,16.9226
4_1,4,1,g345_r12,52.945038,-9.90768,-2.930428,26.551132,-8.986541,4.1957655,27.354513,8.467844,48.802986,39.758015,11.264734,18.382294
4_2,4,2,0_right,51.353928,-6.801852,-2.9304283,37.599228,13.717541,1.648591,25.123787,26.62484,8.754102,14.60111,12.787532,21.235365
4_2,4,2,135_fwd_left,34.28286,0.2692157,-2.9304287,33.536037,7.7463684,1.998208,8.986491,24.128595,6.6973057,9.029731,10.20303,17.142273
4_2,4,2,180_left,31.353933,-6.801854,-2.9304256,32.870884,8.974247,-2.4978294,15.854767,25.324629,6.965944,13.828728,11.067293,18.838694
4_2,4,2,225_back_left,34.28286,-13.872919,-2.930426,35.866493,10.534065,-3.5728626,24.466742,25.585302,8.439409,9.286435,12.276436,20.67112
4_2,4,2,270_backward,41.353928,-16.801853,-2.930425,36.432686,11.783865,-3.7843351,29.018806,26.75889,6.950015,5.3379707,12.286965,20.852547
4_2,4,2,315_back_right,48.424995,-13.872917,-2.9304233,36.447193,13.057686,-0.8124428,29.550142,27.243725,6.8585973,11.66714,12.776771,21.366774
4_2,4,2,45_fwd_right,48.424995,0.2692162,-2.930429,37.973385,13.521078,2.527955,17.73815,24.600494,8.92983,10.730887,11.571755,19.619781
4_2,4,2,90_forward,41.353928,3.198148,-2.930426,36.528496,9.375454,3.1249523,9.905125,23.246864,9.210658,5.6478653,10.526461,17.786564
4_2,4,2,g000_r04,45.353928,-6.8018517,-2.9304247,36.932095,12.627134,0.41794777,21.438852,25.518064,6.5699368,7.6748753,11.559423,19.74694
4_2,4,2,g000_r08,49.353928,-6.8018527,-2.9304292,37.50736,13.829613,1.574873,24.213556,26.027822,7.7533917,11.553278,12.338613,20.709812
4_2,4,2,g000_r12,53.353928,-6.8018503,-2.9304237,37.342392,13.094843,1.3595476,25.89694,27.425861,10.0572405,17.865477,13.289455,21.767988
4_2,4,2,g015_r04,45.217632,-5.766576,-2.930426,37.015568,12.596596,0.8847246,20.47035,25.28814,6.780003,7.6760254,11.479918,19.618168
4_2,4,2,g015_r08,49.081337,-4.7312956,-2.930421,37.694473,13.860214,1.875557,22.324926,25.694454,8.0403385,11.116959,12.056932,20.339325
4_2,4,2,g015_r12,52.945038,-3.6960225,-2.9304283,37.796238,12.958664,1.8600388,23.017673,26.89263,10.228916,16.58396,12.800902,21.169046
4_2,4,2,g030_r04,44.818035,-4.8018527,-2.9304273,37.0267,12.508032,1.3060131,19.449535,25.105812,6.9772034,7.470955,11.353421,19.426914
4_2,4,2,g030_r08,48.28213,-2.801852,-2.9304276,37.78695,13.749165,2.1534986,20.24676,25.194954,8.132803,10.41426,11.745912,19.919619
4_2,4,2,g030_r12,51.746235,-0.80185294,-2.9304292,38.21568,13.106945,2.4288273,20.130877,25.975304,10.197753,14.455895,12.238163,20.483572
4_2,4,2,g045_r04,44.182354,-3.9734235,-2.9304237,36.943756,12.333101,1.6157227,18.41107,24.950119,7.1108074,7.024932,11.183473,19.17431
4_2,4,2,g045_r08,47.010784,-1.1449966,-2.9304237,37.787292,13.350443,2.4117508,17.992481,24.552378,8.097318,9.626246,11.469966,19.504395
4_2,4,2,g045_r12,49.83921,1.6834283,-2.9304261,38.296875,13.270918,3.0042887,17.398743,24.81627,10.114575,12.222155,11.720072,19.792606
4_2,4,2,g060_r04,43.353928,-3.33775,-2.930426,36.71078,11.88649,1.7783709,17.265041,24.812191,7.2141314,6.384253,10.9609375,18.844357
4_2,4,2,g060_r08,45.353928,0.12635292,-2.930429,37.387314,12.59329,2.7089825,15.833332,24.028797,7.9062843,8.455542,11.168687,19.034037
4_2,4,2,g060_r12,47.353928,3.5904546,-2.9304292,38.178574,12.980068,3.5510015,14.64107,23.732616,9.483233,10.083574,11.383851,19.245127
4_2,4,2,g075_r04,42.389206,-2.938149,-2.9304285,36.454453,11.265961,1.8348045,16.11476,24.639326,7.010515,5.691859,10.693466,18.425346
4_2,4,2,g075_r08,43.42448,0.9255545,-2.930428,36.870953,11.177397,2.7841082,13.442654,23.72423,7.695631,6.8876386,10.7207155,18.299944
4_2,4,2,g075_r12,44.45976,4.7892585,-2.9304228,37.73004,11.203991,3.5927038,11.357335,23.06916,9.344518,8.006018,11.075643,18.651329
4_2,4,2,g090_r04,41.353928,-2.8018517,-2.9304254,36.18376,10.6263485,1.6673088,15.105838,24.624962,6.8925767,5.319824,10.524385,18.128963
4_2,4,2,g090_r08,41.353928,1.1981469,-2.9304268,36.296764,9.667133,2.82687,11.421256,23.607243,8.372765,5.5002036,10.4422865,17.769024
4_2,4,2,g090_r12,41.353928,5.198149,-2.930425,36.836334,9.209908,3.525319,8.841916,23.029037,10.215555,5.9027987,10.766751,18.028475
4_2,4,2,g105_r04,40.318653,-2.9381487,-2.9304254,35.83487,9.9717655,1.3057156,14.307868,24.728594,6.909751,5.0552793,10.513781,18.084492
4_2,4,2,g105_r08,39.283375,0.9255562,-2.9304256,35.504917,8.20009,2.91893,10.070281,23.81367,8.096557,4.857981,10.46043,17.760689
4_2,4,2,g105_r12,38.2481,4.789259,-2.9304264,36.07268,7.2587605,3.8478594,7.5349884,23.32002,10.512034,4.9336085,10.816217,17.985115
4_2,4,2,g120_r04,39.353928,-3.3377488,-2.930425,35.50515,9.469988,0.8003969,13.884172,24.890696,6.6077065,4.9093,10.540322,18.090841
4_2,4,2,g120_r08,37.35393,0.12634964,-2.930427,34.684513,7.425499,2.850438,9.686164,24.076447,6.9323363,5.2218556,10.282568,17.41805
4_2,4,2,g120_r12,35.353928,3.5904543,-2.9304242,34.33106,7.0343456,3.5011034,7.3668985,23.51642,9.329368,7.51003,10.429564,17.486315
4_2,4,2,g135_r04,38.5255,-3.973424,-2.9304247,35.338936,9.166569,0.3223343,13.906619,25.023933,6.113928,4.966197,10.5862055,18.144281
4_2,4,2,g135_r08,35.697075,-1.1449959,-2.9304273,34.13986,7.50371,1.6593027,9.914165,24.41311,6.039734,6.8275204,10.26944,17.27938
4_2,4,2,g135_r12,32.86865,1.6834304,-2.930425,33.13402,7.794409,2.059001,7.893595,23.852943,8.119761,11.643231,10.201202,17.109962
4_2,4,2,g150_r04,37.889828,-4.8018513,-2.930426,35.043858,8.942001,-0.625865,14.223362,25.248686,5.972846,5.208218,10.648983,18.232878
4_2,4,2,g150_r08,34.425724,-2.8018517,-2.9304245,33.693024,7.279234,-0.56414413,10.380964,24.876202,5.866767,8.404344,10.43019,17.632511
4_2,4,2,g150_r12,30.961624,-0.80185103,-2.9304264,32.661087,8.479891,-0.23308754,9.813997,24.557386,6.3644943,14.9015255,10.437196,17.6128
4_2,4,2,g165_r04,37.490227,-5.7665753,-2.930425,34.754997,8.994713,-1.3115978,15.099592,25.43353,5.938882,5.5243235,10.80803,18.510107
4_2,4,2,g165_r08,33.626522,-4.7312984,-2.9304264,33.182545,8.386597,-1.9171915,13.164457,25.196379,6.0744348,9.843246,10.723971,18.225939
4_2,4,2,g165_r12,29.76282,-3.696023,-2.9304252,32.49361,9.095654,-1.399622,13.169189,24.919514,6.6448264,16.77079,10.922578,18.532755
4_2,4,2,g180_r04,37.353928,-6.8018527,-2.9304256,34.64806,9.503435,-1.8182087,16.565662,25.60237,6.0710316,5.83033,10.958228,18.778086
4_2,4,2,g180_r08,33.353928,-6.8018527,-2.9304283,33.28825,9.214031,-2.3155403,16.027817,25.381262,6.486205,10.557374,10.965616,18.701418
4_2,4,2,g180_r12,29.353931,-6.801852,-2.9304264,32.52221,8.791243,-2.6038027,15.915065,25.261944,7.497828,17.240675,11.212658,19.050213
4_2,4,2,g195_r04,37.490227,-7.837127,-2.9304261,34.721134,10.148401,-2.20829,18.211771,25.755234,6.330102,5.983576,11.105202,19.048645
4_2,4,2,g195_r08,33.626522,-8.872404,-2.930427,33.917164,10.069683,-2.8287163,18.94459,25.477587,6.9436727,10.524562,11.320268,19.27907
4_2,4,2,g195_r12,29.76282,-9.90768,-2.9304302,33.56288,10.069496,-2.5526628,20.338898,25.350872,8.647328,15.94392,11.7627945,19.873875
4_2,4,2,g210_r04,37.889828,-8.801851,-2.9304245,34.898285,10.748146,-2.5020351,19.782194,25.90261,6.603172,5.947945,11.239997,19.297384
4_2,4,2,g210_r08,34.425724,-10.801851,-2.9304264,34.79888,10.674814,-3.2438478,21.482193,25.595518,7.3489738,9.490916,11.693768,19.854576
4_2,4,2,g210_r12,30.961624,-12.801852,-2.9304266,35.232117,11.31185,-2.541771,24.492014,25.391558,9.454292,13.621567,12.3318405,20.686195
4_2,4,2,g225_r04,38.5255,-9.63028,-2.9304273,35.105736,10.866556,-2.7323427,20.781105,26.049416,6.8150253,5.5122213,11.31355,19.442142
4_2,4,2,g225_r08,35.697075,-12.458706,-2.9304245,35.402245,10.654041,-3.535286,23.12254,25.753769,7.594229,8.018622,11.9358,20.24543
4_2,4,2,g225_r12,32.86865,-15.287132,-2.9304273,36.496162,10.823294,-3.1353722,26.362003,25.45947,9.469233,10.653629,12.657157,21.14223
4_2,4,2,g240_r04,39.353928,-10.265953,-2.9304256,35.312363,10.909855,-2.7840967,21.558537,26.169981,6.836192,5.1291437,11.307104,19.474361
4_2,4,2,g240_r08,37.353928,-13.730055,-2.9304264,35.63748,10.828268,-3.5091124,24.625034,25.958874,7.4446144,6.371585,11.934537,20.305193
4_2,4,2,g240_r12,35.353928,-17.194159,-2.930426,36.72428,10.657537,-3.327571,27.888216,25.66277,8.6464,7.694806,12.60804,21.178288
4_2,4,2,g255_r04,40.318653,-10.665556,-2.9304261,35.619827,10.955967,-2.6754017,22.12768,26.304167,6.855115,5.004771,11.300399,19.487099
4_2,4,2,g255_r08,39.283375,-14.529257,-2.9304266,35.851715,11.280441,-3.570013,26.04469,26.280416,7.460464,5.1914387,11.870801,20.26961
4_2,4,2,g255_r12,38.2481,-18.392962,-2.9304273,36.807907,11.071102,-3.794095,29.51188,26.200161,8.270196,5.438724,12.534594,21.125391
4_2,4,2,g270_r04,41.353928,-10.801851,-2.9304273,35.853252,11.10405,-2.45267,22.591019,26.445557,6.856854,5.3078914,11.361987,19.586264
4_2,4,2,g270_r08,41.353928,-14.801852,-2.9304237,36.088093,11.547596,-3.644022,26.87995,26.720476,7.0633717,5.2926335,11.958978,20.416561
4_2,4,2,g270_r12,41.353928,-18.801851,-2.9304256,36.81604,11.899754,-3.79529,31.047205,26.788088,6.8126154,5.562997,12.60601,21.265137
4_2,4,2,g285_r04,42.389206,-10.665554,-2.9304245,36.137596,11.615423,-2.2081003,23.152674,26.534958,6.7446895,5.829799,11.482592,19.752733
4_2,4,2,g285_r08,43.42448,-14.529258,-2.930425,36.471207,11.910711,-2.9256058,27.338982,26.90203,6.3292933,6.2778735,11.973004,20.378006
4_2,4,2,g285_r12,44.45976,-18.39296,-2.9304273,36.507275,11.7824745,-2.9675055,31.205772,27.297846,6.3161564,7.84039,12.545773,21.101675
4_2,4,2,g300_r04,43.353928,-10.265954,-2.9304242,36.32887,11.976753,-1.8786898,23.349422,26.49646,6.5363665,6.370425,11.562891,19.849104
4_2,4,2,g300_r08,45.353928,-13.730053,-2.930427,36.55339,12.714619,-2.0918245,27.88321,27.049086,6.446631,7.6122494,12.125814,20.517056
4_2,4,2,g300_r12,47.353928,-17.194157,-2.9304252,35.933525,12.514111,-1.8863401,31.844887,27.743858,6.585818,11.398382,12.93611,21.560726
4_2,4,2,g315_r04,44.182354,-9.630278,-2.9304254,36.61288,12.187778,-1.3189421,23.149975,26.261692,6.4586306,6.870309,11.574156,19.83639
4_2,4,2,g315_r08,47.010784,-12.458705,-2.9304264,36.584766,13.011568,-1.0167465,27.588018,26.85153,6.7443013,9.143611,12.269966,20.712389
4_2,4,2,g315_r12,49.83921,-15.287134,-2.9304297,36.212166,12.943165,-0.6524658,31.429846,27.66753,7.332177,14.706676,13.351558,22.0612
4_2,4,2,g330_r04,44.81803,-8.801851,-2.9304276,36.804123,12.329504,-0.73487854,22.706327,25.988464,6.4928217,7.245083,11.5698595,19.799503
4_2,4,2,g330_r08,48.28213,-10.801852,-2.9304252,36.81081,13.281204,-0.099167824,26.825377,26.564003,6.905043,10.565059,12.401175,20.8634
4_2,4,2,g330_r12,51.746235,-12.801849,-2.9304235,36.48301,13.280952,0.27432156,30.38995,27.539736,8.438352,17.064312,13.615988,22.285744
4_2,4,2,g345_r04,45.217632,-7.837128,-2.9304237,36.91946,12.416933,-0.16344166,22.062248,25.754751,6.476934,7.5254135,11.566429,19.769945
4_2,4,2,g345_r08,49.081337,-8.872405,-2.9304242,37.15542,13.642807,0.86725426,25.760138,26.299612,7.309034,11.424733,12.466448,20.906544
4_2,4,2,g345_r12,52.945038,-9.90768,-2.930428,36.971687,13.282459,0.9870157,28.430212,27.537466,9.538622,18.076565,13.575272,22.144854
4_9,4,9,0_right,51.353928,-6.801852,-2.9304283,23.962627,-14.550912,-4.726142,28.5229,48.77027,27.430681,11.777939,13.535713,22.864857
4_9,4,9,135_fwd_left,34.28286,0.2692157,-2.9304287,23.091072,-13.073156,-4.4475737,17.480753,45.438324,21.670918,14.164239,11.759545,20.280954
4_9,4,9,180_left,31.353933,-6.801854,-2.9304256,24.472694,-12.887825,0.64168835,9.856494,48.395775,24.360342,15.400662,11.133364,18.712067
4_9,4,9,225_back_left,34.28286,-13.872919,-2.930426,25.316168,-14.311483,3.0204496,10.770646,49.069042,25.576893,10.118529,11.2541895,19.040094
4_9,4,9,270_backward,41.353928,-16.801853,-2.930425,23.82507,-14.230806,0.75370026,18.095411,48.62927,24.749838,5.949474,11.685821,20.144827
4_9,4,9,315_back_right,48.424995,-13.872917,-2.9304233,22.801327,-14.728864,-3.5106626,25.644526,49.147076,23.403429,10.248645,12.66588,21.702936
4_9,4,9,45_fwd_right,48.424995,0.2692162,-2.930429,23.882246,-14.853133,-5.9504004,28.98538,46.52042,28.19109,8.637783,13.612079,23.07156
4_9,4,9,90_forward,41.353928,3.198148,-2.930426,24.013466,-15.487818,-6.6554914,25.763018,44.754204,24.88523,7.779456,13.057962,22.25592
4_9,4,9,g000_r04,45.353928,-6.8018517,-2.9304247,23.054735,-13.72222,-3.720038,23.361698,47.926327,22.536488,6.2157373,12.313444,21.224855
4_9,4,9,g000_r08,49.353928,-6.8018527,-2.9304292,24.042276,-14.105734,-4.332137,26.381643,48.434113,25.5996,9.4338255,13.026331,22.226654
4_9,4,9,g000_r12,53.353928,-6.8018503,-2.9304237,23.757067,-15.420318,-5.001304,30.895641,49.338764,29.214342,14.783969,14.134282,23.592796
4_9,4,9,g015_r04,45.217632,-5.766576,-2.930426,23.18985,-13.695988,-3.884387,23.430937,47.674564,22.789833,6.259769,12.349849,21.285225
4_9,4,9,g015_r08,49.081337,-4.7312956,-2.930421,24.101564,-14.068167,-4.6522107,26.723225,47.902893,26.279276,8.920117,13.120819,22.382355
4_9,4,9,g015_r12,52.945038,-3.6960225,-2.9304283,23.621164,-15.26837,-5.3484983,31.617334,48.684673,30.345911,13.446761,14.299765,23.854883
4_9,4,9,g030_r04,44.818035,-4.8018527,-2.9304273,23.250477,-13.619343,-3.981319,23.324066,47.40921,22.86938,6.3523226,12.341699,21.275951
4_9,4,9,g030_r08,48.28213,-2.801852,-2.9304276,23.960978,-14.174093,-4.810566,26.914331,47.243004,26.484444,8.271212,13.1534605,22.4488
4_9,4,9,g030_r12,51.746235,-0.80185294,-2.9304292,23.71702,-15.053029,-6.046849,31.59818,47.79623,30.700014,11.544974,14.3063965,23.912313
4_9,4,9,g045_r04,44.182354,-3.9734235,-2.9304237,23.244709,-13.626854,-4.006585,23.080986,47.154438,22.825142,6.5695853,12.288967,21.195028
4_9,4,9,g045_r08,47.010784,-1.1449966,-2.9304237,23.808804,-14.442952,-4.803654,26.808144,46.560577,26.21108,7.7116795,13.127366,22.424013
4_9,4,9,g045_r12,49.83921,1.6834283,-2.9304261,23.959833,-14.878067,-7.0369816,30.99821,46.71139,30.066813,9.641428,14.145941,23.752188
4_9,4,9,g060_r04,43.353928,-3.33775,-2.930426,23.19331,-13.576085,-4.1930985,22.646597,46.967106,22.500494,6.7539196,12.233977,21.109192
4_9,4,9,g060_r08,45.353928,0.12635292,-2.930429,23.869795,-14.570778,-5.00431,26.112728,46.04544,25.633615,7.667586,13.026191,22.273134
4_9,4,9,g060_r12,47.353928,3.5904546,-2.9304292,24.28746,-14.813537,-7.7493925,29.899685,45.618946,28.832556,8.832124,13.934782,23.471998
4_9,4,9,g075_r04,42.389206,-2.938149,-2.9304285,23.096882,-13.662502,-4.2493305,22.1121,46.793564,22.355883,6.7335954,12.189254,21.040524
4_9,4,9,g075_r08,43.42448,0.9255545,-2.930428,23.829077,-14.691303,-5.2604713,25.165356,45.64205,24.645618,7.6834292,12.873467,22.041904
4_9,4,9,g075_r12,44.45976,4.7892585,-2.9304228,24.442966,-15.019493,-8.235136,28.656563,44.752384,27.165329,8.567394,13.803245,23.239586
4_9,4,9,g090_r04,41.353928,-2.8018517,-2.9304254,22.921928,-13.670509,-4.2069826,21.435856,46.72894,21.956274,6.8377714,12.078035,20.86012
4_9,4,9,g090_r08,41.353928,1.1981469,-2.9304268,23.68565,-14.775169,-5.262415,23.93226,45.38386,23.884645,7.454005,12.666382,21.749657
4_9,4,9,g090_r12,41.353928,5.198149,-2.930425,24.241264,-15.53321,-8.364286,27.425524,44.09388,25.989168,8.299943,13.50297,22.798616
4_9,4,9,g105_r04,40.318653,-2.9381487,-2.9304254,22.668694,-13.575157,-4.1128674,20.641348,46.731297,21.526861,7.453035,11.972145,20.680342
4_9,4,9,g105_r08,39.283375,0.9255562,-2.9304256,23.169054,-14.552534,-4.850842,22.426115,45.30215,23.119839,8.701022,12.417097,21.386827
4_9,4,9,g105_r12,38.2481,4.789259,-2.9304264,23.692339,-15.522562,-7.484979,25.400476,43.824593,25.394253,9.934858,13.116594,22.283634
4_9,4,9,g120_r04,39.353928,-3.3377488,-2.930425,22.47182,-13.647827,-3.9419909,19.807234,46.89297,21.308453,8.089367,11.857448,20.475111
4_9,4,9,g120_r08,37.35393,0.12634964,-2.930427,22.849789,-13.916485,-4.616714,20.2587,45.539,22.158175,10.407178,12.070395,20.836613
4_9,4,9,g120_r12,35.353928,3.5904543,-2.9304242,23.354822,-14.778481,-6.2326746,22.18786,43.942593,24.150578,12.651485,12.470305,21.36306
4_9,4,9,g135_r04,38.5255,-3.973424,-2.9304247,22.571934,-13.5677395,-3.472948,18.62422,47.176334,21.204538,8.545189,11.712756,20.209568
4_9,4,9,g135_r08,35.697075,-1.1449959,-2.9304273,22.920265,-13.281114,-3.9818525,17.653263,46.096634,21.40004,12.097058,11.696542,20.167013
4_9,4,9,g135_r12,32.86865,1.6834304,-2.930425,22.983915,-13.219272,-4.783646,17.978678,44.714058,22.54955,16.29774,11.877174,20.463676
4_9,4,9,g150_r04,37.889828,-4.8018513,-2.930426,22.782635,-13.654665,-2.8416662,17.51021,47.55062,21.339182,8.965284,11.564937,19.932182
4_9,4,9,g150_r08,34.425724,-2.8018517,-2.9304245,23.730171,-13.535131,-2.603982,15.156013,47.159748,21.626516,13.375287,11.398841,19.563488
4_9,4,9,g150_r12,30.961624,-0.80185103,-2.9304264,24.237843,-12.668949,-2.6645584,13.6421385,46.344883,21.564943,19.404202,11.522704,19.71227
4_9,4,9,g165_r04,37.490227,-5.7665753,-2.930425,22.956404,-13.63537,-2.1491766,16.545702,47.83362,21.719051,9.138649,11.467612,19.73749
4_9,4,9,g165_r08,33.626522,-4.7312984,-2.9304264,24.049492,-12.926569,-1.4321632,12.693571,47.885277,22.60804,13.750424,11.229732,19.124466
4_9,4,9,g165_r12,29.76282,-3.696023,-2.9304252,24.696331,-12.589678,-0.8785906,10.4391775,47.838467,23.328066,19.774412,11.321216,19.105143
4_9,4,9,g180_r04,37.353928,-6.8018527,-2.9304256,23.089298,-13.376198,-1.5384865,15.768296,47.951492,22.223436,9.032958,11.408235,19.609846
4_9,4,9,g180_r08,33.353928,-6.8018527,-2.9304283,24.209269,-12.750675,0.003455162,11.296945,48.227257,23.66139,12.990585,11.142165,18.869396
4_9,4,9,g180_r12,29.353931,-6.801852,-2.9304264,24.861397,-12.761541,1.5319748,8.695619,48.543865,24.98147,17.97567,11.202231,18.70478
4_9,4,9,g195_r04,37.490227,-7.837127,-2.9304261,23.201324,-13.284529,-0.96912766,15.4173155,48.063347,22.594852,8.724269,11.378851,19.550467
4_9,4,9,g195_r08,33.626522,-8.872404,-2.930427,24.271362,-13.122422,0.97184753,10.991333,48.46166,24.4635,11.754826,11.1315,18.82342
4_9,4,9,g195_r12,29.76282,-9.90768,-2.9304302,25.410433,-13.371931,3.5209084,8.518455,49.08664,25.879936,15.65281,11.132561,18.562103
4_9,4,9,g210_r04,37.889828,-8.801851,-2.9304245,23.25611,-13.214495,-0.6097269,15.459715,48.133022,22.79181,8.332673,11.374988,19.54899
4_9,4,9,g210_r08,34.425724,-10.801851,-2.9304264,24.407618,-13.456692,1.6344948,11.324714,48.635296,24.918371,10.356839,11.19536,18.975164
4_9,4,9,g210_r12,30.961624,-12.801852,-2.9304266,25.957066,-14.238597,3.9966526,8.665695,49.46911,26.146109,13.148348,11.176822,18.717241
4_9,4,9,g225_r04,38.5255,-9.63028,-2.9304273,23.228334,-13.332975,-0.47605896,15.929131,48.16729,22.79145,8.089399,11.41251,19.63301
4_9,4,9,g225_r08,35.697075,-12.458706,-2.9304245,24.363934,-13.98418,1.8388815,12.390054,48.743,24.941275,9.302227,11.267142,19.184864
4_9,4,9,g225_r12,32.86865,-15.287132,-2.9304273,26.314165,-14.793837,4.0205812,9.566667,49.504784,25.843445,11.080985,11.265417,18.967964
4_9,4,9,g240_r04,39.353928,-10.265953,-2.9304256,23.119455,-13.360178,-0.5420923,16.698397,48.20358,22.6809,7.603077,11.480077,19.77578
4_9,4,9,g240_r08,37.353928,-13.730055,-2.9304264,24.06078,-14.233233,1.590786,14.0499935,48.748207,24.522472,8.417856,11.365563,19.454836
4_9,4,9,g240_r12,35.353928,-17.194159,-2.930426,25.671165,-15.154572,3.829362,11.983761,49.40197,25.485737,9.062511,11.404537,19.380777
4_9,4,9,g255_r04,40.318653,-10.665556,-2.9304261,22.834492,-13.437355,-0.8206053,17.827791,48.22787,22.50188,6.8000045,11.587284,19.99006
4_9,4,9,g255_r08,39.283375,-14.529257,-2.9304266,23.82943,-13.982231,1.1214304,15.985656,48.67277,24.1932,7.014244,11.516517,19.800964
4_9,4,9,g255_r12,38.2481,-18.392962,-2.9304273,24.861925,-15.143927,2.8162098,14.925473,49.12309,25.241274,6.9661236,11.553944,19.779198
4_9,4,9,g270_r04,41.353928,-10.801851,-2.9304273,22.445017,-13.494203,-1.3072233,19.168476,48.186855,22.305653,6.071881,11.7016535,20.206594
4_9,4,9,g270_r08,41.353928,-14.801852,-2.9304237,23.31468,-13.747614,0.2020359,18.339525,48.52815,23.908894,5.915297,11.65036,20.09729
4_9,4,9,g270_r12,41.353928,-18.801851,-2.9304256,24.186117,-14.737571,1.1718311,18.112995,48.71113,25.408163,6.225228,11.74058,20.219303
4_9,4,9,g285_r04,42.389206,-10.665554,-2.9304245,22.044699,-13.335424,-2.0566607,20.537542,48.129982,22.03923,5.7442164,11.843132,20.456625
4_9,4,9,g285_r08,43.42448,-14.529258,-2.930425,22.3787,-13.911225,-1.2540445,21.121483,48.335503,23.512152,6.3056393,11.935813,20.614416
4_9,4,9,g285_r12,44.45976,-18.39296,-2.9304273,22.475224,-14.682889,-1.1945391,22.362865,48.49457,24.30323,7.9225116,12.117102,20.899572
4_9,4,9,g300_r04,43.353928,-10.265954,-2.9304242,21.638172,-13.36514,-2.9630384,21.935816,48.236603,21.915144,5.698882,12.017166,20.749445
4_9,4,9,g300_r08,45.353928,-13.730053,-2.930427,21.9781,-13.799114,-2.8947716,23.375957,48.545734,22.872896,7.2333436,12.246181,21.116642
4_9,4,9,g300_r12,47.353928,-17.194157,-2.9304252,22.110413,-14.694092,-3.0310698,25.367212,48.87916,23.307234,10.529355,12.54931,21.539316
4_9,4,9,g315_r04,44.182354,-9.630278,-2.9304254,22.086103,-13.559879,-3.2223759,22.44485,48.26371,21.928604,5.819377,12.097392,20.879452
4_9,4,9,g315_r08,47.010784,-12.458705,-2.9304264,22.630592,-14.130088,-3.3982172,24.44189,48.84649,22.862532,8.155702,12.4277725,21.391031
4_9,4,9,g315_r12,49.83921,-15.287134,-2.9304297,22.866802,-15.313362,-3.6267595,26.981407,49.485878,24.051535,12.809047,12.968256,22.070251
4_9,4,9,g330_r04,44.81803,-8.801851,-2.9304276,22.501387,-13.687485,-3.4614162,22.851345,48.250393,22.06166,5.981063,12.166425,20.990593
4_9,4,9,g330_r08,48.28213,-10.801852,-2.9304252,23.235863,-14.325244,-3.6287766,25.30252,48.977455,23.549109,9.052131,12.644194,21.692284
4_9,4,9,g330_r12,51.746235,-12.801849,-2.9304235,23.616589,-15.497971,-3.9276152,28.276146,49.79957,25.660555,14.5352125,13.404509,22.625025
4_9,4,9,g345_r04,45.217632,-7.837128,-2.9304237,22.826963,-13.678539,-3.6001644,23.149788,48.143448,22.267721,6.130261,12.246934,21.119133
4_9,4,9,g345_r08,49.081337,-8.872405,-2.9304242,23.68522,-14.277182,-3.9421473,25.98457,48.796963,24.634237,9.543782,12.852872,21.975954
4_9,4,9,g345_r12,52.945038,-9.90768,-2.930428,23.91446,-15.396549,-4.6152663,29.592918,49.7278,27.687096,15.233133,13.825156,23.16341
