seed,coef_seed,train_seed,direction,true_x,true_y,true_z,pred_x,pred_y,pred_z,l2_at_peak,sh_elv_rmse,sh_rot_rmse,elbow_rmse,wrist_rmse,mean_l2
0_0,0,0,0_right,51.353928,-6.801852,-2.9304283,49.748573,-6.3425484,-2.8292513,1.6728297,1.1120814,1.3141793,1.3101636,0.7068746,1.0025849
0_0,0,0,135_fwd_left,34.28286,0.2692157,-2.9304287,32.90774,0.9686489,-2.9030304,1.543019,1.1857349,0.58149505,0.8382877,0.557826,0.8357785
0_0,0,0,180_left,31.353933,-6.801854,-2.9304256,30.295984,-7.5566063,-3.4760895,1.409488,1.1701826,0.44215822,0.73397654,0.5565911,0.8300601
0_0,0,0,225_back_left,34.28286,-13.872919,-2.930426,33.760056,-13.61364,-2.9273815,0.5835746,1.1990693,0.8733342,0.6517996,0.508102,0.7438786
0_0,0,0,270_backward,41.353928,-16.801853,-2.930425,40.444107,-17.555014,-3.2539587,1.2246217,1.0094621,0.8507305,0.8095687,0.52755886,0.7958058
0_0,0,0,315_back_right,48.424995,-13.872917,-2.9304233,47.72133,-13.915098,-2.6363497,0.76380974,1.0216997,0.55496645,1.1031406,0.46803662,0.7442939
0_0,0,0,45_fwd_right,48.424995,0.2692162,-2.930429,46.342804,-1.3320293,-3.2646704,2.647872,1.153442,1.4689419,1.5725312,1.0162206,1.2954628
0_0,0,0,90_forward,41.353928,3.198148,-2.930426,39.11371,2.057724,-3.3703537,2.5519962,1.4233396,0.79574007,0.99319834,1.0264328,1.280152
0_0,0,0,g000_r04,45.353928,-6.8018517,-2.9304247,44.272743,-6.732379,-2.957138,1.0837435,1.0146745,0.3958057,0.79465663,0.47957703,0.754917
0_0,0,0,g000_r08,49.353928,-6.8018527,-2.9304292,47.77307,-6.6679,-3.1764994,1.6054907,1.1351179,0.89121735,1.4111392,0.64831764,0.94257843
0_0,0,0,g000_r12,53.353928,-6.8018503,-2.9304237,51.921494,-6.286318,-2.148405,1.711489,1.1308718,1.734937,1.1921479,0.8206778,1.0958462
0_0,0,0,g015_r04,45.217632,-5.766576,-2.930426,43.999504,-5.6597605,-2.9778204,1.2237206,1.0180144,0.55824924,0.87823534,0.5104744,0.7906897
0_0,0,0,g015_r08,49.081337,-4.7312956,-2.930421,47.23096,-5.0778837,-3.1819305,1.899282,1.0892127,1.0503743,1.4240636,0.7360883,1.0300956
0_0,0,0,g015_r12,52.945038,-3.6960225,-2.9304283,51.04641,-4.012396,-2.3608704,2.007306,1.1018816,1.9953891,1.3307967,0.9174855,1.1990228
0_0,0,0,g030_r04,44.818035,-4.8018527,-2.9304273,43.548737,-4.717704,-2.928568,1.2720861,1.0151093,0.7183504,0.9088023,0.54363906,0.8251598
0_0,0,0,g030_r08,48.28213,-2.801852,-2.9304276,46.48192,-3.4822092,-3.2129583,1.9451159,1.106393,1.0846137,1.3312645,0.7843386,1.0701803
0_0,0,0,g030_r12,51.746235,-0.80185294,-2.9304292,49.526814,-2.16716,-2.7218676,2.614076,1.1543385,1.9975035,1.5541973,1.0277027,1.3150961
0_0,0,0,g045_r04,44.182354,-3.9734235,-2.9304237,42.91454,-3.9695835,-2.8297396,1.2718121,1.0207005,0.82053494,0.7859595,0.56066304,0.84251904
0_0,0,0,g045_r08,47.010784,-1.1449966,-2.9304237,45.03663,-1.9545212,-3.1106434,2.1412845,1.14067,1.0838885,1.3354696,0.81932443,1.1004261
0_0,0,0,g045_r12,49.83921,1.6834283,-2.9304261,47.506973,-0.573349,-3.4946747,3.2940478,1.2682898,1.8002087,1.7161243,1.1468952,1.4223098
0_0,0,0,g060_r04,43.353928,-3.33775,-2.930426,42.053497,-3.4086142,-2.680726,1.3260809,1.019487,0.8235522,0.65199554,0.56251955,0.84277195
0_0,0,0,g060_r08,45.353928,0.12635292,-2.930429,43.238014,-0.95344734,-3.157465,2.3863368,1.1804718,1.065738,1.1638544,0.85413575,1.1373752
0_0,0,0,g060_r12,47.353928,3.5904546,-2.9304292,45.191986,1.4003105,-3.529809,3.1352797,1.4185845,1.869545,1.6958383,1.2178895,1.4663607
0_0,0,0,g075_r04,42.389206,-2.938149,-2.9304285,41.046127,-2.985097,-2.4661016,1.4218522,1.0089707,0.70593685,0.5457502,0.56607306,0.849838
0_0,0,0,g075_r08,43.42448,0.9255545,-2.930428,41.204704,-0.20408058,-3.1746492,2.5026238,1.2213627,0.6773585,0.8043628,0.9041015,1.1803265
0_0,0,0,g075_r12,44.45976,4.7892585,-2.9304228,42.83663,2.5976086,-3.522419,2.7907581,1.5901053,1.4446359,1.33583,1.2021801,1.4332739
0_0,0,0,g090_r04,41.353928,-2.8018517,-2.9304254,40.040077,-2.8525305,-2.462142,1.3957294,1.0053655,0.7264095,0.45138624,0.5639034,0.8447539
0_0,0,0,g090_r08,41.353928,1.1981469,-2.9304268,39.057915,0.3479004,-3.20504,2.4637382,1.2144837,0.59309095,0.7556817,0.8634865,1.140367
0_0,0,0,g090_r12,41.353928,5.198149,-2.930425,39.65199,3.5501804,-3.515544,2.4402378,1.7110213,1.0189059,1.0999936,1.1518211,1.3732809
0_0,0,0,g105_r04,40.318653,-2.9381487,-2.9304254,39.067745,-2.8489285,-2.5199327,1.3195586,1.011542,0.746092,0.46144786,0.5143618,0.794543
0_0,0,0,g105_r08,39.283375,0.9255562,-2.9304256,37.129498,0.73376083,-3.169138,2.175536,1.130086,0.64122003,0.925106,0.7534671,1.0419333
0_0,0,0,g105_r12,38.2481,4.789259,-2.9304264,36.285507,4.0167046,-3.4771528,2.1788807,1.5801542,1.2291121,1.177113,0.9698394,1.2076569
0_0,0,0,g120_r04,39.353928,-3.3377488,-2.930425,38.330093,-3.1337328,-2.3807373,1.179837,1.0122337,0.67198944,0.56688213,0.48299754,0.75901794
0_0,0,0,g120_r08,37.35393,0.12634964,-2.930427,35.520958,0.49833488,-2.913063,1.8704188,1.0957342,0.41160965,0.8814325,0.6518566,0.9405048
0_0,0,0,g120_r12,35.353928,3.5904543,-2.9304242,33.56157,3.6847687,-3.1557245,1.8089235,1.3102485,1.6721731,0.96030647,0.7251475,1.0047553
0_0,0,0,g135_r04,38.5255,-3.973424,-2.9304247,37.73069,-3.8799572,-2.241784,1.0557872,0.9996793,0.6354789,0.54673994,0.44814256,0.7176021
0_0,0,0,g135_r08,35.697075,-1.1449959,-2.9304273,34.38572,-0.45858383,-2.7426538,1.4920033,1.0792024,0.64158803,0.7344845,0.55529904,0.8270339
0_0,0,0,g135_r12,32.86865,1.6834304,-2.930425,31.459637,1.9718647,-2.802845,1.4438785,1.1632123,1.2927864,1.0458965,0.5595528,0.8330366
0_0,0,0,g150_r04,37.889828,-4.8018513,-2.930426,37.28341,-4.9506817,-2.3889837,0.82647055,0.98399127,0.5853894,0.45109516,0.3957597,0.6549108
0_0,0,0,g150_r08,34.425724,-2.8018517,-2.9304245,33.609642,-2.37434,-2.7991705,0.9305824,1.0456051,0.83269334,0.6434147,0.45650533,0.72775245
0_0,0,0,g150_r12,30.961624,-0.80185103,-2.9304264,29.849522,-0.22048569,-2.8346424,1.2585436,1.1310772,0.79990935,0.8501298,0.4742835,0.75347954
0_0,0,0,g165_r04,37.490227,-5.7665753,-2.930425,36.98629,-6.02055,-2.620041,0.64404464,0.98196983,0.41372678,0.40685567,0.3945273,0.64899373
0_0,0,0,g165_r08,33.626522,-4.7312984,-2.9304264,32.938618,-4.8629847,-2.950014,0.70066917,1.0896719,0.6758734,0.6412428,0.47624424,0.73541564
0_0,0,0,g165_r12,29.76282,-3.696023,-2.9304252,28.476442,-4.1012115,-3.0850372,1.3575155,1.2285919,0.85267264,0.88331294,0.52622247,0.80439496
0_0,0,0,g180_r04,37.353928,-6.8018527,-2.9304256,36.858288,-7.2233524,-2.742776,0.67715085,1.0233684,0.31042475,0.4039938,0.3961067,0.65166605
0_0,0,0,g180_r08,33.353928,-6.8018527,-2.9304283,32.50564,-7.437009,-3.262064,1.1104056,1.1275685,0.42538145,0.5712199,0.50176334,0.76981926
0_0,0,0,g180_r12,29.353931,-6.801852,-2.9304264,28.10476,-7.405629,-3.4115553,1.46849,1.1646312,0.5033002,0.90488154,0.5868647,0.85770756
0_0,0,0,g195_r04,37.490227,-7.837127,-2.9304261,37.006466,-8.378676,-2.9262285,0.7261664,1.021675,0.49170157,0.46864817,0.42220694,0.6813382
0_0,0,0,g195_r08,33.626522,-8.872404,-2.930427,32.879562,-9.566372,-3.3313866,1.095586,1.1201285,0.43382627,0.40127426,0.47484073,0.7532553
0_0,0,0,g195_r12,29.76282,-9.90768,-2.9304302,29.254572,-9.798935,-3.1608047,0.56851846,1.1668,0.85757995,0.6880926,0.5020826,0.7513304
0_0,0,0,g210_r04,37.889828,-8.801851,-2.9304245,37.3535,-9.368461,-2.9342136,0.78019714,1.0282074,0.6783382,0.5294658,0.4386182,0.69758517
0_0,0,0,g210_r08,34.425724,-10.801851,-2.9304264,33.7648,-11.373505,-3.1860847,0.9104768,1.0996506,0.58621377,0.47242862,0.45971033,0.7287081
0_0,0,0,g210_r12,30.961624,-12.801852,-2.9304266,30.391216,-12.252265,-2.8900032,0.7931238,1.3115469,0.98144895,0.7127128,0.5593606,0.80081165
0_0,0,0,g225_r04,38.5255,-9.63028,-2.9304273,38.013382,-10.118118,-2.8301125,0.71436393,1.0402172,0.81088233,0.62080604,0.44064948,0.6941878
0_0,0,0,g225_r08,35.697075,-12.458706,-2.9304245,34.970123,-12.700885,-2.9879198,0.7683847,1.0873772,0.7568485,0.6021139,0.46628854,0.7239721
0_0,0,0,g225_r12,32.86865,-15.287132,-2.9304273,32.337967,-14.696276,-2.9699898,0.79517275,1.3656839,1.0221317,0.7162727,0.58199245,0.82337964
0_0,0,0,g240_r04,39.353928,-10.265953,-2.9304256,38.99884,-10.744982,-3.00247,0.6006212,1.0512216,0.92696184,0.5352942,0.41009054,0.6547343
0_0,0,0,g240_r08,37.353928,-13.730055,-2.9304264,36.8084,-14.095091,-3.3797474,0.79545075,1.1121945,0.6887077,0.69373375,0.45461535,0.7144526
0_0,0,0,g240_r12,35.353928,-17.194159,-2.930426,34.98918,-16.940363,-3.408307,0.6525507,1.3239342,1.0121453,0.8146127,0.5646189,0.8036606
0_0,0,0,g255_r04,40.318653,-10.665556,-2.9304261,40.17903,-11.037627,-3.238428,0.5027887,1.0736986,0.8804973,0.5391661,0.4060311,0.64431506
0_0,0,0,g255_r08,39.283375,-14.529257,-2.9304266,38.752735,-15.221789,-3.7516499,1.19816,1.0730349,0.62563205,0.7778173,0.47528037,0.74723625
0_0,0,0,g255_r12,38.2481,-18.392962,-2.9304273,37.470276,-18.662598,-3.3457298,0.9220578,1.2172382,0.8997276,0.79442716,0.52654994,0.79132426
0_0,0,0,g270_r04,41.353928,-10.801851,-2.9304273,41.274387,-11.069421,-3.4127169,0.5572462,1.0840017,0.74709475,0.4750175,0.3940474,0.63523
0_0,0,0,g270_r08,41.353928,-14.801852,-2.9304237,40.674004,-15.381771,-3.511569,1.0659889,0.99731755,0.8801425,0.66213155,0.49430314,0.7619647
0_0,0,0,g270_r12,41.353928,-18.801851,-2.9304256,40.5344,-19.515736,-2.8873138,1.0877101,1.053406,0.9610614,0.9322699,0.55428827,0.81634045
0_0,0,0,g285_r04,42.389206,-10.665554,-2.9304245,42.219707,-10.864516,-3.2499409,0.41280314,1.0889896,0.5726674,0.36740282,0.36975747,0.5964987
0_0,0,0,g285_r08,43.42448,-14.529258,-2.930425,42.91762,-14.807426,-2.9685392,0.57942766,1.0194439,0.96744794,0.68389213,0.51051706,0.7428422
0_0,0,0,g285_r12,44.45976,-18.39296,-2.9304273,43.678925,-18.687725,-2.411747,0.9826586,0.9822195,0.8989058,0.97875774,0.596593,0.8560289
0_0,0,0,g300_r04,43.353928,-10.265954,-2.9304242,43.008446,-10.439846,-2.9600935,0.3879129,1.108734,0.48602733,0.4415699,0.35942325,0.5796305
0_0,0,0,g300_r08,45.353928,-13.730053,-2.930427,44.74077,-13.935833,-2.5261679,0.7627156,1.0175465,0.70150733,0.74636424,0.4502289,0.7155665
0_0,0,0,g300_r12,47.353928,-17.194157,-2.9304252,46.762344,-17.20521,-2.4758654,0.74613506,1.023984,0.55031896,1.024785,0.4523476,0.7171613
0_0,0,0,g315_r04,44.182354,-9.630278,-2.9304254,43.594715,-9.85082,-2.7826147,0.64483035,1.0844686,0.37471452,0.57411647,0.38108537,0.6292163
0_0,0,0,g315_r08,47.010784,-12.458705,-2.9304264,46.136345,-12.55629,-2.4473734,1.0037465,1.0092939,0.5044568,1.0438346,0.47784355,0.75199264
0_0,0,0,g315_r12,49.83921,-15.287134,-2.9304297,49.401653,-15.436628,-2.232026,0.8375992,1.0309597,0.7477163,0.999204,0.45471004,0.7266978
0_0,0,0,g330_r04,44.81803,-8.801851,-2.9304276,44.039062,-8.990997,-2.7279863,0.82677144,1.0729593,0.280469,0.65544975,0.41619053,0.6710286
0_0,0,0,g330_r08,48.28213,-10.801852,-2.9304252,47.308243,-10.641672,-2.730732,1.0069726,1.0189283,0.7062797,1.20403,0.52643085,0.78914475
0_0,0,0,g330_r12,51.746235,-12.801849,-2.9304235,51.04652,-12.684622,-2.5689116,0.7962624,1.0744715,1.0841297,1.0244842,0.5751705,0.8298592
0_0,0,0,g345_r04,45.217632,-7.837128,-2.9304237,44.300034,-7.88958,-2.8372574,0.92380655,1.0375583,0.24434656,0.72699404,0.45203054,0.71704084
0_0,0,0,g345_r08,49.081337,-8.872405,-2.9304242,47.9373,-8.612437,-2.9331207,1.173204,1.1355317,0.844181,1.3029306,0.5644911,0.84715295
0_0,0,0,g345_r12,52.945038,-9.90768,-2.930428,51.925358,-9.4909315,-2.5191689,1.1758233,1.1158589,1.3552704,1.0984603,0.7062798,0.9726384
0_1,0,1,0_right,51.353928,-6.801852,-2.9304283,49.842632,-6.275446,-3.143917,1.6145262,0.9646464,2.189677,1.4432894,0.84992164,1.2715399
0_1,0,1,135_fwd_left,34.28286,0.2692157,-2.9304287,33.875835,0.3632412,-3.8927908,1.0491189,0.97156966,1.3327535,0.81993675,0.66621894,1.0587443
0_1,0,1,180_left,31.353933,-6.801854,-2.9304256,30.632364,-6.1541357,-2.5720701,1.0337406,1.1318988,1.3646493,0.912079,0.7467986,1.1601887
0_1,0,1,225_back_left,34.28286,-13.872919,-2.930426,33.798874,-13.115807,-3.1973858,0.93740565,1.5732158,1.3217101,1.0235959,0.72647226,1.1171998
0_1,0,1,270_backward,41.353928,-16.801853,-2.930425,41.24768,-16.515089,-3.3167858,0.49274418,0.98447746,1.2868657,1.197379,0.64259505,0.9820569
0_1,0,1,315_back_right,48.424995,-13.872917,-2.9304233,47.553185,-13.663021,-3.4780102,1.050696,0.80531555,1.4249097,1.0472748,0.6267796,1.0326123
0_1,0,1,45_fwd_right,48.424995,0.2692162,-2.930429,46.428864,0.59132004,-3.1389313,2.0326748,1.1158704,1.9942048,1.741472,1.1365956,1.5450984
0_1,0,1,90_forward,41.353928,3.198148,-2.930426,40.53634,2.642891,-4.4475317,1.8106275,1.1651256,1.569451,0.81112504,0.92920727,1.3363245
0_1,0,1,g000_r04,45.353928,-6.8018517,-2.9304247,44.212776,-6.486718,-3.1836977,1.2106539,0.82505757,1.1210215,0.71151924,0.5942717,0.9990966
0_1,0,1,g000_r08,49.353928,-6.8018527,-2.9304292,47.96329,-6.2386885,-2.9333315,1.500344,0.91746193,1.3714858,1.3108644,0.73102546,1.1487691
0_1,0,1,g000_r12,53.353928,-6.8018503,-2.9304237,51.44184,-6.1650133,-2.6878967,2.0298905,1.0695512,3.0463312,1.4260647,1.0046062,1.422008
0_1,0,1,g015_r04,45.217632,-5.766576,-2.930426,44.069984,-5.5080557,-3.1976452,1.2063724,0.86333996,1.1207244,0.71437275,0.6012087,1.0083356
0_1,0,1,g015_r08,49.081337,-4.7312956,-2.930421,47.373352,-4.1717567,-2.760682,1.8052998,0.9436059,1.5240861,1.4708805,0.8488115,1.28535
0_1,0,1,g015_r12,52.945038,-3.6960225,-2.9304283,50.884933,-3.5651636,-3.067709,2.0688162,1.0966551,3.1438076,1.532545,1.1091697,1.5224895
0_1,0,1,g030_r04,44.818035,-4.8018527,-2.9304273,43.715103,-4.570615,-3.3209105,1.192647,0.9023213,1.1262233,0.7388594,0.6116541,1.019905
0_1,0,1,g030_r08,48.28213,-2.801852,-2.9304276,46.44134,-2.3085613,-3.049757,1.9094718,1.0112636,1.5703425,1.4319819,0.938552,1.371691
0_1,0,1,g030_r12,51.746235,-0.80185294,-2.9304292,49.66919,-0.7551861,-3.5063848,2.155927,1.1392019,2.5411313,1.6839906,1.1650647,1.5890632
0_1,0,1,g045_r04,44.182354,-3.9734235,-2.9304237,43.21666,-3.722231,-3.4479494,1.1240535,0.9079554,1.0945473,0.7616234,0.60042244,1.0065606
0_1,0,1,g045_r08,47.010784,-1.1449966,-2.9304237,45.170555,-0.9727764,-3.4670181,1.9245872,1.0747341,1.6309137,1.3489317,0.9942779,1.4075327
0_1,0,1,g045_r12,49.83921,1.6834283,-2.9304261,47.677162,1.5728798,-3.286539,2.1939669,1.2136804,2.2293427,1.9055054,1.2557626,1.6768129
0_1,0,1,g060_r04,43.353928,-3.33775,-2.930426,42.480034,-3.0752544,-3.5064526,1.079074,0.9714975,1.1917574,0.7566073,0.6000223,0.99614227
0_1,0,1,g060_r08,45.353928,0.12635292,-2.930429,44.077625,0.22700119,-3.9331598,1.6262063,1.113156,1.6348643,1.0073941,0.9515193,1.3631368
0_1,0,1,g060_r12,47.353928,3.5904546,-2.9304292,45.536896,3.2104092,-3.8735323,2.0821822,1.2764167,2.264894,1.7195953,1.2059307,1.6248144
0_1,0,1,g075_r04,42.389206,-2.938149,-2.9304285,41.507336,-2.776309,-3.5153465,1.0705216,1.0048473,1.11115,0.78201586,0.5690063,0.9679587
0_1,0,1,g075_r08,43.42448,0.9255545,-2.930428,42.56743,0.6377716,-4.2264957,1.5802369,1.172356,1.4470762,0.7157144,0.91856676,1.308291
0_1,0,1,g075_r12,44.45976,4.7892585,-2.9304228,43.230255,4.0890446,-4.608907,2.195288,1.3985175,2.0906124,1.1705645,1.1586889,1.5781792
0_1,0,1,g090_r04,41.353928,-2.8018517,-2.9304254,40.36161,-2.7341661,-3.548171,1.1708478,1.0066909,1.1246403,0.76547736,0.5752884,0.9766818
0_1,0,1,g090_r08,41.353928,1.1981469,-2.9304268,40.59449,0.9201679,-4.2488213,1.5466679,1.1486871,1.3024551,0.77134407,0.8328684,1.2422994
0_1,0,1,g090_r12,41.353928,5.198149,-2.930425,40.390762,4.494055,-4.7830863,2.2035859,1.5160745,1.8380738,0.89554673,1.0466788,1.4543432
0_1,0,1,g105_r04,40.318653,-2.9381487,-2.9304254,39.269497,-2.8788824,-3.48874,1.1899396,0.92874956,1.1908005,0.7743632,0.5751462,0.97177196
0_1,0,1,g105_r08,39.283375,0.9255562,-2.9304256,38.56749,0.95755005,-4.093729,1.3663051,1.0658826,1.2242638,0.7456032,0.7576658,1.1536784
0_1,0,1,g105_r12,38.2481,4.789259,-2.9304264,37.815296,4.6502094,-4.9245806,2.045313,1.3748292,1.8128676,0.74611247,0.8614341,1.2502112
0_1,0,1,g120_r04,39.353928,-3.3377488,-2.930425,38.368748,-3.1462116,-3.346983,1.08664,0.8345961,1.1958251,0.72042024,0.5765382,0.969956
0_1,0,1,g120_r08,37.35393,0.12634964,-2.930427,36.453438,0.29434586,-3.8599281,1.3050225,1.0669112,1.2132889,0.739934,0.6744131,1.06981
0_1,0,1,g120_r12,35.353928,3.5904543,-2.9304242,35.168438,3.7900352,-4.4555426,1.549266,1.190176,1.9500035,1.0132874,0.78420377,1.1416706
0_1,0,1,g135_r04,38.5255,-3.973424,-2.9304247,37.49659,-3.7160578,-3.3130407,1.1275157,0.8265949,1.1194772,0.71280545,0.5676087,0.9605548
0_1,0,1,g135_r08,35.697075,-1.1449959,-2.9304273,34.65452,-0.9990978,-3.427865,1.1643261,0.9396566,1.124749,0.7755533,0.6131701,1.0140873
0_1,0,1,g135_r12,32.86865,1.6834304,-2.930425,32.77072,1.7553158,-4.172016,1.24752,0.982965,1.5862179,0.9624668,0.72068757,1.103861
0_1,0,1,g150_r04,37.889828,-4.8018513,-2.930426,36.84635,-4.4422674,-3.3670502,1.186922,0.8092692,1.1895907,0.7415651,0.56349427,0.9565737
0_1,0,1,g150_r08,34.425724,-2.8018517,-2.9304245,33.060593,-2.4423962,-3.317398,1.463742,0.86560136,1.10517,0.7808375,0.64802897,1.0551255
0_1,0,1,g150_r12,30.961624,-0.80185103,-2.9304264,30.088163,-0.69288826,-3.236679,0.9319857,0.9743474,1.3024018,0.8940232,0.63132113,1.0287455
0_1,0,1,g165_r04,37.490227,-5.7665753,-2.930425,36.438698,-5.3601055,-3.3540173,1.2043095,0.7939703,1.2523552,0.8351194,0.5666034,0.9606404
0_1,0,1,g165_r08,33.626522,-4.7312984,-2.9304264,32.422504,-4.226906,-3.1081743,1.3174464,0.8217174,1.1357743,0.84679157,0.6712364,1.0799985
0_1,0,1,g165_r12,29.76282,-3.696023,-2.9304252,28.627186,-3.2535448,-2.577345,1.2689035,0.86476994,1.2815797,0.86257756,0.7565326,1.1740679
0_1,0,1,g180_r04,37.353928,-6.8018527,-2.9304256,36.28588,-6.404356,-3.344202,1.21241,0.80752575,1.222732,0.91648865,0.5754388,0.97378564
0_1,0,1,g180_r08,33.353928,-6.8018527,-2.9304283,32.54964,-6.1355944,-3.0040636,1.0469956,0.9603561,1.3056325,0.902766,0.6905991,1.1011922
0_1,0,1,g180_r12,29.353931,-6.801852,-2.9304264,28.650398,-6.3512287,-2.178316,1.1241398,1.2379951,1.4644157,0.96441436,0.8034488,1.2181242
0_1,0,1,g195_r04,37.490227,-7.837127,-2.9304261,36.61347,-7.3574705,-3.266491,1.0543792,0.8614712,1.2287484,0.9635705,0.57653254,0.97481143
0_1,0,1,g195_r08,33.626522,-8.872404,-2.930427,33.08527,-8.155127,-2.918167,0.8986608,1.0759251,1.4426267,0.94047815,0.6787579,1.0789884
0_1,0,1,g195_r12,29.76282,-9.90768,-2.9304302,29.26614,-9.696992,-2.6945639,0.588823,1.4333692,1.4746177,1.0264329,0.8161516,1.1777234
0_1,0,1,g210_r04,37.889828,-8.801851,-2.9304245,37.126366,-8.303108,-3.1824436,0.9461144,0.94393176,1.2267811,1.0642428,0.5782355,0.9751959
0_1,0,1,g210_r08,34.425724,-10.801851,-2.9304264,33.901436,-10.099583,-2.9262075,0.87640005,1.2258433,1.4239489,0.98422325,0.67566806,1.0681777
0_1,0,1,g210_r12,30.961624,-12.801852,-2.9304266,30.257383,-12.499943,-3.1556578,0.79864484,1.6944492,1.4192294,0.93324447,0.83156496,1.1892776
0_1,0,1,g225_r04,38.5255,-9.63028,-2.9304273,37.85544,-9.228363,-3.1115036,0.802066,1.0029681,1.2020013,1.1159191,0.56293905,0.94933105
0_1,0,1,g225_r08,35.697075,-12.458706,-2.9304245,35.31675,-11.762222,-2.9938278,0.7960884,1.314173,1.3594255,1.1043652,0.6505905,1.0394026
0_1,0,1,g225_r12,32.86865,-15.287132,-2.9304273,32.136482,-14.631199,-3.50136,1.136785,1.8046621,1.3298428,0.9000206,0.81225705,1.1914233
0_1,0,1,g240_r04,39.353928,-10.265953,-2.9304256,38.822453,-9.867502,-3.101039,0.6858117,0.9875611,1.2036108,1.1143345,0.54475254,0.92168206
0_1,0,1,g240_r08,37.353928,-13.730055,-2.9304264,37.163067,-13.147626,-3.1196957,0.6414625,1.368278,1.330887,1.163211,0.6527662,1.0367334
0_1,0,1,g240_r12,35.353928,-17.194159,-2.930426,34.868156,-16.715918,-3.5887537,0.9476727,1.728864,1.3667372,1.0321178,0.76584023,1.1530783
0_1,0,1,g255_r04,40.318653,-10.665556,-2.9304261,39.939022,-10.296936,-3.1243935,0.56358117,0.94342875,1.1933312,1.081511,0.54223126,0.91177917
0_1,0,1,g255_r08,39.283375,-14.529257,-2.9304266,39.35044,-13.93063,-3.3542957,0.7365577,1.2181451,1.2395413,1.22113,0.6615434,1.0415547
0_1,0,1,g255_r12,38.2481,-18.392962,-2.9304273,38.012535,-17.857136,-3.2002182,0.64450544,1.5013342,1.3518386,1.1587205,0.76612586,1.1298146
0_1,0,1,g270_r04,41.353928,-10.801851,-2.9304273,41.017895,-10.526033,-3.2367535,0.53181696,0.9173118,1.0914477,1.0877076,0.52331483,0.8709654
0_1,0,1,g270_r08,41.353928,-14.801852,-2.9304237,41.168747,-14.462443,-3.459526,0.65531635,0.955318,1.1351058,1.1870726,0.60153574,0.9551968
0_1,0,1,g270_r12,41.353928,-18.801851,-2.9304256,41.1702,-18.829447,-3.154787,0.29129928,1.0525154,1.3455852,1.1729668,0.6592839,0.9939492
0_1,0,1,g285_r04,42.389206,-10.665554,-2.9304245,41.95406,-10.411192,-3.2963428,0.62285525,0.8817893,1.0657893,1.046037,0.5193976,0.8694322
0_1,0,1,g285_r08,43.42448,-14.529258,-2.930425,43.076324,-14.350957,-3.3910427,0.6042951,0.8992039,1.1149055,1.007857,0.54732573,0.9026789
0_1,0,1,g285_r12,44.45976,-18.39296,-2.9304273,44.06652,-18.67397,-3.239461,0.5736762,0.9502917,1.214128,0.90757954,0.58328813,0.9514707
0_1,0,1,g300_r04,43.353928,-10.265954,-2.9304242,42.822674,-10.006045,-3.2321062,0.66392404,0.84707826,1.0705521,0.8757198,0.5220758,0.87688756
0_1,0,1,g300_r08,45.353928,-13.730053,-2.930427,44.69839,-13.701143,-3.4122362,0.8140664,0.8414637,1.2516779,0.8367678,0.53598803,0.8965615
0_1,0,1,g300_r12,47.353928,-17.194157,-2.9304252,46.767982,-17.209671,-3.278635,0.6817789,0.85096836,1.4054312,0.966776,0.6554674,1.0343727
0_1,0,1,g315_r04,44.182354,-9.630278,-2.9304254,43.40716,-9.443999,-3.2083263,0.8443054,0.81976724,1.0783988,0.7954389,0.53154165,0.9017617
0_1,0,1,g315_r08,47.010784,-12.458705,-2.9304264,46.25139,-12.538219,-3.4913712,0.94745094,0.7827474,1.3109709,0.89310604,0.5759667,0.9677834
0_1,0,1,g315_r12,49.83921,-15.287134,-2.9304297,48.79831,-14.978594,-3.4631128,1.2093071,0.83124506,1.43327,1.0574522,0.67417306,1.0824606
0_1,0,1,g330_r04,44.81803,-8.801851,-2.9304276,43.906963,-8.54914,-3.231083,0.99211967,0.7916323,1.0871146,0.73610353,0.5434025,0.92539036
0_1,0,1,g330_r08,48.28213,-10.801852,-2.9304252,47.304764,-10.495549,-3.2618065,1.0765139,0.79330605,1.25682,1.0331806,0.60698867,1.0066679
0_1,0,1,g330_r12,51.746235,-12.801849,-2.9304235,50.572502,-12.133202,-2.8720093,1.3520912,0.86069137,1.3638145,1.1337521,0.65776384,1.0668187
0_1,0,1,g345_r04,45.217632,-7.837128,-2.9304237,44.172905,-7.534211,-3.207529,1.1224978,0.79789054,1.0728647,0.71910715,0.5674114,0.9636119
0_1,0,1,g345_r08,49.081337,-8.872405,-2.9304242,47.929474,-8.419363,-3.0761337,1.2463013,0.8494329,1.1876937,1.1541967,0.6495018,1.0524583
0_1,0,1,g345_r12,52.945038,-9.90768,-2.930428,51.409378,-9.157135,-2.5455751,1.7520502,1.0097142,2.1439013,1.2932082,0.7967415,1.2151284
0_2,0,2,0_right,51.353928,-6.801852,-2.9304283,50.638374,-7.6214256,-3.7551785,1.3652582,0.72799903,1.0234461,1.1835543,0.73879504,1.0891556
0_2,0,2,135_fwd_left,34.28286,0.2692157,-2.9304287,33.548077,0.09885979,-2.690487,0.79151726,0.37175825,0.96216625,0.8136355,0.5288549,0.85291195
0_2,0,2,180_left,31.353933,-6.801854,-2.9304256,30.936604,-6.4365625,-2.8839054,0.5565665,0.45100558,1.3363535,0.9481597,0.62161374,0.8818139
0_2,0,2,225_back_left,34.28286,-13.872919,-2.930426,33.128437,-13.381254,-3.4633026,1.3632256,0.7160607,1.1353663,1.1499593,0.56606656,0.9015914
0_2,0,2,270_backward,41.353928,-16.801853,-2.930425,40.445545,-16.822422,-2.9753647,0.9097259,0.31083634,1.1422591,0.8599566,0.51662654,0.8354075
0_2,0,2,315_back_right,48.424995,-13.872917,-2.9304233,48.674007,-14.273589,-2.5924463,0.5803218,0.43347988,0.9336801,0.98022056,0.5233791,0.84329605
0_2,0,2,45_fwd_right,48.424995,0.2692162,-2.930429,46.734657,-0.8480053,-3.632227,2.1442823,0.8176542,1.4364713,1.3305511,0.8052391,1.1981337
0_2,0,2,90_forward,41.353928,3.198148,-2.930426,40.35233,2.3654633,-2.9246712,1.3025346,0.5653271,1.7359986,0.9041152,0.7982412,1.1244102
0_2,0,2,g000_r04,45.353928,-6.8018517,-2.9304247,44.979828,-7.023903,-3.2152777,0.5199986,0.387086,0.9613424,0.92244583,0.49702585,0.8065888
0_2,0,2,g000_r08,49.353928,-6.8018527,-2.9304292,48.982513,-7.3672323,-3.6121836,0.9604122,0.6039715,0.9628892,1.1555238,0.64168006,0.9824806
0_2,0,2,g000_r12,53.353928,-6.8018503,-2.9304237,52.282036,-7.3602896,-2.9182682,1.2086993,0.91469336,1.2806641,1.2181331,0.81670254,1.1880784
0_2,0,2,g015_r04,45.217632,-5.766576,-2.930426,44.684174,-5.964534,-3.3062315,0.68190575,0.43235272,1.0182408,0.9419283,0.52261657,0.8431454
0_2,0,2,g015_r08,49.081337,-4.7312956,-2.930421,48.381042,-5.403023,-3.8758526,1.3547953,0.6502438,1.0906298,1.1148822,0.6589877,1.0195482
0_2,0,2,g015_r12,52.945038,-3.6960225,-2.9304283,51.53268,-4.3693686,-3.2611704,1.5992306,1.0612091,1.3752917,1.2338086,0.8194387,1.204003
0_2,0,2,g030_r04,44.818035,-4.8018527,-2.9304273,44.16471,-5.1456327,-3.2720795,0.8134761,0.43330714,1.0628358,0.9020358,0.56134456,0.895705
0_2,0,2,g030_r08,48.28213,-2.801852,-2.9304276,47.258316,-3.3625183,-3.7337904,1.4170166,0.63239145,1.3063884,1.1502542,0.64623684,1.0094495
0_2,0,2,g030_r12,51.746235,-0.80185294,-2.9304292,50.205673,-1.9330559,-3.8405027,2.1168807,1.1140542,1.4497249,1.204969,0.8229171,1.2149491
0_2,0,2,g045_r04,44.182354,-3.9734235,-2.9304237,43.509453,-4.5249166,-3.1866045,0.906956,0.40403026,1.1424624,0.7456236,0.5869362,0.9262281
0_2,0,2,g045_r08,47.010784,-1.1449966,-2.9304237,45.601654,-1.7029724,-3.0509157,1.5203627,0.5568478,1.3695009,1.302257,0.67537844,1.043456
0_2,0,2,g045_r12,49.83921,1.6834283,-2.9304261,47.826366,0.15076828,-3.7939463,2.673248,0.99432695,1.6816231,1.2898486,0.9078706,1.306857
0_2,0,2,g060_r04,43.353928,-3.33775,-2.930426,42.701786,-4.0633297,-3.086502,0.987985,0.4372691,1.1334502,0.6866305,0.57707983,0.91963375
0_2,0,2,g060_r08,45.353928,0.12635292,-2.930429,44.104652,-0.42492294,-2.8659658,1.3670219,0.57673097,1.4342986,1.0366235,0.6816328,1.0365442
0_2,0,2,g060_r12,47.353928,3.5904546,-2.9304292,45.349937,1.9587135,-3.0545464,2.587269,0.9033536,2.1050434,1.3916726,0.92771274,1.3171581
0_2,0,2,g075_r04,42.389206,-2.938149,-2.9304285,41.589787,-3.5537434,-2.980483,1.0102144,0.44402575,1.0754042,0.68490803,0.6266087,0.98011315
0_2,0,2,g075_r08,43.42448,0.9255545,-2.930428,42.440876,0.32487106,-2.6747599,1.1805357,0.59066874,1.4918374,0.8418532,0.7079219,1.0431092
0_2,0,2,g075_r12,44.45976,4.7892585,-2.9304228,42.8262,3.420021,-3.2724428,2.1587746,0.851588,2.3876011,1.1508117,0.9130522,1.2631115
0_2,0,2,g090_r04,41.353928,-2.8018517,-2.9304254,40.369705,-3.254033,-2.9720907,1.083927,0.46184355,1.0358068,0.70467585,0.62073094,0.980558
0_2,0,2,g090_r08,41.353928,1.1981469,-2.9304268,40.52626,0.56391144,-2.5047445,1.126274,0.5148153,1.4285153,0.8086655,0.6758481,1.0208478
0_2,0,2,g090_r12,41.353928,5.198149,-2.930425,40.12567,4.022888,-3.1684904,1.7165451,0.64420795,2.038103,1.0839151,0.91060865,1.2446256
0_2,0,2,g105_r04,40.318653,-2.9381487,-2.9304254,39.300915,-3.3401098,-3.0250778,1.0983274,0.37420106,1.0418907,0.7834475,0.57105184,0.924983
0_2,0,2,g105_r08,39.283375,0.9255562,-2.9304256,38.475086,0.5450611,-2.6181889,0.94636077,0.5297543,1.0779929,0.7414201,0.5964781,0.9405244
0_2,0,2,g105_r12,38.2481,4.789259,-2.9304264,37.45198,3.4398632,-2.9211779,1.5667677,0.690935,1.5070312,0.937981,0.7467051,1.0897971
0_2,0,2,g120_r04,39.353928,-3.3377488,-2.930425,38.31636,-3.5757132,-3.0473423,1.0709072,0.37305808,1.0937561,0.76950854,0.55537367,0.90674233
0_2,0,2,g120_r08,37.35393,0.12634964,-2.930427,36.43841,-0.1250534,-2.9185276,0.9494848,0.42014763,0.86578566,0.7406794,0.58873844,0.9375035
0_2,0,2,g120_r12,35.353928,3.5904543,-2.9304242,35.00572,2.5385094,-2.2690754,1.2904341,0.5872966,1.5498714,0.9238703,0.59596205,0.91413236
0_2,0,2,g135_r04,38.5255,-3.973424,-2.9304247,37.61283,-3.9818134,-3.002658,0.91556257,0.32640082,1.1039099,0.7493983,0.52592504,0.8696179
0_2,0,2,g135_r08,35.697075,-1.1449959,-2.9304273,34.812523,-1.3419018,-3.2502441,0.9609823,0.36345002,0.9377771,0.7492566,0.5492306,0.8836828
0_2,0,2,g135_r12,32.86865,1.6834304,-2.930425,32.46354,1.2980118,-1.604331,1.4391615,0.3994414,1.6292168,0.98358536,0.5702508,0.92232066
0_2,0,2,g150_r04,37.889828,-4.8018513,-2.930426,37.045193,-4.6892996,-3.1080713,0.87042177,0.29961002,0.97129095,0.7279282,0.5385258,0.86552674
0_2,0,2,g150_r08,34.425724,-2.8018517,-2.9304245,33.76973,-2.9340076,-3.0665274,0.6828747,0.41813153,0.9019713,0.7560696,0.5309056,0.8444236
0_2,0,2,g150_r12,30.961624,-0.80185103,-2.9304264,30.282812,-1.0040913,-2.2667723,0.9706305,0.5478397,0.94615215,0.9890282,0.5571672,0.89605415
0_2,0,2,g165_r04,37.490227,-5.7665753,-2.930425,36.550056,-5.6101055,-3.311305,1.0263882,0.32145834,0.8712887,0.7311619,0.5346205,0.8673946
0_2,0,2,g165_r08,33.626522,-4.7312984,-2.9304264,33.027836,-4.7222786,-3.2158632,0.66331047,0.36814764,1.0694255,0.77869225,0.5703307,0.8514096
0_2,0,2,g165_r12,29.76282,-3.696023,-2.9304252,29.360989,-3.6144123,-2.507803,0.58884436,0.42727748,1.1444631,0.76950246,0.5613679,0.81559145
0_2,0,2,g180_r04,37.353928,-6.8018527,-2.9304256,36.41772,-6.6644945,-3.3839703,1.0493108,0.3630824,0.87267894,0.7430205,0.5152715,0.84279394
0_2,0,2,g180_r08,33.353928,-6.8018527,-2.9304283,32.649002,-6.5058784,-3.050787,0.7739554,0.4479486,1.0900112,0.8441138,0.56118464,0.85993683
0_2,0,2,g180_r12,29.353931,-6.801852,-2.9304264,29.142185,-6.3935165,-2.5363073,0.6057263,0.528161,1.4142598,0.9488887,0.6511681,0.9146757
0_2,0,2,g195_r04,37.490227,-7.837127,-2.9304261,36.470367,-7.609971,-3.497737,1.18893,0.3458478,0.95596516,0.77435446,0.52255535,0.857744
0_2,0,2,g195_r08,33.626522,-8.872404,-2.930427,32.801617,-8.391281,-3.1620655,0.98265177,0.37651965,1.1574819,0.881178,0.531373,0.8463065
0_2,0,2,g195_r12,29.76282,-9.90768,-2.9304302,29.637619,-9.398593,-3.336235,0.66296446,0.7577013,1.3875579,0.9783522,0.555766,0.86910355
0_2,0,2,g210_r04,37.889828,-8.801851,-2.9304245,36.745968,-8.497224,-3.5480165,1.3351529,0.33414483,1.0058178,0.84616137,0.5470748,0.8880396
0_2,0,2,g210_r08,34.425724,-10.801851,-2.9304264,33.48613,-10.279717,-3.2293644,1.1157173,0.3771369,1.0310106,0.9110695,0.5349842,0.859896
0_2,0,2,g210_r12,30.961624,-12.801852,-2.9304266,30.661036,-12.040246,-3.3167858,0.9053568,0.9605727,1.4299892,1.0479385,0.5384726,0.8584652
0_2,0,2,g225_r04,38.5255,-9.63028,-2.9304273,37.24073,-9.325007,-3.54187,1.4552284,0.31140533,1.0734386,0.9247425,0.58840686,0.9410443
0_2,0,2,g225_r08,35.697075,-12.458706,-2.9304245,34.40974,-11.935676,-3.250905,1.4260079,0.4290694,0.9476973,1.0053607,0.5638608,0.90524507
0_2,0,2,g225_r12,32.86865,-15.287132,-2.9304273,32.03226,-14.604792,-3.4563856,1.2007352,0.9374899,1.5268636,1.2735002,0.5644316,0.8987024
0_2,0,2,g240_r04,39.353928,-10.265953,-2.9304256,38.202717,-10.136925,-3.5403414,1.3091722,0.33230308,1.1375455,0.91901875,0.6094065,0.9581163
0_2,0,2,g240_r08,37.353928,-13.730055,-2.9304264,36.141632,-13.361705,-3.3247347,1.3269594,0.5035426,0.97614235,1.16244,0.6096135,0.95589066
0_2,0,2,g240_r12,35.353928,-17.194159,-2.930426,34.30026,-17.07618,-3.6805258,1.2987638,0.8617939,1.4453436,1.3051385,0.6531658,0.9811963
0_2,0,2,g255_r04,40.318653,-10.665556,-2.9304261,39.432976,-10.780041,-3.5113544,1.0653679,0.38655046,1.0347422,0.9066239,0.5597992,0.89690346
0_2,0,2,g255_r08,39.283375,-14.529257,-2.9304266,38.219227,-14.461877,-3.4810247,1.2000455,0.5299548,1.0442704,0.97951615,0.590284,0.933179
0_2,0,2,g255_r12,38.2481,-18.392962,-2.9304273,37.362476,-18.181395,-3.6951685,1.1890835,0.6040965,1.2058214,0.93242794,0.62384504,0.93863267
0_2,0,2,g270_r04,41.353928,-10.801851,-2.9304273,40.67263,-11.0175,-3.4642076,0.89195955,0.34856844,0.97691286,0.84160763,0.5104854,0.8294002
0_2,0,2,g270_r08,41.353928,-14.801852,-2.9304237,40.540123,-14.887699,-3.2772102,0.888768,0.28919747,1.1739959,0.8828785,0.51610476,0.82828385
0_2,0,2,g270_r12,41.353928,-18.801851,-2.9304256,40.40332,-18.851732,-2.7502651,0.9688138,0.40027177,1.1754762,0.892786,0.5399038,0.8622233
0_2,0,2,g285_r04,42.389206,-10.665554,-2.9304245,41.988823,-10.973116,-3.3583755,0.6618482,0.3012932,1.102921,0.8451726,0.4959404,0.80034494
0_2,0,2,g285_r08,43.42448,-14.529258,-2.930425,42.767403,-14.546238,-2.7754622,0.675317,0.29450208,1.2865103,0.8580551,0.521311,0.8280294
0_2,0,2,g285_r12,44.45976,-18.39296,-2.9304273,43.717697,-18.414944,-2.3542976,0.9397149,0.3514172,1.3439157,0.8547777,0.62808555,0.94751954
0_2,0,2,g300_r04,43.353928,-10.265954,-2.9304242,43.130833,-10.434414,-3.1792574,0.37425664,0.35230687,1.052475,0.85578096,0.4641815,0.75719446
0_2,0,2,g300_r08,45.353928,-13.730053,-2.930427,44.7342,-13.805978,-2.6599636,0.68042487,0.28731087,1.107844,0.85016185,0.50930417,0.8192034
0_2,0,2,g300_r12,47.353928,-17.194157,-2.9304252,47.327644,-17.452368,-2.2714252,0.7082688,0.43620622,0.98321056,0.9614502,0.6140378,0.9126854
0_2,0,2,g315_r04,44.182354,-9.630278,-2.9304254,44.011475,-9.79849,-3.017436,0.2550801,0.24160255,0.96188116,0.8755832,0.45868614,0.7400491
0_2,0,2,g315_r08,47.010784,-12.458705,-2.9304264,46.827282,-12.6364155,-2.6126432,0.40772563,0.3680018,0.95726204,0.9106978,0.50336087,0.81151915
0_2,0,2,g315_r12,49.83921,-15.287134,-2.9304297,49.605064,-15.687099,-2.9909678,0.46739864,0.4325524,0.97794706,0.93020934,0.51854414,0.8322547
0_2,0,2,g330_r04,44.81803,-8.801851,-2.9304276,44.655006,-8.96787,-2.9607677,0.23464821,0.2948865,0.926049,0.869384,0.46929225,0.7527308
0_2,0,2,g330_r08,48.28213,-10.801852,-2.9304252,48.254417,-11.131843,-2.7926216,0.35868025,0.40165684,0.98191357,1.029374,0.5244244,0.8313988
0_2,0,2,g330_r12,51.746235,-12.801849,-2.9304235,51.24797,-13.61301,-3.3660412,1.0469061,0.5220423,0.9132809,0.91061795,0.62034124,0.9407428
0_2,0,2,g345_r04,45.217632,-7.837128,-2.9304237,44.97486,-8.038782,-3.095313,0.35607675,0.3407838,0.92885,0.882636,0.48000503,0.7767169
0_2,0,2,g345_r08,49.081337,-8.872405,-2.9304242,48.949043,-9.378272,-3.2116804,0.59372395,0.45818335,0.9785058,1.1288073,0.6043497,0.92059493
0_2,0,2,g345_r12,52.945038,-9.90768,-2.930428,52.161507,-10.5403805,-3.0977554,1.0208967,0.73398083,1.1019222,1.0521216,0.76629543,1.0937037
0_9,0,9,0_right,51.353928,-6.801852,-2.9304283,49.11761,-7.4692497,-3.171815,2.346231,0.9830697,1.0612938,1.9116997,0.8612285,1.0797191
0_9,0,9,135_fwd_left,34.28286,0.2692157,-2.9304287,33.361855,0.34870338,-2.4150581,1.0583836,0.9540871,1.0053921,0.9150857,0.39633545,0.625215
0_9,0,9,180_left,31.353933,-6.801854,-2.9304256,31.332415,-7.365055,-3.5608325,0.84561884,1.0337042,1.1936611,0.87689424,0.48920098,0.72795945
0_9,0,9,225_back_left,34.28286,-13.872919,-2.930426,34.603783,-13.520602,-2.9529219,0.4771003,1.0250716,1.4064428,1.1958977,0.73481095,0.87918025
0_9,0,9,270_backward,41.353928,-16.801853,-2.930425,41.319153,-17.78058,-2.9037085,0.97970927,0.8776689,1.2249019,0.9684062,0.44710964,0.6767974
0_9,0,9,315_back_right,48.424995,-13.872917,-2.9304233,47.46956,-14.64975,-3.3961926,1.3165368,0.87547016,0.65873873,1.5120227,0.53350765,0.7532517
0_9,0,9,45_fwd_right,48.424995,0.2692162,-2.930429,46.019955,-0.3525238,-2.5195017,2.5178647,1.2527473,1.7349179,2.3932822,1.0136882,1.2253977
0_9,0,9,90_forward,41.353928,3.198148,-2.930426,39.425755,2.7103386,-2.5889778,2.018018,1.1209669,2.599043,1.546969,0.85747266,1.0987525
0_9,0,9,g000_r04,45.353928,-6.8018517,-2.9304247,44.627,-7.0888224,-2.981368,0.7831812,0.8869288,0.51547897,1.246814,0.37850296,0.6028144
0_9,0,9,g000_r08,49.353928,-6.8018527,-2.9304292,47.609432,-7.498925,-3.4623194,1.9524552,0.9311753,0.806681,1.7766709,0.7423927,0.9590848
0_9,0,9,g000_r12,53.353928,-6.8018503,-2.9304237,51.43537,-7.4145107,-2.9911833,2.01492,1.0318537,1.2417608,1.8072432,0.92738086,1.145494
0_9,0,9,g015_r04,45.217632,-5.766576,-2.930426,44.48892,-6.1061068,-2.9460402,0.8040828,0.8973249,0.6114058,1.297268,0.4467519,0.66765416
0_9,0,9,g015_r08,49.081337,-4.7312956,-2.930421,47.161804,-5.446747,-3.1211538,2.0573905,1.0315791,1.0864356,1.9289308,0.8081654,1.025065
0_9,0,9,g015_r12,52.945038,-3.6960225,-2.9304283,50.64177,-4.543438,-3.130105,2.462322,1.0795107,1.4902999,2.0166538,1.0137743,1.222506
0_9,0,9,g030_r04,44.818035,-4.8018527,-2.9304273,44.13643,-5.245512,-2.8077564,0.8224773,0.90018165,0.75723517,1.2691035,0.50539863,0.7166516
0_9,0,9,g030_r08,48.28213,-2.801852,-2.9304276,46.298775,-3.4453096,-2.8743591,2.0858774,1.0602419,1.2263138,2.0372565,0.84693575,1.0691469
0_9,0,9,g030_r12,51.746235,-0.80185294,-2.9304292,49.0793,-2.0004902,-2.9238663,2.9239213,1.1697186,1.7243936,2.344454,1.1173074,1.3292012
0_9,0,9,g045_r04,44.182354,-3.9734235,-2.9304237,43.52653,-4.509082,-2.694705,0.8789748,0.9103485,0.80820346,1.11831,0.51429033,0.7310169
0_9,0,9,g045_r08,47.010784,-1.1449966,-2.9304237,45.124535,-1.7411118,-2.7412004,1.9872333,1.08989,1.452471,2.194456,0.8961352,1.1052384
0_9,0,9,g045_r12,49.83921,1.6834283,-2.9304261,47.161293,0.3251648,-2.7426357,3.0085523,1.3525678,1.9210243,2.520474,1.1629058,1.3817687
0_9,0,9,g060_r04,43.353928,-3.33775,-2.930426,42.723713,-3.9159536,-2.6503592,0.8999597,0.9240788,0.8507008,0.9237256,0.5076233,0.7250425
0_9,0,9,g060_r08,45.353928,0.12635292,-2.930429,43.731213,-0.6216068,-2.7029638,1.8012185,1.0661752,2.0323486,1.8370397,0.85521305,1.0749779
0_9,0,9,g060_r12,47.353928,3.5904546,-2.9304292,45.052826,2.359745,-2.392437,2.6644232,1.366729,2.227715,2.418783,1.0924897,1.3188918
0_9,0,9,g075_r04,42.389206,-2.938149,-2.9304285,41.85411,-3.4831352,-2.6422052,0.81633914,0.93753976,0.90442044,0.9161027,0.5416879,0.74447185
0_9,0,9,g075_r08,43.42448,0.9255545,-2.930428,41.806053,0.25992966,-2.6487646,1.7724833,0.9619071,2.0025058,1.3527178,0.7827293,1.0144073
0_9,0,9,g075_r12,44.45976,4.7892585,-2.9304228,42.37626,3.452467,-2.688404,2.487279,1.3232995,2.4231136,1.9473968,0.9481781,1.1981062
0_9,0,9,g090_r04,41.353928,-2.8018517,-2.9304254,40.890495,-3.2340136,-2.5931587,0.71783155,0.9205021,0.89754784,0.9853119,0.5245575,0.7262601
0_9,0,9,g090_r08,41.353928,1.1981469,-2.9304268,39.617493,0.82826805,-2.5807962,1.8094912,0.94820684,2.320504,1.346915,0.78580374,1.0128492
0_9,0,9,g090_r12,41.353928,5.198149,-2.930425,39.428665,4.2722054,-2.7290688,2.145822,1.3921697,2.6091938,1.7099469,0.9227113,1.1637325
0_9,0,9,g105_r04,40.318653,-2.9381487,-2.9304254,39.959053,-3.1863785,-2.5813112,0.559295,0.93613976,0.6536931,0.92847764,0.40256253,0.61845577
0_9,0,9,g105_r08,39.283375,0.9255562,-2.9304256,37.700737,0.59134674,-2.7926493,1.623398,0.9163494,1.8834915,1.1051687,0.66391176,0.89919215
0_9,0,9,g105_r12,38.2481,4.789259,-2.9304264,36.07445,4.267668,-2.7739944,2.2408206,1.2498732,2.5223727,1.352262,0.8562182,1.0862085
0_9,0,9,g120_r04,39.353928,-3.3377488,-2.930425,39.170204,-3.4657059,-2.474884,0.50758725,0.9515305,0.5316173,0.8530898,0.3374073,0.5470969
0_9,0,9,g120_r08,37.35393,0.12634964,-2.930427,36.26651,0.049268723,-2.5332136,1.1602609,0.9318731,1.1861614,0.95440704,0.5029845,0.7367156
0_9,0,9,g120_r12,35.353928,3.5904543,-2.9304242,33.73669,3.1255398,-2.5400677,1.72742,1.135701,2.2617836,1.0122039,0.61959004,0.8554798
0_9,0,9,g135_r04,38.5255,-3.973424,-2.9304247,38.520927,-3.9817572,-2.5395985,0.39094183,0.9609439,0.4316737,0.78773355,0.30722463,0.50311184
0_9,0,9,g135_r08,35.697075,-1.1449959,-2.9304273,35.30758,-0.97343254,-2.517251,0.5931742,0.9325594,0.7293845,0.83892655,0.36512318,0.58392185
0_9,0,9,g135_r12,32.86865,1.6834304,-2.930425,31.496912,1.5469856,-2.2942438,1.5182241,1.1129256,1.5015013,0.9890612,0.44887537,0.6893985
0_9,0,9,g150_r04,37.889828,-4.8018513,-2.930426,38.064487,-4.738222,-2.8216877,0.21535711,0.90775716,0.48272264,0.8126895,0.30872694,0.4955394
0_9,0,9,g150_r08,34.425724,-2.8018517,-2.9304245,34.472866,-2.6775599,-2.9920578,0.14652479,0.8847852,0.6382002,0.80025834,0.34868655,0.5432494
0_9,0,9,g150_r12,30.961624,-0.80185103,-2.9304264,30.52842,-0.65345764,-2.8690329,0.462013,0.98151696,0.70558095,1.0119975,0.40475538,0.59706414
0_9,0,9,g165_r04,37.490227,-5.7665753,-2.930425,37.673508,-5.718302,-3.0801716,0.24154979,0.9095007,0.6886835,0.844911,0.32987824,0.5326958
0_9,0,9,g165_r08,33.626522,-4.7312984,-2.9304264,33.87106,-4.792535,-3.5585618,0.67683274,0.8698635,0.7514799,0.839375,0.39383152,0.6062978
0_9,0,9,g165_r12,29.76282,-3.696023,-2.9304252,29.422916,-3.887269,-3.7404118,0.89899236,0.9226484,0.7483956,0.8882595,0.45690635,0.68232226
0_9,0,9,g180_r04,37.353928,-6.8018527,-2.9304256,37.541306,-6.8197308,-3.1122475,0.2617046,0.9764955,0.79380995,0.8846522,0.37265712,0.57794505
0_9,0,9,g180_r08,33.353928,-6.8018527,-2.9304283,33.610794,-7.196001,-3.4328694,0.6883171,1.0405504,1.094678,0.87342966,0.45544353,0.68695855
0_9,0,9,g180_r12,29.353931,-6.801852,-2.9304264,29.042316,-7.469388,-3.453426,0.90345806,1.030232,1.3172538,0.8968316,0.5137007,0.74795365
0_9,0,9,g195_r04,37.490227,-7.837127,-2.9304261,37.662792,-7.960558,-3.0152845,0.22850588,1.0341763,0.7926757,0.91890717,0.43715957,0.6280922
0_9,0,9,g195_r08,33.626522,-8.872404,-2.930427,33.81546,-9.373986,-3.399736,0.71241355,1.0666996,1.4926431,0.93041205,0.6106683,0.8207396
0_9,0,9,g195_r12,29.76282,-9.90768,-2.9304302,30.19986,-10.02077,-3.264429,0.56155944,1.0617812,1.7070423,0.96325,0.5981732,0.81799793
0_9,0,9,g210_r04,37.889828,-8.801851,-2.9304245,38.057873,-9.022768,-2.9143133,0.27803403,1.0303396,0.84702766,0.9261991,0.4564657,0.63913226
0_9,0,9,g210_r08,34.425724,-10.801851,-2.9304264,34.65329,-11.163141,-3.218536,0.51509583,1.0561725,1.5763625,1.0432215,0.6928978,0.8589008
0_9,0,9,g210_r12,30.961624,-12.801852,-2.9304266,31.394539,-12.693935,-3.3262606,0.59644425,1.0378883,1.573543,1.1629853,0.7488022,0.92332935
0_9,0,9,g225_r04,38.5255,-9.63028,-2.9304273,38.695637,-9.866886,-2.778451,0.32867244,0.9850626,0.82723975,0.91645783,0.41631716,0.6049484
0_9,0,9,g225_r08,35.697075,-12.458706,-2.9304245,35.884468,-12.502079,-2.866393,0.20272505,1.0655432,1.5772682,1.1731777,0.69866025,0.8156795
0_9,0,9,g225_r12,32.86865,-15.287132,-2.9304273,33.074745,-14.772392,-3.0427465,0.5657285,1.0435334,1.2547008,1.1654457,0.77694786,0.9300444
0_9,0,9,g240_r04,39.353928,-10.265953,-2.9304256,39.560566,-10.482427,-2.7520237,0.34840703,0.96070296,0.74187124,0.9725162,0.38823894,0.58143604
0_9,0,9,g240_r08,37.353928,-13.730055,-2.9304264,37.436966,-13.834585,-2.6334085,0.3256402,0.99148196,1.4575601,1.2556294,0.5707212,0.7002769
0_9,0,9,g240_r12,35.353928,-17.194159,-2.930426,35.502502,-16.87267,-2.789544,0.38115293,1.0430235,1.2335047,1.3337544,0.6537788,0.80472106
0_9,0,9,g255_r04,40.318653,-10.665556,-2.9304261,40.500835,-10.868563,-2.8834429,0.27678433,0.8762928,0.8094579,0.99976367,0.3928921,0.5790032
0_9,0,9,g255_r08,39.283375,-14.529257,-2.9304266,39.356705,-14.777636,-2.7610188,0.30946454,0.87486255,1.603488,1.1133747,0.52608776,0.68049246
0_9,0,9,g255_r12,38.2481,-18.392962,-2.9304273,38.33998,-19.022066,-2.930234,0.63577884,0.8957598,1.2937404,1.2538481,0.53410625,0.7152902
0_9,0,9,g270_r04,41.353928,-10.801851,-2.9304273,41.451756,-10.932101,-2.9216537,0.16313286,0.8443018,0.65804875,0.9772912,0.3607716,0.54044986
0_9,0,9,g270_r08,41.353928,-14.801852,-2.9304237,41.268185,-15.472991,-3.0012274,0.6802884,0.85115254,1.0450301,0.91966337,0.38902256,0.5955417
0_9,0,9,g270_r12,41.353928,-18.801851,-2.9304256,41.319473,-19.644457,-2.8806057,0.84478,0.8872241,1.2354093,0.9479302,0.4689045,0.6915011
0_9,0,9,g285_r04,42.389206,-10.665554,-2.9304245,42.348537,-10.732773,-2.9713144,0.08856794,0.8462103,0.48305494,0.79287857,0.29976287,0.46995747
0_9,0,9,g285_r08,43.42448,-14.529258,-2.930425,43.301918,-15.266722,-3.0535975,0.7576583,0.8726586,0.5450927,0.843433,0.37245354,0.5872751
0_9,0,9,g285_r12,44.45976,-18.39296,-2.9304273,44.282104,-19.146992,-2.4958372,0.8882534,0.9536438,0.96368724,1.0000045,0.44469014,0.66486144
0_9,0,9,g300_r04,43.353928,-10.265954,-2.9304242,43.081047,-10.253112,-2.951684,0.27400857,0.85943335,0.41912648,0.8217106,0.29502752,0.48259026
0_9,0,9,g300_r08,45.353928,-13.730053,-2.930427,44.97877,-14.429046,-3.0494518,0.8021845,0.87402624,0.53331643,1.0717849,0.3783462,0.59478736
0_9,0,9,g300_r12,47.353928,-17.194157,-2.9304252,46.836067,-18.154123,-3.0748234,1.1002574,0.9533405,0.67101616,1.3668737,0.4636652,0.68675613
0_9,0,9,g315_r04,44.182354,-9.630278,-2.9304254,43.752075,-9.66617,-2.9766636,0.43424195,0.86186725,0.47563916,0.9500933,0.31758502,0.52373934
0_9,0,9,g315_r08,47.010784,-12.458705,-2.9304264,46.26009,-13.197218,-3.420138,1.1613616,0.8493047,0.6823097,1.4285861,0.46069506,0.6941679
0_9,0,9,g315_r12,49.83921,-15.287134,-2.9304297,48.646217,-15.803135,-2.964201,1.3002423,0.89486957,0.72985923,1.4325956,0.56943756,0.8004476
0_9,0,9,g330_r04,44.81803,-8.801851,-2.9304276,44.309174,-8.971582,-3.0126476,0.5426831,0.8522616,0.49987322,1.0670341,0.34501505,0.5638804
0_9,0,9,g330_r08,48.28213,-10.801852,-2.9304252,47.249184,-11.433721,-3.5710068,1.3698844,0.8490446,0.5853227,1.5653396,0.55235505,0.7787538
0_9,0,9,g330_r12,51.746235,-12.801849,-2.9304235,50.478302,-13.158691,-2.918437,1.3172448,0.8576462,0.6182839,1.4439993,0.6640373,0.89974254
0_9,0,9,g345_r04,45.217632,-7.837128,-2.9304237,44.58029,-8.051422,-2.9790344,0.67415714,0.8611319,0.50302213,1.1713421,0.35616386,0.57633483
0_9,0,9,g345_r08,49.081337,-8.872405,-2.9304242,47.70451,-9.515721,-3.5174599,1.629147,0.85977244,0.59332365,1.621913,0.61558735,0.84279186
0_9,0,9,g345_r12,52.945038,-9.90768,-2.930428,51.361023,-10.285498,-2.9034872,1.628673,0.9337661,0.9713782,1.5898168,0.7844325,1.0136864
1_0,1,0,0_right,51.353928,-6.801852,-2.9304283,49.553932,-7.399003,-2.9946127,1.897549,0.57870346,1.651186,2.3500707,0.9689029,1.400457
1_0,1,0,135_fwd_left,34.28286,0.2692157,-2.9304287,34.037853,1.1158562,-2.4062605,1.0254661,0.843466,1.2287344,0.98550516,0.69809246,1.1370302
1_0,1,0,180_left,31.353933,-6.801854,-2.9304256,31.467518,-6.6043577,-2.2916126,0.6782244,0.87707335,1.1681095,0.7652684,0.6059577,1.0034722
1_0,1,0,225_back_left,34.28286,-13.872919,-2.930426,34.45695,-14.841369,-2.3151665,1.1604941,0.39880744,1.4136573,0.9714553,0.65842575,1.0747011
1_0,1,0,270_backward,41.353928,-16.801853,-2.930425,40.61823,-17.450714,-1.5111151,1.7253156,0.36361971,1.490668,0.93242973,0.6677882,1.1135008
1_0,1,0,315_back_right,48.424995,-13.872917,-2.9304233,47.970993,-13.938015,-2.3808012,0.7158494,0.34136224,0.836341,1.7387354,0.666183,1.0615954
1_0,1,0,45_fwd_right,48.424995,0.2692162,-2.930429,45.83795,-1.0010014,-2.7735634,2.886322,0.98534936,1.6920743,2.6400683,1.1639012,1.5817789
1_0,1,0,90_forward,41.353928,3.198148,-2.930426,40.104782,2.5903816,-2.5971127,1.4285805,0.82017696,1.147011,1.2293568,0.85148406,1.2581545
1_0,1,0,g000_r04,45.353928,-6.8018517,-2.9304247,44.01008,-6.30816,-2.2446709,1.5874258,0.4600245,0.84970325,0.8747382,0.6507578,1.089674
1_0,1,0,g000_r08,49.353928,-6.8018527,-2.9304292,47.58206,-6.765271,-1.9562349,2.0223505,0.5058697,1.0881472,2.0570405,0.84498924,1.2905269
1_0,1,0,g000_r12,53.353928,-6.8018503,-2.9304237,51.188614,-7.9246655,-3.7807455,2.5830882,0.8479905,2.103733,2.5419874,1.17813,1.6062331
1_0,1,0,g015_r04,45.217632,-5.766576,-2.930426,43.93662,-5.2693396,-2.3959131,1.4744298,0.46203429,0.80406684,0.8915282,0.64628536,1.0837195
1_0,1,0,g015_r08,49.081337,-4.7312956,-2.930421,46.93909,-5.0660906,-1.7369137,2.4750288,0.5468346,1.2071679,2.1267107,0.9237009,1.375784
1_0,1,0,g015_r12,52.945038,-3.6960225,-2.9304283,50.05858,-4.9070387,-3.7404099,3.2333076,1.0921775,2.3362677,2.9001398,1.2998103,1.7429575
1_0,1,0,g030_r04,44.818035,-4.8018527,-2.9304273,43.63819,-4.2463694,-2.6093855,1.3430046,0.42023984,0.77709544,0.88834864,0.6304321,1.061854
1_0,1,0,g030_r08,48.28213,-2.801852,-2.9304276,45.903328,-3.3607225,-2.142499,2.5674644,0.6046435,1.243919,2.0522976,0.9743797,1.4149415
1_0,1,0,g030_r12,51.746235,-0.80185294,-2.9304292,48.59292,-2.233694,-4.005105,3.6260865,1.4410762,2.1624408,3.1579769,1.3811659,1.8226395
1_0,1,0,g045_r04,44.182354,-3.9734235,-2.9304237,43.15914,-3.289938,-2.7921162,1.2382427,0.36296856,0.77041835,0.84177905,0.61803216,1.0424696
1_0,1,0,g045_r08,47.010784,-1.1449966,-2.9304237,44.898617,-2.1241875,-2.4298248,2.3813157,0.59700483,1.1554472,1.8463422,0.9737604,1.3959117
1_0,1,0,g045_r12,49.83921,1.6834283,-2.9304261,46.580353,0.2993698,-3.5936031,3.6021626,1.4235305,2.0817204,3.1194727,1.3384815,1.7743876
1_0,1,0,g060_r04,43.353928,-3.33775,-2.930426,42.567295,-2.3582172,-2.8681393,1.2578373,0.46107674,0.79911184,0.68218684,0.6080566,1.0270925
1_0,1,0,g060_r08,45.353928,0.12635292,-2.930429,43.696777,-0.83546066,-2.7040396,1.9293741,0.5704015,1.0382357,1.6084402,0.8684888,1.3075633
1_0,1,0,g060_r12,47.353928,3.5904546,-2.9304292,44.651455,1.8404942,-3.1704006,3.2285147,1.3007329,2.0065289,2.6576712,1.2059429,1.6491225
1_0,1,0,g075_r04,42.389206,-2.938149,-2.9304285,41.764755,-1.7265072,-2.928609,1.3630913,0.5344232,0.85401946,0.48079988,0.6101053,1.0370655
1_0,1,0,g075_r08,43.42448,0.9255545,-2.930428,42.34264,0.29054642,-2.6728315,1.2806132,0.5796154,1.1093297,1.1743258,0.7872546,1.2208421
1_0,1,0,g075_r12,44.45976,4.7892585,-2.9304228,42.48266,3.0907269,-2.7930489,2.6101356,1.1984106,1.7353921,1.8423538,1.108148,1.5568231
1_0,1,0,g090_r04,41.353928,-2.8018517,-2.9304254,40.917343,-1.443615,-2.9920568,1.4280097,0.53231347,0.9133523,0.52837056,0.5927815,1.0098302
1_0,1,0,g090_r08,41.353928,1.1981469,-2.9304268,40.49415,1.4105625,-2.6127815,0.94087166,0.72229666,1.0012469,0.9294758,0.7397792,1.1426408
1_0,1,0,g090_r12,41.353928,5.198149,-2.930425,39.722935,4.1078854,-2.711526,1.9740137,1.1170385,1.3213165,1.3400861,0.98162556,1.3985075
1_0,1,0,g105_r04,40.318653,-2.9381487,-2.9304254,40.006973,-1.4917774,-3.0094252,1.4816799,0.29885763,0.9474079,0.69020593,0.58592516,0.992019
1_0,1,0,g105_r08,39.283375,0.9255562,-2.9304256,38.661736,1.7854862,-2.5626621,1.123016,0.62274516,1.1234612,1.0116427,0.70026094,1.1177657
1_0,1,0,g105_r12,38.2481,4.789259,-2.9304264,37.297474,3.770237,-2.6276236,1.4261086,0.8282154,1.2748258,1.1617361,0.8655277,1.2739135
1_0,1,0,g120_r04,39.353928,-3.3377488,-2.930425,39.041435,-1.9328823,-2.9991245,1.4408404,0.34987924,0.9877008,0.8724049,0.61494356,1.0393475
1_0,1,0,g120_r08,37.35393,0.12634964,-2.930427,36.91461,1.2606773,-2.58315,1.2650306,0.68161255,1.0934858,0.99141186,0.7000352,1.1334709
1_0,1,0,g120_r12,35.353928,3.5904543,-2.9304242,34.942764,3.1227436,-2.6490297,0.6833677,1.1455069,1.35584,1.0496974,0.79724187,1.1914916
1_0,1,0,g135_r04,38.5255,-3.973424,-2.9304247,38.173046,-2.6347427,-2.9657564,1.3847529,0.3206735,1.0046126,0.8835767,0.6267635,1.0599626
1_0,1,0,g135_r08,35.697075,-1.1449959,-2.9304273,35.197437,0.1958332,-2.720769,1.4461733,0.622697,1.1545963,0.84398776,0.6845947,1.1317315
1_0,1,0,g135_r12,32.86865,1.6834304,-2.930425,32.627937,1.852026,-2.1141787,0.8675392,1.0192087,1.1652937,1.1310318,0.7254945,1.1554152
1_0,1,0,g150_r04,37.889828,-4.8018513,-2.930426,37.663925,-3.5777864,-2.8377132,1.2481836,0.28039455,0.9215507,0.81811285,0.60880786,1.0300183
1_0,1,0,g150_r08,34.425724,-2.8018517,-2.9304245,33.940437,-1.5215111,-2.6812115,1.3917192,0.5731438,1.141586,0.75427055,0.6493193,1.0880163
1_0,1,0,g150_r12,30.961624,-0.80185103,-2.9304264,30.624283,-0.19520569,-2.0795364,1.0981035,0.5519421,1.1284034,1.1529238,0.6612882,1.0891657
1_0,1,0,g165_r04,37.490227,-5.7665753,-2.930425,37.50591,-4.832162,-2.7688723,0.94840586,0.3932658,0.9287387,0.7555516,0.56685156,0.9540951
1_0,1,0,g165_r08,33.626522,-4.7312984,-2.9304264,33.5941,-3.9868765,-2.6089182,0.81153107,0.73653805,1.1396558,0.6909315,0.56693804,0.9547539
1_0,1,0,g165_r12,29.76282,-3.696023,-2.9304252,29.781998,-3.487461,-2.4028845,0.5675959,0.6786488,1.1649708,0.97924227,0.58971745,0.9874581
1_0,1,0,g180_r04,37.353928,-6.8018527,-2.9304256,37.49456,-6.263013,-2.6568174,0.6204735,0.49107537,0.90959215,0.7325799,0.54838693,0.92040324
1_0,1,0,g180_r08,33.353928,-6.8018527,-2.9304283,33.66007,-6.6926365,-2.423871,0.6018726,0.8031814,1.0340984,0.64689636,0.59246635,0.9772801
1_0,1,0,g180_r12,29.353931,-6.801852,-2.9304264,29.275747,-6.741539,-2.0796652,0.85647243,0.7982726,1.3284863,0.9538046,0.6487309,1.0696526
1_0,1,0,g195_r04,37.490227,-7.837127,-2.9304261,37.72345,-7.699087,-2.592905,0.43286082,0.4763723,0.9050995,0.74588484,0.54963404,0.9051158
1_0,1,0,g195_r08,33.626522,-8.872404,-2.930427,33.983284,-9.179926,-2.1160774,0.94075185,0.6926046,1.2038722,0.6891036,0.6157795,1.0339402
1_0,1,0,g195_r12,29.76282,-9.90768,-2.9304302,29.521196,-9.914086,-2.5198555,0.47643912,0.5926028,1.796175,0.9437994,0.6572752,1.0395396
1_0,1,0,g210_r04,37.889828,-8.801851,-2.9304245,38.199333,-8.95648,-2.4655037,0.57953,0.4592561,0.8778666,0.70281965,0.5673067,0.93248916
1_0,1,0,g210_r08,34.425724,-10.801851,-2.9304264,34.832336,-11.625313,-2.1472883,1.2069497,0.52361566,1.412077,0.70291007,0.6523699,1.0821418
1_0,1,0,g210_r12,30.961624,-12.801852,-2.9304266,30.988148,-13.660093,-2.4378233,0.9899188,0.42938122,1.7964789,1.0211728,0.71033823,1.1229068
1_0,1,0,g225_r04,38.5255,-9.63028,-2.9304273,38.799213,-9.958285,-2.344472,0.72515506,0.42759898,0.8484528,0.57112956,0.5716113,0.94814175
1_0,1,0,g225_r08,35.697075,-12.458706,-2.9304245,36.0242,-13.34432,-2.1440077,1.2287291,0.35772756,1.2242792,0.8440777,0.62721646,1.050329
1_0,1,0,g225_r12,32.86865,-15.287132,-2.9304273,32.95989,-16.491573,-2.2126837,1.4050477,0.3229024,1.5038067,1.0932683,0.7060022,1.1291102
1_0,1,0,g240_r04,39.353928,-10.265953,-2.9304256,39.5343,-10.7053585,-2.1981077,0.8728697,0.5038097,0.7600867,0.45140743,0.5742625,0.9580766
1_0,1,0,g240_r08,37.353928,-13.730055,-2.9304264,37.382214,-14.509034,-1.8405027,1.3399785,0.28092277,0.98178345,0.682872,0.6204846,1.0448291
1_0,1,0,g240_r12,35.353928,-17.194159,-2.930426,34.879704,-18.058626,-2.081667,1.3009937,0.39354354,1.1603882,0.9490308,0.6966452,1.1296277
1_0,1,0,g255_r04,40.318653,-10.665556,-2.9304261,40.279896,-11.185017,-2.1409988,0.94579965,0.5386745,0.85243905,0.39436913,0.5712074,0.9688599
1_0,1,0,g255_r08,39.283375,-14.529257,-2.9304266,39.08725,-15.354211,-1.5558395,1.6150863,0.39922675,1.1634911,0.43400788,0.6230535,1.0495698
1_0,1,0,g255_r12,38.2481,-18.392962,-2.9304273,37.561874,-19.00892,-1.836483,1.4307431,0.48257792,1.4362283,0.56836104,0.67768407,1.113641
1_0,1,0,g270_r04,41.353928,-10.801851,-2.9304273,40.976597,-11.304018,-2.168046,0.98781335,0.48692593,0.90318257,0.46737176,0.5613686,0.96509004
1_0,1,0,g270_r08,41.353928,-14.801852,-2.9304237,40.84356,-15.460377,-1.6690092,1.5117198,0.35884267,1.2957126,0.82458794,0.6246724,1.0565296
1_0,1,0,g270_r12,41.353928,-18.801851,-2.9304256,40.64525,-19.316532,-1.758604,1.4629724,0.45285857,1.4524117,1.0530721,0.7065225,1.145496
1_0,1,0,g285_r04,42.389206,-10.665554,-2.9304245,41.764297,-10.95572,-2.1535416,1.03839,0.36545384,0.8871302,0.7066191,0.5641073,0.96522236
1_0,1,0,g285_r08,43.42448,-14.529258,-2.930425,42.43242,-15.066183,-1.8505335,1.5616148,0.3981062,1.1587108,1.0279139,0.6847128,1.1333333
1_0,1,0,g285_r12,44.45976,-18.39296,-2.9304273,44.055954,-19.17445,-2.3307724,1.0645992,0.57245916,1.058868,1.4473599,0.6893955,1.1166091
1_0,1,0,g300_r04,43.353928,-10.265954,-2.9304242,42.495438,-10.344548,-2.0809822,1.210262,0.2968044,0.7886693,0.82978886,0.57715416,0.9851543
1_0,1,0,g300_r08,45.353928,-13.730053,-2.930427,44.392532,-14.035128,-1.6620808,1.6205103,0.26839194,1.0312693,1.2218009,0.6889292,1.1409692
1_0,1,0,g300_r12,47.353928,-17.194157,-2.9304252,46.997616,-17.622444,-2.4719334,0.7215283,0.48351902,0.8974508,1.7283937,0.67447037,1.0806876
1_0,1,0,g315_r04,44.182354,-9.630278,-2.9304254,43.069725,-9.4523325,-1.964365,1.4842104,0.21002193,0.6906669,0.85278964,0.6105185,1.0313363
1_0,1,0,g315_r08,47.010784,-12.458705,-2.9304264,46.083866,-12.509203,-1.6711178,1.564476,0.3058013,0.77655953,1.4412985,0.691981,1.1267079
1_0,1,0,g315_r12,49.83921,-15.287134,-2.9304297,49.86766,-15.48374,-2.4928818,0.48053238,0.2945337,0.90260696,1.8051559,0.6861887,1.1010698
1_0,1,0,g330_r04,44.81803,-8.801851,-2.9304276,43.55925,-8.4194,-2.0103636,1.6054025,0.3313714,0.72118974,0.85751164,0.6317696,1.053774
1_0,1,0,g330_r08,48.28213,-10.801852,-2.9304252,47.15557,-10.637908,-1.8344164,1.5802693,0.32894823,0.77971965,1.6707951,0.68934584,1.1158776
1_0,1,0,g330_r12,51.746235,-12.801849,-2.9304235,51.305984,-12.959015,-3.0227938,0.4765015,0.5199786,1.2847457,1.9203126,0.83619696,1.2126931
1_0,1,0,g345_r04,45.217632,-7.837128,-2.9304237,43.878315,-7.361038,-2.1561823,1.618605,0.43819857,0.8381404,0.85356593,0.64453894,1.0778451
1_0,1,0,g345_r08,49.081337,-8.872405,-2.9304242,47.721096,-8.702229,-2.0171652,1.6471968,0.4530723,0.94190544,1.86197,0.76265424,1.2052048
1_0,1,0,g345_r12,52.945038,-9.90768,-2.930428,51.61708,-10.829807,-3.5351467,1.7261155,0.72735935,1.5600845,2.1650212,1.024565,1.4359461
1_1,1,1,0_right,51.353928,-6.801852,-2.9304283,49.250248,-7.924941,-1.6128149,2.7245002,1.1228993,1.1026622,2.029909,1.0610971,1.4321077
1_1,1,1,135_fwd_left,34.28286,0.2692157,-2.9304287,33.514683,0.56567574,-2.2907362,1.0426846,0.9239212,0.9743348,1.1344565,0.5671985,0.914531
1_1,1,1,180_left,31.353933,-6.801854,-2.9304256,31.145096,-6.7199516,-2.7225866,0.30580744,1.0226219,0.93753064,0.9349485,0.5123681,0.810838
1_1,1,1,225_back_left,34.28286,-13.872919,-2.930426,35.022312,-14.099523,-3.4816647,0.9497385,0.9640476,0.9767362,1.0321823,0.53621787,0.87963295
1_1,1,1,270_backward,41.353928,-16.801853,-2.930425,41.458736,-17.502617,-2.866413,0.7114437,0.90979797,1.6987001,0.6227966,0.67306966,1.0147986
1_1,1,1,315_back_right,48.424995,-13.872917,-2.9304233,47.88835,-13.878292,-2.230156,0.8822641,1.0199702,0.57190466,1.3642474,0.6192646,0.97061116
1_1,1,1,45_fwd_right,48.424995,0.2692162,-2.930429,45.949684,-2.0350018,-1.624197,3.6253037,1.4155321,1.0204571,2.0074947,1.2287658,1.603744
1_1,1,1,90_forward,41.353928,3.198148,-2.930426,40.16992,1.2966442,-1.755969,2.5292163,1.3900069,0.71125436,0.8200004,0.9579835,1.2978499
1_1,1,1,g000_r04,45.353928,-6.8018517,-2.9304247,44.862587,-7.2797575,-1.7286329,1.3835146,1.0401553,0.62519157,0.829113,0.68386394,1.0087129
1_1,1,1,g000_r08,49.353928,-6.8018527,-2.9304292,47.590233,-7.560458,-1.2503481,2.55123,1.0494254,0.8858587,1.625299,0.9341273,1.302868
1_1,1,1,g000_r12,53.353928,-6.8018503,-2.9304237,50.416218,-8.781134,-2.2608461,3.6050014,1.2797112,1.4687881,2.2269475,1.2979499,1.6649053
1_1,1,1,g015_r04,45.217632,-5.766576,-2.930426,44.523727,-6.365946,-1.7417898,1.5012009,0.99141616,0.70855194,0.89562404,0.7059442,1.0364734
1_1,1,1,g015_r08,49.081337,-4.7312956,-2.930421,46.893555,-6.064562,-1.1494026,3.120259,1.0924807,0.9338744,1.677779,1.063551,1.4338877
1_1,1,1,g015_r12,52.945038,-3.6960225,-2.9304283,49.652836,-5.8383255,-2.3247566,3.9742792,1.317336,1.6229284,2.3701677,1.3713107,1.7394658
1_1,1,1,g030_r04,44.818035,-4.8018527,-2.9304273,44.023155,-5.4164314,-1.6467886,1.6301134,0.95338976,0.66863704,0.89619845,0.69463295,1.039899
1_1,1,1,g030_r08,48.28213,-2.801852,-2.9304276,46.035088,-4.5832186,-1.1099081,3.396581,1.2226257,0.8729669,1.6496407,1.1288041,1.4983604
1_1,1,1,g030_r12,51.746235,-0.80185294,-2.9304292,48.112083,-3.1552076,-2.0112066,4.4260936,1.3837584,1.3460459,2.427887,1.4130567,1.7926432
1_1,1,1,g045_r04,44.182354,-3.9734235,-2.9304237,43.434204,-4.439188,-1.5475111,1.6398512,0.93240273,0.6483598,0.8299771,0.6562021,1.0149642
1_1,1,1,g045_r08,47.010784,-1.1449966,-2.9304237,44.856018,-3.1401205,-1.4286861,3.2982953,1.2222149,0.7505778,1.4774439,1.0210449,1.3991632
1_1,1,1,g045_r12,49.83921,1.6834283,-2.9304261,46.513573,-0.8264675,-1.5727806,4.382082,1.4939907,1.2462144,2.2746465,1.4280021,1.79779
1_1,1,1,g060_r04,43.353928,-3.33775,-2.930426,42.58749,-3.6057692,-1.5402088,1.6099578,0.91358024,0.6115008,0.7968419,0.61102766,0.9693614
1_1,1,1,g060_r08,45.353928,0.12635292,-2.930429,43.650085,-1.8476295,-1.8261442,2.831807,1.0171711,0.79214054,1.1145855,0.8897118,1.2642987
1_1,1,1,g060_r12,47.353928,3.5904546,-2.9304292,44.468803,1.1531296,-1.630558,3.9942658,1.5414041,1.2218746,1.879609,1.2625887,1.6309763
1_1,1,1,g075_r04,42.389206,-2.938149,-2.9304285,41.620502,-3.0311384,-1.5778818,1.558504,0.91364396,0.6207553,0.72191274,0.57550013,0.92793125
1_1,1,1,g075_r08,43.42448,0.9255545,-2.930428,42.15254,-0.68437004,-1.9402962,2.2781692,1.092617,0.68144035,0.82627684,0.85691005,1.2050883
1_1,1,1,g075_r12,44.45976,4.7892585,-2.9304228,42.465824,2.8117847,-1.2253189,3.2853549,1.4461919,1.0095086,1.0325727,1.0511055,1.4191049
1_1,1,1,g090_r04,41.353928,-2.8018517,-2.9304254,40.58506,-2.8701878,-1.6944494,1.4572109,0.9081712,0.648868,0.7097765,0.5636547,0.92103016
1_1,1,1,g090_r08,41.353928,1.1981469,-2.9304268,40.174423,-0.083660126,-1.6304579,2.1735177,1.2350522,0.8676235,0.7209731,0.8672368,1.196076
1_1,1,1,g090_r12,41.353928,5.198149,-2.930425,40.067978,3.32382,-1.4307346,2.7232053,1.487683,0.75224614,0.9017576,1.039939,1.3800157
1_1,1,1,g105_r04,40.318653,-2.9381487,-2.9304254,39.68806,-2.9019194,-1.7473192,1.341156,0.9067382,0.7232821,0.86929435,0.56178176,0.92305267
1_1,1,1,g105_r08,39.283375,0.9255562,-2.9304256,38.153008,0.31453705,-1.533495,1.8980227,1.0737814,1.0761724,0.7893663,0.8078011,1.1473783
1_1,1,1,g105_r12,38.2481,4.789259,-2.9304264,37.330658,3.1113853,-1.6432352,2.305173,1.4650569,0.8702325,0.8062411,1.0114065,1.332274
1_1,1,1,g120_r04,39.353928,-3.3377488,-2.930425,38.78956,-3.15833,-1.8131123,1.2645518,0.8855437,0.6079158,0.97006506,0.5524238,0.9082609
1_1,1,1,g120_r08,37.35393,0.12634964,-2.930427,36.33146,0.14860344,-1.883151,1.4638075,0.9603849,0.9934465,0.9164912,0.6661484,1.0348833
1_1,1,1,g120_r12,35.353928,3.5904543,-2.9304242,34.437374,2.9729233,-1.9329195,1.4887682,1.2438673,1.1525704,1.0784317,0.92362624,1.222541
1_1,1,1,g135_r04,38.5255,-3.973424,-2.9304247,37.968086,-3.835312,-1.9700899,1.1189412,0.89782125,0.46532273,0.9696997,0.53033507,0.8810132
1_1,1,1,g135_r08,35.697075,-1.1449959,-2.9304273,35.082863,-0.81544495,-2.1673527,1.0335101,0.9082793,0.7526292,1.0445335,0.5624298,0.91079414
1_1,1,1,g135_r12,32.86865,1.6834304,-2.930425,31.956367,2.1371136,-2.0848894,1.3240149,0.9180675,1.1348605,1.1132811,0.5921404,0.943114
1_1,1,1,g150_r04,37.889828,-4.8018513,-2.930426,37.40649,-4.7208586,-2.2709265,0.8216534,0.930071,0.5451165,0.88776225,0.5235404,0.8640679
1_1,1,1,g150_r08,34.425724,-2.8018517,-2.9304245,33.772274,-2.4362345,-1.9965305,1.1970091,0.92266953,0.56515944,0.9531064,0.5490959,0.9021371
1_1,1,1,g150_r12,30.961624,-0.80185103,-2.9304264,30.568499,-0.26519966,-2.163066,1.015571,0.88121814,0.83735055,0.88910145,0.5187954,0.8465712
1_1,1,1,g165_r04,37.490227,-5.7665753,-2.930425,37.26715,-5.798173,-2.4169464,0.56073296,0.9481149,0.5532429,0.831786,0.49768648,0.81768936
1_1,1,1,g165_r08,33.626522,-4.7312984,-2.9304264,33.128067,-4.5788927,-1.7749186,1.267629,0.95018715,0.8428313,0.87527823,0.55906457,0.9013654
1_1,1,1,g165_r12,29.76282,-3.696023,-2.9304252,29.20017,-3.5793009,-1.420414,1.6156521,0.99675095,0.8612697,0.8685914,0.5674765,0.9208262
1_1,1,1,g180_r04,37.353928,-6.8018527,-2.9304256,37.188564,-7.168705,-2.390625,0.6732833,0.92652154,0.8734984,0.78865284,0.49932024,0.8263953
1_1,1,1,g180_r08,33.353928,-6.8018527,-2.9304283,33.124924,-6.9250116,-2.6552925,0.37856388,0.8635361,0.9538464,0.8715068,0.5080597,0.81657064
1_1,1,1,g180_r12,29.353931,-6.801852,-2.9304264,29.386494,-6.564083,-2.673276,0.35173965,1.1435964,0.86032957,1.08488,0.52285427,0.82865024
1_1,1,1,g195_r04,37.490227,-7.837127,-2.9304261,37.438465,-8.460468,-2.6037092,0.70567507,0.86401,1.1082672,0.7233903,0.4900683,0.8235636
1_1,1,1,g195_r08,33.626522,-8.872404,-2.930427,34.059635,-9.159328,-3.4623241,0.74352336,0.88252085,0.99204904,0.897468,0.49159238,0.8194095
1_1,1,1,g195_r12,29.76282,-9.90768,-2.9304302,30.514626,-9.882261,-3.3593388,0.8659223,1.104074,0.7352678,1.2759799,0.5594967,0.91792554
1_1,1,1,g210_r04,37.889828,-8.801851,-2.9304245,37.896797,-9.441208,-2.8006325,0.652435,0.8262675,1.2701906,0.6268857,0.48256794,0.81082886
1_1,1,1,g210_r08,34.425724,-10.801851,-2.9304264,35.220272,-11.156505,-3.5459156,1.065792,0.88900703,1.0373935,0.9119346,0.5000059,0.8383987
1_1,1,1,g210_r12,30.961624,-12.801852,-2.9304266,32.015903,-12.837638,-3.817996,1.3786099,1.0150843,0.7905515,1.2925736,0.6437755,1.0079324
1_1,1,1,g225_r04,38.5255,-9.63028,-2.9304273,38.509705,-10.187336,-2.844984,0.56379247,0.82485694,1.3666866,0.5984551,0.48472387,0.810591
1_1,1,1,g225_r08,35.697075,-12.458706,-2.9304245,36.2969,-12.816557,-3.382062,0.83176076,0.9189629,1.0907863,0.85081655,0.49606252,0.83136886
1_1,1,1,g225_r12,32.86865,-15.287132,-2.9304273,33.569214,-15.2531185,-3.5936022,0.9652718,1.0526286,0.94918233,1.179737,0.61918133,0.96575546
1_1,1,1,g240_r04,39.353928,-10.265953,-2.9304256,39.323666,-10.809696,-2.7026014,0.5903188,0.8309424,1.37766,0.59384984,0.49920815,0.83738714
1_1,1,1,g240_r08,37.353928,-13.730055,-2.9304264,37.73694,-14.146811,-3.181511,0.61921406,0.9234421,1.2289535,0.69785994,0.504457,0.8287576
1_1,1,1,g240_r12,35.353928,-17.194159,-2.930426,35.81773,-17.200056,-3.3483543,0.62434894,1.0466973,1.0389643,0.8828308,0.6722802,0.9767306
1_1,1,1,g255_r04,40.318653,-10.665556,-2.9304261,40.251774,-11.196728,-2.4599686,0.7127037,0.8598103,1.2851743,0.5511959,0.5207952,0.8707047
1_1,1,1,g255_r08,39.283375,-14.529257,-2.9304266,39.467236,-15.0816,-2.8741941,0.58485043,0.88330036,1.35608,0.68441707,0.5559955,0.89082557
1_1,1,1,g255_r12,38.2481,-18.392962,-2.9304273,38.863506,-18.660591,-3.1271772,0.6993288,1.0010443,1.3301625,0.8590542,0.7161827,1.0174937
1_1,1,1,g270_r04,41.353928,-10.801851,-2.9304273,41.352394,-11.363758,-2.3979368,0.7741368,0.9000798,1.1346695,0.55460656,0.53806233,0.8872722
1_1,1,1,g270_r08,41.353928,-14.801852,-2.9304237,41.39807,-15.402565,-2.8890781,0.60374993,0.88756096,1.7573736,0.5921339,0.5905793,0.93421704
1_1,1,1,g270_r12,41.353928,-18.801851,-2.9304256,41.422195,-19.632214,-2.7833023,0.84605396,0.94949764,1.6112375,0.67681557,0.7857702,1.1029906
1_1,1,1,g285_r04,42.389206,-10.665554,-2.9304245,42.49057,-11.257317,-2.4085178,0.795515,0.9415909,0.94906056,0.6382577,0.5599613,0.9016677
1_1,1,1,g285_r08,43.42448,-14.529258,-2.930425,43.315533,-15.20754,-2.771678,0.705079,0.9534117,1.6368717,0.7611281,0.6774258,1.0197797
1_1,1,1,g285_r12,44.45976,-18.39296,-2.9304273,44.050835,-19.146597,-2.111145,1.1859223,0.96715003,1.8359814,1.165667,0.7485323,1.1333936
1_1,1,1,g300_r04,43.353928,-10.265954,-2.9304242,43.50364,-10.73914,-2.4911146,0.66280544,0.93528384,0.5320051,0.7594778,0.55463225,0.8832331
1_1,1,1,g300_r08,45.353928,-13.730053,-2.930427,45.116753,-14.12632,-2.5499935,0.59833866,0.9067957,1.2083172,1.1643437,0.66858035,1.0059533
1_1,1,1,g300_r12,47.353928,-17.194157,-2.9304252,46.710873,-17.637676,-1.7947206,1.3784244,0.9859595,1.0965502,1.4545413,0.6674857,1.0470573
1_1,1,1,g315_r04,44.182354,-9.630278,-2.9304254,44.225388,-10.022802,-2.3772936,0.67961925,0.9550519,0.42527333,0.7300824,0.5421866,0.85672545
1_1,1,1,g315_r08,47.010784,-12.458705,-2.9304264,46.609756,-12.381132,-2.3362875,0.7210005,0.97246,0.56182957,1.1486205,0.5933005,0.94457203
1_1,1,1,g315_r12,49.83921,-15.287134,-2.9304297,48.932293,-15.583675,-1.7600784,1.5100193,1.0214663,0.49936336,1.5266428,0.69081616,1.0612106
1_1,1,1,g330_r04,44.81803,-8.801851,-2.9304276,44.67208,-9.127999,-2.1670275,0.8428842,0.9674383,0.5106054,0.7284952,0.5726826,0.88753515
1_1,1,1,g330_r08,48.28213,-10.801852,-2.9304252,47.595314,-10.678814,-1.7939501,1.3335786,1.0054499,0.58613867,1.2950925,0.6705077,1.0190599
1_1,1,1,g330_r12,51.746235,-12.801849,-2.9304235,50.30904,-13.032099,-1.2823715,2.1987767,1.0386763,0.7222027,1.7309551,0.8887734,1.2540346
1_1,1,1,g345_r04,45.217632,-7.837128,-2.9304237,44.923183,-8.152156,-1.8564863,1.1572745,1.0199006,0.57495886,0.77833664,0.62524915,0.94990224
1_1,1,1,g345_r08,49.081337,-8.872405,-2.9304242,47.949684,-9.1405945,-1.5678768,1.7913958,1.0303708,0.7221443,1.476819,0.79797745,1.1537697
1_1,1,1,g345_r12,52.945038,-9.90768,-2.930428,50.750072,-10.981703,-1.7674856,2.7062583,1.1645437,1.137598,1.9927869,1.0876461,1.4600669
1_2,1,2,0_right,51.353928,-6.801852,-2.9304283,49.921684,-7.1533184,-2.4787788,1.5423478,0.79708636,1.4601902,2.1971521,0.92478174,1.2399328
1_2,1,2,135_fwd_left,34.28286,0.2692157,-2.9304287,33.571224,0.7197418,-1.9434786,1.2974858,0.6477997,1.0084091,1.3417081,0.6284431,0.93158764
1_2,1,2,180_left,31.353933,-6.801854,-2.9304256,30.82056,-5.9897795,-1.5704603,1.671364,0.533506,1.0149146,1.1606166,0.6081975,0.9610123
1_2,1,2,225_back_left,34.28286,-13.872919,-2.930426,34.68888,-12.926871,-1.9689398,1.4086572,0.9860953,1.3610322,1.0401638,0.91617656,1.170527
1_2,1,2,270_backward,41.353928,-16.801853,-2.930425,40.95519,-16.568447,-2.3590117,0.73483616,0.6326257,1.3656944,0.8896232,0.7407477,0.9507959
1_2,1,2,315_back_right,48.424995,-13.872917,-2.9304233,47.61218,-14.594937,-2.3918772,1.2132666,0.58126545,1.0551881,1.2787695,0.6804244,1.0007275
1_2,1,2,45_fwd_right,48.424995,0.2692162,-2.930429,46.708927,-0.16039276,-1.5842867,2.2229605,1.0190352,1.9047315,2.2612145,0.9909922,1.3255042
1_2,1,2,90_forward,41.353928,3.198148,-2.930426,40.19255,2.7555351,-2.088357,1.5012603,1.3366052,2.80835,1.209556,0.99198616,1.1930847
1_2,1,2,g000_r04,45.353928,-6.8018517,-2.9304247,44.0027,-6.352888,-2.429141,1.5095255,0.5783934,0.79300267,1.1730556,0.6562008,1.0131373
1_2,1,2,g000_r08,49.353928,-6.8018527,-2.9304292,48.15535,-6.948595,-2.2398958,1.3910279,0.5875143,1.083799,1.9928589,0.82006437,1.1415308
1_2,1,2,g000_r12,53.353928,-6.8018503,-2.9304237,51.521942,-7.3923044,-2.6819754,1.9407558,1.0934,2.0523832,2.3817115,0.986262,1.3172296
1_2,1,2,g015_r04,45.217632,-5.766576,-2.930426,43.820652,-5.3822947,-2.4427385,1.5287462,0.6681804,0.818403,1.1764078,0.6949608,1.0497497
1_2,1,2,g015_r08,49.081337,-4.7312956,-2.930421,47.656273,-4.9593935,-1.8645401,1.7941401,0.7055558,1.2601079,2.2124336,0.88237834,1.2152042
1_2,1,2,g015_r12,52.945038,-3.6960225,-2.9304283,50.966736,-4.131892,-2.6380262,2.0467436,1.2496638,2.2292476,2.7378995,1.0909778,1.4138631
1_2,1,2,g030_r04,44.818035,-4.8018527,-2.9304273,43.45131,-4.4636097,-2.5101376,1.4693507,0.68953985,0.92833054,1.1400768,0.7136257,1.0591038
1_2,1,2,g030_r08,48.28213,-2.801852,-2.9304276,46.64487,-2.7679548,-1.7549801,2.0157995,0.8092294,1.4326944,2.0391736,0.88789946,1.2230198
1_2,1,2,g030_r12,51.746235,-0.80185294,-2.9304292,49.64597,-1.445179,-2.2200947,2.3085837,1.2161787,2.1966202,2.8716664,1.1572775,1.4894665
1_2,1,2,g045_r04,44.182354,-3.9734235,-2.9304237,42.93112,-3.7418022,-2.6174135,1.310422,0.70426166,1.1228845,1.0914291,0.71763676,1.0483893
1_2,1,2,g045_r08,47.010784,-1.1449966,-2.9304237,45.300674,-1.0144119,-1.5426531,2.2062263,0.93769974,1.7036744,1.663147,0.91847885,1.2478659
1_2,1,2,g045_r12,49.83921,1.6834283,-2.9304261,47.86012,0.93517685,-1.7868795,2.4050744,1.2295843,2.2151601,2.7835977,1.104806,1.4365727
1_2,1,2,g060_r04,43.353928,-3.33775,-2.930426,42.20131,-3.1414661,-2.7120533,1.1894298,0.729102,1.2039678,1.1180742,0.72282636,1.0298193
1_2,1,2,g060_r08,45.353928,0.12635292,-2.930429,43.755676,0.25562286,-1.7770538,1.9751943,1.1236762,2.0543048,1.2500266,0.9594799,1.2443534
1_2,1,2,g060_r12,47.353928,3.5904546,-2.9304292,45.68489,2.4520454,-1.9424725,2.2489371,1.2599818,2.412559,2.1339462,1.0028875,1.3085675
1_2,1,2,g075_r04,42.389206,-2.938149,-2.9304285,41.371765,-2.8870955,-2.7911425,1.0281988,0.6611583,1.1226948,0.99716604,0.640622,0.9579457
1_2,1,2,g075_r08,43.42448,0.9255545,-2.930428,42.216663,0.89097404,-2.0337067,1.5047017,1.4804533,2.4035745,1.0005357,0.97662073,1.1904613
1_2,1,2,g075_r12,44.45976,4.7892585,-2.9304228,43.5592,3.2373505,-2.3027163,1.9009049,1.398836,2.6145825,1.5656735,0.912884,1.196555
1_2,1,2,g090_r04,41.353928,-2.8018517,-2.9304254,40.49003,-2.6184616,-2.860135,0.88594276,0.4562872,0.8445141,1.012661,0.54999495,0.87918067
1_2,1,2,g090_r08,41.353928,1.1981469,-2.9304268,40.100113,1.2661572,-1.9436064,1.5970258,1.3466234,2.81506,1.0367211,1.0915782,1.2576509
1_2,1,2,g090_r12,41.353928,5.198149,-2.930425,40.522697,3.8593006,-2.4484978,1.647942,1.378944,2.9099917,1.4007384,0.86374575,1.1263356
1_2,1,2,g105_r04,40.318653,-2.9381487,-2.9304254,39.56369,-2.6627645,-2.8975286,0.8042933,0.3501106,0.635505,0.9915145,0.50760204,0.8257721
1_2,1,2,g105_r08,39.283375,0.9255562,-2.9304256,37.987038,0.995512,-1.9177971,1.6464508,0.7594207,2.4965897,1.3286724,0.97637093,1.1642432
1_2,1,2,g105_r12,38.2481,4.789259,-2.9304264,37.578697,4.0415688,-2.2402992,1.217956,1.1407353,3.2114236,1.299118,0.95831317,1.151284
1_2,1,2,g120_r04,39.353928,-3.3377488,-2.930425,38.718903,-2.981309,-3.015809,0.7332097,0.5532831,0.59630436,1.0059923,0.50455654,0.826092
1_2,1,2,g120_r08,37.35393,0.12634964,-2.930427,36.416115,0.4121437,-2.0816898,1.2967395,0.5214006,1.2532747,1.5207407,0.64851236,0.95625716
1_2,1,2,g120_r12,35.353928,3.5904543,-2.9304242,34.56951,3.4320374,-2.0271893,1.2067469,1.0886848,3.2029684,1.4421724,0.8662359,1.0924816
1_2,1,2,g135_r04,38.5255,-3.973424,-2.9304247,38.080826,-3.5742779,-2.8694115,0.6006467,0.3939049,0.72124326,0.94276416,0.4949863,0.8104928
1_2,1,2,g135_r08,35.697075,-1.1449959,-2.9304273,35.19778,-0.7135048,-2.1262226,1.0403003,0.8233925,0.62076724,1.3846977,0.5728749,0.875685
1_2,1,2,g135_r12,32.86865,1.6834304,-2.930425,31.61367,1.9603844,-1.9196091,1.6350603,0.80075496,1.8887348,1.4109674,0.67502975,0.97682214
1_2,1,2,g150_r04,37.889828,-4.8018513,-2.930426,37.71241,-4.403369,-2.8552198,0.44262984,0.30438852,0.80175745,0.93831754,0.45452356,0.75237465
1_2,1,2,g150_r08,34.425724,-2.8018517,-2.9304245,34.13716,-2.3468647,-2.0953674,0.9937816,0.63289726,0.8046154,1.1435738,0.50893915,0.8279059
1_2,1,2,g150_r12,30.961624,-0.80185103,-2.9304264,30.329765,-0.11115265,-1.9682837,1.3423965,0.8176005,0.7118516,1.2779986,0.57163763,0.90548027
1_2,1,2,g165_r04,37.490227,-5.7665753,-2.930425,37.5705,-5.3044996,-3.0408154,0.48181295,0.49283585,0.80194587,1.0551966,0.45614085,0.7540846
1_2,1,2,g165_r08,33.626522,-4.7312984,-2.9304264,33.60103,-4.0729723,-2.1094532,1.0526348,0.7524712,1.1441001,1.1467913,0.5581394,0.8498634
1_2,1,2,g165_r12,29.76282,-3.696023,-2.9304252,29.364788,-3.1207132,-1.8625364,1.2766348,0.8090166,1.0524317,1.2414331,0.616636,0.94569767
1_2,1,2,g180_r04,37.353928,-6.8018527,-2.9304256,37.50673,-6.297762,-2.8515263,0.5326171,0.48292613,0.9272669,1.1178231,0.4886605,0.7926434
1_2,1,2,g180_r08,33.353928,-6.8018527,-2.9304283,33.28203,-6.0768347,-1.9828262,1.1953118,0.5071025,1.0373718,1.0813596,0.54185784,0.8761968
1_2,1,2,g180_r12,29.353931,-6.801852,-2.9304264,28.735205,-5.9849815,-1.2227736,1.9915266,0.53191435,1.1096727,1.3587449,0.680293,1.0395907
1_2,1,2,g195_r04,37.490227,-7.837127,-2.9304261,37.606117,-7.374222,-2.736393,0.5151319,0.43373084,0.96460664,1.1115028,0.49292397,0.7946853
1_2,1,2,g195_r08,33.626522,-8.872404,-2.930427,33.71667,-8.120167,-1.7756462,1.3811252,0.57165426,1.0478208,1.048653,0.6477476,0.9709335
1_2,1,2,g195_r12,29.76282,-9.90768,-2.9304302,29.88013,-8.42806,-1.3335066,2.1801841,0.85226536,1.479235,1.2417395,0.8677748,1.2115141
1_2,1,2,g210_r04,37.889828,-8.801851,-2.9304245,37.905624,-8.289538,-2.7323017,0.5495149,0.42590752,0.96258706,1.0670626,0.51115906,0.81130505
1_2,1,2,g210_r08,34.425724,-10.801851,-2.9304264,34.648045,-10.009805,-2.0304842,1.2192867,0.73575205,1.0952678,1.0735602,0.7656494,1.0475014
1_2,1,2,g210_r12,30.961624,-12.801852,-2.9304266,31.704756,-10.984951,-1.334158,2.5301085,0.9807223,1.7553349,1.1869588,0.97307575,1.2822236
1_2,1,2,g225_r04,38.5255,-9.63028,-2.9304273,38.481285,-9.067829,-2.7749243,0.5852236,0.39308578,0.92507875,1.0327505,0.5197769,0.8096969
1_2,1,2,g225_r08,35.697075,-12.458706,-2.9304245,35.71759,-11.737745,-2.1336432,1.0747397,0.7547629,1.1379243,1.0180355,0.81268454,1.0710063
1_2,1,2,g225_r12,32.86865,-15.287132,-2.9304273,33.635517,-13.916624,-1.5809774,2.0706027,1.079174,1.8007343,1.1626399,0.98642045,1.2529544
1_2,1,2,g240_r04,39.353928,-10.265953,-2.9304256,39.26355,-9.728187,-2.8385763,0.55298936,0.3685061,0.78845125,1.0015038,0.5261297,0.81760365
1_2,1,2,g240_r08,37.353928,-13.730055,-2.9304264,37.199997,-13.0498705,-2.3178244,0.92823845,0.69285965,1.2611288,0.940846,0.8244951,1.0540465
1_2,1,2,g240_r12,35.353928,-17.194159,-2.930426,35.7866,-16.014128,-1.9696398,1.5820198,1.0488756,1.5928626,0.93922603,0.99111587,1.207898
1_2,1,2,g255_r04,40.318653,-10.665556,-2.9304261,40.134224,-10.162159,-2.9650383,0.53723425,0.32966393,0.665643,0.9496035,0.49800864,0.800444
1_2,1,2,g255_r08,39.283375,-14.529257,-2.9304266,38.966316,-13.904467,-2.5213156,0.81133264,0.70945024,1.2405939,0.90238124,0.76142955,1.0015975
1_2,1,2,g255_r12,38.2481,-18.392962,-2.9304273,38.188896,-17.561817,-2.1840706,1.1186396,0.82201576,1.6221806,0.9595037,0.9761344,1.1402814
1_2,1,2,g270_r04,41.353928,-10.801851,-2.9304273,41.03087,-10.297628,-3.1056566,0.62394965,0.32224056,0.5794219,0.96431607,0.46035555,0.7687928
1_2,1,2,g270_r08,41.353928,-14.801852,-2.9304237,40.83058,-14.246291,-2.6865072,0.8012705,0.5108836,1.1393951,0.9512334,0.6016714,0.8883765
1_2,1,2,g270_r12,41.353928,-18.801851,-2.9304256,41.199245,-19.089098,-2.0471582,0.94159365,0.6096142,1.6342983,0.92624855,0.91330737,1.0831236
1_2,1,2,g285_r04,42.389206,-10.665554,-2.9304245,41.855465,-10.043196,-3.1882963,0.8594808,0.44722843,0.6279855,0.89308137,0.48223108,0.8055793
1_2,1,2,g285_r08,43.42448,-14.529258,-2.930425,42.919567,-14.411471,-2.9578714,0.5191959,0.52264094,0.68944144,0.9529016,0.52918947,0.82820666
1_2,1,2,g285_r12,44.45976,-18.39296,-2.9304273,44.23542,-19.406048,-2.5646,1.1002296,0.6702516,0.8117427,1.259784,0.63766944,0.96121037
1_2,1,2,g300_r04,43.353928,-10.265954,-2.9304242,42.596523,-9.721398,-3.1404743,0.9562025,0.39693794,0.7124626,0.89402264,0.52065206,0.85621244
1_2,1,2,g300_r08,45.353928,-13.730053,-2.930427,44.75415,-13.972773,-2.9032898,0.6475971,0.6458654,0.6692401,1.0988206,0.5947023,0.8964578
1_2,1,2,g300_r12,47.353928,-17.194157,-2.9304252,46.841175,-17.9273,-2.4974098,0.9939396,0.84397215,0.82568145,1.2111348,0.6314562,0.95227706
1_2,1,2,g315_r04,44.182354,-9.630278,-2.9304254,43.213844,-9.11014,-2.880495,1.1004759,0.2702581,0.64372396,0.941177,0.54183555,0.8859694
1_2,1,2,g315_r08,47.010784,-12.458705,-2.9304264,46.329533,-12.97654,-2.6551304,0.89891285,0.4963757,0.8770252,1.258766,0.62826437,0.9349845
1_2,1,2,g315_r12,49.83921,-15.287134,-2.9304297,48.889256,-15.86742,-2.1381378,1.3663355,0.6341731,1.2365019,1.345153,0.6882389,1.0261662
1_2,1,2,g330_r04,44.81803,-8.801851,-2.9304276,43.697956,-8.366183,-2.5647907,1.2562107,0.3081903,0.5873985,1.0255436,0.5483798,0.8974713
1_2,1,2,g330_r08,48.28213,-10.801852,-2.9304252,47.481163,-11.274751,-2.5897942,0.9905617,0.5754655,1.087195,1.4104475,0.6587456,0.9674937
1_2,1,2,g330_r12,51.746235,-12.801849,-2.9304235,50.5699,-13.007228,-2.1012115,1.4538003,0.4775848,1.4209728,1.7024701,0.7531939,1.0744859
1_2,1,2,g345_r04,45.217632,-7.837128,-2.9304237,43.987488,-7.388829,-2.4737864,1.3866309,0.36830115,0.79417753,1.1328647,0.5859864,0.9413077
1_2,1,2,g345_r08,49.081337,-8.872405,-2.9304242,48.118332,-9.10896,-2.4822454,1.0882101,0.5742775,1.1339065,1.6615744,0.7596887,1.0747893
1_2,1,2,g345_r12,52.945038,-9.90768,-2.930428,51.28988,-10.338212,-2.3174973,1.8167536,0.72876376,1.824596,2.0513535,0.86521137,1.1935779
1_9,1,9,0_right,51.353928,-6.801852,-2.9304283,48.665306,-8.881835,-3.0126257,3.4002604,1.3080382,0.97121835,2.3688977,1.2242674,1.8923869
1_9,1,9,135_fwd_left,34.28286,0.2692157,-2.9304287,32.95158,0.25904083,-3.0380545,1.3356619,0.649777,0.79338133,0.6010804,0.86330515,1.4387486
1_9,1,9,180_left,31.353933,-6.801854,-2.9304256,30.997513,-6.218728,-3.0760365,0.6987661,0.54223573,0.72919464,0.4155551,0.925195,1.4765174
1_9,1,9,225_back_left,34.28286,-13.872919,-2.930426,33.912422,-14.183022,-3.116644,0.51774967,0.9302511,1.08774,0.6191117,0.8631239,1.390756
1_9,1,9,270_backward,41.353928,-16.801853,-2.930425,40.682243,-17.897505,-2.882452,1.2860457,0.5608135,0.8402229,0.5654462,0.8239226,1.3787556
1_9,1,9,315_back_right,48.424995,-13.872917,-2.9304233,47.39762,-14.542792,-2.6908379,1.2496526,0.38625732,0.9764086,1.4428775,0.8741154,1.4554003
1_9,1,9,45_fwd_right,48.424995,0.2692162,-2.930429,45.724884,-2.0549068,-1.9881172,3.685119,1.1839134,1.4727622,2.431837,1.2068577,1.8786697
1_9,1,9,90_forward,41.353928,3.198148,-2.930426,39.774086,0.8467617,-3.3093548,2.8580594,1.0538274,1.1514146,0.45711172,1.0443823,1.6982
1_9,1,9,g000_r04,45.353928,-6.8018517,-2.9304247,44.28618,-7.0714397,-3.1051798,1.1150359,0.52205867,0.9686504,0.8170157,0.85683316,1.4293795
1_9,1,9,g000_r08,49.353928,-6.8018527,-2.9304292,47.668846,-7.6152906,-2.6265535,1.8956586,0.9558116,1.1688689,1.9067738,1.022428,1.64658
1_9,1,9,g000_r12,53.353928,-6.8018503,-2.9304237,49.52982,-9.750636,-2.8430147,4.8297806,1.7806956,1.1647029,2.666453,1.427238,2.1161597
1_9,1,9,g015_r04,45.217632,-5.766576,-2.930426,43.985703,-5.9918528,-3.2373323,1.2894155,0.5544995,0.9435385,0.8579155,0.8755923,1.4626776
1_9,1,9,g015_r08,49.081337,-4.7312956,-2.930421,47.141945,-5.841134,-2.4736242,2.280712,1.0185682,1.1460022,2.1300979,1.0527657,1.6955323
1_9,1,9,g015_r12,52.945038,-3.6960225,-2.9304283,49.06304,-6.910757,-2.9561195,5.040344,1.6095055,1.3157129,2.822233,1.4595946,2.1359088
1_9,1,9,g030_r04,44.818035,-4.8018527,-2.9304273,43.45837,-5.035369,-3.4000368,1.4573097,0.5484769,0.8634054,0.8723296,0.8970476,1.4973611
1_9,1,9,g030_r08,48.28213,-2.801852,-2.9304276,46.029575,-3.9671278,-2.5011425,2.57219,1.016532,0.99012715,2.1381724,1.0556552,1.7112021
1_9,1,9,g030_r12,51.746235,-0.80185294,-2.9304292,48.354416,-3.8520155,-2.609847,4.572822,1.303837,1.3581378,2.8181448,1.4270755,2.0961194
1_9,1,9,g045_r04,44.182354,-3.9734235,-2.9304237,42.780056,-4.284794,-3.5547152,1.5662475,0.48699287,0.7825874,0.74451137,0.8890546,1.4944379
1_9,1,9,g045_r08,47.010784,-1.1449966,-2.9304237,44.650417,-2.6431446,-3.0507956,2.7982616,1.0293335,1.196749,1.6853825,1.067455,1.7296567
1_9,1,9,g045_r12,49.83921,1.6834283,-2.9304261,46.9794,-0.995718,-2.0433607,4.017863,1.2089279,1.465789,2.7075124,1.352352,2.0178208
1_9,1,9,g060_r04,43.353928,-3.33775,-2.930426,42.042057,-3.6133165,-3.652144,1.5224383,0.41624373,0.6712101,0.5703117,0.8842905,1.489623
1_9,1,9,g060_r08,45.353928,0.12635292,-2.930429,43.111702,-1.5682011,-3.6585674,2.9033213,0.86594313,1.2350502,1.3068343,1.077451,1.7427448
1_9,1,9,g060_r12,47.353928,3.5904546,-2.9304292,44.68651,1.0437889,-2.2542915,3.7493725,1.3167847,1.7987612,2.354571,1.2306144,1.8945789
1_9,1,9,g075_r04,42.389206,-2.938149,-2.9304285,41.142544,-3.195364,-3.6709075,1.4726286,0.39610785,0.65873647,0.3539087,0.84330314,1.4431902
1_9,1,9,g075_r08,43.42448,0.9255545,-2.930428,41.63656,-0.7759075,-3.8797321,2.6443932,1.0451666,1.132441,0.7087554,1.0680505,1.7294657
1_9,1,9,g075_r12,44.45976,4.7892585,-2.9304228,42.717323,1.844759,-3.0471087,3.4234157,1.4825495,1.6785017,1.5642065,1.2332395,1.9138932
1_9,1,9,g090_r04,41.353928,-2.8018517,-2.9304254,40.153008,-3.0244522,-3.7175384,1.4530337,0.39705536,0.7747133,0.26450443,0.8216433,1.4158149
1_9,1,9,g090_r08,41.353928,1.1981469,-2.9304268,39.619343,-0.15543938,-3.561048,2.2888126,1.077614,0.9405358,0.4338287,0.95948714,1.5873026
1_9,1,9,g090_r12,41.353928,5.198149,-2.930425,39.846634,2.0638256,-3.3120298,3.4987915,1.494162,1.5247948,0.6190356,1.261067,1.9319929
1_9,1,9,g105_r04,40.318653,-2.9381487,-2.9304254,39.18634,-3.2013493,-3.7418485,1.4176792,0.3315202,0.77338475,0.27538267,0.81993574,1.4099573
1_9,1,9,g105_r08,39.283375,0.9255562,-2.9304256,37.646633,0.36071968,-3.1592388,1.7465162,0.73827887,0.8625194,0.525649,0.86681336,1.4634414
1_9,1,9,g105_r12,38.2481,4.789259,-2.9304264,36.75381,2.446251,-2.8945885,2.7791855,0.9793951,1.0702082,0.57539856,1.0676445,1.7099681
1_9,1,9,g120_r04,39.353928,-3.3377488,-2.930425,38.20504,-3.6165304,-3.78584,1.4592453,0.37424052,0.7300149,0.2935228,0.8147936,1.3963569
1_9,1,9,g120_r08,37.35393,0.12634964,-2.930427,35.939285,-0.08690834,-2.9767933,1.4313813,0.5981625,0.89859945,0.5407681,0.8770031,1.4660448
1_9,1,9,g120_r12,35.353928,3.5904543,-2.9304242,33.50985,2.5061378,-2.844656,2.1409628,1.2010913,0.9840252,0.69237834,0.96872944,1.5656115
1_9,1,9,g135_r04,38.5255,-3.973424,-2.9304247,37.435932,-4.230151,-3.6808476,1.3476663,0.22406086,0.5053316,0.35942855,0.81125253,1.3907533
1_9,1,9,g135_r08,35.697075,-1.1449959,-2.9304273,34.54826,-1.1877136,-3.2616396,1.1963707,0.43687928,0.8277265,0.5416898,0.8338899,1.3995534
1_9,1,9,g135_r12,32.86865,1.6834304,-2.930425,31.145252,1.9845123,-3.137991,1.7617687,0.80780673,0.76150626,0.6986675,0.90582603,1.5072014
1_9,1,9,g150_r04,37.889828,-4.8018513,-2.930426,37.06123,-4.960881,-3.5849185,1.0678136,0.25740048,0.47835213,0.4223649,0.796089,1.3516164
1_9,1,9,g150_r08,34.425724,-2.8018517,-2.9304245,33.43274,-2.6771612,-3.314992,1.072128,0.30685124,0.57011294,0.4620823,0.7933552,1.3329144
1_9,1,9,g150_r12,30.961624,-0.80185103,-2.9304264,29.508307,-0.57988167,-3.3988953,1.5430053,0.45849487,0.7947226,0.77723277,0.85745317,1.4474648
1_9,1,9,g165_r04,37.490227,-5.7665753,-2.930425,36.947784,-5.88328,-3.48144,0.7819727,0.4152807,0.6606599,0.50067747,0.7906508,1.3269191
1_9,1,9,g165_r08,33.626522,-4.7312984,-2.9304264,33.13689,-4.455352,-3.2375927,0.6404973,0.5239099,0.85259074,0.4223908,0.8288685,1.3428481
1_9,1,9,g165_r12,29.76282,-3.696023,-2.9304252,28.807177,-3.5045347,-3.104496,0.9900613,0.56914705,0.695411,0.6834329,0.8850093,1.4472654
1_9,1,9,g180_r04,37.353928,-6.8018527,-2.9304256,36.856113,-6.944626,-3.3660836,0.67675775,0.4369041,0.7707868,0.53162265,0.7889139,1.3229752
1_9,1,9,g180_r08,33.353928,-6.8018527,-2.9304283,33.344677,-6.573204,-3.0194273,0.24553332,0.5584797,0.7740799,0.44865,0.8738383,1.3830326
1_9,1,9,g180_r12,29.353931,-6.801852,-2.9304264,28.63147,-6.270439,-3.0300102,0.90236783,0.6738871,0.777611,0.66114265,0.93454534,1.5107473
1_9,1,9,g195_r04,37.490227,-7.837127,-2.9304261,36.889175,-8.134515,-3.3372154,0.7843339,0.48010164,0.6557342,0.51254195,0.76414174,1.2971885
1_9,1,9,g195_r08,33.626522,-8.872404,-2.930427,33.63779,-8.5975065,-3.1682205,0.36365008,0.8543183,0.7089576,0.4689857,0.90380865,1.4281489
1_9,1,9,g195_r12,29.76282,-9.90768,-2.9304302,29.84659,-9.474805,-3.3748298,0.6260104,0.7792793,1.3155426,0.6277623,0.92389804,1.4856966
1_9,1,9,g210_r04,37.889828,-8.801851,-2.9304245,37.231056,-9.262056,-3.3630986,0.91267496,0.46787623,0.5865931,0.44527254,0.7446559,1.271091
1_9,1,9,g210_r08,34.425724,-10.801851,-2.9304264,34.147865,-10.926228,-3.17235,0.38884696,0.8842706,0.8985647,0.555406,0.8598383,1.3842648
1_9,1,9,g210_r12,30.961624,-12.801852,-2.9304266,31.060036,-12.936865,-3.2367816,0.34895074,0.8339348,1.5161816,0.628575,0.9258175,1.4293183
1_9,1,9,g225_r04,38.5255,-9.63028,-2.9304273,37.8082,-10.249779,-3.3289523,1.028164,0.42960587,0.56654274,0.38301307,0.75391114,1.2924116
1_9,1,9,g225_r08,35.697075,-12.458706,-2.9304245,35.19519,-12.801958,-3.1154823,0.6355757,0.90931326,0.73355997,0.5408755,0.84652126,1.3788124
1_9,1,9,g225_r12,32.86865,-15.287132,-2.9304273,32.563026,-15.67125,-3.0026464,0.49615237,0.9843222,1.5962896,0.69189763,0.89720786,1.4154643
1_9,1,9,g240_r04,39.353928,-10.265953,-2.9304256,38.588593,-11.015795,-3.3417783,1.1476983,0.3805385,0.5899935,0.33257675,0.7668251,1.3188318
1_9,1,9,g240_r08,37.353928,-13.730055,-2.9304264,36.68573,-14.316017,-3.0861073,0.90226185,0.88421255,0.6881271,0.5706299,0.8105367,1.3684915
1_9,1,9,g240_r12,35.353928,-17.194159,-2.930426,34.840405,-17.75637,-2.8684216,0.7639587,1.1133512,1.1749725,0.8432492,0.878319,1.4190096
1_9,1,9,g255_r04,40.318653,-10.665556,-2.9304261,39.63655,-11.41382,-3.2509804,1.0620348,0.32006946,0.71084857,0.31735045,0.75532514,1.2951758
1_9,1,9,g255_r08,39.283375,-14.529257,-2.9304266,38.620583,-15.164857,-2.8987322,0.91885006,0.7717973,0.53781736,0.4800449,0.80715114,1.347484
1_9,1,9,g255_r12,38.2481,-18.392962,-2.9304273,37.602566,-18.97474,-2.7366638,0.89035064,0.8233133,0.67753,0.4125607,0.8214201,1.3633567
1_9,1,9,g270_r04,41.353928,-10.801851,-2.9304273,40.821026,-11.52947,-3.252274,0.9576008,0.3201185,0.8855467,0.30809554,0.754863,1.2935477
1_9,1,9,g270_r08,41.353928,-14.801852,-2.9304237,40.780174,-15.806885,-2.8391457,1.1608682,0.37637642,0.8683361,0.4289083,0.7898774,1.3457155
1_9,1,9,g270_r12,41.353928,-18.801851,-2.9304256,40.545647,-19.871235,-3.0768433,1.3484575,0.5950273,0.83259153,0.67807263,0.85880446,1.4231873
1_9,1,9,g285_r04,42.389206,-10.665554,-2.9304245,41.85545,-11.4001255,-3.2673345,0.96850365,0.4157876,0.872245,0.32187346,0.75168383,1.2909436
1_9,1,9,g285_r08,43.42448,-14.529258,-2.930425,42.83197,-15.717027,-2.6727648,1.3521287,0.51238716,1.0900306,0.5942226,0.84408176,1.4080337
1_9,1,9,g285_r12,44.45976,-18.39296,-2.9304273,43.61354,-19.022457,-2.700715,1.0794072,0.65274674,1.0365579,1.1440332,0.8479885,1.3730038
1_9,1,9,g300_r04,43.353928,-10.265954,-2.9304242,42.788197,-10.978163,-3.2581916,0.9668115,0.44464362,0.7057827,0.3369638,0.76338416,1.3079247
1_9,1,9,g300_r08,45.353928,-13.730053,-2.930427,44.675148,-14.572054,-2.834507,1.0857753,0.68422467,1.0463315,0.9251671,0.8099266,1.3718861
1_9,1,9,g300_r12,47.353928,-17.194157,-2.9304252,46.41101,-17.829884,-2.7352982,1.1538265,0.54740286,0.8432274,1.3548377,0.8948422,1.4395144
1_9,1,9,g315_r04,44.182354,-9.630278,-2.9304254,43.5616,-10.36829,-3.2058887,1.0029347,0.32663974,0.66159844,0.4495947,0.77398056,1.3169088
1_9,1,9,g315_r08,47.010784,-12.458705,-2.9304264,46.229935,-13.0130825,-2.7931519,0.96742165,0.41933724,0.94574064,1.2457515,0.80822045,1.3641464
1_9,1,9,g315_r12,49.83921,-15.287134,-2.9304297,48.486248,-16.05272,-2.934948,1.5545573,0.3988396,0.90969974,1.6129348,0.9399296,1.5442129
1_9,1,9,g330_r04,44.81803,-8.801851,-2.9304276,44.099007,-9.404599,-3.1765108,0.9699786,0.3518462,0.7679651,0.5577808,0.7790053,1.320815
1_9,1,9,g330_r08,48.28213,-10.801852,-2.9304252,47.214344,-11.194159,-2.7341223,1.1543866,0.5674006,1.1323818,1.4863259,0.893199,1.4629707
1_9,1,9,g330_r12,51.746235,-12.801849,-2.9304235,49.531006,-14.013433,-2.9427586,2.5249412,1.0024769,1.0753409,1.8186389,1.101704,1.7291156
1_9,1,9,g345_r04,45.217632,-7.837128,-2.9304237,44.357582,-8.233195,-3.0975895,0.96150917,0.4392868,0.86749357,0.71728456,0.8129068,1.3669578
1_9,1,9,g345_r08,49.081337,-8.872405,-2.9304242,47.75997,-9.356701,-2.717063,1.4234015,0.97542644,1.2346795,1.7166382,0.9823283,1.5756121
1_9,1,9,g345_r12,52.945038,-9.90768,-2.930428,49.668015,-12.043728,-2.9169016,3.9117475,1.6313391,1.0905167,2.30416,1.2849512,1.966671
2_0,2,0,0_right,51.353928,-6.801852,-2.9304283,49.78622,-7.071061,-2.9032602,1.5908856,0.76388234,1.5901608,2.4433591,1.0432734,1.5987015
2_0,2,0,135_fwd_left,34.28286,0.2692157,-2.9304287,33.0348,-0.7217312,-2.8439245,1.5959663,0.88836265,1.0744911,1.1475384,0.7865719,1.3190942
2_0,2,0,180_left,31.353933,-6.801854,-2.9304256,30.956778,-6.3174877,-2.1590242,0.99368185,0.67297345,1.3110048,1.2800363,0.75252855,1.2436594
2_0,2,0,225_back_left,34.28286,-13.872919,-2.930426,34.046795,-13.295476,-2.1700516,0.98353255,0.7327862,1.4608923,0.88598704,0.82772714,1.3386233
2_0,2,0,270_backward,41.353928,-16.801853,-2.930425,41.0253,-17.22004,-1.8589754,1.1961942,0.5864327,1.0341849,0.9987091,0.7606045,1.2723997
2_0,2,0,315_back_right,48.424995,-13.872917,-2.9304233,48.12722,-13.994947,-2.195899,0.80192727,0.47250825,1.051691,1.7173764,0.80946803,1.2702696
2_0,2,0,45_fwd_right,48.424995,0.2692162,-2.930429,46.153595,0.11227417,-2.6168642,2.2983067,0.77421623,2.1659636,2.18966,1.2730637,1.8339326
2_0,2,0,90_forward,41.353928,3.198148,-2.930426,39.717422,2.436201,-2.1649075,1.9607984,1.0714133,1.7571716,1.087631,1.0226007,1.5639998
2_0,2,0,g000_r04,45.353928,-6.8018517,-2.9304247,44.08074,-7.0119095,-2.4824915,1.365932,0.3490276,0.99359107,1.2009319,0.75759834,1.2809325
2_0,2,0,g000_r08,49.353928,-6.8018527,-2.9304292,48.03444,-7.0007763,-2.856515,1.3364445,0.58233184,1.173663,2.1640077,0.9071377,1.4508624
2_0,2,0,g000_r12,53.353928,-6.8018503,-2.9304237,50.722603,-7.5019646,-3.3996658,2.7630088,0.9481634,2.319689,2.392016,1.2347772,1.8037881
2_0,2,0,g015_r04,45.217632,-5.766576,-2.930426,43.822495,-6.0521097,-2.4909325,1.4903334,0.38572004,0.9968324,1.2487491,0.787019,1.3210602
2_0,2,0,g015_r08,49.081337,-4.7312956,-2.930421,47.420418,-5.0293283,-2.7366753,1.6985328,0.5466559,1.3992641,2.2423127,1.0104209,1.5783912
2_0,2,0,g015_r12,52.945038,-3.6960225,-2.9304283,49.96437,-4.3167124,-3.0133514,3.045736,0.9031931,2.5350332,2.6128826,1.3963218,1.9818889
2_0,2,0,g030_r04,44.818035,-4.8018527,-2.9304273,43.35605,-5.2083826,-2.4345446,1.5964245,0.4560821,0.94422275,1.2703403,0.8183193,1.3645178
2_0,2,0,g030_r08,48.28213,-2.801852,-2.9304276,46.410023,-2.9333477,-2.5079317,1.9236902,0.71496075,1.6229658,2.1153142,1.0944992,1.664667
2_0,2,0,g030_r12,51.746235,-0.80185294,-2.9304292,48.65444,-1.2864418,-2.7649574,3.13391,0.81087005,2.598543,2.775723,1.4624693,2.0466619
2_0,2,0,g045_r04,44.182354,-3.9734235,-2.9304237,42.76011,-4.5804453,-2.376789,1.6424882,0.54890037,0.9132862,1.2078235,0.85164315,1.4058535
2_0,2,0,g045_r08,47.010784,-1.1449966,-2.9304237,45.024277,-1.1303425,-2.3786793,2.0617588,0.82417965,1.7196244,1.9548997,1.1151791,1.6800169
2_0,2,0,g045_r12,49.83921,1.6834283,-2.9304261,46.98197,1.2085724,-2.8694763,2.8970702,0.81076086,2.6934013,2.4561324,1.4143083,1.9847853
2_0,2,0,g060_r04,43.353928,-3.33775,-2.930426,41.974117,-4.1719265,-2.289256,1.7351731,0.6378023,0.9586665,0.9231255,0.8836316,1.44911
2_0,2,0,g060_r08,45.353928,0.12635292,-2.930429,43.32788,0.13633347,-2.2036533,2.1524796,0.9045686,1.4076169,1.847415,1.1501793,1.6979835
2_0,2,0,g060_r12,47.353928,3.5904546,-2.9304292,45.05745,3.2007942,-2.4792767,2.3725905,0.8517386,2.529801,2.0375822,1.3841857,1.9085252
2_0,2,0,g075_r04,42.389206,-2.938149,-2.9304285,41.028637,-3.995802,-2.2322168,1.8593755,0.6504049,0.955751,0.7361854,0.8970381,1.4666318
2_0,2,0,g075_r08,43.42448,0.9255545,-2.930428,41.707855,0.55970573,-2.1600885,1.9167864,0.99046755,1.1167245,1.2615645,1.1127784,1.6510977
2_0,2,0,g075_r12,44.45976,4.7892585,-2.9304228,42.469925,4.036995,-2.068571,2.2952402,0.82186043,1.8169779,1.6873431,1.2615427,1.8002086
2_0,2,0,g090_r04,41.353928,-2.8018517,-2.9304254,40.059784,-3.9172401,-2.3164473,1.8154526,0.6432203,0.9196167,0.711434,0.86737496,1.4300531
2_0,2,0,g090_r08,41.353928,1.1981469,-2.9304268,39.8615,0.5907707,-2.3476,1.7134566,1.2252877,1.3252164,1.0127654,0.9848618,1.5207253
2_0,2,0,g090_r12,41.353928,5.198149,-2.930425,39.902233,4.1776905,-2.2696724,1.8935012,1.0586318,1.7935236,1.1957618,1.0462971,1.5817659
2_0,2,0,g105_r04,40.318653,-2.9381487,-2.9304254,39.185726,-4.019059,-2.431466,1.6434268,0.61110973,0.88446826,0.72976047,0.82441795,1.3722866
2_0,2,0,g105_r08,39.283375,0.9255562,-2.9304256,37.888233,0.2722969,-2.4407806,1.6164529,1.2651267,1.3317347,0.9579945,0.8305614,1.3684034
2_0,2,0,g105_r12,38.2481,4.789259,-2.9304264,36.97233,3.8194885,-2.2969685,1.723171,1.0293692,1.8153927,1.0535878,0.9362826,1.4585853
2_0,2,0,g120_r04,39.353928,-3.3377488,-2.930425,38.27975,-4.3589487,-2.6482925,1.5087425,0.5842458,0.90050036,0.70655966,0.75007254,1.2813275
2_0,2,0,g120_r08,37.35393,0.12634964,-2.930427,36.09016,-1.0162029,-2.7430944,1.7139537,1.1259495,1.1585778,0.84278715,0.7830744,1.3196528
2_0,2,0,g120_r12,35.353928,3.5904543,-2.9304242,34.076866,2.7876263,-2.3751078,1.6074188,0.9358285,1.8380542,1.1964,0.8488238,1.3592297
2_0,2,0,g135_r04,38.5255,-3.973424,-2.9304247,37.65757,-4.7495546,-2.9089394,1.1645365,0.452185,0.929006,0.6508777,0.67932075,1.1673112
2_0,2,0,g135_r08,35.697075,-1.1449959,-2.9304273,34.522224,-2.3168678,-2.5834894,1.6952649,0.76906276,1.0202277,0.83077294,0.7672164,1.2961004
2_0,2,0,g135_r12,32.86865,1.6834304,-2.930425,31.315763,1.0437107,-3.0521421,1.6838969,0.84563035,1.207773,1.3199521,0.7605513,1.2820847
2_0,2,0,g150_r04,37.889828,-4.8018513,-2.930426,37.283478,-5.2222586,-2.9308605,0.73783654,0.36504412,0.9276458,0.609817,0.6561561,1.1183009
2_0,2,0,g150_r08,34.425724,-2.8018517,-2.9304245,33.907906,-3.0742664,-2.8214397,0.5951666,0.4641393,0.9610877,0.91236854,0.66008776,1.1138043
2_0,2,0,g150_r12,30.961624,-0.80185103,-2.9304264,30.054836,-1.0681629,-2.7685633,0.95884615,0.54879177,1.2263114,1.1914701,0.7058567,1.1902648
2_0,2,0,g165_r04,37.490227,-5.7665753,-2.930425,37.01845,-5.9480333,-2.7337036,0.5424002,0.36377296,0.9811182,0.6330352,0.675582,1.1391956
2_0,2,0,g165_r08,33.626522,-4.7312984,-2.9304264,33.278797,-4.5719156,-2.8158035,0.3993168,0.48892432,1.0438066,1.0402629,0.7145465,1.1361531
2_0,2,0,g165_r12,29.76282,-3.696023,-2.9304252,29.405172,-3.4937944,-2.541459,0.5657759,0.58403057,1.1857197,1.2326466,0.77151954,1.2201631
2_0,2,0,g180_r04,37.353928,-6.8018527,-2.9304256,36.951324,-6.9833,-2.5004816,0.6163314,0.41030392,1.0140674,0.6364995,0.68302596,1.1517137
2_0,2,0,g180_r08,33.353928,-6.8018527,-2.9304283,32.99467,-6.350932,-1.952488,1.1352366,0.6155256,1.1053206,1.0782368,0.7186397,1.2102083
2_0,2,0,g180_r12,29.353931,-6.801852,-2.9304264,28.907879,-6.510803,-2.308322,0.81895435,0.71076375,1.5766321,1.3715047,0.786377,1.2764857
2_0,2,0,g195_r04,37.490227,-7.837127,-2.9304261,37.10502,-8.02631,-2.214077,0.83506376,0.36170524,1.0080724,0.6725394,0.71762264,1.2103264
2_0,2,0,g195_r08,33.626522,-8.872404,-2.930427,33.205887,-8.385647,-1.8906269,1.2227228,0.5275355,1.1772282,0.9717904,0.7479258,1.257186
2_0,2,0,g195_r12,29.76282,-9.90768,-2.9304302,29.183594,-8.978575,-2.8092499,1.1015546,0.8859731,1.8010572,1.3848983,0.8124846,1.3310983
2_0,2,0,g210_r04,37.889828,-8.801851,-2.9304245,37.420063,-8.914194,-1.9222431,1.117913,0.34140444,0.9894376,0.6897294,0.7594717,1.2695904
2_0,2,0,g210_r08,34.425724,-10.801851,-2.9304264,34.069183,-10.476179,-1.9242954,1.1160121,0.5512759,1.2734462,0.95866144,0.76924735,1.2917513
2_0,2,0,g210_r12,30.961624,-12.801852,-2.9304266,30.624285,-11.394278,-2.6126232,1.4819119,1.2424644,2.0616782,1.3826736,0.87297726,1.3925729
2_0,2,0,g225_r04,38.5255,-9.63028,-2.9304273,38.027203,-9.862051,-1.8577929,1.2052237,0.38292575,0.96711975,0.60381305,0.79812634,1.3163406
2_0,2,0,g225_r08,35.697075,-12.458706,-2.9304245,35.354767,-12.427645,-1.831955,1.1509887,0.4706828,1.2070466,0.83662415,0.805389,1.3257124
2_0,2,0,g225_r12,32.86865,-15.287132,-2.9304273,33.022568,-14.099527,-2.3073425,1.3499374,1.0994755,1.6907052,0.9811737,0.90600836,1.4194819
2_0,2,0,g240_r04,39.353928,-10.265953,-2.9304256,38.843807,-10.720606,-1.9533644,1.1923007,0.4399011,0.9741561,0.60168517,0.8230407,1.352168
2_0,2,0,g240_r08,37.353928,-13.730055,-2.9304264,37.08622,-13.949982,-1.9376888,1.0514576,0.4839713,1.2006512,0.7282905,0.8293597,1.3212794
2_0,2,0,g240_r12,35.353928,-17.194159,-2.930426,35.12793,-16.31439,-2.3175201,1.095774,0.95645785,1.6579744,0.85777986,0.9069273,1.3770772
2_0,2,0,g255_r04,40.318653,-10.665556,-2.9304261,39.815643,-11.322704,-2.0244684,1.2270379,0.42768547,0.97780883,0.55067587,0.80077904,1.3309345
2_0,2,0,g255_r08,39.283375,-14.529257,-2.9304266,38.953293,-14.890807,-1.8716803,1.1664547,0.4738252,1.0480148,0.8537969,0.7960172,1.3038839
2_0,2,0,g255_r12,38.2481,-18.392962,-2.9304273,38.14973,-18.795244,-2.3387947,0.72217524,0.64802825,1.2376554,0.9591528,0.79601353,1.2510333
2_0,2,0,g270_r04,41.353928,-10.801851,-2.9304273,40.80065,-11.6122875,-2.1449184,1.2569588,0.35519022,0.922972,0.4853408,0.75373715,1.2806292
2_0,2,0,g270_r08,41.353928,-14.801852,-2.9304237,40.87642,-15.320495,-1.8456297,1.2937474,0.6278902,1.0006716,0.9913762,0.7883745,1.3220512
2_0,2,0,g270_r12,41.353928,-18.801851,-2.9304256,41.021458,-19.11634,-1.6916008,1.3206539,0.53915083,1.1122116,0.96159005,0.7895813,1.2960044
2_0,2,0,g285_r04,42.389206,-10.665554,-2.9304245,41.71586,-11.420893,-2.3137436,1.1850015,0.32411224,0.9057299,0.58261114,0.71807003,1.2285285
2_0,2,0,g285_r08,43.42448,-14.529258,-2.930425,42.997673,-15.012947,-2.0084705,1.12522,0.5925875,0.9864902,0.90330577,0.75290453,1.2693267
2_0,2,0,g285_r12,44.45976,-18.39296,-2.9304273,44.38234,-18.75808,-1.6151981,1.3671628,0.6844335,1.1473612,1.4237843,0.7847706,1.3138987
2_0,2,0,g300_r04,43.353928,-10.265954,-2.9304242,42.577297,-10.855496,-2.5401154,1.0502647,0.3683832,0.91269284,0.694847,0.6779243,1.1639442
2_0,2,0,g300_r08,45.353928,-13.730053,-2.930427,45.097084,-13.975912,-2.4788961,0.5747134,0.41837415,0.9876304,1.3005692,0.6858584,1.1506743
2_0,2,0,g300_r12,47.353928,-17.194157,-2.9304252,47.246216,-17.22912,-1.9239426,1.0128335,0.5116583,1.1315119,1.7060125,0.7545718,1.2602822
2_0,2,0,g315_r04,44.182354,-9.630278,-2.9304254,43.379692,-10.018824,-2.6110983,0.94720846,0.34091994,0.90712106,0.75496286,0.6584728,1.1215186
2_0,2,0,g315_r08,47.010784,-12.458705,-2.9304264,46.88231,-12.694513,-2.6639662,0.37830213,0.34633833,1.0182171,1.5310397,0.7292198,1.1620426
2_0,2,0,g315_r12,49.83921,-15.287134,-2.9304297,49.602737,-14.9521,-2.3829117,0.684064,0.5783635,1.149028,1.7540457,0.8644446,1.3256965
2_0,2,0,g330_r04,44.81803,-8.801851,-2.9304276,43.873478,-9.130631,-2.5853472,1.0579971,0.31162396,0.9068878,0.9240114,0.6874739,1.1703553
2_0,2,0,g330_r08,48.28213,-10.801852,-2.9304252,47.76513,-10.896656,-2.5369778,0.6565667,0.5893423,1.0514612,1.7769697,0.8674977,1.3236936
2_0,2,0,g330_r12,51.746235,-12.801849,-2.9304235,50.86161,-12.649481,-2.6593065,0.93769985,0.7278098,1.3435304,1.9162403,0.9060324,1.3972588
2_0,2,0,g345_r04,45.217632,-7.837128,-2.9304237,44.108513,-8.063789,-2.5512457,1.1938581,0.31938228,0.94861525,1.0936654,0.72815466,1.2361366
2_0,2,0,g345_r08,49.081337,-8.872405,-2.9304242,48.218872,-8.87126,-2.63517,0.9116041,0.63064635,1.0162505,1.9751394,0.8631164,1.3625699
2_0,2,0,g345_r12,52.945038,-9.90768,-2.930428,51.113503,-10.166671,-3.0887327,1.8565179,1.0371752,1.9504436,2.1936538,1.0695404,1.6060889
2_1,2,1,0_right,51.353928,-6.801852,-2.9304283,49.922794,-6.8223953,-2.8394299,1.4341706,0.7698711,1.3400568,2.3122714,0.8502274,1.2696851
2_1,2,1,135_fwd_left,34.28286,0.2692157,-2.9304287,33.07476,-0.046779633,-4.163006,1.7545949,0.36613977,0.5690211,1.0701922,0.6451079,1.0580298
2_1,2,1,180_left,31.353933,-6.801854,-2.9304256,29.954926,-6.66675,-2.8991718,1.4058636,0.7127441,1.0278468,1.3035755,0.6431967,1.0333492
2_1,2,1,225_back_left,34.28286,-13.872919,-2.930426,34.94624,-14.006628,-3.2383852,0.74349827,0.5929573,1.2851257,1.2291561,0.72349626,1.0530529
2_1,2,1,270_backward,41.353928,-16.801853,-2.930425,41.50024,-17.053732,-2.5904417,0.44770405,0.7831882,0.744289,0.97880393,0.61634535,0.9430959
2_1,2,1,315_back_right,48.424995,-13.872917,-2.9304233,47.70603,-13.83144,-2.8905106,0.72126424,0.47681847,1.098833,1.3364483,0.62598115,1.0062667
2_1,2,1,45_fwd_right,48.424995,0.2692162,-2.930429,47.318428,0.046049118,-2.363966,1.2630024,1.1136224,1.5399113,3.1069715,1.0738101,1.4429562
2_1,2,1,90_forward,41.353928,3.198148,-2.930426,40.533318,2.6272202,-2.5005512,1.0881873,1.3188721,1.481121,1.7520514,1.0177552,1.3525615
2_1,2,1,g000_r04,45.353928,-6.8018517,-2.9304247,45.18761,-5.804862,-2.9128962,1.0109189,0.40644994,0.691715,1.2747091,0.583081,0.9674655
2_1,2,1,g000_r08,49.353928,-6.8018527,-2.9304292,48.534615,-6.630808,-2.479949,0.9505065,0.48837057,1.2526175,2.0912542,0.7226156,1.1369272
2_1,2,1,g000_r12,53.353928,-6.8018503,-2.9304237,51.52614,-6.9822407,-2.549138,1.8758287,1.1263837,1.5653195,2.4340284,1.0300281,1.448286
2_1,2,1,g015_r04,45.217632,-5.766576,-2.930426,44.967766,-4.6706724,-3.101492,1.1369702,0.450935,0.665964,1.3866141,0.60144335,0.99397194
2_1,2,1,g015_r08,49.081337,-4.7312956,-2.930421,48.266624,-4.565531,-2.47818,0.94644415,0.6331755,1.3544139,2.4111974,0.7939373,1.1904416
2_1,2,1,g015_r12,52.945038,-3.6960225,-2.9304283,50.707886,-4.1190653,-2.579052,2.3037534,1.2913783,1.9008031,2.9607913,1.2378861,1.6506252
2_1,2,1,g030_r04,44.818035,-4.8018527,-2.9304273,44.517365,-3.6865273,-3.3372889,1.2247,0.48602283,0.6871371,1.4317374,0.6274032,1.0284692
2_1,2,1,g030_r08,48.28213,-2.801852,-2.9304276,47.52679,-2.7410088,-2.4481716,0.8982272,0.7048462,1.4153304,2.5800722,0.8391162,1.21192
2_1,2,1,g030_r12,51.746235,-0.80185294,-2.9304292,49.619537,-1.6019421,-2.3096552,2.3554926,1.42246,2.065675,3.3578193,1.3041967,1.6957678
2_1,2,1,g045_r04,44.182354,-3.9734235,-2.9304237,43.782776,-2.8687801,-3.417738,1.2717605,0.51443416,0.6997322,1.408308,0.655962,1.058258
2_1,2,1,g045_r08,47.010784,-1.1449966,-2.9304237,46.299004,-1.0742912,-2.439272,0.8676756,0.75710803,1.3098972,2.4388397,0.86081,1.2273439
2_1,2,1,g045_r12,49.83921,1.6834283,-2.9304261,48.316322,0.588892,-2.1853027,2.0180204,1.5675129,1.891995,3.4282198,1.2924792,1.6790144
2_1,2,1,g060_r04,43.353928,-3.33775,-2.930426,42.927883,-2.4396582,-3.405734,1.1018169,0.6526086,0.7123969,1.2102283,0.64716667,1.0377183
2_1,2,1,g060_r08,45.353928,0.12635292,-2.930429,44.75166,-0.13083076,-2.672701,0.7037714,0.85270715,1.0723574,2.0444202,0.86796224,1.22328
2_1,2,1,g060_r12,47.353928,3.5904546,-2.9304292,46.279655,2.457796,-1.8729086,1.8855572,1.6193165,1.7008544,3.189923,1.1967232,1.5670753
2_1,2,1,g075_r04,42.389206,-2.938149,-2.9304285,41.94692,-2.1927662,-3.3160486,0.94863933,0.57644093,0.66937697,1.1171522,0.6077834,0.985201
2_1,2,1,g075_r08,43.42448,0.9255545,-2.930428,42.86929,0.50849533,-2.829586,0.70167273,0.97539556,1.1936859,1.7631755,0.9504681,1.2616659
2_1,2,1,g075_r12,44.45976,4.7892585,-2.9304228,43.31747,3.4472294,-1.9468222,2.0182505,1.2974395,1.6535707,2.3239698,1.1770434,1.5507183
2_1,2,1,g090_r04,41.353928,-2.8018517,-2.9304254,40.865707,-2.2438965,-3.394391,0.8746069,0.4810991,0.61515003,1.0219343,0.571016,0.9341098
2_1,2,1,g090_r08,41.353928,1.1981469,-2.9304268,40.88984,1.0391827,-2.9158983,0.49077368,0.98249686,1.1041372,1.4852552,0.8390636,1.1467052
2_1,2,1,g090_r12,41.353928,5.198149,-2.930425,40.13511,4.314205,-2.070241,1.7340106,1.5633633,1.7606039,1.9327195,1.1359844,1.4954267
2_1,2,1,g105_r04,40.318653,-2.9381487,-2.9304254,39.781937,-2.5715942,-3.5133076,0.8730283,0.46815223,0.6146515,0.9587447,0.53468615,0.89695126
2_1,2,1,g105_r08,39.283375,0.9255562,-2.9304256,38.93308,0.7437687,-3.210248,0.48379186,0.916139,0.7779755,1.2304707,0.6680494,0.9932872
2_1,2,1,g105_r12,38.2481,4.789259,-2.9304264,37.692394,4.154314,-2.127077,1.1650469,1.4760375,1.5863672,1.5014923,0.9539491,1.3160627
2_1,2,1,g120_r04,39.353928,-3.3377488,-2.930425,38.80735,-3.2220469,-3.722621,0.96938556,0.4798235,0.5485554,1.0271462,0.5303678,0.90073097
2_1,2,1,g120_r08,37.35393,0.12634964,-2.930427,36.70144,-0.2733364,-4.329365,1.5945288,0.5029037,0.59044987,1.0109159,0.5576852,0.9425031
2_1,2,1,g120_r12,35.353928,3.5904543,-2.9304242,35.108192,3.1286144,-2.5717106,0.63431644,1.0174133,1.4404323,1.1542574,0.76585436,1.1247103
2_1,2,1,g135_r04,38.5255,-3.973424,-2.9304247,37.95294,-4.1236143,-3.9605303,1.1880652,0.41408786,0.6172269,1.1199769,0.53924775,0.9099113
2_1,2,1,g135_r08,35.697075,-1.1449959,-2.9304273,34.568356,-1.3611507,-4.7075896,2.1163733,0.33902723,0.5386863,1.0231302,0.6274122,1.0239682
2_1,2,1,g135_r12,32.86865,1.6834304,-2.930425,31.915691,1.263485,-3.192565,1.073871,0.65973926,0.6794271,1.1299548,0.6587218,1.0566077
2_1,2,1,g150_r04,37.889828,-4.8018513,-2.930426,37.353584,-5.046258,-3.7770567,1.0315403,0.36439052,0.6867198,1.1395407,0.5510391,0.9220254
2_1,2,1,g150_r08,34.425724,-2.8018517,-2.9304245,33.268417,-2.9890327,-4.1687384,1.7052323,0.5687487,0.5523418,1.0830684,0.6294231,1.0271457
2_1,2,1,g150_r12,30.961624,-0.80185103,-2.9304264,29.744276,-0.77303886,-3.5491714,1.365874,0.5080966,0.559441,1.1303316,0.6274537,1.0389069
2_1,2,1,g165_r04,37.490227,-5.7665753,-2.930425,36.975563,-5.862252,-3.547698,0.80935705,0.3466705,0.6706984,1.133742,0.5524164,0.92356426
2_1,2,1,g165_r08,33.626522,-4.7312984,-2.9304264,32.350113,-4.696848,-3.220479,1.3094035,0.5932335,0.5731944,1.1379515,0.5782176,0.9671154
2_1,2,1,g165_r12,29.76282,-3.696023,-2.9304252,28.680182,-3.9262333,-2.1312656,1.365195,0.67963237,0.7358923,1.0832447,0.5919606,0.97669053
2_1,2,1,g180_r04,37.353928,-6.8018527,-2.9304256,36.859848,-6.696048,-3.1745262,0.56115454,0.2932993,0.63743097,1.1414126,0.5430212,0.90691376
2_1,2,1,g180_r08,33.353928,-6.8018527,-2.9304283,32.195045,-6.5068665,-3.054882,1.2022951,0.5986162,0.8709275,1.2381779,0.5867831,0.96839553
2_1,2,1,g180_r12,29.353931,-6.801852,-2.9304264,28.069067,-7.09321,-2.2694616,1.4739879,0.77820086,1.1451275,1.298686,0.6709864,1.0560107
2_1,2,1,g195_r04,37.490227,-7.837127,-2.9304261,37.109585,-7.6318398,-2.7840347,0.45657602,0.32129717,0.6190887,1.1357836,0.55471015,0.9063413
2_1,2,1,g195_r08,33.626522,-8.872404,-2.930427,32.736942,-8.607514,-3.1285791,0.9490959,0.6131479,1.3001877,1.2258074,0.64260393,1.027849
2_1,2,1,g195_r12,29.76282,-9.90768,-2.9304302,28.72148,-9.920165,-3.2736082,1.0965016,0.7774534,1.3138599,1.5176789,0.7790612,1.1305988
2_1,2,1,g210_r04,37.889828,-8.801851,-2.9304245,37.790443,-8.54406,-2.5340805,0.48313788,0.3628552,0.59187233,1.1183131,0.5812104,0.9275019
2_1,2,1,g210_r08,34.425724,-10.801851,-2.9304264,34.161415,-10.719748,-2.9308844,0.27676785,0.56379575,1.432934,1.2292053,0.6631338,1.0016475
2_1,2,1,g210_r12,30.961624,-12.801852,-2.9304266,30.614365,-12.225851,-3.7042675,1.0252786,0.8790073,1.5257938,1.5882435,0.846569,1.1731764
2_1,2,1,g225_r04,38.5255,-9.63028,-2.9304273,38.65524,-9.401132,-2.5140657,0.4926435,0.41607285,0.599367,1.0462741,0.58667874,0.9300781
2_1,2,1,g225_r08,35.697075,-12.458706,-2.9304245,36.162346,-12.53211,-2.7904158,0.49139366,0.581321,1.0819162,1.2021582,0.65090364,0.9891352
2_1,2,1,g225_r12,32.86865,-15.287132,-2.9304273,33.45147,-15.160698,-3.5638742,0.870012,0.6978957,1.5147746,1.2593228,0.80780464,1.1609222
2_1,2,1,g240_r04,39.353928,-10.265953,-2.9304256,39.493515,-10.113239,-2.6898441,0.31730995,0.46023592,0.66978794,1.0038614,0.57564044,0.88832444
2_1,2,1,g240_r08,37.353928,-13.730055,-2.9304264,37.88154,-13.551508,-2.6953773,0.6045661,0.7796194,1.0064092,1.0821799,0.6957931,1.0375059
2_1,2,1,g240_r12,35.353928,-17.194159,-2.930426,36.308006,-16.707224,-3.1722536,1.098113,0.94502217,1.237011,1.1856999,0.85032254,1.2102324
2_1,2,1,g255_r04,40.318653,-10.665556,-2.9304261,40.297245,-10.537985,-2.8360996,0.16009429,0.41958803,0.65309924,1.0033661,0.601241,0.90641814
2_1,2,1,g255_r08,39.283375,-14.529257,-2.9304266,39.437817,-14.007534,-2.5256357,0.6781612,0.81894135,0.97255063,1.0596578,0.7270892,1.0542243
2_1,2,1,g255_r12,38.2481,-18.392962,-2.9304273,38.529137,-18.344011,-2.9389296,0.2853942,1.1609546,1.0684091,1.1275251,0.76386595,1.0611874
2_1,2,1,g270_r04,41.353928,-10.801851,-2.9304273,41.070908,-10.720192,-3.03088,0.31122229,0.4104891,0.56346,0.95023763,0.56338274,0.89161944
2_1,2,1,g270_r08,41.353928,-14.801852,-2.9304237,41.35478,-14.8496685,-2.7463102,0.19022329,0.6700813,0.64953893,0.92269623,0.56764525,0.8796231
2_1,2,1,g270_r12,41.353928,-18.801851,-2.9304256,41.50447,-19.044859,-2.4401388,0.56753606,0.9285671,0.93245614,0.97051173,0.6525453,0.9931435
2_1,2,1,g285_r04,42.389206,-10.665554,-2.9304245,41.910347,-10.699811,-3.1352663,0.5219575,0.45077974,0.6296571,0.99920684,0.5122642,0.8612432
2_1,2,1,g285_r08,43.42448,-14.529258,-2.930425,43.22027,-15.194029,-2.6589785,0.7465296,0.5269159,0.85113835,0.92976195,0.54291576,0.91110146
2_1,2,1,g285_r12,44.45976,-18.39296,-2.9304273,43.906754,-18.888739,-2.3778887,0.92569464,0.5819802,1.2268836,1.1362752,0.628022,0.9603623
2_1,2,1,g300_r04,43.353928,-10.265954,-2.9304242,42.842278,-10.235594,-3.0711937,0.5315295,0.37073138,0.6716693,1.1858128,0.49616778,0.83681554
2_1,2,1,g300_r08,45.353928,-13.730053,-2.930427,44.880943,-13.902342,-2.4972801,0.6640888,0.3920849,0.99197596,1.1452897,0.52715164,0.8893664
2_1,2,1,g300_r12,47.353928,-17.194157,-2.9304252,46.58564,-17.41179,-2.459754,0.9269099,0.560622,1.3079379,1.386622,0.63302374,1.0215887
2_1,2,1,g315_r04,44.182354,-9.630278,-2.9304254,43.83361,-9.415571,-3.0587807,0.4291805,0.25773308,0.576211,1.2193552,0.5064562,0.84579074
2_1,2,1,g315_r08,47.010784,-12.458705,-2.9304264,46.66616,-12.241701,-2.677702,0.47929707,0.42202532,1.0450637,1.2931719,0.5787643,0.9414974
2_1,2,1,g315_r12,49.83921,-15.287134,-2.9304297,49.007866,-15.592842,-2.7539673,0.9031778,0.54262984,0.97569513,1.2734032,0.64748853,1.0342851
2_1,2,1,g330_r04,44.81803,-8.801851,-2.9304276,44.639603,-8.251045,-2.9726372,0.58052194,0.35984597,0.59525263,1.1820819,0.5397714,0.89841706
2_1,2,1,g330_r08,48.28213,-10.801852,-2.9304252,47.77468,-10.4124975,-2.8126707,0.6503605,0.38433814,0.85258853,1.3685416,0.6082087,0.9910751
2_1,2,1,g330_r12,51.746235,-12.801849,-2.9304235,50.65363,-13.022148,-2.6541395,1.1483254,0.67287064,0.87786573,1.4748536,0.70084244,1.1042249
2_1,2,1,g345_r04,45.217632,-7.837128,-2.9304237,45.117195,-7.042509,-2.8738756,0.80293506,0.41157433,0.65378624,1.19376,0.5689898,0.9423669
2_1,2,1,g345_r08,49.081337,-8.872405,-2.9304242,48.364296,-8.595374,-2.6575556,0.8156907,0.40909767,1.0272592,1.720528,0.65816826,1.0671256
2_1,2,1,g345_r12,52.945038,-9.90768,-2.930428,51.561783,-10.086268,-2.5468082,1.4465312,0.9115874,1.147021,1.8804543,0.8085648,1.2172871
2_2,2,2,0_right,51.353928,-6.801852,-2.9304283,50.147976,-6.6543465,-2.710391,1.2347039,0.7369269,1.2989975,1.9845449,1.0845995,1.8207605
2_2,2,2,135_fwd_left,34.28286,0.2692157,-2.9304287,33.58981,0.556839,-3.4841604,0.9325582,0.8787219,1.4979061,1.3456581,0.9177314,1.532177
2_2,2,2,180_left,31.353933,-6.801854,-2.9304256,30.18093,-6.537821,-3.1874132,1.2295101,0.57861125,1.5357457,1.2479361,0.9432481,1.602335
2_2,2,2,225_back_left,34.28286,-13.872919,-2.930426,33.69316,-13.838213,-3.4979134,0.81914055,1.0687778,1.8224488,0.976591,0.9906174,1.6733501
2_2,2,2,270_backward,41.353928,-16.801853,-2.930425,40.44172,-16.866491,-2.6011229,0.9719786,0.56530523,1.3793114,0.90203553,1.0079641,1.676499
2_2,2,2,315_back_right,48.424995,-13.872917,-2.9304233,48.40908,-13.743441,-2.8640766,0.14635347,0.5068675,1.3800067,1.4275817,0.90011793,1.4941194
2_2,2,2,45_fwd_right,48.424995,0.2692162,-2.930429,46.207188,0.321743,-2.5845814,2.2452261,0.8514879,2.1847441,2.7206147,1.3296787,2.0815732
2_2,2,2,90_forward,41.353928,3.198148,-2.930426,39.540146,3.661705,-2.2072868,2.006893,1.1104847,1.7661564,1.5610629,1.2761837,2.0302625
2_2,2,2,g000_r04,45.353928,-6.8018517,-2.9304247,44.87457,-5.6427755,-3.5157766,1.3841529,0.70038307,1.2595166,1.1643987,0.9944092,1.6830022
2_2,2,2,g000_r08,49.353928,-6.8018527,-2.9304292,48.56804,-6.465562,-2.8292017,0.8607901,0.68455935,1.1906942,1.9819696,1.0366668,1.7365547
2_2,2,2,g000_r12,53.353928,-6.8018503,-2.9304237,51.37934,-7.2160215,-2.4698792,2.0694518,0.7205277,1.6188762,2.1136668,1.1950856,1.9703593
2_2,2,2,g015_r04,45.217632,-5.766576,-2.930426,44.655804,-4.6410627,-3.497219,1.3797411,0.7503985,1.3079711,1.2066252,1.0121678,1.7128867
2_2,2,2,g015_r08,49.081337,-4.7312956,-2.930421,48.06983,-4.559019,-3.158431,1.0510995,0.67202955,1.3659087,2.181811,1.0786927,1.7997316
2_2,2,2,g015_r12,52.945038,-3.6960225,-2.9304283,50.572495,-4.232623,-2.7282715,2.4408543,0.8763546,1.7167643,2.3961952,1.26222,2.0600362
2_2,2,2,g030_r04,44.818035,-4.8018527,-2.9304273,44.124367,-3.6741076,-3.5586615,1.4654907,0.70020604,1.3474716,1.2586292,1.0164913,1.7293582
2_2,2,2,g030_r08,48.28213,-2.801852,-2.9304276,47.038864,-2.6003828,-3.3588505,1.3303567,0.7363252,1.7211446,2.2774916,1.1520604,1.8830096
2_2,2,2,g030_r12,51.746235,-0.80185294,-2.9304292,49.085953,-1.4745445,-2.9504795,2.7440877,1.1479802,2.0596726,2.8319433,1.3287264,2.137702
2_2,2,2,g045_r04,44.182354,-3.9734235,-2.9304237,43.29525,-2.768714,-3.5747108,1.6289213,0.6557083,1.3552275,1.2793645,1.0204722,1.7466722
2_2,2,2,g045_r08,47.010784,-1.1449966,-2.9304237,45.704952,-0.89110756,-3.0846882,1.3391991,0.7435226,1.8540694,2.0111046,1.13238,1.8634003
2_2,2,2,g045_r12,49.83921,1.6834283,-2.9304261,47.488556,0.9520836,-2.6511574,2.477586,1.2351053,2.7440991,2.973761,1.4423977,2.2125134
2_2,2,2,g060_r04,43.353928,-3.33775,-2.930426,42.287865,-2.030882,-3.5440445,1.7946928,0.7400517,1.4238493,1.2341745,1.0321332,1.7688764
2_2,2,2,g060_r08,45.353928,0.12635292,-2.930429,44.07022,0.5007343,-2.9382772,1.3372083,1.0127404,1.9207424,1.4714988,1.1104313,1.8218045
2_2,2,2,g060_r12,47.353928,3.5904546,-2.9304292,45.1321,3.0682392,-2.3035984,2.3668854,0.9120557,2.6780322,2.415168,1.3972739,2.1556702
2_2,2,2,g075_r04,42.389206,-2.938149,-2.9304285,41.255344,-1.6769981,-3.5708857,1.8128234,0.8445414,1.5177859,1.0774609,1.049901,1.7945995
2_2,2,2,g075_r08,43.42448,0.9255545,-2.930428,42.073067,1.5194588,-3.066821,1.4824455,1.2990607,1.8529004,1.3648244,1.1917413,1.9328876
2_2,2,2,g075_r12,44.45976,4.7892585,-2.9304228,42.580315,4.5975037,-2.1399584,2.0479047,0.86436236,2.4289985,1.4945158,1.3089744,2.062834
2_2,2,2,g090_r04,41.353928,-2.8018517,-2.9304254,40.22376,-1.6214218,-3.5670805,1.7538605,0.81923676,1.6497592,0.9704565,1.0446624,1.7846082
2_2,2,2,g090_r08,41.353928,1.1981469,-2.9304268,39.923576,2.1591797,-3.1134787,1.7329156,1.2204442,1.7506745,1.3660158,1.207462,1.9566579
2_2,2,2,g090_r12,41.353928,5.198149,-2.930425,39.525047,5.258812,-2.0020704,2.0519078,0.8945583,1.8997837,1.6882652,1.302036,2.0490887
2_2,2,2,g105_r04,40.318653,-2.9381487,-2.9304254,39.215584,-1.9486809,-3.744217,1.6905813,0.7231495,1.6467836,1.0734628,1.0236608,1.7564301
2_2,2,2,g105_r08,39.283375,0.9255562,-2.9304256,37.98318,1.602129,-3.224701,1.4949423,1.046235,1.5614161,1.4970193,1.1270047,1.8601379
2_2,2,2,g105_r12,38.2481,4.789259,-2.9304264,36.476624,4.5346394,-2.3749247,1.8739111,1.0376322,1.8194609,1.6326796,1.222893,1.9531479
2_2,2,2,g120_r04,39.353928,-3.3377488,-2.930425,38.32266,-2.4670153,-3.8293562,1.6216565,0.66655564,1.5566121,1.0404036,0.9864128,1.7024244
2_2,2,2,g120_r08,37.35393,0.12634964,-2.930427,36.352406,0.70895386,-3.3653927,1.2376094,0.9552931,1.5305282,1.2578553,0.9897385,1.6846707
2_2,2,2,g120_r12,35.353928,3.5904543,-2.9304242,33.759556,3.2956028,-3.0587473,1.6264765,0.86301416,1.724088,1.463893,1.0381289,1.7602214
2_2,2,2,g135_r04,38.5255,-3.973424,-2.9304247,37.665886,-3.1385126,-3.873186,1.5247343,0.5560548,1.4422493,1.011011,0.969114,1.6684159
2_2,2,2,g135_r08,35.697075,-1.1449959,-2.9304273,34.87937,-0.66837883,-3.4390574,1.0744798,0.75180227,1.4787266,1.2468982,0.90592736,1.5284541
2_2,2,2,g135_r12,32.86865,1.6834304,-2.930425,31.95441,1.5273876,-3.225896,0.97338766,0.70790184,1.5584205,1.3884612,0.94033486,1.5850582
2_2,2,2,g150_r04,37.889828,-4.8018513,-2.930426,37.063053,-3.9713306,-3.9141865,1.5300672,0.5132683,1.3761787,1.0556633,0.9640986,1.6509792
2_2,2,2,g150_r08,34.425724,-2.8018517,-2.9304245,33.808712,-2.2165775,-3.5074959,1.0277457,0.60313904,1.4635688,1.2355311,0.89269674,1.5131844
2_2,2,2,g150_r12,30.961624,-0.80185103,-2.9304264,30.424236,-0.70030785,-3.119381,0.57861954,0.7852682,1.4282274,1.1800616,0.88319063,1.4683592
2_2,2,2,g165_r04,37.490227,-5.7665753,-2.930425,36.50651,-5.1775455,-3.5607233,1.3084065,0.6228936,1.279889,1.117229,0.96312493,1.6457647
2_2,2,2,g165_r08,33.626522,-4.7312984,-2.9304264,32.609978,-4.3911104,-3.203638,1.1062256,0.77004397,1.2695951,1.2660291,0.9532002,1.6161338
2_2,2,2,g165_r12,29.76282,-3.696023,-2.9304252,28.696175,-3.5745096,-3.0972643,1.0864307,0.77327216,1.2898806,1.2192338,0.93413866,1.579659
2_2,2,2,g180_r04,37.353928,-6.8018527,-2.9304256,36.3127,-6.4593964,-3.3855505,1.1868333,0.64671034,1.2292367,1.1900905,0.97428936,1.6588018
2_2,2,2,g180_r08,33.353928,-6.8018527,-2.9304283,32.136677,-6.485141,-2.9842815,1.2589306,0.58723056,1.3361537,1.3413867,0.9434348,1.6092155
2_2,2,2,g180_r12,29.353931,-6.801852,-2.9304264,28.20389,-6.637784,-3.4868164,1.2880542,0.55138886,1.6116947,1.1850518,0.94497615,1.6060721
2_2,2,2,g195_r04,37.490227,-7.837127,-2.9304261,36.47617,-7.6248693,-3.3705463,1.1256425,0.58362263,1.2171301,1.2373644,0.9695091,1.651311
2_2,2,2,g195_r08,33.626522,-8.872404,-2.930427,32.416656,-8.619686,-3.128335,1.2517222,0.46481657,1.6178623,1.1850995,0.9398655,1.5989794
2_2,2,2,g195_r12,29.76282,-9.90768,-2.9304302,28.68089,-9.761,-2.9620638,1.0922859,0.6022674,1.9932474,1.1794518,0.9742558,1.626706
2_2,2,2,g210_r04,37.889828,-8.801851,-2.9304245,36.839214,-8.667956,-3.337123,1.1345131,0.5121648,1.169967,1.1542987,0.9525632,1.6285449
2_2,2,2,g210_r08,34.425724,-10.801851,-2.9304264,33.365635,-10.750267,-3.3702564,1.1488692,0.6289996,1.8125457,1.1453754,0.9632921,1.6372917
2_2,2,2,g210_r12,30.961624,-12.801852,-2.9304266,30.089705,-12.9043665,-2.7377996,0.8988093,0.99402,2.2222304,1.2453588,0.98077327,1.635071
2_2,2,2,g225_r04,38.5255,-9.63028,-2.9304273,37.529644,-9.510896,-3.320858,1.0762993,0.48452947,1.1418065,0.94254875,0.92618734,1.5843306
2_2,2,2,g225_r08,35.697075,-12.458706,-2.9304245,34.843536,-12.509122,-3.7033672,1.1526102,0.795503,1.7003307,1.0772616,1.0026077,1.6976981
2_2,2,2,g225_r12,32.86865,-15.287132,-2.9304273,32.352676,-15.294527,-3.204218,0.58416027,1.2876905,2.0337298,0.9168251,0.9778904,1.644989
2_2,2,2,g240_r04,39.353928,-10.265953,-2.9304256,38.377968,-10.053265,-3.2404757,1.04588,0.48415652,1.1721578,0.8341889,0.91769314,1.5681357
2_2,2,2,g240_r08,37.353928,-13.730055,-2.9304264,36.422173,-13.808829,-3.4600668,1.074659,0.7350398,1.3722788,0.8172759,0.98623663,1.6692872
2_2,2,2,g240_r12,35.353928,-17.194159,-2.930426,34.76481,-17.24621,-2.99712,0.5951627,1.2785316,1.6762844,0.82092875,1.071845,1.7191039
2_2,2,2,g255_r04,40.318653,-10.665556,-2.9304261,39.335457,-10.280473,-3.2499914,1.1032162,0.4899283,1.2552559,0.74201703,0.95384514,1.6306387
2_2,2,2,g255_r08,39.283375,-14.529257,-2.9304266,38.284546,-14.571283,-3.0566893,1.0076545,0.69223183,1.4295452,0.72522646,1.0173221,1.7034353
2_2,2,2,g255_r12,38.2481,-18.392962,-2.9304273,37.441692,-18.731611,-3.1562777,0.9033193,0.9013991,1.6264123,0.79980004,1.1253252,1.8123953
2_2,2,2,g270_r04,41.353928,-10.801851,-2.9304273,40.42341,-10.280839,-3.3165026,1.1341842,0.48910955,1.313929,0.7868842,0.9644407,1.6516255
2_2,2,2,g270_r08,41.353928,-14.801852,-2.9304237,40.51332,-14.687165,-2.775012,0.86251116,0.6509252,1.2629541,0.917258,0.99271613,1.6612881
2_2,2,2,g270_r12,41.353928,-18.801851,-2.9304256,40.448112,-19.151953,-2.6336327,1.0154597,0.7317385,1.6629113,0.83189905,1.041226,1.7132778
2_2,2,2,g285_r04,42.389206,-10.665554,-2.9304245,41.573822,-9.992189,-3.3632498,1.1426324,0.49552408,1.2544683,0.9026826,0.9514945,1.6326671
2_2,2,2,g285_r08,43.42448,-14.529258,-2.930425,42.66519,-14.335334,-2.4581776,0.9149555,0.49787575,1.2389464,0.9417156,0.94800735,1.5890117
2_2,2,2,g285_r12,44.45976,-18.39296,-2.9304273,43.742466,-18.865572,-2.4713974,0.9739506,0.49291518,1.4590956,1.3653419,0.9789145,1.6213028
2_2,2,2,g300_r04,43.353928,-10.265954,-2.9304242,42.76264,-9.328028,-3.453638,1.2260005,0.460368,1.202624,0.94896144,0.9458229,1.6195709
2_2,2,2,g300_r08,45.353928,-13.730053,-2.930427,44.709892,-13.47538,-2.652297,0.74632174,0.47708663,1.2230619,1.265315,0.92258537,1.5310533
2_2,2,2,g300_r12,47.353928,-17.194157,-2.9304252,47.321503,-17.299849,-2.64678,0.30442852,0.5515701,1.3990542,1.4861351,0.94983214,1.5389684
2_2,2,2,g315_r04,44.182354,-9.630278,-2.9304254,43.840946,-8.380741,-3.5668077,1.4432198,0.4055185,1.2235869,0.96616054,0.9421743,1.6102026
2_2,2,2,g315_r08,47.010784,-12.458705,-2.9304264,46.6345,-12.058694,-2.9527388,0.549634,0.38579902,1.258884,1.3744748,0.8909042,1.4834269
2_2,2,2,g315_r12,49.83921,-15.287134,-2.9304297,49.71851,-15.178351,-2.5732403,0.39241135,0.69632006,1.4998949,1.3846529,0.9213332,1.5492507
2_2,2,2,g330_r04,44.81803,-8.801851,-2.9304276,44.502205,-7.5275,-3.5555286,1.4541212,0.46765763,1.2451893,1.0159887,0.9333925,1.589346
2_2,2,2,g330_r08,48.28213,-10.801852,-2.9304252,47.872818,-10.477829,-2.7659273,0.54734623,0.55754375,1.2744281,1.4163702,0.9265007,1.5417557
2_2,2,2,g330_r12,51.746235,-12.801849,-2.9304235,50.74221,-12.826014,-2.140709,1.2776142,0.9054608,1.3701035,1.5380318,1.0279617,1.7332507
2_2,2,2,g345_r04,45.217632,-7.837128,-2.9304237,44.819664,-6.662512,-3.468215,1.3517847,0.60079354,1.2353548,1.1039779,0.94663453,1.6146742
2_2,2,2,g345_r08,49.081337,-8.872405,-2.9304242,48.50888,-8.4554825,-2.7915516,0.72167605,0.58403254,1.2361078,1.6119555,1.0095731,1.6757874
2_2,2,2,g345_r12,52.945038,-9.90768,-2.930428,51.204178,-10.08644,-2.3672962,1.8383868,0.877279,1.4334308,1.8606393,1.1447673,1.9009844
2_9,2,9,0_right,51.353928,-6.801852,-2.9304283,49.884705,-7.2167177,-3.3045807,1.5718523,1.0835849,2.3168666,2.3067071,1.0263184,1.7031618
2_9,2,9,135_fwd_left,34.28286,0.2692157,-2.9304287,32.433777,0.32676888,-3.6966681,2.0023844,0.7929006,1.8379954,1.1316946,0.9387351,1.6045222
2_9,2,9,180_left,31.353933,-6.801854,-2.9304256,30.060547,-6.388569,-2.6819077,1.3803675,0.71040225,2.0348802,1.0821478,0.88251406,1.486377
2_9,2,9,225_back_left,34.28286,-13.872919,-2.930426,33.818417,-13.498959,-1.9111862,1.1808486,0.8181306,2.2033265,1.1370132,0.97326297,1.6250396
2_9,2,9,270_backward,41.353928,-16.801853,-2.930425,40.754433,-16.879711,-3.3468723,0.7340875,0.59274197,1.8242174,1.0832757,0.9075794,1.483332
2_9,2,9,315_back_right,48.424995,-13.872917,-2.9304233,47.44062,-13.865267,-3.3450775,1.0681717,0.6220906,1.9468907,1.3396422,0.8537903,1.4611691
2_9,2,9,45_fwd_right,48.424995,0.2692162,-2.930429,46.624626,-1.2133083,-3.8220282,2.4968295,0.98928034,2.4275444,2.4128284,1.1209457,1.8532033
2_9,2,9,90_forward,41.353928,3.198148,-2.930426,39.668663,2.2596836,-3.6871119,2.0720534,1.3672948,2.009567,1.3197446,1.0696154,1.7687936
2_9,2,9,g000_r04,45.353928,-6.8018517,-2.9304247,44.36737,-6.464717,-3.2798781,1.0995783,0.49459258,1.9560503,1.334841,0.84152764,1.4283786
2_9,2,9,g000_r08,49.353928,-6.8018527,-2.9304292,48.150986,-7.333297,-3.5449743,1.4516087,0.9707101,2.0081367,1.9537064,0.9436069,1.6105249
2_9,2,9,g000_r12,53.353928,-6.8018503,-2.9304237,51.246075,-7.6593075,-3.239953,2.2965376,1.1405303,2.672116,2.2859423,1.1851381,1.8861785
2_9,2,9,g015_r04,45.217632,-5.766576,-2.930426,44.15551,-5.513097,-3.344091,1.167679,0.5347509,1.9657749,1.3768859,0.8539442,1.4591961
2_9,2,9,g015_r08,49.081337,-4.7312956,-2.930421,47.909645,-5.5935545,-3.8055968,1.6977293,1.0229671,2.0967395,2.1193552,0.9866657,1.6754305
2_9,2,9,g015_r12,52.945038,-3.6960225,-2.9304283,50.650127,-5.0567627,-3.4842215,2.7248697,1.1702187,2.85505,2.567918,1.2704648,1.9912287
2_9,2,9,g030_r04,44.818035,-4.8018527,-2.9304273,43.684647,-4.594805,-3.5127592,1.2909487,0.47796616,1.9550099,1.4080492,0.8756224,1.5050831
2_9,2,9,g030_r08,48.28213,-2.801852,-2.9304276,46.90164,-3.8892918,-3.7307649,1.9310143,0.90360445,2.1478848,2.134561,1.0022814,1.6940477
2_9,2,9,g030_r12,51.746235,-0.80185294,-2.9304292,49.338734,-2.4316359,-3.494042,2.961404,1.1578579,2.8907838,2.7637823,1.2756435,2.0110843
2_9,2,9,g045_r04,44.182354,-3.9734235,-2.9304237,42.954918,-3.7638035,-3.6428533,1.4346064,0.43982455,1.9461948,1.4500791,0.90208703,1.5563062
2_9,2,9,g045_r08,47.010784,-1.1449966,-2.9304237,45.346565,-2.0607681,-3.7854881,2.083122,0.7278691,2.187585,1.9984058,1.0201441,1.7175574
2_9,2,9,g045_r12,49.83921,1.6834283,-2.9304261,47.784416,-0.6046734,-3.6087646,3.149243,1.1660626,2.8414817,2.669067,1.2587485,2.0073912
2_9,2,9,g060_r04,43.353928,-3.33775,-2.930426,42.006844,-3.0469913,-3.758984,1.6080065,0.411741,2.0127392,1.4106859,0.9358335,1.6133405
2_9,2,9,g060_r08,45.353928,0.12635292,-2.930429,43.621437,-0.753994,-4.016199,2.2260797,0.8012597,2.1830266,1.7806234,1.0612773,1.7805856
2_9,2,9,g060_r12,47.353928,3.5904546,-2.9304292,45.382446,1.7051907,-3.6903257,2.8316782,1.2196593,2.7351723,2.3387556,1.184568,1.9144126
2_9,2,9,g075_r04,42.389206,-2.938149,-2.9304285,40.951508,-2.6199226,-3.8738966,1.7488215,0.38038793,2.07676,1.2420225,0.9309533,1.606273
2_9,2,9,g075_r08,43.42448,0.9255545,-2.930428,41.596954,0.18041801,-3.9720283,2.2315938,1.0409524,2.055785,1.6509949,1.0847567,1.8041174
2_9,2,9,g075_r12,44.45976,4.7892585,-2.9304228,42.17096,3.08914,-3.4936724,2.9062443,1.3431121,2.265865,1.895106,1.1759797,1.9201322
2_9,2,9,g090_r04,41.353928,-2.8018517,-2.9304254,39.895607,-2.4833727,-3.8686423,1.7630595,0.37603465,2.0419984,1.1052947,0.9148128,1.5753958
2_9,2,9,g090_r08,41.353928,1.1981469,-2.9304268,39.631535,0.72694397,-3.9332585,2.0480092,1.1127557,1.9758383,1.2297918,1.0320697,1.7263933
2_9,2,9,g090_r12,41.353928,5.198149,-2.930425,39.424015,3.729559,-3.44553,2.4792445,1.4754467,2.0736172,1.4591465,1.1140472,1.8255552
2_9,2,9,g105_r04,40.318653,-2.9381487,-2.9304254,38.898647,-2.6481705,-3.7154508,1.6482624,0.36817354,2.0517905,1.0111661,0.89511275,1.5394968
2_9,2,9,g105_r08,39.283375,0.9255562,-2.9304256,37.737427,0.93585587,-3.8625226,1.805233,0.8606238,1.9752896,1.1142174,0.9633841,1.6449068
2_9,2,9,g105_r12,38.2481,4.789259,-2.9304264,36.647655,3.6980724,-3.5430737,2.0316122,1.3407372,2.1415308,1.2380961,1.0153459,1.6901499
2_9,2,9,g120_r04,39.353928,-3.3377488,-2.930425,38.036453,-3.0393162,-3.4365525,1.4425554,0.3876778,1.9981006,1.0010549,0.8913247,1.5381238
2_9,2,9,g120_r08,37.35393,0.12634964,-2.930427,35.77522,0.5017452,-4.0054674,1.9465268,0.7068525,2.0175004,1.1182897,0.95078415,1.6212821
2_9,2,9,g120_r12,35.353928,3.5904543,-2.9304242,33.77584,3.1012497,-3.932179,1.932147,1.0035801,2.058204,1.1555974,1.0127367,1.6758128
2_9,2,9,g135_r04,38.5255,-3.973424,-2.9304247,37.35239,-3.6707754,-3.2063808,1.2425528,0.5418095,1.9180918,0.9760106,0.889168,1.5287071
2_9,2,9,g135_r08,35.697075,-1.1449959,-2.9304273,34.221107,-0.75717545,-3.646442,1.6856931,0.726953,1.8437608,1.0109903,0.8925442,1.5366508
2_9,2,9,g135_r12,32.86865,1.6834304,-2.930425,30.761997,1.5470963,-3.6037445,2.2158353,0.79680765,1.8933944,1.2166626,1.005691,1.6870382
2_9,2,9,g150_r04,37.889828,-4.8018513,-2.930426,37.01059,-4.522993,-3.128478,0.9434226,0.47361517,1.863581,0.9500582,0.84708875,1.4507402
2_9,2,9,g150_r08,34.425724,-2.8018517,-2.9304245,33.328857,-2.3409472,-2.950776,1.1899427,0.61206454,1.7937372,1.0248895,0.8398996,1.4316577
2_9,2,9,g150_r12,30.961624,-0.80185103,-2.9304264,29.35543,-0.65722466,-2.5318375,1.6612186,0.6575748,1.8307414,1.1939454,0.8643325,1.4808546
2_9,2,9,g165_r04,37.490227,-5.7665753,-2.930425,36.87169,-5.5435324,-2.9803,0.65941244,0.44444776,1.8369031,0.9628997,0.815651,1.3770198
2_9,2,9,g165_r08,33.626522,-4.7312984,-2.9304264,32.707523,-4.3418455,-3.0869007,1.0103052,0.4994314,1.8443029,1.0706767,0.82802314,1.395153
2_9,2,9,g165_r12,29.76282,-3.696023,-2.9304252,28.514662,-3.709673,-2.4956808,1.3217738,0.5316819,1.9289886,1.2110107,0.8477676,1.4376264
2_9,2,9,g180_r04,37.353928,-6.8018527,-2.9304256,36.811382,-6.6689043,-2.9586535,0.55930984,0.5026674,1.8463061,1.0236646,0.811249,1.3583701
2_9,2,9,g180_r08,33.353928,-6.8018527,-2.9304283,32.370647,-6.274968,-3.0151281,1.1187588,0.5475044,1.9219092,1.0806051,0.8526714,1.4392743
2_9,2,9,g180_r12,29.353931,-6.801852,-2.9304264,28.10973,-6.655365,-2.3988733,1.3608986,0.8261902,2.0561872,1.1285758,0.92109215,1.5409757
2_9,2,9,g195_r04,37.490227,-7.837127,-2.9304261,36.87655,-7.7749844,-2.9270353,0.61682564,0.50867695,1.8649759,1.097284,0.8128065,1.3573829
2_9,2,9,g195_r08,33.626522,-8.872404,-2.930427,32.755493,-8.099156,-2.7390518,1.1803507,0.6012558,2.0248632,1.0475222,0.8653695,1.4581317
2_9,2,9,g195_r12,29.76282,-9.90768,-2.9304302,28.510118,-9.593405,-1.613553,1.8445035,1.0435477,2.193719,1.0592043,1.004695,1.6516151
2_9,2,9,g210_r04,37.889828,-8.801851,-2.9304245,37.155327,-8.703549,-2.9311247,0.7410501,0.47614062,1.870145,1.1497858,0.8192477,1.3752695
2_9,2,9,g210_r08,34.425724,-10.801851,-2.9304264,33.930862,-10.085297,-2.5300999,0.95843613,0.56419057,2.1115894,1.1025314,0.8957202,1.5006002
2_9,2,9,g210_r12,30.961624,-12.801852,-2.9304266,29.987926,-12.105322,-1.6810951,1.7303383,1.0917172,2.335728,1.1111337,1.0061976,1.6776532
2_9,2,9,g225_r04,38.5255,-9.63028,-2.9304273,37.613052,-9.532384,-3.003852,0.9206181,0.4602688,1.9022555,1.1108158,0.83513194,1.421606
2_9,2,9,g225_r08,35.697075,-12.458706,-2.9304245,35.199356,-11.984282,-2.2917042,0.93849134,0.555566,2.1239338,1.1125557,0.91344255,1.5340419
2_9,2,9,g225_r12,32.86865,-15.287132,-2.9304273,32.584785,-14.761709,-1.6232252,1.4371586,1.0665892,2.3407497,1.2182063,1.03071,1.7034148
2_9,2,9,g240_r04,39.353928,-10.265953,-2.9304256,38.303192,-10.214558,-3.0394354,1.0576245,0.43529728,1.9883869,1.0075605,0.843507,1.4442518
2_9,2,9,g240_r08,37.353928,-13.730055,-2.9304264,36.5315,-13.337535,-2.7127934,0.93692064,0.5064883,1.9888494,1.1020536,0.93329257,1.5525842
2_9,2,9,g240_r12,35.353928,-17.194159,-2.930426,34.780064,-16.920258,-1.7857351,1.3094497,0.78014714,2.1724758,1.2090364,1.0665213,1.7217572
2_9,2,9,g255_r04,40.318653,-10.665556,-2.9304261,39.201637,-10.602375,-3.1119795,1.1334363,0.4220712,1.9893693,0.98225266,0.8552667,1.4703281
2_9,2,9,g255_r08,39.283375,-14.529257,-2.9304266,38.411224,-14.135081,-3.0078354,0.960215,0.48211452,1.8902241,1.0039102,0.91836315,1.5250587
2_9,2,9,g255_r12,38.2481,-18.392962,-2.9304273,37.64666,-18.507015,-2.6700487,0.6652337,0.56116426,1.8871012,1.0697654,0.9814626,1.5713261
2_9,2,9,g270_r04,41.353928,-10.801851,-2.9304273,40.233906,-10.65764,-3.1571817,1.1518087,0.38971904,2.0094323,0.9880919,0.85227734,1.4645336
2_9,2,9,g270_r08,41.353928,-14.801852,-2.9304237,40.58664,-14.522725,-3.3088932,0.8999346,0.48209476,1.8218489,1.0661826,0.8707267,1.4599309
2_9,2,9,g270_r12,41.353928,-18.801851,-2.9304256,40.83926,-19.003893,-3.1011696,0.57866824,0.6975954,1.8490056,1.1403446,0.93765944,1.4960455
2_9,2,9,g285_r04,42.389206,-10.665554,-2.9304245,41.30062,-10.4470825,-3.1453943,1.1309108,0.40554196,1.94482,1.0813075,0.8467612,1.4544873
2_9,2,9,g285_r08,43.42448,-14.529258,-2.930425,42.660446,-14.661359,-3.2713547,0.84701365,0.5089756,1.85226,1.129107,0.85197794,1.4320933
2_9,2,9,g285_r12,44.45976,-18.39296,-2.9304273,43.67559,-18.721043,-3.1536694,0.87886024,0.58344394,1.9153416,1.2479143,0.8673718,1.4461399
2_9,2,9,g300_r04,43.353928,-10.265954,-2.9304242,42.271164,-9.963094,-3.3379946,1.195916,0.49734715,1.9228936,1.1191554,0.86325467,1.4858994
2_9,2,9,g300_r08,45.353928,-13.730053,-2.930427,44.523815,-13.464922,-3.0146322,0.87548363,0.63589907,1.8370365,1.347701,0.8396377,1.4301984
2_9,2,9,g300_r12,47.353928,-17.194157,-2.9304252,46.31577,-17.636543,-2.654377,1.1617578,0.51766866,1.9122982,1.3194208,0.84295344,1.4297786
2_9,2,9,g315_r04,44.182354,-9.630278,-2.9304254,43.118793,-9.173982,-3.3788176,1.2411375,0.642016,1.9505411,1.1334856,0.8687199,1.4980801
2_9,2,9,g315_r08,47.010784,-12.458705,-2.9304264,46.070393,-12.025917,-3.5324845,1.1975456,0.74172634,1.8514506,1.3565441,0.8627933,1.4810092
2_9,2,9,g315_r12,49.83921,-15.287134,-2.9304297,48.92507,-15.561542,-2.9220715,0.95447314,0.5983273,2.0590613,1.408832,0.85156786,1.4442312
2_9,2,9,g330_r04,44.81803,-8.801851,-2.9304276,43.79596,-8.285478,-3.2451653,1.1875741,0.5449404,1.9428216,1.1900163,0.8573186,1.4748216
2_9,2,9,g330_r08,48.28213,-10.801852,-2.9304252,47.249947,-10.62545,-3.4598527,1.1733781,0.6030631,1.9680322,1.4645172,0.8704162,1.4934218
2_9,2,9,g330_r12,51.746235,-12.801849,-2.9304235,50.57419,-13.225249,-2.8804846,1.2471787,0.96141255,2.214094,1.7012266,0.9466396,1.5702273
2_9,2,9,g345_r04,45.217632,-7.837128,-2.9304237,44.235687,-7.3756523,-3.2239633,1.1239846,0.47889975,1.9402936,1.2743012,0.84648204,1.444649
2_9,2,9,g345_r08,49.081337,-8.872405,-2.9304242,47.93078,-9.030987,-3.366077,1.2404541,0.76166147,1.9991528,1.7308836,0.8923461,1.5219607
2_9,2,9,g345_r12,52.945038,-9.90768,-2.930428,51.270645,-10.2738285,-2.791381,1.7195902,1.1144459,2.3663614,2.01872,1.0787491,1.7478564
3_0,3,0,0_right,51.353928,-6.801852,-2.9304283,50.898254,-6.750126,-1.6515999,1.3585712,0.9503071,1.6013098,0.95475525,0.74241084,1.0928091
3_0,3,0,135_fwd_left,34.28286,0.2692157,-2.9304287,34.00337,-0.24450684,-2.772663,0.6057362,0.9695138,1.4523615,0.64916074,0.59909165,0.88522047
3_0,3,0,180_left,31.353933,-6.801854,-2.9304256,31.544369,-5.8412685,-2.8605776,0.98176837,0.9675336,1.6780092,0.5847146,0.59832704,0.9526029
3_0,3,0,225_back_left,34.28286,-13.872919,-2.930426,33.640526,-13.669165,-2.2912807,0.9287709,0.8260463,1.5136013,0.8790796,0.5935823,0.9435572
3_0,3,0,270_backward,41.353928,-16.801853,-2.930425,40.85698,-16.84695,-2.6788187,0.5588354,0.68041503,1.4312624,0.6210981,0.66307676,0.9372018
3_0,3,0,315_back_right,48.424995,-13.872917,-2.9304233,48.060627,-13.72806,-2.2022686,0.82701707,0.6456755,1.4872712,0.96355355,0.56185204,0.8945559
3_0,3,0,45_fwd_right,48.424995,0.2692162,-2.930429,47.454987,-1.2729454,-1.9907112,2.0499387,1.3195518,1.9953552,0.92360723,0.83809406,1.1947161
3_0,3,0,90_forward,41.353928,3.198148,-2.930426,40.21702,1.4781551,-2.9972467,2.0628629,1.5900166,2.7035072,0.4059398,0.78473824,1.1608989
3_0,3,0,g000_r04,45.353928,-6.8018517,-2.9304247,44.564247,-7.0617256,-3.1915998,0.8714024,0.70841396,1.4647329,0.3879713,0.48677495,0.8113591
3_0,3,0,g000_r08,49.353928,-6.8018527,-2.9304292,48.823914,-6.805295,-1.7493019,1.2945998,0.8726313,1.5659139,0.8141459,0.737387,1.076568
3_0,3,0,g000_r12,53.353928,-6.8018503,-2.9304237,52.918915,-6.59793,-2.540001,0.6190716,0.9068518,1.7570026,0.9684925,0.7037694,0.97765243
3_0,3,0,g015_r04,45.217632,-5.766576,-2.930426,44.267597,-6.2056723,-3.1566725,1.0707754,0.7251004,1.3892154,0.42887667,0.52181566,0.85834014
3_0,3,0,g015_r08,49.081337,-4.7312956,-2.930421,48.332565,-5.106883,-1.6436758,1.5353951,0.9842668,1.5803038,0.9178046,0.71199787,1.0513005
3_0,3,0,g015_r12,52.945038,-3.6960225,-2.9304283,51.969685,-4.225543,-2.7286167,1.1280221,1.1001822,1.9214545,1.0499972,0.74209815,1.0716628
3_0,3,0,g030_r04,44.818035,-4.8018527,-2.9304273,43.686317,-5.2597504,-2.9864616,1.2221273,0.73252714,1.3011724,0.54482573,0.55023235,0.89039654
3_0,3,0,g030_r08,48.28213,-2.801852,-2.9304276,47.308136,-3.4840775,-1.6956825,1.7142618,1.0699384,1.6347817,0.8404481,0.7350978,1.0766982
3_0,3,0,g030_r12,51.746235,-0.80185294,-2.9304292,50.50918,-1.8593788,-2.3635664,1.7233698,1.2393883,2.0762427,1.1989741,0.84907097,1.2094152
3_0,3,0,g045_r04,44.182354,-3.9734235,-2.9304237,42.929703,-4.4271603,-2.9368,1.332311,0.7441483,1.2735828,0.65206546,0.57596445,0.9248062
3_0,3,0,g045_r08,47.010784,-1.1449966,-2.9304237,45.83103,-1.9929523,-1.7218676,1.8898287,1.3169202,1.7958496,0.78470945,0.79459,1.1600206
3_0,3,0,g045_r12,49.83921,1.6834283,-2.9304261,48.835796,0.01247406,-1.8636904,2.221903,1.3134328,2.3706043,1.2209433,0.9315545,1.3042995
3_0,3,0,g060_r04,43.353928,-3.33775,-2.930426,42.267197,-3.8907108,-3.0097284,1.2218996,0.7914313,1.3341905,0.5425919,0.5652861,0.91530925
3_0,3,0,g060_r08,45.353928,0.12635292,-2.930429,44.068504,-0.9324913,-2.1161766,1.8537722,1.5815233,1.9640119,0.6540597,0.76348263,1.1392994
3_0,3,0,g060_r12,47.353928,3.5904546,-2.9304292,46.137505,1.9938526,-1.8256674,2.2911398,1.3563113,2.7864087,0.94479275,0.9372666,1.3151423
3_0,3,0,g075_r04,42.389206,-2.938149,-2.9304285,41.60745,-3.571824,-3.1130486,1.0227604,0.7461059,1.3250542,0.43864962,0.51997584,0.86505497
3_0,3,0,g075_r08,43.42448,0.9255545,-2.930428,42.253654,-0.31303406,-2.5828123,1.7394745,1.6180265,2.065078,0.4345663,0.74542165,1.1178313
3_0,3,0,g075_r12,44.45976,4.7892585,-2.9304228,43.2657,2.851204,-2.768404,2.2821217,1.4398727,2.9709997,0.6692793,0.92449945,1.2906126
3_0,3,0,g090_r04,41.353928,-2.8018517,-2.9304254,40.758232,-3.3587637,-3.347435,0.9159154,0.69579434,1.4407967,0.42377138,0.5128587,0.8499735
3_0,3,0,g090_r08,41.353928,1.1981469,-2.9304268,40.156517,-0.143013,-2.8625631,1.7991964,1.3365808,2.1694567,0.38842243,0.7172211,1.0874114
3_0,3,0,g090_r12,41.353928,5.198149,-2.930425,40.239525,2.9405842,-3.0328417,2.5197186,1.3881959,3.1422615,0.4459526,0.9032324,1.2802079
3_0,3,0,g105_r04,40.318653,-2.9381487,-2.9304254,39.91912,-3.3809671,-3.5802917,0.882066,0.65041405,1.5740548,0.47021922,0.5051456,0.8372453
3_0,3,0,g105_r08,39.283375,0.9255562,-2.9304256,38.494087,-0.389019,-2.8445816,1.5357252,0.93862456,2.0705671,0.5576302,0.7319821,1.0738614
3_0,3,0,g105_r12,38.2481,4.789259,-2.9304264,37.46782,3.0354366,-3.4524708,1.9892867,1.1439141,2.9397776,0.63879216,0.7742231,1.1451005
3_0,3,0,g120_r04,39.353928,-3.3377488,-2.930425,39.156208,-3.5128555,-3.778163,0.8879275,0.6421548,1.6215645,0.54428804,0.48357922,0.80926573
3_0,3,0,g120_r08,37.35393,0.12634964,-2.930427,36.851036,-0.89422417,-2.7607527,1.1503322,0.86404604,1.5823082,0.57232416,0.6636952,0.98256916
3_0,3,0,g120_r12,35.353928,3.5904543,-2.9304242,34.92796,2.6487617,-3.39528,1.1332804,0.98289603,2.5217762,0.75270945,0.7203771,1.0526937
3_0,3,0,g135_r04,38.5255,-3.973424,-2.9304247,38.47872,-3.836545,-3.7037926,0.7867796,0.6416857,1.62324,0.43804115,0.47988772,0.8060182
3_0,3,0,g135_r08,35.697075,-1.1449959,-2.9304273,35.52289,-1.6341496,-3.17698,0.5748048,0.7138018,1.4629908,0.5842367,0.5203092,0.8265805
3_0,3,0,g135_r12,32.86865,1.6834304,-2.930425,32.544487,1.0322151,-2.6365786,0.784543,0.97408193,1.6655443,0.6988488,0.66582215,0.9731853
3_0,3,0,g150_r04,37.889828,-4.8018513,-2.930426,37.952076,-4.37836,-3.6528702,0.8397295,0.64873284,1.6626632,0.35541892,0.48169586,0.8057184
3_0,3,0,g150_r08,34.425724,-2.8018517,-2.9304245,34.55622,-2.541051,-3.5749836,0.70746243,0.650267,1.5902694,0.57090694,0.5275338,0.8606521
3_0,3,0,g150_r12,30.961624,-0.80185103,-2.9304264,30.909313,-0.38045502,-2.7967815,0.4451651,0.708531,1.589819,0.7316053,0.5759428,0.8924272
3_0,3,0,g165_r04,37.490227,-5.7665753,-2.930425,37.61017,-5.336834,-3.7227602,0.9093178,0.67078954,1.796513,0.34466195,0.4955074,0.8205844
3_0,3,0,g165_r08,33.626522,-4.7312984,-2.9304264,34.13187,-4.0935097,-3.5174704,1.0033803,0.7928077,1.7545627,0.5387503,0.5471942,0.8891326
3_0,3,0,g165_r12,29.76282,-3.696023,-2.9304252,29.889362,-2.7378426,-2.6020908,1.0207479,0.9418945,1.7023574,0.63293606,0.6162853,0.962109
3_0,3,0,g180_r04,37.353928,-6.8018527,-2.9304256,37.520412,-6.3016176,-3.473919,0.7571904,0.6797869,1.7330338,0.39988962,0.52680165,0.853043
3_0,3,0,g180_r08,33.353928,-6.8018527,-2.9304283,33.807144,-5.749258,-3.311163,1.207609,0.9276617,1.7109774,0.63840324,0.60681385,0.9592192
3_0,3,0,g180_r12,29.353931,-6.801852,-2.9304264,29.21393,-6.064699,-2.507718,0.8612069,0.92173105,1.6981993,0.59657234,0.6165017,0.97081906
3_0,3,0,g195_r04,37.490227,-7.837127,-2.9304261,37.599945,-7.2283716,-3.4397736,0.80128413,0.6709514,1.5415932,0.41148207,0.56564057,0.90087485
3_0,3,0,g195_r08,33.626522,-8.872404,-2.930427,34.00126,-8.013325,-2.6524448,0.97760886,0.83599234,1.5608829,0.7381287,0.5448604,0.8909329
3_0,3,0,g195_r12,29.76282,-9.90768,-2.9304302,29.613564,-9.043513,-2.498231,0.9776793,0.8363149,1.9068329,0.6027332,0.6145761,0.9704236
3_0,3,0,g210_r04,37.889828,-8.801851,-2.9304245,37.794453,-8.28014,-3.272626,0.6311743,0.67900085,1.4374241,0.39701617,0.58150566,0.90760136
3_0,3,0,g210_r08,34.425724,-10.801851,-2.9304264,34.48502,-10.332232,-2.4931002,0.644447,0.7533762,1.5612814,0.7309159,0.56456864,0.90595967
3_0,3,0,g210_r12,30.961624,-12.801852,-2.9304266,30.415764,-12.365412,-2.2606716,0.9679956,0.8465525,1.97726,0.87515444,0.6033651,0.9600522
3_0,3,0,g225_r04,38.5255,-9.63028,-2.9304273,38.29339,-9.230107,-3.1103754,0.49638242,0.6806837,1.346283,0.40067884,0.545165,0.8587297
3_0,3,0,g225_r08,35.697075,-12.458706,-2.9304245,35.370605,-12.168831,-2.2690592,0.79247326,0.7720182,1.4585308,0.67475873,0.56775486,0.9022363
3_0,3,0,g225_r12,32.86865,-15.287132,-2.9304273,31.818804,-15.084532,-1.9750423,1.4338694,0.8812738,1.7897261,1.0228295,0.65685374,1.0161284
3_0,3,0,g240_r04,39.353928,-10.265953,-2.9304256,39.046364,-9.934655,-3.1531925,0.5039631,0.65482837,1.2822852,0.2536254,0.5085036,0.8200326
3_0,3,0,g240_r08,37.353928,-13.730055,-2.9304264,37.11373,-13.602381,-2.151372,0.8251792,0.85113394,1.2982872,0.4069479,0.5671456,0.8826179
3_0,3,0,g240_r12,35.353928,-17.194159,-2.930426,34.439877,-17.090385,-1.8941708,1.3856705,1.0639213,1.8369753,0.74879533,0.6854464,1.0338467
3_0,3,0,g255_r04,40.318653,-10.665556,-2.9304261,39.995983,-10.322343,-3.2159958,0.5508731,0.6262017,1.265998,0.24987207,0.4936492,0.80326104
3_0,3,0,g255_r08,39.283375,-14.529257,-2.9304266,38.873466,-14.549744,-2.2303257,0.811533,0.7345728,1.2869045,0.33790818,0.5965021,0.9137787
3_0,3,0,g255_r12,38.2481,-18.392962,-2.9304273,37.575684,-18.259853,-2.1707706,1.023201,1.0485082,1.316883,0.62975585,0.66455877,0.9806392
3_0,3,0,g270_r04,41.353928,-10.801851,-2.9304273,40.94349,-10.604905,-3.307705,0.5912579,0.6196394,1.2802927,0.28250748,0.472361,0.77619714
3_0,3,0,g270_r08,41.353928,-14.801852,-2.9304237,40.879044,-14.778254,-2.822402,0.48758635,0.6801992,1.4012635,0.57831943,0.63800335,0.8990928
3_0,3,0,g270_r12,41.353928,-18.801851,-2.9304256,40.746605,-18.979612,-2.416685,0.81508845,0.724156,1.4738466,0.6149033,0.6903026,1.002299
3_0,3,0,g285_r04,42.389206,-10.665554,-2.9304245,41.845905,-10.773258,-3.3209057,0.67768085,0.6176172,1.2591983,0.5269811,0.46671185,0.7642599
3_0,3,0,g285_r08,43.42448,-14.529258,-2.930425,43.11754,-14.329407,-3.0669641,0.39089227,0.6970265,1.4423763,0.56164247,0.557948,0.8386286
3_0,3,0,g285_r12,44.45976,-18.39296,-2.9304273,44.23271,-18.688047,-2.5286264,0.5477874,0.8479887,1.5128739,0.745094,0.68242073,0.9642459
3_0,3,0,g300_r04,43.353928,-10.265954,-2.9304242,42.744843,-10.443996,-3.4531898,0.8221725,0.6398733,1.2642319,0.5252243,0.46400133,0.77731746
3_0,3,0,g300_r08,45.353928,-13.730053,-2.930427,45.09516,-13.779391,-2.6887102,0.35752097,0.6879912,1.4069253,0.58472663,0.50424474,0.8088587
3_0,3,0,g300_r12,47.353928,-17.194157,-2.9304252,47.190857,-17.282125,-2.0805273,0.8698603,0.77218336,1.6191276,1.09105,0.6558133,0.95955193
3_0,3,0,g315_r04,44.182354,-9.630278,-2.9304254,43.559635,-9.72223,-3.335065,0.74830943,0.6312321,1.3190304,0.4831253,0.4728281,0.7845534
3_0,3,0,g315_r08,47.010784,-12.458705,-2.9304264,46.705128,-12.479697,-2.4450693,0.57396686,0.6176888,1.4517976,0.7212423,0.51286906,0.83674675
3_0,3,0,g315_r12,49.83921,-15.287134,-2.9304297,49.552864,-14.9013405,-2.329648,0.7692657,0.65560514,1.5932038,0.9423522,0.5991886,0.92078644
3_0,3,0,g330_r04,44.81803,-8.801851,-2.9304276,44.17742,-8.844994,-3.1649275,0.683544,0.66694784,1.4399406,0.4242626,0.47495374,0.7832823
3_0,3,0,g330_r08,48.28213,-10.801852,-2.9304252,47.978146,-10.628218,-2.2814846,0.73734665,0.6409157,1.5610627,0.6771974,0.530293,0.8610144
3_0,3,0,g330_r12,51.746235,-12.801849,-2.9304235,51.855217,-11.991974,-1.7586203,1.4286001,0.69693696,1.6716431,0.68879056,0.7236055,1.0534863
3_0,3,0,g345_r04,45.217632,-7.837128,-2.9304237,44.511696,-7.9859114,-3.1845274,0.76488644,0.7070063,1.4973094,0.3999423,0.46952084,0.78498787
3_0,3,0,g345_r08,49.081337,-8.872405,-2.9304242,48.816223,-8.68381,-2.0143995,0.9720877,0.72641057,1.7267884,0.6654123,0.6805547,1.0044653
3_0,3,0,g345_r12,52.945038,-9.90768,-2.930428,52.924183,-9.231887,-1.9123459,1.2221383,0.81484455,1.6799409,0.7875642,0.7122959,1.0303245
3_1,3,1,0_right,51.353928,-6.801852,-2.9304283,50.46506,-5.526063,-3.200406,1.5781666,1.08445,1.7194453,1.4120347,0.81359524,1.247003
3_1,3,1,135_fwd_left,34.28286,0.2692157,-2.9304287,33.400723,0.4316311,-3.631794,1.1386212,0.8094738,1.0745524,0.92993736,0.59751165,1.001621
3_1,3,1,180_left,31.353933,-6.801854,-2.9304256,30.088104,-6.568137,-4.319023,1.8934492,0.8313742,0.9141834,0.8599195,0.677577,1.1111115
3_1,3,1,225_back_left,34.28286,-13.872919,-2.930426,34.090775,-13.715471,-4.539711,1.6283382,0.89764816,1.5758858,0.82817626,0.6428734,1.0666871
3_1,3,1,270_backward,41.353928,-16.801853,-2.930425,40.566452,-17.586416,-3.295454,1.1700014,0.8826219,1.2154787,0.7104888,0.718373,1.1151953
3_1,3,1,315_back_right,48.424995,-13.872917,-2.9304233,47.628456,-13.857432,-2.8854017,0.7979609,0.85505706,0.9341918,1.3408229,0.64388335,1.01506
3_1,3,1,45_fwd_right,48.424995,0.2692162,-2.930429,47.163654,0.5157623,-3.396021,1.3669462,0.9331069,2.2071285,1.3243877,0.9396904,1.3798983
3_1,3,1,90_forward,41.353928,3.198148,-2.930426,40.405235,2.33667,-2.7140284,1.2996113,1.4082562,1.8446531,0.9504255,0.98428875,1.3465215
3_1,3,1,g000_r04,45.353928,-6.8018517,-2.9304247,44.491882,-7.297882,-3.4125748,1.1052768,0.94319254,0.78742534,0.81089866,0.6275522,1.0375152
3_1,3,1,g000_r08,49.353928,-6.8018527,-2.9304292,48.627495,-6.203514,-3.528267,1.1149545,1.011951,1.3500881,1.3017036,0.7635189,1.1677634
3_1,3,1,g000_r12,53.353928,-6.8018503,-2.9304237,52.390354,-5.50895,-3.087119,1.6200674,1.1076865,2.024078,1.2749113,0.8824335,1.3101482
3_1,3,1,g015_r04,45.217632,-5.766576,-2.930426,44.349926,-6.2218237,-3.3110323,1.0512022,0.98071665,0.83960444,0.8318599,0.61155325,1.0243471
3_1,3,1,g015_r08,49.081337,-4.7312956,-2.930421,48.48281,-4.13291,-3.6354742,1.1015438,1.0350025,1.699587,1.3994011,0.8018955,1.2276591
3_1,3,1,g015_r12,52.945038,-3.6960225,-2.9304283,52.08913,-2.6639242,-3.1690693,1.3618935,1.1412736,2.5573213,1.4255786,0.9588638,1.4038708
3_1,3,1,g030_r04,44.818035,-4.8018527,-2.9304273,43.96765,-5.1895924,-3.3973866,1.0447705,1.0339929,0.9671364,0.8368711,0.6103159,1.0262136
3_1,3,1,g030_r08,48.28213,-2.801852,-2.9304276,47.296646,-2.3651466,-3.6740236,1.3095143,0.9624313,1.9193841,1.2738333,0.836621,1.2725439
3_1,3,1,g030_r12,51.746235,-0.80185294,-2.9304292,50.79111,-0.16824532,-3.1389084,1.1649823,1.1176834,2.8732831,1.6279005,1.0015007,1.448472
3_1,3,1,g045_r04,44.182354,-3.9734235,-2.9304237,43.35292,-4.2647514,-3.5378895,1.0685722,1.1011429,1.0662158,0.81384003,0.62777245,1.0503507
3_1,3,1,g045_r08,47.010784,-1.1449966,-2.9304237,45.683838,-0.9460602,-3.836296,1.6189401,0.91846913,1.838995,0.9570047,0.8636055,1.3126839
3_1,3,1,g045_r12,49.83921,1.6834283,-2.9304261,48.87027,1.6697407,-2.9367733,0.9690582,1.0426018,2.8796992,1.5823569,1.0425849,1.4588413
3_1,3,1,g060_r04,43.353928,-3.33775,-2.930426,42.642536,-3.5532713,-3.6063318,1.004677,1.1205225,1.1176814,0.7359522,0.62200576,1.0387349
3_1,3,1,g060_r08,45.353928,0.12635292,-2.930429,44.064434,0.079164505,-3.9974756,1.6743981,0.9165748,1.8231298,0.76951885,0.853474,1.3033441
3_1,3,1,g060_r12,47.353928,3.5904546,-2.9304292,46.00306,3.0785084,-2.7967863,1.4507909,1.0381981,2.3338919,1.108251,1.019123,1.4449596
3_1,3,1,g075_r04,42.389206,-2.938149,-2.9304285,41.81835,-3.241064,-3.5217056,0.8759228,1.1289649,1.0864754,0.7758568,0.5807742,0.9844633
3_1,3,1,g075_r08,43.42448,0.9255545,-2.930428,42.528797,0.5958996,-3.7666569,1.2689364,1.0391306,1.9364293,0.77693087,0.86828285,1.278693
3_1,3,1,g075_r12,44.45976,4.7892585,-2.9304228,43.312042,4.090868,-2.9482336,1.3436219,1.2489791,2.1629643,0.86967945,1.1980298,1.5617611
3_1,3,1,g090_r04,41.353928,-2.8018517,-2.9304254,40.746376,-3.1240292,-3.269373,0.76668286,1.074066,0.9914396,0.7144379,0.55039114,0.9424893
3_1,3,1,g090_r08,41.353928,1.1981469,-2.9304268,40.68521,0.5375309,-3.1180353,0.9585365,1.0756525,1.5240837,0.94691014,0.7956574,1.168795
3_1,3,1,g090_r12,41.353928,5.198149,-2.930425,40.392025,3.9284782,-2.575801,1.6318944,1.6233591,2.1549635,1.0036942,1.1393439,1.5085651
3_1,3,1,g105_r04,40.318653,-2.9381487,-2.9304254,39.65409,-3.009781,-3.236948,0.7353436,0.9746161,0.9867686,0.7303788,0.5411389,0.9253986
3_1,3,1,g105_r08,39.283375,0.9255562,-2.9304256,38.793293,0.42649078,-2.6549244,0.75176287,0.93601555,1.180654,0.8305643,0.6340425,1.0145315
3_1,3,1,g105_r12,38.2481,4.789259,-2.9304264,37.453636,3.858715,-2.2916965,1.3802395,1.3603493,1.6766498,0.80232024,0.86613286,1.274013
3_1,3,1,g120_r04,39.353928,-3.3377488,-2.930425,38.652977,-3.2382755,-3.4746408,0.8929713,0.8410171,0.94991046,0.6754362,0.5419317,0.929824
3_1,3,1,g120_r08,37.35393,0.12634964,-2.930427,36.91543,0.10795593,-2.9663076,0.44035313,0.9108472,1.1457652,0.8131707,0.548046,0.9219163
3_1,3,1,g120_r12,35.353928,3.5904543,-2.9304242,34.725975,3.4155884,-2.7118387,0.68751884,1.3258634,1.4615204,0.902774,0.7330496,1.1136508
3_1,3,1,g135_r04,38.5255,-3.973424,-2.9304247,37.891663,-3.7105112,-3.546424,0.92213315,0.77093035,0.9051652,0.66611046,0.552978,0.94604576
3_1,3,1,g135_r08,35.697075,-1.1449959,-2.9304273,34.728554,-0.7146549,-3.762762,1.3475933,0.7770811,1.0591158,0.8802814,0.6044327,1.0149078
3_1,3,1,g135_r12,32.86865,1.6834304,-2.930425,31.999317,1.7068348,-3.4665174,1.0216066,0.9297062,1.1535453,1.0395929,0.6229068,1.0244203
3_1,3,1,g150_r04,37.889828,-4.8018513,-2.930426,37.2324,-4.444975,-3.7496052,1.1093367,0.7379383,0.92412823,0.66166705,0.57178146,0.9749739
3_1,3,1,g150_r08,34.425724,-2.8018517,-2.9304245,33.326313,-2.0019436,-4.0405865,1.7552828,0.7745817,0.8354332,0.8588594,0.6622722,1.0949982
3_1,3,1,g150_r12,30.961624,-0.80185103,-2.9304264,29.930481,-0.3750248,-3.9262247,1.4956775,0.7681729,1.1398482,1.0614766,0.66719866,1.0970925
3_1,3,1,g165_r04,37.490227,-5.7665753,-2.930425,36.80531,-5.3945475,-3.897459,1.2420434,0.73684216,0.827304,0.6511977,0.5956639,1.0027422
3_1,3,1,g165_r08,33.626522,-4.7312984,-2.9304264,32.337822,-4.0173817,-4.1647263,1.9219577,0.75803614,0.8078414,0.7676798,0.7042913,1.145267
3_1,3,1,g165_r12,29.76282,-3.696023,-2.9304252,28.292383,-3.401947,-3.6708488,1.6723906,0.80404514,0.86770284,1.0037861,0.72193515,1.1643995
3_1,3,1,g180_r04,37.353928,-6.8018527,-2.9304256,36.691135,-6.4608335,-4.052291,1.346911,0.81778055,0.7128416,0.6864894,0.60279363,1.0139215
3_1,3,1,g180_r08,33.353928,-6.8018527,-2.9304283,32.28766,-6.260787,-4.471775,1.9507515,0.7882277,0.76234907,0.8790627,0.6653356,1.0847993
3_1,3,1,g180_r12,29.353931,-6.801852,-2.9304264,27.916183,-6.88107,-3.999672,1.7935107,0.86986226,0.9757993,0.9098619,0.6800813,1.1112701
3_1,3,1,g195_r04,37.490227,-7.837127,-2.9304261,36.91695,-7.548893,-4.1356277,1.3653703,0.8723625,0.7127787,0.7270796,0.59514034,1.0014079
3_1,3,1,g195_r08,33.626522,-8.872404,-2.930427,32.874027,-8.48156,-4.6871867,1.9506953,0.8483852,1.0804069,0.9172208,0.7009964,1.1385151
3_1,3,1,g195_r12,29.76282,-9.90768,-2.9304302,28.814514,-9.836461,-3.6374416,1.1849978,0.904158,1.1389185,0.9143105,0.66544676,1.0769705
3_1,3,1,g210_r04,37.889828,-8.801851,-2.9304245,37.418983,-8.516458,-4.2258415,1.4075686,0.9080515,0.7622784,0.72608864,0.5977991,1.0091691
3_1,3,1,g210_r08,34.425724,-10.801851,-2.9304264,33.984245,-10.573746,-4.8331733,1.9665658,0.8841487,1.3211567,0.7267564,0.68538886,1.1196073
3_1,3,1,g210_r12,30.961624,-12.801852,-2.9304266,30.591627,-12.707384,-3.874133,1.0180393,0.8966775,1.4032826,0.8887609,0.65552086,1.0623062
3_1,3,1,g225_r04,38.5255,-9.63028,-2.9304273,38.050835,-9.388675,-4.206856,1.3830947,0.97791535,0.7737246,0.7009307,0.60049045,1.019118
3_1,3,1,g225_r08,35.697075,-12.458706,-2.9304245,35.436928,-12.222487,-4.859654,1.9609697,0.9160754,1.4479302,0.7068105,0.67082393,1.1035208
3_1,3,1,g225_r12,32.86865,-15.287132,-2.9304273,32.875103,-15.13396,-4.1308355,1.2101583,0.9045148,1.6978471,0.9536491,0.6456828,1.0527608
3_1,3,1,g240_r04,39.353928,-10.265953,-2.9304256,38.681236,-10.13449,-3.9867172,1.2591854,1.0193148,0.77054036,0.7213805,0.5924084,1.0073143
3_1,3,1,g240_r08,37.353928,-13.730055,-2.9304264,36.915775,-13.710659,-4.492938,1.6228975,0.9816804,1.4276386,0.77211773,0.67464066,1.1026068
3_1,3,1,g240_r12,35.353928,-17.194159,-2.930426,35.10013,-17.298275,-3.6312666,0.7526168,0.9532607,1.4822131,0.91170764,0.6719684,1.0602614
3_1,3,1,g255_r04,40.318653,-10.665556,-2.9304261,39.486156,-10.638355,-3.5608797,1.044635,0.9866802,0.78531873,0.7820368,0.5708872,0.97802186
3_1,3,1,g255_r08,39.283375,-14.529257,-2.9304266,38.45887,-14.781625,-3.692565,1.1508052,0.93598515,1.3731596,0.903714,0.68253976,1.0967574
3_1,3,1,g255_r12,38.2481,-18.392962,-2.9304273,37.338417,-19.3779,-3.022503,1.3439136,0.91707885,1.3952137,0.941793,0.7088681,1.1191156
3_1,3,1,g270_r04,41.353928,-10.801851,-2.9304273,40.43282,-10.943678,-3.3297405,1.0139064,0.9570799,0.75684637,0.8079425,0.5615625,0.9638782
3_1,3,1,g270_r08,41.353928,-14.801852,-2.9304237,40.368084,-15.674728,-3.3131542,1.3712342,0.8991831,1.0371892,0.77688926,0.65877956,1.071704
3_1,3,1,g270_r12,41.353928,-18.801851,-2.9304256,40.770393,-19.632977,-3.2631683,1.0686436,0.9077101,1.2831205,0.67198235,0.72000545,1.1155691
3_1,3,1,g285_r04,42.389206,-10.665554,-2.9304245,41.407307,-11.019978,-3.4508371,1.1664354,0.8100033,0.77918106,0.7754763,0.5751829,0.9841468
3_1,3,1,g285_r08,43.42448,-14.529258,-2.930425,42.729366,-15.111664,-3.070197,0.91756016,0.798307,0.9242585,0.72508526,0.6300728,1.0170228
3_1,3,1,g285_r12,44.45976,-18.39296,-2.9304273,43.79343,-19.082895,-3.2375984,1.0071539,0.8331806,1.0492829,1.081013,0.6783924,1.0494651
3_1,3,1,g300_r04,43.353928,-10.265954,-2.9304242,42.469482,-10.660248,-3.526885,1.137311,0.7410049,0.7571809,0.7630933,0.5779056,0.9859918
3_1,3,1,g300_r08,45.353928,-13.730053,-2.930427,44.75454,-14.136281,-3.023489,0.73003274,0.7637374,0.7382437,1.0248954,0.5985339,0.9704098
3_1,3,1,g300_r12,47.353928,-17.194157,-2.9304252,46.63446,-17.225914,-2.816702,0.7290915,0.82167053,0.92651993,1.3534302,0.67676514,1.033237
3_1,3,1,g315_r04,44.182354,-9.630278,-2.9304254,43.4124,-10.059766,-3.461173,1.0290692,0.75126183,0.78445894,0.7810857,0.5802916,0.98715425
3_1,3,1,g315_r08,47.010784,-12.458705,-2.9304264,46.295006,-12.877385,-3.1859999,0.8677266,0.82031196,0.79974705,1.2251412,0.6314891,1.0068156
3_1,3,1,g315_r12,49.83921,-15.287134,-2.9304297,49.037537,-14.68116,-2.5818195,1.0636799,0.8506681,1.0589293,1.316336,0.6670713,1.044882
3_1,3,1,g330_r04,44.81803,-8.801851,-2.9304276,44.051582,-9.341508,-3.4415426,1.0676665,0.76980704,0.86820024,0.80004746,0.6100255,1.0209751
3_1,3,1,g330_r08,48.28213,-10.801852,-2.9304252,47.421555,-10.889063,-3.1353874,0.88893604,0.8977943,0.96793187,1.2616808,0.68574715,1.0577787
3_1,3,1,g330_r12,51.746235,-12.801849,-2.9304235,51.06613,-11.735109,-2.5990286,1.3077834,0.856314,1.0877442,1.1712257,0.7022897,1.0817187
3_1,3,1,g345_r04,45.217632,-7.837128,-2.9304237,44.367203,-8.401608,-3.414505,1.1296916,0.8334351,0.823913,0.80001014,0.6308301,1.0442433
3_1,3,1,g345_r08,49.081337,-8.872405,-2.9304242,48.227287,-8.507511,-3.236845,0.97797865,0.99107754,1.1217747,1.2058116,0.75167185,1.1262386
3_1,3,1,g345_r12,52.945038,-9.90768,-2.930428,51.99718,-8.54218,-2.7164354,1.6759517,0.9837591,1.4768586,1.1388621,0.78622377,1.190663
3_2,3,2,0_right,51.353928,-6.801852,-2.9304283,50.49533,-6.515662,-2.6756554,0.94021404,0.45880318,2.208356,1.5755547,1.1386467,1.8891025
3_2,3,2,135_fwd_left,34.28286,0.2692157,-2.9304287,33.392097,-0.1311779,-3.2215176,1.0190707,0.48807886,2.1225073,0.9836323,1.0727682,1.7922066
3_2,3,2,180_left,31.353933,-6.801854,-2.9304256,30.887165,-6.619355,-3.924942,1.1136612,0.54028136,2.2666857,0.9408483,1.1237435,1.8988233
3_2,3,2,225_back_left,34.28286,-13.872919,-2.930426,33.869728,-14.668069,-4.003254,1.3978201,0.9999198,2.0887384,1.1011719,1.1307635,1.8803552
3_2,3,2,270_backward,41.353928,-16.801853,-2.930425,41.41788,-17.495438,-2.8957558,0.69738895,0.44628578,1.9213396,1.1260521,0.98225415,1.6373122
3_2,3,2,315_back_right,48.424995,-13.872917,-2.9304233,47.549313,-14.519939,-3.0958958,1.1012899,0.46072942,1.917939,1.2877697,1.0055137,1.708522
3_2,3,2,45_fwd_right,48.424995,0.2692162,-2.930429,46.95569,0.13772011,-3.0078669,1.4772105,1.0797132,2.665877,1.8606468,1.3644469,2.13748
3_2,3,2,90_forward,41.353928,3.198148,-2.930426,40.017097,1.7579308,-3.6688862,2.0992055,1.1147128,2.909579,1.6891,1.3573679,2.1501303
3_2,3,2,g000_r04,45.353928,-6.8018517,-2.9304247,44.190804,-6.625946,-4.49928,1.9608945,0.4191539,2.3492308,1.0259284,1.045982,1.8013668
3_2,3,2,g000_r08,49.353928,-6.8018527,-2.9304292,48.548615,-6.6007404,-3.295909,0.9069458,0.5134578,2.0107415,1.5169225,1.0861324,1.7925584
3_2,3,2,g000_r12,53.353928,-6.8018503,-2.9304237,52.374237,-6.4015102,-2.2389956,1.264175,0.63728166,2.6575713,1.7810199,1.3009462,2.0659585
3_2,3,2,g015_r04,45.217632,-5.766576,-2.930426,44.072876,-5.4874916,-4.402343,1.8854427,0.4601749,2.4279637,0.98307085,1.0412623,1.7936562
3_2,3,2,g015_r08,49.081337,-4.7312956,-2.930421,48.11652,-4.541641,-3.19761,1.018936,0.48360544,2.1175828,1.674443,1.1411206,1.8648207
3_2,3,2,g015_r12,52.945038,-3.6960225,-2.9304283,51.431442,-3.3145504,-2.3019762,1.6826897,0.581449,3.056809,1.848051,1.3751967,2.1657515
3_2,3,2,g030_r04,44.818035,-4.8018527,-2.9304273,43.650375,-4.452751,-4.218712,1.7734087,0.46490318,2.516441,0.99070746,1.031873,1.7788628
3_2,3,2,g030_r08,48.28213,-2.801852,-2.9304276,46.998806,-2.735466,-3.0058594,1.2872531,0.67476326,2.266026,1.7612323,1.2107327,1.9402413
3_2,3,2,g030_r12,51.746235,-0.80185294,-2.9304292,50.001507,-0.7493248,-2.8587694,1.746989,0.706784,3.095037,1.9395989,1.3638687,2.1834822
3_2,3,2,g045_r04,44.182354,-3.9734235,-2.9304237,42.965305,-3.6632214,-4.15586,1.754744,0.49384153,2.5668128,1.0193145,1.032818,1.7848582
3_2,3,2,g045_r08,47.010784,-1.1449966,-2.9304237,45.452232,-1.2907562,-3.1805754,1.5852146,1.0259202,2.4094362,1.6620626,1.2688606,1.9925287
3_2,3,2,g045_r12,49.83921,1.6834283,-2.9304261,47.88376,1.3141308,-2.932724,1.9900197,1.0069711,3.1101332,1.9401196,1.4061077,2.2296278
3_2,3,2,g060_r04,43.353928,-3.33775,-2.930426,42.058434,-3.0429754,-4.1170406,1.7813623,0.5192979,2.5436528,1.0146921,1.0527912,1.8155313
3_2,3,2,g060_r08,45.353928,0.12635292,-2.930429,43.74479,-0.23888206,-3.645628,1.7983973,1.300413,2.7312884,1.4209517,1.2778038,2.0287907
3_2,3,2,g060_r12,47.353928,3.5904546,-2.9304292,45.79032,2.8496628,-2.8468342,1.7322313,1.3626136,3.284701,1.9066824,1.4713339,2.2530172
3_2,3,2,g075_r04,42.389206,-2.938149,-2.9304285,41.071484,-2.705989,-3.9984808,1.712024,0.48857298,2.4601138,0.9095119,1.019724,1.7602084
3_2,3,2,g075_r08,43.42448,0.9255545,-2.930428,41.869274,0.1807003,-3.5091114,1.8188868,1.2009189,2.8171675,1.3897574,1.3056718,2.060927
3_2,3,2,g075_r12,44.45976,4.7892585,-2.9304228,43.32834,3.573368,-3.1809788,1.6796664,1.3281924,3.5209975,1.448115,1.4851605,2.2545416
3_2,3,2,g090_r04,41.353928,-2.8018517,-2.9304254,40.14702,-2.6857195,-3.9162521,1.5626806,0.43223462,2.3645508,0.87568384,1.008051,1.7380068
3_2,3,2,g090_r08,41.353928,1.1981469,-2.9304268,39.891823,0.15703201,-3.3817663,1.8507776,0.8463763,2.6692638,1.5060896,1.2520218,2.011899
3_2,3,2,g090_r12,41.353928,5.198149,-2.930425,40.066364,3.629036,-3.4878378,2.1049097,1.2571458,3.28045,1.6590995,1.401799,2.2017887
3_2,3,2,g105_r04,40.318653,-2.9381487,-2.9304254,39.30599,-2.9346905,-3.982607,1.4603382,0.36496753,2.3033512,0.79878914,0.9995089,1.7206511
3_2,3,2,g105_r08,39.283375,0.9255562,-2.9304256,38.19818,-0.13838768,-3.2471352,1.5523938,0.5173255,2.4603515,1.2539128,1.1706967,1.9141898
3_2,3,2,g105_r12,38.2481,4.789259,-2.9304264,37.619377,3.230257,-4.010564,1.9981183,1.0928748,2.74545,1.3383543,1.2700524,2.0819926
3_2,3,2,g120_r04,39.353928,-3.3377488,-2.930425,38.38388,-3.5373669,-4.1733932,1.5892793,0.34546667,2.217455,0.83778405,1.0139073,1.7508388
3_2,3,2,g120_r08,37.35393,0.12634964,-2.930427,36.466507,-0.6236496,-3.368085,1.241598,0.41974494,2.3265157,0.92011815,1.0607451,1.7842249
3_2,3,2,g120_r12,35.353928,3.5904543,-2.9304242,34.91896,2.5409012,-3.3490648,1.2107923,0.9582407,2.2076268,1.0074688,1.1575732,1.9167811
3_2,3,2,g135_r04,38.5255,-3.973424,-2.9304247,37.523277,-4.099828,-4.3316383,1.7273767,0.25034454,2.1595259,0.82127345,1.0506213,1.8162493
3_2,3,2,g135_r08,35.697075,-1.1449959,-2.9304273,35.179943,-1.5122757,-3.8171587,1.090235,0.3073001,2.1421509,0.92470706,1.0424982,1.7701021
3_2,3,2,g135_r12,32.86865,1.6834304,-2.930425,31.857899,1.299326,-2.8221245,1.0866833,0.6823429,2.0852182,1.083089,1.1038278,1.8397069
3_2,3,2,g150_r04,37.889828,-4.8018513,-2.930426,36.966877,-4.8962154,-4.7039495,2.0015316,0.28429845,2.1729436,0.77764857,1.080282,1.8665843
3_2,3,2,g150_r08,34.425724,-2.8018517,-2.9304245,33.803352,-2.7754707,-4.1623116,1.3804305,0.42275015,2.0810678,0.88517255,1.0690538,1.8313073
3_2,3,2,g150_r12,30.961624,-0.80185103,-2.9304264,30.391607,-0.7931919,-3.476633,0.78951627,0.41645566,1.9835932,1.2289826,1.0476075,1.7862524
3_2,3,2,g165_r04,37.490227,-5.7665753,-2.930425,36.63016,-5.9342356,-4.98356,2.2323053,0.36107525,2.1034245,0.74942327,1.0945206,1.8850683
3_2,3,2,g165_r08,33.626522,-4.7312984,-2.9304264,33.05002,-4.5520096,-4.2639256,1.4638036,0.8535068,2.016713,0.7786454,1.0873095,1.8635684
3_2,3,2,g165_r12,29.76282,-3.696023,-2.9304252,29.303085,-3.4629583,-3.488389,0.7596039,0.9313546,2.0514147,1.0668482,1.0358115,1.7614121
3_2,3,2,g180_r04,37.353928,-6.8018527,-2.9304256,36.6888,-7.0123425,-5.13528,2.3125923,0.54871243,2.0275562,0.7481382,1.0978851,1.8886155
3_2,3,2,g180_r08,33.353928,-6.8018527,-2.9304283,32.732304,-6.734475,-4.228014,1.4403766,0.6947862,2.062613,0.78815407,1.0914924,1.8708785
3_2,3,2,g180_r12,29.353931,-6.801852,-2.9304264,28.887058,-6.721896,-3.7931328,0.98418796,0.5397887,2.3673909,1.0491929,1.1772089,1.9339938
3_2,3,2,g195_r04,37.490227,-7.837127,-2.9304261,36.973797,-8.101873,-5.0165763,2.1653666,0.5532217,2.0373223,0.7742693,1.0741762,1.8528105
3_2,3,2,g195_r08,33.626522,-8.872404,-2.930427,33.18182,-8.864137,-4.2776365,1.4187324,0.49722534,2.0951207,0.87988174,1.1326734,1.9261436
3_2,3,2,g195_r12,29.76282,-9.90768,-2.9304302,28.827879,-10.5420885,-4.418317,1.8682598,0.7539295,2.1590688,1.1202219,1.2601943,2.057366
3_2,3,2,g210_r04,37.889828,-8.801851,-2.9304245,37.473663,-9.069193,-4.806502,1.9401884,0.50355667,2.0530846,0.7633009,1.0432816,1.8005338
3_2,3,2,g210_r08,34.425724,-10.801851,-2.9304264,34.14267,-11.113316,-4.1966105,1.3342983,0.68469983,2.0216582,1.0572879,1.1175623,1.8925781
3_2,3,2,g210_r12,30.961624,-12.801852,-2.9304266,30.186932,-13.997573,-4.631205,2.2186806,1.0481943,2.197296,0.89156896,1.2700272,2.0671065
3_2,3,2,g225_r04,38.5255,-9.63028,-2.9304273,38.185356,-9.903933,-4.449171,1.5802429,0.50874925,2.0554023,0.7345295,1.0218855,1.7589967
3_2,3,2,g225_r08,35.697075,-12.458706,-2.9304245,35.50361,-12.833271,-3.9192066,1.0749038,0.74768054,2.00291,1.0467774,1.0697132,1.8062238
3_2,3,2,g225_r12,32.86865,-15.287132,-2.9304273,32.5473,-16.520258,-4.3009243,1.871397,1.08914,2.2706897,1.0670466,1.183317,1.9550893
3_2,3,2,g240_r04,39.353928,-10.265953,-2.9304256,38.935482,-10.572672,-4.184417,1.3570803,0.49839813,2.0358913,0.63280445,1.005988,1.714165
3_2,3,2,g240_r08,37.353928,-13.730055,-2.9304264,37.088665,-13.942092,-3.3157444,0.51360875,0.5964077,2.009304,0.82606584,1.0626731,1.741261
3_2,3,2,g240_r12,35.353928,-17.194159,-2.930426,34.733185,-18.22479,-3.728075,1.4435263,0.9484237,2.143475,0.8328027,1.1630963,1.8893136
3_2,3,2,g255_r04,40.318653,-10.665556,-2.9304261,39.837658,-11.072084,-4.0583344,1.2918199,0.45879182,2.0174422,0.64990383,1.00284,1.7008485
3_2,3,2,g255_r08,39.283375,-14.529257,-2.9304266,38.9581,-14.95523,-3.0975466,0.5614144,0.382678,1.9818473,0.7870004,1.0098766,1.6842355
3_2,3,2,g255_r12,38.2481,-18.392962,-2.9304273,38.0927,-19.040129,-2.7245255,0.69668496,0.65038973,1.9226863,1.1289682,1.1081605,1.7790121
3_2,3,2,g270_r04,41.353928,-10.801851,-2.9304273,40.751328,-11.273456,-3.842494,1.1905475,0.40868625,2.048778,0.6590925,0.98859644,1.6829944
3_2,3,2,g270_r08,41.353928,-14.801852,-2.9304237,41.09391,-15.459887,-3.2222776,0.7653737,0.48113412,1.965292,1.0114893,0.9793501,1.6452223
3_2,3,2,g270_r12,41.353928,-18.801851,-2.9304256,41.663986,-19.539845,-2.6442614,0.8500943,0.51526916,1.9163826,1.1119447,1.0098778,1.6817393
3_2,3,2,g285_r04,42.389206,-10.665554,-2.9304245,41.722176,-11.212881,-3.844965,1.2573308,0.34450138,2.082804,0.88612217,0.9871139,1.6878753
3_2,3,2,g285_r08,43.42448,-14.529258,-2.930425,43.035366,-15.412149,-3.2593288,1.0193554,0.5619213,1.903149,0.9110081,0.9880159,1.6700319
3_2,3,2,g285_r12,44.45976,-18.39296,-2.9304273,44.077896,-19.503445,-3.0236454,1.1780008,0.7404838,1.9164473,1.1141262,1.0371302,1.7453412
3_2,3,2,g300_r04,43.353928,-10.265954,-2.9304242,42.562874,-10.657404,-3.9120703,1.3200864,0.2078832,2.1183877,1.0049189,0.9811537,1.6801751
3_2,3,2,g300_r08,45.353928,-13.730053,-2.930427,44.649437,-14.554721,-3.3104563,1.1492635,0.4123379,1.9682559,1.1172246,0.99554753,1.6992799
3_2,3,2,g300_r12,47.353928,-17.194157,-2.9304252,46.70259,-18.333345,-3.0752983,1.3202193,0.6149534,2.0061712,1.3465701,1.0568054,1.7975142
3_2,3,2,g315_r04,44.182354,-9.630278,-2.9304254,43.259727,-9.81186,-3.9850082,1.4129249,0.21701795,2.172412,0.9844842,0.99415994,1.7066782
3_2,3,2,g315_r08,47.010784,-12.458705,-2.9304264,46.17885,-13.02471,-3.4074516,1.1135671,0.3539529,1.9244355,1.2520273,1.0106658,1.715456
3_2,3,2,g315_r12,49.83921,-15.287134,-2.9304297,49.095055,-15.8754635,-2.8193874,0.9551072,0.48005748,1.9816203,1.2778045,1.014097,1.7214048
3_2,3,2,g330_r04,44.81803,-8.801851,-2.9304276,43.710167,-8.788684,-4.1400166,1.6403178,0.24430189,2.24746,0.992031,1.0131404,1.7463692
3_2,3,2,g330_r08,48.28213,-10.801852,-2.9304252,47.327644,-11.099445,-3.4117985,1.1096518,0.41867036,1.9425769,1.348885,1.0072467,1.7066234
3_2,3,2,g330_r12,51.746235,-12.801849,-2.9304235,51.28883,-12.72081,-2.8354473,0.47413847,0.399445,2.0220165,1.3187332,1.0988469,1.8044357
3_2,3,2,g345_r04,45.217632,-7.837128,-2.9304237,44.036766,-7.730735,-4.3307104,1.8348207,0.30415654,2.2960756,1.0366635,1.0290167,1.7748612
3_2,3,2,g345_r08,49.081337,-8.872405,-2.9304242,48.30793,-8.76428,-3.4504223,0.93821496,0.5759658,1.931044,1.3930179,1.0562913,1.7530193
3_2,3,2,g345_r12,52.945038,-9.90768,-2.930428,52.427124,-9.464423,-2.5766582,0.76802605,0.45887652,2.2744591,1.6009215,1.2203516,1.934834
3_9,3,9,0_right,51.353928,-6.801852,-2.9304283,50.47575,-5.7580605,-1.8904676,1.7152888,0.87237966,1.7454115,1.9576296,0.90138143,1.2846415
3_9,3,9,135_fwd_left,34.28286,0.2692157,-2.9304287,33.950573,1.0479412,-3.3060346,0.92623305,0.6621866,1.195287,0.5891386,0.61073303,0.97094536
3_9,3,9,180_left,31.353933,-6.801854,-2.9304256,31.105776,-6.2239428,-1.9726791,1.1457932,1.1420665,1.3003271,0.59918183,0.631962,0.9772979
3_9,3,9,225_back_left,34.28286,-13.872919,-2.930426,34.525562,-14.625914,-2.227437,1.0583471,0.92988056,1.5930489,1.078754,0.79391706,1.1371528
3_9,3,9,270_backward,41.353928,-16.801853,-2.930425,41.335518,-17.475756,-2.313651,0.9137251,0.743468,1.1753852,0.68440455,0.6261804,0.9993138
3_9,3,9,315_back_right,48.424995,-13.872917,-2.9304233,47.993988,-13.823783,-2.383935,0.69773275,0.71991783,1.3753973,1.1873507,0.6387707,0.98351
3_9,3,9,45_fwd_right,48.424995,0.2692162,-2.930429,47.08061,0.0026226044,-3.752284,1.5980908,0.83856374,2.5267816,1.5909979,0.9573472,1.3095083
3_9,3,9,90_forward,41.353928,3.198148,-2.930426,40.12327,3.2599392,-3.5042548,1.3592721,1.0056779,1.4699743,0.5052174,0.85868627,1.1850654
3_9,3,9,g000_r04,45.353928,-6.8018517,-2.9304247,44.383568,-6.846815,-3.162531,0.9987458,0.58985734,1.3180385,0.757676,0.60200256,0.97567856
3_9,3,9,g000_r08,49.353928,-6.8018527,-2.9304292,48.472496,-6.0078716,-2.8471842,1.1892256,0.7440111,1.1855885,1.4616315,0.80936515,1.1861038
3_9,3,9,g000_r12,53.353928,-6.8018503,-2.9304237,52.913853,-5.802738,-1.645814,1.6858568,0.8203496,1.988665,1.7672011,0.89261854,1.2596653
3_9,3,9,g015_r04,45.217632,-5.766576,-2.930426,44.164886,-5.7274675,-3.4022722,1.1543146,0.583207,1.3473941,0.7987253,0.6377339,1.0161582
3_9,3,9,g015_r08,49.081337,-4.7312956,-2.930421,48.141815,-4.023134,-2.9250288,1.17653,0.7338572,1.5340447,1.4738151,0.8356765,1.1930703
3_9,3,9,g015_r12,52.945038,-3.6960225,-2.9304283,51.944984,-3.0624456,-2.1647654,1.4098816,0.9067331,2.4092557,2.1200478,0.94784033,1.3027562
3_9,3,9,g030_r04,44.818035,-4.8018527,-2.9304273,43.72305,-4.548711,-3.4560885,1.2407235,0.5828551,1.3524187,0.786654,0.65892357,1.0403256
3_9,3,9,g030_r08,48.28213,-2.801852,-2.9304276,47.240807,-2.203044,-3.0308027,1.2054058,0.73241615,1.7564931,1.3237755,0.90530413,1.2406489
3_9,3,9,g030_r12,51.746235,-0.80185294,-2.9304292,50.224445,-0.8118954,-2.7386398,1.5338603,0.9864749,2.7892082,2.324918,0.958201,1.3144964
3_9,3,9,g045_r04,44.182354,-3.9734235,-2.9304237,43.041447,-3.5014324,-3.4313526,1.3324319,0.59361005,1.3843001,0.70778954,0.6394259,1.0215011
3_9,3,9,g045_r08,47.010784,-1.1449966,-2.9304237,46.009743,-0.67612267,-3.070487,1.1142461,0.81181526,1.8337286,1.1921895,0.9187488,1.2468795
3_9,3,9,g045_r12,49.83921,1.6834283,-2.9304261,48.509373,0.90457535,-3.4443626,1.624565,1.1172987,3.19129,2.151872,1.0009477,1.3857337
3_9,3,9,g060_r04,43.353928,-3.33775,-2.930426,42.172977,-2.7048721,-3.3335986,1.3991876,0.62022173,1.4385037,0.43317208,0.6051221,0.9802382
3_9,3,9,g060_r08,45.353928,0.12635292,-2.930429,44.127052,0.65631866,-3.4202256,1.4233719,0.9396789,1.6982621,1.0772558,0.9400704,1.2666206
3_9,3,9,g060_r12,47.353928,3.5904546,-2.9304292,46.080544,2.942791,-3.6197777,1.586246,1.1667325,3.0489056,1.4424443,0.9958767,1.3936782
3_9,3,9,g075_r04,42.389206,-2.938149,-2.9304285,41.245705,-2.1960983,-3.31425,1.4161756,0.655184,1.4672335,0.2709657,0.57568467,0.9441242
3_9,3,9,g075_r08,43.42448,0.9255545,-2.930428,42.145798,1.3997917,-3.5988822,1.5188025,1.07867,1.5375916,0.5877369,0.8658419,1.1922436
3_9,3,9,g075_r12,44.45976,4.7892585,-2.9304228,42.82402,4.1405163,-3.8300042,1.9762979,0.9126822,1.9934458,1.1131754,0.97870314,1.3752729
3_9,3,9,g090_r04,41.353928,-2.8018517,-2.9304254,40.30524,-2.0372543,-3.3636322,1.3682184,0.6664809,1.5396378,0.32326466,0.56340873,0.9339639
3_9,3,9,g090_r08,41.353928,1.1981469,-2.9304268,40.1531,1.8190784,-3.1119127,1.363995,1.1530379,1.4216334,0.3249552,0.8316727,1.1482438
3_9,3,9,g090_r12,41.353928,5.198149,-2.930425,40.128746,4.589693,-3.9852076,1.727384,0.9998308,1.5719471,0.599427,0.9216552,1.2820653
3_9,3,9,g105_r04,40.318653,-2.9381487,-2.9304254,39.223793,-2.1886053,-3.4976377,1.4430051,0.6338074,1.5634166,0.41054097,0.5642071,0.934298
3_9,3,9,g105_r08,39.283375,0.9255562,-2.9304256,38.278954,1.6837978,-3.0127573,1.2611784,1.1327457,1.3122684,0.3906606,0.76055276,1.1032176
3_9,3,9,g105_r12,38.2481,4.789259,-2.9304264,37.422638,4.8141956,-3.4682899,0.9855491,1.1146117,1.4109255,0.5438585,0.7349053,1.1044214
3_9,3,9,g120_r04,39.353928,-3.3377488,-2.930425,38.269722,-2.6564913,-3.541502,1.4188125,0.61334527,1.1961478,0.4779976,0.55150545,0.91674316
3_9,3,9,g120_r08,37.35393,0.12634964,-2.930427,36.415794,1.0574265,-3.150155,1.3398827,0.800467,1.1961386,0.5037419,0.68808115,1.038578
3_9,3,9,g120_r12,35.353928,3.5904543,-2.9304242,35.03009,4.166319,-3.0931168,0.6804112,1.3553948,1.1734061,0.8380979,0.6733286,1.0211854
3_9,3,9,g135_r04,38.5255,-3.973424,-2.9304247,37.614494,-3.4564571,-3.3980508,1.1471105,0.6044523,1.1595669,0.56391406,0.5249997,0.87193334
3_9,3,9,g135_r08,35.697075,-1.1449959,-2.9304273,35.031845,-0.59065056,-3.6173239,1.1052856,0.7003819,1.2444738,0.5321976,0.6142122,0.9863879
3_9,3,9,g135_r12,32.86865,1.6834304,-2.930425,32.800095,2.3895493,-2.7237358,0.7389342,0.96603703,1.146702,0.8536299,0.64488995,0.9814078
3_9,3,9,g150_r04,37.889828,-4.8018513,-2.930426,37.211258,-4.369337,-3.3697295,0.9167951,0.5296859,1.2956184,0.59762377,0.5532297,0.89435315
3_9,3,9,g150_r08,34.425724,-2.8018517,-2.9304245,33.95921,-2.4771223,-3.1202192,0.5992555,0.53296626,1.4466227,0.49112728,0.5949931,0.9404495
3_9,3,9,g150_r12,30.961624,-0.80185103,-2.9304264,30.478872,-0.45751572,-2.7834616,0.6109131,0.7062806,1.3268827,0.6767417,0.5569479,0.9080605
3_9,3,9,g165_r04,37.490227,-5.7665753,-2.930425,37.06496,-5.3697615,-3.2810798,0.67916965,0.55773675,1.2529961,0.53843415,0.5357119,0.870132
3_9,3,9,g165_r08,33.626522,-4.7312984,-2.9304264,33.313347,-4.2557964,-2.747034,0.5981752,0.7099566,1.431913,0.42867684,0.586694,0.9042978
3_9,3,9,g165_r12,29.76282,-3.696023,-2.9304252,29.278748,-3.2208977,-1.8228722,1.2987467,0.8594091,1.3405294,0.73594403,0.628305,0.98490334
3_9,3,9,g180_r04,37.353928,-6.8018527,-2.9304256,37.067825,-6.542798,-3.1747656,0.45679957,0.6060692,1.3006305,0.47042966,0.53561866,0.8461462
3_9,3,9,g180_r08,33.353928,-6.8018527,-2.9304283,33.199085,-6.230097,-2.7115898,0.6314834,0.9856705,1.3032485,0.48253822,0.5618515,0.88932586
3_9,3,9,g180_r12,29.353931,-6.801852,-2.9304264,28.961182,-6.3865566,-1.4453773,1.5912553,1.1959608,1.414259,0.7604648,0.7320896,1.0906168
3_9,3,9,g195_r04,37.490227,-7.837127,-2.9304261,37.362576,-7.703923,-3.058528,0.22460678,0.69230497,1.3378198,0.47891515,0.54769653,0.84433377
3_9,3,9,g195_r08,33.626522,-8.872404,-2.930427,33.893864,-8.5195,-2.6348848,0.532314,1.0485014,1.3144872,0.6463425,0.5883316,0.9209535
3_9,3,9,g195_r12,29.76282,-9.90768,-2.9304302,29.623543,-9.311272,-1.5567474,1.5040294,1.2458596,1.6237106,0.7034321,0.72782266,1.0885923
3_9,3,9,g210_r04,37.889828,-8.801851,-2.9304245,37.895824,-8.843599,-3.0134401,0.09311532,0.7319511,1.3453684,0.49367908,0.55582225,0.8561226
3_9,3,9,g210_r08,34.425724,-10.801851,-2.9304264,34.78726,-11.106859,-2.6606007,0.54455733,0.97196,1.3441522,0.9614692,0.65500224,0.9873231
3_9,3,9,g210_r12,30.961624,-12.801852,-2.9304266,31.117905,-13.09548,-2.2557,0.75226104,1.1084211,1.8521913,0.8888799,0.77517426,1.0634911
3_9,3,9,g225_r04,38.5255,-9.63028,-2.9304273,38.622467,-9.864775,-2.9497986,0.25449085,0.73939776,1.3311256,0.5904932,0.55727535,0.87078595
3_9,3,9,g225_r08,35.697075,-12.458706,-2.9304245,36.063393,-13.121107,-2.5524273,0.8460768,0.9250556,1.3510087,1.0375496,0.6967608,1.0460879
3_9,3,9,g225_r12,32.86865,-15.287132,-2.9304273,33.09254,-16.200958,-2.463748,1.0502359,0.8703318,1.8631091,1.0469372,0.8934194,1.197688
3_9,3,9,g240_r04,39.353928,-10.265953,-2.9304256,39.508823,-10.608214,-2.7933035,0.3999225,0.7824399,1.2767067,0.5232308,0.55070704,0.8779067
3_9,3,9,g240_r08,37.353928,-13.730055,-2.9304264,37.79518,-14.6016865,-2.2488403,1.1912204,0.8509851,1.3064216,0.9104586,0.6373102,1.0152917
3_9,3,9,g240_r12,35.353928,-17.194159,-2.930426,35.49915,-18.239656,-1.6316013,1.6736488,0.8620905,1.9043981,0.82633287,0.8094127,1.1843848
3_9,3,9,g255_r04,40.318653,-10.665556,-2.9304261,40.45214,-11.091714,-2.6567116,0.52378356,0.8028535,1.33462,0.49875197,0.5374867,0.86443216
3_9,3,9,g255_r08,39.283375,-14.529257,-2.9304266,39.61987,-15.33325,-2.2885637,1.0824147,0.80462724,1.2563323,0.62917507,0.5839449,0.9522595
3_9,3,9,g255_r12,38.2481,-18.392962,-2.9304273,38.216537,-19.199608,-1.31985,1.8015642,0.8323512,1.6820636,0.6009156,0.6868953,1.0899259
3_9,3,9,g270_r04,41.353928,-10.801851,-2.9304273,41.3073,-11.30496,-2.6518974,0.57695025,0.6872145,1.387624,0.39415255,0.52677685,0.8559287
3_9,3,9,g270_r08,41.353928,-14.801852,-2.9304237,41.492214,-15.531466,-2.5407,0.8386557,0.749523,1.2484006,0.6264951,0.57320297,0.940779
3_9,3,9,g270_r12,41.353928,-18.801851,-2.9304256,41.18121,-19.180658,-1.8788366,1.1310022,0.7507565,1.2489263,0.6853801,0.6847967,1.0613174
3_9,3,9,g285_r04,42.389206,-10.665554,-2.9304245,42.174812,-11.190533,-2.6269264,0.6431782,0.6125673,1.2106892,0.3945522,0.4975202,0.83288497
3_9,3,9,g285_r08,43.42448,-14.529258,-2.930425,43.2313,-15.279382,-2.6380262,0.8279502,0.79400307,1.1596355,0.6862992,0.6399865,0.996727
3_9,3,9,g285_r12,44.45976,-18.39296,-2.9304273,44.227657,-18.722052,-2.3797073,0.68225,0.7744378,1.13415,0.67508847,0.6232239,0.9536228
3_9,3,9,g300_r04,43.353928,-10.265954,-2.9304242,42.912987,-10.769534,-2.6589308,0.7223091,0.58686674,1.0221334,0.5642321,0.5028558,0.8418965
3_9,3,9,g300_r08,45.353928,-13.730053,-2.930427,44.84662,-14.411709,-2.623973,0.90328914,0.6240102,1.2310275,0.61807996,0.61512005,0.9777505
3_9,3,9,g300_r12,47.353928,-17.194157,-2.9304252,47.139687,-17.305336,-2.3636932,0.6159912,0.69452727,1.1216085,1.1926636,0.6583354,0.97403497
3_9,3,9,g315_r04,44.182354,-9.630278,-2.9304254,43.54131,-10.104771,-2.7050972,0.82876694,0.55472016,1.1507297,0.7012784,0.56131023,0.908581
3_9,3,9,g315_r08,47.010784,-12.458705,-2.9304264,46.303192,-12.882236,-2.5001736,0.93015164,0.604747,1.4610204,0.75669813,0.632801,0.99958557
3_9,3,9,g315_r12,49.83921,-15.287134,-2.9304297,49.630997,-15.233978,-2.3989677,0.57326293,0.82287496,1.2719753,1.4836774,0.6670492,0.97852516
3_9,3,9,g330_r04,44.81803,-8.801851,-2.9304276,44.0828,-9.153028,-2.7827587,0.82806593,0.5111292,1.1942112,0.7868505,0.5817507,0.9338863
3_9,3,9,g330_r08,48.28213,-10.801852,-2.9304252,47.552055,-10.624904,-2.81188,0.7605093,0.7227231,1.3216637,0.9484373,0.6553887,1.0159397
3_9,3,9,g330_r12,51.746235,-12.801849,-2.9304235,51.67025,-12.458379,-2.747818,0.39634645,0.94559985,1.2909702,1.3805635,0.7701276,1.1192578
3_9,3,9,g345_r04,45.217632,-7.837128,-2.9304237,44.3928,-7.988949,-2.9912863,0.8408942,0.5485636,1.2220838,0.7776963,0.5804236,0.94209546
3_9,3,9,g345_r08,49.081337,-8.872405,-2.9304242,48.28534,-8.334272,-3.083372,0.9729296,0.6938671,1.18322,1.1994183,0.76165146,1.1190916
3_9,3,9,g345_r12,52.945038,-9.90768,-2.930428,52.89131,-9.155172,-2.0041866,1.1946032,0.91346073,1.7218174,1.4991183,0.86013156,1.2402897
4_0,4,0,0_right,51.353928,-6.801852,-2.9304283,50.73636,-7.2490396,-2.3549042,0.9552989,1.0636355,1.6156999,1.6843868,0.8798831,1.2106233
4_0,4,0,135_fwd_left,34.28286,0.2692157,-2.9304287,33.446762,0.4665432,-2.715477,0.8855517,0.54623055,0.85362995,0.80838263,0.609861,0.9174249
4_0,4,0,180_left,31.353933,-6.801854,-2.9304256,29.906025,-5.9073286,-4.295045,2.1814675,1.215261,2.321632,0.755906,0.8471723,1.1903108
4_0,4,0,225_back_left,34.28286,-13.872919,-2.930426,33.880802,-14.210147,-4.242895,1.413488,1.2143087,1.7622328,1.011749,0.83254576,1.1738472
4_0,4,0,270_backward,41.353928,-16.801853,-2.930425,41.006397,-17.145872,-3.2584944,0.58885986,0.64605325,1.0575373,0.68332213,0.5736889,0.8756927
4_0,4,0,315_back_right,48.424995,-13.872917,-2.9304233,48.008133,-14.359457,-2.8266983,0.649041,0.67273825,0.9363651,1.2262299,0.51638985,0.81786036
4_0,4,0,45_fwd_right,48.424995,0.2692162,-2.930429,47.115227,-1.4308624,-2.6130075,2.169451,0.9790373,1.4313021,2.3250875,1.1356678,1.4590454
4_0,4,0,90_forward,41.353928,3.198148,-2.930426,40.75591,2.1545734,-3.2837582,1.253602,0.7762914,0.91868925,1.3071016,0.760807,1.081582
4_0,4,0,g000_r04,45.353928,-6.8018517,-2.9304247,44.408512,-7.140807,-2.6467972,1.0436214,0.60998666,0.75505865,1.0168355,0.6041734,0.9105128
4_0,4,0,g000_r08,49.353928,-6.8018527,-2.9304292,48.352013,-7.1189795,-2.413391,1.1712093,1.1708326,1.5946429,1.5165539,0.9205416,1.2181586
4_0,4,0,g000_r12,53.353928,-6.8018503,-2.9304237,52.84354,-7.446286,-1.9984245,1.2427452,1.0040545,1.4311959,1.5724491,0.8853802,1.2059896
4_0,4,0,g015_r04,45.217632,-5.766576,-2.930426,44.271843,-5.9970455,-2.7479439,0.9904208,0.71728987,0.79737157,1.0961351,0.6733883,0.96890515
4_0,4,0,g015_r08,49.081337,-4.7312956,-2.930421,47.919357,-5.2964573,-2.3599653,1.4124533,1.0655873,1.438069,1.732453,0.95384896,1.2611642
4_0,4,0,g015_r12,52.945038,-3.6960225,-2.9304283,52.04631,-4.6931057,-1.8856792,1.7009957,1.030556,1.3958644,1.9462923,1.0490432,1.3668637
4_0,4,0,g030_r04,44.818035,-4.8018527,-2.9304273,43.92869,-4.884102,-2.8707314,0.8951313,0.8084988,0.84094507,1.1446315,0.7110985,0.9994263
4_0,4,0,g030_r08,48.28213,-2.801852,-2.9304276,47.09606,-3.6750288,-2.4906282,1.5370823,0.9713562,1.282338,1.9494295,0.9976616,1.3121724
4_0,4,0,g030_r12,51.746235,-0.80185294,-2.9304292,50.70115,-1.9886723,-1.8982782,1.8884069,0.96704805,1.5963848,2.224339,1.164971,1.4843426
4_0,4,0,g045_r04,44.182354,-3.9734235,-2.9304237,43.41844,-3.9781113,-3.0737638,0.77725816,0.8551158,0.92375255,1.0553257,0.67882746,0.9714309
4_0,4,0,g045_r08,47.010784,-1.1449966,-2.9304237,45.95403,-2.124035,-2.7584972,1.4507949,0.96801215,1.1949077,1.8148047,0.9841022,1.2934625
4_0,4,0,g045_r12,49.83921,1.6834283,-2.9304261,48.15177,0.28307533,-2.5192833,2.231026,1.0158793,1.7197766,2.3363576,1.259795,1.5811267
4_0,4,0,g060_r04,43.353928,-3.33775,-2.930426,42.65,-3.2924309,-3.302477,0.7974884,0.74971616,1.1109413,0.7217453,0.63162744,0.9373029
4_0,4,0,g060_r08,45.353928,0.12635292,-2.930429,44.413624,-0.83592033,-3.1584234,1.3645961,0.9810631,1.0204871,2.0025127,0.86857176,1.1948901
4_0,4,0,g060_r12,47.353928,3.5904546,-2.9304292,45.578827,1.9057922,-3.2946787,2.4742165,0.9638269,1.6403661,2.2808049,1.1855743,1.4996481
4_0,4,0,g075_r04,42.389206,-2.938149,-2.9304285,41.707317,-2.8375702,-3.423109,0.8472439,0.5972222,0.90044177,0.61450624,0.5445054,0.8626885
4_0,4,0,g075_r08,43.42448,0.9255545,-2.930428,43.02028,-0.02804184,-3.444169,1.1561378,0.7609051,0.9233184,1.3568069,0.68264204,1.0149204
4_0,4,0,g075_r12,44.45976,4.7892585,-2.9304228,43.43682,3.6392517,-3.6565008,1.7017951,0.8709478,1.3571906,2.396846,0.9237063,1.2430352
4_0,4,0,g090_r04,41.353928,-2.8018517,-2.9304254,40.610382,-2.6440134,-3.3337774,0.8605032,0.5173049,0.8903684,0.53382206,0.51509535,0.8310686
4_0,4,0,g090_r08,41.353928,1.1981469,-2.9304268,40.896725,0.5626621,-3.1908064,0.8250291,0.80161613,0.8619717,1.0672013,0.6487605,0.97228664
4_0,4,0,g090_r12,41.353928,5.198149,-2.930425,40.65115,4.1081467,-3.4784145,1.4079399,0.7735166,1.2281195,1.4782585,0.84709126,1.1522757
4_0,4,0,g105_r04,40.318653,-2.9381487,-2.9304254,39.311066,-2.7243137,-3.4037666,1.1335827,0.34634575,0.8426335,0.49895215,0.5161668,0.8375774
4_0,4,0,g105_r08,39.283375,0.9255562,-2.9304256,38.6101,0.7221279,-2.9730225,0.70462525,0.7429698,0.84049666,0.88232785,0.6797486,0.977447
4_0,4,0,g105_r12,38.2481,4.789259,-2.9304264,37.54103,3.807682,-3.2833815,1.2601657,0.78474945,1.1004041,1.2216296,0.90509605,1.1696293
4_0,4,0,g120_r04,39.353928,-3.3377488,-2.930425,38.168724,-3.06814,-3.6027622,1.3890406,0.35115942,0.92570263,0.6592276,0.5171163,0.8377304
4_0,4,0,g120_r08,37.35393,0.12634964,-2.930427,36.54673,0.30692673,-2.7894907,0.839074,0.6551489,0.94309336,0.84945405,0.65297157,0.95201194
4_0,4,0,g120_r12,35.353928,3.5904543,-2.9304242,35.08573,3.179432,-3.0879354,0.5154399,0.8452897,0.9350739,1.0009491,0.8698135,1.0949794
4_0,4,0,g135_r04,38.5255,-3.973424,-2.9304247,37.381794,-3.5202074,-3.8498917,1.5358682,0.39183286,1.0812649,0.759922,0.5462737,0.8663656
4_0,4,0,g135_r08,35.697075,-1.1449959,-2.9304273,34.713333,-0.9248657,-3.0998611,1.0222099,0.4540647,1.0218867,0.8458102,0.5762065,0.87434334
4_0,4,0,g135_r12,32.86865,1.6834304,-2.930425,32.28344,1.8807335,-2.3207006,0.8678489,0.78569347,0.8514288,0.9106611,0.7145203,1.0087101
4_0,4,0,g150_r04,37.889828,-4.8018513,-2.930426,36.873306,-4.193548,-4.206938,1.7415025,0.30861238,1.1620927,0.7422515,0.5982605,0.92775154
4_0,4,0,g150_r08,34.425724,-2.8018517,-2.9304245,33.094364,-2.192194,-3.7080975,1.6580039,0.55224705,1.4489356,0.7368996,0.631024,0.95974267
4_0,4,0,g150_r12,30.961624,-0.80185103,-2.9304264,30.13052,-0.7151909,-3.1753254,0.87075824,0.7644322,1.1245055,0.9881877,0.60491216,0.9294336
4_0,4,0,g165_r04,37.490227,-5.7665753,-2.930425,36.63237,-5.148473,-4.6206546,1.9937015,0.35553622,1.2974715,0.811427,0.6865688,1.0340132
4_0,4,0,g165_r08,33.626522,-4.7312984,-2.9304264,32.171867,-3.8891468,-4.339019,2.1930282,0.8738975,1.9153,0.65243536,0.7609329,1.0986797
4_0,4,0,g165_r12,29.76282,-3.696023,-2.9304252,28.595028,-3.2013063,-4.0601816,1.698479,1.1247445,1.7916143,0.7931075,0.7728446,1.103217
4_0,4,0,g180_r04,37.353928,-6.8018527,-2.9304256,36.53539,-6.2379084,-4.8346477,2.1480458,0.6111883,1.420073,0.79450095,0.79838794,1.1447798
4_0,4,0,g180_r08,33.353928,-6.8018527,-2.9304283,31.960747,-5.89363,-4.331052,2.174297,1.0866644,2.3327796,0.8322497,0.82576525,1.1719924
4_0,4,0,g180_r12,29.353931,-6.801852,-2.9304264,27.967323,-6.0928507,-4.4482555,2.1746657,1.2646077,2.2525783,0.9184135,0.86523217,1.2122294
4_0,4,0,g195_r04,37.490227,-7.837127,-2.9304261,36.658543,-7.4115534,-4.8268466,2.1140535,0.6827854,1.5066103,0.7636694,0.8172871,1.1650876
4_0,4,0,g195_r08,33.626522,-8.872404,-2.930427,32.325848,-8.226995,-4.6819525,2.2751148,1.0684128,2.3760877,0.902266,0.8801447,1.2348329
4_0,4,0,g195_r12,29.76282,-9.90768,-2.9304302,28.837563,-9.462738,-4.576717,1.9401889,1.2638817,2.500512,1.0165628,0.8684704,1.2188802
4_0,4,0,g210_r04,37.889828,-8.801851,-2.9304245,37.119987,-8.556712,-4.524378,1.7870183,0.716998,1.4622545,0.6794133,0.7663404,1.1126128
4_0,4,0,g210_r08,34.425724,-10.801851,-2.9304264,33.45677,-10.80002,-4.607464,1.9368341,1.0765234,2.0730557,0.88168865,0.86586976,1.2183754
4_0,4,0,g210_r12,30.961624,-12.801852,-2.9304266,30.422735,-12.821672,-4.3493805,1.5179671,1.2553586,2.3234785,0.9655529,0.8489353,1.1957654
4_0,4,0,g225_r04,38.5255,-9.63028,-2.9304273,37.73487,-9.557754,-4.207197,1.5034951,0.76514924,1.4001102,0.645878,0.70186925,1.0416971
4_0,4,0,g225_r08,35.697075,-12.458706,-2.9304245,34.962036,-12.721599,-4.2984495,1.5750833,1.049257,1.6469691,0.8682951,0.83468103,1.1713543
4_0,4,0,g225_r12,32.86865,-15.287132,-2.9304273,32.836754,-15.499794,-3.9785137,1.0699193,1.3224996,1.8683866,0.9928013,0.8270047,1.1606002
4_0,4,0,g240_r04,39.353928,-10.265953,-2.9304256,38.598133,-10.211916,-4.0135107,1.321824,0.72455186,1.3002102,0.66846925,0.6606447,0.9874933
4_0,4,0,g240_r08,37.353928,-13.730055,-2.9304264,36.727077,-13.989376,-4.053138,1.3117429,0.93637127,1.5009394,0.8843651,0.7492519,1.0720772
4_0,4,0,g240_r12,35.353928,-17.194159,-2.930426,35.20936,-17.58502,-4.257058,1.3905488,1.0840199,1.5138462,1.0242845,0.8312371,1.1672139
4_0,4,0,g255_r04,40.318653,-10.665556,-2.9304261,39.691032,-10.688732,-3.7958746,1.0693203,0.5962139,1.0563393,0.8516881,0.60017264,0.91311496
4_0,4,0,g255_r08,39.283375,-14.529257,-2.9304266,38.993034,-14.608815,-3.6069832,0.7405105,0.8161478,1.0993054,1.1544087,0.6086805,0.9012496
4_0,4,0,g255_r12,38.2481,-18.392962,-2.9304273,38.218243,-18.85345,-3.7762518,0.96351486,0.9660749,1.0608902,0.9357034,0.68465936,1.0126165
4_0,4,0,g270_r04,41.353928,-10.801851,-2.9304273,40.959915,-10.897932,-3.7266932,0.8935976,0.3685069,0.88789976,0.8121485,0.51759964,0.821486
4_0,4,0,g270_r08,41.353928,-14.801852,-2.9304237,41.05125,-14.935359,-3.1713362,0.40923873,0.59930485,1.0746129,0.77207804,0.5586347,0.8441795
4_0,4,0,g270_r12,41.353928,-18.801851,-2.9304256,40.956814,-19.213745,-3.6300077,0.9037539,0.73295116,1.1506519,0.5890351,0.62836194,0.9464226
4_0,4,0,g285_r04,42.389206,-10.665554,-2.9304245,42.127594,-10.826017,-3.5643759,0.7043321,0.28947645,0.8870505,0.57480526,0.45835477,0.7528467
4_0,4,0,g285_r08,43.42448,-14.529258,-2.930425,43.05107,-14.92947,-3.2925615,0.6563134,0.34916073,0.9875624,0.61842006,0.5571734,0.8457024
4_0,4,0,g285_r12,44.45976,-18.39296,-2.9304273,43.82869,-18.998829,-3.616127,1.111535,0.4786602,0.9540053,0.65762347,0.6497685,0.94652927
4_0,4,0,g300_r04,43.353928,-10.265954,-2.9304242,43.063206,-10.474177,-3.1828928,0.4377403,0.32409707,0.90019625,0.597552,0.3985054,0.6611118
4_0,4,0,g300_r08,45.353928,-13.730053,-2.930427,45.12654,-14.116805,-3.3942766,0.64532024,0.48051277,0.8494243,0.80653346,0.48077425,0.7633906
4_0,4,0,g300_r12,47.353928,-17.194157,-2.9304252,47.0879,-17.955662,-3.2639914,0.8728849,0.69144034,0.9214454,0.9996637,0.54247123,0.83052516
4_0,4,0,g315_r04,44.182354,-9.630278,-2.9304254,43.675285,-9.861616,-2.9423132,0.55747414,0.37680653,0.84498173,0.7362855,0.41168356,0.6866219
4_0,4,0,g315_r08,47.010784,-12.458705,-2.9304264,46.551872,-12.936161,-3.2170916,0.72162414,0.5676351,0.8665425,1.0343014,0.4898876,0.7800023
4_0,4,0,g315_r12,49.83921,-15.287134,-2.9304297,49.44304,-16.062687,-2.6231537,0.9235001,0.72511613,1.0720968,1.1232616,0.5639003,0.87788624
4_0,4,0,g330_r04,44.81803,-8.801851,-2.9304276,44.095154,-9.126427,-2.7726307,0.807961,0.43604118,0.6667255,0.83387357,0.4612182,0.762593
4_0,4,0,g330_r08,48.28213,-10.801852,-2.9304252,47.52098,-11.116182,-2.9600992,0.8240351,0.8177781,0.76471275,1.278343,0.58319,0.89024734
4_0,4,0,g330_r12,51.746235,-12.801849,-2.9304235,51.330948,-12.905737,-2.556367,0.5684842,0.9350877,1.3804364,1.2344038,0.68913907,1.0156398
4_0,4,0,g345_r04,45.217632,-7.837128,-2.9304237,44.377945,-8.245888,-2.6877337,0.9649133,0.4891688,0.6869281,0.9246141,0.5315023,0.8437974
4_0,4,0,g345_r08,49.081337,-8.872405,-2.9304242,48.175697,-8.909822,-2.628539,0.9553627,1.1075766,1.2877117,1.4144036,0.82355434,1.1234508
4_0,4,0,g345_r12,52.945038,-9.90768,-2.930428,52.640785,-10.02482,-2.1249256,0.86897975,1.0113909,1.4900523,1.3009999,0.80679625,1.1136699
4_1,4,1,0_right,51.353928,-6.801852,-2.9304283,49.74543,-6.770379,-2.537675,1.6560526,0.77116346,1.3771839,1.0987628,0.6167874,0.7594201
4_1,4,1,135_fwd_left,34.28286,0.2692157,-2.9304287,33.59842,0.49482536,-2.7114773,0.7531921,0.7236646,0.9081388,0.7353091,0.4201875,0.5588634
4_1,4,1,180_left,31.353933,-6.801854,-2.9304256,30.532991,-6.3054028,-3.3360815,1.0416172,0.83296454,0.987216,0.6824588,0.5866252,0.70772
4_1,4,1,225_back_left,34.28286,-13.872919,-2.930426,34.46569,-14.006121,-2.492218,0.49314898,0.7804236,1.3458936,0.8828334,0.6114737,0.70462584
4_1,4,1,270_backward,41.353928,-16.801853,-2.930425,41.322556,-17.640316,-2.508276,0.9392624,0.8037026,0.93802917,0.70937616,0.536025,0.6569079
4_1,4,1,315_back_right,48.424995,-13.872917,-2.9304233,47.910297,-14.046724,-2.730607,0.5788346,0.73456746,0.85274243,0.8405856,0.34894237,0.47717375
4_1,4,1,45_fwd_right,48.424995,0.2692162,-2.930429,47.21275,-0.8477497,-2.333911,1.7529937,0.7019445,0.80854875,1.3229125,0.818622,0.92355084
4_1,4,1,90_forward,41.353928,3.198148,-2.930426,40.945023,2.5294838,-2.8805323,0.78536904,0.93505466,1.0190367,0.8459209,0.64968884,0.7224223
4_1,4,1,g000_r04,45.353928,-6.8018517,-2.9304247,45.075726,-6.8871403,-3.1996126,0.39639962,0.5330664,0.74248993,0.60832226,0.31413642,0.4407622
4_1,4,1,g000_r08,49.353928,-6.8018527,-2.9304292,48.297344,-6.4083834,-2.9878454,1.1289301,0.742531,1.0933751,0.9776424,0.44969764,0.5990498
4_1,4,1,g000_r12,53.353928,-6.8018503,-2.9304237,51.167557,-7.4788704,-2.4728546,2.334083,0.81314963,1.588021,1.1649754,0.7805322,0.88757735
4_1,4,1,g015_r04,45.217632,-5.766576,-2.930426,44.962433,-5.8096457,-3.2670193,0.42459023,0.5622421,0.7578449,0.653266,0.305369,0.43128884
4_1,4,1,g015_r08,49.081337,-4.7312956,-2.930421,48.04211,-4.4084644,-2.8970222,1.0887274,0.6731031,0.9202602,1.0762643,0.54035974,0.67337716
4_1,4,1,g015_r12,52.945038,-3.6960225,-2.9304283,50.820152,-4.8049135,-2.683362,2.4095268,0.78493017,1.4903319,1.3090382,0.883223,0.99066544
4_1,4,1,g030_r04,44.818035,-4.8018527,-2.9304273,44.657406,-4.827691,-3.19699,0.31229,0.59542215,0.5764152,0.6444383,0.30074936,0.42088255
4_1,4,1,g030_r08,48.28213,-2.801852,-2.9304276,47.361187,-2.9190445,-2.7995186,0.9375551,0.6591745,0.827948,1.0876004,0.6317628,0.73288345
4_1,4,1,g030_r12,51.746235,-0.80185294,-2.9304292,49.62526,-1.9844704,-2.5844164,2.452926,0.70021135,1.3411882,1.403163,0.9373451,1.0572464
4_1,4,1,g045_r04,44.182354,-3.9734235,-2.9304237,44.12975,-4.0308,-3.2238235,0.30355024,0.623367,0.4510491,0.603293,0.2968957,0.41196033
4_1,4,1,g045_r08,47.010784,-1.1449966,-2.9304237,46.124397,-1.6477776,-2.5873814,1.0752434,0.7296793,0.8845248,1.0746229,0.67842937,0.77305275
4_1,4,1,g045_r12,49.83921,1.6834283,-2.9304261,48.210556,0.5797062,-2.394247,2.039168,0.6870773,0.8606034,1.4684556,0.94559216,1.0496633
4_1,4,1,g060_r04,43.353928,-3.33775,-2.930426,43.320984,-3.420288,-3.2710733,0.35204902,0.66553336,0.6423641,0.46882007,0.30427212,0.41812724
4_1,4,1,g060_r08,45.353928,0.12635292,-2.930429,44.90402,-0.53850555,-2.5974846,0.869084,0.87768024,0.71126974,1.0019906,0.62384814,0.73328143
4_1,4,1,g060_r12,47.353928,3.5904546,-2.9304292,46.24492,2.3980236,-2.4517345,1.6973335,0.7750602,0.76305795,1.4626138,0.91679674,0.99407005
4_1,4,1,g075_r04,42.389206,-2.938149,-2.9304285,42.212883,-2.712062,-3.358182,0.5149545,0.57750183,0.55782944,0.5382597,0.33302614,0.45596886
4_1,4,1,g075_r08,43.42448,0.9255545,-2.930428,43.176674,0.18089294,-2.997202,0.78764695,0.840753,0.83649063,0.8039974,0.5906392,0.70314366
4_1,4,1,g075_r12,44.45976,4.7892585,-2.9304228,43.625565,3.831253,-2.6764202,1.2954426,0.92484415,0.80518395,1.1526659,0.8371465,0.89754856
4_1,4,1,g090_r04,41.353928,-2.8018517,-2.9304254,41.000153,-2.4533024,-3.585019,0.82166684,0.5803669,0.71118003,0.4827345,0.36696625,0.49908563
4_1,4,1,g090_r08,41.353928,1.1981469,-2.9304268,40.966476,0.83992004,-3.1130295,0.55838037,0.7657114,0.8509499,0.6728108,0.53190356,0.6212899
4_1,4,1,g090_r12,41.353928,5.198149,-2.930425,40.83721,4.5644817,-2.9484663,0.8178358,0.984391,1.1619475,0.8691056,0.7629377,0.81095
4_1,4,1,g105_r04,40.318653,-2.9381487,-2.9304254,39.754025,-2.5857382,-3.8330545,1.1214892,0.609112,0.7710981,0.4848633,0.4064318,0.5313171
4_1,4,1,g105_r08,39.283375,0.9255562,-2.9304256,38.658882,1.0276604,-3.4853668,0.8416508,0.6713904,0.84377986,1.055784,0.6327637,0.6830237
4_1,4,1,g105_r12,38.2481,4.789259,-2.9304264,37.68707,4.067816,-3.1264296,0.93469447,0.96121097,1.6823918,0.93817675,0.8835008,0.86734146
4_1,4,1,g120_r04,39.353928,-3.3377488,-2.930425,38.60601,-3.034296,-3.8549433,1.2272725,0.5860759,0.75944215,0.62280726,0.44006753,0.5616755
4_1,4,1,g120_r08,37.35393,0.12634964,-2.930427,36.69739,0.5277672,-3.3819094,0.89219785,0.64978904,0.9452939,0.8436227,0.5027962,0.6109247
4_1,4,1,g120_r12,35.353928,3.5904543,-2.9304242,35.260445,3.3308163,-2.6125183,0.4209693,0.92897004,1.511649,0.6684585,0.72852576,0.7523201
4_1,4,1,g135_r04,38.5255,-3.973424,-2.9304247,37.71234,-3.7148762,-3.6693134,1.1287305,0.50004786,0.70741117,0.6048387,0.42196643,0.5473849
4_1,4,1,g135_r08,35.697075,-1.1449959,-2.9304273,35.01047,-0.8980713,-2.9788427,0.73125935,0.78658134,0.88667434,0.5974713,0.42038897,0.55309784
4_1,4,1,g135_r12,32.86865,1.6834304,-2.930425,32.184258,1.9419041,-2.6110249,0.7982582,0.7385242,0.966408,0.87805104,0.47732764,0.60065526
4_1,4,1,g150_r04,37.889828,-4.8018513,-2.930426,37.078293,-4.423602,-3.6561298,1.1525223,0.50029474,0.7750377,0.52308804,0.441526,0.5757135
4_1,4,1,g150_r08,34.425724,-2.8018517,-2.9304245,33.49809,-2.4819756,-2.7983017,0.99009305,0.6674817,0.7679075,0.5879182,0.42505422,0.57492006
4_1,4,1,g150_r12,30.961624,-0.80185103,-2.9304264,29.781982,-0.42648125,-2.5616703,1.2916803,0.84114194,0.8653138,0.771337,0.47693187,0.6325859
4_1,4,1,g165_r04,37.490227,-5.7665753,-2.930425,36.68486,-5.366042,-3.6833458,1.1730013,0.5281488,0.77740914,0.5146066,0.45724368,0.5946689
4_1,4,1,g165_r08,33.626522,-4.7312984,-2.9304264,32.669018,-4.2961206,-3.375723,1.1421398,0.63104326,0.8991565,0.60189146,0.52796996,0.66679513
4_1,4,1,g165_r12,29.76282,-3.696023,-2.9304252,28.473557,-3.0677252,-3.23985,1.4672084,0.7768585,0.81306326,0.694444,0.58144015,0.7001579
4_1,4,1,g180_r04,37.353928,-6.8018527,-2.9304256,36.544006,-6.511904,-3.5084162,1.0363957,0.55161685,0.72231424,0.5549326,0.4231303,0.56923866
4_1,4,1,g180_r08,33.353928,-6.8018527,-2.9304283,32.50299,-6.5162106,-3.4309893,1.0277385,0.75395894,0.7642627,0.65777946,0.5437492,0.6715272
4_1,4,1,g180_r12,29.353931,-6.801852,-2.9304264,28.521313,-6.1537704,-3.2003794,1.0890999,0.81162155,1.103714,0.8066245,0.6371394,0.7323686
4_1,4,1,g195_r04,37.490227,-7.837127,-2.9304261,36.778385,-7.790694,-3.307146,0.80671704,0.5487996,0.51021886,0.61948925,0.38811722,0.5344118
4_1,4,1,g195_r08,33.626522,-8.872404,-2.930427,33.10373,-8.558151,-3.4085255,0.7750131,0.6143437,1.0149306,0.762065,0.5682542,0.6895018
4_1,4,1,g195_r12,29.76282,-9.90768,-2.9304302,29.569542,-9.193919,-3.0624685,0.7511619,0.9730236,1.4004921,0.7644986,0.62076056,0.71001524
4_1,4,1,g210_r04,37.889828,-8.801851,-2.9304245,37.397694,-9.026312,-3.1601162,0.58765364,0.5380526,0.45838898,0.63952076,0.4040165,0.53659755
4_1,4,1,g210_r08,34.425724,-10.801851,-2.9304264,34.1224,-10.760424,-3.1921034,0.4027376,0.67430717,1.0299863,0.74919504,0.5480011,0.6513537
4_1,4,1,g210_r12,30.961624,-12.801852,-2.9304266,30.966331,-12.275866,-2.382635,0.759447,1.085502,1.5065327,0.9148578,0.68442136,0.72592384
4_1,4,1,g225_r04,38.5255,-9.63028,-2.9304273,38.347645,-10.13507,-2.8894653,0.53677183,0.56558585,0.5531422,0.66898936,0.41818798,0.5476568
4_1,4,1,g225_r08,35.697075,-12.458706,-2.9304245,35.649555,-12.855303,-2.915144,0.3997258,0.6682703,1.1014057,0.85503054,0.5443943,0.64976746
4_1,4,1,g225_r12,32.86865,-15.287132,-2.9304273,32.877018,-15.3439,-2.0993843,0.83302164,0.9214967,1.724953,0.9406667,0.7298875,0.7846896
4_1,4,1,g240_r04,39.353928,-10.265953,-2.9304256,39.4832,-10.92383,-2.7100267,0.70575434,0.63529336,0.5528268,0.6322337,0.4219742,0.5577518
4_1,4,1,g240_r08,37.353928,-13.730055,-2.9304264,37.71193,-14.409745,-2.7433462,0.79065996,0.6446978,1.2325689,0.8902607,0.5497535,0.6642809
4_1,4,1,g240_r12,35.353928,-17.194159,-2.930426,35.99771,-17.33799,-2.0625248,1.0901362,0.7662971,2.1456683,1.0674953,0.7648106,0.8495726
4_1,4,1,g255_r04,40.318653,-10.665556,-2.9304261,40.644905,-11.4730015,-2.6116037,0.92739224,0.6804168,0.511322,0.64505553,0.4092646,0.54979825
4_1,4,1,g255_r08,39.283375,-14.529257,-2.9304266,39.804276,-15.504421,-2.678649,1.1338761,0.7643208,1.13041,0.767245,0.6332989,0.7449583
4_1,4,1,g255_r12,38.2481,-18.392962,-2.9304273,38.99226,-19.041195,-2.477705,1.085789,0.78258383,1.5611494,0.80135196,0.7685168,0.84277296
4_1,4,1,g270_r04,41.353928,-10.801851,-2.9304273,41.708096,-11.741533,-2.5749464,1.0652717,0.7638047,0.59264815,0.6906767,0.39368996,0.52767414
4_1,4,1,g270_r08,41.353928,-14.801852,-2.9304237,41.53883,-15.741536,-2.5096884,1.0460463,0.82957846,0.9217156,0.6807636,0.5099878,0.6329663
4_1,4,1,g270_r12,41.353928,-18.801851,-2.9304256,41.23827,-19.42419,-2.6455555,0.6941426,0.7857966,1.0472082,0.6583898,0.60095185,0.69698995
4_1,4,1,g285_r04,42.389206,-10.665554,-2.9304245,42.6056,-11.434315,-2.5788555,0.8725935,0.6438513,0.604582,0.58746094,0.3172142,0.4577888
4_1,4,1,g285_r08,43.42448,-14.529258,-2.930425,43.129856,-15.32348,-2.328947,1.0389261,0.854538,0.90981895,0.5717551,0.3891877,0.53274375
4_1,4,1,g285_r12,44.45976,-18.39296,-2.9304273,44.04371,-19.103775,-2.4214697,0.9681911,0.85390747,0.77233636,0.8741215,0.52239317,0.640957
4_1,4,1,g300_r04,43.353928,-10.265954,-2.9304242,43.359055,-10.819616,-2.599804,0.644886,0.54210967,0.74441373,0.54403424,0.27827704,0.41496393
4_1,4,1,g300_r08,45.353928,-13.730053,-2.930427,45.022835,-14.002089,-2.430256,0.6586327,0.73390526,0.87687224,0.7487356,0.37725234,0.5049455
4_1,4,1,g300_r12,47.353928,-17.194157,-2.9304252,46.784317,-17.542221,-2.620678,0.73589975,0.95079845,0.8590029,0.91451645,0.4208094,0.54927266
4_1,4,1,g315_r04,44.182354,-9.630278,-2.9304254,44.018593,-10.007242,-2.6557055,0.49435923,0.5641031,0.69806284,0.525037,0.27857742,0.41075352
4_1,4,1,g315_r08,47.010784,-12.458705,-2.9304264,46.57864,-12.574245,-2.5943108,0.5595283,0.72136974,0.7827814,0.8264326,0.34659123,0.47779104
4_1,4,1,g315_r12,49.83921,-15.287134,-2.9304297,49.18371,-15.447638,-2.8054934,0.68633354,0.7384382,0.9709593,0.8370659,0.36626652,0.49086344
4_1,4,1,g330_r04,44.81803,-8.801851,-2.9304276,44.560646,-9.005857,-2.8888826,0.3310463,0.5814175,0.5942812,0.5561395,0.3156043,0.42815012
4_1,4,1,g330_r08,48.28213,-10.801852,-2.9304252,47.65953,-10.701445,-3.0111885,0.6357954,0.5550548,0.6901424,0.791632,0.3301399,0.4562542
4_1,4,1,g330_r12,51.746235,-12.801849,-2.9304235,50.47945,-12.762687,-3.125864,1.2823706,0.70631033,0.9852485,0.80613416,0.4454378,0.5619601
4_1,4,1,g345_r04,45.217632,-7.837128,-2.9304237,44.905216,-8.011463,-3.0815277,0.38836697,0.53191495,0.577486,0.56988287,0.3233025,0.44634184
4_1,4,1,g345_r08,49.081337,-8.872405,-2.9304242,48.278076,-8.596896,-3.1299582,0.8723227,0.6446568,1.0100948,0.87087345,0.37255657,0.510979
4_1,4,1,g345_r12,52.945038,-9.90768,-2.930428,51.039543,-10.117179,-2.632368,1.9400102,0.8062402,1.4844707,0.99711704,0.6458463,0.7546018
4_2,4,2,0_right,51.353928,-6.801852,-2.9304283,51.34147,-7.3097763,-2.9847012,0.5109673,0.91617554,1.4012972,1.5111157,0.5924242,0.8270909
4_2,4,2,135_fwd_left,34.28286,0.2692157,-2.9304287,34.441013,0.702301,-3.5837727,0.799646,0.90577066,2.2382898,0.8816024,0.50756174,0.7328058
4_2,4,2,180_left,31.353933,-6.801854,-2.9304256,30.90115,-6.679261,-4.036541,1.2014712,0.8114829,1.259401,0.97905535,0.56923765,0.79659206
4_2,4,2,225_back_left,34.28286,-13.872919,-2.930426,34.851448,-14.272673,-1.4967451,1.5932784,1.021717,1.2774013,1.0374569,0.6960333,0.9457294
4_2,4,2,270_backward,41.353928,-16.801853,-2.930425,41.451637,-16.887186,-3.0775518,0.19615097,0.7831675,1.3168467,0.8150979,0.45256352,0.6744582
4_2,4,2,315_back_right,48.424995,-13.872917,-2.9304233,48.25578,-13.580736,-3.3834782,0.56503326,0.7707578,1.2164824,1.0386058,0.6424472,0.8554642
4_2,4,2,45_fwd_right,48.424995,0.2692162,-2.930429,48.19123,-2.1277027,-1.774415,2.6713734,1.7642133,1.6731018,1.7827189,0.88564265,1.1466016
4_2,4,2,90_forward,41.353928,3.198148,-2.930426,40.151264,1.3613415,-2.8758593,2.1961865,0.9932126,1.8424294,1.1087694,0.7819293,1.0555315
4_2,4,2,g000_r04,45.353928,-6.8018517,-2.9304247,44.913887,-6.875043,-3.749671,0.93282217,0.77814597,1.4628469,1.0961415,0.52439076,0.789364
4_2,4,2,g000_r08,49.353928,-6.8018527,-2.9304292,49.19576,-6.9497557,-3.0674725,0.2562684,0.8784376,1.3535813,1.4371196,0.5375334,0.74885964
4_2,4,2,g000_r12,53.353928,-6.8018503,-2.9304237,53.221596,-8.059365,-3.1808033,1.2890095,0.94421995,1.5085741,1.4834415,0.76401806,1.0118362
4_2,4,2,g015_r04,45.217632,-5.766576,-2.930426,44.79251,-5.842247,-3.760355,0.9355408,0.83458793,1.5580332,1.1260818,0.5630301,0.818525
4_2,4,2,g015_r08,49.081337,-4.7312956,-2.930421,48.996048,-5.3912497,-2.626402,0.73160183,1.143939,1.449584,1.5373632,0.6122912,0.84155416
4_2,4,2,g015_r12,52.945038,-3.6960225,-2.9304283,52.571304,-5.715768,-3.2958984,2.0862925,1.1517471,1.6942686,1.7562563,0.89456856,1.1512024
4_2,4,2,g030_r04,44.818035,-4.8018527,-2.9304273,44.399113,-4.9692173,-3.6180458,0.8223905,0.99353737,1.7245095,1.0865601,0.59665126,0.83362323
4_2,4,2,g030_r08,48.28213,-2.801852,-2.9304276,48.245598,-3.8352575,-2.1958542,1.2684084,1.4566251,1.5366658,1.5549281,0.6882096,0.9186894
4_2,4,2,g030_r12,51.746235,-0.80185294,-2.9304292,51.343895,-3.6789236,-2.6866388,2.9152782,1.3784468,1.7892485,1.9714773,0.9921621,1.2589428
4_2,4,2,g045_r04,44.182354,-3.9734235,-2.9304237,43.712322,-4.280902,-3.5234833,0.8168185,1.1078017,1.7883072,0.9564166,0.5889277,0.8240616
4_2,4,2,g045_r08,47.010784,-1.1449966,-2.9304237,46.785706,-2.4979105,-2.1055307,1.600464,1.6605977,1.5426385,1.4949431,0.76149994,0.99855953
4_2,4,2,g045_r12,49.83921,1.6834283,-2.9304261,49.26778,-1.082983,-1.8883171,3.010906,1.6241226,1.877077,2.0374038,1.0143855,1.2741541
4_2,4,2,g060_r04,43.353928,-3.33775,-2.930426,42.86676,-3.6062508,-3.5499601,0.8326148,1.076702,1.5828035,0.9129383,0.5660374,0.8045957
4_2,4,2,g060_r08,45.353928,0.12635292,-2.930429,44.673462,-1.4281845,-2.3602219,1.7901833,1.7239449,1.5351219,1.2889153,0.7562461,1.018516
4_2,4,2,g060_r12,47.353928,3.5904546,-2.9304292,46.7011,1.1948643,-2.063878,2.6298192,1.5761677,1.8229209,1.893058,0.9580059,1.2264695
4_2,4,2,g075_r04,42.389206,-2.938149,-2.9304285,41.830784,-3.0676718,-3.7817688,1.0263487,0.88472,1.1682698,0.8097913,0.49146143,0.75094116
4_2,4,2,g075_r08,43.42448,0.9255545,-2.930428,42.462738,-0.6945286,-2.9684649,1.8844268,1.3302239,1.4982145,1.1614805,0.7326497,0.9939677
4_2,4,2,g075_r12,44.45976,4.7892585,-2.9304228,43.12482,2.3768196,-2.0047626,2.908396,1.2975452,1.8775345,1.6992754,0.99735194,1.253934
4_2,4,2,g090_r04,41.353928,-2.8018517,-2.9304254,40.77599,-2.8544655,-3.9874115,1.2058194,0.77595645,1.1316084,0.76300615,0.49167046,0.7593174
4_2,4,2,g090_r08,41.353928,1.1981469,-2.9304268,40.497425,-0.12730026,-3.2021914,1.6013316,1.1279912,1.3076242,0.8488457,0.6153233,0.8914108
4_2,4,2,g090_r12,41.353928,5.198149,-2.930425,40.082237,2.9455986,-2.3897943,2.6426241,1.0592334,2.2047276,1.278509,0.94639826,1.1994815
4_2,4,2,g105_r04,40.318653,-2.9381487,-2.9304254,39.726326,-2.904953,-4.1499453,1.3561645,0.75601274,1.1368405,0.8737641,0.50492805,0.7767049
4_2,4,2,g105_r08,39.283375,0.9255562,-2.9304256,38.986446,0.38960648,-3.2927246,0.71180695,0.8753679,1.1638587,0.9198414,0.5648261,0.7886004
4_2,4,2,g105_r12,38.2481,4.789259,-2.9304264,37.94825,3.0729618,-2.6046333,1.7724918,0.9276322,1.8713207,0.9401467,0.80294603,1.0703673
4_2,4,2,g120_r04,39.353928,-3.3377488,-2.930425,38.83883,-3.3013668,-3.8124542,1.0220695,0.79193217,1.1877923,0.87905985,0.48072913,0.74694157
4_2,4,2,g120_r08,37.35393,0.12634964,-2.930427,37.430817,0.13216019,-3.653283,0.7269566,0.8152053,1.5602822,0.8260218,0.49446726,0.72056633
4_2,4,2,g120_r12,35.353928,3.5904543,-2.9304242,35.613415,3.066145,-3.0997086,0.6090083,1.0976583,2.3773115,0.94200265,0.66254187,0.882098
4_2,4,2,g135_r04,38.5255,-3.973424,-2.9304247,37.990448,-3.929184,-3.4905996,0.7759092,0.84901685,1.490416,0.9096592,0.51812273,0.7652919
4_2,4,2,g135_r08,35.697075,-1.1449959,-2.9304273,35.481243,-0.8305321,-3.822504,0.9701916,0.8581393,1.5220823,0.8413337,0.5134733,0.77229875
4_2,4,2,g135_r12,32.86865,1.6834304,-2.930425,33.105186,2.0663033,-3.1793795,0.5143152,0.9778796,2.6515996,0.96400344,0.5347586,0.74618244
4_2,4,2,g150_r04,37.889828,-4.8018513,-2.930426,37.40725,-4.7196627,-3.4056187,0.68223524,0.81539774,1.4430429,0.9349844,0.5036798,0.75034153
4_2,4,2,g150_r08,34.425724,-2.8018517,-2.9304245,33.829758,-2.5792122,-3.2578688,0.7155166,0.79705507,1.2030823,0.9312771,0.5123111,0.7657723
4_2,4,2,g150_r12,30.961624,-0.80185103,-2.9304264,30.636446,-0.5961075,-3.1010914,0.42094868,0.8655949,1.2384408,1.0763768,0.57201356,0.8105401
4_2,4,2,g165_r04,37.490227,-5.7665753,-2.930425,37.027184,-5.56538,-3.4245224,0.7064141,0.78089875,1.4792379,0.91740066,0.49225175,0.7431597
4_2,4,2,g165_r08,33.626522,-4.7312984,-2.9304264,32.973267,-4.3925877,-3.5060587,0.9342485,0.7427651,1.2541262,0.9413787,0.52097183,0.7766749
4_2,4,2,g165_r12,29.76282,-3.696023,-2.9304252,28.885406,-3.3990593,-3.2708244,0.98687,0.7683858,1.2993771,1.0166209,0.5715009,0.8094399
4_2,4,2,g180_r04,37.353928,-6.8018527,-2.9304256,36.84781,-6.614502,-3.3307018,0.6719208,0.8670183,1.5002661,0.93799514,0.49774584,0.74643844
4_2,4,2,g180_r08,33.353928,-6.8018527,-2.9304283,33.131096,-6.7432594,-3.8744488,0.9717314,0.792494,1.2764581,0.927512,0.52695763,0.75155914
4_2,4,2,g180_r12,29.353931,-6.801852,-2.9304264,28.925127,-6.6779814,-3.907051,1.0737845,0.8331307,1.3011901,1.115572,0.6187895,0.8472407
4_2,4,2,g195_r04,37.490227,-7.837127,-2.9304261,36.979942,-7.7339163,-3.1825342,0.5784472,0.9543318,1.4407626,0.96695864,0.5071841,0.74863964
4_2,4,2,g195_r08,33.626522,-8.872404,-2.930427,33.81059,-9.00473,-3.4389496,0.5567638,0.85362047,1.3367847,0.95046544,0.56182075,0.77261436
4_2,4,2,g195_r12,29.76282,-9.90768,-2.9304302,30.148026,-10.096468,-2.991353,0.43328568,1.0727386,1.314918,1.052306,0.65248793,0.8684184
4_2,4,2,g210_r04,37.889828,-8.801851,-2.9304245,37.462578,-8.771447,-2.984665,0.43175098,0.9573143,1.3656892,0.98507077,0.49924713,0.7269306
4_2,4,2,g210_r08,34.425724,-10.801851,-2.9304264,34.836613,-11.060131,-2.5607824,0.6100611,1.0149456,1.3507435,0.9619552,0.5798226,0.78440857
4_2,4,2,g210_r12,30.961624,-12.801852,-2.9304266,31.426023,-13.277594,-1.920227,1.2093385,1.121738,1.2429284,1.0380803,0.7190967,0.95278156
4_2,4,2,g225_r04,38.5255,-9.63028,-2.9304273,38.182198,-9.679928,-2.7054863,0.41342574,0.92118204,1.2355245,0.9703158,0.47812498,0.70245266
4_2,4,2,g225_r08,35.697075,-12.458706,-2.9304245,35.98056,-12.655928,-2.0126896,0.9805599,1.022151,1.3753679,1.0204922,0.60115606,0.82115006
4_2,4,2,g225_r12,32.86865,-15.287132,-2.9304273,33.238632,-15.688669,-1.1295862,1.881794,1.0461406,1.3095871,1.0389359,0.77652526,1.0350987
4_2,4,2,g240_r04,39.353928,-10.265953,-2.9304256,39.04689,-10.359719,-2.6304216,0.43939328,0.9087468,1.1176208,1.0271109,0.4576857,0.6790346
4_2,4,2,g240_r08,37.353928,-13.730055,-2.9304264,37.562065,-13.964612,-1.8617935,1.1136941,0.905547,1.263125,1.068002,0.55487704,0.79876435
4_2,4,2,g240_r12,35.353928,-17.194159,-2.930426,35.914753,-17.615562,-1.3148108,1.76134,1.0082737,1.3070251,1.2473309,0.7619842,1.0181279
4_2,4,2,g255_r04,40.318653,-10.665556,-2.9304261,39.953465,-10.812203,-2.732296,0.44059473,0.8456745,1.1184013,0.92364216,0.39679623,0.62025166
4_2,4,2,g255_r08,39.283375,-14.529257,-2.9304266,39.35721,-14.871859,-2.3162975,0.70709395,0.7751286,1.2286556,1.0227935,0.42180103,0.64920825
4_2,4,2,g255_r12,38.2481,-18.392962,-2.9304273,38.78708,-19.072697,-1.9336796,1.3213795,0.995644,1.3928956,0.99994606,0.50542915,0.75172275
4_2,4,2,g270_r04,41.353928,-10.801851,-2.9304273,41.02402,-10.956898,-3.025072,0.3766103,0.85000885,1.1221662,0.9901053,0.36468443,0.57947445
4_2,4,2,g270_r08,41.353928,-14.801852,-2.9304237,41.35474,-14.923028,-3.0971088,0.20607802,0.7784209,1.2855107,0.8501419,0.41526705,0.63395524
4_2,4,2,g270_r12,41.353928,-18.801851,-2.9304256,41.423454,-18.927147,-2.7152395,0.2585305,0.8511927,1.2636552,0.8408437,0.48301533,0.69758976
4_2,4,2,g285_r04,42.389206,-10.665554,-2.9304245,42.025795,-10.773241,-3.2495127,0.4954607,0.7746634,1.1382723,0.836244,0.39213985,0.62842107
4_2,4,2,g285_r08,43.42448,-14.529258,-2.930425,43.23615,-14.435547,-3.234352,0.36962447,0.99629194,1.2013943,0.82584614,0.4802511,0.69799846
4_2,4,2,g285_r12,44.45976,-18.39296,-2.9304273,44.41526,-18.221874,-3.032774,0.20426735,1.1018,1.4105933,0.8456841,0.64696276,0.8142447
4_2,4,2,g300_r04,43.353928,-10.265954,-2.9304242,42.95156,-10.362643,-3.4008331,0.626524,0.76618016,1.1973389,0.8190492,0.4390459,0.6810897
4_2,4,2,g300_r08,45.353928,-13.730053,-2.930427,44.89772,-13.489504,-3.3351889,0.6556074,0.8893169,1.2041018,0.8591892,0.5651881,0.7979467
4_2,4,2,g300_r12,47.353928,-17.194157,-2.9304252,47.055626,-16.959673,-3.3863173,0.59313077,0.8752448,1.3712112,0.884873,0.67863125,0.8818247
4_2,4,2,g315_r04,44.182354,-9.630278,-2.9304254,43.6886,-9.708211,-3.4741144,0.73855644,0.7680824,1.226618,0.85254204,0.46547037,0.7156422
4_2,4,2,g315_r08,47.010784,-12.458705,-2.9304264,46.663826,-12.245541,-3.226016,0.5031821,0.77716714,1.192611,0.99758464,0.58173484,0.8042371
4_2,4,2,g315_r12,49.83921,-15.287134,-2.9304297,49.804558,-14.840712,-3.2023926,0.52388716,0.79483855,1.2246263,0.98961085,0.6609233,0.86407894
4_2,4,2,g330_r04,44.81803,-8.801851,-2.9304276,44.315765,-8.898349,-3.5033655,0.7680109,0.7587515,1.2065724,0.95970917,0.46531495,0.719107
4_2,4,2,g330_r08,48.28213,-10.801852,-2.9304252,48.127357,-10.530977,-3.3041,0.48678645,0.7582079,1.2016622,1.1299269,0.5427563,0.7709495
4_2,4,2,g330_r12,51.746235,-12.801849,-2.9304235,51.88804,-12.277898,-3.554286,0.8269449,0.8145481,1.2326266,1.0447292,0.5974997,0.832229
4_2,4,2,g345_r04,45.217632,-7.837128,-2.9304237,44.735256,-7.952855,-3.548481,0.7925113,0.7711758,1.3129826,1.0381267,0.48374215,0.7447563
4_2,4,2,g345_r08,49.081337,-8.872405,-2.9304242,48.983406,-8.506899,-3.3682613,0.57869387,0.7289823,1.2139889,1.2749236,0.5214307,0.7607671
4_2,4,2,g345_r12,52.945038,-9.90768,-2.930428,53.024582,-10.330373,-3.099657,0.462207,0.8272463,1.3125328,1.2366874,0.6380302,0.87300885
4_9,4,9,0_right,51.353928,-6.801852,-2.9304283,50.182526,-6.143264,-2.0257664,1.6199797,0.5373729,1.4623775,1.7938623,0.9190827,1.4137908
4_9,4,9,135_fwd_left,34.28286,0.2692157,-2.9304287,33.681442,0.66968155,-2.7707434,0.7399833,1.0267856,1.5309249,0.96391684,0.67853755,1.1139861
4_9,4,9,180_left,31.353933,-6.801854,-2.9304256,30.59198,-6.943741,-3.879362,1.2252287,0.7375276,1.9054481,0.7166307,0.7442575,1.2379075
4_9,4,9,225_back_left,34.28286,-13.872919,-2.930426,34.32035,-14.381559,-4.039097,1.2203572,0.7506831,2.077959,1.0712242,0.93535507,1.4241159
4_9,4,9,270_backward,41.353928,-16.801853,-2.930425,41.281597,-16.814547,-3.194109,0.273719,0.62292933,1.2686108,1.0215663,0.7551495,1.1797656
4_9,4,9,315_back_right,48.424995,-13.872917,-2.9304233,47.491463,-13.148106,-2.4594355,1.2722675,0.42868987,1.3910359,1.2505159,0.76237077,1.2719358
4_9,4,9,45_fwd_right,48.424995,0.2692162,-2.930429,47.31402,-1.002142,-1.6030979,2.1476567,0.81829715,1.5559694,2.0394204,0.98350173,1.5386227
4_9,4,9,90_forward,41.353928,3.198148,-2.930426,40.529434,2.2073174,-2.8140955,1.294244,0.6849562,1.7951273,1.494441,0.9229748,1.4248521
4_9,4,9,g000_r04,45.353928,-6.8018517,-2.9304247,44.799393,-6.205578,-2.5687475,0.8909893,0.3567858,1.2844446,1.2665367,0.82595694,1.3197832
4_9,4,9,g000_r08,49.353928,-6.8018527,-2.9304292,48.477757,-6.0203104,-2.0994768,1.4383901,0.493161,1.3417609,1.8098708,0.942349,1.4448838
4_9,4,9,g000_r12,53.353928,-6.8018503,-2.9304237,52.422066,-6.2765512,-2.7972565,1.0779792,0.7430175,1.525531,1.9522442,1.0253452,1.526258
4_9,4,9,g015_r04,45.217632,-5.766576,-2.930426,44.635387,-5.2447243,-2.3882809,0.9514512,0.43486312,1.3127877,1.314232,0.86566454,1.361863
4_9,4,9,g015_r08,49.081337,-4.7312956,-2.930421,48.060913,-4.7265425,-1.9034748,1.4477245,0.51137316,1.454669,1.9271253,0.9197943,1.4457314
4_9,4,9,g015_r12,52.945038,-3.6960225,-2.9304283,51.310806,-3.9533348,-2.3875113,1.7411723,0.94418764,1.5177481,2.201505,1.0896897,1.6254176
4_9,4,9,g030_r04,44.818035,-4.8018527,-2.9304273,44.16427,-4.223402,-2.2170153,1.1273743,0.5279357,1.357045,1.2982914,0.8669249,1.3722782
4_9,4,9,g030_r08,48.28213,-2.801852,-2.9304276,47.28137,-3.401126,-1.8980198,1.5577295,0.62762195,1.4977027,1.8765099,0.9188782,1.4587291
4_9,4,9,g030_r12,51.746235,-0.80185294,-2.9304292,49.653145,-1.7205791,-1.9374161,2.4922197,1.0543851,1.5927663,2.3850713,1.1113752,1.6806903
4_9,4,9,g045_r04,44.182354,-3.9734235,-2.9304237,43.4029,-3.397666,-2.2087488,1.2082462,0.55908984,1.4497026,1.2112463,0.8164934,1.3282453
4_9,4,9,g045_r08,47.010784,-1.1449966,-2.9304237,46.360615,-2.1713696,-2.0663023,1.4909284,0.678059,1.5731955,1.6079878,0.8918802,1.412969
4_9,4,9,g045_r12,49.83921,1.6834283,-2.9304261,47.952644,0.002626419,-1.6973963,2.8115103,1.0618856,1.6343929,2.3506656,1.0940738,1.6688194
4_9,4,9,g060_r04,43.353928,-3.33775,-2.930426,42.55309,-2.750782,-2.343296,1.1535141,0.6568657,1.6433738,0.9266532,0.7600676,1.2655864
4_9,4,9,g060_r08,45.353928,0.12635292,-2.930429,44.69508,-0.9539852,-2.196969,1.4625916,0.6880243,1.7850169,1.547671,0.8747144,1.3778837
4_9,4,9,g060_r12,47.353928,3.5904546,-2.9304292,46.23043,1.1196384,-2.0190086,2.8631916,0.9748142,1.6482309,1.9107187,1.0699469,1.6314301
4_9,4,9,g075_r04,42.389206,-2.938149,-2.9304285,41.54476,-2.2015123,-2.5652523,1.1785896,0.66336614,1.6213422,0.794262,0.74464166,1.2417445
4_9,4,9,g075_r08,43.42448,0.9255545,-2.930428,42.58633,0.12264061,-2.2391768,1.3509235,0.7242787,1.8768355,1.4453197,0.8451172,1.3487036
4_9,4,9,g075_r12,44.45976,4.7892585,-2.9304228,43.690582,2.2505054,-2.5202417,2.6842406,0.7541865,1.8078561,1.8197942,1.0947069,1.6251283
4_9,4,9,g090_r04,41.353928,-2.8018517,-2.9304254,40.521564,-2.0181046,-2.7992058,1.1507852,0.54717624,1.5427198,0.7306993,0.75812346,1.2360847
4_9,4,9,g090_r08,41.353928,1.1981469,-2.9304268,40.577568,0.9377823,-2.750699,0.83834714,0.7132224,1.8309479,1.2598234,0.81741905,1.302588
4_9,4,9,g090_r12,41.353928,5.198149,-2.930425,40.917572,3.2595844,-3.0778837,1.992532,0.7556675,1.7897282,1.6256071,1.0790675,1.6016451
4_9,4,9,g105_r04,40.318653,-2.9381487,-2.9304254,39.411552,-2.2030077,-3.0594873,1.1747004,0.46041718,1.4430182,0.81550497,0.72246426,1.1967462
4_9,4,9,g105_r08,39.283375,0.9255562,-2.9304256,38.56257,1.0922337,-3.1341085,0.76735234,0.67206573,1.510652,1.4333514,0.76559407,1.2549144
4_9,4,9,g105_r12,38.2481,4.789259,-2.9304264,37.709976,3.545744,-2.8746357,1.3561046,1.0818888,1.4160396,1.4397361,0.9676381,1.4944377
4_9,4,9,g120_r04,39.353928,-3.3377488,-2.930425,38.364746,-2.7902365,-3.0940924,1.142382,0.37331793,1.3466631,0.85410315,0.7130811,1.1839434
4_9,4,9,g120_r08,37.35393,0.12634964,-2.930427,36.9352,0.6714077,-2.953907,0.6877324,0.77182764,1.48422,0.9440687,0.69455206,1.1541258
4_9,4,9,g120_r12,35.353928,3.5904543,-2.9304242,34.574265,3.2219563,-2.1588678,1.1571363,1.1912612,1.3467189,1.1557664,0.76569635,1.2613055
4_9,4,9,g135_r04,38.5255,-3.973424,-2.9304247,37.532745,-3.5817108,-3.1575203,1.0911351,0.32717308,1.4551176,0.8937169,0.7288805,1.2113007
4_9,4,9,g135_r08,35.697075,-1.1449959,-2.9304273,35.333275,-0.53875923,-2.8252916,0.71479154,0.7730589,1.3572596,0.7460646,0.65636563,1.0910282
4_9,4,9,g135_r12,32.86865,1.6834304,-2.930425,31.82352,1.9670925,-2.6569986,1.1169237,1.1973855,1.4639032,1.2202462,0.7510734,1.220035
4_9,4,9,g150_r04,37.889828,-4.8018513,-2.930426,36.88432,-4.50035,-3.4699202,1.1802561,0.33234996,1.5605011,0.90500337,0.7398009,1.2221717
4_9,4,9,g150_r08,34.425724,-2.8018517,-2.9304245,33.748184,-2.4831982,-2.9900684,0.75110435,0.42489427,1.5014111,0.65005267,0.687133,1.13688
4_9,4,9,g150_r12,30.961624,-0.80185103,-2.9304264,29.913399,-0.47691345,-2.9837627,1.0987291,0.7724143,1.8260115,0.8288531,0.6926578,1.146439
4_9,4,9,g165_r04,37.490227,-5.7665753,-2.930425,36.480396,-5.6159744,-3.715384,1.2878661,0.4196926,1.5974509,1.0285602,0.75953174,1.2465645
4_9,4,9,g165_r08,33.626522,-4.7312984,-2.9304264,32.91898,-4.7922306,-3.3566718,0.8282597,0.4646166,1.506728,0.73404646,0.7546535,1.2210374
4_9,4,9,g165_r12,29.76282,-3.696023,-2.9304252,28.545261,-4.082844,-3.604693,1.4445465,0.49242213,1.4540569,0.7171316,0.7677614,1.2461025
4_9,4,9,g180_r04,37.353928,-6.8018527,-2.9304256,36.353497,-6.7916822,-3.724021,1.2770119,0.59419894,1.6124737,1.0806538,0.7836462,1.2699869
4_9,4,9,g180_r08,33.353928,-6.8018527,-2.9304283,32.855682,-6.9046307,-3.6985703,0.9213326,0.75807416,1.7155616,0.72217125,0.7472511,1.2271309
4_9,4,9,g180_r12,29.353931,-6.801852,-2.9304264,28.23182,-7.085457,-4.2432933,1.7501963,0.76944196,1.9802307,0.6863806,0.7645987,1.2758937
4_9,4,9,g195_r04,37.490227,-7.837127,-2.9304261,36.575058,-7.935585,-3.8840437,1.3253733,0.71103966,1.6584496,1.1048101,0.8011553,1.2792894
4_9,4,9,g195_r08,33.626522,-8.872404,-2.930427,33.267212,-8.982086,-3.8097305,0.9561948,0.86495423,2.0415893,0.7313178,0.75171,1.2432212
4_9,4,9,g195_r12,29.76282,-9.90768,-2.9304302,29.472088,-10.345342,-4.251157,1.4214048,1.0185983,2.1927793,0.6898114,0.8663142,1.4079831
4_9,4,9,g210_r04,37.889828,-8.801851,-2.9304245,37.00508,-8.986778,-3.953485,1.3651474,0.7246041,1.7311193,1.0243661,0.7940378,1.2706307
4_9,4,9,g210_r08,34.425724,-10.801851,-2.9304264,34.11659,-11.134029,-3.9026856,1.0729376,0.9089001,2.071613,0.88137066,0.83521676,1.3149245
4_9,4,9,g210_r12,30.961624,-12.801852,-2.9304266,31.148336,-13.22563,-3.8228388,1.0054096,0.9597304,2.2155194,0.8928535,0.9469805,1.441848
4_9,4,9,g225_r04,38.5255,-9.63028,-2.9304273,37.601524,-9.774325,-3.8873677,1.33799,0.72835165,1.7656537,0.86465585,0.76420075,1.256185
4_9,4,9,g225_r08,35.697075,-12.458706,-2.9304245,35.261074,-12.963288,-3.9000187,1.1767808,0.7603056,2.0336673,1.0846446,0.8455696,1.3284639
4_9,4,9,g225_r12,32.86865,-15.287132,-2.9304273,33.078815,-15.873128,-3.9188929,1.1681718,0.7364026,2.1039243,1.0264497,0.98648643,1.4812483
4_9,4,9,g240_r04,39.353928,-10.265953,-2.9304256,38.50657,-10.394663,-3.845941,1.2540939,0.75130403,1.6958498,0.52311224,0.7280606,1.2256876
4_9,4,9,g240_r08,37.353928,-13.730055,-2.9304264,36.78251,-14.200651,-3.9022427,1.2216412,0.70762026,2.0277507,0.83891904,0.82067335,1.3244872
4_9,4,9,g240_r12,35.353928,-17.194159,-2.930426,35.38362,-18.15838,-4.0993223,1.5155609,0.6709697,2.0354097,1.0173988,0.9091157,1.4370492
4_9,4,9,g255_r04,40.318653,-10.665556,-2.9304261,39.47255,-10.7251625,-3.6970038,1.1432785,0.6642815,1.5464605,0.39483228,0.7144573,1.2003256
4_9,4,9,g255_r08,39.283375,-14.529257,-2.9304266,38.735374,-14.885673,-3.7909245,1.0806448,0.64396816,1.790437,0.6054131,0.7964868,1.2639714
4_9,4,9,g255_r12,38.2481,-18.392962,-2.9304273,38.409317,-18.84842,-3.8108168,1.00425,0.78542703,1.6845844,0.85737586,0.81025755,1.2757437
4_9,4,9,g270_r04,41.353928,-10.801851,-2.9304273,40.55571,-10.737616,-3.412943,0.9349327,0.58451617,1.4696797,0.38691914,0.71127594,1.1738167
4_9,4,9,g270_r08,41.353928,-14.801852,-2.9304237,40.94201,-14.832613,-3.5201783,0.7200234,0.6220274,1.4065319,0.891071,0.7591795,1.2085916
4_9,4,9,g270_r12,41.353928,-18.801851,-2.9304256,41.44974,-18.700691,-2.9072466,0.14124766,0.6455773,1.2004058,1.0840651,0.78366554,1.2162497
4_9,4,9,g285_r04,42.389206,-10.665554,-2.9304245,41.67146,-10.502432,-3.169507,0.7739055,0.3564814,1.3224064,0.6765987,0.6940687,1.1499752
4_9,4,9,g285_r08,43.42448,-14.529258,-2.930425,43.32625,-14.079826,-3.2998405,0.5900051,0.7250512,1.2140307,0.80251026,0.7674415,1.2126846
4_9,4,9,g285_r12,44.45976,-18.39296,-2.9304273,44.190483,-17.81388,-2.7477837,0.66422904,0.8131346,1.1871294,0.92504567,0.80458534,1.2740201
4_9,4,9,g300_r04,43.353928,-10.265954,-2.9304242,42.68522,-9.881273,-2.9483366,0.771668,0.25568566,1.1881346,0.87486506,0.70212954,1.1688118
4_9,4,9,g300_r08,45.353928,-13.730053,-2.930427,45.050858,-12.966881,-2.6615696,0.8640414,0.602073,1.1992495,0.9802268,0.74269867,1.2351573
4_9,4,9,g300_r12,47.353928,-17.194157,-2.9304252,46.50672,-16.586258,-2.5317507,1.1163514,0.81519777,1.3550152,1.0299443,0.78594005,1.2897029
4_9,4,9,g315_r04,44.182354,-9.630278,-2.9304254,43.461433,-9.14612,-2.99024,0.870467,0.32561284,1.1908313,0.973148,0.7026406,1.1766016
4_9,4,9,g315_r08,47.010784,-12.458705,-2.9304264,46.380173,-11.568741,-2.6207962,1.1338332,0.43870687,1.3465512,1.2196332,0.7417142,1.2490052
4_9,4,9,g315_r12,49.83921,-15.287134,-2.9304297,48.879936,-14.393778,-2.4593906,1.3929,0.5351046,1.3680007,1.1823468,0.7681128,1.2732207
4_9,4,9,g330_r04,44.81803,-8.801851,-2.9304276,44.15592,-8.227174,-2.970683,0.8776495,0.32133424,1.2675034,1.0802624,0.70963717,1.1901531
4_9,4,9,g330_r08,48.28213,-10.801852,-2.9304252,47.59852,-9.737046,-2.4275093,1.3616397,0.31208527,1.321719,1.3218576,0.8323171,1.3352436
4_9,4,9,g330_r12,51.746235,-12.801849,-2.9304235,51.232162,-11.477388,-2.3908806,1.5197282,0.4329997,1.422859,1.3361262,0.87119865,1.3684195
4_9,4,9,g345_r04,45.217632,-7.837128,-2.9304237,44.651726,-7.1799955,-2.7685595,0.8821981,0.29578862,1.275287,1.1942682,0.76231706,1.2542692
4_9,4,9,g345_r08,49.081337,-8.872405,-2.9304242,48.36445,-7.620797,-2.3971167,1.5378128,0.4396401,1.2999109,1.5485126,0.93407637,1.4257997
4_9,4,9,g345_r12,52.945038,-9.90768,-2.930428,52.57005,-8.652308,-2.7487268,1.32272,0.5275368,1.5215249,1.7018987,0.9608386,1.4462923
