time_s,true_wrist_X_cm,true_wrist_Y_cm,true_wrist_Z_cm,true_shoulder_elv_deg,true_shoulder_rot_deg,true_elbow_flexion_deg,pred_wrist_X_cm,pred_wrist_Y_cm,pred_wrist_Z_cm,pred_shoulder_elv_deg,pred_shoulder_rot_deg,pred_elbow_flexion_deg,l2_distance_cm
0.0,41.353928,-6.8018513,-2.930426,70.0,25.0,90.0,41.178886,-7.8620205,-0.611433,71.072945,24.050522,91.51748,2.5558417
0.004166666666666667,41.353928,-6.8018513,-2.930426,70.0,25.0,90.0,41.51543,-8.226521,-1.1671028,70.48709,23.887966,91.23079,2.2726798
0.008333333333333333,41.353928,-6.8018513,-2.930426,70.0,25.0,90.0,41.761356,-8.212524,-1.9326925,69.63223,24.07217,91.20422,1.7752377
0.0125,41.353928,-6.8018513,-2.930426,70.0,25.0,90.0,41.333473,-7.4738264,-2.5651283,71.11711,25.549175,90.14725,0.7651217
0.016666666666666666,41.353928,-6.8018513,-2.930426,70.0,25.0,90.0,41.16351,-6.717883,-2.197178,72.18845,27.131454,88.94332,0.7622089
0.020833333333333332,41.353928,-6.8018513,-2.930426,70.0,25.0,90.0,40.707306,-7.227564,-3.414422,70.200005,26.697079,88.707405,0.91301864
0.025,41.353928,-6.8018513,-2.930426,70.0,25.0,90.0,41.270523,-7.9346247,-3.0465841,70.03527,24.794712,89.04827,1.1417638
0.029166666666666667,41.353928,-6.8018513,-2.930426,70.0,25.0,90.0,41.369656,-7.6138716,-2.8338928,70.49309,25.185024,89.09578,0.81788933
0.03333333333333333,41.353928,-6.8018513,-2.930426,70.0,25.0,90.0,41.477478,-7.3936768,-2.7218685,70.70823,25.383514,89.06034,0.6395454
0.0375,41.353928,-6.8018513,-2.930426,70.0,25.0,90.0,41.530724,-7.297103,-2.6457376,70.88683,25.36195,89.02626,0.5979786
0.041666666666666664,41.353928,-6.8018513,-2.930426,70.0,25.0,90.0,41.573856,-7.2100706,-2.6328745,70.940315,25.396301,89.05297,0.5509524
0.04583333333333333,41.353928,-6.8018513,-2.930426,70.0,25.0,90.0,41.59039,-7.156742,-2.6475792,70.92263,25.377716,89.068855,0.5117263
0.05,41.353928,-6.8018513,-2.930426,70.0,25.0,90.0,41.5829,-7.1443033,-2.637126,70.96151,25.379173,89.091484,0.5056946
0.05416666666666667,41.353928,-6.8018513,-2.930426,70.0,25.0,90.0,41.5829,-7.1443014,-2.6371202,70.96151,25.379173,89.091484,0.50569665
0.058333333333333334,41.353928,-6.8018513,-2.930426,70.0,25.0,90.0,41.582897,-7.1443043,-2.637123,70.96151,25.379177,89.09148,0.5056952
0.0625,41.353928,-6.8018513,-2.930426,70.0,25.0,90.0,41.582897,-7.1443043,-2.6371212,70.96151,25.379177,89.091484,0.50569636
0.06666666666666667,41.353928,-6.8018513,-2.930426,70.0,25.0,90.0,41.5829,-7.1443033,-2.6371212,70.96151,25.379173,89.091484,0.50569737
0.07083333333333333,41.353928,-6.8018513,-2.930426,70.0,25.0,90.0,41.5829,-7.1443014,-2.6371222,70.96151,25.379173,89.091484,0.5056956
0.075,41.353928,-6.8018513,-2.930426,70.0,25.0,90.0,41.582897,-7.1443014,-2.6371212,70.96151,25.379177,89.091484,0.5056944
0.07916666666666666,41.353928,-6.8018513,-2.930426,70.0,25.0,90.0,41.582897,-7.1443033,-2.6371222,70.96151,25.37918,89.091484,0.5056951
0.08333333333333333,41.353928,-6.8018513,-2.930426,70.0,25.0,90.0,41.582897,-7.1443033,-2.6371222,70.96151,25.37918,89.091484,0.5056951
0.0875,41.353928,-6.8018513,-2.930426,70.0,25.0,90.0,41.582897,-7.1443043,-2.6371222,70.9615,25.37918,89.091484,0.50569576
0.09166666666666666,41.353928,-6.8018513,-2.930426,70.0,25.0,90.0,41.582897,-7.1443043,-2.6371202,70.96151,25.379177,89.091484,0.5056969
0.09583333333333334,41.353928,-6.8018513,-2.930426,70.0,25.0,90.0,41.582897,-7.144306,-2.6371202,70.96151,25.37918,89.091484,0.50569814
0.1,41.353928,-6.8018513,-2.930426,70.0,25.0,90.0,41.582897,-7.144308,-2.6371212,70.96151,25.37918,89.091484,0.5056989
0.10416666666666667,41.353928,-6.8018513,-2.930426,70.0,25.0,90.0,41.582897,-7.1443043,-2.6371202,70.96151,25.37918,89.091484,0.5056969
0.10833333333333334,41.353928,-6.8018513,-2.930426,70.0,25.0,90.0,41.5829,-7.1443043,-2.637123,70.96151,25.37918,89.091484,0.5056969
0.1125,41.353928,-6.8018513,-2.930426,70.0,25.0,90.0,41.582897,-7.144306,-2.6371202,70.96151,25.379177,89.091484,0.50569814
0.11666666666666667,41.353928,-6.8018513,-2.930426,70.0,25.0,90.0,41.5829,-7.1443033,-2.6371212,70.96151,25.37918,89.091484,0.50569737
0.12083333333333333,41.353928,-6.8018513,-2.930426,70.0,25.0,90.0,41.5829,-7.1443043,-2.6371202,70.96151,25.37918,89.091484,0.5056986
0.125,41.353928,-6.8018513,-2.930426,70.0,25.0,90.0,41.582897,-7.144306,-2.6371222,70.96151,25.379185,89.09148,0.505697
0.12916666666666668,41.353928,-6.8018513,-2.930426,70.0,25.0,90.0,41.582897,-7.1443043,-2.6371222,70.96151,25.379185,89.091484,0.50569576
0.13333333333333333,41.353928,-6.8018513,-2.930426,70.0,25.0,90.0,41.5829,-7.144306,-2.6371193,70.96151,25.37918,89.09148,0.5057004
0.1375,41.353928,-6.8018513,-2.930426,70.0,25.0,90.0,41.582905,-7.1443043,-2.6371202,70.96151,25.37918,89.09148,0.5057003
0.14166666666666666,41.353928,-6.8018513,-2.930426,70.0,25.0,90.0,41.5829,-7.144309,-2.637123,70.96151,25.379189,89.09148,0.5057002
0.14583333333333334,41.353928,-6.8018513,-2.930426,70.0,25.0,90.0,41.5829,-7.144308,-2.637123,70.96151,25.37918,89.09148,0.5056995
0.15,41.353928,-6.8018513,-2.930426,70.0,25.0,90.0,41.5829,-7.144306,-2.6371212,70.96152,25.379185,89.09148,0.50569934
0.15416666666666667,41.353928,-6.8018513,-2.930426,70.0,25.0,90.0,41.5829,-7.144309,-2.637123,70.96152,25.379185,89.09147,0.5057002
0.15833333333333333,41.353928,-6.8018513,-2.930426,70.0,25.0,90.0,41.5829,-7.144308,-2.637123,70.96151,25.37918,89.09147,0.5056995
0.1625,41.353928,-6.8018513,-2.930426,70.0,25.0,90.0,41.5829,-7.144309,-2.6371212,70.96151,25.379177,89.09147,0.5057013
0.16666666666666666,41.353928,-6.8018513,-2.930426,70.0,25.0,90.0,41.5829,-7.144308,-2.6371202,70.96151,25.379185,89.09147,0.5057012
0.17083333333333334,41.353928,-6.8018513,-2.930426,70.0,25.0,90.0,41.582897,-7.144309,-2.637123,70.96151,25.379177,89.09147,0.50569844
0.175,41.353928,-6.8018513,-2.930426,70.0,25.0,90.0,41.5829,-7.144308,-2.637123,70.9615,25.379177,89.09147,0.5056995
0.17916666666666667,41.353928,-6.8018513,-2.930426,70.0,25.0,90.0,41.582897,-7.144309,-2.6371183,70.96151,25.37918,89.09147,0.5057012
0.18333333333333332,41.353928,-6.8018513,-2.930426,70.0,25.0,90.0,41.582897,-7.144308,-2.6371174,70.9615,25.379173,89.09147,0.5057011
0.1875,41.353928,-6.8018513,-2.930426,70.0,25.0,90.0,41.5829,-7.144308,-2.6371222,70.9615,25.379173,89.09147,0.50570005
0.19166666666666668,41.353928,-6.8018513,-2.930426,70.0,25.0,90.0,41.5829,-7.144308,-2.6371222,70.96151,25.379177,89.09147,0.50570005
0.19583333333333333,41.353928,-6.8018513,-2.930426,70.0,25.0,90.0,41.5829,-7.144306,-2.6371222,70.9615,25.379177,89.09147,0.5056988
0.2,41.353928,-6.8018513,-2.930426,70.0,25.0,90.0,41.5829,-7.144306,-2.6371212,70.9615,25.379177,89.09147,0.50569934
0.20416666666666666,41.353928,-6.8018513,-2.930426,70.0,25.0,90.0,41.5829,-7.144308,-2.637125,70.9615,25.379173,89.09147,0.5056984
0.20833333333333334,41.353928,-6.8018513,-2.930426,70.0,25.0,90.0,41.5829,-7.144306,-2.6371212,70.9615,25.379177,89.09147,0.50569934
0.2125,41.353928,-6.8018513,-2.930426,70.0,25.0,90.0,41.5829,-7.144306,-2.6371202,70.9615,25.379177,89.09147,0.5056999
0.21666666666666667,41.353928,-6.8018513,-2.930426,70.0,25.0,90.0,41.5829,-7.144308,-2.6371202,70.9615,25.379177,89.09147,0.5057012
0.22083333333333333,41.353928,-6.8018513,-2.930426,70.0,25.0,90.0,41.5829,-7.144308,-2.6371222,70.9615,25.379177,89.09147,0.50570005
0.225,41.353928,-6.8018513,-2.930426,70.0,25.0,90.0,41.5829,-7.144308,-2.6371222,70.9615,25.379177,89.09147,0.50570005
0.22916666666666666,41.353928,-6.8018513,-2.930426,70.0,25.0,90.0,41.5829,-7.144308,-2.6371222,70.9615,25.379177,89.09147,0.50570005
0.23333333333333334,41.353928,-6.8018513,-2.930426,70.0,25.0,90.0,41.5829,-7.144308,-2.6371222,70.9615,25.379177,89.09147,0.50570005
0.2375,41.353928,-6.8018513,-2.930426,70.0,25.0,90.0,41.5829,-7.144308,-2.6371222,70.9615,25.379177,89.09147,0.50570005
0.24166666666666667,41.353928,-6.8018513,-2.930426,70.0,25.0,90.0,41.5829,-7.144308,-2.6371222,70.9615,25.379177,89.09147,0.50570005
0.24583333333333332,41.353928,-6.8018513,-2.930426,70.0,25.0,90.0,41.5829,-7.144308,-2.6371222,70.9615,25.379177,89.09147,0.50570005
0.25,41.353928,-6.8018513,-2.930426,70.0,25.0,90.0,41.5829,-7.144308,-2.6371222,70.9615,25.379177,89.09147,0.50570005
0.25416666666666665,41.353928,-6.8018513,-2.930426,70.0,25.0,90.0,41.5829,-7.144308,-2.6371222,70.9615,25.379177,89.09147,0.50570005
0.25833333333333336,41.353928,-6.8018513,-2.930426,70.0,25.0,90.0,41.5829,-7.144308,-2.6371222,70.9615,25.379177,89.09147,0.50570005
0.2625,41.353928,-6.8018513,-2.930426,70.0,25.0,90.0,41.5829,-7.144308,-2.6371222,70.9615,25.379177,89.09147,0.50570005
0.26666666666666666,41.353928,-6.8018513,-2.930426,70.0,25.0,90.0,41.5829,-7.144308,-2.6371222,70.9615,25.379177,89.09147,0.50570005
0.2708333333333333,41.353928,-6.8018513,-2.930426,70.0,25.0,90.0,41.5829,-7.144308,-2.6371222,70.9615,25.379177,89.09147,0.50570005
0.275,41.353928,-6.8018513,-2.930426,70.0,25.0,90.0,41.5829,-7.144308,-2.6371222,70.9615,25.379177,89.09147,0.50570005
0.2791666666666667,41.353928,-6.8018513,-2.930426,70.0,25.0,90.0,41.5829,-7.144308,-2.6371222,70.9615,25.379177,89.09147,0.50570005
0.2833333333333333,41.353928,-6.8018513,-2.930426,70.0,25.0,90.0,41.5829,-7.144308,-2.6371222,70.9615,25.379177,89.09147,0.50570005
0.2875,41.353928,-6.8018513,-2.930426,70.0,25.0,90.0,41.5829,-7.144308,-2.6371222,70.9615,25.379177,89.09147,0.50570005
0.2916666666666667,41.353928,-6.8018513,-2.930426,70.0,25.0,90.0,41.5829,-7.144308,-2.6371222,70.9615,25.379177,89.09147,0.50570005
0.29583333333333334,41.353928,-6.8018513,-2.930426,70.0,25.0,90.0,41.5829,-7.144308,-2.6371222,70.9615,25.379177,89.09147,0.50570005
0.3,41.353928,-6.8018513,-2.930426,70.0,25.0,90.0,41.5829,-7.144308,-2.6371222,70.9615,25.379177,89.09147,0.50570005
0.30416666666666664,41.353928,-6.8018513,-2.930426,70.0,25.0,90.0,41.5829,-7.144308,-2.6371222,70.9615,25.379177,89.09147,0.50570005
0.30833333333333335,41.353928,-6.8018513,-2.930426,70.0,25.0,90.0,41.5829,-7.144308,-2.6371222,70.9615,25.379177,89.09147,0.50570005
0.3125,41.353928,-6.8018513,-2.930426,70.0,25.0,90.0,41.5829,-7.144308,-2.6371222,70.9615,25.379177,89.09147,0.50570005
0.31666666666666665,41.353928,-6.8018513,-2.930426,70.0,25.0,90.0,41.5829,-7.144308,-2.6371222,70.9615,25.379177,89.09147,0.50570005
0.32083333333333336,41.353928,-6.8018513,-2.930426,70.0,25.0,90.0,41.5829,-7.144308,-2.6371222,70.9615,25.379177,89.09147,0.50570005
0.325,41.353928,-6.8018513,-2.930426,70.0,25.0,90.0,41.5829,-7.144308,-2.6371222,70.9615,25.379177,89.09147,0.50570005
0.32916666666666666,41.353928,-6.8018513,-2.930426,70.0,25.0,90.0,41.5829,-7.144308,-2.6371222,70.9615,25.379177,89.09147,0.50570005
0.3333333333333333,41.353928,-6.8018513,-2.930426,70.0,25.0,90.0,41.5829,-7.144308,-2.6371222,70.9615,25.379177,89.09147,0.50570005
0.3375,41.353928,-6.8018513,-2.930426,70.0,25.0,90.0,41.5829,-7.144308,-2.6371222,70.9615,25.379177,89.09147,0.50570005
0.3416666666666667,41.353928,-6.8018513,-2.930426,70.0,25.0,90.0,41.5829,-7.144308,-2.6371222,70.9615,25.379177,89.09147,0.50570005
0.3458333333333333,41.353928,-6.8018513,-2.930426,70.0,25.0,90.0,41.5829,-7.144308,-2.6371222,70.9615,25.379177,89.09147,0.50570005
0.35,41.353928,-6.8018513,-2.930426,70.0,25.0,90.0,41.5829,-7.144308,-2.6371222,70.9615,25.379177,89.09147,0.50570005
0.3541666666666667,41.353928,-6.8018513,-2.930426,70.0,25.0,90.0,41.5829,-7.144308,-2.6371222,70.9615,25.379177,89.09147,0.50570005
0.35833333333333334,41.353928,-6.8018513,-2.930426,70.0,25.0,90.0,41.5829,-7.144308,-2.6371222,70.9615,25.379177,89.09147,0.50570005
0.3625,41.353928,-6.8018513,-2.930426,70.0,25.0,90.0,41.5829,-7.144308,-2.6371222,70.9615,25.379177,89.09147,0.50570005
0.36666666666666664,41.353928,-6.8018513,-2.930426,70.0,25.0,90.0,41.5829,-7.144308,-2.6371222,70.9615,25.379177,89.09147,0.50570005
0.37083333333333335,41.353928,-6.8018513,-2.930426,70.0,25.0,90.0,41.5829,-7.144308,-2.6371222,70.9615,25.379177,89.09147,0.50570005
0.375,41.353928,-6.8018513,-2.930426,70.0,25.0,90.0,41.5829,-7.144308,-2.6371202,70.9615,25.379177,89.09147,0.5057012
0.37916666666666665,41.353928,-6.8018513,-2.930426,70.0,25.0,90.0,41.5829,-7.144309,-2.6371222,70.9615,25.379177,89.09147,0.5057007
0.38333333333333336,41.353928,-6.8018513,-2.930426,70.0,25.0,90.0,41.5829,-7.144308,-2.6371193,70.9615,25.379177,89.09147,0.5057017
0.3875,41.353928,-6.8018513,-2.930426,70.0,25.0,90.0,41.5829,-7.144308,-2.637123,70.9615,25.379173,89.09148,0.5056995
0.39166666666666666,41.353928,-6.8018513,-2.930426,70.0,25.0,90.0,41.5829,-7.144308,-2.6371222,70.9615,25.37918,89.09148,0.50570005
0.3958333333333333,41.353928,-6.8018513,-2.930426,70.0,25.0,90.0,41.5829,-7.144308,-2.637125,70.9615,25.379177,89.09147,0.5056984
0.4,41.353928,-6.8018513,-2.930426,70.0,25.0,90.0,41.5829,-7.144308,-2.6371212,70.9615,25.379173,89.09147,0.50570065
0.4041666666666667,41.353928,-6.8018513,-2.930426,70.0,25.0,90.0,41.582905,-7.144306,-2.6371193,70.96151,25.379173,89.09148,0.50570214
0.4083333333333333,41.353928,-6.8018513,-2.930426,70.0,25.0,90.0,41.5829,-7.1443043,-2.6371183,70.9615,25.37917,89.09148,0.5056997
0.4125,41.353928,-6.8018513,-2.930426,70.0,25.0,90.0,41.5829,-7.1443033,-2.6371222,70.9615,25.379173,89.09148,0.50569683
0.4166666666666667,41.353928,-6.8018513,-2.930426,70.0,25.0,90.0,41.5829,-7.1443043,-2.6371222,70.9615,25.379173,89.09148,0.5056975
0.42083333333333334,41.353928,-6.8018513,-2.930426,70.0,25.0,90.0,41.582905,-7.1443033,-2.637123,70.9615,25.37917,89.09148,0.505698
0.425,41.353928,-6.8018513,-2.930426,70.0,25.0,90.0,41.5829,-7.1443043,-2.6371222,70.9615,25.379173,89.09148,0.5056975
0.42916666666666664,41.353928,-6.8018513,-2.930426,70.0,25.0,90.0,41.5829,-7.1443014,-2.637123,70.9615,25.379173,89.09148,0.505695
0.43333333333333335,41.353928,-6.8018513,-2.930426,70.0,25.0,90.0,41.582897,-7.1443043,-2.637123,70.9615,25.37917,89.091484,0.5056952
0.4375,41.353928,-6.8018513,-2.930426,70.0,25.0,90.0,41.582897,-7.1443043,-2.6371193,70.9615,25.379173,89.091484,0.5056974
0.44166666666666665,41.353928,-6.8018513,-2.930426,70.0,25.0,90.0,41.5829,-7.1443033,-2.6371202,70.96151,25.379173,89.09148,0.50569797
0.44583333333333336,41.353928,-6.8018513,-2.930426,70.0,25.0,90.0,41.5829,-7.1443033,-2.6371222,70.96151,25.379173,89.091484,0.50569683
0.45,41.353928,-6.8018513,-2.930426,70.0,25.0,90.0,41.5829,-7.1443043,-2.6371212,70.9615,25.37917,89.091484,0.505698
0.45416666666666666,41.353928,-6.8018513,-2.930426,70.0,25.0,90.0,41.582897,-7.1443043,-2.6371202,70.96151,25.37918,89.091484,0.5056969
0.4583333333333333,41.353928,-6.8018513,-2.930426,70.0,25.0,90.0,41.582897,-7.1443043,-2.6371193,70.96151,25.379177,89.091484,0.5056974
0.4625,41.353928,-6.8018513,-2.930426,70.0,25.0,90.0,41.582897,-7.1443043,-2.6371212,70.96151,25.37918,89.091484,0.50569636
0.4666666666666667,41.353928,-6.8018513,-2.930426,70.0,25.0,90.0,41.5829,-7.144306,-2.6371212,70.96151,25.37918,89.091484,0.50569934
0.4708333333333333,41.353928,-6.8018513,-2.930426,70.0,25.0,90.0,41.582897,-7.1443043,-2.6371202,70.96151,25.37918,89.091484,0.5056969
0.475,41.353928,-6.8018513,-2.930426,70.0,25.0,90.0,41.5829,-7.1443033,-2.6371212,70.96151,25.37918,89.091484,0.50569737
0.4791666666666667,41.353928,-6.8018513,-2.930426,70.0,25.0,90.0,41.582897,-7.1443043,-2.6371202,70.96151,25.37918,89.091484,0.5056969
0.48333333333333334,41.353928,-6.8018513,-2.930426,70.0,25.0,90.0,41.582897,-7.1443043,-2.6371222,70.96151,25.37918,89.091484,0.50569576
0.4875,41.353928,-6.8018513,-2.930426,70.0,25.0,90.0,41.582897,-7.1443043,-2.6371222,70.96151,25.37918,89.091484,0.50569576
0.49166666666666664,41.353928,-6.8018513,-2.930426,70.0,25.0,90.0,41.582897,-7.1443043,-2.6371222,70.96151,25.37918,89.091484,0.50569576
0.49583333333333335,41.353928,-6.8018513,-2.930426,70.0,25.0,90.0,41.582897,-7.1443043,-2.6371222,70.96151,25.37918,89.091484,0.50569576
0.5,41.353928,-6.8018513,-2.930426,70.0,25.0,90.0,41.582897,-7.1443043,-2.6371222,70.96151,25.37918,89.091484,0.50569576
0.5041666666666667,41.353928,-6.8018513,-2.930426,70.0,25.0,90.0,41.582897,-7.144306,-2.6371222,70.96151,25.37918,89.091484,0.505697
0.5083333333333333,41.353928,-6.8018513,-2.930426,70.0,25.0,90.0,41.5829,-7.144306,-2.6371202,70.96151,25.37918,89.091484,0.5056999
0.5125,41.353928,-6.8018513,-2.930426,70.0,25.0,90.0,41.5829,-7.1443033,-2.6371212,70.96151,25.37918,89.091484,0.50569737
0.5166666666666667,41.353928,-6.8018513,-2.930426,70.0,25.0,90.0,41.582897,-7.1443043,-2.6371222,70.96151,25.37918,89.091484,0.50569576
0.5208333333333334,41.353928,-6.8018513,-2.930426,70.0,25.0,90.0,41.582897,-7.1443043,-2.637123,70.96151,25.379185,89.09148,0.5056952
0.525,41.353928,-6.8018513,-2.930426,70.0,25.0,90.0,41.582897,-7.1443043,-2.6371212,70.96151,25.37918,89.091484,0.50569636
0.5291666666666667,41.353928,-6.8018513,-2.930426,70.0,25.0,90.0,41.582897,-7.144306,-2.6371212,70.96151,25.37918,89.09148,0.5056976
0.5333333333333333,41.353928,-6.8018513,-2.930426,70.0,25.0,90.0,41.5829,-7.1443043,-2.6371212,70.96151,25.37918,89.09148,0.505698
0.5375,41.353928,-6.8018513,-2.930426,70.0,25.0,90.0,41.5829,-7.144309,-2.6371222,70.96151,25.379189,89.09148,0.5057007
0.5416666666666666,41.353928,-6.8018513,-2.930426,70.0,25.0,90.0,41.5829,-7.144308,-2.637123,70.96151,25.37918,89.09148,0.5056995
0.5458333333333333,41.353928,-6.8018513,-2.930426,70.0,25.0,90.0,41.5829,-7.144306,-2.6371212,70.96152,25.379185,89.09148,0.50569934
0.55,41.353928,-6.8018513,-2.930426,70.0,25.0,90.0,41.5829,-7.144309,-2.637123,70.96152,25.379185,89.09147,0.5057002
0.5541666666666667,41.353928,-6.8018513,-2.930426,70.0,25.0,90.0,41.5829,-7.144308,-2.637123,70.96151,25.37918,89.09147,0.5056995
0.5583333333333333,41.353928,-6.8018513,-2.930426,70.0,25.0,90.0,41.5829,-7.144309,-2.6371212,70.96151,25.379177,89.09147,0.5057013
0.5625,41.353928,-6.8018513,-2.930426,70.0,25.0,90.0,41.5829,-7.144308,-2.6371202,70.96151,25.379185,89.09147,0.5057012
0.5666666666666667,41.353928,-6.8018513,-2.930426,70.0,25.0,90.0,41.582897,-7.144309,-2.637123,70.96151,25.379177,89.09147,0.50569844
0.5708333333333333,41.353928,-6.8018513,-2.930426,70.0,25.0,90.0,41.5829,-7.144308,-2.637123,70.9615,25.379177,89.09147,0.5056995
0.575,41.353928,-6.8018513,-2.930426,70.0,25.0,90.0,41.582897,-7.144309,-2.6371183,70.96151,25.37918,89.09147,0.5057012
0.5791666666666667,41.353928,-6.8018513,-2.930426,70.0,25.0,90.0,41.582897,-7.144308,-2.6371174,70.9615,25.379173,89.09147,0.5057011
0.5833333333333334,41.353928,-6.8018513,-2.930426,70.0,25.0,90.0,41.5829,-7.144308,-2.6371222,70.9615,25.379173,89.09147,0.50570005
0.5875,41.353928,-6.8018513,-2.930426,70.0,25.0,90.0,41.5829,-7.144308,-2.6371222,70.96151,25.379177,89.09147,0.50570005
0.5916666666666667,41.353928,-6.8018513,-2.930426,70.0,25.0,90.0,41.5829,-7.144306,-2.6371222,70.9615,25.379177,89.09147,0.5056988
0.5958333333333333,41.353928,-6.8018513,-2.930426,70.0,25.0,90.0,41.5829,-7.144306,-2.6371212,70.9615,25.379177,89.09147,0.50569934
0.6,41.353928,-6.8018513,-2.930426,70.0,25.0,90.0,41.5829,-7.144308,-2.637125,70.9615,25.379173,89.09147,0.5056984
0.6041666666666666,41.353928,-6.8018513,-2.930426,70.0,25.0,90.0,41.5829,-7.144306,-2.6371212,70.9615,25.379177,89.09147,0.50569934
0.6083333333333333,41.353928,-6.8018513,-2.930426,70.0,25.0,90.0,41.5829,-7.144306,-2.6371202,70.9615,25.379177,89.09147,0.5056999
0.6125,41.353928,-6.8018513,-2.930426,70.0,25.0,90.0,41.5829,-7.144308,-2.6371202,70.9615,25.379177,89.09147,0.5057012
0.6166666666666667,41.353928,-6.8018513,-2.930426,70.0,25.0,90.0,41.5829,-7.144308,-2.6371222,70.9615,25.379177,89.09147,0.50570005
0.6208333333333333,41.353928,-6.8018513,-2.930426,70.0,25.0,90.0,41.5829,-7.144308,-2.6371222,70.9615,25.379177,89.09147,0.50570005
0.625,41.353928,-6.8018513,-2.930426,70.0,25.0,90.0,41.5829,-7.144308,-2.6371222,70.9615,25.379177,89.09147,0.50570005
0.6291666666666667,41.353928,-6.8018513,-2.930426,70.0,25.0,90.0,41.5829,-7.144308,-2.6371222,70.9615,25.379177,89.09147,0.50570005
0.6333333333333333,41.353928,-6.8018513,-2.930426,70.0,25.0,90.0,41.5829,-7.144308,-2.6371222,70.9615,25.379177,89.09147,0.50570005
0.6375,41.353928,-6.8018513,-2.930426,70.0,25.0,90.0,41.5829,-7.144308,-2.6371222,70.9615,25.379177,89.09147,0.50570005
0.6416666666666667,41.353928,-6.8018513,-2.930426,70.0,25.0,90.0,41.5829,-7.144308,-2.6371222,70.9615,25.379177,89.09147,0.50570005
0.6458333333333334,41.353928,-6.8018513,-2.930426,70.0,25.0,90.0,41.5829,-7.144308,-2.6371222,70.9615,25.379177,89.09147,0.50570005
0.65,41.353928,-6.8018513,-2.930426,70.0,25.0,90.0,41.5829,-7.144308,-2.6371222,70.9615,25.379177,89.09147,0.50570005
0.6541666666666667,41.353928,-6.8018513,-2.930426,70.0,25.0,90.0,41.5829,-7.144308,-2.6371222,70.9615,25.379177,89.09147,0.50570005
0.6583333333333333,41.353928,-6.8018513,-2.930426,70.0,25.0,90.0,41.5829,-7.144308,-2.6371222,70.9615,25.379177,89.09147,0.50570005
0.6625,41.353928,-6.8018513,-2.930426,70.0,25.0,90.0,41.5829,-7.144308,-2.6371222,70.9615,25.379177,89.09147,0.50570005
0.6666666666666666,41.353928,-6.8018513,-2.930426,70.0,25.0,90.0,41.5829,-7.144308,-2.6371222,70.9615,25.379177,89.09147,0.50570005
0.6708333333333333,41.353928,-6.8018513,-2.930426,70.0,25.0,90.0,41.5829,-7.144308,-2.6371222,70.9615,25.379177,89.09147,0.50570005
0.675,41.353928,-6.8018513,-2.930426,70.0,25.0,90.0,41.5829,-7.144308,-2.6371222,70.9615,25.379177,89.09147,0.50570005
0.6791666666666667,41.353928,-6.8018513,-2.930426,70.0,25.0,90.0,41.5829,-7.144308,-2.6371222,70.9615,25.379177,89.09147,0.50570005
0.6833333333333333,41.353928,-6.8018513,-2.930426,70.0,25.0,90.0,41.5829,-7.144308,-2.6371222,70.9615,25.379177,89.09147,0.50570005
0.6875,41.353928,-6.8018513,-2.930426,70.0,25.0,90.0,41.5829,-7.144308,-2.6371222,70.9615,25.379177,89.09147,0.50570005
0.6916666666666667,41.353928,-6.8018513,-2.930426,70.0,25.0,90.0,41.5829,-7.144308,-2.6371222,70.9615,25.379177,89.09147,0.50570005
0.6958333333333333,41.353928,-6.8018513,-2.930426,70.0,25.0,90.0,41.5829,-7.144308,-2.6371222,70.9615,25.379177,89.09147,0.50570005
0.7,41.353928,-6.8018513,-2.930426,70.0,25.0,90.0,41.5829,-7.144308,-2.6371222,70.9615,25.379177,89.09147,0.50570005
0.7041666666666667,41.353928,-6.8018513,-2.930426,70.0,25.0,90.0,41.5829,-7.144308,-2.6371222,70.9615,25.379177,89.09147,0.50570005
0.7083333333333334,41.353928,-6.8018513,-2.930426,70.0,25.0,90.0,41.5829,-7.144308,-2.6371222,70.9615,25.379177,89.09147,0.50570005
0.7125,41.353928,-6.8018513,-2.930426,70.0,25.0,90.0,41.5829,-7.144308,-2.6371222,70.9615,25.379177,89.09147,0.50570005
0.7166666666666667,41.353928,-6.8018513,-2.930426,70.0,25.0,90.0,41.5829,-7.144308,-2.6371222,70.9615,25.379177,89.09147,0.50570005
0.7208333333333333,41.353928,-6.8018513,-2.930426,70.0,25.0,90.0,41.5829,-7.144308,-2.6371222,70.9615,25.379177,89.09147,0.50570005
0.725,41.353928,-6.8018513,-2.930426,70.0,25.0,90.0,41.5829,-7.144308,-2.6371222,70.9615,25.379177,89.09147,0.50570005
0.7291666666666666,41.353928,-6.8018513,-2.930426,70.0,25.0,90.0,41.5829,-7.144308,-2.6371222,70.9615,25.379177,89.09147,0.50570005
0.7333333333333333,41.353928,-6.8018513,-2.930426,70.0,25.0,90.0,41.5829,-7.144308,-2.6371222,70.9615,25.379177,89.09147,0.50570005
0.7375,41.353928,-6.8018513,-2.930426,70.0,25.0,90.0,41.5829,-7.144308,-2.6371222,70.9615,25.379177,89.09147,0.50570005
0.7416666666666667,41.353928,-6.8018513,-2.930426,70.0,25.0,90.0,41.5829,-7.144308,-2.6371222,70.9615,25.379177,89.09147,0.50570005
0.7458333333333333,41.353928,-6.8018513,-2.930426,70.0,25.0,90.0,41.5829,-7.144308,-2.6371222,70.9615,25.379177,89.09147,0.50570005
0.75,41.353928,-6.8018513,-2.930426,70.0,25.0,90.0,41.5829,-7.144308,-2.6371222,70.9615,25.379177,89.09147,0.50570005
0.7541666666666667,41.353928,-6.8018513,-2.930426,70.0,25.0,90.0,41.5829,-7.144308,-2.6371222,70.9615,25.379177,89.09147,0.50570005
0.7583333333333333,41.353928,-6.8018513,-2.930426,70.0,25.0,90.0,41.5829,-7.144308,-2.6371222,70.9615,25.379177,89.09147,0.50570005
0.7625,41.353928,-6.8018513,-2.930426,70.0,25.0,90.0,41.5829,-7.144308,-2.6371222,70.9615,25.379177,89.09147,0.50570005
0.7666666666666667,41.353928,-6.8018513,-2.930426,70.0,25.0,90.0,41.5829,-7.144308,-2.6371222,70.9615,25.379177,89.09147,0.50570005
0.7708333333333334,41.353928,-6.8018513,-2.930426,70.0,25.0,90.0,41.5829,-7.144308,-2.6371202,70.9615,25.379177,89.09147,0.5057012
0.775,41.353928,-6.8018513,-2.930426,70.0,25.0,90.0,41.5829,-7.144309,-2.6371222,70.9615,25.379177,89.09147,0.5057007
0.7791666666666667,41.353928,-6.8018513,-2.930426,70.0,25.0,90.0,41.5829,-7.144308,-2.6371193,70.9615,25.379177,89.09147,0.5057017
0.7833333333333333,41.353928,-6.8018513,-2.930426,70.0,25.0,90.0,41.5829,-7.144308,-2.637123,70.9615,25.379173,89.09148,0.5056995
0.7875,41.353928,-6.8018513,-2.930426,70.0,25.0,90.0,41.5829,-7.144308,-2.6371222,70.9615,25.37918,89.09148,0.50570005
0.7916666666666666,41.353928,-6.8018513,-2.930426,70.0,25.0,90.0,41.5829,-7.144308,-2.637125,70.9615,25.379177,89.09147,0.5056984
0.7958333333333333,41.353928,-6.8018513,-2.930426,70.0,25.0,90.0,41.5829,-7.144308,-2.6371212,70.9615,25.379173,89.09147,0.50570065
0.8,41.353928,-6.8018513,-2.930426,70.0,25.0,90.0,41.582905,-7.144306,-2.6371193,70.96151,25.379173,89.09148,0.50570214
0.8041666666666667,41.353928,-6.8018513,-2.930426,70.0,25.0,90.0,41.5829,-7.1443043,-2.6371183,70.9615,25.37917,89.09148,0.5056997
0.8083333333333333,41.353928,-6.8018513,-2.930426,70.0,25.0,90.0,41.5829,-7.1443033,-2.6371222,70.9615,25.379173,89.09148,0.50569683
0.8125,41.353928,-6.8018513,-2.930426,70.0,25.0,90.0,41.5829,-7.1443043,-2.6371222,70.9615,25.379173,89.09148,0.5056975
0.8166666666666667,41.353928,-6.8018513,-2.930426,70.0,25.0,90.0,41.582905,-7.1443033,-2.637123,70.9615,25.37917,89.09148,0.505698
0.8208333333333333,41.353928,-6.8018513,-2.930426,70.0,25.0,90.0,41.5829,-7.1443043,-2.6371222,70.9615,25.379173,89.09148,0.5056975
0.825,41.353928,-6.8018513,-2.930426,70.0,25.0,90.0,41.5829,-7.1443014,-2.637123,70.9615,25.379173,89.09148,0.505695
0.8291666666666667,41.353928,-6.8018513,-2.930426,70.0,25.0,90.0,41.582897,-7.1443043,-2.637123,70.9615,25.37917,89.091484,0.5056952
0.8333333333333334,41.353928,-6.8018513,-2.930426,70.0,25.0,90.0,41.582897,-7.1443043,-2.6371193,70.9615,25.379173,89.091484,0.5056974
0.8375,41.353928,-6.8018513,-2.930426,70.0,25.0,90.0,41.5829,-7.1443033,-2.6371202,70.96151,25.379173,89.09148,0.50569797
0.8416666666666667,41.353928,-6.8018513,-2.930426,70.0,25.0,90.0,41.5829,-7.1443033,-2.6371222,70.96151,25.379173,89.091484,0.50569683
0.8458333333333333,41.353928,-6.8018513,-2.930426,70.0,25.0,90.0,41.582897,-7.1443043,-2.6371212,70.9615,25.37917,89.091484,0.50569636
0.85,41.353928,-6.8018513,-2.930426,70.0,25.0,90.0,41.582897,-7.1443043,-2.6371202,70.96151,25.379177,89.091484,0.5056969
0.8541666666666666,41.353928,-6.8018513,-2.930426,70.0,25.0,90.0,41.582897,-7.1443043,-2.6371202,70.96151,25.37918,89.091484,0.5056969
0.8583333333333333,41.353928,-6.8018513,-2.930426,70.0,25.0,90.0,41.582897,-7.1443033,-2.6371212,70.96151,25.37918,89.091484,0.5056957
0.8625,41.353928,-6.8018513,-2.930426,70.0,25.0,90.0,41.5829,-7.1443043,-2.6371212,70.96151,25.37918,89.091484,0.505698
0.8666666666666667,41.353928,-6.8018513,-2.930426,70.0,25.0,90.0,41.5829,-7.1443043,-2.637123,70.96151,25.37918,89.091484,0.5056969
0.8708333333333333,41.353928,-6.8018513,-2.930426,70.0,25.0,90.0,41.582897,-7.144306,-2.6371222,70.96151,25.37918,89.091484,0.505697
0.875,41.353928,-6.8018513,-2.930426,70.0,25.0,90.0,41.5829,-7.1443043,-2.6371212,70.96151,25.37918,89.091484,0.505698
0.8791666666666667,41.353928,-6.8018513,-2.930426,70.0,25.0,90.0,41.582897,-7.1443043,-2.6371212,70.96151,25.379177,89.091484,0.50569636
0.8833333333333333,41.353928,-6.8018513,-2.930426,70.0,25.0,90.0,41.5829,-7.144306,-2.6371222,70.96151,25.37918,89.091484,0.5056988
0.8875,41.353928,-6.8018513,-2.930426,70.0,25.0,90.0,41.582897,-7.1443043,-2.6371212,70.96151,25.379177,89.091484,0.50569636
0.8916666666666667,41.353928,-6.8018513,-2.930426,70.0,25.0,90.0,41.582897,-7.1443043,-2.6371222,70.96151,25.37918,89.091484,0.50569576
0.8958333333333334,41.353928,-6.8018513,-2.930426,70.0,25.0,90.0,41.582897,-7.1443043,-2.637123,70.96151,25.37918,89.091484,0.5056952
0.9,41.353928,-6.8018513,-2.930426,70.0,25.0,90.0,41.5829,-7.1443033,-2.637126,70.96151,25.37918,89.091484,0.5056946
0.9041666666666667,41.353928,-6.8018513,-2.930426,70.0,25.0,90.0,41.582897,-7.1443043,-2.637123,70.96151,25.37918,89.091484,0.5056952
0.9083333333333333,41.353928,-6.8018513,-2.930426,70.0,25.0,90.0,41.582897,-7.1443043,-2.6371222,70.96151,25.37918,89.091484,0.50569576
0.9125,41.353928,-6.8018513,-2.930426,70.0,25.0,90.0,41.582897,-7.1443043,-2.6371222,70.96151,25.37918,89.091484,0.50569576
0.9166666666666666,41.353928,-6.8018513,-2.930426,70.0,25.0,90.0,41.582897,-7.1443043,-2.637123,70.96151,25.37918,89.091484,0.5056952
0.9208333333333333,41.353928,-6.8018513,-2.930426,70.0,25.0,90.0,41.582897,-7.1443043,-2.6371212,70.96151,25.37918,89.091484,0.50569636
0.925,41.353928,-6.8018513,-2.930426,70.0,25.0,90.0,41.582897,-7.1443043,-2.6371202,70.96151,25.37918,89.09148,0.5056969
0.9291666666666667,41.353928,-6.8018513,-2.930426,70.0,25.0,90.0,41.5829,-7.1443033,-2.6371212,70.96151,25.379185,89.09148,0.50569737
0.9333333333333333,41.353928,-6.8018513,-2.930426,70.0,25.0,90.0,41.582897,-7.144308,-2.6371212,70.96152,25.379185,89.09148,0.5056989
0.9375,41.353928,-6.8018513,-2.930426,70.0,25.0,90.0,41.582897,-7.1443043,-2.637126,70.96152,25.37918,89.09148,0.50569355
0.9416666666666667,41.353928,-6.8018513,-2.930426,70.0,25.0,90.0,41.582897,-7.1443043,-2.6371212,70.96152,25.37918,89.09148,0.50569636
0.9458333333333333,41.353928,-6.8018513,-2.930426,70.0,25.0,90.0,41.582897,-7.1443033,-2.637123,70.96152,25.37918,89.09147,0.50569457
0.95,41.353928,-6.8018513,-2.930426,70.0,25.0,90.0,41.582897,-7.144306,-2.6371222,70.96151,25.37918,89.09147,0.505697
0.9541666666666667,41.353928,-6.8018513,-2.930426,70.0,25.0,90.0,41.582897,-7.144309,-2.6371202,70.96151,25.379177,89.09147,0.5057001
0.9583333333333334,41.353928,-6.8018513,-2.930426,70.0,25.0,90.0,41.5829,-7.144306,-2.6371193,70.96151,25.37918,89.09147,0.5057004
0.9625,41.353928,-6.8018513,-2.930426,70.0,25.0,90.0,41.5829,-7.144306,-2.6371193,70.96151,25.379177,89.09147,0.5057004
0.9666666666666667,41.353928,-6.8018513,-2.930426,70.0,25.0,90.0,41.5829,-7.144308,-2.637125,70.9615,25.379177,89.09147,0.5056984
0.9708333333333333,41.353928,-6.8018513,-2.930426,70.0,25.0,90.0,41.5829,-7.144309,-2.6371212,70.96151,25.379177,89.09147,0.5057013
0.975,41.353928,-6.8018513,-2.930426,70.0,25.0,90.0,41.582897,-7.144309,-2.6371222,70.96151,25.379177,89.09147,0.505699
0.9791666666666666,41.353928,-6.8018513,-2.930426,70.0,25.0,90.0,41.5829,-7.144308,-2.637123,70.9615,25.379177,89.09147,0.5056995
0.9833333333333333,41.353928,-6.8018513,-2.930426,70.0,25.0,90.0,41.5829,-7.144311,-2.637123,70.9615,25.379173,89.09147,0.5057015
0.9875,41.353928,-6.8018513,-2.930426,70.0,25.0,90.0,41.5829,-7.144311,-2.6371202,70.9615,25.379173,89.09147,0.5057031
0.9916666666666667,41.353928,-6.8018513,-2.930426,70.0,25.0,90.0,41.5829,-7.144306,-2.6371202,70.9615,25.379173,89.09147,0.5056999
0.9958333333333333,41.353928,-6.8018513,-2.930426,70.0,25.0,90.0,41.5829,-7.144308,-2.6371212,70.9615,25.379177,89.09147,0.50570065
1.0,41.353928,-6.8018513,-2.930426,70.0,25.0,90.0,41.5829,-7.144308,-2.6371193,70.9615,25.379177,89.09147,0.5057017
1.0041666666666667,41.353928,-6.8018513,-2.930426,70.0,25.0,90.0,41.582905,-7.144308,-2.6371212,70.9615,25.37917,89.09147,0.5057023
1.0083333333333333,41.353928,-6.8018513,-2.930426,70.0,25.0,90.0,41.582905,-7.144306,-2.6371202,70.9615,25.379173,89.09147,0.5057016
1.0125,41.353928,-6.8018513,-2.930426,70.0,25.0,90.0,41.582905,-7.144306,-2.6371193,70.9615,25.379173,89.09147,0.50570214
1.0166666666666666,41.353928,-6.8018513,-2.930426,70.0,25.0,90.0,41.582905,-7.144306,-2.6371193,70.9615,25.379173,89.09147,0.50570214
1.0208333333333333,41.353928,-6.8018513,-2.930426,70.0,25.0,90.0,41.582905,-7.144306,-2.6371193,70.9615,25.379173,89.09147,0.50570214
1.025,41.353928,-6.8018513,-2.930426,70.0,25.0,90.0,41.582905,-7.144306,-2.6371193,70.9615,25.379173,89.09147,0.50570214
1.0291666666666666,41.353928,-6.8018513,-2.930426,70.0,25.0,90.0,41.582905,-7.144306,-2.6371193,70.9615,25.379173,89.09147,0.50570214
1.0333333333333334,41.353928,-6.8018513,-2.930426,70.0,25.0,90.0,41.582905,-7.144306,-2.6371193,70.9615,25.379173,89.09147,0.50570214
1.0375,41.353928,-6.8018513,-2.930426,70.0,25.0,90.0,41.582905,-7.144306,-2.6371193,70.9615,25.379173,89.09147,0.50570214
1.0416666666666667,41.353928,-6.8018513,-2.930426,70.0,25.0,90.0,41.582905,-7.144306,-2.6371193,70.9615,25.379173,89.09147,0.50570214
1.0458333333333334,41.353928,-6.8018513,-2.930426,70.0,25.0,90.0,41.582905,-7.144306,-2.6371193,70.9615,25.379173,89.09147,0.50570214
1.05,41.353928,-6.8018513,-2.930426,70.0,25.0,90.0,41.582905,-7.144306,-2.6371193,70.9615,25.379173,89.09147,0.50570214
1.0541666666666667,41.353928,-6.8018513,-2.930426,70.0,25.0,90.0,41.582905,-7.144306,-2.6371193,70.9615,25.379173,89.09147,0.50570214
1.0583333333333333,41.353928,-6.8018513,-2.930426,70.0,25.0,90.0,41.582905,-7.144306,-2.6371193,70.9615,25.379173,89.09147,0.50570214
1.0625,41.353928,-6.8018513,-2.930426,70.0,25.0,90.0,41.582905,-7.144306,-2.6371193,70.9615,25.379173,89.09147,0.50570214
1.0666666666666667,41.353928,-6.8018513,-2.930426,70.0,25.0,90.0,41.582905,-7.144306,-2.6371193,70.9615,25.379173,89.09147,0.50570214
1.0708333333333333,41.353928,-6.8018513,-2.930426,70.0,25.0,90.0,41.582905,-7.144306,-2.6371193,70.9615,25.379173,89.09147,0.50570214
1.075,41.353928,-6.8018513,-2.930426,70.0,25.0,90.0,41.582905,-7.144306,-2.6371193,70.9615,25.379173,89.09147,0.50570214
1.0791666666666666,41.353928,-6.8018513,-2.930426,70.0,25.0,90.0,41.582905,-7.144306,-2.6371193,70.9615,25.379173,89.09147,0.50570214
1.0833333333333333,41.353928,-6.8018513,-2.930426,70.0,25.0,90.0,41.582905,-7.144306,-2.6371193,70.9615,25.379173,89.09147,0.50570214
1.0875,41.353928,-6.8018513,-2.930426,70.0,25.0,90.0,41.582905,-7.144306,-2.6371193,70.9615,25.379173,89.09147,0.50570214
1.0916666666666666,41.353928,-6.8018513,-2.930426,70.0,25.0,90.0,41.582905,-7.144306,-2.6371193,70.9615,25.379173,89.09147,0.50570214
1.0958333333333334,41.353928,-6.8018513,-2.930426,70.0,25.0,90.0,41.582905,-7.144306,-2.6371193,70.9615,25.379173,89.09147,0.50570214
1.1,41.353928,-6.8018513,-2.930426,70.0,25.0,90.0,41.582905,-7.144306,-2.6371193,70.9615,25.379173,89.09147,0.50570214
1.1041666666666667,41.353928,-6.8018513,-2.930426,70.0,25.0,90.0,41.582905,-7.144306,-2.6371193,70.9615,25.379173,89.09147,0.50570214
1.1083333333333334,41.353928,-6.8018513,-2.930426,70.0,25.0,90.0,41.582905,-7.144306,-2.6371193,70.9615,25.379173,89.09147,0.50570214
1.1125,41.353928,-6.8018513,-2.930426,70.0,25.0,90.0,41.582905,-7.144306,-2.6371193,70.9615,25.379173,89.09147,0.50570214
1.1166666666666667,41.353928,-6.8018513,-2.930426,70.0,25.0,90.0,41.582905,-7.144306,-2.6371193,70.9615,25.379173,89.09147,0.50570214
1.1208333333333333,41.353928,-6.8018513,-2.930426,70.0,25.0,90.0,41.582905,-7.144306,-2.6371193,70.9615,25.379173,89.09147,0.50570214
1.125,41.353928,-6.8018513,-2.930426,70.0,25.0,90.0,41.582905,-7.144306,-2.6371193,70.9615,25.379173,89.09147,0.50570214
1.1291666666666667,41.353928,-6.8018513,-2.930426,70.0,25.0,90.0,41.582905,-7.144306,-2.6371193,70.9615,25.379173,89.09147,0.50570214
1.1333333333333333,41.353928,-6.8018513,-2.930426,70.0,25.0,90.0,41.582905,-7.144306,-2.6371193,70.9615,25.379173,89.09147,0.50570214
1.1375,41.353928,-6.8018513,-2.930426,70.0,25.0,90.0,41.582905,-7.144306,-2.6371193,70.9615,25.379173,89.09147,0.50570214
1.1416666666666666,41.353928,-6.8018513,-2.930426,70.0,25.0,90.0,41.582905,-7.144306,-2.6371193,70.9615,25.379173,89.09147,0.50570214
1.1458333333333333,41.353928,-6.8018513,-2.930426,70.0,25.0,90.0,41.582905,-7.144306,-2.6371193,70.9615,25.379173,89.09147,0.50570214
1.15,41.353928,-6.8018513,-2.930426,70.0,25.0,90.0,41.582905,-7.144306,-2.6371193,70.9615,25.379173,89.09147,0.50570214
1.1541666666666666,41.353928,-6.8018513,-2.930426,70.0,25.0,90.0,41.582905,-7.144306,-2.6371193,70.9615,25.379173,89.09147,0.50570214
1.1583333333333334,41.353928,-6.8018513,-2.930426,70.0,25.0,90.0,41.582905,-7.144306,-2.6371193,70.9615,25.379173,89.09147,0.50570214
1.1625,41.353928,-6.8018513,-2.930426,70.0,25.0,90.0,41.582905,-7.144306,-2.6371193,70.9615,25.379173,89.09147,0.50570214
1.1666666666666667,41.353928,-6.8018513,-2.930426,70.0,25.0,90.0,41.582905,-7.144306,-2.6371193,70.9615,25.379173,89.09147,0.50570214
1.1708333333333334,41.353928,-6.8018513,-2.930426,70.0,25.0,90.0,41.582905,-7.144306,-2.6371212,70.9615,25.379173,89.09147,0.50570107
1.175,41.353928,-6.8018513,-2.930426,70.0,25.0,90.0,41.582905,-7.144306,-2.6371193,70.9615,25.379173,89.09147,0.50570214
1.1791666666666667,41.353928,-6.8018513,-2.930426,70.0,25.0,90.0,41.5829,-7.144306,-2.637123,70.9615,25.37917,89.09147,0.5056982
1.1833333333333333,41.353928,-6.8018513,-2.930426,70.0,25.0,90.0,41.5829,-7.144306,-2.637123,70.9615,25.379173,89.09148,0.5056982
1.1875,41.353928,-6.8018513,-2.930426,70.0,25.0,90.0,41.5829,-7.144306,-2.6371222,70.9615,25.379173,89.09147,0.5056988
1.1916666666666667,41.353928,-6.8018513,-2.930426,70.0,25.0,90.0,41.5829,-7.1443043,-2.6371202,70.9615,25.379173,89.09147,0.5056986
1.1958333333333333,41.353928,-6.8018513,-2.930426,70.0,25.0,90.0,41.582905,-7.144306,-2.6371222,70.9615,25.379177,89.09148,0.5057005
1.2,41.353928,-6.8018513,-2.930426,70.0,25.0,90.0,41.5829,-7.1443043,-2.6371212,70.9615,25.37917,89.09148,0.505698
1.2041666666666666,41.353928,-6.8018513,-2.930426,70.0,25.0,90.0,41.5829,-7.1443043,-2.6371212,70.9615,25.379177,89.09148,0.505698
1.2083333333333333,41.353928,-6.8018513,-2.930426,70.0,25.0,90.0,41.5829,-7.144306,-2.6371222,70.9615,25.37917,89.09148,0.5056988
1.2125,41.353928,-6.8018513,-2.930426,70.0,25.0,90.0,41.5829,-7.1443043,-2.6371212,70.9615,25.379177,89.09148,0.505698
1.2166666666666666,41.353928,-6.8018513,-2.930426,70.0,25.0,90.0,41.5829,-7.1443043,-2.6371212,70.96151,25.379173,89.091484,0.505698
1.2208333333333334,41.353928,-6.8018513,-2.930426,70.0,25.0,90.0,41.5829,-7.1443005,-2.637123,70.9615,25.379177,89.091484,0.5056943
1.225,41.353928,-6.8018513,-2.930426,70.0,25.0,90.0,41.582897,-7.1443014,-2.6371212,70.9615,25.379177,89.091484,0.5056944
1.2291666666666667,41.353928,-6.8018513,-2.930426,70.0,25.0,90.0,41.5829,-7.1443014,-2.6371202,70.96151,25.379173,89.091484,0.50569665
1.2333333333333334,41.353928,-6.8018513,-2.930426,70.0,25.0,90.0,41.5829,-7.1442986,-2.6371222,70.96151,25.379173,89.091484,0.5056936
1.2375,41.353928,-6.8018513,-2.930426,70.0,25.0,90.0,41.5829,-7.1442986,-2.6371193,70.9615,25.379173,89.091484,0.5056953
1.2416666666666667,41.353928,-6.8018513,-2.930426,70.0,25.0,90.0,41.582897,-7.1443014,-2.6371202,70.96151,25.379177,89.091484,0.5056949
1.2458333333333333,41.353928,-6.8018513,-2.930426,70.0,25.0,90.0,41.582897,-7.1443005,-2.6371212,70.96151,25.37918,89.091484,0.50569373
1.25,41.353928,-6.8018513,-2.930426,70.0,25.0,90.0,41.582893,-7.1443043,-2.6371202,70.96151,25.379177,89.091484,0.5056951
1.2541666666666667,41.353928,-6.8018513,-2.930426,70.0,25.0,90.0,41.582893,-7.1443033,-2.6371212,70.96151,25.379177,89.091484,0.5056939
1.2583333333333333,41.353928,-6.8018513,-2.930426,70.0,25.0,90.0,41.582897,-7.1443033,-2.6371222,70.96151,25.379177,89.091484,0.5056951
1.2625,41.353928,-6.8018513,-2.930426,70.0,25.0,90.0,41.582897,-7.1443033,-2.637123,70.96151,25.37918,89.091484,0.50569457
1.2666666666666666,41.353928,-6.8018513,-2.930426,70.0,25.0,90.0,41.582897,-7.1443033,-2.6371212,70.96151,25.37918,89.091484,0.5056957
1.2708333333333333,41.353928,-6.8018513,-2.930426,70.0,25.0,90.0,41.5829,-7.1443033,-2.6371202,70.96151,25.379177,89.091484,0.50569797
1.275,41.353928,-6.8018513,-2.930426,70.0,25.0,90.0,41.5829,-7.1443043,-2.6371202,70.96151,25.37918,89.091484,0.5056986
1.2791666666666666,41.353928,-6.8018513,-2.930426,70.0,25.0,90.0,41.5829,-7.1443043,-2.6371212,70.96151,25.37918,89.091484,0.505698
1.2833333333333334,41.353928,-6.8018513,-2.930426,70.0,25.0,90.0,41.5829,-7.1443033,-2.6371222,70.96151,25.37918,89.091484,0.50569683
1.2875,41.353928,-6.8018513,-2.930426,70.0,25.0,90.0,41.5829,-7.1443033,-2.6371222,70.96151,25.379177,89.091484,0.50569683
1.2916666666666667,41.353928,-6.8018513,-2.930426,70.0,25.0,90.0,41.5829,-7.1443043,-2.637123,70.96151,25.37918,89.091484,0.5056969
1.2958333333333334,41.353928,-6.8018513,-2.930426,70.0,25.0,90.0,41.582897,-7.1443043,-2.6371202,70.96151,25.379177,89.091484,0.5056969
1.3,41.353928,-6.8018513,-2.930426,70.0,25.0,90.0,41.5829,-7.1443014,-2.6371202,70.96151,25.379177,89.091484,0.50569665
1.3041666666666667,41.353928,-6.8018513,-2.930426,70.0,25.0,90.0,41.5829,-7.1443033,-2.6371193,70.96151,25.379177,89.091484,0.5056985
1.3083333333333333,41.353928,-6.8018513,-2.930426,70.0,25.0,90.0,41.5829,-7.144306,-2.6371222,70.96151,25.379177,89.09148,0.5056988
1.3125,41.353928,-6.8018513,-2.930426,70.0,25.0,90.0,41.5829,-7.1443043,-2.6371202,70.96151,25.379177,89.091484,0.5056986
1.3166666666666667,41.353928,-6.8018513,-2.930426,70.0,25.0,90.0,41.582897,-7.1443043,-2.6371183,70.96152,25.379177,89.091484,0.50569797
1.3208333333333333,41.353928,-6.8018513,-2.930426,70.0,25.0,90.0,41.582897,-7.1443043,-2.6371193,70.96151,25.379177,89.091484,0.5056974
1.325,41.353928,-6.8018513,-2.930426,70.0,25.0,90.0,41.5829,-7.1443043,-2.6371222,70.96151,25.37918,89.09148,0.5056975
1.3291666666666666,41.353928,-6.8018513,-2.930426,70.0,25.0,90.0,41.5829,-7.144306,-2.6371222,70.96151,25.37918,89.09148,0.5056988
1.3333333333333333,41.353928,-6.8018513,-2.930426,70.0,25.0,90.0,41.5829,-7.144306,-2.6371222,70.96152,25.379185,89.09148,0.5056988
1.3375,41.353928,-6.8018513,-2.930426,70.0,25.0,90.0,41.5829,-7.1443043,-2.6371212,70.96152,25.379185,89.09148,0.505698
1.3416666666666666,41.353928,-6.8018513,-2.930426,70.0,25.0,90.0,41.582897,-7.1443043,-2.637123,70.96152,25.379185,89.09148,0.5056952
1.3458333333333334,41.353928,-6.8018513,-2.930426,70.0,25.0,90.0,41.5829,-7.1443043,-2.6371222,70.96151,25.379185,89.09148,0.5056975
1.35,41.353928,-6.8018513,-2.930426,70.0,25.0,90.0,41.5829,-7.144306,-2.6371202,70.96151,25.379177,89.09147,0.5056999
1.3541666666666667,41.353928,-6.8018513,-2.930426,70.0,25.0,90.0,41.5829,-7.144306,-2.6371183,70.96151,25.379177,89.09147,0.505701
1.3583333333333334,41.353928,-6.8018513,-2.930426,70.0,25.0,90.0,41.5829,-7.144306,-2.6371202,70.96151,25.37918,89.09147,0.5056999
1.3625,41.353928,-6.8018513,-2.930426,70.0,25.0,90.0,41.5829,-7.1443043,-2.6371222,70.9615,25.37918,89.09147,0.5056975
1.3666666666666667,41.353928,-6.8018513,-2.930426,70.0,25.0,90.0,41.5829,-7.1443043,-2.6371222,70.96151,25.379177,89.09147,0.5056975
1.3708333333333333,41.353928,-6.8018513,-2.930426,70.0,25.0,90.0,41.5829,-7.144306,-2.6371202,70.96151,25.379177,89.09147,0.5056999
1.375,41.353928,-6.8018513,-2.930426,70.0,25.0,90.0,41.5829,-7.144309,-2.6371222,70.96151,25.379173,89.09147,0.5057007
1.3791666666666667,41.353928,-6.8018513,-2.930426,70.0,25.0,90.0,41.5829,-7.144309,-2.6371212,70.96151,25.379177,89.09147,0.5057013
1.3833333333333333,41.353928,-6.8018513,-2.930426,70.0,25.0,90.0,41.5829,-7.144306,-2.6371193,70.96151,25.379177,89.09147,0.5057004
1.3875,41.353928,-6.8018513,-2.930426,70.0,25.0,90.0,41.5829,-7.144306,-2.6371193,70.9615,25.379177,89.09148,0.5057004
1.3916666666666666,41.353928,-6.8018513,-2.930426,70.0,25.0,90.0,41.5829,-7.144308,-2.6371202,70.9615,25.379173,89.09148,0.5057012
1.3958333333333333,41.353928,-6.8018513,-2.930426,70.0,25.0,90.0,41.5829,-7.144306,-2.6371193,70.9615,25.379177,89.09147,0.5057004
1.4,41.353928,-6.8018513,-2.930426,70.0,25.0,90.0,41.5829,-7.144308,-2.6371183,70.96151,25.379177,89.09148,0.50570226
1.4041666666666666,41.353928,-6.8018513,-2.930426,70.0,25.0,90.0,41.5829,-7.144306,-2.6371202,70.9615,25.37918,89.09147,0.5056999
1.4083333333333334,41.353928,-6.8018513,-2.930426,70.0,25.0,90.0,41.5829,-7.144306,-2.6371202,70.9615,25.37918,89.09148,0.5056999
1.4125,41.353928,-6.8018513,-2.930426,70.0,25.0,90.0,41.5829,-7.144306,-2.6371202,70.9615,25.37918,89.09148,0.5056999
1.4166666666666667,41.353928,-6.8018513,-2.930426,70.0,25.0,90.0,41.5829,-7.144306,-2.6371202,70.9615,25.37918,89.09148,0.5056999
1.4208333333333334,41.353928,-6.8018513,-2.930426,70.0,25.0,90.0,41.5829,-7.144306,-2.6371202,70.9615,25.37918,89.09148,0.5056999
1.425,41.353928,-6.8018513,-2.930426,70.0,25.0,90.0,41.5829,-7.144306,-2.6371202,70.9615,25.37918,89.09148,0.5056999
1.4291666666666667,41.353928,-6.8018513,-2.930426,70.0,25.0,90.0,41.5829,-7.144306,-2.6371202,70.9615,25.37918,89.09148,0.5056999
1.4333333333333333,41.353928,-6.8018513,-2.930426,70.0,25.0,90.0,41.5829,-7.144306,-2.6371202,70.9615,25.37918,89.09148,0.5056999
1.4375,41.353928,-6.8018513,-2.930426,70.0,25.0,90.0,41.5829,-7.144306,-2.6371202,70.9615,25.37918,89.09148,0.5056999
1.4416666666666667,41.353928,-6.8018513,-2.930426,70.0,25.0,90.0,41.5829,-7.144306,-2.6371202,70.9615,25.37918,89.09148,0.5056999
1.4458333333333333,41.353928,-6.8018513,-2.930426,70.0,25.0,90.0,41.5829,-7.144306,-2.6371202,70.9615,25.37918,89.09148,0.5056999
1.45,41.353928,-6.8018513,-2.930426,70.0,25.0,90.0,41.5829,-7.144306,-2.6371202,70.9615,25.37918,89.09148,0.5056999
1.4541666666666666,41.353928,-6.8018513,-2.930426,70.0,25.0,90.0,41.5829,-7.144306,-2.6371202,70.9615,25.37918,89.09148,0.5056999
1.4583333333333333,41.353928,-6.8018513,-2.930426,70.0,25.0,90.0,41.5829,-7.144306,-2.6371202,70.9615,25.37918,89.09148,0.5056999
1.4625,41.353928,-6.8018513,-2.930426,70.0,25.0,90.0,41.5829,-7.144306,-2.6371202,70.9615,25.37918,89.09148,0.5056999
1.4666666666666666,41.353928,-6.8018513,-2.930426,70.0,25.0,90.0,41.5829,-7.144306,-2.6371202,70.9615,25.37918,89.09148,0.5056999
1.4708333333333334,41.353928,-6.8018513,-2.930426,70.0,25.0,90.0,41.5829,-7.144306,-2.6371202,70.9615,25.37918,89.09148,0.5056999
1.475,41.353928,-6.8018513,-2.930426,70.0,25.0,90.0,41.5829,-7.144306,-2.6371202,70.9615,25.37918,89.09148,0.5056999
1.4791666666666667,41.353928,-6.8018513,-2.930426,70.0,25.0,90.0,41.5829,-7.144306,-2.6371202,70.9615,25.37918,89.09148,0.5056999
1.4833333333333334,41.353928,-6.8018513,-2.930426,70.0,25.0,90.0,41.5829,-7.144306,-2.6371202,70.9615,25.37918,89.09148,0.5056999
1.4875,41.353928,-6.8018513,-2.930426,70.0,25.0,90.0,41.5829,-7.144306,-2.6371202,70.9615,25.37918,89.09148,0.5056999
1.4916666666666667,41.353928,-6.8018513,-2.930426,70.0,25.0,90.0,41.5829,-7.144306,-2.6371202,70.9615,25.37918,89.09148,0.5056999
1.4958333333333333,41.353928,-6.8018513,-2.930426,70.0,25.0,90.0,41.5829,-7.144306,-2.6371202,70.9615,25.37918,89.09148,0.5056999
1.5,41.353928,-6.8018513,-2.930426,70.0,25.0,90.0,41.5829,-7.144306,-2.6371202,70.9615,25.37918,89.09148,0.5056999
1.5041666666666667,41.353928,-6.8018513,-2.930426,70.0,25.0,90.0,41.5829,-7.144306,-2.6371202,70.9615,25.37918,89.09148,0.5056999
1.5083333333333333,41.353928,-6.8018513,-2.930426,70.0,25.0,90.0,41.5829,-7.144306,-2.6371202,70.9615,25.37918,89.09148,0.5056999
1.5125,41.353928,-6.8018513,-2.930426,70.0,25.0,90.0,41.5829,-7.144306,-2.6371202,70.9615,25.37918,89.09148,0.5056999
1.5166666666666666,41.353928,-6.8018513,-2.930426,70.0,25.0,90.0,41.5829,-7.144306,-2.6371202,70.9615,25.37918,89.09148,0.5056999
1.5208333333333333,41.353928,-6.8018513,-2.930426,70.0,25.0,90.0,41.5829,-7.144306,-2.6371202,70.9615,25.37918,89.09148,0.5056999
1.525,41.353928,-6.8018513,-2.930426,70.0,25.0,90.0,41.5829,-7.144306,-2.6371202,70.9615,25.37918,89.09148,0.5056999
1.5291666666666666,41.353928,-6.8018513,-2.930426,70.0,25.0,90.0,41.5829,-7.144306,-2.6371202,70.9615,25.37918,89.09148,0.5056999
1.5333333333333334,41.353928,-6.8018513,-2.930426,70.0,25.0,90.0,41.582897,-7.144308,-2.6371193,70.96151,25.379173,89.09148,0.5057
1.5375,41.353928,-6.8018513,-2.930426,70.0,25.0,90.0,41.582893,-7.144308,-2.6371164,70.961525,25.37917,89.091484,0.50569993
1.5416666666666667,41.353928,-6.8018513,-2.930426,70.0,25.0,90.0,41.58289,-7.144312,-2.637083,70.96158,25.379166,89.09152,0.50572014
1.5458333333333334,41.353928,-6.8018513,-2.930426,70.0,25.0,90.0,41.582893,-7.144272,-2.6370058,70.96171,25.379246,89.09154,0.50573957
1.55,41.353928,-6.8018513,-2.930426,70.0,25.0,90.0,41.58288,-7.1441774,-2.6368837,70.96209,25.379566,89.09143,0.50573957
1.5541666666666667,41.353928,-6.8018513,-2.930426,70.0,25.0,90.0,41.58287,-7.1439953,-2.636673,70.962875,25.380226,89.091125,0.5057352
1.5583333333333333,41.353928,-6.8018513,-2.930426,70.0,25.0,90.0,41.582832,-7.143655,-2.6362762,70.96434,25.381435,89.09058,0.50571835
1.5625,41.353928,-6.8018513,-2.930426,70.0,25.0,90.0,41.582687,-7.143098,-2.6355314,70.9668,25.383282,89.089775,0.50571036
1.5666666666666667,41.353928,-6.8018513,-2.930426,70.0,25.0,90.0,41.58246,-7.142185,-2.6343718,70.97055,25.38602,89.0886,0.5056695
1.5708333333333333,41.353928,-6.8018513,-2.930426,70.0,25.0,90.0,41.582138,-7.1407614,-2.6328497,70.9758,25.389828,89.086784,0.5054618
1.575,41.353928,-6.8018513,-2.930426,70.0,25.0,90.0,41.581863,-7.1388054,-2.630972,70.98278,25.394608,89.084045,0.50513905
1.5791666666666666,41.353928,-6.8018513,-2.930426,70.0,25.0,90.0,41.581615,-7.1360493,-2.6286545,70.99171,25.400387,89.08047,0.5045751
1.5833333333333333,41.353928,-6.8018513,-2.930426,70.0,25.0,90.0,41.581238,-7.1324215,-2.625781,71.00252,25.40672,89.0759,0.5037411
1.5875,41.353928,-6.8018513,-2.930426,70.0,25.0,90.0,41.580643,-7.1280155,-2.6229658,71.01468,25.414577,89.06896,0.5023092
1.5916666666666666,41.353928,-6.8018513,-2.930426,70.0,25.0,90.0,41.579716,-7.1223736,-2.620428,71.02675,25.422897,89.06106,0.4998134
1.5958333333333334,41.353928,-6.8018513,-2.930426,70.0,25.0,90.0,41.578316,-7.1155367,-2.6183214,71.038345,25.433273,89.05309,0.4961429
1.6,41.353928,-6.8018513,-2.930426,70.0,25.0,90.0,41.5757,-7.107397,-2.6163158,71.049644,25.445568,89.04749,0.4911271
1.6041666666666667,41.353928,-6.8018513,-2.930426,70.0,25.0,90.0,41.5711,-7.0984945,-2.616702,71.05968,25.45935,89.04326,0.48330423
1.6083333333333334,41.353928,-6.8018513,-2.930426,70.0,25.0,90.0,41.565308,-7.089135,-2.6189022,71.06872,25.474506,89.040245,0.47356156
1.6125,41.353928,-6.8018513,-2.930426,70.0,25.0,90.0,41.558945,-7.0787888,-2.6214094,71.0764,25.49076,89.04211,0.4628364
1.6166666666666667,41.353928,-6.8018513,-2.930426,70.0,25.0,90.0,41.549717,-7.066992,-2.6225548,71.08356,25.504635,89.05043,0.4510184
1.6208333333333333,41.353928,-6.8018513,-2.930426,70.0,25.0,90.0,41.533062,-7.053813,-2.621274,71.08909,25.511028,89.07123,0.43720558
1.625,41.353928,-6.8018513,-2.930426,70.0,25.0,90.0,41.51227,-7.0393066,-2.62642,71.09332,25.510803,89.110916,0.41698623
1.6291666666666667,41.353928,-6.8018513,-2.930426,70.0,25.0,90.0,41.501133,-7.0279837,-2.639965,71.07944,25.491299,89.16059,0.39645022
1.6333333333333333,41.353928,-6.8018513,-2.930426,70.0,25.0,90.0,41.49542,-7.016712,-2.6702862,71.05142,25.476555,89.229454,0.3658655
1.6375,41.353928,-6.8018513,-2.930426,70.0,25.0,90.0,41.488785,-7.001751,-2.7134,71.01578,25.467915,89.31297,0.32441735
1.6416666666666666,41.353928,-6.8018513,-2.930426,70.0,25.0,90.0,41.484016,-6.981306,-2.769988,70.96008,25.464497,89.40139,0.27361912
1.6458333333333333,41.353928,-6.8018513,-2.930426,70.0,25.0,90.0,41.48353,-6.9541845,-2.8286734,70.89075,25.460583,89.50519,0.22439986
1.65,41.353928,-6.8018513,-2.930426,70.0,25.0,90.0,41.486534,-6.9188643,-2.8911438,70.8076,25.446518,89.61516,0.18116182
1.6541666666666666,41.35388,-6.801864,-2.9304268,70.00003,25.0,90.00012,41.489418,-6.8836994,-2.9511728,70.71834,25.420322,89.731674,0.15967926
1.6583333333333334,41.353573,-6.801948,-2.930427,70.000244,25.0,90.00094,41.499428,-6.8451777,-3.015648,70.642006,25.4202,89.854645,0.17437044
1.6625,41.352737,-6.802171,-2.9304326,70.00081,25.0,90.00314,41.50717,-6.8048735,-3.0778465,70.57036,25.44806,89.9732,0.2135137
1.6666666666666667,41.35114,-6.802599,-2.9304276,70.001915,25.0,90.00736,41.52328,-6.775571,-3.137621,70.51237,25.47256,90.08104,0.27072588
1.6708333333333334,41.348553,-6.803293,-2.9304245,70.0037,25.0,90.01419,41.540276,-6.7482376,-3.2003708,70.47026,25.500427,90.18426,0.33564833
1.675,41.344757,-6.80431,-2.9304252,70.00631,25.0,90.02421,41.552322,-6.7184725,-3.2784958,70.450226,25.532894,90.26516,0.41425183
1.6791666666666667,41.339554,-6.805702,-2.9304266,70.00989,25.0,90.03794,41.583908,-6.6897497,-3.3597703,70.45547,25.591206,90.29812,0.5074347
1.6833333333333333,41.332756,-6.8075247,-2.930427,70.01457,25.0,90.05588,41.610283,-6.67334,-3.4607396,70.46965,25.683422,90.29623,0.6133988
1.6875,41.324177,-6.8098245,-2.9304261,70.02049,25.0,90.07851,41.63189,-6.634186,-3.5787601,70.45589,25.809555,90.27823,0.7388322
1.6916666666666667,41.31366,-6.812641,-2.9304266,70.027756,25.0,90.10625,41.63447,-6.587389,-3.703961,70.42146,25.92345,90.270966,0.86718756
1.6958333333333333,41.301044,-6.8160224,-2.9304276,70.03648,25.0,90.1395,41.603413,-6.5518837,-3.8437872,70.391945,26.042656,90.29077,0.99770814
1.7,41.286194,-6.820002,-2.930426,70.04678,25.0,90.17864,41.566864,-6.500408,-3.9910507,70.38237,26.1503,90.28682,1.1427339
1.7041666666666666,41.26897,-6.824615,-2.9304235,70.058754,25.0,90.22402,41.50182,-6.455945,-4.1591816,70.363,26.246437,90.317314,1.3038338
1.7083333333333333,41.24926,-6.829897,-2.930424,70.07249,25.0,90.27592,41.40289,-6.4002523,-4.287734,70.38002,26.317665,90.40555,1.4319522
1.7125,41.22695,-6.835875,-2.9304264,70.08807,25.0,90.334625,41.276306,-6.367072,-4.3774514,70.453896,26.384895,90.50641,1.5218718
1.7166666666666666,41.201946,-6.8425765,-2.930428,70.105606,25.0,90.40038,41.135178,-6.3234034,-4.4354453,70.56833,26.46714,90.60858,1.5934478
1.7208333333333334,41.174156,-6.8500214,-2.930426,70.12517,25.0,90.47342,40.98567,-6.2815056,-4.500166,70.67782,26.517586,90.72799,1.6801256
1.725,41.143505,-6.858233,-2.9304264,70.14683,25.0,90.55391,40.828995,-6.234235,-4.594036,70.75933,26.539856,90.86781,1.804408
1.7291666666666667,41.10992,-6.867236,-2.930434,70.17066,25.0,90.64202,40.67437,-6.172926,-4.6922684,70.85295,26.588062,91.03201,1.9431499
1.7333333333333334,41.07335,-6.8770347,-2.9304268,70.19676,25.0,90.737885,40.52838,-6.1190853,-4.8063283,70.924675,26.693516,91.193665,2.0953481
1.7375,41.033737,-6.8876476,-2.9304283,70.22517,25.0,90.84161,40.395657,-6.048337,-4.939435,70.9784,26.82331,91.351906,2.2688537
1.7416666666666667,40.991047,-6.8990884,-2.9304273,70.25596,25.0,90.95328,40.28733,-5.9934416,-5.0489726,71.00005,26.951187,91.523796,2.409076
1.7458333333333333,40.945248,-6.9113564,-2.9304273,70.289185,25.0,91.07294,40.18681,-5.9523163,-5.14517,71.01075,27.10279,91.71037,2.5298364
1.75,40.89632,-6.924467,-2.930427,70.32491,25.0,91.20061,40.113132,-5.9282036,-5.2586126,71.01956,27.295105,91.88384,2.6507304
1.7541666666666667,40.844246,-6.9384203,-2.9304256,70.3632,25.0,91.3363,40.049995,-5.926546,-5.3416667,71.06092,27.46951,92.05282,2.7329118
1.7583333333333333,40.789024,-6.953216,-2.9304254,70.40408,25.0,91.48,39.985767,-5.9184275,-5.3731422,71.11846,27.672009,92.23211,2.7717998
1.7625,40.73065,-6.968858,-2.9304256,70.447624,25.0,91.63167,39.883526,-5.9396935,-5.4154835,71.198784,27.93993,92.41617,2.8199847
1.7666666666666666,40.669147,-6.9853387,-2.9304276,70.49386,25.0,91.79122,39.714684,-5.982916,-5.5106564,71.33724,28.366756,92.62241,2.9280427
1.7708333333333333,40.604523,-7.0026546,-2.9304247,70.54284,25.0,91.958595,39.573612,-6.0424213,-5.5957603,71.46052,28.711018,92.79562,3.01477
1.775,40.536804,-7.0208006,-2.930427,70.59459,25.0,92.133675,39.456493,-6.1239977,-5.671814,71.57174,28.955482,92.93589,3.080021
1.7791666666666666,40.466026,-7.0397644,-2.9304247,70.649155,25.0,92.31634,39.39555,-6.2126675,-5.728057,71.690094,29.11726,93.04552,3.107532
1.7833333333333334,40.392227,-7.059538,-2.9304235,70.70656,25.0,92.50644,39.37332,-6.2933664,-5.792478,71.79944,29.207924,93.156494,3.1331363
1.7875,40.315456,-7.0801096,-2.9304254,70.76682,25.0,92.70381,39.350513,-6.381116,-5.8430085,71.948975,29.392624,93.26079,3.146879
1.7916666666666667,40.23576,-7.101464,-2.9304245,70.82998,25.0,92.90829,39.317894,-6.4662685,-5.8856544,72.13397,29.60986,93.3625,3.1590085
1.7958333333333334,40.153202,-7.123587,-2.930427,70.896034,25.0,93.11967,39.279785,-6.551552,-5.9179444,72.316284,29.793522,93.44421,3.1647024
1.8,40.06785,-7.146457,-2.930427,70.965004,25.0,93.33774,39.217377,-6.643445,-5.9327774,72.48171,29.979916,93.55208,3.1607642
1.8041666666666667,39.979763,-7.1700583,-2.9304276,71.036896,25.0,93.562294,39.146423,-6.7321615,-5.9424376,72.64308,30.195408,93.67486,3.1556954
1.8083333333333333,39.889027,-7.1943727,-2.930425,71.11172,25.0,93.793076,39.079926,-6.812173,-5.9381576,72.81284,30.406471,93.80072,3.1380212
1.8125,39.79572,-7.2193727,-2.9304276,71.189445,25.0,94.029854,39.016483,-6.8831377,-5.929836,72.984825,30.610336,93.94045,3.1171641
1.8166666666666667,39.699924,-7.245039,-2.9304266,71.27009,25.0,94.27236,38.9521,-6.93314,-5.9182277,73.14599,30.782848,94.104744,3.0957196
1.8208333333333333,39.601738,-7.2713485,-2.9304264,71.35362,25.0,94.52032,38.887,-6.9663267,-5.8873315,73.31198,30.928959,94.28195,3.057315
1.825,39.501255,-7.2982736,-2.9304261,71.440025,25.0,94.773445,38.82303,-6.9901314,-5.8572507,73.47498,31.072075,94.46895,3.02014
1.8291666666666666,39.39857,-7.3257885,-2.9304278,71.52927,25.0,95.03146,38.755703,-6.99918,-5.8124,73.64904,31.201805,94.68174,2.9708107
1.8333333333333333,39.293793,-7.353865,-2.9304285,71.621315,25.0,95.294075,38.690178,-7.0001564,-5.7721105,73.82108,31.331383,94.90676,2.9265368
1.8375,39.187027,-7.3824725,-2.9304261,71.716125,25.0,95.56096,38.623283,-6.9977827,-5.724206,73.99625,31.430542,95.14447,2.8759344
1.8416666666666666,39.078384,-7.4115825,-2.9304278,71.813644,25.0,95.831825,38.54879,-6.992606,-5.670413,74.16156,31.517452,95.39087,2.8219728
1.8458333333333334,38.96798,-7.4411635,-2.9304254,71.913826,25.0,96.10635,38.477478,-6.986375,-5.6179414,74.32027,31.620361,95.643074,2.7695065
1.85,38.855934,-7.471187,-2.930426,72.016594,25.0,96.3842,38.409225,-6.980322,-5.5612392,74.48483,31.719398,95.89746,2.7132409
1.8541666666666667,38.742363,-7.5016174,-2.930424,72.12189,25.0,96.66506,38.349735,-6.979759,-5.494831,74.6525,31.79433,96.14721,2.6462572
1.8583333333333334,38.627396,-7.5324244,-2.9304273,72.229614,25.0,96.94859,38.29161,-6.9770393,-5.4331207,74.81562,31.852966,96.395996,2.5854745
1.8625,38.51115,-7.5635715,-2.9304264,72.33971,25.0,97.23448,38.231277,-6.9753246,-5.375411,74.97639,31.8922,96.6456,2.5302794
1.8666666666666667,38.393764,-7.595023,-2.9304247,72.45206,25.0,97.52237,38.173042,-6.9768353,-5.318828,75.13593,31.916817,96.89261,2.476963
1.8708333333333333,38.27536,-7.626752,-2.930426,72.566574,25.0,97.811935,38.11353,-6.973281,-5.259336,75.29348,31.928814,97.14121,2.42426
1.875,38.156075,-7.6587143,-2.930426,72.68314,25.0,98.10284,38.048862,-6.9885197,-5.2062287,75.45623,31.921265,97.40722,2.3748546
1.8791666666666667,38.036037,-7.690879,-2.9304252,72.80166,25.0,98.394745,37.982,-7.0276155,-5.1598268,75.62906,31.88375,97.692635,2.3266006
1.8833333333333333,37.915386,-7.7232075,-2.9304254,72.92199,25.0,98.68732,37.91758,-7.0664167,-5.113662,75.7821,31.836521,97.98169,2.2798903
1.8875,37.794254,-7.755663,-2.9304276,73.04401,25.0,98.980225,37.853687,-7.1056776,-5.066725,75.934364,31.777142,98.26312,2.2337813
1.8916666666666666,37.672783,-7.788212,-2.9304266,73.16759,25.0,99.273125,37.790485,-7.1485577,-5.025502,76.070625,31.709335,98.535034,2.1937077
1.8958333333333333,37.5511,-7.820817,-2.9304247,73.29259,25.0,99.5657,37.72753,-7.189846,-4.9867597,76.19687,31.625786,98.79554,2.1581857
1.9,37.42935,-7.8534393,-2.9304242,73.41885,25.0,99.85761,37.668587,-7.2311983,-4.9486814,76.3196,31.529339,99.046524,2.1255069
1.9041666666666666,37.30767,-7.886044,-2.9304261,73.546234,25.0,100.148544,37.614117,-7.261284,-4.906877,76.43546,31.424202,99.3095,2.095374
1.9083333333333334,37.186195,-7.9185905,-2.9304256,73.674576,25.0,100.43818,37.56172,-7.28057,-4.859705,76.55351,31.312565,99.58602,2.0664485
1.9125,37.065063,-7.9510474,-2.9304242,73.80372,25.0,100.72619,37.505642,-7.279601,-4.819662,76.663445,31.204063,99.85448,2.0528443
1.9166666666666667,36.944412,-7.9833784,-2.9304264,73.93349,25.0,101.01226,37.415207,-7.283293,-4.782407,76.79014,31.075779,100.12693,2.0350919
1.9208333333333334,36.824375,-8.015541,-2.9304245,74.06372,25.0,101.296104,37.310402,-7.27639,-4.7443523,76.908455,30.959652,100.40103,2.018143
1.925,36.70509,-8.047503,-2.9304268,74.19423,25.0,101.5774,37.205826,-7.262841,-4.7127395,77.013306,30.848927,100.65892,2.0107386
1.9291666666666667,36.586685,-8.07923,-2.9304314,74.324844,25.0,101.85587,37.098778,-7.244091,-4.687189,77.1055,30.741661,100.9102,2.0114408
1.9333333333333333,36.4693,-8.110684,-2.9304242,74.45541,25.0,102.13122,36.989372,-7.2252007,-4.671046,77.18285,30.637783,101.16044,2.0209703
1.9375,36.353058,-8.14183,-2.9304278,74.58569,25.0,102.40317,36.86439,-7.213458,-4.6502357,77.26489,30.526287,101.40494,2.0201676
1.9416666666666667,36.238087,-8.172638,-2.9304264,74.71555,25.0,102.67144,36.742767,-7.1932125,-4.609379,77.367134,30.390488,101.64718,2.0081978
1.9458333333333333,36.12452,-8.203068,-2.9304276,74.84478,25.0,102.93577,36.606895,-7.170532,-4.5831895,77.46539,30.287281,101.88176,2.0075953
1.95,36.01247,-8.23309,-2.9304266,74.973206,25.0,103.19591,36.463406,-7.15331,-4.571894,77.57167,30.217888,102.1137,2.0158582
1.9541666666666666,35.90207,-8.262671,-2.9304304,75.100624,25.0,103.45159,36.302788,-7.1494665,-4.5859838,77.68422,30.208603,102.356766,2.0348606
1.9583333333333333,35.793427,-8.291782,-2.930427,75.22688,25.0,103.70259,36.1504,-7.146637,-4.604726,77.787994,30.19691,102.604164,2.0596268
1.9625,35.68666,-8.320391,-2.9304252,75.351776,25.0,103.94866,36.00235,-7.1501884,-4.6228437,77.857895,30.175838,102.85742,2.0816612
1.9666666666666666,35.581882,-8.348466,-2.930427,75.47512,25.0,104.1896,35.85227,-7.170615,-4.6384954,77.904816,30.154564,103.111206,2.0923524
1.9708333333333334,35.4792,-8.375981,-2.930427,75.59675,25.0,104.42517,35.694725,-7.2166452,-4.6514316,77.92765,30.068607,103.38269,2.0862331
1.975,35.37871,-8.402905,-2.9304264,75.716484,25.0,104.6552,35.533367,-7.275282,-4.660034,77.9458,29.945896,103.66202,2.0705063
1.9791666666666667,35.280525,-8.429216,-2.930426,75.83415,25.0,104.87946,35.37758,-7.342846,-4.6524405,77.968765,29.790287,103.93715,2.0383706
1.9833333333333334,35.18473,-8.454882,-2.930424,75.949585,25.0,105.09781,35.228085,-7.4217186,-4.6423845,77.975624,29.64233,104.188576,2.0000286
1.9875,35.091423,-8.479883,-2.9304266,76.062614,25.0,105.31004,35.09854,-7.505661,-4.6233563,77.975555,29.511276,104.41612,1.9532462
1.9916666666666667,35.000687,-8.504196,-2.9304261,76.173096,25.0,105.516014,34.996292,-7.5965834,-4.59501,77.983475,29.357029,104.62903,1.895948
1.9958333333333333,34.912605,-8.5278,-2.9304242,76.280876,25.0,105.71557,34.939854,-7.673868,-4.536678,78.0211,29.133709,104.821075,1.8193383
2.0,34.827248,-8.550671,-2.9304264,76.3858,25.0,105.90859,34.89901,-7.728222,-4.46397,78.07212,28.891186,105.01999,1.7416453
2.004166666666667,34.74469,-8.57279,-2.9304245,76.48775,25.0,106.09494,34.870724,-7.777627,-4.3842993,78.12538,28.644756,105.21346,1.6619029
2.0083333333333333,34.664997,-8.594148,-2.930425,76.58658,25.0,106.274506,34.850708,-7.8257065,-4.310437,78.16601,28.350697,105.37099,1.5904163
2.0125,34.588226,-8.61472,-2.9304256,76.682175,25.0,106.4472,34.84201,-7.8811035,-4.236471,78.23134,28.0125,105.539246,1.5193272
2.0166666666666666,34.514423,-8.63449,-2.9304247,76.77442,25.0,106.612946,34.84079,-7.9493504,-4.141381,78.33284,27.678936,105.70416,1.4291067
2.0208333333333335,34.443645,-8.653457,-2.9304266,76.86322,25.0,106.771645,34.832787,-8.036923,-4.076714,78.43591,27.37925,105.87007,1.3584988
2.025,34.37593,-8.671601,-2.9304254,76.94848,25.0,106.923256,34.84115,-8.116118,-4.0337567,78.51577,27.156837,106.03472,1.319973
2.029166666666667,34.311306,-8.688916,-2.930425,77.03011,25.0,107.06774,34.84373,-8.1877165,-3.9969969,78.56358,26.97477,106.175156,1.2931563
2.033333333333333,34.249798,-8.705398,-2.9304273,77.10805,25.0,107.20507,34.83096,-8.264101,-3.9369264,78.63331,26.765285,106.32352,1.2431941
2.0375,34.19143,-8.721036,-2.930426,77.18223,25.0,107.33522,34.803776,-8.349288,-3.8694181,78.6925,26.52629,106.452805,1.1810467
2.0416666666666665,34.136204,-8.735835,-2.9304261,77.25261,25.0,107.45821,34.779884,-8.41944,-3.8097672,78.75103,26.314842,106.52457,1.134756
2.0458333333333334,34.08413,-8.749787,-2.930425,77.319145,25.0,107.57405,34.72931,-8.491818,-3.781251,78.79375,26.1292,106.558914,1.0985034
2.05,34.035202,-8.762898,-2.9304256,77.38181,25.0,107.68278,34.655178,-8.552238,-3.7598348,78.83121,25.94168,106.5887,1.0567248
2.0541666666666667,33.989403,-8.775172,-2.930426,77.440605,25.0,107.78444,34.58297,-8.601127,-3.7255301,78.85577,25.748268,106.61839,1.0073749
2.058333333333333,33.946712,-8.786609,-2.9304285,77.495514,25.0,107.87912,34.532375,-8.622687,-3.7171993,78.84894,25.57867,106.66106,0.9944242
2.0625,33.90711,-8.797226,-2.9304276,77.54657,25.0,107.96687,34.49696,-8.6344185,-3.7261276,78.8393,25.471134,106.701324,1.0037776
2.066666666666667,33.870533,-8.807025,-2.9304261,77.593796,25.0,108.04785,34.46403,-8.654066,-3.7116356,78.826126,25.373543,106.75984,0.9929375
2.0708333333333333,33.836945,-8.81602,-2.9304247,77.63723,25.0,108.12216,34.435287,-8.686274,-3.6896968,78.79143,25.281784,106.80858,0.97536784
2.075,33.806293,-8.824233,-2.9304264,77.676926,25.0,108.189926,34.41096,-8.726111,-3.644126,78.76915,25.17986,106.86211,0.94054127
2.0791666666666666,33.778503,-8.831681,-2.9304273,77.71297,25.0,108.25132,34.38797,-8.755008,-3.5737562,78.77933,25.062218,106.94247,0.8894945
2.0833333333333335,33.753498,-8.83838,-2.9304266,77.74544,25.0,108.30654,34.36064,-8.778138,-3.4916506,78.78447,24.93692,107.03905,0.82899004
2.0875,33.73119,-8.844359,-2.930427,77.77444,25.0,108.355774,34.317734,-8.817671,-3.4054122,78.81502,24.84061,107.13554,0.7552199
2.091666666666667,33.71148,-8.849641,-2.9304256,77.80009,25.0,108.399254,34.275185,-8.86157,-3.322894,78.8573,24.759205,107.23136,0.68697715
2.095833333333333,33.69426,-8.854252,-2.9304247,77.82251,25.0,108.43723,34.231735,-8.911083,-3.2529154,78.896225,24.701664,107.30366,0.6293727
2.1,33.679405,-8.8582325,-2.9304261,77.841866,25.0,108.46998,34.182327,-8.959977,-3.2052627,78.93457,24.669418,107.3581,0.5820805
2.1041666666666665,33.666794,-8.861612,-2.9304252,77.858315,25.0,108.49777,34.136677,-9.005541,-3.1716356,78.9644,24.64515,107.398506,0.54743755
2.1083333333333334,33.656273,-8.864432,-2.9304261,77.87204,25.0,108.52095,34.094078,-9.047644,-3.149438,78.99371,24.636578,107.43091,0.522691
2.1125,33.647697,-8.866729,-2.9304254,77.88323,25.0,108.53984,34.058083,-9.088809,-3.136981,79.02001,24.623219,107.4607,0.5102948
2.1166666666666667,33.640896,-8.868553,-2.930426,77.89211,25.0,108.55482,34.018906,-9.134385,-3.145773,79.03477,24.618141,107.49417,0.50983566
2.120833333333333,33.635693,-8.869947,-2.930426,77.89891,25.0,108.56628,33.978565,-9.180502,-3.1655025,79.04758,24.626122,107.52582,0.5189092
2.125,33.6319,-8.870963,-2.9304254,77.90386,25.0,108.57462,33.94303,-9.22587,-3.1944928,79.05671,24.643837,107.55608,0.540826
2.129166666666667,33.62931,-8.871656,-2.9304276,77.90724,25.0,108.58033,33.906628,-9.268298,-3.2291026,79.057465,24.664234,107.59207,0.5687145
2.1333333333333333,33.627712,-8.872086,-2.930427,77.90933,25.0,108.58385,33.874332,-9.305967,-3.2686796,79.047775,24.677387,107.62857,0.60290104
2.1375,33.62688,-8.872308,-2.9304247,77.91042,25.0,108.58568,33.84793,-9.335989,-3.3115916,79.03833,24.688313,107.66615,0.6396497
2.1416666666666666,33.626568,-8.872393,-2.930427,77.91083,25.0,108.586365,33.828495,-9.357247,-3.3555365,79.02148,24.693745,107.698524,0.67570454
2.1458333333333335,33.626522,-8.872404,-2.930427,77.91089,25.0,108.58647,33.815464,-9.373979,-3.3997355,79.003494,24.702148,107.722824,0.71240884
2.15,33.626522,-8.872404,-2.930427,77.91089,25.0,108.58647,33.809868,-9.387778,-3.4449034,78.98581,24.713299,107.74039,0.7509408
2.154166666666667,33.626522,-8.872404,-2.930427,77.91089,25.0,108.58647,33.810593,-9.398276,-3.4879303,78.96818,24.720818,107.75325,0.7881836
2.158333333333333,33.626522,-8.872404,-2.930427,77.91089,25.0,108.58647,33.818497,-9.404553,-3.5286927,78.94658,24.718697,107.76404,0.8233826
2.1625,33.626522,-8.872404,-2.930427,77.91089,25.0,108.58647,33.830822,-9.41139,-3.5628052,78.9252,24.717495,107.771324,0.85565567
2.1666666666666665,33.626522,-8.872404,-2.930427,77.91089,25.0,108.58647,33.844345,-9.415657,-3.5899014,78.90471,24.720901,107.77692,0.8817466
2.1708333333333334,33.626522,-8.872404,-2.930427,77.91089,25.0,108.58647,33.859406,-9.417131,-3.6113725,78.883415,24.724243,107.78212,0.9025792
2.175,33.626522,-8.872404,-2.930427,77.91089,25.0,108.58647,33.874847,-9.41612,-3.6313057,78.86221,24.732296,107.78529,0.921153
2.1791666666666667,33.626522,-8.872404,-2.930427,77.91089,25.0,108.58647,33.888496,-9.414683,-3.6491694,78.84302,24.741413,107.78813,0.93770355
2.183333333333333,33.626522,-8.872404,-2.930427,77.91089,25.0,108.58647,33.90034,-9.413073,-3.6643705,78.82489,24.750526,107.79111,0.95182574
2.1875,33.626522,-8.872404,-2.930427,77.91089,25.0,108.58647,33.91047,-9.4087,-3.6772137,78.8053,24.757942,107.79438,0.96225226
2.191666666666667,33.626522,-8.872404,-2.930427,77.91089,25.0,108.58647,33.91889,-9.404419,-3.6857538,78.78652,24.767487,107.79762,0.9690399
2.1958333333333333,33.626522,-8.872404,-2.930427,77.91089,25.0,108.58647,33.92552,-9.400852,-3.6924424,78.77095,24.776283,107.800804,0.9743334
2.2,33.626522,-8.872404,-2.930427,77.91089,25.0,108.58647,33.93039,-9.397838,-3.6980991,78.75874,24.785011,107.803955,0.97863996
2.2041666666666666,33.626522,-8.872404,-2.930427,77.91089,25.0,108.58647,33.9339,-9.394997,-3.703001,78.750145,24.794018,107.80685,0.9820662
2.2083333333333335,33.626522,-8.872404,-2.930427,77.91089,25.0,108.58647,33.93607,-9.392659,-3.707769,78.74384,24.803242,107.809784,0.98526406
2.2125,33.626522,-8.872404,-2.930427,77.91089,25.0,108.58647,33.936832,-9.390712,-3.7120304,78.739716,24.812447,107.81283,0.9878457
2.216666666666667,33.626522,-8.872404,-2.930427,77.91089,25.0,108.58647,33.93682,-9.389289,-3.7156324,78.73665,24.82125,107.81588,0.9899509
2.220833333333333,33.626522,-8.872404,-2.930427,77.91089,25.0,108.58647,33.93637,-9.388236,-3.7188044,78.734566,24.828804,107.81829,0.99178004
2.225,33.626522,-8.872404,-2.930427,77.91089,25.0,108.58647,33.935734,-9.387611,-3.72156,78.73334,24.834972,107.82001,0.99344945
2.2291666666666665,33.626522,-8.872404,-2.930427,77.91089,25.0,108.58647,33.935112,-9.387245,-3.7235837,78.73266,24.839958,107.82087,0.9946791
2.2333333333333334,33.626522,-8.872404,-2.930427,77.91089,25.0,108.58647,33.934464,-9.387186,-3.7251372,78.73234,24.84365,107.82122,0.995687
2.2375,33.626522,-8.872404,-2.930427,77.91089,25.0,108.58647,33.933903,-9.387315,-3.726119,78.732346,24.846107,107.82121,0.99636424
2.2416666666666667,33.626522,-8.872404,-2.930427,77.91089,25.0,108.58647,33.933506,-9.387518,-3.7266736,78.73249,24.847538,107.82097,0.9967898
2.245833333333333,33.626522,-8.872404,-2.930427,77.91089,25.0,108.58647,33.93327,-9.387692,-3.7269373,78.732635,24.848267,107.82063,0.99701786
2.25,33.626522,-8.872404,-2.930427,77.91089,25.0,108.58647,33.933174,-9.387804,-3.7270603,78.73274,24.848595,107.8203,0.9971445
2.254166666666667,33.626522,-8.872404,-2.930427,77.91089,25.0,108.58647,33.93315,-9.387834,-3.7271256,78.73276,24.848763,107.820114,0.9972049
2.2583333333333333,33.626522,-8.872404,-2.930427,77.91089,25.0,108.58647,33.933163,-9.387844,-3.7271476,78.732796,24.848839,107.82002,0.99723136
2.2625,33.626522,-8.872404,-2.930427,77.91089,25.0,108.58647,33.93316,-9.387847,-3.7271667,78.7328,24.848839,107.81999,0.9972469
2.2666666666666666,33.626522,-8.872404,-2.930427,77.91089,25.0,108.58647,33.93316,-9.387851,-3.7271671,78.732796,24.848839,107.81999,0.9972493
2.2708333333333335,33.626522,-8.872404,-2.930427,77.91089,25.0,108.58647,33.933163,-9.387848,-3.7271657,78.732796,24.848843,107.81999,0.9972478
2.275,33.626522,-8.872404,-2.930427,77.91089,25.0,108.58647,33.93316,-9.38785,-3.7271652,78.732796,24.848846,107.81999,0.9972472
2.279166666666667,33.626522,-8.872404,-2.930427,77.91089,25.0,108.58647,33.933163,-9.387846,-3.7271643,78.732796,24.848843,107.81999,0.99724567
2.283333333333333,33.626522,-8.872404,-2.930427,77.91089,25.0,108.58647,33.93316,-9.38785,-3.7271633,78.732796,24.848846,107.81999,0.9972457
2.2875,33.626522,-8.872404,-2.930427,77.91089,25.0,108.58647,33.933163,-9.387849,-3.727162,78.732796,24.848846,107.819984,0.99724525
2.2916666666666665,33.626522,-8.872404,-2.930427,77.91089,25.0,108.58647,33.93316,-9.387848,-3.727162,78.732796,24.848843,107.81999,0.9972436
2.2958333333333334,33.626522,-8.872404,-2.930427,77.91089,25.0,108.58647,33.93316,-9.38785,-3.7271643,78.732796,24.848843,107.81999,0.9972465
2.3,33.626522,-8.872404,-2.930427,77.91089,25.0,108.58647,33.93316,-9.38785,-3.7271643,78.732796,24.848846,107.81999,0.9972465
2.3041666666666667,33.626522,-8.872404,-2.930427,77.91089,25.0,108.58647,33.93316,-9.387846,-3.7271643,78.7328,24.848843,107.81999,0.99724454
2.308333333333333,33.626522,-8.872404,-2.930427,77.91089,25.0,108.58647,33.933163,-9.387846,-3.7271628,78.732796,24.848846,107.819984,0.99724454
2.3125,33.626522,-8.872404,-2.930427,77.91089,25.0,108.58647,33.933163,-9.387849,-3.7271633,78.732796,24.848846,107.81999,0.9972464
2.316666666666667,33.626522,-8.872404,-2.930427,77.91089,25.0,108.58647,33.933163,-9.387846,-3.727162,78.732796,24.84885,107.81999,0.99724376
2.3208333333333333,33.626522,-8.872404,-2.930427,77.91089,25.0,108.58647,33.933163,-9.387847,-3.7271643,78.732796,24.848846,107.81999,0.9972462
2.325,33.626522,-8.872404,-2.930427,77.91089,25.0,108.58647,33.933163,-9.387848,-3.7271633,78.7328,24.848846,107.81999,0.9972459
2.3291666666666666,33.626522,-8.872404,-2.930427,77.91089,25.0,108.58647,33.933163,-9.38785,-3.7271628,78.7328,24.848843,107.81999,0.9972465
2.3333333333333335,33.626522,-8.872404,-2.930427,77.91089,25.0,108.58647,33.933163,-9.387847,-3.7271643,78.7328,24.848846,107.81999,0.9972462
2.3375,33.626522,-8.872404,-2.930427,77.91089,25.0,108.58647,33.933163,-9.387848,-3.7271628,78.7328,24.848846,107.81999,0.9972455
2.341666666666667,33.626522,-8.872404,-2.930427,77.91089,25.0,108.58647,33.933163,-9.387848,-3.7271643,78.7328,24.848846,107.81999,0.9972467
2.345833333333333,33.626522,-8.872404,-2.930427,77.91089,25.0,108.58647,33.93316,-9.387849,-3.727161,78.732796,24.848846,107.82,0.99724334
2.35,33.626522,-8.872404,-2.930427,77.91089,25.0,108.58647,33.933163,-9.387846,-3.727159,78.7328,24.848846,107.81999,0.9972415
2.3541666666666665,33.626522,-8.872404,-2.930427,77.91089,25.0,108.58647,33.933163,-9.387844,-3.7271614,78.7328,24.848839,107.81999,0.9972424
2.3583333333333334,33.626522,-8.872404,-2.930427,77.91089,25.0,108.58647,33.933163,-9.387847,-3.727162,78.7328,24.84885,107.82,0.9972443
2.3625,33.626522,-8.872404,-2.930427,77.91089,25.0,108.58647,33.93316,-9.387849,-3.7271652,78.7328,24.848846,107.81999,0.99724674
2.3666666666666667,33.626522,-8.872404,-2.930427,77.91089,25.0,108.58647,33.93316,-9.38785,-3.7271652,78.7328,24.848843,107.82,0.9972472
2.370833333333333,33.626522,-8.872404,-2.930427,77.91089,25.0,108.58647,33.93316,-9.38785,-3.7271614,78.7328,24.848843,107.81999,0.9972442
2.375,33.626522,-8.872404,-2.930427,77.91089,25.0,108.58647,33.93316,-9.387847,-3.7271614,78.7328,24.84885,107.81999,0.99724275
2.379166666666667,33.626522,-8.872404,-2.930427,77.91089,25.0,108.58647,33.933163,-9.38785,-3.7271585,78.7328,24.84885,107.81999,0.9972431
2.3833333333333333,33.626522,-8.872404,-2.930427,77.91089,25.0,108.58647,33.933163,-9.38785,-3.727159,78.732796,24.848839,107.81999,0.99724346
2.3875,33.626522,-8.872404,-2.930427,77.91089,25.0,108.58647,33.933163,-9.387846,-3.7271628,78.7328,24.848846,107.82,0.99724454
2.3916666666666666,33.626522,-8.872404,-2.930427,77.91089,25.0,108.58647,33.933163,-9.387847,-3.727162,78.7328,24.848846,107.81999,0.9972443
2.3958333333333335,33.626522,-8.872404,-2.930427,77.91089,25.0,108.58647,33.933163,-9.387848,-3.7271614,78.7328,24.84885,107.81999,0.99724436
2.4,33.626522,-8.872404,-2.930427,77.91089,25.0,108.58647,33.933163,-9.387847,-3.7271614,78.732796,24.848846,107.81999,0.9972439
2.404166666666667,33.626522,-8.872404,-2.930427,77.91089,25.0,108.58647,33.933163,-9.387846,-3.727161,78.7328,24.848846,107.819984,0.997243
2.408333333333333,33.626522,-8.872404,-2.930427,77.91089,25.0,108.58647,33.93316,-9.387847,-3.727161,78.7328,24.84885,107.81999,0.99724233
2.4125,33.626522,-8.872404,-2.930427,77.91089,25.0,108.58647,33.933163,-9.387846,-3.7271576,78.732796,24.848854,107.81999,0.99724036
2.4166666666666665,33.626522,-8.872404,-2.930427,77.91089,25.0,108.58647,33.933163,-9.387848,-3.727161,78.7328,24.84885,107.81999,0.997244
2.4208333333333334,33.626522,-8.872404,-2.930427,77.91089,25.0,108.58647,33.933163,-9.387849,-3.7271605,78.7328,24.84885,107.81999,0.9972441
2.425,33.626522,-8.872404,-2.930427,77.91089,25.0,108.58647,33.933163,-9.387849,-3.7271605,78.7328,24.84885,107.81999,0.9972441
2.4291666666666667,33.626522,-8.872404,-2.930427,77.91089,25.0,108.58647,33.933163,-9.387849,-3.727158,78.7328,24.84885,107.81999,0.9972422
2.433333333333333,33.626522,-8.872404,-2.930427,77.91089,25.0,108.58647,33.93316,-9.387848,-3.7271585,78.7328,24.848846,107.81999,0.99724096
2.4375,33.626522,-8.872404,-2.930427,77.91089,25.0,108.58647,33.93316,-9.387848,-3.7271585,78.7328,24.848846,107.81999,0.99724096
2.441666666666667,33.626522,-8.872404,-2.930427,77.91089,25.0,108.58647,33.93316,-9.387848,-3.7271585,78.7328,24.848846,107.81999,0.99724096
2.4458333333333333,33.626522,-8.872404,-2.930427,77.91089,25.0,108.58647,33.93316,-9.387848,-3.7271585,78.7328,24.848846,107.81999,0.99724096
2.45,33.626522,-8.872404,-2.930427,77.91089,25.0,108.58647,33.93316,-9.387848,-3.7271585,78.7328,24.848846,107.81999,0.99724096
2.4541666666666666,33.626522,-8.872404,-2.930427,77.91089,25.0,108.58647,33.93316,-9.387848,-3.7271585,78.7328,24.848846,107.81999,0.99724096
2.4583333333333335,33.626522,-8.872404,-2.930427,77.91089,25.0,108.58647,33.93316,-9.387848,-3.7271585,78.7328,24.848846,107.81999,0.99724096
2.4625,33.626522,-8.872404,-2.930427,77.91089,25.0,108.58647,33.93316,-9.387848,-3.7271585,78.7328,24.848846,107.81999,0.99724096
2.466666666666667,33.626522,-8.872404,-2.930427,77.91089,25.0,108.58647,33.93316,-9.387848,-3.7271585,78.7328,24.848846,107.81999,0.99724096
2.470833333333333,33.626522,-8.872404,-2.930427,77.91089,25.0,108.58647,33.93316,-9.387848,-3.7271585,78.7328,24.848846,107.81999,0.99724096
2.475,33.626522,-8.872404,-2.930427,77.91089,25.0,108.58647,33.93316,-9.387848,-3.7271585,78.7328,24.848846,107.81999,0.99724096
2.4791666666666665,33.626522,-8.872404,-2.930427,77.91089,25.0,108.58647,33.93316,-9.387848,-3.7271585,78.7328,24.848846,107.81999,0.99724096
2.4833333333333334,33.626522,-8.872404,-2.930427,77.91089,25.0,108.58647,33.93316,-9.387848,-3.7271585,78.7328,24.848846,107.81999,0.99724096
2.4875,33.626522,-8.872404,-2.930427,77.91089,25.0,108.58647,33.93316,-9.387848,-3.7271585,78.7328,24.848846,107.81999,0.99724096
2.4916666666666667,33.626522,-8.872404,-2.930427,77.91089,25.0,108.58647,33.93316,-9.387848,-3.7271585,78.7328,24.848846,107.81999,0.99724096
2.495833333333333,33.626522,-8.872404,-2.930427,77.91089,25.0,108.58647,33.93316,-9.387848,-3.7271585,78.7328,24.848846,107.81999,0.99724096
2.5,33.626522,-8.872404,-2.930427,77.91089,25.0,108.58647,33.93316,-9.387848,-3.7271585,78.7328,24.848846,107.81999,0.99724096
2.504166666666667,33.626522,-8.872404,-2.930427,77.91089,25.0,108.58647,33.93316,-9.387848,-3.7271585,78.7328,24.848846,107.81999,0.99724096
2.5083333333333333,33.626522,-8.872404,-2.930427,77.91089,25.0,108.58647,33.93316,-9.387848,-3.7271585,78.7328,24.848846,107.81999,0.99724096
2.5125,33.626522,-8.872404,-2.930427,77.91089,25.0,108.58647,33.93316,-9.387848,-3.7271585,78.7328,24.848846,107.81999,0.99724096
2.5166666666666666,33.626522,-8.872404,-2.930427,77.91089,25.0,108.58647,33.93316,-9.387848,-3.7271585,78.7328,24.848846,107.81999,0.99724096
2.5208333333333335,33.626522,-8.872404,-2.930427,77.91089,25.0,108.58647,33.93316,-9.387848,-3.7271585,78.7328,24.848846,107.81999,0.99724096
2.525,33.626522,-8.872404,-2.930427,77.91089,25.0,108.58647,33.93316,-9.387848,-3.7271585,78.7328,24.848846,107.81999,0.99724096
2.529166666666667,33.626522,-8.872404,-2.930427,77.91089,25.0,108.58647,33.93316,-9.387848,-3.7271585,78.7328,24.848846,107.81999,0.99724096
2.533333333333333,33.626522,-8.872404,-2.930427,77.91089,25.0,108.58647,33.933163,-9.387847,-3.7271614,78.732796,24.848839,107.81999,0.9972439
2.5375,33.626522,-8.872404,-2.930427,77.91089,25.0,108.58647,33.93317,-9.387846,-3.727157,78.73279,24.848835,107.81997,0.99724233
2.5416666666666665,33.626522,-8.872404,-2.930427,77.91089,25.0,108.58647,33.933197,-9.387849,-3.7271466,78.73276,24.848782,107.81994,0.99724364
2.5458333333333334,33.626522,-8.872404,-2.930427,77.91089,25.0,108.58647,33.93324,-9.387857,-3.7270913,78.732635,24.84856,107.81997,0.99721676
2.55,33.626522,-8.872404,-2.930427,77.91089,25.0,108.58647,33.933285,-9.387879,-3.7269158,78.73242,24.84797,107.820175,0.997102
2.5541666666666667,33.626522,-8.872404,-2.930427,77.91089,25.0,108.58647,33.93331,-9.387898,-3.7265239,78.73198,24.846798,107.82074,0.99680704
2.558333333333333,33.626522,-8.872404,-2.930427,77.91089,25.0,108.58647,33.933315,-9.387915,-3.7258143,78.731064,24.844788,107.82176,0.99625003
2.5625,33.626522,-8.872404,-2.930427,77.91089,25.0,108.58647,33.933266,-9.3879385,-3.724669,78.72934,24.841663,107.82333,0.9953329
2.566666666666667,33.626522,-8.872404,-2.930427,77.91089,25.0,108.58647,33.93304,-9.388086,-3.7229772,78.726616,24.837143,107.82565,0.99399066
2.5708333333333333,33.626522,-8.872404,-2.930427,77.91089,25.0,108.58647,33.932503,-9.388507,-3.7203474,78.72253,24.831196,107.82884,0.99194777
2.575,33.626522,-8.872404,-2.930427,77.91089,25.0,108.58647,33.931244,-9.389208,-3.7167497,78.716805,24.823685,107.83348,0.98906255
2.5791666666666666,33.626522,-8.872404,-2.930427,77.91089,25.0,108.58647,33.928944,-9.390145,-3.7121844,78.70909,24.814674,107.84,0.98522043
2.5833333333333335,33.626522,-8.872404,-2.930427,77.91089,25.0,108.58647,33.92543,-9.391177,-3.706833,78.698814,24.804752,107.84856,0.98044765
2.5875,33.626522,-8.872404,-2.930427,77.91089,25.0,108.58647,33.920757,-9.392007,-3.7004356,78.68588,24.79457,107.85955,0.9744099
2.591666666666667,33.626522,-8.872404,-2.930427,77.91089,25.0,108.58647,33.914936,-9.39204,-3.6919732,78.67114,24.785645,107.87288,0.9660005
2.595833333333333,33.626522,-8.872404,-2.930427,77.91089,25.0,108.58647,33.907803,-9.390718,-3.6806812,78.65371,24.777264,107.88917,0.9542797
2.6,33.626522,-8.872404,-2.930427,77.91089,25.0,108.58647,33.900024,-9.388103,-3.6651134,78.634735,24.770203,107.9082,0.9383563
2.6041666666666665,33.626522,-8.872404,-2.930427,77.91089,25.0,108.58647,33.892735,-9.384843,-3.6461658,78.61099,24.767048,107.92677,0.91964376
2.6083333333333334,33.626522,-8.872404,-2.930427,77.91089,25.0,108.58647,33.88501,-9.380307,-3.6236835,78.5861,24.767838,107.94713,0.8974329
2.6125,33.626522,-8.872404,-2.930427,77.91089,25.0,108.58647,33.876755,-9.373654,-3.5947495,78.55812,24.771038,107.97005,0.8690181
2.6166666666666667,33.626522,-8.872404,-2.930427,77.91089,25.0,108.58647,33.8671,-9.36573,-3.5581264,78.52841,24.774551,107.99769,0.83381945
2.620833333333333,33.626522,-8.872404,-2.930427,77.91089,25.0,108.58647,33.85631,-9.355442,-3.5139513,78.49328,24.77885,108.02982,0.79159933
2.625,33.626522,-8.872404,-2.930427,77.91089,25.0,108.58647,33.839127,-9.345143,-3.4650793,78.45749,24.79176,108.06378,0.74467176
2.629166666666667,33.626522,-8.872404,-2.930427,77.91089,25.0,108.58647,33.82201,-9.330034,-3.4133058,78.41582,24.819332,108.10383,0.6934066
2.6333333333333333,33.626522,-8.872404,-2.930427,77.91089,25.0,108.58647,33.804165,-9.312564,-3.3591843,78.36285,24.859535,108.148674,0.639633
2.6375,33.626522,-8.872404,-2.930427,77.91089,25.0,108.58647,33.78722,-9.284126,-3.2995572,78.298,24.898327,108.19482,0.57584375
2.6416666666666666,33.626522,-8.872404,-2.930427,77.91089,25.0,108.58647,33.78045,-9.253886,-3.2396283,78.22318,24.927982,108.22234,0.5146139
2.6458333333333335,33.626522,-8.872404,-2.930427,77.91089,25.0,108.58647,33.77196,-9.219986,-3.187296,78.14075,24.970085,108.2423,0.4560124
2.65,33.626522,-8.872404,-2.930427,77.91089,25.0,108.58647,33.752735,-9.176483,-3.1384134,78.05298,25.023628,108.25391,0.3894254
2.654166666666667,33.626568,-8.872393,-2.930427,77.91083,25.0,108.586365,33.72732,-9.127699,-3.0915384,77.94643,25.077713,108.261566,0.31826007
2.658333333333333,33.62688,-8.872308,-2.9304247,77.91042,25.0,108.58568,33.69688,-9.065032,-3.033949,77.83598,25.12936,108.26578,0.22969511
2.6625,33.627712,-8.872086,-2.930427,77.90933,25.0,108.58385,33.659428,-9.001584,-2.9766407,77.73281,25.177773,108.26116,0.14110784
2.6666666666666665,33.62931,-8.871656,-2.9304276,77.90724,25.0,108.58033,33.603664,-8.934263,-2.931202,77.63049,25.250359,108.26249,0.06766048
2.6708333333333334,33.6319,-8.870963,-2.9304254,77.90386,25.0,108.57462,33.5243,-8.865397,-2.8904629,77.521355,25.337666,108.27084,0.11491733
2.675,33.635693,-8.869947,-2.930426,77.89891,25.0,108.56628,33.424847,-8.794671,-2.8493452,77.40759,25.396248,108.2778,0.23811053
2.6791666666666667,33.640896,-8.868553,-2.930426,77.89211,25.0,108.55482,33.286896,-8.71425,-2.805562,77.29146,25.43858,108.361084,0.40585297
2.683333333333333,33.647697,-8.866729,-2.9304254,77.88323,25.0,108.53984,33.142014,-8.628487,-2.7636147,77.1965,25.48484,108.43612,0.5833536
2.6875,33.656273,-8.864432,-2.9304261,77.87204,25.0,108.52095,33.02034,-8.549291,-2.7291565,77.141304,25.52201,108.46285,0.73772246
2.691666666666667,33.666794,-8.861612,-2.9304252,77.858315,25.0,108.49777,32.8619,-8.469965,-2.7335243,77.13278,25.653019,108.56808,0.9165212
2.6958333333333333,33.679405,-8.8582325,-2.9304261,77.841866,25.0,108.46998,32.749947,-8.424456,-2.7466993,77.11495,25.754372,108.63857,1.0420227
2.7,33.69426,-8.854252,-2.9304247,77.82251,25.0,108.43723,32.666306,-8.39539,-2.7980833,77.09692,25.856548,108.67314,1.1334718
2.7041666666666666,33.71148,-8.849641,-2.9304256,77.80009,25.0,108.399254,32.601276,-8.379037,-2.8412552,77.08307,25.973034,108.65779,1.2091194
2.7083333333333335,33.73119,-8.844359,-2.930427,77.77444,25.0,108.355774,32.56251,-8.383739,-2.890953,77.060715,26.125301,108.592636,1.2567967
2.7125,33.753498,-8.83838,-2.9304266,77.74544,25.0,108.30654,32.52282,-8.389972,-2.9217768,77.08832,26.307472,108.475426,1.3098528
2.716666666666667,33.778503,-8.831681,-2.9304273,77.71297,25.0,108.25132,32.516266,-8.4100895,-2.965663,77.08345,26.471237,108.34766,1.3312494
2.720833333333333,33.806293,-8.824233,-2.9304264,77.676926,25.0,108.189926,32.503407,-8.418285,-3.0385046,77.02105,26.63404,108.26344,1.3689371
2.725,33.836945,-8.81602,-2.9304247,77.63723,25.0,108.12216,32.49214,-8.420785,-3.1294994,76.90645,26.809738,108.209335,1.4157457
2.7291666666666665,33.870533,-8.807025,-2.9304261,77.593796,25.0,108.04785,32.464798,-8.407991,-3.2075315,76.764114,26.94321,108.21181,1.487315
2.7333333333333334,33.90711,-8.797226,-2.9304276,77.54657,25.0,107.96687,32.39639,-8.407396,-3.2711291,76.60797,27.040165,108.27831,1.5969714
2.7375,33.946712,-8.786609,-2.9304285,77.495514,25.0,107.87912,32.34305,-8.382864,-3.3156695,76.458565,27.110794,108.364105,1.697987
2.7416666666666667,33.989403,-8.775172,-2.930426,77.440605,25.0,107.78444,32.27936,-8.347466,-3.345293,76.32356,27.180012,108.49072,1.8108803
2.745833333333333,34.035202,-8.762898,-2.9304256,77.38181,25.0,107.68278,32.226948,-8.330105,-3.3870692,76.219345,27.246895,108.63836,1.9145801
2.75,34.08413,-8.749787,-2.930425,77.319145,25.0,107.57405,32.161682,-8.338142,-3.4133854,76.15461,27.359394,108.79698,2.0244765
2.754166666666667,34.136204,-8.735835,-2.9304261,77.25261,25.0,107.45821,32.101383,-8.349958,-3.421255,76.121445,27.451897,108.98918,2.1284523
2.7583333333333333,34.19143,-8.721036,-2.930426,77.18223,25.0,107.33522,32.039017,-8.386957,-3.4437385,76.13809,27.557827,109.158966,2.2378511
2.7625,34.249798,-8.705398,-2.9304273,77.10805,25.0,107.20507,32.013508,-8.440321,-3.4904447,76.17189,27.69154,109.248215,2.320534
2.7666666666666666,34.311306,-8.688916,-2.930425,77.03011,25.0,107.06774,32.016502,-8.517879,-3.5267859,76.215935,27.80215,109.276985,2.3771882
2.7708333333333335,34.37593,-8.671601,-2.9304254,76.94848,25.0,106.923256,32.042095,-8.603937,-3.5457215,76.27341,27.886215,109.2329,2.4145303
2.775,34.443645,-8.653457,-2.9304266,76.86322,25.0,106.771645,32.05399,-8.702481,-3.5927758,76.34576,27.940308,109.12953,2.4802349
2.779166666666667,34.514423,-8.63449,-2.9304247,76.77442,25.0,106.612946,32.060608,-8.803532,-3.6477718,76.455154,27.972591,108.92015,2.562103
2.783333333333333,34.588226,-8.61472,-2.9304256,76.682175,25.0,106.4472,32.068233,-8.901912,-3.7067766,76.564964,27.947552,108.645935,2.6524637
2.7875,34.664997,-8.594148,-2.930425,76.58658,25.0,106.274506,32.08972,-9.007902,-3.7641273,76.64185,27.909508,108.30913,2.7383015
2.7916666666666665,34.74469,-8.57279,-2.9304245,76.48775,25.0,106.09494,32.125637,-9.111097,-3.8253722,76.68326,27.853462,107.95793,2.8195999
2.7958333333333334,34.827248,-8.550671,-2.9304264,76.3858,25.0,105.90859,32.18458,-9.188643,-3.8869705,76.66272,27.789787,107.59115,2.8819556
2.8,34.912605,-8.5278,-2.9304242,76.280876,25.0,105.71557,32.261604,-9.252372,-3.9290652,76.61427,27.689697,107.189316,2.9240544
2.8041666666666667,35.000687,-8.504196,-2.9304261,76.173096,25.0,105.516014,32.318657,-9.29036,-3.9467373,76.51788,27.540077,106.87613,2.9739244
2.808333333333333,35.091423,-8.479883,-2.9304266,76.062614,25.0,105.31004,32.403343,-9.327274,-3.9692845,76.391846,27.34209,106.53166,3.0038426
2.8125,35.18473,-8.454882,-2.930424,75.949585,25.0,105.09781,32.49951,-9.35865,-3.9952226,76.22418,27.10838,106.17932,3.0267134
2.816666666666667,35.280525,-8.429216,-2.930426,75.83415,25.0,104.87946,32.604786,-9.379617,-4.040791,76.0314,26.883999,105.82167,3.0488937
2.8208333333333333,35.37871,-8.402905,-2.9304264,75.716484,25.0,104.6552,32.729874,-9.38888,-4.0969663,75.81493,26.656513,105.46758,3.057663
2.825,35.4792,-8.375981,-2.930427,75.59675,25.0,104.42517,32.86395,-9.397211,-4.1518636,75.57907,26.414253,105.12622,3.0617557
2.8291666666666666,35.581882,-8.348466,-2.930427,75.47512,25.0,104.1896,33.022743,-9.374705,-4.185282,75.34387,26.179329,104.81152,3.02936
2.8333333333333335,35.68666,-8.320391,-2.9304252,75.351776,25.0,103.94866,33.191807,-9.348094,-4.211595,75.103004,25.938534,104.52284,2.9869494
2.8375,35.793427,-8.291782,-2.930427,75.22688,25.0,103.70259,33.353073,-9.334054,-4.2343135,74.848434,25.716824,104.26445,2.9566493
2.841666666666667,35.90207,-8.262671,-2.9304304,75.100624,25.0,103.45159,33.51413,-9.3137245,-4.2541842,74.58529,25.506859,104.005135,2.9256268
2.845833333333333,36.01247,-8.23309,-2.9304266,74.973206,25.0,103.19591,33.628582,-9.279308,-4.2894726,74.35139,25.446117,103.82133,2.9367502
2.85,36.12452,-8.203068,-2.9304276,74.84478,25.0,102.93577,33.743927,-9.245838,-4.3241787,74.11152,25.414944,103.63412,2.94909
2.8541666666666665,36.238087,-8.172638,-2.9304264,74.71555,25.0,102.67144,33.864883,-9.209162,-4.3532763,73.87373,25.389572,103.44428,2.9548228
2.8583333333333334,36.353058,-8.14183,-2.9304278,74.58569,25.0,102.40317,33.99333,-9.17661,-4.380571,73.656204,25.38057,103.231384,2.9566886
2.8625,36.4693,-8.110684,-2.9304242,74.45541,25.0,102.13122,34.121952,-9.1455,-4.403515,73.44067,25.376556,103.000435,2.9581885
2.8666666666666667,36.586685,-8.07923,-2.9304314,74.324844,25.0,101.85587,34.261097,-9.117981,-4.4217744,73.23256,25.384571,102.74664,2.9515195
2.870833333333333,36.70509,-8.047503,-2.9304268,74.19423,25.0,101.5774,34.40712,-9.087834,-4.444365,73.034805,25.418056,102.47505,2.9419317
2.875,36.824375,-8.015541,-2.9304245,74.06372,25.0,101.296104,34.558937,-9.057845,-4.467038,72.84866,25.477215,102.20337,2.9291277
2.879166666666667,36.944412,-7.9833784,-2.9304264,73.93349,25.0,101.01226,34.71853,-9.026122,-4.4968233,72.669586,25.573566,101.92015,2.9146993
2.8833333333333333,37.065063,-7.9510474,-2.9304242,73.80372,25.0,100.72619,34.882797,-8.984545,-4.529306,72.494896,25.68032,101.63305,2.8960016
2.8875,37.186195,-7.9185905,-2.9304256,73.674576,25.0,100.43818,35.04944,-8.935254,-4.561777,72.331795,25.79356,101.34294,2.8741333
2.8916666666666666,37.30767,-7.886044,-2.9304261,73.546234,25.0,100.148544,35.218567,-8.877932,-4.5927715,72.17499,25.910942,101.055786,2.848085
2.8958333333333335,37.42935,-7.8534393,-2.9304242,73.41885,25.0,99.85761,35.389523,-8.8127,-4.6180716,72.025116,26.031078,100.780304,2.8158903
2.9,37.5511,-7.820817,-2.9304247,73.29259,25.0,99.5657,35.558594,-8.742866,-4.633712,71.885056,26.152176,100.506546,2.7787495
2.904166666666667,37.672783,-7.788212,-2.9304266,73.16759,25.0,99.273125,35.730587,-8.666652,-4.6475573,71.75064,26.285706,100.23403,2.73721
2.908333333333333,37.794254,-7.755663,-2.9304276,73.04401,25.0,98.980225,35.913338,-8.582606,-4.6613913,71.61509,26.434105,99.96644,2.6866183
2.9125,37.915386,-7.7232075,-2.9304254,72.92199,25.0,98.68732,36.106598,-8.49555,-4.6692924,71.47959,26.577545,99.70626,2.6252403
2.9166666666666665,38.036037,-7.690879,-2.9304252,72.80166,25.0,98.394745,36.30262,-8.40322,-4.676681,71.346664,26.730717,99.45399,2.5615573
2.9208333333333334,38.156075,-7.6587143,-2.930426,72.68314,25.0,98.10284,36.50405,-8.307805,-4.686249,71.212006,26.904224,99.20928,2.4966805
2.925,38.27536,-7.626752,-2.930426,72.566574,25.0,97.811935,36.710815,-8.203246,-4.698096,71.09249,27.09325,98.98026,2.4299798
2.9291666666666667,38.393764,-7.595023,-2.9304247,72.45206,25.0,97.52237,36.91098,-8.0919,-4.7056346,70.98206,27.289562,98.762375,2.365778
2.933333333333333,38.51115,-7.5635715,-2.9304264,72.33971,25.0,97.23448,37.10005,-7.973365,-4.7077928,70.88165,27.481709,98.55774,2.3061137
2.9375,38.627396,-7.5324244,-2.9304273,72.229614,25.0,96.94859,37.259846,-7.843959,-4.7073255,70.77156,27.685616,98.35801,2.2637608
2.941666666666667,38.742363,-7.5016174,-2.930424,72.12189,25.0,96.66506,37.393494,-7.713008,-4.7076907,70.67443,27.88696,98.17344,2.241163
2.9458333333333333,38.855934,-7.471187,-2.930426,72.016594,25.0,96.3842,37.53605,-7.563037,-4.7179337,70.57774,28.09795,98.0007,2.223897
2.95,38.96798,-7.4411635,-2.9304254,71.913826,25.0,96.10635,37.688248,-7.402319,-4.732002,70.487885,28.31792,97.82958,2.210181
2.9541666666666666,39.078384,-7.4115825,-2.9304278,71.813644,25.0,95.831825,37.83831,-7.2253265,-4.7456455,70.38781,28.52684,97.66686,2.206239
2.9583333333333335,39.187027,-7.3824725,-2.9304261,71.716125,25.0,95.56096,38.00718,-7.036381,-4.7572846,70.260864,28.69125,97.505394,2.2020972
2.9625,39.293793,-7.353865,-2.9304285,71.621315,25.0,95.294075,38.195698,-6.8374977,-4.7671304,70.13634,28.828201,97.33652,2.2013454
2.966666666666667,39.39857,-7.3257885,-2.9304278,71.52927,25.0,95.03146,38.39394,-6.6448965,-4.7617407,70.02251,28.936485,97.122475,2.1969535
2.970833333333333,39.501255,-7.2982736,-2.9304261,71.440025,25.0,94.773445,38.604813,-6.4635735,-4.7362866,69.925995,29.002842,96.87978,2.1820784
2.975,39.601738,-7.2713485,-2.9304264,71.35362,25.0,94.52032,38.81454,-6.301344,-4.6959095,69.79745,29.026283,96.625206,2.1627572
2.9791666666666665,39.699924,-7.245039,-2.9304266,71.27009,25.0,94.27236,39.04364,-6.1686325,-4.644321,69.64174,28.979404,96.37228,2.1276264
2.9833333333333334,39.79572,-7.2193727,-2.9304276,71.189445,25.0,94.029854,39.276234,-6.0855837,-4.592408,69.4724,28.89552,96.09551,2.077865
2.9875,39.889027,-7.1943727,-2.930425,71.11172,25.0,93.793076,39.493973,-6.036834,-4.5357614,69.30913,28.774418,95.80795,2.0181844
2.9916666666666667,39.979763,-7.1700583,-2.9304276,71.036896,25.0,93.562294,39.67303,-6.0288906,-4.483031,69.17814,28.616997,95.553024,1.9511343
2.995833333333333,40.06785,-7.146457,-2.930427,70.965004,25.0,93.33774,39.84943,-6.0552483,-4.4238544,69.0687,28.36935,95.31654,1.862463
3.0,40.153202,-7.123587,-2.930427,70.896034,25.0,93.11967,40.0334,-6.1093407,-4.3497186,68.98528,28.034725,95.074745,1.7485527
3.004166666666667,40.23576,-7.101464,-2.9304245,70.82998,25.0,92.90829,40.209713,-6.1679354,-4.289309,68.929665,27.703854,94.84012,1.6488544
3.0083333333333333,40.315456,-7.0801096,-2.9304254,70.76682,25.0,92.70381,40.382763,-6.2687635,-4.281545,68.9211,27.394863,94.57733,1.5774463
3.0125,40.392227,-7.059538,-2.9304235,70.70656,25.0,92.50644,40.534992,-6.356143,-4.251413,68.96749,27.06451,94.31724,1.5033826
3.0166666666666666,40.466026,-7.0397644,-2.9304247,70.649155,25.0,92.31634,40.658794,-6.4106054,-4.196585,69.03727,26.772083,94.06662,1.4269418
3.0208333333333335,40.536804,-7.0208006,-2.930427,70.59459,25.0,92.133675,40.77188,-6.4485245,-4.1611257,69.12779,26.541248,93.82014,1.3774542
3.025,40.604523,-7.0026546,-2.9304247,70.54284,25.0,91.958595,40.884743,-6.464699,-4.1254325,69.19737,26.339207,93.54757,1.3401356
3.029166666666667,40.669147,-6.9853387,-2.9304276,70.49386,25.0,91.79122,40.99267,-6.4479265,-4.0889115,69.24046,26.166153,93.31106,1.3174075
3.033333333333333,40.73065,-6.968858,-2.9304256,70.447624,25.0,91.63167,41.0661,-6.4235706,-4.060654,69.28691,25.951767,93.130486,1.2989537
3.0375,40.789024,-6.953216,-2.9304254,70.40408,25.0,91.48,41.149734,-6.38931,-4.0232444,69.33758,25.738457,92.95151,1.2815441
3.0416666666666665,40.844246,-6.9384203,-2.9304256,70.3632,25.0,91.3363,41.191196,-6.377947,-4.008124,69.37409,25.511383,92.83448,1.2633047
3.0458333333333334,40.89632,-6.924467,-2.930427,70.32491,25.0,91.20061,41.212883,-6.383786,-3.986884,69.400406,25.29924,92.70397,1.2282709
3.05,40.945248,-6.9113564,-2.9304273,70.289185,25.0,91.07294,41.23712,-6.4182444,-3.9497747,69.475945,25.13081,92.56211,1.169367
3.0541666666666667,40.991047,-6.8990884,-2.9304273,70.25596,25.0,90.95328,41.264523,-6.4752855,-3.8944817,69.552536,24.982086,92.42265,1.0880251
3.058333333333333,41.033737,-6.8876476,-2.9304283,70.22517,25.0,90.84161,41.27058,-6.5531006,-3.8094897,69.612656,24.849785,92.321976,0.96993065
3.0625,41.07335,-6.8770347,-2.9304268,70.19676,25.0,90.737885,41.24939,-6.6249895,-3.7034445,69.656105,24.703136,92.2099,0.8319095
3.066666666666667,41.10992,-6.867236,-2.930434,70.17066,25.0,90.64202,41.226032,-6.66914,-3.578476,69.688126,24.574463,92.1101,0.6875191
3.0708333333333333,41.143505,-6.858233,-2.9304264,70.14683,25.0,90.55391,41.191685,-6.6884327,-3.456192,69.71741,24.468723,91.982635,0.5546016
3.075,41.174156,-6.8500214,-2.930426,70.12517,25.0,90.47342,41.159866,-6.717202,-3.3431582,69.775604,24.368263,91.823555,0.43381235
3.0791666666666666,41.201946,-6.8425765,-2.930428,70.105606,25.0,90.40038,41.13632,-6.754958,-3.225534,69.84804,24.2723,91.61111,0.3147563
3.0833333333333335,41.22695,-6.835875,-2.9304264,70.08807,25.0,90.334625,41.095596,-6.791006,-3.1501637,69.875656,24.20819,91.387535,0.2599075
3.0875,41.24926,-6.829897,-2.930424,70.07249,25.0,90.27592,41.07679,-6.8254805,-3.0864277,69.92238,24.18789,91.14719,0.23259966
3.091666666666667,41.26897,-6.824615,-2.9304235,70.058754,25.0,90.22402,41.057003,-6.879734,-3.0398254,69.97949,24.197453,90.88406,0.24482055
3.095833333333333,41.286194,-6.820002,-2.930426,70.04678,25.0,90.17864,41.06202,-6.9333134,-3.0172653,70.01668,24.249851,90.62881,0.26577199
3.1,41.301044,-6.8160224,-2.9304276,70.03648,25.0,90.1395,41.076637,-6.9708242,-3.0081682,70.059784,24.312542,90.40426,0.28348866
3.1041666666666665,41.31366,-6.812641,-2.9304266,70.027756,25.0,90.10625,41.091225,-6.989251,-2.9915762,70.10017,24.385685,90.20557,0.29053003
3.1083333333333334,41.324177,-6.8098245,-2.9304261,70.02049,25.0,90.07851,41.10104,-7.007065,-2.982254,70.14154,24.47779,90.01351,0.3022912
3.1125,41.332756,-6.8075247,-2.930427,70.01457,25.0,90.05588,41.101875,-7.0268126,-2.9883356,70.17549,24.58596,89.82359,0.32364562
3.1166666666666667,41.339554,-6.805702,-2.9304266,70.00989,25.0,90.03794,41.111412,-7.0421247,-2.9942045,70.20573,24.69897,89.65514,0.3346818
3.120833333333333,41.344757,-6.80431,-2.9304252,70.00631,25.0,90.02421,41.13002,-7.056164,-3.0038366,70.23618,24.81277,89.52624,0.33901563
3.125,41.348553,-6.803293,-2.9304245,70.0037,25.0,90.01419,41.149223,-7.0719786,-3.015236,70.266235,24.905777,89.41319,0.3451333
3.129166666666667,41.35114,-6.802599,-2.9304276,70.001915,25.0,90.00736,41.176632,-7.0941257,-3.0270033,70.298,24.989384,89.31998,0.35322443
3.1333333333333333,41.352737,-6.802171,-2.9304326,70.00081,25.0,90.00314,41.219997,-7.115103,-3.0277376,70.33836,25.064243,89.24843,0.35357365
3.1375,41.353573,-6.801948,-2.930427,70.000244,25.0,90.00094,41.273067,-7.1340914,-3.0373049,70.37968,25.13966,89.169174,0.3580826
3.1416666666666666,41.35388,-6.801864,-2.9304268,70.00003,25.0,90.00012,41.321495,-7.1427765,-3.0412416,70.43407,25.213932,89.10775,0.35993063
3.1458333333333335,41.353928,-6.8018513,-2.930426,70.0,25.0,90.0,41.36866,-7.149065,-3.0421343,70.49533,25.281471,89.05361,0.3650386
3.15,41.353928,-6.8018513,-2.930426,70.0,25.0,90.0,41.413204,-7.153844,-3.0351439,70.556625,25.334888,89.01168,0.37199244
3.154166666666667,41.353928,-6.8018513,-2.930426,70.0,25.0,90.0,41.456505,-7.1563873,-3.019908,70.60813,25.37843,88.98534,0.37976956
3.158333333333333,41.353928,-6.8018513,-2.930426,70.0,25.0,90.0,41.494583,-7.1617107,-2.993431,70.65173,25.408298,88.96615,0.39147472
3.1625,41.353928,-6.8018513,-2.930426,70.0,25.0,90.0,41.523525,-7.1670876,-2.968254,70.68586,25.427254,88.951866,0.40446493
3.1666666666666665,41.353928,-6.8018513,-2.930426,70.0,25.0,90.0,41.546776,-7.1702127,-2.9410772,70.71745,25.438656,88.94558,0.41592553
3.1708333333333334,41.353928,-6.8018513,-2.930426,70.0,25.0,90.0,41.56472,-7.174177,-2.9127283,70.7448,25.44519,88.95457,0.42822108
3.175,41.353928,-6.8018513,-2.930426,70.0,25.0,90.0,41.577484,-7.175411,-2.8853226,70.770515,25.449429,88.969864,0.43767437
3.1791666666666667,41.353928,-6.8018513,-2.930426,70.0,25.0,90.0,41.583664,-7.172779,-2.8570004,70.79416,25.453007,88.99376,0.44244495
3.183333333333333,41.353928,-6.8018513,-2.930426,70.0,25.0,90.0,41.586918,-7.16868,-2.8283148,70.816574,25.453018,89.01847,0.44640183
3.1875,41.353928,-6.8018513,-2.930426,70.0,25.0,90.0,41.58799,-7.1648827,-2.8018074,70.83986,25.453728,89.03842,0.45068794
3.191666666666667,41.353928,-6.8018513,-2.930426,70.0,25.0,90.0,41.588444,-7.161577,-2.776001,70.862755,25.450657,89.05426,0.45634156
3.1958333333333333,41.353928,-6.8018513,-2.930426,70.0,25.0,90.0,41.58845,-7.15905,-2.7511625,70.88375,25.44434,89.06578,0.4633872
3.2,41.353928,-6.8018513,-2.930426,70.0,25.0,90.0,41.587822,-7.1567698,-2.7280369,70.902405,25.436226,89.07386,0.47078127
3.2041666666666666,41.353928,-6.8018513,-2.930426,70.0,25.0,90.0,41.586964,-7.154475,-2.7075682,70.91818,25.426998,89.079475,0.4778232
3.2083333333333335,41.353928,-6.8018513,-2.930426,70.0,25.0,90.0,41.586166,-7.152587,-2.6901894,70.93122,25.417294,89.083534,0.48442122
3.2125,41.353928,-6.8018513,-2.930426,70.0,25.0,90.0,41.585457,-7.151079,-2.67585,70.94098,25.408272,89.08594,0.4902804
3.216666666666667,41.353928,-6.8018513,-2.930426,70.0,25.0,90.0,41.584827,-7.1498013,-2.664422,70.94824,25.400303,89.08747,0.4951181
3.220833333333333,41.353928,-6.8018513,-2.930426,70.0,25.0,90.0,41.58423,-7.1487093,-2.6556377,70.95338,25.393639,89.088646,0.49885622
3.225,41.353928,-6.8018513,-2.930426,70.0,25.0,90.0,41.58367,-7.147708,-2.6492043,70.95681,25.3885,89.089516,0.50148255
3.2291666666666665,41.353928,-6.8018513,-2.930426,70.0,25.0,90.0,41.58324,-7.1467915,-2.644639,70.95897,25.384811,89.090065,0.5032318
3.2333333333333334,41.353928,-6.8018513,-2.930426,70.0,25.0,90.0,41.58301,-7.145998,-2.6415405,70.9602,25.382355,89.09039,0.5043523
3.2375,41.353928,-6.8018513,-2.930426,70.0,25.0,90.0,41.582985,-7.145379,-2.639556,70.960815,25.380798,89.090614,0.50505835
3.2416666666666667,41.353928,-6.8018513,-2.930426,70.0,25.0,90.0,41.583004,-7.1449175,-2.638404,70.96112,25.379902,89.09082,0.50541794
3.245833333333333,41.353928,-6.8018513,-2.930426,70.0,25.0,90.0,41.58299,-7.1446095,-2.6377497,70.96132,25.379448,89.091095,0.5055804
3.25,41.353928,-6.8018513,-2.930426,70.0,25.0,90.0,41.58295,-7.144411,-2.637393,70.961426,25.379257,89.09131,0.50563526
3.254166666666667,41.353928,-6.8018513,-2.930426,70.0,25.0,90.0,41.582905,-7.1443405,-2.6372175,70.961464,25.379196,89.09143,0.50566846
3.2583333333333333,41.353928,-6.8018513,-2.930426,70.0,25.0,90.0,41.582897,-7.144315,-2.637145,70.961494,25.379189,89.09147,0.50568956
3.2625,41.353928,-6.8018513,-2.930426,70.0,25.0,90.0,41.582897,-7.1443024,-2.6371222,70.9615,25.37918,89.09148,0.50569445
3.2666666666666666,41.353928,-6.8018513,-2.930426,70.0,25.0,90.0,41.582897,-7.144308,-2.637123,70.96151,25.379173,89.09148,0.5056978
3.2708333333333335,41.353928,-6.8018513,-2.930426,70.0,25.0,90.0,41.582897,-7.144308,-2.637123,70.96151,25.379173,89.09148,0.5056978
3.275,41.353928,-6.8018513,-2.930426,70.0,25.0,90.0,41.582897,-7.144308,-2.637123,70.96151,25.379173,89.09148,0.5056978
3.279166666666667,41.353928,-6.8018513,-2.930426,70.0,25.0,90.0,41.582897,-7.144308,-2.637123,70.96151,25.379173,89.09148,0.5056978
3.283333333333333,41.353928,-6.8018513,-2.930426,70.0,25.0,90.0,41.582897,-7.144308,-2.637123,70.96151,25.379173,89.09148,0.5056978
3.2875,41.353928,-6.8018513,-2.930426,70.0,25.0,90.0,41.582897,-7.144308,-2.637123,70.96151,25.379173,89.09148,0.5056978
3.2916666666666665,41.353928,-6.8018513,-2.930426,70.0,25.0,90.0,41.582897,-7.144308,-2.637123,70.9615,25.379173,89.09148,0.5056978
3.2958333333333334,41.353928,-6.8018513,-2.930426,70.0,25.0,90.0,41.582897,-7.144306,-2.6371212,70.96151,25.379173,89.09148,0.5056976
3.3,41.353928,-6.8018513,-2.930426,70.0,25.0,90.0,41.582897,-7.144306,-2.637123,70.96151,25.379173,89.09148,0.50569654
3.3041666666666667,41.353928,-6.8018513,-2.930426,70.0,25.0,90.0,41.582897,-7.144306,-2.6371212,70.96151,25.379177,89.09148,0.5056976
3.308333333333333,41.353928,-6.8018513,-2.930426,70.0,25.0,90.0,41.5829,-7.144306,-2.637123,70.9615,25.379173,89.09147,0.5056982
3.3125,41.353928,-6.8018513,-2.930426,70.0,25.0,90.0,41.5829,-7.1443043,-2.6371183,70.9615,25.379177,89.09148,0.5056997
3.316666666666667,41.353928,-6.8018513,-2.930426,70.0,25.0,90.0,41.5829,-7.1443043,-2.6371202,70.96151,25.379173,89.09148,0.5056986
3.3208333333333333,41.353928,-6.8018513,-2.930426,70.0,25.0,90.0,41.5829,-7.1443043,-2.6371222,70.96151,25.37918,89.09148,0.5056975
3.325,41.353928,-6.8018513,-2.930426,70.0,25.0,90.0,41.582897,-7.1443043,-2.637123,70.9615,25.379177,89.09148,0.5056952
3.3291666666666666,41.353928,-6.8018513,-2.930426,70.0,25.0,90.0,41.582897,-7.144306,-2.637126,70.9615,25.379173,89.091484,0.5056948
3.3333333333333335,41.353928,-6.8018513,-2.930426,70.0,25.0,90.0,41.5829,-7.1443043,-2.6371202,70.9615,25.379173,89.09148,0.5056986
3.3375,41.353928,-6.8018513,-2.930426,70.0,25.0,90.0,41.5829,-7.1443043,-2.6371202,70.96151,25.379173,89.091484,0.5056986
3.341666666666667,41.353928,-6.8018513,-2.930426,70.0,25.0,90.0,41.5829,-7.1443005,-2.6371222,70.9615,25.37917,89.091484,0.5056949
3.345833333333333,41.353928,-6.8018513,-2.930426,70.0,25.0,90.0,41.582897,-7.1443043,-2.6371212,70.9615,25.379173,89.091484,0.50569636
3.35,41.353928,-6.8018513,-2.930426,70.0,25.0,90.0,41.582897,-7.144306,-2.6371202,70.96151,25.379177,89.091484,0.50569814
3.3541666666666665,41.353928,-6.8018513,-2.930426,70.0,25.0,90.0,41.5829,-7.1443033,-2.6371193,70.96151,25.379177,89.091484,0.5056985
3.3583333333333334,41.353928,-6.8018513,-2.930426,70.0,25.0,90.0,41.5829,-7.1442986,-2.6371212,70.9615,25.379177,89.091484,0.50569415
3.3625,41.353928,-6.8018513,-2.930426,70.0,25.0,90.0,41.582897,-7.144306,-2.637123,70.96151,25.379177,89.091484,0.50569654
3.3666666666666667,41.353928,-6.8018513,-2.930426,70.0,25.0,90.0,41.582897,-7.1443043,-2.6371202,70.96151,25.37918,89.091484,0.5056969
3.370833333333333,41.353928,-6.8018513,-2.930426,70.0,25.0,90.0,41.582897,-7.1443043,-2.6371212,70.96151,25.379177,89.091484,0.50569636
3.375,41.353928,-6.8018513,-2.930426,70.0,25.0,90.0,41.582893,-7.1443033,-2.6371202,70.96151,25.379173,89.091484,0.50569445
3.379166666666667,41.353928,-6.8018513,-2.930426,70.0,25.0,90.0,41.582897,-7.1443033,-2.6371222,70.96151,25.379177,89.091484,0.5056951
3.3833333333333333,41.353928,-6.8018513,-2.930426,70.0,25.0,90.0,41.582897,-7.1443043,-2.6371212,70.96151,25.379177,89.091484,0.50569636
3.3875,41.353928,-6.8018513,-2.930426,70.0,25.0,90.0,41.582897,-7.1443043,-2.6371212,70.9615,25.379177,89.091484,0.50569636
3.3916666666666666,41.353928,-6.8018513,-2.930426,70.0,25.0,90.0,41.582897,-7.144306,-2.6371212,70.96151,25.37918,89.091484,0.5056976
3.3958333333333335,41.353928,-6.8018513,-2.930426,70.0,25.0,90.0,41.5829,-7.1443043,-2.6371212,70.96151,25.37918,89.091484,0.505698
3.4,41.353928,-6.8018513,-2.930426,70.0,25.0,90.0,41.582897,-7.1443043,-2.6371202,70.96151,25.37918,89.091484,0.5056969
3.404166666666667,41.353928,-6.8018513,-2.930426,70.0,25.0,90.0,41.5829,-7.1443043,-2.6371212,70.96151,25.379177,89.091484,0.505698
3.408333333333333,41.353928,-6.8018513,-2.930426,70.0,25.0,90.0,41.582897,-7.1443043,-2.6371222,70.96151,25.37918,89.091484,0.50569576
3.4125,41.353928,-6.8018513,-2.930426,70.0,25.0,90.0,41.582897,-7.1443033,-2.6371222,70.96151,25.379177,89.091484,0.5056951
3.4166666666666665,41.353928,-6.8018513,-2.930426,70.0,25.0,90.0,41.5829,-7.1443043,-2.6371212,70.96151,25.379177,89.091484,0.505698
3.4208333333333334,41.353928,-6.8018513,-2.930426,70.0,25.0,90.0,41.582897,-7.1443014,-2.6371212,70.96151,25.37918,89.091484,0.5056944
3.425,41.353928,-6.8018513,-2.930426,70.0,25.0,90.0,41.582897,-7.1443043,-2.637125,70.96151,25.379177,89.091484,0.5056941
3.4291666666666667,41.353928,-6.8018513,-2.930426,70.0,25.0,90.0,41.582897,-7.1443033,-2.637123,70.96151,25.37918,89.091484,0.50569457
3.433333333333333,41.353928,-6.8018513,-2.930426,70.0,25.0,90.0,41.582897,-7.1443043,-2.6371222,70.96151,25.379185,89.091484,0.50569576
3.4375,41.353928,-6.8018513,-2.930426,70.0,25.0,90.0,41.582897,-7.144306,-2.6371222,70.96151,25.37918,89.091484,0.505697
3.441666666666667,41.353928,-6.8018513,-2.930426,70.0,25.0,90.0,41.5829,-7.1443043,-2.6371212,70.96151,25.379185,89.091484,0.505698
3.4458333333333333,41.353928,-6.8018513,-2.930426,70.0,25.0,90.0,41.582897,-7.1443043,-2.6371202,70.96151,25.379185,89.091484,0.5056969
3.45,41.353928,-6.8018513,-2.930426,70.0,25.0,90.0,41.5829,-7.144306,-2.6371193,70.96151,25.379185,89.09148,0.5057004
3.4541666666666666,41.353928,-6.8018513,-2.930426,70.0,25.0,90.0,41.582893,-7.1443043,-2.637125,70.96151,25.37918,89.09148,0.50569236
3.4583333333333335,41.353928,-6.8018513,-2.930426,70.0,25.0,90.0,41.582897,-7.1443014,-2.6371212,70.96152,25.37918,89.09148,0.5056944
3.4625,41.353928,-6.8018513,-2.930426,70.0,25.0,90.0,41.582893,-7.1443033,-2.6371202,70.96152,25.379185,89.09148,0.50569445
3.466666666666667,41.353928,-6.8018513,-2.930426,70.0,25.0,90.0,41.582897,-7.1443014,-2.6371222,70.96152,25.379185,89.09148,0.50569385
3.470833333333333,41.353928,-6.8018513,-2.930426,70.0,25.0,90.0,41.582893,-7.1443033,-2.6371183,70.96151,25.37918,89.09147,0.5056956
3.475,41.353928,-6.8018513,-2.930426,70.0,25.0,90.0,41.582897,-7.1443043,-2.6371183,70.96151,25.379177,89.09148,0.50569797
3.4791666666666665,41.353928,-6.8018513,-2.930426,70.0,25.0,90.0,41.5829,-7.1443033,-2.637125,70.96151,25.379177,89.09148,0.50569516
3.4833333333333334,41.353928,-6.8018513,-2.930426,70.0,25.0,90.0,41.5829,-7.1443043,-2.6371212,70.96151,25.37918,89.09148,0.505698
3.4875,41.353928,-6.8018513,-2.930426,70.0,25.0,90.0,41.5829,-7.144306,-2.6371202,70.96151,25.379177,89.09147,0.5056999
3.4916666666666667,41.353928,-6.8018513,-2.930426,70.0,25.0,90.0,41.5829,-7.144308,-2.6371202,70.96151,25.379177,89.09147,0.5057012
3.495833333333333,41.353928,-6.8018513,-2.930426,70.0,25.0,90.0,41.5829,-7.144306,-2.6371212,70.96151,25.37918,89.09147,0.50569934
3.5,41.353928,-6.8018513,-2.930426,70.0,25.0,90.0,41.5829,-7.1443033,-2.6371222,70.96152,25.379173,89.09148,0.50569683
3.504166666666667,41.353928,-6.8018513,-2.930426,70.0,25.0,90.0,41.582897,-7.144306,-2.6371212,70.96151,25.379177,89.09148,0.5056976
3.5083333333333333,41.353928,-6.8018513,-2.930426,70.0,25.0,90.0,41.5829,-7.144308,-2.6371193,70.96151,25.37917,89.09148,0.5057017
3.5125,41.353928,-6.8018513,-2.930426,70.0,25.0,90.0,41.5829,-7.144306,-2.637125,70.96151,25.379173,89.09147,0.5056971
3.5166666666666666,41.353928,-6.8018513,-2.930426,70.0,25.0,90.0,41.5829,-7.144306,-2.637123,70.96151,25.379173,89.09148,0.5056982
3.5208333333333335,41.353928,-6.8018513,-2.930426,70.0,25.0,90.0,41.5829,-7.1443043,-2.6371222,70.96151,25.379177,89.09148,0.5056975
3.525,41.353928,-6.8018513,-2.930426,70.0,25.0,90.0,41.5829,-7.1443043,-2.6371212,70.96151,25.379173,89.09148,0.505698
3.529166666666667,41.353928,-6.8018513,-2.930426,70.0,25.0,90.0,41.5829,-7.1443043,-2.6371212,70.96151,25.379173,89.09148,0.505698
3.533333333333333,41.353928,-6.8018513,-2.930426,70.0,25.0,90.0,41.5829,-7.1443043,-2.6371212,70.96151,25.379173,89.09148,0.505698
3.5375,41.353928,-6.8018513,-2.930426,70.0,25.0,90.0,41.5829,-7.1443043,-2.6371212,70.96151,25.379173,89.09148,0.505698
3.5416666666666665,41.353928,-6.8018513,-2.930426,70.0,25.0,90.0,41.5829,-7.1443043,-2.6371212,70.96151,25.379173,89.09148,0.505698
3.5458333333333334,41.353928,-6.8018513,-2.930426,70.0,25.0,90.0,41.5829,-7.1443043,-2.6371212,70.96151,25.379173,89.09148,0.505698
3.55,41.353928,-6.8018513,-2.930426,70.0,25.0,90.0,41.5829,-7.1443043,-2.6371212,70.96151,25.379173,89.09148,0.505698
3.5541666666666667,41.353928,-6.8018513,-2.930426,70.0,25.0,90.0,41.5829,-7.1443043,-2.6371212,70.96151,25.379173,89.09148,0.505698
3.558333333333333,41.353928,-6.8018513,-2.930426,70.0,25.0,90.0,41.5829,-7.1443043,-2.6371212,70.96151,25.379173,89.09148,0.505698
3.5625,41.353928,-6.8018513,-2.930426,70.0,25.0,90.0,41.5829,-7.1443043,-2.6371212,70.96151,25.379173,89.09148,0.505698
3.566666666666667,41.353928,-6.8018513,-2.930426,70.0,25.0,90.0,41.5829,-7.1443043,-2.6371212,70.96151,25.379173,89.09148,0.505698
3.5708333333333333,41.353928,-6.8018513,-2.930426,70.0,25.0,90.0,41.5829,-7.1443043,-2.6371212,70.96151,25.379173,89.09148,0.505698
3.575,41.353928,-6.8018513,-2.930426,70.0,25.0,90.0,41.5829,-7.1443043,-2.6371212,70.96151,25.379173,89.09148,0.505698
3.5791666666666666,41.353928,-6.8018513,-2.930426,70.0,25.0,90.0,41.5829,-7.1443043,-2.6371212,70.96151,25.379173,89.09148,0.505698
3.5833333333333335,41.353928,-6.8018513,-2.930426,70.0,25.0,90.0,41.5829,-7.1443043,-2.6371212,70.96151,25.379173,89.09148,0.505698
3.5875,41.353928,-6.8018513,-2.930426,70.0,25.0,90.0,41.5829,-7.1443043,-2.6371212,70.96151,25.379173,89.09148,0.505698
3.591666666666667,41.353928,-6.8018513,-2.930426,70.0,25.0,90.0,41.5829,-7.1443043,-2.6371212,70.96151,25.379173,89.09148,0.505698
3.595833333333333,41.353928,-6.8018513,-2.930426,70.0,25.0,90.0,41.5829,-7.1443043,-2.6371212,70.96151,25.379173,89.09148,0.505698
3.6,41.353928,-6.8018513,-2.930426,70.0,25.0,90.0,41.5829,-7.1443043,-2.6371212,70.96151,25.379173,89.09148,0.505698
3.6041666666666665,41.353928,-6.8018513,-2.930426,70.0,25.0,90.0,41.5829,-7.1443043,-2.6371212,70.96151,25.379173,89.09148,0.505698
3.6083333333333334,41.353928,-6.8018513,-2.930426,70.0,25.0,90.0,41.5829,-7.1443043,-2.6371212,70.96151,25.379173,89.09148,0.505698
3.6125,41.353928,-6.8018513,-2.930426,70.0,25.0,90.0,41.5829,-7.1443043,-2.6371212,70.96151,25.379173,89.09148,0.505698
3.6166666666666667,41.353928,-6.8018513,-2.930426,70.0,25.0,90.0,41.5829,-7.1443043,-2.6371212,70.96151,25.379173,89.09148,0.505698
3.620833333333333,41.353928,-6.8018513,-2.930426,70.0,25.0,90.0,41.5829,-7.1443043,-2.6371212,70.96151,25.379173,89.09148,0.505698
3.625,41.353928,-6.8018513,-2.930426,70.0,25.0,90.0,41.5829,-7.1443043,-2.6371212,70.96151,25.379173,89.09148,0.505698
3.629166666666667,41.353928,-6.8018513,-2.930426,70.0,25.0,90.0,41.5829,-7.1443043,-2.6371212,70.96151,25.379173,89.09148,0.505698
3.6333333333333333,41.353928,-6.8018513,-2.930426,70.0,25.0,90.0,41.5829,-7.1443043,-2.6371212,70.96151,25.379173,89.09148,0.505698
3.6375,41.353928,-6.8018513,-2.930426,70.0,25.0,90.0,41.5829,-7.1443043,-2.6371212,70.96151,25.379173,89.09148,0.505698
3.6416666666666666,41.353928,-6.8018513,-2.930426,70.0,25.0,90.0,41.5829,-7.1443043,-2.6371212,70.96151,25.379173,89.09148,0.505698
3.6458333333333335,41.353928,-6.8018513,-2.930426,70.0,25.0,90.0,41.5829,-7.1443043,-2.6371212,70.96151,25.379173,89.09148,0.505698
3.65,41.353928,-6.8018513,-2.930426,70.0,25.0,90.0,41.5829,-7.1443043,-2.6371212,70.96151,25.379173,89.09148,0.505698
3.654166666666667,41.353928,-6.8018513,-2.930426,70.0,25.0,90.0,41.5829,-7.1443043,-2.6371212,70.96151,25.379173,89.09148,0.505698
3.658333333333333,41.353928,-6.8018513,-2.930426,70.0,25.0,90.0,41.5829,-7.1443043,-2.6371212,70.96151,25.379173,89.09148,0.505698
3.6625,41.353928,-6.8018513,-2.930426,70.0,25.0,90.0,41.5829,-7.1443043,-2.6371212,70.96151,25.379173,89.09148,0.505698
3.6666666666666665,41.353928,-6.8018513,-2.930426,70.0,25.0,90.0,41.5829,-7.1443043,-2.6371212,70.96151,25.379173,89.09148,0.505698
3.6708333333333334,41.353928,-6.8018513,-2.930426,70.0,25.0,90.0,41.5829,-7.1443043,-2.6371212,70.96151,25.379173,89.09148,0.505698
3.675,41.353928,-6.8018513,-2.930426,70.0,25.0,90.0,41.5829,-7.1443043,-2.6371212,70.96151,25.379173,89.09148,0.505698
3.6791666666666667,41.353928,-6.8018513,-2.930426,70.0,25.0,90.0,41.5829,-7.1443043,-2.6371222,70.96151,25.379177,89.09148,0.5056975
3.683333333333333,41.353928,-6.8018513,-2.930426,70.0,25.0,90.0,41.582897,-7.1443033,-2.637123,70.96151,25.379173,89.09148,0.50569457
3.6875,41.353928,-6.8018513,-2.930426,70.0,25.0,90.0,41.5829,-7.144306,-2.6371222,70.96151,25.379173,89.09148,0.5056988
3.691666666666667,41.353928,-6.8018513,-2.930426,70.0,25.0,90.0,41.5829,-7.144306,-2.6371222,70.9615,25.379177,89.09148,0.5056988
3.6958333333333333,41.353928,-6.8018513,-2.930426,70.0,25.0,90.0,41.5829,-7.1443043,-2.637123,70.96151,25.379173,89.09148,0.5056969
3.7,41.353928,-6.8018513,-2.930426,70.0,25.0,90.0,41.582905,-7.144306,-2.6371212,70.9615,25.379173,89.09148,0.50570107
3.7041666666666666,41.353928,-6.8018513,-2.930426,70.0,25.0,90.0,41.5829,-7.1443043,-2.6371222,70.96151,25.37918,89.09148,0.5056975
3.7083333333333335,41.353928,-6.8018513,-2.930426,70.0,25.0,90.0,41.5829,-7.1443043,-2.6371193,70.96151,25.37918,89.09148,0.50569916
3.7125,41.353928,-6.8018513,-2.930426,70.0,25.0,90.0,41.5829,-7.1443005,-2.6371193,70.9615,25.379177,89.09148,0.5056966
3.716666666666667,41.353928,-6.8018513,-2.930426,70.0,25.0,90.0,41.5829,-7.1443014,-2.6371212,70.9615,25.379173,89.09148,0.5056961
3.720833333333333,41.353928,-6.8018513,-2.930426,70.0,25.0,90.0,41.582897,-7.1443033,-2.6371212,70.9615,25.379177,89.091484,0.5056957
3.725,41.353928,-6.8018513,-2.930426,70.0,25.0,90.0,41.582897,-7.1443033,-2.6371222,70.96151,25.379173,89.091484,0.5056951
3.7291666666666665,41.353928,-6.8018513,-2.930426,70.0,25.0,90.0,41.5829,-7.1443033,-2.6371202,70.9615,25.37917,89.091484,0.50569797
3.7333333333333334,41.353928,-6.8018513,-2.930426,70.0,25.0,90.0,41.582897,-7.1442986,-2.6371222,70.96151,25.379173,89.091484,0.5056919
3.7375,41.353928,-6.8018513,-2.930426,70.0,25.0,90.0,41.582897,-7.1443033,-2.637123,70.9615,25.379173,89.091484,0.50569457
3.7416666666666667,41.353928,-6.8018513,-2.930426,70.0,25.0,90.0,41.5829,-7.1443014,-2.6371183,70.9615,25.37918,89.09148,0.5056978
3.745833333333333,41.353928,-6.8018513,-2.930426,70.0,25.0,90.0,41.5829,-7.1443014,-2.6371183,70.96151,25.379173,89.091484,0.5056978
3.75,41.353928,-6.8018513,-2.930426,70.0,25.0,90.0,41.5829,-7.1442986,-2.6371212,70.96151,25.379177,89.091484,0.50569415
3.754166666666667,41.353928,-6.8018513,-2.930426,70.0,25.0,90.0,41.582897,-7.1443014,-2.6371202,70.9615,25.379177,89.091484,0.5056949
3.7583333333333333,41.353928,-6.8018513,-2.930426,70.0,25.0,90.0,41.582897,-7.1443014,-2.6371212,70.96151,25.37918,89.091484,0.5056944
3.7625,41.353928,-6.8018513,-2.930426,70.0,25.0,90.0,41.582897,-7.1443014,-2.6371222,70.9615,25.37918,89.091484,0.50569385
3.7666666666666666,41.353928,-6.8018513,-2.930426,70.0,25.0,90.0,41.582897,-7.1443033,-2.6371202,70.96151,25.379177,89.091484,0.50569624
3.7708333333333335,41.353928,-6.8018513,-2.930426,70.0,25.0,90.0,41.582897,-7.1443014,-2.637123,70.96152,25.379177,89.091484,0.50569326
3.775,41.353928,-6.8018513,-2.930426,70.0,25.0,90.0,41.5829,-7.1443033,-2.637123,70.96151,25.37918,89.091484,0.5056963
3.779166666666667,41.353928,-6.8018513,-2.930426,70.0,25.0,90.0,41.582897,-7.1443014,-2.637125,70.96151,25.37918,89.091484,0.5056921
3.783333333333333,41.353928,-6.8018513,-2.930426,70.0,25.0,90.0,41.582897,-7.1443014,-2.6371222,70.96151,25.379185,89.091484,0.50569385
3.7875,41.353928,-6.8018513,-2.930426,70.0,25.0,90.0,41.582897,-7.1443033,-2.637123,70.96151,25.37918,89.091484,0.50569457
3.7916666666666665,41.353928,-6.8018513,-2.930426,70.0,25.0,90.0,41.582897,-7.1443043,-2.637123,70.96151,25.37918,89.091484,0.5056952
3.7958333333333334,41.353928,-6.8018513,-2.930426,70.0,25.0,90.0,41.582897,-7.1443043,-2.637123,70.96151,25.379177,89.091484,0.5056952
3.8,41.353928,-6.8018513,-2.930426,70.0,25.0,90.0,41.582897,-7.1443014,-2.637123,70.96151,25.379177,89.091484,0.50569326
3.8041666666666667,41.353928,-6.8018513,-2.930426,70.0,25.0,90.0,41.582897,-7.1443033,-2.637123,70.96151,25.379177,89.091484,0.50569457
3.808333333333333,41.353928,-6.8018513,-2.930426,70.0,25.0,90.0,41.582897,-7.1443014,-2.6371212,70.96151,25.379173,89.091484,0.5056944
3.8125,41.353928,-6.8018513,-2.930426,70.0,25.0,90.0,41.582897,-7.1443043,-2.6371212,70.96151,25.379177,89.091484,0.50569636
3.816666666666667,41.353928,-6.8018513,-2.930426,70.0,25.0,90.0,41.582897,-7.1443033,-2.6371222,70.96151,25.379177,89.091484,0.5056951
3.8208333333333333,41.353928,-6.8018513,-2.930426,70.0,25.0,90.0,41.582897,-7.1443043,-2.6371222,70.96151,25.379177,89.091484,0.50569576
3.825,41.353928,-6.8018513,-2.930426,70.0,25.0,90.0,41.582893,-7.1443043,-2.637123,70.96151,25.379177,89.091484,0.5056935
3.8291666666666666,41.353928,-6.8018513,-2.930426,70.0,25.0,90.0,41.582893,-7.1443043,-2.6371222,70.96152,25.37918,89.091484,0.50569403
3.8333333333333335,41.353928,-6.8018513,-2.930426,70.0,25.0,90.0,41.582893,-7.1443033,-2.6371222,70.96151,25.37918,89.091484,0.5056934
3.8375,41.353928,-6.8018513,-2.930426,70.0,25.0,90.0,41.582897,-7.1443033,-2.6371202,70.96151,25.37918,89.091484,0.50569624
3.841666666666667,41.353928,-6.8018513,-2.930426,70.0,25.0,90.0,41.582897,-7.1443043,-2.6371202,70.96152,25.37918,89.091484,0.5056969
3.845833333333333,41.353928,-6.8018513,-2.930426,70.0,25.0,90.0,41.582893,-7.1443043,-2.637123,70.96152,25.37918,89.09148,0.5056935
3.85,41.353928,-6.8018513,-2.930426,70.0,25.0,90.0,41.582893,-7.1443033,-2.6371202,70.96152,25.379185,89.09148,0.50569445
3.8541666666666665,41.353928,-6.8018513,-2.930426,70.0,25.0,90.0,41.582897,-7.1443005,-2.6371212,70.96152,25.379185,89.09148,0.50569373
3.8583333333333334,41.353928,-6.8018513,-2.930426,70.0,25.0,90.0,41.582893,-7.1443014,-2.6371222,70.96152,25.379185,89.09148,0.50569206
3.8625,41.353928,-6.8018513,-2.930426,70.0,25.0,90.0,41.582897,-7.1443033,-2.6371202,70.96152,25.37918,89.09148,0.50569624
3.8666666666666667,41.353928,-6.8018513,-2.930426,70.0,25.0,90.0,41.582897,-7.1443043,-2.6371183,70.96152,25.37918,89.09148,0.50569797
3.870833333333333,41.353928,-6.8018513,-2.930426,70.0,25.0,90.0,41.5829,-7.1443043,-2.6371222,70.96151,25.37918,89.09148,0.5056975
3.875,41.353928,-6.8018513,-2.930426,70.0,25.0,90.0,41.5829,-7.1443043,-2.6371222,70.96151,25.37918,89.09148,0.5056975
3.879166666666667,41.353928,-6.8018513,-2.930426,70.0,25.0,90.0,41.5829,-7.144306,-2.6371193,70.96152,25.37918,89.09148,0.5057004
3.8833333333333333,41.353928,-6.8018513,-2.930426,70.0,25.0,90.0,41.5829,-7.1443043,-2.6371183,70.96151,25.37918,89.09148,0.5056997
3.8875,41.353928,-6.8018513,-2.930426,70.0,25.0,90.0,41.5829,-7.144306,-2.6371193,70.96151,25.379177,89.09148,0.5057004
3.8916666666666666,41.353928,-6.8018513,-2.930426,70.0,25.0,90.0,41.5829,-7.1443043,-2.6371193,70.96151,25.379177,89.09148,0.50569916
3.8958333333333335,41.353928,-6.8018513,-2.930426,70.0,25.0,90.0,41.582897,-7.1443043,-2.6371212,70.96152,25.379177,89.09148,0.50569636
3.9,41.353928,-6.8018513,-2.930426,70.0,25.0,90.0,41.5829,-7.1443043,-2.6371212,70.96151,25.379177,89.09148,0.505698
3.904166666666667,41.353928,-6.8018513,-2.930426,70.0,25.0,90.0,41.5829,-7.144306,-2.6371222,70.96151,25.37917,89.09148,0.5056988
3.908333333333333,41.353928,-6.8018513,-2.930426,70.0,25.0,90.0,41.5829,-7.1443043,-2.6371212,70.96151,25.379173,89.09148,0.505698
3.9125,41.353928,-6.8018513,-2.930426,70.0,25.0,90.0,41.5829,-7.144306,-2.637123,70.96151,25.379177,89.09148,0.5056982
3.9166666666666665,41.353928,-6.8018513,-2.930426,70.0,25.0,90.0,41.5829,-7.144306,-2.637125,70.96151,25.379173,89.09148,0.5056971
3.9208333333333334,41.353928,-6.8018513,-2.930426,70.0,25.0,90.0,41.5829,-7.1443043,-2.637125,70.96151,25.379177,89.09148,0.5056958
3.925,41.353928,-6.8018513,-2.930426,70.0,25.0,90.0,41.5829,-7.1443043,-2.637125,70.96151,25.379177,89.09148,0.5056958
3.9291666666666667,41.353928,-6.8018513,-2.930426,70.0,25.0,90.0,41.5829,-7.1443043,-2.637125,70.96151,25.379177,89.09148,0.5056958
3.933333333333333,41.353928,-6.8018513,-2.930426,70.0,25.0,90.0,41.5829,-7.1443043,-2.637125,70.96151,25.379177,89.09148,0.5056958
3.9375,41.353928,-6.8018513,-2.930426,70.0,25.0,90.0,41.5829,-7.1443043,-2.637125,70.96151,25.379177,89.09148,0.5056958
3.941666666666667,41.353928,-6.8018513,-2.930426,70.0,25.0,90.0,41.5829,-7.1443043,-2.637125,70.96151,25.379177,89.09148,0.5056958
3.9458333333333333,41.353928,-6.8018513,-2.930426,70.0,25.0,90.0,41.5829,-7.1443043,-2.637125,70.96151,25.379177,89.09148,0.5056958
3.95,41.353928,-6.8018513,-2.930426,70.0,25.0,90.0,41.5829,-7.1443043,-2.637125,70.96151,25.379177,89.09148,0.5056958
3.9541666666666666,41.353928,-6.8018513,-2.930426,70.0,25.0,90.0,41.5829,-7.1443043,-2.637125,70.96151,25.379177,89.09148,0.5056958
3.9583333333333335,41.353928,-6.8018513,-2.930426,70.0,25.0,90.0,41.5829,-7.1443043,-2.637125,70.96151,25.379177,89.09148,0.5056958
3.9625,41.353928,-6.8018513,-2.930426,70.0,25.0,90.0,41.5829,-7.1443043,-2.637125,70.96151,25.379177,89.09148,0.5056958
3.966666666666667,41.353928,-6.8018513,-2.930426,70.0,25.0,90.0,41.5829,-7.1443043,-2.637125,70.96151,25.379177,89.09148,0.5056958
3.970833333333333,41.353928,-6.8018513,-2.930426,70.0,25.0,90.0,41.5829,-7.1443043,-2.637125,70.96151,25.379177,89.09148,0.5056958
3.975,41.353928,-6.8018513,-2.930426,70.0,25.0,90.0,41.5829,-7.1443043,-2.637125,70.96151,25.379177,89.09148,0.5056958
3.9791666666666665,41.353928,-6.8018513,-2.930426,70.0,25.0,90.0,41.5829,-7.1443043,-2.637125,70.96151,25.379177,89.09148,0.5056958
3.9833333333333334,41.353928,-6.8018513,-2.930426,70.0,25.0,90.0,41.5829,-7.1443043,-2.637125,70.96151,25.379177,89.09148,0.5056958
3.9875,41.353928,-6.8018513,-2.930426,70.0,25.0,90.0,41.5829,-7.1443043,-2.637125,70.96151,25.379177,89.09148,0.5056958
3.9916666666666667,41.353928,-6.8018513,-2.930426,70.0,25.0,90.0,41.5829,-7.1443043,-2.637125,70.96151,25.379177,89.09148,0.5056958
3.995833333333333,41.353928,-6.8018513,-2.930426,70.0,25.0,90.0,41.5829,-7.1443043,-2.637125,70.96151,25.379177,89.09148,0.5056958
4.0,41.353928,-6.8018513,-2.930426,70.0,25.0,90.0,41.5829,-7.1443043,-2.637125,70.96151,25.379177,89.09148,0.5056958
4.004166666666666,41.353928,-6.8018513,-2.930426,70.0,25.0,90.0,41.5829,-7.1443043,-2.637125,70.96151,25.379177,89.09148,0.5056958
4.008333333333334,41.353928,-6.8018513,-2.930426,70.0,25.0,90.0,41.5829,-7.1443043,-2.637125,70.96151,25.379177,89.09148,0.5056958
4.0125,41.353928,-6.8018513,-2.930426,70.0,25.0,90.0,41.5829,-7.1443043,-2.637125,70.96151,25.379177,89.09148,0.5056958
4.016666666666667,41.353928,-6.8018513,-2.930426,70.0,25.0,90.0,41.5829,-7.1443043,-2.637125,70.96151,25.379177,89.09148,0.5056958
4.020833333333333,41.353928,-6.8018513,-2.930426,70.0,25.0,90.0,41.5829,-7.1443043,-2.637125,70.96151,25.379177,89.09148,0.5056958
4.025,41.353928,-6.8018513,-2.930426,70.0,25.0,90.0,41.5829,-7.1443043,-2.637125,70.96151,25.379177,89.09148,0.5056958
4.029166666666667,41.353928,-6.8018513,-2.930426,70.0,25.0,90.0,41.5829,-7.1443043,-2.637125,70.96151,25.379177,89.09148,0.5056958
4.033333333333333,41.353928,-6.8018513,-2.930426,70.0,25.0,90.0,41.5829,-7.1443043,-2.637125,70.96151,25.379177,89.09148,0.5056958
4.0375,41.353928,-6.8018513,-2.930426,70.0,25.0,90.0,41.5829,-7.1443043,-2.637125,70.96151,25.379177,89.09148,0.5056958
4.041666666666667,41.353928,-6.8018513,-2.930426,70.0,25.0,90.0,41.5829,-7.1443043,-2.637125,70.96151,25.379177,89.09148,0.5056958
4.045833333333333,41.353928,-6.8018513,-2.930426,70.0,25.0,90.0,41.5829,-7.1443043,-2.637125,70.96151,25.379177,89.09148,0.5056958
4.05,41.353928,-6.8018513,-2.930426,70.0,25.0,90.0,41.5829,-7.1443043,-2.637125,70.96151,25.379177,89.09148,0.5056958
4.054166666666666,41.353928,-6.8018513,-2.930426,70.0,25.0,90.0,41.5829,-7.1443043,-2.637125,70.96151,25.379177,89.09148,0.5056958
4.058333333333334,41.353928,-6.8018513,-2.930426,70.0,25.0,90.0,41.5829,-7.1443043,-2.637125,70.96151,25.379177,89.09148,0.5056958
4.0625,41.353928,-6.8018513,-2.930426,70.0,25.0,90.0,41.5829,-7.1443043,-2.637125,70.96151,25.379177,89.09148,0.5056958
4.066666666666666,41.353928,-6.8018513,-2.930426,70.0,25.0,90.0,41.5829,-7.1443043,-2.637125,70.96151,25.379177,89.09148,0.5056958
4.070833333333334,41.353928,-6.8018513,-2.930426,70.0,25.0,90.0,41.5829,-7.1443043,-2.637125,70.96151,25.379177,89.09148,0.5056958
4.075,41.353928,-6.8018513,-2.930426,70.0,25.0,90.0,41.5829,-7.1443043,-2.6371222,70.96151,25.379177,89.09148,0.5056975
4.079166666666667,41.353928,-6.8018513,-2.930426,70.0,25.0,90.0,41.582897,-7.1443033,-2.6371212,70.96151,25.379173,89.09148,0.5056957
4.083333333333333,41.353928,-6.8018513,-2.930426,70.0,25.0,90.0,41.5829,-7.144306,-2.6371193,70.96151,25.379177,89.09148,0.5057004
4.0875,41.353928,-6.8018513,-2.930426,70.0,25.0,90.0,41.5829,-7.1443033,-2.6371212,70.96151,25.379173,89.09148,0.50569737
4.091666666666667,41.353928,-6.8018513,-2.930426,70.0,25.0,90.0,41.582897,-7.1443014,-2.6371212,70.96151,25.379173,89.09148,0.5056944
4.095833333333333,41.353928,-6.8018513,-2.930426,70.0,25.0,90.0,41.5829,-7.1443043,-2.6371212,70.9615,25.379173,89.09148,0.505698
4.1,41.353928,-6.8018513,-2.930426,70.0,25.0,90.0,41.582897,-7.1443033,-2.6371222,70.96151,25.379173,89.09148,0.5056951
4.104166666666667,41.353928,-6.8018513,-2.930426,70.0,25.0,90.0,41.5829,-7.1443043,-2.6371212,70.96151,25.379177,89.09148,0.505698
4.108333333333333,41.353928,-6.8018513,-2.930426,70.0,25.0,90.0,41.582905,-7.1443005,-2.6371202,70.96151,25.379177,89.09148,0.5056977
4.1125,41.353928,-6.8018513,-2.930426,70.0,25.0,90.0,41.582897,-7.1443033,-2.637126,70.9615,25.379177,89.091484,0.5056929
4.116666666666666,41.353928,-6.8018513,-2.930426,70.0,25.0,90.0,41.5829,-7.1443033,-2.637125,70.9615,25.379173,89.091484,0.50569516
4.120833333333334,41.353928,-6.8018513,-2.930426,70.0,25.0,90.0,41.5829,-7.1443043,-2.637123,70.96151,25.379173,89.091484,0.5056969
4.125,41.353928,-6.8018513,-2.930426,70.0,25.0,90.0,41.5829,-7.1443033,-2.6371212,70.96151,25.379173,89.091484,0.50569737
4.129166666666666,41.353928,-6.8018513,-2.930426,70.0,25.0,90.0,41.582893,-7.1443014,-2.6371202,70.9615,25.379173,89.091484,0.5056932
4.133333333333334,41.353928,-6.8018513,-2.930426,70.0,25.0,90.0,41.5829,-7.1443014,-2.6371222,70.9615,25.379177,89.091484,0.5056956
4.1375,41.353928,-6.8018513,-2.930426,70.0,25.0,90.0,41.5829,-7.1443033,-2.6371212,70.96151,25.379177,89.091484,0.50569737
4.141666666666667,41.353928,-6.8018513,-2.930426,70.0,25.0,90.0,41.582897,-7.1443014,-2.6371183,70.96151,25.379177,89.091484,0.50569606
4.145833333333333,41.353928,-6.8018513,-2.930426,70.0,25.0,90.0,41.5829,-7.1443005,-2.6371202,70.9615,25.379177,89.091484,0.505696
4.15,41.353928,-6.8018513,-2.930426,70.0,25.0,90.0,41.582897,-7.1443005,-2.6371212,70.96151,25.379177,89.091484,0.50569373
4.154166666666667,41.353928,-6.8018513,-2.930426,70.0,25.0,90.0,41.582897,-7.1443005,-2.6371202,70.96151,25.37918,89.091484,0.50569427
4.158333333333333,41.353928,-6.8018513,-2.930426,70.0,25.0,90.0,41.582897,-7.1443014,-2.6371222,70.96151,25.37918,89.091484,0.50569385
4.1625,41.353928,-6.8018513,-2.930426,70.0,25.0,90.0,41.582897,-7.1443005,-2.6371222,70.96151,25.379177,89.091484,0.5056932
4.166666666666667,41.353928,-6.8018513,-2.930426,70.0,25.0,90.0,41.582897,-7.1443033,-2.6371222,70.96151,25.379177,89.091484,0.5056951
4.170833333333333,41.353928,-6.8018513,-2.930426,70.0,25.0,90.0,41.582897,-7.1443043,-2.6371222,70.96152,25.379177,89.091484,0.50569576
4.175,41.353928,-6.8018513,-2.930426,70.0,25.0,90.0,41.582897,-7.1443014,-2.6371212,70.96151,25.379177,89.091484,0.5056944
4.179166666666666,41.353928,-6.8018513,-2.930426,70.0,25.0,90.0,41.582897,-7.1443033,-2.6371212,70.96151,25.379177,89.091484,0.5056957
4.183333333333334,41.353928,-6.8018513,-2.930426,70.0,25.0,90.0,41.582897,-7.1443033,-2.6371222,70.96151,25.37918,89.09149,0.5056951
4.1875,41.353928,-6.8018513,-2.930426,70.0,25.0,90.0,41.582893,-7.1443014,-2.6371202,70.96151,25.37918,89.09149,0.5056932
4.191666666666666,41.353928,-6.8018513,-2.930426,70.0,25.0,90.0,41.582897,-7.1443014,-2.6371212,70.96151,25.379177,89.091484,0.5056944
4.195833333333334,41.353928,-6.8018513,-2.930426,70.0,25.0,90.0,41.582897,-7.1443043,-2.6371222,70.96151,25.37918,89.091484,0.50569576
4.2,41.353928,-6.8018513,-2.930426,70.0,25.0,90.0,41.582897,-7.144306,-2.6371222,70.96151,25.37918,89.091484,0.505697
4.204166666666667,41.353928,-6.8018513,-2.930426,70.0,25.0,90.0,41.582893,-7.1443043,-2.6371222,70.96151,25.37918,89.091484,0.50569403
4.208333333333333,41.353928,-6.8018513,-2.930426,70.0,25.0,90.0,41.582893,-7.1443043,-2.637123,70.96151,25.37918,89.091484,0.5056935
4.2125,41.353928,-6.8018513,-2.930426,70.0,25.0,90.0,41.582893,-7.1443043,-2.6371212,70.96151,25.37918,89.091484,0.50569457
4.216666666666667,41.353928,-6.8018513,-2.930426,70.0,25.0,90.0,41.582897,-7.1443033,-2.6371222,70.96151,25.37918,89.091484,0.5056951
4.220833333333333,41.353928,-6.8018513,-2.930426,70.0,25.0,90.0,41.582897,-7.1443033,-2.6371222,70.96151,25.37918,89.091484,0.5056951
4.225,41.353928,-6.8018513,-2.930426,70.0,25.0,90.0,41.582897,-7.144306,-2.6371212,70.96151,25.379185,89.091484,0.5056976
4.229166666666667,41.353928,-6.8018513,-2.930426,70.0,25.0,90.0,41.582897,-7.1443014,-2.6371193,70.96151,25.379185,89.091484,0.50569546
4.233333333333333,41.353928,-6.8018513,-2.930426,70.0,25.0,90.0,41.582897,-7.1443043,-2.6371183,70.96151,25.37918,89.09148,0.50569797
4.2375,41.353928,-6.8018513,-2.930426,70.0,25.0,90.0,41.582897,-7.144306,-2.6371222,70.96152,25.379189,89.09148,0.505697
4.241666666666666,41.353928,-6.8018513,-2.930426,70.0,25.0,90.0,41.582897,-7.1443014,-2.6371212,70.96152,25.37918,89.09148,0.5056944
4.245833333333334,41.353928,-6.8018513,-2.930426,70.0,25.0,90.0,41.582893,-7.1443033,-2.6371193,70.96152,25.37918,89.09148,0.50569504
4.25,41.353928,-6.8018513,-2.930426,70.0,25.0,90.0,41.582897,-7.1443033,-2.6371222,70.96152,25.37918,89.09148,0.5056951
4.254166666666666,41.353928,-6.8018513,-2.930426,70.0,25.0,90.0,41.582893,-7.1443014,-2.6371212,70.96152,25.37918,89.09148,0.50569266
4.258333333333334,41.353928,-6.8018513,-2.930426,70.0,25.0,90.0,41.582897,-7.1443033,-2.6371174,70.96151,25.37918,89.09148,0.50569785
4.2625,41.353928,-6.8018513,-2.930426,70.0,25.0,90.0,41.582897,-7.1443033,-2.6371193,70.96152,25.379185,89.09148,0.5056968
4.266666666666667,41.353928,-6.8018513,-2.930426,70.0,25.0,90.0,41.582897,-7.1443043,-2.6371222,70.96151,25.379177,89.09148,0.50569576
4.270833333333333,41.353928,-6.8018513,-2.930426,70.0,25.0,90.0,41.582897,-7.1443043,-2.6371222,70.96152,25.37918,89.09147,0.50569576
4.275,41.353928,-6.8018513,-2.930426,70.0,25.0,90.0,41.5829,-7.1443033,-2.6371193,70.96151,25.37918,89.09148,0.5056985
4.279166666666667,41.353928,-6.8018513,-2.930426,70.0,25.0,90.0,41.582897,-7.1443043,-2.6371202,70.96151,25.379177,89.09148,0.5056969
4.283333333333333,41.353928,-6.8018513,-2.930426,70.0,25.0,90.0,41.5829,-7.144306,-2.6371202,70.96152,25.379173,89.09148,0.5056999
4.2875,41.353928,-6.8018513,-2.930426,70.0,25.0,90.0,41.5829,-7.1443043,-2.637123,70.96152,25.379177,89.09148,0.5056969
4.291666666666667,41.353928,-6.8018513,-2.930426,70.0,25.0,90.0,41.5829,-7.1443043,-2.6371202,70.96151,25.379177,89.09148,0.5056986
4.295833333333333,41.353928,-6.8018513,-2.930426,70.0,25.0,90.0,41.5829,-7.1443043,-2.6371202,70.96151,25.379173,89.09148,0.5056986
4.3,41.353928,-6.8018513,-2.930426,70.0,25.0,90.0,41.5829,-7.144308,-2.6371222,70.96151,25.379177,89.09148,0.50570005
4.304166666666666,41.353928,-6.8018513,-2.930426,70.0,25.0,90.0,41.5829,-7.144306,-2.6371212,70.96151,25.379177,89.09148,0.50569934
4.308333333333334,41.353928,-6.8018513,-2.930426,70.0,25.0,90.0,41.5829,-7.144306,-2.6371212,70.96151,25.379173,89.09148,0.50569934
4.3125,41.353928,-6.8018513,-2.930426,70.0,25.0,90.0,41.5829,-7.144306,-2.6371193,70.96151,25.379173,89.09148,0.5057004
4.316666666666666,41.353928,-6.8018513,-2.930426,70.0,25.0,90.0,41.5829,-7.144306,-2.6371222,70.96151,25.379173,89.09148,0.5056988
4.320833333333334,41.353928,-6.8018513,-2.930426,70.0,25.0,90.0,41.5829,-7.144306,-2.6371222,70.96151,25.379173,89.09148,0.5056988
4.325,41.353928,-6.8018513,-2.930426,70.0,25.0,90.0,41.5829,-7.144306,-2.6371222,70.96151,25.379173,89.09148,0.5056988
4.329166666666667,41.353928,-6.8018513,-2.930426,70.0,25.0,90.0,41.5829,-7.144306,-2.6371222,70.96151,25.379173,89.09148,0.5056988
4.333333333333333,41.353928,-6.8018513,-2.930426,70.0,25.0,90.0,41.5829,-7.144306,-2.6371222,70.96151,25.379173,89.09148,0.5056988
4.3375,41.353928,-6.8018513,-2.930426,70.0,25.0,90.0,41.5829,-7.144306,-2.6371222,70.96151,25.379173,89.09148,0.5056988
4.341666666666667,41.353928,-6.8018513,-2.930426,70.0,25.0,90.0,41.5829,-7.144306,-2.6371222,70.96151,25.379173,89.09148,0.5056988
4.345833333333333,41.353928,-6.8018513,-2.930426,70.0,25.0,90.0,41.5829,-7.144306,-2.6371222,70.96151,25.379173,89.09148,0.5056988
4.35,41.353928,-6.8018513,-2.930426,70.0,25.0,90.0,41.5829,-7.144306,-2.6371222,70.96151,25.379173,89.09148,0.5056988
4.354166666666667,41.353928,-6.8018513,-2.930426,70.0,25.0,90.0,41.5829,-7.144306,-2.6371222,70.96151,25.379173,89.09148,0.5056988
4.358333333333333,41.353928,-6.8018513,-2.930426,70.0,25.0,90.0,41.5829,-7.144306,-2.6371222,70.96151,25.379173,89.09148,0.5056988
4.3625,41.353928,-6.8018513,-2.930426,70.0,25.0,90.0,41.5829,-7.144306,-2.6371222,70.96151,25.379173,89.09148,0.5056988
4.366666666666666,41.353928,-6.8018513,-2.930426,70.0,25.0,90.0,41.5829,-7.144306,-2.6371222,70.96151,25.379173,89.09148,0.5056988
4.370833333333334,41.353928,-6.8018513,-2.930426,70.0,25.0,90.0,41.5829,-7.144306,-2.6371222,70.96151,25.379173,89.09148,0.5056988
4.375,41.353928,-6.8018513,-2.930426,70.0,25.0,90.0,41.5829,-7.144306,-2.6371222,70.96151,25.379173,89.09148,0.5056988
4.379166666666666,41.353928,-6.8018513,-2.930426,70.0,25.0,90.0,41.5829,-7.144306,-2.6371222,70.96151,25.379173,89.09148,0.5056988
4.383333333333334,41.353928,-6.8018513,-2.930426,70.0,25.0,90.0,41.5829,-7.144306,-2.6371222,70.96151,25.379173,89.09148,0.5056988
4.3875,41.353928,-6.8018513,-2.930426,70.0,25.0,90.0,41.5829,-7.144306,-2.6371222,70.96151,25.379173,89.09148,0.5056988
4.391666666666667,41.353928,-6.8018513,-2.930426,70.0,25.0,90.0,41.5829,-7.144306,-2.6371222,70.96151,25.379173,89.09148,0.5056988
4.395833333333333,41.353928,-6.8018513,-2.930426,70.0,25.0,90.0,41.5829,-7.144306,-2.6371222,70.96151,25.379173,89.09148,0.5056988
4.4,41.353928,-6.8018513,-2.930426,70.0,25.0,90.0,41.5829,-7.144306,-2.6371222,70.96151,25.379173,89.09148,0.5056988
4.404166666666667,41.353928,-6.8018513,-2.930426,70.0,25.0,90.0,41.5829,-7.144306,-2.6371222,70.96151,25.379173,89.09148,0.5056988
4.408333333333333,41.353928,-6.8018513,-2.930426,70.0,25.0,90.0,41.5829,-7.144306,-2.6371222,70.96151,25.379173,89.09148,0.5056988
4.4125,41.353928,-6.8018513,-2.930426,70.0,25.0,90.0,41.5829,-7.144306,-2.6371222,70.96151,25.379173,89.09148,0.5056988
4.416666666666667,41.353928,-6.8018513,-2.930426,70.0,25.0,90.0,41.5829,-7.144306,-2.6371222,70.96151,25.379173,89.09148,0.5056988
4.420833333333333,41.353928,-6.8018513,-2.930426,70.0,25.0,90.0,41.5829,-7.144306,-2.6371222,70.96151,25.379173,89.09148,0.5056988
4.425,41.353928,-6.8018513,-2.930426,70.0,25.0,90.0,41.5829,-7.144306,-2.6371222,70.96151,25.379173,89.09148,0.5056988
4.429166666666666,41.353928,-6.8018513,-2.930426,70.0,25.0,90.0,41.5829,-7.144306,-2.6371222,70.96151,25.379173,89.09148,0.5056988
4.433333333333334,41.353928,-6.8018513,-2.930426,70.0,25.0,90.0,41.5829,-7.144306,-2.6371222,70.96151,25.379173,89.09148,0.5056988
4.4375,41.353928,-6.8018513,-2.930426,70.0,25.0,90.0,41.5829,-7.144306,-2.6371222,70.96151,25.379173,89.09148,0.5056988
4.441666666666666,41.353928,-6.8018513,-2.930426,70.0,25.0,90.0,41.5829,-7.144306,-2.6371222,70.96151,25.379173,89.09148,0.5056988
4.445833333333334,41.353928,-6.8018513,-2.930426,70.0,25.0,90.0,41.5829,-7.144306,-2.6371222,70.96151,25.379173,89.09148,0.5056988
4.45,41.353928,-6.8018513,-2.930426,70.0,25.0,90.0,41.5829,-7.144306,-2.6371222,70.96151,25.379173,89.09148,0.5056988
4.454166666666667,41.353928,-6.8018513,-2.930426,70.0,25.0,90.0,41.5829,-7.144306,-2.6371222,70.96151,25.379173,89.09148,0.5056988
4.458333333333333,41.353928,-6.8018513,-2.930426,70.0,25.0,90.0,41.5829,-7.144306,-2.6371222,70.96151,25.379173,89.09148,0.5056988
4.4625,41.353928,-6.8018513,-2.930426,70.0,25.0,90.0,41.5829,-7.144306,-2.6371222,70.96151,25.379173,89.09148,0.5056988
4.466666666666667,41.353928,-6.8018513,-2.930426,70.0,25.0,90.0,41.5829,-7.144306,-2.6371222,70.96151,25.379173,89.09148,0.5056988
4.470833333333333,41.353928,-6.8018513,-2.930426,70.0,25.0,90.0,41.5829,-7.144306,-2.6371222,70.96151,25.379173,89.09148,0.5056988
4.475,41.353928,-6.8018513,-2.930426,70.0,25.0,90.0,41.5829,-7.144306,-2.6371202,70.96151,25.379173,89.09148,0.5056999
4.479166666666667,41.353928,-6.8018513,-2.930426,70.0,25.0,90.0,41.5829,-7.144306,-2.6371212,70.96151,25.37917,89.09148,0.50569934
4.483333333333333,41.353928,-6.8018513,-2.930426,70.0,25.0,90.0,41.582897,-7.1443043,-2.6371222,70.96151,25.379173,89.09148,0.50569576
4.4875,41.353928,-6.8018513,-2.930426,70.0,25.0,90.0,41.582897,-7.1443033,-2.6371222,70.96151,25.379177,89.09148,0.5056951
4.491666666666666,41.353928,-6.8018513,-2.930426,70.0,25.0,90.0,41.5829,-7.1443043,-2.637123,70.96151,25.379173,89.09148,0.5056969
4.495833333333334,41.353928,-6.8018513,-2.930426,70.0,25.0,90.0,41.5829,-7.1443043,-2.6371222,70.96151,25.379173,89.09148,0.5056975
4.5,41.353928,-6.8018513,-2.930426,70.0,25.0,90.0,41.582897,-7.1443033,-2.6371212,70.96151,25.379173,89.09148,0.5056957
4.504166666666666,41.353928,-6.8018513,-2.930426,70.0,25.0,90.0,41.5829,-7.1443014,-2.637125,70.96151,25.379177,89.09148,0.5056939
4.508333333333334,41.353928,-6.8018513,-2.930426,70.0,25.0,90.0,41.582897,-7.1443033,-2.6371222,70.9615,25.379177,89.091484,0.5056951
4.5125,41.353928,-6.8018513,-2.930426,70.0,25.0,90.0,41.582897,-7.1443033,-2.637123,70.9615,25.37918,89.091484,0.50569457
4.516666666666667,41.353928,-6.8018513,-2.930426,70.0,25.0,90.0,41.582897,-7.1443043,-2.637126,70.9615,25.379173,89.091484,0.50569355
4.520833333333333,41.353928,-6.8018513,-2.930426,70.0,25.0,90.0,41.5829,-7.1443033,-2.637125,70.96151,25.379173,89.091484,0.50569516
4.525,41.353928,-6.8018513,-2.930426,70.0,25.0,90.0,41.582897,-7.1443005,-2.637125,70.9615,25.37918,89.091484,0.5056915
4.529166666666667,41.353928,-6.8018513,-2.930426,70.0,25.0,90.0,41.582893,-7.1442986,-2.6371193,70.9615,25.37918,89.09149,0.5056918
4.533333333333333,41.353928,-6.8018513,-2.930426,70.0,25.0,90.0,41.5829,-7.1443014,-2.6371193,70.9615,25.379177,89.091484,0.5056972
4.5375,41.353928,-6.8018513,-2.930426,70.0,25.0,90.0,41.582897,-7.1443014,-2.6371202,70.96151,25.379177,89.091484,0.5056949
4.541666666666667,41.353928,-6.8018513,-2.930426,70.0,25.0,90.0,41.582897,-7.1442986,-2.6371222,70.96151,25.379177,89.091484,0.5056919
4.545833333333333,41.353928,-6.8018513,-2.930426,70.0,25.0,90.0,41.582893,-7.1443014,-2.6371222,70.96151,25.379177,89.091484,0.50569206
4.55,41.353928,-6.8018513,-2.930426,70.0,25.0,90.0,41.582893,-7.1443043,-2.6371222,70.96151,25.37918,89.091484,0.50569403
4.554166666666666,41.353928,-6.8018513,-2.930426,70.0,25.0,90.0,41.582893,-7.1443033,-2.6371222,70.9615,25.37918,89.091484,0.5056934
4.558333333333334,41.353928,-6.8018513,-2.930426,70.0,25.0,90.0,41.582893,-7.1443043,-2.6371222,70.96151,25.379177,89.091484,0.50569403
4.5625,41.353928,-6.8018513,-2.930426,70.0,25.0,90.0,41.582893,-7.1443014,-2.6371222,70.96151,25.37918,89.091484,0.50569206
4.566666666666666,41.353928,-6.8018513,-2.930426,70.0,25.0,90.0,41.582893,-7.1443033,-2.6371222,70.96151,25.379177,89.091484,0.5056934
4.570833333333334,41.353928,-6.8018513,-2.930426,70.0,25.0,90.0,41.582893,-7.1443043,-2.637125,70.96151,25.379177,89.091484,0.50569236
4.575,41.353928,-6.8018513,-2.930426,70.0,25.0,90.0,41.582897,-7.1443033,-2.6371222,70.96151,25.37918,89.091484,0.5056951
4.579166666666667,41.353928,-6.8018513,-2.930426,70.0,25.0,90.0,41.582893,-7.1443014,-2.6371222,70.96151,25.37918,89.091484,0.50569206
4.583333333333333,41.353928,-6.8018513,-2.930426,70.0,25.0,90.0,41.582893,-7.1443033,-2.6371212,70.96151,25.37918,89.091484,0.5056939
4.5875,41.353928,-6.8018513,-2.930426,70.0,25.0,90.0,41.582893,-7.1443033,-2.6371212,70.96151,25.37918,89.09149,0.5056939
4.591666666666667,41.353928,-6.8018513,-2.930426,70.0,25.0,90.0,41.582893,-7.1443014,-2.6371202,70.96151,25.37918,89.091484,0.5056932
4.595833333333333,41.353928,-6.8018513,-2.930426,70.0,25.0,90.0,41.582893,-7.1443014,-2.6371212,70.96151,25.37918,89.091484,0.50569266
4.6,41.353928,-6.8018513,-2.930426,70.0,25.0,90.0,41.582893,-7.1443005,-2.6371202,70.96151,25.37918,89.09149,0.50569254
4.604166666666667,41.353928,-6.8018513,-2.930426,70.0,25.0,90.0,41.582893,-7.1443033,-2.6371202,70.96151,25.379185,89.09149,0.50569445
4.608333333333333,41.353928,-6.8018513,-2.930426,70.0,25.0,90.0,41.582893,-7.1443033,-2.6371202,70.96151,25.37918,89.09149,0.50569445
4.6125,41.353928,-6.8018513,-2.930426,70.0,25.0,90.0,41.582893,-7.1443014,-2.6371222,70.96152,25.379185,89.09149,0.50569206
4.616666666666666,41.353928,-6.8018513,-2.930426,70.0,25.0,90.0,41.582893,-7.1443043,-2.6371222,70.96151,25.37918,89.091484,0.50569403
4.620833333333334,41.353928,-6.8018513,-2.930426,70.0,25.0,90.0,41.582897,-7.1443033,-2.6371212,70.96152,25.37918,89.091484,0.5056957
4.625,41.353928,-6.8018513,-2.930426,70.0,25.0,90.0,41.582893,-7.1443005,-2.6371193,70.96152,25.37918,89.091484,0.5056931
4.629166666666666,41.353928,-6.8018513,-2.930426,70.0,25.0,90.0,41.582893,-7.1443043,-2.6371193,70.96151,25.379185,89.091484,0.5056957
4.633333333333334,41.353928,-6.8018513,-2.930426,70.0,25.0,90.0,41.582897,-7.1443033,-2.6371202,70.96152,25.379185,89.091484,0.50569624
4.6375,41.353928,-6.8018513,-2.930426,70.0,25.0,90.0,41.582893,-7.1443014,-2.6371183,70.96152,25.379185,89.091484,0.50569427
4.641666666666667,41.353928,-6.8018513,-2.930426,70.0,25.0,90.0,41.582897,-7.1443014,-2.6371174,70.96152,25.379177,89.09148,0.5056966
4.645833333333333,41.353928,-6.8018513,-2.930426,70.0,25.0,90.0,41.582897,-7.1443005,-2.6371193,70.96152,25.379189,89.09148,0.5056948
4.65,41.353928,-6.8018513,-2.930426,70.0,25.0,90.0,41.582893,-7.1443005,-2.6371202,70.96152,25.37918,89.09148,0.50569254
4.654166666666667,41.353928,-6.8018513,-2.930426,70.0,25.0,90.0,41.582897,-7.1443033,-2.6371193,70.96152,25.37918,89.09148,0.5056968
4.658333333333333,41.353928,-6.8018513,-2.930426,70.0,25.0,90.0,41.582897,-7.1443014,-2.6371193,70.96151,25.37918,89.09148,0.50569546
4.6625,41.353928,-6.8018513,-2.930426,70.0,25.0,90.0,41.582897,-7.1443033,-2.6371222,70.96152,25.37918,89.09148,0.5056951
4.666666666666667,41.353928,-6.8018513,-2.930426,70.0,25.0,90.0,41.582897,-7.1443033,-2.6371212,70.96152,25.379177,89.09148,0.5056957
4.670833333333333,41.353928,-6.8018513,-2.930426,70.0,25.0,90.0,41.582897,-7.1443033,-2.6371222,70.96151,25.37918,89.09148,0.5056951
4.675,41.353928,-6.8018513,-2.930426,70.0,25.0,90.0,41.582897,-7.1443033,-2.6371183,70.96151,25.37918,89.09148,0.5056973
4.679166666666666,41.353928,-6.8018513,-2.930426,70.0,25.0,90.0,41.5829,-7.1443043,-2.6371202,70.96151,25.379177,89.09148,0.5056986
4.683333333333334,41.353928,-6.8018513,-2.930426,70.0,25.0,90.0,41.5829,-7.1443043,-2.6371183,70.96151,25.37918,89.09148,0.5056997
4.6875,41.353928,-6.8018513,-2.930426,70.0,25.0,90.0,41.5829,-7.1443043,-2.6371193,70.96152,25.37918,89.09148,0.50569916
4.691666666666666,41.353928,-6.8018513,-2.930426,70.0,25.0,90.0,41.5829,-7.1443033,-2.6371174,70.96151,25.379177,89.09148,0.5056996
4.695833333333334,41.353928,-6.8018513,-2.930426,70.0,25.0,90.0,41.5829,-7.1443043,-2.6371212,70.96151,25.379177,89.09148,0.505698
4.7,41.353928,-6.8018513,-2.930426,70.0,25.0,90.0,41.5829,-7.144306,-2.6371193,70.96151,25.379177,89.09148,0.5057004
4.704166666666667,41.353928,-6.8018513,-2.930426,70.0,25.0,90.0,41.5829,-7.1443043,-2.6371183,70.96151,25.379177,89.09148,0.5056997
4.708333333333333,41.353928,-6.8018513,-2.930426,70.0,25.0,90.0,41.5829,-7.1443033,-2.6371193,70.96151,25.37918,89.09148,0.5056985
4.7125,41.353928,-6.8018513,-2.930426,70.0,25.0,90.0,41.5829,-7.1443033,-2.6371193,70.96151,25.379177,89.09148,0.5056985
4.716666666666667,41.353928,-6.8018513,-2.930426,70.0,25.0,90.0,41.5829,-7.1443033,-2.6371193,70.96151,25.379177,89.09148,0.5056985
4.720833333333333,41.353928,-6.8018513,-2.930426,70.0,25.0,90.0,41.5829,-7.1443033,-2.6371193,70.96151,25.379177,89.09148,0.5056985
4.725,41.353928,-6.8018513,-2.930426,70.0,25.0,90.0,41.5829,-7.1443033,-2.6371193,70.96151,25.379177,89.09148,0.5056985
4.729166666666667,41.353928,-6.8018513,-2.930426,70.0,25.0,90.0,41.5829,-7.1443033,-2.6371193,70.96151,25.379177,89.09148,0.5056985
4.733333333333333,41.353928,-6.8018513,-2.930426,70.0,25.0,90.0,41.5829,-7.1443033,-2.6371193,70.96151,25.379177,89.09148,0.5056985
4.7375,41.353928,-6.8018513,-2.930426,70.0,25.0,90.0,41.5829,-7.1443033,-2.6371193,70.96151,25.379177,89.09148,0.5056985
4.741666666666666,41.353928,-6.8018513,-2.930426,70.0,25.0,90.0,41.5829,-7.1443033,-2.6371193,70.96151,25.379177,89.09148,0.5056985
4.745833333333334,41.353928,-6.8018513,-2.930426,70.0,25.0,90.0,41.5829,-7.1443033,-2.6371193,70.96151,25.379177,89.09148,0.5056985
4.75,41.353928,-6.8018513,-2.930426,70.0,25.0,90.0,41.582497,-7.135601,-2.6442156,70.957825,25.399433,89.08947,0.49552906
4.754166666666666,41.353928,-6.8018513,-2.930426,70.0,25.0,90.0,41.569504,-7.140812,-2.6824942,70.88404,25.396305,89.10099,0.47205672
4.758333333333334,41.353928,-6.8018513,-2.930426,70.0,25.0,90.0,41.53275,-7.15994,-2.7424965,70.71078,25.307682,89.17008,0.44217867
4.7625,41.353928,-6.8018513,-2.930426,70.0,25.0,90.0,41.46209,-7.3026857,-2.7928867,70.42514,25.07534,89.26239,0.5305197
4.766666666666667,41.353928,-6.8018513,-2.930426,70.0,25.0,90.0,41.35063,-7.331729,-2.6047459,70.44869,24.765385,89.49629,0.6219716
4.770833333333333,41.353928,-6.8018513,-2.930426,70.0,25.0,90.0,41.26229,-7.4250164,-2.5798826,70.41106,24.690136,89.361176,0.72084165
4.775,41.353928,-6.8018513,-2.930426,70.0,25.0,90.0,41.033264,-6.8784065,-2.0866776,70.4606,25.224297,89.71037,0.9058681
4.779166666666667,41.353928,-6.8018513,-2.930426,70.0,25.0,90.0,40.267323,-6.649969,-2.0251255,70.43915,24.420914,90.67969,1.4224441
4.783333333333333,41.353928,-6.8018513,-2.930426,70.0,25.0,90.0,39.881554,-6.53269,-2.101035,70.493706,24.383621,91.28327,1.7112048
4.7875,41.353928,-6.8018513,-2.930426,70.0,25.0,90.0,40.01745,-5.5000267,-0.47199154,72.44565,29.160065,91.275276,3.0862312
4.791666666666667,41.353928,-6.8018513,-2.930426,70.0,25.0,90.0,39.752125,-6.350602,-1.2481775,72.406296,28.399944,91.02472,2.3662963
4.795833333333333,41.353928,-6.8018513,-2.930426,70.0,25.0,90.0,40.34035,-6.774291,-2.8457756,71.45058,25.321175,91.72562,1.0174786
