time_s,true_wrist_X_cm,true_wrist_Y_cm,true_wrist_Z_cm,true_shoulder_elv_deg,true_shoulder_rot_deg,true_elbow_flexion_deg,pred_wrist_X_cm,pred_wrist_Y_cm,pred_wrist_Z_cm,pred_shoulder_elv_deg,pred_shoulder_rot_deg,pred_elbow_flexion_deg,l2_distance_cm
0.0,41.353928,-6.8018513,-2.930426,70.0,25.0,90.0,41.178886,-7.8620234,-0.6114311,71.07295,24.05051,91.51746,2.5558445
0.004166666666666667,41.353928,-6.8018513,-2.930426,70.0,25.0,90.0,41.51543,-8.226529,-1.1671047,70.48709,23.88795,91.230774,2.2726839
0.008333333333333333,41.353928,-6.8018513,-2.930426,70.0,25.0,90.0,41.761364,-8.212536,-1.9326963,69.63223,24.072151,91.2042,1.7752464
0.0125,41.353928,-6.8018513,-2.930426,70.0,25.0,90.0,41.333485,-7.473835,-2.565137,71.117096,25.549164,90.147224,0.76512486
0.016666666666666666,41.353928,-6.8018513,-2.930426,70.0,25.0,90.0,41.16352,-6.7178907,-2.1971865,72.18845,27.131443,88.9433,0.76219696
0.020833333333333332,41.353928,-6.8018513,-2.930426,70.0,25.0,90.0,40.70732,-7.2275696,-3.4144292,70.2,26.69706,88.70739,0.91301435
0.025,41.353928,-6.8018513,-2.930426,70.0,25.0,90.0,41.27054,-7.9346313,-3.0465937,70.03526,24.794704,89.04825,1.1417702
0.029166666666666667,41.353928,-6.8018513,-2.930426,70.0,25.0,90.0,41.369675,-7.613883,-2.8339024,70.49307,25.185024,89.09576,0.81789994
0.03333333333333333,41.353928,-6.8018513,-2.930426,70.0,25.0,90.0,41.477486,-7.3936863,-2.72188,70.70822,25.3835,89.06032,0.63955194
0.0375,41.353928,-6.8018513,-2.930426,70.0,25.0,90.0,41.53074,-7.2971153,-2.645751,70.886826,25.361946,89.02624,0.597987
0.041666666666666664,41.353928,-6.8018513,-2.930426,70.0,25.0,90.0,41.57387,-7.2100744,-2.632882,70.94031,25.396297,89.05295,0.55095714
0.04583333333333333,41.353928,-6.8018513,-2.930426,70.0,25.0,90.0,41.5904,-7.156746,-2.6475906,70.92262,25.377716,89.06883,0.5117279
0.05,41.353928,-6.8018513,-2.930426,70.0,25.0,90.0,41.58291,-7.1443176,-2.6371346,70.961494,25.379177,89.09146,0.5057028
0.05416666666666667,41.353928,-6.8018513,-2.930426,70.0,25.0,90.0,41.582905,-7.1443167,-2.6371355,70.961494,25.379177,89.09145,0.5056999
0.058333333333333334,41.353928,-6.8018513,-2.930426,70.0,25.0,90.0,41.582905,-7.1443186,-2.6371336,70.961494,25.37918,89.09145,0.50570226
0.0625,41.353928,-6.8018513,-2.930426,70.0,25.0,90.0,41.582905,-7.1443167,-2.6371346,70.961494,25.37918,89.09145,0.5057004
0.06666666666666667,41.353928,-6.8018513,-2.930426,70.0,25.0,90.0,41.582905,-7.1443157,-2.6371307,70.9615,25.37918,89.09145,0.505702
0.07083333333333333,41.353928,-6.8018513,-2.930426,70.0,25.0,90.0,41.58291,-7.1443186,-2.6371346,70.9615,25.379173,89.09145,0.50570345
0.075,41.353928,-6.8018513,-2.930426,70.0,25.0,90.0,41.58291,-7.1443167,-2.6371307,70.9615,25.379173,89.09145,0.50570434
0.07916666666666666,41.353928,-6.8018513,-2.930426,70.0,25.0,90.0,41.58291,-7.1443167,-2.6371355,70.9615,25.379173,89.09145,0.5057016
0.08333333333333333,41.353928,-6.8018513,-2.930426,70.0,25.0,90.0,41.582905,-7.1443205,-2.6371346,70.9615,25.37918,89.091446,0.505703
0.0875,41.353928,-6.8018513,-2.930426,70.0,25.0,90.0,41.58291,-7.1443186,-2.6371336,70.96151,25.379177,89.091446,0.505704
0.09166666666666666,41.353928,-6.8018513,-2.930426,70.0,25.0,90.0,41.58291,-7.1443195,-2.6371317,70.9615,25.379177,89.09145,0.5057057
0.09583333333333334,41.353928,-6.8018513,-2.930426,70.0,25.0,90.0,41.58291,-7.1443195,-2.6371336,70.9615,25.379177,89.09145,0.50570464
0.1,41.353928,-6.8018513,-2.930426,70.0,25.0,90.0,41.58291,-7.1443195,-2.6371298,70.96151,25.379173,89.091446,0.50570685
0.10416666666666667,41.353928,-6.8018513,-2.930426,70.0,25.0,90.0,41.58291,-7.1443214,-2.6371336,70.96151,25.379177,89.09145,0.50570595
0.10833333333333334,41.353928,-6.8018513,-2.930426,70.0,25.0,90.0,41.58291,-7.1443214,-2.6371307,70.9615,25.379173,89.091446,0.50570756
0.1125,41.353928,-6.8018513,-2.930426,70.0,25.0,90.0,41.58291,-7.1443224,-2.6371307,70.9615,25.379173,89.091446,0.5057082
0.11666666666666667,41.353928,-6.8018513,-2.930426,70.0,25.0,90.0,41.582912,-7.1443195,-2.6371317,70.9615,25.379173,89.091446,0.50570744
0.12083333333333333,41.353928,-6.8018513,-2.930426,70.0,25.0,90.0,41.58291,-7.1443224,-2.6371317,70.9615,25.379173,89.09145,0.5057077
0.125,41.353928,-6.8018513,-2.930426,70.0,25.0,90.0,41.58291,-7.1443224,-2.6371307,70.9615,25.379177,89.09145,0.5057082
0.12916666666666668,41.353928,-6.8018513,-2.930426,70.0,25.0,90.0,41.58291,-7.1443214,-2.6371298,70.9615,25.379177,89.091446,0.5057081
0.13333333333333333,41.353928,-6.8018513,-2.930426,70.0,25.0,90.0,41.58291,-7.1443214,-2.6371298,70.96151,25.379173,89.09145,0.5057081
0.1375,41.353928,-6.8018513,-2.930426,70.0,25.0,90.0,41.58291,-7.1443224,-2.6371307,70.96151,25.379177,89.091446,0.5057082
0.14166666666666666,41.353928,-6.8018513,-2.930426,70.0,25.0,90.0,41.582905,-7.1443214,-2.6371336,70.9615,25.379173,89.09145,0.5057042
0.14583333333333334,41.353928,-6.8018513,-2.930426,70.0,25.0,90.0,41.58291,-7.1443214,-2.6371307,70.96151,25.379177,89.09145,0.50570756
0.15,41.353928,-6.8018513,-2.930426,70.0,25.0,90.0,41.582905,-7.1443214,-2.6371317,70.96151,25.379177,89.09145,0.5057053
0.15416666666666667,41.353928,-6.8018513,-2.930426,70.0,25.0,90.0,41.582905,-7.1443214,-2.6371307,70.9615,25.379177,89.09145,0.50570583
0.15833333333333333,41.353928,-6.8018513,-2.930426,70.0,25.0,90.0,41.58291,-7.1443214,-2.6371317,70.96151,25.379177,89.09145,0.505707
0.1625,41.353928,-6.8018513,-2.930426,70.0,25.0,90.0,41.58291,-7.1443224,-2.6371298,70.96151,25.379177,89.091446,0.50570875
0.16666666666666666,41.353928,-6.8018513,-2.930426,70.0,25.0,90.0,41.58291,-7.1443243,-2.6371307,70.9615,25.379177,89.091446,0.5057095
0.17083333333333334,41.353928,-6.8018513,-2.930426,70.0,25.0,90.0,41.58291,-7.1443214,-2.6371298,70.96151,25.379177,89.091446,0.5057081
0.175,41.353928,-6.8018513,-2.930426,70.0,25.0,90.0,41.58291,-7.1443214,-2.6371307,70.96151,25.379177,89.091446,0.50570756
0.17916666666666667,41.353928,-6.8018513,-2.930426,70.0,25.0,90.0,41.58291,-7.1443224,-2.6371317,70.96151,25.37918,89.091446,0.5057077
0.18333333333333332,41.353928,-6.8018513,-2.930426,70.0,25.0,90.0,41.58291,-7.1443224,-2.6371307,70.96151,25.37918,89.091446,0.5057082
0.1875,41.353928,-6.8018513,-2.930426,70.0,25.0,90.0,41.58291,-7.1443224,-2.6371307,70.96151,25.379177,89.091446,0.5057082
0.19166666666666668,41.353928,-6.8018513,-2.930426,70.0,25.0,90.0,41.58291,-7.1443224,-2.6371298,70.96151,25.379177,89.09144,0.50570875
0.19583333333333333,41.353928,-6.8018513,-2.930426,70.0,25.0,90.0,41.58291,-7.1443214,-2.6371298,70.96151,25.379177,89.09144,0.5057081
0.2,41.353928,-6.8018513,-2.930426,70.0,25.0,90.0,41.58291,-7.1443214,-2.6371317,70.96151,25.379177,89.09144,0.505707
0.20416666666666666,41.353928,-6.8018513,-2.930426,70.0,25.0,90.0,41.58291,-7.1443195,-2.6371317,70.96151,25.37918,89.09144,0.5057057
0.20833333333333334,41.353928,-6.8018513,-2.930426,70.0,25.0,90.0,41.582912,-7.1443253,-2.6371346,70.96151,25.379177,89.09144,0.5057097
0.2125,41.353928,-6.8018513,-2.930426,70.0,25.0,90.0,41.582912,-7.1443214,-2.6371336,70.96151,25.37918,89.09144,0.5057076
0.21666666666666667,41.353928,-6.8018513,-2.930426,70.0,25.0,90.0,41.58291,-7.1443195,-2.6371346,70.96151,25.379177,89.09144,0.5057041
0.22083333333333333,41.353928,-6.8018513,-2.930426,70.0,25.0,90.0,41.58291,-7.1443186,-2.6371346,70.9615,25.379185,89.091446,0.50570345
0.225,41.353928,-6.8018513,-2.930426,70.0,25.0,90.0,41.58291,-7.1443195,-2.6371346,70.9615,25.379185,89.091446,0.5057041
0.22916666666666666,41.353928,-6.8018513,-2.930426,70.0,25.0,90.0,41.58291,-7.1443186,-2.6371346,70.9615,25.37918,89.09144,0.50570345
0.23333333333333334,41.353928,-6.8018513,-2.930426,70.0,25.0,90.0,41.58291,-7.1443167,-2.6371336,70.9615,25.379177,89.091446,0.5057027
0.2375,41.353928,-6.8018513,-2.930426,70.0,25.0,90.0,41.58291,-7.1443186,-2.6371365,70.96151,25.37918,89.091446,0.5057023
0.24166666666666667,41.353928,-6.8018513,-2.930426,70.0,25.0,90.0,41.58291,-7.1443186,-2.6371374,70.9615,25.37918,89.091446,0.5057018
0.24583333333333332,41.353928,-6.8018513,-2.930426,70.0,25.0,90.0,41.58291,-7.1443186,-2.6371365,70.9615,25.37918,89.091446,0.5057023
0.25,41.353928,-6.8018513,-2.930426,70.0,25.0,90.0,41.58291,-7.1443186,-2.6371365,70.9615,25.37918,89.091446,0.5057023
0.25416666666666665,41.353928,-6.8018513,-2.930426,70.0,25.0,90.0,41.58291,-7.1443186,-2.6371365,70.9615,25.37918,89.091446,0.5057023
0.25833333333333336,41.353928,-6.8018513,-2.930426,70.0,25.0,90.0,41.58291,-7.1443186,-2.6371365,70.9615,25.37918,89.091446,0.5057023
0.2625,41.353928,-6.8018513,-2.930426,70.0,25.0,90.0,41.58291,-7.1443186,-2.6371365,70.9615,25.37918,89.091446,0.5057023
0.26666666666666666,41.353928,-6.8018513,-2.930426,70.0,25.0,90.0,41.58291,-7.1443186,-2.6371365,70.9615,25.37918,89.091446,0.5057023
0.2708333333333333,41.353928,-6.8018513,-2.930426,70.0,25.0,90.0,41.58291,-7.1443186,-2.6371365,70.9615,25.37918,89.091446,0.5057023
0.275,41.353928,-6.8018513,-2.930426,70.0,25.0,90.0,41.58291,-7.1443186,-2.6371365,70.9615,25.37918,89.091446,0.5057023
0.2791666666666667,41.353928,-6.8018513,-2.930426,70.0,25.0,90.0,41.58291,-7.1443186,-2.6371365,70.9615,25.37918,89.091446,0.5057023
0.2833333333333333,41.353928,-6.8018513,-2.930426,70.0,25.0,90.0,41.58291,-7.1443186,-2.6371365,70.9615,25.37918,89.091446,0.5057023
0.2875,41.353928,-6.8018513,-2.930426,70.0,25.0,90.0,41.58291,-7.1443186,-2.6371365,70.9615,25.37918,89.091446,0.5057023
0.2916666666666667,41.353928,-6.8018513,-2.930426,70.0,25.0,90.0,41.58291,-7.1443186,-2.6371365,70.9615,25.37918,89.091446,0.5057023
0.29583333333333334,41.353928,-6.8018513,-2.930426,70.0,25.0,90.0,41.58291,-7.1443186,-2.6371365,70.9615,25.37918,89.091446,0.5057023
0.3,41.353928,-6.8018513,-2.930426,70.0,25.0,90.0,41.58291,-7.1443186,-2.6371365,70.9615,25.37918,89.091446,0.5057023
0.30416666666666664,41.353928,-6.8018513,-2.930426,70.0,25.0,90.0,41.58291,-7.1443186,-2.6371365,70.9615,25.37918,89.091446,0.5057023
0.30833333333333335,41.353928,-6.8018513,-2.930426,70.0,25.0,90.0,41.58291,-7.1443186,-2.6371365,70.9615,25.37918,89.091446,0.5057023
0.3125,41.353928,-6.8018513,-2.930426,70.0,25.0,90.0,41.58291,-7.1443186,-2.6371365,70.9615,25.37918,89.091446,0.5057023
0.31666666666666665,41.353928,-6.8018513,-2.930426,70.0,25.0,90.0,41.58291,-7.1443186,-2.6371365,70.9615,25.37918,89.091446,0.5057023
0.32083333333333336,41.353928,-6.8018513,-2.930426,70.0,25.0,90.0,41.58291,-7.1443186,-2.6371365,70.9615,25.37918,89.091446,0.5057023
0.325,41.353928,-6.8018513,-2.930426,70.0,25.0,90.0,41.58291,-7.1443186,-2.6371365,70.9615,25.37918,89.091446,0.5057023
0.32916666666666666,41.353928,-6.8018513,-2.930426,70.0,25.0,90.0,41.58291,-7.1443186,-2.6371365,70.9615,25.37918,89.091446,0.5057023
0.3333333333333333,41.353928,-6.8018513,-2.930426,70.0,25.0,90.0,41.58291,-7.1443186,-2.6371365,70.9615,25.37918,89.091446,0.5057023
0.3375,41.353928,-6.8018513,-2.930426,70.0,25.0,90.0,41.58291,-7.1443186,-2.6371365,70.9615,25.37918,89.091446,0.5057023
0.3416666666666667,41.353928,-6.8018513,-2.930426,70.0,25.0,90.0,41.58291,-7.1443186,-2.6371365,70.9615,25.37918,89.091446,0.5057023
0.3458333333333333,41.353928,-6.8018513,-2.930426,70.0,25.0,90.0,41.58291,-7.1443186,-2.6371365,70.9615,25.37918,89.091446,0.5057023
0.35,41.353928,-6.8018513,-2.930426,70.0,25.0,90.0,41.58291,-7.1443186,-2.6371365,70.9615,25.37918,89.091446,0.5057023
0.3541666666666667,41.353928,-6.8018513,-2.930426,70.0,25.0,90.0,41.58291,-7.1443186,-2.6371365,70.9615,25.37918,89.091446,0.5057023
0.35833333333333334,41.353928,-6.8018513,-2.930426,70.0,25.0,90.0,41.58291,-7.1443186,-2.6371365,70.9615,25.37918,89.091446,0.5057023
0.3625,41.353928,-6.8018513,-2.930426,70.0,25.0,90.0,41.58291,-7.1443186,-2.6371365,70.9615,25.37918,89.091446,0.5057023
0.36666666666666664,41.353928,-6.8018513,-2.930426,70.0,25.0,90.0,41.58291,-7.1443186,-2.6371365,70.9615,25.37918,89.091446,0.5057023
0.37083333333333335,41.353928,-6.8018513,-2.930426,70.0,25.0,90.0,41.58291,-7.1443186,-2.6371365,70.9615,25.37918,89.091446,0.5057023
0.375,41.353928,-6.8018513,-2.930426,70.0,25.0,90.0,41.58291,-7.1443186,-2.6371365,70.9615,25.37918,89.091446,0.5057023
0.37916666666666665,41.353928,-6.8018513,-2.930426,70.0,25.0,90.0,41.58291,-7.1443186,-2.6371365,70.9615,25.37918,89.091446,0.5057023
0.38333333333333336,41.353928,-6.8018513,-2.930426,70.0,25.0,90.0,41.58291,-7.1443186,-2.6371365,70.9615,25.37918,89.091446,0.5057023
0.3875,41.353928,-6.8018513,-2.930426,70.0,25.0,90.0,41.58291,-7.1443186,-2.6371365,70.9615,25.37918,89.091446,0.5057023
0.39166666666666666,41.353928,-6.8018513,-2.930426,70.0,25.0,90.0,41.58291,-7.1443186,-2.6371365,70.9615,25.37918,89.091446,0.5057023
0.3958333333333333,41.353928,-6.8018513,-2.930426,70.0,25.0,90.0,41.58291,-7.1443186,-2.6371365,70.9615,25.37918,89.091446,0.5057023
0.4,41.353928,-6.8018513,-2.930426,70.0,25.0,90.0,41.58291,-7.1443186,-2.6371365,70.9615,25.37918,89.091446,0.5057023
0.4041666666666667,41.353928,-6.8018513,-2.930426,70.0,25.0,90.0,41.58291,-7.1443186,-2.6371355,70.9615,25.379177,89.091446,0.50570285
0.4083333333333333,41.353928,-6.8018513,-2.930426,70.0,25.0,90.0,41.58291,-7.1443195,-2.6371365,70.9615,25.37918,89.091446,0.505703
0.4125,41.353928,-6.8018513,-2.930426,70.0,25.0,90.0,41.58291,-7.1443186,-2.6371355,70.9615,25.37918,89.091446,0.50570285
0.4166666666666667,41.353928,-6.8018513,-2.930426,70.0,25.0,90.0,41.58291,-7.1443186,-2.6371393,70.9615,25.37918,89.091446,0.50570065
0.42083333333333334,41.353928,-6.8018513,-2.930426,70.0,25.0,90.0,41.582905,-7.1443167,-2.6371374,70.96151,25.379177,89.091446,0.50569874
0.425,41.353928,-6.8018513,-2.930426,70.0,25.0,90.0,41.582905,-7.1443157,-2.6371365,70.9615,25.379177,89.091446,0.5056987
0.42916666666666664,41.353928,-6.8018513,-2.930426,70.0,25.0,90.0,41.58291,-7.1443157,-2.6371346,70.9615,25.37918,89.091446,0.50570154
0.43333333333333335,41.353928,-6.8018513,-2.930426,70.0,25.0,90.0,41.5829,-7.1443157,-2.6371355,70.9615,25.37918,89.091446,0.5056975
0.4375,41.353928,-6.8018513,-2.930426,70.0,25.0,90.0,41.582905,-7.1443167,-2.6371317,70.9615,25.379177,89.09145,0.5057021
0.44166666666666665,41.353928,-6.8018513,-2.930426,70.0,25.0,90.0,41.582905,-7.144315,-2.6371346,70.9615,25.379177,89.09145,0.50569916
0.44583333333333336,41.353928,-6.8018513,-2.930426,70.0,25.0,90.0,41.58291,-7.144314,-2.6371346,70.9615,25.37918,89.09145,0.50570023
0.45,41.353928,-6.8018513,-2.930426,70.0,25.0,90.0,41.58291,-7.144314,-2.6371355,70.9615,25.37918,89.09145,0.50569963
0.45416666666666666,41.353928,-6.8018513,-2.930426,70.0,25.0,90.0,41.582905,-7.144314,-2.6371317,70.9615,25.379189,89.09145,0.5057001
0.4583333333333333,41.353928,-6.8018513,-2.930426,70.0,25.0,90.0,41.582905,-7.1443176,-2.6371336,70.9615,25.37918,89.09145,0.50570166
0.4625,41.353928,-6.8018513,-2.930426,70.0,25.0,90.0,41.582905,-7.1443167,-2.6371317,70.9615,25.37918,89.09145,0.5057021
0.4666666666666667,41.353928,-6.8018513,-2.930426,70.0,25.0,90.0,41.58291,-7.1443195,-2.6371279,70.9615,25.37918,89.09145,0.5057079
0.4708333333333333,41.353928,-6.8018513,-2.930426,70.0,25.0,90.0,41.58291,-7.1443167,-2.6371336,70.9615,25.379177,89.09146,0.5057027
0.475,41.353928,-6.8018513,-2.930426,70.0,25.0,90.0,41.58291,-7.1443157,-2.6371317,70.9615,25.37918,89.09146,0.50570315
0.4791666666666667,41.353928,-6.8018513,-2.930426,70.0,25.0,90.0,41.582905,-7.1443157,-2.6371355,70.9615,25.37918,89.09145,0.5056992
0.48333333333333334,41.353928,-6.8018513,-2.930426,70.0,25.0,90.0,41.582905,-7.1443167,-2.6371336,70.9615,25.379185,89.09145,0.505701
0.4875,41.353928,-6.8018513,-2.930426,70.0,25.0,90.0,41.58291,-7.1443157,-2.6371336,70.9615,25.37918,89.09145,0.5057021
0.49166666666666664,41.353928,-6.8018513,-2.930426,70.0,25.0,90.0,41.58291,-7.1443167,-2.6371336,70.9615,25.379173,89.09145,0.5057027
0.49583333333333335,41.353928,-6.8018513,-2.930426,70.0,25.0,90.0,41.58291,-7.1443167,-2.6371336,70.9615,25.379177,89.09145,0.5057027
0.5,41.353928,-6.8018513,-2.930426,70.0,25.0,90.0,41.58291,-7.1443186,-2.6371317,70.9615,25.379177,89.09145,0.5057051
0.5041666666666667,41.353928,-6.8018513,-2.930426,70.0,25.0,90.0,41.58291,-7.1443167,-2.6371298,70.96151,25.379173,89.09145,0.5057049
0.5083333333333333,41.353928,-6.8018513,-2.930426,70.0,25.0,90.0,41.58291,-7.1443195,-2.6371307,70.96151,25.37917,89.09145,0.5057063
0.5125,41.353928,-6.8018513,-2.930426,70.0,25.0,90.0,41.582905,-7.1443157,-2.6371336,70.96151,25.379177,89.09145,0.50570035
0.5166666666666667,41.353928,-6.8018513,-2.930426,70.0,25.0,90.0,41.58291,-7.1443186,-2.6371307,70.96151,25.37917,89.09145,0.50570565
0.5208333333333334,41.353928,-6.8018513,-2.930426,70.0,25.0,90.0,41.58291,-7.1443186,-2.6371298,70.96151,25.379173,89.091446,0.5057062
0.525,41.353928,-6.8018513,-2.930426,70.0,25.0,90.0,41.58291,-7.1443186,-2.6371346,70.96151,25.379173,89.09145,0.50570345
0.5291666666666667,41.353928,-6.8018513,-2.930426,70.0,25.0,90.0,41.58291,-7.1443186,-2.6371307,70.96151,25.379173,89.091446,0.50570565
0.5333333333333333,41.353928,-6.8018513,-2.930426,70.0,25.0,90.0,41.58291,-7.1443167,-2.6371317,70.96151,25.379173,89.091446,0.5057038
0.5375,41.353928,-6.8018513,-2.930426,70.0,25.0,90.0,41.58291,-7.1443186,-2.6371317,70.96151,25.379177,89.091446,0.5057051
0.5416666666666666,41.353928,-6.8018513,-2.930426,70.0,25.0,90.0,41.58291,-7.1443186,-2.6371317,70.96151,25.379173,89.091446,0.5057051
0.5458333333333333,41.353928,-6.8018513,-2.930426,70.0,25.0,90.0,41.58291,-7.1443214,-2.6371279,70.96151,25.379177,89.091446,0.50570923
0.55,41.353928,-6.8018513,-2.930426,70.0,25.0,90.0,41.58291,-7.1443224,-2.6371317,70.96151,25.379177,89.09145,0.5057077
0.5541666666666667,41.353928,-6.8018513,-2.930426,70.0,25.0,90.0,41.58291,-7.1443195,-2.6371298,70.96151,25.379177,89.091446,0.50570685
0.5583333333333333,41.353928,-6.8018513,-2.930426,70.0,25.0,90.0,41.58291,-7.1443224,-2.6371307,70.96151,25.379173,89.091446,0.5057082
0.5625,41.353928,-6.8018513,-2.930426,70.0,25.0,90.0,41.58291,-7.1443195,-2.6371336,70.96151,25.379177,89.091446,0.50570464
0.5666666666666667,41.353928,-6.8018513,-2.930426,70.0,25.0,90.0,41.58291,-7.1443195,-2.6371288,70.96151,25.379173,89.091446,0.5057074
0.5708333333333333,41.353928,-6.8018513,-2.930426,70.0,25.0,90.0,41.58291,-7.1443224,-2.6371298,70.96151,25.379173,89.091446,0.50570875
0.575,41.353928,-6.8018513,-2.930426,70.0,25.0,90.0,41.58291,-7.1443243,-2.6371307,70.96151,25.37918,89.09144,0.5057095
0.5791666666666667,41.353928,-6.8018513,-2.930426,70.0,25.0,90.0,41.58291,-7.1443243,-2.6371317,70.96151,25.379177,89.091446,0.505709
0.5833333333333334,41.353928,-6.8018513,-2.930426,70.0,25.0,90.0,41.58291,-7.1443224,-2.6371307,70.96151,25.37918,89.09144,0.5057082
0.5875,41.353928,-6.8018513,-2.930426,70.0,25.0,90.0,41.58291,-7.1443224,-2.6371307,70.96151,25.379177,89.09144,0.5057082
0.5916666666666667,41.353928,-6.8018513,-2.930426,70.0,25.0,90.0,41.58291,-7.1443224,-2.6371307,70.96151,25.379177,89.09144,0.5057082
0.5958333333333333,41.353928,-6.8018513,-2.930426,70.0,25.0,90.0,41.58291,-7.1443224,-2.6371317,70.96151,25.379177,89.09144,0.5057077
0.6,41.353928,-6.8018513,-2.930426,70.0,25.0,90.0,41.582905,-7.1443214,-2.6371307,70.96151,25.379177,89.09144,0.50570583
0.6041666666666666,41.353928,-6.8018513,-2.930426,70.0,25.0,90.0,41.582912,-7.1443214,-2.6371336,70.96151,25.379173,89.09144,0.5057076
0.6083333333333333,41.353928,-6.8018513,-2.930426,70.0,25.0,90.0,41.58291,-7.1443214,-2.6371317,70.96151,25.379177,89.091446,0.505707
0.6125,41.353928,-6.8018513,-2.930426,70.0,25.0,90.0,41.582912,-7.1443195,-2.6371346,70.9615,25.379177,89.091446,0.50570583
0.6166666666666667,41.353928,-6.8018513,-2.930426,70.0,25.0,90.0,41.58291,-7.1443167,-2.6371346,70.9615,25.379177,89.09144,0.50570214
0.6208333333333333,41.353928,-6.8018513,-2.930426,70.0,25.0,90.0,41.58291,-7.1443195,-2.6371336,70.9615,25.379177,89.09144,0.50570464
0.625,41.353928,-6.8018513,-2.930426,70.0,25.0,90.0,41.582905,-7.1443186,-2.6371346,70.9615,25.379177,89.09144,0.5057017
0.6291666666666667,41.353928,-6.8018513,-2.930426,70.0,25.0,90.0,41.582905,-7.1443167,-2.6371355,70.9615,25.379177,89.09144,0.5056999
0.6333333333333333,41.353928,-6.8018513,-2.930426,70.0,25.0,90.0,41.58291,-7.1443167,-2.6371355,70.9615,25.37918,89.09144,0.5057016
0.6375,41.353928,-6.8018513,-2.930426,70.0,25.0,90.0,41.582905,-7.1443167,-2.6371346,70.9615,25.379177,89.09144,0.5057004
0.6416666666666667,41.353928,-6.8018513,-2.930426,70.0,25.0,90.0,41.582905,-7.1443167,-2.6371346,70.9615,25.379177,89.091446,0.5057004
0.6458333333333334,41.353928,-6.8018513,-2.930426,70.0,25.0,90.0,41.582905,-7.1443167,-2.6371346,70.9615,25.379177,89.091446,0.5057004
0.65,41.353928,-6.8018513,-2.930426,70.0,25.0,90.0,41.582905,-7.1443167,-2.6371346,70.9615,25.379177,89.091446,0.5057004
0.6541666666666667,41.353928,-6.8018513,-2.930426,70.0,25.0,90.0,41.582905,-7.1443167,-2.6371346,70.9615,25.379177,89.091446,0.5057004
0.6583333333333333,41.353928,-6.8018513,-2.930426,70.0,25.0,90.0,41.582905,-7.1443167,-2.6371346,70.9615,25.379177,89.091446,0.5057004
0.6625,41.353928,-6.8018513,-2.930426,70.0,25.0,90.0,41.582905,-7.1443167,-2.6371346,70.9615,25.379177,89.091446,0.5057004
0.6666666666666666,41.353928,-6.8018513,-2.930426,70.0,25.0,90.0,41.582905,-7.1443167,-2.6371346,70.9615,25.379177,89.091446,0.5057004
0.6708333333333333,41.353928,-6.8018513,-2.930426,70.0,25.0,90.0,41.582905,-7.1443167,-2.6371346,70.9615,25.379177,89.091446,0.5057004
0.675,41.353928,-6.8018513,-2.930426,70.0,25.0,90.0,41.582905,-7.1443167,-2.6371346,70.9615,25.379177,89.091446,0.5057004
0.6791666666666667,41.353928,-6.8018513,-2.930426,70.0,25.0,90.0,41.582905,-7.1443167,-2.6371346,70.9615,25.379177,89.091446,0.5057004
0.6833333333333333,41.353928,-6.8018513,-2.930426,70.0,25.0,90.0,41.582905,-7.1443167,-2.6371346,70.9615,25.379177,89.091446,0.5057004
0.6875,41.353928,-6.8018513,-2.930426,70.0,25.0,90.0,41.582905,-7.1443167,-2.6371346,70.9615,25.379177,89.091446,0.5057004
0.6916666666666667,41.353928,-6.8018513,-2.930426,70.0,25.0,90.0,41.582905,-7.1443167,-2.6371346,70.9615,25.379177,89.091446,0.5057004
0.6958333333333333,41.353928,-6.8018513,-2.930426,70.0,25.0,90.0,41.582905,-7.1443167,-2.6371346,70.9615,25.379177,89.091446,0.5057004
0.7,41.353928,-6.8018513,-2.930426,70.0,25.0,90.0,41.582905,-7.1443167,-2.6371346,70.9615,25.379177,89.091446,0.5057004
0.7041666666666667,41.353928,-6.8018513,-2.930426,70.0,25.0,90.0,41.582905,-7.1443167,-2.6371346,70.9615,25.379177,89.091446,0.5057004
0.7083333333333334,41.353928,-6.8018513,-2.930426,70.0,25.0,90.0,41.582905,-7.1443167,-2.6371346,70.9615,25.379177,89.091446,0.5057004
0.7125,41.353928,-6.8018513,-2.930426,70.0,25.0,90.0,41.582905,-7.1443167,-2.6371346,70.9615,25.379177,89.091446,0.5057004
0.7166666666666667,41.353928,-6.8018513,-2.930426,70.0,25.0,90.0,41.582905,-7.1443167,-2.6371346,70.9615,25.379177,89.091446,0.5057004
0.7208333333333333,41.353928,-6.8018513,-2.930426,70.0,25.0,90.0,41.582905,-7.1443167,-2.6371346,70.9615,25.379177,89.091446,0.5057004
0.725,41.353928,-6.8018513,-2.930426,70.0,25.0,90.0,41.582905,-7.1443167,-2.6371346,70.9615,25.379177,89.091446,0.5057004
0.7291666666666666,41.353928,-6.8018513,-2.930426,70.0,25.0,90.0,41.582905,-7.1443167,-2.6371346,70.9615,25.379177,89.091446,0.5057004
0.7333333333333333,41.353928,-6.8018513,-2.930426,70.0,25.0,90.0,41.582905,-7.1443167,-2.6371346,70.9615,25.379177,89.091446,0.5057004
0.7375,41.353928,-6.8018513,-2.930426,70.0,25.0,90.0,41.582905,-7.1443167,-2.6371346,70.9615,25.379177,89.091446,0.5057004
0.7416666666666667,41.353928,-6.8018513,-2.930426,70.0,25.0,90.0,41.582905,-7.1443167,-2.6371346,70.9615,25.379177,89.091446,0.5057004
0.7458333333333333,41.353928,-6.8018513,-2.930426,70.0,25.0,90.0,41.582905,-7.1443167,-2.6371346,70.9615,25.379177,89.091446,0.5057004
0.75,41.353928,-6.8018513,-2.930426,70.0,25.0,90.0,41.582905,-7.1443167,-2.6371346,70.9615,25.379177,89.091446,0.5057004
0.7541666666666667,41.353928,-6.8018513,-2.930426,70.0,25.0,90.0,41.582905,-7.1443167,-2.6371346,70.9615,25.379177,89.091446,0.5057004
0.7583333333333333,41.353928,-6.8018513,-2.930426,70.0,25.0,90.0,41.582905,-7.1443167,-2.6371346,70.9615,25.379177,89.091446,0.5057004
0.7625,41.353928,-6.8018513,-2.930426,70.0,25.0,90.0,41.582905,-7.1443167,-2.6371346,70.9615,25.379177,89.091446,0.5057004
0.7666666666666667,41.353928,-6.8018513,-2.930426,70.0,25.0,90.0,41.582905,-7.1443167,-2.6371346,70.9615,25.379177,89.091446,0.5057004
0.7708333333333334,41.353928,-6.8018513,-2.930426,70.0,25.0,90.0,41.582905,-7.1443167,-2.6371346,70.9615,25.379177,89.091446,0.5057004
0.775,41.353928,-6.8018513,-2.930426,70.0,25.0,90.0,41.582905,-7.1443167,-2.6371346,70.9615,25.379177,89.091446,0.5057004
0.7791666666666667,41.353928,-6.8018513,-2.930426,70.0,25.0,90.0,41.582905,-7.1443167,-2.6371346,70.9615,25.379177,89.091446,0.5057004
0.7833333333333333,41.353928,-6.8018513,-2.930426,70.0,25.0,90.0,41.582905,-7.1443167,-2.6371346,70.9615,25.379177,89.091446,0.5057004
0.7875,41.353928,-6.8018513,-2.930426,70.0,25.0,90.0,41.582905,-7.1443167,-2.6371346,70.9615,25.379177,89.091446,0.5057004
0.7916666666666666,41.353928,-6.8018513,-2.930426,70.0,25.0,90.0,41.582905,-7.1443167,-2.6371346,70.9615,25.379177,89.091446,0.5057004
0.7958333333333333,41.353928,-6.8018513,-2.930426,70.0,25.0,90.0,41.582905,-7.1443157,-2.6371346,70.9615,25.379177,89.091446,0.50569975
0.8,41.353928,-6.8018513,-2.930426,70.0,25.0,90.0,41.58291,-7.1443157,-2.6371346,70.9615,25.379177,89.09144,0.50570154
0.8041666666666667,41.353928,-6.8018513,-2.930426,70.0,25.0,90.0,41.58291,-7.1443167,-2.6371336,70.9615,25.37918,89.091446,0.5057027
0.8083333333333333,41.353928,-6.8018513,-2.930426,70.0,25.0,90.0,41.582905,-7.1443195,-2.6371346,70.9615,25.37918,89.091446,0.5057023
0.8125,41.353928,-6.8018513,-2.930426,70.0,25.0,90.0,41.582905,-7.1443167,-2.6371355,70.9615,25.379177,89.091446,0.5056999
0.8166666666666667,41.353928,-6.8018513,-2.930426,70.0,25.0,90.0,41.582905,-7.1443157,-2.6371365,70.9615,25.379177,89.091446,0.5056987
0.8208333333333333,41.353928,-6.8018513,-2.930426,70.0,25.0,90.0,41.582905,-7.1443157,-2.6371317,70.9615,25.37918,89.091446,0.5057014
0.825,41.353928,-6.8018513,-2.930426,70.0,25.0,90.0,41.582905,-7.144314,-2.6371346,70.96151,25.379177,89.091446,0.5056985
0.8291666666666667,41.353928,-6.8018513,-2.930426,70.0,25.0,90.0,41.582905,-7.1443157,-2.6371346,70.96151,25.379177,89.09145,0.50569975
0.8333333333333334,41.353928,-6.8018513,-2.930426,70.0,25.0,90.0,41.582905,-7.1443157,-2.6371346,70.9615,25.379177,89.09145,0.50569975
0.8375,41.353928,-6.8018513,-2.930426,70.0,25.0,90.0,41.582905,-7.144314,-2.6371336,70.96151,25.379177,89.09145,0.50569904
0.8416666666666667,41.353928,-6.8018513,-2.930426,70.0,25.0,90.0,41.582905,-7.144315,-2.6371355,70.9615,25.37918,89.09145,0.50569856
0.8458333333333333,41.353928,-6.8018513,-2.930426,70.0,25.0,90.0,41.58291,-7.144314,-2.6371374,70.9615,25.37918,89.09145,0.50569856
0.85,41.353928,-6.8018513,-2.930426,70.0,25.0,90.0,41.5829,-7.144314,-2.6371298,70.9615,25.379185,89.09145,0.5056995
0.8541666666666666,41.353928,-6.8018513,-2.930426,70.0,25.0,90.0,41.58291,-7.1443167,-2.6371336,70.96151,25.379185,89.09145,0.5057027
0.8583333333333333,41.353928,-6.8018513,-2.930426,70.0,25.0,90.0,41.582905,-7.1443176,-2.6371317,70.9615,25.37918,89.09145,0.50570273
0.8625,41.353928,-6.8018513,-2.930426,70.0,25.0,90.0,41.58291,-7.1443167,-2.6371336,70.9615,25.379177,89.09146,0.5057027
0.8666666666666667,41.353928,-6.8018513,-2.930426,70.0,25.0,90.0,41.582905,-7.1443157,-2.6371346,70.9615,25.379177,89.09145,0.50569975
0.8708333333333333,41.353928,-6.8018513,-2.930426,70.0,25.0,90.0,41.582905,-7.144314,-2.6371307,70.9615,25.379177,89.09145,0.5057007
0.875,41.353928,-6.8018513,-2.930426,70.0,25.0,90.0,41.58291,-7.1443176,-2.6371307,70.9615,25.379173,89.09145,0.505705
0.8791666666666667,41.353928,-6.8018513,-2.930426,70.0,25.0,90.0,41.582905,-7.1443176,-2.6371298,70.9615,25.379177,89.09145,0.5057038
0.8833333333333333,41.353928,-6.8018513,-2.930426,70.0,25.0,90.0,41.58291,-7.1443167,-2.6371355,70.9615,25.379177,89.09145,0.5057016
0.8875,41.353928,-6.8018513,-2.930426,70.0,25.0,90.0,41.582905,-7.1443167,-2.6371298,70.9615,25.379173,89.09145,0.50570315
0.8916666666666667,41.353928,-6.8018513,-2.930426,70.0,25.0,90.0,41.58291,-7.1443167,-2.6371288,70.96151,25.379173,89.09145,0.5057055
0.8958333333333334,41.353928,-6.8018513,-2.930426,70.0,25.0,90.0,41.58291,-7.1443186,-2.6371317,70.96151,25.379173,89.09145,0.5057051
0.9,41.353928,-6.8018513,-2.930426,70.0,25.0,90.0,41.58291,-7.1443186,-2.6371307,70.96151,25.379173,89.09145,0.50570565
0.9041666666666667,41.353928,-6.8018513,-2.930426,70.0,25.0,90.0,41.58291,-7.1443214,-2.6371346,70.96151,25.379173,89.09145,0.50570536
0.9083333333333333,41.353928,-6.8018513,-2.930426,70.0,25.0,90.0,41.58291,-7.1443195,-2.6371336,70.96151,25.379177,89.09145,0.50570464
0.9125,41.353928,-6.8018513,-2.930426,70.0,25.0,90.0,41.58291,-7.1443214,-2.6371336,70.96151,25.379173,89.09145,0.50570595
0.9166666666666666,41.353928,-6.8018513,-2.930426,70.0,25.0,90.0,41.58291,-7.1443186,-2.6371307,70.96151,25.37917,89.091446,0.50570565
0.9208333333333333,41.353928,-6.8018513,-2.930426,70.0,25.0,90.0,41.58291,-7.1443195,-2.6371288,70.96151,25.37917,89.091446,0.5057074
0.925,41.353928,-6.8018513,-2.930426,70.0,25.0,90.0,41.58291,-7.1443195,-2.6371307,70.96151,25.379173,89.091446,0.5057063
0.9291666666666667,41.353928,-6.8018513,-2.930426,70.0,25.0,90.0,41.58291,-7.1443195,-2.6371288,70.96151,25.379173,89.09145,0.5057074
0.9333333333333333,41.353928,-6.8018513,-2.930426,70.0,25.0,90.0,41.58291,-7.1443186,-2.6371317,70.96151,25.379173,89.091446,0.5057051
0.9375,41.353928,-6.8018513,-2.930426,70.0,25.0,90.0,41.58291,-7.1443186,-2.6371336,70.96151,25.379173,89.091446,0.505704
0.9416666666666667,41.353928,-6.8018513,-2.930426,70.0,25.0,90.0,41.58291,-7.1443186,-2.6371307,70.96152,25.379177,89.09145,0.50570565
0.9458333333333333,41.353928,-6.8018513,-2.930426,70.0,25.0,90.0,41.58291,-7.1443195,-2.6371298,70.96151,25.37918,89.09145,0.50570685
0.95,41.353928,-6.8018513,-2.930426,70.0,25.0,90.0,41.58291,-7.1443195,-2.6371336,70.96151,25.379177,89.091446,0.50570464
0.9541666666666667,41.353928,-6.8018513,-2.930426,70.0,25.0,90.0,41.58291,-7.1443214,-2.6371307,70.96151,25.379173,89.091446,0.50570756
0.9583333333333334,41.353928,-6.8018513,-2.930426,70.0,25.0,90.0,41.58291,-7.1443186,-2.6371288,70.96151,25.379177,89.091446,0.5057068
0.9625,41.353928,-6.8018513,-2.930426,70.0,25.0,90.0,41.58291,-7.1443186,-2.6371298,70.96151,25.37917,89.091446,0.5057062
0.9666666666666667,41.353928,-6.8018513,-2.930426,70.0,25.0,90.0,41.58291,-7.1443243,-2.6371317,70.96151,25.379173,89.091446,0.505709
0.9708333333333333,41.353928,-6.8018513,-2.930426,70.0,25.0,90.0,41.58291,-7.1443243,-2.6371298,70.96151,25.379177,89.091446,0.50571007
0.975,41.353928,-6.8018513,-2.930426,70.0,25.0,90.0,41.58291,-7.1443243,-2.6371298,70.96151,25.379177,89.091446,0.50571007
0.9791666666666666,41.353928,-6.8018513,-2.930426,70.0,25.0,90.0,41.58291,-7.1443214,-2.6371298,70.96151,25.379177,89.091446,0.5057081
0.9833333333333333,41.353928,-6.8018513,-2.930426,70.0,25.0,90.0,41.58291,-7.1443195,-2.6371307,70.96151,25.37918,89.091446,0.5057063
0.9875,41.353928,-6.8018513,-2.930426,70.0,25.0,90.0,41.582912,-7.1443224,-2.6371298,70.96152,25.379177,89.09144,0.50571054
0.9916666666666667,41.353928,-6.8018513,-2.930426,70.0,25.0,90.0,41.58291,-7.1443214,-2.6371317,70.96151,25.37918,89.09144,0.505707
0.9958333333333333,41.353928,-6.8018513,-2.930426,70.0,25.0,90.0,41.58291,-7.1443224,-2.6371317,70.96151,25.37918,89.09144,0.5057077
1.0,41.353928,-6.8018513,-2.930426,70.0,25.0,90.0,41.582912,-7.1443243,-2.6371346,70.96151,25.379173,89.09144,0.50570905
1.0041666666666667,41.353928,-6.8018513,-2.930426,70.0,25.0,90.0,41.582912,-7.1443214,-2.6371346,70.96151,25.379173,89.09144,0.50570714
1.0083333333333333,41.353928,-6.8018513,-2.930426,70.0,25.0,90.0,41.582912,-7.1443214,-2.6371355,70.96151,25.379177,89.09144,0.50570655
1.0125,41.353928,-6.8018513,-2.930426,70.0,25.0,90.0,41.58291,-7.1443214,-2.6371317,70.9615,25.37918,89.09144,0.505707
1.0166666666666666,41.353928,-6.8018513,-2.930426,70.0,25.0,90.0,41.58291,-7.1443214,-2.6371336,70.9615,25.37918,89.09144,0.50570595
1.0208333333333333,41.353928,-6.8018513,-2.930426,70.0,25.0,90.0,41.582905,-7.1443214,-2.6371346,70.9615,25.379177,89.09144,0.5057036
1.025,41.353928,-6.8018513,-2.930426,70.0,25.0,90.0,41.58291,-7.1443224,-2.6371317,70.96151,25.379177,89.09144,0.5057077
1.0291666666666666,41.353928,-6.8018513,-2.930426,70.0,25.0,90.0,41.58291,-7.1443224,-2.6371346,70.96151,25.379177,89.091446,0.505706
1.0333333333333334,41.353928,-6.8018513,-2.930426,70.0,25.0,90.0,41.58291,-7.1443224,-2.6371355,70.9615,25.37918,89.091446,0.5057055
1.0375,41.353928,-6.8018513,-2.930426,70.0,25.0,90.0,41.58291,-7.1443224,-2.6371365,70.9615,25.37918,89.091446,0.5057049
1.0416666666666667,41.353928,-6.8018513,-2.930426,70.0,25.0,90.0,41.58291,-7.1443224,-2.6371365,70.9615,25.37918,89.091446,0.5057049
1.0458333333333334,41.353928,-6.8018513,-2.930426,70.0,25.0,90.0,41.58291,-7.1443224,-2.6371365,70.9615,25.37918,89.091446,0.5057049
1.05,41.353928,-6.8018513,-2.930426,70.0,25.0,90.0,41.58291,-7.1443224,-2.6371365,70.9615,25.37918,89.091446,0.5057049
1.0541666666666667,41.353928,-6.8018513,-2.930426,70.0,25.0,90.0,41.58291,-7.1443224,-2.6371365,70.9615,25.37918,89.091446,0.5057049
1.0583333333333333,41.353928,-6.8018513,-2.930426,70.0,25.0,90.0,41.58291,-7.1443224,-2.6371365,70.9615,25.37918,89.091446,0.5057049
1.0625,41.353928,-6.8018513,-2.930426,70.0,25.0,90.0,41.58291,-7.1443224,-2.6371365,70.9615,25.37918,89.091446,0.5057049
1.0666666666666667,41.353928,-6.8018513,-2.930426,70.0,25.0,90.0,41.58291,-7.1443224,-2.6371365,70.9615,25.37918,89.091446,0.5057049
1.0708333333333333,41.353928,-6.8018513,-2.930426,70.0,25.0,90.0,41.58291,-7.1443224,-2.6371365,70.9615,25.37918,89.091446,0.5057049
1.075,41.353928,-6.8018513,-2.930426,70.0,25.0,90.0,41.58291,-7.1443224,-2.6371365,70.9615,25.37918,89.091446,0.5057049
1.0791666666666666,41.353928,-6.8018513,-2.930426,70.0,25.0,90.0,41.58291,-7.1443224,-2.6371365,70.9615,25.37918,89.091446,0.5057049
1.0833333333333333,41.353928,-6.8018513,-2.930426,70.0,25.0,90.0,41.58291,-7.1443224,-2.6371365,70.9615,25.37918,89.091446,0.5057049
1.0875,41.353928,-6.8018513,-2.930426,70.0,25.0,90.0,41.58291,-7.1443224,-2.6371365,70.9615,25.37918,89.091446,0.5057049
1.0916666666666666,41.353928,-6.8018513,-2.930426,70.0,25.0,90.0,41.58291,-7.1443224,-2.6371365,70.9615,25.37918,89.091446,0.5057049
1.0958333333333334,41.353928,-6.8018513,-2.930426,70.0,25.0,90.0,41.58291,-7.1443224,-2.6371365,70.9615,25.37918,89.091446,0.5057049
1.1,41.353928,-6.8018513,-2.930426,70.0,25.0,90.0,41.58291,-7.1443224,-2.6371365,70.9615,25.37918,89.091446,0.5057049
1.1041666666666667,41.353928,-6.8018513,-2.930426,70.0,25.0,90.0,41.58291,-7.1443224,-2.6371365,70.9615,25.37918,89.091446,0.5057049
1.1083333333333334,41.353928,-6.8018513,-2.930426,70.0,25.0,90.0,41.58291,-7.1443224,-2.6371365,70.9615,25.37918,89.091446,0.5057049
1.1125,41.353928,-6.8018513,-2.930426,70.0,25.0,90.0,41.58291,-7.1443224,-2.6371365,70.9615,25.37918,89.091446,0.5057049
1.1166666666666667,41.353928,-6.8018513,-2.930426,70.0,25.0,90.0,41.58291,-7.1443224,-2.6371365,70.9615,25.37918,89.091446,0.5057049
1.1208333333333333,41.353928,-6.8018513,-2.930426,70.0,25.0,90.0,41.58291,-7.1443224,-2.6371365,70.9615,25.37918,89.091446,0.5057049
1.125,41.353928,-6.8018513,-2.930426,70.0,25.0,90.0,41.58291,-7.1443224,-2.6371365,70.9615,25.37918,89.091446,0.5057049
1.1291666666666667,41.353928,-6.8018513,-2.930426,70.0,25.0,90.0,41.58291,-7.1443224,-2.6371365,70.9615,25.37918,89.091446,0.5057049
1.1333333333333333,41.353928,-6.8018513,-2.930426,70.0,25.0,90.0,41.58291,-7.1443224,-2.6371365,70.9615,25.37918,89.091446,0.5057049
1.1375,41.353928,-6.8018513,-2.930426,70.0,25.0,90.0,41.58291,-7.1443224,-2.6371365,70.9615,25.37918,89.091446,0.5057049
1.1416666666666666,41.353928,-6.8018513,-2.930426,70.0,25.0,90.0,41.58291,-7.1443224,-2.6371365,70.9615,25.37918,89.091446,0.5057049
1.1458333333333333,41.353928,-6.8018513,-2.930426,70.0,25.0,90.0,41.58291,-7.1443224,-2.6371365,70.9615,25.37918,89.091446,0.5057049
1.15,41.353928,-6.8018513,-2.930426,70.0,25.0,90.0,41.58291,-7.1443224,-2.6371365,70.9615,25.37918,89.091446,0.5057049
1.1541666666666666,41.353928,-6.8018513,-2.930426,70.0,25.0,90.0,41.58291,-7.1443224,-2.6371365,70.9615,25.37918,89.091446,0.5057049
1.1583333333333334,41.353928,-6.8018513,-2.930426,70.0,25.0,90.0,41.58291,-7.1443224,-2.6371365,70.9615,25.37918,89.091446,0.5057049
1.1625,41.353928,-6.8018513,-2.930426,70.0,25.0,90.0,41.58291,-7.1443224,-2.6371365,70.9615,25.37918,89.091446,0.5057049
1.1666666666666667,41.353928,-6.8018513,-2.930426,70.0,25.0,90.0,41.58291,-7.1443224,-2.6371365,70.9615,25.37918,89.091446,0.5057049
1.1708333333333334,41.353928,-6.8018513,-2.930426,70.0,25.0,90.0,41.58291,-7.1443224,-2.6371365,70.9615,25.37918,89.091446,0.5057049
1.175,41.353928,-6.8018513,-2.930426,70.0,25.0,90.0,41.58291,-7.1443224,-2.6371365,70.9615,25.37918,89.091446,0.5057049
1.1791666666666667,41.353928,-6.8018513,-2.930426,70.0,25.0,90.0,41.58291,-7.1443224,-2.6371365,70.9615,25.37918,89.091446,0.5057049
1.1833333333333333,41.353928,-6.8018513,-2.930426,70.0,25.0,90.0,41.58291,-7.1443224,-2.6371365,70.9615,25.37918,89.091446,0.5057049
1.1875,41.353928,-6.8018513,-2.930426,70.0,25.0,90.0,41.58291,-7.1443224,-2.6371365,70.9615,25.37918,89.091446,0.5057049
1.1916666666666667,41.353928,-6.8018513,-2.930426,70.0,25.0,90.0,41.58291,-7.1443224,-2.6371355,70.9615,25.379177,89.091446,0.5057055
1.1958333333333333,41.353928,-6.8018513,-2.930426,70.0,25.0,90.0,41.58291,-7.1443224,-2.6371355,70.96151,25.379177,89.09144,0.5057055
1.2,41.353928,-6.8018513,-2.930426,70.0,25.0,90.0,41.58291,-7.1443224,-2.6371355,70.9615,25.379177,89.09144,0.5057055
1.2041666666666666,41.353928,-6.8018513,-2.930426,70.0,25.0,90.0,41.58291,-7.1443195,-2.6371336,70.9615,25.37918,89.091446,0.50570464
1.2083333333333333,41.353928,-6.8018513,-2.930426,70.0,25.0,90.0,41.58291,-7.1443186,-2.6371336,70.9615,25.37918,89.091446,0.505704
1.2125,41.353928,-6.8018513,-2.930426,70.0,25.0,90.0,41.582905,-7.1443195,-2.6371365,70.9615,25.379177,89.091446,0.50570124
1.2166666666666666,41.353928,-6.8018513,-2.930426,70.0,25.0,90.0,41.582905,-7.1443186,-2.6371384,70.9615,25.379177,89.091446,0.5056995
1.2208333333333334,41.353928,-6.8018513,-2.930426,70.0,25.0,90.0,41.582905,-7.1443186,-2.6371346,70.96151,25.379173,89.091446,0.5057017
1.225,41.353928,-6.8018513,-2.930426,70.0,25.0,90.0,41.582905,-7.1443157,-2.6371365,70.9615,25.37918,89.09145,0.5056987
1.2291666666666667,41.353928,-6.8018513,-2.930426,70.0,25.0,90.0,41.582905,-7.1443167,-2.6371346,70.9615,25.37918,89.09145,0.5057004
1.2333333333333334,41.353928,-6.8018513,-2.930426,70.0,25.0,90.0,41.5829,-7.1443176,-2.6371355,70.9615,25.379177,89.09145,0.5056988
1.2375,41.353928,-6.8018513,-2.930426,70.0,25.0,90.0,41.582905,-7.1443176,-2.6371355,70.9615,25.379177,89.09145,0.5057005
1.2416666666666667,41.353928,-6.8018513,-2.930426,70.0,25.0,90.0,41.582905,-7.1443157,-2.6371346,70.9615,25.37918,89.09145,0.50569975
1.2458333333333333,41.353928,-6.8018513,-2.930426,70.0,25.0,90.0,41.582905,-7.1443176,-2.6371279,70.9615,25.379185,89.09146,0.50570494
1.25,41.353928,-6.8018513,-2.930426,70.0,25.0,90.0,41.582905,-7.144315,-2.6371355,70.9615,25.379185,89.09145,0.50569856
1.2541666666666667,41.353928,-6.8018513,-2.930426,70.0,25.0,90.0,41.58291,-7.1443176,-2.6371307,70.9615,25.37918,89.09145,0.505705
1.2583333333333333,41.353928,-6.8018513,-2.930426,70.0,25.0,90.0,41.58291,-7.1443167,-2.6371317,70.9615,25.379177,89.09146,0.5057038
1.2625,41.353928,-6.8018513,-2.930426,70.0,25.0,90.0,41.58291,-7.1443157,-2.6371317,70.9615,25.379173,89.09146,0.50570315
1.2666666666666666,41.353928,-6.8018513,-2.930426,70.0,25.0,90.0,41.58291,-7.144311,-2.6371298,70.96151,25.379177,89.09145,0.50570107
1.2708333333333333,41.353928,-6.8018513,-2.930426,70.0,25.0,90.0,41.58291,-7.1443157,-2.6371298,70.9615,25.37918,89.09145,0.5057043
1.275,41.353928,-6.8018513,-2.930426,70.0,25.0,90.0,41.582905,-7.1443176,-2.6371298,70.9615,25.379177,89.09145,0.5057038
1.2791666666666666,41.353928,-6.8018513,-2.930426,70.0,25.0,90.0,41.582905,-7.1443167,-2.6371336,70.96151,25.379177,89.09145,0.505701
1.2833333333333334,41.353928,-6.8018513,-2.930426,70.0,25.0,90.0,41.58291,-7.1443157,-2.6371336,70.96151,25.379173,89.09145,0.5057021
1.2875,41.353928,-6.8018513,-2.930426,70.0,25.0,90.0,41.58291,-7.144314,-2.6371336,70.9615,25.379173,89.091446,0.50570077
1.2916666666666667,41.353928,-6.8018513,-2.930426,70.0,25.0,90.0,41.582905,-7.1443167,-2.6371307,70.96151,25.379173,89.09145,0.5057026
1.2958333333333334,41.353928,-6.8018513,-2.930426,70.0,25.0,90.0,41.58291,-7.1443186,-2.6371298,70.96151,25.379173,89.09145,0.5057062
1.3,41.353928,-6.8018513,-2.930426,70.0,25.0,90.0,41.58291,-7.1443186,-2.6371288,70.96151,25.379173,89.09145,0.5057068
1.3041666666666667,41.353928,-6.8018513,-2.930426,70.0,25.0,90.0,41.58291,-7.1443205,-2.6371298,70.96151,25.379173,89.09145,0.50570744
1.3083333333333333,41.353928,-6.8018513,-2.930426,70.0,25.0,90.0,41.58291,-7.1443195,-2.6371298,70.96151,25.37917,89.091446,0.50570685
1.3125,41.353928,-6.8018513,-2.930426,70.0,25.0,90.0,41.58291,-7.1443195,-2.6371307,70.96151,25.379173,89.09145,0.5057063
1.3166666666666667,41.353928,-6.8018513,-2.930426,70.0,25.0,90.0,41.58291,-7.1443176,-2.6371298,70.96151,25.379173,89.09145,0.50570554
1.3208333333333333,41.353928,-6.8018513,-2.930426,70.0,25.0,90.0,41.58291,-7.1443195,-2.6371298,70.96151,25.379173,89.09145,0.50570685
1.325,41.353928,-6.8018513,-2.930426,70.0,25.0,90.0,41.58291,-7.1443167,-2.6371307,70.96151,25.37917,89.09145,0.50570434
1.3291666666666666,41.353928,-6.8018513,-2.930426,70.0,25.0,90.0,41.582905,-7.1443224,-2.6371307,70.96151,25.379173,89.09145,0.5057065
1.3333333333333333,41.353928,-6.8018513,-2.930426,70.0,25.0,90.0,41.58291,-7.1443195,-2.6371307,70.96151,25.379177,89.09145,0.5057063
1.3375,41.353928,-6.8018513,-2.930426,70.0,25.0,90.0,41.58291,-7.1443176,-2.6371336,70.96151,25.379177,89.09145,0.50570333
1.3416666666666666,41.353928,-6.8018513,-2.930426,70.0,25.0,90.0,41.58291,-7.1443214,-2.6371298,70.96151,25.379173,89.09145,0.5057081
1.3458333333333334,41.353928,-6.8018513,-2.930426,70.0,25.0,90.0,41.58291,-7.1443186,-2.6371288,70.96151,25.379177,89.091446,0.5057068
1.35,41.353928,-6.8018513,-2.930426,70.0,25.0,90.0,41.58291,-7.1443195,-2.6371298,70.9615,25.379177,89.091446,0.50570685
1.3541666666666667,41.353928,-6.8018513,-2.930426,70.0,25.0,90.0,41.582905,-7.1443195,-2.6371336,70.96151,25.379177,89.091446,0.5057029
1.3583333333333334,41.353928,-6.8018513,-2.930426,70.0,25.0,90.0,41.582905,-7.1443205,-2.6371298,70.96151,25.379177,89.091446,0.5057058
1.3625,41.353928,-6.8018513,-2.930426,70.0,25.0,90.0,41.58291,-7.1443214,-2.6371317,70.96151,25.37918,89.091446,0.505707
1.3666666666666667,41.353928,-6.8018513,-2.930426,70.0,25.0,90.0,41.58291,-7.1443243,-2.6371336,70.96151,25.379173,89.091446,0.50570786
1.3708333333333333,41.353928,-6.8018513,-2.930426,70.0,25.0,90.0,41.58291,-7.1443224,-2.6371317,70.96151,25.379177,89.091446,0.5057077
1.375,41.353928,-6.8018513,-2.930426,70.0,25.0,90.0,41.58291,-7.1443214,-2.6371298,70.96151,25.379177,89.091446,0.5057081
1.3791666666666667,41.353928,-6.8018513,-2.930426,70.0,25.0,90.0,41.58291,-7.1443195,-2.6371317,70.96151,25.379177,89.091446,0.5057057
1.3833333333333333,41.353928,-6.8018513,-2.930426,70.0,25.0,90.0,41.58291,-7.1443195,-2.6371317,70.96151,25.379177,89.09144,0.5057057
1.3875,41.353928,-6.8018513,-2.930426,70.0,25.0,90.0,41.58291,-7.1443214,-2.6371288,70.96151,25.379177,89.09144,0.5057087
1.3916666666666666,41.353928,-6.8018513,-2.930426,70.0,25.0,90.0,41.58291,-7.1443195,-2.6371346,70.96151,25.37918,89.09144,0.5057041
1.3958333333333333,41.353928,-6.8018513,-2.930426,70.0,25.0,90.0,41.58291,-7.1443195,-2.6371317,70.96151,25.37917,89.091446,0.5057057
1.4,41.353928,-6.8018513,-2.930426,70.0,25.0,90.0,41.58291,-7.1443195,-2.6371298,70.96151,25.379173,89.09144,0.50570685
1.4041666666666666,41.353928,-6.8018513,-2.930426,70.0,25.0,90.0,41.58291,-7.1443186,-2.6371279,70.96151,25.379177,89.091446,0.5057073
1.4083333333333334,41.353928,-6.8018513,-2.930426,70.0,25.0,90.0,41.582912,-7.1443214,-2.6371307,70.96151,25.37918,89.091446,0.50570935
1.4125,41.353928,-6.8018513,-2.930426,70.0,25.0,90.0,41.58291,-7.1443214,-2.6371317,70.96151,25.37918,89.09144,0.505707
1.4166666666666667,41.353928,-6.8018513,-2.930426,70.0,25.0,90.0,41.58291,-7.1443195,-2.6371336,70.96151,25.379173,89.09144,0.50570464
1.4208333333333334,41.353928,-6.8018513,-2.930426,70.0,25.0,90.0,41.582912,-7.1443195,-2.6371336,70.96151,25.379177,89.09144,0.50570637
1.425,41.353928,-6.8018513,-2.930426,70.0,25.0,90.0,41.58291,-7.1443195,-2.6371317,70.96151,25.379177,89.09144,0.5057057
1.4291666666666667,41.353928,-6.8018513,-2.930426,70.0,25.0,90.0,41.58291,-7.1443195,-2.6371336,70.96151,25.379177,89.09144,0.50570464
1.4333333333333333,41.353928,-6.8018513,-2.930426,70.0,25.0,90.0,41.58291,-7.1443186,-2.6371317,70.9615,25.379177,89.09144,0.5057051
1.4375,41.353928,-6.8018513,-2.930426,70.0,25.0,90.0,41.58291,-7.1443186,-2.6371317,70.9615,25.379177,89.09144,0.5057051
1.4416666666666667,41.353928,-6.8018513,-2.930426,70.0,25.0,90.0,41.58291,-7.1443186,-2.6371317,70.9615,25.379177,89.09144,0.5057051
1.4458333333333333,41.353928,-6.8018513,-2.930426,70.0,25.0,90.0,41.58291,-7.1443186,-2.6371317,70.9615,25.379177,89.09144,0.5057051
1.45,41.353928,-6.8018513,-2.930426,70.0,25.0,90.0,41.58291,-7.1443186,-2.6371317,70.9615,25.379177,89.09144,0.5057051
1.4541666666666666,41.353928,-6.8018513,-2.930426,70.0,25.0,90.0,41.58291,-7.1443186,-2.6371317,70.9615,25.379177,89.09144,0.5057051
1.4583333333333333,41.353928,-6.8018513,-2.930426,70.0,25.0,90.0,41.58291,-7.1443186,-2.6371317,70.9615,25.379177,89.09144,0.5057051
1.4625,41.353928,-6.8018513,-2.930426,70.0,25.0,90.0,41.58291,-7.1443186,-2.6371317,70.9615,25.379177,89.09144,0.5057051
1.4666666666666666,41.353928,-6.8018513,-2.930426,70.0,25.0,90.0,41.58291,-7.1443186,-2.6371317,70.9615,25.379177,89.09144,0.5057051
1.4708333333333334,41.353928,-6.8018513,-2.930426,70.0,25.0,90.0,41.58291,-7.1443186,-2.6371317,70.9615,25.379177,89.09144,0.5057051
1.475,41.353928,-6.8018513,-2.930426,70.0,25.0,90.0,41.58291,-7.1443186,-2.6371317,70.9615,25.379177,89.09144,0.5057051
1.4791666666666667,41.353928,-6.8018513,-2.930426,70.0,25.0,90.0,41.58291,-7.1443186,-2.6371317,70.9615,25.379177,89.09144,0.5057051
1.4833333333333334,41.353928,-6.8018513,-2.930426,70.0,25.0,90.0,41.58291,-7.1443186,-2.6371317,70.9615,25.379177,89.09144,0.5057051
1.4875,41.353928,-6.8018513,-2.930426,70.0,25.0,90.0,41.58291,-7.1443186,-2.6371317,70.9615,25.379177,89.09144,0.5057051
1.4916666666666667,41.353928,-6.8018513,-2.930426,70.0,25.0,90.0,41.58291,-7.1443186,-2.6371317,70.9615,25.379177,89.09144,0.5057051
1.4958333333333333,41.353928,-6.8018513,-2.930426,70.0,25.0,90.0,41.58291,-7.1443186,-2.6371317,70.9615,25.379177,89.09144,0.5057051
1.5,41.353928,-6.8018513,-2.930426,70.0,25.0,90.0,41.58291,-7.1443186,-2.6371317,70.9615,25.379177,89.09144,0.5057051
1.5041666666666667,41.353928,-6.8018513,-2.930426,70.0,25.0,90.0,41.58291,-7.1443186,-2.6371317,70.9615,25.379177,89.09144,0.5057051
1.5083333333333333,41.353928,-6.8018513,-2.930426,70.0,25.0,90.0,41.58291,-7.1443186,-2.6371317,70.9615,25.379177,89.09144,0.5057051
1.5125,41.353928,-6.8018513,-2.930426,70.0,25.0,90.0,41.58291,-7.1443186,-2.6371317,70.9615,25.379177,89.09144,0.5057051
1.5166666666666666,41.353928,-6.8018513,-2.930426,70.0,25.0,90.0,41.58291,-7.1443186,-2.6371317,70.9615,25.379177,89.09144,0.5057051
1.5208333333333333,41.353928,-6.8018513,-2.930426,70.0,25.0,90.0,41.58291,-7.1443186,-2.6371317,70.9615,25.379177,89.09144,0.5057051
1.525,41.353928,-6.8018513,-2.930426,70.0,25.0,90.0,41.58291,-7.1443186,-2.6371317,70.9615,25.379177,89.09144,0.5057051
1.5291666666666666,41.353928,-6.8018513,-2.930426,70.0,25.0,90.0,41.58291,-7.1443186,-2.6371317,70.9615,25.379177,89.09144,0.5057051
1.5333333333333334,41.353928,-6.8018513,-2.930426,70.0,25.0,90.0,41.58291,-7.1443176,-2.6371336,70.9615,25.379177,89.09144,0.50570333
1.5375,41.353928,-6.8018513,-2.930426,70.0,25.0,90.0,41.582905,-7.1443253,-2.6371336,70.96152,25.379173,89.091446,0.5057068
1.5416666666666667,41.353928,-6.8018513,-2.930426,70.0,25.0,90.0,41.582905,-7.1443176,-2.637125,70.96154,25.379177,89.09147,0.5057066
1.5458333333333334,41.353928,-6.8018513,-2.930426,70.0,25.0,90.0,41.58291,-7.1443167,-2.637085,70.96159,25.37922,89.091484,0.50573087
1.55,41.353928,-6.8018513,-2.930426,70.0,25.0,90.0,41.582893,-7.1443005,-2.6370401,70.96181,25.379372,89.091446,0.50573903
1.5541666666666667,41.353928,-6.8018513,-2.930426,70.0,25.0,90.0,41.58288,-7.144266,-2.6369553,70.962204,25.379684,89.09131,0.5057581
1.5583333333333333,41.353928,-6.8018513,-2.930426,70.0,25.0,90.0,41.58281,-7.144208,-2.6367865,70.96296,25.380272,89.09108,0.50578564
1.5625,41.353928,-6.8018513,-2.930426,70.0,25.0,90.0,41.582695,-7.1440706,-2.6364527,70.96417,25.381138,89.09073,0.5058348
1.5666666666666667,41.353928,-6.8018513,-2.930426,70.0,25.0,90.0,41.582508,-7.143799,-2.6359406,70.965996,25.382378,89.0902,0.5058644
1.5708333333333333,41.353928,-6.8018513,-2.930426,70.0,25.0,90.0,41.58224,-7.143326,-2.6352549,70.96849,25.384071,89.089386,0.5058239
1.575,41.353928,-6.8018513,-2.930426,70.0,25.0,90.0,41.58195,-7.1425877,-2.6344242,70.97178,25.386253,89.08807,0.50568074
1.5791666666666666,41.353928,-6.8018513,-2.930426,70.0,25.0,90.0,41.58168,-7.1415615,-2.6334162,70.97606,25.388847,89.086075,0.50545925
1.5833333333333333,41.353928,-6.8018513,-2.930426,70.0,25.0,90.0,41.581432,-7.1402016,-2.6321716,70.98138,25.39175,89.08323,0.5051682
1.5875,41.353928,-6.8018513,-2.930426,70.0,25.0,90.0,41.581146,-7.1384735,-2.630601,70.98785,25.39479,89.0797,0.5048147
1.5916666666666666,41.353928,-6.8018513,-2.930426,70.0,25.0,90.0,41.58045,-7.1363964,-2.628726,70.99539,25.39803,89.075294,0.5042369
1.5958333333333334,41.353928,-6.8018513,-2.930426,70.0,25.0,90.0,41.57953,-7.1339397,-2.626648,71.00355,25.401672,89.069756,0.50344783
1.6,41.353928,-6.8018513,-2.930426,70.0,25.0,90.0,41.578476,-7.131136,-2.624671,71.01157,25.40564,89.06372,0.50233096
1.6041666666666667,41.353928,-6.8018513,-2.930426,70.0,25.0,90.0,41.576942,-7.127886,-2.6229115,71.01945,25.409668,89.05827,0.5005989
1.6083333333333334,41.353928,-6.8018513,-2.930426,70.0,25.0,90.0,41.574722,-7.1240206,-2.6206636,71.02714,25.414509,89.05536,0.49849373
1.6125,41.353928,-6.8018513,-2.930426,70.0,25.0,90.0,41.571514,-7.1194725,-2.6186562,71.03457,25.421848,89.054924,0.4954064
1.6166666666666667,41.353928,-6.8018513,-2.930426,70.0,25.0,90.0,41.56759,-7.114538,-2.6179018,71.0415,25.430904,89.05629,0.49101478
1.6208333333333333,41.353928,-6.8018513,-2.930426,70.0,25.0,90.0,41.562996,-7.1095057,-2.61899,71.0467,25.441284,89.05902,0.48513207
1.625,41.353928,-6.8018513,-2.930426,70.0,25.0,90.0,41.55874,-7.104886,-2.6202745,71.051346,25.452972,89.06496,0.47955346
1.6291666666666667,41.353928,-6.8018513,-2.930426,70.0,25.0,90.0,41.55392,-7.099951,-2.6211262,71.0562,25.463776,89.07519,0.47384268
1.6333333333333333,41.353928,-6.8018513,-2.930426,70.0,25.0,90.0,41.54722,-7.093261,-2.6189585,71.06023,25.46986,89.091095,0.46828702
1.6375,41.353928,-6.8018513,-2.930426,70.0,25.0,90.0,41.538246,-7.0854397,-2.6145754,71.063576,25.471878,89.11328,0.46277127
1.6416666666666666,41.353928,-6.8018513,-2.930426,70.0,25.0,90.0,41.52778,-7.076007,-2.6132793,71.06741,25.46867,89.14731,0.45383632
1.6458333333333333,41.353928,-6.8018513,-2.930426,70.0,25.0,90.0,41.521217,-7.067664,-2.6139364,71.06679,25.457405,89.186584,0.44587883
1.65,41.353928,-6.8018513,-2.930426,70.0,25.0,90.0,41.513657,-7.0602636,-2.618144,71.06317,25.446941,89.234924,0.43567216
1.6541666666666666,41.353905,-6.8018503,-2.930426,70.00001,25.0,90.00007,41.505535,-7.051777,-2.6253223,71.05702,25.43195,89.29402,0.42254376
1.6583333333333334,41.353745,-6.8018513,-2.930425,70.00007,25.0,90.00051,41.497944,-7.0411873,-2.639017,71.039276,25.415642,89.36285,0.4037248
1.6625,41.353313,-6.8018513,-2.9304278,70.00022,25.0,90.0017,41.493423,-7.030303,-2.6593618,71.0074,25.392067,89.43863,0.38117942
1.6666666666666667,41.352486,-6.8018517,-2.930426,70.00053,25.0,90.00398,41.486797,-7.0185537,-2.690257,70.96716,25.376133,89.52249,0.35025766
1.6708333333333334,41.351147,-6.801851,-2.9304252,70.001015,25.0,90.00768,41.47873,-7.004922,-2.7254896,70.9226,25.359386,89.61394,0.31545803
1.675,41.349182,-6.801852,-2.930426,70.00173,25.0,90.01311,41.468887,-6.9922915,-2.762374,70.877426,25.34515,89.70608,0.28078085
1.6791666666666667,41.34649,-6.80185,-2.9304237,70.002716,25.0,90.020546,41.456013,-6.9805794,-2.8000383,70.82969,25.328827,89.80109,0.2468604
1.6833333333333333,41.342968,-6.8018503,-2.9304264,70.004,25.0,90.030266,41.443985,-6.968234,-2.8401852,70.780136,25.315746,89.90401,0.21454942
1.6875,41.338528,-6.80185,-2.9304247,70.00562,25.0,90.04253,41.43324,-6.9588995,-2.8840742,70.734276,25.309093,90.00828,0.18916446
1.6916666666666667,41.333084,-6.8018513,-2.9304252,70.007614,25.0,90.05755,41.42818,-6.9492207,-2.9338007,70.70041,25.311844,90.094894,0.1754209
1.6958333333333333,41.326553,-6.8018494,-2.9304261,70.01,25.0,90.07558,41.42727,-6.9411316,-2.9888458,70.672264,25.330666,90.15992,0.18153799
1.7,41.318867,-6.8018513,-2.9304242,70.012825,25.0,90.09679,41.423847,-6.938094,-3.0420494,70.656265,25.355114,90.22795,0.20504439
1.7041666666666666,41.30995,-6.801851,-2.9304242,70.0161,25.0,90.12138,41.421837,-6.9419136,-3.09754,70.653076,25.38779,90.27583,0.24507858
1.7083333333333333,41.299747,-6.8018503,-2.930423,70.01985,25.0,90.14953,41.431664,-6.9371147,-3.161604,70.63691,25.434624,90.27988,0.2985681
1.7125,41.2882,-6.801852,-2.9304276,70.0241,25.0,90.181366,41.438503,-6.918621,-3.236309,70.61778,25.479912,90.25562,0.360263
1.7166666666666666,41.275257,-6.8018513,-2.9304242,70.028885,25.0,90.21705,41.45206,-6.8948193,-3.3163104,70.58718,25.532352,90.22254,0.43452355
1.7208333333333334,41.26087,-6.8018517,-2.930424,70.03421,25.0,90.25669,41.461937,-6.883197,-3.3945236,70.579414,25.568417,90.217705,0.51228184
1.725,41.245007,-6.8018503,-2.9304266,70.04009,25.0,90.3004,41.464283,-6.8676233,-3.4842825,70.574554,25.619354,90.21323,0.5993034
1.7291666666666667,41.227623,-6.801852,-2.930428,70.04656,25.0,90.34827,41.46747,-6.8450737,-3.569972,70.573524,25.696453,90.20155,0.68440515
1.7333333333333334,41.20869,-6.801851,-2.9304252,70.053635,25.0,90.40038,41.475426,-6.815379,-3.6358347,70.593475,25.774403,90.17791,0.75427663
1.7375,41.188187,-6.8018503,-2.9304242,70.06132,25.0,90.456795,41.490337,-6.781452,-3.6915665,70.63232,25.848469,90.15698,0.8191756
1.7416666666666667,41.16609,-6.8018503,-2.9304247,70.069626,25.0,90.51756,41.503662,-6.753852,-3.742797,70.68849,25.914886,90.14075,0.88102704
1.7458333333333333,41.14238,-6.801851,-2.9304252,70.078575,25.0,90.58272,41.513454,-6.7201967,-3.7862902,70.75736,25.979263,90.13979,0.9364127
1.75,41.117054,-6.8018537,-2.9304283,70.08817,25.0,90.652275,41.49009,-6.7005005,-3.8372526,70.83781,26.094868,90.163246,0.98577803
1.7541666666666667,41.0901,-6.8018517,-2.9304278,70.098434,25.0,90.72627,41.453773,-6.6754255,-3.8814306,70.91964,26.221462,90.20072,1.0259868
1.7583333333333333,41.061512,-6.8018513,-2.930424,70.109375,25.0,90.804695,41.413345,-6.641469,-3.9124265,71.007675,26.341564,90.2628,1.0553852
1.7625,41.031296,-6.8018513,-2.9304254,70.12099,25.0,90.88753,41.361153,-6.59844,-3.9157743,71.10879,26.451244,90.360535,1.0588173
1.7666666666666666,40.99946,-6.801851,-2.9304264,70.133286,25.0,90.97474,41.2886,-6.5570574,-3.9103665,71.20529,26.534794,90.48066,1.0506237
1.7708333333333333,40.966007,-6.8018517,-2.930427,70.14628,25.0,91.0663,41.212055,-6.5167656,-3.9112115,71.304184,26.617382,90.61056,1.0505959
1.775,40.930954,-6.8018517,-2.9304254,70.15997,25.0,91.16217,41.133373,-6.473304,-3.902452,71.40387,26.683723,90.74511,1.0458264
1.7791666666666666,40.894318,-6.801852,-2.930428,70.17436,25.0,91.26228,41.051895,-6.431196,-3.885384,71.48988,26.73442,90.886185,1.0364157
1.7833333333333334,40.856117,-6.8018517,-2.930427,70.18946,25.0,91.366585,40.95511,-6.3810177,-3.876264,71.5664,26.77914,91.034325,1.0399559
1.7875,40.816376,-6.801852,-2.9304247,70.20527,25.0,91.47499,40.850655,-6.329481,-3.878286,71.620636,26.81815,91.18239,1.0595992
1.7916666666666667,40.775124,-6.8018537,-2.930425,70.22178,25.0,91.58741,40.744232,-6.27604,-3.884347,71.65765,26.85706,91.33282,1.0896795
1.7958333333333334,40.732388,-6.8018517,-2.9304256,70.23899,25.0,91.703766,40.64535,-6.2237844,-3.8867698,71.68383,26.895672,91.46802,1.1208618
1.8,40.6882,-6.8018517,-2.9304242,70.25691,25.0,91.823944,40.553604,-6.1854067,-3.8807821,71.707146,26.937046,91.59798,1.1407459
1.8041666666666667,40.64261,-6.801852,-2.9304247,70.27553,25.0,91.94782,40.46206,-6.1608744,-3.8784947,71.72601,26.960114,91.721306,1.1585714
1.8083333333333333,40.59564,-6.8018503,-2.9304256,70.29484,25.0,92.07531,40.373917,-6.1397333,-3.8738518,71.74601,26.974178,91.84753,1.1737173
1.8125,40.547344,-6.8018546,-2.930426,70.31484,25.0,92.206245,40.28531,-6.1215,-3.866983,71.77655,26.979458,91.98396,1.18688
1.8166666666666667,40.497753,-6.8018503,-2.930424,70.335526,25.0,92.340546,40.19641,-6.101612,-3.8530092,71.81628,26.970032,92.13179,1.1967891
1.8208333333333333,40.446934,-6.801855,-2.930427,70.35688,25.0,92.47801,40.109943,-6.080002,-3.8385582,71.847046,26.948154,92.286606,1.2080301
1.825,40.394913,-6.801851,-2.9304256,70.3789,25.0,92.61857,40.025276,-6.061139,-3.8264747,71.87063,26.916088,92.451485,1.2199134
1.8291666666666666,40.341763,-6.801851,-2.9304273,70.401566,25.0,92.76201,39.88382,-6.045388,-3.8571463,71.95264,27.157547,92.61534,1.2809198
1.8333333333333333,40.28752,-6.8018513,-2.930425,70.42488,25.0,92.90821,39.741066,-6.0442095,-3.8835125,72.05216,27.415241,92.76915,1.334545
1.8375,40.232258,-6.8018527,-2.9304252,70.448814,25.0,93.056984,39.61508,-6.0470953,-3.90451,72.13418,27.59924,92.926025,1.3781896
1.8416666666666666,40.176018,-6.8018513,-2.9304242,70.47336,25.0,93.208206,39.506966,-6.0547895,-3.9202356,72.19795,27.717289,93.081985,1.409063
1.8458333333333334,40.11887,-6.8018503,-2.9304247,70.49849,25.0,93.36167,39.41484,-6.0685835,-3.932509,72.247475,27.781769,93.233864,1.4274137
1.85,40.06087,-6.8018517,-2.9304268,70.52419,25.0,93.51722,39.3363,-6.085946,-3.9451313,72.28215,27.804447,93.37647,1.4377586
1.8541666666666667,40.002083,-6.8018513,-2.9304254,70.55045,25.0,93.67468,39.255356,-6.103133,-3.9585438,72.30266,27.807995,93.51758,1.4501157
1.8583333333333334,39.94257,-6.801851,-2.9304276,70.57724,25.0,93.833885,39.17854,-6.120016,-3.9697018,72.319,27.794613,93.65744,1.4590175
1.8625,39.8824,-6.8018527,-2.9304276,70.60454,25.0,93.99462,39.105793,-6.1378727,-3.982139,72.334885,27.771645,93.79503,1.4663172
1.8666666666666667,39.821636,-6.8018513,-2.9304242,70.632324,25.0,94.156746,39.03602,-6.154793,-3.995305,72.352974,27.754704,93.930725,1.4730415
1.8708333333333333,39.760345,-6.8018503,-2.930425,70.66056,25.0,94.32005,38.96875,-6.169873,-4.008121,72.373856,27.744148,94.066025,1.479002
1.875,39.698597,-6.8018517,-2.9304256,70.68923,25.0,94.48436,38.9056,-6.184806,-4.018832,72.39648,27.735336,94.20162,1.4812887
1.8791666666666667,39.636463,-6.801851,-2.9304266,70.7183,25.0,94.649475,38.847023,-6.197773,-4.025951,72.41507,27.719952,94.33973,1.4792901
1.8833333333333333,39.57401,-6.8018503,-2.9304266,70.74774,25.0,94.815216,38.791748,-6.2088423,-4.028858,72.431755,27.698654,94.480705,1.4731404
1.8875,39.511307,-6.8018517,-2.9304273,70.77753,25.0,94.98139,38.7397,-6.2204275,-4.0311074,72.44954,27.672009,94.62217,1.464557
1.8916666666666666,39.448425,-6.801853,-2.930425,70.807625,25.0,95.14782,38.693237,-6.2332077,-4.0299954,72.466125,27.638226,94.75908,1.4500766
1.8958333333333333,39.38544,-6.8018517,-2.9304247,70.83799,25.0,95.3143,38.652138,-6.246293,-4.0256243,72.481544,27.596607,94.89457,1.430329
1.9,39.32242,-6.80185,-2.930427,70.86859,25.0,95.48067,38.617954,-6.260144,-4.0179815,72.49568,27.541306,95.02989,1.4044533
1.9041666666666666,39.25943,-6.8018503,-2.930426,70.89941,25.0,95.64671,38.587597,-6.2736444,-4.0075336,72.51218,27.485287,95.16689,1.3749626
1.9083333333333334,39.196552,-6.80185,-2.9304233,70.93039,25.0,95.812256,38.562447,-6.288789,-3.9935975,72.53199,27.427921,95.30554,1.3400228
1.9125,39.13385,-6.8018494,-2.9304256,70.961494,25.0,95.97712,38.54235,-6.3035116,-3.9765854,72.5537,27.368382,95.43957,1.3010235
1.9166666666666667,39.071396,-6.8018513,-2.9304256,70.9927,25.0,96.14111,38.527416,-6.3233414,-3.9544897,72.57992,27.289986,95.57794,1.2544293
1.9208333333333334,39.00926,-6.801851,-2.9304242,71.02396,25.0,96.30407,38.51883,-6.3471775,-3.932211,72.60646,27.194908,95.72281,1.204502
1.925,38.947514,-6.80185,-2.9304247,71.05522,25.0,96.46579,38.519485,-6.371498,-3.904365,72.6297,27.081451,95.86228,1.1475934
1.9291666666666667,38.886223,-6.801852,-2.9304252,71.086464,25.0,96.626114,38.529312,-6.3957634,-3.8711934,72.64097,26.936398,96.002884,1.0850521
1.9333333333333333,38.82546,-6.8018517,-2.9304247,71.11764,25.0,96.78487,38.54999,-6.418236,-3.8284297,72.63864,26.750671,96.14747,1.0146213
1.9375,38.765285,-6.801852,-2.9304278,71.1487,25.0,96.94188,38.581985,-6.4430046,-3.7813826,72.62481,26.522903,96.2846,0.9415384
1.9416666666666667,38.705776,-6.801851,-2.930426,71.17961,25.0,97.09698,38.62043,-6.470381,-3.7320695,72.60922,26.293797,96.41818,0.8716587
1.9458333333333333,38.646988,-6.801854,-2.9304283,71.210335,25.0,97.25001,38.62104,-6.493616,-3.7159715,72.63316,26.280628,96.54471,0.8442524
1.95,38.588985,-6.801852,-2.9304245,71.24083,25.0,97.40082,38.62458,-6.5259037,-3.707406,72.663216,26.268875,96.66737,0.8252969
1.9541666666666666,38.531837,-6.8018517,-2.9304261,71.27104,25.0,97.54924,38.628036,-6.562742,-3.6995025,72.704285,26.268353,96.792175,0.8111141
1.9583333333333333,38.4756,-6.801851,-2.9304254,71.30094,25.0,97.69512,38.6399,-6.5943613,-3.693314,72.73978,26.267788,96.90598,0.80749315
1.9625,38.420334,-6.8018513,-2.9304237,71.33049,25.0,97.83833,38.657192,-6.623151,-3.6956854,72.76886,26.272812,97.01014,0.8207686
1.9666666666666666,38.366096,-6.801851,-2.9304266,71.359634,25.0,97.97873,38.674057,-6.6426926,-3.7009392,72.785515,26.284885,97.119064,0.84490275
1.9708333333333334,38.312943,-6.8018513,-2.930425,71.38835,25.0,98.116165,38.690292,-6.6541595,-3.7108803,72.790405,26.300957,97.226234,0.87938404
1.975,38.26093,-6.8018513,-2.9304261,71.41659,25.0,98.25052,38.705917,-6.6615334,-3.7170296,72.79104,26.304901,97.31517,0.91457564
1.9791666666666667,38.210102,-6.8018517,-2.9304285,71.44431,25.0,98.381676,38.712757,-6.663533,-3.722404,72.78204,26.305027,97.39639,0.94816625
1.9833333333333334,38.16052,-6.801851,-2.930424,71.4715,25.0,98.5095,38.706177,-6.659725,-3.7256708,72.763794,26.299458,97.48173,0.9748641
1.9875,38.112217,-6.8018513,-2.9304276,71.498085,25.0,98.633896,38.698013,-6.657007,-3.7317152,72.737076,26.287025,97.55883,1.0030948
1.9916666666666667,38.06525,-6.8018513,-2.930424,71.52406,25.0,98.754745,38.68484,-6.6551695,-3.7446766,72.69628,26.27642,97.62839,1.0336419
1.9958333333333333,38.019653,-6.8018513,-2.9304276,71.54938,25.0,98.87196,38.657814,-6.6531334,-3.7655334,72.643295,26.267948,97.70204,1.0614933
2.0,37.97547,-6.8018517,-2.9304268,71.57401,25.0,98.98544,38.62407,-6.651618,-3.7850628,72.58693,26.25056,97.77289,1.0833521
2.004166666666667,37.932735,-6.8018517,-2.9304245,71.59794,25.0,99.09512,38.58536,-6.6511555,-3.802772,72.524704,26.22284,97.83694,1.0998275
2.0083333333333333,37.891483,-6.8018517,-2.9304276,71.62111,25.0,99.200905,38.54031,-6.656495,-3.821756,72.45545,26.202,97.89477,1.112012
2.0125,37.85174,-6.8018517,-2.9304273,71.64352,25.0,99.302734,38.501904,-6.6578484,-3.8400412,72.38424,26.171509,97.94999,1.1273174
2.0166666666666666,37.81354,-6.801853,-2.930427,71.66513,25.0,99.40054,38.464302,-6.6600666,-3.8397079,72.32648,26.129719,97.99977,1.1271132
2.0208333333333335,37.776905,-6.8018503,-2.930424,71.68593,25.0,99.494286,38.429363,-6.6553535,-3.8242393,72.27485,26.078804,98.04954,1.1162745
2.025,37.74185,-6.8018527,-2.930425,71.70589,25.0,99.58391,38.39147,-6.645859,-3.8020449,72.22755,26.02105,98.10968,1.0982083
2.029166666666667,37.708397,-6.8018517,-2.9304283,71.72498,25.0,99.669395,38.36166,-6.6356316,-3.761374,72.19721,25.956928,98.17111,1.0699779
2.033333333333333,37.67656,-6.8018513,-2.9304254,71.74322,25.0,99.750694,38.331482,-6.630248,-3.7118983,72.17439,25.877483,98.23222,1.0339589
2.0375,37.646347,-6.801851,-2.930428,71.76056,25.0,99.827805,38.29761,-6.6314983,-3.6602697,72.153656,25.805561,98.316055,0.9928917
2.0416666666666665,37.61776,-6.8018517,-2.9304264,71.777016,25.0,99.90072,38.252853,-6.6470633,-3.6096387,72.13843,25.745152,98.427475,0.94267327
2.0458333333333334,37.590805,-6.8018517,-2.930427,71.792564,25.0,99.96944,38.202667,-6.669325,-3.546403,72.14778,25.694664,98.56703,0.87827384
2.05,37.565475,-6.8018517,-2.9304252,71.80721,25.0,100.03398,38.147713,-6.693021,-3.4820595,72.17123,25.650574,98.72387,0.80941015
2.0541666666666667,37.54177,-6.8018527,-2.9304254,71.820946,25.0,100.09435,38.08656,-6.7229967,-3.4391122,72.21233,25.622276,98.86878,0.7495164
2.058333333333333,37.519672,-6.8018517,-2.9304254,71.83377,25.0,100.15061,38.019234,-6.7611713,-3.4087024,72.2649,25.607983,98.99523,0.6927953
2.0625,37.49917,-6.801851,-2.9304237,71.845695,25.0,100.2028,37.947742,-6.798005,-3.3833866,72.324486,25.598854,99.10952,0.637502
2.066666666666667,37.480236,-6.8018527,-2.930426,71.85672,25.0,100.25095,37.874344,-6.829913,-3.3526297,72.390076,25.59171,99.2223,0.57824254
2.0708333333333333,37.462852,-6.8018513,-2.9304247,71.86686,25.0,100.295166,37.799355,-6.8596125,-3.3142095,72.45492,25.571838,99.33459,0.5136738
2.075,37.446983,-6.8018537,-2.9304252,71.87613,25.0,100.3355,37.73109,-6.8834305,-3.2731829,72.51871,25.557388,99.43659,0.4526086
2.0791666666666666,37.432602,-6.801851,-2.930425,71.88454,25.0,100.37206,37.672386,-6.898405,-3.2328796,72.573654,25.548958,99.53765,0.39786687
2.0833333333333335,37.419655,-6.8018513,-2.9304266,71.89211,25.0,100.40495,37.6206,-6.9026012,-3.192512,72.61546,25.542915,99.6567,0.34528098
2.0875,37.408108,-6.8018513,-2.9304261,71.89888,25.0,100.43429,37.577183,-6.9080276,-3.157587,72.641556,25.533298,99.77915,0.30242664
2.091666666666667,37.397907,-6.801851,-2.9304268,71.90486,25.0,100.4602,37.545227,-6.9114637,-3.129982,72.655045,25.53186,99.882904,0.2711833
2.095833333333333,37.388992,-6.8018517,-2.930427,71.910095,25.0,100.482834,37.516884,-6.913766,-3.1123762,72.66153,25.532345,99.96764,0.24897091
2.1,37.3813,-6.801852,-2.9304273,71.91461,25.0,100.50236,37.487915,-6.908843,-3.1070023,72.655975,25.533512,100.04781,0.23236203
2.1041666666666665,37.374775,-6.801852,-2.9304264,71.91845,25.0,100.51893,37.46865,-6.896159,-3.1068583,72.64275,25.537045,100.10956,0.22098574
2.1083333333333334,37.369328,-6.801851,-2.930425,71.92165,25.0,100.53276,37.456852,-6.882615,-3.1072855,72.62607,25.546497,100.16469,0.21322067
2.1125,37.36489,-6.8018513,-2.9304256,71.92426,25.0,100.54402,37.4517,-6.8696623,-3.1081495,72.60712,25.556492,100.21234,0.20909235
2.1166666666666667,37.36137,-6.8018503,-2.930427,71.92633,25.0,100.552956,37.454094,-6.8571815,-3.1097536,72.5873,25.566978,100.24695,0.20932573
2.120833333333333,37.358677,-6.80185,-2.930426,71.92792,25.0,100.55979,37.460716,-6.846833,-3.109209,72.56743,25.581688,100.26553,0.2107106
2.125,37.356712,-6.801852,-2.9304254,71.92908,25.0,100.56477,37.46982,-6.8380547,-3.1089945,72.54673,25.597786,100.27356,0.21445383
2.129166666666667,37.355373,-6.8018546,-2.9304285,71.92986,25.0,100.56817,37.481243,-6.8291883,-3.1080818,72.5246,25.612179,100.27364,0.21943343
2.1333333333333333,37.354546,-6.8018503,-2.9304254,71.93035,25.0,100.570274,37.495525,-6.822294,-3.1077337,72.49884,25.624088,100.264305,0.22744557
2.1375,37.354115,-6.801851,-2.9304264,71.9306,25.0,100.571365,37.510674,-6.818407,-3.1083498,72.47145,25.637325,100.24413,0.23757435
2.1416666666666666,37.35395,-6.801851,-2.9304254,71.9307,25.0,100.571785,37.527164,-6.816452,-3.1086779,72.44507,25.649193,100.21747,0.24897833
2.1458333333333335,37.353928,-6.8018527,-2.9304256,71.93072,25.0,100.57184,37.541306,-6.819727,-3.1122398,72.42747,25.665802,100.18468,0.26169902
2.15,37.353928,-6.8018527,-2.9304256,71.93072,25.0,100.57184,37.553154,-6.8252344,-3.1173286,72.412766,25.681805,100.15459,0.27417254
2.154166666666667,37.353928,-6.8018527,-2.9304256,71.93072,25.0,100.57184,37.565174,-6.83064,-3.1219635,72.39761,25.69564,100.12613,0.2866017
2.158333333333333,37.353928,-6.8018527,-2.9304256,71.93072,25.0,100.57184,37.576813,-6.83636,-3.127057,72.383385,25.706482,100.09885,0.29921973
2.1625,37.353928,-6.8018527,-2.9304256,71.93072,25.0,100.57184,37.58784,-6.8424044,-3.1327972,72.37109,25.71391,100.07374,0.3119522
2.1666666666666665,37.353928,-6.8018527,-2.9304256,71.93072,25.0,100.57184,37.597095,-6.8486376,-3.138547,72.36032,25.719742,100.05049,0.32347167
2.1708333333333334,37.353928,-6.8018527,-2.9304256,71.93072,25.0,100.57184,37.606163,-6.8552237,-3.143756,72.35006,25.723698,100.02901,0.3346356
2.175,37.353928,-6.8018527,-2.9304256,71.93072,25.0,100.57184,37.614334,-6.861923,-3.1491404,72.340164,25.727459,100.0094,0.3453348
2.1791666666666667,37.353928,-6.8018527,-2.9304256,71.93072,25.0,100.57184,37.62185,-6.8681574,-3.1548471,72.33142,25.731224,99.99131,0.35572913
2.183333333333333,37.353928,-6.8018527,-2.9304256,71.93072,25.0,100.57184,37.628532,-6.873911,-3.1608524,72.323555,25.734814,99.97544,0.36564556
2.1875,37.353928,-6.8018527,-2.9304256,71.93072,25.0,100.57184,37.63432,-6.8790874,-3.1668777,72.31608,25.738194,99.96173,0.3748257
2.191666666666667,37.353928,-6.8018527,-2.9304256,71.93072,25.0,100.57184,37.639244,-6.8838396,-3.172678,72.30927,25.740917,99.95037,0.38316256
2.1958333333333333,37.353928,-6.8018527,-2.9304256,71.93072,25.0,100.57184,37.643276,-6.8879995,-3.1781836,72.30327,25.74342,99.9414,0.39054817
2.2,37.353928,-6.8018527,-2.9304256,71.93072,25.0,100.57184,37.64661,-6.8916473,-3.1833649,72.29811,25.74598,99.93442,0.39712024
2.2041666666666666,37.353928,-6.8018527,-2.9304256,71.93072,25.0,100.57184,37.649273,-6.894744,-3.1880732,72.2938,25.748417,99.92916,0.40279013
2.2083333333333335,37.353928,-6.8018527,-2.9304256,71.93072,25.0,100.57184,37.651314,-6.8973,-3.1921816,72.2903,25.750721,99.92551,0.40751055
2.2125,37.353928,-6.8018527,-2.9304256,71.93072,25.0,100.57184,37.652824,-6.89929,-3.1956935,72.28758,25.75291,99.92321,0.4113397
2.216666666666667,37.353928,-6.8018527,-2.9304256,71.93072,25.0,100.57184,37.653885,-6.900769,-3.1986022,72.28551,25.754807,99.92197,0.41433984
2.220833333333333,37.353928,-6.8018527,-2.9304256,71.93072,25.0,100.57184,37.654594,-6.9017982,-3.2009168,72.28386,25.756405,99.92143,0.41659942
2.225,37.353928,-6.8018527,-2.9304256,71.93072,25.0,100.57184,37.655033,-6.9024925,-3.2026892,72.28261,25.757576,99.921295,0.41823477
2.2291666666666665,37.353928,-6.8018527,-2.9304256,71.93072,25.0,100.57184,37.65526,-6.9029427,-3.2039895,72.28168,25.758377,99.92137,0.41935244
2.2333333333333334,37.353928,-6.8018527,-2.9304256,71.93072,25.0,100.57184,37.65532,-6.9032116,-3.2049131,72.28105,25.75887,99.92155,0.42006418
2.2375,37.353928,-6.8018527,-2.9304256,71.93072,25.0,100.57184,37.655327,-6.9033546,-3.2055135,72.28067,25.759129,99.921715,0.42049667
2.2416666666666667,37.353928,-6.8018527,-2.9304256,71.93072,25.0,100.57184,37.655323,-6.903428,-3.2058835,72.28044,25.759277,99.92183,0.42075384
2.245833333333333,37.353928,-6.8018527,-2.9304256,71.93072,25.0,100.57184,37.655342,-6.903454,-3.2060714,72.280304,25.759315,99.921844,0.4208967
2.25,37.353928,-6.8018527,-2.9304256,71.93072,25.0,100.57184,37.655373,-6.90347,-3.2061734,72.28022,25.759346,99.92181,0.4209893
2.254166666666667,37.353928,-6.8018527,-2.9304256,71.93072,25.0,100.57184,37.655403,-6.9034805,-3.2062373,72.28016,25.759323,99.92177,0.42105556
2.2583333333333333,37.353928,-6.8018527,-2.9304256,71.93072,25.0,100.57184,37.655415,-6.9034824,-3.2062707,72.280136,25.759342,99.92175,0.42108607
2.2625,37.353928,-6.8018527,-2.9304256,71.93072,25.0,100.57184,37.65542,-6.903491,-3.206273,72.280136,25.75933,99.92175,0.42109245
2.2666666666666666,37.353928,-6.8018527,-2.9304256,71.93072,25.0,100.57184,37.655415,-6.90349,-3.2062755,72.28013,25.75933,99.92175,0.42109105
2.2708333333333335,37.353928,-6.8018527,-2.9304256,71.93072,25.0,100.57184,37.655415,-6.90349,-3.2062755,72.28013,25.75933,99.92175,0.42109105
2.275,37.353928,-6.8018527,-2.9304256,71.93072,25.0,100.57184,37.655415,-6.90349,-3.2062755,72.28013,25.75933,99.92175,0.42109105
2.279166666666667,37.353928,-6.8018527,-2.9304256,71.93072,25.0,100.57184,37.655415,-6.90349,-3.2062755,72.28013,25.75933,99.92175,0.42109105
2.283333333333333,37.353928,-6.8018527,-2.9304256,71.93072,25.0,100.57184,37.655415,-6.90349,-3.2062755,72.28013,25.759335,99.92175,0.42109105
2.2875,37.353928,-6.8018527,-2.9304256,71.93072,25.0,100.57184,37.655415,-6.90349,-3.206276,72.28013,25.75933,99.92175,0.42109135
2.2916666666666665,37.353928,-6.8018527,-2.9304256,71.93072,25.0,100.57184,37.655415,-6.90349,-3.2062736,72.28013,25.759327,99.92175,0.4210898
2.2958333333333334,37.353928,-6.8018527,-2.9304256,71.93072,25.0,100.57184,37.65541,-6.903491,-3.2062755,72.280136,25.75933,99.92175,0.42108855
2.3,37.353928,-6.8018527,-2.9304256,71.93072,25.0,100.57184,37.65541,-6.903488,-3.2062764,72.28013,25.75933,99.92175,0.4210885
2.3041666666666667,37.353928,-6.8018527,-2.9304256,71.93072,25.0,100.57184,37.655415,-6.903488,-3.2062774,72.28013,25.759323,99.92175,0.42109182
2.308333333333333,37.353928,-6.8018527,-2.9304256,71.93072,25.0,100.57184,37.655415,-6.903491,-3.2062774,72.280136,25.759327,99.921745,0.42109254
2.3125,37.353928,-6.8018527,-2.9304256,71.93072,25.0,100.57184,37.65541,-6.903491,-3.206277,72.280136,25.759323,99.92175,0.42108947
2.316666666666667,37.353928,-6.8018527,-2.9304256,71.93072,25.0,100.57184,37.65541,-6.90349,-3.2062783,72.28013,25.75933,99.92175,0.4210902
2.3208333333333333,37.353928,-6.8018527,-2.9304256,71.93072,25.0,100.57184,37.655415,-6.90349,-3.2062778,72.28013,25.75933,99.92175,0.42109263
2.325,37.353928,-6.8018527,-2.9304256,71.93072,25.0,100.57184,37.655415,-6.90349,-3.2062755,72.28013,25.75933,99.92175,0.42109105
2.3291666666666666,37.353928,-6.8018527,-2.9304256,71.93072,25.0,100.57184,37.65541,-6.903489,-3.206273,72.280136,25.75933,99.92176,0.42108652
2.3333333333333335,37.353928,-6.8018527,-2.9304256,71.93072,25.0,100.57184,37.655415,-6.9034843,-3.2062755,72.280136,25.759323,99.92176,0.42108968
2.3375,37.353928,-6.8018527,-2.9304256,71.93072,25.0,100.57184,37.655415,-6.903491,-3.2062764,72.280136,25.759327,99.92176,0.4210919
2.341666666666667,37.353928,-6.8018527,-2.9304256,71.93072,25.0,100.57184,37.655415,-6.903488,-3.2062755,72.28013,25.759323,99.92176,0.4210906
2.345833333333333,37.353928,-6.8018527,-2.9304256,71.93072,25.0,100.57184,37.655415,-6.903487,-3.2062755,72.280136,25.75932,99.92176,0.42109036
2.35,37.353928,-6.8018527,-2.9304256,71.93072,25.0,100.57184,37.655415,-6.903487,-3.2062726,72.28013,25.759323,99.92176,0.4210885
2.3541666666666665,37.353928,-6.8018527,-2.9304256,71.93072,25.0,100.57184,37.655415,-6.903487,-3.206275,72.280136,25.759335,99.92176,0.42109004
2.3583333333333334,37.353928,-6.8018527,-2.9304256,71.93072,25.0,100.57184,37.65541,-6.9034863,-3.2062726,72.280136,25.759323,99.92176,0.4210855
2.3625,37.353928,-6.8018527,-2.9304256,71.93072,25.0,100.57184,37.65541,-6.903487,-3.206276,72.28013,25.759327,99.92176,0.42108795
2.3666666666666667,37.353928,-6.8018527,-2.9304256,71.93072,25.0,100.57184,37.65541,-6.9034863,-3.2062755,72.28013,25.759323,99.92177,0.42108738
2.370833333333333,37.353928,-6.8018527,-2.9304256,71.93072,25.0,100.57184,37.65541,-6.9034863,-3.206276,72.280136,25.759323,99.92176,0.42108768
2.375,37.353928,-6.8018527,-2.9304256,71.93072,25.0,100.57184,37.65541,-6.903487,-3.2062778,72.28013,25.759335,99.92176,0.42108917
2.379166666666667,37.353928,-6.8018527,-2.9304256,71.93072,25.0,100.57184,37.65541,-6.9034863,-3.206276,72.28013,25.759327,99.92176,0.42108768
2.3833333333333333,37.353928,-6.8018527,-2.9304256,71.93072,25.0,100.57184,37.65541,-6.9034843,-3.206277,72.28013,25.75933,99.92177,0.42108786
2.3875,37.353928,-6.8018527,-2.9304256,71.93072,25.0,100.57184,37.65541,-6.9034843,-3.206276,72.28013,25.75933,99.92176,0.42108724
2.3916666666666666,37.353928,-6.8018527,-2.9304256,71.93072,25.0,100.57184,37.65541,-6.9034863,-3.2062736,72.28013,25.759327,99.92176,0.42108613
2.3958333333333335,37.353928,-6.8018527,-2.9304256,71.93072,25.0,100.57184,37.65541,-6.903487,-3.206275,72.28013,25.759327,99.92176,0.4210873
2.4,37.353928,-6.8018527,-2.9304256,71.93072,25.0,100.57184,37.65541,-6.9034863,-3.206276,72.28013,25.759327,99.92175,0.42108768
2.404166666666667,37.353928,-6.8018527,-2.9304256,71.93072,25.0,100.57184,37.65541,-6.9034843,-3.206276,72.28013,25.759327,99.92176,0.42108724
2.408333333333333,37.353928,-6.8018527,-2.9304256,71.93072,25.0,100.57184,37.65541,-6.903487,-3.206275,72.28013,25.759327,99.92176,0.4210873
2.4125,37.353928,-6.8018527,-2.9304256,71.93072,25.0,100.57184,37.65541,-6.9034863,-3.206276,72.28013,25.75933,99.92176,0.42108768
2.4166666666666665,37.353928,-6.8018527,-2.9304256,71.93072,25.0,100.57184,37.65541,-6.903487,-3.2062726,72.28013,25.759335,99.92176,0.42108575
2.4208333333333334,37.353928,-6.8018527,-2.9304256,71.93072,25.0,100.57184,37.65541,-6.9034863,-3.2062736,72.28013,25.75933,99.92176,0.42108613
2.425,37.353928,-6.8018527,-2.9304256,71.93072,25.0,100.57184,37.65541,-6.903487,-3.2062755,72.28013,25.75933,99.92176,0.42108762
2.4291666666666667,37.353928,-6.8018527,-2.9304256,71.93072,25.0,100.57184,37.65541,-6.903489,-3.206276,72.280136,25.759327,99.92176,0.4210884
2.433333333333333,37.353928,-6.8018527,-2.9304256,71.93072,25.0,100.57184,37.65541,-6.903489,-3.2062716,72.280136,25.759327,99.92176,0.4210856
2.4375,37.353928,-6.8018527,-2.9304256,71.93072,25.0,100.57184,37.65541,-6.9034863,-3.206275,72.280136,25.759323,99.92176,0.4210871
2.441666666666667,37.353928,-6.8018527,-2.9304256,71.93072,25.0,100.57184,37.65541,-6.9034853,-3.2062764,72.280136,25.75933,99.92176,0.4210878
2.4458333333333333,37.353928,-6.8018527,-2.9304256,71.93072,25.0,100.57184,37.65542,-6.9034863,-3.2062774,72.28013,25.759327,99.92176,0.4210941
2.45,37.353928,-6.8018527,-2.9304256,71.93072,25.0,100.57184,37.655415,-6.9034853,-3.206276,72.280136,25.759327,99.92176,0.42109022
2.4541666666666666,37.353928,-6.8018527,-2.9304256,71.93072,25.0,100.57184,37.65542,-6.9034824,-3.2062755,72.280136,25.75933,99.92176,0.42109194
2.4583333333333335,37.353928,-6.8018527,-2.9304256,71.93072,25.0,100.57184,37.655415,-6.9034824,-3.2062736,72.280136,25.759323,99.92176,0.42108795
2.4625,37.353928,-6.8018527,-2.9304256,71.93072,25.0,100.57184,37.65541,-6.903488,-3.2062755,72.28013,25.759335,99.92176,0.42108786
2.466666666666667,37.353928,-6.8018527,-2.9304256,71.93072,25.0,100.57184,37.655415,-6.903489,-3.2062783,72.28013,25.759327,99.92175,0.4210927
2.470833333333333,37.353928,-6.8018527,-2.9304256,71.93072,25.0,100.57184,37.65542,-6.903489,-3.2062774,72.28013,25.759327,99.92175,0.4210948
2.475,37.353928,-6.8018527,-2.9304256,71.93072,25.0,100.57184,37.655415,-6.903488,-3.206276,72.28013,25.759335,99.92175,0.4210909
2.4791666666666665,37.353928,-6.8018527,-2.9304256,71.93072,25.0,100.57184,37.65542,-6.903489,-3.2062774,72.28013,25.759335,99.92176,0.4210948
2.4833333333333334,37.353928,-6.8018527,-2.9304256,71.93072,25.0,100.57184,37.65542,-6.90349,-3.206276,72.28013,25.759335,99.92175,0.4210941
2.4875,37.353928,-6.8018527,-2.9304256,71.93072,25.0,100.57184,37.65542,-6.903488,-3.2062764,72.28013,25.75933,99.92175,0.42109397
2.4916666666666667,37.353928,-6.8018527,-2.9304256,71.93072,25.0,100.57184,37.65542,-6.903489,-3.206275,72.28013,25.75933,99.92175,0.42109326
2.495833333333333,37.353928,-6.8018527,-2.9304256,71.93072,25.0,100.57184,37.655415,-6.90349,-3.2062764,72.280136,25.759335,99.92175,0.42109168
2.5,37.353928,-6.8018527,-2.9304256,71.93072,25.0,100.57184,37.655415,-6.903487,-3.206274,72.28013,25.759335,99.92175,0.42108944
2.504166666666667,37.353928,-6.8018527,-2.9304256,71.93072,25.0,100.57184,37.655415,-6.90349,-3.2062736,72.28013,25.759338,99.921745,0.4210898
2.5083333333333333,37.353928,-6.8018527,-2.9304256,71.93072,25.0,100.57184,37.655415,-6.90349,-3.2062764,72.28013,25.759335,99.92175,0.42109168
2.5125,37.353928,-6.8018527,-2.9304256,71.93072,25.0,100.57184,37.655415,-6.903491,-3.2062755,72.280136,25.75933,99.921745,0.42109126
2.5166666666666666,37.353928,-6.8018527,-2.9304256,71.93072,25.0,100.57184,37.655415,-6.90349,-3.2062755,72.28013,25.759335,99.92175,0.42109105
2.5208333333333335,37.353928,-6.8018527,-2.9304256,71.93072,25.0,100.57184,37.655415,-6.903491,-3.206274,72.28013,25.759335,99.92175,0.42109036
2.525,37.353928,-6.8018527,-2.9304256,71.93072,25.0,100.57184,37.655415,-6.90349,-3.2062755,72.28013,25.759335,99.92175,0.42109105
2.529166666666667,37.353928,-6.8018527,-2.9304256,71.93072,25.0,100.57184,37.655415,-6.90349,-3.2062755,72.28013,25.759335,99.92175,0.42109105
2.533333333333333,37.353928,-6.8018527,-2.9304256,71.93072,25.0,100.57184,37.65542,-6.90349,-3.206276,72.28013,25.759335,99.921745,0.4210941
2.5375,37.353928,-6.8018527,-2.9304256,71.93072,25.0,100.57184,37.655422,-6.9034853,-3.2062778,72.28013,25.759335,99.92174,0.42109692
2.5416666666666665,37.353928,-6.8018527,-2.9304256,71.93072,25.0,100.57184,37.65543,-6.903467,-3.2062855,72.280106,25.759338,99.921715,0.42110303
2.5458333333333334,37.353928,-6.8018527,-2.9304256,71.93072,25.0,100.57184,37.65546,-6.9034643,-3.2063003,72.28005,25.759323,99.92167,0.42113385
2.55,37.353928,-6.8018527,-2.9304256,71.93072,25.0,100.57184,37.65552,-6.903431,-3.2062974,72.27993,25.759235,99.92167,0.42116764
2.5541666666666667,37.353928,-6.8018527,-2.9304256,71.93072,25.0,100.57184,37.655632,-6.903406,-3.2062674,72.27967,25.75893,99.921715,0.4212212
2.558333333333333,37.353928,-6.8018527,-2.9304256,71.93072,25.0,100.57184,37.65581,-6.903372,-3.2061806,72.27922,25.758358,99.92188,0.42128456
2.5625,37.353928,-6.8018527,-2.9304256,71.93072,25.0,100.57184,37.6561,-6.9033136,-3.206037,72.27848,25.757454,99.92216,0.42138445
2.566666666666667,37.353928,-6.8018527,-2.9304256,71.93072,25.0,100.57184,37.656487,-6.9033012,-3.2058148,72.27733,25.756088,99.92253,0.42151263
2.5708333333333333,37.353928,-6.8018527,-2.9304256,71.93072,25.0,100.57184,37.656982,-6.903307,-3.205463,72.27568,25.75425,99.923065,0.4216405
2.575,37.353928,-6.8018527,-2.9304256,71.93072,25.0,100.57184,37.657566,-6.9034386,-3.2050056,72.27339,25.752052,99.923645,0.421794
2.5791666666666666,37.353928,-6.8018527,-2.9304256,71.93072,25.0,100.57184,37.65823,-6.9037123,-3.2044377,72.27029,25.749756,99.92425,0.421969
2.5833333333333335,37.353928,-6.8018527,-2.9304256,71.93072,25.0,100.57184,37.659092,-6.904152,-3.2037158,72.26634,25.747288,99.925,0.42222968
2.5875,37.353928,-6.8018527,-2.9304256,71.93072,25.0,100.57184,37.65992,-6.9046755,-3.2027574,72.261475,25.744797,99.92594,0.42233667
2.591666666666667,37.353928,-6.8018527,-2.9304256,71.93072,25.0,100.57184,37.66066,-6.905223,-3.201425,72.25572,25.742619,99.927086,0.4221501
2.595833333333333,37.353928,-6.8018527,-2.9304256,71.93072,25.0,100.57184,37.661266,-6.905884,-3.1997046,72.24922,25.74099,99.928314,0.42165238
2.6,37.353928,-6.8018527,-2.9304256,71.93072,25.0,100.57184,37.661568,-6.9065943,-3.197382,72.24225,25.740063,99.92965,0.42056972
2.6041666666666665,37.353928,-6.8018527,-2.9304256,71.93072,25.0,100.57184,37.66162,-6.9073467,-3.1942544,72.23481,25.739841,99.93126,0.41881964
2.6083333333333334,37.353928,-6.8018527,-2.9304256,71.93072,25.0,100.57184,37.66119,-6.908182,-3.1902094,72.22689,25.739437,99.93332,0.41617754
2.6125,37.353928,-6.8018527,-2.9304256,71.93072,25.0,100.57184,37.659615,-6.9090424,-3.185049,72.21843,25.73838,99.93646,0.41202816
2.6166666666666667,37.353928,-6.8018527,-2.9304256,71.93072,25.0,100.57184,37.657513,-6.909898,-3.1789627,72.20783,25.73668,99.941,0.40695
2.620833333333333,37.353928,-6.8018527,-2.9304256,71.93072,25.0,100.57184,37.654938,-6.910777,-3.1713943,72.19528,25.73349,99.946945,0.40067136
2.625,37.353928,-6.8018527,-2.9304256,71.93072,25.0,100.57184,37.651287,-6.911021,-3.162817,72.18022,25.727665,99.95527,0.39286914
2.629166666666667,37.353928,-6.8018527,-2.9304256,71.93072,25.0,100.57184,37.64775,-6.9118137,-3.1535873,72.16158,25.717262,99.96533,0.38499957
2.6333333333333333,37.353928,-6.8018527,-2.9304256,71.93072,25.0,100.57184,37.64666,-6.91251,-3.143343,72.141174,25.701355,99.974655,0.37851152
2.6375,37.353928,-6.8018527,-2.9304256,71.93072,25.0,100.57184,37.646008,-6.9126387,-3.1319284,72.11815,25.682552,99.98535,0.3717359
2.6416666666666666,37.353928,-6.8018527,-2.9304256,71.93072,25.0,100.57184,37.64407,-6.912718,-3.1198664,72.09102,25.661789,99.99598,0.3638149
2.6458333333333335,37.353928,-6.8018527,-2.9304256,71.93072,25.0,100.57184,37.64212,-6.9124794,-3.1080217,72.06582,25.645317,100.00931,0.35613722
2.65,37.353928,-6.8018527,-2.9304256,71.93072,25.0,100.57184,37.639275,-6.9132833,-3.0941877,72.03675,25.623184,100.02715,0.3473582
2.654166666666667,37.35395,-6.801851,-2.9304254,71.9307,25.0,100.571785,37.634136,-6.911125,-3.0793781,72.00392,25.596695,100.048676,0.33560666
2.658333333333333,37.354115,-6.801851,-2.9304264,71.9306,25.0,100.571365,37.629875,-6.908304,-3.0653496,71.968636,25.56541,100.07168,0.3249316
2.6625,37.354546,-6.8018503,-2.9304254,71.93035,25.0,100.570274,37.62165,-6.90658,-3.048149,71.93367,25.531971,100.09449,0.3101166
2.6666666666666665,37.355373,-6.8018546,-2.9304285,71.92986,25.0,100.56817,37.61396,-6.905855,-3.0369987,71.88726,25.50491,100.118835,0.29839656
2.6708333333333334,37.356712,-6.801852,-2.9304254,71.92908,25.0,100.56477,37.604748,-6.906213,-3.0239286,71.836205,25.489594,100.146805,0.28487816
2.675,37.358677,-6.80185,-2.930426,71.92792,25.0,100.55979,37.592873,-6.90565,-3.0057821,71.77815,25.477959,100.174774,0.26702192
2.6791666666666667,37.36137,-6.8018503,-2.930427,71.92633,25.0,100.552956,37.580116,-6.900338,-2.9819498,71.71007,25.474442,100.20202,0.24536574
2.683333333333333,37.36489,-6.8018513,-2.9304256,71.92426,25.0,100.54402,37.55982,-6.8884916,-2.9518824,71.63999,25.469051,100.23528,0.21439114
2.6875,37.369328,-6.801851,-2.930425,71.92165,25.0,100.53276,37.532024,-6.868657,-2.9165754,71.57316,25.466808,100.26593,0.17642322
2.691666666666667,37.374775,-6.801852,-2.9304264,71.91845,25.0,100.51893,37.498737,-6.8427963,-2.8792229,71.50819,25.466026,100.29841,0.14023158
2.6958333333333333,37.3813,-6.801852,-2.9304273,71.91461,25.0,100.50236,37.454247,-6.810095,-2.8456774,71.43933,25.459423,100.33628,0.11212231
2.7,37.388992,-6.8018517,-2.930427,71.910095,25.0,100.482834,37.402878,-6.768634,-2.8044796,71.376076,25.453373,100.36704,0.13099238
2.7041666666666666,37.397907,-6.801851,-2.9304268,71.90486,25.0,100.4602,37.34759,-6.7241335,-2.7628155,71.31307,25.449715,100.39119,0.19148168
2.7083333333333335,37.408108,-6.8018513,-2.9304261,71.89888,25.0,100.43429,37.300472,-6.6835804,-2.7319212,71.25394,25.465706,100.39221,0.25490704
2.7125,37.419655,-6.8018513,-2.9304266,71.89211,25.0,100.40495,37.259155,-6.6422024,-2.7158546,71.2003,25.498402,100.36857,0.31191185
2.716666666666667,37.432602,-6.801851,-2.930425,71.88454,25.0,100.37206,37.22794,-6.5923147,-2.7147903,71.16147,25.537594,100.315384,0.36371735
2.720833333333333,37.446983,-6.8018537,-2.9304252,71.87613,25.0,100.3355,37.206505,-6.5495234,-2.7144642,71.1383,25.597881,100.232956,0.41004834
2.725,37.462852,-6.8018513,-2.9304247,71.86686,25.0,100.295166,37.18348,-6.509265,-2.7198858,71.11974,25.69247,100.11035,0.45605126
2.7291666666666665,37.480236,-6.8018527,-2.930426,71.85672,25.0,100.25095,37.156673,-6.455641,-2.7475166,71.09459,25.832977,99.97952,0.5079481
2.7333333333333334,37.49917,-6.801851,-2.9304237,71.845695,25.0,100.2028,37.115013,-6.403578,-2.8052568,71.05115,26.00314,99.85748,0.56733006
2.7375,37.519672,-6.8018517,-2.9304254,71.83377,25.0,100.15061,37.066242,-6.368245,-2.850604,71.021286,26.18541,99.72387,0.6324437
2.7416666666666667,37.54177,-6.8018527,-2.9304254,71.820946,25.0,100.09435,37.01671,-6.331661,-2.899087,70.97839,26.383106,99.61523,0.70551604
2.745833333333333,37.565475,-6.8018517,-2.9304252,71.80721,25.0,100.03398,36.98838,-6.319105,-2.9584618,70.95711,26.56844,99.548904,0.75290704
2.75,37.590805,-6.8018517,-2.930427,71.792564,25.0,99.96944,36.970776,-6.3027134,-3.0074606,70.91519,26.748997,99.49519,0.7996936
2.754166666666667,37.61776,-6.8018517,-2.9304264,71.777016,25.0,99.90072,36.976902,-6.296913,-3.0451632,70.854385,26.90081,99.453094,0.82390904
2.7583333333333333,37.646347,-6.801851,-2.930428,71.76056,25.0,99.827805,36.993088,-6.2910814,-3.0806236,70.7746,27.029472,99.4077,0.84272873
2.7625,37.67656,-6.8018513,-2.9304254,71.74322,25.0,99.750694,37.009613,-6.2872133,-3.1212444,70.686226,27.1474,99.37038,0.8637602
2.7666666666666666,37.708397,-6.8018517,-2.9304283,71.72498,25.0,99.669395,37.02413,-6.2868567,-3.178955,70.59977,27.281563,99.33822,0.8917423
2.7708333333333335,37.74185,-6.8018527,-2.930425,71.70589,25.0,99.58391,37.043324,-6.2800655,-3.2254157,70.50261,27.397293,99.31809,0.9204473
2.775,37.776905,-6.8018503,-2.930424,71.68593,25.0,99.494286,37.07051,-6.2704096,-3.2678547,70.409424,27.479214,99.31174,0.94619316
2.779166666666667,37.81354,-6.801853,-2.930427,71.66513,25.0,99.40054,37.100468,-6.2551603,-3.3076754,70.31056,27.533138,99.31339,0.9745068
2.783333333333333,37.85174,-6.8018517,-2.9304273,71.64352,25.0,99.302734,37.13093,-6.2378483,-3.3575778,70.20819,27.558434,99.303825,1.0100121
2.7875,37.891483,-6.8018517,-2.9304276,71.62111,25.0,99.200905,37.158237,-6.2293196,-3.4160085,70.11226,27.559002,99.301994,1.0493957
2.7916666666666665,37.932735,-6.8018517,-2.9304245,71.59794,25.0,99.09512,37.185833,-6.2222433,-3.4717531,70.02305,27.54504,99.30779,1.0894246
2.7958333333333334,37.97547,-6.8018517,-2.9304268,71.57401,25.0,98.98544,37.21079,-6.228135,-3.5193172,69.938675,27.532047,99.31413,1.1228011
2.8,38.019653,-6.8018513,-2.9304276,71.54938,25.0,98.87196,37.231083,-6.2318773,-3.5651708,69.85889,27.53122,99.30392,1.1617283
2.8041666666666667,38.06525,-6.8018513,-2.930424,71.52406,25.0,98.754745,37.255154,-6.230563,-3.6151137,69.79187,27.52502,99.293175,1.2047517
2.808333333333333,38.112217,-6.8018513,-2.9304276,71.498085,25.0,98.633896,37.27965,-6.2245235,-3.6625676,69.73689,27.51411,99.28241,1.2500006
2.8125,38.16052,-6.801851,-2.930424,71.4715,25.0,98.5095,37.30311,-6.212901,-3.7125292,69.67732,27.496323,99.25187,1.3014234
2.816666666666667,38.210102,-6.8018517,-2.9304285,71.44431,25.0,98.381676,37.332253,-6.199095,-3.7636743,69.61583,27.475819,99.20699,1.3521222
2.8208333333333333,38.26093,-6.8018513,-2.9304261,71.41659,25.0,98.25052,37.36479,-6.1881437,-3.8148313,69.5605,27.460197,99.16566,1.4006681
2.825,38.312943,-6.8018513,-2.930425,71.38835,25.0,98.116165,37.400482,-6.17939,-3.8616238,69.51107,27.445717,99.13098,1.4447052
2.8291666666666666,38.366096,-6.801851,-2.9304266,71.359634,25.0,97.97873,37.43912,-6.1693335,-3.89881,69.46029,27.431,99.09489,1.4822711
2.8333333333333335,38.420334,-6.8018513,-2.9304237,71.33049,25.0,97.83833,37.480957,-6.1628695,-3.93117,69.41354,27.41848,99.041664,1.5140078
2.8375,38.4756,-6.801851,-2.9304254,71.30094,25.0,97.69512,37.523907,-6.158783,-3.9610133,69.36775,27.408497,98.970695,1.5431688
2.841666666666667,38.531837,-6.8018517,-2.9304261,71.27104,25.0,97.54924,37.568775,-6.1572685,-3.9878945,69.32189,27.399643,98.88977,1.5688263
2.845833333333333,38.588985,-6.801852,-2.9304245,71.24083,25.0,97.40082,37.619286,-6.1634207,-4.011816,69.27538,27.380672,98.791435,1.5866066
2.85,38.646988,-6.801854,-2.9304283,71.210335,25.0,97.25001,37.67586,-6.1703863,-4.0377674,69.22454,27.353771,98.67622,1.6025101
2.8541666666666665,38.705776,-6.801851,-2.930426,71.17961,25.0,97.09698,37.74025,-6.1722307,-4.06109,69.16743,27.326649,98.54811,1.6146406
2.8583333333333334,38.765285,-6.801852,-2.9304278,71.1487,25.0,96.94188,37.813015,-6.171156,-4.0839496,69.10581,27.296532,98.40572,1.6233329
2.8625,38.82546,-6.8018517,-2.9304247,71.11764,25.0,96.78487,37.89101,-6.1704006,-4.1051173,69.0426,27.261517,98.25188,1.6284431
2.8666666666666667,38.886223,-6.801852,-2.9304252,71.086464,25.0,96.626114,37.973114,-6.1684647,-4.1252866,68.974754,27.222225,98.09306,1.6317602
2.870833333333333,38.947514,-6.80185,-2.9304247,71.05522,25.0,96.46579,38.060562,-6.1659927,-4.143205,68.91094,27.171982,97.9371,1.6315128
2.875,39.00926,-6.801851,-2.9304242,71.02396,25.0,96.30407,38.15243,-6.1637497,-4.1576324,68.84694,27.113045,97.77679,1.6270726
2.879166666666667,39.071396,-6.8018513,-2.9304256,70.9927,25.0,96.14111,38.247437,-6.161891,-4.166326,68.78682,27.045822,97.6119,1.6173769
2.8833333333333333,39.13385,-6.8018494,-2.9304256,70.961494,25.0,95.97712,38.335945,-6.1668663,-4.1700077,68.74304,26.977943,97.45106,1.6051228
2.8875,39.196552,-6.80185,-2.9304233,70.93039,25.0,95.812256,38.42237,-6.173908,-4.1696057,68.70598,26.907352,97.2919,1.5903586
2.8916666666666666,39.25943,-6.8018503,-2.930426,70.89941,25.0,95.64671,38.501358,-6.181963,-4.167198,68.675354,26.838615,97.13435,1.5775105
2.8958333333333335,39.32242,-6.80185,-2.930427,70.86859,25.0,95.48067,38.577637,-6.18927,-4.1570234,68.653854,26.759815,96.98463,1.5602859
2.9,39.38544,-6.8018517,-2.9304247,70.83799,25.0,95.3143,38.651337,-6.198883,-4.1421833,68.63916,26.671326,96.84101,1.539753
2.904166666666667,39.448425,-6.801853,-2.930425,70.807625,25.0,95.14782,38.72133,-6.2112026,-4.1228757,68.63091,26.575108,96.70453,1.5164024
2.908333333333333,39.511307,-6.8018517,-2.9304273,70.77753,25.0,94.98139,38.788776,-6.2256727,-4.1018543,68.628685,26.47446,96.57279,1.4920702
2.9125,39.57401,-6.8018503,-2.9304266,70.74774,25.0,94.815216,38.85379,-6.241951,-4.077344,68.63563,26.368885,96.44769,1.4654766
2.9166666666666665,39.636463,-6.801851,-2.9304266,70.7183,25.0,94.649475,38.91649,-6.260333,-4.052014,68.64784,26.260647,96.32183,1.4385976
2.9208333333333334,39.698597,-6.8018517,-2.9304256,70.68923,25.0,94.48436,38.97964,-6.2794905,-4.024214,68.665,26.152016,96.194374,1.4093018
2.925,39.760345,-6.8018503,-2.930425,70.66056,25.0,94.32005,39.04242,-6.2967024,-3.9979887,68.685745,26.054085,96.06636,1.3821305
2.9291666666666667,39.821636,-6.8018513,-2.9304242,70.632324,25.0,94.156746,39.105263,-6.3132057,-3.9718475,68.71369,25.962143,95.93611,1.3551856
2.933333333333333,39.8824,-6.8018527,-2.9304276,70.60454,25.0,93.99462,39.172485,-6.329481,-3.9471698,68.75049,25.874207,95.79727,1.3269812
2.9375,39.94257,-6.801851,-2.9304276,70.57724,25.0,93.833885,39.246178,-6.347327,-3.9235244,68.79479,25.786644,95.648705,1.2952973
2.941666666666667,40.002083,-6.8018513,-2.9304254,70.55045,25.0,93.67468,39.324196,-6.368245,-3.9031663,68.84916,25.704948,95.48767,1.2624459
2.9458333333333333,40.06087,-6.8018517,-2.9304268,70.52419,25.0,93.51722,39.40066,-6.389271,-3.8871655,68.914406,25.639706,95.327614,1.2334702
2.95,40.11887,-6.8018503,-2.9304247,70.49849,25.0,93.36167,39.47838,-6.4107513,-3.8733683,68.985855,25.571636,95.16466,1.2051266
2.9541666666666666,40.176018,-6.8018513,-2.9304242,70.47336,25.0,93.208206,39.551556,-6.4252977,-3.8502254,69.06458,25.497036,95.01032,1.1737887
2.9583333333333335,40.232258,-6.8018527,-2.9304252,70.448814,25.0,93.056984,39.628265,-6.437292,-3.8241277,69.148125,25.415993,94.84632,1.1386024
2.9625,40.28752,-6.8018513,-2.930425,70.42488,25.0,92.90821,39.705605,-6.4486427,-3.7964873,69.23092,25.325504,94.67736,1.101566
2.966666666666667,40.341763,-6.801851,-2.9304273,70.401566,25.0,92.76201,39.779587,-6.465309,-3.771173,69.31085,25.233006,94.50401,1.0659058
2.970833333333333,40.394913,-6.801851,-2.9304256,70.3789,25.0,92.61857,39.85004,-6.490549,-3.7473083,69.388,25.148144,94.32364,1.0300931
2.975,40.446934,-6.801855,-2.930427,70.35688,25.0,92.47801,39.919987,-6.5226936,-3.7188492,69.47121,25.064209,94.14598,0.98854125
2.9791666666666665,40.497753,-6.8018503,-2.930424,70.335526,25.0,92.340546,39.99231,-6.551565,-3.693416,69.53912,24.97977,93.96068,0.9488271
2.9833333333333334,40.547344,-6.8018546,-2.930426,70.31484,25.0,92.206245,40.067318,-6.5779095,-3.6687236,69.59619,24.903473,93.76958,0.9086584
2.9875,40.59564,-6.8018503,-2.9304256,70.29484,25.0,92.07531,40.134407,-6.602764,-3.6445317,69.65434,24.82072,93.583275,0.87310773
2.9916666666666667,40.64261,-6.801852,-2.9304247,70.27553,25.0,91.94782,40.203796,-6.6287556,-3.6243753,69.71006,24.738743,93.3809,0.83909845
2.995833333333333,40.6882,-6.8018517,-2.9304242,70.25691,25.0,91.823944,40.269554,-6.655896,-3.609085,69.75633,24.676018,93.17297,0.8106476
3.0,40.732388,-6.8018517,-2.9304256,70.23899,25.0,91.703766,40.327793,-6.670596,-3.5866375,69.785645,24.62994,92.97097,0.78200936
3.004166666666667,40.775124,-6.8018537,-2.930425,70.22178,25.0,91.58741,40.368874,-6.6879807,-3.5582848,69.792595,24.58825,92.80355,0.7564483
3.0083333333333333,40.816376,-6.801852,-2.9304247,70.20527,25.0,91.47499,40.39735,-6.7103834,-3.5233388,69.797005,24.54366,92.65034,0.73177594
3.0125,40.856117,-6.8018517,-2.930427,70.18946,25.0,91.366585,40.42266,-6.7287607,-3.4809566,69.80392,24.493462,92.5047,0.70449233
3.0166666666666666,40.894318,-6.801852,-2.930428,70.17436,25.0,91.26228,40.45748,-6.746029,-3.43048,69.82009,24.452324,92.356766,0.66632885
3.0208333333333335,40.930954,-6.8018517,-2.9304254,70.15997,25.0,91.16217,40.48862,-6.7732506,-3.3768644,69.84529,24.417076,92.194214,0.62911403
3.025,40.966007,-6.8018517,-2.930427,70.14628,25.0,91.0663,40.51733,-6.7941103,-3.3175316,69.87646,24.398083,92.03523,0.59263897
3.029166666666667,40.99946,-6.801851,-2.9304264,70.133286,25.0,90.97474,40.548775,-6.8051834,-3.245966,69.922325,24.386528,91.87379,0.5501746
3.033333333333333,41.031296,-6.8018513,-2.9304254,70.12099,25.0,90.88753,40.584534,-6.811717,-3.1852531,69.960335,24.381897,91.72675,0.51442283
3.0375,41.061512,-6.8018513,-2.930424,70.109375,25.0,90.804695,40.621094,-6.8111753,-3.1223097,69.99647,24.400143,91.59125,0.48049486
3.0416666666666665,41.0901,-6.8018517,-2.9304278,70.098434,25.0,90.72627,40.661953,-6.8059034,-3.0650396,70.02581,24.43169,91.44777,0.44882745
3.0458333333333334,41.117054,-6.8018537,-2.9304283,70.08817,25.0,90.652275,40.70517,-6.815565,-3.0165806,70.0637,24.466064,91.28949,0.42102128
3.05,41.14238,-6.801851,-2.9304252,70.078575,25.0,90.58272,40.744186,-6.8299866,-2.9723425,70.09294,24.485863,91.11798,0.4013809
3.0541666666666667,41.16609,-6.8018503,-2.9304247,70.069626,25.0,90.51756,40.784607,-6.8252506,-2.9305964,70.11827,24.510166,90.95715,0.38219824
3.058333333333333,41.188187,-6.8018503,-2.9304242,70.06132,25.0,90.456795,40.81395,-6.8162413,-2.900383,70.12897,24.520248,90.82759,0.37571657
3.0625,41.20869,-6.801851,-2.9304252,70.053635,25.0,90.40038,40.842876,-6.827385,-2.880474,70.14134,24.550884,90.68406,0.37009072
3.066666666666667,41.227623,-6.801852,-2.930428,70.04656,25.0,90.34827,40.873043,-6.847931,-2.8587503,70.160645,24.570297,90.536354,0.36467502
3.0708333333333333,41.245007,-6.8018503,-2.9304266,70.04009,25.0,90.3004,40.908897,-6.87195,-2.8382845,70.17953,24.590137,90.388504,0.35549054
3.075,41.26087,-6.8018517,-2.930424,70.03421,25.0,90.25669,40.949593,-6.897355,-2.8127356,70.20089,24.606174,90.24681,0.34621707
3.0791666666666666,41.275257,-6.8018513,-2.9304242,70.028885,25.0,90.21705,40.982533,-6.9122925,-2.7982655,70.22312,24.650368,90.10701,0.33963346
3.0833333333333335,41.2882,-6.801852,-2.9304276,70.0241,25.0,90.181366,41.00996,-6.928339,-2.7932138,70.23679,24.70261,89.961525,0.33502853
3.0875,41.299747,-6.8018503,-2.930423,70.01985,25.0,90.14953,41.035866,-6.947465,-2.801301,70.246864,24.770016,89.81206,0.32788664
3.091666666666667,41.30995,-6.801851,-2.9304242,70.0161,25.0,90.12138,41.05827,-6.966707,-2.8179302,70.25888,24.841133,89.682686,0.321211
3.095833333333333,41.318867,-6.8018513,-2.9304242,70.012825,25.0,90.09679,41.08692,-6.9939556,-2.8218727,70.2853,24.90506,89.56151,0.32013437
3.1,41.326553,-6.8018494,-2.9304261,70.01,25.0,90.07558,41.115795,-7.023176,-2.831914,70.3146,24.954872,89.45182,0.32110628
3.1041666666666665,41.333084,-6.8018513,-2.9304252,70.007614,25.0,90.05755,41.153534,-7.0570574,-2.8391876,70.34402,24.994385,89.35368,0.32510415
3.1083333333333334,41.338528,-6.80185,-2.9304247,70.00562,25.0,90.04253,41.197044,-7.0868053,-2.841916,70.38068,25.035809,89.27066,0.33022863
3.1125,41.342968,-6.8018503,-2.9304264,70.004,25.0,90.030266,41.246346,-7.108474,-2.8545303,70.41304,25.078392,89.19296,0.33032417
3.1166666666666667,41.34649,-6.80185,-2.9304237,70.002716,25.0,90.020546,41.294025,-7.1241007,-2.8695745,70.45493,25.117954,89.125626,0.3321154
3.120833333333333,41.349182,-6.801852,-2.930426,70.00173,25.0,90.01311,41.33938,-7.134158,-2.8815975,70.502525,25.171917,89.06293,0.33601716
3.125,41.351147,-6.801851,-2.9304252,70.001015,25.0,90.00768,41.38176,-7.1410246,-2.8915176,70.551254,25.221504,89.01162,0.34276786
3.129166666666667,41.352486,-6.8018517,-2.930426,70.00053,25.0,90.00398,41.42288,-7.147217,-2.8979702,70.59815,25.265171,88.96672,0.35395694
3.1333333333333333,41.353313,-6.8018513,-2.9304278,70.00022,25.0,90.0017,41.45999,-7.1517496,-2.9004269,70.64307,25.306004,88.928894,0.3670274
3.1375,41.353745,-6.8018513,-2.930425,70.00007,25.0,90.00051,41.493206,-7.1560726,-2.89153,70.68117,25.339455,88.90613,0.38266838
3.1416666666666666,41.353905,-6.8018503,-2.930426,70.00001,25.0,90.00007,41.52083,-7.162201,-2.880333,70.71062,25.362068,88.88756,0.40028155
3.1458333333333335,41.353928,-6.8018513,-2.930426,70.0,25.0,90.0,41.54265,-7.1675014,-2.8694534,70.73603,25.377659,88.874664,0.4159726
3.15,41.353928,-6.8018513,-2.930426,70.0,25.0,90.0,41.560776,-7.1714945,-2.8569736,70.75865,25.38884,88.86943,0.42990404
3.154166666666667,41.353928,-6.8018513,-2.930426,70.0,25.0,90.0,41.57531,-7.174474,-2.8425112,70.77722,25.397,88.88089,0.44225168
3.158333333333333,41.353928,-6.8018513,-2.930426,70.0,25.0,90.0,41.58582,-7.17548,-2.8272142,70.79382,25.4025,88.90143,0.45169094
3.1625,41.353928,-6.8018513,-2.930426,70.0,25.0,90.0,41.592922,-7.174245,-2.811143,70.80871,25.40561,88.925705,0.45828357
3.1666666666666665,41.353928,-6.8018513,-2.930426,70.0,25.0,90.0,41.595562,-7.170892,-2.7938347,70.82358,25.408516,88.95399,0.46177396
3.1708333333333334,41.353928,-6.8018513,-2.930426,70.0,25.0,90.0,41.596336,-7.167164,-2.776454,70.8384,25.409252,88.98198,0.46467474
3.175,41.353928,-6.8018513,-2.930426,70.0,25.0,90.0,41.59573,-7.1631603,-2.7592688,70.85462,25.408642,89.007126,0.46723366
3.1791666666666667,41.353928,-6.8018513,-2.930426,70.0,25.0,90.0,41.594353,-7.1605673,-2.7419443,70.87166,25.407421,89.027245,0.4711759
3.183333333333333,41.353928,-6.8018513,-2.930426,70.0,25.0,90.0,41.592674,-7.15868,-2.7258663,70.88755,25.405754,89.04319,0.4755747
3.1875,41.353928,-6.8018513,-2.930426,70.0,25.0,90.0,41.59104,-7.1570425,-2.711115,70.9018,25.403667,89.05581,0.4800845
3.191666666666667,41.353928,-6.8018513,-2.930426,70.0,25.0,90.0,41.589657,-7.155511,-2.697814,70.914505,25.401237,89.066025,0.4845118
3.1958333333333333,41.353928,-6.8018513,-2.930426,70.0,25.0,90.0,41.588486,-7.1540003,-2.6860352,70.92546,25.398773,89.07386,0.48862383
3.2,41.353928,-6.8018513,-2.930426,70.0,25.0,90.0,41.587555,-7.152549,-2.6757326,70.93453,25.395885,89.079544,0.49238107
3.2041666666666666,41.353928,-6.8018513,-2.930426,70.0,25.0,90.0,41.586674,-7.151202,-2.6668491,70.94203,25.392956,89.083595,0.4956708
3.2083333333333335,41.353928,-6.8018513,-2.930426,70.0,25.0,90.0,41.585865,-7.1499176,-2.6593924,70.947975,25.390217,89.08633,0.49840173
3.2125,41.353928,-6.8018513,-2.930426,70.0,25.0,90.0,41.58515,-7.148739,-2.6532707,70.952545,25.387638,89.08808,0.5006102
3.216666666666667,41.353928,-6.8018513,-2.930426,70.0,25.0,90.0,41.584564,-7.147743,-2.6483908,70.9559,25.385326,89.08921,0.5023727
3.220833333333333,41.353928,-6.8018513,-2.930426,70.0,25.0,90.0,41.584038,-7.1469517,-2.64466,70.95826,25.383327,89.08996,0.50369346
3.225,41.353928,-6.8018513,-2.930426,70.0,25.0,90.0,41.583565,-7.1463013,-2.6419497,70.95979,25.381786,89.09044,0.5045766
3.2291666666666665,41.353928,-6.8018513,-2.930426,70.0,25.0,90.0,41.58325,-7.1457186,-2.6400614,70.96069,25.3807,89.09072,0.505118
3.2333333333333334,41.353928,-6.8018513,-2.930426,70.0,25.0,90.0,41.58309,-7.145262,-2.6388283,70.96116,25.380001,89.09087,0.50544643
3.2375,41.353928,-6.8018513,-2.930426,70.0,25.0,90.0,41.58303,-7.1449175,-2.6380682,70.96136,25.37959,89.09099,0.50562406
3.2416666666666667,41.353928,-6.8018513,-2.930426,70.0,25.0,90.0,41.58301,-7.1446695,-2.6376266,70.961426,25.379372,89.09112,0.50570273
3.245833333333333,41.353928,-6.8018513,-2.930426,70.0,25.0,90.0,41.582977,-7.144474,-2.6373863,70.96147,25.379246,89.09125,0.5056939
3.25,41.353928,-6.8018513,-2.930426,70.0,25.0,90.0,41.582943,-7.1443834,-2.6372547,70.961494,25.379204,89.09136,0.5056932
3.254166666666667,41.353928,-6.8018513,-2.930426,70.0,25.0,90.0,41.582912,-7.144328,-2.6371737,70.961494,25.379166,89.091415,0.50568897
3.2583333333333333,41.353928,-6.8018513,-2.930426,70.0,25.0,90.0,41.582905,-7.1443195,-2.6371336,70.9615,25.379177,89.09144,0.5057029
3.2625,41.353928,-6.8018513,-2.930426,70.0,25.0,90.0,41.58291,-7.1443195,-2.6371336,70.96151,25.37918,89.091446,0.50570464
3.2666666666666666,41.353928,-6.8018513,-2.930426,70.0,25.0,90.0,41.58291,-7.1443214,-2.6371336,70.9615,25.37918,89.091446,0.50570595
3.2708333333333335,41.353928,-6.8018513,-2.930426,70.0,25.0,90.0,41.58291,-7.1443214,-2.6371336,70.9615,25.37918,89.091446,0.50570595
3.275,41.353928,-6.8018513,-2.930426,70.0,25.0,90.0,41.58291,-7.1443214,-2.6371336,70.9615,25.37918,89.091446,0.50570595
3.279166666666667,41.353928,-6.8018513,-2.930426,70.0,25.0,90.0,41.58291,-7.1443214,-2.6371336,70.9615,25.37918,89.091446,0.50570595
3.283333333333333,41.353928,-6.8018513,-2.930426,70.0,25.0,90.0,41.58291,-7.1443214,-2.6371336,70.9615,25.37918,89.091446,0.50570595
3.2875,41.353928,-6.8018513,-2.930426,70.0,25.0,90.0,41.58291,-7.1443214,-2.6371336,70.9615,25.37918,89.091446,0.50570595
3.2916666666666665,41.353928,-6.8018513,-2.930426,70.0,25.0,90.0,41.58291,-7.1443214,-2.6371336,70.9615,25.37918,89.091446,0.50570595
3.2958333333333334,41.353928,-6.8018513,-2.930426,70.0,25.0,90.0,41.58291,-7.1443214,-2.6371336,70.9615,25.37918,89.091446,0.50570595
3.3,41.353928,-6.8018513,-2.930426,70.0,25.0,90.0,41.58291,-7.1443214,-2.6371336,70.9615,25.37918,89.091446,0.50570595
3.3041666666666667,41.353928,-6.8018513,-2.930426,70.0,25.0,90.0,41.58291,-7.1443214,-2.6371336,70.9615,25.37918,89.091446,0.50570595
3.308333333333333,41.353928,-6.8018513,-2.930426,70.0,25.0,90.0,41.58291,-7.1443214,-2.6371336,70.9615,25.37918,89.091446,0.50570595
3.3125,41.353928,-6.8018513,-2.930426,70.0,25.0,90.0,41.58291,-7.1443214,-2.6371336,70.9615,25.37918,89.091446,0.50570595
3.316666666666667,41.353928,-6.8018513,-2.930426,70.0,25.0,90.0,41.58291,-7.1443214,-2.6371336,70.9615,25.37918,89.091446,0.50570595
3.3208333333333333,41.353928,-6.8018513,-2.930426,70.0,25.0,90.0,41.58291,-7.1443214,-2.6371336,70.9615,25.37918,89.091446,0.50570595
3.325,41.353928,-6.8018513,-2.930426,70.0,25.0,90.0,41.58291,-7.1443214,-2.6371336,70.9615,25.37918,89.091446,0.50570595
3.3291666666666666,41.353928,-6.8018513,-2.930426,70.0,25.0,90.0,41.58291,-7.1443214,-2.6371336,70.9615,25.37918,89.091446,0.50570595
3.3333333333333335,41.353928,-6.8018513,-2.930426,70.0,25.0,90.0,41.58291,-7.1443214,-2.6371336,70.9615,25.37918,89.091446,0.50570595
3.3375,41.353928,-6.8018513,-2.930426,70.0,25.0,90.0,41.58291,-7.1443214,-2.6371336,70.9615,25.37918,89.091446,0.50570595
3.341666666666667,41.353928,-6.8018513,-2.930426,70.0,25.0,90.0,41.58291,-7.1443214,-2.6371336,70.9615,25.37918,89.091446,0.50570595
3.345833333333333,41.353928,-6.8018513,-2.930426,70.0,25.0,90.0,41.58291,-7.1443214,-2.6371336,70.9615,25.37918,89.091446,0.50570595
3.35,41.353928,-6.8018513,-2.930426,70.0,25.0,90.0,41.58291,-7.1443214,-2.6371336,70.9615,25.37918,89.091446,0.50570595
3.3541666666666665,41.353928,-6.8018513,-2.930426,70.0,25.0,90.0,41.58291,-7.1443214,-2.6371336,70.9615,25.37918,89.091446,0.50570595
3.3583333333333334,41.353928,-6.8018513,-2.930426,70.0,25.0,90.0,41.58291,-7.1443214,-2.6371336,70.9615,25.37918,89.091446,0.50570595
3.3625,41.353928,-6.8018513,-2.930426,70.0,25.0,90.0,41.58291,-7.1443214,-2.6371336,70.9615,25.37918,89.091446,0.50570595
3.3666666666666667,41.353928,-6.8018513,-2.930426,70.0,25.0,90.0,41.58291,-7.1443214,-2.6371336,70.9615,25.37918,89.091446,0.50570595
3.370833333333333,41.353928,-6.8018513,-2.930426,70.0,25.0,90.0,41.58291,-7.1443214,-2.6371336,70.9615,25.37918,89.091446,0.50570595
3.375,41.353928,-6.8018513,-2.930426,70.0,25.0,90.0,41.58291,-7.1443214,-2.6371336,70.9615,25.37918,89.091446,0.50570595
3.379166666666667,41.353928,-6.8018513,-2.930426,70.0,25.0,90.0,41.58291,-7.1443214,-2.6371336,70.9615,25.37918,89.091446,0.50570595
3.3833333333333333,41.353928,-6.8018513,-2.930426,70.0,25.0,90.0,41.58291,-7.1443214,-2.6371336,70.9615,25.37918,89.091446,0.50570595
3.3875,41.353928,-6.8018513,-2.930426,70.0,25.0,90.0,41.58291,-7.1443214,-2.6371336,70.9615,25.37918,89.091446,0.50570595
3.3916666666666666,41.353928,-6.8018513,-2.930426,70.0,25.0,90.0,41.58291,-7.1443214,-2.6371336,70.9615,25.37918,89.091446,0.50570595
3.3958333333333335,41.353928,-6.8018513,-2.930426,70.0,25.0,90.0,41.58291,-7.1443214,-2.6371336,70.9615,25.37918,89.091446,0.50570595
3.4,41.353928,-6.8018513,-2.930426,70.0,25.0,90.0,41.58291,-7.1443195,-2.6371336,70.9615,25.37918,89.091446,0.50570464
3.404166666666667,41.353928,-6.8018513,-2.930426,70.0,25.0,90.0,41.58291,-7.1443195,-2.6371307,70.9615,25.37918,89.091446,0.5057063
3.408333333333333,41.353928,-6.8018513,-2.930426,70.0,25.0,90.0,41.58291,-7.1443195,-2.6371307,70.9615,25.379177,89.091446,0.5057063
3.4125,41.353928,-6.8018513,-2.930426,70.0,25.0,90.0,41.58291,-7.1443167,-2.6371288,70.9615,25.37918,89.091446,0.5057055
3.4166666666666665,41.353928,-6.8018513,-2.930426,70.0,25.0,90.0,41.58291,-7.1443195,-2.6371336,70.9615,25.37918,89.091446,0.50570464
3.4208333333333334,41.353928,-6.8018513,-2.930426,70.0,25.0,90.0,41.58291,-7.1443167,-2.6371317,70.9615,25.379177,89.091446,0.5057038
3.425,41.353928,-6.8018513,-2.930426,70.0,25.0,90.0,41.582905,-7.1443167,-2.6371346,70.96151,25.379177,89.091446,0.5057004
3.4291666666666667,41.353928,-6.8018513,-2.930426,70.0,25.0,90.0,41.58291,-7.1443167,-2.6371336,70.96151,25.37918,89.091446,0.5057027
3.433333333333333,41.353928,-6.8018513,-2.930426,70.0,25.0,90.0,41.58291,-7.144315,-2.6371317,70.96151,25.379177,89.091446,0.5057025
3.4375,41.353928,-6.8018513,-2.930426,70.0,25.0,90.0,41.58291,-7.144315,-2.6371317,70.9615,25.379177,89.09145,0.5057025
3.441666666666667,41.353928,-6.8018513,-2.930426,70.0,25.0,90.0,41.582905,-7.1443157,-2.6371336,70.9615,25.37918,89.09145,0.50570035
3.4458333333333333,41.353928,-6.8018513,-2.930426,70.0,25.0,90.0,41.582905,-7.144315,-2.6371336,70.9615,25.37918,89.09146,0.5056997
3.45,41.353928,-6.8018513,-2.930426,70.0,25.0,90.0,41.582905,-7.144313,-2.6371346,70.9615,25.379177,89.09145,0.50569785
3.4541666666666666,41.353928,-6.8018513,-2.930426,70.0,25.0,90.0,41.58291,-7.144312,-2.6371307,70.9615,25.37918,89.09146,0.5057011
3.4583333333333335,41.353928,-6.8018513,-2.930426,70.0,25.0,90.0,41.58291,-7.144314,-2.6371355,70.9615,25.37918,89.09146,0.50569963
3.4625,41.353928,-6.8018513,-2.930426,70.0,25.0,90.0,41.582905,-7.144312,-2.6371336,70.9615,25.379177,89.09146,0.5056977
3.466666666666667,41.353928,-6.8018513,-2.930426,70.0,25.0,90.0,41.582905,-7.144314,-2.6371317,70.9615,25.379177,89.09146,0.5057001
3.470833333333333,41.353928,-6.8018513,-2.930426,70.0,25.0,90.0,41.582905,-7.144314,-2.6371317,70.9615,25.379177,89.09146,0.5057001
3.475,41.353928,-6.8018513,-2.930426,70.0,25.0,90.0,41.58291,-7.144315,-2.6371336,70.9615,25.379177,89.09145,0.5057014
3.4791666666666665,41.353928,-6.8018513,-2.930426,70.0,25.0,90.0,41.5829,-7.144314,-2.6371298,70.9615,25.37918,89.09145,0.5056995
3.4833333333333334,41.353928,-6.8018513,-2.930426,70.0,25.0,90.0,41.582905,-7.1443167,-2.6371346,70.9615,25.37918,89.09145,0.5057004
3.4875,41.353928,-6.8018513,-2.930426,70.0,25.0,90.0,41.582905,-7.144315,-2.6371336,70.96151,25.379177,89.09145,0.5056997
3.4916666666666667,41.353928,-6.8018513,-2.930426,70.0,25.0,90.0,41.582905,-7.144314,-2.6371317,70.9615,25.379177,89.09145,0.5057001
3.495833333333333,41.353928,-6.8018513,-2.930426,70.0,25.0,90.0,41.582905,-7.144315,-2.6371307,70.96151,25.37918,89.09145,0.50570136
3.5,41.353928,-6.8018513,-2.930426,70.0,25.0,90.0,41.58291,-7.144315,-2.6371307,70.96151,25.37918,89.09145,0.5057031
3.504166666666667,41.353928,-6.8018513,-2.930426,70.0,25.0,90.0,41.582905,-7.144315,-2.6371317,70.96151,25.37918,89.09145,0.50570077
3.5083333333333333,41.353928,-6.8018513,-2.930426,70.0,25.0,90.0,41.582905,-7.1443167,-2.6371336,70.96151,25.379177,89.09145,0.505701
3.5125,41.353928,-6.8018513,-2.930426,70.0,25.0,90.0,41.582905,-7.1443167,-2.6371336,70.9615,25.37918,89.09145,0.505701
3.5166666666666666,41.353928,-6.8018513,-2.930426,70.0,25.0,90.0,41.582905,-7.1443167,-2.6371336,70.9615,25.37918,89.09145,0.505701
3.5208333333333335,41.353928,-6.8018513,-2.930426,70.0,25.0,90.0,41.582905,-7.1443167,-2.6371336,70.9615,25.37918,89.09145,0.505701
3.525,41.353928,-6.8018513,-2.930426,70.0,25.0,90.0,41.582905,-7.1443167,-2.6371336,70.9615,25.37918,89.09145,0.505701
3.529166666666667,41.353928,-6.8018513,-2.930426,70.0,25.0,90.0,41.582905,-7.1443167,-2.6371336,70.96151,25.37918,89.09145,0.505701
3.533333333333333,41.353928,-6.8018513,-2.930426,70.0,25.0,90.0,41.582905,-7.144315,-2.6371298,70.9615,25.37918,89.09145,0.5057019
3.5375,41.353928,-6.8018513,-2.930426,70.0,25.0,90.0,41.582905,-7.1443167,-2.6371336,70.9615,25.37918,89.09145,0.505701
3.5416666666666665,41.353928,-6.8018513,-2.930426,70.0,25.0,90.0,41.582905,-7.1443167,-2.6371346,70.9615,25.37918,89.09145,0.5057004
3.5458333333333334,41.353928,-6.8018513,-2.930426,70.0,25.0,90.0,41.582905,-7.1443167,-2.6371336,70.96151,25.37918,89.09145,0.505701
3.55,41.353928,-6.8018513,-2.930426,70.0,25.0,90.0,41.582905,-7.1443186,-2.6371317,70.96151,25.379177,89.09145,0.5057034
3.5541666666666667,41.353928,-6.8018513,-2.930426,70.0,25.0,90.0,41.58291,-7.1443176,-2.6371307,70.96151,25.37918,89.09145,0.505705
3.558333333333333,41.353928,-6.8018513,-2.930426,70.0,25.0,90.0,41.58291,-7.1443186,-2.6371336,70.96151,25.37918,89.09145,0.505704
3.5625,41.353928,-6.8018513,-2.930426,70.0,25.0,90.0,41.582905,-7.1443195,-2.6371307,70.96151,25.37918,89.09145,0.5057046
3.566666666666667,41.353928,-6.8018513,-2.930426,70.0,25.0,90.0,41.58291,-7.1443205,-2.6371307,70.96151,25.37918,89.091446,0.50570697
3.5708333333333333,41.353928,-6.8018513,-2.930426,70.0,25.0,90.0,41.58291,-7.1443186,-2.6371298,70.96151,25.379173,89.091446,0.5057062
3.575,41.353928,-6.8018513,-2.930426,70.0,25.0,90.0,41.58291,-7.1443214,-2.6371317,70.96151,25.37918,89.091446,0.505707
3.5791666666666666,41.353928,-6.8018513,-2.930426,70.0,25.0,90.0,41.58291,-7.1443214,-2.6371317,70.96151,25.37918,89.091446,0.505707
3.5833333333333335,41.353928,-6.8018513,-2.930426,70.0,25.0,90.0,41.58291,-7.1443243,-2.6371346,70.96152,25.379173,89.091446,0.5057073
3.5875,41.353928,-6.8018513,-2.930426,70.0,25.0,90.0,41.58291,-7.1443195,-2.6371298,70.96152,25.379177,89.091446,0.50570685
3.591666666666667,41.353928,-6.8018513,-2.930426,70.0,25.0,90.0,41.58291,-7.1443195,-2.6371317,70.96151,25.379177,89.091446,0.5057057
3.595833333333333,41.353928,-6.8018513,-2.930426,70.0,25.0,90.0,41.58291,-7.1443195,-2.6371307,70.96151,25.37917,89.09144,0.5057063
3.6,41.353928,-6.8018513,-2.930426,70.0,25.0,90.0,41.58291,-7.1443243,-2.6371317,70.96151,25.379173,89.091446,0.505709
3.6041666666666665,41.353928,-6.8018513,-2.930426,70.0,25.0,90.0,41.58291,-7.1443195,-2.6371307,70.96151,25.379173,89.091446,0.5057063
3.6083333333333334,41.353928,-6.8018513,-2.930426,70.0,25.0,90.0,41.58291,-7.1443195,-2.6371288,70.96151,25.379173,89.091446,0.5057074
3.6125,41.353928,-6.8018513,-2.930426,70.0,25.0,90.0,41.58291,-7.1443186,-2.6371288,70.96151,25.379177,89.091446,0.5057068
3.6166666666666667,41.353928,-6.8018513,-2.930426,70.0,25.0,90.0,41.58291,-7.1443214,-2.6371307,70.96151,25.379177,89.091446,0.50570756
3.620833333333333,41.353928,-6.8018513,-2.930426,70.0,25.0,90.0,41.58291,-7.1443195,-2.6371288,70.96151,25.379177,89.091446,0.5057074
3.625,41.353928,-6.8018513,-2.930426,70.0,25.0,90.0,41.582912,-7.1443214,-2.6371298,70.9615,25.379173,89.091446,0.5057099
3.629166666666667,41.353928,-6.8018513,-2.930426,70.0,25.0,90.0,41.58291,-7.1443214,-2.6371317,70.9615,25.379177,89.091446,0.505707
3.6333333333333333,41.353928,-6.8018513,-2.930426,70.0,25.0,90.0,41.58291,-7.1443214,-2.6371336,70.9615,25.379177,89.091446,0.50570595
3.6375,41.353928,-6.8018513,-2.930426,70.0,25.0,90.0,41.58291,-7.1443195,-2.6371317,70.9615,25.37918,89.091446,0.5057057
3.6416666666666666,41.353928,-6.8018513,-2.930426,70.0,25.0,90.0,41.58291,-7.1443214,-2.6371336,70.9615,25.37918,89.091446,0.50570595
3.6458333333333335,41.353928,-6.8018513,-2.930426,70.0,25.0,90.0,41.58291,-7.1443214,-2.6371336,70.9615,25.37918,89.091446,0.50570595
3.65,41.353928,-6.8018513,-2.930426,70.0,25.0,90.0,41.58291,-7.1443214,-2.6371336,70.9615,25.37918,89.091446,0.50570595
3.654166666666667,41.353928,-6.8018513,-2.930426,70.0,25.0,90.0,41.58291,-7.1443214,-2.6371336,70.9615,25.37918,89.091446,0.50570595
3.658333333333333,41.353928,-6.8018513,-2.930426,70.0,25.0,90.0,41.58291,-7.1443214,-2.6371336,70.9615,25.37918,89.091446,0.50570595
3.6625,41.353928,-6.8018513,-2.930426,70.0,25.0,90.0,41.58291,-7.1443214,-2.6371336,70.9615,25.37918,89.091446,0.50570595
3.6666666666666665,41.353928,-6.8018513,-2.930426,70.0,25.0,90.0,41.58291,-7.1443214,-2.6371336,70.9615,25.37918,89.091446,0.50570595
3.6708333333333334,41.353928,-6.8018513,-2.930426,70.0,25.0,90.0,41.58291,-7.1443214,-2.6371336,70.9615,25.37918,89.091446,0.50570595
3.675,41.353928,-6.8018513,-2.930426,70.0,25.0,90.0,41.58291,-7.1443214,-2.6371336,70.9615,25.37918,89.091446,0.50570595
3.6791666666666667,41.353928,-6.8018513,-2.930426,70.0,25.0,90.0,41.58291,-7.1443214,-2.6371336,70.9615,25.37918,89.091446,0.50570595
3.683333333333333,41.353928,-6.8018513,-2.930426,70.0,25.0,90.0,41.58291,-7.1443214,-2.6371336,70.9615,25.37918,89.091446,0.50570595
3.6875,41.353928,-6.8018513,-2.930426,70.0,25.0,90.0,41.58291,-7.1443214,-2.6371336,70.9615,25.37918,89.091446,0.50570595
3.691666666666667,41.353928,-6.8018513,-2.930426,70.0,25.0,90.0,41.58291,-7.1443214,-2.6371336,70.9615,25.37918,89.091446,0.50570595
3.6958333333333333,41.353928,-6.8018513,-2.930426,70.0,25.0,90.0,41.58291,-7.1443214,-2.6371336,70.9615,25.37918,89.091446,0.50570595
3.7,41.353928,-6.8018513,-2.930426,70.0,25.0,90.0,41.58291,-7.1443214,-2.6371336,70.9615,25.37918,89.091446,0.50570595
3.7041666666666666,41.353928,-6.8018513,-2.930426,70.0,25.0,90.0,41.58291,-7.1443214,-2.6371336,70.9615,25.37918,89.091446,0.50570595
3.7083333333333335,41.353928,-6.8018513,-2.930426,70.0,25.0,90.0,41.58291,-7.1443214,-2.6371336,70.9615,25.37918,89.091446,0.50570595
3.7125,41.353928,-6.8018513,-2.930426,70.0,25.0,90.0,41.58291,-7.1443214,-2.6371336,70.9615,25.37918,89.091446,0.50570595
3.716666666666667,41.353928,-6.8018513,-2.930426,70.0,25.0,90.0,41.58291,-7.1443214,-2.6371336,70.9615,25.37918,89.091446,0.50570595
3.720833333333333,41.353928,-6.8018513,-2.930426,70.0,25.0,90.0,41.58291,-7.1443214,-2.6371336,70.9615,25.37918,89.091446,0.50570595
3.725,41.353928,-6.8018513,-2.930426,70.0,25.0,90.0,41.58291,-7.1443214,-2.6371336,70.9615,25.37918,89.091446,0.50570595
3.7291666666666665,41.353928,-6.8018513,-2.930426,70.0,25.0,90.0,41.58291,-7.1443214,-2.6371336,70.9615,25.37918,89.091446,0.50570595
3.7333333333333334,41.353928,-6.8018513,-2.930426,70.0,25.0,90.0,41.58291,-7.1443214,-2.6371336,70.9615,25.37918,89.091446,0.50570595
3.7375,41.353928,-6.8018513,-2.930426,70.0,25.0,90.0,41.58291,-7.1443214,-2.6371336,70.9615,25.37918,89.091446,0.50570595
3.7416666666666667,41.353928,-6.8018513,-2.930426,70.0,25.0,90.0,41.58291,-7.1443214,-2.6371336,70.9615,25.37918,89.091446,0.50570595
3.745833333333333,41.353928,-6.8018513,-2.930426,70.0,25.0,90.0,41.58291,-7.1443214,-2.6371336,70.9615,25.37918,89.091446,0.50570595
3.75,41.353928,-6.8018513,-2.930426,70.0,25.0,90.0,41.58291,-7.1443214,-2.6371336,70.9615,25.37918,89.091446,0.50570595
3.754166666666667,41.353928,-6.8018513,-2.930426,70.0,25.0,90.0,41.58291,-7.1443214,-2.6371336,70.9615,25.37918,89.091446,0.50570595
3.7583333333333333,41.353928,-6.8018513,-2.930426,70.0,25.0,90.0,41.58291,-7.1443214,-2.6371336,70.9615,25.37918,89.091446,0.50570595
3.7625,41.353928,-6.8018513,-2.930426,70.0,25.0,90.0,41.58291,-7.1443214,-2.6371336,70.9615,25.37918,89.091446,0.50570595
3.7666666666666666,41.353928,-6.8018513,-2.930426,70.0,25.0,90.0,41.58291,-7.1443214,-2.6371336,70.9615,25.37918,89.091446,0.50570595
3.7708333333333335,41.353928,-6.8018513,-2.930426,70.0,25.0,90.0,41.58291,-7.1443214,-2.6371336,70.9615,25.37918,89.091446,0.50570595
3.775,41.353928,-6.8018513,-2.930426,70.0,25.0,90.0,41.58291,-7.1443214,-2.6371336,70.9615,25.37918,89.091446,0.50570595
3.779166666666667,41.353928,-6.8018513,-2.930426,70.0,25.0,90.0,41.58291,-7.1443214,-2.6371336,70.9615,25.37918,89.091446,0.50570595
3.783333333333333,41.353928,-6.8018513,-2.930426,70.0,25.0,90.0,41.58291,-7.1443214,-2.6371336,70.9615,25.37918,89.091446,0.50570595
3.7875,41.353928,-6.8018513,-2.930426,70.0,25.0,90.0,41.58291,-7.1443214,-2.6371336,70.9615,25.37918,89.091446,0.50570595
3.7916666666666665,41.353928,-6.8018513,-2.930426,70.0,25.0,90.0,41.58291,-7.1443195,-2.6371336,70.9615,25.37918,89.091446,0.50570464
3.7958333333333334,41.353928,-6.8018513,-2.930426,70.0,25.0,90.0,41.58291,-7.1443195,-2.6371307,70.9615,25.37918,89.091446,0.5057063
3.8,41.353928,-6.8018513,-2.930426,70.0,25.0,90.0,41.58291,-7.1443195,-2.6371307,70.9615,25.379177,89.091446,0.5057063
3.8041666666666667,41.353928,-6.8018513,-2.930426,70.0,25.0,90.0,41.58291,-7.1443167,-2.6371288,70.9615,25.37918,89.091446,0.5057055
3.808333333333333,41.353928,-6.8018513,-2.930426,70.0,25.0,90.0,41.58291,-7.1443195,-2.6371336,70.9615,25.37918,89.091446,0.50570464
3.8125,41.353928,-6.8018513,-2.930426,70.0,25.0,90.0,41.58291,-7.1443167,-2.6371317,70.9615,25.379177,89.091446,0.5057038
3.816666666666667,41.353928,-6.8018513,-2.930426,70.0,25.0,90.0,41.582905,-7.1443167,-2.6371346,70.96151,25.379177,89.091446,0.5057004
3.8208333333333333,41.353928,-6.8018513,-2.930426,70.0,25.0,90.0,41.58291,-7.1443167,-2.6371336,70.96151,25.37918,89.091446,0.5057027
3.825,41.353928,-6.8018513,-2.930426,70.0,25.0,90.0,41.58291,-7.144315,-2.6371317,70.96151,25.379177,89.091446,0.5057025
3.8291666666666666,41.353928,-6.8018513,-2.930426,70.0,25.0,90.0,41.58291,-7.144315,-2.6371317,70.9615,25.379177,89.09145,0.5057025
3.8333333333333335,41.353928,-6.8018513,-2.930426,70.0,25.0,90.0,41.582905,-7.1443157,-2.6371336,70.9615,25.37918,89.09145,0.50570035
3.8375,41.353928,-6.8018513,-2.930426,70.0,25.0,90.0,41.582905,-7.144315,-2.6371336,70.9615,25.37918,89.09146,0.5056997
3.841666666666667,41.353928,-6.8018513,-2.930426,70.0,25.0,90.0,41.582905,-7.144313,-2.6371346,70.9615,25.379177,89.09145,0.50569785
3.845833333333333,41.353928,-6.8018513,-2.930426,70.0,25.0,90.0,41.58291,-7.144312,-2.6371307,70.9615,25.37918,89.09146,0.5057011
3.85,41.353928,-6.8018513,-2.930426,70.0,25.0,90.0,41.58291,-7.144314,-2.6371355,70.9615,25.37918,89.09146,0.50569963
3.8541666666666665,41.353928,-6.8018513,-2.930426,70.0,25.0,90.0,41.582905,-7.144312,-2.6371336,70.9615,25.379177,89.09146,0.5056977
3.8583333333333334,41.353928,-6.8018513,-2.930426,70.0,25.0,90.0,41.582905,-7.144314,-2.6371317,70.9615,25.379177,89.09146,0.5057001
3.8625,41.353928,-6.8018513,-2.930426,70.0,25.0,90.0,41.58291,-7.144314,-2.6371307,70.9615,25.379177,89.09146,0.50570244
3.8666666666666667,41.353928,-6.8018513,-2.930426,70.0,25.0,90.0,41.58291,-7.144315,-2.6371307,70.9615,25.379177,89.09146,0.5057031
3.870833333333333,41.353928,-6.8018513,-2.930426,70.0,25.0,90.0,41.582905,-7.144314,-2.6371307,70.9615,25.379177,89.09145,0.5057007
3.875,41.353928,-6.8018513,-2.930426,70.0,25.0,90.0,41.58291,-7.1443167,-2.6371307,70.9615,25.37918,89.09145,0.50570434
3.879166666666667,41.353928,-6.8018513,-2.930426,70.0,25.0,90.0,41.58291,-7.1443157,-2.6371336,70.9615,25.37918,89.09145,0.5057021
3.8833333333333333,41.353928,-6.8018513,-2.930426,70.0,25.0,90.0,41.582905,-7.1443157,-2.6371336,70.9615,25.379177,89.09145,0.50570035
3.8875,41.353928,-6.8018513,-2.930426,70.0,25.0,90.0,41.582905,-7.1443167,-2.6371298,70.9615,25.37918,89.09145,0.50570315
3.8916666666666666,41.353928,-6.8018513,-2.930426,70.0,25.0,90.0,41.582905,-7.1443176,-2.6371307,70.9615,25.37918,89.09145,0.5057033
3.8958333333333335,41.353928,-6.8018513,-2.930426,70.0,25.0,90.0,41.582905,-7.1443176,-2.6371307,70.96151,25.37918,89.09145,0.5057033
3.9,41.353928,-6.8018513,-2.930426,70.0,25.0,90.0,41.582905,-7.1443157,-2.6371307,70.96151,25.379177,89.09145,0.505702
3.904166666666667,41.353928,-6.8018513,-2.930426,70.0,25.0,90.0,41.582905,-7.144314,-2.6371336,70.9615,25.379177,89.09145,0.50569904
3.908333333333333,41.353928,-6.8018513,-2.930426,70.0,25.0,90.0,41.582905,-7.144315,-2.6371307,70.96151,25.37918,89.09145,0.50570136
3.9125,41.353928,-6.8018513,-2.930426,70.0,25.0,90.0,41.582905,-7.1443176,-2.6371298,70.96151,25.379177,89.09145,0.5057038
3.9166666666666665,41.353928,-6.8018513,-2.930426,70.0,25.0,90.0,41.582905,-7.144315,-2.6371317,70.9615,25.379177,89.09145,0.50570077
3.9208333333333334,41.353928,-6.8018513,-2.930426,70.0,25.0,90.0,41.582905,-7.144314,-2.6371336,70.96151,25.37918,89.09145,0.50569904
3.925,41.353928,-6.8018513,-2.930426,70.0,25.0,90.0,41.582905,-7.1443167,-2.6371298,70.96151,25.37918,89.09145,0.50570315
3.9291666666666667,41.353928,-6.8018513,-2.930426,70.0,25.0,90.0,41.582905,-7.144314,-2.6371307,70.96151,25.379177,89.09145,0.5057007
3.933333333333333,41.353928,-6.8018513,-2.930426,70.0,25.0,90.0,41.582905,-7.1443176,-2.6371288,70.96151,25.379177,89.09145,0.5057044
3.9375,41.353928,-6.8018513,-2.930426,70.0,25.0,90.0,41.5829,-7.1443176,-2.6371288,70.96151,25.379173,89.09145,0.5057026
3.941666666666667,41.353928,-6.8018513,-2.930426,70.0,25.0,90.0,41.58291,-7.1443157,-2.6371317,70.96151,25.379177,89.09145,0.50570315
3.9458333333333333,41.353928,-6.8018513,-2.930426,70.0,25.0,90.0,41.58291,-7.144315,-2.6371317,70.96152,25.37918,89.09145,0.5057025
3.95,41.353928,-6.8018513,-2.930426,70.0,25.0,90.0,41.582905,-7.1443186,-2.6371307,70.96151,25.37918,89.09145,0.5057039
3.9541666666666666,41.353928,-6.8018513,-2.930426,70.0,25.0,90.0,41.582905,-7.1443195,-2.6371279,70.96151,25.37918,89.09145,0.50570625
3.9583333333333335,41.353928,-6.8018513,-2.930426,70.0,25.0,90.0,41.582905,-7.1443167,-2.637127,70.96151,25.379177,89.09145,0.5057048
3.9625,41.353928,-6.8018513,-2.930426,70.0,25.0,90.0,41.582905,-7.1443186,-2.6371307,70.96151,25.37918,89.09145,0.5057039
3.966666666666667,41.353928,-6.8018513,-2.930426,70.0,25.0,90.0,41.58291,-7.1443195,-2.6371298,70.96151,25.379177,89.091446,0.50570685
3.970833333333333,41.353928,-6.8018513,-2.930426,70.0,25.0,90.0,41.582905,-7.1443195,-2.6371307,70.96151,25.379177,89.091446,0.5057046
3.975,41.353928,-6.8018513,-2.930426,70.0,25.0,90.0,41.58291,-7.1443195,-2.6371317,70.96152,25.379173,89.091446,0.5057057
3.9791666666666665,41.353928,-6.8018513,-2.930426,70.0,25.0,90.0,41.58291,-7.1443195,-2.6371317,70.96152,25.379173,89.09144,0.5057057
3.9833333333333334,41.353928,-6.8018513,-2.930426,70.0,25.0,90.0,41.58291,-7.1443195,-2.6371307,70.96151,25.379177,89.091446,0.5057063
3.9875,41.353928,-6.8018513,-2.930426,70.0,25.0,90.0,41.58291,-7.1443214,-2.6371307,70.96151,25.379173,89.09144,0.50570756
3.9916666666666667,41.353928,-6.8018513,-2.930426,70.0,25.0,90.0,41.58291,-7.1443186,-2.6371346,70.96151,25.379177,89.09144,0.50570345
3.995833333333333,41.353928,-6.8018513,-2.930426,70.0,25.0,90.0,41.58291,-7.1443195,-2.6371307,70.96151,25.379173,89.091446,0.5057063
4.0,41.353928,-6.8018513,-2.930426,70.0,25.0,90.0,41.58291,-7.1443214,-2.6371279,70.9615,25.379177,89.091446,0.50570923
4.004166666666666,41.353928,-6.8018513,-2.930426,70.0,25.0,90.0,41.58291,-7.1443186,-2.6371288,70.9615,25.379177,89.091446,0.5057068
4.008333333333334,41.353928,-6.8018513,-2.930426,70.0,25.0,90.0,41.58291,-7.144314,-2.6371298,70.96151,25.37918,89.091446,0.505703
4.0125,41.353928,-6.8018513,-2.930426,70.0,25.0,90.0,41.58291,-7.1443205,-2.6371298,70.9615,25.37918,89.091446,0.50570744
4.016666666666667,41.353928,-6.8018513,-2.930426,70.0,25.0,90.0,41.582905,-7.1443186,-2.6371307,70.9615,25.379177,89.091446,0.5057039
4.020833333333333,41.353928,-6.8018513,-2.930426,70.0,25.0,90.0,41.58291,-7.1443186,-2.6371336,70.9615,25.379177,89.091446,0.505704
4.025,41.353928,-6.8018513,-2.930426,70.0,25.0,90.0,41.58291,-7.1443186,-2.6371317,70.9615,25.379177,89.091446,0.5057051
4.029166666666667,41.353928,-6.8018513,-2.930426,70.0,25.0,90.0,41.58291,-7.1443186,-2.6371307,70.9615,25.379177,89.091446,0.50570565
4.033333333333333,41.353928,-6.8018513,-2.930426,70.0,25.0,90.0,41.58291,-7.1443195,-2.6371317,70.9615,25.379177,89.091446,0.5057057
4.0375,41.353928,-6.8018513,-2.930426,70.0,25.0,90.0,41.58291,-7.1443195,-2.6371317,70.9615,25.379177,89.091446,0.5057057
4.041666666666667,41.353928,-6.8018513,-2.930426,70.0,25.0,90.0,41.58291,-7.1443195,-2.6371317,70.9615,25.379177,89.091446,0.5057057
4.045833333333333,41.353928,-6.8018513,-2.930426,70.0,25.0,90.0,41.58291,-7.1443195,-2.6371317,70.9615,25.379177,89.091446,0.5057057
4.05,41.353928,-6.8018513,-2.930426,70.0,25.0,90.0,41.58291,-7.1443195,-2.6371317,70.9615,25.379177,89.091446,0.5057057
4.054166666666666,41.353928,-6.8018513,-2.930426,70.0,25.0,90.0,41.58291,-7.1443195,-2.6371317,70.9615,25.379177,89.091446,0.5057057
4.058333333333334,41.353928,-6.8018513,-2.930426,70.0,25.0,90.0,41.58291,-7.1443195,-2.6371317,70.9615,25.379177,89.091446,0.5057057
4.0625,41.353928,-6.8018513,-2.930426,70.0,25.0,90.0,41.58291,-7.1443195,-2.6371317,70.9615,25.379177,89.091446,0.5057057
4.066666666666666,41.353928,-6.8018513,-2.930426,70.0,25.0,90.0,41.58291,-7.1443195,-2.6371317,70.9615,25.379177,89.091446,0.5057057
4.070833333333334,41.353928,-6.8018513,-2.930426,70.0,25.0,90.0,41.58291,-7.1443195,-2.6371317,70.9615,25.379177,89.091446,0.5057057
4.075,41.353928,-6.8018513,-2.930426,70.0,25.0,90.0,41.58291,-7.1443195,-2.6371317,70.9615,25.379177,89.091446,0.5057057
4.079166666666667,41.353928,-6.8018513,-2.930426,70.0,25.0,90.0,41.58291,-7.1443195,-2.6371317,70.9615,25.379177,89.091446,0.5057057
4.083333333333333,41.353928,-6.8018513,-2.930426,70.0,25.0,90.0,41.58291,-7.1443195,-2.6371317,70.9615,25.379177,89.091446,0.5057057
4.0875,41.353928,-6.8018513,-2.930426,70.0,25.0,90.0,41.58291,-7.1443195,-2.6371317,70.9615,25.379177,89.091446,0.5057057
4.091666666666667,41.353928,-6.8018513,-2.930426,70.0,25.0,90.0,41.58291,-7.1443195,-2.6371317,70.9615,25.379177,89.091446,0.5057057
4.095833333333333,41.353928,-6.8018513,-2.930426,70.0,25.0,90.0,41.58291,-7.1443195,-2.6371317,70.9615,25.379177,89.091446,0.5057057
4.1,41.353928,-6.8018513,-2.930426,70.0,25.0,90.0,41.58291,-7.1443195,-2.6371317,70.9615,25.379177,89.091446,0.5057057
4.104166666666667,41.353928,-6.8018513,-2.930426,70.0,25.0,90.0,41.58291,-7.1443195,-2.6371317,70.9615,25.379177,89.091446,0.5057057
4.108333333333333,41.353928,-6.8018513,-2.930426,70.0,25.0,90.0,41.58291,-7.1443195,-2.6371317,70.9615,25.379177,89.091446,0.5057057
4.1125,41.353928,-6.8018513,-2.930426,70.0,25.0,90.0,41.58291,-7.1443195,-2.6371317,70.9615,25.379177,89.091446,0.5057057
4.116666666666666,41.353928,-6.8018513,-2.930426,70.0,25.0,90.0,41.58291,-7.1443195,-2.6371317,70.9615,25.379177,89.091446,0.5057057
4.120833333333334,41.353928,-6.8018513,-2.930426,70.0,25.0,90.0,41.58291,-7.1443195,-2.6371317,70.9615,25.379177,89.091446,0.5057057
4.125,41.353928,-6.8018513,-2.930426,70.0,25.0,90.0,41.58291,-7.1443195,-2.6371317,70.9615,25.379177,89.091446,0.5057057
4.129166666666666,41.353928,-6.8018513,-2.930426,70.0,25.0,90.0,41.58291,-7.1443195,-2.6371317,70.9615,25.379177,89.091446,0.5057057
4.133333333333334,41.353928,-6.8018513,-2.930426,70.0,25.0,90.0,41.58291,-7.1443195,-2.6371317,70.9615,25.379177,89.091446,0.5057057
4.1375,41.353928,-6.8018513,-2.930426,70.0,25.0,90.0,41.58291,-7.1443195,-2.6371317,70.9615,25.379177,89.091446,0.5057057
4.141666666666667,41.353928,-6.8018513,-2.930426,70.0,25.0,90.0,41.58291,-7.1443195,-2.6371317,70.9615,25.379177,89.091446,0.5057057
4.145833333333333,41.353928,-6.8018513,-2.930426,70.0,25.0,90.0,41.58291,-7.1443195,-2.6371317,70.9615,25.379177,89.091446,0.5057057
4.15,41.353928,-6.8018513,-2.930426,70.0,25.0,90.0,41.58291,-7.1443195,-2.6371317,70.9615,25.379177,89.091446,0.5057057
4.154166666666667,41.353928,-6.8018513,-2.930426,70.0,25.0,90.0,41.58291,-7.1443195,-2.6371317,70.9615,25.379177,89.091446,0.5057057
4.158333333333333,41.353928,-6.8018513,-2.930426,70.0,25.0,90.0,41.58291,-7.1443195,-2.6371317,70.9615,25.379177,89.091446,0.5057057
4.1625,41.353928,-6.8018513,-2.930426,70.0,25.0,90.0,41.58291,-7.1443195,-2.6371317,70.9615,25.379177,89.091446,0.5057057
4.166666666666667,41.353928,-6.8018513,-2.930426,70.0,25.0,90.0,41.58291,-7.1443195,-2.6371317,70.9615,25.379177,89.091446,0.5057057
4.170833333333333,41.353928,-6.8018513,-2.930426,70.0,25.0,90.0,41.58291,-7.1443195,-2.6371317,70.9615,25.379177,89.091446,0.5057057
4.175,41.353928,-6.8018513,-2.930426,70.0,25.0,90.0,41.58291,-7.1443195,-2.6371317,70.9615,25.379177,89.091446,0.5057057
4.179166666666666,41.353928,-6.8018513,-2.930426,70.0,25.0,90.0,41.58291,-7.1443195,-2.6371317,70.9615,25.379177,89.091446,0.5057057
4.183333333333334,41.353928,-6.8018513,-2.930426,70.0,25.0,90.0,41.58291,-7.1443195,-2.6371317,70.9615,25.379177,89.091446,0.5057057
4.1875,41.353928,-6.8018513,-2.930426,70.0,25.0,90.0,41.58291,-7.1443195,-2.6371317,70.9615,25.379177,89.091446,0.5057057
4.191666666666666,41.353928,-6.8018513,-2.930426,70.0,25.0,90.0,41.582905,-7.1443195,-2.6371317,70.9615,25.379177,89.091446,0.505704
4.195833333333334,41.353928,-6.8018513,-2.930426,70.0,25.0,90.0,41.58291,-7.1443195,-2.6371298,70.9615,25.379173,89.091446,0.50570685
4.2,41.353928,-6.8018513,-2.930426,70.0,25.0,90.0,41.58291,-7.1443157,-2.6371317,70.9615,25.379177,89.091446,0.50570315
4.204166666666667,41.353928,-6.8018513,-2.930426,70.0,25.0,90.0,41.58291,-7.1443195,-2.6371288,70.9615,25.379177,89.091446,0.5057074
4.208333333333333,41.353928,-6.8018513,-2.930426,70.0,25.0,90.0,41.582905,-7.1443167,-2.6371317,70.96151,25.37918,89.091446,0.5057021
4.2125,41.353928,-6.8018513,-2.930426,70.0,25.0,90.0,41.58291,-7.1443157,-2.6371317,70.9615,25.379177,89.091446,0.50570315
4.216666666666667,41.353928,-6.8018513,-2.930426,70.0,25.0,90.0,41.58291,-7.1443167,-2.6371346,70.96151,25.379177,89.09145,0.50570214
4.220833333333333,41.353928,-6.8018513,-2.930426,70.0,25.0,90.0,41.582905,-7.144315,-2.6371307,70.9615,25.379177,89.09145,0.50570136
4.225,41.353928,-6.8018513,-2.930426,70.0,25.0,90.0,41.5829,-7.144314,-2.6371298,70.9615,25.37918,89.09145,0.5056995
4.229166666666667,41.353928,-6.8018513,-2.930426,70.0,25.0,90.0,41.582905,-7.144315,-2.6371336,70.9615,25.37918,89.09145,0.5056997
4.233333333333333,41.353928,-6.8018513,-2.930426,70.0,25.0,90.0,41.58291,-7.144312,-2.6371336,70.9615,25.379177,89.09146,0.50569946
4.2375,41.353928,-6.8018513,-2.930426,70.0,25.0,90.0,41.582905,-7.144312,-2.6371317,70.9615,25.379173,89.09146,0.50569886
4.241666666666666,41.353928,-6.8018513,-2.930426,70.0,25.0,90.0,41.58291,-7.144314,-2.6371298,70.96151,25.37918,89.09146,0.505703
4.245833333333334,41.353928,-6.8018513,-2.930426,70.0,25.0,90.0,41.58291,-7.144311,-2.6371346,70.9615,25.379177,89.09146,0.50569826
4.25,41.353928,-6.8018513,-2.930426,70.0,25.0,90.0,41.5829,-7.144312,-2.6371298,70.9615,25.37918,89.09146,0.5056982
4.254166666666666,41.353928,-6.8018513,-2.930426,70.0,25.0,90.0,41.582905,-7.144314,-2.6371298,70.9615,25.37918,89.09146,0.50570124
4.258333333333334,41.353928,-6.8018513,-2.930426,70.0,25.0,90.0,41.582905,-7.144311,-2.6371307,70.9615,25.37918,89.09146,0.50569874
4.2625,41.353928,-6.8018513,-2.930426,70.0,25.0,90.0,41.58291,-7.144311,-2.6371288,70.9615,25.37918,89.09146,0.5057016
4.266666666666667,41.353928,-6.8018513,-2.930426,70.0,25.0,90.0,41.582905,-7.144315,-2.6371298,70.9615,25.379177,89.09145,0.5057019
4.270833333333333,41.353928,-6.8018513,-2.930426,70.0,25.0,90.0,41.582905,-7.144314,-2.6371298,70.9615,25.37918,89.09145,0.50570124
4.275,41.353928,-6.8018513,-2.930426,70.0,25.0,90.0,41.582905,-7.1443167,-2.6371317,70.9615,25.37918,89.09145,0.5057021
4.279166666666667,41.353928,-6.8018513,-2.930426,70.0,25.0,90.0,41.5829,-7.144313,-2.6371298,70.9615,25.379177,89.09146,0.50569886
4.283333333333333,41.353928,-6.8018513,-2.930426,70.0,25.0,90.0,41.582905,-7.144313,-2.6371298,70.96151,25.37918,89.09145,0.5057006
4.2875,41.353928,-6.8018513,-2.930426,70.0,25.0,90.0,41.582905,-7.1443167,-2.637127,70.96151,25.37918,89.09146,0.5057048
4.291666666666667,41.353928,-6.8018513,-2.930426,70.0,25.0,90.0,41.582905,-7.144314,-2.6371298,70.96151,25.379177,89.09146,0.50570124
4.295833333333333,41.353928,-6.8018513,-2.930426,70.0,25.0,90.0,41.582905,-7.1443167,-2.6371298,70.96151,25.379177,89.09146,0.50570315
4.3,41.353928,-6.8018513,-2.930426,70.0,25.0,90.0,41.582905,-7.1443157,-2.6371298,70.96151,25.379177,89.09145,0.5057025
4.304166666666666,41.353928,-6.8018513,-2.930426,70.0,25.0,90.0,41.582905,-7.1443167,-2.6371288,70.96151,25.379177,89.09146,0.50570375
4.308333333333334,41.353928,-6.8018513,-2.930426,70.0,25.0,90.0,41.582905,-7.1443157,-2.6371279,70.96151,25.37918,89.09146,0.5057036
4.3125,41.353928,-6.8018513,-2.930426,70.0,25.0,90.0,41.582905,-7.1443167,-2.6371298,70.96151,25.37918,89.09146,0.50570315
4.316666666666666,41.353928,-6.8018513,-2.930426,70.0,25.0,90.0,41.582905,-7.1443167,-2.6371288,70.96151,25.37918,89.09146,0.50570375
4.320833333333334,41.353928,-6.8018513,-2.930426,70.0,25.0,90.0,41.582905,-7.1443176,-2.6371279,70.96151,25.37918,89.09146,0.50570494
4.325,41.353928,-6.8018513,-2.930426,70.0,25.0,90.0,41.582905,-7.1443157,-2.6371298,70.96151,25.379173,89.09146,0.5057025
4.329166666666667,41.353928,-6.8018513,-2.930426,70.0,25.0,90.0,41.582905,-7.1443157,-2.6371288,70.96151,25.37918,89.09145,0.5057031
4.333333333333333,41.353928,-6.8018513,-2.930426,70.0,25.0,90.0,41.582905,-7.1443157,-2.6371298,70.96151,25.379177,89.09146,0.5057025
4.3375,41.353928,-6.8018513,-2.930426,70.0,25.0,90.0,41.582905,-7.1443186,-2.6371307,70.96151,25.37918,89.09146,0.5057039
4.341666666666667,41.353928,-6.8018513,-2.930426,70.0,25.0,90.0,41.582905,-7.1443157,-2.6371288,70.96151,25.37918,89.09146,0.5057031
4.345833333333333,41.353928,-6.8018513,-2.930426,70.0,25.0,90.0,41.582905,-7.1443157,-2.6371307,70.96151,25.37918,89.09145,0.505702
4.35,41.353928,-6.8018513,-2.930426,70.0,25.0,90.0,41.58291,-7.1443186,-2.6371288,70.96152,25.379177,89.09145,0.5057068
4.354166666666667,41.353928,-6.8018513,-2.930426,70.0,25.0,90.0,41.58291,-7.1443195,-2.6371298,70.96152,25.379177,89.09145,0.50570685
4.358333333333333,41.353928,-6.8018513,-2.930426,70.0,25.0,90.0,41.58291,-7.1443195,-2.6371307,70.96151,25.379185,89.091446,0.5057063
4.3625,41.353928,-6.8018513,-2.930426,70.0,25.0,90.0,41.58291,-7.1443186,-2.6371298,70.96151,25.379185,89.091446,0.5057062
4.366666666666666,41.353928,-6.8018513,-2.930426,70.0,25.0,90.0,41.58291,-7.1443195,-2.6371317,70.96151,25.37918,89.091446,0.5057057
4.370833333333334,41.353928,-6.8018513,-2.930426,70.0,25.0,90.0,41.58291,-7.1443214,-2.6371317,70.96152,25.379177,89.091446,0.505707
4.375,41.353928,-6.8018513,-2.930426,70.0,25.0,90.0,41.58291,-7.1443195,-2.6371336,70.96152,25.37918,89.091446,0.50570464
4.379166666666666,41.353928,-6.8018513,-2.930426,70.0,25.0,90.0,41.58291,-7.1443167,-2.6371317,70.96152,25.37918,89.091446,0.5057038
4.383333333333334,41.353928,-6.8018513,-2.930426,70.0,25.0,90.0,41.58291,-7.1443167,-2.6371346,70.96151,25.379177,89.091446,0.50570214
4.3875,41.353928,-6.8018513,-2.930426,70.0,25.0,90.0,41.58291,-7.1443195,-2.6371346,70.96151,25.379173,89.091446,0.5057041
4.391666666666667,41.353928,-6.8018513,-2.930426,70.0,25.0,90.0,41.582905,-7.1443214,-2.6371298,70.96152,25.379177,89.091446,0.5057064
4.395833333333333,41.353928,-6.8018513,-2.930426,70.0,25.0,90.0,41.58291,-7.1443186,-2.6371298,70.96151,25.379177,89.091446,0.5057062
4.4,41.353928,-6.8018513,-2.930426,70.0,25.0,90.0,41.58291,-7.1443195,-2.6371317,70.96152,25.379177,89.091446,0.5057057
4.404166666666667,41.353928,-6.8018513,-2.930426,70.0,25.0,90.0,41.58291,-7.1443195,-2.6371336,70.96151,25.379173,89.091446,0.50570464
4.408333333333333,41.353928,-6.8018513,-2.930426,70.0,25.0,90.0,41.582905,-7.1443167,-2.6371279,70.96151,25.379177,89.091446,0.5057043
4.4125,41.353928,-6.8018513,-2.930426,70.0,25.0,90.0,41.58291,-7.1443167,-2.6371317,70.96151,25.379173,89.091446,0.5057038
4.416666666666667,41.353928,-6.8018513,-2.930426,70.0,25.0,90.0,41.58291,-7.1443167,-2.6371307,70.96151,25.379173,89.091446,0.50570434
4.420833333333333,41.353928,-6.8018513,-2.930426,70.0,25.0,90.0,41.58291,-7.1443167,-2.6371336,70.96151,25.379173,89.091446,0.5057027
4.425,41.353928,-6.8018513,-2.930426,70.0,25.0,90.0,41.58291,-7.1443186,-2.6371336,70.96151,25.379177,89.091446,0.505704
4.429166666666666,41.353928,-6.8018513,-2.930426,70.0,25.0,90.0,41.58291,-7.1443186,-2.6371346,70.96151,25.379177,89.091446,0.50570345
4.433333333333334,41.353928,-6.8018513,-2.930426,70.0,25.0,90.0,41.58291,-7.1443186,-2.6371346,70.96151,25.379177,89.091446,0.50570345
4.4375,41.353928,-6.8018513,-2.930426,70.0,25.0,90.0,41.58291,-7.1443186,-2.6371346,70.96151,25.379177,89.091446,0.50570345
4.441666666666666,41.353928,-6.8018513,-2.930426,70.0,25.0,90.0,41.58291,-7.1443186,-2.6371346,70.96151,25.379177,89.091446,0.50570345
4.445833333333334,41.353928,-6.8018513,-2.930426,70.0,25.0,90.0,41.58291,-7.1443186,-2.6371346,70.96151,25.379177,89.091446,0.50570345
4.45,41.353928,-6.8018513,-2.930426,70.0,25.0,90.0,41.58291,-7.1443186,-2.6371346,70.96151,25.379177,89.091446,0.50570345
4.454166666666667,41.353928,-6.8018513,-2.930426,70.0,25.0,90.0,41.58291,-7.1443186,-2.6371346,70.96151,25.379177,89.091446,0.50570345
4.458333333333333,41.353928,-6.8018513,-2.930426,70.0,25.0,90.0,41.58291,-7.1443186,-2.6371346,70.96151,25.379177,89.091446,0.50570345
4.4625,41.353928,-6.8018513,-2.930426,70.0,25.0,90.0,41.58291,-7.1443186,-2.6371346,70.96151,25.379177,89.091446,0.50570345
4.466666666666667,41.353928,-6.8018513,-2.930426,70.0,25.0,90.0,41.58291,-7.1443186,-2.6371346,70.96151,25.379177,89.091446,0.50570345
4.470833333333333,41.353928,-6.8018513,-2.930426,70.0,25.0,90.0,41.58291,-7.1443186,-2.6371346,70.96151,25.379177,89.091446,0.50570345
4.475,41.353928,-6.8018513,-2.930426,70.0,25.0,90.0,41.58291,-7.1443186,-2.6371346,70.96151,25.379177,89.091446,0.50570345
4.479166666666667,41.353928,-6.8018513,-2.930426,70.0,25.0,90.0,41.58291,-7.1443186,-2.6371346,70.96151,25.379177,89.091446,0.50570345
4.483333333333333,41.353928,-6.8018513,-2.930426,70.0,25.0,90.0,41.58291,-7.1443186,-2.6371346,70.96151,25.379177,89.091446,0.50570345
4.4875,41.353928,-6.8018513,-2.930426,70.0,25.0,90.0,41.58291,-7.1443186,-2.6371346,70.96151,25.379177,89.091446,0.50570345
4.491666666666666,41.353928,-6.8018513,-2.930426,70.0,25.0,90.0,41.58291,-7.1443186,-2.6371346,70.96151,25.379177,89.091446,0.50570345
4.495833333333334,41.353928,-6.8018513,-2.930426,70.0,25.0,90.0,41.58291,-7.1443186,-2.6371346,70.96151,25.379177,89.091446,0.50570345
4.5,41.353928,-6.8018513,-2.930426,70.0,25.0,90.0,41.58291,-7.1443186,-2.6371346,70.96151,25.379177,89.091446,0.50570345
4.504166666666666,41.353928,-6.8018513,-2.930426,70.0,25.0,90.0,41.58291,-7.1443186,-2.6371346,70.96151,25.379177,89.091446,0.50570345
4.508333333333334,41.353928,-6.8018513,-2.930426,70.0,25.0,90.0,41.58291,-7.1443186,-2.6371346,70.96151,25.379177,89.091446,0.50570345
4.5125,41.353928,-6.8018513,-2.930426,70.0,25.0,90.0,41.58291,-7.1443186,-2.6371346,70.96151,25.379177,89.091446,0.50570345
4.516666666666667,41.353928,-6.8018513,-2.930426,70.0,25.0,90.0,41.58291,-7.1443186,-2.6371346,70.96151,25.379177,89.091446,0.50570345
4.520833333333333,41.353928,-6.8018513,-2.930426,70.0,25.0,90.0,41.58291,-7.1443186,-2.6371346,70.96151,25.379177,89.091446,0.50570345
4.525,41.353928,-6.8018513,-2.930426,70.0,25.0,90.0,41.58291,-7.1443186,-2.6371346,70.96151,25.379177,89.091446,0.50570345
4.529166666666667,41.353928,-6.8018513,-2.930426,70.0,25.0,90.0,41.58291,-7.1443186,-2.6371346,70.96151,25.379177,89.091446,0.50570345
4.533333333333333,41.353928,-6.8018513,-2.930426,70.0,25.0,90.0,41.58291,-7.1443186,-2.6371346,70.96151,25.379177,89.091446,0.50570345
4.5375,41.353928,-6.8018513,-2.930426,70.0,25.0,90.0,41.58291,-7.1443186,-2.6371346,70.96151,25.379177,89.091446,0.50570345
4.541666666666667,41.353928,-6.8018513,-2.930426,70.0,25.0,90.0,41.58291,-7.1443186,-2.6371346,70.96151,25.379177,89.091446,0.50570345
4.545833333333333,41.353928,-6.8018513,-2.930426,70.0,25.0,90.0,41.58291,-7.1443186,-2.6371346,70.96151,25.379177,89.091446,0.50570345
4.55,41.353928,-6.8018513,-2.930426,70.0,25.0,90.0,41.58291,-7.1443186,-2.6371346,70.96151,25.379177,89.091446,0.50570345
4.554166666666666,41.353928,-6.8018513,-2.930426,70.0,25.0,90.0,41.58291,-7.1443186,-2.6371346,70.96151,25.379177,89.091446,0.50570345
4.558333333333334,41.353928,-6.8018513,-2.930426,70.0,25.0,90.0,41.58291,-7.1443186,-2.6371346,70.96151,25.379177,89.091446,0.50570345
4.5625,41.353928,-6.8018513,-2.930426,70.0,25.0,90.0,41.58291,-7.1443186,-2.6371346,70.96151,25.379177,89.091446,0.50570345
4.566666666666666,41.353928,-6.8018513,-2.930426,70.0,25.0,90.0,41.58291,-7.1443186,-2.6371346,70.96151,25.379177,89.091446,0.50570345
4.570833333333334,41.353928,-6.8018513,-2.930426,70.0,25.0,90.0,41.58291,-7.1443186,-2.6371346,70.96151,25.379177,89.091446,0.50570345
4.575,41.353928,-6.8018513,-2.930426,70.0,25.0,90.0,41.58291,-7.1443186,-2.6371346,70.96151,25.379177,89.091446,0.50570345
4.579166666666667,41.353928,-6.8018513,-2.930426,70.0,25.0,90.0,41.58291,-7.1443186,-2.6371346,70.96151,25.379177,89.091446,0.50570345
4.583333333333333,41.353928,-6.8018513,-2.930426,70.0,25.0,90.0,41.58291,-7.1443186,-2.6371317,70.96151,25.379177,89.091446,0.5057051
4.5875,41.353928,-6.8018513,-2.930426,70.0,25.0,90.0,41.58291,-7.1443195,-2.6371307,70.96151,25.379173,89.091446,0.5057063
4.591666666666667,41.353928,-6.8018513,-2.930426,70.0,25.0,90.0,41.58291,-7.1443167,-2.6371298,70.96151,25.379173,89.091446,0.5057049
4.595833333333333,41.353928,-6.8018513,-2.930426,70.0,25.0,90.0,41.58291,-7.1443167,-2.6371336,70.96151,25.379173,89.091446,0.5057027
4.6,41.353928,-6.8018513,-2.930426,70.0,25.0,90.0,41.58291,-7.1443195,-2.6371307,70.96151,25.379173,89.091446,0.5057063
4.604166666666667,41.353928,-6.8018513,-2.930426,70.0,25.0,90.0,41.58291,-7.1443195,-2.6371317,70.96151,25.379173,89.091446,0.5057057
4.608333333333333,41.353928,-6.8018513,-2.930426,70.0,25.0,90.0,41.582905,-7.1443167,-2.6371336,70.96151,25.379173,89.09145,0.505701
4.6125,41.353928,-6.8018513,-2.930426,70.0,25.0,90.0,41.58291,-7.1443167,-2.6371355,70.96151,25.379173,89.09145,0.5057016
4.616666666666666,41.353928,-6.8018513,-2.930426,70.0,25.0,90.0,41.582905,-7.144315,-2.6371365,70.9615,25.37918,89.09145,0.505698
4.620833333333334,41.353928,-6.8018513,-2.930426,70.0,25.0,90.0,41.582905,-7.144314,-2.6371317,70.9615,25.37918,89.09145,0.5057001
4.625,41.353928,-6.8018513,-2.930426,70.0,25.0,90.0,41.58291,-7.1443167,-2.6371336,70.9615,25.37918,89.09146,0.5057027
4.629166666666666,41.353928,-6.8018513,-2.930426,70.0,25.0,90.0,41.582905,-7.144314,-2.6371355,70.9615,25.379177,89.09146,0.5056979
4.633333333333334,41.353928,-6.8018513,-2.930426,70.0,25.0,90.0,41.58291,-7.144311,-2.6371336,70.9615,25.379177,89.09146,0.5056988
4.6375,41.353928,-6.8018513,-2.930426,70.0,25.0,90.0,41.58291,-7.144314,-2.6371279,70.96151,25.37918,89.09146,0.5057041
4.641666666666667,41.353928,-6.8018513,-2.930426,70.0,25.0,90.0,41.582905,-7.144312,-2.6371336,70.9615,25.37918,89.09146,0.5056977
4.645833333333333,41.353928,-6.8018513,-2.930426,70.0,25.0,90.0,41.582905,-7.1443167,-2.6371307,70.9615,25.379177,89.09146,0.5057026
4.65,41.353928,-6.8018513,-2.930426,70.0,25.0,90.0,41.5829,-7.144315,-2.6371307,70.9615,25.379177,89.09146,0.5056996
4.654166666666667,41.353928,-6.8018513,-2.930426,70.0,25.0,90.0,41.582905,-7.144313,-2.6371307,70.9615,25.37918,89.09146,0.50570005
4.658333333333333,41.353928,-6.8018513,-2.930426,70.0,25.0,90.0,41.582905,-7.144315,-2.6371307,70.9615,25.37918,89.09146,0.50570136
4.6625,41.353928,-6.8018513,-2.930426,70.0,25.0,90.0,41.582905,-7.144315,-2.6371307,70.9615,25.37918,89.09146,0.50570136
4.666666666666667,41.353928,-6.8018513,-2.930426,70.0,25.0,90.0,41.582905,-7.144315,-2.6371336,70.9615,25.379173,89.09146,0.5056997
4.670833333333333,41.353928,-6.8018513,-2.930426,70.0,25.0,90.0,41.582905,-7.144315,-2.6371317,70.96151,25.37918,89.09146,0.50570077
4.675,41.353928,-6.8018513,-2.930426,70.0,25.0,90.0,41.582905,-7.1443157,-2.6371307,70.9615,25.379177,89.09146,0.505702
4.679166666666666,41.353928,-6.8018513,-2.930426,70.0,25.0,90.0,41.582905,-7.1443167,-2.6371307,70.9615,25.37918,89.09145,0.5057026
4.683333333333334,41.353928,-6.8018513,-2.930426,70.0,25.0,90.0,41.582905,-7.1443157,-2.6371298,70.9615,25.37918,89.09145,0.5057025
4.6875,41.353928,-6.8018513,-2.930426,70.0,25.0,90.0,41.582905,-7.144314,-2.6371298,70.9615,25.379177,89.09145,0.50570124
4.691666666666666,41.353928,-6.8018513,-2.930426,70.0,25.0,90.0,41.582905,-7.1443167,-2.6371279,70.9615,25.37918,89.09146,0.5057043
4.695833333333334,41.353928,-6.8018513,-2.930426,70.0,25.0,90.0,41.582905,-7.1443157,-2.6371298,70.96151,25.379177,89.09145,0.5057025
4.7,41.353928,-6.8018513,-2.930426,70.0,25.0,90.0,41.582905,-7.144313,-2.6371288,70.96151,25.379177,89.09145,0.5057012
4.704166666666667,41.353928,-6.8018513,-2.930426,70.0,25.0,90.0,41.58291,-7.144314,-2.6371279,70.9615,25.379177,89.09145,0.5057041
4.708333333333333,41.353928,-6.8018513,-2.930426,70.0,25.0,90.0,41.58291,-7.144314,-2.637127,70.9615,25.37918,89.09145,0.50570464
4.7125,41.353928,-6.8018513,-2.930426,70.0,25.0,90.0,41.582905,-7.1443157,-2.6371298,70.96151,25.37918,89.09145,0.5057025
4.716666666666667,41.353928,-6.8018513,-2.930426,70.0,25.0,90.0,41.58291,-7.144314,-2.637126,70.9615,25.37918,89.09145,0.5057052
4.720833333333333,41.353928,-6.8018513,-2.930426,70.0,25.0,90.0,41.582905,-7.144314,-2.637127,70.9615,25.379177,89.09145,0.5057029
4.725,41.353928,-6.8018513,-2.930426,70.0,25.0,90.0,41.58291,-7.1443157,-2.6371288,70.96151,25.379177,89.09145,0.5057048
4.729166666666667,41.353928,-6.8018513,-2.930426,70.0,25.0,90.0,41.582905,-7.1443167,-2.6371298,70.96151,25.37918,89.09145,0.50570315
4.733333333333333,41.353928,-6.8018513,-2.930426,70.0,25.0,90.0,41.582905,-7.1443167,-2.6371317,70.96151,25.379177,89.09145,0.5057021
4.7375,41.353928,-6.8018513,-2.930426,70.0,25.0,90.0,41.58291,-7.1443167,-2.6371336,70.96151,25.37918,89.09145,0.5057027
4.741666666666666,41.353928,-6.8018513,-2.930426,70.0,25.0,90.0,41.58291,-7.1443186,-2.6371317,70.96151,25.37918,89.091446,0.5057051
4.745833333333334,41.353928,-6.8018513,-2.930426,70.0,25.0,90.0,41.58291,-7.1443186,-2.6371317,70.96151,25.37918,89.091446,0.5057051
4.75,41.353928,-6.8018513,-2.930426,70.0,25.0,90.0,41.582504,-7.1356125,-2.6442232,70.957825,25.399426,89.08944,0.49553588
4.754166666666666,41.353928,-6.8018513,-2.930426,70.0,25.0,90.0,41.569515,-7.1408243,-2.682495,70.88405,25.396301,89.10097,0.47207034
4.758333333333334,41.353928,-6.8018513,-2.930426,70.0,25.0,90.0,41.53276,-7.159954,-2.7425032,70.710785,25.307682,89.170044,0.44219205
4.7625,41.353928,-6.8018513,-2.930426,70.0,25.0,90.0,41.462105,-7.302702,-2.7928915,70.42514,25.075336,89.26236,0.5305369
4.766666666666667,41.353928,-6.8018513,-2.930426,70.0,25.0,90.0,41.35064,-7.3317413,-2.6047525,70.44869,24.765377,89.49626,0.62197864
4.770833333333333,41.353928,-6.8018513,-2.930426,70.0,25.0,90.0,41.2623,-7.425026,-2.5798845,70.41106,24.690136,89.361145,0.72084796
4.775,41.353928,-6.8018513,-2.930426,70.0,25.0,90.0,41.03327,-6.878414,-2.0866823,70.46061,25.224281,89.71034,0.9058616
4.779166666666667,41.353928,-6.8018513,-2.930426,70.0,25.0,90.0,40.267334,-6.6499767,-2.025135,70.43915,24.420906,90.67965,1.4224286
4.783333333333333,41.353928,-6.8018513,-2.930426,70.0,25.0,90.0,39.88157,-6.5327015,-2.1010437,70.493706,24.383614,91.28323,1.7111857
4.7875,41.353928,-6.8018513,-2.930426,70.0,25.0,90.0,40.017456,-5.5000334,-0.47200394,72.44565,29.160057,91.27526,3.0862153
4.791666666666667,41.353928,-6.8018513,-2.930426,70.0,25.0,90.0,39.75213,-6.3506155,-1.2481947,72.406296,28.39994,91.02469,2.366279
4.795833333333333,41.353928,-6.8018513,-2.930426,70.0,25.0,90.0,40.340355,-6.7743053,-2.84579,71.45058,25.32117,91.7256,1.0174731
