time_s,true_wrist_X_cm,true_wrist_Y_cm,true_wrist_Z_cm,true_shoulder_elv_deg,true_shoulder_rot_deg,true_elbow_flexion_deg,pred_wrist_X_cm,pred_wrist_Y_cm,pred_wrist_Z_cm,pred_shoulder_elv_deg,pred_shoulder_rot_deg,pred_elbow_flexion_deg,l2_distance_cm
0.0,41.353928,-6.8018513,-2.930426,70.0,25.0,90.0,41.178894,-7.8620634,-0.6114216,71.07297,24.050457,91.51739,2.555869
0.004166666666666667,41.353928,-6.8018513,-2.930426,70.0,25.0,90.0,41.515434,-8.226579,-1.1670971,70.487114,23.887886,91.23066,2.272721
0.008333333333333333,41.353928,-6.8018513,-2.930426,70.0,25.0,90.0,41.761375,-8.212579,-1.9326935,69.63225,24.07209,91.204056,1.7752846
0.0125,41.353928,-6.8018513,-2.930426,70.0,25.0,90.0,41.333527,-7.473871,-2.565158,71.11708,25.549122,90.14712,0.76514554
0.016666666666666666,41.353928,-6.8018513,-2.930426,70.0,25.0,90.0,41.16355,-6.717944,-2.1972322,72.18843,27.131413,88.94317,0.7621394
0.020833333333333332,41.353928,-6.8018513,-2.930426,70.0,25.0,90.0,40.70736,-7.227607,-3.414465,70.19997,26.697021,88.70727,0.91302365
0.025,41.353928,-6.8018513,-2.930426,70.0,25.0,90.0,41.27058,-7.9346714,-3.0466347,70.03523,24.794685,89.04813,1.1418111
0.029166666666666667,41.353928,-6.8018513,-2.930426,70.0,25.0,90.0,41.369713,-7.613921,-2.8339386,70.49305,25.185001,89.09563,0.8179342
0.03333333333333333,41.353928,-6.8018513,-2.930426,70.0,25.0,90.0,41.47754,-7.3937254,-2.72192,70.70819,25.383472,89.06018,0.6395854
0.0375,41.353928,-6.8018513,-2.930426,70.0,25.0,90.0,41.53079,-7.2971582,-2.645792,70.8868,25.361927,89.02609,0.5980177
0.041666666666666664,41.353928,-6.8018513,-2.930426,70.0,25.0,90.0,41.57393,-7.210125,-2.632927,70.940285,25.396278,89.0528,0.55099326
0.04583333333333333,41.353928,-6.8018513,-2.930426,70.0,25.0,90.0,41.590446,-7.1567955,-2.6476393,70.92261,25.377686,89.06868,0.51175666
0.05,41.353928,-6.8018513,-2.930426,70.0,25.0,90.0,41.582966,-7.1443653,-2.6371775,70.96147,25.37915,89.09131,0.5057361
0.05416666666666667,41.353928,-6.8018513,-2.930426,70.0,25.0,90.0,41.582966,-7.1443653,-2.6371775,70.96147,25.37915,89.09131,0.5057361
0.058333333333333334,41.353928,-6.8018513,-2.930426,70.0,25.0,90.0,41.582966,-7.1443653,-2.6371775,70.96147,25.37915,89.09131,0.5057361
0.0625,41.353928,-6.8018513,-2.930426,70.0,25.0,90.0,41.582966,-7.1443653,-2.6371775,70.96147,25.37915,89.09131,0.5057361
0.06666666666666667,41.353928,-6.8018513,-2.930426,70.0,25.0,90.0,41.582966,-7.1443653,-2.6371775,70.96147,25.37915,89.09131,0.5057361
0.07083333333333333,41.353928,-6.8018513,-2.930426,70.0,25.0,90.0,41.582966,-7.1443653,-2.6371775,70.96147,25.37915,89.09131,0.5057361
0.075,41.353928,-6.8018513,-2.930426,70.0,25.0,90.0,41.582966,-7.1443653,-2.6371775,70.96147,25.37915,89.09131,0.5057361
0.07916666666666666,41.353928,-6.8018513,-2.930426,70.0,25.0,90.0,41.582966,-7.1443653,-2.6371775,70.96147,25.37915,89.09131,0.5057361
0.08333333333333333,41.353928,-6.8018513,-2.930426,70.0,25.0,90.0,41.582966,-7.1443653,-2.6371775,70.96147,25.37915,89.09131,0.5057361
0.0875,41.353928,-6.8018513,-2.930426,70.0,25.0,90.0,41.582966,-7.1443653,-2.6371775,70.96147,25.37915,89.09131,0.5057361
0.09166666666666666,41.353928,-6.8018513,-2.930426,70.0,25.0,90.0,41.582966,-7.1443653,-2.6371775,70.96147,25.37915,89.09131,0.5057361
0.09583333333333334,41.353928,-6.8018513,-2.930426,70.0,25.0,90.0,41.582966,-7.1443653,-2.6371775,70.96147,25.37915,89.09131,0.5057361
0.1,41.353928,-6.8018513,-2.930426,70.0,25.0,90.0,41.582966,-7.1443653,-2.6371775,70.96147,25.37915,89.09131,0.5057361
0.10416666666666667,41.353928,-6.8018513,-2.930426,70.0,25.0,90.0,41.582966,-7.1443653,-2.6371775,70.96147,25.37915,89.09131,0.5057361
0.10833333333333334,41.353928,-6.8018513,-2.930426,70.0,25.0,90.0,41.582966,-7.1443653,-2.6371775,70.96147,25.37915,89.09131,0.5057361
0.1125,41.353928,-6.8018513,-2.930426,70.0,25.0,90.0,41.582966,-7.1443653,-2.6371775,70.96147,25.37915,89.09131,0.5057361
0.11666666666666667,41.353928,-6.8018513,-2.930426,70.0,25.0,90.0,41.582966,-7.1443653,-2.6371775,70.96147,25.37915,89.09131,0.5057361
0.12083333333333333,41.353928,-6.8018513,-2.930426,70.0,25.0,90.0,41.582966,-7.1443653,-2.6371775,70.96147,25.37915,89.09131,0.5057361
0.125,41.353928,-6.8018513,-2.930426,70.0,25.0,90.0,41.582966,-7.1443653,-2.6371775,70.96147,25.37915,89.09131,0.5057361
0.12916666666666668,41.353928,-6.8018513,-2.930426,70.0,25.0,90.0,41.582966,-7.1443653,-2.6371775,70.96147,25.37915,89.09131,0.5057361
0.13333333333333333,41.353928,-6.8018513,-2.930426,70.0,25.0,90.0,41.582966,-7.1443653,-2.6371775,70.96147,25.37915,89.09131,0.5057361
0.1375,41.353928,-6.8018513,-2.930426,70.0,25.0,90.0,41.582966,-7.1443653,-2.6371775,70.96147,25.37915,89.09131,0.5057361
0.14166666666666666,41.353928,-6.8018513,-2.930426,70.0,25.0,90.0,41.582966,-7.1443653,-2.6371775,70.96147,25.37915,89.09131,0.5057361
0.14583333333333334,41.353928,-6.8018513,-2.930426,70.0,25.0,90.0,41.582966,-7.1443653,-2.6371775,70.96147,25.37915,89.09131,0.5057361
0.15,41.353928,-6.8018513,-2.930426,70.0,25.0,90.0,41.582966,-7.1443653,-2.6371775,70.96147,25.37915,89.09131,0.5057361
0.15416666666666667,41.353928,-6.8018513,-2.930426,70.0,25.0,90.0,41.582966,-7.1443653,-2.6371775,70.96147,25.37915,89.09131,0.5057361
0.15833333333333333,41.353928,-6.8018513,-2.930426,70.0,25.0,90.0,41.582966,-7.1443653,-2.6371775,70.96147,25.37915,89.09131,0.5057361
0.1625,41.353928,-6.8018513,-2.930426,70.0,25.0,90.0,41.582966,-7.1443653,-2.6371775,70.96147,25.37915,89.09131,0.5057361
0.16666666666666666,41.353928,-6.8018513,-2.930426,70.0,25.0,90.0,41.582966,-7.1443653,-2.6371775,70.96147,25.37915,89.09131,0.5057361
0.17083333333333334,41.353928,-6.8018513,-2.930426,70.0,25.0,90.0,41.582966,-7.1443653,-2.6371775,70.96147,25.37915,89.09131,0.5057361
0.175,41.353928,-6.8018513,-2.930426,70.0,25.0,90.0,41.582966,-7.1443653,-2.6371775,70.96147,25.37915,89.09131,0.5057361
0.17916666666666667,41.353928,-6.8018513,-2.930426,70.0,25.0,90.0,41.582966,-7.1443653,-2.6371775,70.96147,25.37915,89.09131,0.5057361
0.18333333333333332,41.353928,-6.8018513,-2.930426,70.0,25.0,90.0,41.582966,-7.1443653,-2.6371775,70.96147,25.37915,89.09131,0.5057361
0.1875,41.353928,-6.8018513,-2.930426,70.0,25.0,90.0,41.582966,-7.1443653,-2.6371775,70.96147,25.37915,89.09131,0.5057361
0.19166666666666668,41.353928,-6.8018513,-2.930426,70.0,25.0,90.0,41.582966,-7.1443653,-2.6371775,70.96147,25.37915,89.09131,0.5057361
0.19583333333333333,41.353928,-6.8018513,-2.930426,70.0,25.0,90.0,41.582966,-7.1443653,-2.6371775,70.96147,25.37915,89.09131,0.5057361
0.2,41.353928,-6.8018513,-2.930426,70.0,25.0,90.0,41.582966,-7.1443653,-2.6371775,70.96147,25.37915,89.09131,0.5057361
0.20416666666666666,41.353928,-6.8018513,-2.930426,70.0,25.0,90.0,41.582966,-7.1443653,-2.6371775,70.96147,25.37915,89.09131,0.5057361
0.20833333333333334,41.353928,-6.8018513,-2.930426,70.0,25.0,90.0,41.582966,-7.1443653,-2.6371775,70.96147,25.37915,89.09131,0.5057361
0.2125,41.353928,-6.8018513,-2.930426,70.0,25.0,90.0,41.582966,-7.1443653,-2.6371775,70.96147,25.37915,89.09131,0.5057361
0.21666666666666667,41.353928,-6.8018513,-2.930426,70.0,25.0,90.0,41.582966,-7.1443653,-2.6371775,70.96147,25.37915,89.09131,0.5057361
0.22083333333333333,41.353928,-6.8018513,-2.930426,70.0,25.0,90.0,41.582966,-7.1443653,-2.6371775,70.96147,25.37915,89.09131,0.5057361
0.225,41.353928,-6.8018513,-2.930426,70.0,25.0,90.0,41.582966,-7.1443653,-2.6371775,70.96147,25.37915,89.09131,0.5057361
0.22916666666666666,41.353928,-6.8018513,-2.930426,70.0,25.0,90.0,41.582966,-7.1443653,-2.6371775,70.96147,25.37915,89.09131,0.5057361
0.23333333333333334,41.353928,-6.8018513,-2.930426,70.0,25.0,90.0,41.582966,-7.1443653,-2.6371775,70.96147,25.37915,89.09131,0.5057361
0.2375,41.353928,-6.8018513,-2.930426,70.0,25.0,90.0,41.582966,-7.1443653,-2.6371775,70.96147,25.37915,89.09131,0.5057361
0.24166666666666667,41.353928,-6.8018513,-2.930426,70.0,25.0,90.0,41.582966,-7.1443653,-2.6371775,70.96147,25.37915,89.09131,0.5057361
0.24583333333333332,41.353928,-6.8018513,-2.930426,70.0,25.0,90.0,41.582966,-7.1443653,-2.6371775,70.96147,25.37915,89.09131,0.5057361
0.25,41.353928,-6.8018513,-2.930426,70.0,25.0,90.0,41.582966,-7.1443653,-2.6371775,70.96147,25.37915,89.09131,0.5057361
0.25416666666666665,41.353928,-6.8018513,-2.930426,70.0,25.0,90.0,41.582966,-7.1443653,-2.6371775,70.96147,25.37915,89.09131,0.5057361
0.25833333333333336,41.353928,-6.8018513,-2.930426,70.0,25.0,90.0,41.582966,-7.1443653,-2.6371775,70.96147,25.37915,89.09131,0.5057361
0.2625,41.353928,-6.8018513,-2.930426,70.0,25.0,90.0,41.582966,-7.1443653,-2.6371775,70.96147,25.37915,89.09131,0.5057361
0.26666666666666666,41.353928,-6.8018513,-2.930426,70.0,25.0,90.0,41.582966,-7.1443653,-2.6371775,70.96147,25.37915,89.09131,0.5057361
0.2708333333333333,41.353928,-6.8018513,-2.930426,70.0,25.0,90.0,41.582966,-7.1443653,-2.6371775,70.96147,25.37915,89.0913,0.5057361
0.275,41.353928,-6.8018513,-2.930426,70.0,25.0,90.0,41.582966,-7.1443653,-2.6371784,70.96147,25.37915,89.09131,0.5057356
0.2791666666666667,41.353928,-6.8018513,-2.930426,70.0,25.0,90.0,41.582966,-7.1443653,-2.6371756,70.96147,25.379147,89.09131,0.50573725
0.2833333333333333,41.353928,-6.8018513,-2.930426,70.0,25.0,90.0,41.582962,-7.1443653,-2.6371756,70.96147,25.37915,89.09131,0.50573546
0.2875,41.353928,-6.8018513,-2.930426,70.0,25.0,90.0,41.582962,-7.1443653,-2.6371784,70.96147,25.37915,89.09131,0.5057338
0.2916666666666667,41.353928,-6.8018513,-2.930426,70.0,25.0,90.0,41.582962,-7.1443644,-2.6371794,70.96147,25.379147,89.09131,0.50573266
0.29583333333333334,41.353928,-6.8018513,-2.930426,70.0,25.0,90.0,41.582962,-7.1443653,-2.6371794,70.96147,25.37915,89.09131,0.5057333
0.3,41.353928,-6.8018513,-2.930426,70.0,25.0,90.0,41.582962,-7.1443644,-2.6371803,70.96147,25.379147,89.09131,0.50573206
0.30416666666666664,41.353928,-6.8018513,-2.930426,70.0,25.0,90.0,41.582962,-7.1443653,-2.6371775,70.961464,25.37915,89.09131,0.5057344
0.30833333333333335,41.353928,-6.8018513,-2.930426,70.0,25.0,90.0,41.582962,-7.1443653,-2.6371756,70.961464,25.37915,89.09132,0.50573546
0.3125,41.353928,-6.8018513,-2.930426,70.0,25.0,90.0,41.582962,-7.1443644,-2.6371784,70.961464,25.379147,89.09132,0.5057332
0.31666666666666665,41.353928,-6.8018513,-2.930426,70.0,25.0,90.0,41.582962,-7.1443624,-2.6371756,70.96147,25.379147,89.09132,0.50573355
0.32083333333333336,41.353928,-6.8018513,-2.930426,70.0,25.0,90.0,41.582962,-7.1443644,-2.6371784,70.96147,25.37915,89.09132,0.5057332
0.325,41.353928,-6.8018513,-2.930426,70.0,25.0,90.0,41.582962,-7.1443605,-2.6371784,70.961464,25.379147,89.09132,0.5057306
0.32916666666666666,41.353928,-6.8018513,-2.930426,70.0,25.0,90.0,41.582962,-7.1443644,-2.6371756,70.961464,25.379147,89.09132,0.5057348
0.3333333333333333,41.353928,-6.8018513,-2.930426,70.0,25.0,90.0,41.582962,-7.1443653,-2.6371794,70.961464,25.379143,89.09132,0.5057333
0.3375,41.353928,-6.8018513,-2.930426,70.0,25.0,90.0,41.582962,-7.1443644,-2.6371775,70.961464,25.379147,89.09132,0.5057337
0.3416666666666667,41.353928,-6.8018513,-2.930426,70.0,25.0,90.0,41.582962,-7.1443605,-2.6371784,70.961464,25.379147,89.09132,0.5057306
0.3458333333333333,41.353928,-6.8018513,-2.930426,70.0,25.0,90.0,41.582962,-7.1443577,-2.6371775,70.96147,25.379147,89.09132,0.5057292
0.35,41.353928,-6.8018513,-2.930426,70.0,25.0,90.0,41.582962,-7.1443624,-2.6371794,70.96147,25.379147,89.09132,0.50573134
0.3541666666666667,41.353928,-6.8018513,-2.930426,70.0,25.0,90.0,41.582962,-7.1443644,-2.6371822,70.961464,25.379147,89.09132,0.5057309
0.35833333333333334,41.353928,-6.8018513,-2.930426,70.0,25.0,90.0,41.582962,-7.1443644,-2.6371803,70.96147,25.379147,89.09132,0.50573206
0.3625,41.353928,-6.8018513,-2.930426,70.0,25.0,90.0,41.582962,-7.1443644,-2.6371794,70.96147,25.379147,89.09132,0.50573266
0.36666666666666664,41.353928,-6.8018513,-2.930426,70.0,25.0,90.0,41.58296,-7.1443644,-2.6371794,70.961464,25.379147,89.09132,0.50573087
0.37083333333333335,41.353928,-6.8018513,-2.930426,70.0,25.0,90.0,41.58296,-7.1443624,-2.6371784,70.96147,25.379147,89.09132,0.50573015
0.375,41.353928,-6.8018513,-2.930426,70.0,25.0,90.0,41.582962,-7.1443644,-2.6371775,70.96147,25.379147,89.09132,0.5057337
0.37916666666666665,41.353928,-6.8018513,-2.930426,70.0,25.0,90.0,41.582962,-7.1443644,-2.6371756,70.96147,25.379147,89.09132,0.5057348
0.38333333333333336,41.353928,-6.8018513,-2.930426,70.0,25.0,90.0,41.58296,-7.1443624,-2.6371756,70.96147,25.379147,89.09132,0.5057318
0.3875,41.353928,-6.8018513,-2.930426,70.0,25.0,90.0,41.582962,-7.1443644,-2.6371775,70.96147,25.379147,89.09132,0.5057337
0.39166666666666666,41.353928,-6.8018513,-2.930426,70.0,25.0,90.0,41.582962,-7.1443624,-2.6371775,70.96147,25.379147,89.09132,0.5057325
0.3958333333333333,41.353928,-6.8018513,-2.930426,70.0,25.0,90.0,41.582962,-7.1443624,-2.6371784,70.96147,25.379147,89.09132,0.5057319
0.4,41.353928,-6.8018513,-2.930426,70.0,25.0,90.0,41.582962,-7.1443634,-2.6371775,70.96147,25.37915,89.09132,0.50573313
0.4041666666666667,41.353928,-6.8018513,-2.930426,70.0,25.0,90.0,41.582962,-7.1443605,-2.6371775,70.96147,25.379147,89.09132,0.50573117
0.4083333333333333,41.353928,-6.8018513,-2.930426,70.0,25.0,90.0,41.582962,-7.1443644,-2.6371775,70.96147,25.37915,89.09132,0.5057337
0.4125,41.353928,-6.8018513,-2.930426,70.0,25.0,90.0,41.582962,-7.1443605,-2.6371784,70.96147,25.379147,89.09132,0.5057306
0.4166666666666667,41.353928,-6.8018513,-2.930426,70.0,25.0,90.0,41.582962,-7.1443644,-2.6371746,70.96147,25.379147,89.09132,0.5057354
0.42083333333333334,41.353928,-6.8018513,-2.930426,70.0,25.0,90.0,41.582962,-7.1443605,-2.6371775,70.96148,25.379147,89.09132,0.50573117
0.425,41.353928,-6.8018513,-2.930426,70.0,25.0,90.0,41.582962,-7.1443624,-2.6371746,70.96147,25.37915,89.09131,0.5057341
0.42916666666666664,41.353928,-6.8018513,-2.930426,70.0,25.0,90.0,41.582962,-7.144367,-2.6371775,70.96147,25.379147,89.09131,0.5057357
0.43333333333333335,41.353928,-6.8018513,-2.930426,70.0,25.0,90.0,41.582962,-7.144368,-2.6371756,70.96147,25.37915,89.09131,0.5057374
0.4375,41.353928,-6.8018513,-2.930426,70.0,25.0,90.0,41.582962,-7.1443653,-2.6371756,70.96148,25.37915,89.09131,0.50573546
0.44166666666666665,41.353928,-6.8018513,-2.930426,70.0,25.0,90.0,41.582962,-7.1443653,-2.6371784,70.96148,25.37915,89.09131,0.5057338
0.44583333333333336,41.353928,-6.8018513,-2.930426,70.0,25.0,90.0,41.582962,-7.1443653,-2.6371746,70.96148,25.379147,89.09131,0.505736
0.45,41.353928,-6.8018513,-2.930426,70.0,25.0,90.0,41.582962,-7.1443644,-2.6371794,70.96148,25.37915,89.0913,0.50573266
0.45416666666666666,41.353928,-6.8018513,-2.930426,70.0,25.0,90.0,41.582962,-7.144367,-2.6371737,70.96148,25.379147,89.0913,0.5057379
0.4583333333333333,41.353928,-6.8018513,-2.930426,70.0,25.0,90.0,41.582962,-7.1443653,-2.6371784,70.96148,25.379147,89.0913,0.5057338
0.4625,41.353928,-6.8018513,-2.930426,70.0,25.0,90.0,41.582962,-7.1443644,-2.6371746,70.96148,25.379147,89.0913,0.5057354
0.4666666666666667,41.353928,-6.8018513,-2.930426,70.0,25.0,90.0,41.582966,-7.144367,-2.6371775,70.96148,25.37915,89.0913,0.5057374
0.4708333333333333,41.353928,-6.8018513,-2.930426,70.0,25.0,90.0,41.582966,-7.144367,-2.6371784,70.96147,25.379147,89.0913,0.5057368
0.475,41.353928,-6.8018513,-2.930426,70.0,25.0,90.0,41.582962,-7.144367,-2.6371756,70.96147,25.37915,89.0913,0.50573677
0.4791666666666667,41.353928,-6.8018513,-2.930426,70.0,25.0,90.0,41.582962,-7.1443653,-2.6371775,70.96148,25.379143,89.0913,0.5057344
0.48333333333333334,41.353928,-6.8018513,-2.930426,70.0,25.0,90.0,41.582966,-7.144367,-2.6371794,70.96147,25.379147,89.09131,0.5057363
0.4875,41.353928,-6.8018513,-2.930426,70.0,25.0,90.0,41.582962,-7.1443653,-2.6371756,70.96148,25.379147,89.0913,0.50573546
0.49166666666666664,41.353928,-6.8018513,-2.930426,70.0,25.0,90.0,41.582962,-7.144367,-2.6371756,70.96147,25.379147,89.09131,0.50573677
0.49583333333333335,41.353928,-6.8018513,-2.930426,70.0,25.0,90.0,41.582962,-7.144367,-2.6371756,70.96147,25.37915,89.09131,0.50573677
0.5,41.353928,-6.8018513,-2.930426,70.0,25.0,90.0,41.582962,-7.144367,-2.6371756,70.96147,25.37915,89.09131,0.50573677
0.5041666666666667,41.353928,-6.8018513,-2.930426,70.0,25.0,90.0,41.582966,-7.1443644,-2.6371784,70.96147,25.37915,89.09131,0.5057349
0.5083333333333333,41.353928,-6.8018513,-2.930426,70.0,25.0,90.0,41.582966,-7.1443653,-2.6371756,70.96147,25.37915,89.09131,0.50573725
0.5125,41.353928,-6.8018513,-2.930426,70.0,25.0,90.0,41.582966,-7.1443653,-2.6371756,70.96147,25.379154,89.09131,0.50573725
0.5166666666666667,41.353928,-6.8018513,-2.930426,70.0,25.0,90.0,41.582966,-7.1443653,-2.6371756,70.96147,25.379154,89.09131,0.50573725
0.5208333333333334,41.353928,-6.8018513,-2.930426,70.0,25.0,90.0,41.582966,-7.1443653,-2.6371756,70.96147,25.379154,89.09131,0.50573725
0.525,41.353928,-6.8018513,-2.930426,70.0,25.0,90.0,41.582966,-7.1443653,-2.6371756,70.96147,25.379154,89.09131,0.50573725
0.5291666666666667,41.353928,-6.8018513,-2.930426,70.0,25.0,90.0,41.582966,-7.1443653,-2.6371756,70.96147,25.379154,89.09131,0.50573725
0.5333333333333333,41.353928,-6.8018513,-2.930426,70.0,25.0,90.0,41.582966,-7.1443653,-2.6371756,70.96147,25.379154,89.09131,0.50573725
0.5375,41.353928,-6.8018513,-2.930426,70.0,25.0,90.0,41.582966,-7.1443653,-2.6371756,70.96147,25.379154,89.09131,0.50573725
0.5416666666666666,41.353928,-6.8018513,-2.930426,70.0,25.0,90.0,41.582966,-7.1443653,-2.6371756,70.96147,25.379154,89.09131,0.50573725
0.5458333333333333,41.353928,-6.8018513,-2.930426,70.0,25.0,90.0,41.582966,-7.1443653,-2.6371756,70.96147,25.379154,89.09131,0.50573725
0.55,41.353928,-6.8018513,-2.930426,70.0,25.0,90.0,41.582966,-7.1443653,-2.6371756,70.96147,25.379154,89.09131,0.50573725
0.5541666666666667,41.353928,-6.8018513,-2.930426,70.0,25.0,90.0,41.582966,-7.1443653,-2.6371756,70.96147,25.379154,89.09131,0.50573725
0.5583333333333333,41.353928,-6.8018513,-2.930426,70.0,25.0,90.0,41.582966,-7.1443653,-2.6371756,70.96147,25.379154,89.09131,0.50573725
0.5625,41.353928,-6.8018513,-2.930426,70.0,25.0,90.0,41.582966,-7.1443653,-2.6371756,70.96147,25.379154,89.09131,0.50573725
0.5666666666666667,41.353928,-6.8018513,-2.930426,70.0,25.0,90.0,41.582966,-7.1443653,-2.6371756,70.96147,25.379154,89.09131,0.50573725
0.5708333333333333,41.353928,-6.8018513,-2.930426,70.0,25.0,90.0,41.582966,-7.1443653,-2.6371756,70.96147,25.379154,89.09131,0.50573725
0.575,41.353928,-6.8018513,-2.930426,70.0,25.0,90.0,41.582966,-7.1443653,-2.6371756,70.96147,25.379154,89.09131,0.50573725
0.5791666666666667,41.353928,-6.8018513,-2.930426,70.0,25.0,90.0,41.582966,-7.1443653,-2.6371756,70.96147,25.379154,89.09131,0.50573725
0.5833333333333334,41.353928,-6.8018513,-2.930426,70.0,25.0,90.0,41.582966,-7.1443653,-2.6371756,70.96147,25.379154,89.09131,0.50573725
0.5875,41.353928,-6.8018513,-2.930426,70.0,25.0,90.0,41.582966,-7.1443653,-2.6371756,70.96147,25.379154,89.09131,0.50573725
0.5916666666666667,41.353928,-6.8018513,-2.930426,70.0,25.0,90.0,41.582966,-7.1443653,-2.6371756,70.96147,25.379154,89.09131,0.50573725
0.5958333333333333,41.353928,-6.8018513,-2.930426,70.0,25.0,90.0,41.582966,-7.1443653,-2.6371756,70.96147,25.379154,89.09131,0.50573725
0.6,41.353928,-6.8018513,-2.930426,70.0,25.0,90.0,41.582966,-7.1443653,-2.6371756,70.96147,25.379154,89.09131,0.50573725
0.6041666666666666,41.353928,-6.8018513,-2.930426,70.0,25.0,90.0,41.582966,-7.1443653,-2.6371756,70.96147,25.379154,89.09131,0.50573725
0.6083333333333333,41.353928,-6.8018513,-2.930426,70.0,25.0,90.0,41.582966,-7.1443653,-2.6371756,70.96147,25.379154,89.09131,0.50573725
0.6125,41.353928,-6.8018513,-2.930426,70.0,25.0,90.0,41.582966,-7.1443653,-2.6371756,70.96147,25.379154,89.09131,0.50573725
0.6166666666666667,41.353928,-6.8018513,-2.930426,70.0,25.0,90.0,41.582966,-7.1443653,-2.6371756,70.96147,25.379154,89.09131,0.50573725
0.6208333333333333,41.353928,-6.8018513,-2.930426,70.0,25.0,90.0,41.582966,-7.1443653,-2.6371756,70.96147,25.379154,89.09131,0.50573725
0.625,41.353928,-6.8018513,-2.930426,70.0,25.0,90.0,41.582966,-7.1443653,-2.6371756,70.96147,25.379154,89.09131,0.50573725
0.6291666666666667,41.353928,-6.8018513,-2.930426,70.0,25.0,90.0,41.582966,-7.1443653,-2.6371756,70.96147,25.379154,89.09131,0.50573725
0.6333333333333333,41.353928,-6.8018513,-2.930426,70.0,25.0,90.0,41.582966,-7.1443653,-2.6371756,70.96147,25.379154,89.09131,0.50573725
0.6375,41.353928,-6.8018513,-2.930426,70.0,25.0,90.0,41.582966,-7.1443653,-2.6371756,70.96147,25.379154,89.09131,0.50573725
0.6416666666666667,41.353928,-6.8018513,-2.930426,70.0,25.0,90.0,41.582966,-7.1443653,-2.6371756,70.96147,25.379154,89.09131,0.50573725
0.6458333333333334,41.353928,-6.8018513,-2.930426,70.0,25.0,90.0,41.582966,-7.1443653,-2.6371756,70.96147,25.379154,89.09131,0.50573725
0.65,41.353928,-6.8018513,-2.930426,70.0,25.0,90.0,41.582966,-7.1443653,-2.6371756,70.96147,25.379154,89.09131,0.50573725
0.6541666666666667,41.353928,-6.8018513,-2.930426,70.0,25.0,90.0,41.582966,-7.1443653,-2.6371756,70.96147,25.379154,89.09131,0.50573725
0.6583333333333333,41.353928,-6.8018513,-2.930426,70.0,25.0,90.0,41.582966,-7.1443653,-2.6371756,70.96147,25.379154,89.09131,0.50573725
0.6625,41.353928,-6.8018513,-2.930426,70.0,25.0,90.0,41.582966,-7.1443653,-2.6371756,70.96147,25.379154,89.09131,0.50573725
0.6666666666666666,41.353928,-6.8018513,-2.930426,70.0,25.0,90.0,41.582966,-7.1443653,-2.6371775,70.96147,25.37915,89.09131,0.5057361
0.6708333333333333,41.353928,-6.8018513,-2.930426,70.0,25.0,90.0,41.582966,-7.144367,-2.6371775,70.96147,25.379154,89.09131,0.5057374
0.675,41.353928,-6.8018513,-2.930426,70.0,25.0,90.0,41.582962,-7.144367,-2.6371775,70.96147,25.379147,89.09131,0.5057357
0.6791666666666667,41.353928,-6.8018513,-2.930426,70.0,25.0,90.0,41.582962,-7.1443653,-2.6371775,70.96147,25.379147,89.09131,0.5057344
0.6833333333333333,41.353928,-6.8018513,-2.930426,70.0,25.0,90.0,41.582962,-7.144367,-2.6371784,70.96147,25.379147,89.09131,0.5057351
0.6875,41.353928,-6.8018513,-2.930426,70.0,25.0,90.0,41.582966,-7.1443653,-2.6371784,70.96147,25.37915,89.09131,0.5057356
0.6916666666666667,41.353928,-6.8018513,-2.930426,70.0,25.0,90.0,41.582962,-7.1443644,-2.6371794,70.96147,25.37915,89.09131,0.50573266
0.6958333333333333,41.353928,-6.8018513,-2.930426,70.0,25.0,90.0,41.582962,-7.1443653,-2.6371803,70.96147,25.379147,89.09131,0.5057327
0.7,41.353928,-6.8018513,-2.930426,70.0,25.0,90.0,41.582962,-7.1443644,-2.6371756,70.96147,25.37915,89.09132,0.5057348
0.7041666666666667,41.353928,-6.8018513,-2.930426,70.0,25.0,90.0,41.582962,-7.1443644,-2.6371756,70.961464,25.37915,89.09132,0.5057348
0.7083333333333334,41.353928,-6.8018513,-2.930426,70.0,25.0,90.0,41.58296,-7.1443644,-2.6371775,70.961464,25.379147,89.09132,0.505732
0.7125,41.353928,-6.8018513,-2.930426,70.0,25.0,90.0,41.582962,-7.1443624,-2.6371784,70.96147,25.379154,89.09132,0.5057319
0.7166666666666667,41.353928,-6.8018513,-2.930426,70.0,25.0,90.0,41.582966,-7.1443624,-2.6371775,70.96147,25.37915,89.09132,0.50573415
0.7208333333333333,41.353928,-6.8018513,-2.930426,70.0,25.0,90.0,41.582962,-7.1443644,-2.6371794,70.96147,25.379143,89.09132,0.50573266
0.725,41.353928,-6.8018513,-2.930426,70.0,25.0,90.0,41.582962,-7.1443644,-2.6371794,70.961464,25.379147,89.09132,0.50573266
0.7291666666666666,41.353928,-6.8018513,-2.930426,70.0,25.0,90.0,41.582962,-7.1443653,-2.6371775,70.96147,25.379147,89.09132,0.5057344
0.7333333333333333,41.353928,-6.8018513,-2.930426,70.0,25.0,90.0,41.58296,-7.1443605,-2.6371794,70.96147,25.379147,89.09132,0.5057283
0.7375,41.353928,-6.8018513,-2.930426,70.0,25.0,90.0,41.582962,-7.1443624,-2.6371813,70.961464,25.37915,89.09132,0.5057302
0.7416666666666667,41.353928,-6.8018513,-2.930426,70.0,25.0,90.0,41.58296,-7.1443644,-2.6371775,70.96147,25.37915,89.09132,0.505732
0.7458333333333333,41.353928,-6.8018513,-2.930426,70.0,25.0,90.0,41.582962,-7.144367,-2.6371813,70.96147,25.37915,89.09132,0.50573343
0.75,41.353928,-6.8018513,-2.930426,70.0,25.0,90.0,41.582962,-7.1443644,-2.6371822,70.961464,25.379147,89.09132,0.5057309
0.7541666666666667,41.353928,-6.8018513,-2.930426,70.0,25.0,90.0,41.582962,-7.144367,-2.6371784,70.96147,25.379147,89.09132,0.5057351
0.7583333333333333,41.353928,-6.8018513,-2.930426,70.0,25.0,90.0,41.582962,-7.1443586,-2.6371794,70.96147,25.379147,89.09132,0.5057287
0.7625,41.353928,-6.8018513,-2.930426,70.0,25.0,90.0,41.582962,-7.1443634,-2.6371784,70.96147,25.379147,89.09132,0.50573254
0.7666666666666667,41.353928,-6.8018513,-2.930426,70.0,25.0,90.0,41.582962,-7.1443624,-2.6371794,70.96147,25.379147,89.09132,0.50573134
0.7708333333333334,41.353928,-6.8018513,-2.930426,70.0,25.0,90.0,41.58296,-7.1443605,-2.6371784,70.96147,25.379147,89.09132,0.50572884
0.775,41.353928,-6.8018513,-2.930426,70.0,25.0,90.0,41.582962,-7.1443634,-2.6371794,70.96147,25.379147,89.09132,0.505732
0.7791666666666667,41.353928,-6.8018513,-2.930426,70.0,25.0,90.0,41.582962,-7.1443624,-2.6371784,70.96147,25.379147,89.09132,0.5057319
0.7833333333333333,41.353928,-6.8018513,-2.930426,70.0,25.0,90.0,41.582962,-7.1443615,-2.6371784,70.96147,25.379147,89.09132,0.5057312
0.7875,41.353928,-6.8018513,-2.930426,70.0,25.0,90.0,41.582962,-7.1443634,-2.6371794,70.96147,25.37915,89.09132,0.505732
0.7916666666666666,41.353928,-6.8018513,-2.930426,70.0,25.0,90.0,41.582962,-7.1443634,-2.6371784,70.96147,25.37915,89.09132,0.50573254
0.7958333333333333,41.353928,-6.8018513,-2.930426,70.0,25.0,90.0,41.58296,-7.1443624,-2.6371746,70.96147,25.37915,89.09132,0.50573236
0.8,41.353928,-6.8018513,-2.930426,70.0,25.0,90.0,41.582962,-7.1443615,-2.6371775,70.96147,25.379147,89.09132,0.5057318
0.8041666666666667,41.353928,-6.8018513,-2.930426,70.0,25.0,90.0,41.582962,-7.1443634,-2.6371746,70.96147,25.379147,89.09132,0.50573474
0.8083333333333333,41.353928,-6.8018513,-2.930426,70.0,25.0,90.0,41.582962,-7.1443605,-2.6371775,70.96147,25.37915,89.09132,0.50573117
0.8125,41.353928,-6.8018513,-2.930426,70.0,25.0,90.0,41.582962,-7.1443634,-2.6371775,70.96147,25.37915,89.09132,0.50573313
0.8166666666666667,41.353928,-6.8018513,-2.930426,70.0,25.0,90.0,41.58296,-7.1443605,-2.6371775,70.96147,25.379147,89.09132,0.50572944
0.8208333333333333,41.353928,-6.8018513,-2.930426,70.0,25.0,90.0,41.58296,-7.1443644,-2.6371737,70.96147,25.379147,89.09131,0.5057342
0.825,41.353928,-6.8018513,-2.930426,70.0,25.0,90.0,41.582962,-7.1443653,-2.6371756,70.96147,25.37915,89.09131,0.50573546
0.8291666666666667,41.353928,-6.8018513,-2.930426,70.0,25.0,90.0,41.582962,-7.144368,-2.6371746,70.96147,25.379147,89.09131,0.50573796
0.8333333333333334,41.353928,-6.8018513,-2.930426,70.0,25.0,90.0,41.582962,-7.1443644,-2.6371756,70.96148,25.37915,89.09131,0.5057348
0.8375,41.353928,-6.8018513,-2.930426,70.0,25.0,90.0,41.582962,-7.1443644,-2.6371803,70.96147,25.379147,89.09131,0.50573206
0.8416666666666667,41.353928,-6.8018513,-2.930426,70.0,25.0,90.0,41.582962,-7.1443653,-2.6371756,70.96148,25.379147,89.09131,0.50573546
0.8458333333333333,41.353928,-6.8018513,-2.930426,70.0,25.0,90.0,41.582962,-7.1443653,-2.6371737,70.96148,25.379147,89.0913,0.5057366
0.85,41.353928,-6.8018513,-2.930426,70.0,25.0,90.0,41.582962,-7.144367,-2.6371727,70.96148,25.37915,89.0913,0.50573844
0.8541666666666666,41.353928,-6.8018513,-2.930426,70.0,25.0,90.0,41.582962,-7.144367,-2.6371775,70.96147,25.37915,89.0913,0.5057357
0.8583333333333333,41.353928,-6.8018513,-2.930426,70.0,25.0,90.0,41.58296,-7.144367,-2.6371794,70.96148,25.379147,89.0913,0.50573283
0.8625,41.353928,-6.8018513,-2.930426,70.0,25.0,90.0,41.582962,-7.1443644,-2.6371803,70.96147,25.37915,89.0913,0.50573206
0.8666666666666667,41.353928,-6.8018513,-2.930426,70.0,25.0,90.0,41.582962,-7.1443644,-2.6371803,70.96147,25.379154,89.0913,0.50573206
0.8708333333333333,41.353928,-6.8018513,-2.930426,70.0,25.0,90.0,41.582962,-7.144367,-2.6371746,70.96147,25.379147,89.0913,0.5057373
0.875,41.353928,-6.8018513,-2.930426,70.0,25.0,90.0,41.582962,-7.144367,-2.6371756,70.96147,25.379143,89.09131,0.50573677
0.8791666666666667,41.353928,-6.8018513,-2.930426,70.0,25.0,90.0,41.582962,-7.1443644,-2.6371746,70.96147,25.379143,89.0913,0.5057354
0.8833333333333333,41.353928,-6.8018513,-2.930426,70.0,25.0,90.0,41.582962,-7.1443624,-2.6371746,70.96147,25.379147,89.09131,0.5057341
0.8875,41.353928,-6.8018513,-2.930426,70.0,25.0,90.0,41.582962,-7.1443644,-2.6371746,70.96147,25.379147,89.09131,0.5057354
0.8916666666666667,41.353928,-6.8018513,-2.930426,70.0,25.0,90.0,41.582962,-7.1443644,-2.6371746,70.96147,25.379147,89.09131,0.5057354
0.8958333333333334,41.353928,-6.8018513,-2.930426,70.0,25.0,90.0,41.582962,-7.1443644,-2.6371775,70.96147,25.37915,89.09131,0.5057337
0.9,41.353928,-6.8018513,-2.930426,70.0,25.0,90.0,41.582962,-7.1443644,-2.6371756,70.96147,25.37915,89.09131,0.5057348
0.9041666666666667,41.353928,-6.8018513,-2.930426,70.0,25.0,90.0,41.582962,-7.1443644,-2.6371756,70.96147,25.37915,89.09131,0.5057348
0.9083333333333333,41.353928,-6.8018513,-2.930426,70.0,25.0,90.0,41.582962,-7.1443644,-2.6371746,70.96147,25.37915,89.09131,0.5057354
0.9125,41.353928,-6.8018513,-2.930426,70.0,25.0,90.0,41.582962,-7.1443644,-2.6371746,70.96147,25.37915,89.09131,0.5057354
0.9166666666666666,41.353928,-6.8018513,-2.930426,70.0,25.0,90.0,41.582962,-7.1443644,-2.6371746,70.96147,25.37915,89.09131,0.5057354
0.9208333333333333,41.353928,-6.8018513,-2.930426,70.0,25.0,90.0,41.582962,-7.1443644,-2.6371746,70.96147,25.37915,89.09131,0.5057354
0.925,41.353928,-6.8018513,-2.930426,70.0,25.0,90.0,41.582962,-7.1443644,-2.6371746,70.96147,25.37915,89.09131,0.5057354
0.9291666666666667,41.353928,-6.8018513,-2.930426,70.0,25.0,90.0,41.582962,-7.1443644,-2.6371746,70.96147,25.37915,89.09131,0.5057354
0.9333333333333333,41.353928,-6.8018513,-2.930426,70.0,25.0,90.0,41.582962,-7.1443644,-2.6371746,70.96147,25.37915,89.09131,0.5057354
0.9375,41.353928,-6.8018513,-2.930426,70.0,25.0,90.0,41.582962,-7.1443644,-2.6371746,70.96147,25.37915,89.09131,0.5057354
0.9416666666666667,41.353928,-6.8018513,-2.930426,70.0,25.0,90.0,41.582962,-7.1443644,-2.6371746,70.96147,25.37915,89.09131,0.5057354
0.9458333333333333,41.353928,-6.8018513,-2.930426,70.0,25.0,90.0,41.582962,-7.1443644,-2.6371746,70.96147,25.37915,89.09131,0.5057354
0.95,41.353928,-6.8018513,-2.930426,70.0,25.0,90.0,41.582962,-7.1443644,-2.6371746,70.96147,25.37915,89.09131,0.5057354
0.9541666666666667,41.353928,-6.8018513,-2.930426,70.0,25.0,90.0,41.582962,-7.1443644,-2.6371746,70.96147,25.37915,89.09131,0.5057354
0.9583333333333334,41.353928,-6.8018513,-2.930426,70.0,25.0,90.0,41.582962,-7.1443644,-2.6371746,70.96147,25.37915,89.09131,0.5057354
0.9625,41.353928,-6.8018513,-2.930426,70.0,25.0,90.0,41.582962,-7.1443644,-2.6371746,70.96147,25.37915,89.09131,0.5057354
0.9666666666666667,41.353928,-6.8018513,-2.930426,70.0,25.0,90.0,41.582962,-7.1443644,-2.6371746,70.96147,25.37915,89.09131,0.5057354
0.9708333333333333,41.353928,-6.8018513,-2.930426,70.0,25.0,90.0,41.582962,-7.1443644,-2.6371746,70.96147,25.37915,89.09131,0.5057354
0.975,41.353928,-6.8018513,-2.930426,70.0,25.0,90.0,41.582962,-7.1443644,-2.6371746,70.96147,25.37915,89.09131,0.5057354
0.9791666666666666,41.353928,-6.8018513,-2.930426,70.0,25.0,90.0,41.582962,-7.1443644,-2.6371746,70.96147,25.37915,89.09131,0.5057354
0.9833333333333333,41.353928,-6.8018513,-2.930426,70.0,25.0,90.0,41.582962,-7.1443644,-2.6371746,70.96147,25.37915,89.09131,0.5057354
0.9875,41.353928,-6.8018513,-2.930426,70.0,25.0,90.0,41.582962,-7.1443644,-2.6371746,70.96147,25.37915,89.09131,0.5057354
0.9916666666666667,41.353928,-6.8018513,-2.930426,70.0,25.0,90.0,41.582962,-7.1443644,-2.6371746,70.96147,25.37915,89.09131,0.5057354
0.9958333333333333,41.353928,-6.8018513,-2.930426,70.0,25.0,90.0,41.582962,-7.1443644,-2.6371746,70.96147,25.37915,89.09131,0.5057354
1.0,41.353928,-6.8018513,-2.930426,70.0,25.0,90.0,41.582962,-7.1443644,-2.6371746,70.96147,25.37915,89.09131,0.5057354
1.0041666666666667,41.353928,-6.8018513,-2.930426,70.0,25.0,90.0,41.582962,-7.1443644,-2.6371746,70.96147,25.37915,89.09131,0.5057354
1.0083333333333333,41.353928,-6.8018513,-2.930426,70.0,25.0,90.0,41.582962,-7.1443644,-2.6371746,70.96147,25.37915,89.09131,0.5057354
1.0125,41.353928,-6.8018513,-2.930426,70.0,25.0,90.0,41.582962,-7.1443644,-2.6371746,70.96147,25.37915,89.09131,0.5057354
1.0166666666666666,41.353928,-6.8018513,-2.930426,70.0,25.0,90.0,41.582962,-7.1443644,-2.6371746,70.96147,25.37915,89.09131,0.5057354
1.0208333333333333,41.353928,-6.8018513,-2.930426,70.0,25.0,90.0,41.582962,-7.1443644,-2.6371746,70.96147,25.37915,89.09131,0.5057354
1.025,41.353928,-6.8018513,-2.930426,70.0,25.0,90.0,41.582962,-7.1443644,-2.6371746,70.96147,25.37915,89.09131,0.5057354
1.0291666666666666,41.353928,-6.8018513,-2.930426,70.0,25.0,90.0,41.582962,-7.1443644,-2.6371746,70.96147,25.37915,89.09131,0.5057354
1.0333333333333334,41.353928,-6.8018513,-2.930426,70.0,25.0,90.0,41.582962,-7.1443644,-2.6371746,70.96147,25.37915,89.09131,0.5057354
1.0375,41.353928,-6.8018513,-2.930426,70.0,25.0,90.0,41.582962,-7.1443644,-2.6371746,70.96147,25.37915,89.09131,0.5057354
1.0416666666666667,41.353928,-6.8018513,-2.930426,70.0,25.0,90.0,41.582962,-7.1443644,-2.6371746,70.96147,25.37915,89.09131,0.5057354
1.0458333333333334,41.353928,-6.8018513,-2.930426,70.0,25.0,90.0,41.582962,-7.1443644,-2.6371746,70.96147,25.37915,89.09131,0.5057354
1.05,41.353928,-6.8018513,-2.930426,70.0,25.0,90.0,41.582962,-7.1443644,-2.6371746,70.96147,25.37915,89.09131,0.5057354
1.0541666666666667,41.353928,-6.8018513,-2.930426,70.0,25.0,90.0,41.582962,-7.1443644,-2.6371746,70.96147,25.37915,89.09131,0.5057354
1.0583333333333333,41.353928,-6.8018513,-2.930426,70.0,25.0,90.0,41.582962,-7.1443644,-2.6371746,70.96147,25.37915,89.09131,0.5057354
1.0625,41.353928,-6.8018513,-2.930426,70.0,25.0,90.0,41.582962,-7.1443644,-2.6371756,70.96147,25.37915,89.09131,0.5057348
1.0666666666666667,41.353928,-6.8018513,-2.930426,70.0,25.0,90.0,41.582962,-7.1443644,-2.6371784,70.96147,25.379147,89.09131,0.5057332
1.0708333333333333,41.353928,-6.8018513,-2.930426,70.0,25.0,90.0,41.582962,-7.1443644,-2.6371775,70.96147,25.37915,89.09131,0.5057337
1.075,41.353928,-6.8018513,-2.930426,70.0,25.0,90.0,41.58296,-7.1443624,-2.6371803,70.96147,25.379147,89.09131,0.5057291
1.0791666666666666,41.353928,-6.8018513,-2.930426,70.0,25.0,90.0,41.582962,-7.1443624,-2.6371794,70.96147,25.37915,89.09131,0.50573134
1.0833333333333333,41.353928,-6.8018513,-2.930426,70.0,25.0,90.0,41.58296,-7.1443644,-2.6371784,70.96147,25.37915,89.09131,0.50573146
1.0875,41.353928,-6.8018513,-2.930426,70.0,25.0,90.0,41.58296,-7.1443605,-2.6371784,70.96147,25.379154,89.09131,0.50572884
1.0916666666666666,41.353928,-6.8018513,-2.930426,70.0,25.0,90.0,41.58296,-7.1443624,-2.6371794,70.96147,25.37915,89.09131,0.5057296
1.0958333333333334,41.353928,-6.8018513,-2.930426,70.0,25.0,90.0,41.582962,-7.1443653,-2.6371784,70.96147,25.379147,89.09131,0.5057338
1.1,41.353928,-6.8018513,-2.930426,70.0,25.0,90.0,41.582962,-7.1443605,-2.6371775,70.96147,25.37915,89.09132,0.50573117
1.1041666666666667,41.353928,-6.8018513,-2.930426,70.0,25.0,90.0,41.58296,-7.1443596,-2.6371775,70.961464,25.379147,89.09132,0.5057288
1.1083333333333334,41.353928,-6.8018513,-2.930426,70.0,25.0,90.0,41.582962,-7.1443577,-2.6371756,70.96147,25.37915,89.09132,0.50573033
1.1125,41.353928,-6.8018513,-2.930426,70.0,25.0,90.0,41.582962,-7.1443605,-2.6371803,70.96147,25.379143,89.09132,0.5057295
1.1166666666666667,41.353928,-6.8018513,-2.930426,70.0,25.0,90.0,41.582962,-7.1443605,-2.6371803,70.96147,25.37915,89.09132,0.5057295
1.1208333333333333,41.353928,-6.8018513,-2.930426,70.0,25.0,90.0,41.582962,-7.1443634,-2.6371756,70.96147,25.379147,89.09132,0.5057342
1.125,41.353928,-6.8018513,-2.930426,70.0,25.0,90.0,41.582962,-7.1443624,-2.6371746,70.961464,25.379143,89.09132,0.5057341
1.1291666666666667,41.353928,-6.8018513,-2.930426,70.0,25.0,90.0,41.58296,-7.1443605,-2.6371756,70.96147,25.379147,89.09132,0.5057305
1.1333333333333333,41.353928,-6.8018513,-2.930426,70.0,25.0,90.0,41.582962,-7.1443605,-2.6371794,70.96147,25.379143,89.09132,0.50573003
1.1375,41.353928,-6.8018513,-2.930426,70.0,25.0,90.0,41.58296,-7.1443624,-2.6371784,70.96147,25.379147,89.09132,0.50573015
1.1416666666666666,41.353928,-6.8018513,-2.930426,70.0,25.0,90.0,41.582962,-7.1443615,-2.6371794,70.96147,25.379147,89.09132,0.5057307
1.1458333333333333,41.353928,-6.8018513,-2.930426,70.0,25.0,90.0,41.58296,-7.1443644,-2.6371803,70.96147,25.37915,89.09132,0.50573033
1.15,41.353928,-6.8018513,-2.930426,70.0,25.0,90.0,41.58296,-7.1443624,-2.6371775,70.96147,25.379147,89.09132,0.50573075
1.1541666666666666,41.353928,-6.8018513,-2.930426,70.0,25.0,90.0,41.58296,-7.1443615,-2.6371784,70.96147,25.37915,89.09132,0.5057295
1.1583333333333334,41.353928,-6.8018513,-2.930426,70.0,25.0,90.0,41.58296,-7.1443634,-2.6371775,70.96147,25.37915,89.09132,0.50573134
1.1625,41.353928,-6.8018513,-2.930426,70.0,25.0,90.0,41.58296,-7.1443615,-2.6371756,70.96147,25.37915,89.09132,0.50573117
1.1666666666666667,41.353928,-6.8018513,-2.930426,70.0,25.0,90.0,41.582962,-7.1443605,-2.6371775,70.96147,25.37915,89.09132,0.50573117
1.1708333333333334,41.353928,-6.8018513,-2.930426,70.0,25.0,90.0,41.58296,-7.1443605,-2.6371775,70.96147,25.37915,89.09132,0.50572944
1.175,41.353928,-6.8018513,-2.930426,70.0,25.0,90.0,41.582962,-7.1443567,-2.6371775,70.96147,25.379154,89.09132,0.50572854
1.1791666666666667,41.353928,-6.8018513,-2.930426,70.0,25.0,90.0,41.58296,-7.1443577,-2.6371775,70.96147,25.379154,89.09132,0.5057275
1.1833333333333333,41.353928,-6.8018513,-2.930426,70.0,25.0,90.0,41.58296,-7.1443605,-2.6371756,70.96147,25.37915,89.09132,0.5057305
1.1875,41.353928,-6.8018513,-2.930426,70.0,25.0,90.0,41.582962,-7.1443596,-2.6371775,70.96147,25.37915,89.09132,0.5057305
1.1916666666666667,41.353928,-6.8018513,-2.930426,70.0,25.0,90.0,41.582962,-7.1443605,-2.6371756,70.96147,25.379147,89.09132,0.5057323
1.1958333333333333,41.353928,-6.8018513,-2.930426,70.0,25.0,90.0,41.582962,-7.1443596,-2.6371756,70.96147,25.37915,89.09132,0.50573164
1.2,41.353928,-6.8018513,-2.930426,70.0,25.0,90.0,41.582962,-7.1443596,-2.6371775,70.96147,25.37915,89.09132,0.5057305
1.2041666666666666,41.353928,-6.8018513,-2.930426,70.0,25.0,90.0,41.582962,-7.1443605,-2.6371794,70.96147,25.379147,89.09132,0.50573003
1.2083333333333333,41.353928,-6.8018513,-2.930426,70.0,25.0,90.0,41.582962,-7.1443605,-2.6371746,70.96148,25.37915,89.09132,0.50573283
1.2125,41.353928,-6.8018513,-2.930426,70.0,25.0,90.0,41.582962,-7.1443624,-2.6371746,70.96147,25.379147,89.09132,0.5057341
1.2166666666666666,41.353928,-6.8018513,-2.930426,70.0,25.0,90.0,41.582962,-7.1443644,-2.6371737,70.96147,25.37915,89.09132,0.50573593
1.2208333333333334,41.353928,-6.8018513,-2.930426,70.0,25.0,90.0,41.582962,-7.1443624,-2.6371746,70.96147,25.37915,89.09132,0.5057341
1.225,41.353928,-6.8018513,-2.930426,70.0,25.0,90.0,41.582962,-7.1443624,-2.6371746,70.96148,25.37915,89.09131,0.5057341
1.2291666666666667,41.353928,-6.8018513,-2.930426,70.0,25.0,90.0,41.58296,-7.1443624,-2.6371756,70.96148,25.379147,89.09131,0.5057318
1.2333333333333334,41.353928,-6.8018513,-2.930426,70.0,25.0,90.0,41.582962,-7.144367,-2.6371746,70.96148,25.379147,89.09131,0.5057373
1.2375,41.353928,-6.8018513,-2.930426,70.0,25.0,90.0,41.58296,-7.1443644,-2.6371746,70.96148,25.37915,89.09131,0.50573367
1.2416666666666667,41.353928,-6.8018513,-2.930426,70.0,25.0,90.0,41.582966,-7.1443644,-2.6371756,70.96148,25.379143,89.0913,0.5057366
1.2458333333333333,41.353928,-6.8018513,-2.930426,70.0,25.0,90.0,41.582962,-7.1443653,-2.6371737,70.96148,25.37915,89.0913,0.5057366
1.25,41.353928,-6.8018513,-2.930426,70.0,25.0,90.0,41.582962,-7.1443653,-2.6371756,70.96147,25.379147,89.0913,0.50573546
1.2541666666666667,41.353928,-6.8018513,-2.930426,70.0,25.0,90.0,41.582962,-7.144367,-2.6371756,70.96148,25.379147,89.0913,0.50573677
1.2583333333333333,41.353928,-6.8018513,-2.930426,70.0,25.0,90.0,41.582962,-7.1443644,-2.6371803,70.96148,25.379147,89.0913,0.50573206
1.2625,41.353928,-6.8018513,-2.930426,70.0,25.0,90.0,41.582962,-7.1443653,-2.6371794,70.96147,25.379147,89.0913,0.5057333
1.2666666666666666,41.353928,-6.8018513,-2.930426,70.0,25.0,90.0,41.582966,-7.1443653,-2.6371775,70.96147,25.379143,89.09131,0.5057361
1.2708333333333333,41.353928,-6.8018513,-2.930426,70.0,25.0,90.0,41.582962,-7.1443653,-2.6371775,70.96147,25.379143,89.09131,0.5057344
1.275,41.353928,-6.8018513,-2.930426,70.0,25.0,90.0,41.582962,-7.1443644,-2.6371756,70.96147,25.379147,89.09131,0.5057348
1.2791666666666666,41.353928,-6.8018513,-2.930426,70.0,25.0,90.0,41.582962,-7.1443644,-2.6371746,70.96147,25.379143,89.09131,0.5057354
1.2833333333333334,41.353928,-6.8018513,-2.930426,70.0,25.0,90.0,41.58296,-7.1443644,-2.6371756,70.96148,25.379143,89.09131,0.50573313
1.2875,41.353928,-6.8018513,-2.930426,70.0,25.0,90.0,41.58296,-7.1443653,-2.6371775,70.96147,25.379147,89.09131,0.50573266
1.2916666666666667,41.353928,-6.8018513,-2.930426,70.0,25.0,90.0,41.582962,-7.1443644,-2.6371775,70.96147,25.379143,89.09131,0.5057337
1.2958333333333334,41.353928,-6.8018513,-2.930426,70.0,25.0,90.0,41.58296,-7.1443653,-2.6371775,70.96147,25.379147,89.09131,0.50573266
1.3,41.353928,-6.8018513,-2.930426,70.0,25.0,90.0,41.582962,-7.1443644,-2.6371775,70.96147,25.379147,89.09131,0.5057337
1.3041666666666667,41.353928,-6.8018513,-2.930426,70.0,25.0,90.0,41.582962,-7.1443653,-2.6371756,70.96147,25.379147,89.09131,0.50573546
1.3083333333333333,41.353928,-6.8018513,-2.930426,70.0,25.0,90.0,41.582962,-7.1443653,-2.6371756,70.96147,25.379147,89.09131,0.50573546
1.3125,41.353928,-6.8018513,-2.930426,70.0,25.0,90.0,41.582962,-7.1443653,-2.6371756,70.96147,25.379147,89.09131,0.50573546
1.3166666666666667,41.353928,-6.8018513,-2.930426,70.0,25.0,90.0,41.582962,-7.1443653,-2.6371756,70.96147,25.379147,89.09131,0.50573546
1.3208333333333333,41.353928,-6.8018513,-2.930426,70.0,25.0,90.0,41.582962,-7.1443653,-2.6371756,70.96147,25.379147,89.09131,0.50573546
1.325,41.353928,-6.8018513,-2.930426,70.0,25.0,90.0,41.582962,-7.1443653,-2.6371756,70.96147,25.379147,89.09131,0.50573546
1.3291666666666666,41.353928,-6.8018513,-2.930426,70.0,25.0,90.0,41.582962,-7.1443653,-2.6371756,70.96147,25.379147,89.09131,0.50573546
1.3333333333333333,41.353928,-6.8018513,-2.930426,70.0,25.0,90.0,41.582962,-7.1443653,-2.6371756,70.96147,25.379147,89.09131,0.50573546
1.3375,41.353928,-6.8018513,-2.930426,70.0,25.0,90.0,41.582962,-7.1443653,-2.6371756,70.96147,25.379147,89.09131,0.50573546
1.3416666666666666,41.353928,-6.8018513,-2.930426,70.0,25.0,90.0,41.582962,-7.1443653,-2.6371756,70.96147,25.379147,89.09131,0.50573546
1.3458333333333334,41.353928,-6.8018513,-2.930426,70.0,25.0,90.0,41.582962,-7.1443653,-2.6371756,70.96147,25.379147,89.09131,0.50573546
1.35,41.353928,-6.8018513,-2.930426,70.0,25.0,90.0,41.582962,-7.1443653,-2.6371756,70.96147,25.379147,89.09131,0.50573546
1.3541666666666667,41.353928,-6.8018513,-2.930426,70.0,25.0,90.0,41.582962,-7.1443653,-2.6371756,70.96147,25.379147,89.09131,0.50573546
1.3583333333333334,41.353928,-6.8018513,-2.930426,70.0,25.0,90.0,41.582962,-7.1443653,-2.6371756,70.96147,25.379147,89.09131,0.50573546
1.3625,41.353928,-6.8018513,-2.930426,70.0,25.0,90.0,41.582962,-7.1443653,-2.6371756,70.96147,25.379147,89.09131,0.50573546
1.3666666666666667,41.353928,-6.8018513,-2.930426,70.0,25.0,90.0,41.582962,-7.1443653,-2.6371756,70.96147,25.379147,89.09131,0.50573546
1.3708333333333333,41.353928,-6.8018513,-2.930426,70.0,25.0,90.0,41.582962,-7.1443653,-2.6371756,70.96147,25.379147,89.09131,0.50573546
1.375,41.353928,-6.8018513,-2.930426,70.0,25.0,90.0,41.582962,-7.1443653,-2.6371756,70.96147,25.379147,89.09131,0.50573546
1.3791666666666667,41.353928,-6.8018513,-2.930426,70.0,25.0,90.0,41.582962,-7.1443653,-2.6371756,70.96147,25.379147,89.09131,0.50573546
1.3833333333333333,41.353928,-6.8018513,-2.930426,70.0,25.0,90.0,41.582962,-7.1443653,-2.6371756,70.96147,25.379147,89.09131,0.50573546
1.3875,41.353928,-6.8018513,-2.930426,70.0,25.0,90.0,41.582962,-7.1443653,-2.6371756,70.96147,25.379147,89.09131,0.50573546
1.3916666666666666,41.353928,-6.8018513,-2.930426,70.0,25.0,90.0,41.582962,-7.1443653,-2.6371756,70.96147,25.379147,89.09131,0.50573546
1.3958333333333333,41.353928,-6.8018513,-2.930426,70.0,25.0,90.0,41.582962,-7.1443653,-2.6371756,70.96147,25.379147,89.09131,0.50573546
1.4,41.353928,-6.8018513,-2.930426,70.0,25.0,90.0,41.582962,-7.1443653,-2.6371756,70.96147,25.379147,89.09131,0.50573546
1.4041666666666666,41.353928,-6.8018513,-2.930426,70.0,25.0,90.0,41.582962,-7.1443653,-2.6371756,70.96147,25.379147,89.09131,0.50573546
1.4083333333333334,41.353928,-6.8018513,-2.930426,70.0,25.0,90.0,41.582962,-7.1443653,-2.6371756,70.96147,25.379147,89.09131,0.50573546
1.4125,41.353928,-6.8018513,-2.930426,70.0,25.0,90.0,41.582962,-7.1443653,-2.6371756,70.96147,25.379147,89.09131,0.50573546
1.4166666666666667,41.353928,-6.8018513,-2.930426,70.0,25.0,90.0,41.582962,-7.1443653,-2.6371756,70.96147,25.379147,89.09131,0.50573546
1.4208333333333334,41.353928,-6.8018513,-2.930426,70.0,25.0,90.0,41.582962,-7.1443653,-2.6371756,70.96147,25.379147,89.09131,0.50573546
1.425,41.353928,-6.8018513,-2.930426,70.0,25.0,90.0,41.582962,-7.1443653,-2.6371756,70.96147,25.379147,89.09131,0.50573546
1.4291666666666667,41.353928,-6.8018513,-2.930426,70.0,25.0,90.0,41.582962,-7.1443653,-2.6371756,70.96147,25.379147,89.09131,0.50573546
1.4333333333333333,41.353928,-6.8018513,-2.930426,70.0,25.0,90.0,41.582962,-7.1443653,-2.6371756,70.96147,25.379147,89.09131,0.50573546
1.4375,41.353928,-6.8018513,-2.930426,70.0,25.0,90.0,41.582962,-7.1443653,-2.6371756,70.96147,25.379147,89.09131,0.50573546
1.4416666666666667,41.353928,-6.8018513,-2.930426,70.0,25.0,90.0,41.582962,-7.1443653,-2.6371756,70.96147,25.379147,89.09131,0.50573546
1.4458333333333333,41.353928,-6.8018513,-2.930426,70.0,25.0,90.0,41.582962,-7.1443653,-2.6371756,70.96147,25.379147,89.09131,0.50573546
1.45,41.353928,-6.8018513,-2.930426,70.0,25.0,90.0,41.582962,-7.1443653,-2.6371756,70.96147,25.379147,89.09131,0.50573546
1.4541666666666666,41.353928,-6.8018513,-2.930426,70.0,25.0,90.0,41.582962,-7.1443653,-2.6371756,70.96147,25.379147,89.09131,0.50573546
1.4583333333333333,41.353928,-6.8018513,-2.930426,70.0,25.0,90.0,41.582962,-7.1443653,-2.6371756,70.96147,25.379147,89.09131,0.50573546
1.4625,41.353928,-6.8018513,-2.930426,70.0,25.0,90.0,41.582962,-7.1443653,-2.6371756,70.96147,25.379143,89.09131,0.50573546
1.4666666666666666,41.353928,-6.8018513,-2.930426,70.0,25.0,90.0,41.582962,-7.1443644,-2.6371775,70.96147,25.379147,89.09131,0.5057337
1.4708333333333334,41.353928,-6.8018513,-2.930426,70.0,25.0,90.0,41.582962,-7.1443644,-2.6371803,70.96147,25.379147,89.09131,0.50573206
1.475,41.353928,-6.8018513,-2.930426,70.0,25.0,90.0,41.58296,-7.1443644,-2.6371794,70.96147,25.37915,89.09131,0.50573087
1.4791666666666667,41.353928,-6.8018513,-2.930426,70.0,25.0,90.0,41.582962,-7.1443644,-2.6371775,70.96147,25.37915,89.09131,0.5057337
1.4833333333333334,41.353928,-6.8018513,-2.930426,70.0,25.0,90.0,41.582962,-7.1443644,-2.6371803,70.96147,25.379147,89.09131,0.50573206
1.4875,41.353928,-6.8018513,-2.930426,70.0,25.0,90.0,41.582962,-7.1443644,-2.6371794,70.96147,25.379147,89.09132,0.50573266
1.4916666666666667,41.353928,-6.8018513,-2.930426,70.0,25.0,90.0,41.582962,-7.1443624,-2.6371794,70.96147,25.379147,89.09132,0.50573134
1.4958333333333333,41.353928,-6.8018513,-2.930426,70.0,25.0,90.0,41.58296,-7.1443624,-2.6371784,70.96147,25.37915,89.09132,0.50573015
1.5,41.353928,-6.8018513,-2.930426,70.0,25.0,90.0,41.58296,-7.1443624,-2.6371737,70.961464,25.379143,89.09132,0.50573295
1.5041666666666667,41.353928,-6.8018513,-2.930426,70.0,25.0,90.0,41.58296,-7.1443596,-2.6371775,70.96147,25.37915,89.09132,0.5057288
1.5083333333333333,41.353928,-6.8018513,-2.930426,70.0,25.0,90.0,41.582962,-7.1443577,-2.6371794,70.96147,25.379147,89.09132,0.5057281
1.5125,41.353928,-6.8018513,-2.930426,70.0,25.0,90.0,41.58296,-7.1443577,-2.6371803,70.96147,25.379147,89.091324,0.5057258
1.5166666666666666,41.353928,-6.8018513,-2.930426,70.0,25.0,90.0,41.582962,-7.1443615,-2.6371756,70.96147,25.379147,89.091324,0.5057329
1.5208333333333333,41.353928,-6.8018513,-2.930426,70.0,25.0,90.0,41.582962,-7.1443605,-2.6371756,70.961464,25.379147,89.091324,0.5057323
1.525,41.353928,-6.8018513,-2.930426,70.0,25.0,90.0,41.58296,-7.1443605,-2.6371746,70.96147,25.379147,89.09132,0.50573105
1.5291666666666666,41.353928,-6.8018513,-2.930426,70.0,25.0,90.0,41.58296,-7.1443624,-2.6371784,70.96147,25.37915,89.091324,0.50573015
1.5333333333333334,41.353928,-6.8018513,-2.930426,70.0,25.0,90.0,41.58296,-7.1443596,-2.6371775,70.961464,25.379154,89.09132,0.5057288
1.5375,41.353928,-6.8018513,-2.930426,70.0,25.0,90.0,41.582962,-7.1443624,-2.6371899,70.96145,25.379158,89.09131,0.50572526
1.5416666666666667,41.353928,-6.8018513,-2.930426,70.0,25.0,90.0,41.58296,-7.1443768,-2.6372309,70.96141,25.37918,89.09129,0.50570947
1.5458333333333334,41.353928,-6.8018513,-2.930426,70.0,25.0,90.0,41.58297,-7.1444426,-2.6373234,70.9613,25.379135,89.09131,0.50570554
1.55,41.353928,-6.8018513,-2.930426,70.0,25.0,90.0,41.58295,-7.14466,-2.637474,70.96103,25.378891,89.09143,0.505757
1.5541666666666667,41.353928,-6.8018513,-2.930426,70.0,25.0,90.0,41.582893,-7.1450644,-2.6377153,70.96049,25.378307,89.09175,0.5058656
1.5583333333333333,41.353928,-6.8018513,-2.930426,70.0,25.0,90.0,41.5828,-7.145708,-2.638156,70.959366,25.377262,89.09232,0.50600654
1.5625,41.353928,-6.8018513,-2.930426,70.0,25.0,90.0,41.58268,-7.146698,-2.6389294,70.95733,25.37555,89.09317,0.5061788
1.5666666666666667,41.353928,-6.8018513,-2.930426,70.0,25.0,90.0,41.582542,-7.1481886,-2.6401377,70.95414,25.37297,89.09439,0.50644004
1.5708333333333333,41.353928,-6.8018513,-2.930426,70.0,25.0,90.0,41.58264,-7.1503105,-2.6417246,70.949715,25.369305,89.09624,0.50703293
1.575,41.353928,-6.8018513,-2.930426,70.0,25.0,90.0,41.58275,-7.1533175,-2.6437283,70.94371,25.364704,89.098946,0.5080187
1.5791666666666666,41.353928,-6.8018513,-2.930426,70.0,25.0,90.0,41.582924,-7.157096,-2.6464748,70.93601,25.359085,89.10285,0.5091819
1.5833333333333333,41.353928,-6.8018513,-2.930426,70.0,25.0,90.0,41.58294,-7.161414,-2.6502228,70.925766,25.3526,89.108475,0.5101426
1.5875,41.353928,-6.8018513,-2.930426,70.0,25.0,90.0,41.583057,-7.1660957,-2.6548395,70.913216,25.345848,89.115875,0.5110013
1.5916666666666666,41.353928,-6.8018513,-2.930426,70.0,25.0,90.0,41.582718,-7.171318,-2.6599178,70.89825,25.338905,89.12532,0.5118841
1.5958333333333334,41.353928,-6.8018513,-2.930426,70.0,25.0,90.0,41.58243,-7.1769123,-2.6651754,70.88075,25.331814,89.13646,0.51307184
1.6,41.353928,-6.8018513,-2.930426,70.0,25.0,90.0,41.58249,-7.181943,-2.6716022,70.85959,25.325611,89.1489,0.51351696
1.6041666666666667,41.353928,-6.8018513,-2.930426,70.0,25.0,90.0,41.583374,-7.1852245,-2.6768446,70.83409,25.319756,89.162674,0.51373553
1.6083333333333334,41.353928,-6.8018513,-2.930426,70.0,25.0,90.0,41.584354,-7.185876,-2.6815243,70.80208,25.316807,89.1794,0.5123704
1.6125,41.353928,-6.8018513,-2.930426,70.0,25.0,90.0,41.584473,-7.186801,-2.6887856,70.76147,25.31385,89.199104,0.5096345
1.6166666666666667,41.353928,-6.8018513,-2.930426,70.0,25.0,90.0,41.58212,-7.185321,-2.6971636,70.71141,25.312378,89.22101,0.5035191
1.6208333333333333,41.353928,-6.8018513,-2.930426,70.0,25.0,90.0,41.573425,-7.1832,-2.707944,70.64817,25.314999,89.248085,0.493056
1.625,41.353928,-6.8018513,-2.930426,70.0,25.0,90.0,41.562634,-7.178483,-2.721506,70.56981,25.323719,89.279106,0.4785991
1.6291666666666667,41.353928,-6.8018513,-2.930426,70.0,25.0,90.0,41.54878,-7.168948,-2.7373953,70.476234,25.339813,89.31768,0.4582443
1.6333333333333333,41.353928,-6.8018513,-2.930426,70.0,25.0,90.0,41.531708,-7.1505547,-2.751443,70.37572,25.359447,89.36337,0.43038905
1.6375,41.353928,-6.8018513,-2.930426,70.0,25.0,90.0,41.510086,-7.134179,-2.7648106,70.26473,25.370213,89.41741,0.40280974
1.6416666666666666,41.353928,-6.8018513,-2.930426,70.0,25.0,90.0,41.4798,-7.113471,-2.7688227,70.15171,25.368114,89.48135,0.37291637
1.6458333333333333,41.353928,-6.8018513,-2.930426,70.0,25.0,90.0,41.44563,-7.1011333,-2.7714205,70.02638,25.340508,89.5565,0.35108638
1.65,41.353928,-6.8018513,-2.930426,70.0,25.0,90.0,41.409016,-7.1015577,-2.7729702,69.90318,25.29707,89.627914,0.34300283
1.6541666666666666,41.353962,-6.8018184,-2.9304266,69.99995,25.0,89.99992,41.368004,-7.098853,-2.766961,69.78104,25.25372,89.70173,0.3393343
1.6583333333333334,41.35419,-6.8015895,-2.9304264,69.99959,25.0,89.9994,41.331543,-7.1053095,-2.747198,69.66498,25.211334,89.77454,0.35543123
1.6625,41.3548,-6.8009787,-2.9304235,69.998634,25.0,89.997986,41.29272,-7.118743,-2.7232342,69.548134,25.169346,89.84148,0.38438982
1.6666666666666667,41.35597,-6.79981,-2.9304273,69.996796,25.0,89.99529,41.243248,-7.137249,-2.7028217,69.43426,25.09895,89.91643,0.42234504
1.6708333333333334,41.357864,-6.797915,-2.9304245,69.99383,25.0,89.99092,41.16788,-7.131837,-2.6795225,69.34563,25.069164,90.015045,0.4588565
1.675,41.36064,-6.7951374,-2.93043,69.98946,25.0,89.98451,41.083214,-7.1090794,-2.6589422,69.2616,25.041336,90.13721,0.49923065
1.6791666666666667,41.364452,-6.7913294,-2.9304273,69.9835,25.0,89.97571,40.9744,-7.0819263,-2.6603203,69.17745,25.019451,90.26688,0.55636823
1.6833333333333333,41.36943,-6.7863507,-2.930426,69.9757,25.0,89.96422,40.843616,-7.047003,-2.7085752,69.07535,25.059917,90.41682,0.62740546
1.6875,41.37571,-6.7800717,-2.9304278,69.965866,25.0,89.949715,40.69943,-7.01225,-2.771882,68.99855,25.108284,90.57753,0.73239297
1.6916666666666667,41.383408,-6.7723727,-2.9304285,69.95382,25.0,89.93192,40.530807,-6.9686403,-2.8040571,68.92984,25.118729,90.746445,0.8839783
1.6958333333333333,41.392643,-6.763138,-2.930424,69.93939,25.0,89.910576,40.32479,-6.913409,-2.8263083,68.91391,25.110416,90.88148,1.083388
1.7,41.403515,-6.752266,-2.930424,69.92242,25.0,89.88542,40.116142,-6.833434,-2.856166,68.89273,25.102062,91.01601,1.2920644
1.7041666666666666,41.416122,-6.7396574,-2.9304247,69.902756,25.0,89.85624,39.92813,-6.754546,-2.8756437,68.890366,25.114162,91.15121,1.4890739
1.7083333333333333,41.43055,-6.7252293,-2.9304273,69.88029,25.0,89.822815,39.76187,-6.638051,-2.8822756,68.91581,25.149258,91.303024,1.6716477
1.7125,41.44688,-6.708899,-2.9304276,69.854904,25.0,89.78495,39.598232,-6.514409,-2.8636189,68.96594,25.141415,91.41863,1.8600509
1.7166666666666666,41.465187,-6.690594,-2.9304273,69.82651,25.0,89.74246,39.467506,-6.3708487,-2.8228216,69.045586,25.176609,91.50503,2.0259674
1.7208333333333334,41.48553,-6.670251,-2.9304247,69.79502,25.0,89.69519,39.360752,-6.228445,-2.812603,69.095726,25.172924,91.55509,2.1734211
1.725,41.50797,-6.647811,-2.9304254,69.76037,25.0,89.64299,39.236797,-6.119708,-2.8095913,69.10161,25.101078,91.58368,2.3348904
1.7291666666666667,41.532555,-6.623225,-2.9304252,69.7225,25.0,89.58572,39.123077,-6.054862,-2.8195162,69.08758,24.999722,91.5884,2.4780877
1.7333333333333334,41.559326,-6.5964518,-2.9304316,69.68138,25.0,89.52326,39.029842,-5.9971857,-2.8199654,69.09196,24.906315,91.58177,2.6018476
1.7375,41.58833,-6.567458,-2.930429,69.637,25.0,89.45548,38.965546,-5.9113426,-2.8336267,69.11494,24.796822,91.62404,2.7053378
1.7416666666666667,41.619576,-6.536204,-2.9304261,69.58933,25.0,89.38234,38.888805,-5.7413254,-2.8865004,69.14142,24.761066,91.72458,2.844445
1.7458333333333333,41.653103,-6.502678,-2.9304268,69.53838,25.0,89.30371,38.808483,-5.5622587,-2.9627266,69.13895,24.709267,91.833336,2.9962132
1.75,41.688923,-6.466861,-2.9304247,69.48418,25.0,89.219536,38.7459,-5.397353,-3.0507994,69.13455,24.648869,91.96495,3.133644
1.7541666666666667,41.727043,-6.42874,-2.9304285,69.42673,25.0,89.12977,38.687702,-5.2559404,-3.1046553,69.064735,24.592197,92.13285,3.2624235
1.7583333333333333,41.767467,-6.388313,-2.9304268,69.3661,25.0,89.03436,38.649788,-5.1217012,-3.1357908,68.9721,24.549553,92.324394,3.3714101
1.7625,41.8102,-6.345582,-2.9304245,69.30233,25.0,88.933266,38.63561,-4.9780855,-3.1728754,68.855774,24.530048,92.50421,3.4650912
1.7666666666666666,41.855225,-6.300555,-2.930427,69.23549,25.0,88.826485,38.61408,-4.851302,-3.1813002,68.72917,24.528122,92.66181,3.5592556
1.7708333333333333,41.902534,-6.2532473,-2.9304252,69.165665,25.0,88.71398,38.592598,-4.7520857,-3.18472,68.598114,24.452862,92.82712,3.643327
1.775,41.952106,-6.203674,-2.930425,69.09293,25.0,88.59577,38.57592,-4.6620226,-3.2092137,68.42666,24.353615,92.984604,3.721968
1.7791666666666666,42.003918,-6.1518617,-2.9304245,69.0174,25.0,88.47187,38.598404,-4.60744,-3.2428818,68.239296,24.255466,93.08644,3.752385
1.7833333333333334,42.05794,-6.097837,-2.9304261,68.93917,25.0,88.342285,38.63303,-4.5729904,-3.2541337,68.0704,24.167225,93.11305,3.7629726
1.7875,42.114143,-6.0416365,-2.930425,68.85837,25.0,88.20705,38.68623,-4.545418,-3.257895,67.91652,24.100468,93.087395,3.7545304
1.7916666666666667,42.172485,-5.9832964,-2.9304283,68.77511,25.0,88.06621,38.72455,-4.504382,-3.2851048,67.787865,24.076595,93.047745,3.7684548
1.7958333333333334,42.23292,-5.9228587,-2.9304233,68.689545,25.0,87.91982,38.746025,-4.4561357,-3.3320236,67.65889,24.088665,93.02807,3.8040776
1.8,42.295406,-5.8603745,-2.9304261,68.6018,25.0,87.767944,38.762558,-4.396468,-3.3773923,67.5156,24.09726,93.01335,3.850171
1.8041666666666667,42.35989,-5.7958922,-2.9304266,68.51203,25.0,87.61064,38.78643,-4.3466015,-3.4320583,67.36072,24.122318,92.956474,3.8886619
1.8083333333333333,42.42631,-5.729468,-2.9304233,68.4204,25.0,87.44802,38.828484,-4.297305,-3.478623,67.21356,24.20898,92.90961,3.9110074
1.8125,42.494617,-5.6611624,-2.9304266,68.32706,25.0,87.28014,38.87528,-4.2409,-3.5292544,67.05405,24.30196,92.866394,3.9338727
1.8166666666666667,42.564743,-5.591036,-2.9304235,68.23218,25.0,87.107124,38.93171,-4.172702,-3.5815167,66.872604,24.397942,92.83076,3.9540522
1.8208333333333333,42.63662,-5.51916,-2.9304235,68.135925,25.0,86.92907,38.982185,-4.0873384,-3.6227794,66.686935,24.451996,92.79712,3.9855187
1.825,42.710182,-5.4456005,-2.9304278,68.03847,25.0,86.74609,39.03001,-3.9856272,-3.6552343,66.50251,24.48333,92.76341,4.0249887
1.8291666666666666,42.78535,-5.3704324,-2.9304287,67.939995,25.0,86.55834,39.07704,-3.8621378,-3.6832604,66.318085,24.509724,92.732666,4.073483
1.8333333333333333,42.862053,-5.293727,-2.9304285,67.840675,25.0,86.365944,39.127914,-3.7371998,-3.705092,66.13563,24.535114,92.69584,4.119062
1.8375,42.940212,-5.2155666,-2.930423,67.7407,25.0,86.16904,39.181488,-3.612032,-3.7233944,65.95138,24.559902,92.657074,4.162708
1.8416666666666666,43.019745,-5.136037,-2.930427,67.64023,25.0,85.96778,39.23252,-3.484003,-3.7359629,65.764534,24.595627,92.61648,4.209652
1.8458333333333334,43.100563,-5.0552163,-2.9304256,67.53946,25.0,85.76235,39.275616,-3.3528004,-3.7494721,65.5702,24.655159,92.57102,4.2660613
1.85,43.18259,-4.9731913,-2.9304254,67.43856,25.0,85.5529,39.326496,-3.2208595,-3.7598495,65.364914,24.72937,92.51585,4.3160253
1.8541666666666667,43.265728,-4.8900537,-2.9304256,67.337715,25.0,85.33964,39.383972,-3.0970917,-3.7825422,65.15236,24.81437,92.44144,4.3599133
1.8583333333333334,43.34989,-4.8058896,-2.930427,67.23709,25.0,85.122734,39.447205,-2.9735136,-3.8153214,64.91654,24.89412,92.3481,4.4013186
1.8625,43.434986,-4.7207937,-2.9304254,67.13687,25.0,84.90239,39.507393,-2.850439,-3.861548,64.67659,24.980675,92.24204,4.4487305
1.8666666666666667,43.52092,-4.63486,-2.9304254,67.03722,25.0,84.67881,39.569466,-2.7302895,-3.9107575,64.43331,25.072159,92.11761,4.4947114
1.8708333333333333,43.607597,-4.5481834,-2.9304247,66.93829,25.0,84.45221,39.643677,-2.6201363,-3.957686,64.193344,25.15168,91.971176,4.5260687
1.875,43.69492,-4.4608617,-2.9304287,66.840256,25.0,84.22282,39.721336,-2.5104418,-3.999146,63.96076,25.238918,91.804535,4.5536423
1.8791666666666667,43.78279,-4.3729873,-2.9304252,66.74327,25.0,83.99085,39.803036,-2.4043198,-4.0437417,63.733257,25.324448,91.62,4.577508
1.8833333333333333,43.871117,-4.2846646,-2.9304247,66.64748,25.0,83.756546,39.889946,-2.3052788,-4.091025,63.511032,25.403564,91.42238,4.5950713
1.8875,43.95979,-4.1959906,-2.930424,66.55302,25.0,83.52016,39.977467,-2.2119122,-4.137271,63.310867,25.482758,91.21605,4.609983
1.8916666666666666,44.048717,-4.107065,-2.9304266,66.46002,25.0,83.28191,40.066444,-2.1189833,-4.180462,63.122356,25.554684,91.00515,4.6231546
1.8958333333333333,44.13779,-4.0179906,-2.930427,66.36863,25.0,83.0421,40.155167,-2.0309696,-4.218541,62.94421,25.616074,90.78576,4.633442
1.9,44.22692,-3.928861,-2.9304247,66.27895,25.0,82.80094,40.245537,-1.9471226,-4.263281,62.771767,25.673954,90.55188,4.6427593
1.9041666666666666,44.315994,-3.8397841,-2.930428,66.1911,25.0,82.55874,40.339375,-1.868227,-4.3127766,62.602066,25.725708,90.309906,4.6488094
1.9083333333333334,44.404922,-3.75086,-2.930429,66.10519,25.0,82.31573,40.440487,-1.7846508,-4.3619614,62.43796,25.769844,90.061584,4.6510224
1.9125,44.493595,-3.662183,-2.9304261,66.0213,25.0,82.07222,40.546677,-1.7058144,-4.417678,62.2775,25.822174,89.795715,4.6494584
1.9166666666666667,44.58192,-3.5738604,-2.9304261,65.93953,25.0,81.82846,40.651894,-1.6332493,-4.470396,62.129696,25.878426,89.5025,4.6457067
1.9208333333333334,44.669796,-3.4859922,-2.9304302,65.85995,25.0,81.584755,40.750435,-1.56781,-4.5264144,61.99575,25.944363,89.19003,4.6462865
1.925,44.757114,-3.3986669,-2.930425,65.78263,25.0,81.34141,40.834053,-1.5007362,-4.582689,61.88194,26.029263,88.86455,4.660743
1.9291666666666667,44.843792,-3.311989,-2.9304261,65.70763,25.0,81.09867,40.90427,-1.4290257,-4.6390567,61.77985,26.130322,88.527466,4.6887956
1.9333333333333333,44.929726,-3.2260532,-2.930424,65.634995,25.0,80.85686,40.976112,-1.3601608,-4.6848235,61.693947,26.223476,88.180214,4.7106824
1.9375,45.01482,-3.140958,-2.9304233,65.56477,25.0,80.61626,41.048733,-1.2977486,-4.707639,61.64642,26.310356,87.84052,4.7207804
1.9416666666666667,45.098984,-3.056798,-2.9304264,65.496994,25.0,80.37716,41.127464,-1.2453785,-4.7118692,61.628662,26.394772,87.493034,4.714631
1.9458333333333333,45.18212,-2.9736595,-2.930429,65.43168,25.0,80.13986,41.2095,-1.1938019,-4.7013836,61.635784,26.475155,87.14556,4.6995635
1.95,45.26415,-2.8916337,-2.930427,65.36885,25.0,79.904655,41.29201,-1.1478939,-4.6826496,61.660454,26.543648,86.78659,4.6785455
1.9541666666666666,45.344967,-2.810813,-2.9304268,65.30851,25.0,79.67185,41.378944,-1.1029377,-4.652567,61.68385,26.59201,86.42586,4.6488643
1.9583333333333333,45.4245,-2.7312818,-2.9304278,65.250656,25.0,79.44171,41.461037,-1.0616512,-4.5999026,61.734634,26.640125,86.07322,4.6134424
1.9625,45.50266,-2.653122,-2.9304264,65.19528,25.0,79.21455,41.546062,-1.0145531,-4.530515,61.801556,26.673222,85.73445,4.571635
1.9666666666666666,45.57936,-2.5764182,-2.9304242,65.14237,25.0,78.99064,41.61389,-0.9678993,-4.4764733,61.857,26.704441,85.41177,4.5500054
1.9708333333333334,45.65453,-2.5012474,-2.9304254,65.091896,25.0,78.77026,41.66679,-0.9307289,-4.42624,61.91362,26.740139,85.087875,4.5393896
1.975,45.728092,-2.427692,-2.9304292,65.04383,25.0,78.55369,41.719177,-0.90774155,-4.3675423,61.975395,26.78807,84.75715,4.5218296
1.9791666666666667,45.79997,-2.3558116,-2.9304273,64.99814,25.0,78.34121,41.781334,-0.8796177,-4.303272,62.028515,26.81668,84.408104,4.495918
1.9833333333333334,45.870094,-2.2856889,-2.9304268,64.95478,25.0,78.133064,41.866867,-0.8696995,-4.251063,62.08488,26.85857,84.04642,4.4469013
1.9875,45.9384,-2.2173805,-2.9304247,64.913704,25.0,77.92953,41.961388,-0.86670685,-4.209761,62.119755,26.886864,83.6949,4.390632
1.9916666666666667,46.00482,-2.150956,-2.9304264,64.874855,25.0,77.73084,42.058937,-0.8675709,-4.1758823,62.162716,26.900188,83.350845,4.332233
1.9958333333333333,46.069305,-2.0864756,-2.930427,64.83819,25.0,77.53723,42.154015,-0.8533821,-4.141797,62.224804,26.86959,83.028336,4.2798877
2.0,46.13179,-2.023988,-2.9304268,64.803635,25.0,77.34894,42.250923,-0.84432983,-4.09928,62.33567,26.837452,82.7055,4.2212486
2.004166666666667,46.19223,-1.9635572,-2.9304273,64.77114,25.0,77.166176,42.35994,-0.82546806,-4.0803823,62.43479,26.797318,82.39515,4.159819
2.0083333333333333,46.250572,-1.9052173,-2.930428,64.74063,25.0,76.98915,42.497246,-0.82073784,-4.049572,62.550934,26.737484,82.08699,4.063993
2.0125,46.30677,-1.8490123,-2.9304292,64.712036,25.0,76.81807,42.63507,-0.82735634,-3.9957771,62.67643,26.681828,81.81291,3.9572875
2.0166666666666666,46.360794,-1.7949873,-2.9304252,64.6853,25.0,76.65308,42.77328,-0.8361511,-3.946115,62.830666,26.662453,81.558,3.8498366
2.0208333333333335,46.412605,-1.7431753,-2.9304295,64.66034,25.0,76.49438,42.91125,-0.84910965,-3.89676,62.99469,26.623573,81.31444,3.7406723
2.025,46.462177,-1.6936005,-2.9304264,64.63709,25.0,76.34209,43.03442,-0.8673992,-3.8575516,63.190254,26.568298,81.10292,3.645777
2.029166666666667,46.509487,-1.6462923,-2.9304237,64.615486,25.0,76.196335,43.162468,-0.8891659,-3.8085842,63.408817,26.50758,80.92232,3.5421665
2.033333333333333,46.554512,-1.6012666,-2.9304273,64.595436,25.0,76.05725,43.259388,-0.89935684,-3.760901,63.625645,26.452091,80.744064,3.4699001
2.0375,46.597244,-1.5585375,-2.9304266,64.57689,25.0,75.92491,43.35622,-0.92383194,-3.7491145,63.83846,26.390339,80.574646,3.4025486
2.0416666666666665,46.63767,-1.5181085,-2.930426,64.55976,25.0,75.79942,43.456657,-0.9488754,-3.7253056,64.00996,26.288116,80.42738,3.327866
2.0458333333333334,46.67579,-1.4799906,-2.930427,64.54399,25.0,75.68082,43.55246,-0.97114944,-3.6822963,64.17222,26.177544,80.31235,3.252601
2.05,46.71161,-1.444171,-2.9304256,64.52951,25.0,75.56912,43.64755,-1.0287704,-3.6297774,64.348274,26.049358,80.23443,3.1701918
2.0541666666666667,46.745136,-1.4106456,-2.9304256,64.51625,25.0,75.46437,43.756824,-1.0815983,-3.5915656,64.50827,25.918941,80.16484,3.0782115
2.058333333333333,46.776386,-1.3793962,-2.9304295,64.50414,25.0,75.36655,43.87181,-1.1374607,-3.5422926,64.636246,25.779648,80.10147,2.978165
2.0625,46.805386,-1.3503978,-2.9304292,64.49313,25.0,75.27561,43.987564,-1.1858692,-3.4900813,64.74008,25.663036,80.04613,2.877568
2.066666666666667,46.832157,-1.3236246,-2.930426,64.48316,25.0,75.19153,44.084473,-1.2148533,-3.4189177,64.81595,25.57576,79.959305,2.7928884
2.0708333333333333,46.856743,-1.2990376,-2.9304223,64.47417,25.0,75.11419,44.18495,-1.2395916,-3.3199887,64.87636,25.503185,79.853966,2.700697
2.075,46.87918,-1.276601,-2.930424,64.46609,25.0,75.04351,44.269978,-1.2506752,-3.216785,64.9318,25.448818,79.7381,2.6249986
2.0791666666666666,46.899525,-1.2562542,-2.9304254,64.45887,25.0,74.97935,44.333794,-1.2532463,-3.1142845,64.965034,25.422508,79.63556,2.5723119
2.0833333333333335,46.91783,-1.2379518,-2.9304285,64.45247,25.0,74.92154,44.387657,-1.2555695,-3.0228357,64.97495,25.377075,79.55269,2.5319223
2.0875,46.934162,-1.2216194,-2.9304276,64.44683,25.0,74.86993,44.437057,-1.2621326,-2.9253511,64.966835,25.320465,79.48148,2.4974384
2.091666666666667,46.94859,-1.2071931,-2.9304323,64.4419,25.0,74.82428,44.49249,-1.2841434,-2.8399506,64.95731,25.249306,79.40347,2.4589708
2.095833333333333,46.961197,-1.1945834,-2.930423,64.43765,25.0,74.78437,44.547806,-1.304039,-2.7394047,64.93436,25.15673,79.33978,2.4234118
2.1,46.97207,-1.1837118,-2.9304285,64.434006,25.0,74.74992,44.59053,-1.3029919,-2.6629763,64.91176,25.12709,79.288124,2.3994758
2.1041666666666665,46.981304,-1.1744789,-2.9304292,64.43094,25.0,74.72064,44.653114,-1.3179722,-2.611699,64.896255,25.133327,79.24321,2.3542826
2.1083333333333334,46.989002,-1.1667758,-2.930426,64.4284,25.0,74.69623,44.71022,-1.3305645,-2.5477905,64.91071,25.144306,79.19439,2.3164809
2.1125,46.99528,-1.1604967,-2.9304242,64.42634,25.0,74.67631,44.741158,-1.331789,-2.490407,64.92166,25.118572,79.14314,2.303048
2.1166666666666667,47.00026,-1.1555192,-2.930423,64.42471,25.0,74.66051,44.761772,-1.3768673,-2.4897232,64.93556,25.126324,79.01854,2.2921686
2.120833333333333,47.00407,-1.1517122,-2.9304273,64.42347,25.0,74.64841,44.807587,-1.4530239,-2.5139341,64.9288,25.1545,78.859856,2.255836
2.125,47.006847,-1.1489329,-2.9304247,64.42257,25.0,74.63959,44.876938,-1.5032597,-2.5599213,64.87842,25.204304,78.67483,2.1907384
2.129166666666667,47.008743,-1.147037,-2.9304268,64.42195,25.0,74.63357,44.92792,-1.5092583,-2.5815783,64.831924,25.167034,78.512314,2.1407287
2.1333333333333333,47.00991,-1.1458706,-2.9304242,64.42158,25.0,74.62986,44.97091,-1.5585938,-2.5865612,64.80279,25.07162,78.36674,2.1085799
2.1375,47.01052,-1.145257,-2.9304228,64.42138,25.0,74.62792,45.00846,-1.64324,-2.5992746,64.782845,24.997131,78.26521,2.0894713
2.1416666666666666,47.01075,-1.1450292,-2.9304256,64.4213,25.0,74.62719,45.0606,-1.7100945,-2.663888,64.759735,24.998943,78.1377,2.0477853
2.1458333333333335,47.010784,-1.1449966,-2.9304237,64.421295,25.0,74.62708,45.12453,-1.741108,-2.7411976,64.73481,25.031193,78.00635,1.9872359
2.15,47.010784,-1.1449966,-2.9304237,64.421295,25.0,74.62708,45.174667,-1.7576942,-2.7736835,64.72935,24.99215,77.91332,1.9419812
2.154166666666667,47.010784,-1.1449966,-2.9304237,64.421295,25.0,74.62708,45.219955,-1.7822514,-2.787981,64.72321,24.910545,77.81896,1.9061613
2.158333333333333,47.010784,-1.1449966,-2.9304237,64.421295,25.0,74.62708,45.26609,-1.8014679,-2.820713,64.707756,24.879498,77.73227,1.8673369
2.1625,47.010784,-1.1449966,-2.9304237,64.421295,25.0,74.62708,45.308044,-1.8006268,-2.8704042,64.683556,24.890224,77.66172,1.8255891
2.1666666666666665,47.010784,-1.1449966,-2.9304237,64.421295,25.0,74.62708,45.352936,-1.7904243,-2.9137344,64.66611,24.906578,77.59474,1.7791337
2.1708333333333334,47.010784,-1.1449966,-2.9304237,64.421295,25.0,74.62708,45.39827,-1.7826996,-2.944086,64.64888,24.91774,77.53097,1.7340862
2.175,47.010784,-1.1449966,-2.9304237,64.421295,25.0,74.62708,45.434227,-1.7753334,-2.966055,64.630264,24.919346,77.47212,1.6982716
2.1791666666666667,47.010784,-1.1449966,-2.9304237,64.421295,25.0,74.62708,45.46616,-1.7682018,-2.9849796,64.61374,24.920273,77.41647,1.6665009
2.183333333333333,47.010784,-1.1449966,-2.9304237,64.421295,25.0,74.62708,45.495216,-1.7614346,-2.9996977,64.59892,24.922928,77.36624,1.637602
2.1875,47.010784,-1.1449966,-2.9304237,64.421295,25.0,74.62708,45.51929,-1.7560444,-3.0118895,64.58605,24.923302,77.325615,1.6138674
2.191666666666667,47.010784,-1.1449966,-2.9304237,64.421295,25.0,74.62708,45.539497,-1.751131,-3.021346,64.575066,24.923897,77.29083,1.5938478
2.1958333333333333,47.010784,-1.1449966,-2.9304237,64.421295,25.0,74.62708,45.55647,-1.7461891,-3.029827,64.565216,24.921543,77.25992,1.5768151
2.2,47.010784,-1.1449966,-2.9304237,64.421295,25.0,74.62708,45.570213,-1.7403374,-3.0365696,64.55654,24.918419,77.23301,1.5623515
2.2041666666666666,47.010784,-1.1449966,-2.9304237,64.421295,25.0,74.62708,45.58129,-1.7345085,-3.0409966,64.54971,24.91637,77.21178,1.550226
2.2083333333333335,47.010784,-1.1449966,-2.9304237,64.421295,25.0,74.62708,45.590023,-1.7289944,-3.0436392,64.54449,24.91529,77.19527,1.5402704
2.2125,47.010784,-1.1449966,-2.9304237,64.421295,25.0,74.62708,45.597054,-1.7241039,-3.0453815,64.540436,24.915447,77.18266,1.5320623
2.216666666666667,47.010784,-1.1449966,-2.9304237,64.421295,25.0,74.62708,45.602116,-1.7201157,-3.0466108,64.53704,24.916065,77.173515,1.5259778
2.220833333333333,47.010784,-1.1449966,-2.9304237,64.421295,25.0,74.62708,45.605644,-1.7170315,-3.047287,64.53421,24.916393,77.1677,1.5216106
2.225,47.010784,-1.1449966,-2.9304237,64.421295,25.0,74.62708,45.60797,-1.7145519,-3.047615,64.532,24.91661,77.1645,1.5185556
2.2291666666666665,47.010784,-1.1449966,-2.9304237,64.421295,25.0,74.62708,45.60946,-1.7126827,-3.0476665,64.530396,24.916634,77.16289,1.5164846
2.2333333333333334,47.010784,-1.1449966,-2.9304237,64.421295,25.0,74.62708,45.610363,-1.7113457,-3.0474863,64.529274,24.916645,77.16227,1.515135
2.2375,47.010784,-1.1449966,-2.9304237,64.421295,25.0,74.62708,45.610916,-1.7105064,-3.0472193,64.52857,24.916565,77.16209,1.5142896
2.2416666666666667,47.010784,-1.1449966,-2.9304237,64.421295,25.0,74.62708,45.611282,-1.7099934,-3.0469637,64.52816,24.916409,77.16208,1.5137397
2.245833333333333,47.010784,-1.1449966,-2.9304237,64.421295,25.0,74.62708,45.611473,-1.709713,-3.04673,64.52798,24.91623,77.162125,1.5134408
2.25,47.010784,-1.1449966,-2.9304237,64.421295,25.0,74.62708,45.611557,-1.7095623,-3.0465336,64.52793,24.916107,77.16216,1.513292
2.254166666666667,47.010784,-1.1449966,-2.9304237,64.421295,25.0,74.62708,45.6116,-1.7095013,-3.046399,64.52792,24.916046,77.16215,1.5132201
2.2583333333333333,47.010784,-1.1449966,-2.9304237,64.421295,25.0,74.62708,45.611618,-1.7094707,-3.0463352,64.52793,24.916039,77.16215,1.5131861
2.2625,47.010784,-1.1449966,-2.9304237,64.421295,25.0,74.62708,45.61162,-1.7094727,-3.0463228,64.52794,24.91603,77.16214,1.5131823
2.2666666666666666,47.010784,-1.1449966,-2.9304237,64.421295,25.0,74.62708,45.611618,-1.7094746,-3.0463238,64.52795,24.91603,77.16214,1.5131867
2.2708333333333335,47.010784,-1.1449966,-2.9304237,64.421295,25.0,74.62708,45.611618,-1.7094746,-3.0463238,64.52795,24.91603,77.16214,1.5131867
2.275,47.010784,-1.1449966,-2.9304237,64.421295,25.0,74.62708,45.611618,-1.7094746,-3.0463238,64.52795,24.91603,77.16214,1.5131867
2.279166666666667,47.010784,-1.1449966,-2.9304237,64.421295,25.0,74.62708,45.611618,-1.7094746,-3.0463238,64.52795,24.91603,77.16214,1.5131867
2.283333333333333,47.010784,-1.1449966,-2.9304237,64.421295,25.0,74.62708,45.611618,-1.7094746,-3.0463238,64.52795,24.91603,77.16214,1.5131867
2.2875,47.010784,-1.1449966,-2.9304237,64.421295,25.0,74.62708,45.611618,-1.7094746,-3.0463238,64.52795,24.91603,77.16214,1.5131867
2.2916666666666665,47.010784,-1.1449966,-2.9304237,64.421295,25.0,74.62708,45.611618,-1.7094746,-3.0463238,64.52795,24.91603,77.16214,1.5131867
2.2958333333333334,47.010784,-1.1449966,-2.9304237,64.421295,25.0,74.62708,45.611618,-1.7094746,-3.0463238,64.52795,24.91603,77.16214,1.5131867
2.3,47.010784,-1.1449966,-2.9304237,64.421295,25.0,74.62708,45.611618,-1.7094746,-3.0463238,64.52795,24.91603,77.16214,1.5131867
2.3041666666666667,47.010784,-1.1449966,-2.9304237,64.421295,25.0,74.62708,45.611618,-1.7094746,-3.0463238,64.52795,24.91603,77.16214,1.5131867
2.308333333333333,47.010784,-1.1449966,-2.9304237,64.421295,25.0,74.62708,45.611618,-1.7094746,-3.0463238,64.52795,24.91603,77.16214,1.5131867
2.3125,47.010784,-1.1449966,-2.9304237,64.421295,25.0,74.62708,45.611618,-1.7094746,-3.0463238,64.52795,24.91603,77.16214,1.5131867
2.316666666666667,47.010784,-1.1449966,-2.9304237,64.421295,25.0,74.62708,45.611618,-1.7094746,-3.0463238,64.52795,24.91603,77.16214,1.5131867
2.3208333333333333,47.010784,-1.1449966,-2.9304237,64.421295,25.0,74.62708,45.611618,-1.7094746,-3.0463238,64.52795,24.91603,77.16214,1.5131867
2.325,47.010784,-1.1449966,-2.9304237,64.421295,25.0,74.62708,45.611618,-1.7094746,-3.0463238,64.52795,24.91603,77.16214,1.5131867
2.3291666666666666,47.010784,-1.1449966,-2.9304237,64.421295,25.0,74.62708,45.611618,-1.7094746,-3.0463238,64.52795,24.91603,77.16214,1.5131867
2.3333333333333335,47.010784,-1.1449966,-2.9304237,64.421295,25.0,74.62708,45.611618,-1.7094746,-3.0463238,64.52795,24.91603,77.16214,1.5131867
2.3375,47.010784,-1.1449966,-2.9304237,64.421295,25.0,74.62708,45.611618,-1.7094746,-3.0463238,64.52795,24.91603,77.16214,1.5131867
2.341666666666667,47.010784,-1.1449966,-2.9304237,64.421295,25.0,74.62708,45.611618,-1.7094746,-3.0463238,64.52795,24.91603,77.16214,1.5131867
2.345833333333333,47.010784,-1.1449966,-2.9304237,64.421295,25.0,74.62708,45.611618,-1.7094746,-3.0463238,64.52795,24.91603,77.16214,1.5131867
2.35,47.010784,-1.1449966,-2.9304237,64.421295,25.0,74.62708,45.611618,-1.7094746,-3.0463238,64.52795,24.91603,77.16214,1.5131867
2.3541666666666665,47.010784,-1.1449966,-2.9304237,64.421295,25.0,74.62708,45.611618,-1.7094746,-3.0463238,64.52795,24.91603,77.16214,1.5131867
2.3583333333333334,47.010784,-1.1449966,-2.9304237,64.421295,25.0,74.62708,45.611618,-1.7094746,-3.0463238,64.52795,24.91603,77.16214,1.5131867
2.3625,47.010784,-1.1449966,-2.9304237,64.421295,25.0,74.62708,45.611618,-1.7094746,-3.0463238,64.52795,24.91603,77.16214,1.5131867
2.3666666666666667,47.010784,-1.1449966,-2.9304237,64.421295,25.0,74.62708,45.611618,-1.7094746,-3.0463238,64.52795,24.91603,77.16214,1.5131867
2.370833333333333,47.010784,-1.1449966,-2.9304237,64.421295,25.0,74.62708,45.611618,-1.7094746,-3.0463238,64.52795,24.91603,77.16214,1.5131867
2.375,47.010784,-1.1449966,-2.9304237,64.421295,25.0,74.62708,45.611618,-1.7094746,-3.0463238,64.52795,24.91603,77.16214,1.5131867
2.379166666666667,47.010784,-1.1449966,-2.9304237,64.421295,25.0,74.62708,45.611618,-1.7094746,-3.0463238,64.52795,24.91603,77.16214,1.5131867
2.3833333333333333,47.010784,-1.1449966,-2.9304237,64.421295,25.0,74.62708,45.611618,-1.7094746,-3.0463238,64.52795,24.91603,77.16214,1.5131867
2.3875,47.010784,-1.1449966,-2.9304237,64.421295,25.0,74.62708,45.611618,-1.7094746,-3.0463238,64.52795,24.91603,77.16214,1.5131867
2.3916666666666666,47.010784,-1.1449966,-2.9304237,64.421295,25.0,74.62708,45.611618,-1.7094746,-3.0463238,64.52795,24.91603,77.16214,1.5131867
2.3958333333333335,47.010784,-1.1449966,-2.9304237,64.421295,25.0,74.62708,45.611618,-1.7094746,-3.0463238,64.52795,24.91603,77.16214,1.5131867
2.4,47.010784,-1.1449966,-2.9304237,64.421295,25.0,74.62708,45.611618,-1.7094746,-3.0463238,64.52795,24.91603,77.16214,1.5131867
2.404166666666667,47.010784,-1.1449966,-2.9304237,64.421295,25.0,74.62708,45.611618,-1.7094746,-3.0463238,64.52795,24.91603,77.16214,1.5131867
2.408333333333333,47.010784,-1.1449966,-2.9304237,64.421295,25.0,74.62708,45.611618,-1.7094746,-3.0463238,64.52795,24.91603,77.16214,1.5131867
2.4125,47.010784,-1.1449966,-2.9304237,64.421295,25.0,74.62708,45.611618,-1.7094746,-3.0463238,64.52795,24.91603,77.16214,1.5131867
2.4166666666666665,47.010784,-1.1449966,-2.9304237,64.421295,25.0,74.62708,45.611618,-1.7094746,-3.0463238,64.52795,24.91603,77.16214,1.5131867
2.4208333333333334,47.010784,-1.1449966,-2.9304237,64.421295,25.0,74.62708,45.611618,-1.7094746,-3.0463238,64.52795,24.91603,77.16214,1.5131867
2.425,47.010784,-1.1449966,-2.9304237,64.421295,25.0,74.62708,45.611618,-1.7094746,-3.0463238,64.52795,24.91603,77.16214,1.5131867
2.4291666666666667,47.010784,-1.1449966,-2.9304237,64.421295,25.0,74.62708,45.611618,-1.7094746,-3.0463238,64.52795,24.91603,77.16214,1.5131867
2.433333333333333,47.010784,-1.1449966,-2.9304237,64.421295,25.0,74.62708,45.611618,-1.7094746,-3.0463238,64.52795,24.91603,77.16214,1.5131867
2.4375,47.010784,-1.1449966,-2.9304237,64.421295,25.0,74.62708,45.611618,-1.7094746,-3.0463238,64.52795,24.91603,77.16214,1.5131867
2.441666666666667,47.010784,-1.1449966,-2.9304237,64.421295,25.0,74.62708,45.611618,-1.7094746,-3.0463238,64.52795,24.91603,77.16214,1.5131867
2.4458333333333333,47.010784,-1.1449966,-2.9304237,64.421295,25.0,74.62708,45.611618,-1.7094746,-3.0463238,64.52795,24.91603,77.16214,1.5131867
2.45,47.010784,-1.1449966,-2.9304237,64.421295,25.0,74.62708,45.611618,-1.7094746,-3.0463238,64.52795,24.91603,77.16214,1.5131867
2.4541666666666666,47.010784,-1.1449966,-2.9304237,64.421295,25.0,74.62708,45.611618,-1.7094746,-3.0463238,64.52795,24.91603,77.16214,1.5131867
2.4583333333333335,47.010784,-1.1449966,-2.9304237,64.421295,25.0,74.62708,45.611618,-1.7094746,-3.0463238,64.52795,24.91603,77.16214,1.5131867
2.4625,47.010784,-1.1449966,-2.9304237,64.421295,25.0,74.62708,45.611618,-1.7094746,-3.0463238,64.52795,24.91603,77.16214,1.5131867
2.466666666666667,47.010784,-1.1449966,-2.9304237,64.421295,25.0,74.62708,45.611618,-1.7094746,-3.0463238,64.52795,24.91603,77.16214,1.5131867
2.470833333333333,47.010784,-1.1449966,-2.9304237,64.421295,25.0,74.62708,45.611618,-1.7094746,-3.0463238,64.52795,24.91603,77.16214,1.5131867
2.475,47.010784,-1.1449966,-2.9304237,64.421295,25.0,74.62708,45.611618,-1.7094746,-3.0463238,64.52795,24.91603,77.16214,1.5131867
2.4791666666666665,47.010784,-1.1449966,-2.9304237,64.421295,25.0,74.62708,45.611618,-1.7094746,-3.0463238,64.52795,24.91603,77.16214,1.5131867
2.4833333333333334,47.010784,-1.1449966,-2.9304237,64.421295,25.0,74.62708,45.611618,-1.7094746,-3.0463238,64.52795,24.91603,77.16214,1.5131867
2.4875,47.010784,-1.1449966,-2.9304237,64.421295,25.0,74.62708,45.611618,-1.7094746,-3.0463238,64.52795,24.91603,77.16214,1.5131867
2.4916666666666667,47.010784,-1.1449966,-2.9304237,64.421295,25.0,74.62708,45.611618,-1.7094746,-3.0463238,64.52795,24.91603,77.16214,1.5131867
2.495833333333333,47.010784,-1.1449966,-2.9304237,64.421295,25.0,74.62708,45.611618,-1.7094746,-3.0463238,64.52795,24.91603,77.16214,1.5131867
2.5,47.010784,-1.1449966,-2.9304237,64.421295,25.0,74.62708,45.611618,-1.7094746,-3.0463238,64.52795,24.91603,77.16214,1.5131867
2.504166666666667,47.010784,-1.1449966,-2.9304237,64.421295,25.0,74.62708,45.611618,-1.7094746,-3.0463238,64.52795,24.91603,77.16214,1.5131867
2.5083333333333333,47.010784,-1.1449966,-2.9304237,64.421295,25.0,74.62708,45.611618,-1.7094746,-3.0463238,64.52795,24.91603,77.16214,1.5131867
2.5125,47.010784,-1.1449966,-2.9304237,64.421295,25.0,74.62708,45.611618,-1.7094746,-3.0463238,64.52795,24.91603,77.16214,1.5131867
2.5166666666666666,47.010784,-1.1449966,-2.9304237,64.421295,25.0,74.62708,45.611618,-1.7094746,-3.0463238,64.52795,24.91603,77.16214,1.5131867
2.5208333333333335,47.010784,-1.1449966,-2.9304237,64.421295,25.0,74.62708,45.611618,-1.7094746,-3.0463238,64.52795,24.91603,77.16214,1.5131867
2.525,47.010784,-1.1449966,-2.9304237,64.421295,25.0,74.62708,45.611618,-1.7094746,-3.0463238,64.52795,24.91603,77.16214,1.5131867
2.529166666666667,47.010784,-1.1449966,-2.9304237,64.421295,25.0,74.62708,45.611618,-1.7094746,-3.0463238,64.52795,24.91603,77.16214,1.5131867
2.533333333333333,47.010784,-1.1449966,-2.9304237,64.421295,25.0,74.62708,45.611614,-1.7094727,-3.046321,64.52795,24.91603,77.16214,1.5131893
2.5375,47.010784,-1.1449966,-2.9304237,64.421295,25.0,74.62708,45.611603,-1.7094784,-3.0463037,64.52797,24.916027,77.16216,1.5132006
2.5416666666666665,47.010784,-1.1449966,-2.9304237,64.421295,25.0,74.62708,45.611576,-1.7094784,-3.0462427,64.52805,24.916092,77.16223,1.5132208
2.5458333333333334,47.010784,-1.1449966,-2.9304237,64.421295,25.0,74.62708,45.611504,-1.7094555,-3.0460854,64.52833,24.91629,77.16229,1.5132672
2.55,47.010784,-1.1449966,-2.9304237,64.421295,25.0,74.62708,45.611393,-1.7093716,-3.0457773,64.528854,24.916714,77.16228,1.5133146
2.5541666666666667,47.010784,-1.1449966,-2.9304237,64.421295,25.0,74.62708,45.61121,-1.7092342,-3.0452814,64.52979,24.91753,77.16217,1.5133951
2.558333333333333,47.010784,-1.1449966,-2.9304237,64.421295,25.0,74.62708,45.610863,-1.7090759,-3.0444632,64.53133,24.918842,77.16206,1.5135952
2.5625,47.010784,-1.1449966,-2.9304237,64.421295,25.0,74.62708,45.610237,-1.7087078,-3.043147,64.5338,24.920967,77.16206,1.5139382
2.566666666666667,47.010784,-1.1449966,-2.9304237,64.421295,25.0,74.62708,45.609207,-1.7080746,-3.0411072,64.53756,24.924213,77.16238,1.5145051
2.5708333333333333,47.010784,-1.1449966,-2.9304237,64.421295,25.0,74.62708,45.607635,-1.7070904,-3.038291,64.54281,24.929123,77.16308,1.5153913
2.575,47.010784,-1.1449966,-2.9304237,64.421295,25.0,74.62708,45.605362,-1.7058735,-3.034686,64.54972,24.936115,77.164276,1.5167943
2.5791666666666666,47.010784,-1.1449966,-2.9304237,64.421295,25.0,74.62708,45.602127,-1.7046738,-3.0305471,64.55821,24.945526,77.16602,1.5190715
2.5833333333333335,47.010784,-1.1449966,-2.9304237,64.421295,25.0,74.62708,45.59795,-1.7034416,-3.0257635,64.56889,24.95773,77.16914,1.5221863
2.5875,47.010784,-1.1449966,-2.9304237,64.421295,25.0,74.62708,45.59311,-1.7024574,-3.02067,64.581635,24.973011,77.1734,1.5260109
2.591666666666667,47.010784,-1.1449966,-2.9304237,64.421295,25.0,74.62708,45.587715,-1.7020912,-3.015646,64.596695,24.992977,77.1782,1.5306021
2.595833333333333,47.010784,-1.1449966,-2.9304237,64.421295,25.0,74.62708,45.581657,-1.7016048,-3.0099964,64.61523,25.017616,77.18475,1.5357565
2.6,47.010784,-1.1449966,-2.9304237,64.421295,25.0,74.62708,45.57527,-1.6986828,-3.0032463,64.637764,25.051449,77.19483,1.5403142
2.6041666666666665,47.010784,-1.1449966,-2.9304237,64.421295,25.0,74.62708,45.568268,-1.6937752,-2.995697,64.665184,25.095592,77.2089,1.5447563
2.6083333333333334,47.010784,-1.1449966,-2.9304237,64.421295,25.0,74.62708,45.559616,-1.6866989,-2.9886322,64.6969,25.147423,77.22642,1.5500704
2.6125,47.010784,-1.1449966,-2.9304237,64.421295,25.0,74.62708,45.546417,-1.6802998,-2.983962,64.731606,25.200424,77.246445,1.5600597
2.6166666666666667,47.010784,-1.1449966,-2.9304237,64.421295,25.0,74.62708,45.532867,-1.6731148,-2.9817553,64.76758,25.25661,77.26956,1.5702807
2.620833333333333,47.010784,-1.1449966,-2.9304237,64.421295,25.0,74.62708,45.516712,-1.6669617,-2.9875937,64.79983,25.317749,77.297,1.5836562
2.625,47.010784,-1.1449966,-2.9304237,64.421295,25.0,74.62708,45.499916,-1.6610565,-2.9975204,64.82259,25.381638,77.330246,1.5979806
2.629166666666667,47.010784,-1.1449966,-2.9304237,64.421295,25.0,74.62708,45.480396,-1.6523552,-3.0166883,64.83619,25.450134,77.366005,1.6146024
2.6333333333333333,47.010784,-1.1449966,-2.9304237,64.421295,25.0,74.62708,45.46252,-1.6491432,-3.0556345,64.84535,25.516563,77.40743,1.6330835
2.6375,47.010784,-1.1449966,-2.9304237,64.421295,25.0,74.62708,45.45175,-1.6482353,-3.1098251,64.83844,25.571762,77.46223,1.648034
2.6416666666666666,47.010784,-1.1449966,-2.9304237,64.421295,25.0,74.62708,45.44425,-1.652977,-3.1698895,64.82101,25.589,77.52652,1.6641582
2.6458333333333335,47.010784,-1.1449966,-2.9304237,64.421295,25.0,74.62708,45.449295,-1.6773186,-3.218347,64.79562,25.548038,77.59837,1.6746686
2.65,47.010784,-1.1449966,-2.9304237,64.421295,25.0,74.62708,45.45645,-1.7098007,-3.2373528,64.767334,25.48846,77.659874,1.6820105
2.654166666666667,47.01075,-1.1450292,-2.9304256,64.4213,25.0,74.62719,45.463367,-1.7360287,-3.2696772,64.73551,25.47277,77.70332,1.690788
2.658333333333333,47.01052,-1.145257,-2.9304228,64.42138,25.0,74.62792,45.474197,-1.784071,-3.3496118,64.67143,25.481113,77.77123,1.7158359
2.6625,47.00991,-1.1458706,-2.9304242,64.42158,25.0,74.62986,45.465897,-1.8389683,-3.4440327,64.58659,25.507168,77.897644,1.7686597
2.6666666666666665,47.008743,-1.147037,-2.9304268,64.42195,25.0,74.63357,45.474056,-1.8708038,-3.521493,64.53277,25.552952,78.048164,1.796792
2.6708333333333334,47.006847,-1.1489329,-2.9304247,64.42257,25.0,74.63959,45.476555,-1.916153,-3.5732417,64.50023,25.5397,78.17803,1.8285611
2.675,47.00407,-1.1517122,-2.9304273,64.42347,25.0,74.64841,45.481007,-2.016199,-3.6339693,64.4767,25.544296,78.24667,1.8873346
2.6791666666666667,47.00026,-1.1555192,-2.930423,64.42471,25.0,74.66051,45.524166,-2.1005335,-3.7552938,64.46666,25.60891,78.3101,1.9370893
2.683333333333333,46.99528,-1.1604967,-2.9304242,64.42634,25.0,74.67631,45.578255,-2.12082,-3.8770056,64.48473,25.654175,78.38746,1.9560678
2.6875,46.989002,-1.1667758,-2.930426,64.4284,25.0,74.69623,45.55731,-2.1581793,-3.9565449,64.46518,25.676792,78.45381,2.021274
2.691666666666667,46.981304,-1.1744789,-2.9304292,64.43094,25.0,74.72064,45.521004,-2.2093382,-3.989533,64.4348,25.710384,78.57511,2.0796902
2.6958333333333333,46.97207,-1.1837118,-2.9304285,64.434006,25.0,74.74992,45.559883,-2.2393303,-4.0677943,64.41545,25.751411,78.6633,2.098142
2.7,46.961197,-1.1945834,-2.930423,64.43765,25.0,74.78437,45.59207,-2.2363777,-4.21241,64.389404,25.812057,78.678505,2.1455374
2.7041666666666666,46.94859,-1.2071931,-2.9304323,64.4419,25.0,74.82428,45.585106,-2.199398,-4.35187,64.37936,25.943665,78.71522,2.2054574
2.7083333333333335,46.934162,-1.2216194,-2.9304276,64.44683,25.0,74.86993,45.566143,-2.157299,-4.43668,64.41226,26.069832,78.77893,2.2395914
2.7125,46.91783,-1.2379518,-2.9304285,64.45247,25.0,74.92154,45.499508,-2.1216326,-4.5055394,64.47587,26.21022,78.86932,2.296412
2.716666666666667,46.899525,-1.2562542,-2.9304254,64.45887,25.0,74.97935,45.42276,-2.0802917,-4.6053057,64.50107,26.3984,79.019035,2.380146
2.720833333333333,46.87918,-1.276601,-2.930424,64.46609,25.0,75.04351,45.306343,-2.011551,-4.649798,64.54687,26.668716,79.21537,2.4434028
2.725,46.856743,-1.2990376,-2.9304223,64.47417,25.0,75.11419,45.162964,-1.9495182,-4.645479,64.6267,26.969238,79.41716,2.4966843
2.7291666666666665,46.832157,-1.3236246,-2.930426,64.48316,25.0,75.19153,44.995014,-1.914072,-4.5851803,64.70325,27.284618,79.58496,2.5420334
2.7333333333333334,46.805386,-1.3503978,-2.9304292,64.49313,25.0,75.27561,44.8448,-1.8693295,-4.5414586,64.77127,27.6049,79.76604,2.5900974
2.7375,46.776386,-1.3793962,-2.9304295,64.50414,25.0,75.36655,44.71174,-1.8473816,-4.510373,64.86323,27.961098,79.943275,2.6415908
2.7416666666666667,46.745136,-1.4106456,-2.9304256,64.51625,25.0,75.46437,44.579605,-1.8348541,-4.494362,64.91849,28.241207,80.12094,2.704695
2.745833333333333,46.71161,-1.444171,-2.9304256,64.52951,25.0,75.56912,44.476654,-1.8053513,-4.5000567,64.95159,28.492401,80.27147,2.7548532
2.75,46.67579,-1.4799906,-2.930427,64.54399,25.0,75.68082,44.403984,-1.7696571,-4.5296187,65.00656,28.729221,80.39503,2.7932808
2.754166666666667,46.63767,-1.5181085,-2.930426,64.55976,25.0,75.79942,44.36707,-1.7475433,-4.5816383,65.05982,28.9533,80.50225,2.8168714
2.7583333333333333,46.597244,-1.5585375,-2.9304266,64.57689,25.0,75.92491,44.348827,-1.7381725,-4.649901,65.10907,29.149837,80.57812,2.8362367
2.7625,46.554512,-1.6012666,-2.9304273,64.595436,25.0,76.05725,44.346855,-1.7499428,-4.758874,65.1306,29.301151,80.61919,2.8703783
2.7666666666666666,46.509487,-1.6462923,-2.9304237,64.615486,25.0,76.196335,44.36683,-1.7749729,-4.87008,65.14544,29.40564,80.61828,2.8930624
2.7708333333333335,46.462177,-1.6936005,-2.9304264,64.63709,25.0,76.34209,44.39373,-1.7886524,-4.983737,65.18372,29.480198,80.58728,2.916092
2.775,46.412605,-1.7431753,-2.9304295,64.66034,25.0,76.49438,44.44284,-1.8217049,-5.12329,65.20034,29.50446,80.568924,2.948691
2.779166666666667,46.360794,-1.7949873,-2.9304252,64.6853,25.0,76.65308,44.51142,-1.8708344,-5.307041,65.22072,29.53564,80.53941,3.0123472
2.783333333333333,46.30677,-1.8490123,-2.9304292,64.712036,25.0,76.81807,44.560665,-1.9253426,-5.4820304,65.24024,29.59222,80.520065,3.0927947
2.7875,46.250572,-1.9052173,-2.930428,64.74063,25.0,76.98915,44.55257,-1.9883308,-5.5710855,65.32992,29.704174,80.52246,3.1405716
2.7916666666666665,46.19223,-1.9635572,-2.9304273,64.77114,25.0,77.166176,44.557034,-2.0688667,-5.6515207,65.43079,29.789215,80.5394,3.176367
2.7958333333333334,46.13179,-2.023988,-2.9304268,64.803635,25.0,77.34894,44.58595,-2.125866,-5.7205434,65.53349,29.868572,80.55915,3.1913562
2.8,46.069305,-2.0864756,-2.930427,64.83819,25.0,77.53723,44.614204,-2.1865559,-5.794812,65.63504,29.914684,80.59244,3.2143486
2.8041666666666667,46.00482,-2.150956,-2.9304264,64.874855,25.0,77.73084,44.628525,-2.2066526,-5.8392024,65.69527,29.954716,80.63444,3.2184274
2.808333333333333,45.9384,-2.2173805,-2.9304247,64.913704,25.0,77.92953,44.617203,-2.2639704,-5.8898945,65.78222,29.950321,80.69589,3.241326
2.8125,45.870094,-2.2856889,-2.9304268,64.95478,25.0,78.133064,44.617607,-2.3193903,-5.8899846,65.90383,29.952751,80.76908,3.2138517
2.816666666666667,45.79997,-2.3558116,-2.9304273,64.99814,25.0,78.34121,44.602005,-2.4000921,-5.8809376,66.06357,29.967583,80.82118,3.1847432
2.8208333333333333,45.728092,-2.427692,-2.9304292,65.04383,25.0,78.55369,44.59314,-2.4643908,-5.879456,66.19662,29.969257,80.91,3.1600986
2.825,45.65453,-2.5012474,-2.9304254,65.091896,25.0,78.77026,44.55745,-2.5368729,-5.880521,66.33465,29.930557,81.026566,3.1476843
2.8291666666666666,45.57936,-2.5764182,-2.9304242,65.14237,25.0,78.99064,44.520653,-2.627327,-5.866342,66.466064,29.916367,81.16625,3.121389
2.8333333333333335,45.50266,-2.653122,-2.9304264,65.19528,25.0,79.21455,44.480408,-2.7183342,-5.8640585,66.61034,29.908829,81.30642,3.1073215
2.8375,45.4245,-2.7312818,-2.9304278,65.250656,25.0,79.44171,44.46643,-2.7811422,-5.8469377,66.75396,29.933796,81.4516,3.0702462
2.841666666666667,45.344967,-2.810813,-2.9304268,65.30851,25.0,79.67185,44.435005,-2.8193874,-5.8231206,66.90788,29.999386,81.60388,3.0324545
2.845833333333333,45.26415,-2.8916337,-2.930427,65.36885,25.0,79.904655,44.389786,-2.858801,-5.7955437,67.07477,30.066925,81.77875,2.995744
2.85,45.18212,-2.9736595,-2.930429,65.43168,25.0,80.13986,44.344032,-2.8961172,-5.7916102,67.24504,30.14523,81.94318,2.982409
2.8541666666666665,45.098984,-3.056798,-2.9304264,65.496994,25.0,80.37716,44.28743,-2.9246492,-5.79778,67.39639,30.235748,82.125595,2.982918
2.8583333333333334,45.01482,-3.140958,-2.9304233,65.56477,25.0,80.61626,44.231808,-2.941577,-5.8032484,67.53468,30.343388,82.31964,2.98429
2.8625,44.929726,-3.2260532,-2.930424,65.634995,25.0,80.85686,44.17298,-2.9492254,-5.80333,67.65585,30.448975,82.52262,2.9837701
2.8666666666666667,44.843792,-3.311989,-2.9304261,65.70763,25.0,81.09867,44.10917,-2.9418192,-5.795004,67.77289,30.561352,82.73641,2.9803526
2.870833333333333,44.757114,-3.3986669,-2.930425,65.78263,25.0,81.34141,44.02925,-2.9298706,-5.787732,67.884315,30.68385,82.96781,2.985592
2.875,44.669796,-3.4859922,-2.9304302,65.85995,25.0,81.584755,43.945213,-2.9112368,-5.776388,68.00181,30.807095,83.21428,2.992464
2.879166666666667,44.58192,-3.5738604,-2.9304261,65.93953,25.0,81.82846,43.860683,-2.890129,-5.763248,68.11116,30.922714,83.46497,3.0020912
2.8833333333333333,44.493595,-3.662183,-2.9304261,66.0213,25.0,82.07222,43.777866,-2.8981895,-5.748413,68.22733,31.0233,83.74576,3.006161
2.8875,44.404922,-3.75086,-2.930429,66.10519,25.0,82.31573,43.68809,-2.9131021,-5.7335095,68.33844,31.10767,84.039795,3.0121331
2.8916666666666666,44.315994,-3.8397841,-2.930428,66.1911,25.0,82.55874,43.588684,-2.9314728,-5.7143188,68.448425,31.174156,84.34624,3.017293
2.8958333333333335,44.22692,-3.928861,-2.9304247,66.27895,25.0,82.80094,43.484596,-2.9559937,-5.690744,68.5523,31.213875,84.674194,3.019417
2.9,44.13779,-4.0179906,-2.930427,66.36863,25.0,83.0421,43.380676,-2.992341,-5.658952,68.648285,31.24327,85.0134,3.0116487
2.904166666666667,44.048717,-4.107065,-2.9304266,66.46002,25.0,83.28191,43.276894,-3.04354,-5.631592,68.72655,31.255383,85.36632,3.0038462
2.908333333333333,43.95979,-4.1959906,-2.930424,66.55302,25.0,83.52016,43.1665,-3.104106,-5.6256757,68.78646,31.221767,85.71603,3.014283
2.9125,43.871117,-4.2846646,-2.9304247,66.64748,25.0,83.756546,43.05568,-3.165389,-5.6287484,68.827705,31.174782,86.08642,3.0329304
2.9166666666666665,43.78279,-4.3729873,-2.9304252,66.74327,25.0,83.99085,42.94613,-3.2321367,-5.6402593,68.85478,31.11509,86.46359,3.0569174
2.9208333333333334,43.69492,-4.4608617,-2.9304287,66.840256,25.0,84.22282,42.868416,-3.2443066,-5.6268334,68.90089,31.136505,86.79674,3.071435
2.925,43.607597,-4.5481834,-2.9304247,66.93829,25.0,84.45221,42.78835,-3.2551537,-5.6099744,68.93054,31.160706,87.12782,3.0859487
2.9291666666666667,43.52092,-4.63486,-2.9304254,67.03722,25.0,84.67881,42.707626,-3.27427,-5.5976176,68.960266,31.187382,87.45103,3.1026707
2.933333333333333,43.434986,-4.7207937,-2.9304254,67.13687,25.0,84.90239,42.629993,-3.3051233,-5.586872,68.99185,31.222374,87.750626,3.115902
2.9375,43.34989,-4.8058896,-2.930427,67.23709,25.0,85.122734,42.558434,-3.3466053,-5.5562673,69.0244,31.240734,88.03002,3.1065984
2.941666666666667,43.265728,-4.8900537,-2.9304256,67.337715,25.0,85.33964,42.480225,-3.3937645,-5.518621,69.055504,31.248894,88.276695,3.0910602
2.9458333333333333,43.18259,-4.9731913,-2.9304254,67.43856,25.0,85.5529,42.4048,-3.440115,-5.484282,69.10056,31.264141,88.509285,3.078549
2.95,43.100563,-5.0552163,-2.9304256,67.53946,25.0,85.76235,42.326607,-3.487934,-5.4581103,69.14605,31.289333,88.731964,3.0732021
2.9541666666666666,43.019745,-5.136037,-2.930427,67.64023,25.0,85.96778,42.269547,-3.5464163,-5.440459,69.18274,31.340065,88.946884,3.0643024
2.9583333333333335,42.940212,-5.2155666,-2.930423,67.7407,25.0,86.16904,42.219074,-3.5984678,-5.445407,69.20545,31.372803,89.142815,3.0757427
2.9625,42.862053,-5.293727,-2.9304285,67.840675,25.0,86.365944,42.18556,-3.65131,-5.462771,69.21964,31.402771,89.310936,3.093208
2.966666666666667,42.78535,-5.3704324,-2.9304287,67.939995,25.0,86.55834,42.171967,-3.7046804,-5.487554,69.22369,31.417809,89.44118,3.112854
2.970833333333333,42.710182,-5.4456005,-2.9304278,68.03847,25.0,86.74609,42.15767,-3.76396,-5.505417,69.23435,31.41866,89.51678,3.1247008
2.975,42.63662,-5.51916,-2.9304235,68.135925,25.0,86.92907,42.154976,-3.8325996,-5.544863,69.21616,31.389908,89.549576,3.148295
2.9791666666666665,42.564743,-5.591036,-2.9304235,68.23218,25.0,87.107124,42.150826,-3.9236717,-5.5992866,69.20123,31.34354,89.552284,3.1739976
2.9833333333333334,42.494617,-5.6611624,-2.9304266,68.32706,25.0,87.28014,42.15645,-4.0238895,-5.6532316,69.173676,31.304054,89.52549,3.1951036
2.9875,42.42631,-5.729468,-2.9304233,68.4204,25.0,87.44802,42.185837,-4.1257277,-5.696525,69.15821,31.25674,89.47541,3.2064202
2.9916666666666667,42.35989,-5.7958922,-2.9304266,68.51203,25.0,87.61064,42.230034,-4.2117224,-5.7197714,69.16203,31.154224,89.43182,3.2104363
2.995833333333333,42.295406,-5.8603745,-2.9304261,68.6018,25.0,87.767944,42.262505,-4.2899017,-5.720022,69.14625,31.011948,89.39378,3.2014549
3.0,42.23292,-5.9228587,-2.9304233,68.689545,25.0,87.91982,42.281193,-4.3763266,-5.694869,69.15575,30.840504,89.34657,3.1680045
3.004166666666667,42.172485,-5.9832964,-2.9304283,68.77511,25.0,88.06621,42.283573,-4.485276,-5.6469693,69.215836,30.610893,89.31727,3.1041906
3.0083333333333333,42.114143,-6.0416365,-2.930425,68.85837,25.0,88.20705,42.26346,-4.5823593,-5.5669017,69.30133,30.335499,89.27972,3.017084
3.0125,42.05794,-6.097837,-2.9304261,68.93917,25.0,88.342285,42.240303,-4.677829,-5.463416,69.37061,30.044613,89.22636,2.9095905
3.0166666666666666,42.003918,-6.1518617,-2.9304245,69.0174,25.0,88.47187,42.22291,-4.7994404,-5.3425527,69.444824,29.742592,89.13106,2.774052
3.0208333333333335,41.952106,-6.203674,-2.930425,69.09293,25.0,88.59577,42.205315,-4.9280767,-5.206416,69.50525,29.426376,89.04979,2.6213353
3.025,41.902534,-6.2532473,-2.9304252,69.165665,25.0,88.71398,42.20864,-5.0610857,-5.052085,69.565094,29.07795,88.98705,2.4528332
3.029166666666667,41.855225,-6.300555,-2.930427,69.23549,25.0,88.826485,42.225853,-5.178879,-4.894354,69.61283,28.708595,88.93225,2.2918403
3.033333333333333,41.8102,-6.345582,-2.9304245,69.30233,25.0,88.933266,42.24537,-5.3040257,-4.7049375,69.66256,28.287148,88.89246,2.1031187
3.0375,41.767467,-6.388313,-2.9304268,69.3661,25.0,89.03436,42.25238,-5.4258604,-4.4894133,69.72137,27.874706,88.891754,1.8952292
3.0416666666666665,41.727043,-6.42874,-2.9304285,69.42673,25.0,89.12977,42.24559,-5.5465555,-4.2653103,69.79184,27.518402,88.93118,1.681978
3.0458333333333334,41.688923,-6.466861,-2.9304247,69.48418,25.0,89.219536,42.22695,-5.6859665,-4.076552,69.86371,27.226173,89.009445,1.4875746
3.05,41.653103,-6.502678,-2.9304268,69.53838,25.0,89.30371,42.20956,-5.818734,-3.897266,69.955574,27.02486,89.078255,1.3085113
3.0541666666666667,41.619576,-6.536204,-2.9304261,69.58933,25.0,89.38234,42.17321,-5.918844,-3.7324538,70.04075,26.869255,89.16695,1.1536433
3.058333333333333,41.58833,-6.567458,-2.930429,69.637,25.0,89.45548,42.133595,-6.0037107,-3.5608606,70.14491,26.73106,89.255,1.006265
3.0625,41.559326,-6.5964518,-2.9304316,69.68138,25.0,89.52326,42.087505,-6.07578,-3.385983,70.23236,26.571926,89.351204,0.8704019
3.066666666666667,41.532555,-6.623225,-2.9304252,69.7225,25.0,89.58572,42.02511,-6.1440783,-3.2590733,70.30409,26.446186,89.446,0.761709
3.0708333333333333,41.50797,-6.647811,-2.9304254,69.76037,25.0,89.64299,41.96756,-6.22633,-3.1670914,70.33967,26.337265,89.50898,0.666994
3.075,41.48553,-6.670251,-2.9304247,69.79502,25.0,89.69519,41.921528,-6.310013,-3.1009731,70.37878,26.251812,89.5502,0.5907213
3.0791666666666666,41.465187,-6.690594,-2.9304273,69.82651,25.0,89.74246,41.847633,-6.3965454,-3.040965,70.43264,26.187473,89.5854,0.49492267
3.0833333333333335,41.44688,-6.708899,-2.9304276,69.854904,25.0,89.78495,41.771385,-6.4837503,-2.9859858,70.49303,26.139206,89.61697,0.3988509
3.0875,41.43055,-6.7252293,-2.9304273,69.88029,25.0,89.822815,41.706535,-6.553484,-2.929658,70.561714,26.095146,89.662506,0.32506177
3.091666666666667,41.416122,-6.7396574,-2.9304247,69.902756,25.0,89.85624,41.65131,-6.6070795,-2.8826141,70.633156,26.067753,89.70573,0.27418226
3.095833333333333,41.403515,-6.752266,-2.930424,69.92242,25.0,89.88542,41.61009,-6.6553984,-2.835741,70.70746,26.056042,89.72362,0.24702387
3.1,41.392643,-6.763138,-2.930424,69.93939,25.0,89.910576,41.565742,-6.711933,-2.7911663,70.78872,26.047802,89.72888,0.22798698
3.1041666666666665,41.383408,-6.7723727,-2.9304285,69.95382,25.0,89.93192,41.52581,-6.762659,-2.7432365,70.861244,26.028183,89.73481,0.23540115
3.1083333333333334,41.37571,-6.7800717,-2.9304278,69.965866,25.0,89.949715,41.492096,-6.809737,-2.6979809,70.908844,25.999908,89.740135,0.26164365
3.1125,41.36943,-6.7863507,-2.930426,69.9757,25.0,89.96422,41.46981,-6.86026,-2.658368,70.953156,25.985237,89.739426,0.299256
3.1166666666666667,41.364452,-6.7913294,-2.9304273,69.9835,25.0,89.97571,41.455624,-6.907667,-2.6263714,70.99192,25.959167,89.71725,0.33807793
3.120833333333333,41.36064,-6.7951374,-2.93043,69.98946,25.0,89.98451,41.44958,-6.945364,-2.5943775,71.02495,25.919315,89.68445,0.3786945
3.125,41.357864,-6.797915,-2.9304245,69.99383,25.0,89.99092,41.454384,-6.9711876,-2.556901,71.04961,25.871868,89.647705,0.4229175
3.129166666666667,41.35597,-6.79981,-2.9304273,69.996796,25.0,89.99529,41.464043,-6.987462,-2.5140305,71.0688,25.815365,89.610596,0.4693396
3.1333333333333333,41.3548,-6.8009787,-2.9304235,69.998634,25.0,89.997986,41.473587,-7.000779,-2.468687,71.08367,25.74725,89.5708,0.51694375
3.1375,41.35419,-6.8015895,-2.9304264,69.99959,25.0,89.9994,41.486633,-7.016012,-2.422143,71.09705,25.654724,89.5245,0.56733596
3.1416666666666666,41.353962,-6.8018184,-2.9304266,69.99995,25.0,89.99992,41.503593,-7.028055,-2.3880825,71.09959,25.564518,89.47934,0.60639083
3.1458333333333335,41.353928,-6.8018513,-2.930426,70.0,25.0,90.0,41.52044,-7.0418253,-2.3609037,71.09645,25.478416,89.434494,0.640054
3.15,41.353928,-6.8018513,-2.930426,70.0,25.0,90.0,41.53476,-7.0535374,-2.3448734,71.091225,25.400394,89.38717,0.66250867
3.154166666666667,41.353928,-6.8018513,-2.930426,70.0,25.0,90.0,41.546036,-7.0637283,-2.3408842,71.084366,25.331318,89.34333,0.6730858
3.158333333333333,41.353928,-6.8018513,-2.930426,70.0,25.0,90.0,41.5562,-7.0733957,-2.3473425,71.07927,25.276802,89.30433,0.674267
3.1625,41.353928,-6.8018513,-2.930426,70.0,25.0,90.0,41.563057,-7.084506,-2.358883,71.07422,25.238792,89.2681,0.67103666
3.1666666666666665,41.353928,-6.8018513,-2.930426,70.0,25.0,90.0,41.567917,-7.094491,-2.3747234,71.06772,25.214062,89.23503,0.6635018
3.1708333333333334,41.353928,-6.8018513,-2.930426,70.0,25.0,90.0,41.571716,-7.102641,-2.39322,71.05989,25.198547,89.206604,0.6530671
3.175,41.353928,-6.8018513,-2.930426,70.0,25.0,90.0,41.574776,-7.109127,-2.4127865,71.05228,25.191273,89.182205,0.6412042
3.1791666666666667,41.353928,-6.8018513,-2.930426,70.0,25.0,90.0,41.578934,-7.116128,-2.4337187,71.04354,25.192627,89.16151,0.6293772
3.183333333333333,41.353928,-6.8018513,-2.930426,70.0,25.0,90.0,41.5822,-7.1216726,-2.4558954,71.03471,25.20123,89.14376,0.6160947
3.1875,41.353928,-6.8018513,-2.930426,70.0,25.0,90.0,41.58451,-7.1261253,-2.4786243,71.02592,25.214645,89.12905,0.60203564
3.191666666666667,41.353928,-6.8018513,-2.930426,70.0,25.0,90.0,41.58564,-7.1302204,-2.5012817,71.017494,25.231518,89.117615,0.58794695
3.1958333333333333,41.353928,-6.8018513,-2.930426,70.0,25.0,90.0,41.585625,-7.13363,-2.5232573,71.00887,25.250656,89.10861,0.5740617
3.2,41.353928,-6.8018513,-2.930426,70.0,25.0,90.0,41.584812,-7.136424,-2.5438957,71.0004,25.270184,89.102196,0.56093866
3.2041666666666666,41.353928,-6.8018513,-2.930426,70.0,25.0,90.0,41.58401,-7.138921,-2.5629454,70.99221,25.289368,89.09792,0.54917777
3.2083333333333335,41.353928,-6.8018513,-2.930426,70.0,25.0,90.0,41.58331,-7.140875,-2.5797386,70.984924,25.307499,89.09543,0.5390125
3.2125,41.353928,-6.8018513,-2.930426,70.0,25.0,90.0,41.58294,-7.142234,-2.594183,70.97868,25.324238,89.093956,0.5304393
3.216666666666667,41.353928,-6.8018513,-2.930426,70.0,25.0,90.0,41.582794,-7.143114,-2.6062317,70.97367,25.339005,89.09313,0.52339476
3.220833333333333,41.353928,-6.8018513,-2.930426,70.0,25.0,90.0,41.582836,-7.143549,-2.6157904,70.96973,25.351238,89.09263,0.5178339
3.225,41.353928,-6.8018513,-2.930426,70.0,25.0,90.0,41.582973,-7.143711,-2.6230335,70.96682,25.360935,89.09228,0.5136343
3.2291666666666665,41.353928,-6.8018513,-2.930426,70.0,25.0,90.0,41.5831,-7.1437626,-2.6283035,70.96473,25.368088,89.09205,0.5105888
3.2333333333333334,41.353928,-6.8018513,-2.930426,70.0,25.0,90.0,41.58312,-7.14384,-2.6319199,70.96339,25.37294,89.09192,0.5085179
3.2375,41.353928,-6.8018513,-2.930426,70.0,25.0,90.0,41.58306,-7.143958,-2.6342402,70.962616,25.375969,89.09182,0.50721323
3.2416666666666667,41.353928,-6.8018513,-2.930426,70.0,25.0,90.0,41.582985,-7.144088,-2.6356525,70.962135,25.377724,89.091705,0.5064429
3.245833333333333,41.353928,-6.8018513,-2.930426,70.0,25.0,90.0,41.582954,-7.14421,-2.6364737,70.96183,25.378643,89.09156,0.5060342
3.25,41.353928,-6.8018513,-2.930426,70.0,25.0,90.0,41.58294,-7.144311,-2.636901,70.96163,25.37901,89.09143,0.50584763
3.254166666666667,41.353928,-6.8018513,-2.930426,70.0,25.0,90.0,41.582954,-7.144346,-2.6370907,70.961525,25.379124,89.09135,0.50576836
3.2583333333333333,41.353928,-6.8018513,-2.930426,70.0,25.0,90.0,41.582954,-7.1443653,-2.6371574,70.96149,25.379143,89.09133,0.50574255
3.2625,41.353928,-6.8018513,-2.930426,70.0,25.0,90.0,41.582954,-7.1443577,-2.6371746,70.96147,25.379154,89.091324,0.5057274
3.2666666666666666,41.353928,-6.8018513,-2.930426,70.0,25.0,90.0,41.58296,-7.144356,-2.6371784,70.96147,25.379147,89.091324,0.5057256
3.2708333333333335,41.353928,-6.8018513,-2.930426,70.0,25.0,90.0,41.58296,-7.1443577,-2.6371756,70.96147,25.379147,89.091324,0.5057286
3.275,41.353928,-6.8018513,-2.930426,70.0,25.0,90.0,41.582962,-7.144356,-2.6371756,70.96147,25.379147,89.091324,0.505729
3.279166666666667,41.353928,-6.8018513,-2.930426,70.0,25.0,90.0,41.58296,-7.144356,-2.6371756,70.96147,25.379147,89.091324,0.5057273
3.283333333333333,41.353928,-6.8018513,-2.930426,70.0,25.0,90.0,41.582962,-7.144355,-2.6371775,70.96147,25.379147,89.09132,0.5057273
3.2875,41.353928,-6.8018513,-2.930426,70.0,25.0,90.0,41.582962,-7.144354,-2.6371756,70.96147,25.379147,89.09132,0.50572777
3.2916666666666665,41.353928,-6.8018513,-2.930426,70.0,25.0,90.0,41.582962,-7.1443577,-2.6371737,70.96147,25.37915,89.09132,0.5057314
3.2958333333333334,41.353928,-6.8018513,-2.930426,70.0,25.0,90.0,41.582962,-7.1443567,-2.6371746,70.96147,25.379147,89.091324,0.5057302
3.3,41.353928,-6.8018513,-2.930426,70.0,25.0,90.0,41.582962,-7.1443577,-2.6371784,70.96147,25.379147,89.09132,0.50572866
3.3041666666666667,41.353928,-6.8018513,-2.930426,70.0,25.0,90.0,41.582962,-7.1443567,-2.6371784,70.96147,25.379147,89.09132,0.505728
3.308333333333333,41.353928,-6.8018513,-2.930426,70.0,25.0,90.0,41.58296,-7.1443577,-2.6371746,70.96147,25.379147,89.09132,0.50572914
3.3125,41.353928,-6.8018513,-2.930426,70.0,25.0,90.0,41.582962,-7.1443596,-2.6371756,70.96148,25.37915,89.09131,0.50573164
3.316666666666667,41.353928,-6.8018513,-2.930426,70.0,25.0,90.0,41.582962,-7.1443605,-2.6371794,70.96147,25.37915,89.09131,0.50573003
3.3208333333333333,41.353928,-6.8018513,-2.930426,70.0,25.0,90.0,41.582962,-7.1443605,-2.6371775,70.96147,25.379147,89.09131,0.50573117
3.325,41.353928,-6.8018513,-2.930426,70.0,25.0,90.0,41.582962,-7.1443596,-2.6371756,70.96148,25.379147,89.09131,0.50573164
3.3291666666666666,41.353928,-6.8018513,-2.930426,70.0,25.0,90.0,41.58296,-7.1443624,-2.6371746,70.96148,25.37915,89.09131,0.50573236
3.3333333333333335,41.353928,-6.8018513,-2.930426,70.0,25.0,90.0,41.58296,-7.1443653,-2.6371756,70.96148,25.379147,89.0913,0.5057337
3.3375,41.353928,-6.8018513,-2.930426,70.0,25.0,90.0,41.58296,-7.1443644,-2.6371784,70.96148,25.37915,89.09131,0.50573146
3.341666666666667,41.353928,-6.8018513,-2.930426,70.0,25.0,90.0,41.58296,-7.1443605,-2.6371803,70.96148,25.379147,89.09131,0.50572777
3.345833333333333,41.353928,-6.8018513,-2.930426,70.0,25.0,90.0,41.582962,-7.1443653,-2.6371803,70.96148,25.37915,89.09131,0.5057327
3.35,41.353928,-6.8018513,-2.930426,70.0,25.0,90.0,41.58296,-7.1443644,-2.6371803,70.96148,25.37915,89.09131,0.50573033
3.3541666666666665,41.353928,-6.8018513,-2.930426,70.0,25.0,90.0,41.582962,-7.1443644,-2.6371775,70.96148,25.379147,89.09131,0.5057337
3.3583333333333334,41.353928,-6.8018513,-2.930426,70.0,25.0,90.0,41.58296,-7.1443653,-2.6371775,70.96148,25.379147,89.09131,0.50573266
3.3625,41.353928,-6.8018513,-2.930426,70.0,25.0,90.0,41.58296,-7.1443653,-2.6371794,70.96148,25.379147,89.09131,0.5057315
3.3666666666666667,41.353928,-6.8018513,-2.930426,70.0,25.0,90.0,41.58296,-7.1443653,-2.6371756,70.96148,25.379143,89.09131,0.5057337
3.370833333333333,41.353928,-6.8018513,-2.930426,70.0,25.0,90.0,41.582962,-7.1443644,-2.6371756,70.96148,25.379147,89.09131,0.5057348
3.375,41.353928,-6.8018513,-2.930426,70.0,25.0,90.0,41.582962,-7.1443644,-2.6371746,70.96147,25.379147,89.09131,0.5057354
3.379166666666667,41.353928,-6.8018513,-2.930426,70.0,25.0,90.0,41.582962,-7.1443644,-2.6371756,70.96148,25.379147,89.09131,0.5057348
3.3833333333333333,41.353928,-6.8018513,-2.930426,70.0,25.0,90.0,41.582962,-7.1443653,-2.6371756,70.96147,25.379147,89.09131,0.50573546
3.3875,41.353928,-6.8018513,-2.930426,70.0,25.0,90.0,41.582962,-7.1443653,-2.6371756,70.96147,25.379147,89.09131,0.50573546
3.3916666666666666,41.353928,-6.8018513,-2.930426,70.0,25.0,90.0,41.582962,-7.1443653,-2.6371756,70.96147,25.379147,89.09131,0.50573546
3.3958333333333335,41.353928,-6.8018513,-2.930426,70.0,25.0,90.0,41.582962,-7.1443653,-2.6371756,70.96147,25.379147,89.09131,0.50573546
3.4,41.353928,-6.8018513,-2.930426,70.0,25.0,90.0,41.582962,-7.1443653,-2.6371756,70.96147,25.379147,89.09131,0.50573546
3.404166666666667,41.353928,-6.8018513,-2.930426,70.0,25.0,90.0,41.582962,-7.1443653,-2.6371756,70.96147,25.379147,89.09131,0.50573546
3.408333333333333,41.353928,-6.8018513,-2.930426,70.0,25.0,90.0,41.582962,-7.1443653,-2.6371756,70.96147,25.379147,89.09131,0.50573546
3.4125,41.353928,-6.8018513,-2.930426,70.0,25.0,90.0,41.582962,-7.1443653,-2.6371756,70.96147,25.379147,89.09131,0.50573546
3.4166666666666665,41.353928,-6.8018513,-2.930426,70.0,25.0,90.0,41.582962,-7.1443653,-2.6371756,70.96147,25.379147,89.09131,0.50573546
3.4208333333333334,41.353928,-6.8018513,-2.930426,70.0,25.0,90.0,41.582962,-7.1443653,-2.6371756,70.96147,25.379147,89.09131,0.50573546
3.425,41.353928,-6.8018513,-2.930426,70.0,25.0,90.0,41.582962,-7.1443653,-2.6371756,70.96147,25.379147,89.09131,0.50573546
3.4291666666666667,41.353928,-6.8018513,-2.930426,70.0,25.0,90.0,41.582962,-7.1443653,-2.6371756,70.96147,25.379147,89.09131,0.50573546
3.433333333333333,41.353928,-6.8018513,-2.930426,70.0,25.0,90.0,41.582962,-7.1443653,-2.6371756,70.96147,25.379147,89.09131,0.50573546
3.4375,41.353928,-6.8018513,-2.930426,70.0,25.0,90.0,41.582962,-7.1443653,-2.6371756,70.96147,25.379147,89.09131,0.50573546
3.441666666666667,41.353928,-6.8018513,-2.930426,70.0,25.0,90.0,41.582962,-7.1443653,-2.6371756,70.96147,25.379147,89.09131,0.50573546
3.4458333333333333,41.353928,-6.8018513,-2.930426,70.0,25.0,90.0,41.582962,-7.1443653,-2.6371756,70.96147,25.379147,89.09131,0.50573546
3.45,41.353928,-6.8018513,-2.930426,70.0,25.0,90.0,41.582962,-7.1443653,-2.6371756,70.96147,25.379147,89.09131,0.50573546
3.4541666666666666,41.353928,-6.8018513,-2.930426,70.0,25.0,90.0,41.582962,-7.1443653,-2.6371756,70.96147,25.379147,89.09131,0.50573546
3.4583333333333335,41.353928,-6.8018513,-2.930426,70.0,25.0,90.0,41.582962,-7.1443653,-2.6371756,70.96147,25.379147,89.09131,0.50573546
3.4625,41.353928,-6.8018513,-2.930426,70.0,25.0,90.0,41.582962,-7.1443653,-2.6371756,70.96147,25.379147,89.09131,0.50573546
3.466666666666667,41.353928,-6.8018513,-2.930426,70.0,25.0,90.0,41.582962,-7.1443653,-2.6371756,70.96147,25.379147,89.09131,0.50573546
3.470833333333333,41.353928,-6.8018513,-2.930426,70.0,25.0,90.0,41.582962,-7.1443653,-2.6371756,70.96147,25.379147,89.09131,0.50573546
3.475,41.353928,-6.8018513,-2.930426,70.0,25.0,90.0,41.582962,-7.1443653,-2.6371756,70.96147,25.379147,89.09131,0.50573546
3.4791666666666665,41.353928,-6.8018513,-2.930426,70.0,25.0,90.0,41.582962,-7.1443653,-2.6371756,70.96147,25.379147,89.09131,0.50573546
3.4833333333333334,41.353928,-6.8018513,-2.930426,70.0,25.0,90.0,41.582962,-7.1443653,-2.6371756,70.96147,25.379147,89.09131,0.50573546
3.4875,41.353928,-6.8018513,-2.930426,70.0,25.0,90.0,41.582962,-7.1443653,-2.6371756,70.96147,25.379147,89.09131,0.50573546
3.4916666666666667,41.353928,-6.8018513,-2.930426,70.0,25.0,90.0,41.582962,-7.1443653,-2.6371756,70.96147,25.379147,89.09131,0.50573546
3.495833333333333,41.353928,-6.8018513,-2.930426,70.0,25.0,90.0,41.582962,-7.1443653,-2.6371756,70.96147,25.379147,89.09131,0.50573546
3.5,41.353928,-6.8018513,-2.930426,70.0,25.0,90.0,41.582962,-7.1443653,-2.6371756,70.96147,25.379147,89.09131,0.50573546
3.504166666666667,41.353928,-6.8018513,-2.930426,70.0,25.0,90.0,41.582962,-7.1443653,-2.6371756,70.96147,25.379147,89.09131,0.50573546
3.5083333333333333,41.353928,-6.8018513,-2.930426,70.0,25.0,90.0,41.582962,-7.1443653,-2.6371756,70.96147,25.379147,89.09131,0.50573546
3.5125,41.353928,-6.8018513,-2.930426,70.0,25.0,90.0,41.582962,-7.1443653,-2.6371756,70.96147,25.379147,89.09131,0.50573546
3.5166666666666666,41.353928,-6.8018513,-2.930426,70.0,25.0,90.0,41.582962,-7.1443653,-2.6371756,70.96147,25.379147,89.09131,0.50573546
3.5208333333333335,41.353928,-6.8018513,-2.930426,70.0,25.0,90.0,41.582962,-7.1443653,-2.6371756,70.96147,25.379147,89.09131,0.50573546
3.525,41.353928,-6.8018513,-2.930426,70.0,25.0,90.0,41.582962,-7.1443653,-2.6371756,70.96147,25.379147,89.09131,0.50573546
3.529166666666667,41.353928,-6.8018513,-2.930426,70.0,25.0,90.0,41.582962,-7.1443653,-2.6371756,70.96147,25.379147,89.09131,0.50573546
3.533333333333333,41.353928,-6.8018513,-2.930426,70.0,25.0,90.0,41.582962,-7.1443653,-2.6371756,70.96147,25.379147,89.09131,0.50573546
3.5375,41.353928,-6.8018513,-2.930426,70.0,25.0,90.0,41.582962,-7.1443653,-2.6371756,70.96147,25.379147,89.09131,0.50573546
3.5416666666666665,41.353928,-6.8018513,-2.930426,70.0,25.0,90.0,41.582962,-7.1443624,-2.6371775,70.96147,25.379147,89.09131,0.5057325
3.5458333333333334,41.353928,-6.8018513,-2.930426,70.0,25.0,90.0,41.582962,-7.1443624,-2.6371756,70.96147,25.379147,89.09131,0.50573355
3.55,41.353928,-6.8018513,-2.930426,70.0,25.0,90.0,41.582962,-7.1443605,-2.6371775,70.96147,25.379143,89.09131,0.50573117
3.5541666666666667,41.353928,-6.8018513,-2.930426,70.0,25.0,90.0,41.58296,-7.1443624,-2.6371756,70.96147,25.379147,89.09131,0.5057318
3.558333333333333,41.353928,-6.8018513,-2.930426,70.0,25.0,90.0,41.582962,-7.1443644,-2.6371775,70.96147,25.379147,89.09131,0.5057337
3.5625,41.353928,-6.8018513,-2.930426,70.0,25.0,90.0,41.582962,-7.1443605,-2.6371775,70.96148,25.379147,89.09131,0.50573117
3.566666666666667,41.353928,-6.8018513,-2.930426,70.0,25.0,90.0,41.582962,-7.1443624,-2.6371746,70.96147,25.379147,89.09131,0.5057341
3.5708333333333333,41.353928,-6.8018513,-2.930426,70.0,25.0,90.0,41.58296,-7.1443605,-2.6371813,70.96147,25.379147,89.09132,0.50572723
3.575,41.353928,-6.8018513,-2.930426,70.0,25.0,90.0,41.58296,-7.1443624,-2.6371775,70.96147,25.379147,89.09132,0.50573075
3.5791666666666666,41.353928,-6.8018513,-2.930426,70.0,25.0,90.0,41.582966,-7.1443644,-2.6371775,70.961464,25.37915,89.09132,0.50573546
3.5833333333333335,41.353928,-6.8018513,-2.930426,70.0,25.0,90.0,41.582962,-7.1443596,-2.6371775,70.96147,25.379147,89.09132,0.5057305
3.5875,41.353928,-6.8018513,-2.930426,70.0,25.0,90.0,41.582962,-7.1443577,-2.6371784,70.96147,25.379147,89.09132,0.50572866
3.591666666666667,41.353928,-6.8018513,-2.930426,70.0,25.0,90.0,41.582962,-7.1443605,-2.6371794,70.96147,25.379147,89.091324,0.50573003
3.595833333333333,41.353928,-6.8018513,-2.930426,70.0,25.0,90.0,41.582962,-7.1443596,-2.6371803,70.96147,25.37915,89.091324,0.50572884
3.6,41.353928,-6.8018513,-2.930426,70.0,25.0,90.0,41.582962,-7.1443615,-2.6371746,70.961464,25.379154,89.091324,0.50573343
3.6041666666666665,41.353928,-6.8018513,-2.930426,70.0,25.0,90.0,41.58296,-7.1443605,-2.6371794,70.961464,25.379147,89.091324,0.5057283
3.6083333333333334,41.353928,-6.8018513,-2.930426,70.0,25.0,90.0,41.582962,-7.1443577,-2.6371727,70.961464,25.379143,89.091324,0.505732
3.6125,41.353928,-6.8018513,-2.930426,70.0,25.0,90.0,41.582962,-7.1443567,-2.6371746,70.961464,25.379147,89.091324,0.5057302
3.6166666666666667,41.353928,-6.8018513,-2.930426,70.0,25.0,90.0,41.582962,-7.1443567,-2.6371756,70.96147,25.379147,89.091324,0.5057297
3.620833333333333,41.353928,-6.8018513,-2.930426,70.0,25.0,90.0,41.58296,-7.1443586,-2.6371775,70.96147,25.379147,89.091324,0.5057281
3.625,41.353928,-6.8018513,-2.930426,70.0,25.0,90.0,41.58296,-7.1443586,-2.6371737,70.96147,25.379147,89.091324,0.50573033
3.629166666666667,41.353928,-6.8018513,-2.930426,70.0,25.0,90.0,41.58296,-7.1443577,-2.6371746,70.96147,25.37915,89.091324,0.50572914
3.6333333333333333,41.353928,-6.8018513,-2.930426,70.0,25.0,90.0,41.58296,-7.1443577,-2.6371737,70.96147,25.37915,89.091324,0.50572973
3.6375,41.353928,-6.8018513,-2.930426,70.0,25.0,90.0,41.58296,-7.144355,-2.6371775,70.96147,25.379147,89.091324,0.50572556
3.6416666666666666,41.353928,-6.8018513,-2.930426,70.0,25.0,90.0,41.58296,-7.144355,-2.6371756,70.96147,25.37915,89.091324,0.50572664
3.6458333333333335,41.353928,-6.8018513,-2.930426,70.0,25.0,90.0,41.582962,-7.144354,-2.6371746,70.96147,25.37915,89.091324,0.50572824
3.65,41.353928,-6.8018513,-2.930426,70.0,25.0,90.0,41.58296,-7.144353,-2.6371756,70.96147,25.379147,89.091324,0.5057254
3.654166666666667,41.353928,-6.8018513,-2.930426,70.0,25.0,90.0,41.58296,-7.144354,-2.6371775,70.96147,25.379147,89.091324,0.5057249
3.658333333333333,41.353928,-6.8018513,-2.930426,70.0,25.0,90.0,41.58296,-7.144356,-2.6371775,70.96147,25.37915,89.091324,0.5057262
3.6625,41.353928,-6.8018513,-2.930426,70.0,25.0,90.0,41.58296,-7.144354,-2.6371775,70.96147,25.37915,89.091324,0.5057249
3.6666666666666665,41.353928,-6.8018513,-2.930426,70.0,25.0,90.0,41.58296,-7.144354,-2.6371746,70.96147,25.37915,89.091324,0.5057266
3.6708333333333334,41.353928,-6.8018513,-2.930426,70.0,25.0,90.0,41.58296,-7.144354,-2.6371784,70.96147,25.379147,89.091324,0.5057244
3.675,41.353928,-6.8018513,-2.930426,70.0,25.0,90.0,41.58296,-7.144355,-2.6371756,70.96147,25.379147,89.091324,0.50572664
3.6791666666666667,41.353928,-6.8018513,-2.930426,70.0,25.0,90.0,41.58296,-7.1443567,-2.6371756,70.96147,25.37915,89.091324,0.50572795
3.683333333333333,41.353928,-6.8018513,-2.930426,70.0,25.0,90.0,41.58296,-7.1443567,-2.6371737,70.96147,25.379154,89.091324,0.5057291
3.6875,41.353928,-6.8018513,-2.930426,70.0,25.0,90.0,41.58296,-7.144354,-2.6371737,70.96147,25.37915,89.09132,0.5057271
3.691666666666667,41.353928,-6.8018513,-2.930426,70.0,25.0,90.0,41.58296,-7.1443596,-2.6371737,70.96148,25.379147,89.091324,0.505731
3.6958333333333333,41.353928,-6.8018513,-2.930426,70.0,25.0,90.0,41.582962,-7.1443577,-2.6371746,70.96147,25.37915,89.091324,0.50573087
3.7,41.353928,-6.8018513,-2.930426,70.0,25.0,90.0,41.58296,-7.1443577,-2.6371717,70.96147,25.37915,89.09132,0.5057308
3.7041666666666666,41.353928,-6.8018513,-2.930426,70.0,25.0,90.0,41.582962,-7.1443624,-2.6371717,70.96148,25.37915,89.09131,0.50573575
3.7083333333333335,41.353928,-6.8018513,-2.930426,70.0,25.0,90.0,41.582962,-7.1443605,-2.6371746,70.96148,25.37915,89.09132,0.50573283
3.7125,41.353928,-6.8018513,-2.930426,70.0,25.0,90.0,41.582962,-7.1443596,-2.6371775,70.96148,25.379147,89.09131,0.5057305
3.716666666666667,41.353928,-6.8018513,-2.930426,70.0,25.0,90.0,41.58296,-7.1443624,-2.6371756,70.96148,25.379147,89.09131,0.5057318
3.720833333333333,41.353928,-6.8018513,-2.930426,70.0,25.0,90.0,41.58296,-7.1443605,-2.6371737,70.96148,25.37915,89.09131,0.50573164
3.725,41.353928,-6.8018513,-2.930426,70.0,25.0,90.0,41.58296,-7.1443605,-2.6371756,70.96148,25.379147,89.0913,0.5057305
3.7291666666666665,41.353928,-6.8018513,-2.930426,70.0,25.0,90.0,41.582962,-7.1443624,-2.6371756,70.96148,25.37915,89.09131,0.50573355
3.7333333333333334,41.353928,-6.8018513,-2.930426,70.0,25.0,90.0,41.58296,-7.1443624,-2.6371784,70.96148,25.379147,89.09131,0.50573015
3.7375,41.353928,-6.8018513,-2.930426,70.0,25.0,90.0,41.582962,-7.1443644,-2.6371803,70.96148,25.379147,89.09131,0.50573206
3.7416666666666667,41.353928,-6.8018513,-2.930426,70.0,25.0,90.0,41.58296,-7.1443644,-2.6371794,70.96147,25.379147,89.09131,0.50573087
3.745833333333333,41.353928,-6.8018513,-2.930426,70.0,25.0,90.0,41.582962,-7.1443644,-2.6371756,70.96147,25.379147,89.09131,0.5057348
3.75,41.353928,-6.8018513,-2.930426,70.0,25.0,90.0,41.582962,-7.1443624,-2.6371775,70.96148,25.379143,89.09131,0.5057325
3.754166666666667,41.353928,-6.8018513,-2.930426,70.0,25.0,90.0,41.58296,-7.1443624,-2.6371746,70.96147,25.379147,89.09131,0.50573236
3.7583333333333333,41.353928,-6.8018513,-2.930426,70.0,25.0,90.0,41.58296,-7.1443624,-2.6371775,70.96148,25.379143,89.09131,0.50573075
3.7625,41.353928,-6.8018513,-2.930426,70.0,25.0,90.0,41.58296,-7.1443653,-2.6371746,70.96148,25.379143,89.09131,0.5057343
3.7666666666666666,41.353928,-6.8018513,-2.930426,70.0,25.0,90.0,41.582962,-7.1443653,-2.6371746,70.96147,25.379147,89.09131,0.505736
3.7708333333333335,41.353928,-6.8018513,-2.930426,70.0,25.0,90.0,41.582954,-7.1443644,-2.6371756,70.96148,25.379147,89.09131,0.5057314
3.775,41.353928,-6.8018513,-2.930426,70.0,25.0,90.0,41.58296,-7.1443624,-2.6371756,70.96147,25.379143,89.09131,0.5057318
3.779166666666667,41.353928,-6.8018513,-2.930426,70.0,25.0,90.0,41.58296,-7.1443644,-2.6371746,70.96147,25.379147,89.09131,0.50573367
3.783333333333333,41.353928,-6.8018513,-2.930426,70.0,25.0,90.0,41.58296,-7.1443624,-2.6371784,70.96147,25.379143,89.09131,0.50573015
3.7875,41.353928,-6.8018513,-2.930426,70.0,25.0,90.0,41.58296,-7.1443624,-2.6371784,70.96147,25.379143,89.09131,0.50573015
3.7916666666666665,41.353928,-6.8018513,-2.930426,70.0,25.0,90.0,41.58296,-7.1443624,-2.6371784,70.96147,25.379143,89.09131,0.50573015
3.7958333333333334,41.353928,-6.8018513,-2.930426,70.0,25.0,90.0,41.58296,-7.1443624,-2.6371784,70.96147,25.379143,89.09131,0.50573015
3.8,41.353928,-6.8018513,-2.930426,70.0,25.0,90.0,41.58296,-7.1443624,-2.6371784,70.96147,25.379143,89.09131,0.50573015
3.8041666666666667,41.353928,-6.8018513,-2.930426,70.0,25.0,90.0,41.58296,-7.1443624,-2.6371784,70.96147,25.379143,89.09131,0.50573015
3.808333333333333,41.353928,-6.8018513,-2.930426,70.0,25.0,90.0,41.58296,-7.1443624,-2.6371784,70.96147,25.379143,89.09131,0.50573015
3.8125,41.353928,-6.8018513,-2.930426,70.0,25.0,90.0,41.58296,-7.1443624,-2.6371784,70.96147,25.379143,89.09131,0.50573015
3.816666666666667,41.353928,-6.8018513,-2.930426,70.0,25.0,90.0,41.58296,-7.1443624,-2.6371784,70.96147,25.379143,89.09131,0.50573015
3.8208333333333333,41.353928,-6.8018513,-2.930426,70.0,25.0,90.0,41.58296,-7.1443624,-2.6371784,70.96147,25.379143,89.09131,0.50573015
3.825,41.353928,-6.8018513,-2.930426,70.0,25.0,90.0,41.58296,-7.1443624,-2.6371784,70.96147,25.379143,89.09131,0.50573015
3.8291666666666666,41.353928,-6.8018513,-2.930426,70.0,25.0,90.0,41.58296,-7.1443624,-2.6371784,70.96147,25.379143,89.09131,0.50573015
3.8333333333333335,41.353928,-6.8018513,-2.930426,70.0,25.0,90.0,41.58296,-7.1443624,-2.6371784,70.96147,25.379143,89.09131,0.50573015
3.8375,41.353928,-6.8018513,-2.930426,70.0,25.0,90.0,41.58296,-7.1443624,-2.6371784,70.96147,25.379143,89.09131,0.50573015
3.841666666666667,41.353928,-6.8018513,-2.930426,70.0,25.0,90.0,41.58296,-7.1443624,-2.6371784,70.96147,25.379143,89.09131,0.50573015
3.845833333333333,41.353928,-6.8018513,-2.930426,70.0,25.0,90.0,41.58296,-7.1443624,-2.6371784,70.96147,25.379143,89.09131,0.50573015
3.85,41.353928,-6.8018513,-2.930426,70.0,25.0,90.0,41.58296,-7.1443624,-2.6371784,70.96147,25.379143,89.09131,0.50573015
3.8541666666666665,41.353928,-6.8018513,-2.930426,70.0,25.0,90.0,41.58296,-7.1443624,-2.6371784,70.96147,25.379143,89.09131,0.50573015
3.8583333333333334,41.353928,-6.8018513,-2.930426,70.0,25.0,90.0,41.58296,-7.1443624,-2.6371784,70.96147,25.379143,89.09131,0.50573015
3.8625,41.353928,-6.8018513,-2.930426,70.0,25.0,90.0,41.58296,-7.1443624,-2.6371784,70.96147,25.379143,89.09131,0.50573015
3.8666666666666667,41.353928,-6.8018513,-2.930426,70.0,25.0,90.0,41.58296,-7.1443624,-2.6371784,70.96147,25.379143,89.09131,0.50573015
3.870833333333333,41.353928,-6.8018513,-2.930426,70.0,25.0,90.0,41.58296,-7.1443624,-2.6371784,70.96147,25.379143,89.09131,0.50573015
3.875,41.353928,-6.8018513,-2.930426,70.0,25.0,90.0,41.58296,-7.1443624,-2.6371784,70.96147,25.379143,89.09131,0.50573015
3.879166666666667,41.353928,-6.8018513,-2.930426,70.0,25.0,90.0,41.58296,-7.1443624,-2.6371784,70.96147,25.379143,89.09131,0.50573015
3.8833333333333333,41.353928,-6.8018513,-2.930426,70.0,25.0,90.0,41.58296,-7.1443624,-2.6371784,70.96147,25.379143,89.09131,0.50573015
3.8875,41.353928,-6.8018513,-2.930426,70.0,25.0,90.0,41.58296,-7.1443624,-2.6371784,70.96147,25.379143,89.09131,0.50573015
3.8916666666666666,41.353928,-6.8018513,-2.930426,70.0,25.0,90.0,41.58296,-7.1443624,-2.6371784,70.96147,25.379143,89.09131,0.50573015
3.8958333333333335,41.353928,-6.8018513,-2.930426,70.0,25.0,90.0,41.58296,-7.1443624,-2.6371784,70.96147,25.379143,89.09131,0.50573015
3.9,41.353928,-6.8018513,-2.930426,70.0,25.0,90.0,41.58296,-7.1443624,-2.6371784,70.96147,25.379143,89.09131,0.50573015
3.904166666666667,41.353928,-6.8018513,-2.930426,70.0,25.0,90.0,41.58296,-7.1443624,-2.6371784,70.96147,25.379143,89.09131,0.50573015
3.908333333333333,41.353928,-6.8018513,-2.930426,70.0,25.0,90.0,41.58296,-7.1443624,-2.6371784,70.96147,25.379143,89.09131,0.50573015
3.9125,41.353928,-6.8018513,-2.930426,70.0,25.0,90.0,41.58296,-7.1443624,-2.6371784,70.96147,25.379143,89.09131,0.50573015
3.9166666666666665,41.353928,-6.8018513,-2.930426,70.0,25.0,90.0,41.58296,-7.1443624,-2.6371784,70.96147,25.379143,89.09131,0.50573015
3.9208333333333334,41.353928,-6.8018513,-2.930426,70.0,25.0,90.0,41.58296,-7.1443624,-2.6371784,70.96147,25.379143,89.09131,0.50573015
3.925,41.353928,-6.8018513,-2.930426,70.0,25.0,90.0,41.58296,-7.1443624,-2.6371784,70.96147,25.379143,89.09131,0.50573015
3.9291666666666667,41.353928,-6.8018513,-2.930426,70.0,25.0,90.0,41.58296,-7.1443624,-2.6371784,70.96147,25.379143,89.09131,0.50573015
3.933333333333333,41.353928,-6.8018513,-2.930426,70.0,25.0,90.0,41.58296,-7.1443624,-2.6371784,70.96147,25.379143,89.09131,0.50573015
3.9375,41.353928,-6.8018513,-2.930426,70.0,25.0,90.0,41.58296,-7.1443624,-2.6371784,70.96147,25.379143,89.09131,0.50573015
3.941666666666667,41.353928,-6.8018513,-2.930426,70.0,25.0,90.0,41.582962,-7.1443624,-2.6371756,70.96147,25.379143,89.09131,0.50573355
3.9458333333333333,41.353928,-6.8018513,-2.930426,70.0,25.0,90.0,41.58296,-7.1443644,-2.6371775,70.96147,25.379143,89.09131,0.505732
3.95,41.353928,-6.8018513,-2.930426,70.0,25.0,90.0,41.58296,-7.1443644,-2.6371784,70.96147,25.379143,89.09131,0.50573146
3.9541666666666666,41.353928,-6.8018513,-2.930426,70.0,25.0,90.0,41.58296,-7.1443605,-2.6371775,70.96147,25.379147,89.09131,0.50572944
3.9583333333333335,41.353928,-6.8018513,-2.930426,70.0,25.0,90.0,41.582962,-7.1443605,-2.6371775,70.96147,25.379147,89.09131,0.50573117
3.9625,41.353928,-6.8018513,-2.930426,70.0,25.0,90.0,41.58296,-7.1443605,-2.6371775,70.96147,25.37915,89.09131,0.50572944
3.966666666666667,41.353928,-6.8018513,-2.930426,70.0,25.0,90.0,41.58296,-7.1443605,-2.6371803,70.96147,25.379147,89.09132,0.50572777
3.970833333333333,41.353928,-6.8018513,-2.930426,70.0,25.0,90.0,41.582962,-7.1443596,-2.6371794,70.96147,25.37915,89.09132,0.5057294
3.975,41.353928,-6.8018513,-2.930426,70.0,25.0,90.0,41.582962,-7.1443605,-2.6371756,70.96147,25.37915,89.09132,0.5057323
3.9791666666666665,41.353928,-6.8018513,-2.930426,70.0,25.0,90.0,41.58296,-7.1443605,-2.6371784,70.96147,25.37915,89.09132,0.50572884
3.9833333333333334,41.353928,-6.8018513,-2.930426,70.0,25.0,90.0,41.58296,-7.1443596,-2.6371784,70.96147,25.379147,89.09132,0.5057282
3.9875,41.353928,-6.8018513,-2.930426,70.0,25.0,90.0,41.582962,-7.1443567,-2.6371784,70.96147,25.379147,89.091324,0.505728
3.9916666666666667,41.353928,-6.8018513,-2.930426,70.0,25.0,90.0,41.582962,-7.1443596,-2.6371746,70.96147,25.379147,89.091324,0.5057322
3.995833333333333,41.353928,-6.8018513,-2.930426,70.0,25.0,90.0,41.58296,-7.1443586,-2.6371784,70.961464,25.37915,89.091324,0.5057276
4.0,41.353928,-6.8018513,-2.930426,70.0,25.0,90.0,41.58296,-7.1443596,-2.6371746,70.961464,25.379154,89.091324,0.50573045
4.004166666666666,41.353928,-6.8018513,-2.930426,70.0,25.0,90.0,41.582962,-7.1443605,-2.6371746,70.961464,25.379147,89.091324,0.50573283
4.008333333333334,41.353928,-6.8018513,-2.930426,70.0,25.0,90.0,41.582954,-7.1443567,-2.6371727,70.961464,25.37915,89.091324,0.5057279
4.0125,41.353928,-6.8018513,-2.930426,70.0,25.0,90.0,41.58296,-7.144355,-2.6371756,70.96147,25.37915,89.091324,0.50572664
4.016666666666667,41.353928,-6.8018513,-2.930426,70.0,25.0,90.0,41.58296,-7.1443586,-2.6371746,70.96147,25.37915,89.091324,0.5057298
4.020833333333333,41.353928,-6.8018513,-2.930426,70.0,25.0,90.0,41.582954,-7.1443577,-2.6371756,70.96147,25.37915,89.091324,0.5057269
4.025,41.353928,-6.8018513,-2.930426,70.0,25.0,90.0,41.58296,-7.144355,-2.6371775,70.96147,25.37915,89.091324,0.50572556
4.029166666666667,41.353928,-6.8018513,-2.930426,70.0,25.0,90.0,41.58296,-7.144356,-2.6371756,70.96147,25.37915,89.091324,0.5057273
4.033333333333333,41.353928,-6.8018513,-2.930426,70.0,25.0,90.0,41.58296,-7.144355,-2.6371756,70.96147,25.37915,89.091324,0.50572664
4.0375,41.353928,-6.8018513,-2.930426,70.0,25.0,90.0,41.58296,-7.144356,-2.6371775,70.96147,25.37915,89.091324,0.5057262
4.041666666666667,41.353928,-6.8018513,-2.930426,70.0,25.0,90.0,41.58296,-7.144355,-2.6371737,70.96147,25.37915,89.091324,0.50572777
4.045833333333333,41.353928,-6.8018513,-2.930426,70.0,25.0,90.0,41.58296,-7.144356,-2.6371746,70.96147,25.37915,89.091324,0.5057279
4.05,41.353928,-6.8018513,-2.930426,70.0,25.0,90.0,41.58296,-7.144355,-2.6371746,70.96147,25.37915,89.091324,0.50572723
4.054166666666666,41.353928,-6.8018513,-2.930426,70.0,25.0,90.0,41.58296,-7.144355,-2.6371737,70.96147,25.37915,89.091324,0.50572777
4.058333333333334,41.353928,-6.8018513,-2.930426,70.0,25.0,90.0,41.58296,-7.144356,-2.6371737,70.96147,25.37915,89.091324,0.5057284
4.0625,41.353928,-6.8018513,-2.930426,70.0,25.0,90.0,41.58296,-7.1443577,-2.6371746,70.96147,25.37915,89.091324,0.50572914
4.066666666666666,41.353928,-6.8018513,-2.930426,70.0,25.0,90.0,41.58296,-7.144355,-2.6371727,70.96148,25.379154,89.091324,0.5057283
4.070833333333334,41.353928,-6.8018513,-2.930426,70.0,25.0,90.0,41.58296,-7.144356,-2.6371746,70.96147,25.37915,89.091324,0.5057279
4.075,41.353928,-6.8018513,-2.930426,70.0,25.0,90.0,41.58296,-7.1443586,-2.6371756,70.96147,25.37915,89.091324,0.5057292
4.079166666666667,41.353928,-6.8018513,-2.930426,70.0,25.0,90.0,41.58296,-7.144356,-2.6371746,70.96147,25.37915,89.091324,0.5057279
4.083333333333333,41.353928,-6.8018513,-2.930426,70.0,25.0,90.0,41.58296,-7.144356,-2.6371737,70.96147,25.37915,89.09132,0.5057284
4.0875,41.353928,-6.8018513,-2.930426,70.0,25.0,90.0,41.582962,-7.1443577,-2.6371717,70.96147,25.379147,89.09132,0.50573254
4.091666666666667,41.353928,-6.8018513,-2.930426,70.0,25.0,90.0,41.582962,-7.1443577,-2.6371746,70.96147,25.379147,89.09132,0.50573087
4.095833333333333,41.353928,-6.8018513,-2.930426,70.0,25.0,90.0,41.582962,-7.1443596,-2.6371746,70.96147,25.379147,89.09132,0.5057322
4.1,41.353928,-6.8018513,-2.930426,70.0,25.0,90.0,41.58296,-7.1443605,-2.6371717,70.96147,25.37915,89.09131,0.5057328
4.104166666666667,41.353928,-6.8018513,-2.930426,70.0,25.0,90.0,41.582962,-7.1443605,-2.6371737,70.96148,25.379147,89.09132,0.5057334
4.108333333333333,41.353928,-6.8018513,-2.930426,70.0,25.0,90.0,41.582962,-7.1443624,-2.6371756,70.96147,25.379147,89.09131,0.50573355
4.1125,41.353928,-6.8018513,-2.930426,70.0,25.0,90.0,41.582962,-7.1443596,-2.6371737,70.96147,25.379147,89.09131,0.5057327
4.116666666666666,41.353928,-6.8018513,-2.930426,70.0,25.0,90.0,41.582962,-7.1443596,-2.6371756,70.96148,25.379147,89.09131,0.50573164
4.120833333333334,41.353928,-6.8018513,-2.930426,70.0,25.0,90.0,41.58296,-7.1443596,-2.6371746,70.96148,25.379147,89.09131,0.50573045
4.125,41.353928,-6.8018513,-2.930426,70.0,25.0,90.0,41.58296,-7.1443605,-2.6371737,70.96149,25.379147,89.09131,0.50573164
4.129166666666666,41.353928,-6.8018513,-2.930426,70.0,25.0,90.0,41.58296,-7.1443624,-2.6371775,70.96148,25.379147,89.09131,0.50573075
4.133333333333334,41.353928,-6.8018513,-2.930426,70.0,25.0,90.0,41.582962,-7.1443624,-2.6371775,70.96148,25.379147,89.09131,0.5057325
4.1375,41.353928,-6.8018513,-2.930426,70.0,25.0,90.0,41.582962,-7.1443624,-2.6371794,70.96147,25.379147,89.09131,0.50573134
4.141666666666667,41.353928,-6.8018513,-2.930426,70.0,25.0,90.0,41.582962,-7.1443644,-2.6371775,70.96148,25.379143,89.09131,0.5057337
4.145833333333333,41.353928,-6.8018513,-2.930426,70.0,25.0,90.0,41.58296,-7.1443644,-2.6371775,70.96147,25.379143,89.09131,0.505732
4.15,41.353928,-6.8018513,-2.930426,70.0,25.0,90.0,41.58296,-7.1443644,-2.6371784,70.96148,25.379139,89.09131,0.50573146
4.154166666666667,41.353928,-6.8018513,-2.930426,70.0,25.0,90.0,41.58296,-7.1443644,-2.6371746,70.96147,25.379147,89.09131,0.50573367
4.158333333333333,41.353928,-6.8018513,-2.930426,70.0,25.0,90.0,41.582954,-7.1443624,-2.6371746,70.96147,25.379143,89.09131,0.5057306
4.1625,41.353928,-6.8018513,-2.930426,70.0,25.0,90.0,41.58296,-7.1443644,-2.6371737,70.96147,25.379139,89.09131,0.5057342
4.166666666666667,41.353928,-6.8018513,-2.930426,70.0,25.0,90.0,41.58296,-7.1443624,-2.6371746,70.96147,25.379147,89.09131,0.50573236
4.170833333333333,41.353928,-6.8018513,-2.930426,70.0,25.0,90.0,41.58296,-7.1443605,-2.6371756,70.96147,25.379147,89.09131,0.5057305
4.175,41.353928,-6.8018513,-2.930426,70.0,25.0,90.0,41.58296,-7.1443624,-2.6371756,70.96147,25.379147,89.09131,0.5057318
4.179166666666666,41.353928,-6.8018513,-2.930426,70.0,25.0,90.0,41.58296,-7.1443644,-2.6371756,70.96147,25.379147,89.09131,0.50573313
4.183333333333334,41.353928,-6.8018513,-2.930426,70.0,25.0,90.0,41.58296,-7.1443644,-2.6371756,70.96147,25.379147,89.09131,0.50573313
4.1875,41.353928,-6.8018513,-2.930426,70.0,25.0,90.0,41.58296,-7.1443644,-2.6371756,70.96147,25.379147,89.09131,0.50573313
4.191666666666666,41.353928,-6.8018513,-2.930426,70.0,25.0,90.0,41.58296,-7.1443644,-2.6371756,70.96147,25.379147,89.09131,0.50573313
4.195833333333334,41.353928,-6.8018513,-2.930426,70.0,25.0,90.0,41.58296,-7.1443644,-2.6371756,70.96147,25.379147,89.09131,0.50573313
4.2,41.353928,-6.8018513,-2.930426,70.0,25.0,90.0,41.58296,-7.1443644,-2.6371756,70.96147,25.379147,89.09131,0.50573313
4.204166666666667,41.353928,-6.8018513,-2.930426,70.0,25.0,90.0,41.58296,-7.1443644,-2.6371756,70.96147,25.379147,89.09131,0.50573313
4.208333333333333,41.353928,-6.8018513,-2.930426,70.0,25.0,90.0,41.58296,-7.1443644,-2.6371756,70.96147,25.379147,89.09131,0.50573313
4.2125,41.353928,-6.8018513,-2.930426,70.0,25.0,90.0,41.58296,-7.1443644,-2.6371756,70.96147,25.379147,89.09131,0.50573313
4.216666666666667,41.353928,-6.8018513,-2.930426,70.0,25.0,90.0,41.58296,-7.1443644,-2.6371756,70.96147,25.379147,89.09131,0.50573313
4.220833333333333,41.353928,-6.8018513,-2.930426,70.0,25.0,90.0,41.58296,-7.1443644,-2.6371756,70.96147,25.379147,89.09131,0.50573313
4.225,41.353928,-6.8018513,-2.930426,70.0,25.0,90.0,41.58296,-7.1443644,-2.6371756,70.96147,25.379147,89.09131,0.50573313
4.229166666666667,41.353928,-6.8018513,-2.930426,70.0,25.0,90.0,41.58296,-7.1443644,-2.6371756,70.96147,25.379147,89.09131,0.50573313
4.233333333333333,41.353928,-6.8018513,-2.930426,70.0,25.0,90.0,41.58296,-7.1443644,-2.6371756,70.96147,25.379147,89.09131,0.50573313
4.2375,41.353928,-6.8018513,-2.930426,70.0,25.0,90.0,41.58296,-7.1443644,-2.6371756,70.96147,25.379147,89.09131,0.50573313
4.241666666666666,41.353928,-6.8018513,-2.930426,70.0,25.0,90.0,41.58296,-7.1443644,-2.6371756,70.96147,25.379147,89.09131,0.50573313
4.245833333333334,41.353928,-6.8018513,-2.930426,70.0,25.0,90.0,41.58296,-7.1443644,-2.6371756,70.96147,25.379147,89.09131,0.50573313
4.25,41.353928,-6.8018513,-2.930426,70.0,25.0,90.0,41.58296,-7.1443644,-2.6371756,70.96147,25.379147,89.09131,0.50573313
4.254166666666666,41.353928,-6.8018513,-2.930426,70.0,25.0,90.0,41.58296,-7.1443644,-2.6371756,70.96147,25.379147,89.09131,0.50573313
4.258333333333334,41.353928,-6.8018513,-2.930426,70.0,25.0,90.0,41.58296,-7.1443644,-2.6371756,70.96147,25.379147,89.09131,0.50573313
4.2625,41.353928,-6.8018513,-2.930426,70.0,25.0,90.0,41.58296,-7.1443644,-2.6371756,70.96147,25.379147,89.09131,0.50573313
4.266666666666667,41.353928,-6.8018513,-2.930426,70.0,25.0,90.0,41.58296,-7.1443644,-2.6371756,70.96147,25.379147,89.09131,0.50573313
4.270833333333333,41.353928,-6.8018513,-2.930426,70.0,25.0,90.0,41.58296,-7.1443644,-2.6371756,70.96147,25.379147,89.09131,0.50573313
4.275,41.353928,-6.8018513,-2.930426,70.0,25.0,90.0,41.58296,-7.1443644,-2.6371756,70.96147,25.379147,89.09131,0.50573313
4.279166666666667,41.353928,-6.8018513,-2.930426,70.0,25.0,90.0,41.58296,-7.1443644,-2.6371756,70.96147,25.379147,89.09131,0.50573313
4.283333333333333,41.353928,-6.8018513,-2.930426,70.0,25.0,90.0,41.58296,-7.1443644,-2.6371756,70.96147,25.379147,89.09131,0.50573313
4.2875,41.353928,-6.8018513,-2.930426,70.0,25.0,90.0,41.58296,-7.1443644,-2.6371756,70.96147,25.379147,89.09131,0.50573313
4.291666666666667,41.353928,-6.8018513,-2.930426,70.0,25.0,90.0,41.58296,-7.1443644,-2.6371756,70.96147,25.379147,89.09131,0.50573313
4.295833333333333,41.353928,-6.8018513,-2.930426,70.0,25.0,90.0,41.58296,-7.1443644,-2.6371756,70.96147,25.379147,89.09131,0.50573313
4.3,41.353928,-6.8018513,-2.930426,70.0,25.0,90.0,41.58296,-7.1443644,-2.6371756,70.96147,25.379147,89.09131,0.50573313
4.304166666666666,41.353928,-6.8018513,-2.930426,70.0,25.0,90.0,41.58296,-7.1443644,-2.6371756,70.96147,25.379147,89.09131,0.50573313
4.308333333333334,41.353928,-6.8018513,-2.930426,70.0,25.0,90.0,41.58296,-7.1443644,-2.6371756,70.96147,25.379147,89.09131,0.50573313
4.3125,41.353928,-6.8018513,-2.930426,70.0,25.0,90.0,41.58296,-7.1443644,-2.6371756,70.96147,25.379147,89.09131,0.50573313
4.316666666666666,41.353928,-6.8018513,-2.930426,70.0,25.0,90.0,41.58296,-7.1443644,-2.6371756,70.96147,25.379147,89.09131,0.50573313
4.320833333333334,41.353928,-6.8018513,-2.930426,70.0,25.0,90.0,41.58296,-7.1443644,-2.6371756,70.96147,25.379147,89.09131,0.50573313
4.325,41.353928,-6.8018513,-2.930426,70.0,25.0,90.0,41.58296,-7.1443644,-2.6371756,70.96147,25.379147,89.09131,0.50573313
4.329166666666667,41.353928,-6.8018513,-2.930426,70.0,25.0,90.0,41.58296,-7.1443644,-2.6371756,70.96147,25.379147,89.09131,0.50573313
4.333333333333333,41.353928,-6.8018513,-2.930426,70.0,25.0,90.0,41.58296,-7.1443644,-2.6371756,70.96147,25.379147,89.09131,0.50573313
4.3375,41.353928,-6.8018513,-2.930426,70.0,25.0,90.0,41.58296,-7.1443624,-2.6371746,70.96147,25.379147,89.09131,0.50573236
4.341666666666667,41.353928,-6.8018513,-2.930426,70.0,25.0,90.0,41.58296,-7.1443624,-2.6371775,70.96147,25.379147,89.09131,0.50573075
4.345833333333333,41.353928,-6.8018513,-2.930426,70.0,25.0,90.0,41.582962,-7.1443644,-2.6371775,70.96147,25.379147,89.09131,0.5057337
4.35,41.353928,-6.8018513,-2.930426,70.0,25.0,90.0,41.582962,-7.1443605,-2.6371775,70.96147,25.379147,89.09131,0.50573117
4.354166666666667,41.353928,-6.8018513,-2.930426,70.0,25.0,90.0,41.582962,-7.1443605,-2.6371756,70.96147,25.379147,89.09131,0.5057323
4.358333333333333,41.353928,-6.8018513,-2.930426,70.0,25.0,90.0,41.582962,-7.1443624,-2.6371784,70.96147,25.379143,89.09131,0.5057319
4.3625,41.353928,-6.8018513,-2.930426,70.0,25.0,90.0,41.58296,-7.1443605,-2.6371775,70.96147,25.37915,89.09132,0.50572944
4.366666666666666,41.353928,-6.8018513,-2.930426,70.0,25.0,90.0,41.582962,-7.1443605,-2.6371794,70.96147,25.379147,89.09132,0.50573003
4.370833333333334,41.353928,-6.8018513,-2.930426,70.0,25.0,90.0,41.582962,-7.1443624,-2.6371775,70.961464,25.37915,89.09132,0.5057325
4.375,41.353928,-6.8018513,-2.930426,70.0,25.0,90.0,41.58296,-7.1443605,-2.6371775,70.96147,25.379147,89.09132,0.50572944
4.379166666666666,41.353928,-6.8018513,-2.930426,70.0,25.0,90.0,41.582962,-7.1443577,-2.6371775,70.96147,25.379147,89.09132,0.5057292
4.383333333333334,41.353928,-6.8018513,-2.930426,70.0,25.0,90.0,41.582962,-7.1443567,-2.6371756,70.96147,25.379154,89.091324,0.5057297
4.3875,41.353928,-6.8018513,-2.930426,70.0,25.0,90.0,41.582962,-7.1443577,-2.6371775,70.96147,25.379147,89.091324,0.5057292
4.391666666666667,41.353928,-6.8018513,-2.930426,70.0,25.0,90.0,41.58296,-7.1443577,-2.6371784,70.961464,25.379147,89.091324,0.50572693
4.395833333333333,41.353928,-6.8018513,-2.930426,70.0,25.0,90.0,41.58296,-7.1443586,-2.6371756,70.96147,25.379154,89.091324,0.5057292
4.4,41.353928,-6.8018513,-2.930426,70.0,25.0,90.0,41.58296,-7.1443577,-2.6371746,70.96147,25.37915,89.091324,0.50572914
4.404166666666667,41.353928,-6.8018513,-2.930426,70.0,25.0,90.0,41.582962,-7.1443567,-2.6371746,70.96147,25.379154,89.091324,0.5057302
4.408333333333333,41.353928,-6.8018513,-2.930426,70.0,25.0,90.0,41.582954,-7.1443567,-2.6371746,70.96147,25.379147,89.091324,0.50572675
4.4125,41.353928,-6.8018513,-2.930426,70.0,25.0,90.0,41.58296,-7.144356,-2.6371746,70.96147,25.37915,89.091324,0.5057279
4.416666666666667,41.353928,-6.8018513,-2.930426,70.0,25.0,90.0,41.582954,-7.144356,-2.6371756,70.96147,25.37915,89.091324,0.50572556
4.420833333333333,41.353928,-6.8018513,-2.930426,70.0,25.0,90.0,41.58296,-7.1443567,-2.6371737,70.96147,25.379154,89.091324,0.5057291
4.425,41.353928,-6.8018513,-2.930426,70.0,25.0,90.0,41.58296,-7.144355,-2.6371784,70.96147,25.37915,89.091324,0.505725
4.429166666666666,41.353928,-6.8018513,-2.930426,70.0,25.0,90.0,41.58296,-7.144356,-2.6371737,70.96147,25.37915,89.091324,0.5057284
4.433333333333334,41.353928,-6.8018513,-2.930426,70.0,25.0,90.0,41.58296,-7.144356,-2.6371746,70.96147,25.37915,89.091324,0.5057279
4.4375,41.353928,-6.8018513,-2.930426,70.0,25.0,90.0,41.58296,-7.1443577,-2.6371746,70.96147,25.37915,89.091324,0.50572914
4.441666666666666,41.353928,-6.8018513,-2.930426,70.0,25.0,90.0,41.582954,-7.1443577,-2.6371737,70.96147,25.37915,89.091324,0.505728
4.445833333333334,41.353928,-6.8018513,-2.930426,70.0,25.0,90.0,41.58296,-7.144356,-2.6371727,70.96147,25.37915,89.091324,0.50572896
4.45,41.353928,-6.8018513,-2.930426,70.0,25.0,90.0,41.58296,-7.144356,-2.6371727,70.96147,25.37915,89.091324,0.50572896
4.454166666666667,41.353928,-6.8018513,-2.930426,70.0,25.0,90.0,41.58296,-7.144356,-2.6371727,70.96147,25.37915,89.091324,0.50572896
4.458333333333333,41.353928,-6.8018513,-2.930426,70.0,25.0,90.0,41.58296,-7.144356,-2.6371727,70.96147,25.37915,89.091324,0.50572896
4.4625,41.353928,-6.8018513,-2.930426,70.0,25.0,90.0,41.58296,-7.144356,-2.6371727,70.96147,25.37915,89.091324,0.50572896
4.466666666666667,41.353928,-6.8018513,-2.930426,70.0,25.0,90.0,41.58296,-7.144356,-2.6371737,70.96147,25.37915,89.091324,0.5057284
4.470833333333333,41.353928,-6.8018513,-2.930426,70.0,25.0,90.0,41.58296,-7.144356,-2.6371746,70.96147,25.37915,89.091324,0.5057279
4.475,41.353928,-6.8018513,-2.930426,70.0,25.0,90.0,41.582954,-7.144356,-2.6371737,70.96147,25.37915,89.091324,0.5057267
4.479166666666667,41.353928,-6.8018513,-2.930426,70.0,25.0,90.0,41.58296,-7.144356,-2.6371727,70.96147,25.379147,89.09132,0.50572896
4.483333333333333,41.353928,-6.8018513,-2.930426,70.0,25.0,90.0,41.582962,-7.1443577,-2.6371737,70.96147,25.379147,89.09132,0.5057314
4.4875,41.353928,-6.8018513,-2.930426,70.0,25.0,90.0,41.582962,-7.1443577,-2.6371746,70.96147,25.379147,89.09132,0.50573087
4.491666666666666,41.353928,-6.8018513,-2.930426,70.0,25.0,90.0,41.58296,-7.1443596,-2.6371756,70.96147,25.379147,89.09132,0.50572985
4.495833333333334,41.353928,-6.8018513,-2.930426,70.0,25.0,90.0,41.582962,-7.1443596,-2.6371717,70.96148,25.37915,89.09131,0.50573385
4.5,41.353928,-6.8018513,-2.930426,70.0,25.0,90.0,41.582962,-7.1443605,-2.6371737,70.96148,25.379147,89.09132,0.5057334
4.504166666666666,41.353928,-6.8018513,-2.930426,70.0,25.0,90.0,41.582962,-7.1443624,-2.6371756,70.96147,25.379147,89.09131,0.50573355
4.508333333333334,41.353928,-6.8018513,-2.930426,70.0,25.0,90.0,41.582962,-7.1443596,-2.6371737,70.96147,25.379147,89.09131,0.5057327
4.5125,41.353928,-6.8018513,-2.930426,70.0,25.0,90.0,41.582962,-7.1443596,-2.6371756,70.96148,25.379147,89.09131,0.50573164
4.516666666666667,41.353928,-6.8018513,-2.930426,70.0,25.0,90.0,41.58296,-7.1443596,-2.6371746,70.96148,25.379147,89.09131,0.50573045
4.520833333333333,41.353928,-6.8018513,-2.930426,70.0,25.0,90.0,41.58296,-7.1443605,-2.6371737,70.96149,25.379147,89.09131,0.50573164
4.525,41.353928,-6.8018513,-2.930426,70.0,25.0,90.0,41.58296,-7.1443624,-2.6371775,70.96148,25.379147,89.09131,0.50573075
4.529166666666667,41.353928,-6.8018513,-2.930426,70.0,25.0,90.0,41.582962,-7.1443624,-2.6371775,70.96148,25.379147,89.09131,0.5057325
4.533333333333333,41.353928,-6.8018513,-2.930426,70.0,25.0,90.0,41.582962,-7.1443624,-2.6371794,70.96147,25.379147,89.09131,0.50573134
4.5375,41.353928,-6.8018513,-2.930426,70.0,25.0,90.0,41.582962,-7.1443644,-2.6371775,70.96148,25.379143,89.09131,0.5057337
4.541666666666667,41.353928,-6.8018513,-2.930426,70.0,25.0,90.0,41.58296,-7.1443644,-2.6371775,70.96147,25.379143,89.09131,0.505732
4.545833333333333,41.353928,-6.8018513,-2.930426,70.0,25.0,90.0,41.58296,-7.1443644,-2.6371784,70.96148,25.379139,89.09131,0.50573146
4.55,41.353928,-6.8018513,-2.930426,70.0,25.0,90.0,41.58296,-7.1443644,-2.6371746,70.96147,25.379147,89.09131,0.50573367
4.554166666666666,41.353928,-6.8018513,-2.930426,70.0,25.0,90.0,41.582954,-7.1443624,-2.6371746,70.96147,25.379143,89.09131,0.5057306
4.558333333333334,41.353928,-6.8018513,-2.930426,70.0,25.0,90.0,41.58296,-7.1443644,-2.6371737,70.96147,25.379139,89.09131,0.5057342
4.5625,41.353928,-6.8018513,-2.930426,70.0,25.0,90.0,41.58296,-7.1443624,-2.6371746,70.96147,25.379147,89.09131,0.50573236
4.566666666666666,41.353928,-6.8018513,-2.930426,70.0,25.0,90.0,41.58296,-7.1443605,-2.6371756,70.96147,25.379147,89.09131,0.5057305
4.570833333333334,41.353928,-6.8018513,-2.930426,70.0,25.0,90.0,41.58296,-7.1443624,-2.6371756,70.96147,25.379147,89.09131,0.5057318
4.575,41.353928,-6.8018513,-2.930426,70.0,25.0,90.0,41.58296,-7.1443644,-2.6371756,70.96147,25.379147,89.09131,0.50573313
4.579166666666667,41.353928,-6.8018513,-2.930426,70.0,25.0,90.0,41.58296,-7.1443644,-2.6371756,70.96147,25.379147,89.09131,0.50573313
4.583333333333333,41.353928,-6.8018513,-2.930426,70.0,25.0,90.0,41.58296,-7.1443644,-2.6371756,70.96147,25.379147,89.09131,0.50573313
4.5875,41.353928,-6.8018513,-2.930426,70.0,25.0,90.0,41.58296,-7.1443644,-2.6371756,70.96147,25.379147,89.09131,0.50573313
4.591666666666667,41.353928,-6.8018513,-2.930426,70.0,25.0,90.0,41.58296,-7.1443644,-2.6371756,70.96147,25.379147,89.09131,0.50573313
4.595833333333333,41.353928,-6.8018513,-2.930426,70.0,25.0,90.0,41.58296,-7.1443644,-2.6371756,70.96147,25.379147,89.09131,0.50573313
4.6,41.353928,-6.8018513,-2.930426,70.0,25.0,90.0,41.58296,-7.1443644,-2.6371756,70.96147,25.379147,89.09131,0.50573313
4.604166666666667,41.353928,-6.8018513,-2.930426,70.0,25.0,90.0,41.58296,-7.1443644,-2.6371756,70.96147,25.379147,89.09131,0.50573313
4.608333333333333,41.353928,-6.8018513,-2.930426,70.0,25.0,90.0,41.58296,-7.1443644,-2.6371756,70.96147,25.379147,89.09131,0.50573313
4.6125,41.353928,-6.8018513,-2.930426,70.0,25.0,90.0,41.58296,-7.1443644,-2.6371756,70.96147,25.379147,89.09131,0.50573313
4.616666666666666,41.353928,-6.8018513,-2.930426,70.0,25.0,90.0,41.58296,-7.1443644,-2.6371756,70.96147,25.379147,89.09131,0.50573313
4.620833333333334,41.353928,-6.8018513,-2.930426,70.0,25.0,90.0,41.58296,-7.1443644,-2.6371756,70.96147,25.379147,89.09131,0.50573313
4.625,41.353928,-6.8018513,-2.930426,70.0,25.0,90.0,41.58296,-7.1443644,-2.6371756,70.96147,25.379147,89.09131,0.50573313
4.629166666666666,41.353928,-6.8018513,-2.930426,70.0,25.0,90.0,41.58296,-7.1443644,-2.6371756,70.96147,25.379147,89.09131,0.50573313
4.633333333333334,41.353928,-6.8018513,-2.930426,70.0,25.0,90.0,41.58296,-7.1443644,-2.6371756,70.96147,25.379147,89.09131,0.50573313
4.6375,41.353928,-6.8018513,-2.930426,70.0,25.0,90.0,41.58296,-7.1443644,-2.6371756,70.96147,25.379147,89.09131,0.50573313
4.641666666666667,41.353928,-6.8018513,-2.930426,70.0,25.0,90.0,41.58296,-7.1443644,-2.6371756,70.96147,25.379147,89.09131,0.50573313
4.645833333333333,41.353928,-6.8018513,-2.930426,70.0,25.0,90.0,41.58296,-7.1443644,-2.6371756,70.96147,25.379147,89.09131,0.50573313
4.65,41.353928,-6.8018513,-2.930426,70.0,25.0,90.0,41.58296,-7.1443644,-2.6371756,70.96147,25.379147,89.09131,0.50573313
4.654166666666667,41.353928,-6.8018513,-2.930426,70.0,25.0,90.0,41.58296,-7.1443644,-2.6371756,70.96147,25.379147,89.09131,0.50573313
4.658333333333333,41.353928,-6.8018513,-2.930426,70.0,25.0,90.0,41.58296,-7.1443644,-2.6371756,70.96147,25.379147,89.09131,0.50573313
4.6625,41.353928,-6.8018513,-2.930426,70.0,25.0,90.0,41.58296,-7.1443644,-2.6371756,70.96147,25.379147,89.09131,0.50573313
4.666666666666667,41.353928,-6.8018513,-2.930426,70.0,25.0,90.0,41.58296,-7.1443644,-2.6371756,70.96147,25.379147,89.09131,0.50573313
4.670833333333333,41.353928,-6.8018513,-2.930426,70.0,25.0,90.0,41.58296,-7.1443644,-2.6371756,70.96147,25.379147,89.09131,0.50573313
4.675,41.353928,-6.8018513,-2.930426,70.0,25.0,90.0,41.58296,-7.1443644,-2.6371756,70.96147,25.379147,89.09131,0.50573313
4.679166666666666,41.353928,-6.8018513,-2.930426,70.0,25.0,90.0,41.58296,-7.1443644,-2.6371756,70.96147,25.379147,89.09131,0.50573313
4.683333333333334,41.353928,-6.8018513,-2.930426,70.0,25.0,90.0,41.58296,-7.1443644,-2.6371756,70.96147,25.379147,89.09131,0.50573313
4.6875,41.353928,-6.8018513,-2.930426,70.0,25.0,90.0,41.58296,-7.1443644,-2.6371756,70.96147,25.379147,89.09131,0.50573313
4.691666666666666,41.353928,-6.8018513,-2.930426,70.0,25.0,90.0,41.58296,-7.1443644,-2.6371756,70.96147,25.379147,89.09131,0.50573313
4.695833333333334,41.353928,-6.8018513,-2.930426,70.0,25.0,90.0,41.58296,-7.1443644,-2.6371756,70.96147,25.379147,89.09131,0.50573313
4.7,41.353928,-6.8018513,-2.930426,70.0,25.0,90.0,41.58296,-7.1443644,-2.6371756,70.96147,25.379147,89.09131,0.50573313
4.704166666666667,41.353928,-6.8018513,-2.930426,70.0,25.0,90.0,41.58296,-7.1443644,-2.6371756,70.96147,25.379147,89.09131,0.50573313
4.708333333333333,41.353928,-6.8018513,-2.930426,70.0,25.0,90.0,41.58296,-7.1443644,-2.6371756,70.96147,25.379147,89.09131,0.50573313
4.7125,41.353928,-6.8018513,-2.930426,70.0,25.0,90.0,41.58296,-7.1443644,-2.6371756,70.96147,25.379147,89.09131,0.50573313
4.716666666666667,41.353928,-6.8018513,-2.930426,70.0,25.0,90.0,41.58296,-7.1443644,-2.6371756,70.96147,25.379147,89.09131,0.50573313
4.720833333333333,41.353928,-6.8018513,-2.930426,70.0,25.0,90.0,41.58296,-7.1443644,-2.6371756,70.96147,25.379147,89.09131,0.50573313
4.725,41.353928,-6.8018513,-2.930426,70.0,25.0,90.0,41.58296,-7.1443644,-2.6371756,70.96147,25.379147,89.09131,0.50573313
4.729166666666667,41.353928,-6.8018513,-2.930426,70.0,25.0,90.0,41.58296,-7.1443644,-2.6371756,70.96147,25.379147,89.09131,0.50573313
4.733333333333333,41.353928,-6.8018513,-2.930426,70.0,25.0,90.0,41.58296,-7.1443644,-2.6371756,70.96147,25.379147,89.09131,0.50573313
4.7375,41.353928,-6.8018513,-2.930426,70.0,25.0,90.0,41.58296,-7.1443644,-2.6371756,70.96147,25.379147,89.09131,0.50573313
4.741666666666666,41.353928,-6.8018513,-2.930426,70.0,25.0,90.0,41.58296,-7.1443644,-2.6371756,70.96147,25.379147,89.09131,0.50573313
4.745833333333334,41.353928,-6.8018513,-2.930426,70.0,25.0,90.0,41.58296,-7.1443644,-2.6371756,70.96147,25.379147,89.09131,0.50573313
4.75,41.353928,-6.8018513,-2.930426,70.0,25.0,90.0,41.582565,-7.135659,-2.6442661,70.95778,25.399391,89.0893,0.49557072
4.754166666666666,41.353928,-6.8018513,-2.930426,70.0,25.0,90.0,41.569565,-7.140868,-2.6825428,70.88402,25.39627,89.10083,0.47209945
4.758333333333334,41.353928,-6.8018513,-2.930426,70.0,25.0,90.0,41.532814,-7.159999,-2.7425528,70.71075,25.307652,89.169914,0.44222885
4.7625,41.353928,-6.8018513,-2.930426,70.0,25.0,90.0,41.46216,-7.302744,-2.7929382,70.42512,25.075329,89.26222,0.53057534
4.766666666666667,41.353928,-6.8018513,-2.930426,70.0,25.0,90.0,41.35068,-7.3317785,-2.6047907,70.44866,24.765339,89.49613,0.62199014
4.770833333333333,41.353928,-6.8018513,-2.930426,70.0,25.0,90.0,41.262344,-7.4250507,-2.5799208,70.41103,24.690113,89.36103,0.720846
4.775,41.353928,-6.8018513,-2.930426,70.0,25.0,90.0,41.033333,-6.878439,-2.0867176,70.46059,25.224243,89.71021,0.9058092
4.779166666666667,41.353928,-6.8018513,-2.930426,70.0,25.0,90.0,40.267418,-6.650009,-2.0251675,70.43912,24.420853,90.67951,1.4223404
4.783333333333333,41.353928,-6.8018513,-2.930426,70.0,25.0,90.0,39.88164,-6.532753,-2.1010723,70.49368,24.383572,91.28309,1.7111014
4.7875,41.353928,-6.8018513,-2.930426,70.0,25.0,90.0,40.017525,-5.5001,-0.4720497,72.44558,29.159996,91.27518,3.0861208
4.791666666666667,41.353928,-6.8018513,-2.930426,70.0,25.0,90.0,39.75217,-6.3506737,-1.2482834,72.40625,28.39989,91.02461,2.3661764
4.795833333333333,41.353928,-6.8018513,-2.930426,70.0,25.0,90.0,40.34041,-6.7743435,-2.8458776,71.45056,25.321125,91.725525,1.0174116
