time_s,true_wrist_X_cm,true_wrist_Y_cm,true_wrist_Z_cm,true_shoulder_elv_deg,true_shoulder_rot_deg,true_elbow_flexion_deg,pred_wrist_X_cm,pred_wrist_Y_cm,pred_wrist_Z_cm,pred_shoulder_elv_deg,pred_shoulder_rot_deg,pred_elbow_flexion_deg,l2_distance_cm
0.0,41.353928,-6.8018513,-2.930426,70.0,25.0,90.0,41.17889,-7.862055,-0.6114197,71.07297,24.05048,91.5174,2.5558677
0.004166666666666667,41.353928,-6.8018513,-2.930426,70.0,25.0,90.0,41.51544,-8.226558,-1.167098,70.487114,23.887905,91.23069,2.2727077
0.008333333333333333,41.353928,-6.8018513,-2.930426,70.0,25.0,90.0,41.761375,-8.212569,-1.932703,69.63223,24.07211,91.2041,1.7752718
0.0125,41.353928,-6.8018513,-2.930426,70.0,25.0,90.0,41.33351,-7.4738607,-2.5651464,71.117096,25.54913,90.14715,0.7651422
0.016666666666666666,41.353928,-6.8018513,-2.930426,70.0,25.0,90.0,41.16354,-6.717925,-2.1972094,72.18843,27.13142,88.94321,0.7621664
0.020833333333333332,41.353928,-6.8018513,-2.930426,70.0,25.0,90.0,40.707344,-7.2275934,-3.4144535,70.19998,26.697037,88.7073,0.9130221
0.025,41.353928,-6.8018513,-2.930426,70.0,25.0,90.0,41.27057,-7.934654,-3.0466194,70.03525,24.794697,89.048164,1.1417934
0.029166666666666667,41.353928,-6.8018513,-2.930426,70.0,25.0,90.0,41.369698,-7.6139107,-2.8339338,70.49306,25.185005,89.095665,0.8179241
0.03333333333333333,41.353928,-6.8018513,-2.930426,70.0,25.0,90.0,41.47752,-7.393715,-2.7219086,70.708206,25.38348,89.06022,0.6395757
0.0375,41.353928,-6.8018513,-2.930426,70.0,25.0,90.0,41.53077,-7.297141,-2.6457806,70.88681,25.361935,89.02613,0.59800327
0.041666666666666664,41.353928,-6.8018513,-2.930426,70.0,25.0,90.0,41.573906,-7.2101116,-2.6329155,70.9403,25.396286,89.05284,0.5509804
0.04583333333333333,41.353928,-6.8018513,-2.930426,70.0,25.0,90.0,41.59043,-7.156784,-2.6476183,70.922615,25.37769,89.068726,0.5117532
0.05,41.353928,-6.8018513,-2.930426,70.0,25.0,90.0,41.582943,-7.14435,-2.637164,70.96148,25.379158,89.09135,0.5057231
0.05416666666666667,41.353928,-6.8018513,-2.930426,70.0,25.0,90.0,41.582943,-7.14435,-2.637164,70.96148,25.379158,89.09135,0.5057231
0.058333333333333334,41.353928,-6.8018513,-2.930426,70.0,25.0,90.0,41.582943,-7.14435,-2.637164,70.96148,25.379158,89.09135,0.5057231
0.0625,41.353928,-6.8018513,-2.930426,70.0,25.0,90.0,41.582943,-7.14435,-2.637164,70.96148,25.379158,89.09135,0.5057231
0.06666666666666667,41.353928,-6.8018513,-2.930426,70.0,25.0,90.0,41.582943,-7.14435,-2.637164,70.96148,25.379158,89.09135,0.5057231
0.07083333333333333,41.353928,-6.8018513,-2.930426,70.0,25.0,90.0,41.582943,-7.14435,-2.637164,70.96148,25.379158,89.09135,0.5057231
0.075,41.353928,-6.8018513,-2.930426,70.0,25.0,90.0,41.582943,-7.14435,-2.637164,70.96148,25.379158,89.09135,0.5057231
0.07916666666666666,41.353928,-6.8018513,-2.930426,70.0,25.0,90.0,41.582943,-7.14435,-2.637164,70.96148,25.379158,89.09135,0.5057231
0.08333333333333333,41.353928,-6.8018513,-2.930426,70.0,25.0,90.0,41.582943,-7.14435,-2.637164,70.96148,25.379158,89.09135,0.5057231
0.0875,41.353928,-6.8018513,-2.930426,70.0,25.0,90.0,41.582943,-7.14435,-2.637164,70.96148,25.379158,89.09135,0.5057231
0.09166666666666666,41.353928,-6.8018513,-2.930426,70.0,25.0,90.0,41.582943,-7.14435,-2.637164,70.96148,25.379158,89.09135,0.5057231
0.09583333333333334,41.353928,-6.8018513,-2.930426,70.0,25.0,90.0,41.582943,-7.14435,-2.637164,70.96148,25.379158,89.09135,0.5057231
0.1,41.353928,-6.8018513,-2.930426,70.0,25.0,90.0,41.582943,-7.14435,-2.637164,70.96148,25.379158,89.09135,0.5057231
0.10416666666666667,41.353928,-6.8018513,-2.930426,70.0,25.0,90.0,41.582943,-7.14435,-2.637164,70.96148,25.379158,89.09135,0.5057231
0.10833333333333334,41.353928,-6.8018513,-2.930426,70.0,25.0,90.0,41.582943,-7.14435,-2.637164,70.96148,25.379158,89.09135,0.5057231
0.1125,41.353928,-6.8018513,-2.930426,70.0,25.0,90.0,41.582943,-7.14435,-2.637164,70.96148,25.379158,89.09135,0.5057231
0.11666666666666667,41.353928,-6.8018513,-2.930426,70.0,25.0,90.0,41.582943,-7.14435,-2.637164,70.96148,25.379158,89.09135,0.5057231
0.12083333333333333,41.353928,-6.8018513,-2.930426,70.0,25.0,90.0,41.582943,-7.144349,-2.637165,70.96148,25.379158,89.09135,0.505722
0.125,41.353928,-6.8018513,-2.930426,70.0,25.0,90.0,41.582943,-7.144349,-2.6371622,70.96148,25.379154,89.09135,0.5057236
0.12916666666666668,41.353928,-6.8018513,-2.930426,70.0,25.0,90.0,41.582943,-7.144347,-2.6371632,70.96148,25.379158,89.09135,0.50572175
0.13333333333333333,41.353928,-6.8018513,-2.930426,70.0,25.0,90.0,41.582943,-7.144347,-2.637167,70.96148,25.379154,89.09135,0.50571954
0.1375,41.353928,-6.8018513,-2.930426,70.0,25.0,90.0,41.582943,-7.144347,-2.637166,70.96148,25.379154,89.091354,0.50572014
0.14166666666666666,41.353928,-6.8018513,-2.930426,70.0,25.0,90.0,41.582943,-7.144349,-2.637167,70.96148,25.379154,89.091354,0.50572085
0.14583333333333334,41.353928,-6.8018513,-2.930426,70.0,25.0,90.0,41.582947,-7.144349,-2.637167,70.96148,25.379154,89.091354,0.5057226
0.15,41.353928,-6.8018513,-2.930426,70.0,25.0,90.0,41.582947,-7.144349,-2.637167,70.96148,25.37915,89.091354,0.5057226
0.15416666666666667,41.353928,-6.8018513,-2.930426,70.0,25.0,90.0,41.582947,-7.144346,-2.637165,70.96148,25.37915,89.091354,0.50572175
0.15833333333333333,41.353928,-6.8018513,-2.930426,70.0,25.0,90.0,41.58294,-7.144347,-2.637167,70.96148,25.37915,89.091354,0.5057178
0.1625,41.353928,-6.8018513,-2.930426,70.0,25.0,90.0,41.58294,-7.144349,-2.637167,70.96148,25.37915,89.091354,0.5057191
0.16666666666666666,41.353928,-6.8018513,-2.930426,70.0,25.0,90.0,41.58294,-7.144349,-2.637165,70.96148,25.379147,89.091354,0.50572026
0.17083333333333334,41.353928,-6.8018513,-2.930426,70.0,25.0,90.0,41.582943,-7.14435,-2.637165,70.96148,25.379143,89.09136,0.50572264
0.175,41.353928,-6.8018513,-2.930426,70.0,25.0,90.0,41.58294,-7.144346,-2.637166,70.96148,25.379147,89.09136,0.50571775
0.17916666666666667,41.353928,-6.8018513,-2.930426,70.0,25.0,90.0,41.58294,-7.144352,-2.637166,70.96148,25.379154,89.09136,0.5057216
0.18333333333333332,41.353928,-6.8018513,-2.930426,70.0,25.0,90.0,41.58294,-7.14435,-2.6371622,70.96149,25.37915,89.091354,0.5057225
0.1875,41.353928,-6.8018513,-2.930426,70.0,25.0,90.0,41.58294,-7.14435,-2.6371613,70.96148,25.379147,89.09136,0.50572306
0.19166666666666668,41.353928,-6.8018513,-2.930426,70.0,25.0,90.0,41.58294,-7.144349,-2.637167,70.96149,25.379147,89.091354,0.5057191
0.19583333333333333,41.353928,-6.8018513,-2.930426,70.0,25.0,90.0,41.58294,-7.144353,-2.637165,70.96148,25.37915,89.09136,0.5057228
0.2,41.353928,-6.8018513,-2.930426,70.0,25.0,90.0,41.582943,-7.14435,-2.637167,70.96148,25.37915,89.09136,0.5057215
0.20416666666666666,41.353928,-6.8018513,-2.930426,70.0,25.0,90.0,41.582943,-7.144352,-2.637165,70.96149,25.379154,89.09136,0.5057239
0.20833333333333334,41.353928,-6.8018513,-2.930426,70.0,25.0,90.0,41.582943,-7.144352,-2.637165,70.96148,25.379154,89.091354,0.5057239
0.2125,41.353928,-6.8018513,-2.930426,70.0,25.0,90.0,41.58294,-7.144349,-2.637164,70.96149,25.379154,89.091354,0.5057208
0.21666666666666667,41.353928,-6.8018513,-2.930426,70.0,25.0,90.0,41.58294,-7.144347,-2.637166,70.96149,25.379158,89.091354,0.50571835
0.22083333333333333,41.353928,-6.8018513,-2.930426,70.0,25.0,90.0,41.58294,-7.14435,-2.637167,70.96148,25.379158,89.091354,0.5057198
0.225,41.353928,-6.8018513,-2.930426,70.0,25.0,90.0,41.58294,-7.14435,-2.637167,70.96149,25.379158,89.091354,0.5057198
0.22916666666666666,41.353928,-6.8018513,-2.930426,70.0,25.0,90.0,41.58294,-7.144349,-2.637166,70.96149,25.379154,89.091354,0.50571966
0.23333333333333334,41.353928,-6.8018513,-2.930426,70.0,25.0,90.0,41.58294,-7.144347,-2.637165,70.96149,25.379158,89.091354,0.50571895
0.2375,41.353928,-6.8018513,-2.930426,70.0,25.0,90.0,41.582943,-7.144347,-2.637166,70.96149,25.379158,89.091354,0.50572014
0.24166666666666667,41.353928,-6.8018513,-2.930426,70.0,25.0,90.0,41.58294,-7.14435,-2.637166,70.96148,25.379158,89.091354,0.5057203
0.24583333333333332,41.353928,-6.8018513,-2.930426,70.0,25.0,90.0,41.582943,-7.144349,-2.637165,70.96149,25.379154,89.091354,0.505722
0.25,41.353928,-6.8018513,-2.930426,70.0,25.0,90.0,41.58294,-7.144349,-2.637165,70.96149,25.379158,89.091354,0.50572026
0.25416666666666665,41.353928,-6.8018513,-2.930426,70.0,25.0,90.0,41.582943,-7.144349,-2.637166,70.96148,25.379158,89.091354,0.5057214
0.25833333333333336,41.353928,-6.8018513,-2.930426,70.0,25.0,90.0,41.58294,-7.14435,-2.637165,70.96149,25.379158,89.091354,0.50572085
0.2625,41.353928,-6.8018513,-2.930426,70.0,25.0,90.0,41.58294,-7.14435,-2.637165,70.96149,25.379158,89.091354,0.50572085
0.26666666666666666,41.353928,-6.8018513,-2.930426,70.0,25.0,90.0,41.58294,-7.144352,-2.637166,70.96149,25.379158,89.091354,0.5057216
0.2708333333333333,41.353928,-6.8018513,-2.930426,70.0,25.0,90.0,41.58294,-7.144347,-2.637166,70.96149,25.379158,89.091354,0.50571835
0.275,41.353928,-6.8018513,-2.930426,70.0,25.0,90.0,41.582943,-7.14435,-2.637166,70.96149,25.379154,89.091354,0.50572205
0.2791666666666667,41.353928,-6.8018513,-2.930426,70.0,25.0,90.0,41.582943,-7.144349,-2.6371632,70.96149,25.379154,89.091354,0.50572306
0.2833333333333333,41.353928,-6.8018513,-2.930426,70.0,25.0,90.0,41.58294,-7.14435,-2.637164,70.96149,25.379158,89.091354,0.50572145
0.2875,41.353928,-6.8018513,-2.930426,70.0,25.0,90.0,41.582943,-7.144352,-2.6371698,70.96149,25.379158,89.091354,0.5057211
0.2916666666666667,41.353928,-6.8018513,-2.930426,70.0,25.0,90.0,41.58294,-7.144347,-2.6371632,70.96149,25.379154,89.091354,0.50572
0.29583333333333334,41.353928,-6.8018513,-2.930426,70.0,25.0,90.0,41.582943,-7.14435,-2.637166,70.96149,25.379154,89.09135,0.50572205
0.3,41.353928,-6.8018513,-2.930426,70.0,25.0,90.0,41.582943,-7.14435,-2.637166,70.96149,25.379158,89.09135,0.50572205
0.30416666666666664,41.353928,-6.8018513,-2.930426,70.0,25.0,90.0,41.582943,-7.144349,-2.6371698,70.96148,25.37915,89.09135,0.5057192
0.30833333333333335,41.353928,-6.8018513,-2.930426,70.0,25.0,90.0,41.582943,-7.144347,-2.637165,70.96148,25.379154,89.09135,0.5057207
0.3125,41.353928,-6.8018513,-2.930426,70.0,25.0,90.0,41.58294,-7.144346,-2.637166,70.96149,25.379154,89.09135,0.50571775
0.31666666666666665,41.353928,-6.8018513,-2.930426,70.0,25.0,90.0,41.58294,-7.144347,-2.637166,70.96148,25.379162,89.09135,0.50571835
0.32083333333333336,41.353928,-6.8018513,-2.930426,70.0,25.0,90.0,41.582947,-7.144347,-2.637166,70.96148,25.37915,89.09135,0.5057218
0.325,41.353928,-6.8018513,-2.930426,70.0,25.0,90.0,41.582943,-7.14435,-2.637166,70.96148,25.379147,89.09135,0.50572205
0.32916666666666666,41.353928,-6.8018513,-2.930426,70.0,25.0,90.0,41.582947,-7.14435,-2.637165,70.96149,25.379154,89.09135,0.5057243
0.3333333333333333,41.353928,-6.8018513,-2.930426,70.0,25.0,90.0,41.582947,-7.144346,-2.637166,70.96149,25.379158,89.09135,0.50572115
0.3375,41.353928,-6.8018513,-2.930426,70.0,25.0,90.0,41.582943,-7.144349,-2.637167,70.96148,25.379154,89.09135,0.50572085
0.3416666666666667,41.353928,-6.8018513,-2.930426,70.0,25.0,90.0,41.582947,-7.144349,-2.637166,70.96148,25.379158,89.09135,0.5057231
0.3458333333333333,41.353928,-6.8018513,-2.930426,70.0,25.0,90.0,41.582943,-7.14435,-2.637166,70.96148,25.379154,89.09135,0.50572205
0.35,41.353928,-6.8018513,-2.930426,70.0,25.0,90.0,41.582943,-7.14435,-2.637169,70.96148,25.379158,89.091354,0.5057204
0.3541666666666667,41.353928,-6.8018513,-2.930426,70.0,25.0,90.0,41.582943,-7.144349,-2.637166,70.96148,25.379154,89.09135,0.5057214
0.35833333333333334,41.353928,-6.8018513,-2.930426,70.0,25.0,90.0,41.582943,-7.14435,-2.637167,70.96148,25.379154,89.09135,0.5057215
0.3625,41.353928,-6.8018513,-2.930426,70.0,25.0,90.0,41.582947,-7.144349,-2.637167,70.96148,25.379158,89.091354,0.5057226
0.36666666666666664,41.353928,-6.8018513,-2.930426,70.0,25.0,90.0,41.582947,-7.144349,-2.637167,70.96148,25.379158,89.091354,0.5057226
0.37083333333333335,41.353928,-6.8018513,-2.930426,70.0,25.0,90.0,41.582947,-7.144349,-2.637167,70.96148,25.379158,89.091354,0.5057226
0.375,41.353928,-6.8018513,-2.930426,70.0,25.0,90.0,41.582947,-7.144349,-2.637167,70.96148,25.379158,89.091354,0.5057226
0.37916666666666665,41.353928,-6.8018513,-2.930426,70.0,25.0,90.0,41.582947,-7.144349,-2.637167,70.96148,25.379158,89.091354,0.5057226
0.38333333333333336,41.353928,-6.8018513,-2.930426,70.0,25.0,90.0,41.582947,-7.144349,-2.637167,70.96148,25.379158,89.091354,0.5057226
0.3875,41.353928,-6.8018513,-2.930426,70.0,25.0,90.0,41.582947,-7.144349,-2.637167,70.96148,25.379158,89.091354,0.5057226
0.39166666666666666,41.353928,-6.8018513,-2.930426,70.0,25.0,90.0,41.582947,-7.144349,-2.637167,70.96148,25.379158,89.091354,0.5057226
0.3958333333333333,41.353928,-6.8018513,-2.930426,70.0,25.0,90.0,41.582947,-7.144349,-2.637167,70.96148,25.379158,89.091354,0.5057226
0.4,41.353928,-6.8018513,-2.930426,70.0,25.0,90.0,41.582947,-7.144349,-2.637167,70.96148,25.379158,89.091354,0.5057226
0.4041666666666667,41.353928,-6.8018513,-2.930426,70.0,25.0,90.0,41.582947,-7.144349,-2.637167,70.96148,25.379158,89.091354,0.5057226
0.4083333333333333,41.353928,-6.8018513,-2.930426,70.0,25.0,90.0,41.582947,-7.144349,-2.637167,70.96148,25.379158,89.091354,0.5057226
0.4125,41.353928,-6.8018513,-2.930426,70.0,25.0,90.0,41.582947,-7.144349,-2.637167,70.96148,25.379158,89.091354,0.5057226
0.4166666666666667,41.353928,-6.8018513,-2.930426,70.0,25.0,90.0,41.582947,-7.144349,-2.637167,70.96148,25.379158,89.091354,0.5057226
0.42083333333333334,41.353928,-6.8018513,-2.930426,70.0,25.0,90.0,41.582947,-7.144349,-2.637167,70.96148,25.379158,89.091354,0.5057226
0.425,41.353928,-6.8018513,-2.930426,70.0,25.0,90.0,41.582947,-7.144349,-2.637167,70.96148,25.379158,89.091354,0.5057226
0.42916666666666664,41.353928,-6.8018513,-2.930426,70.0,25.0,90.0,41.582947,-7.144349,-2.637167,70.96148,25.379158,89.091354,0.5057226
0.43333333333333335,41.353928,-6.8018513,-2.930426,70.0,25.0,90.0,41.582947,-7.144349,-2.637167,70.96148,25.379158,89.091354,0.5057226
0.4375,41.353928,-6.8018513,-2.930426,70.0,25.0,90.0,41.582947,-7.144349,-2.637167,70.96148,25.379158,89.091354,0.5057226
0.44166666666666665,41.353928,-6.8018513,-2.930426,70.0,25.0,90.0,41.582947,-7.144349,-2.637167,70.96148,25.379158,89.091354,0.5057226
0.44583333333333336,41.353928,-6.8018513,-2.930426,70.0,25.0,90.0,41.582947,-7.144349,-2.637167,70.96148,25.379158,89.091354,0.5057226
0.45,41.353928,-6.8018513,-2.930426,70.0,25.0,90.0,41.582947,-7.144349,-2.637167,70.96148,25.379158,89.091354,0.5057226
0.45416666666666666,41.353928,-6.8018513,-2.930426,70.0,25.0,90.0,41.582947,-7.144349,-2.637167,70.96148,25.379158,89.091354,0.5057226
0.4583333333333333,41.353928,-6.8018513,-2.930426,70.0,25.0,90.0,41.582947,-7.144349,-2.637167,70.96148,25.379158,89.091354,0.5057226
0.4625,41.353928,-6.8018513,-2.930426,70.0,25.0,90.0,41.582947,-7.144349,-2.637167,70.96148,25.379158,89.091354,0.5057226
0.4666666666666667,41.353928,-6.8018513,-2.930426,70.0,25.0,90.0,41.582947,-7.144349,-2.637167,70.96148,25.379158,89.091354,0.5057226
0.4708333333333333,41.353928,-6.8018513,-2.930426,70.0,25.0,90.0,41.582947,-7.144349,-2.637167,70.96148,25.379158,89.091354,0.5057226
0.475,41.353928,-6.8018513,-2.930426,70.0,25.0,90.0,41.582947,-7.144349,-2.637167,70.96148,25.379158,89.091354,0.5057226
0.4791666666666667,41.353928,-6.8018513,-2.930426,70.0,25.0,90.0,41.582947,-7.144349,-2.637167,70.96148,25.379158,89.091354,0.5057226
0.48333333333333334,41.353928,-6.8018513,-2.930426,70.0,25.0,90.0,41.582947,-7.144349,-2.637167,70.96148,25.379158,89.091354,0.5057226
0.4875,41.353928,-6.8018513,-2.930426,70.0,25.0,90.0,41.582947,-7.144349,-2.637167,70.96148,25.379158,89.091354,0.5057226
0.49166666666666664,41.353928,-6.8018513,-2.930426,70.0,25.0,90.0,41.582947,-7.144349,-2.637167,70.96148,25.379158,89.091354,0.5057226
0.49583333333333335,41.353928,-6.8018513,-2.930426,70.0,25.0,90.0,41.582947,-7.144349,-2.637167,70.96148,25.379158,89.091354,0.5057226
0.5,41.353928,-6.8018513,-2.930426,70.0,25.0,90.0,41.582947,-7.144349,-2.637167,70.96148,25.379158,89.091354,0.5057226
0.5041666666666667,41.353928,-6.8018513,-2.930426,70.0,25.0,90.0,41.582947,-7.144349,-2.637167,70.96148,25.379158,89.091354,0.5057226
0.5083333333333333,41.353928,-6.8018513,-2.930426,70.0,25.0,90.0,41.582947,-7.144349,-2.637167,70.96148,25.379158,89.091354,0.5057226
0.5125,41.353928,-6.8018513,-2.930426,70.0,25.0,90.0,41.582947,-7.144349,-2.637167,70.96148,25.379158,89.091354,0.5057226
0.5166666666666667,41.353928,-6.8018513,-2.930426,70.0,25.0,90.0,41.582947,-7.144349,-2.637166,70.96148,25.379158,89.09135,0.5057231
0.5208333333333334,41.353928,-6.8018513,-2.930426,70.0,25.0,90.0,41.582947,-7.144347,-2.637167,70.96148,25.379154,89.091354,0.5057213
0.525,41.353928,-6.8018513,-2.930426,70.0,25.0,90.0,41.582943,-7.144347,-2.637169,70.96148,25.379158,89.09135,0.5057184
0.5291666666666667,41.353928,-6.8018513,-2.930426,70.0,25.0,90.0,41.582947,-7.144347,-2.637167,70.96148,25.37915,89.091354,0.5057213
0.5333333333333333,41.353928,-6.8018513,-2.930426,70.0,25.0,90.0,41.58294,-7.144349,-2.637167,70.96149,25.37915,89.091354,0.5057191
0.5375,41.353928,-6.8018513,-2.930426,70.0,25.0,90.0,41.582943,-7.144347,-2.637169,70.96149,25.37915,89.091354,0.5057184
0.5416666666666666,41.353928,-6.8018513,-2.930426,70.0,25.0,90.0,41.582943,-7.144347,-2.637166,70.96148,25.379158,89.091354,0.50572014
0.5458333333333333,41.353928,-6.8018513,-2.930426,70.0,25.0,90.0,41.58294,-7.144346,-2.637167,70.96147,25.379147,89.091354,0.5057172
0.55,41.353928,-6.8018513,-2.930426,70.0,25.0,90.0,41.582943,-7.1443443,-2.637164,70.96148,25.37915,89.091354,0.5057193
0.5541666666666667,41.353928,-6.8018513,-2.930426,70.0,25.0,90.0,41.582943,-7.144349,-2.637164,70.96147,25.379147,89.091354,0.5057225
0.5583333333333333,41.353928,-6.8018513,-2.930426,70.0,25.0,90.0,41.582943,-7.14435,-2.6371708,70.96148,25.37915,89.091354,0.5057193
0.5625,41.353928,-6.8018513,-2.930426,70.0,25.0,90.0,41.582943,-7.144349,-2.637164,70.96148,25.379147,89.09136,0.5057225
0.5666666666666667,41.353928,-6.8018513,-2.930426,70.0,25.0,90.0,41.58294,-7.144349,-2.637164,70.96148,25.379147,89.09136,0.5057208
0.5708333333333333,41.353928,-6.8018513,-2.930426,70.0,25.0,90.0,41.58294,-7.144349,-2.637165,70.96148,25.37915,89.09136,0.50572026
0.575,41.353928,-6.8018513,-2.930426,70.0,25.0,90.0,41.58294,-7.144349,-2.637169,70.96148,25.37915,89.09136,0.505718
0.5791666666666667,41.353928,-6.8018513,-2.930426,70.0,25.0,90.0,41.58294,-7.144349,-2.6371622,70.96149,25.37915,89.09136,0.50572187
0.5833333333333334,41.353928,-6.8018513,-2.930426,70.0,25.0,90.0,41.582943,-7.144347,-2.6371622,70.96149,25.37915,89.09136,0.50572234
0.5875,41.353928,-6.8018513,-2.930426,70.0,25.0,90.0,41.582943,-7.14435,-2.6371698,70.96149,25.37915,89.09136,0.50571984
0.5916666666666667,41.353928,-6.8018513,-2.930426,70.0,25.0,90.0,41.58294,-7.14435,-2.637164,70.96149,25.37915,89.091354,0.50572145
0.5958333333333333,41.353928,-6.8018513,-2.930426,70.0,25.0,90.0,41.58294,-7.144349,-2.637166,70.96149,25.37915,89.09136,0.50571966
0.6,41.353928,-6.8018513,-2.930426,70.0,25.0,90.0,41.58294,-7.144349,-2.637164,70.96148,25.379158,89.091354,0.5057208
0.6041666666666666,41.353928,-6.8018513,-2.930426,70.0,25.0,90.0,41.58294,-7.14435,-2.637166,70.96148,25.379154,89.091354,0.5057203
0.6083333333333333,41.353928,-6.8018513,-2.930426,70.0,25.0,90.0,41.58294,-7.144346,-2.637167,70.96148,25.379154,89.09136,0.5057172
0.6125,41.353928,-6.8018513,-2.930426,70.0,25.0,90.0,41.58294,-7.14435,-2.637167,70.96148,25.379158,89.091354,0.5057198
0.6166666666666667,41.353928,-6.8018513,-2.930426,70.0,25.0,90.0,41.58294,-7.14435,-2.637166,70.96149,25.379154,89.091354,0.5057203
0.6208333333333333,41.353928,-6.8018513,-2.930426,70.0,25.0,90.0,41.58294,-7.14435,-2.637166,70.96149,25.379154,89.091354,0.5057203
0.625,41.353928,-6.8018513,-2.930426,70.0,25.0,90.0,41.582943,-7.14435,-2.637166,70.96149,25.379154,89.091354,0.50572205
0.6291666666666667,41.353928,-6.8018513,-2.930426,70.0,25.0,90.0,41.58294,-7.144349,-2.637164,70.96149,25.379158,89.091354,0.5057208
0.6333333333333333,41.353928,-6.8018513,-2.930426,70.0,25.0,90.0,41.58294,-7.144349,-2.637166,70.96149,25.379158,89.09136,0.50571966
0.6375,41.353928,-6.8018513,-2.930426,70.0,25.0,90.0,41.58294,-7.14435,-2.637166,70.96149,25.379158,89.09136,0.5057203
0.6416666666666667,41.353928,-6.8018513,-2.930426,70.0,25.0,90.0,41.58294,-7.144349,-2.637165,70.96149,25.379158,89.091354,0.50572026
0.6458333333333334,41.353928,-6.8018513,-2.930426,70.0,25.0,90.0,41.58294,-7.144349,-2.637164,70.96149,25.379158,89.09136,0.5057208
0.65,41.353928,-6.8018513,-2.930426,70.0,25.0,90.0,41.58294,-7.144349,-2.637167,70.96149,25.379154,89.091354,0.5057191
0.6541666666666667,41.353928,-6.8018513,-2.930426,70.0,25.0,90.0,41.58294,-7.144349,-2.637164,70.96149,25.379154,89.091354,0.5057208
0.6583333333333333,41.353928,-6.8018513,-2.930426,70.0,25.0,90.0,41.58294,-7.144349,-2.637166,70.96149,25.379158,89.091354,0.50571966
0.6625,41.353928,-6.8018513,-2.930426,70.0,25.0,90.0,41.58294,-7.144349,-2.637167,70.96149,25.379158,89.091354,0.5057191
0.6666666666666666,41.353928,-6.8018513,-2.930426,70.0,25.0,90.0,41.58294,-7.144349,-2.637165,70.96149,25.379154,89.091354,0.50572026
0.6708333333333333,41.353928,-6.8018513,-2.930426,70.0,25.0,90.0,41.58294,-7.144349,-2.637167,70.961494,25.379154,89.091354,0.5057191
0.675,41.353928,-6.8018513,-2.930426,70.0,25.0,90.0,41.582943,-7.144349,-2.637164,70.96149,25.379154,89.091354,0.5057225
0.6791666666666667,41.353928,-6.8018513,-2.930426,70.0,25.0,90.0,41.58294,-7.144353,-2.6371632,70.96149,25.379158,89.091354,0.5057239
0.6833333333333333,41.353928,-6.8018513,-2.930426,70.0,25.0,90.0,41.58294,-7.144347,-2.637165,70.96149,25.379154,89.091354,0.50571895
0.6875,41.353928,-6.8018513,-2.930426,70.0,25.0,90.0,41.582943,-7.14435,-2.637164,70.96149,25.379158,89.09135,0.5057231
0.6916666666666667,41.353928,-6.8018513,-2.930426,70.0,25.0,90.0,41.58294,-7.144349,-2.637165,70.96148,25.379158,89.09135,0.50572026
0.6958333333333333,41.353928,-6.8018513,-2.930426,70.0,25.0,90.0,41.582943,-7.144347,-2.637164,70.96148,25.379154,89.09135,0.5057212
0.7,41.353928,-6.8018513,-2.930426,70.0,25.0,90.0,41.582943,-7.144352,-2.637164,70.96149,25.379154,89.09135,0.50572443
0.7041666666666667,41.353928,-6.8018513,-2.930426,70.0,25.0,90.0,41.582943,-7.14435,-2.637165,70.96148,25.379158,89.09135,0.50572264
0.7083333333333334,41.353928,-6.8018513,-2.930426,70.0,25.0,90.0,41.58294,-7.144349,-2.637166,70.96149,25.379154,89.09135,0.50571966
0.7125,41.353928,-6.8018513,-2.930426,70.0,25.0,90.0,41.582943,-7.144349,-2.637166,70.96148,25.379158,89.09135,0.5057214
0.7166666666666667,41.353928,-6.8018513,-2.930426,70.0,25.0,90.0,41.582943,-7.144347,-2.637164,70.96148,25.379147,89.09135,0.5057212
0.7208333333333333,41.353928,-6.8018513,-2.930426,70.0,25.0,90.0,41.582943,-7.144349,-2.637165,70.96149,25.379147,89.091354,0.505722
0.725,41.353928,-6.8018513,-2.930426,70.0,25.0,90.0,41.582947,-7.144352,-2.637167,70.96149,25.379147,89.09135,0.5057245
0.7291666666666666,41.353928,-6.8018513,-2.930426,70.0,25.0,90.0,41.582943,-7.144349,-2.637166,70.96148,25.37915,89.09135,0.5057214
0.7333333333333333,41.353928,-6.8018513,-2.930426,70.0,25.0,90.0,41.582943,-7.14435,-2.637165,70.96149,25.379154,89.09135,0.50572264
0.7375,41.353928,-6.8018513,-2.930426,70.0,25.0,90.0,41.582943,-7.14435,-2.637166,70.96148,25.37915,89.09135,0.50572205
0.7416666666666667,41.353928,-6.8018513,-2.930426,70.0,25.0,90.0,41.582943,-7.14435,-2.637166,70.96148,25.379158,89.09135,0.50572205
0.7458333333333333,41.353928,-6.8018513,-2.930426,70.0,25.0,90.0,41.582943,-7.14435,-2.637164,70.96148,25.379154,89.091354,0.5057231
0.75,41.353928,-6.8018513,-2.930426,70.0,25.0,90.0,41.582947,-7.14435,-2.637166,70.96149,25.37915,89.091354,0.5057238
0.7541666666666667,41.353928,-6.8018513,-2.930426,70.0,25.0,90.0,41.582943,-7.144347,-2.637167,70.96148,25.37915,89.091354,0.50571954
0.7583333333333333,41.353928,-6.8018513,-2.930426,70.0,25.0,90.0,41.582943,-7.144347,-2.637165,70.96148,25.379154,89.09135,0.5057207
0.7625,41.353928,-6.8018513,-2.930426,70.0,25.0,90.0,41.582943,-7.144347,-2.637165,70.96148,25.379154,89.09135,0.5057207
0.7666666666666667,41.353928,-6.8018513,-2.930426,70.0,25.0,90.0,41.582943,-7.144347,-2.637165,70.96148,25.379154,89.09135,0.5057207
0.7708333333333334,41.353928,-6.8018513,-2.930426,70.0,25.0,90.0,41.582943,-7.144347,-2.637165,70.96148,25.379154,89.09135,0.5057207
0.775,41.353928,-6.8018513,-2.930426,70.0,25.0,90.0,41.582943,-7.144347,-2.637165,70.96148,25.379154,89.09135,0.5057207
0.7791666666666667,41.353928,-6.8018513,-2.930426,70.0,25.0,90.0,41.582943,-7.144347,-2.637165,70.96148,25.379154,89.09135,0.5057207
0.7833333333333333,41.353928,-6.8018513,-2.930426,70.0,25.0,90.0,41.582943,-7.144347,-2.637165,70.96148,25.379154,89.09135,0.5057207
0.7875,41.353928,-6.8018513,-2.930426,70.0,25.0,90.0,41.582943,-7.144347,-2.637165,70.96148,25.379154,89.09135,0.5057207
0.7916666666666666,41.353928,-6.8018513,-2.930426,70.0,25.0,90.0,41.582943,-7.144347,-2.637165,70.96148,25.379154,89.09135,0.5057207
0.7958333333333333,41.353928,-6.8018513,-2.930426,70.0,25.0,90.0,41.582943,-7.144347,-2.637165,70.96148,25.379154,89.09135,0.5057207
0.8,41.353928,-6.8018513,-2.930426,70.0,25.0,90.0,41.582943,-7.144347,-2.637165,70.96148,25.379154,89.09135,0.5057207
0.8041666666666667,41.353928,-6.8018513,-2.930426,70.0,25.0,90.0,41.582943,-7.144347,-2.637165,70.96148,25.379154,89.09135,0.5057207
0.8083333333333333,41.353928,-6.8018513,-2.930426,70.0,25.0,90.0,41.582943,-7.144347,-2.637165,70.96148,25.379154,89.09135,0.5057207
0.8125,41.353928,-6.8018513,-2.930426,70.0,25.0,90.0,41.582943,-7.144347,-2.637165,70.96148,25.379154,89.09135,0.5057207
0.8166666666666667,41.353928,-6.8018513,-2.930426,70.0,25.0,90.0,41.582943,-7.144347,-2.637165,70.96148,25.379154,89.09135,0.5057207
0.8208333333333333,41.353928,-6.8018513,-2.930426,70.0,25.0,90.0,41.582943,-7.144347,-2.637165,70.96148,25.379154,89.09135,0.5057207
0.825,41.353928,-6.8018513,-2.930426,70.0,25.0,90.0,41.582943,-7.144347,-2.637165,70.96148,25.379154,89.09135,0.5057207
0.8291666666666667,41.353928,-6.8018513,-2.930426,70.0,25.0,90.0,41.582943,-7.144347,-2.637165,70.96148,25.379154,89.09135,0.5057207
0.8333333333333334,41.353928,-6.8018513,-2.930426,70.0,25.0,90.0,41.582943,-7.144347,-2.637165,70.96148,25.379154,89.09135,0.5057207
0.8375,41.353928,-6.8018513,-2.930426,70.0,25.0,90.0,41.582943,-7.144347,-2.637165,70.96148,25.379154,89.09135,0.5057207
0.8416666666666667,41.353928,-6.8018513,-2.930426,70.0,25.0,90.0,41.582943,-7.144347,-2.637165,70.96148,25.379154,89.09135,0.5057207
0.8458333333333333,41.353928,-6.8018513,-2.930426,70.0,25.0,90.0,41.582943,-7.144347,-2.637165,70.96148,25.379154,89.09135,0.5057207
0.85,41.353928,-6.8018513,-2.930426,70.0,25.0,90.0,41.582943,-7.144347,-2.637165,70.96148,25.379154,89.09135,0.5057207
0.8541666666666666,41.353928,-6.8018513,-2.930426,70.0,25.0,90.0,41.582943,-7.144347,-2.637165,70.96148,25.379154,89.09135,0.5057207
0.8583333333333333,41.353928,-6.8018513,-2.930426,70.0,25.0,90.0,41.582943,-7.144347,-2.637165,70.96148,25.379154,89.09135,0.5057207
0.8625,41.353928,-6.8018513,-2.930426,70.0,25.0,90.0,41.582943,-7.144347,-2.637165,70.96148,25.379154,89.09135,0.5057207
0.8666666666666667,41.353928,-6.8018513,-2.930426,70.0,25.0,90.0,41.582943,-7.144347,-2.637165,70.96148,25.379154,89.09135,0.5057207
0.8708333333333333,41.353928,-6.8018513,-2.930426,70.0,25.0,90.0,41.582943,-7.144347,-2.637165,70.96148,25.379154,89.09135,0.5057207
0.875,41.353928,-6.8018513,-2.930426,70.0,25.0,90.0,41.582943,-7.144347,-2.637165,70.96148,25.379154,89.09135,0.5057207
0.8791666666666667,41.353928,-6.8018513,-2.930426,70.0,25.0,90.0,41.582943,-7.144347,-2.637165,70.96148,25.379154,89.09135,0.5057207
0.8833333333333333,41.353928,-6.8018513,-2.930426,70.0,25.0,90.0,41.582943,-7.144347,-2.637165,70.96148,25.379154,89.09135,0.5057207
0.8875,41.353928,-6.8018513,-2.930426,70.0,25.0,90.0,41.582943,-7.144347,-2.637165,70.96148,25.379154,89.09135,0.5057207
0.8916666666666667,41.353928,-6.8018513,-2.930426,70.0,25.0,90.0,41.582943,-7.144347,-2.637165,70.96148,25.379154,89.09135,0.5057207
0.8958333333333334,41.353928,-6.8018513,-2.930426,70.0,25.0,90.0,41.582943,-7.144347,-2.637165,70.96148,25.379154,89.09135,0.5057207
0.9,41.353928,-6.8018513,-2.930426,70.0,25.0,90.0,41.582943,-7.144347,-2.637165,70.96148,25.379154,89.09135,0.5057207
0.9041666666666667,41.353928,-6.8018513,-2.930426,70.0,25.0,90.0,41.582943,-7.144347,-2.637165,70.96148,25.379154,89.09135,0.5057207
0.9083333333333333,41.353928,-6.8018513,-2.930426,70.0,25.0,90.0,41.582943,-7.144347,-2.637165,70.96148,25.379154,89.09135,0.5057207
0.9125,41.353928,-6.8018513,-2.930426,70.0,25.0,90.0,41.582943,-7.144347,-2.637165,70.96148,25.379154,89.091354,0.5057207
0.9166666666666666,41.353928,-6.8018513,-2.930426,70.0,25.0,90.0,41.582947,-7.144347,-2.637166,70.96148,25.379154,89.091354,0.5057218
0.9208333333333333,41.353928,-6.8018513,-2.930426,70.0,25.0,90.0,41.582943,-7.144347,-2.637166,70.96148,25.379154,89.091354,0.50572014
0.925,41.353928,-6.8018513,-2.930426,70.0,25.0,90.0,41.582947,-7.144349,-2.637164,70.96148,25.379154,89.091354,0.50572425
0.9291666666666667,41.353928,-6.8018513,-2.930426,70.0,25.0,90.0,41.58294,-7.144346,-2.637166,70.96148,25.37915,89.091354,0.50571775
0.9333333333333333,41.353928,-6.8018513,-2.930426,70.0,25.0,90.0,41.582947,-7.1443443,-2.637167,70.96148,25.379154,89.091354,0.50571936
0.9375,41.353928,-6.8018513,-2.930426,70.0,25.0,90.0,41.58294,-7.144347,-2.637167,70.96148,25.37915,89.091354,0.5057178
0.9416666666666667,41.353928,-6.8018513,-2.930426,70.0,25.0,90.0,41.582947,-7.144349,-2.637165,70.96148,25.379147,89.091354,0.50572366
0.9458333333333333,41.353928,-6.8018513,-2.930426,70.0,25.0,90.0,41.582943,-7.144347,-2.637164,70.96148,25.37915,89.091354,0.5057212
0.95,41.353928,-6.8018513,-2.930426,70.0,25.0,90.0,41.582943,-7.14435,-2.637165,70.96147,25.37915,89.091354,0.50572264
0.9541666666666667,41.353928,-6.8018513,-2.930426,70.0,25.0,90.0,41.58294,-7.144349,-2.637165,70.96148,25.379147,89.091354,0.50572026
0.9583333333333334,41.353928,-6.8018513,-2.930426,70.0,25.0,90.0,41.58294,-7.144349,-2.6371632,70.96148,25.379147,89.091354,0.50572133
0.9625,41.353928,-6.8018513,-2.930426,70.0,25.0,90.0,41.58294,-7.144349,-2.637164,70.96148,25.379147,89.09136,0.5057208
0.9666666666666667,41.353928,-6.8018513,-2.930426,70.0,25.0,90.0,41.58294,-7.144347,-2.637166,70.96148,25.37915,89.09136,0.50571835
0.9708333333333333,41.353928,-6.8018513,-2.930426,70.0,25.0,90.0,41.58294,-7.14435,-2.637167,70.96148,25.379154,89.09136,0.5057198
0.975,41.353928,-6.8018513,-2.930426,70.0,25.0,90.0,41.58294,-7.144349,-2.6371622,70.96149,25.37915,89.09136,0.50572187
0.9791666666666666,41.353928,-6.8018513,-2.930426,70.0,25.0,90.0,41.58294,-7.144349,-2.6371613,70.96148,25.37915,89.09136,0.50572246
0.9833333333333333,41.353928,-6.8018513,-2.930426,70.0,25.0,90.0,41.58294,-7.144349,-2.637167,70.96149,25.37915,89.091354,0.5057191
0.9875,41.353928,-6.8018513,-2.930426,70.0,25.0,90.0,41.58294,-7.144349,-2.637165,70.96148,25.37915,89.09136,0.50572026
0.9916666666666667,41.353928,-6.8018513,-2.930426,70.0,25.0,90.0,41.58294,-7.144349,-2.637166,70.96149,25.37915,89.09136,0.50571966
0.9958333333333333,41.353928,-6.8018513,-2.930426,70.0,25.0,90.0,41.58294,-7.144352,-2.637166,70.96148,25.379154,89.091354,0.5057216
1.0,41.353928,-6.8018513,-2.930426,70.0,25.0,90.0,41.58294,-7.14435,-2.637166,70.96149,25.379154,89.091354,0.5057203
1.0041666666666667,41.353928,-6.8018513,-2.930426,70.0,25.0,90.0,41.58294,-7.144347,-2.637164,70.96148,25.379154,89.091354,0.5057195
1.0083333333333333,41.353928,-6.8018513,-2.930426,70.0,25.0,90.0,41.58294,-7.144349,-2.637169,70.96149,25.379158,89.091354,0.505718
1.0125,41.353928,-6.8018513,-2.930426,70.0,25.0,90.0,41.58294,-7.144349,-2.637164,70.96149,25.379158,89.091354,0.5057208
1.0166666666666666,41.353928,-6.8018513,-2.930426,70.0,25.0,90.0,41.58294,-7.144349,-2.637164,70.96149,25.379154,89.091354,0.5057208
1.0208333333333333,41.353928,-6.8018513,-2.930426,70.0,25.0,90.0,41.58294,-7.144349,-2.637165,70.96149,25.379158,89.091354,0.50572026
1.025,41.353928,-6.8018513,-2.930426,70.0,25.0,90.0,41.58294,-7.144349,-2.637165,70.96149,25.379158,89.091354,0.50572026
1.0291666666666666,41.353928,-6.8018513,-2.930426,70.0,25.0,90.0,41.58294,-7.144349,-2.637165,70.96149,25.379158,89.091354,0.50572026
1.0333333333333334,41.353928,-6.8018513,-2.930426,70.0,25.0,90.0,41.58294,-7.144349,-2.637165,70.96149,25.379158,89.091354,0.50572026
1.0375,41.353928,-6.8018513,-2.930426,70.0,25.0,90.0,41.58294,-7.144349,-2.637165,70.96149,25.379158,89.091354,0.50572026
1.0416666666666667,41.353928,-6.8018513,-2.930426,70.0,25.0,90.0,41.58294,-7.144346,-2.6371632,70.96149,25.379158,89.091354,0.50571936
1.0458333333333334,41.353928,-6.8018513,-2.930426,70.0,25.0,90.0,41.58294,-7.144347,-2.637165,70.96149,25.379158,89.091354,0.50571895
1.05,41.353928,-6.8018513,-2.930426,70.0,25.0,90.0,41.58294,-7.144349,-2.637164,70.96149,25.379158,89.091354,0.5057208
1.0541666666666667,41.353928,-6.8018513,-2.930426,70.0,25.0,90.0,41.58294,-7.14435,-2.637166,70.96149,25.379154,89.091354,0.5057203
1.0583333333333333,41.353928,-6.8018513,-2.930426,70.0,25.0,90.0,41.58294,-7.144347,-2.637166,70.96149,25.379158,89.091354,0.50571835
1.0625,41.353928,-6.8018513,-2.930426,70.0,25.0,90.0,41.58294,-7.14435,-2.6371632,70.96149,25.379158,89.091354,0.505722
1.0666666666666667,41.353928,-6.8018513,-2.930426,70.0,25.0,90.0,41.58294,-7.14435,-2.637167,70.96149,25.379154,89.091354,0.5057198
1.0708333333333333,41.353928,-6.8018513,-2.930426,70.0,25.0,90.0,41.582943,-7.144349,-2.637164,70.96149,25.379158,89.091354,0.5057225
1.075,41.353928,-6.8018513,-2.930426,70.0,25.0,90.0,41.58294,-7.144353,-2.637166,70.96149,25.379158,89.091354,0.5057223
1.0791666666666666,41.353928,-6.8018513,-2.930426,70.0,25.0,90.0,41.58294,-7.144347,-2.637165,70.96149,25.379154,89.091354,0.50571895
1.0833333333333333,41.353928,-6.8018513,-2.930426,70.0,25.0,90.0,41.582943,-7.14435,-2.637164,70.96149,25.379158,89.09135,0.5057231
1.0875,41.353928,-6.8018513,-2.930426,70.0,25.0,90.0,41.58294,-7.144349,-2.637165,70.96148,25.379158,89.09135,0.50572026
1.0916666666666666,41.353928,-6.8018513,-2.930426,70.0,25.0,90.0,41.582943,-7.144347,-2.637164,70.96148,25.379154,89.09135,0.5057212
1.0958333333333334,41.353928,-6.8018513,-2.930426,70.0,25.0,90.0,41.582943,-7.144352,-2.637164,70.96149,25.379154,89.09135,0.50572443
1.1,41.353928,-6.8018513,-2.930426,70.0,25.0,90.0,41.582943,-7.14435,-2.637165,70.96148,25.379158,89.09135,0.50572264
1.1041666666666667,41.353928,-6.8018513,-2.930426,70.0,25.0,90.0,41.58294,-7.144349,-2.637166,70.96149,25.379154,89.09135,0.50571966
1.1083333333333334,41.353928,-6.8018513,-2.930426,70.0,25.0,90.0,41.582943,-7.144349,-2.637166,70.96148,25.379158,89.09135,0.5057214
1.1125,41.353928,-6.8018513,-2.930426,70.0,25.0,90.0,41.582943,-7.144347,-2.637164,70.96148,25.379147,89.09135,0.5057212
1.1166666666666667,41.353928,-6.8018513,-2.930426,70.0,25.0,90.0,41.582943,-7.144349,-2.637165,70.96149,25.379147,89.091354,0.505722
1.1208333333333333,41.353928,-6.8018513,-2.930426,70.0,25.0,90.0,41.582947,-7.144352,-2.637167,70.96149,25.379147,89.09135,0.5057245
1.125,41.353928,-6.8018513,-2.930426,70.0,25.0,90.0,41.582943,-7.144349,-2.637166,70.96148,25.37915,89.09135,0.5057214
1.1291666666666667,41.353928,-6.8018513,-2.930426,70.0,25.0,90.0,41.582943,-7.14435,-2.637165,70.96149,25.379154,89.09135,0.50572264
1.1333333333333333,41.353928,-6.8018513,-2.930426,70.0,25.0,90.0,41.582943,-7.14435,-2.637166,70.96148,25.37915,89.09135,0.50572205
1.1375,41.353928,-6.8018513,-2.930426,70.0,25.0,90.0,41.582943,-7.14435,-2.637166,70.96148,25.379158,89.09135,0.50572205
1.1416666666666666,41.353928,-6.8018513,-2.930426,70.0,25.0,90.0,41.582943,-7.14435,-2.637164,70.96148,25.379154,89.091354,0.5057231
1.1458333333333333,41.353928,-6.8018513,-2.930426,70.0,25.0,90.0,41.582947,-7.14435,-2.637166,70.96149,25.37915,89.091354,0.5057238
1.15,41.353928,-6.8018513,-2.930426,70.0,25.0,90.0,41.582943,-7.144347,-2.637167,70.96148,25.37915,89.091354,0.50571954
1.1541666666666666,41.353928,-6.8018513,-2.930426,70.0,25.0,90.0,41.582943,-7.144347,-2.637165,70.96148,25.379154,89.09135,0.5057207
1.1583333333333334,41.353928,-6.8018513,-2.930426,70.0,25.0,90.0,41.582943,-7.144347,-2.637165,70.96148,25.379154,89.09135,0.5057207
1.1625,41.353928,-6.8018513,-2.930426,70.0,25.0,90.0,41.582943,-7.144347,-2.637165,70.96148,25.379154,89.09135,0.5057207
1.1666666666666667,41.353928,-6.8018513,-2.930426,70.0,25.0,90.0,41.582943,-7.144347,-2.637165,70.96148,25.379154,89.09135,0.5057207
1.1708333333333334,41.353928,-6.8018513,-2.930426,70.0,25.0,90.0,41.582943,-7.144347,-2.637165,70.96148,25.379154,89.09135,0.5057207
1.175,41.353928,-6.8018513,-2.930426,70.0,25.0,90.0,41.582943,-7.144347,-2.637165,70.96148,25.379154,89.09135,0.5057207
1.1791666666666667,41.353928,-6.8018513,-2.930426,70.0,25.0,90.0,41.582943,-7.144347,-2.637165,70.96148,25.379154,89.09135,0.5057207
1.1833333333333333,41.353928,-6.8018513,-2.930426,70.0,25.0,90.0,41.582943,-7.144347,-2.637165,70.96148,25.379154,89.09135,0.5057207
1.1875,41.353928,-6.8018513,-2.930426,70.0,25.0,90.0,41.582943,-7.144347,-2.637165,70.96148,25.379154,89.09135,0.5057207
1.1916666666666667,41.353928,-6.8018513,-2.930426,70.0,25.0,90.0,41.582943,-7.144347,-2.637165,70.96148,25.379154,89.09135,0.5057207
1.1958333333333333,41.353928,-6.8018513,-2.930426,70.0,25.0,90.0,41.582943,-7.144347,-2.637165,70.96148,25.379154,89.09135,0.5057207
1.2,41.353928,-6.8018513,-2.930426,70.0,25.0,90.0,41.582943,-7.144347,-2.637165,70.96148,25.379154,89.09135,0.5057207
1.2041666666666666,41.353928,-6.8018513,-2.930426,70.0,25.0,90.0,41.582943,-7.144347,-2.637165,70.96148,25.379154,89.09135,0.5057207
1.2083333333333333,41.353928,-6.8018513,-2.930426,70.0,25.0,90.0,41.582943,-7.144347,-2.637165,70.96148,25.379154,89.09135,0.5057207
1.2125,41.353928,-6.8018513,-2.930426,70.0,25.0,90.0,41.582943,-7.144347,-2.637165,70.96148,25.379154,89.09135,0.5057207
1.2166666666666666,41.353928,-6.8018513,-2.930426,70.0,25.0,90.0,41.582943,-7.144347,-2.637165,70.96148,25.379154,89.09135,0.5057207
1.2208333333333334,41.353928,-6.8018513,-2.930426,70.0,25.0,90.0,41.582943,-7.144347,-2.637165,70.96148,25.379154,89.09135,0.5057207
1.225,41.353928,-6.8018513,-2.930426,70.0,25.0,90.0,41.582943,-7.144347,-2.637165,70.96148,25.379154,89.09135,0.5057207
1.2291666666666667,41.353928,-6.8018513,-2.930426,70.0,25.0,90.0,41.582943,-7.144347,-2.637165,70.96148,25.379154,89.09135,0.5057207
1.2333333333333334,41.353928,-6.8018513,-2.930426,70.0,25.0,90.0,41.582943,-7.144347,-2.637165,70.96148,25.379154,89.09135,0.5057207
1.2375,41.353928,-6.8018513,-2.930426,70.0,25.0,90.0,41.582943,-7.144347,-2.637165,70.96148,25.379154,89.09135,0.5057207
1.2416666666666667,41.353928,-6.8018513,-2.930426,70.0,25.0,90.0,41.582943,-7.144347,-2.637165,70.96148,25.379154,89.09135,0.5057207
1.2458333333333333,41.353928,-6.8018513,-2.930426,70.0,25.0,90.0,41.582943,-7.144347,-2.637165,70.96148,25.379154,89.09135,0.5057207
1.25,41.353928,-6.8018513,-2.930426,70.0,25.0,90.0,41.582943,-7.144347,-2.637165,70.96148,25.379154,89.09135,0.5057207
1.2541666666666667,41.353928,-6.8018513,-2.930426,70.0,25.0,90.0,41.582943,-7.144347,-2.637165,70.96148,25.379154,89.09135,0.5057207
1.2583333333333333,41.353928,-6.8018513,-2.930426,70.0,25.0,90.0,41.582943,-7.144347,-2.637165,70.96148,25.379154,89.09135,0.5057207
1.2625,41.353928,-6.8018513,-2.930426,70.0,25.0,90.0,41.582943,-7.144347,-2.637165,70.96148,25.379154,89.09135,0.5057207
1.2666666666666666,41.353928,-6.8018513,-2.930426,70.0,25.0,90.0,41.582943,-7.144347,-2.637165,70.96148,25.379154,89.09135,0.5057207
1.2708333333333333,41.353928,-6.8018513,-2.930426,70.0,25.0,90.0,41.582943,-7.144347,-2.637165,70.96148,25.379154,89.09135,0.5057207
1.275,41.353928,-6.8018513,-2.930426,70.0,25.0,90.0,41.582943,-7.144347,-2.637165,70.96148,25.379154,89.09135,0.5057207
1.2791666666666666,41.353928,-6.8018513,-2.930426,70.0,25.0,90.0,41.582943,-7.144347,-2.637165,70.96148,25.379154,89.09135,0.5057207
1.2833333333333334,41.353928,-6.8018513,-2.930426,70.0,25.0,90.0,41.582943,-7.144347,-2.637165,70.96148,25.379154,89.09135,0.5057207
1.2875,41.353928,-6.8018513,-2.930426,70.0,25.0,90.0,41.582943,-7.144347,-2.637165,70.96148,25.379154,89.09135,0.5057207
1.2916666666666667,41.353928,-6.8018513,-2.930426,70.0,25.0,90.0,41.582943,-7.144347,-2.637165,70.96148,25.379154,89.09135,0.5057207
1.2958333333333334,41.353928,-6.8018513,-2.930426,70.0,25.0,90.0,41.582943,-7.144347,-2.637165,70.96148,25.379154,89.09135,0.5057207
1.3,41.353928,-6.8018513,-2.930426,70.0,25.0,90.0,41.582943,-7.144347,-2.637165,70.96148,25.379154,89.09135,0.5057207
1.3041666666666667,41.353928,-6.8018513,-2.930426,70.0,25.0,90.0,41.582943,-7.144347,-2.637165,70.96148,25.379154,89.09135,0.5057207
1.3083333333333333,41.353928,-6.8018513,-2.930426,70.0,25.0,90.0,41.582943,-7.144347,-2.637165,70.96148,25.379154,89.091354,0.5057207
1.3125,41.353928,-6.8018513,-2.930426,70.0,25.0,90.0,41.582947,-7.144347,-2.637166,70.96148,25.379154,89.091354,0.5057218
1.3166666666666667,41.353928,-6.8018513,-2.930426,70.0,25.0,90.0,41.582943,-7.144347,-2.637166,70.96148,25.379154,89.091354,0.50572014
1.3208333333333333,41.353928,-6.8018513,-2.930426,70.0,25.0,90.0,41.582947,-7.144349,-2.637164,70.96148,25.379154,89.091354,0.50572425
1.325,41.353928,-6.8018513,-2.930426,70.0,25.0,90.0,41.58294,-7.144346,-2.637166,70.96148,25.37915,89.091354,0.50571775
1.3291666666666666,41.353928,-6.8018513,-2.930426,70.0,25.0,90.0,41.582947,-7.1443443,-2.637167,70.96148,25.379154,89.091354,0.50571936
1.3333333333333333,41.353928,-6.8018513,-2.930426,70.0,25.0,90.0,41.58294,-7.144347,-2.637167,70.96148,25.37915,89.091354,0.5057178
1.3375,41.353928,-6.8018513,-2.930426,70.0,25.0,90.0,41.582947,-7.144349,-2.637165,70.96148,25.379147,89.091354,0.50572366
1.3416666666666666,41.353928,-6.8018513,-2.930426,70.0,25.0,90.0,41.582943,-7.144347,-2.637164,70.96148,25.37915,89.091354,0.5057212
1.3458333333333334,41.353928,-6.8018513,-2.930426,70.0,25.0,90.0,41.582943,-7.14435,-2.637165,70.96147,25.37915,89.091354,0.50572264
1.35,41.353928,-6.8018513,-2.930426,70.0,25.0,90.0,41.58294,-7.144349,-2.637165,70.96148,25.379147,89.091354,0.50572026
1.3541666666666667,41.353928,-6.8018513,-2.930426,70.0,25.0,90.0,41.58294,-7.144349,-2.6371632,70.96148,25.379147,89.091354,0.50572133
1.3583333333333334,41.353928,-6.8018513,-2.930426,70.0,25.0,90.0,41.58294,-7.144349,-2.637164,70.96148,25.379147,89.09136,0.5057208
1.3625,41.353928,-6.8018513,-2.930426,70.0,25.0,90.0,41.58294,-7.144347,-2.637166,70.96148,25.37915,89.09136,0.50571835
1.3666666666666667,41.353928,-6.8018513,-2.930426,70.0,25.0,90.0,41.58294,-7.14435,-2.637167,70.96148,25.379154,89.09136,0.5057198
1.3708333333333333,41.353928,-6.8018513,-2.930426,70.0,25.0,90.0,41.58294,-7.144349,-2.6371622,70.96149,25.37915,89.09136,0.50572187
1.375,41.353928,-6.8018513,-2.930426,70.0,25.0,90.0,41.58294,-7.144349,-2.6371613,70.96148,25.37915,89.09136,0.50572246
1.3791666666666667,41.353928,-6.8018513,-2.930426,70.0,25.0,90.0,41.58294,-7.144349,-2.637167,70.96149,25.37915,89.091354,0.5057191
1.3833333333333333,41.353928,-6.8018513,-2.930426,70.0,25.0,90.0,41.58294,-7.144349,-2.637166,70.96149,25.37915,89.09136,0.50571966
1.3875,41.353928,-6.8018513,-2.930426,70.0,25.0,90.0,41.58294,-7.144347,-2.637166,70.96149,25.37915,89.09136,0.50571835
1.3916666666666666,41.353928,-6.8018513,-2.930426,70.0,25.0,90.0,41.58294,-7.144353,-2.637166,70.96148,25.37915,89.09136,0.5057223
1.3958333333333333,41.353928,-6.8018513,-2.930426,70.0,25.0,90.0,41.58294,-7.14435,-2.6371632,70.96148,25.379158,89.09136,0.505722
1.4,41.353928,-6.8018513,-2.930426,70.0,25.0,90.0,41.58294,-7.144349,-2.6371632,70.96148,25.379158,89.09136,0.50572133
1.4041666666666666,41.353928,-6.8018513,-2.930426,70.0,25.0,90.0,41.58294,-7.14435,-2.637166,70.96149,25.379154,89.091354,0.5057203
1.4083333333333334,41.353928,-6.8018513,-2.930426,70.0,25.0,90.0,41.58294,-7.144349,-2.6371622,70.96149,25.379158,89.091354,0.50572187
1.4125,41.353928,-6.8018513,-2.930426,70.0,25.0,90.0,41.58294,-7.14435,-2.6371632,70.96149,25.379154,89.09136,0.505722
1.4166666666666667,41.353928,-6.8018513,-2.930426,70.0,25.0,90.0,41.58294,-7.14435,-2.637164,70.96148,25.379154,89.09136,0.50572145
1.4208333333333334,41.353928,-6.8018513,-2.930426,70.0,25.0,90.0,41.58294,-7.144349,-2.637164,70.96149,25.379162,89.09136,0.5057208
1.425,41.353928,-6.8018513,-2.930426,70.0,25.0,90.0,41.58294,-7.14435,-2.637164,70.96148,25.37915,89.09136,0.50572145
1.4291666666666667,41.353928,-6.8018513,-2.930426,70.0,25.0,90.0,41.58294,-7.144349,-2.637165,70.96149,25.379158,89.09136,0.50572026
1.4333333333333333,41.353928,-6.8018513,-2.930426,70.0,25.0,90.0,41.58294,-7.144347,-2.6371622,70.96149,25.379154,89.09136,0.50572056
1.4375,41.353928,-6.8018513,-2.930426,70.0,25.0,90.0,41.58294,-7.144346,-2.637164,70.96149,25.379158,89.09136,0.5057188
1.4416666666666667,41.353928,-6.8018513,-2.930426,70.0,25.0,90.0,41.58294,-7.144349,-2.637164,70.96148,25.37915,89.09136,0.5057208
1.4458333333333333,41.353928,-6.8018513,-2.930426,70.0,25.0,90.0,41.58294,-7.144349,-2.637165,70.96149,25.379154,89.09136,0.50572026
1.45,41.353928,-6.8018513,-2.930426,70.0,25.0,90.0,41.58294,-7.14435,-2.637165,70.96149,25.379154,89.091354,0.50572085
1.4541666666666666,41.353928,-6.8018513,-2.930426,70.0,25.0,90.0,41.58294,-7.144349,-2.637164,70.96149,25.379158,89.09136,0.5057208
1.4583333333333333,41.353928,-6.8018513,-2.930426,70.0,25.0,90.0,41.58294,-7.144352,-2.637164,70.96149,25.379154,89.091354,0.5057227
1.4625,41.353928,-6.8018513,-2.930426,70.0,25.0,90.0,41.58294,-7.14435,-2.637166,70.96149,25.379154,89.091354,0.5057203
1.4666666666666666,41.353928,-6.8018513,-2.930426,70.0,25.0,90.0,41.58294,-7.14435,-2.637164,70.96149,25.379154,89.091354,0.50572145
1.4708333333333334,41.353928,-6.8018513,-2.930426,70.0,25.0,90.0,41.58294,-7.144347,-2.637166,70.96149,25.37915,89.091354,0.50571835
1.475,41.353928,-6.8018513,-2.930426,70.0,25.0,90.0,41.58294,-7.144346,-2.637166,70.96149,25.379154,89.091354,0.50571775
1.4791666666666667,41.353928,-6.8018513,-2.930426,70.0,25.0,90.0,41.58294,-7.144346,-2.637166,70.96149,25.379154,89.091354,0.50571775
1.4833333333333334,41.353928,-6.8018513,-2.930426,70.0,25.0,90.0,41.58294,-7.144347,-2.637169,70.96149,25.379158,89.09135,0.50571674
1.4875,41.353928,-6.8018513,-2.930426,70.0,25.0,90.0,41.58294,-7.144349,-2.637165,70.96149,25.379154,89.09135,0.50572026
1.4916666666666667,41.353928,-6.8018513,-2.930426,70.0,25.0,90.0,41.582943,-7.144349,-2.637166,70.96149,25.379154,89.09135,0.5057214
1.4958333333333333,41.353928,-6.8018513,-2.930426,70.0,25.0,90.0,41.58294,-7.14435,-2.6371632,70.96149,25.379154,89.09135,0.505722
1.5,41.353928,-6.8018513,-2.930426,70.0,25.0,90.0,41.582943,-7.144347,-2.637165,70.96149,25.379154,89.09135,0.5057207
1.5041666666666667,41.353928,-6.8018513,-2.930426,70.0,25.0,90.0,41.582943,-7.144349,-2.637167,70.96148,25.379158,89.09135,0.50572085
1.5083333333333333,41.353928,-6.8018513,-2.930426,70.0,25.0,90.0,41.582947,-7.14435,-2.637164,70.96148,25.37915,89.09135,0.5057249
1.5125,41.353928,-6.8018513,-2.930426,70.0,25.0,90.0,41.582943,-7.14435,-2.637166,70.96149,25.37915,89.09135,0.50572205
1.5166666666666666,41.353928,-6.8018513,-2.930426,70.0,25.0,90.0,41.582943,-7.144349,-2.637165,70.96149,25.379154,89.091354,0.505722
1.5208333333333333,41.353928,-6.8018513,-2.930426,70.0,25.0,90.0,41.582947,-7.144349,-2.6371632,70.96149,25.37915,89.091354,0.5057248
1.525,41.353928,-6.8018513,-2.930426,70.0,25.0,90.0,41.582947,-7.14435,-2.637166,70.96149,25.379154,89.091354,0.5057238
1.5291666666666666,41.353928,-6.8018513,-2.930426,70.0,25.0,90.0,41.582943,-7.14435,-2.637164,70.96149,25.379154,89.09135,0.5057231
1.5333333333333334,41.353928,-6.8018513,-2.930426,70.0,25.0,90.0,41.582943,-7.14435,-2.637165,70.96148,25.379154,89.091354,0.50572264
1.5375,41.353928,-6.8018513,-2.930426,70.0,25.0,90.0,41.582943,-7.144349,-2.6371727,70.961464,25.379162,89.091354,0.5057176
1.5416666666666667,41.353928,-6.8018513,-2.930426,70.0,25.0,90.0,41.58294,-7.1443605,-2.6371908,70.961464,25.3792,89.09136,0.50571305
1.5458333333333334,41.353928,-6.8018513,-2.930426,70.0,25.0,90.0,41.582947,-7.1444025,-2.63723,70.96146,25.379189,89.09138,0.5057223
1.55,41.353928,-6.8018513,-2.930426,70.0,25.0,90.0,41.582924,-7.1445456,-2.6372833,70.961464,25.379162,89.09143,0.50577784
1.5541666666666667,41.353928,-6.8018513,-2.930426,70.0,25.0,90.0,41.582874,-7.144799,-2.637371,70.96149,25.37909,89.09153,0.5058765
1.5583333333333333,41.353928,-6.8018513,-2.930426,70.0,25.0,90.0,41.582737,-7.145192,-2.637497,70.96144,25.378922,89.0917,0.5060079
1.5625,41.353928,-6.8018513,-2.930426,70.0,25.0,90.0,41.58254,-7.1457443,-2.6377249,70.96123,25.37859,89.09194,0.50616133
1.5666666666666667,41.353928,-6.8018513,-2.930426,70.0,25.0,90.0,41.582253,-7.146532,-2.6380615,70.96077,25.377987,89.092285,0.5063734
1.5708333333333333,41.353928,-6.8018513,-2.930426,70.0,25.0,90.0,41.58189,-7.147608,-2.638525,70.96009,25.377048,89.092735,0.506676
1.575,41.353928,-6.8018513,-2.930426,70.0,25.0,90.0,41.58151,-7.1489887,-2.639143,70.95911,25.375778,89.09332,0.50709295
1.5791666666666666,41.353928,-6.8018513,-2.930426,70.0,25.0,90.0,41.581142,-7.150666,-2.6399193,70.95772,25.374195,89.09406,0.5076342
1.5833333333333333,41.353928,-6.8018513,-2.930426,70.0,25.0,90.0,41.580738,-7.1526566,-2.640993,70.95574,25.372421,89.09495,0.50821126
1.5875,41.353928,-6.8018513,-2.930426,70.0,25.0,90.0,41.580357,-7.154813,-2.6423368,70.95322,25.37032,89.0961,0.50877035
1.5916666666666666,41.353928,-6.8018513,-2.930426,70.0,25.0,90.0,41.580017,-7.1570225,-2.6439104,70.95013,25.368168,89.09752,0.5092682
1.5958333333333334,41.353928,-6.8018513,-2.930426,70.0,25.0,90.0,41.579857,-7.159111,-2.6456642,70.946175,25.36568,89.09928,0.5096742
1.6,41.353928,-6.8018513,-2.930426,70.0,25.0,90.0,41.579884,-7.1610107,-2.6477757,70.94128,25.363277,89.10129,0.50984585
1.6041666666666667,41.353928,-6.8018513,-2.930426,70.0,25.0,90.0,41.57969,-7.16257,-2.650156,70.93524,25.361305,89.103645,0.5095463
1.6083333333333334,41.353928,-6.8018513,-2.930426,70.0,25.0,90.0,41.579453,-7.163583,-2.652668,70.928085,25.359276,89.106606,0.50878346
1.6125,41.353928,-6.8018513,-2.930426,70.0,25.0,90.0,41.578968,-7.1640177,-2.6555767,70.91945,25.357021,89.11033,0.5072965
1.6166666666666667,41.353928,-6.8018513,-2.930426,70.0,25.0,90.0,41.578403,-7.1637964,-2.658143,70.90961,25.354088,89.11481,0.5055014
1.6208333333333333,41.353928,-6.8018513,-2.930426,70.0,25.0,90.0,41.576775,-7.1627445,-2.6591473,70.89787,25.351105,89.121445,0.50348467
1.625,41.353928,-6.8018513,-2.930426,70.0,25.0,90.0,41.5752,-7.160177,-2.6594114,70.883965,25.348614,89.130264,0.50080675
1.6291666666666667,41.353928,-6.8018513,-2.930426,70.0,25.0,90.0,41.57397,-7.1556168,-2.660471,70.864456,25.34367,89.14116,0.49643195
1.6333333333333333,41.353928,-6.8018513,-2.930426,70.0,25.0,90.0,41.57209,-7.1512165,-2.662242,70.84311,25.340305,89.1539,0.49150136
1.6375,41.353928,-6.8018513,-2.930426,70.0,25.0,90.0,41.56886,-7.146989,-2.6649485,70.8168,25.335548,89.168915,0.48558602
1.6416666666666666,41.353928,-6.8018513,-2.930426,70.0,25.0,90.0,41.56491,-7.1417465,-2.66885,70.786705,25.329964,89.186516,0.4779798
1.6458333333333333,41.353928,-6.8018513,-2.930426,70.0,25.0,90.0,41.560013,-7.1361704,-2.6743088,70.7534,25.324516,89.206406,0.4688671
1.65,41.353928,-6.8018513,-2.930426,70.0,25.0,90.0,41.555176,-7.1294317,-2.6813965,70.718124,25.32286,89.23056,0.45806703
1.6541666666666666,41.353928,-6.8018284,-2.9304278,69.99997,25.0,90.000015,41.551723,-7.1226635,-2.6895847,70.68049,25.319305,89.256996,0.44728488
1.6583333333333334,41.353928,-6.8016667,-2.930425,69.99978,25.0,90.000084,41.54732,-7.1159163,-2.6983662,70.63846,25.317245,89.28759,0.4358958
1.6625,41.353928,-6.8012347,-2.9304245,69.99926,25.0,90.00028,41.542366,-7.1074038,-2.7069063,70.59234,25.318237,89.319984,0.4233307
1.6666666666666667,41.353928,-6.8004084,-2.9304268,69.99826,25.0,90.000656,41.5367,-7.097063,-2.714941,70.54048,25.31937,89.35354,0.40968812
1.6708333333333334,41.353928,-6.7990694,-2.9304252,69.99665,25.0,90.00127,41.529926,-7.0881815,-2.720173,70.48759,25.31416,89.39226,0.39845622
1.675,41.353928,-6.797104,-2.9304237,69.994286,25.0,90.00216,41.519974,-7.075409,-2.7177706,70.435684,25.30616,89.43606,0.38761628
1.6791666666666667,41.353928,-6.794411,-2.9304326,69.99103,25.0,90.00338,41.506115,-7.0589886,-2.7082548,70.38564,25.290989,89.48519,0.377525
1.6833333333333333,41.353928,-6.7908916,-2.9304242,69.9868,25.0,90.004974,41.489685,-7.039646,-2.6952677,70.3365,25.26881,89.54095,0.3682492
1.6875,41.353928,-6.786453,-2.930429,69.981445,25.0,90.00699,41.47175,-7.018916,-2.6763496,70.2873,25.242413,89.60704,0.36397424
1.6916666666666667,41.353928,-6.781006,-2.9304283,69.974884,25.0,90.00946,41.4458,-6.996372,-2.6537771,70.239174,25.20549,89.680855,0.3624351
1.6958333333333333,41.353928,-6.774476,-2.9304256,69.96702,25.0,90.01241,41.41365,-6.9710636,-2.6277447,70.19683,25.164875,89.763145,0.36582682
1.7,41.353928,-6.76679,-2.9304285,69.95775,25.0,90.015884,41.37767,-6.943878,-2.6028404,70.15503,25.130508,89.85065,0.373146
1.7041666666666666,41.353928,-6.7578745,-2.9304245,69.94701,25.0,90.01991,41.331177,-6.917095,-2.5847397,70.102325,25.086815,89.94474,0.38126996
1.7083333333333333,41.35393,-6.747673,-2.9304256,69.9347,25.0,90.024506,41.284714,-6.891307,-2.5690289,70.05467,25.049664,90.04524,0.39500558
1.7125,41.353928,-6.736123,-2.9304254,69.92077,25.0,90.02972,41.226913,-6.864378,-2.563486,70.00152,25.007492,90.15164,0.4089332
1.7166666666666666,41.353928,-6.723181,-2.9304247,69.90515,25.0,90.03553,41.15782,-6.8127747,-2.5539074,69.964745,24.987343,90.26351,0.43387774
1.7208333333333334,41.353928,-6.7087965,-2.9304297,69.88778,25.0,90.041985,41.082355,-6.7563715,-2.5529413,69.925865,24.970352,90.38571,0.46745294
1.725,41.353928,-6.692929,-2.9304254,69.86862,25.0,90.04908,41.005356,-6.698415,-2.5525913,69.885086,24.964832,90.52046,0.5140924
1.7291666666666667,41.353928,-6.675547,-2.9304268,69.84762,25.0,90.05684,40.91859,-6.638916,-2.5603437,69.83556,24.969501,90.66302,0.57255715
1.7333333333333334,41.353928,-6.656613,-2.930427,69.82473,25.0,90.06527,40.827934,-6.5807056,-2.5811663,69.77822,24.985111,90.81284,0.63593554
1.7375,41.353928,-6.6361074,-2.930424,69.799934,25.0,90.07437,40.732197,-6.512141,-2.6071339,69.72167,25.022503,90.95935,0.71164125
1.7416666666666667,41.353928,-6.614011,-2.930424,69.77319,25.0,90.084145,40.631634,-6.439247,-2.6386175,69.65267,25.056866,91.10886,0.7983745
1.7458333333333333,41.353928,-6.5903034,-2.9304254,69.744484,25.0,90.0946,40.52794,-6.360118,-2.679922,69.56575,25.093311,91.25441,0.8933055
1.75,41.353928,-6.5649767,-2.9304285,69.71379,25.0,90.10572,40.425003,-6.284766,-2.7201815,69.47191,25.129185,91.390755,0.9927853
1.7541666666666667,41.353928,-6.538021,-2.9304242,69.681114,25.0,90.117516,40.330505,-6.215723,-2.754775,69.39538,25.167072,91.51999,1.0872543
1.7583333333333333,41.353928,-6.5094347,-2.9304261,69.64642,25.0,90.12997,40.25185,-6.1551476,-2.7838583,69.34015,25.203293,91.63032,1.1668661
1.7625,41.353928,-6.4792194,-2.9304256,69.60973,25.0,90.143074,40.168514,-6.0919256,-2.8183346,69.27978,25.25002,91.73446,1.2521045
1.7666666666666666,41.353928,-6.447381,-2.930427,69.57104,25.0,90.156815,40.082756,-6.025565,-2.8546124,69.21879,25.301823,91.82306,1.3414744
1.7708333333333333,41.353928,-6.413928,-2.930426,69.53035,25.0,90.17118,39.986122,-5.95784,-2.9042826,69.16202,25.37888,91.90005,1.442079
1.775,41.35393,-6.3788795,-2.930427,69.48768,25.0,90.18614,39.886948,-5.890094,-2.953436,69.10196,25.459728,91.970924,1.5464418
1.7791666666666666,41.353928,-6.3422394,-2.930424,69.44304,25.0,90.20171,39.78628,-5.813236,-2.9848337,69.053345,25.539211,92.03733,1.6553909
1.7833333333333334,41.353928,-6.3040395,-2.930425,69.39645,25.0,90.21784,39.69649,-5.7341022,-3.0149088,69.02032,25.611752,92.09161,1.7547255
1.7875,41.353928,-6.2642975,-2.9304278,69.34792,25.0,90.23452,39.608307,-5.647215,-3.0365677,68.99801,25.670425,92.1451,1.854521
1.7916666666666667,41.353928,-6.2230463,-2.9304254,69.297516,25.0,90.251724,39.523422,-5.549679,-3.0440912,68.984436,25.735577,92.205315,1.9537383
1.7958333333333334,41.353928,-6.1803107,-2.930428,69.24523,25.0,90.26942,39.442623,-5.4506874,-3.0433064,68.97839,25.806461,92.2659,2.0489452
1.8,41.353928,-6.1361256,-2.9304266,69.191124,25.0,90.28759,39.3646,-5.358099,-3.0354404,68.98145,25.872002,92.32229,2.138638
1.8041666666666667,41.353928,-6.09053,-2.930424,69.13523,25.0,90.306206,39.29563,-5.272043,-3.0164385,68.989975,25.91888,92.37241,2.2167323
1.8083333333333333,41.353928,-6.043563,-2.9304268,69.07758,25.0,90.32523,39.230206,-5.1957474,-2.9938345,68.99991,25.960411,92.41943,2.2875767
1.8125,41.353928,-5.995261,-2.9304235,69.01824,25.0,90.34465,39.173313,-5.121413,-2.9665918,69.0031,25.982365,92.45404,2.3494675
1.8166666666666667,41.353928,-5.9456763,-2.9304256,68.957245,25.0,90.36442,39.121265,-5.0512915,-2.935525,69.00315,25.983242,92.4829,2.4051468
1.8208333333333333,41.353928,-5.8948507,-2.9304256,68.89465,25.0,90.384514,39.069145,-4.9863443,-2.9040499,69.00052,25.964996,92.50943,2.4589245
1.825,41.353928,-5.842836,-2.9304264,68.83052,25.0,90.4049,39.026466,-4.931185,-2.8731174,69.00107,25.93808,92.538795,2.5002935
1.8291666666666666,41.353928,-5.7896824,-2.9304261,68.76491,25.0,90.425545,38.992275,-4.8827934,-2.8394318,69.0034,25.902817,92.5647,2.5314283
1.8333333333333333,41.353928,-5.7354445,-2.9304264,68.697876,25.0,90.44642,38.968643,-4.835434,-2.8090715,69.00947,25.880825,92.58236,2.552318
1.8375,41.353928,-5.6801786,-2.9304252,68.62949,25.0,90.46748,38.95244,-4.7914457,-2.7789497,69.01082,25.859234,92.59512,2.5651398
1.8416666666666666,41.353928,-5.6239424,-2.930427,68.55982,25.0,90.48871,38.94229,-4.747383,-2.752183,69.00391,25.840908,92.606125,2.5721815
1.8458333333333334,41.353928,-5.566792,-2.9304261,68.48894,25.0,90.51006,38.938572,-4.7045774,-2.7301855,68.98819,25.822052,92.61659,2.572441
1.85,41.353928,-5.508795,-2.930429,68.41691,25.0,90.53151,38.936066,-4.6628838,-2.7112045,68.957565,25.795395,92.62927,2.57093
1.8541666666666667,41.353928,-5.450005,-2.9304254,68.34382,25.0,90.553024,38.94103,-4.6182528,-2.6957483,68.91641,25.7725,92.64022,2.5629995
1.8583333333333334,41.35393,-5.3904967,-2.9304261,68.26974,25.0,90.574554,38.94879,-4.572672,-2.683834,68.865204,25.747845,92.65174,2.5523212
1.8625,41.353928,-5.330322,-2.9304261,68.19474,25.0,90.59611,38.958168,-4.5245333,-2.676671,68.802185,25.7261,92.664085,2.5403447
1.8666666666666667,41.353928,-5.2695575,-2.9304252,68.11892,25.0,90.617615,38.968147,-4.4735155,-2.6730728,68.72909,25.70652,92.676834,2.528213
1.8708333333333333,41.353928,-5.2082686,-2.9304256,68.04235,25.0,90.63905,38.97864,-4.4199305,-2.6706114,68.64766,25.684502,92.692505,2.5161407
1.875,41.353928,-5.146519,-2.9304254,67.96512,25.0,90.66041,38.98863,-4.364909,-2.669426,68.55901,25.661022,92.71161,2.5047305
1.8791666666666667,41.353928,-5.084386,-2.9304264,67.887314,25.0,90.68163,38.99787,-4.3072777,-2.671072,68.46632,25.64286,92.73215,2.4944263
1.8833333333333333,41.353928,-5.0219336,-2.9304273,67.80902,25.0,90.702705,39.006813,-4.248083,-2.6759338,68.370514,25.626984,92.75261,2.4844635
1.8875,41.353928,-4.9592276,-2.9304228,67.73033,25.0,90.72361,39.01486,-4.186617,-2.6833467,68.27177,25.614052,92.77403,2.475726
1.8916666666666666,41.353928,-4.8963494,-2.930424,67.65133,25.0,90.7443,39.017765,-4.1221533,-2.6933298,68.171364,25.605152,92.796135,2.4724984
1.8958333333333333,41.353928,-4.8333635,-2.9304252,67.572105,25.0,90.76476,39.013912,-4.0568666,-2.704239,68.070786,25.603676,92.820885,2.4758391
1.9,41.353928,-4.770342,-2.930427,67.49275,25.0,90.78497,39.00721,-3.9898453,-2.7154856,67.97257,25.604847,92.847725,2.4824302
1.9041666666666666,41.353928,-4.707353,-2.9304276,67.41336,25.0,90.80491,39.000214,-3.9237204,-2.7281246,67.87399,25.60897,92.87586,2.488971
1.9083333333333334,41.353928,-4.6444755,-2.9304266,67.33403,25.0,90.82454,38.993103,-3.858985,-2.7415657,67.77609,25.61694,92.90387,2.4952266
1.9125,41.353928,-4.5817714,-2.9304237,67.254845,25.0,90.843864,38.985386,-3.7942982,-2.7550411,67.67824,25.625786,92.93213,2.5021715
1.9166666666666667,41.353928,-4.5193167,-2.9304276,67.17589,25.0,90.86285,38.976048,-3.7298326,-2.7678032,67.57783,25.634827,92.96036,2.5107858
1.9208333333333334,41.35393,-4.457185,-2.9304252,67.097275,25.0,90.88146,38.96724,-3.661746,-2.7804651,67.470566,25.646652,92.9901,2.5202203
1.925,41.353928,-4.395437,-2.9304256,67.01907,25.0,90.89972,38.959812,-3.5927572,-2.7925968,67.36155,25.660923,93.02191,2.5288494
1.9291666666666667,41.353928,-4.3341465,-2.9304307,66.941376,25.0,90.91759,38.954918,-3.526206,-2.80521,67.252235,25.678055,93.05322,2.534501
1.9333333333333333,41.353928,-4.273382,-2.9304256,66.864296,25.0,90.93505,38.95056,-3.458849,-2.813899,67.14642,25.697704,93.08407,2.540317
1.9375,41.353928,-4.213208,-2.9304254,66.787895,25.0,90.95211,38.94552,-3.3917427,-2.8213606,67.041046,25.720005,93.1162,2.5469856
1.9416666666666667,41.353928,-4.1536975,-2.9304283,66.71227,25.0,90.968735,38.942,-3.3238354,-2.8255339,66.93535,25.745857,93.147255,2.5528538
1.9458333333333333,41.353928,-4.0949116,-2.930427,66.63752,25.0,90.984924,38.945595,-3.254672,-2.8221865,66.83254,25.774673,93.1785,2.5529952
1.95,41.353928,-4.036909,-2.930425,66.56371,25.0,91.00068,38.95281,-3.1896248,-2.8191442,66.73083,25.795757,93.20843,2.548656
1.9541666666666666,41.353928,-3.979762,-2.930427,66.49094,25.0,91.015976,38.965004,-3.1267748,-2.8164015,66.630005,25.814468,93.23746,2.5392017
1.9583333333333333,41.353928,-3.9235234,-2.9304268,66.41927,25.0,91.03082,38.981316,-3.0678988,-2.81423,66.52658,25.823212,93.26809,2.524853
1.9625,41.353928,-3.868256,-2.9304237,66.34881,25.0,91.045204,39.0013,-3.014964,-2.810894,66.42529,25.819569,93.29854,2.5054436
1.9666666666666666,41.353928,-3.8140204,-2.9304247,66.27961,25.0,91.05911,39.02176,-2.967229,-2.808054,66.32506,25.804005,93.32508,2.4841578
1.9708333333333334,41.353928,-3.7608662,-2.9304252,66.211754,25.0,91.07256,39.038662,-2.929597,-2.8026438,66.23158,25.772491,93.34362,2.4632888
1.975,41.353928,-3.7088518,-2.9304252,66.14532,25.0,91.08553,39.05994,-2.9071503,-2.7912083,66.14218,25.717087,93.36077,2.4340265
1.9791666666666667,41.353928,-3.6580286,-2.9304256,66.08037,25.0,91.09804,39.086807,-2.899085,-2.7798176,66.05858,25.645992,93.37659,2.3955193
1.9833333333333334,41.35393,-3.608443,-2.9304268,66.01697,25.0,91.11006,39.11776,-2.8957767,-2.7688007,65.983055,25.57227,93.387634,2.3525476
1.9875,41.353928,-3.5601416,-2.9304266,65.955185,25.0,91.121635,39.154427,-2.9015846,-2.7570162,65.913925,25.49297,93.38773,2.3025146
1.9916666666666667,41.353928,-3.5131748,-2.9304276,65.89508,25.0,91.13273,39.195312,-2.913844,-2.744481,65.848335,25.415768,93.378075,2.247975
1.9958333333333333,41.353928,-3.467578,-2.930427,65.83671,25.0,91.14336,39.235302,-2.926795,-2.729374,65.79356,25.341465,93.35817,2.1957784
2.0,41.353928,-3.423393,-2.9304273,65.78012,25.0,91.15353,39.279995,-2.93814,-2.7127447,65.7496,25.244995,93.3319,2.14104
2.004166666666667,41.353928,-3.3806577,-2.9304264,65.72537,25.0,91.16324,39.33221,-2.9440975,-2.696785,65.71325,25.148666,93.30045,2.0814688
2.0083333333333333,41.353928,-3.3394063,-2.9304247,65.67251,25.0,91.17249,39.392715,-2.9500227,-2.6817446,65.68939,25.052177,93.25862,2.014898
2.0125,41.353928,-3.2996652,-2.9304264,65.62156,25.0,91.181305,39.463356,-2.9554396,-2.6652346,65.67936,24.95536,93.20915,1.9398657
2.0166666666666666,41.353928,-3.2614648,-2.930428,65.57257,25.0,91.189674,39.54496,-2.962595,-2.6442013,65.68106,24.857128,93.15236,1.8556973
2.0208333333333335,41.353928,-3.2248254,-2.9304237,65.52558,25.0,91.19762,39.62773,-2.9695702,-2.6219358,65.700356,24.783321,93.09418,1.7720253
2.025,41.353928,-3.189773,-2.9304261,65.480606,25.0,91.205124,39.706665,-2.9743013,-2.6042538,65.72401,24.708424,93.03489,1.6930122
2.029166666666667,41.353928,-3.1563208,-2.9304273,65.437675,25.0,91.21221,39.787685,-2.9799995,-2.5821438,65.7539,24.62339,92.97335,1.6141578
2.033333333333333,41.353928,-3.1244812,-2.9304245,65.39681,25.0,91.218895,39.870872,-2.9795103,-2.5544987,65.785645,24.541424,92.91724,1.5368114
2.0375,41.353928,-3.0942688,-2.9304252,65.358025,25.0,91.22517,39.959793,-2.9854622,-2.5326166,65.83899,24.477627,92.869,1.4538575
2.0416666666666665,41.353928,-3.0656822,-2.9304247,65.32132,25.0,91.23105,40.044907,-2.996399,-2.508109,65.896675,24.43002,92.82109,1.3772025
2.0458333333333334,41.353928,-3.038727,-2.9304283,65.2867,25.0,91.23654,40.118423,-3.0107956,-2.483221,65.94801,24.383678,92.77886,1.314247
2.05,41.353928,-3.0133994,-2.9304237,65.25417,25.0,91.24166,40.19144,-3.0329475,-2.4690018,65.99436,24.345684,92.72981,1.250867
2.0541666666666667,41.353928,-2.9896924,-2.9304254,65.22372,25.0,91.246414,40.257477,-3.0693226,-2.467332,66.02989,24.315815,92.67671,1.192896
2.058333333333333,41.353928,-2.967595,-2.930425,65.19533,25.0,91.25081,40.31611,-3.1000605,-2.4741201,66.05141,24.289219,92.62063,1.1414155
2.0625,41.353928,-2.9470904,-2.9304287,65.168976,25.0,91.25486,40.365944,-3.129529,-2.4799871,66.06229,24.264751,92.55769,1.1010419
2.066666666666667,41.353928,-2.9281595,-2.9304261,65.14465,25.0,91.258575,40.415764,-3.1584072,-2.4880066,66.065475,24.247398,92.49574,1.0624971
2.0708333333333333,41.353928,-2.9107764,-2.930426,65.122314,25.0,91.26197,40.459244,-3.1853266,-2.4993362,66.06979,24.235336,92.43672,1.0303763
2.075,41.353928,-2.8949099,-2.9304266,65.10192,25.0,91.265045,40.50737,-3.2070427,-2.5102272,66.08284,24.23724,92.37371,0.99531615
2.0791666666666666,41.353928,-2.880523,-2.9304276,65.08343,25.0,91.267815,40.55127,-3.224512,-2.5253286,66.09894,24.24141,92.3093,0.9626493
2.0833333333333335,41.353928,-2.8675804,-2.9304247,65.066795,25.0,91.2703,40.58506,-3.2353554,-2.5431595,66.10809,24.241959,92.24328,0.93615705
2.0875,41.353928,-2.856033,-2.9304266,65.05195,25.0,91.27251,40.61246,-3.241868,-2.5611296,66.11488,24.248295,92.17769,0.9137951
2.091666666666667,41.353928,-2.8458288,-2.9304247,65.03883,25.0,91.27445,40.63782,-3.2461882,-2.5773325,66.120415,24.254925,92.115875,0.8931798
2.095833333333333,41.353928,-2.8369133,-2.9304235,65.027374,25.0,91.276146,40.660526,-3.2494364,-2.5893974,66.12033,24.258945,92.05964,0.8759449
2.1,41.353928,-2.8292277,-2.9304278,65.01749,25.0,91.2776,40.681717,-3.2506409,-2.6036825,66.11727,24.271103,92.005615,0.8580319
2.1041666666666665,41.353928,-2.8226972,-2.9304252,65.009094,25.0,91.27883,40.702827,-3.2452374,-2.613779,66.120895,24.297318,91.953,0.83829373
2.1083333333333334,41.353928,-2.8172512,-2.9304266,65.00209,25.0,91.27986,40.723484,-3.240368,-2.6177988,66.13018,24.329987,91.900276,0.8211108
2.1125,41.353928,-2.8128123,-2.9304261,64.99638,25.0,91.28069,40.74346,-3.235774,-2.6188145,66.14352,24.365963,91.84928,0.80539876
2.1166666666666667,41.353928,-2.8092928,-2.9304256,64.99186,25.0,91.28135,40.764507,-3.2362452,-2.61662,66.15799,24.39938,91.80115,0.7925772
2.120833333333333,41.353928,-2.8065982,-2.930425,64.988396,25.0,91.28186,40.78432,-3.238078,-2.6123753,66.16684,24.426113,91.75833,0.78216517
2.125,41.353928,-2.8046343,-2.9304252,64.98587,25.0,91.28223,40.804558,-3.2383652,-2.608964,66.17166,24.448536,91.71864,0.7702382
2.129166666666667,41.353928,-2.8032944,-2.9304261,64.984146,25.0,91.28248,40.823368,-3.2382622,-2.6055727,66.17724,24.4697,91.681435,0.7590916
2.1333333333333333,41.353928,-2.8024683,-2.930425,64.983086,25.0,91.28263,40.8425,-3.237876,-2.6026554,66.179214,24.48959,91.6496,0.7473768
2.1375,41.353928,-2.802036,-2.9304256,64.98253,25.0,91.282715,40.860237,-3.2374144,-2.5996847,66.178535,24.508854,91.620926,0.7366642
2.1416666666666666,41.353928,-2.801875,-2.9304252,64.98232,25.0,91.282745,40.875736,-3.2362223,-2.5964403,66.17535,24.528442,91.59621,0.72723466
2.1458333333333335,41.353928,-2.8018517,-2.9304254,64.98229,25.0,91.282745,40.89049,-3.2340002,-2.5931559,66.170876,24.547031,91.57347,0.7178273
2.15,41.353928,-2.8018517,-2.9304254,64.98229,25.0,91.282745,40.903824,-3.2304392,-2.5907497,66.16525,24.565216,91.55292,0.7082797
2.154166666666667,41.353928,-2.8018517,-2.9304254,64.98229,25.0,91.282745,40.91613,-3.225051,-2.5898018,66.158005,24.583767,91.534904,0.6977024
2.158333333333333,41.353928,-2.8018517,-2.9304254,64.98229,25.0,91.282745,40.927902,-3.2176628,-2.5896673,66.14919,24.603405,91.51912,0.6859392
2.1625,41.353928,-2.8018517,-2.9304254,64.98229,25.0,91.282745,40.939472,-3.2070284,-2.589491,66.14003,24.626274,91.50492,0.6724416
2.1666666666666665,41.353928,-2.8018517,-2.9304254,64.98229,25.0,91.282745,40.950386,-3.1961193,-2.5897474,66.133,24.649925,91.49156,0.65905553
2.1708333333333334,41.353928,-2.8018517,-2.9304254,64.98229,25.0,91.282745,40.96043,-3.1853695,-2.5903883,66.12541,24.671116,91.47971,0.6461821
2.175,41.353928,-2.8018517,-2.9304254,64.98229,25.0,91.282745,40.969913,-3.1754704,-2.5914202,66.11777,24.690079,91.46968,0.6340207
2.1791666666666667,41.353928,-2.8018517,-2.9304254,64.98229,25.0,91.282745,40.979156,-3.166029,-2.5922327,66.111206,24.707348,91.46168,0.622457
2.183333333333333,41.353928,-2.8018517,-2.9304254,64.98229,25.0,91.282745,40.98741,-3.1578102,-2.5923128,66.10558,24.72229,91.45455,0.6126668
2.1875,41.353928,-2.8018517,-2.9304254,64.98229,25.0,91.282745,40.994446,-3.150053,-2.59264,66.099525,24.73481,91.44841,0.6037966
2.191666666666667,41.353928,-2.8018517,-2.9304254,64.98229,25.0,91.282745,41.00036,-3.1433258,-2.5929365,66.09424,24.745182,91.44297,0.59625024
2.1958333333333333,41.353928,-2.8018517,-2.9304254,64.98229,25.0,91.282745,41.005173,-3.1377182,-2.5930796,66.08988,24.753181,91.43826,0.59011734
2.2,41.353928,-2.8018517,-2.9304254,64.98229,25.0,91.282745,41.009308,-3.1332502,-2.5930576,66.08619,24.759232,91.43431,0.58515364
2.2041666666666666,41.353928,-2.8018517,-2.9304254,64.98229,25.0,91.282745,41.01276,-3.1298923,-2.593069,66.08271,24.76297,91.430984,0.5812187
2.2083333333333335,41.353928,-2.8018517,-2.9304254,64.98229,25.0,91.282745,41.015495,-3.1274529,-2.59297,66.07966,24.764557,91.42827,0.57829815
2.2125,41.353928,-2.8018517,-2.9304254,64.98229,25.0,91.282745,41.01777,-3.1259346,-2.592867,66.07719,24.764378,91.42622,0.57617545
2.216666666666667,41.353928,-2.8018517,-2.9304254,64.98229,25.0,91.282745,41.01952,-3.125186,-2.5925808,66.07535,24.763062,91.42483,0.57490224
2.220833333333333,41.353928,-2.8018517,-2.9304254,64.98229,25.0,91.282745,41.020813,-3.1249866,-2.592124,66.074066,24.761051,91.42397,0.57430774
2.225,41.353928,-2.8018517,-2.9304254,64.98229,25.0,91.282745,41.021744,-3.1251822,-2.591591,66.07328,24.75893,91.42347,0.5741929
2.2291666666666665,41.353928,-2.8018517,-2.9304254,64.98229,25.0,91.282745,41.022385,-3.1254873,-2.5910645,66.07284,24.757004,91.4232,0.5743053
2.2333333333333334,41.353928,-2.8018517,-2.9304254,64.98229,25.0,91.282745,41.02283,-3.1258097,-2.5905972,66.07261,24.755466,91.42311,0.57450587
2.2375,41.353928,-2.8018517,-2.9304254,64.98229,25.0,91.282745,41.02311,-3.1260576,-2.5901833,66.07255,24.754322,91.423134,0.5747302
2.2416666666666667,41.353928,-2.8018517,-2.9304254,64.98229,25.0,91.282745,41.023277,-3.1262884,-2.5898438,66.07261,24.75354,91.42322,0.5749649
2.245833333333333,41.353928,-2.8018517,-2.9304254,64.98229,25.0,91.282745,41.02337,-3.12642,-2.5895824,66.0727,24.753048,91.42331,0.5751414
2.25,41.353928,-2.8018517,-2.9304254,64.98229,25.0,91.282745,41.023415,-3.126524,-2.5894337,66.072815,24.752792,91.42336,0.5752619
2.254166666666667,41.353928,-2.8018517,-2.9304254,64.98229,25.0,91.282745,41.023445,-3.1265688,-2.5893526,66.072876,24.752686,91.423386,0.57531774
2.2583333333333333,41.353928,-2.8018517,-2.9304254,64.98229,25.0,91.282745,41.02346,-3.1265802,-2.589326,66.072914,24.752655,91.423386,0.5753313
2.2625,41.353928,-2.8018517,-2.9304254,64.98229,25.0,91.282745,41.023457,-3.1265755,-2.5893202,66.07292,24.752647,91.42339,0.57533413
2.2666666666666666,41.353928,-2.8018517,-2.9304254,64.98229,25.0,91.282745,41.023457,-3.1265774,-2.5893202,66.07292,24.752651,91.42339,0.5753352
2.2708333333333335,41.353928,-2.8018517,-2.9304254,64.98229,25.0,91.282745,41.02346,-3.1265755,-2.589323,66.07292,24.752651,91.42339,0.57533026
2.275,41.353928,-2.8018517,-2.9304254,64.98229,25.0,91.282745,41.02346,-3.1265783,-2.589323,66.07292,24.752655,91.423386,0.57533187
2.279166666666667,41.353928,-2.8018517,-2.9304254,64.98229,25.0,91.282745,41.02346,-3.1265774,-2.5893183,66.07292,24.752655,91.423386,0.57533413
2.283333333333333,41.353928,-2.8018517,-2.9304254,64.98229,25.0,91.282745,41.02346,-3.1265774,-2.5893183,66.07292,24.752651,91.423386,0.57533413
2.2875,41.353928,-2.8018517,-2.9304254,64.98229,25.0,91.282745,41.023457,-3.1265755,-2.5893183,66.07292,24.752651,91.423386,0.57533526
2.2916666666666665,41.353928,-2.8018517,-2.9304254,64.98229,25.0,91.282745,41.02346,-3.1265755,-2.5893192,66.07292,24.752651,91.42339,0.5753325
2.2958333333333334,41.353928,-2.8018517,-2.9304254,64.98229,25.0,91.282745,41.02346,-3.1265774,-2.5893183,66.07292,24.752647,91.42339,0.57533413
2.3,41.353928,-2.8018517,-2.9304254,64.98229,25.0,91.282745,41.02346,-3.1265745,-2.5893173,66.07292,24.752647,91.42339,0.5753331
2.3041666666666667,41.353928,-2.8018517,-2.9304254,64.98229,25.0,91.282745,41.02346,-3.1265726,-2.5893173,66.072914,24.752647,91.42339,0.57533205
2.308333333333333,41.353928,-2.8018517,-2.9304254,64.98229,25.0,91.282745,41.02346,-3.1265745,-2.5893192,66.07292,24.752647,91.42339,0.575332
2.3125,41.353928,-2.8018517,-2.9304254,64.98229,25.0,91.282745,41.02346,-3.1265755,-2.5893173,66.07292,24.752647,91.42339,0.57533365
2.316666666666667,41.353928,-2.8018517,-2.9304254,64.98229,25.0,91.282745,41.02346,-3.1265755,-2.5893192,66.072914,24.752647,91.42339,0.5753325
2.3208333333333333,41.353928,-2.8018517,-2.9304254,64.98229,25.0,91.282745,41.02346,-3.1265774,-2.5893192,66.07292,24.752647,91.42339,0.5753336
2.325,41.353928,-2.8018517,-2.9304254,64.98229,25.0,91.282745,41.02346,-3.1265774,-2.5893183,66.072914,24.752651,91.42339,0.57533413
2.3291666666666666,41.353928,-2.8018517,-2.9304254,64.98229,25.0,91.282745,41.023457,-3.1265774,-2.5893164,66.072914,24.752647,91.42339,0.57533747
2.3333333333333335,41.353928,-2.8018517,-2.9304254,64.98229,25.0,91.282745,41.023457,-3.1265755,-2.5893173,66.072914,24.752647,91.42339,0.57533586
2.3375,41.353928,-2.8018517,-2.9304254,64.98229,25.0,91.282745,41.023457,-3.1265755,-2.5893173,66.072914,24.752647,91.42339,0.57533586
2.341666666666667,41.353928,-2.8018517,-2.9304254,64.98229,25.0,91.282745,41.023457,-3.1265755,-2.5893173,66.072914,24.752647,91.42339,0.57533586
2.345833333333333,41.353928,-2.8018517,-2.9304254,64.98229,25.0,91.282745,41.023457,-3.1265755,-2.5893173,66.072914,24.752647,91.42339,0.57533586
2.35,41.353928,-2.8018517,-2.9304254,64.98229,25.0,91.282745,41.023457,-3.1265755,-2.5893173,66.072914,24.752647,91.42339,0.57533586
2.3541666666666665,41.353928,-2.8018517,-2.9304254,64.98229,25.0,91.282745,41.023457,-3.1265755,-2.5893173,66.072914,24.752647,91.42339,0.57533586
2.3583333333333334,41.353928,-2.8018517,-2.9304254,64.98229,25.0,91.282745,41.023457,-3.1265755,-2.5893173,66.072914,24.752647,91.42339,0.57533586
2.3625,41.353928,-2.8018517,-2.9304254,64.98229,25.0,91.282745,41.023457,-3.1265755,-2.5893173,66.072914,24.752647,91.42339,0.57533586
2.3666666666666667,41.353928,-2.8018517,-2.9304254,64.98229,25.0,91.282745,41.023457,-3.1265755,-2.5893173,66.072914,24.752647,91.42339,0.57533586
2.370833333333333,41.353928,-2.8018517,-2.9304254,64.98229,25.0,91.282745,41.023457,-3.1265755,-2.5893173,66.072914,24.752647,91.42339,0.57533586
2.375,41.353928,-2.8018517,-2.9304254,64.98229,25.0,91.282745,41.023457,-3.1265755,-2.5893173,66.072914,24.752647,91.42339,0.57533586
2.379166666666667,41.353928,-2.8018517,-2.9304254,64.98229,25.0,91.282745,41.023457,-3.1265755,-2.5893173,66.072914,24.752647,91.42339,0.57533586
2.3833333333333333,41.353928,-2.8018517,-2.9304254,64.98229,25.0,91.282745,41.023457,-3.1265755,-2.5893173,66.072914,24.752647,91.42339,0.57533586
2.3875,41.353928,-2.8018517,-2.9304254,64.98229,25.0,91.282745,41.023457,-3.1265755,-2.5893173,66.072914,24.752647,91.42339,0.57533586
2.3916666666666666,41.353928,-2.8018517,-2.9304254,64.98229,25.0,91.282745,41.023457,-3.1265755,-2.5893173,66.072914,24.752647,91.42339,0.57533586
2.3958333333333335,41.353928,-2.8018517,-2.9304254,64.98229,25.0,91.282745,41.023457,-3.1265755,-2.5893173,66.072914,24.752647,91.42339,0.57533586
2.4,41.353928,-2.8018517,-2.9304254,64.98229,25.0,91.282745,41.023457,-3.1265755,-2.5893173,66.072914,24.752647,91.42339,0.57533586
2.404166666666667,41.353928,-2.8018517,-2.9304254,64.98229,25.0,91.282745,41.023457,-3.1265755,-2.5893173,66.072914,24.752647,91.42339,0.57533586
2.408333333333333,41.353928,-2.8018517,-2.9304254,64.98229,25.0,91.282745,41.023457,-3.1265755,-2.5893173,66.072914,24.752647,91.42339,0.57533586
2.4125,41.353928,-2.8018517,-2.9304254,64.98229,25.0,91.282745,41.023457,-3.1265755,-2.5893173,66.072914,24.752647,91.42339,0.57533586
2.4166666666666665,41.353928,-2.8018517,-2.9304254,64.98229,25.0,91.282745,41.023457,-3.1265755,-2.5893173,66.072914,24.752647,91.42339,0.57533586
2.4208333333333334,41.353928,-2.8018517,-2.9304254,64.98229,25.0,91.282745,41.023457,-3.1265755,-2.5893173,66.072914,24.752647,91.42339,0.57533586
2.425,41.353928,-2.8018517,-2.9304254,64.98229,25.0,91.282745,41.023457,-3.1265755,-2.5893173,66.072914,24.752647,91.42339,0.57533586
2.4291666666666667,41.353928,-2.8018517,-2.9304254,64.98229,25.0,91.282745,41.023457,-3.1265755,-2.5893173,66.072914,24.752647,91.42339,0.57533586
2.433333333333333,41.353928,-2.8018517,-2.9304254,64.98229,25.0,91.282745,41.023457,-3.1265755,-2.5893173,66.072914,24.752647,91.42339,0.57533586
2.4375,41.353928,-2.8018517,-2.9304254,64.98229,25.0,91.282745,41.023457,-3.1265755,-2.5893173,66.072914,24.752647,91.42339,0.57533586
2.441666666666667,41.353928,-2.8018517,-2.9304254,64.98229,25.0,91.282745,41.023457,-3.1265755,-2.5893173,66.072914,24.752647,91.42339,0.57533586
2.4458333333333333,41.353928,-2.8018517,-2.9304254,64.98229,25.0,91.282745,41.023457,-3.1265755,-2.5893173,66.072914,24.752647,91.42339,0.57533586
2.45,41.353928,-2.8018517,-2.9304254,64.98229,25.0,91.282745,41.023457,-3.1265755,-2.5893173,66.072914,24.752647,91.42339,0.57533586
2.4541666666666666,41.353928,-2.8018517,-2.9304254,64.98229,25.0,91.282745,41.023457,-3.1265755,-2.5893173,66.072914,24.752647,91.42339,0.57533586
2.4583333333333335,41.353928,-2.8018517,-2.9304254,64.98229,25.0,91.282745,41.023457,-3.1265755,-2.5893173,66.072914,24.752647,91.42339,0.57533586
2.4625,41.353928,-2.8018517,-2.9304254,64.98229,25.0,91.282745,41.023457,-3.1265755,-2.5893173,66.072914,24.752647,91.42339,0.57533586
2.466666666666667,41.353928,-2.8018517,-2.9304254,64.98229,25.0,91.282745,41.023457,-3.1265755,-2.5893173,66.072914,24.752647,91.42339,0.57533586
2.470833333333333,41.353928,-2.8018517,-2.9304254,64.98229,25.0,91.282745,41.023457,-3.1265755,-2.5893173,66.072914,24.752647,91.42339,0.57533586
2.475,41.353928,-2.8018517,-2.9304254,64.98229,25.0,91.282745,41.023457,-3.1265755,-2.5893173,66.072914,24.752647,91.42339,0.57533586
2.4791666666666665,41.353928,-2.8018517,-2.9304254,64.98229,25.0,91.282745,41.023457,-3.1265755,-2.5893173,66.072914,24.752647,91.42339,0.57533586
2.4833333333333334,41.353928,-2.8018517,-2.9304254,64.98229,25.0,91.282745,41.023457,-3.1265755,-2.5893173,66.072914,24.752647,91.42339,0.57533586
2.4875,41.353928,-2.8018517,-2.9304254,64.98229,25.0,91.282745,41.023457,-3.1265755,-2.5893173,66.072914,24.752647,91.42339,0.57533586
2.4916666666666667,41.353928,-2.8018517,-2.9304254,64.98229,25.0,91.282745,41.023457,-3.1265755,-2.5893173,66.072914,24.752647,91.42339,0.57533586
2.495833333333333,41.353928,-2.8018517,-2.9304254,64.98229,25.0,91.282745,41.023457,-3.1265755,-2.5893173,66.072914,24.752647,91.42339,0.57533586
2.5,41.353928,-2.8018517,-2.9304254,64.98229,25.0,91.282745,41.023457,-3.1265755,-2.5893173,66.072914,24.752647,91.42339,0.57533586
2.504166666666667,41.353928,-2.8018517,-2.9304254,64.98229,25.0,91.282745,41.023457,-3.1265755,-2.5893173,66.072914,24.752647,91.42339,0.57533586
2.5083333333333333,41.353928,-2.8018517,-2.9304254,64.98229,25.0,91.282745,41.023457,-3.1265755,-2.5893173,66.072914,24.752647,91.42339,0.57533586
2.5125,41.353928,-2.8018517,-2.9304254,64.98229,25.0,91.282745,41.023457,-3.1265755,-2.5893173,66.072914,24.752647,91.42339,0.57533586
2.5166666666666666,41.353928,-2.8018517,-2.9304254,64.98229,25.0,91.282745,41.023457,-3.1265755,-2.5893173,66.072914,24.752647,91.42339,0.57533586
2.5208333333333335,41.353928,-2.8018517,-2.9304254,64.98229,25.0,91.282745,41.023457,-3.1265755,-2.5893173,66.072914,24.752647,91.42339,0.57533586
2.525,41.353928,-2.8018517,-2.9304254,64.98229,25.0,91.282745,41.023457,-3.1265755,-2.5893173,66.072914,24.752647,91.42339,0.57533586
2.529166666666667,41.353928,-2.8018517,-2.9304254,64.98229,25.0,91.282745,41.023457,-3.1265755,-2.5893173,66.072914,24.752647,91.42339,0.57533586
2.533333333333333,41.353928,-2.8018517,-2.9304254,64.98229,25.0,91.282745,41.023457,-3.1265774,-2.5893164,66.07292,24.752647,91.423386,0.57533747
2.5375,41.353928,-2.8018517,-2.9304254,64.98229,25.0,91.282745,41.02346,-3.1265812,-2.5893116,66.07293,24.752647,91.423386,0.5753403
2.5416666666666665,41.353928,-2.8018517,-2.9304254,64.98229,25.0,91.282745,41.02345,-3.1265688,-2.589301,66.07295,24.752666,91.42338,0.57534605
2.5458333333333334,41.353928,-2.8018517,-2.9304254,64.98229,25.0,91.282745,41.023434,-3.126505,-2.5892897,66.07301,24.75282,91.42335,0.57532555
2.55,41.353928,-2.8018517,-2.9304254,64.98229,25.0,91.282745,41.0234,-3.1263475,-2.5892563,66.07312,24.75314,91.42329,0.5752763
2.5541666666666667,41.353928,-2.8018517,-2.9304254,64.98229,25.0,91.282745,41.02336,-3.1260328,-2.5892105,66.07333,24.753777,91.42316,0.5751479
2.558333333333333,41.353928,-2.8018517,-2.9304254,64.98229,25.0,91.282745,41.023308,-3.1255531,-2.58914,66.07371,24.754807,91.42294,0.5749503
2.5625,41.353928,-2.8018517,-2.9304254,64.98229,25.0,91.282745,41.023193,-3.1248703,-2.5890293,66.07434,24.756382,91.42261,0.5746977
2.566666666666667,41.353928,-2.8018517,-2.9304254,64.98229,25.0,91.282745,41.023014,-3.123909,-2.588954,66.07527,24.758705,91.42206,0.574306
2.5708333333333333,41.353928,-2.8018517,-2.9304254,64.98229,25.0,91.282745,41.02274,-3.1226234,-2.5889454,66.07652,24.761978,91.42121,0.57374966
2.575,41.353928,-2.8018517,-2.9304254,64.98229,25.0,91.282745,41.022423,-3.1209698,-2.5890398,66.07818,24.766293,91.419914,0.57295364
2.5791666666666666,41.353928,-2.8018517,-2.9304254,64.98229,25.0,91.282745,41.022118,-3.1190138,-2.5892658,66.08048,24.771786,91.418045,0.57190865
2.5833333333333335,41.353928,-2.8018517,-2.9304254,64.98229,25.0,91.282745,41.02182,-3.1168556,-2.5896378,66.08356,24.778328,91.41557,0.5706655
2.5875,41.353928,-2.8018517,-2.9304254,64.98229,25.0,91.282745,41.021515,-3.11444,-2.5901423,66.08758,24.785988,91.4124,0.56921196
2.591666666666667,41.353928,-2.8018517,-2.9304254,64.98229,25.0,91.282745,41.021164,-3.111703,-2.5910683,66.09251,24.794994,91.4084,0.5673647
2.595833333333333,41.353928,-2.8018517,-2.9304254,64.98229,25.0,91.282745,41.020737,-3.1087008,-2.5927124,66.098236,24.805805,91.40348,0.56499785
2.6,41.353928,-2.8018517,-2.9304254,64.98229,25.0,91.282745,41.02037,-3.104947,-2.5961475,66.10345,24.820274,91.39754,0.5611318
2.6041666666666665,41.353928,-2.8018517,-2.9304254,64.98229,25.0,91.282745,41.019375,-3.1006374,-2.6007004,66.109474,24.837101,91.39032,0.5567019
2.6083333333333334,41.353928,-2.8018517,-2.9304254,64.98229,25.0,91.282745,41.017647,-3.0955935,-2.6061087,66.11691,24.857616,91.381805,0.5518608
2.6125,41.353928,-2.8018517,-2.9304254,64.98229,25.0,91.282745,41.015827,-3.0899448,-2.6130724,66.12595,24.882568,91.371925,0.54591435
2.6166666666666667,41.353928,-2.8018517,-2.9304254,64.98229,25.0,91.282745,41.0138,-3.0836716,-2.6215992,66.136116,24.911678,91.3604,0.5389636
2.620833333333333,41.353928,-2.8018517,-2.9304254,64.98229,25.0,91.282745,41.01159,-3.076848,-2.63134,66.14676,24.945206,91.346695,0.53129154
2.625,41.353928,-2.8018517,-2.9304254,64.98229,25.0,91.282745,41.010136,-3.0695705,-2.6432,66.15832,24.981434,91.33184,0.52188575
2.629166666666667,41.353928,-2.8018517,-2.9304254,64.98229,25.0,91.282745,41.010406,-3.0623102,-2.656763,66.17186,25.020123,91.31553,0.5106236
2.6333333333333333,41.353928,-2.8018517,-2.9304254,64.98229,25.0,91.282745,41.011482,-3.056656,-2.6721296,66.18495,25.057186,91.296074,0.4989095
2.6375,41.353928,-2.8018517,-2.9304254,64.98229,25.0,91.282745,41.01458,-3.052558,-2.6921568,66.1922,25.09481,91.275,0.4845436
2.6416666666666666,41.353928,-2.8018517,-2.9304254,64.98229,25.0,91.282745,41.018524,-3.0501127,-2.7156324,66.19754,25.132996,91.25153,0.469324
2.6458333333333335,41.353928,-2.8018517,-2.9304254,64.98229,25.0,91.282745,41.021393,-3.0509348,-2.7415419,66.20244,25.164024,91.229744,0.45639756
2.65,41.353928,-2.8018517,-2.9304254,64.98229,25.0,91.282745,41.02327,-3.0575418,-2.773306,66.20468,25.191383,91.20894,0.44654077
2.654166666666667,41.353928,-2.801875,-2.9304252,64.98232,25.0,91.282745,41.02578,-3.0691319,-2.809517,66.205864,25.216984,91.186806,0.44014317
2.658333333333333,41.353928,-2.802036,-2.9304256,64.98253,25.0,91.282715,41.029877,-3.0839891,-2.845725,66.20659,25.241573,91.16245,0.43781358
2.6625,41.353928,-2.8024683,-2.930425,64.983086,25.0,91.28263,41.036354,-3.1014013,-2.8834171,66.20918,25.260635,91.13961,0.43866122
2.6666666666666665,41.353928,-2.8032944,-2.9304261,64.984146,25.0,91.28248,41.04337,-3.120698,-2.9259367,66.20977,25.283596,91.11751,0.44408518
2.6708333333333334,41.353928,-2.8046343,-2.9304252,64.98587,25.0,91.28223,41.053646,-3.14365,-2.9719782,66.208374,25.304482,91.09737,0.4547827
2.675,41.353928,-2.8065982,-2.930425,64.988396,25.0,91.28186,41.066223,-3.1671686,-3.0205593,66.20555,25.318779,91.08008,0.47000968
2.6791666666666667,41.353928,-2.8092928,-2.9304256,64.99186,25.0,91.28135,41.077084,-3.1913671,-3.07473,66.20185,25.340569,91.064285,0.49340364
2.683333333333333,41.353928,-2.8128123,-2.9304261,64.99638,25.0,91.28069,41.0881,-3.2186918,-3.1294603,66.20605,25.356731,91.04977,0.5244205
2.6875,41.353928,-2.8172512,-2.9304266,65.00209,25.0,91.27986,41.097458,-3.2466726,-3.1921682,66.20811,25.3801,91.0322,0.5645247
2.691666666666667,41.353928,-2.8226972,-2.9304252,65.009094,25.0,91.27883,41.104618,-3.2734241,-3.2619743,66.20339,25.415722,91.01546,0.6125642
2.6958333333333333,41.353928,-2.8292277,-2.9304278,65.01749,25.0,91.2776,41.11004,-3.3012943,-3.337525,66.19061,25.458546,90.99777,0.6693704
2.7,41.353928,-2.8369133,-2.9304235,65.027374,25.0,91.276146,41.114952,-3.3318691,-3.4186416,66.16376,25.506252,90.979996,0.7351513
2.7041666666666666,41.353928,-2.8458288,-2.9304247,65.03883,25.0,91.27445,41.118237,-3.3653955,-3.5054555,66.13122,25.560669,90.9661,0.81003726
2.7083333333333335,41.353928,-2.856033,-2.9304266,65.05195,25.0,91.27251,41.123062,-3.39999,-3.6011372,66.08804,25.6092,90.95967,0.89389074
2.7125,41.353928,-2.8675804,-2.9304247,65.066795,25.0,91.2703,41.131107,-3.4279375,-3.6965327,66.046776,25.666027,90.95562,0.974972
2.716666666666667,41.353928,-2.880523,-2.9304276,65.08343,25.0,91.267815,41.137356,-3.4601183,-3.7898154,66.00686,25.726288,90.95571,1.058953
2.720833333333333,41.353928,-2.8949099,-2.9304266,65.10192,25.0,91.265045,41.141823,-3.4972944,-3.877749,65.972336,25.784145,90.95971,1.1424865
2.725,41.353928,-2.9107764,-2.930426,65.122314,25.0,91.26197,41.15477,-3.5426607,-3.9543047,65.9629,25.858028,90.97054,1.2195365
2.7291666666666665,41.353928,-2.9281595,-2.9304261,65.14465,25.0,91.258575,41.16445,-3.5977564,-4.025778,65.95631,25.935375,91.00362,1.2977121
2.7333333333333334,41.353928,-2.9470904,-2.9304287,65.168976,25.0,91.25486,41.178402,-3.6501732,-4.0985847,65.94597,26.021507,91.03391,1.3746719
2.7375,41.353928,-2.967595,-2.930425,65.19533,25.0,91.25081,41.201088,-3.6900854,-4.175736,65.914566,26.11832,91.05398,1.4478093
2.7416666666666667,41.353928,-2.9896924,-2.9304254,65.22372,25.0,91.246414,41.224537,-3.712491,-4.2539334,65.87899,26.21082,91.07346,1.5135565
2.745833333333333,41.353928,-3.0133994,-2.9304237,65.25417,25.0,91.24166,41.248634,-3.7238579,-4.3365407,65.82695,26.301136,91.08349,1.5789247
2.75,41.353928,-3.038727,-2.9304283,65.2867,25.0,91.23654,41.26838,-3.7291632,-4.431437,65.74397,26.384186,91.07657,1.6544025
2.754166666666667,41.353928,-3.0656822,-2.9304247,65.32132,25.0,91.23105,41.285973,-3.7393293,-4.527146,65.63866,26.469685,91.07051,1.7343405
2.7583333333333333,41.353928,-3.0942688,-2.9304252,65.358025,25.0,91.22517,41.30141,-3.749426,-4.6196012,65.54549,26.558697,91.0531,1.8125409
2.7625,41.353928,-3.1244812,-2.9304245,65.39681,25.0,91.218895,41.314613,-3.7638311,-4.7111235,65.45883,26.651001,91.02541,1.8924067
2.7666666666666666,41.353928,-3.1563208,-2.9304273,65.437675,25.0,91.21221,41.323612,-3.7755642,-4.8047004,65.369484,26.73833,90.98781,1.9741532
2.7708333333333335,41.353928,-3.189773,-2.9304261,65.480606,25.0,91.205124,41.331352,-3.7871733,-4.8953633,65.29102,26.822823,90.94155,2.0538683
2.775,41.353928,-3.2248254,-2.9304237,65.52558,25.0,91.19762,41.335022,-3.79243,-4.983263,65.23834,26.913956,90.884125,2.1299486
2.779166666666667,41.353928,-3.2614648,-2.930428,65.57257,25.0,91.189674,41.330482,-3.7933197,-5.061317,65.19873,27.014751,90.817566,2.196385
2.783333333333333,41.353928,-3.2996652,-2.9304264,65.62156,25.0,91.181305,41.31958,-3.7933083,-5.134064,65.1841,27.117058,90.754486,2.2585135
2.7875,41.353928,-3.3394063,-2.9304247,65.67251,25.0,91.17249,41.3011,-3.7950134,-5.202964,65.17866,27.214958,90.69966,2.318362
2.7916666666666665,41.353928,-3.3806577,-2.9304264,65.72537,25.0,91.16324,41.287586,-3.8078537,-5.2619934,65.19749,27.317738,90.64348,2.3713083
2.7958333333333334,41.353928,-3.423393,-2.9304273,65.78012,25.0,91.15353,41.272907,-3.826229,-5.3105855,65.23726,27.429111,90.5833,2.4153664
2.8,41.353928,-3.467578,-2.930427,65.83671,25.0,91.14336,41.261703,-3.8442707,-5.3554287,65.29239,27.550041,90.51764,2.4558167
2.8041666666666667,41.353928,-3.5131748,-2.9304276,65.89508,25.0,91.13273,41.256252,-3.8657103,-5.393916,65.35902,27.676094,90.45021,2.4905016
2.808333333333333,41.353928,-3.5601416,-2.9304266,65.955185,25.0,91.121635,41.252224,-3.8846645,-5.425676,65.43023,27.823456,90.39186,2.5183184
2.8125,41.35393,-3.608443,-2.9304268,66.01697,25.0,91.11006,41.250484,-3.9031315,-5.451055,65.51131,27.971714,90.33494,2.5399034
2.816666666666667,41.353928,-3.6580286,-2.9304256,66.08037,25.0,91.09804,41.2556,-3.9190588,-5.46723,65.60422,28.112514,90.27643,2.5520935
2.8208333333333333,41.353928,-3.7088518,-2.9304252,66.14532,25.0,91.08553,41.257797,-3.9307184,-5.4778433,65.7146,28.25299,90.22446,2.558868
2.825,41.353928,-3.7608662,-2.9304252,66.211754,25.0,91.07256,41.255165,-3.9430037,-5.4835863,65.83236,28.39228,90.1776,2.5615542
2.8291666666666666,41.353928,-3.8140204,-2.9304247,66.27961,25.0,91.05911,41.25257,-3.9563951,-5.482863,65.95897,28.524132,90.13335,2.5584145
2.8333333333333335,41.353928,-3.868256,-2.9304237,66.34881,25.0,91.045204,41.252316,-3.9702797,-5.47239,66.09573,28.647968,90.08821,2.5460415
2.8375,41.353928,-3.9235234,-2.9304268,66.41927,25.0,91.03082,41.251503,-3.9859886,-5.452667,66.23893,28.759499,90.04337,2.525092
2.841666666666667,41.353928,-3.979762,-2.930427,66.49094,25.0,91.015976,41.25173,-4.0024643,-5.4267426,66.38798,28.86937,89.99843,2.4985096
2.845833333333333,41.353928,-4.036909,-2.930425,66.56371,25.0,91.00068,41.25202,-4.0231524,-5.3962626,66.53215,28.97073,89.95218,2.4679809
2.85,41.353928,-4.0949116,-2.930427,66.63752,25.0,90.984924,41.25543,-4.047406,-5.362676,66.66808,29.050465,89.90457,2.4347062
2.8541666666666665,41.353928,-4.1536975,-2.9304283,66.71227,25.0,90.968735,41.259766,-4.0726185,-5.3250327,66.80484,29.124176,89.85723,2.3978262
2.8583333333333334,41.353928,-4.213208,-2.9304254,66.787895,25.0,90.95211,41.26254,-4.099559,-5.287461,66.93868,29.19012,89.811386,2.3615427
2.8625,41.353928,-4.273382,-2.9304256,66.864296,25.0,90.93505,41.266575,-4.1303167,-5.2495184,67.07012,29.243084,89.767876,2.3251429
2.8666666666666667,41.353928,-4.3341465,-2.9304307,66.941376,25.0,90.91759,41.26982,-4.16125,-5.2079225,67.198235,29.28545,89.727104,2.2855933
2.870833333333333,41.353928,-4.395437,-2.9304256,67.01907,25.0,90.89972,41.273464,-4.1932,-5.1651597,67.319626,29.31533,89.688835,2.2453086
2.875,41.35393,-4.457185,-2.9304252,67.097275,25.0,90.88146,41.278065,-4.232421,-5.12515,67.43667,29.335571,89.65091,2.207508
2.879166666666667,41.353928,-4.5193167,-2.9304276,67.17589,25.0,90.86285,41.281925,-4.2771807,-5.08719,67.547455,29.346165,89.61309,2.1715062
2.8833333333333333,41.353928,-4.5817714,-2.9304237,67.254845,25.0,90.843864,41.283913,-4.3260307,-5.0503697,67.65258,29.343388,89.57472,2.1364636
2.8875,41.353928,-4.6444755,-2.9304266,67.33403,25.0,90.82454,41.28518,-4.378336,-5.015318,67.75139,29.330856,89.53661,2.1029334
2.8916666666666666,41.353928,-4.707353,-2.9304276,67.41336,25.0,90.80491,41.286808,-4.431958,-4.983856,67.848045,29.309845,89.49691,2.0729005
2.8958333333333335,41.353928,-4.770342,-2.930427,67.49275,25.0,90.78497,41.292244,-4.4904156,-4.949754,67.940315,29.27594,89.46434,2.03957
2.9,41.353928,-4.8333635,-2.9304252,67.572105,25.0,90.76476,41.295815,-4.5510483,-4.917862,68.02537,29.23441,89.43165,2.008229
2.904166666666667,41.353928,-4.8963494,-2.930424,67.65133,25.0,90.7443,41.296005,-4.6107683,-4.888378,68.10048,29.189358,89.402596,1.9795191
2.908333333333333,41.353928,-4.9592276,-2.9304228,67.73033,25.0,90.72361,41.29599,-4.68174,-4.8619194,68.16567,29.137997,89.37322,1.9521873
2.9125,41.353928,-5.0219336,-2.9304273,67.80902,25.0,90.702705,41.2956,-4.7569733,-4.8359585,68.22808,29.079502,89.34469,1.9247481
2.9166666666666665,41.353928,-5.084386,-2.9304264,67.887314,25.0,90.68163,41.293976,-4.8359413,-4.8085823,68.28718,29.007267,89.319275,1.8954653
2.9208333333333334,41.353928,-5.146519,-2.9304254,67.96512,25.0,90.66041,41.291473,-4.919118,-4.7824073,68.340775,28.92284,89.29404,1.8669357
2.925,41.353928,-5.2082686,-2.9304256,68.04235,25.0,90.63905,41.28954,-5.005189,-4.758725,68.39078,28.829361,89.26925,1.8406701
2.9291666666666667,41.353928,-5.2695575,-2.9304252,68.11892,25.0,90.617615,41.289917,-5.0927563,-4.7368827,68.43435,28.728424,89.24597,1.8162172
2.933333333333333,41.353928,-5.330322,-2.9304261,68.19474,25.0,90.59611,41.289635,-5.181714,-4.7147617,68.47221,28.623528,89.22408,1.7916672
2.9375,41.35393,-5.3904967,-2.9304261,68.26974,25.0,90.574554,41.29017,-5.270404,-4.690597,68.50273,28.51015,89.20578,1.7654148
2.941666666666667,41.353928,-5.450005,-2.9304254,68.34382,25.0,90.553024,41.29209,-5.3569593,-4.664405,68.52852,28.398098,89.19173,1.7375747
2.9458333333333333,41.353928,-5.508795,-2.930429,68.41691,25.0,90.53151,41.291367,-5.4372377,-4.6344166,68.55511,28.287498,89.18033,1.7066365
2.95,41.353928,-5.566792,-2.9304261,68.48894,25.0,90.51006,41.28959,-5.515709,-4.6000795,68.57799,28.176773,89.17012,1.6716733
2.9541666666666666,41.353928,-5.6239424,-2.930427,68.55982,25.0,90.48871,41.288372,-5.5925484,-4.559991,68.60481,28.064964,89.16054,1.631184
2.9583333333333335,41.353928,-5.6801786,-2.9304252,68.62949,25.0,90.46748,41.28782,-5.669505,-4.513637,68.6417,27.963543,89.14917,1.5846274
2.9625,41.353928,-5.7354445,-2.9304264,68.697876,25.0,90.44642,41.28969,-5.751791,-4.4633875,68.691734,27.869133,89.14286,1.5343935
2.966666666666667,41.353928,-5.7896824,-2.9304261,68.76491,25.0,90.425545,41.29279,-5.8350153,-4.408583,68.74667,27.772621,89.13681,1.4801152
2.970833333333333,41.353928,-5.842836,-2.9304264,68.83052,25.0,90.4049,41.293278,-5.924034,-4.352668,68.80403,27.681252,89.12573,1.4258479
2.975,41.353928,-5.8948507,-2.9304256,68.89465,25.0,90.384514,41.290257,-6.009712,-4.2929373,68.87056,27.585503,89.115036,1.3688262
2.9791666666666665,41.353928,-5.9456763,-2.9304256,68.957245,25.0,90.36442,41.28932,-6.0908747,-4.2184305,68.94879,27.476902,89.10149,1.2977723
2.9833333333333334,41.353928,-5.995261,-2.9304235,69.01824,25.0,90.34465,41.288643,-6.170192,-4.133182,69.04544,27.384209,89.08507,1.2171651
2.9875,41.353928,-6.043563,-2.9304268,69.07758,25.0,90.32523,41.293526,-6.2468224,-4.040248,69.15681,27.29823,89.06943,1.1298963
2.9916666666666667,41.353928,-6.09053,-2.930424,69.13523,25.0,90.306206,41.305294,-6.320759,-3.9434671,69.270615,27.217236,89.05353,1.040013
2.995833333333333,41.353928,-6.1361256,-2.9304266,69.191124,25.0,90.28759,41.321976,-6.394023,-3.8553753,69.376144,27.147415,89.0315,0.9607612
3.0,41.353928,-6.1803107,-2.930428,69.24523,25.0,90.26942,41.337234,-6.4593897,-3.7683344,69.47575,27.08006,89.01127,0.88331807
3.004166666666667,41.353928,-6.2230463,-2.9304254,69.297516,25.0,90.251724,41.354027,-6.525981,-3.6831465,69.57471,27.028767,88.98932,0.81139284
3.0083333333333333,41.353928,-6.2642975,-2.9304278,69.34792,25.0,90.23452,41.37029,-6.593892,-3.6020823,69.67378,26.985611,88.96684,0.74834484
3.0125,41.353928,-6.3040395,-2.930425,69.39645,25.0,90.21784,41.38987,-6.659443,-3.5238295,69.78004,26.937313,88.95118,0.6926272
3.0166666666666666,41.353928,-6.3422394,-2.930424,69.44304,25.0,90.20171,41.408253,-6.7226048,-3.450872,69.88045,26.888767,88.94054,0.646912
3.0208333333333335,41.35393,-6.3788795,-2.930427,69.48768,25.0,90.18614,41.421883,-6.791915,-3.3921957,69.972855,26.84584,88.92886,0.62325424
3.025,41.353928,-6.413928,-2.930426,69.53035,25.0,90.17118,41.43616,-6.852206,-3.3398223,70.06266,26.79958,88.91878,0.60535574
3.029166666666667,41.353928,-6.447381,-2.930427,69.57104,25.0,90.156815,41.449028,-6.898141,-3.292242,70.140396,26.744438,88.91054,0.5857804
3.033333333333333,41.353928,-6.4792194,-2.9304256,69.60973,25.0,90.143074,41.46063,-6.937584,-3.251863,70.21196,26.694149,88.88881,0.5699167
3.0375,41.353928,-6.5094347,-2.9304261,69.64642,25.0,90.12997,41.473644,-6.9691906,-3.2177935,70.28271,26.644592,88.855446,0.5552365
3.0416666666666665,41.353928,-6.538021,-2.9304242,69.681114,25.0,90.117516,41.485245,-6.99741,-3.1888313,70.34055,26.580723,88.82532,0.54319096
3.0458333333333334,41.353928,-6.5649767,-2.9304285,69.71379,25.0,90.10572,41.492256,-7.026369,-3.1647787,70.39231,26.514477,88.79271,0.53566575
3.05,41.353928,-6.5903034,-2.9304254,69.744484,25.0,90.0946,41.496166,-7.054696,-3.1433697,70.44081,26.454235,88.75421,0.53031844
3.0541666666666667,41.353928,-6.614011,-2.930424,69.77319,25.0,90.084145,41.500927,-7.0752726,-3.12424,70.48611,26.398102,88.72027,0.52147466
3.058333333333333,41.353928,-6.6361074,-2.930424,69.799934,25.0,90.07437,41.504143,-7.093998,-3.1024637,70.532364,26.351295,88.68668,0.51168936
3.0625,41.353928,-6.656613,-2.930427,69.82473,25.0,90.06527,41.50763,-7.109392,-3.0784292,70.57945,26.309689,88.658516,0.5005377
3.066666666666667,41.353928,-6.675547,-2.9304268,69.84762,25.0,90.05684,41.513203,-7.11942,-3.0585184,70.62195,26.2739,88.63748,0.48867083
3.0708333333333333,41.353928,-6.692929,-2.9304254,69.86862,25.0,90.04908,41.518612,-7.126604,-3.0349407,70.660385,26.230698,88.62264,0.47551933
3.075,41.353928,-6.7087965,-2.9304297,69.88778,25.0,90.041985,41.528847,-7.1346416,-3.007022,70.69229,26.18095,88.609634,0.46669814
3.0791666666666666,41.353928,-6.723181,-2.9304247,69.90515,25.0,90.03553,41.5427,-7.1412354,-2.971632,70.72026,26.126568,88.59909,0.4605468
3.0833333333333335,41.353928,-6.736123,-2.9304254,69.92077,25.0,90.02972,41.558517,-7.1438866,-2.9303427,70.75221,26.071701,88.599205,0.45621055
3.0875,41.35393,-6.747673,-2.9304256,69.9347,25.0,90.024506,41.573654,-7.1454678,-2.8872528,70.782135,26.011753,88.6052,0.45648947
3.091666666666667,41.353928,-6.7578745,-2.9304245,69.94701,25.0,90.01991,41.586647,-7.1471243,-2.8435698,70.808,25.940136,88.61664,0.4617548
3.095833333333333,41.353928,-6.76679,-2.9304285,69.95775,25.0,90.015884,41.598278,-7.146906,-2.7986488,70.830124,25.861301,88.63422,0.47070286
3.1,41.353928,-6.774476,-2.9304256,69.96702,25.0,90.01241,41.60702,-7.146346,-2.7563438,70.85074,25.783798,88.6547,0.48233622
3.1041666666666665,41.353928,-6.781006,-2.9304283,69.974884,25.0,90.00946,41.613888,-7.14618,-2.7173452,70.868774,25.706638,88.67793,0.4963224
3.1083333333333334,41.353928,-6.786453,-2.930429,69.981445,25.0,90.00699,41.61966,-7.146451,-2.680067,70.884415,25.629189,88.705124,0.51273113
3.1125,41.353928,-6.7908916,-2.9304242,69.9868,25.0,90.004974,41.62449,-7.146695,-2.6480017,70.89853,25.55605,88.73303,0.52873623
3.1166666666666667,41.353928,-6.794411,-2.9304326,69.99103,25.0,90.00338,41.629402,-7.1470423,-2.6208038,70.910995,25.488697,88.76122,0.5441552
3.120833333333333,41.353928,-6.797104,-2.9304237,69.994286,25.0,90.00216,41.634933,-7.147868,-2.597355,70.919945,25.42715,88.7899,0.5594057
3.125,41.353928,-6.7990694,-2.9304252,69.99665,25.0,90.00127,41.638554,-7.1489315,-2.5799923,70.92662,25.37973,88.81696,0.57115555
3.129166666666667,41.353928,-6.8004084,-2.9304268,69.99826,25.0,90.000656,41.640556,-7.1493654,-2.5679865,70.93033,25.34011,88.84368,0.5790424
3.1333333333333333,41.353928,-6.8012347,-2.9304245,69.99926,25.0,90.00028,41.641663,-7.1491985,-2.5595922,70.93233,25.30841,88.86832,0.5842831
3.1375,41.353928,-6.8016667,-2.930425,69.99978,25.0,90.000084,41.64054,-7.1493473,-2.5527687,70.93536,25.282417,88.891685,0.5879229
3.1416666666666666,41.353928,-6.8018284,-2.9304278,69.99997,25.0,90.000015,41.63913,-7.1501303,-2.5488749,70.93676,25.262913,88.91449,0.59011614
3.1458333333333335,41.353928,-6.8018513,-2.930426,70.0,25.0,90.0,41.635845,-7.1513224,-2.5476494,70.937,25.248173,88.937225,0.59002155
3.15,41.353928,-6.8018513,-2.930426,70.0,25.0,90.0,41.63179,-7.1521997,-2.5480318,70.93675,25.238068,88.960205,0.58836794
3.154166666666667,41.353928,-6.8018513,-2.930426,70.0,25.0,90.0,41.627716,-7.152671,-2.5501251,70.936584,25.232414,88.98129,0.58537436
3.158333333333333,41.353928,-6.8018513,-2.930426,70.0,25.0,90.0,41.62366,-7.152629,-2.5539942,70.93695,25.230747,89.00036,0.5809491
3.1625,41.353928,-6.8018513,-2.930426,70.0,25.0,90.0,41.6197,-7.1519785,-2.5586414,70.93839,25.233353,89.01724,0.5757156
3.1666666666666665,41.353928,-6.8018513,-2.930426,70.0,25.0,90.0,41.61602,-7.1508408,-2.56398,70.94066,25.23936,89.0317,0.56988484
3.1708333333333334,41.353928,-6.8018513,-2.930426,70.0,25.0,90.0,41.612423,-7.1493597,-2.5696373,70.94404,25.247868,89.04412,0.5636935
3.175,41.353928,-6.8018513,-2.930426,70.0,25.0,90.0,41.609005,-7.14802,-2.575491,70.947975,25.258331,89.05437,0.5575625
3.1791666666666667,41.353928,-6.8018513,-2.930426,70.0,25.0,90.0,41.605618,-7.1471014,-2.5812197,70.95229,25.269669,89.06289,0.5518065
3.183333333333333,41.353928,-6.8018513,-2.930426,70.0,25.0,90.0,41.602104,-7.146612,-2.5868692,70.95616,25.281048,89.06964,0.5463359
3.1875,41.353928,-6.8018513,-2.930426,70.0,25.0,90.0,41.598576,-7.1464252,-2.592392,70.95955,25.291954,89.075005,0.5411569
3.191666666666667,41.353928,-6.8018513,-2.930426,70.0,25.0,90.0,41.595417,-7.146453,-2.597827,70.96227,25.302807,89.07947,0.5363669
3.1958333333333333,41.353928,-6.8018513,-2.930426,70.0,25.0,90.0,41.59261,-7.146616,-2.6031952,70.96422,25.313515,89.08305,0.5318944
3.2,41.353928,-6.8018513,-2.930426,70.0,25.0,90.0,41.590225,-7.1467743,-2.6085377,70.96533,25.3238,89.08582,0.5276556
3.2041666666666666,41.353928,-6.8018513,-2.930426,70.0,25.0,90.0,41.588264,-7.1468534,-2.613594,70.965904,25.333519,89.08788,0.52375823
3.2083333333333335,41.353928,-6.8018513,-2.930426,70.0,25.0,90.0,41.58674,-7.146847,-2.6182613,70.96607,25.342674,89.08932,0.52025914
3.2125,41.353928,-6.8018513,-2.930426,70.0,25.0,90.0,41.58558,-7.146757,-2.6224852,70.965836,25.350994,89.09027,0.5171555
3.216666666666667,41.353928,-6.8018513,-2.930426,70.0,25.0,90.0,41.58473,-7.146531,-2.6262054,70.96523,25.35823,89.090805,0.5144154
3.220833333333333,41.353928,-6.8018513,-2.930426,70.0,25.0,90.0,41.58413,-7.146137,-2.629344,70.96447,25.364346,89.091034,0.5120312
3.225,41.353928,-6.8018513,-2.930426,70.0,25.0,90.0,41.583717,-7.1456556,-2.6318598,70.96369,25.369305,89.09114,0.5100455
3.2291666666666665,41.353928,-6.8018513,-2.930426,70.0,25.0,90.0,41.58345,-7.1452227,-2.6337652,70.96305,25.37307,89.09121,0.50851953
3.2333333333333334,41.353928,-6.8018513,-2.930426,70.0,25.0,90.0,41.583267,-7.144882,-2.63511,70.962524,25.375694,89.09125,0.5074233
3.2375,41.353928,-6.8018513,-2.930426,70.0,25.0,90.0,41.583145,-7.1446514,-2.6360092,70.96215,25.37735,89.09128,0.506689
3.2416666666666667,41.353928,-6.8018513,-2.930426,70.0,25.0,90.0,41.583057,-7.1445036,-2.6365929,70.96189,25.378372,89.09131,0.5062103
3.245833333333333,41.353928,-6.8018513,-2.930426,70.0,25.0,90.0,41.583008,-7.144411,-2.6369238,70.96169,25.378857,89.09132,0.5059332
3.25,41.353928,-6.8018513,-2.930426,70.0,25.0,90.0,41.58297,-7.14437,-2.637086,70.96158,25.379074,89.09134,0.50579417
3.254166666666667,41.353928,-6.8018513,-2.930426,70.0,25.0,90.0,41.582947,-7.144352,-2.637145,70.96152,25.379135,89.09135,0.50573725
3.2583333333333333,41.353928,-6.8018513,-2.930426,70.0,25.0,90.0,41.58294,-7.144346,-2.6371603,70.961494,25.379147,89.09135,0.50572103
3.2625,41.353928,-6.8018513,-2.930426,70.0,25.0,90.0,41.58294,-7.144348,-2.637164,70.96149,25.379154,89.091354,0.50572014
3.2666666666666666,41.353928,-6.8018513,-2.930426,70.0,25.0,90.0,41.582943,-7.144346,-2.637166,70.96149,25.379158,89.091354,0.5057195
3.2708333333333335,41.353928,-6.8018513,-2.930426,70.0,25.0,90.0,41.582947,-7.14435,-2.6371622,70.96149,25.379154,89.091354,0.505726
3.275,41.353928,-6.8018513,-2.930426,70.0,25.0,90.0,41.582943,-7.144349,-2.6371632,70.96149,25.379158,89.091354,0.50572306
3.279166666666667,41.353928,-6.8018513,-2.930426,70.0,25.0,90.0,41.582943,-7.14435,-2.637165,70.96149,25.379154,89.091354,0.50572264
3.283333333333333,41.353928,-6.8018513,-2.930426,70.0,25.0,90.0,41.582947,-7.144352,-2.637166,70.96149,25.379158,89.091354,0.5057251
3.2875,41.353928,-6.8018513,-2.930426,70.0,25.0,90.0,41.582943,-7.14435,-2.637165,70.96148,25.379158,89.091354,0.50572264
3.2916666666666665,41.353928,-6.8018513,-2.930426,70.0,25.0,90.0,41.582943,-7.144352,-2.637166,70.96149,25.379158,89.091354,0.5057233
3.2958333333333334,41.353928,-6.8018513,-2.930426,70.0,25.0,90.0,41.582943,-7.144349,-2.637167,70.96149,25.379158,89.091354,0.50572085
3.3,41.353928,-6.8018513,-2.930426,70.0,25.0,90.0,41.582943,-7.144349,-2.637167,70.96149,25.379158,89.091354,0.50572085
3.3041666666666667,41.353928,-6.8018513,-2.930426,70.0,25.0,90.0,41.582943,-7.144349,-2.637167,70.96149,25.379158,89.091354,0.50572085
3.308333333333333,41.353928,-6.8018513,-2.930426,70.0,25.0,90.0,41.582943,-7.144349,-2.637167,70.96149,25.379158,89.091354,0.50572085
3.3125,41.353928,-6.8018513,-2.930426,70.0,25.0,90.0,41.582943,-7.144349,-2.637167,70.96149,25.379158,89.091354,0.50572085
3.316666666666667,41.353928,-6.8018513,-2.930426,70.0,25.0,90.0,41.582943,-7.144349,-2.637167,70.96149,25.379158,89.091354,0.50572085
3.3208333333333333,41.353928,-6.8018513,-2.930426,70.0,25.0,90.0,41.582943,-7.144349,-2.637167,70.96149,25.379158,89.091354,0.50572085
3.325,41.353928,-6.8018513,-2.930426,70.0,25.0,90.0,41.582943,-7.144349,-2.637167,70.96149,25.379158,89.091354,0.50572085
3.3291666666666666,41.353928,-6.8018513,-2.930426,70.0,25.0,90.0,41.582943,-7.144349,-2.637167,70.96149,25.379158,89.091354,0.50572085
3.3333333333333335,41.353928,-6.8018513,-2.930426,70.0,25.0,90.0,41.582943,-7.144349,-2.637167,70.96149,25.379158,89.091354,0.50572085
3.3375,41.353928,-6.8018513,-2.930426,70.0,25.0,90.0,41.582943,-7.144349,-2.637167,70.96149,25.379158,89.091354,0.50572085
3.341666666666667,41.353928,-6.8018513,-2.930426,70.0,25.0,90.0,41.582943,-7.144349,-2.637167,70.96149,25.379158,89.091354,0.50572085
3.345833333333333,41.353928,-6.8018513,-2.930426,70.0,25.0,90.0,41.582943,-7.144349,-2.637167,70.96149,25.379158,89.091354,0.50572085
3.35,41.353928,-6.8018513,-2.930426,70.0,25.0,90.0,41.582943,-7.144349,-2.637167,70.96149,25.379158,89.091354,0.50572085
3.3541666666666665,41.353928,-6.8018513,-2.930426,70.0,25.0,90.0,41.582943,-7.144349,-2.637167,70.96149,25.379158,89.091354,0.50572085
3.3583333333333334,41.353928,-6.8018513,-2.930426,70.0,25.0,90.0,41.582943,-7.144349,-2.637167,70.96149,25.379158,89.091354,0.50572085
3.3625,41.353928,-6.8018513,-2.930426,70.0,25.0,90.0,41.582943,-7.144349,-2.637167,70.96149,25.379158,89.091354,0.50572085
3.3666666666666667,41.353928,-6.8018513,-2.930426,70.0,25.0,90.0,41.582943,-7.144349,-2.637167,70.96149,25.379158,89.091354,0.50572085
3.370833333333333,41.353928,-6.8018513,-2.930426,70.0,25.0,90.0,41.582943,-7.144349,-2.637167,70.96149,25.379158,89.091354,0.50572085
3.375,41.353928,-6.8018513,-2.930426,70.0,25.0,90.0,41.582943,-7.144349,-2.637167,70.96149,25.379158,89.091354,0.50572085
3.379166666666667,41.353928,-6.8018513,-2.930426,70.0,25.0,90.0,41.582943,-7.144349,-2.637167,70.96149,25.379158,89.091354,0.50572085
3.3833333333333333,41.353928,-6.8018513,-2.930426,70.0,25.0,90.0,41.582943,-7.144349,-2.637167,70.96149,25.379158,89.091354,0.50572085
3.3875,41.353928,-6.8018513,-2.930426,70.0,25.0,90.0,41.582943,-7.144349,-2.637167,70.96149,25.379158,89.091354,0.50572085
3.3916666666666666,41.353928,-6.8018513,-2.930426,70.0,25.0,90.0,41.582943,-7.144349,-2.637167,70.96149,25.379158,89.091354,0.50572085
3.3958333333333335,41.353928,-6.8018513,-2.930426,70.0,25.0,90.0,41.582943,-7.144349,-2.637167,70.96149,25.379158,89.091354,0.50572085
3.4,41.353928,-6.8018513,-2.930426,70.0,25.0,90.0,41.582943,-7.144349,-2.637167,70.96149,25.379158,89.091354,0.50572085
3.404166666666667,41.353928,-6.8018513,-2.930426,70.0,25.0,90.0,41.582943,-7.144349,-2.637167,70.96149,25.379158,89.091354,0.50572085
3.408333333333333,41.353928,-6.8018513,-2.930426,70.0,25.0,90.0,41.582943,-7.144349,-2.637167,70.96149,25.379158,89.091354,0.50572085
3.4125,41.353928,-6.8018513,-2.930426,70.0,25.0,90.0,41.582943,-7.144349,-2.637167,70.96149,25.379158,89.091354,0.50572085
3.4166666666666665,41.353928,-6.8018513,-2.930426,70.0,25.0,90.0,41.582943,-7.144349,-2.637167,70.96149,25.379158,89.091354,0.50572085
3.4208333333333334,41.353928,-6.8018513,-2.930426,70.0,25.0,90.0,41.582943,-7.144349,-2.637167,70.96149,25.379158,89.091354,0.50572085
3.425,41.353928,-6.8018513,-2.930426,70.0,25.0,90.0,41.582943,-7.144349,-2.637167,70.96149,25.379158,89.091354,0.50572085
3.4291666666666667,41.353928,-6.8018513,-2.930426,70.0,25.0,90.0,41.582943,-7.144349,-2.637167,70.96149,25.379158,89.091354,0.50572085
3.433333333333333,41.353928,-6.8018513,-2.930426,70.0,25.0,90.0,41.582943,-7.144349,-2.637167,70.96149,25.379158,89.091354,0.50572085
3.4375,41.353928,-6.8018513,-2.930426,70.0,25.0,90.0,41.582943,-7.144349,-2.637167,70.96149,25.379158,89.091354,0.50572085
3.441666666666667,41.353928,-6.8018513,-2.930426,70.0,25.0,90.0,41.582943,-7.144349,-2.637167,70.96149,25.379158,89.091354,0.50572085
3.4458333333333333,41.353928,-6.8018513,-2.930426,70.0,25.0,90.0,41.582943,-7.144349,-2.637167,70.96149,25.379158,89.091354,0.50572085
3.45,41.353928,-6.8018513,-2.930426,70.0,25.0,90.0,41.582947,-7.144349,-2.637169,70.96149,25.379158,89.091354,0.50572145
3.4541666666666666,41.353928,-6.8018513,-2.930426,70.0,25.0,90.0,41.582947,-7.144349,-2.637169,70.96149,25.379158,89.091354,0.50572145
3.4583333333333335,41.353928,-6.8018513,-2.930426,70.0,25.0,90.0,41.582943,-7.144349,-2.637167,70.96149,25.379158,89.091354,0.50572085
3.4625,41.353928,-6.8018513,-2.930426,70.0,25.0,90.0,41.582943,-7.144346,-2.637165,70.96149,25.379158,89.091354,0.50572
3.466666666666667,41.353928,-6.8018513,-2.930426,70.0,25.0,90.0,41.582947,-7.144349,-2.637167,70.96149,25.379158,89.091354,0.5057226
3.470833333333333,41.353928,-6.8018513,-2.930426,70.0,25.0,90.0,41.58294,-7.14435,-2.637166,70.96148,25.37915,89.091354,0.5057203
3.475,41.353928,-6.8018513,-2.930426,70.0,25.0,90.0,41.582943,-7.144352,-2.637166,70.96149,25.379154,89.091354,0.5057233
3.4791666666666665,41.353928,-6.8018513,-2.930426,70.0,25.0,90.0,41.58294,-7.144352,-2.637165,70.96148,25.379154,89.091354,0.50572217
3.4833333333333334,41.353928,-6.8018513,-2.930426,70.0,25.0,90.0,41.58294,-7.144349,-2.6371632,70.96149,25.37915,89.091354,0.50572133
3.4875,41.353928,-6.8018513,-2.930426,70.0,25.0,90.0,41.58294,-7.144347,-2.637164,70.96148,25.379158,89.091354,0.5057195
3.4916666666666667,41.353928,-6.8018513,-2.930426,70.0,25.0,90.0,41.58294,-7.144347,-2.637164,70.96148,25.379154,89.09136,0.5057195
3.495833333333333,41.353928,-6.8018513,-2.930426,70.0,25.0,90.0,41.58294,-7.144349,-2.6371613,70.96148,25.379147,89.09136,0.50572246
3.5,41.353928,-6.8018513,-2.930426,70.0,25.0,90.0,41.58294,-7.144346,-2.6371613,70.96148,25.379147,89.09136,0.5057205
3.504166666666667,41.353928,-6.8018513,-2.930426,70.0,25.0,90.0,41.582935,-7.144346,-2.637164,70.96148,25.37915,89.09136,0.5057171
3.5083333333333333,41.353928,-6.8018513,-2.930426,70.0,25.0,90.0,41.58294,-7.144349,-2.6371622,70.96149,25.37915,89.09136,0.50572187
3.5125,41.353928,-6.8018513,-2.930426,70.0,25.0,90.0,41.58294,-7.144347,-2.6371613,70.96148,25.379147,89.09136,0.50572115
3.5166666666666666,41.353928,-6.8018513,-2.930426,70.0,25.0,90.0,41.58294,-7.144347,-2.6371622,70.96148,25.379147,89.09136,0.50572056
3.5208333333333335,41.353928,-6.8018513,-2.930426,70.0,25.0,90.0,41.58294,-7.144349,-2.6371613,70.96149,25.37915,89.09136,0.50572246
3.525,41.353928,-6.8018513,-2.930426,70.0,25.0,90.0,41.582935,-7.144349,-2.6371622,70.96148,25.37915,89.09136,0.50572014
3.529166666666667,41.353928,-6.8018513,-2.930426,70.0,25.0,90.0,41.582935,-7.144349,-2.637164,70.96148,25.379158,89.09136,0.50571907
3.533333333333333,41.353928,-6.8018513,-2.930426,70.0,25.0,90.0,41.58293,-7.144349,-2.6371622,70.96149,25.379154,89.09136,0.5057184
3.5375,41.353928,-6.8018513,-2.930426,70.0,25.0,90.0,41.58294,-7.144349,-2.6371632,70.96149,25.379154,89.09136,0.50572133
3.5416666666666665,41.353928,-6.8018513,-2.930426,70.0,25.0,90.0,41.58294,-7.144347,-2.637164,70.96148,25.37915,89.09136,0.5057195
3.5458333333333334,41.353928,-6.8018513,-2.930426,70.0,25.0,90.0,41.582935,-7.144347,-2.6371632,70.96149,25.37915,89.09136,0.5057183
3.55,41.353928,-6.8018513,-2.930426,70.0,25.0,90.0,41.582935,-7.144347,-2.6371622,70.96148,25.37915,89.09136,0.5057189
3.5541666666666667,41.353928,-6.8018513,-2.930426,70.0,25.0,90.0,41.58294,-7.144346,-2.6371632,70.96148,25.37915,89.09136,0.50571936
3.558333333333333,41.353928,-6.8018513,-2.930426,70.0,25.0,90.0,41.58294,-7.144347,-2.6371632,70.96148,25.37915,89.09136,0.50572
3.5625,41.353928,-6.8018513,-2.930426,70.0,25.0,90.0,41.58294,-7.144346,-2.6371632,70.96148,25.37915,89.09136,0.50571936
3.566666666666667,41.353928,-6.8018513,-2.930426,70.0,25.0,90.0,41.58294,-7.144346,-2.6371632,70.96148,25.37915,89.09136,0.50571936
3.5708333333333333,41.353928,-6.8018513,-2.930426,70.0,25.0,90.0,41.58294,-7.144346,-2.6371632,70.96148,25.37915,89.09136,0.50571936
3.575,41.353928,-6.8018513,-2.930426,70.0,25.0,90.0,41.58294,-7.144346,-2.6371632,70.96148,25.37915,89.09136,0.50571936
3.5791666666666666,41.353928,-6.8018513,-2.930426,70.0,25.0,90.0,41.58294,-7.144346,-2.6371622,70.96148,25.37915,89.09136,0.50571996
3.5833333333333335,41.353928,-6.8018513,-2.930426,70.0,25.0,90.0,41.58294,-7.1443443,-2.6371622,70.96148,25.37915,89.09136,0.50571865
3.5875,41.353928,-6.8018513,-2.930426,70.0,25.0,90.0,41.582935,-7.144346,-2.6371632,70.96148,25.37915,89.09136,0.5057177
3.591666666666667,41.353928,-6.8018513,-2.930426,70.0,25.0,90.0,41.58294,-7.144346,-2.637165,70.96148,25.379154,89.09136,0.5057183
3.595833333333333,41.353928,-6.8018513,-2.930426,70.0,25.0,90.0,41.58294,-7.144349,-2.637164,70.96149,25.37915,89.09136,0.5057208
3.6,41.353928,-6.8018513,-2.930426,70.0,25.0,90.0,41.582935,-7.14435,-2.637164,70.96149,25.37915,89.09136,0.5057197
3.6041666666666665,41.353928,-6.8018513,-2.930426,70.0,25.0,90.0,41.58294,-7.14435,-2.637165,70.96149,25.379154,89.09136,0.50572085
3.6083333333333334,41.353928,-6.8018513,-2.930426,70.0,25.0,90.0,41.58294,-7.144349,-2.6371632,70.96148,25.37915,89.091354,0.50572133
3.6125,41.353928,-6.8018513,-2.930426,70.0,25.0,90.0,41.582935,-7.144347,-2.6371632,70.96149,25.37915,89.091354,0.5057183
3.6166666666666667,41.353928,-6.8018513,-2.930426,70.0,25.0,90.0,41.58294,-7.144349,-2.6371632,70.96149,25.379158,89.091354,0.50572133
3.620833333333333,41.353928,-6.8018513,-2.930426,70.0,25.0,90.0,41.58294,-7.14435,-2.6371632,70.96149,25.37915,89.091354,0.505722
3.625,41.353928,-6.8018513,-2.930426,70.0,25.0,90.0,41.58294,-7.144349,-2.637165,70.96149,25.379154,89.091354,0.50572026
3.629166666666667,41.353928,-6.8018513,-2.930426,70.0,25.0,90.0,41.58294,-7.144349,-2.637166,70.96149,25.379154,89.091354,0.50571966
3.6333333333333333,41.353928,-6.8018513,-2.930426,70.0,25.0,90.0,41.582943,-7.144349,-2.637164,70.96149,25.37915,89.09135,0.5057225
3.6375,41.353928,-6.8018513,-2.930426,70.0,25.0,90.0,41.58294,-7.14435,-2.6371632,70.96149,25.379154,89.091354,0.505722
3.6416666666666666,41.353928,-6.8018513,-2.930426,70.0,25.0,90.0,41.582943,-7.144349,-2.637169,70.96148,25.379158,89.09135,0.5057197
3.6458333333333335,41.353928,-6.8018513,-2.930426,70.0,25.0,90.0,41.582943,-7.14435,-2.637165,70.96148,25.379154,89.09135,0.50572264
3.65,41.353928,-6.8018513,-2.930426,70.0,25.0,90.0,41.582947,-7.14435,-2.637165,70.96148,25.37915,89.091354,0.5057243
3.654166666666667,41.353928,-6.8018513,-2.930426,70.0,25.0,90.0,41.582943,-7.144349,-2.637165,70.96149,25.379147,89.091354,0.505722
3.658333333333333,41.353928,-6.8018513,-2.930426,70.0,25.0,90.0,41.58294,-7.144347,-2.637164,70.96149,25.37915,89.091354,0.5057195
3.6625,41.353928,-6.8018513,-2.930426,70.0,25.0,90.0,41.582943,-7.144346,-2.637166,70.96149,25.379158,89.091354,0.5057195
3.6666666666666665,41.353928,-6.8018513,-2.930426,70.0,25.0,90.0,41.582947,-7.14435,-2.6371622,70.96149,25.379154,89.091354,0.505726
3.6708333333333334,41.353928,-6.8018513,-2.930426,70.0,25.0,90.0,41.582943,-7.144349,-2.6371632,70.96149,25.379158,89.091354,0.50572306
3.675,41.353928,-6.8018513,-2.930426,70.0,25.0,90.0,41.582943,-7.14435,-2.637165,70.96149,25.379154,89.091354,0.50572264
3.6791666666666667,41.353928,-6.8018513,-2.930426,70.0,25.0,90.0,41.582947,-7.144352,-2.637166,70.96149,25.379158,89.091354,0.5057251
3.683333333333333,41.353928,-6.8018513,-2.930426,70.0,25.0,90.0,41.582943,-7.14435,-2.637165,70.96148,25.379158,89.091354,0.50572264
3.6875,41.353928,-6.8018513,-2.930426,70.0,25.0,90.0,41.582943,-7.144352,-2.637166,70.96149,25.379158,89.091354,0.5057233
3.691666666666667,41.353928,-6.8018513,-2.930426,70.0,25.0,90.0,41.582943,-7.144349,-2.637167,70.96149,25.379158,89.091354,0.50572085
3.6958333333333333,41.353928,-6.8018513,-2.930426,70.0,25.0,90.0,41.582943,-7.144349,-2.637167,70.96149,25.379158,89.091354,0.50572085
3.7,41.353928,-6.8018513,-2.930426,70.0,25.0,90.0,41.582943,-7.144349,-2.637167,70.96149,25.379158,89.091354,0.50572085
3.7041666666666666,41.353928,-6.8018513,-2.930426,70.0,25.0,90.0,41.582943,-7.144349,-2.637167,70.96149,25.379158,89.091354,0.50572085
3.7083333333333335,41.353928,-6.8018513,-2.930426,70.0,25.0,90.0,41.582943,-7.144349,-2.637167,70.96149,25.379158,89.091354,0.50572085
3.7125,41.353928,-6.8018513,-2.930426,70.0,25.0,90.0,41.582943,-7.144349,-2.637167,70.96149,25.379158,89.091354,0.50572085
3.716666666666667,41.353928,-6.8018513,-2.930426,70.0,25.0,90.0,41.582943,-7.144349,-2.637167,70.96149,25.379158,89.091354,0.50572085
3.720833333333333,41.353928,-6.8018513,-2.930426,70.0,25.0,90.0,41.582943,-7.144349,-2.637167,70.96149,25.379158,89.091354,0.50572085
3.725,41.353928,-6.8018513,-2.930426,70.0,25.0,90.0,41.582943,-7.144349,-2.637167,70.96149,25.379158,89.091354,0.50572085
3.7291666666666665,41.353928,-6.8018513,-2.930426,70.0,25.0,90.0,41.582943,-7.144349,-2.637167,70.96149,25.379158,89.091354,0.50572085
3.7333333333333334,41.353928,-6.8018513,-2.930426,70.0,25.0,90.0,41.582943,-7.144349,-2.637167,70.96149,25.379158,89.091354,0.50572085
3.7375,41.353928,-6.8018513,-2.930426,70.0,25.0,90.0,41.582943,-7.144349,-2.637167,70.96149,25.379158,89.091354,0.50572085
3.7416666666666667,41.353928,-6.8018513,-2.930426,70.0,25.0,90.0,41.582943,-7.144349,-2.637167,70.96149,25.379158,89.091354,0.50572085
3.745833333333333,41.353928,-6.8018513,-2.930426,70.0,25.0,90.0,41.582943,-7.144349,-2.637167,70.96149,25.379158,89.091354,0.50572085
3.75,41.353928,-6.8018513,-2.930426,70.0,25.0,90.0,41.582943,-7.144349,-2.637167,70.96149,25.379158,89.091354,0.50572085
3.754166666666667,41.353928,-6.8018513,-2.930426,70.0,25.0,90.0,41.582943,-7.144349,-2.637167,70.96149,25.379158,89.091354,0.50572085
3.7583333333333333,41.353928,-6.8018513,-2.930426,70.0,25.0,90.0,41.582943,-7.144349,-2.637167,70.96149,25.379158,89.091354,0.50572085
3.7625,41.353928,-6.8018513,-2.930426,70.0,25.0,90.0,41.582943,-7.144349,-2.637167,70.96149,25.379158,89.091354,0.50572085
3.7666666666666666,41.353928,-6.8018513,-2.930426,70.0,25.0,90.0,41.582943,-7.144349,-2.637167,70.96149,25.379158,89.091354,0.50572085
3.7708333333333335,41.353928,-6.8018513,-2.930426,70.0,25.0,90.0,41.582943,-7.144349,-2.637167,70.96149,25.379158,89.091354,0.50572085
3.775,41.353928,-6.8018513,-2.930426,70.0,25.0,90.0,41.582943,-7.144349,-2.637167,70.96149,25.379158,89.091354,0.50572085
3.779166666666667,41.353928,-6.8018513,-2.930426,70.0,25.0,90.0,41.582943,-7.144349,-2.637167,70.96149,25.379158,89.091354,0.50572085
3.783333333333333,41.353928,-6.8018513,-2.930426,70.0,25.0,90.0,41.582943,-7.144349,-2.637167,70.96149,25.379158,89.091354,0.50572085
3.7875,41.353928,-6.8018513,-2.930426,70.0,25.0,90.0,41.582943,-7.144349,-2.637167,70.96149,25.379158,89.091354,0.50572085
3.7916666666666665,41.353928,-6.8018513,-2.930426,70.0,25.0,90.0,41.582943,-7.144349,-2.637167,70.96149,25.379158,89.091354,0.50572085
3.7958333333333334,41.353928,-6.8018513,-2.930426,70.0,25.0,90.0,41.582943,-7.144349,-2.637167,70.96149,25.379158,89.091354,0.50572085
3.8,41.353928,-6.8018513,-2.930426,70.0,25.0,90.0,41.582943,-7.144349,-2.637167,70.96149,25.379158,89.091354,0.50572085
3.8041666666666667,41.353928,-6.8018513,-2.930426,70.0,25.0,90.0,41.582943,-7.144349,-2.637167,70.96149,25.379158,89.091354,0.50572085
3.808333333333333,41.353928,-6.8018513,-2.930426,70.0,25.0,90.0,41.582943,-7.144349,-2.637167,70.96149,25.379158,89.091354,0.50572085
3.8125,41.353928,-6.8018513,-2.930426,70.0,25.0,90.0,41.582943,-7.144349,-2.637167,70.96149,25.379158,89.091354,0.50572085
3.816666666666667,41.353928,-6.8018513,-2.930426,70.0,25.0,90.0,41.582943,-7.144349,-2.637167,70.96149,25.379158,89.091354,0.50572085
3.8208333333333333,41.353928,-6.8018513,-2.930426,70.0,25.0,90.0,41.582943,-7.144349,-2.637167,70.96149,25.379158,89.091354,0.50572085
3.825,41.353928,-6.8018513,-2.930426,70.0,25.0,90.0,41.582943,-7.144349,-2.637167,70.96149,25.379158,89.091354,0.50572085
3.8291666666666666,41.353928,-6.8018513,-2.930426,70.0,25.0,90.0,41.582943,-7.144349,-2.637167,70.96149,25.379158,89.091354,0.50572085
3.8333333333333335,41.353928,-6.8018513,-2.930426,70.0,25.0,90.0,41.582943,-7.144349,-2.637167,70.96149,25.379158,89.091354,0.50572085
3.8375,41.353928,-6.8018513,-2.930426,70.0,25.0,90.0,41.582943,-7.144349,-2.637167,70.96149,25.379158,89.091354,0.50572085
3.841666666666667,41.353928,-6.8018513,-2.930426,70.0,25.0,90.0,41.582943,-7.144349,-2.637167,70.96149,25.379158,89.091354,0.50572085
3.845833333333333,41.353928,-6.8018513,-2.930426,70.0,25.0,90.0,41.582947,-7.144349,-2.637169,70.96149,25.379158,89.091354,0.50572145
3.85,41.353928,-6.8018513,-2.930426,70.0,25.0,90.0,41.582947,-7.144349,-2.637169,70.96149,25.379158,89.091354,0.50572145
3.8541666666666665,41.353928,-6.8018513,-2.930426,70.0,25.0,90.0,41.582943,-7.144349,-2.637167,70.96149,25.379158,89.091354,0.50572085
3.8583333333333334,41.353928,-6.8018513,-2.930426,70.0,25.0,90.0,41.582943,-7.144346,-2.637165,70.96149,25.379158,89.091354,0.50572
3.8625,41.353928,-6.8018513,-2.930426,70.0,25.0,90.0,41.582947,-7.144349,-2.637167,70.96149,25.379158,89.091354,0.5057226
3.8666666666666667,41.353928,-6.8018513,-2.930426,70.0,25.0,90.0,41.58294,-7.14435,-2.637166,70.96148,25.37915,89.091354,0.5057203
3.870833333333333,41.353928,-6.8018513,-2.930426,70.0,25.0,90.0,41.582943,-7.144352,-2.637166,70.96149,25.379154,89.091354,0.5057233
3.875,41.353928,-6.8018513,-2.930426,70.0,25.0,90.0,41.58294,-7.144352,-2.637165,70.96148,25.379154,89.091354,0.50572217
3.879166666666667,41.353928,-6.8018513,-2.930426,70.0,25.0,90.0,41.58294,-7.144349,-2.6371632,70.96149,25.37915,89.091354,0.50572133
3.8833333333333333,41.353928,-6.8018513,-2.930426,70.0,25.0,90.0,41.58294,-7.144347,-2.637164,70.96148,25.379158,89.091354,0.5057195
3.8875,41.353928,-6.8018513,-2.930426,70.0,25.0,90.0,41.58294,-7.144347,-2.637164,70.96148,25.379154,89.09136,0.5057195
3.8916666666666666,41.353928,-6.8018513,-2.930426,70.0,25.0,90.0,41.58294,-7.144349,-2.6371613,70.96148,25.379147,89.09136,0.50572246
3.8958333333333335,41.353928,-6.8018513,-2.930426,70.0,25.0,90.0,41.58294,-7.144346,-2.6371613,70.96148,25.379147,89.09136,0.5057205
3.9,41.353928,-6.8018513,-2.930426,70.0,25.0,90.0,41.582935,-7.144346,-2.637164,70.96148,25.37915,89.09136,0.5057171
3.904166666666667,41.353928,-6.8018513,-2.930426,70.0,25.0,90.0,41.58294,-7.144349,-2.6371622,70.96149,25.37915,89.09136,0.50572187
3.908333333333333,41.353928,-6.8018513,-2.930426,70.0,25.0,90.0,41.58294,-7.144347,-2.6371613,70.96148,25.379147,89.09136,0.50572115
3.9125,41.353928,-6.8018513,-2.930426,70.0,25.0,90.0,41.58294,-7.144347,-2.6371622,70.96148,25.379147,89.09136,0.50572056
3.9166666666666665,41.353928,-6.8018513,-2.930426,70.0,25.0,90.0,41.58294,-7.144349,-2.6371632,70.96149,25.37915,89.09136,0.50572133
3.9208333333333334,41.353928,-6.8018513,-2.930426,70.0,25.0,90.0,41.58294,-7.144349,-2.6371622,70.96148,25.37915,89.09137,0.50572187
3.925,41.353928,-6.8018513,-2.930426,70.0,25.0,90.0,41.58294,-7.144349,-2.637165,70.96148,25.379158,89.09136,0.50572026
3.9291666666666667,41.353928,-6.8018513,-2.930426,70.0,25.0,90.0,41.582935,-7.144349,-2.6371622,70.96149,25.379158,89.09136,0.50572014
3.933333333333333,41.353928,-6.8018513,-2.930426,70.0,25.0,90.0,41.58294,-7.144347,-2.6371622,70.96149,25.379154,89.09136,0.50572056
3.9375,41.353928,-6.8018513,-2.930426,70.0,25.0,90.0,41.58294,-7.144347,-2.6371632,70.96149,25.37915,89.09136,0.50572
3.941666666666667,41.353928,-6.8018513,-2.930426,70.0,25.0,90.0,41.58294,-7.144346,-2.637165,70.96149,25.379154,89.09136,0.5057183
3.9458333333333333,41.353928,-6.8018513,-2.930426,70.0,25.0,90.0,41.58293,-7.144347,-2.6371603,70.96148,25.379158,89.09136,0.50571823
3.95,41.353928,-6.8018513,-2.930426,70.0,25.0,90.0,41.58294,-7.144349,-2.6371622,70.96149,25.379154,89.09136,0.50572187
3.9541666666666666,41.353928,-6.8018513,-2.930426,70.0,25.0,90.0,41.582935,-7.144347,-2.6371622,70.96148,25.379154,89.09136,0.5057189
3.9583333333333335,41.353928,-6.8018513,-2.930426,70.0,25.0,90.0,41.582935,-7.144347,-2.6371632,70.96148,25.37915,89.09136,0.5057183
3.9625,41.353928,-6.8018513,-2.930426,70.0,25.0,90.0,41.582935,-7.144349,-2.6371632,70.96149,25.37915,89.09136,0.5057196
3.966666666666667,41.353928,-6.8018513,-2.930426,70.0,25.0,90.0,41.582935,-7.144347,-2.6371622,70.96149,25.379154,89.09136,0.5057189
3.970833333333333,41.353928,-6.8018513,-2.930426,70.0,25.0,90.0,41.582935,-7.144347,-2.6371622,70.96149,25.379154,89.09136,0.5057189
3.975,41.353928,-6.8018513,-2.930426,70.0,25.0,90.0,41.582935,-7.14435,-2.637164,70.96149,25.37915,89.09136,0.5057197
3.9791666666666665,41.353928,-6.8018513,-2.930426,70.0,25.0,90.0,41.582935,-7.144346,-2.6371632,70.96148,25.37915,89.09136,0.5057177
3.9833333333333334,41.353928,-6.8018513,-2.930426,70.0,25.0,90.0,41.582935,-7.144347,-2.6371632,70.96149,25.37915,89.09136,0.5057183
3.9875,41.353928,-6.8018513,-2.930426,70.0,25.0,90.0,41.58294,-7.144346,-2.637165,70.96148,25.37915,89.09136,0.5057183
3.9916666666666667,41.353928,-6.8018513,-2.930426,70.0,25.0,90.0,41.58294,-7.144349,-2.6371622,70.96149,25.379154,89.09136,0.50572187
3.995833333333333,41.353928,-6.8018513,-2.930426,70.0,25.0,90.0,41.582935,-7.144349,-2.6371622,70.96149,25.37915,89.09136,0.50572014
4.0,41.353928,-6.8018513,-2.930426,70.0,25.0,90.0,41.582935,-7.14435,-2.6371622,70.96149,25.37915,89.09136,0.5057208
4.004166666666666,41.353928,-6.8018513,-2.930426,70.0,25.0,90.0,41.58294,-7.144349,-2.637164,70.96149,25.379154,89.091354,0.5057208
4.008333333333334,41.353928,-6.8018513,-2.930426,70.0,25.0,90.0,41.58294,-7.144349,-2.6371632,70.96149,25.379154,89.091354,0.50572133
4.0125,41.353928,-6.8018513,-2.930426,70.0,25.0,90.0,41.58294,-7.144349,-2.637164,70.96149,25.379154,89.091354,0.5057208
4.016666666666667,41.353928,-6.8018513,-2.930426,70.0,25.0,90.0,41.58294,-7.14435,-2.637164,70.96149,25.37915,89.091354,0.50572145
4.020833333333333,41.353928,-6.8018513,-2.930426,70.0,25.0,90.0,41.582943,-7.14435,-2.637166,70.96149,25.379154,89.09135,0.50572205
4.025,41.353928,-6.8018513,-2.930426,70.0,25.0,90.0,41.582943,-7.144347,-2.6371632,70.96149,25.379158,89.091354,0.50572175
4.029166666666667,41.353928,-6.8018513,-2.930426,70.0,25.0,90.0,41.582943,-7.144352,-2.6371613,70.96149,25.379154,89.091354,0.5057261
4.033333333333333,41.353928,-6.8018513,-2.930426,70.0,25.0,90.0,41.58294,-7.144349,-2.637164,70.96149,25.379158,89.091354,0.5057208
4.0375,41.353928,-6.8018513,-2.930426,70.0,25.0,90.0,41.582943,-7.144352,-2.637169,70.96149,25.379158,89.09135,0.5057217
4.041666666666667,41.353928,-6.8018513,-2.930426,70.0,25.0,90.0,41.582943,-7.144349,-2.637166,70.96148,25.379158,89.091354,0.5057214
4.045833333333333,41.353928,-6.8018513,-2.930426,70.0,25.0,90.0,41.582943,-7.144349,-2.637166,70.96149,25.379158,89.091354,0.5057214
4.05,41.353928,-6.8018513,-2.930426,70.0,25.0,90.0,41.582943,-7.14435,-2.637164,70.96149,25.37915,89.09135,0.5057231
4.054166666666666,41.353928,-6.8018513,-2.930426,70.0,25.0,90.0,41.582943,-7.144349,-2.637165,70.96149,25.37915,89.091354,0.505722
4.058333333333334,41.353928,-6.8018513,-2.930426,70.0,25.0,90.0,41.582943,-7.144347,-2.637165,70.96149,25.379154,89.091354,0.5057207
4.0625,41.353928,-6.8018513,-2.930426,70.0,25.0,90.0,41.582943,-7.144347,-2.637165,70.96149,25.379158,89.091354,0.5057207
4.066666666666666,41.353928,-6.8018513,-2.930426,70.0,25.0,90.0,41.582943,-7.144349,-2.637164,70.96149,25.379158,89.091354,0.5057225
4.070833333333334,41.353928,-6.8018513,-2.930426,70.0,25.0,90.0,41.582943,-7.144349,-2.637165,70.96149,25.379158,89.091354,0.505722
4.075,41.353928,-6.8018513,-2.930426,70.0,25.0,90.0,41.582947,-7.144347,-2.637164,70.96149,25.379158,89.091354,0.50572294
4.079166666666667,41.353928,-6.8018513,-2.930426,70.0,25.0,90.0,41.582943,-7.144349,-2.637165,70.96148,25.379158,89.091354,0.505722
4.083333333333333,41.353928,-6.8018513,-2.930426,70.0,25.0,90.0,41.582943,-7.144349,-2.637165,70.96149,25.379154,89.091354,0.505722
4.0875,41.353928,-6.8018513,-2.930426,70.0,25.0,90.0,41.58294,-7.144347,-2.637164,70.96149,25.379154,89.091354,0.5057195
4.091666666666667,41.353928,-6.8018513,-2.930426,70.0,25.0,90.0,41.58294,-7.144347,-2.637164,70.96149,25.379154,89.091354,0.5057195
4.095833333333333,41.353928,-6.8018513,-2.930426,70.0,25.0,90.0,41.58294,-7.144347,-2.637164,70.96149,25.379154,89.091354,0.5057195
4.1,41.353928,-6.8018513,-2.930426,70.0,25.0,90.0,41.58294,-7.144347,-2.637164,70.96149,25.379154,89.091354,0.5057195
4.104166666666667,41.353928,-6.8018513,-2.930426,70.0,25.0,90.0,41.58294,-7.144347,-2.637164,70.96149,25.379154,89.091354,0.5057195
4.108333333333333,41.353928,-6.8018513,-2.930426,70.0,25.0,90.0,41.58294,-7.144347,-2.637164,70.96149,25.379154,89.091354,0.5057195
4.1125,41.353928,-6.8018513,-2.930426,70.0,25.0,90.0,41.58294,-7.144347,-2.637164,70.96149,25.379154,89.091354,0.5057195
4.116666666666666,41.353928,-6.8018513,-2.930426,70.0,25.0,90.0,41.58294,-7.144347,-2.637164,70.96149,25.379154,89.091354,0.5057195
4.120833333333334,41.353928,-6.8018513,-2.930426,70.0,25.0,90.0,41.58294,-7.144347,-2.637164,70.96149,25.379154,89.091354,0.5057195
4.125,41.353928,-6.8018513,-2.930426,70.0,25.0,90.0,41.58294,-7.144347,-2.637164,70.96149,25.379154,89.091354,0.5057195
4.129166666666666,41.353928,-6.8018513,-2.930426,70.0,25.0,90.0,41.58294,-7.144347,-2.637164,70.96149,25.379154,89.091354,0.5057195
4.133333333333334,41.353928,-6.8018513,-2.930426,70.0,25.0,90.0,41.58294,-7.144347,-2.637164,70.96149,25.379154,89.091354,0.5057195
4.1375,41.353928,-6.8018513,-2.930426,70.0,25.0,90.0,41.58294,-7.144347,-2.637164,70.96149,25.379154,89.091354,0.5057195
4.141666666666667,41.353928,-6.8018513,-2.930426,70.0,25.0,90.0,41.58294,-7.144347,-2.637164,70.96149,25.379154,89.091354,0.5057195
4.145833333333333,41.353928,-6.8018513,-2.930426,70.0,25.0,90.0,41.58294,-7.144347,-2.637164,70.96149,25.379154,89.091354,0.5057195
4.15,41.353928,-6.8018513,-2.930426,70.0,25.0,90.0,41.58294,-7.144347,-2.637164,70.96149,25.379154,89.091354,0.5057195
4.154166666666667,41.353928,-6.8018513,-2.930426,70.0,25.0,90.0,41.58294,-7.144347,-2.637164,70.96149,25.379154,89.091354,0.5057195
4.158333333333333,41.353928,-6.8018513,-2.930426,70.0,25.0,90.0,41.58294,-7.144347,-2.637164,70.96149,25.379154,89.091354,0.5057195
4.1625,41.353928,-6.8018513,-2.930426,70.0,25.0,90.0,41.58294,-7.144347,-2.637164,70.96149,25.379154,89.091354,0.5057195
4.166666666666667,41.353928,-6.8018513,-2.930426,70.0,25.0,90.0,41.58294,-7.144347,-2.637164,70.96149,25.379154,89.091354,0.5057195
4.170833333333333,41.353928,-6.8018513,-2.930426,70.0,25.0,90.0,41.58294,-7.144347,-2.637164,70.96149,25.379154,89.091354,0.5057195
4.175,41.353928,-6.8018513,-2.930426,70.0,25.0,90.0,41.58294,-7.144347,-2.637164,70.96149,25.379154,89.091354,0.5057195
4.179166666666666,41.353928,-6.8018513,-2.930426,70.0,25.0,90.0,41.58294,-7.144347,-2.637164,70.96149,25.379154,89.091354,0.5057195
4.183333333333334,41.353928,-6.8018513,-2.930426,70.0,25.0,90.0,41.58294,-7.144347,-2.637164,70.96149,25.379154,89.091354,0.5057195
4.1875,41.353928,-6.8018513,-2.930426,70.0,25.0,90.0,41.58294,-7.144347,-2.637164,70.96149,25.379154,89.091354,0.5057195
4.191666666666666,41.353928,-6.8018513,-2.930426,70.0,25.0,90.0,41.58294,-7.144347,-2.637164,70.96149,25.379154,89.091354,0.5057195
4.195833333333334,41.353928,-6.8018513,-2.930426,70.0,25.0,90.0,41.58294,-7.144347,-2.637164,70.96149,25.379154,89.091354,0.5057195
4.2,41.353928,-6.8018513,-2.930426,70.0,25.0,90.0,41.58294,-7.144347,-2.637164,70.96149,25.379154,89.091354,0.5057195
4.204166666666667,41.353928,-6.8018513,-2.930426,70.0,25.0,90.0,41.58294,-7.144347,-2.637164,70.96149,25.379154,89.091354,0.5057195
4.208333333333333,41.353928,-6.8018513,-2.930426,70.0,25.0,90.0,41.58294,-7.144347,-2.637164,70.96149,25.379154,89.091354,0.5057195
4.2125,41.353928,-6.8018513,-2.930426,70.0,25.0,90.0,41.58294,-7.144347,-2.637164,70.96149,25.379154,89.091354,0.5057195
4.216666666666667,41.353928,-6.8018513,-2.930426,70.0,25.0,90.0,41.58294,-7.144347,-2.637164,70.96149,25.379154,89.091354,0.5057195
4.220833333333333,41.353928,-6.8018513,-2.930426,70.0,25.0,90.0,41.58294,-7.144347,-2.637164,70.96149,25.379154,89.091354,0.5057195
4.225,41.353928,-6.8018513,-2.930426,70.0,25.0,90.0,41.58294,-7.144347,-2.637164,70.96149,25.379154,89.091354,0.5057195
4.229166666666667,41.353928,-6.8018513,-2.930426,70.0,25.0,90.0,41.58294,-7.144347,-2.637164,70.96149,25.379154,89.091354,0.5057195
4.233333333333333,41.353928,-6.8018513,-2.930426,70.0,25.0,90.0,41.58294,-7.144347,-2.637164,70.96149,25.379154,89.091354,0.5057195
4.2375,41.353928,-6.8018513,-2.930426,70.0,25.0,90.0,41.58294,-7.144347,-2.637164,70.96149,25.379154,89.091354,0.5057195
4.241666666666666,41.353928,-6.8018513,-2.930426,70.0,25.0,90.0,41.582947,-7.144346,-2.637164,70.96149,25.379158,89.091354,0.5057223
4.245833333333334,41.353928,-6.8018513,-2.930426,70.0,25.0,90.0,41.582943,-7.144347,-2.637165,70.96149,25.379158,89.091354,0.5057207
4.25,41.353928,-6.8018513,-2.930426,70.0,25.0,90.0,41.582943,-7.144347,-2.637165,70.96149,25.379154,89.091354,0.5057207
4.254166666666666,41.353928,-6.8018513,-2.930426,70.0,25.0,90.0,41.582947,-7.144346,-2.6371632,70.96149,25.37915,89.091354,0.5057229
4.258333333333334,41.353928,-6.8018513,-2.930426,70.0,25.0,90.0,41.58294,-7.144346,-2.637165,70.96148,25.379154,89.091354,0.5057183
4.2625,41.353928,-6.8018513,-2.930426,70.0,25.0,90.0,41.58294,-7.1443443,-2.637165,70.96149,25.379154,89.091354,0.505717
4.266666666666667,41.353928,-6.8018513,-2.930426,70.0,25.0,90.0,41.58294,-7.144347,-2.637164,70.96149,25.37915,89.091354,0.5057195
4.270833333333333,41.353928,-6.8018513,-2.930426,70.0,25.0,90.0,41.58294,-7.144347,-2.6371622,70.96148,25.379154,89.09136,0.50572056
4.275,41.353928,-6.8018513,-2.930426,70.0,25.0,90.0,41.58294,-7.144349,-2.6371632,70.96149,25.379154,89.09136,0.50572133
4.279166666666667,41.353928,-6.8018513,-2.930426,70.0,25.0,90.0,41.58294,-7.144346,-2.6371632,70.96148,25.379154,89.09136,0.50571936
4.283333333333333,41.353928,-6.8018513,-2.930426,70.0,25.0,90.0,41.58294,-7.144349,-2.6371632,70.96149,25.379154,89.09136,0.50572133
4.2875,41.353928,-6.8018513,-2.930426,70.0,25.0,90.0,41.58294,-7.144349,-2.6371622,70.96148,25.37915,89.09136,0.50572187
4.291666666666667,41.353928,-6.8018513,-2.930426,70.0,25.0,90.0,41.58294,-7.144346,-2.6371603,70.96148,25.37915,89.09136,0.50572103
4.295833333333333,41.353928,-6.8018513,-2.930426,70.0,25.0,90.0,41.58294,-7.144347,-2.6371622,70.96148,25.379154,89.09136,0.50572056
4.3,41.353928,-6.8018513,-2.930426,70.0,25.0,90.0,41.58294,-7.144352,-2.6371622,70.96149,25.379154,89.09136,0.50572383
4.304166666666666,41.353928,-6.8018513,-2.930426,70.0,25.0,90.0,41.582935,-7.144347,-2.6371622,70.96149,25.37915,89.09136,0.5057189
4.308333333333334,41.353928,-6.8018513,-2.930426,70.0,25.0,90.0,41.58294,-7.14435,-2.6371622,70.96148,25.379154,89.09136,0.5057225
4.3125,41.353928,-6.8018513,-2.930426,70.0,25.0,90.0,41.58294,-7.14435,-2.6371603,70.96148,25.379154,89.09136,0.50572366
4.316666666666666,41.353928,-6.8018513,-2.930426,70.0,25.0,90.0,41.582935,-7.14435,-2.637164,70.96148,25.379154,89.09136,0.5057197
4.320833333333334,41.353928,-6.8018513,-2.930426,70.0,25.0,90.0,41.582935,-7.14435,-2.637165,70.96149,25.379154,89.09136,0.5057191
4.325,41.353928,-6.8018513,-2.930426,70.0,25.0,90.0,41.582935,-7.14435,-2.6371622,70.96148,25.379158,89.09136,0.5057208
4.329166666666667,41.353928,-6.8018513,-2.930426,70.0,25.0,90.0,41.58294,-7.144349,-2.637164,70.96148,25.379154,89.09136,0.5057208
4.333333333333333,41.353928,-6.8018513,-2.930426,70.0,25.0,90.0,41.58294,-7.144349,-2.637167,70.96148,25.37915,89.09136,0.5057191
4.3375,41.353928,-6.8018513,-2.930426,70.0,25.0,90.0,41.58294,-7.144347,-2.637165,70.96149,25.37915,89.09136,0.50571895
4.341666666666667,41.353928,-6.8018513,-2.930426,70.0,25.0,90.0,41.582935,-7.144347,-2.637165,70.96149,25.379154,89.09136,0.5057172
4.345833333333333,41.353928,-6.8018513,-2.930426,70.0,25.0,90.0,41.58294,-7.144347,-2.637166,70.96149,25.37915,89.09136,0.50571835
4.35,41.353928,-6.8018513,-2.930426,70.0,25.0,90.0,41.582935,-7.144349,-2.637167,70.96149,25.379154,89.09136,0.5057174
4.354166666666667,41.353928,-6.8018513,-2.930426,70.0,25.0,90.0,41.58294,-7.144349,-2.637166,70.96149,25.379154,89.09136,0.50571966
4.358333333333333,41.353928,-6.8018513,-2.930426,70.0,25.0,90.0,41.582935,-7.144347,-2.637169,70.96148,25.379154,89.09136,0.505715
4.3625,41.353928,-6.8018513,-2.930426,70.0,25.0,90.0,41.582935,-7.144349,-2.637164,70.96148,25.379154,89.09136,0.50571907
4.366666666666666,41.353928,-6.8018513,-2.930426,70.0,25.0,90.0,41.582935,-7.144349,-2.637164,70.96148,25.379158,89.09136,0.50571907
4.370833333333334,41.353928,-6.8018513,-2.930426,70.0,25.0,90.0,41.582935,-7.144346,-2.637165,70.96149,25.379158,89.09136,0.50571656
4.375,41.353928,-6.8018513,-2.930426,70.0,25.0,90.0,41.58293,-7.144347,-2.6371622,70.96149,25.379154,89.09136,0.50571716
4.379166666666666,41.353928,-6.8018513,-2.930426,70.0,25.0,90.0,41.58294,-7.144352,-2.637164,70.96149,25.37915,89.09136,0.5057227
4.383333333333334,41.353928,-6.8018513,-2.930426,70.0,25.0,90.0,41.58294,-7.144349,-2.6371622,70.96148,25.379154,89.09136,0.50572187
4.3875,41.353928,-6.8018513,-2.930426,70.0,25.0,90.0,41.58294,-7.144349,-2.6371613,70.96148,25.379158,89.09136,0.50572246
4.391666666666667,41.353928,-6.8018513,-2.930426,70.0,25.0,90.0,41.58294,-7.14435,-2.6371603,70.96149,25.379154,89.09136,0.50572366
4.395833333333333,41.353928,-6.8018513,-2.930426,70.0,25.0,90.0,41.582935,-7.144352,-2.637165,70.96148,25.379154,89.09136,0.50572044
4.4,41.353928,-6.8018513,-2.930426,70.0,25.0,90.0,41.58294,-7.144352,-2.637164,70.96149,25.379154,89.09136,0.5057227
4.404166666666667,41.353928,-6.8018513,-2.930426,70.0,25.0,90.0,41.58294,-7.144349,-2.6371632,70.96149,25.37915,89.091354,0.50572133
4.408333333333333,41.353928,-6.8018513,-2.930426,70.0,25.0,90.0,41.58294,-7.144347,-2.637164,70.96149,25.37915,89.09136,0.5057195
4.4125,41.353928,-6.8018513,-2.930426,70.0,25.0,90.0,41.58293,-7.14435,-2.637165,70.96149,25.379154,89.091354,0.50571746
4.416666666666667,41.353928,-6.8018513,-2.930426,70.0,25.0,90.0,41.58294,-7.14435,-2.637164,70.96149,25.379158,89.091354,0.50572145
4.420833333333333,41.353928,-6.8018513,-2.930426,70.0,25.0,90.0,41.58294,-7.144347,-2.6371632,70.96149,25.379158,89.091354,0.50572
4.425,41.353928,-6.8018513,-2.930426,70.0,25.0,90.0,41.582943,-7.14435,-2.637164,70.96149,25.379154,89.091354,0.5057231
4.429166666666666,41.353928,-6.8018513,-2.930426,70.0,25.0,90.0,41.582943,-7.144349,-2.637164,70.96149,25.379154,89.091354,0.5057225
4.433333333333334,41.353928,-6.8018513,-2.930426,70.0,25.0,90.0,41.58294,-7.144347,-2.637165,70.96149,25.379158,89.091354,0.50571895
4.4375,41.353928,-6.8018513,-2.930426,70.0,25.0,90.0,41.58294,-7.144349,-2.637166,70.96149,25.379154,89.091354,0.50571966
4.441666666666666,41.353928,-6.8018513,-2.930426,70.0,25.0,90.0,41.58294,-7.144349,-2.637164,70.96148,25.37915,89.091354,0.5057208
4.445833333333334,41.353928,-6.8018513,-2.930426,70.0,25.0,90.0,41.582943,-7.144352,-2.6371632,70.96149,25.379147,89.091354,0.50572497
4.45,41.353928,-6.8018513,-2.930426,70.0,25.0,90.0,41.582943,-7.144349,-2.6371632,70.96149,25.379154,89.091354,0.50572306
4.454166666666667,41.353928,-6.8018513,-2.930426,70.0,25.0,90.0,41.582943,-7.144349,-2.637164,70.96148,25.37915,89.091354,0.5057225
4.458333333333333,41.353928,-6.8018513,-2.930426,70.0,25.0,90.0,41.58294,-7.144347,-2.637165,70.96149,25.379154,89.091354,0.50571895
4.4625,41.353928,-6.8018513,-2.930426,70.0,25.0,90.0,41.582943,-7.144349,-2.637164,70.96149,25.379158,89.091354,0.5057225
4.466666666666667,41.353928,-6.8018513,-2.930426,70.0,25.0,90.0,41.58294,-7.144349,-2.6371622,70.96149,25.379158,89.091354,0.50572187
4.470833333333333,41.353928,-6.8018513,-2.930426,70.0,25.0,90.0,41.58294,-7.144349,-2.6371632,70.96148,25.379158,89.091354,0.50572133
4.475,41.353928,-6.8018513,-2.930426,70.0,25.0,90.0,41.58294,-7.144347,-2.637164,70.96148,25.379158,89.091354,0.5057195
4.479166666666667,41.353928,-6.8018513,-2.930426,70.0,25.0,90.0,41.58294,-7.144346,-2.637164,70.96149,25.379158,89.091354,0.5057188
4.483333333333333,41.353928,-6.8018513,-2.930426,70.0,25.0,90.0,41.58294,-7.144346,-2.637164,70.96149,25.379158,89.091354,0.5057188
4.4875,41.353928,-6.8018513,-2.930426,70.0,25.0,90.0,41.58294,-7.144346,-2.637164,70.96149,25.379158,89.091354,0.5057188
4.491666666666666,41.353928,-6.8018513,-2.930426,70.0,25.0,90.0,41.58294,-7.144346,-2.637164,70.96149,25.379158,89.091354,0.5057188
4.495833333333334,41.353928,-6.8018513,-2.930426,70.0,25.0,90.0,41.58294,-7.144346,-2.637164,70.96149,25.379158,89.091354,0.5057188
4.5,41.353928,-6.8018513,-2.930426,70.0,25.0,90.0,41.58294,-7.144346,-2.637164,70.96149,25.379158,89.091354,0.5057188
4.504166666666666,41.353928,-6.8018513,-2.930426,70.0,25.0,90.0,41.58294,-7.144346,-2.637164,70.96149,25.379158,89.091354,0.5057188
4.508333333333334,41.353928,-6.8018513,-2.930426,70.0,25.0,90.0,41.58294,-7.144346,-2.637164,70.96149,25.379158,89.091354,0.5057188
4.5125,41.353928,-6.8018513,-2.930426,70.0,25.0,90.0,41.58294,-7.144346,-2.637164,70.96149,25.379158,89.091354,0.5057188
4.516666666666667,41.353928,-6.8018513,-2.930426,70.0,25.0,90.0,41.58294,-7.144346,-2.637164,70.96149,25.379158,89.091354,0.5057188
4.520833333333333,41.353928,-6.8018513,-2.930426,70.0,25.0,90.0,41.58294,-7.144346,-2.637164,70.96149,25.379158,89.091354,0.5057188
4.525,41.353928,-6.8018513,-2.930426,70.0,25.0,90.0,41.58294,-7.144346,-2.637164,70.96149,25.379158,89.091354,0.5057188
4.529166666666667,41.353928,-6.8018513,-2.930426,70.0,25.0,90.0,41.58294,-7.144346,-2.637164,70.96149,25.379158,89.091354,0.5057188
4.533333333333333,41.353928,-6.8018513,-2.930426,70.0,25.0,90.0,41.58294,-7.144346,-2.637164,70.96149,25.379158,89.091354,0.5057188
4.5375,41.353928,-6.8018513,-2.930426,70.0,25.0,90.0,41.58294,-7.144346,-2.637164,70.96149,25.379158,89.091354,0.5057188
4.541666666666667,41.353928,-6.8018513,-2.930426,70.0,25.0,90.0,41.58294,-7.144346,-2.637164,70.96149,25.379158,89.091354,0.5057188
4.545833333333333,41.353928,-6.8018513,-2.930426,70.0,25.0,90.0,41.58294,-7.144346,-2.637164,70.96149,25.379158,89.091354,0.5057188
4.55,41.353928,-6.8018513,-2.930426,70.0,25.0,90.0,41.58294,-7.144346,-2.637164,70.96149,25.379158,89.091354,0.5057188
4.554166666666666,41.353928,-6.8018513,-2.930426,70.0,25.0,90.0,41.58294,-7.144346,-2.637164,70.96149,25.379158,89.091354,0.5057188
4.558333333333334,41.353928,-6.8018513,-2.930426,70.0,25.0,90.0,41.58294,-7.144346,-2.637164,70.96149,25.379158,89.091354,0.5057188
4.5625,41.353928,-6.8018513,-2.930426,70.0,25.0,90.0,41.58294,-7.144346,-2.637164,70.96149,25.379158,89.091354,0.5057188
4.566666666666666,41.353928,-6.8018513,-2.930426,70.0,25.0,90.0,41.58294,-7.144346,-2.637164,70.96149,25.379158,89.091354,0.5057188
4.570833333333334,41.353928,-6.8018513,-2.930426,70.0,25.0,90.0,41.58294,-7.144346,-2.637164,70.96149,25.379158,89.091354,0.5057188
4.575,41.353928,-6.8018513,-2.930426,70.0,25.0,90.0,41.58294,-7.144346,-2.637164,70.96149,25.379158,89.091354,0.5057188
4.579166666666667,41.353928,-6.8018513,-2.930426,70.0,25.0,90.0,41.58294,-7.144346,-2.637164,70.96149,25.379158,89.091354,0.5057188
4.583333333333333,41.353928,-6.8018513,-2.930426,70.0,25.0,90.0,41.58294,-7.144346,-2.637164,70.96149,25.379158,89.091354,0.5057188
4.5875,41.353928,-6.8018513,-2.930426,70.0,25.0,90.0,41.58294,-7.144346,-2.637164,70.96149,25.379158,89.091354,0.5057188
4.591666666666667,41.353928,-6.8018513,-2.930426,70.0,25.0,90.0,41.58294,-7.144346,-2.637164,70.96149,25.379158,89.091354,0.5057188
4.595833333333333,41.353928,-6.8018513,-2.930426,70.0,25.0,90.0,41.58294,-7.144346,-2.637164,70.96149,25.379158,89.091354,0.5057188
4.6,41.353928,-6.8018513,-2.930426,70.0,25.0,90.0,41.58294,-7.144346,-2.637164,70.96149,25.379158,89.091354,0.5057188
4.604166666666667,41.353928,-6.8018513,-2.930426,70.0,25.0,90.0,41.58294,-7.144346,-2.637164,70.96149,25.379158,89.091354,0.5057188
4.608333333333333,41.353928,-6.8018513,-2.930426,70.0,25.0,90.0,41.58294,-7.144346,-2.637164,70.96149,25.379158,89.091354,0.5057188
4.6125,41.353928,-6.8018513,-2.930426,70.0,25.0,90.0,41.58294,-7.144346,-2.637164,70.96149,25.379158,89.091354,0.5057188
4.616666666666666,41.353928,-6.8018513,-2.930426,70.0,25.0,90.0,41.58294,-7.144346,-2.637164,70.96149,25.379158,89.091354,0.5057188
4.620833333333334,41.353928,-6.8018513,-2.930426,70.0,25.0,90.0,41.58294,-7.144346,-2.637164,70.96149,25.379158,89.091354,0.5057188
4.625,41.353928,-6.8018513,-2.930426,70.0,25.0,90.0,41.58294,-7.144346,-2.637164,70.96149,25.379158,89.091354,0.5057188
4.629166666666666,41.353928,-6.8018513,-2.930426,70.0,25.0,90.0,41.58294,-7.144346,-2.637164,70.96149,25.379158,89.091354,0.5057188
4.633333333333334,41.353928,-6.8018513,-2.930426,70.0,25.0,90.0,41.58294,-7.144346,-2.637164,70.96149,25.379158,89.091354,0.5057188
4.6375,41.353928,-6.8018513,-2.930426,70.0,25.0,90.0,41.58294,-7.144347,-2.6371632,70.96149,25.379158,89.091354,0.50572
4.641666666666667,41.353928,-6.8018513,-2.930426,70.0,25.0,90.0,41.58294,-7.144346,-2.637164,70.96149,25.379158,89.091354,0.5057188
4.645833333333333,41.353928,-6.8018513,-2.930426,70.0,25.0,90.0,41.582943,-7.144347,-2.6371613,70.96149,25.379154,89.091354,0.5057229
4.65,41.353928,-6.8018513,-2.930426,70.0,25.0,90.0,41.582943,-7.144347,-2.6371632,70.96149,25.379154,89.091354,0.50572175
4.654166666666667,41.353928,-6.8018513,-2.930426,70.0,25.0,90.0,41.582943,-7.144346,-2.6371622,70.96149,25.379158,89.091354,0.5057217
4.658333333333333,41.353928,-6.8018513,-2.930426,70.0,25.0,90.0,41.58294,-7.144346,-2.637165,70.96149,25.379158,89.091354,0.5057183
4.6625,41.353928,-6.8018513,-2.930426,70.0,25.0,90.0,41.58294,-7.144347,-2.6371632,70.96148,25.379154,89.091354,0.50572
4.666666666666667,41.353928,-6.8018513,-2.930426,70.0,25.0,90.0,41.58294,-7.144347,-2.6371613,70.96148,25.379154,89.09136,0.50572115
4.670833333333333,41.353928,-6.8018513,-2.930426,70.0,25.0,90.0,41.58294,-7.144347,-2.6371622,70.96148,25.379154,89.09136,0.50572056
4.675,41.353928,-6.8018513,-2.930426,70.0,25.0,90.0,41.58294,-7.144346,-2.6371613,70.96148,25.379154,89.09136,0.5057205
4.679166666666666,41.353928,-6.8018513,-2.930426,70.0,25.0,90.0,41.58294,-7.144346,-2.6371622,70.96149,25.37915,89.09136,0.50571996
4.683333333333334,41.353928,-6.8018513,-2.930426,70.0,25.0,90.0,41.58294,-7.144346,-2.6371622,70.96148,25.379154,89.09136,0.50571996
4.6875,41.353928,-6.8018513,-2.930426,70.0,25.0,90.0,41.582935,-7.144347,-2.6371632,70.96148,25.379147,89.09136,0.5057183
4.691666666666666,41.353928,-6.8018513,-2.930426,70.0,25.0,90.0,41.582935,-7.144346,-2.6371632,70.96148,25.379154,89.09137,0.5057177
4.695833333333334,41.353928,-6.8018513,-2.930426,70.0,25.0,90.0,41.582935,-7.144352,-2.6371622,70.96149,25.379158,89.09137,0.5057221
4.7,41.353928,-6.8018513,-2.930426,70.0,25.0,90.0,41.58294,-7.144346,-2.6371622,70.96148,25.37915,89.09137,0.50571996
4.704166666666667,41.353928,-6.8018513,-2.930426,70.0,25.0,90.0,41.58294,-7.144349,-2.6371632,70.96148,25.379147,89.09137,0.50572133
4.708333333333333,41.353928,-6.8018513,-2.930426,70.0,25.0,90.0,41.582935,-7.144349,-2.637164,70.96148,25.379154,89.09137,0.50571907
4.7125,41.353928,-6.8018513,-2.930426,70.0,25.0,90.0,41.582935,-7.1443443,-2.637166,70.96149,25.379154,89.09137,0.5057147
4.716666666666667,41.353928,-6.8018513,-2.930426,70.0,25.0,90.0,41.58293,-7.144347,-2.6371632,70.96149,25.379158,89.09136,0.5057166
4.720833333333333,41.353928,-6.8018513,-2.930426,70.0,25.0,90.0,41.58293,-7.14435,-2.6371613,70.96149,25.379158,89.09136,0.5057196
4.725,41.353928,-6.8018513,-2.930426,70.0,25.0,90.0,41.582935,-7.144349,-2.6371584,70.96147,25.379154,89.09136,0.5057224
4.729166666666667,41.353928,-6.8018513,-2.930426,70.0,25.0,90.0,41.582935,-7.144347,-2.6371622,70.96148,25.37915,89.09136,0.5057189
4.733333333333333,41.353928,-6.8018513,-2.930426,70.0,25.0,90.0,41.58293,-7.144347,-2.637164,70.96148,25.37915,89.09137,0.505716
4.7375,41.353928,-6.8018513,-2.930426,70.0,25.0,90.0,41.582935,-7.144346,-2.637164,70.96148,25.379154,89.09137,0.5057171
4.741666666666666,41.353928,-6.8018513,-2.930426,70.0,25.0,90.0,41.58293,-7.144349,-2.6371603,70.96148,25.379154,89.09137,0.50571954
4.745833333333334,41.353928,-6.8018513,-2.930426,70.0,25.0,90.0,41.58293,-7.144346,-2.637165,70.96148,25.379158,89.09137,0.50571483
4.75,41.353928,-6.8018513,-2.930426,70.0,25.0,90.0,41.582535,-7.1356344,-2.6442509,70.957794,25.399399,89.08936,0.49554875
4.754166666666666,41.353928,-6.8018513,-2.930426,70.0,25.0,90.0,41.56955,-7.14085,-2.6825285,70.88402,25.396278,89.10088,0.472087
4.758333333333334,41.353928,-6.8018513,-2.930426,70.0,25.0,90.0,41.532787,-7.159977,-2.7425365,70.71075,25.307663,89.169975,0.4422072
4.7625,41.353928,-6.8018513,-2.930426,70.0,25.0,90.0,41.46214,-7.302725,-2.792924,70.42512,25.075314,89.26229,0.5305571
4.766666666666667,41.353928,-6.8018513,-2.930426,70.0,25.0,90.0,41.350666,-7.331767,-2.6047764,70.44867,24.76535,89.49619,0.62198794
4.770833333333333,41.353928,-6.8018513,-2.930426,70.0,25.0,90.0,41.262325,-7.4250364,-2.5799103,70.41105,24.690117,89.361084,0.72084117
4.775,41.353928,-6.8018513,-2.930426,70.0,25.0,90.0,41.033306,-6.8784266,-2.086708,70.46059,25.224266,89.71028,0.9058265
4.779166666666667,41.353928,-6.8018513,-2.930426,70.0,25.0,90.0,40.267387,-6.649989,-2.0251503,70.439125,24.420883,90.67958,1.4223768
4.783333333333333,41.353928,-6.8018513,-2.930426,70.0,25.0,90.0,39.881607,-6.532732,-2.1010656,70.49368,24.38359,91.28316,1.7111374
4.7875,41.353928,-6.8018513,-2.930426,70.0,25.0,90.0,40.01749,-5.5000772,-0.47203445,72.4456,29.160034,91.275215,3.0861576
4.791666666666667,41.353928,-6.8018513,-2.930426,70.0,25.0,90.0,39.752163,-6.350646,-1.2482443,72.406265,28.399906,91.02466,2.3662145
4.795833333333333,41.353928,-6.8018513,-2.930426,70.0,25.0,90.0,40.34039,-6.774331,-2.8458471,71.45057,25.32114,91.72556,1.0174335
