time_s,true_wrist_X_cm,true_wrist_Y_cm,true_wrist_Z_cm,true_shoulder_elv_deg,true_shoulder_rot_deg,true_elbow_flexion_deg,pred_wrist_X_cm,pred_wrist_Y_cm,pred_wrist_Z_cm,pred_shoulder_elv_deg,pred_shoulder_rot_deg,pred_elbow_flexion_deg,l2_distance_cm
0.0,41.353928,-6.8018513,-2.930426,70.0,25.0,90.0,41.17888,-7.8619995,-0.6114359,71.07295,24.05054,91.51751,2.5558307
0.004166666666666667,41.353928,-6.8018513,-2.930426,70.0,25.0,90.0,41.515423,-8.226496,-1.1670942,70.48709,23.887993,91.230835,2.2726705
0.008333333333333333,41.353928,-6.8018513,-2.930426,70.0,25.0,90.0,41.761353,-8.212496,-1.932684,69.632225,24.072186,91.20429,1.7752188
0.0125,41.353928,-6.8018513,-2.930426,70.0,25.0,90.0,41.333454,-7.473814,-2.565112,71.117134,25.54921,90.14729,0.76511914
0.016666666666666666,41.353928,-6.8018513,-2.930426,70.0,25.0,90.0,41.163486,-6.717869,-2.197155,72.18846,27.131462,88.943375,0.7622382
0.020833333333333332,41.353928,-6.8018513,-2.930426,70.0,25.0,90.0,40.707294,-7.2275457,-3.4144053,70.20001,26.697086,88.70745,0.91300946
0.025,41.353928,-6.8018513,-2.930426,70.0,25.0,90.0,41.2705,-7.9346094,-3.0465612,70.03529,24.794731,89.04832,1.1417481
0.029166666666666667,41.353928,-6.8018513,-2.930426,70.0,25.0,90.0,41.369637,-7.613865,-2.8338718,70.4931,25.18504,89.09583,0.8178848
0.03333333333333333,41.353928,-6.8018513,-2.930426,70.0,25.0,90.0,41.47745,-7.393656,-2.7218485,70.70825,25.383537,89.0604,0.6395273
0.0375,41.353928,-6.8018513,-2.930426,70.0,25.0,90.0,41.5307,-7.297078,-2.645711,70.88685,25.361958,89.02632,0.597964
0.041666666666666664,41.353928,-6.8018513,-2.930426,70.0,25.0,90.0,41.57383,-7.210044,-2.6328506,70.940346,25.39632,89.05303,0.5509348
0.04583333333333333,41.353928,-6.8018513,-2.930426,70.0,25.0,90.0,41.59036,-7.1567163,-2.6475601,70.92265,25.377739,89.06892,0.5117049
0.05,41.353928,-6.8018513,-2.930426,70.0,25.0,90.0,41.582874,-7.1442814,-2.637103,70.96152,25.379192,89.091545,0.505681
0.05416666666666667,41.353928,-6.8018513,-2.930426,70.0,25.0,90.0,41.582874,-7.1442814,-2.637103,70.96152,25.379192,89.091545,0.505681
0.058333333333333334,41.353928,-6.8018513,-2.930426,70.0,25.0,90.0,41.582874,-7.1442814,-2.637103,70.96152,25.379192,89.091545,0.505681
0.0625,41.353928,-6.8018513,-2.930426,70.0,25.0,90.0,41.582874,-7.1442814,-2.637103,70.96152,25.379192,89.091545,0.505681
0.06666666666666667,41.353928,-6.8018513,-2.930426,70.0,25.0,90.0,41.582874,-7.1442814,-2.637103,70.96152,25.379192,89.091545,0.505681
0.07083333333333333,41.353928,-6.8018513,-2.930426,70.0,25.0,90.0,41.582874,-7.1442814,-2.637103,70.96152,25.379192,89.091545,0.505681
0.075,41.353928,-6.8018513,-2.930426,70.0,25.0,90.0,41.582874,-7.1442814,-2.637103,70.96152,25.379192,89.091545,0.505681
0.07916666666666666,41.353928,-6.8018513,-2.930426,70.0,25.0,90.0,41.582874,-7.1442804,-2.637103,70.96152,25.379192,89.091545,0.5056803
0.08333333333333333,41.353928,-6.8018513,-2.930426,70.0,25.0,90.0,41.582874,-7.1442804,-2.637103,70.96152,25.379192,89.091545,0.5056803
0.0875,41.353928,-6.8018513,-2.930426,70.0,25.0,90.0,41.58288,-7.1442814,-2.637103,70.96152,25.379192,89.091545,0.5056827
0.09166666666666666,41.353928,-6.8018513,-2.930426,70.0,25.0,90.0,41.582874,-7.1442804,-2.637103,70.96152,25.379192,89.091545,0.5056803
0.09583333333333334,41.353928,-6.8018513,-2.930426,70.0,25.0,90.0,41.582874,-7.1442814,-2.637107,70.96152,25.379192,89.091545,0.5056787
0.1,41.353928,-6.8018513,-2.930426,70.0,25.0,90.0,41.582874,-7.1442804,-2.637104,70.96152,25.379189,89.09155,0.5056797
0.10416666666666667,41.353928,-6.8018513,-2.930426,70.0,25.0,90.0,41.582874,-7.1442776,-2.637107,70.96152,25.379189,89.091545,0.50567615
0.10833333333333334,41.353928,-6.8018513,-2.930426,70.0,25.0,90.0,41.582874,-7.1442804,-2.637103,70.96152,25.379189,89.09155,0.5056803
0.1125,41.353928,-6.8018513,-2.930426,70.0,25.0,90.0,41.582874,-7.1442785,-2.637104,70.96152,25.379189,89.09155,0.5056785
0.11666666666666667,41.353928,-6.8018513,-2.930426,70.0,25.0,90.0,41.582874,-7.1442757,-2.637104,70.96152,25.379189,89.09155,0.5056765
0.12083333333333333,41.353928,-6.8018513,-2.930426,70.0,25.0,90.0,41.58287,-7.1442747,-2.6371078,70.96151,25.379189,89.09155,0.5056719
0.125,41.353928,-6.8018513,-2.930426,70.0,25.0,90.0,41.58287,-7.1442757,-2.637107,70.96152,25.379192,89.09155,0.50567317
0.12916666666666668,41.353928,-6.8018513,-2.930426,70.0,25.0,90.0,41.58287,-7.1442757,-2.637104,70.96151,25.379189,89.09155,0.5056748
0.13333333333333333,41.353928,-6.8018513,-2.930426,70.0,25.0,90.0,41.58287,-7.1442757,-2.637104,70.96152,25.379185,89.09155,0.5056748
0.1375,41.353928,-6.8018513,-2.930426,70.0,25.0,90.0,41.58287,-7.1442757,-2.637107,70.96152,25.379192,89.09155,0.50567317
0.14166666666666666,41.353928,-6.8018513,-2.930426,70.0,25.0,90.0,41.58287,-7.1442757,-2.637104,70.961525,25.379185,89.09155,0.5056748
0.14583333333333334,41.353928,-6.8018513,-2.930426,70.0,25.0,90.0,41.58287,-7.1442747,-2.6370993,70.96152,25.379185,89.09155,0.5056769
0.15,41.353928,-6.8018513,-2.930426,70.0,25.0,90.0,41.582867,-7.1442747,-2.637104,70.96152,25.379189,89.09155,0.50567245
0.15416666666666667,41.353928,-6.8018513,-2.930426,70.0,25.0,90.0,41.582867,-7.144272,-2.637105,70.961525,25.379192,89.09155,0.50566995
0.15833333333333333,41.353928,-6.8018513,-2.930426,70.0,25.0,90.0,41.582863,-7.1442747,-2.637103,70.96152,25.379192,89.09155,0.50567126
0.1625,41.353928,-6.8018513,-2.930426,70.0,25.0,90.0,41.582867,-7.1442747,-2.637103,70.96152,25.379192,89.09155,0.505673
0.16666666666666666,41.353928,-6.8018513,-2.930426,70.0,25.0,90.0,41.582867,-7.1442747,-2.6371021,70.961525,25.379185,89.09155,0.5056735
0.17083333333333334,41.353928,-6.8018513,-2.930426,70.0,25.0,90.0,41.582867,-7.1442747,-2.637103,70.961525,25.379185,89.09155,0.505673
0.175,41.353928,-6.8018513,-2.930426,70.0,25.0,90.0,41.582867,-7.1442776,-2.637103,70.961525,25.379189,89.09155,0.5056749
0.17916666666666667,41.353928,-6.8018513,-2.930426,70.0,25.0,90.0,41.582867,-7.1442747,-2.637103,70.961525,25.379189,89.09155,0.505673
0.18333333333333332,41.353928,-6.8018513,-2.930426,70.0,25.0,90.0,41.582867,-7.1442757,-2.6371002,70.96152,25.379192,89.09155,0.5056753
0.1875,41.353928,-6.8018513,-2.930426,70.0,25.0,90.0,41.58287,-7.1442757,-2.6371012,70.961525,25.379189,89.09155,0.50567645
0.19166666666666668,41.353928,-6.8018513,-2.930426,70.0,25.0,90.0,41.58287,-7.1442747,-2.6371021,70.961525,25.379189,89.09155,0.50567526
0.19583333333333333,41.353928,-6.8018513,-2.930426,70.0,25.0,90.0,41.582867,-7.1442757,-2.6371012,70.961525,25.379189,89.09155,0.5056747
0.2,41.353928,-6.8018513,-2.930426,70.0,25.0,90.0,41.582867,-7.1442785,-2.6371021,70.961525,25.379189,89.09155,0.5056761
0.20416666666666666,41.353928,-6.8018513,-2.930426,70.0,25.0,90.0,41.58287,-7.1442785,-2.637104,70.96152,25.379192,89.09155,0.50567675
0.20833333333333334,41.353928,-6.8018513,-2.930426,70.0,25.0,90.0,41.58287,-7.1442776,-2.637103,70.96152,25.379189,89.09155,0.5056766
0.2125,41.353928,-6.8018513,-2.930426,70.0,25.0,90.0,41.582867,-7.1442776,-2.6371012,70.961525,25.379189,89.09155,0.50567603
0.21666666666666667,41.353928,-6.8018513,-2.930426,70.0,25.0,90.0,41.582867,-7.1442776,-2.6371002,70.961525,25.379192,89.09155,0.50567657
0.22083333333333333,41.353928,-6.8018513,-2.930426,70.0,25.0,90.0,41.58287,-7.1442776,-2.637103,70.961525,25.379192,89.09155,0.5056766
0.225,41.353928,-6.8018513,-2.930426,70.0,25.0,90.0,41.582867,-7.1442757,-2.6371002,70.961525,25.379189,89.09155,0.5056753
0.22916666666666666,41.353928,-6.8018513,-2.930426,70.0,25.0,90.0,41.582863,-7.1442757,-2.6371012,70.961525,25.379189,89.09155,0.50567305
0.23333333333333334,41.353928,-6.8018513,-2.930426,70.0,25.0,90.0,41.582867,-7.1442776,-2.6371012,70.961525,25.379192,89.09155,0.50567603
0.2375,41.353928,-6.8018513,-2.930426,70.0,25.0,90.0,41.582867,-7.1442785,-2.6371002,70.961525,25.379192,89.091545,0.5056772
0.24166666666666667,41.353928,-6.8018513,-2.930426,70.0,25.0,90.0,41.582867,-7.1442776,-2.637104,70.961525,25.379192,89.09155,0.50567436
0.24583333333333332,41.353928,-6.8018513,-2.930426,70.0,25.0,90.0,41.58287,-7.1442785,-2.6371021,70.961525,25.3792,89.091545,0.5056779
0.25,41.353928,-6.8018513,-2.930426,70.0,25.0,90.0,41.58287,-7.1442785,-2.637104,70.961525,25.379196,89.091545,0.50567675
0.25416666666666665,41.353928,-6.8018513,-2.930426,70.0,25.0,90.0,41.582867,-7.1442785,-2.6371021,70.961525,25.379192,89.091545,0.5056761
0.25833333333333336,41.353928,-6.8018513,-2.930426,70.0,25.0,90.0,41.582867,-7.1442814,-2.637104,70.961525,25.379196,89.09154,0.5056769
0.2625,41.353928,-6.8018513,-2.930426,70.0,25.0,90.0,41.58287,-7.1442814,-2.6370993,70.961525,25.379192,89.09154,0.50568146
0.26666666666666666,41.353928,-6.8018513,-2.930426,70.0,25.0,90.0,41.58287,-7.1442814,-2.637103,70.961525,25.379185,89.091545,0.50567925
0.2708333333333333,41.353928,-6.8018513,-2.930426,70.0,25.0,90.0,41.58287,-7.1442785,-2.6371021,70.961525,25.379189,89.09154,0.5056779
0.275,41.353928,-6.8018513,-2.930426,70.0,25.0,90.0,41.58287,-7.1442785,-2.6371021,70.961525,25.379192,89.09154,0.5056779
0.2791666666666667,41.353928,-6.8018513,-2.930426,70.0,25.0,90.0,41.582874,-7.1442842,-2.637104,70.961525,25.379192,89.09154,0.50568235
0.2833333333333333,41.353928,-6.8018513,-2.930426,70.0,25.0,90.0,41.582874,-7.1442804,-2.637105,70.961525,25.379192,89.09154,0.5056792
0.2875,41.353928,-6.8018513,-2.930426,70.0,25.0,90.0,41.582874,-7.1442814,-2.637107,70.961525,25.379189,89.091545,0.5056787
0.2916666666666667,41.353928,-6.8018513,-2.930426,70.0,25.0,90.0,41.58287,-7.1442785,-2.637107,70.96152,25.379185,89.091545,0.5056751
0.29583333333333334,41.353928,-6.8018513,-2.930426,70.0,25.0,90.0,41.582874,-7.1442833,-2.6371021,70.96152,25.379192,89.091545,0.5056828
0.3,41.353928,-6.8018513,-2.930426,70.0,25.0,90.0,41.582874,-7.1442804,-2.637104,70.96152,25.379192,89.091545,0.5056797
0.30416666666666664,41.353928,-6.8018513,-2.930426,70.0,25.0,90.0,41.582874,-7.1442814,-2.637105,70.96152,25.379189,89.091545,0.50567985
0.30833333333333335,41.353928,-6.8018513,-2.930426,70.0,25.0,90.0,41.582874,-7.1442804,-2.637105,70.96152,25.379192,89.091545,0.5056792
0.3125,41.353928,-6.8018513,-2.930426,70.0,25.0,90.0,41.58287,-7.1442785,-2.637103,70.96152,25.379192,89.091545,0.5056773
0.31666666666666665,41.353928,-6.8018513,-2.930426,70.0,25.0,90.0,41.582874,-7.1442785,-2.637105,70.96152,25.379192,89.091545,0.50567794
0.32083333333333336,41.353928,-6.8018513,-2.930426,70.0,25.0,90.0,41.58287,-7.1442804,-2.637107,70.96152,25.379192,89.091545,0.5056763
0.325,41.353928,-6.8018513,-2.930426,70.0,25.0,90.0,41.58287,-7.1442804,-2.637107,70.96152,25.379192,89.091545,0.5056763
0.32916666666666666,41.353928,-6.8018513,-2.930426,70.0,25.0,90.0,41.58287,-7.1442804,-2.637107,70.96152,25.379192,89.091545,0.5056763
0.3333333333333333,41.353928,-6.8018513,-2.930426,70.0,25.0,90.0,41.58287,-7.1442804,-2.637107,70.96152,25.379192,89.091545,0.5056763
0.3375,41.353928,-6.8018513,-2.930426,70.0,25.0,90.0,41.58287,-7.1442804,-2.637107,70.96152,25.379192,89.091545,0.5056763
0.3416666666666667,41.353928,-6.8018513,-2.930426,70.0,25.0,90.0,41.58287,-7.1442804,-2.637107,70.96152,25.379192,89.091545,0.5056763
0.3458333333333333,41.353928,-6.8018513,-2.930426,70.0,25.0,90.0,41.58287,-7.1442804,-2.637107,70.96152,25.379192,89.091545,0.5056763
0.35,41.353928,-6.8018513,-2.930426,70.0,25.0,90.0,41.58287,-7.1442804,-2.637107,70.96152,25.379192,89.091545,0.5056763
0.3541666666666667,41.353928,-6.8018513,-2.930426,70.0,25.0,90.0,41.58287,-7.1442804,-2.637107,70.96152,25.379192,89.091545,0.5056763
0.35833333333333334,41.353928,-6.8018513,-2.930426,70.0,25.0,90.0,41.58287,-7.1442804,-2.637107,70.96152,25.379192,89.091545,0.5056763
0.3625,41.353928,-6.8018513,-2.930426,70.0,25.0,90.0,41.58287,-7.1442804,-2.637107,70.96152,25.379192,89.091545,0.5056763
0.36666666666666664,41.353928,-6.8018513,-2.930426,70.0,25.0,90.0,41.58287,-7.1442804,-2.637107,70.96152,25.379192,89.091545,0.5056763
0.37083333333333335,41.353928,-6.8018513,-2.930426,70.0,25.0,90.0,41.58287,-7.1442804,-2.637107,70.96152,25.379192,89.091545,0.5056763
0.375,41.353928,-6.8018513,-2.930426,70.0,25.0,90.0,41.58287,-7.1442804,-2.637107,70.96152,25.379192,89.091545,0.5056763
0.37916666666666665,41.353928,-6.8018513,-2.930426,70.0,25.0,90.0,41.58287,-7.1442804,-2.637107,70.96152,25.379192,89.091545,0.5056763
0.38333333333333336,41.353928,-6.8018513,-2.930426,70.0,25.0,90.0,41.58287,-7.1442804,-2.637107,70.96152,25.379192,89.091545,0.5056763
0.3875,41.353928,-6.8018513,-2.930426,70.0,25.0,90.0,41.58287,-7.1442804,-2.637107,70.96152,25.379192,89.091545,0.5056763
0.39166666666666666,41.353928,-6.8018513,-2.930426,70.0,25.0,90.0,41.58287,-7.1442804,-2.637107,70.96152,25.379192,89.091545,0.5056763
0.3958333333333333,41.353928,-6.8018513,-2.930426,70.0,25.0,90.0,41.58287,-7.1442804,-2.637107,70.96152,25.379192,89.091545,0.5056763
0.4,41.353928,-6.8018513,-2.930426,70.0,25.0,90.0,41.58287,-7.1442804,-2.637107,70.96152,25.379192,89.091545,0.5056763
0.4041666666666667,41.353928,-6.8018513,-2.930426,70.0,25.0,90.0,41.58287,-7.1442804,-2.637107,70.96152,25.379192,89.091545,0.5056763
0.4083333333333333,41.353928,-6.8018513,-2.930426,70.0,25.0,90.0,41.58287,-7.1442804,-2.637107,70.96152,25.379192,89.091545,0.5056763
0.4125,41.353928,-6.8018513,-2.930426,70.0,25.0,90.0,41.58287,-7.1442804,-2.637107,70.96152,25.379192,89.091545,0.5056763
0.4166666666666667,41.353928,-6.8018513,-2.930426,70.0,25.0,90.0,41.58287,-7.1442804,-2.637107,70.96152,25.379192,89.091545,0.5056763
0.42083333333333334,41.353928,-6.8018513,-2.930426,70.0,25.0,90.0,41.58287,-7.1442804,-2.637107,70.96152,25.379192,89.091545,0.5056763
0.425,41.353928,-6.8018513,-2.930426,70.0,25.0,90.0,41.58287,-7.1442804,-2.637107,70.96152,25.379192,89.091545,0.5056763
0.42916666666666664,41.353928,-6.8018513,-2.930426,70.0,25.0,90.0,41.58287,-7.1442804,-2.637107,70.96152,25.379192,89.091545,0.5056763
0.43333333333333335,41.353928,-6.8018513,-2.930426,70.0,25.0,90.0,41.58287,-7.1442804,-2.637107,70.96152,25.379192,89.091545,0.5056763
0.4375,41.353928,-6.8018513,-2.930426,70.0,25.0,90.0,41.58287,-7.1442804,-2.637107,70.96152,25.379192,89.091545,0.5056763
0.44166666666666665,41.353928,-6.8018513,-2.930426,70.0,25.0,90.0,41.58287,-7.1442804,-2.637107,70.96152,25.379192,89.091545,0.5056763
0.44583333333333336,41.353928,-6.8018513,-2.930426,70.0,25.0,90.0,41.58287,-7.1442804,-2.637107,70.96152,25.379192,89.091545,0.5056763
0.45,41.353928,-6.8018513,-2.930426,70.0,25.0,90.0,41.58287,-7.1442804,-2.637107,70.96152,25.379192,89.091545,0.5056763
0.45416666666666666,41.353928,-6.8018513,-2.930426,70.0,25.0,90.0,41.58287,-7.1442804,-2.637107,70.96152,25.379192,89.091545,0.5056763
0.4583333333333333,41.353928,-6.8018513,-2.930426,70.0,25.0,90.0,41.58287,-7.1442804,-2.637107,70.96152,25.379192,89.091545,0.5056763
0.4625,41.353928,-6.8018513,-2.930426,70.0,25.0,90.0,41.58287,-7.1442804,-2.637107,70.96152,25.379192,89.091545,0.5056763
0.4666666666666667,41.353928,-6.8018513,-2.930426,70.0,25.0,90.0,41.58287,-7.1442804,-2.637107,70.96152,25.379192,89.091545,0.5056763
0.4708333333333333,41.353928,-6.8018513,-2.930426,70.0,25.0,90.0,41.582874,-7.1442785,-2.637107,70.96152,25.379192,89.091545,0.5056768
0.475,41.353928,-6.8018513,-2.930426,70.0,25.0,90.0,41.582874,-7.1442804,-2.637107,70.96152,25.379196,89.091545,0.5056781
0.4791666666666667,41.353928,-6.8018513,-2.930426,70.0,25.0,90.0,41.582874,-7.1442804,-2.637105,70.96152,25.379192,89.091545,0.5056792
0.48333333333333334,41.353928,-6.8018513,-2.930426,70.0,25.0,90.0,41.582874,-7.1442804,-2.637105,70.96152,25.379192,89.091545,0.5056792
0.4875,41.353928,-6.8018513,-2.930426,70.0,25.0,90.0,41.58287,-7.1442804,-2.6371078,70.96152,25.379192,89.091545,0.50567585
0.49166666666666664,41.353928,-6.8018513,-2.930426,70.0,25.0,90.0,41.58287,-7.1442785,-2.6371078,70.96152,25.379189,89.091545,0.50567454
0.49583333333333335,41.353928,-6.8018513,-2.930426,70.0,25.0,90.0,41.582874,-7.1442776,-2.637105,70.96152,25.379192,89.09155,0.5056773
0.5,41.353928,-6.8018513,-2.930426,70.0,25.0,90.0,41.58287,-7.1442776,-2.637105,70.96152,25.379189,89.09155,0.50567555
0.5041666666666667,41.353928,-6.8018513,-2.930426,70.0,25.0,90.0,41.582874,-7.1442776,-2.637103,70.96152,25.379192,89.09155,0.5056784
0.5083333333333333,41.353928,-6.8018513,-2.930426,70.0,25.0,90.0,41.582874,-7.1442747,-2.6371021,70.96152,25.379192,89.09155,0.505677
0.5125,41.353928,-6.8018513,-2.930426,70.0,25.0,90.0,41.582874,-7.1442776,-2.6371078,70.96151,25.379192,89.09155,0.5056756
0.5166666666666667,41.353928,-6.8018513,-2.930426,70.0,25.0,90.0,41.58287,-7.1442757,-2.6371078,70.96151,25.379196,89.09155,0.5056726
0.5208333333333334,41.353928,-6.8018513,-2.930426,70.0,25.0,90.0,41.58287,-7.1442747,-2.637107,70.96151,25.379192,89.09155,0.5056725
0.525,41.353928,-6.8018513,-2.930426,70.0,25.0,90.0,41.582867,-7.1442766,-2.637103,70.96152,25.379192,89.09155,0.5056743
0.5291666666666667,41.353928,-6.8018513,-2.930426,70.0,25.0,90.0,41.58287,-7.1442757,-2.637103,70.96152,25.379192,89.09155,0.5056754
0.5333333333333333,41.353928,-6.8018513,-2.930426,70.0,25.0,90.0,41.58287,-7.1442757,-2.6371002,70.96152,25.379189,89.09155,0.505677
0.5375,41.353928,-6.8018513,-2.930426,70.0,25.0,90.0,41.582867,-7.1442776,-2.637103,70.96152,25.379189,89.09155,0.5056749
0.5416666666666666,41.353928,-6.8018513,-2.930426,70.0,25.0,90.0,41.582867,-7.1442757,-2.637105,70.96152,25.379189,89.09155,0.5056725
0.5458333333333333,41.353928,-6.8018513,-2.930426,70.0,25.0,90.0,41.582867,-7.144273,-2.637104,70.96152,25.379192,89.09155,0.50567114
0.55,41.353928,-6.8018513,-2.930426,70.0,25.0,90.0,41.582867,-7.1442766,-2.637104,70.96152,25.379189,89.09155,0.5056737
0.5541666666666667,41.353928,-6.8018513,-2.930426,70.0,25.0,90.0,41.582867,-7.1442757,-2.637103,70.961525,25.379196,89.09155,0.50567365
0.5583333333333333,41.353928,-6.8018513,-2.930426,70.0,25.0,90.0,41.582867,-7.144273,-2.637104,70.961525,25.379189,89.09155,0.50567114
0.5625,41.353928,-6.8018513,-2.930426,70.0,25.0,90.0,41.582867,-7.1442757,-2.637105,70.961525,25.379192,89.09155,0.5056725
0.5666666666666667,41.353928,-6.8018513,-2.930426,70.0,25.0,90.0,41.58287,-7.1442757,-2.637103,70.961525,25.379189,89.09155,0.5056754
0.5708333333333333,41.353928,-6.8018513,-2.930426,70.0,25.0,90.0,41.582867,-7.1442757,-2.637103,70.961525,25.379189,89.09155,0.50567365
0.575,41.353928,-6.8018513,-2.930426,70.0,25.0,90.0,41.582867,-7.1442757,-2.637103,70.961525,25.379189,89.09155,0.50567365
0.5791666666666667,41.353928,-6.8018513,-2.930426,70.0,25.0,90.0,41.582867,-7.1442757,-2.6371012,70.961525,25.379189,89.09155,0.5056747
0.5833333333333334,41.353928,-6.8018513,-2.930426,70.0,25.0,90.0,41.582867,-7.1442776,-2.6370993,70.961525,25.379192,89.09155,0.5056771
0.5875,41.353928,-6.8018513,-2.930426,70.0,25.0,90.0,41.58287,-7.1442776,-2.6371012,70.961525,25.379189,89.09155,0.50567776
0.5916666666666667,41.353928,-6.8018513,-2.930426,70.0,25.0,90.0,41.582867,-7.1442776,-2.6371012,70.96153,25.379189,89.09155,0.50567603
0.5958333333333333,41.353928,-6.8018513,-2.930426,70.0,25.0,90.0,41.582863,-7.1442785,-2.637103,70.961525,25.379189,89.09155,0.5056738
0.6,41.353928,-6.8018513,-2.930426,70.0,25.0,90.0,41.58287,-7.1442776,-2.637103,70.961525,25.379189,89.09155,0.5056766
0.6041666666666666,41.353928,-6.8018513,-2.930426,70.0,25.0,90.0,41.582867,-7.1442757,-2.6371021,70.961525,25.379189,89.09155,0.5056742
0.6083333333333333,41.353928,-6.8018513,-2.930426,70.0,25.0,90.0,41.582867,-7.1442757,-2.6370993,70.961525,25.379185,89.09155,0.50567585
0.6125,41.353928,-6.8018513,-2.930426,70.0,25.0,90.0,41.582867,-7.1442785,-2.6371012,70.961525,25.379189,89.09155,0.5056767
0.6166666666666667,41.353928,-6.8018513,-2.930426,70.0,25.0,90.0,41.582867,-7.1442785,-2.6371002,70.961525,25.379185,89.09155,0.5056772
0.6208333333333333,41.353928,-6.8018513,-2.930426,70.0,25.0,90.0,41.582863,-7.1442776,-2.6370993,70.961525,25.379189,89.09155,0.50567544
0.625,41.353928,-6.8018513,-2.930426,70.0,25.0,90.0,41.582867,-7.1442804,-2.6370955,70.961525,25.379192,89.09155,0.5056813
0.6291666666666667,41.353928,-6.8018513,-2.930426,70.0,25.0,90.0,41.582863,-7.1442785,-2.6371021,70.961525,25.379196,89.091545,0.5056744
0.6333333333333333,41.353928,-6.8018513,-2.930426,70.0,25.0,90.0,41.582863,-7.1442776,-2.6371002,70.96152,25.379192,89.09155,0.50567484
0.6375,41.353928,-6.8018513,-2.930426,70.0,25.0,90.0,41.582867,-7.1442776,-2.6371021,70.961525,25.379192,89.091545,0.5056755
0.6416666666666667,41.353928,-6.8018513,-2.930426,70.0,25.0,90.0,41.582867,-7.1442785,-2.637103,70.961525,25.379196,89.091545,0.50567555
0.6458333333333334,41.353928,-6.8018513,-2.930426,70.0,25.0,90.0,41.582867,-7.1442814,-2.6371021,70.961525,25.379192,89.091545,0.50567806
0.65,41.353928,-6.8018513,-2.930426,70.0,25.0,90.0,41.58287,-7.1442785,-2.6371012,70.961525,25.379196,89.091545,0.5056784
0.6541666666666667,41.353928,-6.8018513,-2.930426,70.0,25.0,90.0,41.58287,-7.1442833,-2.6371012,70.961525,25.379192,89.09154,0.50568163
0.6583333333333333,41.353928,-6.8018513,-2.930426,70.0,25.0,90.0,41.58287,-7.1442842,-2.6371002,70.961525,25.379189,89.091545,0.5056828
0.6625,41.353928,-6.8018513,-2.930426,70.0,25.0,90.0,41.58287,-7.1442833,-2.6371002,70.961525,25.379189,89.091545,0.5056822
0.6666666666666666,41.353928,-6.8018513,-2.930426,70.0,25.0,90.0,41.58287,-7.1442785,-2.637103,70.961525,25.379189,89.09154,0.5056773
0.6708333333333333,41.353928,-6.8018513,-2.930426,70.0,25.0,90.0,41.582874,-7.1442804,-2.6371078,70.961525,25.379192,89.09154,0.5056775
0.675,41.353928,-6.8018513,-2.930426,70.0,25.0,90.0,41.582874,-7.1442833,-2.6371021,70.961525,25.379189,89.091545,0.5056828
0.6791666666666667,41.353928,-6.8018513,-2.930426,70.0,25.0,90.0,41.582874,-7.1442842,-2.637103,70.961525,25.379185,89.091545,0.5056829
0.6833333333333333,41.353928,-6.8018513,-2.930426,70.0,25.0,90.0,41.58287,-7.1442833,-2.6371002,70.96152,25.379185,89.091545,0.5056822
0.6875,41.353928,-6.8018513,-2.930426,70.0,25.0,90.0,41.582874,-7.1442814,-2.6371012,70.96152,25.379185,89.091545,0.50568205
0.6916666666666667,41.353928,-6.8018513,-2.930426,70.0,25.0,90.0,41.58287,-7.1442804,-2.6371012,70.96152,25.379192,89.091545,0.50567967
0.6958333333333333,41.353928,-6.8018513,-2.930426,70.0,25.0,90.0,41.58287,-7.1442833,-2.6371012,70.96152,25.379185,89.091545,0.50568163
0.7,41.353928,-6.8018513,-2.930426,70.0,25.0,90.0,41.58287,-7.1442814,-2.6371021,70.96152,25.379185,89.091545,0.5056798
0.7041666666666667,41.353928,-6.8018513,-2.930426,70.0,25.0,90.0,41.58287,-7.1442833,-2.6371002,70.96152,25.379185,89.091545,0.5056822
0.7083333333333334,41.353928,-6.8018513,-2.930426,70.0,25.0,90.0,41.58287,-7.1442814,-2.6371012,70.96152,25.379189,89.091545,0.5056803
0.7125,41.353928,-6.8018513,-2.930426,70.0,25.0,90.0,41.58287,-7.1442833,-2.6371002,70.96152,25.379189,89.091545,0.5056822
0.7166666666666667,41.353928,-6.8018513,-2.930426,70.0,25.0,90.0,41.58287,-7.1442833,-2.6371002,70.96152,25.379189,89.091545,0.5056822
0.7208333333333333,41.353928,-6.8018513,-2.930426,70.0,25.0,90.0,41.58287,-7.1442833,-2.6371002,70.96152,25.379189,89.091545,0.5056822
0.725,41.353928,-6.8018513,-2.930426,70.0,25.0,90.0,41.58287,-7.1442833,-2.6371002,70.96152,25.379189,89.091545,0.5056822
0.7291666666666666,41.353928,-6.8018513,-2.930426,70.0,25.0,90.0,41.58287,-7.1442833,-2.6371002,70.96152,25.379189,89.091545,0.5056822
0.7333333333333333,41.353928,-6.8018513,-2.930426,70.0,25.0,90.0,41.58287,-7.1442833,-2.6371002,70.96152,25.379189,89.091545,0.5056822
0.7375,41.353928,-6.8018513,-2.930426,70.0,25.0,90.0,41.58287,-7.1442833,-2.6371002,70.96152,25.379189,89.091545,0.5056822
0.7416666666666667,41.353928,-6.8018513,-2.930426,70.0,25.0,90.0,41.58287,-7.1442833,-2.6371002,70.96152,25.379189,89.091545,0.5056822
0.7458333333333333,41.353928,-6.8018513,-2.930426,70.0,25.0,90.0,41.58287,-7.1442833,-2.6371002,70.96152,25.379189,89.091545,0.5056822
0.75,41.353928,-6.8018513,-2.930426,70.0,25.0,90.0,41.58287,-7.1442833,-2.6371002,70.96152,25.379189,89.091545,0.5056822
0.7541666666666667,41.353928,-6.8018513,-2.930426,70.0,25.0,90.0,41.58287,-7.1442833,-2.6371002,70.96152,25.379189,89.091545,0.5056822
0.7583333333333333,41.353928,-6.8018513,-2.930426,70.0,25.0,90.0,41.58287,-7.1442833,-2.6371002,70.96152,25.379189,89.091545,0.5056822
0.7625,41.353928,-6.8018513,-2.930426,70.0,25.0,90.0,41.58287,-7.1442833,-2.6371002,70.96152,25.379189,89.091545,0.5056822
0.7666666666666667,41.353928,-6.8018513,-2.930426,70.0,25.0,90.0,41.58287,-7.1442833,-2.6371002,70.96152,25.379189,89.091545,0.5056822
0.7708333333333334,41.353928,-6.8018513,-2.930426,70.0,25.0,90.0,41.58287,-7.1442833,-2.6371002,70.96152,25.379189,89.091545,0.5056822
0.775,41.353928,-6.8018513,-2.930426,70.0,25.0,90.0,41.58287,-7.1442833,-2.6371002,70.96152,25.379189,89.091545,0.5056822
0.7791666666666667,41.353928,-6.8018513,-2.930426,70.0,25.0,90.0,41.58287,-7.1442833,-2.6371002,70.96152,25.379189,89.091545,0.5056822
0.7833333333333333,41.353928,-6.8018513,-2.930426,70.0,25.0,90.0,41.58287,-7.1442833,-2.6371002,70.96152,25.379189,89.091545,0.5056822
0.7875,41.353928,-6.8018513,-2.930426,70.0,25.0,90.0,41.58287,-7.1442833,-2.6371002,70.96152,25.379189,89.091545,0.5056822
0.7916666666666666,41.353928,-6.8018513,-2.930426,70.0,25.0,90.0,41.58287,-7.1442833,-2.6371002,70.96152,25.379189,89.091545,0.5056822
0.7958333333333333,41.353928,-6.8018513,-2.930426,70.0,25.0,90.0,41.58287,-7.1442833,-2.6371002,70.96152,25.379189,89.091545,0.5056822
0.8,41.353928,-6.8018513,-2.930426,70.0,25.0,90.0,41.58287,-7.1442833,-2.6371002,70.96152,25.379189,89.091545,0.5056822
0.8041666666666667,41.353928,-6.8018513,-2.930426,70.0,25.0,90.0,41.58287,-7.1442833,-2.6371002,70.96152,25.379189,89.091545,0.5056822
0.8083333333333333,41.353928,-6.8018513,-2.930426,70.0,25.0,90.0,41.58287,-7.1442833,-2.6371002,70.96152,25.379189,89.091545,0.5056822
0.8125,41.353928,-6.8018513,-2.930426,70.0,25.0,90.0,41.58287,-7.1442833,-2.6371002,70.96152,25.379189,89.091545,0.5056822
0.8166666666666667,41.353928,-6.8018513,-2.930426,70.0,25.0,90.0,41.58287,-7.1442833,-2.6371002,70.96152,25.379189,89.091545,0.5056822
0.8208333333333333,41.353928,-6.8018513,-2.930426,70.0,25.0,90.0,41.58287,-7.1442833,-2.6371002,70.96152,25.379189,89.091545,0.5056822
0.825,41.353928,-6.8018513,-2.930426,70.0,25.0,90.0,41.58287,-7.1442833,-2.6371002,70.96152,25.379189,89.091545,0.5056822
0.8291666666666667,41.353928,-6.8018513,-2.930426,70.0,25.0,90.0,41.58287,-7.1442833,-2.6371002,70.96152,25.379189,89.091545,0.5056822
0.8333333333333334,41.353928,-6.8018513,-2.930426,70.0,25.0,90.0,41.58287,-7.1442833,-2.6371002,70.96152,25.379189,89.091545,0.5056822
0.8375,41.353928,-6.8018513,-2.930426,70.0,25.0,90.0,41.58287,-7.1442833,-2.6371002,70.96152,25.379189,89.091545,0.5056822
0.8416666666666667,41.353928,-6.8018513,-2.930426,70.0,25.0,90.0,41.58287,-7.1442833,-2.6371002,70.96152,25.379189,89.091545,0.5056822
0.8458333333333333,41.353928,-6.8018513,-2.930426,70.0,25.0,90.0,41.58287,-7.1442833,-2.6371002,70.96152,25.379189,89.091545,0.5056822
0.85,41.353928,-6.8018513,-2.930426,70.0,25.0,90.0,41.58287,-7.1442833,-2.6371002,70.96152,25.379189,89.091545,0.5056822
0.8541666666666666,41.353928,-6.8018513,-2.930426,70.0,25.0,90.0,41.58287,-7.1442833,-2.6371002,70.96152,25.379189,89.091545,0.5056822
0.8583333333333333,41.353928,-6.8018513,-2.930426,70.0,25.0,90.0,41.58287,-7.1442833,-2.6371002,70.96152,25.379189,89.091545,0.5056822
0.8625,41.353928,-6.8018513,-2.930426,70.0,25.0,90.0,41.58287,-7.1442833,-2.6371002,70.96152,25.379189,89.091545,0.5056822
0.8666666666666667,41.353928,-6.8018513,-2.930426,70.0,25.0,90.0,41.58287,-7.1442833,-2.6371012,70.96152,25.379192,89.091545,0.50568163
0.8708333333333333,41.353928,-6.8018513,-2.930426,70.0,25.0,90.0,41.58287,-7.1442842,-2.6371021,70.96152,25.379192,89.091545,0.5056817
0.875,41.353928,-6.8018513,-2.930426,70.0,25.0,90.0,41.58287,-7.1442842,-2.6371021,70.96152,25.379192,89.091545,0.5056817
0.8791666666666667,41.353928,-6.8018513,-2.930426,70.0,25.0,90.0,41.58287,-7.144286,-2.637104,70.96152,25.379192,89.091545,0.5056819
0.8833333333333333,41.353928,-6.8018513,-2.930426,70.0,25.0,90.0,41.58287,-7.1442842,-2.637105,70.961525,25.379192,89.091545,0.5056801
0.8875,41.353928,-6.8018513,-2.930426,70.0,25.0,90.0,41.58287,-7.1442776,-2.637103,70.96152,25.379189,89.091545,0.5056766
0.8916666666666667,41.353928,-6.8018513,-2.930426,70.0,25.0,90.0,41.58287,-7.1442785,-2.637105,70.96152,25.379189,89.091545,0.50567615
0.8958333333333334,41.353928,-6.8018513,-2.930426,70.0,25.0,90.0,41.582874,-7.1442757,-2.637104,70.96152,25.379185,89.09155,0.5056765
0.9,41.353928,-6.8018513,-2.930426,70.0,25.0,90.0,41.58287,-7.1442776,-2.637103,70.96152,25.379192,89.09155,0.5056766
0.9041666666666667,41.353928,-6.8018513,-2.930426,70.0,25.0,90.0,41.58287,-7.1442757,-2.637105,70.96152,25.379192,89.09155,0.50567424
0.9083333333333333,41.353928,-6.8018513,-2.930426,70.0,25.0,90.0,41.582874,-7.1442776,-2.6371078,70.96152,25.379192,89.09155,0.5056756
0.9125,41.353928,-6.8018513,-2.930426,70.0,25.0,90.0,41.58287,-7.1442776,-2.637107,70.96151,25.379192,89.09155,0.5056744
0.9166666666666666,41.353928,-6.8018513,-2.930426,70.0,25.0,90.0,41.58287,-7.1442757,-2.637104,70.96151,25.379189,89.09155,0.5056748
0.9208333333333333,41.353928,-6.8018513,-2.930426,70.0,25.0,90.0,41.58287,-7.1442747,-2.637103,70.96152,25.379192,89.09155,0.5056747
0.925,41.353928,-6.8018513,-2.930426,70.0,25.0,90.0,41.58287,-7.1442757,-2.637103,70.96152,25.379192,89.09155,0.5056754
0.9291666666666667,41.353928,-6.8018513,-2.930426,70.0,25.0,90.0,41.58287,-7.1442747,-2.6371002,70.96152,25.379192,89.09155,0.5056763
0.9333333333333333,41.353928,-6.8018513,-2.930426,70.0,25.0,90.0,41.582867,-7.1442757,-2.6370993,70.96152,25.379185,89.09155,0.50567585
0.9375,41.353928,-6.8018513,-2.930426,70.0,25.0,90.0,41.582863,-7.1442757,-2.637104,70.961525,25.379192,89.09155,0.5056713
0.9416666666666667,41.353928,-6.8018513,-2.930426,70.0,25.0,90.0,41.58287,-7.1442738,-2.637103,70.96152,25.379192,89.09155,0.50567406
0.9458333333333333,41.353928,-6.8018513,-2.930426,70.0,25.0,90.0,41.582867,-7.1442776,-2.6371012,70.96152,25.379192,89.09155,0.50567603
0.95,41.353928,-6.8018513,-2.930426,70.0,25.0,90.0,41.582867,-7.1442757,-2.6371012,70.961525,25.379192,89.09155,0.5056747
0.9541666666666667,41.353928,-6.8018513,-2.930426,70.0,25.0,90.0,41.582867,-7.1442757,-2.637103,70.961525,25.379189,89.09155,0.50567365
0.9583333333333334,41.353928,-6.8018513,-2.930426,70.0,25.0,90.0,41.582867,-7.1442757,-2.637104,70.961525,25.379189,89.09155,0.5056731
0.9625,41.353928,-6.8018513,-2.930426,70.0,25.0,90.0,41.582867,-7.1442776,-2.6371021,70.961525,25.379189,89.09155,0.5056755
0.9666666666666667,41.353928,-6.8018513,-2.930426,70.0,25.0,90.0,41.582867,-7.1442766,-2.6371021,70.961525,25.379189,89.09155,0.50567484
0.9708333333333333,41.353928,-6.8018513,-2.930426,70.0,25.0,90.0,41.582863,-7.1442776,-2.6371012,70.961525,25.379185,89.09155,0.5056743
0.975,41.353928,-6.8018513,-2.930426,70.0,25.0,90.0,41.582863,-7.1442776,-2.6371012,70.961525,25.379185,89.09155,0.5056743
0.9791666666666666,41.353928,-6.8018513,-2.930426,70.0,25.0,90.0,41.582863,-7.1442776,-2.6371012,70.961525,25.379185,89.09155,0.5056743
0.9833333333333333,41.353928,-6.8018513,-2.930426,70.0,25.0,90.0,41.582863,-7.1442776,-2.6371012,70.961525,25.379185,89.09155,0.5056743
0.9875,41.353928,-6.8018513,-2.930426,70.0,25.0,90.0,41.582863,-7.1442776,-2.6371012,70.961525,25.379185,89.09155,0.5056743
0.9916666666666667,41.353928,-6.8018513,-2.930426,70.0,25.0,90.0,41.582863,-7.1442776,-2.6371012,70.961525,25.379185,89.09155,0.5056743
0.9958333333333333,41.353928,-6.8018513,-2.930426,70.0,25.0,90.0,41.582867,-7.1442776,-2.6371012,70.961525,25.37918,89.09155,0.50567603
1.0,41.353928,-6.8018513,-2.930426,70.0,25.0,90.0,41.582867,-7.1442776,-2.6370993,70.961525,25.379185,89.09155,0.5056771
1.0041666666666667,41.353928,-6.8018513,-2.930426,70.0,25.0,90.0,41.582867,-7.1442776,-2.6371002,70.961525,25.37918,89.09155,0.50567657
1.0083333333333333,41.353928,-6.8018513,-2.930426,70.0,25.0,90.0,41.582867,-7.1442776,-2.6371021,70.961525,25.379189,89.09155,0.5056755
1.0125,41.353928,-6.8018513,-2.930426,70.0,25.0,90.0,41.582867,-7.1442776,-2.6371012,70.961525,25.379185,89.09155,0.50567603
1.0166666666666666,41.353928,-6.8018513,-2.930426,70.0,25.0,90.0,41.582863,-7.1442757,-2.6371012,70.961525,25.379189,89.09155,0.50567305
1.0208333333333333,41.353928,-6.8018513,-2.930426,70.0,25.0,90.0,41.582867,-7.1442785,-2.6370983,70.961525,25.379192,89.09155,0.50567836
1.025,41.353928,-6.8018513,-2.930426,70.0,25.0,90.0,41.582863,-7.1442776,-2.6371002,70.961525,25.379192,89.091545,0.50567484
1.0291666666666666,41.353928,-6.8018513,-2.930426,70.0,25.0,90.0,41.582867,-7.1442776,-2.6371002,70.961525,25.379196,89.09155,0.50567657
1.0333333333333334,41.353928,-6.8018513,-2.930426,70.0,25.0,90.0,41.582867,-7.1442776,-2.6371021,70.961525,25.379192,89.091545,0.5056755
1.0375,41.353928,-6.8018513,-2.930426,70.0,25.0,90.0,41.582867,-7.1442785,-2.637103,70.961525,25.379196,89.091545,0.50567555
1.0416666666666667,41.353928,-6.8018513,-2.930426,70.0,25.0,90.0,41.582867,-7.1442814,-2.6371021,70.961525,25.379192,89.091545,0.50567806
1.0458333333333334,41.353928,-6.8018513,-2.930426,70.0,25.0,90.0,41.58287,-7.1442785,-2.6371012,70.961525,25.379196,89.091545,0.5056784
1.05,41.353928,-6.8018513,-2.930426,70.0,25.0,90.0,41.58287,-7.1442833,-2.6371012,70.961525,25.379192,89.09154,0.50568163
1.0541666666666667,41.353928,-6.8018513,-2.930426,70.0,25.0,90.0,41.58287,-7.1442842,-2.6371002,70.961525,25.379189,89.091545,0.5056828
1.0583333333333333,41.353928,-6.8018513,-2.930426,70.0,25.0,90.0,41.58287,-7.1442833,-2.6371002,70.961525,25.379189,89.091545,0.5056822
1.0625,41.353928,-6.8018513,-2.930426,70.0,25.0,90.0,41.58287,-7.1442785,-2.637103,70.961525,25.379189,89.09154,0.5056773
1.0666666666666667,41.353928,-6.8018513,-2.930426,70.0,25.0,90.0,41.582874,-7.1442804,-2.6371078,70.961525,25.379192,89.09154,0.5056775
1.0708333333333333,41.353928,-6.8018513,-2.930426,70.0,25.0,90.0,41.582874,-7.1442833,-2.6371021,70.961525,25.379189,89.091545,0.5056828
1.075,41.353928,-6.8018513,-2.930426,70.0,25.0,90.0,41.582874,-7.1442842,-2.637103,70.961525,25.379185,89.091545,0.5056829
1.0791666666666666,41.353928,-6.8018513,-2.930426,70.0,25.0,90.0,41.58287,-7.1442833,-2.6371002,70.96152,25.379185,89.091545,0.5056822
1.0833333333333333,41.353928,-6.8018513,-2.930426,70.0,25.0,90.0,41.582874,-7.1442814,-2.6371012,70.96152,25.379185,89.091545,0.50568205
1.0875,41.353928,-6.8018513,-2.930426,70.0,25.0,90.0,41.58287,-7.1442804,-2.6371012,70.96152,25.379192,89.091545,0.50567967
1.0916666666666666,41.353928,-6.8018513,-2.930426,70.0,25.0,90.0,41.58287,-7.1442833,-2.6371012,70.96152,25.379185,89.091545,0.50568163
1.0958333333333334,41.353928,-6.8018513,-2.930426,70.0,25.0,90.0,41.58287,-7.1442814,-2.6371021,70.96152,25.379185,89.091545,0.5056798
1.1,41.353928,-6.8018513,-2.930426,70.0,25.0,90.0,41.58287,-7.1442833,-2.6371002,70.96152,25.379185,89.091545,0.5056822
1.1041666666666667,41.353928,-6.8018513,-2.930426,70.0,25.0,90.0,41.58287,-7.1442814,-2.6371012,70.96152,25.379189,89.091545,0.5056803
1.1083333333333334,41.353928,-6.8018513,-2.930426,70.0,25.0,90.0,41.58287,-7.1442833,-2.6371002,70.96152,25.379189,89.091545,0.5056822
1.1125,41.353928,-6.8018513,-2.930426,70.0,25.0,90.0,41.58287,-7.1442833,-2.6371002,70.96152,25.379189,89.091545,0.5056822
1.1166666666666667,41.353928,-6.8018513,-2.930426,70.0,25.0,90.0,41.58287,-7.1442833,-2.6371002,70.96152,25.379189,89.091545,0.5056822
1.1208333333333333,41.353928,-6.8018513,-2.930426,70.0,25.0,90.0,41.58287,-7.1442833,-2.6371002,70.96152,25.379189,89.091545,0.5056822
1.125,41.353928,-6.8018513,-2.930426,70.0,25.0,90.0,41.58287,-7.1442833,-2.6371002,70.96152,25.379189,89.091545,0.5056822
1.1291666666666667,41.353928,-6.8018513,-2.930426,70.0,25.0,90.0,41.58287,-7.1442833,-2.6371002,70.96152,25.379189,89.091545,0.5056822
1.1333333333333333,41.353928,-6.8018513,-2.930426,70.0,25.0,90.0,41.58287,-7.1442833,-2.6371002,70.96152,25.379189,89.091545,0.5056822
1.1375,41.353928,-6.8018513,-2.930426,70.0,25.0,90.0,41.58287,-7.1442833,-2.6371002,70.96152,25.379189,89.091545,0.5056822
1.1416666666666666,41.353928,-6.8018513,-2.930426,70.0,25.0,90.0,41.58287,-7.1442833,-2.6371002,70.96152,25.379189,89.091545,0.5056822
1.1458333333333333,41.353928,-6.8018513,-2.930426,70.0,25.0,90.0,41.58287,-7.1442833,-2.6371002,70.96152,25.379189,89.091545,0.5056822
1.15,41.353928,-6.8018513,-2.930426,70.0,25.0,90.0,41.58287,-7.1442833,-2.6371002,70.96152,25.379189,89.091545,0.5056822
1.1541666666666666,41.353928,-6.8018513,-2.930426,70.0,25.0,90.0,41.58287,-7.1442833,-2.6371002,70.96152,25.379189,89.091545,0.5056822
1.1583333333333334,41.353928,-6.8018513,-2.930426,70.0,25.0,90.0,41.58287,-7.1442833,-2.6371002,70.96152,25.379189,89.091545,0.5056822
1.1625,41.353928,-6.8018513,-2.930426,70.0,25.0,90.0,41.58287,-7.1442833,-2.6371002,70.96152,25.379189,89.091545,0.5056822
1.1666666666666667,41.353928,-6.8018513,-2.930426,70.0,25.0,90.0,41.58287,-7.1442833,-2.6371002,70.96152,25.379189,89.091545,0.5056822
1.1708333333333334,41.353928,-6.8018513,-2.930426,70.0,25.0,90.0,41.58287,-7.1442833,-2.6371002,70.96152,25.379189,89.091545,0.5056822
1.175,41.353928,-6.8018513,-2.930426,70.0,25.0,90.0,41.58287,-7.1442833,-2.6371002,70.96152,25.379189,89.091545,0.5056822
1.1791666666666667,41.353928,-6.8018513,-2.930426,70.0,25.0,90.0,41.58287,-7.1442833,-2.6371002,70.96152,25.379189,89.091545,0.5056822
1.1833333333333333,41.353928,-6.8018513,-2.930426,70.0,25.0,90.0,41.58287,-7.1442833,-2.6371002,70.96152,25.379189,89.091545,0.5056822
1.1875,41.353928,-6.8018513,-2.930426,70.0,25.0,90.0,41.58287,-7.1442833,-2.6371002,70.96152,25.379189,89.091545,0.5056822
1.1916666666666667,41.353928,-6.8018513,-2.930426,70.0,25.0,90.0,41.58287,-7.1442833,-2.6371002,70.96152,25.379189,89.091545,0.5056822
1.1958333333333333,41.353928,-6.8018513,-2.930426,70.0,25.0,90.0,41.58287,-7.1442833,-2.6371002,70.96152,25.379189,89.091545,0.5056822
1.2,41.353928,-6.8018513,-2.930426,70.0,25.0,90.0,41.58287,-7.1442833,-2.6371002,70.96152,25.379189,89.091545,0.5056822
1.2041666666666666,41.353928,-6.8018513,-2.930426,70.0,25.0,90.0,41.58287,-7.1442833,-2.6371002,70.96152,25.379189,89.091545,0.5056822
1.2083333333333333,41.353928,-6.8018513,-2.930426,70.0,25.0,90.0,41.58287,-7.1442833,-2.6371002,70.96152,25.379189,89.091545,0.5056822
1.2125,41.353928,-6.8018513,-2.930426,70.0,25.0,90.0,41.58287,-7.1442833,-2.6371002,70.96152,25.379189,89.091545,0.5056822
1.2166666666666666,41.353928,-6.8018513,-2.930426,70.0,25.0,90.0,41.58287,-7.1442833,-2.6371002,70.96152,25.379189,89.091545,0.5056822
1.2208333333333334,41.353928,-6.8018513,-2.930426,70.0,25.0,90.0,41.58287,-7.1442833,-2.6371002,70.96152,25.379189,89.091545,0.5056822
1.225,41.353928,-6.8018513,-2.930426,70.0,25.0,90.0,41.58287,-7.1442833,-2.6371002,70.96152,25.379189,89.091545,0.5056822
1.2291666666666667,41.353928,-6.8018513,-2.930426,70.0,25.0,90.0,41.58287,-7.1442833,-2.6371002,70.96152,25.379189,89.091545,0.5056822
1.2333333333333334,41.353928,-6.8018513,-2.930426,70.0,25.0,90.0,41.58287,-7.1442833,-2.6371002,70.96152,25.379189,89.091545,0.5056822
1.2375,41.353928,-6.8018513,-2.930426,70.0,25.0,90.0,41.58287,-7.1442833,-2.6371002,70.96152,25.379189,89.091545,0.5056822
1.2416666666666667,41.353928,-6.8018513,-2.930426,70.0,25.0,90.0,41.58287,-7.1442833,-2.6371002,70.96152,25.379189,89.091545,0.5056822
1.2458333333333333,41.353928,-6.8018513,-2.930426,70.0,25.0,90.0,41.58287,-7.1442833,-2.6371002,70.96152,25.379189,89.091545,0.5056822
1.25,41.353928,-6.8018513,-2.930426,70.0,25.0,90.0,41.58287,-7.1442833,-2.6371002,70.96152,25.379189,89.091545,0.5056822
1.2541666666666667,41.353928,-6.8018513,-2.930426,70.0,25.0,90.0,41.58287,-7.1442833,-2.6371002,70.96152,25.379189,89.091545,0.5056822
1.2583333333333333,41.353928,-6.8018513,-2.930426,70.0,25.0,90.0,41.58287,-7.1442833,-2.6371002,70.96152,25.379189,89.091545,0.5056822
1.2625,41.353928,-6.8018513,-2.930426,70.0,25.0,90.0,41.58287,-7.1442833,-2.6371012,70.96152,25.379192,89.091545,0.50568163
1.2666666666666666,41.353928,-6.8018513,-2.930426,70.0,25.0,90.0,41.58287,-7.1442842,-2.6371021,70.96152,25.379192,89.091545,0.5056817
1.2708333333333333,41.353928,-6.8018513,-2.930426,70.0,25.0,90.0,41.58287,-7.1442842,-2.6371021,70.96152,25.379192,89.091545,0.5056817
1.275,41.353928,-6.8018513,-2.930426,70.0,25.0,90.0,41.58287,-7.144286,-2.637104,70.96152,25.379192,89.091545,0.5056819
1.2791666666666666,41.353928,-6.8018513,-2.930426,70.0,25.0,90.0,41.58287,-7.1442842,-2.637105,70.961525,25.379192,89.091545,0.5056801
1.2833333333333334,41.353928,-6.8018513,-2.930426,70.0,25.0,90.0,41.58287,-7.1442776,-2.637103,70.96152,25.379189,89.091545,0.5056766
1.2875,41.353928,-6.8018513,-2.930426,70.0,25.0,90.0,41.58287,-7.1442785,-2.637105,70.96152,25.379189,89.091545,0.50567615
1.2916666666666667,41.353928,-6.8018513,-2.930426,70.0,25.0,90.0,41.582874,-7.1442757,-2.637104,70.96152,25.379185,89.09155,0.5056765
1.2958333333333334,41.353928,-6.8018513,-2.930426,70.0,25.0,90.0,41.58287,-7.1442776,-2.637103,70.96152,25.379192,89.09155,0.5056766
1.3,41.353928,-6.8018513,-2.930426,70.0,25.0,90.0,41.58287,-7.1442757,-2.637105,70.96152,25.379192,89.09155,0.50567424
1.3041666666666667,41.353928,-6.8018513,-2.930426,70.0,25.0,90.0,41.582874,-7.1442776,-2.6371078,70.96152,25.379192,89.09155,0.5056756
1.3083333333333333,41.353928,-6.8018513,-2.930426,70.0,25.0,90.0,41.58287,-7.1442776,-2.637107,70.96151,25.379192,89.09155,0.5056744
1.3125,41.353928,-6.8018513,-2.930426,70.0,25.0,90.0,41.58287,-7.1442757,-2.637104,70.96151,25.379189,89.09155,0.5056748
1.3166666666666667,41.353928,-6.8018513,-2.930426,70.0,25.0,90.0,41.58287,-7.1442747,-2.637103,70.96152,25.379192,89.09155,0.5056747
1.3208333333333333,41.353928,-6.8018513,-2.930426,70.0,25.0,90.0,41.58287,-7.1442757,-2.637103,70.96152,25.379192,89.09155,0.5056754
1.325,41.353928,-6.8018513,-2.930426,70.0,25.0,90.0,41.58287,-7.1442747,-2.6371002,70.96152,25.379192,89.09155,0.5056763
1.3291666666666666,41.353928,-6.8018513,-2.930426,70.0,25.0,90.0,41.582867,-7.1442757,-2.6370993,70.96152,25.379185,89.09155,0.50567585
1.3333333333333333,41.353928,-6.8018513,-2.930426,70.0,25.0,90.0,41.582863,-7.1442757,-2.637104,70.961525,25.379189,89.09155,0.5056713
1.3375,41.353928,-6.8018513,-2.930426,70.0,25.0,90.0,41.582867,-7.1442738,-2.6371021,70.96152,25.379192,89.09155,0.50567293
1.3416666666666666,41.353928,-6.8018513,-2.930426,70.0,25.0,90.0,41.582867,-7.1442776,-2.6371021,70.96152,25.379196,89.09155,0.5056755
1.3458333333333334,41.353928,-6.8018513,-2.930426,70.0,25.0,90.0,41.582867,-7.1442757,-2.6371021,70.961525,25.379192,89.09155,0.5056742
1.35,41.353928,-6.8018513,-2.930426,70.0,25.0,90.0,41.582867,-7.1442757,-2.637103,70.961525,25.379189,89.09155,0.50567365
1.3541666666666667,41.353928,-6.8018513,-2.930426,70.0,25.0,90.0,41.582867,-7.1442766,-2.637104,70.961525,25.379189,89.09155,0.5056737
1.3583333333333334,41.353928,-6.8018513,-2.930426,70.0,25.0,90.0,41.582867,-7.1442757,-2.637103,70.961525,25.379185,89.09155,0.50567365
1.3625,41.353928,-6.8018513,-2.930426,70.0,25.0,90.0,41.582867,-7.1442757,-2.6370993,70.961525,25.379185,89.09155,0.50567585
1.3666666666666667,41.353928,-6.8018513,-2.930426,70.0,25.0,90.0,41.582867,-7.1442776,-2.6371012,70.961525,25.379189,89.09155,0.50567603
1.3708333333333333,41.353928,-6.8018513,-2.930426,70.0,25.0,90.0,41.582867,-7.1442785,-2.6370993,70.961525,25.379189,89.09155,0.50567776
1.375,41.353928,-6.8018513,-2.930426,70.0,25.0,90.0,41.582867,-7.1442785,-2.6370983,70.961525,25.379185,89.09155,0.50567836
1.3791666666666667,41.353928,-6.8018513,-2.930426,70.0,25.0,90.0,41.582867,-7.1442776,-2.6370993,70.961525,25.379189,89.09155,0.5056771
1.3833333333333333,41.353928,-6.8018513,-2.930426,70.0,25.0,90.0,41.582867,-7.1442757,-2.6371002,70.961525,25.379185,89.09155,0.5056753
1.3875,41.353928,-6.8018513,-2.930426,70.0,25.0,90.0,41.582863,-7.1442757,-2.6370993,70.961525,25.379185,89.09155,0.5056741
1.3916666666666666,41.353928,-6.8018513,-2.930426,70.0,25.0,90.0,41.582867,-7.1442757,-2.6370993,70.961525,25.379189,89.09155,0.50567585
1.3958333333333333,41.353928,-6.8018513,-2.930426,70.0,25.0,90.0,41.582867,-7.1442785,-2.6370983,70.961525,25.379185,89.09155,0.50567836
1.4,41.353928,-6.8018513,-2.930426,70.0,25.0,90.0,41.582867,-7.1442785,-2.6370993,70.961525,25.379185,89.09155,0.50567776
1.4041666666666666,41.353928,-6.8018513,-2.930426,70.0,25.0,90.0,41.582867,-7.1442804,-2.6371002,70.961525,25.379192,89.09155,0.50567853
1.4083333333333334,41.353928,-6.8018513,-2.930426,70.0,25.0,90.0,41.582863,-7.1442785,-2.6371002,70.961525,25.379189,89.09155,0.5056755
1.4125,41.353928,-6.8018513,-2.930426,70.0,25.0,90.0,41.582867,-7.1442757,-2.6371012,70.961525,25.379189,89.09155,0.5056747
1.4166666666666667,41.353928,-6.8018513,-2.930426,70.0,25.0,90.0,41.582867,-7.1442776,-2.6370983,70.961525,25.379192,89.09155,0.5056777
1.4208333333333334,41.353928,-6.8018513,-2.930426,70.0,25.0,90.0,41.582863,-7.1442785,-2.6371012,70.961525,25.379192,89.091545,0.50567496
1.425,41.353928,-6.8018513,-2.930426,70.0,25.0,90.0,41.582863,-7.1442785,-2.6371012,70.961525,25.379192,89.09155,0.50567496
1.4291666666666667,41.353928,-6.8018513,-2.930426,70.0,25.0,90.0,41.582867,-7.1442776,-2.6371012,70.961525,25.379192,89.091545,0.50567603
1.4333333333333333,41.353928,-6.8018513,-2.930426,70.0,25.0,90.0,41.582867,-7.1442757,-2.6371012,70.961525,25.379196,89.091545,0.5056747
1.4375,41.353928,-6.8018513,-2.930426,70.0,25.0,90.0,41.582867,-7.1442776,-2.6371002,70.96153,25.379192,89.09154,0.50567657
1.4416666666666667,41.353928,-6.8018513,-2.930426,70.0,25.0,90.0,41.582867,-7.1442785,-2.6371012,70.961525,25.379192,89.091545,0.5056767
1.4458333333333333,41.353928,-6.8018513,-2.930426,70.0,25.0,90.0,41.582867,-7.1442804,-2.6370993,70.96152,25.379189,89.09154,0.5056791
1.45,41.353928,-6.8018513,-2.930426,70.0,25.0,90.0,41.58287,-7.1442814,-2.6371002,70.961525,25.379192,89.091545,0.5056809
1.4541666666666666,41.353928,-6.8018513,-2.930426,70.0,25.0,90.0,41.58287,-7.1442785,-2.6371012,70.961525,25.379189,89.091545,0.5056784
1.4583333333333333,41.353928,-6.8018513,-2.930426,70.0,25.0,90.0,41.58287,-7.1442785,-2.637104,70.961525,25.379189,89.09154,0.50567675
1.4625,41.353928,-6.8018513,-2.930426,70.0,25.0,90.0,41.58287,-7.1442804,-2.637105,70.961525,25.379189,89.091545,0.50567746
1.4666666666666666,41.353928,-6.8018513,-2.930426,70.0,25.0,90.0,41.58287,-7.1442814,-2.637104,70.961525,25.379185,89.091545,0.50567865
1.4708333333333334,41.353928,-6.8018513,-2.930426,70.0,25.0,90.0,41.58287,-7.1442814,-2.6371021,70.96152,25.379185,89.091545,0.5056798
1.475,41.353928,-6.8018513,-2.930426,70.0,25.0,90.0,41.58287,-7.1442814,-2.637103,70.96152,25.379189,89.091545,0.50567925
1.4791666666666667,41.353928,-6.8018513,-2.930426,70.0,25.0,90.0,41.582874,-7.1442804,-2.6371021,70.96152,25.379192,89.091545,0.50568086
1.4833333333333334,41.353928,-6.8018513,-2.930426,70.0,25.0,90.0,41.582874,-7.1442804,-2.6371012,70.96152,25.379189,89.091545,0.5056814
1.4875,41.353928,-6.8018513,-2.930426,70.0,25.0,90.0,41.582874,-7.1442833,-2.637103,70.96152,25.379189,89.091545,0.50568223
1.4916666666666667,41.353928,-6.8018513,-2.930426,70.0,25.0,90.0,41.58287,-7.1442814,-2.637103,70.96152,25.379192,89.091545,0.50567925
1.4958333333333333,41.353928,-6.8018513,-2.930426,70.0,25.0,90.0,41.58287,-7.1442804,-2.637103,70.96152,25.379189,89.091545,0.5056786
1.5,41.353928,-6.8018513,-2.930426,70.0,25.0,90.0,41.58287,-7.1442814,-2.637103,70.96152,25.379189,89.091545,0.50567925
1.5041666666666667,41.353928,-6.8018513,-2.930426,70.0,25.0,90.0,41.58287,-7.1442814,-2.637103,70.96152,25.379189,89.091545,0.50567925
1.5083333333333333,41.353928,-6.8018513,-2.930426,70.0,25.0,90.0,41.58287,-7.1442814,-2.637103,70.96152,25.379189,89.091545,0.50567925
1.5125,41.353928,-6.8018513,-2.930426,70.0,25.0,90.0,41.58287,-7.1442814,-2.637103,70.96152,25.379189,89.091545,0.50567925
1.5166666666666666,41.353928,-6.8018513,-2.930426,70.0,25.0,90.0,41.58287,-7.1442814,-2.637103,70.96152,25.379189,89.091545,0.50567925
1.5208333333333333,41.353928,-6.8018513,-2.930426,70.0,25.0,90.0,41.58287,-7.1442814,-2.637103,70.96152,25.379189,89.091545,0.50567925
1.525,41.353928,-6.8018513,-2.930426,70.0,25.0,90.0,41.58287,-7.1442814,-2.637103,70.96152,25.379189,89.091545,0.50567925
1.5291666666666666,41.353928,-6.8018513,-2.930426,70.0,25.0,90.0,41.58287,-7.1442814,-2.637103,70.96152,25.379189,89.091545,0.50567925
1.5333333333333334,41.353928,-6.8018513,-2.930426,70.0,25.0,90.0,41.58287,-7.1442823,-2.6370955,70.96152,25.379177,89.09155,0.5056843
1.5375,41.353928,-6.8018513,-2.930426,70.0,25.0,90.0,41.582863,-7.144287,-2.637086,70.96155,25.379158,89.09155,0.5056896
1.5416666666666667,41.353928,-6.8018513,-2.930426,70.0,25.0,90.0,41.582848,-7.144269,-2.6370144,70.96162,25.379124,89.091545,0.5057119
1.5458333333333334,41.353928,-6.8018513,-2.930426,70.0,25.0,90.0,41.582844,-7.1441307,-2.6368895,70.96169,25.379128,89.0915,0.5056891
1.55,41.353928,-6.8018513,-2.930426,70.0,25.0,90.0,41.582893,-7.143737,-2.6366873,70.96181,25.37931,89.091324,0.5055625
1.5541666666666667,41.353928,-6.8018513,-2.930426,70.0,25.0,90.0,41.58305,-7.142975,-2.636385,70.962036,25.379776,89.09093,0.5052943
1.5583333333333333,41.353928,-6.8018513,-2.930426,70.0,25.0,90.0,41.58337,-7.141775,-2.6358604,70.962746,25.380726,89.090256,0.5049366
1.5625,41.353928,-6.8018513,-2.930426,70.0,25.0,90.0,41.583855,-7.140086,-2.6349754,70.96441,25.382378,89.08928,0.50453967
1.5666666666666667,41.353928,-6.8018513,-2.930426,70.0,25.0,90.0,41.584496,-7.137722,-2.633708,70.9671,25.385113,89.08795,0.50399625
1.5708333333333333,41.353928,-6.8018513,-2.930426,70.0,25.0,90.0,41.585457,-7.134412,-2.6321087,70.971085,25.389248,89.086105,0.50318533
1.575,41.353928,-6.8018513,-2.930426,70.0,25.0,90.0,41.586727,-7.1300354,-2.6304379,70.97634,25.394943,89.08363,0.5018897
1.5791666666666666,41.353928,-6.8018513,-2.930426,70.0,25.0,90.0,41.588345,-7.1246357,-2.6289139,70.982925,25.402184,89.08049,0.50005054
1.5833333333333333,41.353928,-6.8018513,-2.930426,70.0,25.0,90.0,41.590523,-7.1181574,-2.6279202,70.99118,25.411396,89.07634,0.49753043
1.5875,41.353928,-6.8018513,-2.930426,70.0,25.0,90.0,41.59288,-7.1104326,-2.6285896,71.000404,25.423286,89.07126,0.49338213
1.5916666666666666,41.353928,-6.8018513,-2.930426,70.0,25.0,90.0,41.595276,-7.1017523,-2.6315985,71.009445,25.43552,89.0656,0.48732683
1.5958333333333334,41.353928,-6.8018513,-2.930426,70.0,25.0,90.0,41.596954,-7.092331,-2.6372242,71.01773,25.446014,89.05897,0.4789652
1.6,41.353928,-6.8018513,-2.930426,70.0,25.0,90.0,41.59678,-7.0828238,-2.6432219,71.02578,25.45123,89.05548,0.46947673
1.6041666666666667,41.353928,-6.8018513,-2.930426,70.0,25.0,90.0,41.59361,-7.073695,-2.64915,71.03351,25.450298,89.056625,0.4587618
1.6083333333333334,41.353928,-6.8018513,-2.930426,70.0,25.0,90.0,41.58992,-7.063531,-2.6579113,71.03662,25.4412,89.0616,0.44545802
1.6125,41.353928,-6.8018513,-2.930426,70.0,25.0,90.0,41.584606,-7.059885,-2.6742,71.02908,25.421413,89.07416,0.43063405
1.6166666666666667,41.353928,-6.8018513,-2.930426,70.0,25.0,90.0,41.57836,-7.0557165,-2.7010365,71.01268,25.407223,89.08679,0.40919146
1.6208333333333333,41.353928,-6.8018513,-2.930426,70.0,25.0,90.0,41.57459,-7.0510464,-2.738325,70.98181,25.397644,89.10448,0.3843075
1.625,41.353928,-6.8018513,-2.930426,70.0,25.0,90.0,41.569862,-7.037781,-2.7824697,70.937775,25.403889,89.12819,0.35239404
1.6291666666666667,41.353928,-6.8018513,-2.930426,70.0,25.0,90.0,41.55965,-7.025481,-2.8327332,70.88644,25.42522,89.16396,0.31918034
1.6333333333333333,41.353928,-6.8018513,-2.930426,70.0,25.0,90.0,41.55506,-7.013036,-2.882947,70.83415,25.446861,89.2012,0.29547912
1.6375,41.353928,-6.8018513,-2.930426,70.0,25.0,90.0,41.556488,-6.9927063,-2.9154434,70.78605,25.460964,89.242714,0.27871284
1.6416666666666666,41.353928,-6.8018513,-2.930426,70.0,25.0,90.0,41.550793,-6.967942,-2.943574,70.73902,25.476917,89.28087,0.25790492
1.6458333333333333,41.353928,-6.8018513,-2.930426,70.0,25.0,90.0,41.54279,-6.9492025,-2.9656086,70.71207,25.490135,89.32348,0.24211363
1.65,41.353928,-6.8018513,-2.930426,70.0,25.0,90.0,41.534218,-6.9278126,-2.9831314,70.70419,25.493076,89.36719,0.22616076
1.6541666666666666,41.353912,-6.80192,-2.9304285,70.000084,25.0,90.000015,41.525124,-6.9161625,-3.017085,70.694214,25.496914,89.40584,0.2233249
1.6583333333333334,41.353786,-6.802386,-2.9304266,70.000694,25.0,90.00015,41.51518,-6.906575,-3.0793695,70.67313,25.488403,89.43677,0.24307792
1.6625,41.35345,-6.8036375,-2.930425,70.00233,25.0,90.00051,41.50677,-6.894,-3.14715,70.65128,25.468872,89.47964,0.2804323
1.6666666666666667,41.352806,-6.806036,-2.9304266,70.00545,25.0,90.0012,41.479446,-6.90308,-3.2130318,70.63389,25.40416,89.53082,0.32453194
1.6708333333333334,41.35177,-6.809918,-2.9304285,70.0105,25.0,90.0023,41.44593,-6.914933,-3.2977834,70.590866,25.332207,89.58032,0.3935026
1.675,41.350243,-6.8156085,-2.9304252,70.017914,25.0,90.00392,41.41899,-6.911598,-3.3524294,70.56404,25.233707,89.63376,0.43820992
1.6791666666666667,41.348152,-6.8234124,-2.9304252,70.028076,25.0,90.00614,41.384888,-6.903249,-3.4128008,70.578606,25.152103,89.69354,0.4903158
1.6833333333333333,41.345417,-6.833614,-2.9304273,70.04136,25.0,90.00904,41.32043,-6.9088926,-3.4777699,70.60462,25.043972,89.7794,0.55305976
1.6875,41.341972,-6.8464775,-2.9304266,70.05811,25.0,90.01268,41.248615,-6.9115524,-3.5352879,70.66279,24.969307,89.861725,0.61547333
1.6916666666666667,41.33774,-6.862256,-2.930426,70.07867,25.0,90.017136,41.160896,-6.909157,-3.6168513,70.69227,24.973637,89.9273,0.71039
1.6958333333333333,41.332672,-6.881178,-2.9304245,70.10332,25.0,90.022446,41.06824,-6.9009686,-3.735291,70.71039,25.043137,89.96556,0.8474229
1.7,41.326702,-6.9034557,-2.9304261,70.13234,25.0,90.02867,40.98384,-6.8715734,-3.8446112,70.762505,25.173252,89.98171,0.97688514
1.7041666666666666,41.319782,-6.9292865,-2.9304237,70.166,25.0,90.035835,40.907707,-6.826933,-3.9516277,70.849304,25.334702,89.989716,1.1059564
1.7083333333333333,41.31186,-6.9588537,-2.9304261,70.20453,25.0,90.04398,40.843178,-6.8030815,-4.029776,70.933426,25.554474,90.03047,1.205196
1.7125,41.302895,-6.992316,-2.9304254,70.248146,25.0,90.05312,40.798794,-6.7910137,-4.0865855,71.022964,25.892246,90.076706,1.2772417
1.7166666666666666,41.292843,-7.029822,-2.9304261,70.29704,25.0,90.063286,40.753338,-6.7814693,-4.1451707,71.12893,26.258942,90.11329,1.3521646
1.7208333333333334,41.281673,-7.0715065,-2.9304237,70.3514,25.0,90.074455,40.68757,-6.7662287,-4.2203608,71.24763,26.658333,90.12476,1.4526157
1.725,41.269356,-7.117488,-2.9304254,70.41137,25.0,90.08662,40.60934,-6.7746677,-4.317587,71.37565,27.119396,90.11938,1.573964
1.7291666666666667,41.255856,-7.167862,-2.9304237,70.47709,25.0,90.09979,40.489082,-6.804679,-4.4453278,71.50009,27.634933,90.12658,1.7363114
1.7333333333333334,41.241158,-7.2227225,-2.930426,70.54867,25.0,90.113914,40.36284,-6.8441906,-4.580159,71.66346,28.101665,90.15405,1.9069217
1.7375,41.225235,-7.28214,-2.9304278,70.62621,25.0,90.12898,40.228867,-6.8991604,-4.6582713,71.908966,28.489666,90.20177,2.0309768
1.7416666666666667,41.208076,-7.346174,-2.9304247,70.70981,25.0,90.144936,40.09046,-6.9908323,-4.714541,72.18168,28.81926,90.257645,2.1350412
1.7458333333333333,41.18967,-7.4148707,-2.9304266,70.7995,25.0,90.16171,39.959568,-7.1077423,-4.690813,72.560196,29.072136,90.34075,2.169433
1.75,41.170006,-7.4882646,-2.9304242,70.89535,25.0,90.17927,39.83588,-7.241441,-4.615121,72.97009,29.293285,90.4368,2.1631033
1.7541666666666667,41.149075,-7.566375,-2.9304247,70.99737,25.0,90.19754,39.723007,-7.369999,-4.5331473,73.33737,29.506607,90.54946,2.1542866
1.7583333333333333,41.12688,-7.6492105,-2.9304273,71.10557,25.0,90.21642,39.632904,-7.4869375,-4.432523,73.636475,29.704601,90.65837,2.1247563
1.7625,41.10342,-7.736767,-2.9304278,71.21995,25.0,90.235855,39.56778,-7.5800724,-4.3045473,73.89495,29.85596,90.73489,2.0666277
1.7666666666666666,41.078697,-7.8290253,-2.9304278,71.34048,25.0,90.255745,39.509262,-7.647771,-4.182538,74.12014,29.988094,90.80945,2.015877
1.7708333333333333,41.052723,-7.9259624,-2.930427,71.46712,25.0,90.275986,39.4266,-7.7096643,-4.121974,74.28253,30.092915,90.87502,2.0275207
1.775,41.025505,-8.027538,-2.9304252,71.59981,25.0,90.29647,39.360043,-7.7709017,-4.073628,74.39488,30.187199,90.923935,2.0363054
1.7791666666666666,40.99706,-8.133704,-2.9304316,71.73846,25.0,90.317085,39.306614,-7.87096,-4.018682,74.48573,30.26839,90.96755,2.0275424
1.7833333333333334,40.9674,-8.244402,-2.9304266,71.88301,25.0,90.33772,39.25226,-7.9827394,-3.9838066,74.549194,30.33292,90.99846,2.0297256
1.7875,40.936543,-8.359562,-2.930427,72.03333,25.0,90.35826,39.198326,-8.093113,-3.964755,74.592865,30.390118,91.027115,2.0401533
1.7916666666666667,40.90451,-8.479102,-2.930423,72.189316,25.0,90.378586,39.134956,-8.194729,-3.962121,74.61525,30.435818,91.05765,2.067992
1.7958333333333334,40.87133,-8.60294,-2.9304247,72.35081,25.0,90.39855,39.058643,-8.302096,-3.9684148,74.6414,30.4711,91.07763,2.1103942
1.8,40.83702,-8.730973,-2.9304247,72.51767,25.0,90.41805,39.002266,-8.399182,-3.9751368,74.64179,30.48531,91.091644,2.1372492
1.8041666666666667,40.80162,-8.863101,-2.9304254,72.68973,25.0,90.43693,38.95819,-8.49145,-3.9871774,74.62211,30.481419,91.108665,2.1571002
1.8083333333333333,40.76515,-8.999205,-2.9304235,72.86681,25.0,90.455086,38.900574,-8.578936,-4.0055804,74.584,30.462631,91.12631,2.1929948
1.8125,40.727646,-9.139167,-2.9304245,73.04872,25.0,90.47237,38.836216,-8.66162,-4.0067554,74.55457,30.422352,91.14862,2.228014
1.8166666666666667,40.689144,-9.282855,-2.9304285,73.235245,25.0,90.48865,38.772682,-8.7512245,-4.0041676,74.55047,30.352222,91.156105,2.260171
1.8208333333333333,40.64968,-9.430137,-2.9304256,73.426186,25.0,90.5038,38.711563,-8.861519,-4.0006256,74.582,30.272919,91.155945,2.2858162
1.825,40.609295,-9.580863,-2.9304268,73.62129,25.0,90.5177,38.654762,-8.977779,-3.9955316,74.61998,30.190193,91.150116,2.306156
1.8291666666666666,40.568024,-9.734888,-2.9304266,73.820335,25.0,90.53023,38.607574,-9.102713,-3.9765863,74.67227,30.086624,91.13425,2.3102937
1.8333333333333333,40.52591,-9.892057,-2.9304278,74.02306,25.0,90.54126,38.564568,-9.240261,-3.943254,74.74035,29.995316,91.10403,2.3016336
1.8375,40.482998,-10.052207,-2.9304273,74.22922,25.0,90.55068,38.525482,-9.39337,-3.914576,74.79692,29.91232,91.054726,2.2878993
1.8416666666666666,40.43933,-10.21517,-2.9304268,74.43853,25.0,90.55839,38.487427,-9.553192,-3.8938093,74.870926,29.824318,91.00194,2.2751377
1.8458333333333334,40.39496,-10.3807745,-2.9304245,74.65073,25.0,90.56427,38.441536,-9.701147,-3.8872972,74.95705,29.745441,90.94616,2.2788942
1.85,40.349926,-10.548847,-2.9304254,74.86552,25.0,90.56822,38.40143,-9.83261,-3.8703017,75.03892,29.651512,90.90134,2.278817
1.8541666666666667,40.30428,-10.7192,-2.930425,75.08262,25.0,90.570175,38.379658,-9.958028,-3.8362427,75.11274,29.531788,90.864265,2.259216
1.8583333333333334,40.258068,-10.891654,-2.9304256,75.30174,25.0,90.570045,38.375927,-10.089394,-3.8005252,75.18302,29.403908,90.83268,2.2233198
1.8625,40.21135,-11.066016,-2.9304256,75.52258,25.0,90.56773,38.371853,-10.221984,-3.7647467,75.26276,29.291752,90.81401,2.1891162
1.8666666666666667,40.16417,-11.242099,-2.930424,75.74485,25.0,90.563194,38.37479,-10.359701,-3.7233973,75.387245,29.216602,90.809235,2.1469302
1.8708333333333333,40.11658,-11.419701,-2.9304242,75.96823,25.0,90.55637,38.384888,-10.497795,-3.6812139,75.52675,29.164593,90.813675,2.100561
1.875,40.068634,-11.598632,-2.9304278,76.19243,25.0,90.54722,38.40456,-10.630482,-3.6477785,75.6618,29.150898,90.81865,2.0545192
1.8791666666666667,40.02039,-11.778686,-2.9304264,76.417145,25.0,90.53569,38.429096,-10.775848,-3.6211295,75.79549,29.175373,90.805786,2.0037384
1.8833333333333333,39.971897,-11.959665,-2.9304287,76.64207,25.0,90.52176,38.45295,-10.936602,-3.5921588,75.9542,29.205143,90.7829,1.9472411
1.8875,39.92321,-12.141361,-2.9304233,76.86691,25.0,90.505424,38.46558,-11.113584,-3.5611153,76.15084,29.234875,90.76049,1.8917676
1.8916666666666666,39.87439,-12.323574,-2.9304283,77.091354,25.0,90.48666,38.466686,-11.298984,-3.5304956,76.36554,29.266838,90.74135,1.8416014
1.8958333333333333,39.82548,-12.506095,-2.9304256,77.31513,25.0,90.46549,38.450336,-11.4687,-3.514391,76.57545,29.298836,90.718254,1.8188531
1.9,39.776546,-12.688719,-2.930427,77.53793,25.0,90.441925,38.44289,-11.64093,-3.511898,76.781296,29.32206,90.69995,1.792933
1.9041666666666666,39.727642,-12.871239,-2.9304254,77.75948,25.0,90.41598,38.43988,-11.819504,-3.5086799,76.988556,29.335056,90.68259,1.7603564
1.9083333333333334,39.678818,-13.0534525,-2.930424,77.97951,25.0,90.387695,38.43511,-12.0071125,-3.4862833,77.20155,29.316193,90.6686,1.717737
1.9125,39.63013,-13.235148,-2.9304276,78.19772,25.0,90.35714,38.437,-12.193727,-3.4656963,77.38807,29.281288,90.64699,1.6717155
1.9166666666666667,39.58164,-13.416124,-2.9304273,78.41388,25.0,90.32435,38.435726,-12.371682,-3.44692,77.58298,29.245815,90.617516,1.6342394
1.9208333333333334,39.533394,-13.596183,-2.9304252,78.62772,25.0,90.28939,38.435738,-12.548838,-3.4277139,77.77454,29.186687,90.568504,1.596583
1.925,39.48545,-13.77511,-2.9304245,78.839,25.0,90.25236,38.441208,-12.736681,-3.4017892,77.970634,29.111252,90.51034,1.546274
1.9291666666666667,39.437862,-13.952715,-2.9304242,79.04747,25.0,90.21333,38.440445,-12.91595,-3.3677425,78.17363,28.995255,90.4416,1.5036525
1.9333333333333333,39.39068,-14.128795,-2.9304268,79.252914,25.0,90.17243,38.42767,-13.072279,-3.3355627,78.40074,28.867653,90.369545,1.4858488
1.9375,39.34396,-14.303156,-2.9304242,79.45512,25.0,90.12972,38.40635,-13.226659,-3.3094168,78.64016,28.77119,90.28878,1.4770223
1.9416666666666667,39.297752,-14.475611,-2.9304228,79.65387,25.0,90.08534,38.389507,-13.383393,-3.2830029,78.91399,28.731129,90.195045,1.4636122
1.9458333333333333,39.252106,-14.6459675,-2.9304278,79.84897,25.0,90.03941,38.36841,-13.548468,-3.244176,79.195724,28.675095,90.078354,1.4435598
1.95,39.20707,-14.814037,-2.9304326,80.04024,25.0,89.99207,38.336082,-13.707927,-3.2098842,79.4791,28.586079,89.93589,1.435337
1.9541666666666666,39.162697,-14.97964,-2.9304266,80.227516,25.0,89.94344,38.280514,-13.881241,-3.2008448,79.74089,28.46685,89.778534,1.4345222
1.9583333333333333,39.11903,-15.142606,-2.930426,80.41063,25.0,89.89368,38.205437,-14.060276,-3.1844473,79.99604,28.330257,89.61385,1.4389639
1.9625,39.07612,-15.302756,-2.930425,80.589424,25.0,89.84291,38.114044,-14.247674,-3.1472244,80.28504,28.197262,89.44532,1.4442257
1.9666666666666666,39.034004,-15.459924,-2.930426,80.76376,25.0,89.79131,38.03008,-14.437192,-3.1208334,80.5737,28.0522,89.26899,1.4457183
1.9708333333333334,38.992733,-15.61395,-2.9304256,80.933525,25.0,89.73903,37.942867,-14.633082,-3.1069393,80.8394,27.897614,89.09717,1.4475759
1.975,38.952347,-15.764676,-2.9304264,81.09859,25.0,89.68622,37.84208,-14.8295555,-3.0753345,81.061066,27.700142,88.95935,1.4588157
1.9791666666666667,38.912884,-15.911957,-2.9304266,81.25885,25.0,89.63304,37.734394,-15.014202,-3.0450306,81.216064,27.488167,88.81941,1.4859123
1.9833333333333334,38.874382,-16.055647,-2.9304266,81.41422,25.0,89.579666,37.63114,-15.188537,-3.0265465,81.35008,27.271294,88.67708,1.5188041
1.9875,38.83688,-16.195606,-2.9304256,81.56462,25.0,89.52626,37.527752,-15.369868,-3.0019903,81.48786,27.025898,88.53331,1.5494452
1.9916666666666667,38.80041,-16.331713,-2.9304276,81.70997,25.0,89.47298,37.429676,-15.557585,-2.9807358,81.60704,26.762978,88.384636,1.5750301
1.9958333333333333,38.765007,-16.463837,-2.9304268,81.85021,25.0,89.41998,37.361084,-15.75425,-2.9602795,81.72101,26.491505,88.23456,1.573342
2.0,38.7307,-16.591875,-2.930429,81.9853,25.0,89.36743,37.31829,-15.932666,-2.9335918,81.85622,26.220116,88.09293,1.558676
2.004166666666667,38.697517,-16.715712,-2.9304268,82.1152,25.0,89.3155,37.288677,-16.11227,-2.9178915,81.968094,25.976223,87.96173,1.5326868
2.0083333333333333,38.66549,-16.83525,-2.9304266,82.23986,25.0,89.26431,37.27161,-16.30652,-2.9055672,82.05827,25.755741,87.82511,1.4909971
2.0125,38.634632,-16.950409,-2.930427,82.35928,25.0,89.21404,37.27694,-16.485704,-2.8979616,82.13031,25.528046,87.69371,1.4353863
2.0166666666666666,38.60497,-17.06111,-2.9304273,82.47346,25.0,89.164825,37.295914,-16.661776,-2.8749037,82.20693,25.295986,87.561424,1.3697358
2.0208333333333335,38.576523,-17.167276,-2.9304264,82.582375,25.0,89.11679,37.31555,-16.841108,-2.8212738,82.30818,25.02393,87.43382,1.3070378
2.025,38.549305,-17.268848,-2.9304256,82.68605,25.0,89.07009,37.345444,-17.021574,-2.7447634,82.44249,24.715828,87.3154,1.2429389
2.029166666666667,38.52333,-17.365786,-2.9304252,82.7845,25.0,89.024826,37.388077,-17.198366,-2.6767254,82.582726,24.423409,87.19596,1.1752423
2.033333333333333,38.49861,-17.45805,-2.9304247,82.877754,25.0,88.98111,37.434994,-17.361155,-2.6232777,82.71895,24.173943,87.08359,1.1113102
2.0375,38.475147,-17.545603,-2.9304247,82.96585,25.0,88.93908,37.476562,-17.518559,-2.570448,82.85545,23.948921,86.98263,1.0618316
2.0416666666666665,38.452953,-17.628439,-2.9304268,83.04883,25.0,88.898796,37.507446,-17.662638,-2.5344572,82.96847,23.776066,86.87667,1.0256437
2.0458333333333334,38.432022,-17.706549,-2.9304252,83.126755,25.0,88.86037,37.53884,-17.819788,-2.4883585,83.08527,23.64569,86.7541,1.0030046
2.05,38.412357,-17.779943,-2.9304242,83.199684,25.0,88.82385,37.568188,-17.970955,-2.4444942,83.1987,23.538963,86.6456,0.99259037
2.0541666666666667,38.39395,-17.848642,-2.9304283,83.267685,25.0,88.78932,37.5938,-18.109537,-2.4270859,83.29924,23.480373,86.54046,0.9806439
2.058333333333333,38.376793,-17.912672,-2.9304268,83.33086,25.0,88.75684,37.629856,-18.244503,-2.4237833,83.414154,23.470295,86.41752,0.9616205
2.0625,38.36087,-17.972092,-2.9304268,83.38928,25.0,88.72644,37.670395,-18.362719,-2.424183,83.5092,23.484348,86.30352,0.9410785
2.066666666666667,38.346172,-18.02695,-2.9304247,83.44306,25.0,88.698135,37.69709,-18.487312,-2.4261913,83.61592,23.5425,86.200294,0.94206774
2.0708333333333333,38.332676,-18.077324,-2.9304245,83.4923,25.0,88.67196,37.724976,-18.60308,-2.4291592,83.7173,23.602123,86.09575,0.9470939
2.075,38.320354,-18.123304,-2.9304237,83.53713,25.0,88.64791,37.75352,-18.699017,-2.4270496,83.815025,23.638721,86.00878,0.95190877
2.0791666666666666,38.309185,-18.16499,-2.9304256,83.577675,25.0,88.62598,37.77967,-18.785257,-2.4326277,83.89426,23.670082,85.930374,0.9554687
2.0833333333333335,38.299133,-18.2025,-2.9304252,83.61408,25.0,88.60613,37.79992,-18.864346,-2.4475622,83.97096,23.705563,85.87096,0.9593809
2.0875,38.29017,-18.23596,-2.930427,83.64649,25.0,88.58834,37.82414,-18.92451,-2.467391,84.05532,23.760342,85.825134,0.9516755
2.091666666666667,38.282246,-18.265526,-2.9304247,83.67509,25.0,88.57256,37.8644,-18.973553,-2.4890766,84.13167,23.81292,85.791466,0.9331056
2.095833333333333,38.275326,-18.291357,-2.930424,83.70003,25.0,88.558716,37.911095,-19.015995,-2.5207748,84.19035,23.864143,85.780365,0.90861267
2.1,38.269356,-18.313637,-2.9304283,83.721504,25.0,88.54674,37.955147,-19.052294,-2.5592995,84.23496,23.912624,85.78266,0.88435173
2.1041666666666665,38.264286,-18.332556,-2.9304264,83.73973,25.0,88.536545,37.99705,-19.081932,-2.6049967,84.25985,23.953434,85.799484,0.85958344
2.1083333333333334,38.26006,-18.348335,-2.9304264,83.75491,25.0,88.528015,38.033154,-19.109013,-2.65273,84.28375,23.971352,85.82983,0.84097064
2.1125,38.25661,-18.3612,-2.930424,83.76729,25.0,88.52105,38.069427,-19.128305,-2.7012749,84.301315,23.97834,85.86434,0.82219046
2.1166666666666667,38.253876,-18.3714,-2.930424,83.77709,25.0,88.515526,38.10716,-19.136686,-2.7372866,84.315674,23.979813,85.90464,0.80280125
2.120833333333333,38.251785,-18.379208,-2.9304256,83.784584,25.0,88.511284,38.14073,-19.13411,-2.7702618,84.315254,23.976616,85.96031,0.77965516
2.125,38.25026,-18.384895,-2.930426,83.79005,25.0,88.5082,38.175083,-19.12707,-2.8015099,84.311615,23.972576,86.02538,0.75702924
2.129166666666667,38.24922,-18.388779,-2.9304266,83.79377,25.0,88.50608,38.210457,-19.115,-2.8330612,84.30258,23.974453,86.09719,0.73374367
2.1333333333333333,38.24858,-18.391176,-2.9304287,83.79607,25.0,88.504776,38.241608,-19.095835,-2.8587227,84.2872,23.974781,86.16526,0.7083319
2.1375,38.248245,-18.392426,-2.9304252,83.79727,25.0,88.5041,38.27207,-19.072525,-2.886158,84.26068,23.976357,86.2195,0.681955
2.1416666666666666,38.24812,-18.392893,-2.9304242,83.79772,25.0,88.503845,38.306828,-19.047832,-2.9084902,84.2262,23.97697,86.27304,0.6579314
2.1458333333333335,38.2481,-18.392962,-2.9304273,83.79778,25.0,88.50381,38.33998,-19.022064,-2.9302359,84.18496,23.975727,86.32851,0.63577694
2.15,38.2481,-18.392962,-2.9304273,83.79778,25.0,88.50381,38.369366,-18.991577,-2.951334,84.136986,23.983147,86.38323,0.6111326
2.154166666666667,38.2481,-18.392962,-2.9304273,83.79778,25.0,88.50381,38.39273,-18.958868,-2.9724045,84.08411,23.992878,86.43334,0.58560246
2.158333333333333,38.2481,-18.392962,-2.9304273,83.79778,25.0,88.50381,38.41148,-18.923218,-2.9957008,84.02658,24.002598,86.47941,0.5586817
2.1625,38.2481,-18.392962,-2.9304273,83.79778,25.0,88.50381,38.42692,-18.888988,-3.0220165,83.97022,24.01836,86.51935,0.5351715
2.1666666666666665,38.2481,-18.392962,-2.9304273,83.79778,25.0,88.50381,38.4394,-18.854477,-3.0472994,83.916115,24.038269,86.55765,0.51307994
2.1708333333333334,38.2481,-18.392962,-2.9304273,83.79778,25.0,88.50381,38.44993,-18.8222,-3.0706644,83.868095,24.063927,86.59205,0.4946184
2.175,38.2481,-18.392962,-2.9304273,83.79778,25.0,88.50381,38.45747,-18.79274,-3.0914507,83.82591,24.091587,86.62206,0.4791523
2.1791666666666667,38.2481,-18.392962,-2.9304273,83.79778,25.0,88.50381,38.46138,-18.765163,-3.110796,83.78818,24.123158,86.64705,0.4653551
2.183333333333333,38.2481,-18.392962,-2.9304273,83.79778,25.0,88.50381,38.46398,-18.741663,-3.1287222,83.75574,24.15538,86.67034,0.45554182
2.1875,38.2481,-18.392962,-2.9304273,83.79778,25.0,88.50381,38.465126,-18.722336,-3.1451998,83.72902,24.186657,86.69202,0.44912675
2.191666666666667,38.2481,-18.392962,-2.9304273,83.79778,25.0,88.50381,38.46558,-18.706017,-3.16014,83.704666,24.217548,86.71096,0.44504923
2.1958333333333333,38.2481,-18.392962,-2.9304273,83.79778,25.0,88.50381,38.46598,-18.693344,-3.1729298,83.68325,24.246815,86.72703,0.4432933
2.2,38.2481,-18.392962,-2.9304273,83.79778,25.0,88.50381,38.46601,-18.683634,-3.1848087,83.66551,24.274826,86.739784,0.4434923
2.2041666666666666,38.2481,-18.392962,-2.9304273,83.79778,25.0,88.50381,38.46562,-18.676613,-3.1953464,83.65148,24.3014,86.749535,0.44492045
2.2083333333333335,38.2481,-18.392962,-2.9304273,83.79778,25.0,88.50381,38.46492,-18.672134,-3.2044487,83.6407,24.326027,86.75672,0.44725388
2.2125,38.2481,-18.392962,-2.9304273,83.79778,25.0,88.50381,38.46414,-18.669025,-3.2123933,83.632965,24.348331,86.76201,0.4498778
2.216666666666667,38.2481,-18.392962,-2.9304273,83.79778,25.0,88.50381,38.46341,-18.667004,-3.2190046,83.627625,24.367523,86.76552,0.4524754
2.220833333333333,38.2481,-18.392962,-2.9304273,83.79778,25.0,88.50381,38.462738,-18.66574,-3.2245774,83.62384,24.383667,86.76768,0.4549739
2.225,38.2481,-18.392962,-2.9304273,83.79778,25.0,88.50381,38.462036,-18.664995,-3.2290406,83.62135,24.39634,86.76897,0.4571004
2.2291666666666665,38.2481,-18.392962,-2.9304273,83.79778,25.0,88.50381,38.461426,-18.66457,-3.2324424,83.61971,24.40586,86.7697,0.45879403
2.2333333333333334,38.2481,-18.392962,-2.9304273,83.79778,25.0,88.50381,38.46096,-18.664347,-3.2348523,83.61871,24.41248,86.77009,0.46003687
2.2375,38.2481,-18.392962,-2.9304273,83.79778,25.0,88.50381,38.46063,-18.664263,-3.2364144,83.61816,24.416687,86.7703,0.46086955
2.2416666666666667,38.2481,-18.392962,-2.9304273,83.79778,25.0,88.50381,38.460415,-18.664284,-3.2373466,83.61795,24.419083,86.7704,0.461403
2.245833333333333,38.2481,-18.392962,-2.9304273,83.79778,25.0,88.50381,38.460274,-18.66435,-3.237814,83.61786,24.420273,86.77043,0.4616883
2.25,38.2481,-18.392962,-2.9304273,83.79778,25.0,88.50381,38.460213,-18.664413,-3.2379966,83.617874,24.420738,86.77045,0.46181887
2.254166666666667,38.2481,-18.392962,-2.9304273,83.79778,25.0,88.50381,38.460197,-18.664455,-3.2380366,83.61788,24.420887,86.77045,0.46186325
2.2583333333333333,38.2481,-18.392962,-2.9304273,83.79778,25.0,88.50381,38.460197,-18.664474,-3.2380528,83.61787,24.420933,86.77044,0.46188524
2.2625,38.2481,-18.392962,-2.9304273,83.79778,25.0,88.50381,38.460194,-18.664482,-3.2380486,83.61786,24.420952,86.77044,0.46188512
2.2666666666666666,38.2481,-18.392962,-2.9304273,83.79778,25.0,88.50381,38.460197,-18.664482,-3.2380471,83.61785,24.420952,86.77044,0.46188593
2.2708333333333335,38.2481,-18.392962,-2.9304273,83.79778,25.0,88.50381,38.460197,-18.664482,-3.2380471,83.61785,24.420952,86.77044,0.46188593
2.275,38.2481,-18.392962,-2.9304273,83.79778,25.0,88.50381,38.460197,-18.664482,-3.2380471,83.61785,24.420952,86.77044,0.46188593
2.279166666666667,38.2481,-18.392962,-2.9304273,83.79778,25.0,88.50381,38.460197,-18.664482,-3.2380471,83.61785,24.420952,86.77044,0.46188593
2.283333333333333,38.2481,-18.392962,-2.9304273,83.79778,25.0,88.50381,38.460197,-18.664482,-3.2380471,83.61785,24.420952,86.77044,0.46188593
2.2875,38.2481,-18.392962,-2.9304273,83.79778,25.0,88.50381,38.460197,-18.664482,-3.2380471,83.61785,24.420952,86.77044,0.46188593
2.2916666666666665,38.2481,-18.392962,-2.9304273,83.79778,25.0,88.50381,38.460197,-18.664482,-3.2380471,83.61785,24.420952,86.77044,0.46188593
2.2958333333333334,38.2481,-18.392962,-2.9304273,83.79778,25.0,88.50381,38.460197,-18.664482,-3.2380471,83.61785,24.420952,86.77044,0.46188593
2.3,38.2481,-18.392962,-2.9304273,83.79778,25.0,88.50381,38.460197,-18.664482,-3.2380471,83.61785,24.420952,86.77044,0.46188593
2.3041666666666667,38.2481,-18.392962,-2.9304273,83.79778,25.0,88.50381,38.460197,-18.664482,-3.2380471,83.61785,24.420952,86.77044,0.46188593
2.308333333333333,38.2481,-18.392962,-2.9304273,83.79778,25.0,88.50381,38.460197,-18.664482,-3.2380471,83.61785,24.420952,86.77044,0.46188593
2.3125,38.2481,-18.392962,-2.9304273,83.79778,25.0,88.50381,38.460197,-18.664482,-3.2380471,83.61785,24.420952,86.77044,0.46188593
2.316666666666667,38.2481,-18.392962,-2.9304273,83.79778,25.0,88.50381,38.460197,-18.664482,-3.2380471,83.61785,24.420952,86.77044,0.46188593
2.3208333333333333,38.2481,-18.392962,-2.9304273,83.79778,25.0,88.50381,38.460197,-18.664482,-3.2380471,83.61785,24.420952,86.77044,0.46188593
2.325,38.2481,-18.392962,-2.9304273,83.79778,25.0,88.50381,38.460197,-18.664482,-3.2380471,83.61785,24.420952,86.77044,0.46188593
2.3291666666666666,38.2481,-18.392962,-2.9304273,83.79778,25.0,88.50381,38.460197,-18.664482,-3.2380471,83.61785,24.420952,86.77044,0.46188593
2.3333333333333335,38.2481,-18.392962,-2.9304273,83.79778,25.0,88.50381,38.460197,-18.664482,-3.2380471,83.61785,24.420952,86.77044,0.46188593
2.3375,38.2481,-18.392962,-2.9304273,83.79778,25.0,88.50381,38.460197,-18.664482,-3.2380471,83.61785,24.420952,86.77044,0.46188593
2.341666666666667,38.2481,-18.392962,-2.9304273,83.79778,25.0,88.50381,38.460197,-18.664482,-3.2380471,83.61785,24.420952,86.77044,0.46188593
2.345833333333333,38.2481,-18.392962,-2.9304273,83.79778,25.0,88.50381,38.460197,-18.664482,-3.2380471,83.61785,24.420952,86.77044,0.46188593
2.35,38.2481,-18.392962,-2.9304273,83.79778,25.0,88.50381,38.460197,-18.664482,-3.2380471,83.61785,24.420952,86.77044,0.46188593
2.3541666666666665,38.2481,-18.392962,-2.9304273,83.79778,25.0,88.50381,38.460197,-18.664482,-3.2380471,83.61785,24.420952,86.77044,0.46188593
2.3583333333333334,38.2481,-18.392962,-2.9304273,83.79778,25.0,88.50381,38.460197,-18.664482,-3.2380471,83.61785,24.420952,86.77044,0.46188593
2.3625,38.2481,-18.392962,-2.9304273,83.79778,25.0,88.50381,38.460197,-18.664482,-3.2380471,83.61785,24.420952,86.77044,0.46188593
2.3666666666666667,38.2481,-18.392962,-2.9304273,83.79778,25.0,88.50381,38.460197,-18.664482,-3.2380471,83.61785,24.420952,86.77044,0.46188593
2.370833333333333,38.2481,-18.392962,-2.9304273,83.79778,25.0,88.50381,38.460197,-18.664482,-3.2380471,83.61785,24.420952,86.77044,0.46188593
2.375,38.2481,-18.392962,-2.9304273,83.79778,25.0,88.50381,38.460197,-18.664482,-3.2380471,83.61785,24.420952,86.77044,0.46188593
2.379166666666667,38.2481,-18.392962,-2.9304273,83.79778,25.0,88.50381,38.460197,-18.664482,-3.2380471,83.61785,24.420952,86.77044,0.46188593
2.3833333333333333,38.2481,-18.392962,-2.9304273,83.79778,25.0,88.50381,38.460197,-18.664482,-3.2380471,83.61785,24.420952,86.77044,0.46188593
2.3875,38.2481,-18.392962,-2.9304273,83.79778,25.0,88.50381,38.460197,-18.664482,-3.2380471,83.61785,24.420952,86.77044,0.46188593
2.3916666666666666,38.2481,-18.392962,-2.9304273,83.79778,25.0,88.50381,38.460197,-18.664482,-3.2380471,83.61785,24.420952,86.77044,0.46188593
2.3958333333333335,38.2481,-18.392962,-2.9304273,83.79778,25.0,88.50381,38.460197,-18.664482,-3.2380471,83.61785,24.420952,86.77044,0.46188593
2.4,38.2481,-18.392962,-2.9304273,83.79778,25.0,88.50381,38.460197,-18.664482,-3.2380471,83.61785,24.420952,86.77044,0.46188593
2.404166666666667,38.2481,-18.392962,-2.9304273,83.79778,25.0,88.50381,38.460197,-18.664482,-3.2380471,83.61785,24.420952,86.77044,0.46188593
2.408333333333333,38.2481,-18.392962,-2.9304273,83.79778,25.0,88.50381,38.460197,-18.664482,-3.2380471,83.61785,24.420952,86.77044,0.46188593
2.4125,38.2481,-18.392962,-2.9304273,83.79778,25.0,88.50381,38.460197,-18.664482,-3.2380471,83.61785,24.420952,86.77044,0.46188593
2.4166666666666665,38.2481,-18.392962,-2.9304273,83.79778,25.0,88.50381,38.460197,-18.664482,-3.2380471,83.61785,24.420952,86.77044,0.46188593
2.4208333333333334,38.2481,-18.392962,-2.9304273,83.79778,25.0,88.50381,38.460197,-18.664482,-3.2380471,83.61785,24.420952,86.77044,0.46188593
2.425,38.2481,-18.392962,-2.9304273,83.79778,25.0,88.50381,38.460197,-18.664482,-3.2380471,83.61785,24.420952,86.77044,0.46188593
2.4291666666666667,38.2481,-18.392962,-2.9304273,83.79778,25.0,88.50381,38.460197,-18.664482,-3.2380471,83.61785,24.420952,86.77044,0.46188593
2.433333333333333,38.2481,-18.392962,-2.9304273,83.79778,25.0,88.50381,38.460197,-18.664482,-3.2380471,83.61785,24.420952,86.77044,0.46188593
2.4375,38.2481,-18.392962,-2.9304273,83.79778,25.0,88.50381,38.460197,-18.664482,-3.2380471,83.61785,24.420952,86.77044,0.46188593
2.441666666666667,38.2481,-18.392962,-2.9304273,83.79778,25.0,88.50381,38.460197,-18.664482,-3.2380471,83.61785,24.420952,86.77044,0.46188593
2.4458333333333333,38.2481,-18.392962,-2.9304273,83.79778,25.0,88.50381,38.460197,-18.664482,-3.2380471,83.61785,24.420952,86.77044,0.46188593
2.45,38.2481,-18.392962,-2.9304273,83.79778,25.0,88.50381,38.460197,-18.664482,-3.2380471,83.61785,24.420952,86.77044,0.46188593
2.4541666666666666,38.2481,-18.392962,-2.9304273,83.79778,25.0,88.50381,38.460197,-18.664482,-3.2380471,83.61785,24.420952,86.77044,0.46188593
2.4583333333333335,38.2481,-18.392962,-2.9304273,83.79778,25.0,88.50381,38.460197,-18.664482,-3.2380471,83.61785,24.420952,86.77044,0.46188593
2.4625,38.2481,-18.392962,-2.9304273,83.79778,25.0,88.50381,38.460197,-18.664482,-3.2380471,83.61785,24.420952,86.77044,0.46188593
2.466666666666667,38.2481,-18.392962,-2.9304273,83.79778,25.0,88.50381,38.460197,-18.664482,-3.2380471,83.61785,24.420952,86.77044,0.46188593
2.470833333333333,38.2481,-18.392962,-2.9304273,83.79778,25.0,88.50381,38.460197,-18.664482,-3.2380471,83.61785,24.420952,86.77044,0.46188593
2.475,38.2481,-18.392962,-2.9304273,83.79778,25.0,88.50381,38.460197,-18.664482,-3.2380471,83.61785,24.420952,86.77044,0.46188593
2.4791666666666665,38.2481,-18.392962,-2.9304273,83.79778,25.0,88.50381,38.460197,-18.664482,-3.2380471,83.61785,24.420952,86.77044,0.46188593
2.4833333333333334,38.2481,-18.392962,-2.9304273,83.79778,25.0,88.50381,38.460197,-18.664482,-3.2380471,83.61785,24.420952,86.77044,0.46188593
2.4875,38.2481,-18.392962,-2.9304273,83.79778,25.0,88.50381,38.460197,-18.664482,-3.2380471,83.61785,24.420952,86.77044,0.46188593
2.4916666666666667,38.2481,-18.392962,-2.9304273,83.79778,25.0,88.50381,38.460197,-18.664482,-3.2380471,83.61785,24.420952,86.77044,0.46188593
2.495833333333333,38.2481,-18.392962,-2.9304273,83.79778,25.0,88.50381,38.460197,-18.664482,-3.2380471,83.61785,24.420952,86.77044,0.46188593
2.5,38.2481,-18.392962,-2.9304273,83.79778,25.0,88.50381,38.460197,-18.664482,-3.2380471,83.61785,24.420952,86.77044,0.46188593
2.504166666666667,38.2481,-18.392962,-2.9304273,83.79778,25.0,88.50381,38.460197,-18.664482,-3.2380471,83.61785,24.420952,86.77044,0.46188593
2.5083333333333333,38.2481,-18.392962,-2.9304273,83.79778,25.0,88.50381,38.460197,-18.664482,-3.2380471,83.61785,24.420952,86.77044,0.46188593
2.5125,38.2481,-18.392962,-2.9304273,83.79778,25.0,88.50381,38.460197,-18.664482,-3.2380471,83.61785,24.420952,86.77044,0.46188593
2.5166666666666666,38.2481,-18.392962,-2.9304273,83.79778,25.0,88.50381,38.460197,-18.664482,-3.2380471,83.61785,24.420952,86.77044,0.46188593
2.5208333333333335,38.2481,-18.392962,-2.9304273,83.79778,25.0,88.50381,38.460197,-18.664482,-3.2380471,83.61785,24.420952,86.77044,0.46188593
2.525,38.2481,-18.392962,-2.9304273,83.79778,25.0,88.50381,38.460197,-18.664482,-3.2380471,83.61785,24.420952,86.77044,0.46188593
2.529166666666667,38.2481,-18.392962,-2.9304273,83.79778,25.0,88.50381,38.460197,-18.664482,-3.2380471,83.61785,24.420952,86.77044,0.46188593
2.533333333333333,38.2481,-18.392962,-2.9304273,83.79778,25.0,88.50381,38.460197,-18.664482,-3.2380466,83.61786,24.420952,86.77044,0.4618856
2.5375,38.2481,-18.392962,-2.9304273,83.79778,25.0,88.50381,38.460197,-18.664476,-3.238049,83.61784,24.420948,86.77044,0.4618838
2.5416666666666665,38.2481,-18.392962,-2.9304273,83.79778,25.0,88.50381,38.460213,-18.664473,-3.2380586,83.61783,24.420918,86.770454,0.46189496
2.5458333333333334,38.2481,-18.392962,-2.9304273,83.79778,25.0,88.50381,38.460217,-18.664494,-3.2380772,83.61773,24.420734,86.7705,0.46192142
2.55,38.2481,-18.392962,-2.9304273,83.79778,25.0,88.50381,38.46022,-18.664545,-3.238111,83.61754,24.420216,86.77064,0.46197596
2.5541666666666667,38.2481,-18.392962,-2.9304273,83.79778,25.0,88.50381,38.460167,-18.664587,-3.2381558,83.61706,24.419151,86.77091,0.462006
2.558333333333333,38.2481,-18.392962,-2.9304273,83.79778,25.0,88.50381,38.46007,-18.664587,-3.2381926,83.616035,24.417202,86.77138,0.46198666
2.5625,38.2481,-18.392962,-2.9304273,83.79778,25.0,88.50381,38.459896,-18.664555,-3.2381291,83.61427,24.413895,86.77208,0.4618449
2.566666666666667,38.2481,-18.392962,-2.9304273,83.79778,25.0,88.50381,38.459568,-18.664566,-3.2378511,83.61157,24.408585,86.77313,0.46151602
2.5708333333333333,38.2481,-18.392962,-2.9304273,83.79778,25.0,88.50381,38.458992,-18.664679,-3.2372236,83.60799,24.400726,86.77473,0.46090072
2.575,38.2481,-18.392962,-2.9304273,83.79778,25.0,88.50381,38.458107,-18.664839,-3.2361636,83.603424,24.389984,86.77695,0.4598856
2.5791666666666666,38.2481,-18.392962,-2.9304273,83.79778,25.0,88.50381,38.45693,-18.665129,-3.2344322,83.597824,24.375755,86.77972,0.45837003
2.5833333333333335,38.2481,-18.392962,-2.9304273,83.79778,25.0,88.50381,38.45536,-18.665503,-3.2319846,83.590996,24.357582,86.78303,0.45625892
2.5875,38.2481,-18.392962,-2.9304273,83.79778,25.0,88.50381,38.453293,-18.665968,-3.2291498,83.58304,24.335518,86.786865,0.4537308
2.591666666666667,38.2481,-18.392962,-2.9304273,83.79778,25.0,88.50381,38.45098,-18.666164,-3.225593,83.57374,24.309464,86.79063,0.4504701
2.595833333333333,38.2481,-18.392962,-2.9304273,83.79778,25.0,88.50381,38.448277,-18.66598,-3.2215981,83.56267,24.27975,86.79486,0.4465308
2.6,38.2481,-18.392962,-2.9304273,83.79778,25.0,88.50381,38.44645,-18.666487,-3.2183757,83.547935,24.246986,86.79814,0.44392863
2.6041666666666665,38.2481,-18.392962,-2.9304273,83.79778,25.0,88.50381,38.444263,-18.6677,-3.2148046,83.5308,24.210236,86.801056,0.44139734
2.6083333333333334,38.2481,-18.392962,-2.9304273,83.79778,25.0,88.50381,38.441124,-18.669338,-3.212152,83.509995,24.171375,86.80402,0.43933022
2.6125,38.2481,-18.392962,-2.9304273,83.79778,25.0,88.50381,38.43724,-18.67003,-3.208879,83.4868,24.129723,86.80736,0.43597785
2.6166666666666667,38.2481,-18.392962,-2.9304273,83.79778,25.0,88.50381,38.433403,-18.670341,-3.2060137,83.46069,24.085594,86.81086,0.43269458
2.620833333333333,38.2481,-18.392962,-2.9304273,83.79778,25.0,88.50381,38.43213,-18.6684,-3.2015972,83.432724,24.041313,86.81315,0.42809567
2.625,38.2481,-18.392962,-2.9304273,83.79778,25.0,88.50381,38.432465,-18.663649,-3.195249,83.40634,23.99733,86.81576,0.42117962
2.629166666666667,38.2481,-18.392962,-2.9304273,83.79778,25.0,88.50381,38.43344,-18.654839,-3.1872025,83.379555,23.95594,86.81671,0.41093102
2.6333333333333333,38.2481,-18.392962,-2.9304273,83.79778,25.0,88.50381,38.436607,-18.64007,-3.174387,83.35163,23.925442,86.81829,0.39511243
2.6375,38.2481,-18.392962,-2.9304273,83.79778,25.0,88.50381,38.446026,-18.619139,-3.1567335,83.321594,23.901974,86.81744,0.37622488
2.6416666666666666,38.2481,-18.392962,-2.9304273,83.79778,25.0,88.50381,38.459206,-18.59466,-3.142496,83.28771,23.88567,86.81265,0.36086124
2.6458333333333335,38.2481,-18.392962,-2.9304273,83.79778,25.0,88.50381,38.47635,-18.564215,-3.126338,83.25731,23.881287,86.80294,0.34613016
2.65,38.2481,-18.392962,-2.9304273,83.79778,25.0,88.50381,38.495403,-18.525488,-3.1073923,83.221985,23.893486,86.79413,0.3317207
2.654166666666667,38.24812,-18.392893,-2.9304242,83.79772,25.0,88.503845,38.519245,-18.4756,-3.0874586,83.17262,23.925373,86.77596,0.32405147
2.658333333333333,38.248245,-18.392426,-2.9304252,83.79727,25.0,88.5041,38.551132,-18.416714,-3.0692854,83.11386,23.982044,86.75077,0.3340847
2.6625,38.24858,-18.391176,-2.9304287,83.79607,25.0,88.504776,38.58273,-18.3542,-3.0575075,83.0522,24.07721,86.72799,0.3594042
2.6666666666666665,38.24922,-18.388779,-2.9304266,83.79377,25.0,88.50608,38.6045,-18.285032,-3.060029,83.0008,24.196003,86.71954,0.3921512
2.6708333333333334,38.25026,-18.384895,-2.930426,83.79005,25.0,88.5082,38.6186,-18.21618,-3.068738,82.96354,24.322266,86.726494,0.4280991
2.675,38.251785,-18.379208,-2.9304256,83.784584,25.0,88.511284,38.627224,-18.15106,-3.0764036,82.95585,24.461155,86.74953,0.46294177
2.6791666666666667,38.253876,-18.3714,-2.930424,83.77709,25.0,88.515526,38.63355,-18.09874,-3.0986214,82.944824,24.61443,86.79112,0.4967757
2.683333333333333,38.25661,-18.3612,-2.930424,83.76729,25.0,88.52105,38.630913,-18.052124,-3.1238394,82.928604,24.75409,86.8711,0.5225319
2.6875,38.26006,-18.348335,-2.9304264,83.75491,25.0,88.528015,38.609676,-18.024504,-3.1512585,82.925896,24.852356,86.982864,0.5252292
2.691666666666667,38.264286,-18.332556,-2.9304264,83.73973,25.0,88.536545,38.58043,-18.02356,-3.166483,82.9263,24.89227,87.13209,0.50114644
2.6958333333333333,38.269356,-18.313637,-2.9304283,83.721504,25.0,88.54674,38.544754,-18.035662,-3.1732187,82.92971,24.896145,87.31622,0.4605014
2.7,38.275326,-18.291357,-2.930424,83.70003,25.0,88.558716,38.48767,-18.040794,-3.1733732,82.93799,24.883389,87.524025,0.4085296
2.7041666666666666,38.282246,-18.265526,-2.9304247,83.67509,25.0,88.57256,38.409595,-18.03122,-3.192059,82.93639,24.834988,87.74416,0.37359065
2.7083333333333335,38.29017,-18.23596,-2.930427,83.64649,25.0,88.58834,38.33297,-18.009111,-3.2247238,82.94759,24.77668,87.97748,0.37403578
2.7125,38.299133,-18.2025,-2.9304252,83.61408,25.0,88.60613,38.25129,-17.966072,-3.2665362,82.99275,24.778496,88.24175,0.41371194
2.716666666666667,38.309185,-18.16499,-2.9304256,83.577675,25.0,88.62598,38.19329,-17.921066,-3.3188257,83.041374,24.805012,88.49105,0.4730588
2.720833333333333,38.320354,-18.123304,-2.9304237,83.53713,25.0,88.64791,38.11684,-17.85135,-3.3688536,83.043274,24.86097,88.72663,0.5546147
2.725,38.332676,-18.077324,-2.9304245,83.4923,25.0,88.67196,38.038094,-17.753225,-3.3999987,83.0604,24.981197,88.95718,0.64212036
2.7291666666666665,38.346172,-18.02695,-2.9304247,83.44306,25.0,88.698135,37.969482,-17.645021,-3.4296198,83.11561,25.156776,89.16646,0.7327763
2.7333333333333334,38.36087,-17.972092,-2.9304268,83.38928,25.0,88.72644,37.90947,-17.521366,-3.4616952,83.19062,25.365292,89.34219,0.830158
2.7375,38.376793,-17.912672,-2.9304268,83.33086,25.0,88.75684,37.866257,-17.407211,-3.5166636,83.25067,25.603218,89.497856,0.9272601
2.7416666666666667,38.39395,-17.848642,-2.9304283,83.267685,25.0,88.78932,37.814556,-17.286081,-3.5262833,83.33541,25.830906,89.62574,1.003602
2.745833333333333,38.412357,-17.779943,-2.9304242,83.199684,25.0,88.82385,37.75748,-17.17857,-3.4961305,83.40851,26.046963,89.737915,1.0538204
2.75,38.432022,-17.706549,-2.9304252,83.126755,25.0,88.86037,37.72062,-17.094257,-3.4689002,83.48424,26.239666,89.819756,1.0821046
2.754166666666667,38.452953,-17.628439,-2.9304268,83.04883,25.0,88.898796,37.7068,-17.002094,-3.4496613,83.537506,26.435223,89.88329,1.1039288
2.7583333333333333,38.475147,-17.545603,-2.9304247,82.96585,25.0,88.93908,37.68996,-16.935444,-3.4316654,83.55178,26.60535,89.95307,1.1135774
2.7625,38.49861,-17.45805,-2.9304247,82.877754,25.0,88.98111,37.656063,-16.870903,-3.416119,83.546135,26.704082,90.029785,1.1360141
2.7666666666666666,38.52333,-17.365786,-2.9304252,82.7845,25.0,89.024826,37.631706,-16.80581,-3.414155,83.522064,26.739994,90.100914,1.1586891
2.7708333333333335,38.549305,-17.268848,-2.9304256,82.68605,25.0,89.07009,37.631523,-16.74954,-3.4090009,83.46174,26.742233,90.187195,1.1580323
2.775,38.576523,-17.167276,-2.9304264,82.582375,25.0,89.11679,37.657425,-16.699955,-3.4223442,83.374176,26.740444,90.27593,1.1424156
2.779166666666667,38.60497,-17.06111,-2.9304273,82.47346,25.0,89.164825,37.67641,-16.645245,-3.4530168,83.27863,26.697193,90.37122,1.1437937
2.783333333333333,38.634632,-16.950409,-2.930427,82.35928,25.0,89.21404,37.681534,-16.61069,-3.472672,83.15518,26.585243,90.45213,1.1479701
2.7875,38.66549,-16.83525,-2.9304266,82.23986,25.0,89.26431,37.694893,-16.579412,-3.4826703,83.005005,26.441929,90.51209,1.1456368
2.7916666666666665,38.697517,-16.715712,-2.9304268,82.1152,25.0,89.3155,37.71103,-16.54634,-3.5070539,82.83683,26.275803,90.5707,1.1551383
2.7958333333333334,38.7307,-16.591875,-2.930429,81.9853,25.0,89.36743,37.71519,-16.506529,-3.548192,82.60931,26.076294,90.65435,1.1917117
2.8,38.765007,-16.463837,-2.9304268,81.85021,25.0,89.41998,37.711323,-16.460384,-3.5796719,82.34884,25.858364,90.74266,1.2376516
2.8041666666666667,38.80041,-16.331713,-2.9304276,81.70997,25.0,89.47298,37.704468,-16.427504,-3.5741372,82.0829,25.599125,90.81781,1.2746097
2.808333333333333,38.83688,-16.195606,-2.9304256,81.56462,25.0,89.52626,37.679096,-16.39991,-3.5589848,81.82952,25.32687,90.91076,1.3331501
2.8125,38.874382,-16.055647,-2.9304266,81.41422,25.0,89.579666,37.643517,-16.334637,-3.541142,81.61581,25.058022,91.01281,1.4020836
2.816666666666667,38.912884,-15.911957,-2.9304266,81.25885,25.0,89.63304,37.59845,-16.26179,-3.5244775,81.41416,24.774708,91.11012,1.484256
2.8208333333333333,38.952347,-15.764676,-2.9304264,81.09859,25.0,89.68622,37.548584,-16.177074,-3.4972014,81.227066,24.487682,91.20407,1.5690304
2.825,38.992733,-15.61395,-2.9304256,80.933525,25.0,89.73903,37.503445,-16.089413,-3.4531593,81.06219,24.204227,91.31201,1.648422
2.8291666666666666,39.034004,-15.459924,-2.930426,80.76376,25.0,89.79131,37.443752,-15.994457,-3.4013996,80.912636,23.932056,91.44064,1.7425394
2.8333333333333335,39.07612,-15.302756,-2.930425,80.589424,25.0,89.84291,37.376347,-15.878085,-3.3489208,80.76642,23.68348,91.57779,1.842652
2.8375,39.11903,-15.142606,-2.930426,80.41063,25.0,89.89368,37.304424,-15.742676,-3.30785,80.61014,23.444172,91.72478,1.9481599
2.841666666666667,39.162697,-14.97964,-2.9304266,80.227516,25.0,89.94344,37.238747,-15.589189,-3.2886424,80.44365,23.236835,91.892296,2.0497446
2.845833333333333,39.20707,-14.814037,-2.9304326,80.04024,25.0,89.99207,37.15397,-15.442178,-3.2750397,80.270966,23.011978,92.08642,2.1745198
2.85,39.252106,-14.6459675,-2.9304278,79.84897,25.0,90.03941,37.073807,-15.294252,-3.2732258,80.08069,22.78452,92.28083,2.2984278
2.8541666666666665,39.297752,-14.475611,-2.9304228,79.65387,25.0,90.08534,36.990547,-15.1454525,-3.2863793,79.88469,22.569695,92.46487,2.4287012
2.8583333333333334,39.34396,-14.303156,-2.9304242,79.45512,25.0,90.12972,36.90727,-14.992922,-3.3106108,79.682236,22.395012,92.64145,2.560817
2.8625,39.39068,-14.128795,-2.9304268,79.252914,25.0,90.17243,36.820946,-14.824361,-3.3341541,79.47448,22.233421,92.8129,2.6926444
2.8666666666666667,39.437862,-13.952715,-2.9304242,79.04747,25.0,90.21333,36.735138,-14.649822,-3.3519392,79.2668,22.07835,92.98851,2.822827
2.870833333333333,39.48545,-13.77511,-2.9304245,78.839,25.0,90.25236,36.664875,-14.464096,-3.3727994,79.049774,21.947834,93.15902,2.937013
2.875,39.533394,-13.596183,-2.9304252,78.62772,25.0,90.28939,36.604965,-14.296177,-3.399169,78.807556,21.828308,93.31148,3.0471966
2.879166666666667,39.58164,-13.416124,-2.9304273,78.41388,25.0,90.32435,36.553905,-14.157179,-3.38548,78.5307,21.720097,93.44104,3.150143
2.8833333333333333,39.63013,-13.235148,-2.9304276,78.19772,25.0,90.35714,36.528427,-14.014535,-3.3618016,78.243904,21.578556,93.57202,3.2270873
2.8875,39.678818,-13.0534525,-2.930424,77.97951,25.0,90.387695,36.528664,-13.870958,-3.3399253,77.96836,21.445053,93.68699,3.2801642
2.8916666666666666,39.727642,-12.871239,-2.9304254,77.75948,25.0,90.41598,36.541023,-13.73028,-3.321485,77.660706,21.319904,93.785034,3.3234649
2.8958333333333335,39.776546,-12.688719,-2.930427,77.53793,25.0,90.441925,36.56715,-13.584017,-3.3072405,77.34901,21.203136,93.86423,3.3531735
2.9,39.82548,-12.506095,-2.9304256,77.31513,25.0,90.46549,36.61158,-13.435938,-3.295868,77.04036,21.111572,93.92919,3.3656082
2.904166666666667,39.87439,-12.323574,-2.9304283,77.091354,25.0,90.48666,36.659496,-13.290264,-3.2952156,76.72937,21.057035,93.96426,3.3768473
2.908333333333333,39.92321,-12.141361,-2.9304233,76.86691,25.0,90.505424,36.711308,-13.15411,-3.3008904,76.42016,21.018501,93.98563,3.3881004
2.9125,39.971897,-11.959665,-2.9304287,76.64207,25.0,90.52176,36.77125,-13.011991,-3.3131528,76.104706,21.006634,94.003265,3.3908696
2.9166666666666665,40.02039,-11.778686,-2.9304264,76.417145,25.0,90.53569,36.83833,-12.87368,-3.3278356,75.77889,21.019295,94.03655,3.388577
2.9208333333333334,40.068634,-11.598632,-2.9304278,76.19243,25.0,90.54722,36.90766,-12.738005,-3.3539414,75.44516,21.050182,94.07874,3.386633
2.925,40.11658,-11.419701,-2.9304242,75.96823,25.0,90.55637,36.973396,-12.593178,-3.3852549,75.11138,21.091421,94.122185,3.3857834
2.9291666666666667,40.16417,-11.242099,-2.930424,75.74485,25.0,90.563194,37.026123,-12.439873,-3.4191456,74.79439,21.156242,94.16699,3.394237
2.933333333333333,40.21135,-11.066016,-2.9304256,75.52258,25.0,90.56773,37.070343,-12.275338,-3.4553018,74.46551,21.237625,94.21462,3.4064462
2.9375,40.258068,-10.891654,-2.9304256,75.30174,25.0,90.570045,37.113243,-12.106503,-3.4992442,74.135735,21.363771,94.249794,3.418967
2.941666666666667,40.30428,-10.7192,-2.930425,75.08262,25.0,90.570175,37.17554,-11.949488,-3.5116167,73.83411,21.482986,94.26513,3.4118025
2.9458333333333333,40.349926,-10.548847,-2.9304254,74.86552,25.0,90.56822,37.252148,-11.796644,-3.5239258,73.549484,21.60765,94.27857,3.3919713
2.95,40.39496,-10.3807745,-2.9304245,74.65073,25.0,90.56427,37.341583,-11.668211,-3.5540442,73.28706,21.759457,94.274895,3.3718681
2.9541666666666666,40.43933,-10.21517,-2.9304268,74.43853,25.0,90.55839,37.45421,-11.543455,-3.5806851,73.07014,21.929337,94.22685,3.3313863
2.9583333333333335,40.482998,-10.052207,-2.9304273,74.22922,25.0,90.55068,37.57441,-11.405338,-3.5755596,72.90843,22.142818,94.16699,3.2721624
2.9625,40.52591,-9.892057,-2.9304278,74.02306,25.0,90.54126,37.704826,-11.266039,-3.5626864,72.76082,22.399044,94.09335,3.2009506
2.966666666666667,40.568024,-9.734888,-2.9304266,73.820335,25.0,90.53023,37.837337,-11.11856,-3.5385957,72.6663,22.714745,94.01749,3.1210678
2.970833333333333,40.609295,-9.580863,-2.9304268,73.62129,25.0,90.5177,37.976906,-10.956402,-3.5106812,72.59937,23.088451,93.93085,3.026264
2.975,40.64968,-9.430137,-2.9304256,73.426186,25.0,90.5038,38.12321,-10.7734165,-3.4831748,72.5287,23.5075,93.83503,2.9142725
2.9791666666666665,40.689144,-9.282855,-2.9304285,73.235245,25.0,90.48865,38.280052,-10.586136,-3.469328,72.488266,23.988739,93.73929,2.7915368
2.9833333333333334,40.727646,-9.139167,-2.9304245,73.04872,25.0,90.47237,38.44202,-10.387392,-3.4585147,72.476036,24.502506,93.64401,2.6572597
2.9875,40.76515,-8.999205,-2.9304235,72.86681,25.0,90.455086,38.628185,-10.172068,-3.4426308,72.47319,25.03413,93.544846,2.4908984
2.9916666666666667,40.80162,-8.863101,-2.9304254,72.68973,25.0,90.43693,38.820335,-9.943514,-3.4369583,72.468216,25.576836,93.42819,2.3128679
2.995833333333333,40.83702,-8.730973,-2.9304247,72.51767,25.0,90.41805,38.979107,-9.722224,-3.4403381,72.49021,26.079472,93.30787,2.1666644
3.0,40.87133,-8.60294,-2.9304247,72.35081,25.0,90.39855,39.143036,-9.490475,-3.4442544,72.51998,26.530952,93.19534,2.009662
3.004166666666667,40.90451,-8.479102,-2.930423,72.189316,25.0,90.378586,39.31241,-9.25743,-3.4368057,72.543274,26.890736,93.12017,1.8430971
3.0083333333333333,40.936543,-8.359562,-2.930427,72.03333,25.0,90.35826,39.453217,-9.009862,-3.4208317,72.552734,27.167377,93.037834,1.6922301
3.0125,40.9674,-8.244402,-2.9304266,71.88301,25.0,90.33772,39.56213,-8.763669,-3.4227476,72.51284,27.385841,92.96578,1.5769594
3.0166666666666666,40.99706,-8.133704,-2.9304316,71.73846,25.0,90.317085,39.663696,-8.5254345,-3.4421706,72.42896,27.49596,92.901535,1.4809407
3.0208333333333335,41.025505,-8.027538,-2.9304252,71.59981,25.0,90.29647,39.762806,-8.296397,-3.4403248,72.30023,27.536354,92.87227,1.3880532
3.025,41.052723,-7.9259624,-2.930427,71.46712,25.0,90.275986,39.87014,-8.075448,-3.4401526,72.15828,27.510605,92.82771,1.2964059
3.029166666666667,41.078697,-7.8290253,-2.9304278,71.34048,25.0,90.255745,39.971558,-7.8548946,-3.4282527,72.05209,27.442978,92.77957,1.2141899
3.033333333333333,41.10342,-7.736767,-2.9304278,71.21995,25.0,90.235855,40.064877,-7.6641836,-3.391984,71.96987,27.346745,92.719086,1.1388044
3.0375,41.12688,-7.6492105,-2.9304273,71.10557,25.0,90.21642,40.174297,-7.48699,-3.3317547,71.90756,27.192123,92.62095,1.0463241
3.0416666666666665,41.149075,-7.566375,-2.9304247,70.99737,25.0,90.19754,40.288303,-7.358411,-3.260312,71.81908,26.99784,92.51017,0.9449877
3.0458333333333334,41.170006,-7.4882646,-2.9304242,70.89535,25.0,90.17927,40.406265,-7.2464275,-3.1613092,71.7299,26.774593,92.38634,0.8337222
3.05,41.18967,-7.4148707,-2.9304266,70.7995,25.0,90.16171,40.537533,-7.1257277,-3.0287943,71.64126,26.467632,92.24305,0.7201136
3.0541666666666667,41.208076,-7.346174,-2.9304247,70.70981,25.0,90.144936,40.67311,-7.0195866,-2.9029284,71.50726,26.08662,92.093605,0.62737817
3.058333333333333,41.225235,-7.28214,-2.9304278,70.62621,25.0,90.12898,40.8009,-6.930146,-2.7866116,71.36299,25.774563,91.94197,0.5697747
3.0625,41.241158,-7.2227225,-2.930426,70.54867,25.0,90.113914,40.898575,-6.867673,-2.693801,71.218575,25.494678,91.77899,0.5471878
3.066666666666667,41.255856,-7.167862,-2.9304237,70.47709,25.0,90.09979,40.97101,-6.837035,-2.6253843,71.12149,25.216015,91.616066,0.5325724
3.0708333333333333,41.269356,-7.117488,-2.9304254,70.41137,25.0,90.08662,41.03416,-6.8077965,-2.561286,71.009155,24.941395,91.47771,0.53618044
3.075,41.281673,-7.0715065,-2.9304237,70.3514,25.0,90.074455,41.09293,-6.820616,-2.536975,70.899025,24.745506,91.333466,0.503361
3.0791666666666666,41.292843,-7.029822,-2.9304261,70.29704,25.0,90.063286,41.15174,-6.8245525,-2.498643,70.78962,24.56485,91.19764,0.49847963
3.0833333333333335,41.302895,-6.992316,-2.9304254,70.248146,25.0,90.05312,41.194347,-6.8463125,-2.5057135,70.67222,24.446815,91.062645,0.4620386
3.0875,41.31186,-6.9588537,-2.9304261,70.20453,25.0,90.04398,41.248287,-6.882264,-2.5387821,70.58658,24.399765,90.917595,0.40409452
3.091666666666667,41.319782,-6.9292865,-2.9304237,70.166,25.0,90.035835,41.292732,-6.929078,-2.5885134,70.522,24.389381,90.743454,0.34297878
3.095833333333333,41.326702,-6.9034557,-2.9304261,70.13234,25.0,90.02867,41.332134,-6.9743443,-2.6414833,70.50246,24.396294,90.560326,0.29756114
3.1,41.332672,-6.881178,-2.9304245,70.10332,25.0,90.022446,41.341736,-7.011631,-2.705532,70.50192,24.424461,90.37972,0.26014757
3.1041666666666665,41.33774,-6.862256,-2.930426,70.07867,25.0,90.017136,41.350037,-7.042472,-2.767623,70.50182,24.475574,90.21472,0.24317423
3.1083333333333334,41.341972,-6.8464775,-2.9304266,70.05811,25.0,90.01268,41.354248,-7.079977,-2.8236837,70.49842,24.555767,90.06913,0.25703454
3.1125,41.345417,-6.833614,-2.9304273,70.04136,25.0,90.00904,41.365818,-7.105727,-2.881565,70.51424,24.670128,89.937225,0.2772172
3.1166666666666667,41.348152,-6.8234124,-2.9304252,70.028076,25.0,90.00614,41.376305,-7.1382055,-2.9246044,70.56128,24.7864,89.82781,0.31610307
3.120833333333333,41.350243,-6.8156085,-2.9304252,70.017914,25.0,90.00392,41.380737,-7.1616917,-2.960001,70.60366,24.902256,89.73488,0.34868068
3.125,41.35177,-6.809918,-2.9304285,70.0105,25.0,90.0023,41.374348,-7.177224,-2.9842691,70.63925,25.010979,89.66418,0.3719173
3.129166666666667,41.352806,-6.806036,-2.9304266,70.00545,25.0,90.0012,41.369637,-7.1768103,-3.0038767,70.66614,25.110641,89.60312,0.37835398
3.1333333333333333,41.35345,-6.8036375,-2.930425,70.00233,25.0,90.00051,41.37239,-7.169039,-3.0205927,70.686844,25.212685,89.54776,0.37683818
3.1375,41.353786,-6.802386,-2.9304266,70.000694,25.0,90.00015,41.382534,-7.1619654,-3.028451,70.70612,25.306202,89.49628,0.37380832
3.1416666666666666,41.353912,-6.80192,-2.930424,70.00009,25.0,90.000015,41.400436,-7.152441,-3.0338793,70.72558,25.3918,89.44716,0.36841893
3.1458333333333335,41.353928,-6.8018513,-2.930426,70.0,25.0,90.0,41.420586,-7.1430445,-3.0356083,70.74568,25.464985,89.39923,0.36320713
3.15,41.353928,-6.8018513,-2.930426,70.0,25.0,90.0,41.440228,-7.1374226,-3.0356865,70.759224,25.523056,89.35281,0.36212644
3.154166666666667,41.353928,-6.8018513,-2.930426,70.0,25.0,90.0,41.460636,-7.134618,-3.028057,70.77021,25.562424,89.31221,0.36283898
3.158333333333333,41.353928,-6.8018513,-2.930426,70.0,25.0,90.0,41.478767,-7.1309557,-3.0151405,70.78573,25.593765,89.276474,0.36203766
3.1625,41.353928,-6.8018513,-2.930426,70.0,25.0,90.0,41.492584,-7.1293535,-2.996809,70.804016,25.623688,89.24426,0.36178738
3.1666666666666665,41.353928,-6.8018513,-2.930426,70.0,25.0,90.0,41.506187,-7.1312027,-2.9726353,70.822044,25.63527,89.216774,0.36529037
3.1708333333333334,41.353928,-6.8018513,-2.930426,70.0,25.0,90.0,41.518257,-7.1347275,-2.9427109,70.84141,25.638851,89.19352,0.37143195
3.175,41.353928,-6.8018513,-2.930426,70.0,25.0,90.0,41.52908,-7.136735,-2.9122114,70.85702,25.63673,89.17321,0.37836096
3.1791666666666667,41.353928,-6.8018513,-2.930426,70.0,25.0,90.0,41.537376,-7.1384983,-2.8831434,70.870316,25.628891,89.155365,0.3862905
3.183333333333333,41.353928,-6.8018513,-2.930426,70.0,25.0,90.0,41.544655,-7.1395473,-2.8550463,70.88194,25.615902,89.13921,0.3950919
3.1875,41.353928,-6.8018513,-2.930426,70.0,25.0,90.0,41.55088,-7.139737,-2.827796,70.89114,25.599625,89.12585,0.40433916
3.191666666666667,41.353928,-6.8018513,-2.930426,70.0,25.0,90.0,41.556328,-7.139595,-2.801241,70.899925,25.580864,89.115425,0.4143977
3.1958333333333333,41.353928,-6.8018513,-2.930426,70.0,25.0,90.0,41.561874,-7.1393375,-2.7745256,70.90874,25.558105,89.10776,0.42596212
3.2,41.353928,-6.8018513,-2.930426,70.0,25.0,90.0,41.567223,-7.138748,-2.7493935,70.91705,25.534054,89.101776,0.4379121
3.2041666666666666,41.353928,-6.8018513,-2.930426,70.0,25.0,90.0,41.571754,-7.1383276,-2.7272453,70.92457,25.511047,89.09692,0.44938534
3.2083333333333335,41.353928,-6.8018513,-2.930426,70.0,25.0,90.0,41.57524,-7.138303,-2.7079992,70.93142,25.488148,89.09363,0.4600575
3.2125,41.353928,-6.8018513,-2.930426,70.0,25.0,90.0,41.577526,-7.138727,-2.6909943,70.93839,25.464035,89.0924,0.46990335
3.216666666666667,41.353928,-6.8018513,-2.930426,70.0,25.0,90.0,41.579308,-7.1394243,-2.6767826,70.94427,25.442402,89.09169,0.47862992
3.220833333333333,41.353928,-6.8018513,-2.930426,70.0,25.0,90.0,41.580597,-7.140424,-2.6650286,70.9493,25.42405,89.0914,0.4862572
3.225,41.353928,-6.8018513,-2.930426,70.0,25.0,90.0,41.58133,-7.14165,-2.6558485,70.95336,25.40916,89.09137,0.4925115
3.2291666666666665,41.353928,-6.8018513,-2.930426,70.0,25.0,90.0,41.581738,-7.1427097,-2.6490822,70.95626,25.3978,89.09146,0.49722844
3.2333333333333334,41.353928,-6.8018513,-2.930426,70.0,25.0,90.0,41.58209,-7.143425,-2.6443043,70.95821,25.38987,89.09144,0.5005952
3.2375,41.353928,-6.8018513,-2.930426,70.0,25.0,90.0,41.58237,-7.143854,-2.6411562,70.95949,25.3848,89.091415,0.5028212
3.2416666666666667,41.353928,-6.8018513,-2.930426,70.0,25.0,90.0,41.582584,-7.1441,-2.6391563,70.96034,25.381733,89.09144,0.50423825
3.245833333333333,41.353928,-6.8018513,-2.930426,70.0,25.0,90.0,41.582726,-7.1442127,-2.6379938,70.96089,25.380161,89.09148,0.50505084
3.25,41.353928,-6.8018513,-2.930426,70.0,25.0,90.0,41.582817,-7.1442633,-2.6374235,70.96126,25.379478,89.091515,0.505457
3.254166666666667,41.353928,-6.8018513,-2.930426,70.0,25.0,90.0,41.582855,-7.1442747,-2.637189,70.961426,25.379253,89.09154,0.50561804
3.2583333333333333,41.353928,-6.8018513,-2.930426,70.0,25.0,90.0,41.582863,-7.1442842,-2.6371174,70.96152,25.379211,89.09154,0.5056694
3.2625,41.353928,-6.8018513,-2.930426,70.0,25.0,90.0,41.582874,-7.1442747,-2.6371021,70.961525,25.379192,89.091545,0.505677
3.2666666666666666,41.353928,-6.8018513,-2.930426,70.0,25.0,90.0,41.58287,-7.1442804,-2.637107,70.96152,25.379189,89.091545,0.5056763
3.2708333333333335,41.353928,-6.8018513,-2.930426,70.0,25.0,90.0,41.58287,-7.1442785,-2.637105,70.961525,25.379189,89.091545,0.50567615
3.275,41.353928,-6.8018513,-2.930426,70.0,25.0,90.0,41.58287,-7.1442814,-2.637103,70.96152,25.379192,89.091545,0.50567925
3.279166666666667,41.353928,-6.8018513,-2.930426,70.0,25.0,90.0,41.58287,-7.1442785,-2.6371021,70.96152,25.379192,89.091545,0.5056779
3.283333333333333,41.353928,-6.8018513,-2.930426,70.0,25.0,90.0,41.582867,-7.1442776,-2.637103,70.96152,25.379189,89.091545,0.5056749
3.2875,41.353928,-6.8018513,-2.930426,70.0,25.0,90.0,41.58287,-7.1442785,-2.637105,70.96152,25.379192,89.091545,0.50567615
3.2916666666666665,41.353928,-6.8018513,-2.930426,70.0,25.0,90.0,41.582867,-7.1442804,-2.637104,70.96152,25.379189,89.091545,0.50567627
3.2958333333333334,41.353928,-6.8018513,-2.930426,70.0,25.0,90.0,41.582867,-7.1442814,-2.637104,70.961525,25.379192,89.091545,0.5056769
3.3,41.353928,-6.8018513,-2.930426,70.0,25.0,90.0,41.582867,-7.1442814,-2.637107,70.96152,25.379192,89.091545,0.5056753
3.3041666666666667,41.353928,-6.8018513,-2.930426,70.0,25.0,90.0,41.582867,-7.1442814,-2.637105,70.96152,25.379192,89.091545,0.5056764
3.308333333333333,41.353928,-6.8018513,-2.930426,70.0,25.0,90.0,41.582867,-7.1442814,-2.637105,70.96152,25.379192,89.091545,0.5056764
3.3125,41.353928,-6.8018513,-2.930426,70.0,25.0,90.0,41.582867,-7.1442814,-2.637105,70.96152,25.379192,89.091545,0.5056764
3.316666666666667,41.353928,-6.8018513,-2.930426,70.0,25.0,90.0,41.582867,-7.1442814,-2.637105,70.96152,25.379192,89.091545,0.5056764
3.3208333333333333,41.353928,-6.8018513,-2.930426,70.0,25.0,90.0,41.582867,-7.1442814,-2.637105,70.96152,25.379192,89.091545,0.5056764
3.325,41.353928,-6.8018513,-2.930426,70.0,25.0,90.0,41.582867,-7.1442814,-2.637105,70.96152,25.379192,89.091545,0.5056764
3.3291666666666666,41.353928,-6.8018513,-2.930426,70.0,25.0,90.0,41.582867,-7.1442814,-2.637105,70.96152,25.379192,89.091545,0.5056764
3.3333333333333335,41.353928,-6.8018513,-2.930426,70.0,25.0,90.0,41.582867,-7.1442814,-2.637105,70.96152,25.379192,89.091545,0.5056764
3.3375,41.353928,-6.8018513,-2.930426,70.0,25.0,90.0,41.582867,-7.1442814,-2.637105,70.96152,25.379192,89.091545,0.5056764
3.341666666666667,41.353928,-6.8018513,-2.930426,70.0,25.0,90.0,41.582867,-7.1442814,-2.637105,70.96152,25.379192,89.091545,0.5056764
3.345833333333333,41.353928,-6.8018513,-2.930426,70.0,25.0,90.0,41.582867,-7.1442814,-2.637105,70.96152,25.379192,89.091545,0.5056764
3.35,41.353928,-6.8018513,-2.930426,70.0,25.0,90.0,41.582867,-7.1442814,-2.637105,70.96152,25.379192,89.091545,0.5056764
3.3541666666666665,41.353928,-6.8018513,-2.930426,70.0,25.0,90.0,41.582867,-7.1442814,-2.637105,70.96152,25.379192,89.091545,0.5056764
3.3583333333333334,41.353928,-6.8018513,-2.930426,70.0,25.0,90.0,41.582867,-7.1442814,-2.637105,70.96152,25.379192,89.091545,0.5056764
3.3625,41.353928,-6.8018513,-2.930426,70.0,25.0,90.0,41.582867,-7.1442814,-2.637105,70.96152,25.379192,89.091545,0.5056764
3.3666666666666667,41.353928,-6.8018513,-2.930426,70.0,25.0,90.0,41.582867,-7.1442814,-2.637105,70.96152,25.379192,89.091545,0.5056764
3.370833333333333,41.353928,-6.8018513,-2.930426,70.0,25.0,90.0,41.582867,-7.1442814,-2.637105,70.96152,25.379192,89.091545,0.5056764
3.375,41.353928,-6.8018513,-2.930426,70.0,25.0,90.0,41.582867,-7.1442814,-2.637105,70.96152,25.379192,89.091545,0.5056764
3.379166666666667,41.353928,-6.8018513,-2.930426,70.0,25.0,90.0,41.582867,-7.1442814,-2.637105,70.96152,25.379192,89.091545,0.5056764
3.3833333333333333,41.353928,-6.8018513,-2.930426,70.0,25.0,90.0,41.582867,-7.1442814,-2.637105,70.96152,25.379192,89.091545,0.5056764
3.3875,41.353928,-6.8018513,-2.930426,70.0,25.0,90.0,41.582867,-7.1442814,-2.637105,70.96152,25.379192,89.091545,0.5056764
3.3916666666666666,41.353928,-6.8018513,-2.930426,70.0,25.0,90.0,41.582867,-7.1442814,-2.637105,70.96152,25.379192,89.091545,0.5056764
3.3958333333333335,41.353928,-6.8018513,-2.930426,70.0,25.0,90.0,41.582867,-7.1442814,-2.637105,70.96152,25.379192,89.091545,0.5056764
3.4,41.353928,-6.8018513,-2.930426,70.0,25.0,90.0,41.582867,-7.1442814,-2.637105,70.96152,25.379192,89.091545,0.5056764
3.404166666666667,41.353928,-6.8018513,-2.930426,70.0,25.0,90.0,41.582867,-7.1442814,-2.637105,70.96152,25.379192,89.091545,0.5056764
3.408333333333333,41.353928,-6.8018513,-2.930426,70.0,25.0,90.0,41.582867,-7.1442814,-2.637105,70.96152,25.379192,89.091545,0.5056764
3.4125,41.353928,-6.8018513,-2.930426,70.0,25.0,90.0,41.582867,-7.1442814,-2.637105,70.96152,25.379192,89.091545,0.5056764
3.4166666666666665,41.353928,-6.8018513,-2.930426,70.0,25.0,90.0,41.582867,-7.1442814,-2.637105,70.96152,25.379192,89.091545,0.5056764
3.4208333333333334,41.353928,-6.8018513,-2.930426,70.0,25.0,90.0,41.582867,-7.1442814,-2.637105,70.96152,25.379192,89.091545,0.5056764
3.425,41.353928,-6.8018513,-2.930426,70.0,25.0,90.0,41.582867,-7.1442814,-2.637105,70.96152,25.379192,89.091545,0.5056764
3.4291666666666667,41.353928,-6.8018513,-2.930426,70.0,25.0,90.0,41.582867,-7.1442814,-2.637105,70.96152,25.379192,89.091545,0.5056764
3.433333333333333,41.353928,-6.8018513,-2.930426,70.0,25.0,90.0,41.582867,-7.1442814,-2.637105,70.96152,25.379192,89.091545,0.5056764
3.4375,41.353928,-6.8018513,-2.930426,70.0,25.0,90.0,41.582867,-7.1442814,-2.637105,70.96152,25.379192,89.091545,0.5056764
3.441666666666667,41.353928,-6.8018513,-2.930426,70.0,25.0,90.0,41.582867,-7.1442814,-2.637105,70.96152,25.379192,89.091545,0.5056764
3.4458333333333333,41.353928,-6.8018513,-2.930426,70.0,25.0,90.0,41.582867,-7.1442814,-2.637105,70.96152,25.379192,89.091545,0.5056764
3.45,41.353928,-6.8018513,-2.930426,70.0,25.0,90.0,41.582867,-7.1442814,-2.637105,70.96152,25.379192,89.091545,0.5056764
3.4541666666666666,41.353928,-6.8018513,-2.930426,70.0,25.0,90.0,41.582867,-7.1442814,-2.637105,70.96152,25.379192,89.091545,0.5056764
3.4583333333333335,41.353928,-6.8018513,-2.930426,70.0,25.0,90.0,41.582867,-7.1442814,-2.637105,70.96152,25.379192,89.091545,0.5056764
3.4625,41.353928,-6.8018513,-2.930426,70.0,25.0,90.0,41.582867,-7.1442814,-2.637105,70.961525,25.379192,89.091545,0.5056764
3.466666666666667,41.353928,-6.8018513,-2.930426,70.0,25.0,90.0,41.582867,-7.1442804,-2.637103,70.961525,25.379196,89.091545,0.50567687
3.470833333333333,41.353928,-6.8018513,-2.930426,70.0,25.0,90.0,41.58287,-7.1442814,-2.637105,70.961525,25.379196,89.091545,0.5056781
3.475,41.353928,-6.8018513,-2.930426,70.0,25.0,90.0,41.582867,-7.1442814,-2.637104,70.96152,25.379192,89.09155,0.5056769
3.4791666666666665,41.353928,-6.8018513,-2.930426,70.0,25.0,90.0,41.58287,-7.1442785,-2.637107,70.96152,25.379192,89.09155,0.5056751
3.4833333333333334,41.353928,-6.8018513,-2.930426,70.0,25.0,90.0,41.58287,-7.1442785,-2.637103,70.96152,25.379196,89.09155,0.5056773
3.4875,41.353928,-6.8018513,-2.930426,70.0,25.0,90.0,41.58287,-7.1442776,-2.637104,70.96152,25.379192,89.09155,0.5056761
3.4916666666666667,41.353928,-6.8018513,-2.930426,70.0,25.0,90.0,41.582867,-7.1442776,-2.637103,70.96152,25.379192,89.09155,0.5056749
3.495833333333333,41.353928,-6.8018513,-2.930426,70.0,25.0,90.0,41.582867,-7.1442757,-2.637107,70.96152,25.379192,89.09155,0.5056714
3.5,41.353928,-6.8018513,-2.930426,70.0,25.0,90.0,41.58287,-7.1442776,-2.637104,70.96152,25.379189,89.09155,0.5056761
3.504166666666667,41.353928,-6.8018513,-2.930426,70.0,25.0,90.0,41.58287,-7.1442776,-2.637103,70.96152,25.379192,89.09155,0.5056766
3.5083333333333333,41.353928,-6.8018513,-2.930426,70.0,25.0,90.0,41.582867,-7.1442757,-2.6371088,70.96152,25.379196,89.09155,0.5056703
3.5125,41.353928,-6.8018513,-2.930426,70.0,25.0,90.0,41.582867,-7.144273,-2.637107,70.96152,25.379192,89.09155,0.5056695
3.5166666666666666,41.353928,-6.8018513,-2.930426,70.0,25.0,90.0,41.58287,-7.1442757,-2.637103,70.96152,25.379189,89.09156,0.5056754
3.5208333333333335,41.353928,-6.8018513,-2.930426,70.0,25.0,90.0,41.582867,-7.1442766,-2.6371078,70.96152,25.379192,89.09156,0.5056715
3.525,41.353928,-6.8018513,-2.930426,70.0,25.0,90.0,41.58287,-7.1442766,-2.6371021,70.96152,25.379192,89.09156,0.50567657
3.529166666666667,41.353928,-6.8018513,-2.930426,70.0,25.0,90.0,41.58287,-7.1442766,-2.6371012,70.961525,25.379192,89.09156,0.5056771
3.533333333333333,41.353928,-6.8018513,-2.930426,70.0,25.0,90.0,41.582863,-7.144273,-2.6371012,70.96152,25.379189,89.09156,0.5056711
3.5375,41.353928,-6.8018513,-2.930426,70.0,25.0,90.0,41.582867,-7.1442766,-2.6371021,70.961525,25.379192,89.09155,0.50567484
3.5416666666666665,41.353928,-6.8018513,-2.930426,70.0,25.0,90.0,41.582863,-7.1442766,-2.6371021,70.96152,25.379192,89.09156,0.5056731
3.5458333333333334,41.353928,-6.8018513,-2.930426,70.0,25.0,90.0,41.582863,-7.1442757,-2.6371012,70.961525,25.379196,89.09155,0.50567305
3.55,41.353928,-6.8018513,-2.930426,70.0,25.0,90.0,41.582867,-7.1442747,-2.6370983,70.961525,25.379192,89.09155,0.5056758
3.5541666666666667,41.353928,-6.8018513,-2.930426,70.0,25.0,90.0,41.582863,-7.1442766,-2.637103,70.96152,25.379192,89.09155,0.5056726
3.558333333333333,41.353928,-6.8018513,-2.930426,70.0,25.0,90.0,41.582867,-7.1442747,-2.6371021,70.96152,25.379192,89.09155,0.5056735
3.5625,41.353928,-6.8018513,-2.930426,70.0,25.0,90.0,41.582863,-7.1442747,-2.6371012,70.96152,25.379192,89.09155,0.5056724
3.566666666666667,41.353928,-6.8018513,-2.930426,70.0,25.0,90.0,41.582863,-7.1442766,-2.6371012,70.961525,25.379185,89.09155,0.50567365
3.5708333333333333,41.353928,-6.8018513,-2.930426,70.0,25.0,90.0,41.582867,-7.1442747,-2.6371021,70.961525,25.379185,89.09155,0.5056735
3.575,41.353928,-6.8018513,-2.930426,70.0,25.0,90.0,41.582863,-7.1442766,-2.6371012,70.961525,25.379185,89.09155,0.50567365
3.5791666666666666,41.353928,-6.8018513,-2.930426,70.0,25.0,90.0,41.582863,-7.1442747,-2.6371012,70.961525,25.379189,89.09155,0.5056724
3.5833333333333335,41.353928,-6.8018513,-2.930426,70.0,25.0,90.0,41.582863,-7.1442795,-2.6371012,70.961525,25.379189,89.09155,0.5056756
3.5875,41.353928,-6.8018513,-2.930426,70.0,25.0,90.0,41.582863,-7.1442795,-2.6371002,70.961525,25.379185,89.09155,0.50567615
3.591666666666667,41.353928,-6.8018513,-2.930426,70.0,25.0,90.0,41.582863,-7.1442738,-2.6371021,70.961525,25.379189,89.09155,0.50567114
3.595833333333333,41.353928,-6.8018513,-2.930426,70.0,25.0,90.0,41.582863,-7.1442738,-2.6371012,70.96152,25.379189,89.09155,0.50567174
3.6,41.353928,-6.8018513,-2.930426,70.0,25.0,90.0,41.582863,-7.1442738,-2.6370993,70.961525,25.379189,89.09155,0.5056728
3.6041666666666665,41.353928,-6.8018513,-2.930426,70.0,25.0,90.0,41.582863,-7.1442747,-2.6371021,70.961525,25.379192,89.09155,0.5056718
3.6083333333333334,41.353928,-6.8018513,-2.930426,70.0,25.0,90.0,41.582863,-7.1442766,-2.6371002,70.96152,25.379192,89.09155,0.50567424
3.6125,41.353928,-6.8018513,-2.930426,70.0,25.0,90.0,41.582863,-7.1442747,-2.6370993,70.961525,25.379189,89.09155,0.50567347
3.6166666666666667,41.353928,-6.8018513,-2.930426,70.0,25.0,90.0,41.582863,-7.1442776,-2.6370964,70.961525,25.379192,89.09155,0.50567704
3.620833333333333,41.353928,-6.8018513,-2.930426,70.0,25.0,90.0,41.582863,-7.1442738,-2.6371002,70.961525,25.379192,89.09155,0.5056723
3.625,41.353928,-6.8018513,-2.930426,70.0,25.0,90.0,41.582863,-7.1442757,-2.6371021,70.96152,25.379189,89.09155,0.50567245
3.629166666666667,41.353928,-6.8018513,-2.930426,70.0,25.0,90.0,41.582863,-7.1442776,-2.6370983,70.961525,25.379192,89.09155,0.5056759
3.6333333333333333,41.353928,-6.8018513,-2.930426,70.0,25.0,90.0,41.582867,-7.1442776,-2.6370993,70.96153,25.379192,89.09155,0.5056771
3.6375,41.353928,-6.8018513,-2.930426,70.0,25.0,90.0,41.58287,-7.1442785,-2.637104,70.961525,25.379192,89.091545,0.50567675
3.6416666666666666,41.353928,-6.8018513,-2.930426,70.0,25.0,90.0,41.58287,-7.1442776,-2.6371021,70.961525,25.379192,89.091545,0.5056772
3.6458333333333335,41.353928,-6.8018513,-2.930426,70.0,25.0,90.0,41.58287,-7.1442814,-2.6370993,70.961525,25.379192,89.091545,0.50568146
3.65,41.353928,-6.8018513,-2.930426,70.0,25.0,90.0,41.58287,-7.1442804,-2.6371012,70.961525,25.379192,89.091545,0.50567967
3.654166666666667,41.353928,-6.8018513,-2.930426,70.0,25.0,90.0,41.58287,-7.1442785,-2.6371012,70.961525,25.379189,89.091545,0.5056784
3.658333333333333,41.353928,-6.8018513,-2.930426,70.0,25.0,90.0,41.58287,-7.1442776,-2.637104,70.961525,25.379185,89.091545,0.5056761
3.6625,41.353928,-6.8018513,-2.930426,70.0,25.0,90.0,41.58287,-7.1442804,-2.637104,70.961525,25.379189,89.091545,0.50567806
3.6666666666666665,41.353928,-6.8018513,-2.930426,70.0,25.0,90.0,41.58287,-7.1442814,-2.637107,70.961525,25.379192,89.091545,0.505677
3.6708333333333334,41.353928,-6.8018513,-2.930426,70.0,25.0,90.0,41.58287,-7.1442804,-2.6371021,70.96152,25.379192,89.091545,0.50567913
3.675,41.353928,-6.8018513,-2.930426,70.0,25.0,90.0,41.58287,-7.1442804,-2.6371021,70.96152,25.379189,89.091545,0.50567913
3.6791666666666667,41.353928,-6.8018513,-2.930426,70.0,25.0,90.0,41.58287,-7.1442785,-2.6371021,70.96152,25.379192,89.091545,0.5056779
3.683333333333333,41.353928,-6.8018513,-2.930426,70.0,25.0,90.0,41.58287,-7.1442804,-2.637103,70.961525,25.379192,89.091545,0.5056786
3.6875,41.353928,-6.8018513,-2.930426,70.0,25.0,90.0,41.58287,-7.1442776,-2.6371002,70.96152,25.379192,89.091545,0.5056783
3.691666666666667,41.353928,-6.8018513,-2.930426,70.0,25.0,90.0,41.58287,-7.1442785,-2.6371021,70.96152,25.379192,89.091545,0.5056779
3.6958333333333333,41.353928,-6.8018513,-2.930426,70.0,25.0,90.0,41.58287,-7.1442776,-2.6371021,70.96152,25.379192,89.091545,0.5056772
3.7,41.353928,-6.8018513,-2.930426,70.0,25.0,90.0,41.58287,-7.1442785,-2.6371012,70.96152,25.379196,89.091545,0.5056784
3.7041666666666666,41.353928,-6.8018513,-2.930426,70.0,25.0,90.0,41.58287,-7.1442804,-2.6371002,70.96152,25.379196,89.091545,0.50568026
3.7083333333333335,41.353928,-6.8018513,-2.930426,70.0,25.0,90.0,41.58287,-7.1442804,-2.6371002,70.96152,25.379196,89.091545,0.50568026
3.7125,41.353928,-6.8018513,-2.930426,70.0,25.0,90.0,41.58287,-7.1442804,-2.6371002,70.96152,25.379196,89.091545,0.50568026
3.716666666666667,41.353928,-6.8018513,-2.930426,70.0,25.0,90.0,41.58287,-7.1442804,-2.6371002,70.96152,25.379196,89.091545,0.50568026
3.720833333333333,41.353928,-6.8018513,-2.930426,70.0,25.0,90.0,41.58287,-7.1442804,-2.6371002,70.96152,25.379196,89.091545,0.50568026
3.725,41.353928,-6.8018513,-2.930426,70.0,25.0,90.0,41.58287,-7.1442804,-2.6371002,70.96152,25.379196,89.091545,0.50568026
3.7291666666666665,41.353928,-6.8018513,-2.930426,70.0,25.0,90.0,41.58287,-7.1442804,-2.6371002,70.96152,25.379196,89.091545,0.50568026
3.7333333333333334,41.353928,-6.8018513,-2.930426,70.0,25.0,90.0,41.58287,-7.1442804,-2.6371002,70.96152,25.379196,89.091545,0.50568026
3.7375,41.353928,-6.8018513,-2.930426,70.0,25.0,90.0,41.58287,-7.1442804,-2.6371002,70.96152,25.379196,89.091545,0.50568026
3.7416666666666667,41.353928,-6.8018513,-2.930426,70.0,25.0,90.0,41.58287,-7.1442804,-2.6371002,70.96152,25.379196,89.091545,0.50568026
3.745833333333333,41.353928,-6.8018513,-2.930426,70.0,25.0,90.0,41.58287,-7.1442804,-2.6371002,70.96152,25.379196,89.091545,0.50568026
3.75,41.353928,-6.8018513,-2.930426,70.0,25.0,90.0,41.58287,-7.1442804,-2.6371002,70.96152,25.379196,89.091545,0.50568026
3.754166666666667,41.353928,-6.8018513,-2.930426,70.0,25.0,90.0,41.58287,-7.1442804,-2.6371002,70.96152,25.379196,89.091545,0.50568026
3.7583333333333333,41.353928,-6.8018513,-2.930426,70.0,25.0,90.0,41.58287,-7.1442804,-2.6371002,70.96152,25.379196,89.091545,0.50568026
3.7625,41.353928,-6.8018513,-2.930426,70.0,25.0,90.0,41.58287,-7.1442804,-2.6371002,70.96152,25.379196,89.091545,0.50568026
3.7666666666666666,41.353928,-6.8018513,-2.930426,70.0,25.0,90.0,41.58287,-7.1442804,-2.6371002,70.96152,25.379196,89.091545,0.50568026
3.7708333333333335,41.353928,-6.8018513,-2.930426,70.0,25.0,90.0,41.58287,-7.1442804,-2.6371002,70.96152,25.379196,89.091545,0.50568026
3.775,41.353928,-6.8018513,-2.930426,70.0,25.0,90.0,41.58287,-7.1442804,-2.6371002,70.96152,25.379196,89.091545,0.50568026
3.779166666666667,41.353928,-6.8018513,-2.930426,70.0,25.0,90.0,41.58287,-7.1442804,-2.6371002,70.96152,25.379196,89.091545,0.50568026
3.783333333333333,41.353928,-6.8018513,-2.930426,70.0,25.0,90.0,41.58287,-7.1442804,-2.6371002,70.96152,25.379196,89.091545,0.50568026
3.7875,41.353928,-6.8018513,-2.930426,70.0,25.0,90.0,41.58287,-7.1442804,-2.6371002,70.96152,25.379196,89.091545,0.50568026
3.7916666666666665,41.353928,-6.8018513,-2.930426,70.0,25.0,90.0,41.58287,-7.1442804,-2.6371002,70.96152,25.379196,89.091545,0.50568026
3.7958333333333334,41.353928,-6.8018513,-2.930426,70.0,25.0,90.0,41.58287,-7.1442804,-2.6371002,70.96152,25.379196,89.091545,0.50568026
3.8,41.353928,-6.8018513,-2.930426,70.0,25.0,90.0,41.58287,-7.1442804,-2.6371002,70.96152,25.379196,89.091545,0.50568026
3.8041666666666667,41.353928,-6.8018513,-2.930426,70.0,25.0,90.0,41.58287,-7.1442804,-2.6371002,70.96152,25.379196,89.091545,0.50568026
3.808333333333333,41.353928,-6.8018513,-2.930426,70.0,25.0,90.0,41.58287,-7.1442804,-2.6371002,70.96152,25.379196,89.091545,0.50568026
3.8125,41.353928,-6.8018513,-2.930426,70.0,25.0,90.0,41.58287,-7.1442804,-2.6371002,70.96152,25.379196,89.091545,0.50568026
3.816666666666667,41.353928,-6.8018513,-2.930426,70.0,25.0,90.0,41.58287,-7.1442804,-2.6371002,70.96152,25.379196,89.091545,0.50568026
3.8208333333333333,41.353928,-6.8018513,-2.930426,70.0,25.0,90.0,41.58287,-7.1442804,-2.6371002,70.96152,25.379196,89.091545,0.50568026
3.825,41.353928,-6.8018513,-2.930426,70.0,25.0,90.0,41.58287,-7.1442804,-2.6371002,70.96152,25.379196,89.091545,0.50568026
3.8291666666666666,41.353928,-6.8018513,-2.930426,70.0,25.0,90.0,41.58287,-7.1442804,-2.6371002,70.96152,25.379196,89.091545,0.50568026
3.8333333333333335,41.353928,-6.8018513,-2.930426,70.0,25.0,90.0,41.58287,-7.1442804,-2.6371002,70.96152,25.379196,89.091545,0.50568026
3.8375,41.353928,-6.8018513,-2.930426,70.0,25.0,90.0,41.58287,-7.1442804,-2.6371002,70.96152,25.379196,89.091545,0.50568026
3.841666666666667,41.353928,-6.8018513,-2.930426,70.0,25.0,90.0,41.58287,-7.1442804,-2.6371002,70.96152,25.379196,89.091545,0.50568026
3.845833333333333,41.353928,-6.8018513,-2.930426,70.0,25.0,90.0,41.58287,-7.1442804,-2.6371002,70.96152,25.379196,89.091545,0.50568026
3.85,41.353928,-6.8018513,-2.930426,70.0,25.0,90.0,41.58287,-7.1442804,-2.6371002,70.96152,25.379196,89.091545,0.50568026
3.8541666666666665,41.353928,-6.8018513,-2.930426,70.0,25.0,90.0,41.58287,-7.1442804,-2.6371002,70.96152,25.379196,89.091545,0.50568026
3.8583333333333334,41.353928,-6.8018513,-2.930426,70.0,25.0,90.0,41.58287,-7.1442804,-2.6371012,70.96152,25.379196,89.091545,0.50567967
3.8625,41.353928,-6.8018513,-2.930426,70.0,25.0,90.0,41.582874,-7.1442785,-2.6371002,70.96152,25.379192,89.091545,0.5056807
3.8666666666666667,41.353928,-6.8018513,-2.930426,70.0,25.0,90.0,41.58287,-7.1442804,-2.6371002,70.96152,25.379196,89.091545,0.50568026
3.870833333333333,41.353928,-6.8018513,-2.930426,70.0,25.0,90.0,41.58287,-7.1442776,-2.637107,70.96152,25.379192,89.09155,0.5056744
3.875,41.353928,-6.8018513,-2.930426,70.0,25.0,90.0,41.58287,-7.1442785,-2.637103,70.96152,25.379192,89.09155,0.5056773
3.879166666666667,41.353928,-6.8018513,-2.930426,70.0,25.0,90.0,41.58287,-7.1442757,-2.637104,70.96152,25.379192,89.09155,0.5056748
3.8833333333333333,41.353928,-6.8018513,-2.930426,70.0,25.0,90.0,41.582874,-7.1442776,-2.637104,70.96152,25.379192,89.09155,0.5056778
3.8875,41.353928,-6.8018513,-2.930426,70.0,25.0,90.0,41.582874,-7.1442747,-2.637105,70.96152,25.379192,89.09155,0.5056754
3.8916666666666666,41.353928,-6.8018513,-2.930426,70.0,25.0,90.0,41.58287,-7.1442747,-2.637104,70.96152,25.379196,89.09155,0.5056741
3.8958333333333335,41.353928,-6.8018513,-2.930426,70.0,25.0,90.0,41.58287,-7.1442757,-2.637105,70.96152,25.379192,89.09155,0.50567424
3.9,41.353928,-6.8018513,-2.930426,70.0,25.0,90.0,41.582867,-7.1442757,-2.6371021,70.96152,25.379196,89.09156,0.5056742
3.904166666666667,41.353928,-6.8018513,-2.930426,70.0,25.0,90.0,41.58287,-7.1442757,-2.6371088,70.96152,25.379196,89.09155,0.50567204
3.908333333333333,41.353928,-6.8018513,-2.930426,70.0,25.0,90.0,41.58287,-7.144273,-2.637105,70.96152,25.379189,89.09155,0.50567234
3.9125,41.353928,-6.8018513,-2.930426,70.0,25.0,90.0,41.582867,-7.1442747,-2.637103,70.96152,25.379189,89.09155,0.505673
3.9166666666666665,41.353928,-6.8018513,-2.930426,70.0,25.0,90.0,41.582867,-7.1442747,-2.637103,70.96152,25.379192,89.09155,0.505673
3.9208333333333334,41.353928,-6.8018513,-2.930426,70.0,25.0,90.0,41.58287,-7.1442747,-2.6371012,70.96152,25.379192,89.09156,0.50567585
3.925,41.353928,-6.8018513,-2.930426,70.0,25.0,90.0,41.582867,-7.144273,-2.6370993,70.961525,25.379192,89.09155,0.5056739
3.9291666666666667,41.353928,-6.8018513,-2.930426,70.0,25.0,90.0,41.582867,-7.144272,-2.6370993,70.96152,25.379192,89.09155,0.5056733
3.933333333333333,41.353928,-6.8018513,-2.930426,70.0,25.0,90.0,41.582867,-7.1442776,-2.637104,70.96152,25.379192,89.09155,0.50567436
3.9375,41.353928,-6.8018513,-2.930426,70.0,25.0,90.0,41.582867,-7.1442747,-2.6371012,70.96152,25.379192,89.09155,0.50567406
3.941666666666667,41.353928,-6.8018513,-2.930426,70.0,25.0,90.0,41.582863,-7.1442738,-2.6371012,70.96152,25.379196,89.09156,0.50567174
3.9458333333333333,41.353928,-6.8018513,-2.930426,70.0,25.0,90.0,41.582863,-7.1442747,-2.6371002,70.961525,25.379192,89.09155,0.50567293
3.95,41.353928,-6.8018513,-2.930426,70.0,25.0,90.0,41.582863,-7.1442747,-2.6371021,70.96152,25.379192,89.09155,0.5056718
3.9541666666666666,41.353928,-6.8018513,-2.930426,70.0,25.0,90.0,41.582863,-7.1442747,-2.6370993,70.96152,25.379192,89.09155,0.50567347
3.9583333333333335,41.353928,-6.8018513,-2.930426,70.0,25.0,90.0,41.582863,-7.1442747,-2.6371012,70.96152,25.379189,89.09155,0.5056724
3.9625,41.353928,-6.8018513,-2.930426,70.0,25.0,90.0,41.582863,-7.1442766,-2.6371012,70.961525,25.379192,89.09155,0.50567365
3.966666666666667,41.353928,-6.8018513,-2.930426,70.0,25.0,90.0,41.582863,-7.1442766,-2.6370993,70.961525,25.379192,89.09155,0.5056748
3.970833333333333,41.353928,-6.8018513,-2.930426,70.0,25.0,90.0,41.582863,-7.1442766,-2.6371002,70.961525,25.379192,89.09155,0.50567424
3.975,41.353928,-6.8018513,-2.930426,70.0,25.0,90.0,41.582863,-7.1442766,-2.6371002,70.961525,25.379192,89.09155,0.50567424
3.9791666666666665,41.353928,-6.8018513,-2.930426,70.0,25.0,90.0,41.582863,-7.1442766,-2.6371002,70.961525,25.379192,89.09155,0.50567424
3.9833333333333334,41.353928,-6.8018513,-2.930426,70.0,25.0,90.0,41.582863,-7.1442766,-2.6371002,70.961525,25.379192,89.09155,0.50567424
3.9875,41.353928,-6.8018513,-2.930426,70.0,25.0,90.0,41.582863,-7.1442766,-2.6370993,70.961525,25.379192,89.09155,0.5056748
3.9916666666666667,41.353928,-6.8018513,-2.930426,70.0,25.0,90.0,41.582863,-7.1442766,-2.6371002,70.961525,25.379192,89.09156,0.50567424
3.995833333333333,41.353928,-6.8018513,-2.930426,70.0,25.0,90.0,41.582863,-7.1442766,-2.6371012,70.961525,25.379189,89.09155,0.50567365
4.0,41.353928,-6.8018513,-2.930426,70.0,25.0,90.0,41.582863,-7.1442747,-2.6371002,70.961525,25.379192,89.09155,0.50567293
4.004166666666666,41.353928,-6.8018513,-2.930426,70.0,25.0,90.0,41.582863,-7.1442766,-2.6371012,70.96152,25.379192,89.09155,0.50567365
4.008333333333334,41.353928,-6.8018513,-2.930426,70.0,25.0,90.0,41.582863,-7.1442747,-2.6371012,70.961525,25.379192,89.09155,0.5056724
4.0125,41.353928,-6.8018513,-2.930426,70.0,25.0,90.0,41.582863,-7.1442747,-2.6370993,70.961525,25.379189,89.09155,0.50567347
4.016666666666667,41.353928,-6.8018513,-2.930426,70.0,25.0,90.0,41.582863,-7.1442766,-2.6370983,70.961525,25.379189,89.09155,0.5056753
4.020833333333333,41.353928,-6.8018513,-2.930426,70.0,25.0,90.0,41.582863,-7.1442776,-2.6371021,70.96152,25.379189,89.09155,0.50567377
4.025,41.353928,-6.8018513,-2.930426,70.0,25.0,90.0,41.582863,-7.1442776,-2.6370993,70.961525,25.379192,89.09155,0.50567544
4.029166666666667,41.353928,-6.8018513,-2.930426,70.0,25.0,90.0,41.582867,-7.1442776,-2.6370993,70.96153,25.379192,89.09155,0.5056771
4.033333333333333,41.353928,-6.8018513,-2.930426,70.0,25.0,90.0,41.58287,-7.1442785,-2.637104,70.961525,25.379192,89.091545,0.50567675
4.0375,41.353928,-6.8018513,-2.930426,70.0,25.0,90.0,41.58287,-7.1442776,-2.6371021,70.961525,25.379192,89.091545,0.5056772
4.041666666666667,41.353928,-6.8018513,-2.930426,70.0,25.0,90.0,41.58287,-7.1442814,-2.6370993,70.961525,25.379192,89.091545,0.50568146
4.045833333333333,41.353928,-6.8018513,-2.930426,70.0,25.0,90.0,41.58287,-7.1442804,-2.6371012,70.961525,25.379192,89.091545,0.50567967
4.05,41.353928,-6.8018513,-2.930426,70.0,25.0,90.0,41.58287,-7.1442785,-2.6371012,70.961525,25.379189,89.091545,0.5056784
4.054166666666666,41.353928,-6.8018513,-2.930426,70.0,25.0,90.0,41.58287,-7.1442776,-2.637104,70.961525,25.379185,89.091545,0.5056761
4.058333333333334,41.353928,-6.8018513,-2.930426,70.0,25.0,90.0,41.58287,-7.1442804,-2.637104,70.961525,25.379189,89.091545,0.50567806
4.0625,41.353928,-6.8018513,-2.930426,70.0,25.0,90.0,41.58287,-7.1442814,-2.637107,70.961525,25.379192,89.091545,0.505677
4.066666666666666,41.353928,-6.8018513,-2.930426,70.0,25.0,90.0,41.58287,-7.1442804,-2.6371021,70.96152,25.379192,89.091545,0.50567913
4.070833333333334,41.353928,-6.8018513,-2.930426,70.0,25.0,90.0,41.58287,-7.1442804,-2.6371021,70.96152,25.379189,89.091545,0.50567913
4.075,41.353928,-6.8018513,-2.930426,70.0,25.0,90.0,41.58287,-7.1442785,-2.6371021,70.96152,25.379192,89.091545,0.5056779
4.079166666666667,41.353928,-6.8018513,-2.930426,70.0,25.0,90.0,41.58287,-7.1442804,-2.637103,70.961525,25.379192,89.091545,0.5056786
4.083333333333333,41.353928,-6.8018513,-2.930426,70.0,25.0,90.0,41.58287,-7.1442776,-2.6371002,70.96152,25.379192,89.091545,0.5056783
4.0875,41.353928,-6.8018513,-2.930426,70.0,25.0,90.0,41.58287,-7.1442785,-2.6371021,70.96152,25.379192,89.091545,0.5056779
4.091666666666667,41.353928,-6.8018513,-2.930426,70.0,25.0,90.0,41.58287,-7.1442776,-2.6371021,70.96152,25.379192,89.091545,0.5056772
4.095833333333333,41.353928,-6.8018513,-2.930426,70.0,25.0,90.0,41.58287,-7.1442785,-2.6371012,70.96152,25.379196,89.091545,0.5056784
4.1,41.353928,-6.8018513,-2.930426,70.0,25.0,90.0,41.58287,-7.1442804,-2.6371002,70.96152,25.379196,89.091545,0.50568026
4.104166666666667,41.353928,-6.8018513,-2.930426,70.0,25.0,90.0,41.58287,-7.1442804,-2.6371002,70.96152,25.379196,89.091545,0.50568026
4.108333333333333,41.353928,-6.8018513,-2.930426,70.0,25.0,90.0,41.58287,-7.1442804,-2.6371002,70.96152,25.379196,89.091545,0.50568026
4.1125,41.353928,-6.8018513,-2.930426,70.0,25.0,90.0,41.58287,-7.1442804,-2.6371002,70.96152,25.379196,89.091545,0.50568026
4.116666666666666,41.353928,-6.8018513,-2.930426,70.0,25.0,90.0,41.58287,-7.1442804,-2.6371002,70.96152,25.379196,89.091545,0.50568026
4.120833333333334,41.353928,-6.8018513,-2.930426,70.0,25.0,90.0,41.58287,-7.1442804,-2.6371002,70.96152,25.379196,89.091545,0.50568026
4.125,41.353928,-6.8018513,-2.930426,70.0,25.0,90.0,41.58287,-7.1442804,-2.6371002,70.96152,25.379196,89.091545,0.50568026
4.129166666666666,41.353928,-6.8018513,-2.930426,70.0,25.0,90.0,41.58287,-7.1442804,-2.6371002,70.96152,25.379196,89.091545,0.50568026
4.133333333333334,41.353928,-6.8018513,-2.930426,70.0,25.0,90.0,41.58287,-7.1442804,-2.6371002,70.96152,25.379196,89.091545,0.50568026
4.1375,41.353928,-6.8018513,-2.930426,70.0,25.0,90.0,41.58287,-7.1442804,-2.6371002,70.96152,25.379196,89.091545,0.50568026
4.141666666666667,41.353928,-6.8018513,-2.930426,70.0,25.0,90.0,41.58287,-7.1442804,-2.6371002,70.96152,25.379196,89.091545,0.50568026
4.145833333333333,41.353928,-6.8018513,-2.930426,70.0,25.0,90.0,41.58287,-7.1442804,-2.6371002,70.96152,25.379196,89.091545,0.50568026
4.15,41.353928,-6.8018513,-2.930426,70.0,25.0,90.0,41.58287,-7.1442804,-2.6371002,70.96152,25.379196,89.091545,0.50568026
4.154166666666667,41.353928,-6.8018513,-2.930426,70.0,25.0,90.0,41.58287,-7.1442804,-2.6371002,70.96152,25.379196,89.091545,0.50568026
4.158333333333333,41.353928,-6.8018513,-2.930426,70.0,25.0,90.0,41.58287,-7.1442804,-2.6371002,70.96152,25.379196,89.091545,0.50568026
4.1625,41.353928,-6.8018513,-2.930426,70.0,25.0,90.0,41.58287,-7.1442804,-2.6371002,70.96152,25.379196,89.091545,0.50568026
4.166666666666667,41.353928,-6.8018513,-2.930426,70.0,25.0,90.0,41.58287,-7.1442804,-2.6371002,70.96152,25.379196,89.091545,0.50568026
4.170833333333333,41.353928,-6.8018513,-2.930426,70.0,25.0,90.0,41.58287,-7.1442804,-2.6371002,70.96152,25.379196,89.091545,0.50568026
4.175,41.353928,-6.8018513,-2.930426,70.0,25.0,90.0,41.58287,-7.1442804,-2.6371002,70.96152,25.379196,89.091545,0.50568026
4.179166666666666,41.353928,-6.8018513,-2.930426,70.0,25.0,90.0,41.58287,-7.1442804,-2.6371002,70.96152,25.379196,89.091545,0.50568026
4.183333333333334,41.353928,-6.8018513,-2.930426,70.0,25.0,90.0,41.58287,-7.1442804,-2.6371002,70.96152,25.379196,89.091545,0.50568026
4.1875,41.353928,-6.8018513,-2.930426,70.0,25.0,90.0,41.58287,-7.1442804,-2.6371002,70.96152,25.379196,89.091545,0.50568026
4.191666666666666,41.353928,-6.8018513,-2.930426,70.0,25.0,90.0,41.58287,-7.1442804,-2.6371002,70.96152,25.379196,89.091545,0.50568026
4.195833333333334,41.353928,-6.8018513,-2.930426,70.0,25.0,90.0,41.58287,-7.1442804,-2.6371002,70.96152,25.379196,89.091545,0.50568026
4.2,41.353928,-6.8018513,-2.930426,70.0,25.0,90.0,41.58287,-7.1442804,-2.6371002,70.96152,25.379196,89.091545,0.50568026
4.204166666666667,41.353928,-6.8018513,-2.930426,70.0,25.0,90.0,41.58287,-7.1442804,-2.6371002,70.96152,25.379196,89.091545,0.50568026
4.208333333333333,41.353928,-6.8018513,-2.930426,70.0,25.0,90.0,41.58287,-7.1442804,-2.6371002,70.96152,25.379196,89.091545,0.50568026
4.2125,41.353928,-6.8018513,-2.930426,70.0,25.0,90.0,41.58287,-7.1442804,-2.6371002,70.96152,25.379196,89.091545,0.50568026
4.216666666666667,41.353928,-6.8018513,-2.930426,70.0,25.0,90.0,41.58287,-7.1442804,-2.6371002,70.96152,25.379196,89.091545,0.50568026
4.220833333333333,41.353928,-6.8018513,-2.930426,70.0,25.0,90.0,41.58287,-7.1442804,-2.6371002,70.96152,25.379196,89.091545,0.50568026
4.225,41.353928,-6.8018513,-2.930426,70.0,25.0,90.0,41.58287,-7.1442804,-2.6371002,70.96152,25.379196,89.091545,0.50568026
4.229166666666667,41.353928,-6.8018513,-2.930426,70.0,25.0,90.0,41.58287,-7.1442804,-2.6371002,70.96152,25.379196,89.091545,0.50568026
4.233333333333333,41.353928,-6.8018513,-2.930426,70.0,25.0,90.0,41.58287,-7.1442804,-2.6371002,70.96152,25.379196,89.091545,0.50568026
4.2375,41.353928,-6.8018513,-2.930426,70.0,25.0,90.0,41.58287,-7.1442804,-2.6371002,70.96152,25.379196,89.091545,0.50568026
4.241666666666666,41.353928,-6.8018513,-2.930426,70.0,25.0,90.0,41.58287,-7.1442804,-2.6371002,70.96152,25.379196,89.091545,0.50568026
4.245833333333334,41.353928,-6.8018513,-2.930426,70.0,25.0,90.0,41.58287,-7.1442804,-2.6371002,70.96152,25.379196,89.091545,0.50568026
4.25,41.353928,-6.8018513,-2.930426,70.0,25.0,90.0,41.58287,-7.1442804,-2.6371012,70.96152,25.379196,89.091545,0.50567967
4.254166666666666,41.353928,-6.8018513,-2.930426,70.0,25.0,90.0,41.582874,-7.1442785,-2.6371002,70.96152,25.379192,89.091545,0.5056807
4.258333333333334,41.353928,-6.8018513,-2.930426,70.0,25.0,90.0,41.58287,-7.1442804,-2.6371002,70.96152,25.379196,89.091545,0.50568026
4.2625,41.353928,-6.8018513,-2.930426,70.0,25.0,90.0,41.58287,-7.1442776,-2.637107,70.96152,25.379192,89.09155,0.5056744
4.266666666666667,41.353928,-6.8018513,-2.930426,70.0,25.0,90.0,41.58287,-7.1442785,-2.637103,70.96152,25.379192,89.09155,0.5056773
4.270833333333333,41.353928,-6.8018513,-2.930426,70.0,25.0,90.0,41.58287,-7.1442757,-2.637104,70.96152,25.379192,89.09155,0.5056748
4.275,41.353928,-6.8018513,-2.930426,70.0,25.0,90.0,41.582874,-7.1442776,-2.637104,70.96152,25.379192,89.09155,0.5056778
4.279166666666667,41.353928,-6.8018513,-2.930426,70.0,25.0,90.0,41.582874,-7.1442747,-2.637105,70.96152,25.379192,89.09155,0.5056754
4.283333333333333,41.353928,-6.8018513,-2.930426,70.0,25.0,90.0,41.58287,-7.1442747,-2.637104,70.96152,25.379196,89.09155,0.5056741
4.2875,41.353928,-6.8018513,-2.930426,70.0,25.0,90.0,41.58287,-7.1442757,-2.637105,70.96152,25.379192,89.09155,0.50567424
4.291666666666667,41.353928,-6.8018513,-2.930426,70.0,25.0,90.0,41.582867,-7.1442757,-2.6371021,70.96152,25.379196,89.09156,0.5056742
4.295833333333333,41.353928,-6.8018513,-2.930426,70.0,25.0,90.0,41.58287,-7.1442757,-2.6371088,70.96152,25.379196,89.09155,0.50567204
4.3,41.353928,-6.8018513,-2.930426,70.0,25.0,90.0,41.58287,-7.144273,-2.637105,70.96152,25.379189,89.09155,0.50567234
4.304166666666666,41.353928,-6.8018513,-2.930426,70.0,25.0,90.0,41.582867,-7.1442747,-2.637103,70.96152,25.379189,89.09155,0.505673
4.308333333333334,41.353928,-6.8018513,-2.930426,70.0,25.0,90.0,41.582867,-7.1442747,-2.637103,70.96152,25.379192,89.09155,0.505673
4.3125,41.353928,-6.8018513,-2.930426,70.0,25.0,90.0,41.58287,-7.1442747,-2.6371012,70.96152,25.379192,89.09156,0.50567585
4.316666666666666,41.353928,-6.8018513,-2.930426,70.0,25.0,90.0,41.582867,-7.144273,-2.6370993,70.961525,25.379192,89.09155,0.5056739
4.320833333333334,41.353928,-6.8018513,-2.930426,70.0,25.0,90.0,41.582863,-7.14427,-2.6370993,70.96152,25.379192,89.09155,0.50567025
4.325,41.353928,-6.8018513,-2.930426,70.0,25.0,90.0,41.582863,-7.1442766,-2.637103,70.96152,25.379192,89.09155,0.5056726
4.329166666666667,41.353928,-6.8018513,-2.930426,70.0,25.0,90.0,41.582863,-7.1442747,-2.6371002,70.96152,25.379192,89.09156,0.50567293
4.333333333333333,41.353928,-6.8018513,-2.930426,70.0,25.0,90.0,41.582863,-7.1442738,-2.6371002,70.96152,25.379196,89.09155,0.5056723
4.3375,41.353928,-6.8018513,-2.930426,70.0,25.0,90.0,41.582863,-7.1442757,-2.6370993,70.961525,25.379196,89.09155,0.5056741
4.341666666666667,41.353928,-6.8018513,-2.930426,70.0,25.0,90.0,41.582863,-7.1442747,-2.6371012,70.96152,25.379192,89.09155,0.5056724
4.345833333333333,41.353928,-6.8018513,-2.930426,70.0,25.0,90.0,41.582863,-7.1442738,-2.6371012,70.961525,25.379192,89.09155,0.50567174
4.35,41.353928,-6.8018513,-2.930426,70.0,25.0,90.0,41.582863,-7.1442766,-2.6370993,70.961525,25.379189,89.09155,0.5056748
4.354166666666667,41.353928,-6.8018513,-2.930426,70.0,25.0,90.0,41.582863,-7.1442747,-2.6371012,70.961525,25.379189,89.09155,0.5056724
4.358333333333333,41.353928,-6.8018513,-2.930426,70.0,25.0,90.0,41.582863,-7.1442738,-2.6371021,70.961525,25.379189,89.09155,0.50567114
4.3625,41.353928,-6.8018513,-2.930426,70.0,25.0,90.0,41.582863,-7.1442738,-2.6370993,70.961525,25.379192,89.09155,0.5056728
4.366666666666666,41.353928,-6.8018513,-2.930426,70.0,25.0,90.0,41.582863,-7.1442766,-2.6371012,70.961525,25.379189,89.09155,0.50567365
4.370833333333334,41.353928,-6.8018513,-2.930426,70.0,25.0,90.0,41.582863,-7.1442766,-2.6371021,70.961525,25.379189,89.09156,0.5056731
4.375,41.353928,-6.8018513,-2.930426,70.0,25.0,90.0,41.582863,-7.1442766,-2.637103,70.961525,25.379189,89.09155,0.5056726
4.379166666666666,41.353928,-6.8018513,-2.930426,70.0,25.0,90.0,41.582867,-7.1442747,-2.6371012,70.961525,25.379189,89.09155,0.50567406
4.383333333333334,41.353928,-6.8018513,-2.930426,70.0,25.0,90.0,41.582867,-7.1442738,-2.6371012,70.961525,25.379189,89.09155,0.50567347
4.3875,41.353928,-6.8018513,-2.930426,70.0,25.0,90.0,41.582863,-7.1442766,-2.6371012,70.961525,25.379189,89.09155,0.50567365
4.391666666666667,41.353928,-6.8018513,-2.930426,70.0,25.0,90.0,41.582863,-7.1442766,-2.6371002,70.961525,25.379189,89.09155,0.50567424
4.395833333333333,41.353928,-6.8018513,-2.930426,70.0,25.0,90.0,41.582863,-7.1442766,-2.6371012,70.961525,25.379189,89.09155,0.50567365
4.4,41.353928,-6.8018513,-2.930426,70.0,25.0,90.0,41.582863,-7.1442766,-2.6371012,70.961525,25.379189,89.09155,0.50567365
4.404166666666667,41.353928,-6.8018513,-2.930426,70.0,25.0,90.0,41.582863,-7.1442757,-2.6370993,70.961525,25.379192,89.09155,0.5056741
4.408333333333333,41.353928,-6.8018513,-2.930426,70.0,25.0,90.0,41.582863,-7.1442766,-2.637103,70.961525,25.379189,89.09155,0.5056726
4.4125,41.353928,-6.8018513,-2.930426,70.0,25.0,90.0,41.582863,-7.1442757,-2.6371012,70.96152,25.379192,89.09155,0.50567305
4.416666666666667,41.353928,-6.8018513,-2.930426,70.0,25.0,90.0,41.582863,-7.1442776,-2.6370993,70.961525,25.379192,89.09155,0.50567544
4.420833333333333,41.353928,-6.8018513,-2.930426,70.0,25.0,90.0,41.582867,-7.1442747,-2.6371002,70.961525,25.379192,89.09155,0.50567466
4.425,41.353928,-6.8018513,-2.930426,70.0,25.0,90.0,41.582867,-7.1442776,-2.637103,70.961525,25.379192,89.091545,0.5056749
4.429166666666666,41.353928,-6.8018513,-2.930426,70.0,25.0,90.0,41.582867,-7.1442776,-2.637103,70.961525,25.379192,89.091545,0.5056749
4.433333333333334,41.353928,-6.8018513,-2.930426,70.0,25.0,90.0,41.58287,-7.1442814,-2.6371021,70.961525,25.379192,89.091545,0.5056798
4.4375,41.353928,-6.8018513,-2.930426,70.0,25.0,90.0,41.582867,-7.1442804,-2.6371012,70.961525,25.379189,89.091545,0.505678
4.441666666666666,41.353928,-6.8018513,-2.930426,70.0,25.0,90.0,41.58287,-7.1442814,-2.6371002,70.961525,25.379189,89.091545,0.5056809
4.445833333333334,41.353928,-6.8018513,-2.930426,70.0,25.0,90.0,41.58287,-7.1442785,-2.6371012,70.961525,25.379189,89.091545,0.5056784
4.45,41.353928,-6.8018513,-2.930426,70.0,25.0,90.0,41.58287,-7.1442776,-2.637103,70.961525,25.37918,89.09154,0.5056766
4.454166666666667,41.353928,-6.8018513,-2.930426,70.0,25.0,90.0,41.582867,-7.1442804,-2.637104,70.961525,25.379192,89.091545,0.50567627
4.458333333333333,41.353928,-6.8018513,-2.930426,70.0,25.0,90.0,41.58287,-7.1442804,-2.6371012,70.96152,25.379185,89.091545,0.50567967
4.4625,41.353928,-6.8018513,-2.930426,70.0,25.0,90.0,41.58287,-7.1442814,-2.6371021,70.96152,25.379185,89.091545,0.5056798
4.466666666666667,41.353928,-6.8018513,-2.930426,70.0,25.0,90.0,41.58287,-7.1442785,-2.6371021,70.96152,25.379189,89.09155,0.5056779
4.470833333333333,41.353928,-6.8018513,-2.930426,70.0,25.0,90.0,41.58287,-7.1442785,-2.637104,70.96152,25.379189,89.091545,0.50567675
4.475,41.353928,-6.8018513,-2.930426,70.0,25.0,90.0,41.58287,-7.1442785,-2.637104,70.96152,25.379189,89.09155,0.50567675
4.479166666666667,41.353928,-6.8018513,-2.930426,70.0,25.0,90.0,41.58287,-7.1442785,-2.637105,70.96152,25.379192,89.09155,0.50567615
4.483333333333333,41.353928,-6.8018513,-2.930426,70.0,25.0,90.0,41.58287,-7.1442785,-2.637105,70.96152,25.379192,89.09155,0.50567615
4.4875,41.353928,-6.8018513,-2.930426,70.0,25.0,90.0,41.58287,-7.1442785,-2.637107,70.96152,25.379196,89.09155,0.5056751
4.491666666666666,41.353928,-6.8018513,-2.930426,70.0,25.0,90.0,41.58287,-7.1442804,-2.637107,70.96152,25.379192,89.09155,0.5056763
4.495833333333334,41.353928,-6.8018513,-2.930426,70.0,25.0,90.0,41.58287,-7.1442804,-2.637107,70.96152,25.379192,89.09155,0.5056763
4.5,41.353928,-6.8018513,-2.930426,70.0,25.0,90.0,41.58287,-7.1442804,-2.637107,70.96152,25.379192,89.09155,0.5056763
4.504166666666666,41.353928,-6.8018513,-2.930426,70.0,25.0,90.0,41.58287,-7.1442804,-2.637107,70.96152,25.379192,89.09155,0.5056763
4.508333333333334,41.353928,-6.8018513,-2.930426,70.0,25.0,90.0,41.58287,-7.1442804,-2.637107,70.96152,25.379192,89.09155,0.5056763
4.5125,41.353928,-6.8018513,-2.930426,70.0,25.0,90.0,41.58287,-7.1442804,-2.637107,70.96152,25.379192,89.09155,0.5056763
4.516666666666667,41.353928,-6.8018513,-2.930426,70.0,25.0,90.0,41.58287,-7.1442804,-2.637107,70.96152,25.379192,89.09155,0.5056763
4.520833333333333,41.353928,-6.8018513,-2.930426,70.0,25.0,90.0,41.58287,-7.1442804,-2.637107,70.96152,25.379192,89.09155,0.5056763
4.525,41.353928,-6.8018513,-2.930426,70.0,25.0,90.0,41.58287,-7.1442804,-2.637107,70.96152,25.379192,89.09155,0.5056763
4.529166666666667,41.353928,-6.8018513,-2.930426,70.0,25.0,90.0,41.58287,-7.1442804,-2.637107,70.96152,25.379192,89.09155,0.5056763
4.533333333333333,41.353928,-6.8018513,-2.930426,70.0,25.0,90.0,41.58287,-7.1442804,-2.637107,70.96152,25.379192,89.09155,0.5056763
4.5375,41.353928,-6.8018513,-2.930426,70.0,25.0,90.0,41.58287,-7.1442804,-2.637107,70.96152,25.379192,89.09155,0.5056763
4.541666666666667,41.353928,-6.8018513,-2.930426,70.0,25.0,90.0,41.58287,-7.1442804,-2.637107,70.96152,25.379192,89.09155,0.5056763
4.545833333333333,41.353928,-6.8018513,-2.930426,70.0,25.0,90.0,41.58287,-7.1442804,-2.637107,70.96152,25.379192,89.09155,0.5056763
4.55,41.353928,-6.8018513,-2.930426,70.0,25.0,90.0,41.58287,-7.1442804,-2.637107,70.96152,25.379192,89.09155,0.5056763
4.554166666666666,41.353928,-6.8018513,-2.930426,70.0,25.0,90.0,41.58287,-7.1442804,-2.637107,70.96152,25.379192,89.09155,0.5056763
4.558333333333334,41.353928,-6.8018513,-2.930426,70.0,25.0,90.0,41.58287,-7.1442804,-2.637107,70.96152,25.379192,89.09155,0.5056763
4.5625,41.353928,-6.8018513,-2.930426,70.0,25.0,90.0,41.58287,-7.1442804,-2.637107,70.96152,25.379192,89.09155,0.5056763
4.566666666666666,41.353928,-6.8018513,-2.930426,70.0,25.0,90.0,41.58287,-7.1442804,-2.637107,70.96152,25.379192,89.09155,0.5056763
4.570833333333334,41.353928,-6.8018513,-2.930426,70.0,25.0,90.0,41.58287,-7.1442804,-2.637107,70.96152,25.379192,89.09155,0.5056763
4.575,41.353928,-6.8018513,-2.930426,70.0,25.0,90.0,41.58287,-7.1442804,-2.637107,70.96152,25.379192,89.09155,0.5056763
4.579166666666667,41.353928,-6.8018513,-2.930426,70.0,25.0,90.0,41.58287,-7.1442804,-2.637107,70.96152,25.379192,89.09155,0.5056763
4.583333333333333,41.353928,-6.8018513,-2.930426,70.0,25.0,90.0,41.58287,-7.1442804,-2.637107,70.96152,25.379192,89.09155,0.5056763
4.5875,41.353928,-6.8018513,-2.930426,70.0,25.0,90.0,41.58287,-7.1442804,-2.637107,70.96152,25.379192,89.09155,0.5056763
4.591666666666667,41.353928,-6.8018513,-2.930426,70.0,25.0,90.0,41.58287,-7.1442804,-2.637107,70.96152,25.379192,89.09155,0.5056763
4.595833333333333,41.353928,-6.8018513,-2.930426,70.0,25.0,90.0,41.58287,-7.1442804,-2.637107,70.96152,25.379192,89.09155,0.5056763
4.6,41.353928,-6.8018513,-2.930426,70.0,25.0,90.0,41.58287,-7.1442804,-2.637107,70.96152,25.379192,89.09155,0.5056763
4.604166666666667,41.353928,-6.8018513,-2.930426,70.0,25.0,90.0,41.58287,-7.1442804,-2.637107,70.96152,25.379192,89.09155,0.5056763
4.608333333333333,41.353928,-6.8018513,-2.930426,70.0,25.0,90.0,41.58287,-7.1442804,-2.637107,70.96152,25.379192,89.09155,0.5056763
4.6125,41.353928,-6.8018513,-2.930426,70.0,25.0,90.0,41.58287,-7.1442804,-2.637107,70.96152,25.379192,89.09155,0.5056763
4.616666666666666,41.353928,-6.8018513,-2.930426,70.0,25.0,90.0,41.58287,-7.1442804,-2.637107,70.96152,25.379192,89.09155,0.5056763
4.620833333333334,41.353928,-6.8018513,-2.930426,70.0,25.0,90.0,41.58287,-7.1442804,-2.637107,70.96152,25.379192,89.09155,0.5056763
4.625,41.353928,-6.8018513,-2.930426,70.0,25.0,90.0,41.58287,-7.1442804,-2.637107,70.96152,25.379192,89.09155,0.5056763
4.629166666666666,41.353928,-6.8018513,-2.930426,70.0,25.0,90.0,41.58287,-7.1442804,-2.637107,70.96152,25.379192,89.09155,0.5056763
4.633333333333334,41.353928,-6.8018513,-2.930426,70.0,25.0,90.0,41.58287,-7.1442804,-2.637107,70.96152,25.379192,89.09155,0.5056763
4.6375,41.353928,-6.8018513,-2.930426,70.0,25.0,90.0,41.58287,-7.1442804,-2.637107,70.96152,25.379192,89.09155,0.5056763
4.641666666666667,41.353928,-6.8018513,-2.930426,70.0,25.0,90.0,41.58287,-7.1442804,-2.637107,70.96152,25.379192,89.09155,0.5056763
4.645833333333333,41.353928,-6.8018513,-2.930426,70.0,25.0,90.0,41.58287,-7.1442804,-2.637105,70.96152,25.379192,89.09155,0.50567746
4.65,41.353928,-6.8018513,-2.930426,70.0,25.0,90.0,41.58287,-7.1442776,-2.637105,70.96152,25.379192,89.09155,0.50567555
4.654166666666667,41.353928,-6.8018513,-2.930426,70.0,25.0,90.0,41.582874,-7.1442804,-2.637104,70.96152,25.379192,89.09155,0.5056797
4.658333333333333,41.353928,-6.8018513,-2.930426,70.0,25.0,90.0,41.58287,-7.1442785,-2.637105,70.96152,25.379192,89.09155,0.50567615
4.6625,41.353928,-6.8018513,-2.930426,70.0,25.0,90.0,41.58287,-7.1442785,-2.637105,70.96152,25.379192,89.09155,0.50567615
4.666666666666667,41.353928,-6.8018513,-2.930426,70.0,25.0,90.0,41.58287,-7.1442776,-2.637104,70.96152,25.379192,89.09155,0.5056761
4.670833333333333,41.353928,-6.8018513,-2.930426,70.0,25.0,90.0,41.58287,-7.1442776,-2.6371021,70.96152,25.379189,89.09155,0.5056772
4.675,41.353928,-6.8018513,-2.930426,70.0,25.0,90.0,41.58287,-7.144273,-2.6371021,70.96152,25.379189,89.09155,0.505674
4.679166666666666,41.353928,-6.8018513,-2.930426,70.0,25.0,90.0,41.582867,-7.1442747,-2.637105,70.96152,25.379189,89.09155,0.50567186
4.683333333333334,41.353928,-6.8018513,-2.930426,70.0,25.0,90.0,41.58287,-7.1442747,-2.637103,70.96152,25.379189,89.09155,0.5056747
4.6875,41.353928,-6.8018513,-2.930426,70.0,25.0,90.0,41.58287,-7.1442757,-2.6371012,70.96152,25.379196,89.09156,0.50567645
4.691666666666666,41.353928,-6.8018513,-2.930426,70.0,25.0,90.0,41.582867,-7.1442757,-2.637105,70.96152,25.379189,89.09155,0.5056725
4.695833333333334,41.353928,-6.8018513,-2.930426,70.0,25.0,90.0,41.582867,-7.144272,-2.637105,70.96152,25.379192,89.09156,0.50566995
4.7,41.353928,-6.8018513,-2.930426,70.0,25.0,90.0,41.582867,-7.1442757,-2.637104,70.96152,25.379192,89.09156,0.5056731
4.704166666666667,41.353928,-6.8018513,-2.930426,70.0,25.0,90.0,41.582867,-7.1442747,-2.6371021,70.96152,25.379192,89.09156,0.5056735
4.708333333333333,41.353928,-6.8018513,-2.930426,70.0,25.0,90.0,41.58287,-7.144273,-2.637103,70.961525,25.379189,89.09156,0.5056734
4.7125,41.353928,-6.8018513,-2.930426,70.0,25.0,90.0,41.582867,-7.144273,-2.6370964,70.961525,25.379196,89.09156,0.5056756
4.716666666666667,41.353928,-6.8018513,-2.930426,70.0,25.0,90.0,41.582863,-7.144273,-2.6371012,70.96152,25.379192,89.09156,0.5056711
4.720833333333333,41.353928,-6.8018513,-2.930426,70.0,25.0,90.0,41.582863,-7.144272,-2.637103,70.96152,25.379189,89.09156,0.5056693
4.725,41.353928,-6.8018513,-2.930426,70.0,25.0,90.0,41.582863,-7.1442738,-2.637103,70.96152,25.379192,89.09156,0.5056706
4.729166666666667,41.353928,-6.8018513,-2.930426,70.0,25.0,90.0,41.582863,-7.1442747,-2.6371021,70.96152,25.379192,89.09156,0.5056718
4.733333333333333,41.353928,-6.8018513,-2.930426,70.0,25.0,90.0,41.58286,-7.1442766,-2.6370993,70.96152,25.379189,89.09156,0.50567305
4.7375,41.353928,-6.8018513,-2.930426,70.0,25.0,90.0,41.582863,-7.1442747,-2.6371012,70.96152,25.379189,89.09156,0.5056724
4.741666666666666,41.353928,-6.8018513,-2.930426,70.0,25.0,90.0,41.58286,-7.1442747,-2.6370993,70.96152,25.379192,89.09156,0.50567174
4.745833333333334,41.353928,-6.8018513,-2.930426,70.0,25.0,90.0,41.582863,-7.1442738,-2.6371002,70.96152,25.379189,89.09157,0.5056723
4.75,41.353928,-6.8018513,-2.930426,70.0,25.0,90.0,41.582466,-7.1355743,-2.644187,70.95783,25.39944,89.08956,0.49551353
4.754166666666666,41.353928,-6.8018513,-2.930426,70.0,25.0,90.0,41.569477,-7.1407814,-2.6824656,70.88407,25.396313,89.10108,0.4720376
4.758333333333334,41.353928,-6.8018513,-2.930426,70.0,25.0,90.0,41.53272,-7.1599073,-2.7424746,70.710785,25.307697,89.170166,0.4421494
4.7625,41.353928,-6.8018513,-2.930426,70.0,25.0,90.0,41.462055,-7.302663,-2.792859,70.42516,25.075367,89.26248,0.53049827
4.766666666666667,41.353928,-6.8018513,-2.930426,70.0,25.0,90.0,41.3506,-7.33171,-2.604721,70.44871,24.765404,89.496376,0.6219685
4.770833333333333,41.353928,-6.8018513,-2.930426,70.0,25.0,90.0,41.262257,-7.4249973,-2.5798578,70.41107,24.690151,89.36125,0.7208416
4.775,41.353928,-6.8018513,-2.930426,70.0,25.0,90.0,41.03323,-6.878377,-2.0866566,70.46062,25.224308,89.71046,0.9058973
4.779166666666667,41.353928,-6.8018513,-2.930426,70.0,25.0,90.0,40.26728,-6.6499357,-2.0251017,70.43915,24.420944,90.67979,1.422495
4.783333333333333,41.353928,-6.8018513,-2.930426,70.0,25.0,90.0,39.88151,-6.5326576,-2.101015,70.493706,24.383667,91.28338,1.7112557
4.7875,41.353928,-6.8018513,-2.930426,70.0,25.0,90.0,40.017403,-5.4999847,-0.4719696,72.44569,29.160091,91.27535,3.0862863
4.791666666666667,41.353928,-6.8018513,-2.930426,70.0,25.0,90.0,39.752098,-6.3505793,-1.2481251,72.40631,28.399986,91.024765,2.366356
4.795833333333333,41.353928,-6.8018513,-2.930426,70.0,25.0,90.0,40.340324,-6.774272,-2.845726,71.45057,25.321194,91.72567,1.0175098
