time_s,true_wrist_X_cm,true_wrist_Y_cm,true_wrist_Z_cm,true_shoulder_elv_deg,true_shoulder_rot_deg,true_elbow_flexion_deg,pred_wrist_X_cm,pred_wrist_Y_cm,pred_wrist_Z_cm,pred_shoulder_elv_deg,pred_shoulder_rot_deg,pred_elbow_flexion_deg,l2_distance_cm
0.0,41.353928,-6.8018513,-2.930426,70.0,25.0,90.0,41.178883,-7.862009,-0.6114378,71.07295,24.050537,91.517494,2.5558326
0.004166666666666667,41.353928,-6.8018513,-2.930426,70.0,25.0,90.0,41.515423,-8.226511,-1.1671,70.4871,23.887981,91.23081,2.2726755
0.008333333333333333,41.353928,-6.8018513,-2.930426,70.0,25.0,90.0,41.76135,-8.212508,-1.9326935,69.63224,24.072182,91.20427,1.7752225
0.0125,41.353928,-6.8018513,-2.930426,70.0,25.0,90.0,41.333454,-7.4738226,-2.565114,71.11713,25.549202,90.14728,0.76512575
0.016666666666666666,41.353928,-6.8018513,-2.930426,70.0,25.0,90.0,41.163486,-6.7178793,-2.1971684,72.18846,27.131474,88.94335,0.7622242
0.020833333333333332,41.353928,-6.8018513,-2.930426,70.0,25.0,90.0,40.7073,-7.2275496,-3.4144106,70.20001,26.697086,88.707436,0.9130114
0.025,41.353928,-6.8018513,-2.930426,70.0,25.0,90.0,41.270508,-7.9346123,-3.0465727,70.03529,24.794724,89.0483,1.1417514
0.029166666666666667,41.353928,-6.8018513,-2.930426,70.0,25.0,90.0,41.369644,-7.6138706,-2.8338785,70.49311,25.185036,89.09582,0.81788987
0.03333333333333333,41.353928,-6.8018513,-2.930426,70.0,25.0,90.0,41.477455,-7.393668,-2.7218513,70.70825,25.383533,89.06038,0.6395386
0.0375,41.353928,-6.8018513,-2.930426,70.0,25.0,90.0,41.5307,-7.2970905,-2.6457205,70.88685,25.36195,89.0263,0.5979698
0.041666666666666664,41.353928,-6.8018513,-2.930426,70.0,25.0,90.0,41.57384,-7.2100506,-2.6328583,70.940346,25.39632,89.05302,0.5509402
0.04583333333333333,41.353928,-6.8018513,-2.930426,70.0,25.0,90.0,41.590366,-7.156722,-2.6475668,70.92265,25.377739,89.0689,0.51170874
0.05,41.353928,-6.8018513,-2.930426,70.0,25.0,90.0,41.58288,-7.144289,-2.637107,70.96152,25.379192,89.09152,0.5056856
0.05416666666666667,41.353928,-6.8018513,-2.930426,70.0,25.0,90.0,41.58288,-7.144292,-2.6371088,70.96152,25.379192,89.09152,0.50568646
0.058333333333333334,41.353928,-6.8018513,-2.930426,70.0,25.0,90.0,41.582882,-7.144293,-2.637107,70.96152,25.379192,89.09152,0.50569
0.0625,41.353928,-6.8018513,-2.930426,70.0,25.0,90.0,41.58288,-7.144293,-2.6371078,70.96152,25.379196,89.09152,0.50568765
0.06666666666666667,41.353928,-6.8018513,-2.930426,70.0,25.0,90.0,41.58288,-7.14429,-2.6371088,70.96152,25.379196,89.09152,0.5056852
0.07083333333333333,41.353928,-6.8018513,-2.930426,70.0,25.0,90.0,41.58288,-7.1442947,-2.6371098,70.96152,25.379192,89.09152,0.50568783
0.075,41.353928,-6.8018513,-2.930426,70.0,25.0,90.0,41.58288,-7.144293,-2.6371088,70.96152,25.379189,89.09152,0.5056871
0.07916666666666666,41.353928,-6.8018513,-2.930426,70.0,25.0,90.0,41.58288,-7.1442947,-2.6371078,70.96152,25.379192,89.091515,0.50568897
0.08333333333333333,41.353928,-6.8018513,-2.930426,70.0,25.0,90.0,41.58288,-7.1442976,-2.6371088,70.96152,25.379192,89.091515,0.50569034
0.0875,41.353928,-6.8018513,-2.930426,70.0,25.0,90.0,41.58288,-7.1442947,-2.6371088,70.96152,25.379192,89.091515,0.5056884
0.09166666666666666,41.353928,-6.8018513,-2.930426,70.0,25.0,90.0,41.582882,-7.144292,-2.6371078,70.96152,25.379192,89.091515,0.5056888
0.09583333333333334,41.353928,-6.8018513,-2.930426,70.0,25.0,90.0,41.58288,-7.144293,-2.6371117,70.96152,25.379196,89.091515,0.50568545
0.1,41.353928,-6.8018513,-2.930426,70.0,25.0,90.0,41.582882,-7.144293,-2.6371107,70.96152,25.379192,89.09151,0.5056877
0.10416666666666667,41.353928,-6.8018513,-2.930426,70.0,25.0,90.0,41.58288,-7.1442957,-2.6371117,70.96152,25.379196,89.091515,0.5056874
0.10833333333333334,41.353928,-6.8018513,-2.930426,70.0,25.0,90.0,41.58288,-7.1442957,-2.6371107,70.961525,25.379192,89.09151,0.50568795
0.1125,41.353928,-6.8018513,-2.930426,70.0,25.0,90.0,41.58288,-7.1442957,-2.6371088,70.96152,25.379196,89.09151,0.505689
0.11666666666666667,41.353928,-6.8018513,-2.930426,70.0,25.0,90.0,41.58288,-7.1442976,-2.6371107,70.96152,25.379196,89.091515,0.50568926
0.12083333333333333,41.353928,-6.8018513,-2.930426,70.0,25.0,90.0,41.582882,-7.1442957,-2.6371098,70.96152,25.379196,89.091515,0.5056902
0.125,41.353928,-6.8018513,-2.930426,70.0,25.0,90.0,41.582882,-7.1442947,-2.6371088,70.96152,25.379189,89.091515,0.50569016
0.12916666666666668,41.353928,-6.8018513,-2.930426,70.0,25.0,90.0,41.58288,-7.144293,-2.6371107,70.961525,25.379189,89.091515,0.50568604
0.13333333333333333,41.353928,-6.8018513,-2.930426,70.0,25.0,90.0,41.582882,-7.1442947,-2.6371107,70.96152,25.379189,89.091515,0.505689
0.1375,41.353928,-6.8018513,-2.930426,70.0,25.0,90.0,41.582882,-7.144293,-2.6371107,70.96152,25.379189,89.091515,0.5056877
0.14166666666666666,41.353928,-6.8018513,-2.930426,70.0,25.0,90.0,41.582882,-7.144293,-2.6371088,70.96152,25.379185,89.09152,0.50568885
0.14583333333333334,41.353928,-6.8018513,-2.930426,70.0,25.0,90.0,41.58288,-7.1442947,-2.6371098,70.96152,25.379189,89.091515,0.50568783
0.15,41.353928,-6.8018513,-2.930426,70.0,25.0,90.0,41.582882,-7.144292,-2.6371098,70.96152,25.379189,89.091515,0.50568765
0.15416666666666667,41.353928,-6.8018513,-2.930426,70.0,25.0,90.0,41.58288,-7.144293,-2.6371098,70.96152,25.379185,89.091515,0.5056866
0.15833333333333333,41.353928,-6.8018513,-2.930426,70.0,25.0,90.0,41.58288,-7.144293,-2.6371098,70.96152,25.379189,89.09152,0.5056866
0.1625,41.353928,-6.8018513,-2.930426,70.0,25.0,90.0,41.58288,-7.144293,-2.6371107,70.96152,25.379189,89.09152,0.50568604
0.16666666666666666,41.353928,-6.8018513,-2.930426,70.0,25.0,90.0,41.58288,-7.144293,-2.6371107,70.96152,25.379189,89.09152,0.50568604
0.17083333333333334,41.353928,-6.8018513,-2.930426,70.0,25.0,90.0,41.58288,-7.144293,-2.6371107,70.96152,25.379189,89.09152,0.50568604
0.175,41.353928,-6.8018513,-2.930426,70.0,25.0,90.0,41.58288,-7.144293,-2.6371107,70.96152,25.379189,89.09152,0.50568604
0.17916666666666667,41.353928,-6.8018513,-2.930426,70.0,25.0,90.0,41.58288,-7.144293,-2.6371107,70.96152,25.379189,89.09152,0.50568604
0.18333333333333332,41.353928,-6.8018513,-2.930426,70.0,25.0,90.0,41.58288,-7.144293,-2.6371107,70.96152,25.379189,89.09152,0.50568604
0.1875,41.353928,-6.8018513,-2.930426,70.0,25.0,90.0,41.58288,-7.144293,-2.6371107,70.96152,25.379189,89.09152,0.50568604
0.19166666666666668,41.353928,-6.8018513,-2.930426,70.0,25.0,90.0,41.58288,-7.144293,-2.6371107,70.96152,25.379189,89.09152,0.50568604
0.19583333333333333,41.353928,-6.8018513,-2.930426,70.0,25.0,90.0,41.58288,-7.144293,-2.6371107,70.96152,25.379189,89.09152,0.50568604
0.2,41.353928,-6.8018513,-2.930426,70.0,25.0,90.0,41.58288,-7.144293,-2.6371107,70.96152,25.379189,89.09152,0.50568604
0.20416666666666666,41.353928,-6.8018513,-2.930426,70.0,25.0,90.0,41.58288,-7.144293,-2.6371107,70.96152,25.379189,89.09152,0.50568604
0.20833333333333334,41.353928,-6.8018513,-2.930426,70.0,25.0,90.0,41.58288,-7.144293,-2.6371107,70.96152,25.379189,89.09152,0.50568604
0.2125,41.353928,-6.8018513,-2.930426,70.0,25.0,90.0,41.58288,-7.144293,-2.6371107,70.96152,25.379189,89.09152,0.50568604
0.21666666666666667,41.353928,-6.8018513,-2.930426,70.0,25.0,90.0,41.58288,-7.144293,-2.6371107,70.96152,25.379189,89.09152,0.50568604
0.22083333333333333,41.353928,-6.8018513,-2.930426,70.0,25.0,90.0,41.58288,-7.144293,-2.6371107,70.96152,25.379189,89.09152,0.50568604
0.225,41.353928,-6.8018513,-2.930426,70.0,25.0,90.0,41.58288,-7.144293,-2.6371107,70.96152,25.379189,89.09152,0.50568604
0.22916666666666666,41.353928,-6.8018513,-2.930426,70.0,25.0,90.0,41.58288,-7.144293,-2.6371107,70.96152,25.379189,89.09152,0.50568604
0.23333333333333334,41.353928,-6.8018513,-2.930426,70.0,25.0,90.0,41.58288,-7.144293,-2.6371107,70.96152,25.379189,89.09152,0.50568604
0.2375,41.353928,-6.8018513,-2.930426,70.0,25.0,90.0,41.58288,-7.144293,-2.6371107,70.96152,25.379189,89.09152,0.50568604
0.24166666666666667,41.353928,-6.8018513,-2.930426,70.0,25.0,90.0,41.58288,-7.144293,-2.6371107,70.96152,25.379189,89.09152,0.50568604
0.24583333333333332,41.353928,-6.8018513,-2.930426,70.0,25.0,90.0,41.58288,-7.144293,-2.6371107,70.96152,25.379189,89.09152,0.50568604
0.25,41.353928,-6.8018513,-2.930426,70.0,25.0,90.0,41.58288,-7.144293,-2.6371107,70.96152,25.379189,89.09152,0.50568604
0.25416666666666665,41.353928,-6.8018513,-2.930426,70.0,25.0,90.0,41.58288,-7.144293,-2.6371107,70.96152,25.379189,89.09152,0.50568604
0.25833333333333336,41.353928,-6.8018513,-2.930426,70.0,25.0,90.0,41.58288,-7.144293,-2.6371107,70.96152,25.379189,89.09152,0.50568604
0.2625,41.353928,-6.8018513,-2.930426,70.0,25.0,90.0,41.58288,-7.144293,-2.6371107,70.96152,25.379189,89.09152,0.50568604
0.26666666666666666,41.353928,-6.8018513,-2.930426,70.0,25.0,90.0,41.58288,-7.144293,-2.6371107,70.96152,25.379189,89.09152,0.50568604
0.2708333333333333,41.353928,-6.8018513,-2.930426,70.0,25.0,90.0,41.58288,-7.144293,-2.6371107,70.96152,25.379189,89.09152,0.50568604
0.275,41.353928,-6.8018513,-2.930426,70.0,25.0,90.0,41.58288,-7.144293,-2.6371107,70.96152,25.379189,89.09152,0.50568604
0.2791666666666667,41.353928,-6.8018513,-2.930426,70.0,25.0,90.0,41.58288,-7.144293,-2.6371107,70.96152,25.379189,89.09152,0.50568604
0.2833333333333333,41.353928,-6.8018513,-2.930426,70.0,25.0,90.0,41.58288,-7.144293,-2.6371107,70.96152,25.379189,89.09152,0.50568604
0.2875,41.353928,-6.8018513,-2.930426,70.0,25.0,90.0,41.58288,-7.144293,-2.6371107,70.96152,25.379189,89.09152,0.50568604
0.2916666666666667,41.353928,-6.8018513,-2.930426,70.0,25.0,90.0,41.58288,-7.144293,-2.6371107,70.96152,25.379189,89.09152,0.50568604
0.29583333333333334,41.353928,-6.8018513,-2.930426,70.0,25.0,90.0,41.58288,-7.144293,-2.6371107,70.96152,25.379189,89.09152,0.50568604
0.3,41.353928,-6.8018513,-2.930426,70.0,25.0,90.0,41.58288,-7.144293,-2.6371107,70.96152,25.379189,89.09152,0.50568604
0.30416666666666664,41.353928,-6.8018513,-2.930426,70.0,25.0,90.0,41.58288,-7.144293,-2.6371107,70.96152,25.379189,89.09152,0.50568604
0.30833333333333335,41.353928,-6.8018513,-2.930426,70.0,25.0,90.0,41.58288,-7.144293,-2.6371107,70.96152,25.379189,89.09152,0.50568604
0.3125,41.353928,-6.8018513,-2.930426,70.0,25.0,90.0,41.58288,-7.144293,-2.6371107,70.96152,25.379189,89.09152,0.50568604
0.31666666666666665,41.353928,-6.8018513,-2.930426,70.0,25.0,90.0,41.58288,-7.144293,-2.6371107,70.96152,25.379189,89.09152,0.50568604
0.32083333333333336,41.353928,-6.8018513,-2.930426,70.0,25.0,90.0,41.58288,-7.144292,-2.6371098,70.96152,25.379189,89.091515,0.5056859
0.325,41.353928,-6.8018513,-2.930426,70.0,25.0,90.0,41.582882,-7.144293,-2.6371107,70.96152,25.379189,89.09152,0.5056877
0.32916666666666666,41.353928,-6.8018513,-2.930426,70.0,25.0,90.0,41.582882,-7.144292,-2.6371107,70.96152,25.379185,89.09152,0.50568706
0.3333333333333333,41.353928,-6.8018513,-2.930426,70.0,25.0,90.0,41.582886,-7.144292,-2.6371078,70.96152,25.379185,89.09152,0.50569046
0.3375,41.353928,-6.8018513,-2.930426,70.0,25.0,90.0,41.582886,-7.144293,-2.6371098,70.96151,25.379189,89.09152,0.50569004
0.3416666666666667,41.353928,-6.8018513,-2.930426,70.0,25.0,90.0,41.582882,-7.144293,-2.6371117,70.96152,25.379189,89.09152,0.5056872
0.3458333333333333,41.353928,-6.8018513,-2.930426,70.0,25.0,90.0,41.582882,-7.144292,-2.6371088,70.96151,25.379192,89.09152,0.5056882
0.35,41.353928,-6.8018513,-2.930426,70.0,25.0,90.0,41.58288,-7.14429,-2.6371155,70.96151,25.379189,89.09152,0.5056813
0.3541666666666667,41.353928,-6.8018513,-2.930426,70.0,25.0,90.0,41.582882,-7.14429,-2.6371107,70.96151,25.379185,89.09152,0.5056858
0.35833333333333334,41.353928,-6.8018513,-2.930426,70.0,25.0,90.0,41.582882,-7.14429,-2.6371107,70.9615,25.379189,89.09152,0.5056858
0.3625,41.353928,-6.8018513,-2.930426,70.0,25.0,90.0,41.58288,-7.144293,-2.6371098,70.9615,25.379189,89.09152,0.5056866
0.36666666666666664,41.353928,-6.8018513,-2.930426,70.0,25.0,90.0,41.582882,-7.1442947,-2.6371107,70.96151,25.37918,89.09152,0.505689
0.37083333333333335,41.353928,-6.8018513,-2.930426,70.0,25.0,90.0,41.582882,-7.144293,-2.6371117,70.9615,25.379189,89.09153,0.5056872
0.375,41.353928,-6.8018513,-2.930426,70.0,25.0,90.0,41.58288,-7.14429,-2.6371107,70.9615,25.379185,89.09153,0.5056841
0.37916666666666665,41.353928,-6.8018513,-2.930426,70.0,25.0,90.0,41.582882,-7.144287,-2.6371098,70.96151,25.379189,89.09153,0.50568444
0.38333333333333336,41.353928,-6.8018513,-2.930426,70.0,25.0,90.0,41.582882,-7.144289,-2.637107,70.96151,25.379189,89.09153,0.50568736
0.3875,41.353928,-6.8018513,-2.930426,70.0,25.0,90.0,41.582874,-7.14429,-2.6371107,70.96151,25.379192,89.09153,0.50568235
0.39166666666666666,41.353928,-6.8018513,-2.930426,70.0,25.0,90.0,41.58288,-7.144289,-2.6371126,70.96151,25.379192,89.09152,0.5056823
0.3958333333333333,41.353928,-6.8018513,-2.930426,70.0,25.0,90.0,41.58288,-7.144289,-2.6371078,70.96151,25.379192,89.09152,0.5056851
0.4,41.353928,-6.8018513,-2.930426,70.0,25.0,90.0,41.58288,-7.144289,-2.637107,70.96151,25.379192,89.09153,0.5056856
0.4041666666666667,41.353928,-6.8018513,-2.930426,70.0,25.0,90.0,41.58288,-7.144289,-2.6371078,70.96151,25.379192,89.09152,0.5056851
0.4083333333333333,41.353928,-6.8018513,-2.930426,70.0,25.0,90.0,41.58288,-7.14429,-2.6371078,70.96151,25.379196,89.09152,0.50568575
0.4125,41.353928,-6.8018513,-2.930426,70.0,25.0,90.0,41.58288,-7.144289,-2.6371098,70.96152,25.379192,89.09152,0.50568396
0.4166666666666667,41.353928,-6.8018513,-2.930426,70.0,25.0,90.0,41.58288,-7.14429,-2.6371078,70.96151,25.379192,89.09153,0.50568575
0.42083333333333334,41.353928,-6.8018513,-2.930426,70.0,25.0,90.0,41.582882,-7.14429,-2.6371088,70.96151,25.379192,89.09152,0.5056869
0.425,41.353928,-6.8018513,-2.930426,70.0,25.0,90.0,41.58288,-7.144293,-2.6371088,70.96151,25.379192,89.09153,0.5056871
0.42916666666666664,41.353928,-6.8018513,-2.930426,70.0,25.0,90.0,41.58288,-7.144292,-2.6371098,70.96151,25.379192,89.09152,0.5056859
0.43333333333333335,41.353928,-6.8018513,-2.930426,70.0,25.0,90.0,41.58288,-7.144292,-2.6371098,70.96152,25.379192,89.09152,0.5056859
0.4375,41.353928,-6.8018513,-2.930426,70.0,25.0,90.0,41.58288,-7.144292,-2.6371117,70.96151,25.379192,89.09152,0.5056848
0.44166666666666665,41.353928,-6.8018513,-2.930426,70.0,25.0,90.0,41.58288,-7.144293,-2.6371088,70.96151,25.379192,89.09152,0.5056871
0.44583333333333336,41.353928,-6.8018513,-2.930426,70.0,25.0,90.0,41.58288,-7.144292,-2.6371088,70.96151,25.379192,89.09153,0.50568646
0.45,41.353928,-6.8018513,-2.930426,70.0,25.0,90.0,41.58288,-7.14429,-2.6371078,70.96151,25.379192,89.09152,0.50568575
0.45416666666666666,41.353928,-6.8018513,-2.930426,70.0,25.0,90.0,41.58288,-7.14429,-2.6371107,70.96151,25.379196,89.09152,0.5056841
0.4583333333333333,41.353928,-6.8018513,-2.930426,70.0,25.0,90.0,41.58288,-7.144292,-2.637107,70.96152,25.379196,89.09152,0.5056876
0.4625,41.353928,-6.8018513,-2.930426,70.0,25.0,90.0,41.58288,-7.14429,-2.6371088,70.96151,25.379192,89.09152,0.5056852
0.4666666666666667,41.353928,-6.8018513,-2.930426,70.0,25.0,90.0,41.58288,-7.14429,-2.6371078,70.96152,25.379192,89.09152,0.50568575
0.4708333333333333,41.353928,-6.8018513,-2.930426,70.0,25.0,90.0,41.58288,-7.144292,-2.6371078,70.96152,25.379192,89.09152,0.505687
0.475,41.353928,-6.8018513,-2.930426,70.0,25.0,90.0,41.58288,-7.144292,-2.6371078,70.96152,25.3792,89.091515,0.505687
0.4791666666666667,41.353928,-6.8018513,-2.930426,70.0,25.0,90.0,41.58288,-7.144292,-2.6371098,70.96152,25.379192,89.091515,0.5056859
0.48333333333333334,41.353928,-6.8018513,-2.930426,70.0,25.0,90.0,41.582882,-7.144293,-2.6371107,70.96152,25.379192,89.091515,0.5056877
0.4875,41.353928,-6.8018513,-2.930426,70.0,25.0,90.0,41.582882,-7.144292,-2.6371088,70.96152,25.379192,89.091515,0.5056882
0.49166666666666664,41.353928,-6.8018513,-2.930426,70.0,25.0,90.0,41.582882,-7.144293,-2.6371117,70.96152,25.379192,89.091515,0.5056872
0.49583333333333335,41.353928,-6.8018513,-2.930426,70.0,25.0,90.0,41.582882,-7.14429,-2.6371117,70.96152,25.379192,89.09151,0.50568527
0.5,41.353928,-6.8018513,-2.930426,70.0,25.0,90.0,41.58288,-7.1442947,-2.6371136,70.96152,25.3792,89.091515,0.5056856
0.5041666666666667,41.353928,-6.8018513,-2.930426,70.0,25.0,90.0,41.58288,-7.1442957,-2.6371117,70.961525,25.379192,89.091515,0.5056874
0.5083333333333333,41.353928,-6.8018513,-2.930426,70.0,25.0,90.0,41.582882,-7.1442947,-2.6371107,70.961525,25.379196,89.091515,0.505689
0.5125,41.353928,-6.8018513,-2.930426,70.0,25.0,90.0,41.58288,-7.1442947,-2.6371126,70.96152,25.379192,89.091515,0.5056862
0.5166666666666667,41.353928,-6.8018513,-2.930426,70.0,25.0,90.0,41.582882,-7.1442947,-2.6371107,70.961525,25.379192,89.091515,0.505689
0.5208333333333334,41.353928,-6.8018513,-2.930426,70.0,25.0,90.0,41.582882,-7.1442947,-2.6371078,70.96152,25.379185,89.091515,0.5056907
0.525,41.353928,-6.8018513,-2.930426,70.0,25.0,90.0,41.582882,-7.1442947,-2.6371088,70.96152,25.379189,89.091515,0.50569016
0.5291666666666667,41.353928,-6.8018513,-2.930426,70.0,25.0,90.0,41.582886,-7.144293,-2.6371117,70.96152,25.379185,89.091515,0.5056889
0.5333333333333333,41.353928,-6.8018513,-2.930426,70.0,25.0,90.0,41.582886,-7.144293,-2.6371098,70.96152,25.379189,89.091515,0.50569004
0.5375,41.353928,-6.8018513,-2.930426,70.0,25.0,90.0,41.58288,-7.144293,-2.6371098,70.96152,25.379189,89.091515,0.5056866
0.5416666666666666,41.353928,-6.8018513,-2.930426,70.0,25.0,90.0,41.582882,-7.1442947,-2.6371107,70.96152,25.379185,89.091515,0.505689
0.5458333333333333,41.353928,-6.8018513,-2.930426,70.0,25.0,90.0,41.582882,-7.144293,-2.6371098,70.96152,25.379189,89.091515,0.5056883
0.55,41.353928,-6.8018513,-2.930426,70.0,25.0,90.0,41.582882,-7.1442947,-2.6371117,70.96152,25.379185,89.091515,0.5056885
0.5541666666666667,41.353928,-6.8018513,-2.930426,70.0,25.0,90.0,41.582882,-7.144293,-2.6371117,70.96152,25.379189,89.09152,0.5056872
0.5583333333333333,41.353928,-6.8018513,-2.930426,70.0,25.0,90.0,41.582882,-7.1442947,-2.6371117,70.96152,25.379189,89.09152,0.5056885
0.5625,41.353928,-6.8018513,-2.930426,70.0,25.0,90.0,41.582882,-7.1442947,-2.6371117,70.96152,25.379189,89.09152,0.5056885
0.5666666666666667,41.353928,-6.8018513,-2.930426,70.0,25.0,90.0,41.582882,-7.1442947,-2.6371117,70.96152,25.379189,89.09152,0.5056885
0.5708333333333333,41.353928,-6.8018513,-2.930426,70.0,25.0,90.0,41.582882,-7.1442947,-2.6371117,70.96152,25.379189,89.09152,0.5056885
0.575,41.353928,-6.8018513,-2.930426,70.0,25.0,90.0,41.582882,-7.1442947,-2.6371117,70.96152,25.379189,89.09152,0.5056885
0.5791666666666667,41.353928,-6.8018513,-2.930426,70.0,25.0,90.0,41.582882,-7.1442947,-2.6371117,70.96152,25.379189,89.09152,0.5056885
0.5833333333333334,41.353928,-6.8018513,-2.930426,70.0,25.0,90.0,41.582882,-7.1442947,-2.6371117,70.96152,25.379189,89.09152,0.5056885
0.5875,41.353928,-6.8018513,-2.930426,70.0,25.0,90.0,41.582882,-7.1442947,-2.6371117,70.96152,25.379189,89.09152,0.5056885
0.5916666666666667,41.353928,-6.8018513,-2.930426,70.0,25.0,90.0,41.582882,-7.1442947,-2.6371117,70.96152,25.379189,89.09152,0.5056885
0.5958333333333333,41.353928,-6.8018513,-2.930426,70.0,25.0,90.0,41.582882,-7.1442947,-2.6371117,70.96152,25.379189,89.09152,0.5056885
0.6,41.353928,-6.8018513,-2.930426,70.0,25.0,90.0,41.582882,-7.1442947,-2.6371117,70.96152,25.379189,89.09152,0.5056885
0.6041666666666666,41.353928,-6.8018513,-2.930426,70.0,25.0,90.0,41.582882,-7.1442947,-2.6371117,70.96152,25.379189,89.09152,0.5056885
0.6083333333333333,41.353928,-6.8018513,-2.930426,70.0,25.0,90.0,41.582882,-7.1442947,-2.6371117,70.96152,25.379189,89.09152,0.5056885
0.6125,41.353928,-6.8018513,-2.930426,70.0,25.0,90.0,41.582882,-7.1442947,-2.6371117,70.96152,25.379189,89.09152,0.5056885
0.6166666666666667,41.353928,-6.8018513,-2.930426,70.0,25.0,90.0,41.582882,-7.1442947,-2.6371117,70.96152,25.379189,89.09152,0.5056885
0.6208333333333333,41.353928,-6.8018513,-2.930426,70.0,25.0,90.0,41.582882,-7.1442947,-2.6371117,70.96152,25.379189,89.09152,0.5056885
0.625,41.353928,-6.8018513,-2.930426,70.0,25.0,90.0,41.582882,-7.1442947,-2.6371117,70.96152,25.379189,89.09152,0.5056885
0.6291666666666667,41.353928,-6.8018513,-2.930426,70.0,25.0,90.0,41.582882,-7.1442947,-2.6371117,70.96152,25.379189,89.09152,0.5056885
0.6333333333333333,41.353928,-6.8018513,-2.930426,70.0,25.0,90.0,41.582882,-7.1442947,-2.6371117,70.96152,25.379189,89.09152,0.5056885
0.6375,41.353928,-6.8018513,-2.930426,70.0,25.0,90.0,41.582882,-7.1442947,-2.6371117,70.96152,25.379189,89.09152,0.5056885
0.6416666666666667,41.353928,-6.8018513,-2.930426,70.0,25.0,90.0,41.582882,-7.1442947,-2.6371117,70.96152,25.379189,89.09152,0.5056885
0.6458333333333334,41.353928,-6.8018513,-2.930426,70.0,25.0,90.0,41.582882,-7.1442947,-2.6371117,70.96152,25.379189,89.09152,0.5056885
0.65,41.353928,-6.8018513,-2.930426,70.0,25.0,90.0,41.582882,-7.1442947,-2.6371117,70.96152,25.379189,89.09152,0.5056885
0.6541666666666667,41.353928,-6.8018513,-2.930426,70.0,25.0,90.0,41.582882,-7.1442947,-2.6371117,70.96152,25.379189,89.09152,0.5056885
0.6583333333333333,41.353928,-6.8018513,-2.930426,70.0,25.0,90.0,41.582882,-7.1442947,-2.6371117,70.96152,25.379189,89.09152,0.5056885
0.6625,41.353928,-6.8018513,-2.930426,70.0,25.0,90.0,41.582882,-7.1442947,-2.6371117,70.96152,25.379189,89.09152,0.5056885
0.6666666666666666,41.353928,-6.8018513,-2.930426,70.0,25.0,90.0,41.582882,-7.1442947,-2.6371117,70.96152,25.379189,89.09152,0.5056885
0.6708333333333333,41.353928,-6.8018513,-2.930426,70.0,25.0,90.0,41.582882,-7.1442947,-2.6371117,70.96152,25.379189,89.09152,0.5056885
0.675,41.353928,-6.8018513,-2.930426,70.0,25.0,90.0,41.582882,-7.1442947,-2.6371117,70.96152,25.379189,89.09152,0.5056885
0.6791666666666667,41.353928,-6.8018513,-2.930426,70.0,25.0,90.0,41.582882,-7.1442947,-2.6371117,70.96152,25.379189,89.09152,0.5056885
0.6833333333333333,41.353928,-6.8018513,-2.930426,70.0,25.0,90.0,41.582882,-7.1442947,-2.6371117,70.96152,25.379189,89.09152,0.5056885
0.6875,41.353928,-6.8018513,-2.930426,70.0,25.0,90.0,41.582882,-7.1442947,-2.6371117,70.96152,25.379189,89.09152,0.5056885
0.6916666666666667,41.353928,-6.8018513,-2.930426,70.0,25.0,90.0,41.582882,-7.1442947,-2.6371117,70.96152,25.379189,89.09152,0.5056885
0.6958333333333333,41.353928,-6.8018513,-2.930426,70.0,25.0,90.0,41.582882,-7.1442947,-2.6371117,70.96152,25.379189,89.09152,0.5056885
0.7,41.353928,-6.8018513,-2.930426,70.0,25.0,90.0,41.582882,-7.1442947,-2.6371117,70.96152,25.379189,89.09152,0.5056885
0.7041666666666667,41.353928,-6.8018513,-2.930426,70.0,25.0,90.0,41.582882,-7.1442947,-2.6371117,70.96152,25.379189,89.09152,0.5056885
0.7083333333333334,41.353928,-6.8018513,-2.930426,70.0,25.0,90.0,41.582882,-7.1442947,-2.6371117,70.96152,25.379189,89.09152,0.5056885
0.7125,41.353928,-6.8018513,-2.930426,70.0,25.0,90.0,41.582882,-7.144293,-2.6371117,70.96152,25.379189,89.09152,0.5056872
0.7166666666666667,41.353928,-6.8018513,-2.930426,70.0,25.0,90.0,41.582882,-7.1442947,-2.6371117,70.96152,25.379185,89.091515,0.5056885
0.7208333333333333,41.353928,-6.8018513,-2.930426,70.0,25.0,90.0,41.582882,-7.144293,-2.6371098,70.96152,25.379189,89.09152,0.5056883
0.725,41.353928,-6.8018513,-2.930426,70.0,25.0,90.0,41.582882,-7.144293,-2.6371098,70.96152,25.379189,89.09152,0.5056883
0.7291666666666666,41.353928,-6.8018513,-2.930426,70.0,25.0,90.0,41.582882,-7.144292,-2.6371098,70.96151,25.379189,89.09152,0.50568765
0.7333333333333333,41.353928,-6.8018513,-2.930426,70.0,25.0,90.0,41.582882,-7.144293,-2.6371107,70.96152,25.379192,89.09152,0.5056877
0.7375,41.353928,-6.8018513,-2.930426,70.0,25.0,90.0,41.582886,-7.1442947,-2.6371098,70.96151,25.379189,89.09152,0.50569135
0.7416666666666667,41.353928,-6.8018513,-2.930426,70.0,25.0,90.0,41.582882,-7.144292,-2.6371098,70.96151,25.379185,89.09152,0.50568765
0.7458333333333333,41.353928,-6.8018513,-2.930426,70.0,25.0,90.0,41.58288,-7.144292,-2.6371126,70.96151,25.379185,89.09152,0.50568426
0.75,41.353928,-6.8018513,-2.930426,70.0,25.0,90.0,41.582882,-7.14429,-2.6371107,70.96151,25.37918,89.09152,0.5056858
0.7541666666666667,41.353928,-6.8018513,-2.930426,70.0,25.0,90.0,41.582886,-7.144292,-2.6371107,70.9615,25.379189,89.09153,0.50568885
0.7583333333333333,41.353928,-6.8018513,-2.930426,70.0,25.0,90.0,41.58288,-7.144292,-2.637105,70.9615,25.379192,89.09153,0.50568867
0.7625,41.353928,-6.8018513,-2.930426,70.0,25.0,90.0,41.582886,-7.1442947,-2.6371117,70.9615,25.379185,89.09153,0.5056902
0.7666666666666667,41.353928,-6.8018513,-2.930426,70.0,25.0,90.0,41.582882,-7.144293,-2.6371088,70.96151,25.379185,89.09153,0.50568885
0.7708333333333334,41.353928,-6.8018513,-2.930426,70.0,25.0,90.0,41.58288,-7.144292,-2.6371117,70.96151,25.379189,89.09153,0.5056848
0.775,41.353928,-6.8018513,-2.930426,70.0,25.0,90.0,41.582882,-7.14429,-2.6371088,70.96152,25.379192,89.09153,0.5056869
0.7791666666666667,41.353928,-6.8018513,-2.930426,70.0,25.0,90.0,41.58288,-7.144292,-2.6371088,70.96151,25.379189,89.09153,0.50568646
0.7833333333333333,41.353928,-6.8018513,-2.930426,70.0,25.0,90.0,41.58288,-7.144289,-2.6371107,70.96151,25.379192,89.09153,0.5056834
0.7875,41.353928,-6.8018513,-2.930426,70.0,25.0,90.0,41.58288,-7.144289,-2.6371088,70.96151,25.379192,89.09152,0.50568455
0.7916666666666666,41.353928,-6.8018513,-2.930426,70.0,25.0,90.0,41.58288,-7.144287,-2.6371098,70.96151,25.379192,89.09152,0.5056827
0.7958333333333333,41.353928,-6.8018513,-2.930426,70.0,25.0,90.0,41.58288,-7.144292,-2.6371088,70.96151,25.379192,89.09153,0.50568646
0.8,41.353928,-6.8018513,-2.930426,70.0,25.0,90.0,41.58288,-7.144287,-2.6371107,70.96151,25.379192,89.09152,0.5056821
0.8041666666666667,41.353928,-6.8018513,-2.930426,70.0,25.0,90.0,41.58288,-7.144287,-2.6371088,70.96151,25.379192,89.09152,0.50568324
0.8083333333333333,41.353928,-6.8018513,-2.930426,70.0,25.0,90.0,41.58288,-7.144287,-2.6371098,70.96151,25.379192,89.09153,0.5056827
0.8125,41.353928,-6.8018513,-2.930426,70.0,25.0,90.0,41.58288,-7.14429,-2.6371107,70.96151,25.379192,89.09153,0.5056841
0.8166666666666667,41.353928,-6.8018513,-2.930426,70.0,25.0,90.0,41.58288,-7.144292,-2.6371098,70.96151,25.379192,89.09152,0.5056859
0.8208333333333333,41.353928,-6.8018513,-2.930426,70.0,25.0,90.0,41.58288,-7.144292,-2.6371107,70.96151,25.379192,89.09152,0.5056854
0.825,41.353928,-6.8018513,-2.930426,70.0,25.0,90.0,41.58288,-7.144292,-2.6371107,70.96151,25.379192,89.09152,0.5056854
0.8291666666666667,41.353928,-6.8018513,-2.930426,70.0,25.0,90.0,41.58288,-7.144292,-2.6371107,70.96151,25.379192,89.09152,0.5056854
0.8333333333333334,41.353928,-6.8018513,-2.930426,70.0,25.0,90.0,41.58288,-7.144292,-2.6371107,70.96151,25.379192,89.09152,0.5056854
0.8375,41.353928,-6.8018513,-2.930426,70.0,25.0,90.0,41.58288,-7.144292,-2.6371107,70.96151,25.379192,89.09152,0.5056854
0.8416666666666667,41.353928,-6.8018513,-2.930426,70.0,25.0,90.0,41.58288,-7.144292,-2.6371098,70.96151,25.379192,89.09152,0.5056859
0.8458333333333333,41.353928,-6.8018513,-2.930426,70.0,25.0,90.0,41.58288,-7.14429,-2.6371088,70.96151,25.379189,89.09152,0.5056852
0.85,41.353928,-6.8018513,-2.930426,70.0,25.0,90.0,41.58288,-7.144292,-2.6371088,70.96151,25.379192,89.09152,0.50568646
0.8541666666666666,41.353928,-6.8018513,-2.930426,70.0,25.0,90.0,41.58288,-7.144292,-2.6371107,70.96151,25.379196,89.09152,0.5056854
0.8583333333333333,41.353928,-6.8018513,-2.930426,70.0,25.0,90.0,41.58288,-7.14429,-2.6371088,70.96152,25.379192,89.09152,0.5056852
0.8625,41.353928,-6.8018513,-2.930426,70.0,25.0,90.0,41.58288,-7.14429,-2.6371088,70.96151,25.379189,89.09152,0.5056852
0.8666666666666667,41.353928,-6.8018513,-2.930426,70.0,25.0,90.0,41.58288,-7.144292,-2.6371088,70.96151,25.379192,89.09152,0.50568646
0.8708333333333333,41.353928,-6.8018513,-2.930426,70.0,25.0,90.0,41.582882,-7.144292,-2.637107,70.96152,25.3792,89.091515,0.5056893
0.875,41.353928,-6.8018513,-2.930426,70.0,25.0,90.0,41.58288,-7.144292,-2.6371098,70.96152,25.379192,89.091515,0.5056859
0.8791666666666667,41.353928,-6.8018513,-2.930426,70.0,25.0,90.0,41.582882,-7.144293,-2.6371098,70.96152,25.379192,89.091515,0.5056883
0.8833333333333333,41.353928,-6.8018513,-2.930426,70.0,25.0,90.0,41.582882,-7.144292,-2.6371088,70.96152,25.379192,89.091515,0.5056882
0.8875,41.353928,-6.8018513,-2.930426,70.0,25.0,90.0,41.582882,-7.144293,-2.6371117,70.96152,25.379192,89.091515,0.5056872
0.8916666666666667,41.353928,-6.8018513,-2.930426,70.0,25.0,90.0,41.582882,-7.14429,-2.6371117,70.96152,25.379192,89.09151,0.50568527
0.8958333333333334,41.353928,-6.8018513,-2.930426,70.0,25.0,90.0,41.58288,-7.1442947,-2.6371136,70.96152,25.3792,89.091515,0.5056856
0.9,41.353928,-6.8018513,-2.930426,70.0,25.0,90.0,41.58288,-7.1442957,-2.6371117,70.961525,25.379192,89.091515,0.5056874
0.9041666666666667,41.353928,-6.8018513,-2.930426,70.0,25.0,90.0,41.582882,-7.1442947,-2.6371107,70.961525,25.379196,89.091515,0.505689
0.9083333333333333,41.353928,-6.8018513,-2.930426,70.0,25.0,90.0,41.58288,-7.1442947,-2.6371126,70.96152,25.379192,89.091515,0.5056862
0.9125,41.353928,-6.8018513,-2.930426,70.0,25.0,90.0,41.582882,-7.1442947,-2.6371107,70.961525,25.379192,89.091515,0.505689
0.9166666666666666,41.353928,-6.8018513,-2.930426,70.0,25.0,90.0,41.582882,-7.1442947,-2.6371078,70.96152,25.379185,89.091515,0.5056907
0.9208333333333333,41.353928,-6.8018513,-2.930426,70.0,25.0,90.0,41.582882,-7.1442947,-2.6371088,70.96152,25.379189,89.091515,0.50569016
0.925,41.353928,-6.8018513,-2.930426,70.0,25.0,90.0,41.582886,-7.144293,-2.6371117,70.96152,25.379185,89.091515,0.5056889
0.9291666666666667,41.353928,-6.8018513,-2.930426,70.0,25.0,90.0,41.582886,-7.144293,-2.6371098,70.96152,25.379189,89.091515,0.50569004
0.9333333333333333,41.353928,-6.8018513,-2.930426,70.0,25.0,90.0,41.58288,-7.144293,-2.6371098,70.96152,25.379189,89.091515,0.5056866
0.9375,41.353928,-6.8018513,-2.930426,70.0,25.0,90.0,41.582882,-7.1442947,-2.6371107,70.96152,25.379185,89.091515,0.505689
0.9416666666666667,41.353928,-6.8018513,-2.930426,70.0,25.0,90.0,41.582882,-7.144293,-2.6371098,70.96152,25.379189,89.091515,0.5056883
0.9458333333333333,41.353928,-6.8018513,-2.930426,70.0,25.0,90.0,41.582882,-7.1442947,-2.6371117,70.96152,25.379185,89.091515,0.5056885
0.95,41.353928,-6.8018513,-2.930426,70.0,25.0,90.0,41.582882,-7.144293,-2.6371117,70.96152,25.379189,89.09152,0.5056872
0.9541666666666667,41.353928,-6.8018513,-2.930426,70.0,25.0,90.0,41.582882,-7.1442947,-2.6371117,70.96152,25.379189,89.09152,0.5056885
0.9583333333333334,41.353928,-6.8018513,-2.930426,70.0,25.0,90.0,41.582882,-7.1442947,-2.6371117,70.96152,25.379189,89.09152,0.5056885
0.9625,41.353928,-6.8018513,-2.930426,70.0,25.0,90.0,41.582882,-7.1442947,-2.6371117,70.96152,25.379189,89.09152,0.5056885
0.9666666666666667,41.353928,-6.8018513,-2.930426,70.0,25.0,90.0,41.582882,-7.1442947,-2.6371117,70.96152,25.379189,89.09152,0.5056885
0.9708333333333333,41.353928,-6.8018513,-2.930426,70.0,25.0,90.0,41.582882,-7.1442947,-2.6371117,70.96152,25.379189,89.09152,0.5056885
0.975,41.353928,-6.8018513,-2.930426,70.0,25.0,90.0,41.582882,-7.1442947,-2.6371117,70.96152,25.379189,89.09152,0.5056885
0.9791666666666666,41.353928,-6.8018513,-2.930426,70.0,25.0,90.0,41.582882,-7.1442947,-2.6371117,70.96152,25.379189,89.09152,0.5056885
0.9833333333333333,41.353928,-6.8018513,-2.930426,70.0,25.0,90.0,41.582882,-7.1442947,-2.6371117,70.96152,25.379189,89.09152,0.5056885
0.9875,41.353928,-6.8018513,-2.930426,70.0,25.0,90.0,41.582882,-7.1442947,-2.6371117,70.96152,25.379189,89.09152,0.5056885
0.9916666666666667,41.353928,-6.8018513,-2.930426,70.0,25.0,90.0,41.582882,-7.1442947,-2.6371117,70.96152,25.379189,89.09152,0.5056885
0.9958333333333333,41.353928,-6.8018513,-2.930426,70.0,25.0,90.0,41.582882,-7.1442947,-2.6371117,70.96152,25.379189,89.09152,0.5056885
1.0,41.353928,-6.8018513,-2.930426,70.0,25.0,90.0,41.582882,-7.1442947,-2.6371117,70.96152,25.379189,89.09152,0.5056885
1.0041666666666667,41.353928,-6.8018513,-2.930426,70.0,25.0,90.0,41.582882,-7.1442947,-2.6371117,70.96152,25.379189,89.09152,0.5056885
1.0083333333333333,41.353928,-6.8018513,-2.930426,70.0,25.0,90.0,41.582882,-7.1442947,-2.6371117,70.96152,25.379189,89.09152,0.5056885
1.0125,41.353928,-6.8018513,-2.930426,70.0,25.0,90.0,41.582882,-7.1442947,-2.6371117,70.96152,25.379189,89.09152,0.5056885
1.0166666666666666,41.353928,-6.8018513,-2.930426,70.0,25.0,90.0,41.582882,-7.1442947,-2.6371117,70.96152,25.379189,89.09152,0.5056885
1.0208333333333333,41.353928,-6.8018513,-2.930426,70.0,25.0,90.0,41.582882,-7.1442947,-2.6371117,70.96152,25.379189,89.09152,0.5056885
1.025,41.353928,-6.8018513,-2.930426,70.0,25.0,90.0,41.582882,-7.1442947,-2.6371117,70.96152,25.379189,89.09152,0.5056885
1.0291666666666666,41.353928,-6.8018513,-2.930426,70.0,25.0,90.0,41.582882,-7.1442947,-2.6371117,70.96152,25.379189,89.09152,0.5056885
1.0333333333333334,41.353928,-6.8018513,-2.930426,70.0,25.0,90.0,41.582882,-7.1442947,-2.6371117,70.96152,25.379189,89.09152,0.5056885
1.0375,41.353928,-6.8018513,-2.930426,70.0,25.0,90.0,41.582882,-7.1442947,-2.6371117,70.96152,25.379189,89.09152,0.5056885
1.0416666666666667,41.353928,-6.8018513,-2.930426,70.0,25.0,90.0,41.582882,-7.1442947,-2.6371117,70.96152,25.379189,89.09152,0.5056885
1.0458333333333334,41.353928,-6.8018513,-2.930426,70.0,25.0,90.0,41.582882,-7.1442947,-2.6371117,70.96152,25.379189,89.09152,0.5056885
1.05,41.353928,-6.8018513,-2.930426,70.0,25.0,90.0,41.582882,-7.1442947,-2.6371117,70.96152,25.379189,89.09152,0.5056885
1.0541666666666667,41.353928,-6.8018513,-2.930426,70.0,25.0,90.0,41.582882,-7.1442947,-2.6371117,70.96152,25.379189,89.09152,0.5056885
1.0583333333333333,41.353928,-6.8018513,-2.930426,70.0,25.0,90.0,41.582882,-7.1442947,-2.6371117,70.96152,25.379189,89.09152,0.5056885
1.0625,41.353928,-6.8018513,-2.930426,70.0,25.0,90.0,41.582882,-7.1442947,-2.6371117,70.96152,25.379189,89.09152,0.5056885
1.0666666666666667,41.353928,-6.8018513,-2.930426,70.0,25.0,90.0,41.582882,-7.1442947,-2.6371117,70.96152,25.379189,89.09152,0.5056885
1.0708333333333333,41.353928,-6.8018513,-2.930426,70.0,25.0,90.0,41.582882,-7.1442947,-2.6371117,70.96152,25.379189,89.09152,0.5056885
1.075,41.353928,-6.8018513,-2.930426,70.0,25.0,90.0,41.582882,-7.1442947,-2.6371117,70.96152,25.379189,89.09152,0.5056885
1.0791666666666666,41.353928,-6.8018513,-2.930426,70.0,25.0,90.0,41.582882,-7.1442947,-2.6371117,70.96152,25.379189,89.09152,0.5056885
1.0833333333333333,41.353928,-6.8018513,-2.930426,70.0,25.0,90.0,41.582882,-7.1442947,-2.6371117,70.96152,25.379189,89.09152,0.5056885
1.0875,41.353928,-6.8018513,-2.930426,70.0,25.0,90.0,41.582882,-7.1442947,-2.6371117,70.96152,25.379189,89.09152,0.5056885
1.0916666666666666,41.353928,-6.8018513,-2.930426,70.0,25.0,90.0,41.582882,-7.1442947,-2.6371117,70.96152,25.379189,89.09152,0.5056885
1.0958333333333334,41.353928,-6.8018513,-2.930426,70.0,25.0,90.0,41.582882,-7.1442947,-2.6371117,70.96152,25.379189,89.09152,0.5056885
1.1,41.353928,-6.8018513,-2.930426,70.0,25.0,90.0,41.582882,-7.1442947,-2.6371117,70.96152,25.379189,89.09152,0.5056885
1.1041666666666667,41.353928,-6.8018513,-2.930426,70.0,25.0,90.0,41.582882,-7.144293,-2.6371117,70.96152,25.379189,89.09152,0.5056872
1.1083333333333334,41.353928,-6.8018513,-2.930426,70.0,25.0,90.0,41.582882,-7.1442947,-2.6371117,70.96152,25.379185,89.091515,0.5056885
1.1125,41.353928,-6.8018513,-2.930426,70.0,25.0,90.0,41.582882,-7.144293,-2.6371098,70.96152,25.379189,89.09152,0.5056883
1.1166666666666667,41.353928,-6.8018513,-2.930426,70.0,25.0,90.0,41.582882,-7.144293,-2.6371098,70.96152,25.379189,89.09152,0.5056883
1.1208333333333333,41.353928,-6.8018513,-2.930426,70.0,25.0,90.0,41.582882,-7.144292,-2.6371098,70.96151,25.379189,89.09152,0.50568765
1.125,41.353928,-6.8018513,-2.930426,70.0,25.0,90.0,41.582882,-7.144293,-2.6371107,70.96152,25.379192,89.09152,0.5056877
1.1291666666666667,41.353928,-6.8018513,-2.930426,70.0,25.0,90.0,41.582886,-7.1442947,-2.6371098,70.96151,25.379189,89.09152,0.50569135
1.1333333333333333,41.353928,-6.8018513,-2.930426,70.0,25.0,90.0,41.582882,-7.144292,-2.6371098,70.96151,25.379185,89.09152,0.50568765
1.1375,41.353928,-6.8018513,-2.930426,70.0,25.0,90.0,41.58288,-7.144292,-2.6371126,70.96151,25.379185,89.09152,0.50568426
1.1416666666666666,41.353928,-6.8018513,-2.930426,70.0,25.0,90.0,41.582882,-7.14429,-2.6371107,70.96151,25.37918,89.09152,0.5056858
1.1458333333333333,41.353928,-6.8018513,-2.930426,70.0,25.0,90.0,41.582886,-7.144292,-2.6371107,70.9615,25.379189,89.09153,0.50568885
1.15,41.353928,-6.8018513,-2.930426,70.0,25.0,90.0,41.58288,-7.144292,-2.637105,70.9615,25.379192,89.09153,0.50568867
1.1541666666666666,41.353928,-6.8018513,-2.930426,70.0,25.0,90.0,41.582886,-7.1442947,-2.6371117,70.9615,25.379185,89.09153,0.5056902
1.1583333333333334,41.353928,-6.8018513,-2.930426,70.0,25.0,90.0,41.582882,-7.144293,-2.6371088,70.96151,25.379185,89.09153,0.50568885
1.1625,41.353928,-6.8018513,-2.930426,70.0,25.0,90.0,41.58288,-7.144292,-2.6371117,70.96151,25.379189,89.09153,0.5056848
1.1666666666666667,41.353928,-6.8018513,-2.930426,70.0,25.0,90.0,41.582882,-7.14429,-2.6371088,70.96152,25.379192,89.09153,0.5056869
1.1708333333333334,41.353928,-6.8018513,-2.930426,70.0,25.0,90.0,41.58288,-7.144292,-2.6371088,70.96151,25.379189,89.09153,0.50568646
1.175,41.353928,-6.8018513,-2.930426,70.0,25.0,90.0,41.58288,-7.144289,-2.6371088,70.96151,25.379189,89.09153,0.50568455
1.1791666666666667,41.353928,-6.8018513,-2.930426,70.0,25.0,90.0,41.58288,-7.14429,-2.6371088,70.96151,25.379192,89.09152,0.5056852
1.1833333333333333,41.353928,-6.8018513,-2.930426,70.0,25.0,90.0,41.58288,-7.144287,-2.6371078,70.96151,25.379196,89.09153,0.50568384
1.1875,41.353928,-6.8018513,-2.930426,70.0,25.0,90.0,41.58288,-7.14429,-2.6371088,70.96151,25.379192,89.09153,0.5056852
1.1916666666666667,41.353928,-6.8018513,-2.930426,70.0,25.0,90.0,41.58288,-7.144289,-2.6371088,70.96151,25.379192,89.09152,0.50568455
1.1958333333333333,41.353928,-6.8018513,-2.930426,70.0,25.0,90.0,41.58288,-7.144289,-2.6371088,70.96151,25.379192,89.09152,0.50568455
1.2,41.353928,-6.8018513,-2.930426,70.0,25.0,90.0,41.58288,-7.14429,-2.6371098,70.96151,25.379192,89.09153,0.5056846
1.2041666666666666,41.353928,-6.8018513,-2.930426,70.0,25.0,90.0,41.58288,-7.14429,-2.6371107,70.96151,25.379192,89.09153,0.5056841
1.2083333333333333,41.353928,-6.8018513,-2.930426,70.0,25.0,90.0,41.58288,-7.144292,-2.6371098,70.96151,25.379192,89.09153,0.5056859
1.2125,41.353928,-6.8018513,-2.930426,70.0,25.0,90.0,41.58288,-7.144289,-2.6371098,70.96151,25.379192,89.09152,0.50568396
1.2166666666666666,41.353928,-6.8018513,-2.930426,70.0,25.0,90.0,41.58288,-7.14429,-2.6371098,70.96151,25.379192,89.09152,0.5056846
1.2208333333333334,41.353928,-6.8018513,-2.930426,70.0,25.0,90.0,41.58288,-7.144289,-2.6371107,70.96152,25.379192,89.09152,0.5056834
1.225,41.353928,-6.8018513,-2.930426,70.0,25.0,90.0,41.58288,-7.14429,-2.6371107,70.96152,25.379192,89.09152,0.5056841
1.2291666666666667,41.353928,-6.8018513,-2.930426,70.0,25.0,90.0,41.58288,-7.144289,-2.6371078,70.96151,25.379192,89.09153,0.5056851
1.2333333333333334,41.353928,-6.8018513,-2.930426,70.0,25.0,90.0,41.58288,-7.14429,-2.6371098,70.96151,25.379192,89.09153,0.5056846
1.2375,41.353928,-6.8018513,-2.930426,70.0,25.0,90.0,41.582874,-7.144289,-2.6371088,70.96151,25.379189,89.09153,0.5056828
1.2416666666666667,41.353928,-6.8018513,-2.930426,70.0,25.0,90.0,41.58288,-7.144289,-2.6371088,70.96151,25.379192,89.09152,0.50568455
1.2458333333333333,41.353928,-6.8018513,-2.930426,70.0,25.0,90.0,41.582874,-7.144289,-2.637107,70.96151,25.379192,89.09152,0.5056839
1.25,41.353928,-6.8018513,-2.930426,70.0,25.0,90.0,41.58288,-7.144289,-2.6371078,70.96151,25.379196,89.09152,0.5056851
1.2541666666666667,41.353928,-6.8018513,-2.930426,70.0,25.0,90.0,41.582874,-7.144287,-2.6371088,70.96152,25.379192,89.09152,0.5056815
1.2583333333333333,41.353928,-6.8018513,-2.930426,70.0,25.0,90.0,41.58288,-7.14429,-2.6371078,70.96151,25.379192,89.09152,0.50568575
1.2625,41.353928,-6.8018513,-2.930426,70.0,25.0,90.0,41.58288,-7.144292,-2.637107,70.96152,25.379192,89.09152,0.5056876
1.2666666666666666,41.353928,-6.8018513,-2.930426,70.0,25.0,90.0,41.58288,-7.144293,-2.6371088,70.96152,25.3792,89.09152,0.5056871
1.2708333333333333,41.353928,-6.8018513,-2.930426,70.0,25.0,90.0,41.58288,-7.144292,-2.6371088,70.96152,25.379192,89.09152,0.50568646
1.275,41.353928,-6.8018513,-2.930426,70.0,25.0,90.0,41.58288,-7.144292,-2.6371107,70.961525,25.379192,89.09152,0.5056854
1.2791666666666666,41.353928,-6.8018513,-2.930426,70.0,25.0,90.0,41.58288,-7.144293,-2.6371126,70.961525,25.379192,89.091515,0.5056849
1.2833333333333334,41.353928,-6.8018513,-2.930426,70.0,25.0,90.0,41.58288,-7.144292,-2.6371088,70.96152,25.379196,89.091515,0.50568646
1.2875,41.353928,-6.8018513,-2.930426,70.0,25.0,90.0,41.582882,-7.144293,-2.6371098,70.96152,25.379196,89.091515,0.5056883
1.2916666666666667,41.353928,-6.8018513,-2.930426,70.0,25.0,90.0,41.58288,-7.1442957,-2.6371107,70.96152,25.379196,89.091515,0.50568795
1.2958333333333334,41.353928,-6.8018513,-2.930426,70.0,25.0,90.0,41.58288,-7.1442957,-2.6371126,70.96152,25.379192,89.091515,0.5056868
1.3,41.353928,-6.8018513,-2.930426,70.0,25.0,90.0,41.58288,-7.1442957,-2.6371107,70.96152,25.379192,89.09151,0.50568795
1.3041666666666667,41.353928,-6.8018513,-2.930426,70.0,25.0,90.0,41.582882,-7.144293,-2.6371098,70.96152,25.379192,89.091515,0.5056883
1.3083333333333333,41.353928,-6.8018513,-2.930426,70.0,25.0,90.0,41.582882,-7.1442947,-2.6371098,70.96152,25.379185,89.091515,0.50568956
1.3125,41.353928,-6.8018513,-2.930426,70.0,25.0,90.0,41.582882,-7.1442947,-2.6371078,70.96152,25.379192,89.091515,0.5056907
1.3166666666666667,41.353928,-6.8018513,-2.930426,70.0,25.0,90.0,41.582882,-7.144293,-2.6371098,70.96151,25.379189,89.091515,0.5056883
1.3208333333333333,41.353928,-6.8018513,-2.930426,70.0,25.0,90.0,41.582882,-7.1442947,-2.6371078,70.96152,25.379185,89.091515,0.5056907
1.325,41.353928,-6.8018513,-2.930426,70.0,25.0,90.0,41.58288,-7.144293,-2.637107,70.96152,25.379189,89.09152,0.50568825
1.3291666666666666,41.353928,-6.8018513,-2.930426,70.0,25.0,90.0,41.582882,-7.144292,-2.6371088,70.96152,25.379185,89.091515,0.5056882
1.3333333333333333,41.353928,-6.8018513,-2.930426,70.0,25.0,90.0,41.582882,-7.144293,-2.6371088,70.96152,25.379185,89.091515,0.50568885
1.3375,41.353928,-6.8018513,-2.930426,70.0,25.0,90.0,41.582882,-7.144293,-2.6371088,70.96152,25.379189,89.091515,0.50568885
1.3416666666666666,41.353928,-6.8018513,-2.930426,70.0,25.0,90.0,41.582882,-7.1442947,-2.6371088,70.96152,25.379189,89.09152,0.50569016
1.3458333333333334,41.353928,-6.8018513,-2.930426,70.0,25.0,90.0,41.582882,-7.1442947,-2.6371078,70.96152,25.379189,89.09152,0.5056907
1.35,41.353928,-6.8018513,-2.930426,70.0,25.0,90.0,41.582882,-7.1442947,-2.6371078,70.96152,25.379189,89.09152,0.5056907
1.3541666666666667,41.353928,-6.8018513,-2.930426,70.0,25.0,90.0,41.582882,-7.1442947,-2.6371078,70.96152,25.379189,89.09152,0.5056907
1.3583333333333334,41.353928,-6.8018513,-2.930426,70.0,25.0,90.0,41.582882,-7.1442947,-2.6371078,70.96152,25.379189,89.09152,0.5056907
1.3625,41.353928,-6.8018513,-2.930426,70.0,25.0,90.0,41.582882,-7.1442947,-2.6371078,70.96152,25.379189,89.09152,0.5056907
1.3666666666666667,41.353928,-6.8018513,-2.930426,70.0,25.0,90.0,41.582882,-7.1442947,-2.6371078,70.96152,25.379189,89.09152,0.5056907
1.3708333333333333,41.353928,-6.8018513,-2.930426,70.0,25.0,90.0,41.582882,-7.1442947,-2.6371078,70.96152,25.379189,89.09152,0.5056907
1.375,41.353928,-6.8018513,-2.930426,70.0,25.0,90.0,41.582882,-7.1442947,-2.6371078,70.96152,25.379189,89.09152,0.5056907
1.3791666666666667,41.353928,-6.8018513,-2.930426,70.0,25.0,90.0,41.582882,-7.1442947,-2.6371078,70.96152,25.379189,89.09152,0.5056907
1.3833333333333333,41.353928,-6.8018513,-2.930426,70.0,25.0,90.0,41.582882,-7.1442947,-2.6371078,70.96152,25.379189,89.09152,0.5056907
1.3875,41.353928,-6.8018513,-2.930426,70.0,25.0,90.0,41.582882,-7.1442947,-2.6371078,70.96152,25.379189,89.09152,0.5056907
1.3916666666666666,41.353928,-6.8018513,-2.930426,70.0,25.0,90.0,41.582882,-7.1442947,-2.6371078,70.96152,25.379189,89.09152,0.5056907
1.3958333333333333,41.353928,-6.8018513,-2.930426,70.0,25.0,90.0,41.582882,-7.1442947,-2.6371078,70.96152,25.379189,89.09152,0.5056907
1.4,41.353928,-6.8018513,-2.930426,70.0,25.0,90.0,41.582882,-7.1442947,-2.6371078,70.96152,25.379189,89.09152,0.5056907
1.4041666666666666,41.353928,-6.8018513,-2.930426,70.0,25.0,90.0,41.582882,-7.1442947,-2.6371078,70.96152,25.379189,89.09152,0.5056907
1.4083333333333334,41.353928,-6.8018513,-2.930426,70.0,25.0,90.0,41.582882,-7.1442947,-2.6371078,70.96152,25.379189,89.09152,0.5056907
1.4125,41.353928,-6.8018513,-2.930426,70.0,25.0,90.0,41.582882,-7.1442947,-2.6371078,70.96152,25.379189,89.09152,0.5056907
1.4166666666666667,41.353928,-6.8018513,-2.930426,70.0,25.0,90.0,41.582882,-7.1442947,-2.6371078,70.96152,25.379189,89.09152,0.5056907
1.4208333333333334,41.353928,-6.8018513,-2.930426,70.0,25.0,90.0,41.582882,-7.1442947,-2.6371078,70.96152,25.379189,89.09152,0.5056907
1.425,41.353928,-6.8018513,-2.930426,70.0,25.0,90.0,41.582882,-7.1442947,-2.6371078,70.96152,25.379189,89.09152,0.5056907
1.4291666666666667,41.353928,-6.8018513,-2.930426,70.0,25.0,90.0,41.582882,-7.1442947,-2.6371078,70.96152,25.379189,89.09152,0.5056907
1.4333333333333333,41.353928,-6.8018513,-2.930426,70.0,25.0,90.0,41.582882,-7.1442947,-2.6371078,70.96152,25.379189,89.09152,0.5056907
1.4375,41.353928,-6.8018513,-2.930426,70.0,25.0,90.0,41.582882,-7.1442947,-2.6371078,70.96152,25.379189,89.09152,0.5056907
1.4416666666666667,41.353928,-6.8018513,-2.930426,70.0,25.0,90.0,41.582882,-7.1442947,-2.6371078,70.96152,25.379189,89.09152,0.5056907
1.4458333333333333,41.353928,-6.8018513,-2.930426,70.0,25.0,90.0,41.582882,-7.1442947,-2.6371078,70.96152,25.379189,89.09152,0.5056907
1.45,41.353928,-6.8018513,-2.930426,70.0,25.0,90.0,41.582882,-7.1442947,-2.6371078,70.96152,25.379189,89.09152,0.5056907
1.4541666666666666,41.353928,-6.8018513,-2.930426,70.0,25.0,90.0,41.582882,-7.1442947,-2.6371078,70.96152,25.379189,89.09152,0.5056907
1.4583333333333333,41.353928,-6.8018513,-2.930426,70.0,25.0,90.0,41.582882,-7.1442947,-2.6371078,70.96152,25.379189,89.09152,0.5056907
1.4625,41.353928,-6.8018513,-2.930426,70.0,25.0,90.0,41.582882,-7.1442947,-2.6371078,70.96152,25.379189,89.09152,0.5056907
1.4666666666666666,41.353928,-6.8018513,-2.930426,70.0,25.0,90.0,41.582882,-7.1442947,-2.6371078,70.96152,25.379189,89.09152,0.5056907
1.4708333333333334,41.353928,-6.8018513,-2.930426,70.0,25.0,90.0,41.582882,-7.1442947,-2.6371078,70.96152,25.379189,89.09152,0.5056907
1.475,41.353928,-6.8018513,-2.930426,70.0,25.0,90.0,41.582882,-7.1442947,-2.6371078,70.96152,25.379189,89.09152,0.5056907
1.4791666666666667,41.353928,-6.8018513,-2.930426,70.0,25.0,90.0,41.582882,-7.1442947,-2.6371078,70.96152,25.379189,89.09152,0.5056907
1.4833333333333334,41.353928,-6.8018513,-2.930426,70.0,25.0,90.0,41.582882,-7.1442947,-2.6371078,70.96152,25.379189,89.09152,0.5056907
1.4875,41.353928,-6.8018513,-2.930426,70.0,25.0,90.0,41.582882,-7.1442947,-2.6371078,70.96152,25.379189,89.09152,0.5056907
1.4916666666666667,41.353928,-6.8018513,-2.930426,70.0,25.0,90.0,41.582882,-7.1442947,-2.6371078,70.96152,25.379189,89.09152,0.5056907
1.4958333333333333,41.353928,-6.8018513,-2.930426,70.0,25.0,90.0,41.582882,-7.1442947,-2.6371078,70.96152,25.379189,89.09152,0.5056907
1.5,41.353928,-6.8018513,-2.930426,70.0,25.0,90.0,41.582882,-7.1442947,-2.637107,70.96152,25.379189,89.09152,0.50569123
1.5041666666666667,41.353928,-6.8018513,-2.930426,70.0,25.0,90.0,41.582882,-7.1442947,-2.6371078,70.96152,25.379189,89.09152,0.5056907
1.5083333333333333,41.353928,-6.8018513,-2.930426,70.0,25.0,90.0,41.582882,-7.1442947,-2.6371088,70.96152,25.379189,89.09152,0.50569016
1.5125,41.353928,-6.8018513,-2.930426,70.0,25.0,90.0,41.582882,-7.1442947,-2.6371107,70.96152,25.379185,89.09152,0.505689
1.5166666666666666,41.353928,-6.8018513,-2.930426,70.0,25.0,90.0,41.582882,-7.144293,-2.6371088,70.96152,25.379189,89.09152,0.50568885
1.5208333333333333,41.353928,-6.8018513,-2.930426,70.0,25.0,90.0,41.582886,-7.144292,-2.6371088,70.96151,25.379192,89.09152,0.5056899
1.525,41.353928,-6.8018513,-2.930426,70.0,25.0,90.0,41.582882,-7.144292,-2.6371107,70.96151,25.379189,89.09152,0.50568706
1.5291666666666666,41.353928,-6.8018513,-2.930426,70.0,25.0,90.0,41.582882,-7.1442947,-2.6371107,70.96151,25.379185,89.09152,0.505689
1.5333333333333334,41.353928,-6.8018513,-2.930426,70.0,25.0,90.0,41.58288,-7.144292,-2.6371117,70.96152,25.379189,89.09152,0.5056848
1.5375,41.353928,-6.8018513,-2.930426,70.0,25.0,90.0,41.582874,-7.1442966,-2.637103,70.96152,25.37917,89.09152,0.5056913
1.5416666666666667,41.353928,-6.8018513,-2.930426,70.0,25.0,90.0,41.582874,-7.1442804,-2.637084,70.96154,25.37917,89.09153,0.5056914
1.5458333333333334,41.353928,-6.8018513,-2.930426,70.0,25.0,90.0,41.582863,-7.144249,-2.6370344,70.96159,25.379192,89.09152,0.5056937
1.55,41.353928,-6.8018513,-2.930426,70.0,25.0,90.0,41.582874,-7.144123,-2.63696,70.96169,25.379276,89.09146,0.5056568
1.5541666666666667,41.353928,-6.8018513,-2.930426,70.0,25.0,90.0,41.58293,-7.143895,-2.6368408,70.96186,25.379498,89.09131,0.50559765
1.5583333333333333,41.353928,-6.8018513,-2.930426,70.0,25.0,90.0,41.583004,-7.1435127,-2.636652,70.962265,25.379932,89.09104,0.5054816
1.5625,41.353928,-6.8018513,-2.930426,70.0,25.0,90.0,41.58312,-7.142976,-2.6362848,70.96307,25.380665,89.09065,0.5053844
1.5666666666666667,41.353928,-6.8018513,-2.930426,70.0,25.0,90.0,41.583252,-7.1421576,-2.6357346,70.96436,25.381798,89.09011,0.5052138
1.5708333333333333,41.353928,-6.8018513,-2.930426,70.0,25.0,90.0,41.583424,-7.140993,-2.6350002,70.96623,25.383507,89.08931,0.5049375
1.575,41.353928,-6.8018513,-2.930426,70.0,25.0,90.0,41.58366,-7.139477,-2.6340685,70.96885,25.385757,89.08815,0.5045748
1.5791666666666666,41.353928,-6.8018513,-2.930426,70.0,25.0,90.0,41.584053,-7.137619,-2.632842,70.97246,25.388443,89.086586,0.50423586
1.5833333333333333,41.353928,-6.8018513,-2.930426,70.0,25.0,90.0,41.584625,-7.135483,-2.631383,70.977196,25.39156,89.08454,0.5039425
1.5875,41.353928,-6.8018513,-2.930426,70.0,25.0,90.0,41.585358,-7.1330156,-2.6298542,70.982994,25.395031,89.08193,0.50356036
1.5916666666666666,41.353928,-6.8018513,-2.930426,70.0,25.0,90.0,41.586025,-7.1303644,-2.6284313,70.989815,25.398804,89.07845,0.502982
1.5958333333333334,41.353928,-6.8018513,-2.930426,70.0,25.0,90.0,41.58677,-7.1274977,-2.6274462,70.99741,25.40268,89.07435,0.5020532
1.6,41.353928,-6.8018513,-2.930426,70.0,25.0,90.0,41.587585,-7.1243525,-2.6274529,71.00528,25.407074,89.06973,0.5003955
1.6041666666666667,41.353928,-6.8018513,-2.930426,70.0,25.0,90.0,41.58836,-7.120865,-2.6293907,71.013214,25.413277,89.06459,0.49734324
1.6083333333333334,41.353928,-6.8018513,-2.930426,70.0,25.0,90.0,41.589115,-7.1169662,-2.6328602,71.021164,25.420418,89.05914,0.49310845
1.6125,41.353928,-6.8018513,-2.930426,70.0,25.0,90.0,41.58938,-7.1127796,-2.6390276,71.027664,25.428581,89.05292,0.48685363
1.6166666666666667,41.353928,-6.8018513,-2.930426,70.0,25.0,90.0,41.589333,-7.1085577,-2.6470385,71.03267,25.436901,89.04702,0.47936705
1.6208333333333333,41.353928,-6.8018513,-2.930426,70.0,25.0,90.0,41.588387,-7.1043653,-2.6556416,71.03556,25.443813,89.04426,0.47116044
1.625,41.353928,-6.8018513,-2.930426,70.0,25.0,90.0,41.585976,-7.100136,-2.6653185,71.03722,25.449982,89.044,0.4616296
1.6291666666666667,41.353928,-6.8018513,-2.930426,70.0,25.0,90.0,41.58326,-7.095331,-2.6764708,71.03744,25.458145,89.04605,0.45079577
1.6333333333333333,41.353928,-6.8018513,-2.930426,70.0,25.0,90.0,41.58037,-7.0912094,-2.6900759,71.0343,25.463852,89.051796,0.4390595
1.6375,41.353928,-6.8018513,-2.930426,70.0,25.0,90.0,41.57637,-7.0897455,-2.7076702,71.02593,25.467503,89.06235,0.42659572
1.6416666666666666,41.353928,-6.8018513,-2.930426,70.0,25.0,90.0,41.570946,-7.0877523,-2.7304573,71.01555,25.477932,89.07416,0.41088164
1.6458333333333333,41.353928,-6.8018513,-2.930426,70.0,25.0,90.0,41.566284,-7.0858774,-2.758543,71.00112,25.495514,89.08874,0.39409375
1.65,41.353928,-6.8018513,-2.930426,70.0,25.0,90.0,41.563534,-7.0870895,-2.7953787,70.973976,25.517021,89.107376,0.37885794
1.6541666666666666,41.353916,-6.8018727,-2.9304254,70.00003,25.0,90.00002,41.55961,-7.086808,-2.8336124,70.94535,25.537601,89.1305,0.36451378
1.6583333333333334,41.353836,-6.8020124,-2.930425,70.00023,25.0,90.00018,41.55332,-7.0847816,-2.8716564,70.91526,25.558613,89.15777,0.35100818
1.6625,41.35362,-6.802386,-2.9304264,70.000755,25.0,90.00061,41.5453,-7.081484,-2.9110613,70.87662,25.583,89.18948,0.3391346
1.6666666666666667,41.353207,-6.8031025,-2.930426,70.00177,25.0,90.00143,41.543335,-7.082101,-2.9523983,70.83979,25.61203,89.22051,0.33833662
1.6708333333333334,41.352535,-6.804262,-2.9304266,70.00341,25.0,90.002754,41.540497,-7.0812244,-2.9941196,70.80843,25.637676,89.25658,0.34072638
1.675,41.351555,-6.8059626,-2.9304278,70.00581,25.0,90.004684,41.534374,-7.0803375,-3.0312386,70.78088,25.658882,89.29386,0.34477144
1.6791666666666667,41.35021,-6.8082943,-2.930426,70.00912,25.0,90.00735,41.530758,-7.0804415,-3.058136,70.75987,25.67538,89.336624,0.35067382
1.6833333333333333,41.34845,-6.8113427,-2.9304237,70.013435,25.0,90.01082,41.529633,-7.0836735,-3.0730047,70.747215,25.692184,89.38066,0.35682014
1.6875,41.34623,-6.8151875,-2.9304254,70.018875,25.0,90.0152,41.528843,-7.08197,-3.078824,70.744385,25.70494,89.42801,0.3557286
1.6916666666666667,41.343506,-6.819904,-2.9304268,70.02555,25.0,90.02057,41.527626,-7.0799313,-3.0818377,70.75666,25.719902,89.47217,0.35276014
1.6958333333333333,41.34024,-6.825558,-2.9304256,70.03356,25.0,90.02701,41.526413,-7.0818634,-3.0908098,70.774124,25.725868,89.52015,0.3550713
1.7,41.3364,-6.8322153,-2.9304261,70.04299,25.0,90.03458,41.52465,-7.0802794,-3.1068907,70.789085,25.732983,89.56545,0.35793036
1.7041666666666666,41.33194,-6.8399367,-2.9304278,70.05393,25.0,90.04336,41.52254,-7.076378,-3.1274748,70.81196,25.738132,89.6104,0.3620232
1.7083333333333333,41.326843,-6.8487744,-2.9304283,70.06646,25.0,90.05339,41.5209,-7.0666227,-3.151802,70.83197,25.736362,89.6544,0.36622745
1.7125,41.321064,-6.858774,-2.930425,70.08065,25.0,90.06476,41.51628,-7.057027,-3.1894007,70.85045,25.750027,89.70375,0.38010827
1.7166666666666666,41.314594,-6.869984,-2.9304252,70.09656,25.0,90.07747,41.511166,-7.0479803,-3.2396536,70.864944,25.765488,89.75906,0.40736365
1.7208333333333334,41.3074,-6.882441,-2.9304278,70.11424,25.0,90.0916,41.505665,-7.0364943,-3.2889895,70.863754,25.777191,89.81654,0.43773046
1.725,41.299465,-6.8961816,-2.9304233,70.13377,25.0,90.10716,41.494667,-7.0262394,-3.3299417,70.84191,25.755672,89.876366,0.4632859
1.7291666666666667,41.290775,-6.9112377,-2.9304268,70.155174,25.0,90.12418,41.48412,-7.018138,-3.3728156,70.81424,25.716091,89.94312,0.49448705
1.7333333333333334,41.28131,-6.9276323,-2.9304245,70.178505,25.0,90.1427,41.46652,-7.010028,-3.4259553,70.77631,25.683613,90.00873,0.5353892
1.7375,41.271057,-6.9453907,-2.9304273,70.20379,25.0,90.162735,41.44426,-6.992895,-3.4761457,70.74203,25.666264,90.08176,0.5745123
1.7416666666666667,41.26001,-6.964526,-2.9304268,70.231064,25.0,90.184296,41.417747,-6.9768085,-3.5319686,70.70388,25.663116,90.15289,0.62200046
1.7458333333333333,41.248154,-6.9850564,-2.930427,70.26035,25.0,90.2074,41.386036,-6.9656763,-3.5980163,70.66606,25.688896,90.22233,0.68195486
1.75,41.235493,-7.006992,-2.9304247,70.29168,25.0,90.23202,41.344006,-6.9535627,-3.6705046,70.62518,25.718018,90.28946,0.7498986
1.7541666666666667,41.22201,-7.030334,-2.930424,70.32505,25.0,90.258194,41.30179,-6.9398966,-3.7422824,70.59542,25.762272,90.35132,0.82076627
1.7583333333333333,41.20772,-7.0550904,-2.9304314,70.360466,25.0,90.28588,41.25589,-6.9262075,-3.8021011,70.583336,25.832466,90.40187,0.88246197
1.7625,41.19261,-7.0812564,-2.9304314,70.39796,25.0,90.3151,41.210373,-6.9165945,-3.8563514,70.58725,25.918682,90.442345,0.9406152
1.7666666666666666,41.176693,-7.10883,-2.930424,70.43752,25.0,90.34582,41.165176,-6.9058294,-3.9102988,70.59002,26.009296,90.48221,1.000748
1.7708333333333333,41.15997,-7.1378016,-2.9304254,70.47913,25.0,90.37801,41.115704,-6.898429,-3.9643373,70.602264,26.115276,90.52027,1.062183
1.775,41.14244,-7.168161,-2.9304266,70.5228,25.0,90.41168,41.06669,-6.8953676,-4.014444,70.63919,26.238453,90.55359,1.1203785
1.7791666666666666,41.124123,-7.1998873,-2.9304276,70.56849,25.0,90.44678,41.018257,-6.892992,-4.0642,70.68971,26.383675,90.58068,1.1793355
1.7833333333333334,41.105026,-7.2329717,-2.9304247,70.61621,25.0,90.48327,40.97002,-6.89168,-4.1171865,70.75362,26.531769,90.601746,1.2422199
1.7875,41.08515,-7.2673864,-2.9304245,70.665924,25.0,90.52115,40.924873,-6.8912086,-4.16929,70.829025,26.680244,90.622986,1.3046021
1.7916666666666667,41.064526,-7.3031125,-2.930425,70.717606,25.0,90.56034,40.88543,-6.8859987,-4.2265415,70.90724,26.828514,90.63957,1.373309
1.7958333333333334,41.04316,-7.340122,-2.9304273,70.771225,25.0,90.60082,40.848274,-6.883024,-4.278958,70.99223,26.971035,90.66122,1.4371686
1.8,41.021065,-7.3783855,-2.9304252,70.82676,25.0,90.64256,40.81848,-6.879467,-4.328339,71.072525,27.129696,90.686935,1.4980397
1.8041666666666667,40.99827,-7.417875,-2.9304283,70.884155,25.0,90.685486,40.78761,-6.883477,-4.3768477,71.15245,27.291664,90.70881,1.5563056
1.8083333333333333,40.974785,-7.458549,-2.9304264,70.94338,25.0,90.72956,40.75598,-6.893695,-4.4198036,71.23743,27.442944,90.72887,1.6078495
1.8125,40.950634,-7.5003777,-2.9304242,71.004395,25.0,90.774734,40.727528,-6.908082,-4.457631,71.32855,27.581997,90.74709,1.6531641
1.8166666666666667,40.925842,-7.543321,-2.9304278,71.06713,25.0,90.820946,40.697777,-6.9285603,-4.4930115,71.42139,27.715477,90.76393,1.6945833
1.8208333333333333,40.90043,-7.587335,-2.9304264,71.13155,25.0,90.86815,40.67031,-6.9565945,-4.5202823,71.519325,27.832047,90.78012,1.7258128
1.825,40.87442,-7.6323833,-2.9304276,71.1976,25.0,90.916275,40.645607,-6.9907875,-4.541372,71.617874,27.932095,90.79876,1.7490404
1.8291666666666666,40.847843,-7.678413,-2.930423,71.26522,25.0,90.96527,40.622845,-7.0285254,-4.558356,71.71741,28.023403,90.81812,1.7672417
1.8333333333333333,40.820724,-7.725384,-2.9304247,71.334335,25.0,91.01507,40.60107,-7.068445,-4.5706124,71.81794,28.10767,90.83604,1.7804585
1.8375,40.793095,-7.7732472,-2.9304242,71.40489,25.0,91.0656,40.582714,-7.1116877,-4.579448,71.91771,28.205643,90.85387,1.78919
1.8416666666666666,40.764973,-7.821951,-2.930425,71.47682,25.0,91.11683,40.567192,-7.158988,-4.5849366,72.01854,28.295815,90.87263,1.7933338
1.8458333333333334,40.7364,-7.8714433,-2.9304242,71.55005,25.0,91.168655,40.546806,-7.2122536,-4.591202,72.12424,28.381256,90.891556,1.796847
1.85,40.7074,-7.921672,-2.9304273,71.6245,25.0,91.22104,40.520363,-7.270199,-4.5936146,72.23186,28.460281,90.910446,1.7959934
1.8541666666666667,40.678005,-7.972586,-2.9304278,71.7001,25.0,91.27391,40.492397,-7.3242807,-4.5964184,72.33232,28.529999,90.92966,1.7972965
1.8583333333333334,40.648254,-8.024127,-2.9304283,71.77678,25.0,91.32719,40.46409,-7.3782578,-4.594951,72.43312,28.589005,90.94884,1.7949096
1.8625,40.618164,-8.076234,-2.9304266,71.85445,25.0,91.38084,40.43599,-7.435521,-4.5924244,72.53206,28.640362,90.96839,1.790513
1.8666666666666667,40.58778,-8.128858,-2.930427,71.93302,25.0,91.43476,40.406235,-7.4949503,-4.5849137,72.6301,28.679546,90.987854,1.7810456
1.8708333333333333,40.557137,-8.181935,-2.9304247,72.01242,25.0,91.4889,40.376873,-7.55711,-4.5740767,72.72899,28.70515,91.007225,1.7676237
1.875,40.526264,-8.23541,-2.9304245,72.09255,25.0,91.54318,40.348816,-7.620968,-4.5619025,72.82439,28.717129,91.02704,1.7523549
1.8791666666666667,40.495197,-8.289221,-2.930424,72.17333,25.0,91.59756,40.322697,-7.685809,-4.5494723,72.91446,28.714222,91.04706,1.7364273
1.8833333333333333,40.46397,-8.3433075,-2.9304276,72.25466,25.0,91.651955,40.29889,-7.748848,-4.5395174,73.0012,28.70234,91.06993,1.7233119
1.8875,40.432617,-8.397609,-2.9304266,72.336464,25.0,91.706314,40.276604,-7.81328,-4.528253,73.08352,28.67846,91.093216,1.7084583
1.8916666666666666,40.401176,-8.452064,-2.9304237,72.41864,25.0,91.76056,40.25596,-7.8794003,-4.5164332,73.15872,28.643494,91.11812,1.6924709
1.8958333333333333,40.369686,-8.506614,-2.9304276,72.50108,25.0,91.81462,40.238483,-7.951645,-4.5033584,73.23166,28.602306,91.144394,1.6731156
1.9,40.338173,-8.561191,-2.9304264,72.58372,25.0,91.86847,40.22282,-8.025747,-4.4898853,73.298744,28.55952,91.16956,1.6528515
1.9041666666666666,40.30668,-8.615742,-2.930426,72.66644,25.0,91.92201,40.206734,-8.097288,-4.473245,73.360725,28.51041,91.195946,1.6306669
1.9083333333333334,40.275238,-8.670194,-2.9304252,72.74915,25.0,91.97521,40.19006,-8.16903,-4.4536505,73.42052,28.449898,91.22264,1.605813
1.9125,40.24389,-8.724496,-2.9304264,72.83176,25.0,92.027985,40.174652,-8.239328,-4.4313297,73.47958,28.37959,91.24955,1.5788895
1.9166666666666667,40.21266,-8.778584,-2.9304273,72.91416,25.0,92.0803,40.157997,-8.308696,-4.410307,73.537285,28.29599,91.273964,1.5536494
1.9208333333333334,40.181595,-8.832397,-2.9304292,72.99627,25.0,92.13208,40.144028,-8.379138,-4.38274,73.592606,28.197464,91.30348,1.5218614
1.925,40.150723,-8.88587,-2.930429,73.07798,25.0,92.18329,40.13196,-8.450115,-4.3476186,73.64838,28.083408,91.3355,1.4827881
1.9291666666666667,40.120075,-8.938948,-2.9304252,73.15921,25.0,92.23388,40.116417,-8.529718,-4.3091583,73.70706,27.9691,91.37308,1.4381888
1.9333333333333333,40.089695,-8.99157,-2.930426,73.239845,25.0,92.283775,40.096687,-8.613335,-4.26681,73.76404,27.847542,91.41372,1.3888966
1.9375,40.05961,-9.043682,-2.930428,73.3198,25.0,92.33295,40.078644,-8.699062,-4.218131,73.82224,27.72136,91.45271,1.3331558
1.9416666666666667,40.02985,-9.095221,-2.9304247,73.398994,25.0,92.381355,40.061012,-8.788722,-4.166194,73.87904,27.587555,91.49121,1.2735926
1.9458333333333333,40.000458,-9.146131,-2.930426,73.47731,25.0,92.42893,40.04527,-8.877436,-4.108583,73.92974,27.42857,91.52989,1.2092391
1.95,39.97146,-9.196363,-2.9304292,73.55467,25.0,92.47564,40.028156,-8.96132,-4.0512905,73.97401,27.256592,91.57183,1.1466429
1.9541666666666666,39.942883,-9.245853,-2.9304268,73.631,25.0,92.52146,40.01448,-9.04362,-3.9956927,74.01646,27.083836,91.61258,1.0866536
1.9583333333333333,39.914764,-9.294556,-2.9304268,73.706184,25.0,92.56633,40.003662,-9.12374,-3.939054,74.05393,26.918327,91.65248,1.0268444
1.9625,39.88713,-9.342418,-2.930426,73.78016,25.0,92.61022,39.989742,-9.201892,-3.890544,74.086136,26.74656,91.69254,0.97575784
1.9666666666666666,39.860012,-9.389392,-2.930429,73.85283,25.0,92.65309,39.970417,-9.2825365,-3.8424087,74.12199,26.567394,91.73584,0.924832
1.9708333333333334,39.833435,-9.435422,-2.9304254,73.924126,25.0,92.69492,39.95199,-9.360138,-3.7943835,74.16544,26.401413,91.773735,0.8752978
1.975,39.80743,-9.480467,-2.930425,73.99396,25.0,92.73567,39.933254,-9.442381,-3.7560363,74.21274,26.268677,91.800446,0.8360121
1.9791666666666667,39.782017,-9.524484,-2.9304278,74.062256,25.0,92.77532,39.908436,-9.525001,-3.7227159,74.262474,26.149021,91.82644,0.80231065
1.9833333333333334,39.757225,-9.567429,-2.9304295,74.12895,25.0,92.813835,39.878433,-9.603491,-3.6928625,74.31073,26.044434,91.84961,0.7728493
1.9875,39.733074,-9.609254,-2.9304252,74.19398,25.0,92.8512,39.84987,-9.67975,-3.6576061,74.36611,25.946991,91.86934,0.7398668
1.9916666666666667,39.70959,-9.649932,-2.9304242,74.25726,25.0,92.887375,39.824215,-9.750568,-3.617268,74.42682,25.84475,91.88991,0.7035772
1.9958333333333333,39.68679,-9.689419,-2.9304268,74.31874,25.0,92.92236,39.80372,-9.806254,-3.578054,74.4789,25.759083,91.90993,0.66838884
2.0,39.6647,-9.727682,-2.9304252,74.378365,25.0,92.95613,39.78154,-9.851378,-3.5423307,74.52185,25.685966,91.925934,0.6351227
2.004166666666667,39.643333,-9.764693,-2.9304256,74.43607,25.0,92.98866,39.766827,-9.900072,-3.515926,74.57355,25.62991,91.93904,0.6135051
2.0083333333333333,39.622707,-9.800419,-2.9304278,74.49181,25.0,93.01996,39.753162,-9.939862,-3.485166,74.63341,25.607468,91.95657,0.5866835
2.0125,39.602837,-9.834834,-2.9304242,74.545555,25.0,93.05,39.740463,-9.978982,-3.4541807,74.70029,25.596283,91.972885,0.5603932
2.0166666666666666,39.583736,-9.867916,-2.930426,74.59724,25.0,93.07878,39.733147,-10.023182,-3.4249601,74.76784,25.599167,91.974525,0.53943956
2.0208333333333335,39.565414,-9.899645,-2.930427,74.646835,25.0,93.1063,39.721516,-10.064607,-3.391127,74.84158,25.613121,91.98205,0.5136385
2.025,39.54789,-9.930002,-2.9304276,74.69431,25.0,93.13253,39.711266,-10.098194,-3.3561583,74.90987,25.635471,91.987114,0.4860317
2.029166666666667,39.531166,-9.958977,-2.9304254,74.739655,25.0,93.157486,39.706097,-10.128784,-3.3068185,74.9982,25.655682,91.9879,0.44844958
2.033333333333333,39.515244,-9.986547,-2.9304252,74.78282,25.0,93.18118,39.699158,-10.158537,-3.2461562,75.09633,25.66632,91.983574,0.40384513
2.0375,39.500137,-10.012713,-2.9304283,74.8238,25.0,93.2036,39.69465,-10.187228,-3.1762924,75.20484,25.659111,91.98017,0.35880256
2.0416666666666665,39.485844,-10.03747,-2.9304266,74.862595,25.0,93.224754,39.69214,-10.213848,-3.1060667,75.31582,25.646137,91.9794,0.32328993
2.0458333333333334,39.472366,-10.060813,-2.930428,74.899185,25.0,93.24465,39.68249,-10.238817,-3.0427198,75.41683,25.635197,91.98242,0.2974012
2.05,39.4597,-10.082749,-2.9304268,74.933586,25.0,93.263306,39.671738,-10.267441,-2.9891977,75.50159,25.627636,91.98399,0.28727034
2.0541666666666667,39.44785,-10.103279,-2.9304273,74.96579,25.0,93.28072,39.66258,-10.299374,-2.9465609,75.576385,25.616669,91.98408,0.2912422
2.058333333333333,39.436802,-10.122414,-2.9304254,74.99582,25.0,93.29693,39.6513,-10.3337145,-2.9120302,75.6385,25.59354,91.98922,0.30165416
2.0625,39.426548,-10.140172,-2.9304273,75.02369,25.0,93.311935,39.64271,-10.373251,-2.8871279,75.69569,25.565971,91.99721,0.32082295
2.066666666666667,39.417084,-10.156567,-2.9304266,75.04943,25.0,93.32577,39.633766,-10.408525,-2.8683481,75.747765,25.541782,92.00818,0.3380655
2.0708333333333333,39.40839,-10.171623,-2.9304276,75.073074,25.0,93.33845,39.623684,-10.440006,-2.8534288,75.79159,25.517784,92.023285,0.3525758
2.075,39.400455,-10.185364,-2.9304276,75.09466,25.0,93.350006,39.610023,-10.471886,-2.8442888,75.822655,25.492287,92.03838,0.36528543
2.0791666666666666,39.393265,-10.197822,-2.9304247,75.114235,25.0,93.360466,39.59656,-10.497457,-2.836011,75.84285,25.459354,92.05564,0.3741986
2.0833333333333335,39.38679,-10.209032,-2.9304287,75.13184,25.0,93.36987,39.584717,-10.51667,-2.8320265,75.84776,25.420124,92.07192,0.3788123
2.0875,39.38102,-10.219031,-2.9304268,75.14756,25.0,93.37824,39.574257,-10.534353,-2.8325644,75.84334,25.377693,92.09066,0.3825515
2.091666666666667,39.375916,-10.22787,-2.930427,75.16145,25.0,93.38564,39.563046,-10.548538,-2.8323278,75.834335,25.333317,92.11233,0.38401717
2.095833333333333,39.37146,-10.235588,-2.9304237,75.17359,25.0,93.3921,39.54997,-10.557968,-2.8281345,75.82996,25.295536,92.13399,0.38243607
2.1,39.367615,-10.242244,-2.9304233,75.18406,25.0,93.39767,39.537273,-10.562775,-2.8215103,75.831825,25.269451,92.15537,0.37866363
2.1041666666666665,39.364353,-10.247902,-2.9304252,75.19295,25.0,93.402374,39.52803,-10.5658,-2.8153124,75.828964,25.249462,92.17129,0.37563306
2.1083333333333334,39.36163,-10.252615,-2.9304242,75.20036,25.0,93.40632,39.524864,-10.566965,-2.8079605,75.82303,25.23397,92.18408,0.3747785
2.1125,39.35941,-10.256463,-2.9304278,75.206406,25.0,93.40952,39.52526,-10.563665,-2.7965412,75.81819,25.224018,92.194855,0.37390593
2.1166666666666667,39.357647,-10.25951,-2.9304247,75.211205,25.0,93.41207,39.526333,-10.558468,-2.7872734,75.81058,25.215664,92.20358,0.37191802
2.120833333333333,39.356304,-10.26184,-2.9304302,75.21486,25.0,93.41401,39.529575,-10.548904,-2.782258,75.79813,25.212093,92.20907,0.36658415
2.125,39.35532,-10.263543,-2.9304261,75.217545,25.0,93.41543,39.534508,-10.537913,-2.776825,75.78606,25.211266,92.21301,0.3619124
2.129166666666667,39.354652,-10.264703,-2.9304252,75.21937,25.0,93.41639,39.540356,-10.52595,-2.772132,75.77492,25.211975,92.21434,0.35748118
2.1333333333333333,39.354237,-10.26542,-2.9304252,75.2205,25.0,93.41699,39.546318,-10.51458,-2.7677069,75.76496,25.212132,92.21452,0.35419366
2.1375,39.354023,-10.265793,-2.9304242,75.221085,25.0,93.4173,39.551483,-10.503589,-2.7628078,75.75405,25.210121,92.21646,0.35161433
2.1416666666666666,39.35394,-10.265932,-2.9304247,75.221306,25.0,93.41743,39.555832,-10.492771,-2.757226,75.74286,25.20514,92.22041,0.34959188
2.1458333333333335,39.353928,-10.265953,-2.9304256,75.22134,25.0,93.41744,39.56057,-10.482431,-2.7520256,75.73407,25.19963,92.22462,0.3484113
2.15,39.353928,-10.265953,-2.9304256,75.22134,25.0,93.41744,39.565292,-10.472654,-2.747714,75.725266,25.196262,92.2286,0.34753993
2.154166666666667,39.353928,-10.265953,-2.9304256,75.22134,25.0,93.41744,39.569572,-10.463508,-2.7443333,75.7166,25.19382,92.2324,0.3466423
2.158333333333333,39.353928,-10.265953,-2.9304256,75.22134,25.0,93.41744,39.573822,-10.455727,-2.7412472,75.709076,25.190628,92.23634,0.3466353
2.1625,39.353928,-10.265953,-2.9304256,75.22134,25.0,93.41744,39.577854,-10.448868,-2.7402477,75.70202,25.188732,92.23961,0.3460759
2.1666666666666665,39.353928,-10.265953,-2.9304256,75.22134,25.0,93.41744,39.5811,-10.442658,-2.7401228,75.695244,25.187355,92.24317,0.34503254
2.1708333333333334,39.353928,-10.265953,-2.9304256,75.22134,25.0,93.41744,39.584858,-10.437021,-2.7416124,75.68952,25.186665,92.24627,0.34386563
2.175,39.353928,-10.265953,-2.9304256,75.22134,25.0,93.41744,39.58895,-10.432203,-2.7449093,75.68417,25.187462,92.248634,0.34247848
2.1791666666666667,39.353928,-10.265953,-2.9304256,75.22134,25.0,93.41744,39.592487,-10.428062,-2.7490396,75.67902,25.188522,92.25076,0.3407214
2.183333333333333,39.353928,-10.265953,-2.9304256,75.22134,25.0,93.41744,39.59524,-10.424549,-2.7536592,75.674164,25.188885,92.25299,0.3385727
2.1875,39.353928,-10.265953,-2.9304256,75.22134,25.0,93.41744,39.5972,-10.421802,-2.758315,75.67012,25.189564,92.25507,0.3362908
2.191666666666667,39.353928,-10.265953,-2.9304256,75.22134,25.0,93.41744,39.598473,-10.419788,-2.7630043,75.66695,25.191044,92.25678,0.33391234
2.1958333333333333,39.353928,-10.265953,-2.9304256,75.22134,25.0,93.41744,39.599113,-10.418416,-2.7677584,75.6642,25.19312,92.25848,0.33139357
2.2,39.353928,-10.265953,-2.9304256,75.22134,25.0,93.41744,39.599396,-10.417389,-2.7725382,75.66168,25.196018,92.260025,0.3288098
2.2041666666666666,39.353928,-10.265953,-2.9304256,75.22134,25.0,93.41744,39.5997,-10.4164715,-2.7773495,75.659256,25.199875,92.26134,0.3263321
2.2083333333333335,39.353928,-10.265953,-2.9304256,75.22134,25.0,93.41744,39.59985,-10.415657,-2.7819052,75.657104,25.204655,92.26237,0.32395568
2.2125,39.353928,-10.265953,-2.9304256,75.22134,25.0,93.41744,39.5999,-10.414938,-2.7861443,75.655266,25.209969,92.2631,0.32173854
2.216666666666667,39.353928,-10.265953,-2.9304256,75.22134,25.0,93.41744,39.599888,-10.414255,-2.789938,75.65372,25.215351,92.26357,0.31972915
2.220833333333333,39.353928,-10.265953,-2.9304256,75.22134,25.0,93.41744,39.59987,-10.413597,-2.7931728,75.65247,25.22039,92.263824,0.31800023
2.225,39.353928,-10.265953,-2.9304256,75.22134,25.0,93.41744,39.599854,-10.412996,-2.7957973,75.65147,25.224815,92.26393,0.31658497
2.2291666666666665,39.353928,-10.265953,-2.9304256,75.22134,25.0,93.41744,39.599796,-10.412568,-2.7978544,75.650696,25.228313,92.26396,0.3154719
2.2333333333333334,39.353928,-10.265953,-2.9304256,75.22134,25.0,93.41744,39.599712,-10.412291,-2.7993221,75.65021,25.230778,92.26399,0.31466323
2.2375,39.353928,-10.265953,-2.9304256,75.22134,25.0,93.41744,39.59961,-10.41215,-2.8002796,75.64992,25.23233,92.263985,0.31411967
2.2416666666666667,39.353928,-10.265953,-2.9304256,75.22134,25.0,93.41744,39.59953,-10.412067,-2.8008642,75.64978,25.23322,92.26397,0.31377658
2.245833333333333,39.353928,-10.265953,-2.9304256,75.22134,25.0,93.41744,39.599472,-10.412033,-2.801178,75.649704,25.233646,92.26394,0.31358635
2.25,39.353928,-10.265953,-2.9304256,75.22134,25.0,93.41744,39.59944,-10.412016,-2.8013277,75.64967,25.233826,92.2639,0.31349277
2.254166666666667,39.353928,-10.265953,-2.9304256,75.22134,25.0,93.41744,39.599438,-10.411991,-2.801384,75.64965,25.233883,92.263885,0.31345505
2.2583333333333333,39.353928,-10.265953,-2.9304256,75.22134,25.0,93.41744,39.599438,-10.411983,-2.8013945,75.64965,25.233898,92.26387,0.31344673
2.2625,39.353928,-10.265953,-2.9304256,75.22134,25.0,93.41744,39.59944,-10.411979,-2.8013945,75.64965,25.233906,92.26387,0.31344795
2.2666666666666666,39.353928,-10.265953,-2.9304256,75.22134,25.0,93.41744,39.59944,-10.41198,-2.8013992,75.64965,25.233906,92.26386,0.31344643
2.2708333333333335,39.353928,-10.265953,-2.9304256,75.22134,25.0,93.41744,39.59944,-10.411983,-2.8013945,75.64965,25.233906,92.26386,0.31344974
2.275,39.353928,-10.265953,-2.9304256,75.22134,25.0,93.41744,39.59944,-10.411983,-2.8013954,75.64965,25.233906,92.26387,0.31344932
2.279166666666667,39.353928,-10.265953,-2.9304256,75.22134,25.0,93.41744,39.59944,-10.411983,-2.8013973,75.64965,25.23391,92.26386,0.31344855
2.283333333333333,39.353928,-10.265953,-2.9304256,75.22134,25.0,93.41744,39.59944,-10.411983,-2.8013945,75.64965,25.23391,92.26387,0.31344974
2.2875,39.353928,-10.265953,-2.9304256,75.22134,25.0,93.41744,39.59944,-10.4119835,-2.8013935,75.64965,25.23391,92.26386,0.31345057
2.2916666666666665,39.353928,-10.265953,-2.9304256,75.22134,25.0,93.41744,39.59944,-10.4119835,-2.8013935,75.64965,25.23391,92.26386,0.31345057
2.2958333333333334,39.353928,-10.265953,-2.9304256,75.22134,25.0,93.41744,39.59944,-10.4119835,-2.8013935,75.64965,25.23391,92.26386,0.31345057
2.3,39.353928,-10.265953,-2.9304256,75.22134,25.0,93.41744,39.59944,-10.4119835,-2.8013935,75.64965,25.23391,92.26386,0.31345057
2.3041666666666667,39.353928,-10.265953,-2.9304256,75.22134,25.0,93.41744,39.59944,-10.4119835,-2.8013945,75.64965,25.233906,92.26386,0.3134502
2.308333333333333,39.353928,-10.265953,-2.9304256,75.22134,25.0,93.41744,39.59944,-10.411982,-2.8013973,75.64965,25.233906,92.26386,0.3134481
2.3125,39.353928,-10.265953,-2.9304256,75.22134,25.0,93.41744,39.59944,-10.4119835,-2.8013945,75.64965,25.233906,92.26386,0.3134502
2.316666666666667,39.353928,-10.265953,-2.9304256,75.22134,25.0,93.41744,39.59944,-10.4119835,-2.8013973,75.64964,25.23391,92.26386,0.313449
2.3208333333333333,39.353928,-10.265953,-2.9304256,75.22134,25.0,93.41744,39.59944,-10.411983,-2.8013973,75.64964,25.23391,92.26386,0.31344855
2.325,39.353928,-10.265953,-2.9304256,75.22134,25.0,93.41744,39.59944,-10.4119835,-2.8013954,75.64965,25.233902,92.26386,0.3134498
2.3291666666666666,39.353928,-10.265953,-2.9304256,75.22134,25.0,93.41744,39.59944,-10.411983,-2.8013945,75.64965,25.233902,92.26386,0.31344974
2.3333333333333335,39.353928,-10.265953,-2.9304256,75.22134,25.0,93.41744,39.599445,-10.411984,-2.8013954,75.64966,25.23391,92.26386,0.31345323
2.3375,39.353928,-10.265953,-2.9304256,75.22134,25.0,93.41744,39.59944,-10.4119835,-2.8013945,75.64965,25.233906,92.263855,0.3134502
2.341666666666667,39.353928,-10.265953,-2.9304256,75.22134,25.0,93.41744,39.59944,-10.411984,-2.8013954,75.64966,25.233906,92.263855,0.31345022
2.345833333333333,39.353928,-10.265953,-2.9304256,75.22134,25.0,93.41744,39.59944,-10.411985,-2.8013973,75.64966,25.233902,92.263855,0.3134499
2.35,39.353928,-10.265953,-2.9304256,75.22134,25.0,93.41744,39.59944,-10.411984,-2.8013973,75.64966,25.233906,92.263855,0.31344944
2.3541666666666665,39.353928,-10.265953,-2.9304256,75.22134,25.0,93.41744,39.599445,-10.411987,-2.8013973,75.64966,25.233906,92.263855,0.31345376
2.3583333333333334,39.353928,-10.265953,-2.9304256,75.22134,25.0,93.41744,39.599445,-10.4119835,-2.8013954,75.64966,25.233906,92.263855,0.31345278
2.3625,39.353928,-10.265953,-2.9304256,75.22134,25.0,93.41744,39.59944,-10.4119835,-2.8013954,75.64966,25.233902,92.263855,0.3134498
2.3666666666666667,39.353928,-10.265953,-2.9304256,75.22134,25.0,93.41744,39.59944,-10.4119835,-2.8014002,75.64966,25.233906,92.263855,0.31344783
2.370833333333333,39.353928,-10.265953,-2.9304256,75.22134,25.0,93.41744,39.59944,-10.411985,-2.8013992,75.64966,25.23391,92.263855,0.3134491
2.375,39.353928,-10.265953,-2.9304256,75.22134,25.0,93.41744,39.59944,-10.411984,-2.8013983,75.64966,25.233906,92.263855,0.31344905
2.379166666666667,39.353928,-10.265953,-2.9304256,75.22134,25.0,93.41744,39.59944,-10.4119835,-2.8013954,75.64965,25.233906,92.263855,0.3134498
2.3833333333333333,39.353928,-10.265953,-2.9304256,75.22134,25.0,93.41744,39.599445,-10.411983,-2.8013983,75.64965,25.233906,92.263855,0.31345114
2.3875,39.353928,-10.265953,-2.9304256,75.22134,25.0,93.41744,39.59944,-10.411982,-2.8013973,75.64965,25.233913,92.263855,0.3134481
2.3916666666666666,39.353928,-10.265953,-2.9304256,75.22134,25.0,93.41744,39.59944,-10.4119835,-2.8013945,75.64964,25.233906,92.263855,0.3134502
2.3958333333333335,39.353928,-10.265953,-2.9304256,75.22134,25.0,93.41744,39.59944,-10.411984,-2.8013945,75.64965,25.23391,92.263855,0.3134506
2.4,39.353928,-10.265953,-2.9304256,75.22134,25.0,93.41744,39.59944,-10.411984,-2.8013945,75.64965,25.23391,92.263855,0.3134506
2.404166666666667,39.353928,-10.265953,-2.9304256,75.22134,25.0,93.41744,39.59944,-10.4119835,-2.8013973,75.64965,25.23391,92.263855,0.313449
2.408333333333333,39.353928,-10.265953,-2.9304256,75.22134,25.0,93.41744,39.59944,-10.4119835,-2.8013954,75.64966,25.23391,92.263855,0.3134498
2.4125,39.353928,-10.265953,-2.9304256,75.22134,25.0,93.41744,39.59944,-10.4119835,-2.8013954,75.64965,25.233913,92.263855,0.3134498
2.4166666666666665,39.353928,-10.265953,-2.9304256,75.22134,25.0,93.41744,39.59944,-10.4119835,-2.8013945,75.64965,25.233913,92.263855,0.3134502
2.4208333333333334,39.353928,-10.265953,-2.9304256,75.22134,25.0,93.41744,39.59944,-10.4119835,-2.8013945,75.64965,25.233913,92.263855,0.3134502
2.425,39.353928,-10.265953,-2.9304256,75.22134,25.0,93.41744,39.59944,-10.4119835,-2.8013945,75.64965,25.233913,92.263855,0.3134502
2.4291666666666667,39.353928,-10.265953,-2.9304256,75.22134,25.0,93.41744,39.59944,-10.4119835,-2.8013945,75.64965,25.233913,92.263855,0.3134502
2.433333333333333,39.353928,-10.265953,-2.9304256,75.22134,25.0,93.41744,39.59944,-10.4119835,-2.8013945,75.64965,25.233913,92.263855,0.3134502
2.4375,39.353928,-10.265953,-2.9304256,75.22134,25.0,93.41744,39.59944,-10.4119835,-2.8013945,75.64965,25.233913,92.263855,0.3134502
2.441666666666667,39.353928,-10.265953,-2.9304256,75.22134,25.0,93.41744,39.59944,-10.4119835,-2.8013945,75.64965,25.233913,92.263855,0.3134502
2.4458333333333333,39.353928,-10.265953,-2.9304256,75.22134,25.0,93.41744,39.59944,-10.4119835,-2.8013945,75.64965,25.233913,92.263855,0.3134502
2.45,39.353928,-10.265953,-2.9304256,75.22134,25.0,93.41744,39.59944,-10.4119835,-2.8013945,75.64965,25.233913,92.263855,0.3134502
2.4541666666666666,39.353928,-10.265953,-2.9304256,75.22134,25.0,93.41744,39.59944,-10.4119835,-2.8013945,75.64965,25.233913,92.263855,0.3134502
2.4583333333333335,39.353928,-10.265953,-2.9304256,75.22134,25.0,93.41744,39.59944,-10.4119835,-2.8013945,75.64965,25.233913,92.263855,0.3134502
2.4625,39.353928,-10.265953,-2.9304256,75.22134,25.0,93.41744,39.59944,-10.4119835,-2.8013945,75.64965,25.233913,92.263855,0.3134502
2.466666666666667,39.353928,-10.265953,-2.9304256,75.22134,25.0,93.41744,39.59944,-10.4119835,-2.8013945,75.64965,25.233913,92.263855,0.3134502
2.470833333333333,39.353928,-10.265953,-2.9304256,75.22134,25.0,93.41744,39.59944,-10.4119835,-2.8013945,75.64965,25.233913,92.263855,0.3134502
2.475,39.353928,-10.265953,-2.9304256,75.22134,25.0,93.41744,39.59944,-10.4119835,-2.8013945,75.64965,25.233913,92.263855,0.3134502
2.4791666666666665,39.353928,-10.265953,-2.9304256,75.22134,25.0,93.41744,39.59944,-10.4119835,-2.8013945,75.64965,25.233913,92.263855,0.3134502
2.4833333333333334,39.353928,-10.265953,-2.9304256,75.22134,25.0,93.41744,39.59944,-10.4119835,-2.8013945,75.64965,25.233913,92.263855,0.3134502
2.4875,39.353928,-10.265953,-2.9304256,75.22134,25.0,93.41744,39.59944,-10.4119835,-2.8013945,75.64965,25.233913,92.263855,0.3134502
2.4916666666666667,39.353928,-10.265953,-2.9304256,75.22134,25.0,93.41744,39.59944,-10.4119835,-2.8013945,75.64965,25.233913,92.263855,0.3134502
2.495833333333333,39.353928,-10.265953,-2.9304256,75.22134,25.0,93.41744,39.59944,-10.4119835,-2.8013945,75.64965,25.233913,92.263855,0.3134502
2.5,39.353928,-10.265953,-2.9304256,75.22134,25.0,93.41744,39.59944,-10.4119835,-2.8013945,75.64965,25.233913,92.263855,0.3134502
2.504166666666667,39.353928,-10.265953,-2.9304256,75.22134,25.0,93.41744,39.59944,-10.4119835,-2.8013945,75.64965,25.233913,92.263855,0.3134502
2.5083333333333333,39.353928,-10.265953,-2.9304256,75.22134,25.0,93.41744,39.59944,-10.4119835,-2.8013945,75.64965,25.233913,92.263855,0.3134502
2.5125,39.353928,-10.265953,-2.9304256,75.22134,25.0,93.41744,39.59944,-10.4119835,-2.8013945,75.64965,25.233913,92.263855,0.3134502
2.5166666666666666,39.353928,-10.265953,-2.9304256,75.22134,25.0,93.41744,39.59944,-10.4119835,-2.8013945,75.64965,25.233913,92.263855,0.3134502
2.5208333333333335,39.353928,-10.265953,-2.9304256,75.22134,25.0,93.41744,39.59944,-10.4119835,-2.8013945,75.64965,25.233913,92.263855,0.3134502
2.525,39.353928,-10.265953,-2.9304256,75.22134,25.0,93.41744,39.59944,-10.4119835,-2.8013945,75.64965,25.233913,92.263855,0.3134502
2.529166666666667,39.353928,-10.265953,-2.9304256,75.22134,25.0,93.41744,39.59944,-10.4119835,-2.8013945,75.64965,25.233913,92.263855,0.3134502
2.533333333333333,39.353928,-10.265953,-2.9304256,75.22134,25.0,93.41744,39.599445,-10.411983,-2.8013983,75.64965,25.233917,92.263855,0.31345114
2.5375,39.353928,-10.265953,-2.9304256,75.22134,25.0,93.41744,39.59944,-10.411978,-2.8014069,75.64964,25.233917,92.26384,0.3134424
2.5416666666666665,39.353928,-10.265953,-2.9304256,75.22134,25.0,93.41744,39.599464,-10.411989,-2.8014164,75.64961,25.233952,92.26384,0.31346175
2.5458333333333334,39.353928,-10.265953,-2.9304256,75.22134,25.0,93.41744,39.599464,-10.412037,-2.8014412,75.64957,25.233963,92.26383,0.31347376
2.55,39.353928,-10.265953,-2.9304256,75.22134,25.0,93.41744,39.59947,-10.412148,-2.8014631,75.6495,25.233917,92.263855,0.31351975
2.5541666666666667,39.353928,-10.265953,-2.9304256,75.22134,25.0,93.41744,39.599434,-10.412371,-2.8014717,75.64935,25.233814,92.26392,0.313593
2.558333333333333,39.353928,-10.265953,-2.9304256,75.22134,25.0,93.41744,39.599396,-10.412731,-2.8014765,75.64912,25.233532,92.26406,0.31372967
2.5625,39.353928,-10.265953,-2.9304256,75.22134,25.0,93.41744,39.599323,-10.413276,-2.801465,75.648674,25.233109,92.26425,0.31393287
2.566666666666667,39.353928,-10.265953,-2.9304256,75.22134,25.0,93.41744,39.599224,-10.41412,-2.801443,75.64797,25.232403,92.26449,0.31426138
2.5708333333333333,39.353928,-10.265953,-2.9304256,75.22134,25.0,93.41744,39.599068,-10.415337,-2.801362,75.64697,25.231377,92.26478,0.31474832
2.575,39.353928,-10.265953,-2.9304256,75.22134,25.0,93.41744,39.598907,-10.416926,-2.8010979,75.64577,25.230225,92.26512,0.3154897
2.5791666666666666,39.353928,-10.265953,-2.9304256,75.22134,25.0,93.41744,39.598625,-10.418849,-2.800642,75.644165,25.228992,92.26552,0.31638247
2.5833333333333335,39.353928,-10.265953,-2.9304256,75.22134,25.0,93.41744,39.598293,-10.421047,-2.7998724,75.64205,25.227879,92.26594,0.31751052
2.5875,39.353928,-10.265953,-2.9304256,75.22134,25.0,93.41744,39.59794,-10.423428,-2.7987108,75.63928,25.227291,92.26633,0.31888613
2.591666666666667,39.353928,-10.265953,-2.9304256,75.22134,25.0,93.41744,39.59766,-10.425812,-2.797079,75.63585,25.22757,92.2666,0.32053334
2.595833333333333,39.353928,-10.265953,-2.9304256,75.22134,25.0,93.41744,39.597443,-10.4281,-2.7948532,75.63189,25.229225,92.266685,0.32244527
2.6,39.353928,-10.265953,-2.9304256,75.22134,25.0,93.41744,39.597378,-10.430126,-2.7916498,75.62728,25.232304,92.2666,0.3247761
2.6041666666666665,39.353928,-10.265953,-2.9304256,75.22134,25.0,93.41744,39.59772,-10.431738,-2.7872562,75.621864,25.23637,92.2663,0.32774585
2.6083333333333334,39.353928,-10.265953,-2.9304256,75.22134,25.0,93.41744,39.598522,-10.43252,-2.7819042,75.61523,25.239548,92.26602,0.33110365
2.6125,39.353928,-10.265953,-2.9304256,75.22134,25.0,93.41744,39.598198,-10.433426,-2.7740393,75.6102,25.244759,92.265236,0.33492064
2.6166666666666667,39.353928,-10.265953,-2.9304256,75.22134,25.0,93.41744,39.598724,-10.433059,-2.7649593,75.60586,25.253113,92.26388,0.33945376
2.620833333333333,39.353928,-10.265953,-2.9304256,75.22134,25.0,93.41744,39.601494,-10.430824,-2.755044,75.60067,25.260967,92.26209,0.3452974
2.625,39.353928,-10.265953,-2.9304256,75.22134,25.0,93.41744,39.60443,-10.427163,-2.7433434,75.59513,25.268707,92.26022,0.35176766
2.629166666666667,39.353928,-10.265953,-2.9304256,75.22134,25.0,93.41744,39.60765,-10.422726,-2.7299395,75.58891,25.276802,92.256775,0.3593714
2.6333333333333333,39.353928,-10.265953,-2.9304256,75.22134,25.0,93.41744,39.610607,-10.417095,-2.715289,75.581924,25.285446,92.25262,0.36743987
2.6375,39.353928,-10.265953,-2.9304256,75.22134,25.0,93.41744,39.612976,-10.409323,-2.7020779,75.57485,25.296051,92.24733,0.3739033
2.6416666666666666,39.353928,-10.265953,-2.9304256,75.22134,25.0,93.41744,39.614822,-10.398872,-2.6868868,75.569305,25.307823,92.241516,0.38084748
2.6458333333333335,39.353928,-10.265953,-2.9304256,75.22134,25.0,93.41744,39.61693,-10.3869,-2.671319,75.56265,25.319275,92.23538,0.3885018
2.65,39.353928,-10.265953,-2.9304256,75.22134,25.0,93.41744,39.618965,-10.374106,-2.6574516,75.55421,25.333637,92.23004,0.3955463
2.654166666666667,39.35394,-10.265932,-2.9304247,75.221306,25.0,93.41743,39.622093,-10.363972,-2.648263,75.542465,25.349136,92.22806,0.40141454
2.658333333333333,39.354023,-10.265793,-2.9304242,75.221085,25.0,93.4173,39.623123,-10.3529625,-2.6411505,75.519646,25.358074,92.23153,0.40458962
2.6625,39.354237,-10.26542,-2.9304252,75.2205,25.0,93.41699,39.620747,-10.3407345,-2.634678,75.49124,25.366955,92.235,0.40517443
2.6666666666666665,39.354652,-10.264703,-2.9304252,75.21937,25.0,93.41639,39.6175,-10.329544,-2.63167,75.45486,25.378422,92.23917,0.4031725
2.6708333333333334,39.35532,-10.263543,-2.9304261,75.217545,25.0,93.41543,39.60973,-10.319017,-2.6333733,75.41028,25.388615,92.24462,0.39502168
2.675,39.356304,-10.26184,-2.9304302,75.21486,25.0,93.41401,39.601826,-10.310629,-2.6380243,75.35756,25.409103,92.24571,0.38491866
2.6791666666666667,39.357647,-10.25951,-2.9304247,75.211205,25.0,93.41207,39.591984,-10.305578,-2.644906,75.2991,25.438057,92.242226,0.37223238
2.683333333333333,39.35941,-10.256463,-2.9304278,75.206406,25.0,93.40952,39.58197,-10.299883,-2.652996,75.23508,25.467415,92.239365,0.3583113
2.6875,39.36163,-10.252615,-2.9304242,75.20036,25.0,93.40632,39.574726,-10.293008,-2.6650448,75.16383,25.498287,92.240585,0.34273604
2.691666666666667,39.364353,-10.247902,-2.9304252,75.19295,25.0,93.402374,39.569324,-10.282295,-2.680108,75.08733,25.537613,92.24382,0.32535332
2.6958333333333333,39.367615,-10.242244,-2.9304233,75.18406,25.0,93.39767,39.56126,-10.265394,-2.692009,75.00786,25.572212,92.25537,0.3080193
2.7,39.37146,-10.235588,-2.9304237,75.17359,25.0,93.3921,39.55164,-10.246502,-2.701539,74.927765,25.599674,92.27821,0.29149958
2.7041666666666666,39.375916,-10.22787,-2.930427,75.16145,25.0,93.38564,39.537624,-10.224724,-2.714219,74.84826,25.615936,92.318794,0.27001026
2.7083333333333335,39.38102,-10.219031,-2.9304268,75.14756,25.0,93.37824,39.513416,-10.198946,-2.7230844,74.7758,25.624424,92.37077,0.2468262
2.7125,39.38679,-10.209032,-2.9304287,75.13184,25.0,93.36987,39.481617,-10.167559,-2.7308931,74.697266,25.629856,92.436066,0.22478083
2.716666666666667,39.393265,-10.197822,-2.9304247,75.114235,25.0,93.360466,39.444664,-10.128244,-2.7434988,74.61467,25.627563,92.51815,0.20597126
2.720833333333333,39.400455,-10.185364,-2.9304276,75.09466,25.0,93.350006,39.40268,-10.088963,-2.7620945,74.52203,25.603497,92.61455,0.19399525
2.725,39.40839,-10.171623,-2.9304276,75.073074,25.0,93.33845,39.35421,-10.050716,-2.7807055,74.42461,25.562408,92.7162,0.19992663
2.7291666666666665,39.417084,-10.156567,-2.9304266,75.04943,25.0,93.32577,39.302204,-10.013013,-2.805624,74.31414,25.517601,92.82859,0.22221765
2.7333333333333334,39.426548,-10.140172,-2.9304273,75.02369,25.0,93.311935,39.243404,-9.969651,-2.8412037,74.20624,25.49496,92.94989,0.26566854
2.7375,39.436802,-10.122414,-2.9304254,74.99582,25.0,93.29693,39.182434,-9.935462,-2.880208,74.08621,25.456837,93.07616,0.31964934
2.7416666666666667,39.44785,-10.103279,-2.9304273,74.96579,25.0,93.28072,39.120758,-9.904221,-2.9240665,73.95483,25.424282,93.200516,0.38295355
2.745833333333333,39.4597,-10.082749,-2.9304268,74.933586,25.0,93.263306,39.06629,-9.8733835,-2.9879827,73.810684,25.402893,93.30269,0.4493528
2.75,39.472366,-10.060813,-2.930428,74.899185,25.0,93.24465,39.00985,-9.845647,-3.066165,73.663734,25.374844,93.378044,0.5278662
2.754166666666667,39.485844,-10.03747,-2.9304266,74.862595,25.0,93.224754,38.955254,-9.811194,-3.1514826,73.51493,25.3573,93.44049,0.61773145
2.7583333333333333,39.500137,-10.012713,-2.9304283,74.8238,25.0,93.2036,38.902885,-9.767569,-3.2449918,73.36837,25.376049,93.49108,0.7181615
2.7625,39.515244,-9.986547,-2.9304252,74.78282,25.0,93.18118,38.865883,-9.718264,-3.3350263,73.2323,25.405632,93.52255,0.81076974
2.7666666666666666,39.531166,-9.958977,-2.9304254,74.739655,25.0,93.157486,38.839424,-9.669185,-3.420775,73.11682,25.433964,93.555115,0.8960631
2.7708333333333335,39.54789,-9.930002,-2.9304276,74.69431,25.0,93.13253,38.82016,-9.627327,-3.490346,73.020744,25.443584,93.59215,0.9668048
2.775,39.565414,-9.899645,-2.930427,74.646835,25.0,93.1063,38.80404,-9.590711,-3.552301,72.9371,25.455647,93.63388,1.0304658
2.779166666666667,39.583736,-9.867916,-2.930426,74.59724,25.0,93.07878,38.791183,-9.554008,-3.5959706,72.85655,25.455143,93.68333,1.0814936
2.783333333333333,39.602837,-9.834834,-2.9304242,74.545555,25.0,93.05,38.76913,-9.497619,-3.60323,72.78307,25.451756,93.75498,1.1231418
2.7875,39.622707,-9.800419,-2.9304278,74.49181,25.0,93.01996,38.748383,-9.435561,-3.5893764,72.716965,25.439285,93.830795,1.154027
2.7916666666666665,39.643333,-9.764693,-2.9304256,74.43607,25.0,92.98866,38.726692,-9.378843,-3.5749354,72.647064,25.414948,93.905556,1.1851178
2.7958333333333334,39.6647,-9.727682,-2.9304252,74.378365,25.0,92.95613,38.709602,-9.327079,-3.560791,72.56858,25.369762,93.97647,1.2124581
2.8,39.68679,-9.689419,-2.9304268,74.31874,25.0,92.92236,38.68837,-9.272489,-3.5511322,72.4854,25.32777,94.04468,1.2473772
2.8041666666666667,39.70959,-9.649932,-2.9304242,74.25726,25.0,92.887375,38.662804,-9.218267,-3.5526161,72.386665,25.297306,94.104454,1.2919832
2.808333333333333,39.733074,-9.609254,-2.9304252,74.19398,25.0,92.8512,38.64442,-9.164912,-3.5534701,72.29007,25.269611,94.1556,1.3307108
2.8125,39.757225,-9.567429,-2.9304295,74.12895,25.0,92.813835,38.62845,-9.110597,-3.5559497,72.20015,25.253517,94.20149,1.3689804
2.816666666666667,39.782017,-9.524484,-2.9304278,74.062256,25.0,92.77532,38.61821,-9.054172,-3.560402,72.11245,25.245071,94.24318,1.4044598
2.8208333333333333,39.80743,-9.480467,-2.930425,73.99396,25.0,92.73567,38.605522,-9.0002,-3.5646663,72.02429,25.235912,94.2809,1.441354
2.825,39.833435,-9.435422,-2.9304254,73.924126,25.0,92.69492,38.58611,-8.954558,-3.5723848,71.92772,25.214127,94.30864,1.4829577
2.8291666666666666,39.860012,-9.389392,-2.930429,73.85283,25.0,92.65309,38.57244,-8.911849,-3.5816512,71.82539,25.190105,94.330795,1.5198607
2.8333333333333335,39.88713,-9.342418,-2.930426,73.78016,25.0,92.61022,38.562057,-8.870111,-3.5903597,71.72534,25.163177,94.34029,1.5538355
2.8375,39.914764,-9.294556,-2.9304268,73.706184,25.0,92.56633,38.55136,-8.833845,-3.5978432,71.62723,25.139244,94.33685,1.5863693
2.841666666666667,39.942883,-9.245853,-2.9304268,73.631,25.0,92.52146,38.541393,-8.800742,-3.6044102,71.53062,25.120068,94.3277,1.6175753
2.845833333333333,39.97146,-9.196363,-2.9304292,73.55467,25.0,92.47564,38.53492,-8.770528,-3.6089144,71.43812,25.105324,94.310555,1.6447861
2.85,40.000458,-9.146131,-2.930426,73.47731,25.0,92.42893,38.531723,-8.735471,-3.6150112,71.341866,25.094952,94.28445,1.67167
2.8541666666666665,40.02985,-9.095221,-2.9304247,73.398994,25.0,92.381355,38.532738,-8.698758,-3.6248708,71.24342,25.09299,94.24979,1.697287
2.8583333333333334,40.05961,-9.043682,-2.930428,73.3198,25.0,92.33295,38.542427,-8.657799,-3.637989,71.14114,25.107262,94.21028,1.7179604
2.8625,40.089695,-8.99157,-2.930426,73.239845,25.0,92.283775,38.555706,-8.615876,-3.6529517,71.03867,25.12968,94.1652,1.7367532
2.8666666666666667,40.120075,-8.938948,-2.9304252,73.15921,25.0,92.23388,38.576523,-8.573022,-3.6693907,70.93562,25.154102,94.12139,1.7500074
2.870833333333333,40.150723,-8.88587,-2.930429,73.07798,25.0,92.18329,38.604553,-8.527671,-3.6792765,70.847176,25.183735,94.077675,1.7549127
2.875,40.181595,-8.832397,-2.9304292,72.99627,25.0,92.13208,38.64061,-8.477027,-3.6874032,70.75868,25.21708,94.03084,1.7532636
2.879166666666667,40.21266,-8.778584,-2.9304273,72.91416,25.0,92.0803,38.682472,-8.423065,-3.696041,70.66859,25.252106,93.98366,1.7475805
2.8833333333333333,40.24389,-8.724496,-2.9304264,72.83176,25.0,92.027985,38.72929,-8.366854,-3.706111,70.57786,25.289185,93.93375,1.7388514
2.8875,40.275238,-8.670194,-2.9304252,72.74915,25.0,91.97521,38.77969,-8.307824,-3.7176533,70.48639,25.33023,93.879944,1.7284977
2.8916666666666666,40.30668,-8.615742,-2.930426,72.66644,25.0,91.92201,38.83457,-8.246453,-3.7299786,70.39746,25.375576,93.82362,1.7154466
2.8958333333333335,40.338173,-8.561191,-2.9304264,72.58372,25.0,91.86847,38.89634,-8.18491,-3.740899,70.312126,25.42292,93.7646,1.6962715
2.9,40.369686,-8.506614,-2.9304276,72.50108,25.0,91.81462,38.963223,-8.122026,-3.7521648,70.23153,25.470528,93.7026,1.6737082
2.904166666666667,40.401176,-8.452064,-2.9304237,72.41864,25.0,91.76056,39.027725,-8.056191,-3.7648134,70.15625,25.530048,93.63755,1.6550797
2.908333333333333,40.432617,-8.397609,-2.9304266,72.336464,25.0,91.706314,39.09252,-7.9891205,-3.7791476,70.084854,25.58892,93.570114,1.6380006
2.9125,40.46397,-8.3433075,-2.9304276,72.25466,25.0,91.651955,39.159405,-7.920515,-3.7935238,70.01676,25.646267,93.498375,1.620364
2.9166666666666665,40.495197,-8.289221,-2.930424,72.17333,25.0,91.59756,39.2297,-7.851119,-3.8086834,69.94969,25.708961,93.42486,1.601487
2.9208333333333334,40.526264,-8.23541,-2.9304245,72.09255,25.0,91.54318,39.299213,-7.781785,-3.822847,69.88224,25.76664,93.34879,1.5836183
2.925,40.557137,-8.181935,-2.9304247,72.01242,25.0,91.4889,39.36779,-7.713271,-3.8359222,69.81279,25.814388,93.27209,1.566562
2.9291666666666667,40.58778,-8.128858,-2.930427,71.93302,25.0,91.43476,39.43567,-7.644455,-3.8464842,69.74474,25.858543,93.1927,1.5495697
2.933333333333333,40.618164,-8.076234,-2.9304266,71.85445,25.0,91.38084,39.504204,-7.5738792,-3.8522058,69.682175,25.907642,93.11249,1.5306679
2.9375,40.648254,-8.024127,-2.9304283,71.77678,25.0,91.32719,39.571434,-7.5049944,-3.8536582,69.62146,25.949703,93.03407,1.5104285
2.941666666666667,40.678005,-7.972586,-2.9304278,71.7001,25.0,91.27391,39.634647,-7.436919,-3.8566852,69.56266,25.976685,92.956406,1.4944857
2.9458333333333333,40.7074,-7.921672,-2.9304273,71.6245,25.0,91.22104,39.693672,-7.370528,-3.8595333,69.495605,25.989857,92.88437,1.481433
2.95,40.7364,-7.8714433,-2.9304242,71.55005,25.0,91.168655,39.74717,-7.307184,-3.862485,69.42768,25.991295,92.813065,1.4716331
2.9541666666666666,40.764973,-7.821951,-2.930425,71.47682,25.0,91.11683,39.796974,-7.2519617,-3.8646255,69.36846,25.986458,92.74448,1.4610405
2.9583333333333335,40.793095,-7.7732472,-2.9304242,71.40489,25.0,91.0656,39.84573,-7.2025595,-3.8655953,69.32193,25.976654,92.671005,1.4483541
2.9625,40.820724,-7.725384,-2.9304247,71.334335,25.0,91.01507,39.8904,-7.1620283,-3.8696141,69.28194,25.954357,92.590805,1.4369936
2.966666666666667,40.847843,-7.678413,-2.930423,71.26522,25.0,90.96527,39.932095,-7.117406,-3.8658009,69.24275,25.93948,92.509834,1.4241685
2.970833333333333,40.87442,-7.6323833,-2.9304276,71.1976,25.0,90.916275,39.973206,-7.0841064,-3.8583798,69.22535,25.91642,92.42238,1.4049523
2.975,40.90043,-7.587335,-2.9304264,71.13155,25.0,90.86815,40.021576,-7.0657625,-3.8447652,69.22071,25.873775,92.32811,1.3712898
2.9791666666666665,40.925842,-7.543321,-2.9304278,71.06713,25.0,90.820946,40.075134,-7.052182,-3.8247094,69.2341,25.820335,92.23557,1.3284055
2.9833333333333334,40.950634,-7.5003777,-2.9304242,71.004395,25.0,90.774734,40.131607,-7.0416927,-3.7960339,69.249435,25.742733,92.14935,1.2769014
2.9875,40.974785,-7.458549,-2.9304264,70.94338,25.0,90.72956,40.181995,-7.0257673,-3.7497797,69.258125,25.645866,92.07205,1.2194896
2.9916666666666667,40.99827,-7.417875,-2.9304283,70.884155,25.0,90.685486,40.231674,-7.0141935,-3.6888208,69.27378,25.52795,92.000046,1.151427
2.995833333333333,41.021065,-7.3783855,-2.9304252,70.82676,25.0,90.64256,40.285595,-6.998082,-3.6219873,69.283676,25.40615,91.92722,1.0787978
3.0,41.04316,-7.340122,-2.9304273,70.771225,25.0,90.60082,40.335075,-6.9936113,-3.5402284,69.31482,25.26524,91.84894,0.9966495
3.004166666666667,41.064526,-7.3031125,-2.930425,70.717606,25.0,90.56034,40.38249,-6.9980164,-3.4562511,69.36859,25.116386,91.76345,0.91364753
3.0083333333333333,41.08515,-7.2673864,-2.9304245,70.665924,25.0,90.52115,40.42332,-7.0066996,-3.3659801,69.43745,24.964325,91.68538,0.83407825
3.0125,41.105026,-7.2329717,-2.9304247,70.61621,25.0,90.48327,40.458645,-7.0210123,-3.2763443,69.52973,24.82838,91.61006,0.7631488
3.0166666666666666,41.124123,-7.1998873,-2.9304276,70.56849,25.0,90.44678,40.48868,-7.03529,-3.1864634,69.6183,24.714684,91.537155,0.7045791
3.0208333333333335,41.14244,-7.168161,-2.9304266,70.5228,25.0,90.41168,40.522408,-7.052393,-3.0926971,69.7121,24.621063,91.464516,0.6512873
3.025,41.15997,-7.1378016,-2.9304254,70.47913,25.0,90.37801,40.565903,-7.067956,-3.0012255,69.82061,24.549107,91.37744,0.60233396
3.029166666666667,41.176693,-7.10883,-2.930424,70.43752,25.0,90.34582,40.614372,-7.082631,-2.9135342,69.9239,24.482666,91.28259,0.563184
3.033333333333333,41.19261,-7.0812564,-2.9304314,70.39796,25.0,90.3151,40.658844,-7.1048803,-2.8353376,70.02149,24.405018,91.18362,0.5426867
3.0375,41.20772,-7.0550904,-2.9304314,70.360466,25.0,90.28588,40.710644,-7.133807,-2.7681236,70.11763,24.343216,91.07234,0.5287973
3.0416666666666665,41.22201,-7.030334,-2.930424,70.32505,25.0,90.258194,40.759487,-7.1652966,-2.712144,70.19577,24.295887,90.96147,0.5289517
3.0458333333333334,41.235493,-7.006992,-2.9304247,70.29168,25.0,90.23202,40.80243,-7.182023,-2.6608725,70.25923,24.24923,90.83875,0.53929424
3.05,41.248154,-6.9850564,-2.930427,70.26035,25.0,90.2074,40.855587,-7.192026,-2.6149473,70.329666,24.200005,90.70352,0.5444929
3.0541666666666667,41.26001,-6.964526,-2.9304268,70.231064,25.0,90.184296,40.89672,-7.202635,-2.5866966,70.37515,24.159138,90.56962,0.5539178
3.058333333333333,41.271057,-6.9453907,-2.9304273,70.20379,25.0,90.162735,40.942833,-7.202859,-2.5854607,70.42851,24.171623,90.44426,0.541316
3.0625,41.28131,-6.9276323,-2.9304245,70.178505,25.0,90.1427,40.97825,-7.1985054,-2.5853662,70.486885,24.212742,90.324265,0.5331831
3.066666666666667,41.290775,-6.9112377,-2.9304268,70.155174,25.0,90.12418,41.010704,-7.1943827,-2.5999393,70.53381,24.27988,90.203354,0.5175258
3.0708333333333333,41.299465,-6.8961816,-2.9304233,70.13377,25.0,90.10716,41.043625,-7.193103,-2.6242094,70.57233,24.362408,90.080185,0.49737653
3.075,41.3074,-6.882441,-2.9304278,70.11424,25.0,90.0916,41.079025,-7.187011,-2.654173,70.60207,24.457985,89.95232,0.4703556
3.0791666666666666,41.314594,-6.869984,-2.9304252,70.09656,25.0,90.07747,41.117645,-7.1796083,-2.6850433,70.624985,24.559097,89.82966,0.44143888
3.0833333333333335,41.321064,-6.858774,-2.930425,70.08065,25.0,90.06476,41.157562,-7.1697683,-2.715332,70.64131,24.669224,89.71451,0.41196498
3.0875,41.326843,-6.8487744,-2.9304283,70.06646,25.0,90.05339,41.199287,-7.159136,-2.747799,70.65879,24.784847,89.60759,0.38203165
3.091666666666667,41.33194,-6.8399367,-2.9304278,70.05393,25.0,90.04336,41.24393,-7.147214,-2.7808552,70.66912,24.901115,89.51578,0.35289773
3.095833333333333,41.3364,-6.8322153,-2.9304261,70.04299,25.0,90.03458,41.288948,-7.1367655,-2.8128672,70.6797,25.007011,89.43367,0.3298826
3.1,41.34024,-6.825558,-2.9304256,70.03356,25.0,90.02701,41.331486,-7.128413,-2.8441525,70.69165,25.102905,89.35685,0.31502518
3.1041666666666665,41.343506,-6.819904,-2.9304268,70.02555,25.0,90.02057,41.371525,-7.123966,-2.86874,70.703445,25.18758,89.28886,0.31151924
3.1083333333333334,41.34623,-6.8151875,-2.9304254,70.018875,25.0,90.0152,41.408783,-7.1226654,-2.888421,70.7157,25.261974,89.23072,0.3165754
3.1125,41.34845,-6.8113427,-2.9304237,70.013435,25.0,90.01082,41.442,-7.1226387,-2.9020605,70.72788,25.32256,89.180786,0.3262845
3.1166666666666667,41.35021,-6.8082943,-2.930426,70.00912,25.0,90.00735,41.469448,-7.125293,-2.908783,70.73983,25.369473,89.140465,0.3393738
3.120833333333333,41.351555,-6.8059626,-2.9304278,70.00581,25.0,90.004684,41.491577,-7.128399,-2.909339,70.75243,25.405151,89.110634,0.3521593
3.125,41.352535,-6.804262,-2.9304266,70.00341,25.0,90.002754,41.509094,-7.131407,-2.9048185,70.76715,25.4314,89.0896,0.36357954
3.129166666666667,41.353207,-6.8031025,-2.930426,70.00177,25.0,90.00143,41.523132,-7.1350365,-2.8952198,70.78388,25.44833,89.07631,0.3745589
3.1333333333333333,41.35362,-6.802386,-2.9304264,70.000755,25.0,90.00061,41.53494,-7.13785,-2.8824015,70.800674,25.46017,89.06933,0.38434294
3.1375,41.353836,-6.8020124,-2.930425,70.00023,25.0,90.00018,41.54364,-7.139223,-2.8709307,70.81594,25.474358,89.06329,0.391505
3.1416666666666666,41.353916,-6.8018727,-2.9304254,70.00003,25.0,90.00002,41.549435,-7.139908,-2.857936,70.830505,25.484673,89.06169,0.3971775
3.1458333333333335,41.353928,-6.8018513,-2.930426,70.0,25.0,90.0,41.55362,-7.1400833,-2.8441925,70.843925,25.490154,89.0636,0.40213668
3.15,41.353928,-6.8018513,-2.930426,70.0,25.0,90.0,41.557903,-7.1412582,-2.8294258,70.85689,25.491364,89.06686,0.40866143
3.154166666666667,41.353928,-6.8018513,-2.930426,70.0,25.0,90.0,41.56161,-7.1427794,-2.8147383,70.86988,25.491085,89.07028,0.41562968
3.158333333333333,41.353928,-6.8018513,-2.930426,70.0,25.0,90.0,41.564365,-7.144272,-2.800785,70.88169,25.49044,89.07356,0.42230633
3.1625,41.353928,-6.8018513,-2.930426,70.0,25.0,90.0,41.566784,-7.1452456,-2.7875223,70.8919,25.489193,89.07636,0.42854273
3.1666666666666665,41.353928,-6.8018513,-2.930426,70.0,25.0,90.0,41.56888,-7.14557,-2.7746277,70.900314,25.487335,89.07896,0.4343032
3.1708333333333334,41.353928,-6.8018513,-2.930426,70.0,25.0,90.0,41.570717,-7.1456604,-2.7619457,70.90733,25.484253,89.081024,0.4399862
3.175,41.353928,-6.8018513,-2.930426,70.0,25.0,90.0,41.572132,-7.145879,-2.7493362,70.913704,25.479668,89.08281,0.44582686
3.1791666666666667,41.353928,-6.8018513,-2.930426,70.0,25.0,90.0,41.573524,-7.146388,-2.7365532,70.91912,25.473976,89.0848,0.45223334
3.183333333333333,41.353928,-6.8018513,-2.930426,70.0,25.0,90.0,41.57493,-7.1466904,-2.7241468,70.924194,25.467403,89.08647,0.4585917
3.1875,41.353928,-6.8018513,-2.930426,70.0,25.0,90.0,41.576324,-7.1466007,-2.7122355,70.92901,25.460102,89.087585,0.46467152
3.191666666666667,41.353928,-6.8018513,-2.930426,70.0,25.0,90.0,41.57764,-7.1461735,-2.7007914,70.9336,25.451801,89.08841,0.47046494
3.1958333333333333,41.353928,-6.8018513,-2.930426,70.0,25.0,90.0,41.578823,-7.145602,-2.6900864,70.93827,25.442547,89.08936,0.47592622
3.2,41.353928,-6.8018513,-2.930426,70.0,25.0,90.0,41.579857,-7.145091,-2.6803713,70.94258,25.433254,89.09012,0.4810248
3.2041666666666666,41.353928,-6.8018513,-2.930426,70.0,25.0,90.0,41.580784,-7.144615,-2.6716547,70.94653,25.424301,89.09058,0.48570913
3.2083333333333335,41.353928,-6.8018513,-2.930426,70.0,25.0,90.0,41.58151,-7.1441927,-2.6639853,70.94994,25.415604,89.09083,0.48987892
3.2125,41.353928,-6.8018513,-2.930426,70.0,25.0,90.0,41.58197,-7.1439133,-2.6574059,70.95293,25.407448,89.090935,0.49350762
3.216666666666667,41.353928,-6.8018513,-2.930426,70.0,25.0,90.0,41.5823,-7.143813,-2.6518946,70.955376,25.400234,89.09104,0.4966596
3.220833333333333,41.353928,-6.8018513,-2.930426,70.0,25.0,90.0,41.582504,-7.143881,-2.6474533,70.9573,25.394093,89.09113,0.4993045
3.225,41.353928,-6.8018513,-2.930426,70.0,25.0,90.0,41.58259,-7.144039,-2.644022,70.95877,25.389137,89.09125,0.50140345
3.2291666666666665,41.353928,-6.8018513,-2.930426,70.0,25.0,90.0,41.582634,-7.1441956,-2.6414938,70.9598,25.385326,89.09132,0.5029791
3.2333333333333334,41.353928,-6.8018513,-2.930426,70.0,25.0,90.0,41.5827,-7.144287,-2.6397247,70.960464,25.382679,89.09134,0.504089
3.2375,41.353928,-6.8018513,-2.930426,70.0,25.0,90.0,41.582767,-7.1443224,-2.638566,70.96087,25.380997,89.091354,0.5048132
3.2416666666666667,41.353928,-6.8018513,-2.930426,70.0,25.0,90.0,41.58283,-7.1443424,-2.6378508,70.96114,25.379997,89.09139,0.5052683
3.245833333333333,41.353928,-6.8018513,-2.930426,70.0,25.0,90.0,41.58285,-7.1443176,-2.6374521,70.96133,25.37949,89.09144,0.50549275
3.25,41.353928,-6.8018513,-2.930426,70.0,25.0,90.0,41.582874,-7.1443024,-2.6372423,70.96143,25.37928,89.091484,0.5056144
3.254166666666667,41.353928,-6.8018513,-2.930426,70.0,25.0,90.0,41.58288,-7.1443014,-2.637145,70.961494,25.379208,89.09151,0.5056719
3.2583333333333333,41.353928,-6.8018513,-2.930426,70.0,25.0,90.0,41.58288,-7.1442986,-2.6371174,70.96151,25.379192,89.091515,0.50568604
3.2625,41.353928,-6.8018513,-2.930426,70.0,25.0,90.0,41.58288,-7.144292,-2.637107,70.96152,25.379189,89.091515,0.5056876
3.2666666666666666,41.353928,-6.8018513,-2.930426,70.0,25.0,90.0,41.582882,-7.144292,-2.6371088,70.96152,25.379192,89.091515,0.5056882
3.2708333333333335,41.353928,-6.8018513,-2.930426,70.0,25.0,90.0,41.582882,-7.14429,-2.6371098,70.96152,25.379192,89.091515,0.5056864
3.275,41.353928,-6.8018513,-2.930426,70.0,25.0,90.0,41.582882,-7.144292,-2.6371098,70.96151,25.379192,89.091515,0.50568765
3.279166666666667,41.353928,-6.8018513,-2.930426,70.0,25.0,90.0,41.582882,-7.144292,-2.6371078,70.96151,25.379192,89.09152,0.5056888
3.283333333333333,41.353928,-6.8018513,-2.930426,70.0,25.0,90.0,41.58288,-7.144292,-2.6371088,70.96151,25.379189,89.09152,0.50568646
3.2875,41.353928,-6.8018513,-2.930426,70.0,25.0,90.0,41.58288,-7.144292,-2.6371107,70.96151,25.379185,89.09153,0.5056854
3.2916666666666665,41.353928,-6.8018513,-2.930426,70.0,25.0,90.0,41.582882,-7.14429,-2.637107,70.96151,25.379189,89.09153,0.505688
3.2958333333333334,41.353928,-6.8018513,-2.930426,70.0,25.0,90.0,41.58288,-7.144292,-2.6371088,70.96151,25.379189,89.09153,0.50568646
3.3,41.353928,-6.8018513,-2.930426,70.0,25.0,90.0,41.582882,-7.144289,-2.6371117,70.9615,25.379189,89.09153,0.5056846
3.3041666666666667,41.353928,-6.8018513,-2.930426,70.0,25.0,90.0,41.58288,-7.144289,-2.6371088,70.96151,25.379189,89.09153,0.50568455
3.308333333333333,41.353928,-6.8018513,-2.930426,70.0,25.0,90.0,41.58288,-7.144287,-2.6371088,70.9615,25.379189,89.09153,0.50568324
3.3125,41.353928,-6.8018513,-2.930426,70.0,25.0,90.0,41.58288,-7.144289,-2.6371107,70.96151,25.379192,89.09153,0.5056834
3.316666666666667,41.353928,-6.8018513,-2.930426,70.0,25.0,90.0,41.582882,-7.144289,-2.6371107,70.96151,25.379192,89.09153,0.50568515
3.3208333333333333,41.353928,-6.8018513,-2.930426,70.0,25.0,90.0,41.58288,-7.144286,-2.6371098,70.96151,25.379192,89.09153,0.50568205
3.325,41.353928,-6.8018513,-2.930426,70.0,25.0,90.0,41.58288,-7.144287,-2.6371107,70.96151,25.379189,89.09153,0.5056821
3.3291666666666666,41.353928,-6.8018513,-2.930426,70.0,25.0,90.0,41.58288,-7.144287,-2.6371107,70.96151,25.379192,89.09153,0.5056821
3.3333333333333335,41.353928,-6.8018513,-2.930426,70.0,25.0,90.0,41.58288,-7.144289,-2.6371078,70.96151,25.379192,89.09153,0.5056851
3.3375,41.353928,-6.8018513,-2.930426,70.0,25.0,90.0,41.582874,-7.144289,-2.6371126,70.96151,25.379192,89.09153,0.5056806
3.341666666666667,41.353928,-6.8018513,-2.930426,70.0,25.0,90.0,41.582874,-7.14429,-2.6371107,70.96151,25.379192,89.09153,0.50568235
3.345833333333333,41.353928,-6.8018513,-2.930426,70.0,25.0,90.0,41.58288,-7.14429,-2.6371117,70.96152,25.379192,89.09153,0.50568354
3.35,41.353928,-6.8018513,-2.930426,70.0,25.0,90.0,41.58288,-7.14429,-2.6371117,70.96152,25.379192,89.09153,0.50568354
3.3541666666666665,41.353928,-6.8018513,-2.930426,70.0,25.0,90.0,41.582874,-7.144289,-2.6371088,70.96151,25.379192,89.09153,0.5056828
3.3583333333333334,41.353928,-6.8018513,-2.930426,70.0,25.0,90.0,41.58288,-7.144289,-2.6371078,70.96152,25.379192,89.09153,0.5056851
3.3625,41.353928,-6.8018513,-2.930426,70.0,25.0,90.0,41.58288,-7.144289,-2.6371098,70.96152,25.379192,89.09153,0.50568396
3.3666666666666667,41.353928,-6.8018513,-2.930426,70.0,25.0,90.0,41.58288,-7.144289,-2.6371126,70.96152,25.379196,89.09153,0.5056823
3.370833333333333,41.353928,-6.8018513,-2.930426,70.0,25.0,90.0,41.58288,-7.14429,-2.6371117,70.96152,25.379196,89.09153,0.50568354
3.375,41.353928,-6.8018513,-2.930426,70.0,25.0,90.0,41.58288,-7.144292,-2.6371098,70.96152,25.379192,89.09153,0.5056859
3.379166666666667,41.353928,-6.8018513,-2.930426,70.0,25.0,90.0,41.582874,-7.14429,-2.6371107,70.96151,25.379196,89.09153,0.50568235
3.3833333333333333,41.353928,-6.8018513,-2.930426,70.0,25.0,90.0,41.58288,-7.144289,-2.6371107,70.96152,25.379192,89.09153,0.5056834
3.3875,41.353928,-6.8018513,-2.930426,70.0,25.0,90.0,41.582874,-7.144289,-2.637105,70.96152,25.379196,89.09152,0.50568503
3.3916666666666666,41.353928,-6.8018513,-2.930426,70.0,25.0,90.0,41.58288,-7.14429,-2.6371117,70.96151,25.379196,89.09152,0.50568354
3.3958333333333335,41.353928,-6.8018513,-2.930426,70.0,25.0,90.0,41.58288,-7.14429,-2.6371098,70.96152,25.379196,89.09152,0.5056846
3.4,41.353928,-6.8018513,-2.930426,70.0,25.0,90.0,41.58288,-7.144289,-2.6371098,70.96152,25.379196,89.09153,0.50568396
3.404166666666667,41.353928,-6.8018513,-2.930426,70.0,25.0,90.0,41.58288,-7.14429,-2.637107,70.96151,25.3792,89.09153,0.5056863
3.408333333333333,41.353928,-6.8018513,-2.930426,70.0,25.0,90.0,41.58288,-7.144292,-2.6371078,70.96151,25.379196,89.09152,0.505687
3.4125,41.353928,-6.8018513,-2.930426,70.0,25.0,90.0,41.58288,-7.14429,-2.6371078,70.96152,25.3792,89.09152,0.50568575
3.4166666666666665,41.353928,-6.8018513,-2.930426,70.0,25.0,90.0,41.58288,-7.144292,-2.6371098,70.96152,25.3792,89.09152,0.5056859
3.4208333333333334,41.353928,-6.8018513,-2.930426,70.0,25.0,90.0,41.582882,-7.14429,-2.6371117,70.96152,25.379192,89.09152,0.50568527
3.425,41.353928,-6.8018513,-2.930426,70.0,25.0,90.0,41.58288,-7.14429,-2.6371078,70.96152,25.379196,89.091515,0.50568575
3.4291666666666667,41.353928,-6.8018513,-2.930426,70.0,25.0,90.0,41.58288,-7.144289,-2.6371117,70.96152,25.379196,89.091515,0.5056829
3.433333333333333,41.353928,-6.8018513,-2.930426,70.0,25.0,90.0,41.58288,-7.144292,-2.6371126,70.96152,25.379196,89.091515,0.50568426
3.4375,41.353928,-6.8018513,-2.930426,70.0,25.0,90.0,41.58288,-7.144293,-2.6371117,70.96152,25.379192,89.091515,0.50568545
3.441666666666667,41.353928,-6.8018513,-2.930426,70.0,25.0,90.0,41.58288,-7.1442957,-2.6371098,70.96152,25.379196,89.091515,0.5056885
3.4458333333333333,41.353928,-6.8018513,-2.930426,70.0,25.0,90.0,41.582882,-7.144292,-2.6371117,70.96152,25.379192,89.091515,0.5056865
3.45,41.353928,-6.8018513,-2.930426,70.0,25.0,90.0,41.582882,-7.144293,-2.6371098,70.96152,25.379196,89.091515,0.5056883
3.4541666666666666,41.353928,-6.8018513,-2.930426,70.0,25.0,90.0,41.582882,-7.144293,-2.6371107,70.96152,25.379192,89.091515,0.5056877
3.4583333333333335,41.353928,-6.8018513,-2.930426,70.0,25.0,90.0,41.582882,-7.144293,-2.6371078,70.96152,25.379189,89.091515,0.5056894
3.4625,41.353928,-6.8018513,-2.930426,70.0,25.0,90.0,41.582882,-7.144292,-2.637105,70.96152,25.379189,89.09152,0.5056904
3.466666666666667,41.353928,-6.8018513,-2.930426,70.0,25.0,90.0,41.582882,-7.144293,-2.6371078,70.96152,25.379192,89.09152,0.5056894
3.470833333333333,41.353928,-6.8018513,-2.930426,70.0,25.0,90.0,41.582882,-7.144292,-2.637107,70.96152,25.379185,89.09152,0.5056893
3.475,41.353928,-6.8018513,-2.930426,70.0,25.0,90.0,41.582882,-7.144292,-2.6371078,70.96152,25.379185,89.09152,0.5056888
3.4791666666666665,41.353928,-6.8018513,-2.930426,70.0,25.0,90.0,41.582886,-7.144293,-2.637107,70.96152,25.379185,89.09152,0.50569165
3.4833333333333334,41.353928,-6.8018513,-2.930426,70.0,25.0,90.0,41.582882,-7.144292,-2.6371088,70.96152,25.379192,89.091515,0.5056882
3.4875,41.353928,-6.8018513,-2.930426,70.0,25.0,90.0,41.582886,-7.144292,-2.6371078,70.96152,25.379192,89.09152,0.50569046
3.4916666666666667,41.353928,-6.8018513,-2.930426,70.0,25.0,90.0,41.582882,-7.144292,-2.6371088,70.96152,25.379189,89.09152,0.5056882
3.495833333333333,41.353928,-6.8018513,-2.930426,70.0,25.0,90.0,41.582882,-7.144292,-2.6371088,70.96152,25.379189,89.09152,0.5056882
3.5,41.353928,-6.8018513,-2.930426,70.0,25.0,90.0,41.582882,-7.144292,-2.6371088,70.96152,25.379189,89.09152,0.5056882
3.504166666666667,41.353928,-6.8018513,-2.930426,70.0,25.0,90.0,41.582882,-7.144292,-2.6371088,70.96152,25.379189,89.09152,0.5056882
3.5083333333333333,41.353928,-6.8018513,-2.930426,70.0,25.0,90.0,41.582882,-7.144292,-2.6371088,70.96152,25.379189,89.09152,0.5056882
3.5125,41.353928,-6.8018513,-2.930426,70.0,25.0,90.0,41.582882,-7.144292,-2.6371088,70.96152,25.379189,89.09152,0.5056882
3.5166666666666666,41.353928,-6.8018513,-2.930426,70.0,25.0,90.0,41.582882,-7.144292,-2.6371088,70.96152,25.379189,89.09152,0.5056882
3.5208333333333335,41.353928,-6.8018513,-2.930426,70.0,25.0,90.0,41.582882,-7.144292,-2.6371088,70.96152,25.379189,89.09152,0.5056882
3.525,41.353928,-6.8018513,-2.930426,70.0,25.0,90.0,41.582882,-7.144292,-2.6371088,70.96152,25.379189,89.09152,0.5056882
3.529166666666667,41.353928,-6.8018513,-2.930426,70.0,25.0,90.0,41.582882,-7.144292,-2.6371088,70.96152,25.379189,89.09152,0.5056882
3.533333333333333,41.353928,-6.8018513,-2.930426,70.0,25.0,90.0,41.582882,-7.144292,-2.6371088,70.96152,25.379189,89.09152,0.5056882
3.5375,41.353928,-6.8018513,-2.930426,70.0,25.0,90.0,41.582882,-7.144292,-2.6371088,70.96152,25.379189,89.09152,0.5056882
3.5416666666666665,41.353928,-6.8018513,-2.930426,70.0,25.0,90.0,41.582882,-7.144292,-2.6371088,70.96152,25.379189,89.09152,0.5056882
3.5458333333333334,41.353928,-6.8018513,-2.930426,70.0,25.0,90.0,41.582882,-7.144292,-2.6371088,70.96152,25.379189,89.09152,0.5056882
3.55,41.353928,-6.8018513,-2.930426,70.0,25.0,90.0,41.582882,-7.144292,-2.6371088,70.96152,25.379189,89.09152,0.5056882
3.5541666666666667,41.353928,-6.8018513,-2.930426,70.0,25.0,90.0,41.582882,-7.144292,-2.6371088,70.96152,25.379189,89.09152,0.5056882
3.558333333333333,41.353928,-6.8018513,-2.930426,70.0,25.0,90.0,41.582882,-7.144292,-2.6371088,70.96152,25.379189,89.09152,0.5056882
3.5625,41.353928,-6.8018513,-2.930426,70.0,25.0,90.0,41.582882,-7.144292,-2.6371088,70.96152,25.379189,89.09152,0.5056882
3.566666666666667,41.353928,-6.8018513,-2.930426,70.0,25.0,90.0,41.582882,-7.144292,-2.6371088,70.96152,25.379189,89.09152,0.5056882
3.5708333333333333,41.353928,-6.8018513,-2.930426,70.0,25.0,90.0,41.582882,-7.144292,-2.6371088,70.96152,25.379189,89.09152,0.5056882
3.575,41.353928,-6.8018513,-2.930426,70.0,25.0,90.0,41.582882,-7.144292,-2.6371088,70.96152,25.379189,89.09152,0.5056882
3.5791666666666666,41.353928,-6.8018513,-2.930426,70.0,25.0,90.0,41.582882,-7.144292,-2.6371088,70.96152,25.379189,89.09152,0.5056882
3.5833333333333335,41.353928,-6.8018513,-2.930426,70.0,25.0,90.0,41.582882,-7.144292,-2.6371088,70.96152,25.379189,89.09152,0.5056882
3.5875,41.353928,-6.8018513,-2.930426,70.0,25.0,90.0,41.582882,-7.144292,-2.6371088,70.96152,25.379189,89.09152,0.5056882
3.591666666666667,41.353928,-6.8018513,-2.930426,70.0,25.0,90.0,41.582882,-7.144292,-2.6371088,70.96152,25.379189,89.09152,0.5056882
3.595833333333333,41.353928,-6.8018513,-2.930426,70.0,25.0,90.0,41.582882,-7.144292,-2.6371088,70.96152,25.379189,89.09152,0.5056882
3.6,41.353928,-6.8018513,-2.930426,70.0,25.0,90.0,41.582882,-7.144292,-2.6371088,70.96152,25.379189,89.09152,0.5056882
3.6041666666666665,41.353928,-6.8018513,-2.930426,70.0,25.0,90.0,41.582882,-7.144292,-2.6371088,70.96152,25.379189,89.09152,0.5056882
3.6083333333333334,41.353928,-6.8018513,-2.930426,70.0,25.0,90.0,41.582882,-7.144292,-2.6371088,70.96152,25.379189,89.09152,0.5056882
3.6125,41.353928,-6.8018513,-2.930426,70.0,25.0,90.0,41.582882,-7.144292,-2.6371088,70.96152,25.379189,89.09152,0.5056882
3.6166666666666667,41.353928,-6.8018513,-2.930426,70.0,25.0,90.0,41.582882,-7.144292,-2.6371088,70.96152,25.379189,89.09152,0.5056882
3.620833333333333,41.353928,-6.8018513,-2.930426,70.0,25.0,90.0,41.582882,-7.144292,-2.6371088,70.96152,25.379189,89.09152,0.5056882
3.625,41.353928,-6.8018513,-2.930426,70.0,25.0,90.0,41.582882,-7.144292,-2.6371088,70.96152,25.379189,89.09152,0.5056882
3.629166666666667,41.353928,-6.8018513,-2.930426,70.0,25.0,90.0,41.582882,-7.144292,-2.6371088,70.96152,25.379189,89.09152,0.5056882
3.6333333333333333,41.353928,-6.8018513,-2.930426,70.0,25.0,90.0,41.582882,-7.144292,-2.6371088,70.96152,25.379189,89.09152,0.5056882
3.6375,41.353928,-6.8018513,-2.930426,70.0,25.0,90.0,41.582882,-7.144292,-2.6371088,70.96152,25.379189,89.09152,0.5056882
3.6416666666666666,41.353928,-6.8018513,-2.930426,70.0,25.0,90.0,41.582882,-7.144292,-2.6371088,70.96152,25.379189,89.09152,0.5056882
3.6458333333333335,41.353928,-6.8018513,-2.930426,70.0,25.0,90.0,41.582882,-7.144292,-2.6371088,70.96152,25.379189,89.09152,0.5056882
3.65,41.353928,-6.8018513,-2.930426,70.0,25.0,90.0,41.582882,-7.144292,-2.6371088,70.96152,25.379189,89.09152,0.5056882
3.654166666666667,41.353928,-6.8018513,-2.930426,70.0,25.0,90.0,41.582882,-7.144293,-2.6371078,70.96152,25.379192,89.09152,0.5056894
3.658333333333333,41.353928,-6.8018513,-2.930426,70.0,25.0,90.0,41.582882,-7.144292,-2.637105,70.96152,25.379189,89.09152,0.5056904
3.6625,41.353928,-6.8018513,-2.930426,70.0,25.0,90.0,41.582886,-7.144289,-2.6371088,70.96152,25.379189,89.09152,0.505688
3.6666666666666665,41.353928,-6.8018513,-2.930426,70.0,25.0,90.0,41.582882,-7.14429,-2.6371078,70.96152,25.379189,89.09152,0.5056875
3.6708333333333334,41.353928,-6.8018513,-2.930426,70.0,25.0,90.0,41.582886,-7.144292,-2.637107,70.96151,25.379192,89.09152,0.50569105
3.675,41.353928,-6.8018513,-2.930426,70.0,25.0,90.0,41.582882,-7.144292,-2.6371088,70.96151,25.379189,89.09152,0.5056882
3.6791666666666667,41.353928,-6.8018513,-2.930426,70.0,25.0,90.0,41.582882,-7.144292,-2.6371088,70.96151,25.379185,89.09153,0.5056882
3.683333333333333,41.353928,-6.8018513,-2.930426,70.0,25.0,90.0,41.582882,-7.144292,-2.6371088,70.96151,25.379189,89.09153,0.5056882
3.6875,41.353928,-6.8018513,-2.930426,70.0,25.0,90.0,41.58288,-7.144289,-2.6371098,70.96151,25.379189,89.09153,0.50568396
3.691666666666667,41.353928,-6.8018513,-2.930426,70.0,25.0,90.0,41.58288,-7.144289,-2.6371088,70.9615,25.379192,89.09153,0.50568455
3.6958333333333333,41.353928,-6.8018513,-2.930426,70.0,25.0,90.0,41.58288,-7.14429,-2.6371098,70.9615,25.379189,89.09153,0.5056846
3.7,41.353928,-6.8018513,-2.930426,70.0,25.0,90.0,41.58288,-7.14429,-2.6371098,70.96151,25.379189,89.09153,0.5056846
3.7041666666666666,41.353928,-6.8018513,-2.930426,70.0,25.0,90.0,41.58288,-7.144289,-2.6371078,70.96151,25.379192,89.09153,0.5056851
3.7083333333333335,41.353928,-6.8018513,-2.930426,70.0,25.0,90.0,41.58288,-7.144289,-2.6371078,70.96152,25.379192,89.09153,0.5056851
3.7125,41.353928,-6.8018513,-2.930426,70.0,25.0,90.0,41.58288,-7.144287,-2.6371088,70.96151,25.379192,89.09153,0.50568324
3.716666666666667,41.353928,-6.8018513,-2.930426,70.0,25.0,90.0,41.582874,-7.144289,-2.6371098,70.96151,25.379192,89.09153,0.50568223
3.720833333333333,41.353928,-6.8018513,-2.930426,70.0,25.0,90.0,41.58288,-7.144287,-2.6371088,70.96151,25.379192,89.09153,0.50568324
3.725,41.353928,-6.8018513,-2.930426,70.0,25.0,90.0,41.58288,-7.144287,-2.6371117,70.96151,25.379196,89.09153,0.5056816
3.7291666666666665,41.353928,-6.8018513,-2.930426,70.0,25.0,90.0,41.58288,-7.144286,-2.637107,70.96152,25.379196,89.09153,0.5056837
3.7333333333333334,41.353928,-6.8018513,-2.930426,70.0,25.0,90.0,41.58288,-7.144287,-2.6371088,70.96151,25.379192,89.09153,0.50568324
3.7375,41.353928,-6.8018513,-2.930426,70.0,25.0,90.0,41.58288,-7.144289,-2.637105,70.96152,25.379192,89.09153,0.5056867
3.7416666666666667,41.353928,-6.8018513,-2.930426,70.0,25.0,90.0,41.58288,-7.144289,-2.6371088,70.96151,25.379192,89.09153,0.50568455
3.745833333333333,41.353928,-6.8018513,-2.930426,70.0,25.0,90.0,41.58288,-7.144289,-2.6371107,70.96151,25.379192,89.09153,0.5056834
3.75,41.353928,-6.8018513,-2.930426,70.0,25.0,90.0,41.58288,-7.14429,-2.6371088,70.96152,25.379196,89.09153,0.5056852
3.754166666666667,41.353928,-6.8018513,-2.930426,70.0,25.0,90.0,41.58288,-7.14429,-2.6371107,70.96151,25.379196,89.09153,0.5056841
3.7583333333333333,41.353928,-6.8018513,-2.930426,70.0,25.0,90.0,41.58288,-7.14429,-2.6371098,70.96151,25.379192,89.09153,0.5056846
3.7625,41.353928,-6.8018513,-2.930426,70.0,25.0,90.0,41.58288,-7.14429,-2.6371107,70.96152,25.379196,89.09153,0.5056841
3.7666666666666666,41.353928,-6.8018513,-2.930426,70.0,25.0,90.0,41.58288,-7.14429,-2.6371107,70.96152,25.379196,89.09153,0.5056841
3.7708333333333335,41.353928,-6.8018513,-2.930426,70.0,25.0,90.0,41.58288,-7.144292,-2.6371107,70.96152,25.379196,89.09153,0.5056854
3.775,41.353928,-6.8018513,-2.930426,70.0,25.0,90.0,41.58288,-7.144289,-2.6371078,70.96152,25.3792,89.09153,0.5056851
3.779166666666667,41.353928,-6.8018513,-2.930426,70.0,25.0,90.0,41.58288,-7.144292,-2.6371098,70.96152,25.379196,89.09153,0.5056859
3.783333333333333,41.353928,-6.8018513,-2.930426,70.0,25.0,90.0,41.58288,-7.14429,-2.6371117,70.96152,25.379196,89.09152,0.50568354
3.7875,41.353928,-6.8018513,-2.930426,70.0,25.0,90.0,41.58288,-7.144292,-2.6371078,70.96152,25.3792,89.09153,0.505687
3.7916666666666665,41.353928,-6.8018513,-2.930426,70.0,25.0,90.0,41.58288,-7.14429,-2.6371098,70.96151,25.379204,89.09153,0.5056846
3.7958333333333334,41.353928,-6.8018513,-2.930426,70.0,25.0,90.0,41.582874,-7.144287,-2.6371078,70.96152,25.3792,89.09153,0.50568205
3.8,41.353928,-6.8018513,-2.930426,70.0,25.0,90.0,41.58288,-7.144287,-2.6371078,70.96151,25.379196,89.09152,0.50568384
3.8041666666666667,41.353928,-6.8018513,-2.930426,70.0,25.0,90.0,41.58288,-7.144289,-2.6371078,70.96151,25.379208,89.09152,0.5056851
3.808333333333333,41.353928,-6.8018513,-2.930426,70.0,25.0,90.0,41.58288,-7.144289,-2.6371117,70.96152,25.379204,89.09152,0.5056829
3.8125,41.353928,-6.8018513,-2.930426,70.0,25.0,90.0,41.58288,-7.144289,-2.6371107,70.96152,25.3792,89.09152,0.5056834
3.816666666666667,41.353928,-6.8018513,-2.930426,70.0,25.0,90.0,41.58288,-7.144292,-2.637107,70.961525,25.379196,89.09152,0.5056876
3.8208333333333333,41.353928,-6.8018513,-2.930426,70.0,25.0,90.0,41.58288,-7.14429,-2.6371078,70.96152,25.379192,89.09152,0.50568575
3.825,41.353928,-6.8018513,-2.930426,70.0,25.0,90.0,41.58288,-7.144289,-2.6371078,70.96152,25.379196,89.09152,0.5056851
3.8291666666666666,41.353928,-6.8018513,-2.930426,70.0,25.0,90.0,41.58288,-7.144292,-2.6371088,70.96152,25.379196,89.09152,0.50568646
3.8333333333333335,41.353928,-6.8018513,-2.930426,70.0,25.0,90.0,41.58288,-7.144293,-2.6371107,70.961525,25.379196,89.091515,0.50568604
3.8375,41.353928,-6.8018513,-2.930426,70.0,25.0,90.0,41.58288,-7.1442947,-2.6371107,70.96152,25.379192,89.091515,0.5056873
3.841666666666667,41.353928,-6.8018513,-2.930426,70.0,25.0,90.0,41.58288,-7.144292,-2.6371078,70.96152,25.379192,89.09152,0.505687
3.845833333333333,41.353928,-6.8018513,-2.930426,70.0,25.0,90.0,41.582882,-7.144293,-2.6371117,70.96152,25.379196,89.091515,0.5056872
3.85,41.353928,-6.8018513,-2.930426,70.0,25.0,90.0,41.582882,-7.144292,-2.637107,70.96152,25.379192,89.09152,0.5056893
3.8541666666666665,41.353928,-6.8018513,-2.930426,70.0,25.0,90.0,41.582882,-7.1442947,-2.637107,70.96152,25.379192,89.09152,0.50569123
3.8583333333333334,41.353928,-6.8018513,-2.930426,70.0,25.0,90.0,41.58288,-7.144292,-2.6371078,70.96152,25.379192,89.09152,0.505687
3.8625,41.353928,-6.8018513,-2.930426,70.0,25.0,90.0,41.582882,-7.144289,-2.637105,70.96152,25.379192,89.09152,0.5056885
3.8666666666666667,41.353928,-6.8018513,-2.930426,70.0,25.0,90.0,41.582882,-7.144289,-2.637104,70.96152,25.379189,89.09152,0.505689
3.870833333333333,41.353928,-6.8018513,-2.930426,70.0,25.0,90.0,41.582882,-7.144292,-2.6371078,70.96152,25.379192,89.09152,0.5056888
3.875,41.353928,-6.8018513,-2.930426,70.0,25.0,90.0,41.58288,-7.14429,-2.6371078,70.96152,25.379189,89.09152,0.50568575
3.879166666666667,41.353928,-6.8018513,-2.930426,70.0,25.0,90.0,41.58288,-7.14429,-2.637105,70.96152,25.379192,89.09152,0.50568736
3.8833333333333333,41.353928,-6.8018513,-2.930426,70.0,25.0,90.0,41.58288,-7.144289,-2.637107,70.96152,25.379192,89.09152,0.5056856
3.8875,41.353928,-6.8018513,-2.930426,70.0,25.0,90.0,41.58288,-7.144289,-2.637107,70.96152,25.379192,89.09152,0.5056856
3.8916666666666666,41.353928,-6.8018513,-2.930426,70.0,25.0,90.0,41.58288,-7.144289,-2.637107,70.96152,25.379192,89.09152,0.5056856
3.8958333333333335,41.353928,-6.8018513,-2.930426,70.0,25.0,90.0,41.58288,-7.144289,-2.637107,70.96152,25.379192,89.09152,0.5056856
3.9,41.353928,-6.8018513,-2.930426,70.0,25.0,90.0,41.58288,-7.144289,-2.637107,70.96152,25.379192,89.09152,0.5056856
3.904166666666667,41.353928,-6.8018513,-2.930426,70.0,25.0,90.0,41.58288,-7.144289,-2.637107,70.96152,25.379192,89.09152,0.5056856
3.908333333333333,41.353928,-6.8018513,-2.930426,70.0,25.0,90.0,41.58288,-7.144289,-2.637107,70.96152,25.379192,89.09152,0.5056856
3.9125,41.353928,-6.8018513,-2.930426,70.0,25.0,90.0,41.58288,-7.144289,-2.637107,70.96152,25.379192,89.09152,0.5056856
3.9166666666666665,41.353928,-6.8018513,-2.930426,70.0,25.0,90.0,41.58288,-7.144289,-2.637107,70.96152,25.379192,89.09152,0.5056856
3.9208333333333334,41.353928,-6.8018513,-2.930426,70.0,25.0,90.0,41.58288,-7.144289,-2.637107,70.96152,25.379192,89.09152,0.5056856
3.925,41.353928,-6.8018513,-2.930426,70.0,25.0,90.0,41.58288,-7.144289,-2.637107,70.96152,25.379192,89.09152,0.5056856
3.9291666666666667,41.353928,-6.8018513,-2.930426,70.0,25.0,90.0,41.58288,-7.144289,-2.637107,70.96152,25.379192,89.09152,0.5056856
3.933333333333333,41.353928,-6.8018513,-2.930426,70.0,25.0,90.0,41.58288,-7.144289,-2.637107,70.96152,25.379192,89.09152,0.5056856
3.9375,41.353928,-6.8018513,-2.930426,70.0,25.0,90.0,41.58288,-7.144289,-2.637107,70.96152,25.379192,89.09152,0.5056856
3.941666666666667,41.353928,-6.8018513,-2.930426,70.0,25.0,90.0,41.58288,-7.144289,-2.637107,70.96152,25.379192,89.09152,0.5056856
3.9458333333333333,41.353928,-6.8018513,-2.930426,70.0,25.0,90.0,41.58288,-7.144289,-2.637107,70.96152,25.379192,89.09152,0.5056856
3.95,41.353928,-6.8018513,-2.930426,70.0,25.0,90.0,41.58288,-7.144289,-2.637107,70.96152,25.379192,89.09152,0.5056856
3.9541666666666666,41.353928,-6.8018513,-2.930426,70.0,25.0,90.0,41.58288,-7.144289,-2.637107,70.96152,25.379192,89.09152,0.5056856
3.9583333333333335,41.353928,-6.8018513,-2.930426,70.0,25.0,90.0,41.58288,-7.144289,-2.637107,70.96152,25.379192,89.09152,0.5056856
3.9625,41.353928,-6.8018513,-2.930426,70.0,25.0,90.0,41.58288,-7.144289,-2.637107,70.96152,25.379192,89.09152,0.5056856
3.966666666666667,41.353928,-6.8018513,-2.930426,70.0,25.0,90.0,41.58288,-7.144289,-2.637107,70.96152,25.379192,89.09152,0.5056856
3.970833333333333,41.353928,-6.8018513,-2.930426,70.0,25.0,90.0,41.58288,-7.144289,-2.637107,70.96152,25.379192,89.09152,0.5056856
3.975,41.353928,-6.8018513,-2.930426,70.0,25.0,90.0,41.58288,-7.144289,-2.637107,70.96152,25.379192,89.09152,0.5056856
3.9791666666666665,41.353928,-6.8018513,-2.930426,70.0,25.0,90.0,41.58288,-7.144289,-2.637107,70.96152,25.379192,89.09152,0.5056856
3.9833333333333334,41.353928,-6.8018513,-2.930426,70.0,25.0,90.0,41.58288,-7.144289,-2.637107,70.96152,25.379192,89.09152,0.5056856
3.9875,41.353928,-6.8018513,-2.930426,70.0,25.0,90.0,41.58288,-7.144289,-2.637107,70.96152,25.379192,89.09152,0.5056856
3.9916666666666667,41.353928,-6.8018513,-2.930426,70.0,25.0,90.0,41.58288,-7.144289,-2.637107,70.96152,25.379192,89.09152,0.5056856
3.995833333333333,41.353928,-6.8018513,-2.930426,70.0,25.0,90.0,41.58288,-7.144289,-2.637107,70.96152,25.379192,89.09152,0.5056856
4.0,41.353928,-6.8018513,-2.930426,70.0,25.0,90.0,41.58288,-7.144289,-2.637107,70.96152,25.379192,89.09152,0.5056856
4.004166666666666,41.353928,-6.8018513,-2.930426,70.0,25.0,90.0,41.58288,-7.144289,-2.637107,70.96152,25.379192,89.09152,0.5056856
4.008333333333334,41.353928,-6.8018513,-2.930426,70.0,25.0,90.0,41.58288,-7.144289,-2.637107,70.96152,25.379192,89.09152,0.5056856
4.0125,41.353928,-6.8018513,-2.930426,70.0,25.0,90.0,41.58288,-7.144289,-2.637107,70.96152,25.379192,89.09152,0.5056856
4.016666666666667,41.353928,-6.8018513,-2.930426,70.0,25.0,90.0,41.58288,-7.144289,-2.637107,70.96152,25.379192,89.09152,0.5056856
4.020833333333333,41.353928,-6.8018513,-2.930426,70.0,25.0,90.0,41.58288,-7.144289,-2.637107,70.96152,25.379192,89.09152,0.5056856
4.025,41.353928,-6.8018513,-2.930426,70.0,25.0,90.0,41.58288,-7.144289,-2.637107,70.96152,25.379192,89.09152,0.5056856
4.029166666666667,41.353928,-6.8018513,-2.930426,70.0,25.0,90.0,41.58288,-7.144289,-2.637107,70.96152,25.379192,89.09152,0.5056856
4.033333333333333,41.353928,-6.8018513,-2.930426,70.0,25.0,90.0,41.58288,-7.144289,-2.637107,70.96152,25.379192,89.09152,0.5056856
4.0375,41.353928,-6.8018513,-2.930426,70.0,25.0,90.0,41.58288,-7.144289,-2.637104,70.96152,25.379192,89.09152,0.5056873
4.041666666666667,41.353928,-6.8018513,-2.930426,70.0,25.0,90.0,41.58288,-7.144289,-2.637105,70.96152,25.379192,89.09152,0.5056867
4.045833333333333,41.353928,-6.8018513,-2.930426,70.0,25.0,90.0,41.58288,-7.144287,-2.637105,70.96152,25.379192,89.09152,0.50568545
4.05,41.353928,-6.8018513,-2.930426,70.0,25.0,90.0,41.58288,-7.144289,-2.637107,70.96152,25.379189,89.09152,0.5056856
4.054166666666666,41.353928,-6.8018513,-2.930426,70.0,25.0,90.0,41.58288,-7.144289,-2.6371088,70.96151,25.379192,89.09152,0.50568455
4.058333333333334,41.353928,-6.8018513,-2.930426,70.0,25.0,90.0,41.582882,-7.14429,-2.6371098,70.96151,25.379189,89.09152,0.5056864
4.0625,41.353928,-6.8018513,-2.930426,70.0,25.0,90.0,41.582882,-7.144289,-2.6371098,70.96151,25.379192,89.09152,0.50568575
4.066666666666666,41.353928,-6.8018513,-2.930426,70.0,25.0,90.0,41.58288,-7.14429,-2.637105,70.96151,25.379189,89.09152,0.50568736
4.070833333333334,41.353928,-6.8018513,-2.930426,70.0,25.0,90.0,41.58288,-7.14429,-2.6371078,70.96151,25.379189,89.09153,0.50568575
4.075,41.353928,-6.8018513,-2.930426,70.0,25.0,90.0,41.58288,-7.144289,-2.6371078,70.96151,25.379185,89.09153,0.5056851
4.079166666666667,41.353928,-6.8018513,-2.930426,70.0,25.0,90.0,41.58288,-7.14429,-2.637107,70.96151,25.379189,89.09153,0.5056863
4.083333333333333,41.353928,-6.8018513,-2.930426,70.0,25.0,90.0,41.58288,-7.144289,-2.6371078,70.9615,25.379185,89.09153,0.5056851
4.0875,41.353928,-6.8018513,-2.930426,70.0,25.0,90.0,41.58288,-7.144286,-2.6371078,70.96151,25.379185,89.09154,0.5056832
4.091666666666667,41.353928,-6.8018513,-2.930426,70.0,25.0,90.0,41.58288,-7.144286,-2.6371078,70.9615,25.379192,89.09153,0.5056832
4.095833333333333,41.353928,-6.8018513,-2.930426,70.0,25.0,90.0,41.58288,-7.144286,-2.6371098,70.96151,25.379192,89.09154,0.50568205
4.1,41.353928,-6.8018513,-2.930426,70.0,25.0,90.0,41.58288,-7.144286,-2.6371088,70.96151,25.379196,89.09153,0.5056826
4.104166666666667,41.353928,-6.8018513,-2.930426,70.0,25.0,90.0,41.582874,-7.144286,-2.6371088,70.96151,25.379189,89.09153,0.5056809
4.108333333333333,41.353928,-6.8018513,-2.930426,70.0,25.0,90.0,41.58288,-7.1442842,-2.6371078,70.96151,25.379192,89.09153,0.5056819
4.1125,41.353928,-6.8018513,-2.930426,70.0,25.0,90.0,41.58288,-7.144287,-2.6371107,70.96151,25.379196,89.09153,0.5056821
4.116666666666666,41.353928,-6.8018513,-2.930426,70.0,25.0,90.0,41.58288,-7.1442842,-2.6371078,70.96151,25.3792,89.09153,0.5056819
4.120833333333334,41.353928,-6.8018513,-2.930426,70.0,25.0,90.0,41.58288,-7.144286,-2.6371078,70.96151,25.379192,89.09153,0.5056832
4.125,41.353928,-6.8018513,-2.930426,70.0,25.0,90.0,41.58288,-7.1442842,-2.6371107,70.96152,25.379192,89.09153,0.5056802
4.129166666666666,41.353928,-6.8018513,-2.930426,70.0,25.0,90.0,41.58288,-7.144286,-2.6371088,70.96152,25.379192,89.09153,0.5056826
4.133333333333334,41.353928,-6.8018513,-2.930426,70.0,25.0,90.0,41.58288,-7.144287,-2.6371098,70.96151,25.3792,89.09153,0.5056827
4.1375,41.353928,-6.8018513,-2.930426,70.0,25.0,90.0,41.582874,-7.144287,-2.6371088,70.96151,25.3792,89.09153,0.5056815
4.141666666666667,41.353928,-6.8018513,-2.930426,70.0,25.0,90.0,41.58288,-7.14429,-2.6371088,70.96152,25.379196,89.09153,0.5056852
4.145833333333333,41.353928,-6.8018513,-2.930426,70.0,25.0,90.0,41.58288,-7.14429,-2.6371088,70.96152,25.379196,89.09153,0.5056852
4.15,41.353928,-6.8018513,-2.930426,70.0,25.0,90.0,41.58288,-7.14429,-2.6371098,70.96152,25.379196,89.09153,0.5056846
4.154166666666667,41.353928,-6.8018513,-2.930426,70.0,25.0,90.0,41.58288,-7.144289,-2.6371098,70.96152,25.379192,89.09153,0.50568396
4.158333333333333,41.353928,-6.8018513,-2.930426,70.0,25.0,90.0,41.58288,-7.14429,-2.6371098,70.96152,25.379196,89.09153,0.5056846
4.1625,41.353928,-6.8018513,-2.930426,70.0,25.0,90.0,41.58288,-7.144289,-2.6371107,70.96151,25.379192,89.09153,0.5056834
4.166666666666667,41.353928,-6.8018513,-2.930426,70.0,25.0,90.0,41.58288,-7.144289,-2.6371088,70.96152,25.379192,89.09153,0.50568455
4.170833333333333,41.353928,-6.8018513,-2.930426,70.0,25.0,90.0,41.582882,-7.144289,-2.6371088,70.96151,25.379192,89.09153,0.5056863
4.175,41.353928,-6.8018513,-2.930426,70.0,25.0,90.0,41.58288,-7.144287,-2.6371098,70.96151,25.379192,89.09153,0.5056827
4.179166666666666,41.353928,-6.8018513,-2.930426,70.0,25.0,90.0,41.58288,-7.144289,-2.6371078,70.96151,25.3792,89.09153,0.5056851
4.183333333333334,41.353928,-6.8018513,-2.930426,70.0,25.0,90.0,41.58288,-7.144287,-2.6371088,70.96152,25.3792,89.09153,0.50568324
4.1875,41.353928,-6.8018513,-2.930426,70.0,25.0,90.0,41.58288,-7.144289,-2.6371078,70.96152,25.3792,89.09152,0.5056851
4.191666666666666,41.353928,-6.8018513,-2.930426,70.0,25.0,90.0,41.58288,-7.144286,-2.6371078,70.96152,25.379196,89.09152,0.5056832
4.195833333333334,41.353928,-6.8018513,-2.930426,70.0,25.0,90.0,41.582874,-7.14429,-2.637107,70.96151,25.3792,89.09152,0.50568455
4.2,41.353928,-6.8018513,-2.930426,70.0,25.0,90.0,41.58288,-7.14429,-2.6371098,70.96151,25.3792,89.09152,0.5056846
4.204166666666667,41.353928,-6.8018513,-2.930426,70.0,25.0,90.0,41.58288,-7.144292,-2.6371107,70.96152,25.379196,89.09152,0.5056854
4.208333333333333,41.353928,-6.8018513,-2.930426,70.0,25.0,90.0,41.58288,-7.144292,-2.6371098,70.96152,25.3792,89.09152,0.5056859
4.2125,41.353928,-6.8018513,-2.930426,70.0,25.0,90.0,41.582874,-7.144287,-2.6371088,70.96152,25.3792,89.09152,0.5056815
4.216666666666667,41.353928,-6.8018513,-2.930426,70.0,25.0,90.0,41.58288,-7.144289,-2.6371088,70.96152,25.379192,89.091515,0.50568455
4.220833333333333,41.353928,-6.8018513,-2.930426,70.0,25.0,90.0,41.58288,-7.144292,-2.6371088,70.96152,25.379196,89.091515,0.50568646
4.225,41.353928,-6.8018513,-2.930426,70.0,25.0,90.0,41.58288,-7.14429,-2.6371107,70.961525,25.379192,89.091515,0.5056841
4.229166666666667,41.353928,-6.8018513,-2.930426,70.0,25.0,90.0,41.58288,-7.1442947,-2.6371117,70.961525,25.379196,89.091515,0.50568676
4.233333333333333,41.353928,-6.8018513,-2.930426,70.0,25.0,90.0,41.58288,-7.144292,-2.6371117,70.96152,25.379192,89.091515,0.5056848
4.2375,41.353928,-6.8018513,-2.930426,70.0,25.0,90.0,41.58288,-7.144292,-2.6371107,70.96152,25.3792,89.09152,0.5056854
4.241666666666666,41.353928,-6.8018513,-2.930426,70.0,25.0,90.0,41.582882,-7.14429,-2.637107,70.96152,25.379192,89.09152,0.505688
4.245833333333334,41.353928,-6.8018513,-2.930426,70.0,25.0,90.0,41.58288,-7.144293,-2.637105,70.96152,25.379192,89.09152,0.5056893
4.25,41.353928,-6.8018513,-2.930426,70.0,25.0,90.0,41.58288,-7.144292,-2.637105,70.96152,25.379192,89.09152,0.50568867
4.254166666666666,41.353928,-6.8018513,-2.930426,70.0,25.0,90.0,41.58288,-7.144293,-2.6371088,70.96152,25.379192,89.09152,0.5056871
4.258333333333334,41.353928,-6.8018513,-2.930426,70.0,25.0,90.0,41.582882,-7.144292,-2.637107,70.96152,25.379196,89.09152,0.5056893
4.2625,41.353928,-6.8018513,-2.930426,70.0,25.0,90.0,41.582882,-7.144293,-2.637103,70.96152,25.379192,89.09152,0.5056922
4.266666666666667,41.353928,-6.8018513,-2.930426,70.0,25.0,90.0,41.58288,-7.14429,-2.637103,70.96152,25.379192,89.09152,0.5056885
4.270833333333333,41.353928,-6.8018513,-2.930426,70.0,25.0,90.0,41.58288,-7.144292,-2.637105,70.96152,25.379192,89.09152,0.50568867
4.275,41.353928,-6.8018513,-2.930426,70.0,25.0,90.0,41.58288,-7.144293,-2.637104,70.96152,25.379192,89.09152,0.50568986
4.279166666666667,41.353928,-6.8018513,-2.930426,70.0,25.0,90.0,41.582882,-7.144292,-2.637103,70.96152,25.379192,89.09152,0.5056915
4.283333333333333,41.353928,-6.8018513,-2.930426,70.0,25.0,90.0,41.582882,-7.144292,-2.637103,70.96152,25.379192,89.09152,0.5056915
4.2875,41.353928,-6.8018513,-2.930426,70.0,25.0,90.0,41.582882,-7.144292,-2.637103,70.96152,25.379192,89.09152,0.5056915
4.291666666666667,41.353928,-6.8018513,-2.930426,70.0,25.0,90.0,41.582882,-7.144292,-2.637103,70.96152,25.379192,89.09152,0.5056915
4.295833333333333,41.353928,-6.8018513,-2.930426,70.0,25.0,90.0,41.582882,-7.144292,-2.637103,70.96152,25.379192,89.09152,0.5056915
4.3,41.353928,-6.8018513,-2.930426,70.0,25.0,90.0,41.582882,-7.144292,-2.637103,70.96152,25.379192,89.09152,0.5056915
4.304166666666666,41.353928,-6.8018513,-2.930426,70.0,25.0,90.0,41.582882,-7.144292,-2.637103,70.96152,25.379192,89.09152,0.5056915
4.308333333333334,41.353928,-6.8018513,-2.930426,70.0,25.0,90.0,41.582882,-7.144292,-2.637103,70.96152,25.379192,89.09152,0.5056915
4.3125,41.353928,-6.8018513,-2.930426,70.0,25.0,90.0,41.582882,-7.144292,-2.637103,70.96152,25.379192,89.09152,0.5056915
4.316666666666666,41.353928,-6.8018513,-2.930426,70.0,25.0,90.0,41.582882,-7.144292,-2.637103,70.96152,25.379192,89.09152,0.5056915
4.320833333333334,41.353928,-6.8018513,-2.930426,70.0,25.0,90.0,41.582882,-7.144292,-2.637103,70.96152,25.379192,89.09152,0.5056915
4.325,41.353928,-6.8018513,-2.930426,70.0,25.0,90.0,41.582882,-7.144292,-2.637103,70.96152,25.379192,89.09152,0.5056915
4.329166666666667,41.353928,-6.8018513,-2.930426,70.0,25.0,90.0,41.582882,-7.144292,-2.637103,70.96152,25.379192,89.09152,0.5056915
4.333333333333333,41.353928,-6.8018513,-2.930426,70.0,25.0,90.0,41.582882,-7.144292,-2.637103,70.96152,25.379192,89.09152,0.5056915
4.3375,41.353928,-6.8018513,-2.930426,70.0,25.0,90.0,41.582882,-7.144292,-2.637103,70.96152,25.379192,89.09152,0.5056915
4.341666666666667,41.353928,-6.8018513,-2.930426,70.0,25.0,90.0,41.582882,-7.144292,-2.637103,70.96152,25.379192,89.09152,0.5056915
4.345833333333333,41.353928,-6.8018513,-2.930426,70.0,25.0,90.0,41.582882,-7.144292,-2.637103,70.96152,25.379192,89.09152,0.5056915
4.35,41.353928,-6.8018513,-2.930426,70.0,25.0,90.0,41.582882,-7.144292,-2.637103,70.96152,25.379192,89.09152,0.5056915
4.354166666666667,41.353928,-6.8018513,-2.930426,70.0,25.0,90.0,41.582882,-7.144292,-2.637103,70.96152,25.379192,89.09152,0.5056915
4.358333333333333,41.353928,-6.8018513,-2.930426,70.0,25.0,90.0,41.582882,-7.144292,-2.637103,70.96152,25.379192,89.09152,0.5056915
4.3625,41.353928,-6.8018513,-2.930426,70.0,25.0,90.0,41.582882,-7.144292,-2.637103,70.96152,25.379192,89.09152,0.5056915
4.366666666666666,41.353928,-6.8018513,-2.930426,70.0,25.0,90.0,41.582882,-7.144292,-2.637103,70.96152,25.379192,89.09152,0.5056915
4.370833333333334,41.353928,-6.8018513,-2.930426,70.0,25.0,90.0,41.582882,-7.144292,-2.637103,70.96152,25.379192,89.09152,0.5056915
4.375,41.353928,-6.8018513,-2.930426,70.0,25.0,90.0,41.582882,-7.144292,-2.637103,70.96152,25.379192,89.09152,0.5056915
4.379166666666666,41.353928,-6.8018513,-2.930426,70.0,25.0,90.0,41.582882,-7.144292,-2.637103,70.96152,25.379192,89.09152,0.5056915
4.383333333333334,41.353928,-6.8018513,-2.930426,70.0,25.0,90.0,41.582882,-7.144292,-2.637103,70.96152,25.379192,89.09152,0.5056915
4.3875,41.353928,-6.8018513,-2.930426,70.0,25.0,90.0,41.582882,-7.144292,-2.637103,70.96152,25.379192,89.09152,0.5056915
4.391666666666667,41.353928,-6.8018513,-2.930426,70.0,25.0,90.0,41.582882,-7.144292,-2.637103,70.96152,25.379192,89.09152,0.5056915
4.395833333333333,41.353928,-6.8018513,-2.930426,70.0,25.0,90.0,41.582882,-7.144292,-2.637103,70.96152,25.379192,89.09152,0.5056915
4.4,41.353928,-6.8018513,-2.930426,70.0,25.0,90.0,41.582882,-7.144292,-2.637103,70.96152,25.379192,89.09152,0.5056915
4.404166666666667,41.353928,-6.8018513,-2.930426,70.0,25.0,90.0,41.582882,-7.144292,-2.637103,70.96152,25.379192,89.09152,0.5056915
4.408333333333333,41.353928,-6.8018513,-2.930426,70.0,25.0,90.0,41.582882,-7.144292,-2.637103,70.96152,25.379192,89.09152,0.5056915
4.4125,41.353928,-6.8018513,-2.930426,70.0,25.0,90.0,41.582882,-7.144292,-2.637103,70.96152,25.379192,89.09152,0.5056915
4.416666666666667,41.353928,-6.8018513,-2.930426,70.0,25.0,90.0,41.582882,-7.144292,-2.637103,70.96152,25.379192,89.09152,0.5056915
4.420833333333333,41.353928,-6.8018513,-2.930426,70.0,25.0,90.0,41.582882,-7.144292,-2.637103,70.96152,25.379192,89.09152,0.5056915
4.425,41.353928,-6.8018513,-2.930426,70.0,25.0,90.0,41.582882,-7.144292,-2.637103,70.96152,25.379192,89.09152,0.5056915
4.429166666666666,41.353928,-6.8018513,-2.930426,70.0,25.0,90.0,41.582882,-7.144292,-2.637103,70.96152,25.379192,89.09152,0.5056915
4.433333333333334,41.353928,-6.8018513,-2.930426,70.0,25.0,90.0,41.582882,-7.144292,-2.637104,70.96152,25.379192,89.09152,0.505691
4.4375,41.353928,-6.8018513,-2.930426,70.0,25.0,90.0,41.582882,-7.144293,-2.637103,70.96152,25.379192,89.09152,0.5056922
4.441666666666666,41.353928,-6.8018513,-2.930426,70.0,25.0,90.0,41.582882,-7.144293,-2.637103,70.96152,25.379192,89.09152,0.5056922
4.445833333333334,41.353928,-6.8018513,-2.930426,70.0,25.0,90.0,41.582882,-7.144292,-2.637103,70.96152,25.379192,89.09152,0.5056915
4.45,41.353928,-6.8018513,-2.930426,70.0,25.0,90.0,41.582882,-7.144289,-2.637105,70.96152,25.379189,89.09152,0.5056885
4.454166666666667,41.353928,-6.8018513,-2.930426,70.0,25.0,90.0,41.582882,-7.14429,-2.6371098,70.96152,25.379192,89.09152,0.5056864
4.458333333333333,41.353928,-6.8018513,-2.930426,70.0,25.0,90.0,41.582882,-7.14429,-2.6371098,70.96151,25.379192,89.09152,0.5056864
4.4625,41.353928,-6.8018513,-2.930426,70.0,25.0,90.0,41.58288,-7.14429,-2.637107,70.96151,25.379189,89.09152,0.5056863
4.466666666666667,41.353928,-6.8018513,-2.930426,70.0,25.0,90.0,41.58288,-7.144292,-2.6371088,70.96151,25.379192,89.09152,0.50568646
4.470833333333333,41.353928,-6.8018513,-2.930426,70.0,25.0,90.0,41.58288,-7.14429,-2.6371088,70.9615,25.379185,89.09153,0.5056852
4.475,41.353928,-6.8018513,-2.930426,70.0,25.0,90.0,41.58288,-7.144287,-2.637107,70.96151,25.379185,89.09153,0.5056844
4.479166666666667,41.353928,-6.8018513,-2.930426,70.0,25.0,90.0,41.58288,-7.144287,-2.6371078,70.9615,25.379185,89.09153,0.50568384
4.483333333333333,41.353928,-6.8018513,-2.930426,70.0,25.0,90.0,41.58288,-7.14429,-2.637107,70.96151,25.379185,89.09153,0.5056863
4.4875,41.353928,-6.8018513,-2.930426,70.0,25.0,90.0,41.58288,-7.144287,-2.6371078,70.96151,25.379189,89.09154,0.50568384
4.491666666666666,41.353928,-6.8018513,-2.930426,70.0,25.0,90.0,41.58288,-7.1442842,-2.6371107,70.96151,25.379192,89.09154,0.5056802
4.495833333333334,41.353928,-6.8018513,-2.930426,70.0,25.0,90.0,41.58288,-7.1442842,-2.637105,70.96151,25.379192,89.09153,0.50568354
4.5,41.353928,-6.8018513,-2.930426,70.0,25.0,90.0,41.58288,-7.144286,-2.637107,70.96151,25.379192,89.09154,0.5056837
4.504166666666666,41.353928,-6.8018513,-2.930426,70.0,25.0,90.0,41.58288,-7.1442842,-2.6371088,70.96151,25.379196,89.09153,0.5056813
4.508333333333334,41.353928,-6.8018513,-2.930426,70.0,25.0,90.0,41.58288,-7.1442842,-2.637107,70.96151,25.379196,89.09153,0.5056824
4.5125,41.353928,-6.8018513,-2.930426,70.0,25.0,90.0,41.58288,-7.144286,-2.6371088,70.96151,25.379196,89.09153,0.5056826
4.516666666666667,41.353928,-6.8018513,-2.930426,70.0,25.0,90.0,41.58288,-7.1442842,-2.6371098,70.96151,25.379196,89.09154,0.50568074
4.520833333333333,41.353928,-6.8018513,-2.930426,70.0,25.0,90.0,41.58288,-7.144287,-2.6371107,70.96151,25.379192,89.09153,0.5056821
4.525,41.353928,-6.8018513,-2.930426,70.0,25.0,90.0,41.58288,-7.144287,-2.6371098,70.96152,25.379192,89.09153,0.5056827
4.529166666666667,41.353928,-6.8018513,-2.930426,70.0,25.0,90.0,41.582874,-7.144289,-2.6371088,70.96151,25.379192,89.09153,0.5056828
4.533333333333333,41.353928,-6.8018513,-2.930426,70.0,25.0,90.0,41.58288,-7.144289,-2.6371107,70.96152,25.379192,89.09153,0.5056834
4.5375,41.353928,-6.8018513,-2.930426,70.0,25.0,90.0,41.58288,-7.14429,-2.6371088,70.96152,25.379192,89.09153,0.5056852
4.541666666666667,41.353928,-6.8018513,-2.930426,70.0,25.0,90.0,41.58288,-7.144287,-2.6371088,70.96151,25.379196,89.09153,0.50568324
4.545833333333333,41.353928,-6.8018513,-2.930426,70.0,25.0,90.0,41.58288,-7.144289,-2.6371088,70.96152,25.379196,89.09153,0.50568455
4.55,41.353928,-6.8018513,-2.930426,70.0,25.0,90.0,41.58288,-7.144289,-2.6371098,70.96152,25.379196,89.09153,0.50568396
4.554166666666666,41.353928,-6.8018513,-2.930426,70.0,25.0,90.0,41.58288,-7.144287,-2.6371088,70.96152,25.379192,89.09153,0.50568324
4.558333333333334,41.353928,-6.8018513,-2.930426,70.0,25.0,90.0,41.58288,-7.144287,-2.6371088,70.96152,25.379192,89.09153,0.50568324
4.5625,41.353928,-6.8018513,-2.930426,70.0,25.0,90.0,41.58288,-7.144287,-2.6371107,70.96152,25.379196,89.09153,0.5056821
4.566666666666666,41.353928,-6.8018513,-2.930426,70.0,25.0,90.0,41.58288,-7.144287,-2.6371098,70.96152,25.3792,89.09153,0.5056827
4.570833333333334,41.353928,-6.8018513,-2.930426,70.0,25.0,90.0,41.58288,-7.144289,-2.6371117,70.96152,25.379196,89.09153,0.5056829
4.575,41.353928,-6.8018513,-2.930426,70.0,25.0,90.0,41.58288,-7.144287,-2.6371088,70.96152,25.379196,89.09153,0.50568324
4.579166666666667,41.353928,-6.8018513,-2.930426,70.0,25.0,90.0,41.58288,-7.144287,-2.637107,70.96152,25.3792,89.09153,0.5056844
4.583333333333333,41.353928,-6.8018513,-2.930426,70.0,25.0,90.0,41.582874,-7.144289,-2.6371098,70.96152,25.3792,89.09153,0.50568223
4.5875,41.353928,-6.8018513,-2.930426,70.0,25.0,90.0,41.582874,-7.144286,-2.637105,70.96152,25.3792,89.09153,0.50568306
4.591666666666667,41.353928,-6.8018513,-2.930426,70.0,25.0,90.0,41.58288,-7.144289,-2.637104,70.96152,25.3792,89.09153,0.5056873
4.595833333333333,41.353928,-6.8018513,-2.930426,70.0,25.0,90.0,41.582874,-7.144286,-2.6371098,70.96151,25.379204,89.09152,0.5056803
4.6,41.353928,-6.8018513,-2.930426,70.0,25.0,90.0,41.58288,-7.144289,-2.6371078,70.96152,25.379204,89.09152,0.5056851
4.604166666666667,41.353928,-6.8018513,-2.930426,70.0,25.0,90.0,41.58288,-7.14429,-2.6371107,70.96152,25.379204,89.09152,0.5056841
4.608333333333333,41.353928,-6.8018513,-2.930426,70.0,25.0,90.0,41.58288,-7.144289,-2.6371078,70.96152,25.3792,89.09152,0.5056851
4.6125,41.353928,-6.8018513,-2.930426,70.0,25.0,90.0,41.58288,-7.14429,-2.6371078,70.96152,25.3792,89.09152,0.50568575
4.616666666666666,41.353928,-6.8018513,-2.930426,70.0,25.0,90.0,41.58288,-7.14429,-2.637107,70.96152,25.379196,89.091515,0.5056863
4.620833333333334,41.353928,-6.8018513,-2.930426,70.0,25.0,90.0,41.58288,-7.144293,-2.6371098,70.96152,25.3792,89.09152,0.5056866
4.625,41.353928,-6.8018513,-2.930426,70.0,25.0,90.0,41.58288,-7.144292,-2.6371098,70.96152,25.379192,89.09152,0.5056859
4.629166666666666,41.353928,-6.8018513,-2.930426,70.0,25.0,90.0,41.58288,-7.144292,-2.6371126,70.96152,25.379192,89.09152,0.50568426
4.633333333333334,41.353928,-6.8018513,-2.930426,70.0,25.0,90.0,41.58288,-7.144292,-2.6371107,70.96152,25.379196,89.09152,0.5056854
4.6375,41.353928,-6.8018513,-2.930426,70.0,25.0,90.0,41.58288,-7.144292,-2.637107,70.96152,25.379192,89.09152,0.5056876
4.641666666666667,41.353928,-6.8018513,-2.930426,70.0,25.0,90.0,41.582882,-7.144292,-2.637107,70.96152,25.379192,89.091515,0.5056893
4.645833333333333,41.353928,-6.8018513,-2.930426,70.0,25.0,90.0,41.582882,-7.14429,-2.6371098,70.96151,25.379192,89.09152,0.5056864
4.65,41.353928,-6.8018513,-2.930426,70.0,25.0,90.0,41.582882,-7.144292,-2.637107,70.96152,25.379192,89.09152,0.5056893
4.654166666666667,41.353928,-6.8018513,-2.930426,70.0,25.0,90.0,41.582882,-7.144292,-2.637104,70.96152,25.379185,89.09152,0.505691
4.658333333333333,41.353928,-6.8018513,-2.930426,70.0,25.0,90.0,41.58288,-7.144292,-2.6371078,70.96152,25.379192,89.09152,0.505687
4.6625,41.353928,-6.8018513,-2.930426,70.0,25.0,90.0,41.58288,-7.144292,-2.6371078,70.96152,25.379192,89.09152,0.505687
4.666666666666667,41.353928,-6.8018513,-2.930426,70.0,25.0,90.0,41.582882,-7.144292,-2.637107,70.96152,25.379192,89.09152,0.5056893
4.670833333333333,41.353928,-6.8018513,-2.930426,70.0,25.0,90.0,41.58288,-7.144292,-2.637107,70.96152,25.379192,89.09152,0.5056876
4.675,41.353928,-6.8018513,-2.930426,70.0,25.0,90.0,41.582882,-7.144292,-2.6371088,70.96152,25.379192,89.09152,0.5056882
4.679166666666666,41.353928,-6.8018513,-2.930426,70.0,25.0,90.0,41.582882,-7.144292,-2.6371088,70.96152,25.379192,89.09152,0.5056882
4.683333333333334,41.353928,-6.8018513,-2.930426,70.0,25.0,90.0,41.582882,-7.144292,-2.6371088,70.96152,25.379192,89.09152,0.5056882
4.6875,41.353928,-6.8018513,-2.930426,70.0,25.0,90.0,41.582882,-7.144292,-2.6371088,70.96152,25.379192,89.09152,0.5056882
4.691666666666666,41.353928,-6.8018513,-2.930426,70.0,25.0,90.0,41.582882,-7.144292,-2.6371088,70.96152,25.379192,89.09152,0.5056882
4.695833333333334,41.353928,-6.8018513,-2.930426,70.0,25.0,90.0,41.582882,-7.144292,-2.6371088,70.96152,25.379192,89.09152,0.5056882
4.7,41.353928,-6.8018513,-2.930426,70.0,25.0,90.0,41.582882,-7.144292,-2.6371088,70.96152,25.379192,89.09152,0.5056882
4.704166666666667,41.353928,-6.8018513,-2.930426,70.0,25.0,90.0,41.582882,-7.144292,-2.6371088,70.96152,25.379192,89.09152,0.5056882
4.708333333333333,41.353928,-6.8018513,-2.930426,70.0,25.0,90.0,41.582882,-7.144292,-2.6371088,70.96152,25.379192,89.09152,0.5056882
4.7125,41.353928,-6.8018513,-2.930426,70.0,25.0,90.0,41.582882,-7.144292,-2.6371088,70.96152,25.379192,89.09152,0.5056882
4.716666666666667,41.353928,-6.8018513,-2.930426,70.0,25.0,90.0,41.582882,-7.144292,-2.6371088,70.96152,25.379192,89.09152,0.5056882
4.720833333333333,41.353928,-6.8018513,-2.930426,70.0,25.0,90.0,41.582882,-7.144292,-2.6371088,70.96152,25.379192,89.09152,0.5056882
4.725,41.353928,-6.8018513,-2.930426,70.0,25.0,90.0,41.582882,-7.144292,-2.6371088,70.96152,25.379192,89.09152,0.5056882
4.729166666666667,41.353928,-6.8018513,-2.930426,70.0,25.0,90.0,41.582882,-7.144292,-2.6371088,70.96152,25.379192,89.09152,0.5056882
4.733333333333333,41.353928,-6.8018513,-2.930426,70.0,25.0,90.0,41.582882,-7.144292,-2.6371088,70.96152,25.379192,89.09152,0.5056882
4.7375,41.353928,-6.8018513,-2.930426,70.0,25.0,90.0,41.582882,-7.144292,-2.6371088,70.96152,25.379192,89.09152,0.5056882
4.741666666666666,41.353928,-6.8018513,-2.930426,70.0,25.0,90.0,41.582882,-7.144292,-2.6371088,70.96152,25.379192,89.09152,0.5056882
4.745833333333334,41.353928,-6.8018513,-2.930426,70.0,25.0,90.0,41.582882,-7.144292,-2.6371088,70.96152,25.379192,89.09152,0.5056882
4.75,41.353928,-6.8018513,-2.930426,70.0,25.0,90.0,41.58248,-7.135584,-2.6441965,70.95783,25.39943,89.089516,0.49552146
4.754166666666666,41.353928,-6.8018513,-2.930426,70.0,25.0,90.0,41.56949,-7.1407976,-2.6824799,70.88406,25.396313,89.101036,0.472047
4.758333333333334,41.353928,-6.8018513,-2.930426,70.0,25.0,90.0,41.53273,-7.1599274,-2.7424831,70.71078,25.30769,89.17012,0.4421666
4.7625,41.353928,-6.8018513,-2.930426,70.0,25.0,90.0,41.462074,-7.302677,-2.7928724,70.425156,25.075356,89.262436,0.5305122
4.766666666666667,41.353928,-6.8018513,-2.930426,70.0,25.0,90.0,41.350616,-7.331723,-2.6047297,70.44871,24.765404,89.49633,0.6219753
4.770833333333333,41.353928,-6.8018513,-2.930426,70.0,25.0,90.0,41.26227,-7.425006,-2.5798645,70.411064,24.690147,89.361206,0.7208438
4.775,41.353928,-6.8018513,-2.930426,70.0,25.0,90.0,41.03325,-6.878394,-2.0866623,70.4606,25.2243,89.71041,0.90588665
4.779166666666667,41.353928,-6.8018513,-2.930426,70.0,25.0,90.0,40.2673,-6.6499605,-2.0251102,70.439156,24.420925,90.67973,1.4224724
4.783333333333333,41.353928,-6.8018513,-2.930426,70.0,25.0,90.0,39.88153,-6.532673,-2.1010275,70.493706,24.383652,91.28331,1.711231
4.7875,41.353928,-6.8018513,-2.930426,70.0,25.0,90.0,40.01743,-5.500016,-0.47197533,72.44568,29.16008,91.27531,3.086257
4.791666666666667,41.353928,-6.8018513,-2.930426,70.0,25.0,90.0,39.7521,-6.3505936,-1.248146,72.40631,28.399967,91.024734,2.3663356
4.795833333333333,41.353928,-6.8018513,-2.930426,70.0,25.0,90.0,40.340332,-6.7742825,-2.8457499,71.45058,25.321182,91.72565,1.0174999
