time_s,true_wrist_X_cm,true_wrist_Y_cm,true_wrist_Z_cm,true_shoulder_elv_deg,true_shoulder_rot_deg,true_elbow_flexion_deg,pred_wrist_X_cm,pred_wrist_Y_cm,pred_wrist_Z_cm,pred_shoulder_elv_deg,pred_shoulder_rot_deg,pred_elbow_flexion_deg,l2_distance_cm
0.0,41.353928,-6.8018513,-2.930426,70.0,25.0,90.0,41.178894,-7.862088,-0.6114168,71.07299,24.050434,91.51735,2.555884
0.004166666666666667,41.353928,-6.8018513,-2.930426,70.0,25.0,90.0,41.51544,-8.2266035,-1.167099,70.48713,23.887867,91.23062,2.2727356
0.008333333333333333,41.353928,-6.8018513,-2.930426,70.0,25.0,90.0,41.761383,-8.212597,-1.9327011,69.63225,24.072083,91.20402,1.7752966
0.0125,41.353928,-6.8018513,-2.930426,70.0,25.0,90.0,41.333534,-7.4738874,-2.565157,71.11709,25.549114,90.14708,0.76516
0.016666666666666666,41.353928,-6.8018513,-2.930426,70.0,25.0,90.0,41.163555,-6.7179527,-2.1972456,72.18843,27.131405,88.94314,0.76212466
0.020833333333333332,41.353928,-6.8018513,-2.930426,70.0,25.0,90.0,40.707375,-7.22762,-3.4144769,70.199974,26.69703,88.70724,0.9130254
0.025,41.353928,-6.8018513,-2.930426,70.0,25.0,90.0,41.27059,-7.93468,-3.0466433,70.03525,24.7947,89.0481,1.1418197
0.029166666666666667,41.353928,-6.8018513,-2.930426,70.0,25.0,90.0,41.369728,-7.6139393,-2.83395,70.49304,25.184994,89.0956,0.8179512
0.03333333333333333,41.353928,-6.8018513,-2.930426,70.0,25.0,90.0,41.477547,-7.3937473,-2.7219296,70.70819,25.383465,89.06015,0.63960403
0.0375,41.353928,-6.8018513,-2.930426,70.0,25.0,90.0,41.5308,-7.2971706,-2.6458006,70.8868,25.361923,89.026054,0.5980273
0.041666666666666664,41.353928,-6.8018513,-2.930426,70.0,25.0,90.0,41.573944,-7.210141,-2.6329384,70.940285,25.396267,89.05276,0.5510052
0.04583333333333333,41.353928,-6.8018513,-2.930426,70.0,25.0,90.0,41.59046,-7.1568146,-2.6476488,70.92261,25.377678,89.06864,0.5117716
0.05,41.353928,-6.8018513,-2.930426,70.0,25.0,90.0,41.582977,-7.1443787,-2.637188,70.96147,25.379135,89.09126,0.5057442
0.05416666666666667,41.353928,-6.8018513,-2.930426,70.0,25.0,90.0,41.582977,-7.1443787,-2.637187,70.96147,25.379128,89.09126,0.5057448
0.058333333333333334,41.353928,-6.8018513,-2.930426,70.0,25.0,90.0,41.582977,-7.1443796,-2.637186,70.96147,25.379128,89.09126,0.505746
0.0625,41.353928,-6.8018513,-2.930426,70.0,25.0,90.0,41.582977,-7.144376,-2.6371841,70.96147,25.379135,89.09126,0.5057445
0.06666666666666667,41.353928,-6.8018513,-2.930426,70.0,25.0,90.0,41.582977,-7.1443768,-2.637188,70.961464,25.379128,89.091255,0.50574297
0.07083333333333333,41.353928,-6.8018513,-2.930426,70.0,25.0,90.0,41.582977,-7.1443768,-2.6371899,70.961464,25.379139,89.091255,0.50574183
0.075,41.353928,-6.8018513,-2.930426,70.0,25.0,90.0,41.58298,-7.1443768,-2.637187,70.961464,25.379135,89.091255,0.50574523
0.07916666666666666,41.353928,-6.8018513,-2.930426,70.0,25.0,90.0,41.582977,-7.1443796,-2.6371908,70.961464,25.379128,89.091255,0.50574327
0.08333333333333333,41.353928,-6.8018513,-2.930426,70.0,25.0,90.0,41.58298,-7.1443768,-2.6371908,70.961464,25.379131,89.091255,0.505743
0.0875,41.353928,-6.8018513,-2.930426,70.0,25.0,90.0,41.58298,-7.1443796,-2.6371908,70.961464,25.379135,89.091255,0.50574493
0.09166666666666666,41.353928,-6.8018513,-2.930426,70.0,25.0,90.0,41.58298,-7.1443787,-2.637189,70.96146,25.379128,89.091255,0.5057454
0.09583333333333334,41.353928,-6.8018513,-2.930426,70.0,25.0,90.0,41.58298,-7.1443768,-2.637189,70.96146,25.379128,89.091255,0.5057441
0.1,41.353928,-6.8018513,-2.930426,70.0,25.0,90.0,41.58298,-7.1443815,-2.637188,70.96146,25.379128,89.091255,0.5057479
0.10416666666666667,41.353928,-6.8018513,-2.930426,70.0,25.0,90.0,41.582977,-7.1443815,-2.6371899,70.96146,25.379124,89.091255,0.50574505
0.10833333333333334,41.353928,-6.8018513,-2.930426,70.0,25.0,90.0,41.582977,-7.144376,-2.637189,70.96146,25.379131,89.091255,0.5057418
0.1125,41.353928,-6.8018513,-2.930426,70.0,25.0,90.0,41.58298,-7.1443768,-2.637189,70.96146,25.379128,89.09126,0.5057441
0.11666666666666667,41.353928,-6.8018513,-2.930426,70.0,25.0,90.0,41.58298,-7.1443787,-2.637187,70.96146,25.379131,89.091255,0.50574654
0.12083333333333333,41.353928,-6.8018513,-2.930426,70.0,25.0,90.0,41.582977,-7.1443796,-2.637189,70.96146,25.379131,89.091255,0.50574434
0.125,41.353928,-6.8018513,-2.930426,70.0,25.0,90.0,41.58298,-7.1443815,-2.6371908,70.96146,25.379131,89.091255,0.50574625
0.12916666666666668,41.353928,-6.8018513,-2.930426,70.0,25.0,90.0,41.58298,-7.1443815,-2.637188,70.96146,25.379131,89.091255,0.5057479
0.13333333333333333,41.353928,-6.8018513,-2.930426,70.0,25.0,90.0,41.58298,-7.1443796,-2.637188,70.96146,25.379131,89.091255,0.5057466
0.1375,41.353928,-6.8018513,-2.930426,70.0,25.0,90.0,41.58298,-7.1443796,-2.637188,70.96146,25.379131,89.091255,0.5057466
0.14166666666666666,41.353928,-6.8018513,-2.930426,70.0,25.0,90.0,41.58298,-7.1443796,-2.637188,70.96146,25.379131,89.091255,0.5057466
0.14583333333333334,41.353928,-6.8018513,-2.930426,70.0,25.0,90.0,41.58298,-7.1443796,-2.637188,70.96146,25.379131,89.091255,0.5057466
0.15,41.353928,-6.8018513,-2.930426,70.0,25.0,90.0,41.58298,-7.1443796,-2.637188,70.96146,25.379131,89.091255,0.5057466
0.15416666666666667,41.353928,-6.8018513,-2.930426,70.0,25.0,90.0,41.58298,-7.1443796,-2.637188,70.96146,25.379131,89.091255,0.5057466
0.15833333333333333,41.353928,-6.8018513,-2.930426,70.0,25.0,90.0,41.58298,-7.1443796,-2.637188,70.96146,25.379131,89.091255,0.5057466
0.1625,41.353928,-6.8018513,-2.930426,70.0,25.0,90.0,41.58298,-7.1443796,-2.637188,70.96146,25.379131,89.091255,0.5057466
0.16666666666666666,41.353928,-6.8018513,-2.930426,70.0,25.0,90.0,41.58298,-7.1443796,-2.637188,70.96146,25.379131,89.091255,0.5057466
0.17083333333333334,41.353928,-6.8018513,-2.930426,70.0,25.0,90.0,41.58298,-7.1443796,-2.637188,70.96146,25.379131,89.091255,0.5057466
0.175,41.353928,-6.8018513,-2.930426,70.0,25.0,90.0,41.58298,-7.1443796,-2.637188,70.96146,25.379131,89.091255,0.5057466
0.17916666666666667,41.353928,-6.8018513,-2.930426,70.0,25.0,90.0,41.58298,-7.1443796,-2.637188,70.96146,25.379131,89.091255,0.5057466
0.18333333333333332,41.353928,-6.8018513,-2.930426,70.0,25.0,90.0,41.58298,-7.1443796,-2.637188,70.96146,25.379131,89.091255,0.5057466
0.1875,41.353928,-6.8018513,-2.930426,70.0,25.0,90.0,41.58298,-7.1443796,-2.637188,70.96146,25.379131,89.091255,0.5057466
0.19166666666666668,41.353928,-6.8018513,-2.930426,70.0,25.0,90.0,41.58298,-7.1443796,-2.637188,70.96146,25.379131,89.091255,0.5057466
0.19583333333333333,41.353928,-6.8018513,-2.930426,70.0,25.0,90.0,41.58298,-7.1443796,-2.637188,70.96146,25.379131,89.091255,0.5057466
0.2,41.353928,-6.8018513,-2.930426,70.0,25.0,90.0,41.58298,-7.1443796,-2.637188,70.96146,25.379131,89.091255,0.5057466
0.20416666666666666,41.353928,-6.8018513,-2.930426,70.0,25.0,90.0,41.58298,-7.1443796,-2.637188,70.96146,25.379131,89.091255,0.5057466
0.20833333333333334,41.353928,-6.8018513,-2.930426,70.0,25.0,90.0,41.58298,-7.1443796,-2.637188,70.96146,25.379131,89.091255,0.5057466
0.2125,41.353928,-6.8018513,-2.930426,70.0,25.0,90.0,41.58298,-7.1443796,-2.637188,70.96146,25.379131,89.091255,0.5057466
0.21666666666666667,41.353928,-6.8018513,-2.930426,70.0,25.0,90.0,41.58298,-7.1443796,-2.637188,70.96146,25.379131,89.091255,0.5057466
0.22083333333333333,41.353928,-6.8018513,-2.930426,70.0,25.0,90.0,41.58298,-7.1443796,-2.637188,70.96146,25.379131,89.091255,0.5057466
0.225,41.353928,-6.8018513,-2.930426,70.0,25.0,90.0,41.58298,-7.1443796,-2.637188,70.96146,25.379131,89.091255,0.5057466
0.22916666666666666,41.353928,-6.8018513,-2.930426,70.0,25.0,90.0,41.58298,-7.1443796,-2.637188,70.96146,25.379131,89.091255,0.5057466
0.23333333333333334,41.353928,-6.8018513,-2.930426,70.0,25.0,90.0,41.58298,-7.1443796,-2.637188,70.96146,25.379131,89.091255,0.5057466
0.2375,41.353928,-6.8018513,-2.930426,70.0,25.0,90.0,41.58298,-7.1443796,-2.637188,70.96146,25.379131,89.091255,0.5057466
0.24166666666666667,41.353928,-6.8018513,-2.930426,70.0,25.0,90.0,41.58298,-7.1443796,-2.637188,70.96146,25.379131,89.091255,0.5057466
0.24583333333333332,41.353928,-6.8018513,-2.930426,70.0,25.0,90.0,41.58298,-7.1443796,-2.637188,70.96146,25.379131,89.091255,0.5057466
0.25,41.353928,-6.8018513,-2.930426,70.0,25.0,90.0,41.58298,-7.1443796,-2.637188,70.96146,25.379131,89.091255,0.5057466
0.25416666666666665,41.353928,-6.8018513,-2.930426,70.0,25.0,90.0,41.58298,-7.1443796,-2.637188,70.96146,25.379131,89.091255,0.5057466
0.25833333333333336,41.353928,-6.8018513,-2.930426,70.0,25.0,90.0,41.58298,-7.1443796,-2.637188,70.96146,25.379131,89.091255,0.5057466
0.2625,41.353928,-6.8018513,-2.930426,70.0,25.0,90.0,41.58298,-7.1443796,-2.637188,70.96146,25.379131,89.091255,0.5057466
0.26666666666666666,41.353928,-6.8018513,-2.930426,70.0,25.0,90.0,41.58298,-7.1443796,-2.637188,70.96146,25.379131,89.091255,0.5057466
0.2708333333333333,41.353928,-6.8018513,-2.930426,70.0,25.0,90.0,41.58298,-7.1443796,-2.637188,70.96146,25.379131,89.091255,0.5057466
0.275,41.353928,-6.8018513,-2.930426,70.0,25.0,90.0,41.58298,-7.1443796,-2.637188,70.96146,25.379131,89.091255,0.5057466
0.2791666666666667,41.353928,-6.8018513,-2.930426,70.0,25.0,90.0,41.58298,-7.1443796,-2.637188,70.96146,25.379131,89.091255,0.5057466
0.2833333333333333,41.353928,-6.8018513,-2.930426,70.0,25.0,90.0,41.58298,-7.1443796,-2.637188,70.96146,25.379131,89.091255,0.5057466
0.2875,41.353928,-6.8018513,-2.930426,70.0,25.0,90.0,41.58298,-7.1443796,-2.637188,70.96146,25.379128,89.091255,0.5057466
0.2916666666666667,41.353928,-6.8018513,-2.930426,70.0,25.0,90.0,41.582977,-7.1443796,-2.637189,70.96146,25.379128,89.091255,0.50574434
0.29583333333333334,41.353928,-6.8018513,-2.930426,70.0,25.0,90.0,41.582977,-7.1443787,-2.637189,70.96146,25.379131,89.09126,0.50574374
0.3,41.353928,-6.8018513,-2.930426,70.0,25.0,90.0,41.582977,-7.1443796,-2.6371908,70.96146,25.379128,89.09126,0.50574327
0.30416666666666664,41.353928,-6.8018513,-2.930426,70.0,25.0,90.0,41.58298,-7.1443796,-2.637189,70.96146,25.379128,89.09126,0.50574607
0.30833333333333335,41.353928,-6.8018513,-2.930426,70.0,25.0,90.0,41.58298,-7.1443796,-2.6371908,70.96146,25.379135,89.09126,0.50574493
0.3125,41.353928,-6.8018513,-2.930426,70.0,25.0,90.0,41.582977,-7.144376,-2.637189,70.96146,25.379135,89.09126,0.5057418
0.31666666666666665,41.353928,-6.8018513,-2.930426,70.0,25.0,90.0,41.582977,-7.1443787,-2.6371908,70.96146,25.379139,89.09126,0.5057426
0.32083333333333336,41.353928,-6.8018513,-2.930426,70.0,25.0,90.0,41.582977,-7.144376,-2.6371899,70.96146,25.379139,89.09126,0.5057412
0.325,41.353928,-6.8018513,-2.930426,70.0,25.0,90.0,41.58298,-7.1443768,-2.637189,70.96146,25.379135,89.09126,0.5057441
0.32916666666666666,41.353928,-6.8018513,-2.930426,70.0,25.0,90.0,41.582977,-7.144374,-2.637189,70.96146,25.379131,89.09127,0.50574046
0.3333333333333333,41.353928,-6.8018513,-2.930426,70.0,25.0,90.0,41.582977,-7.144374,-2.6371841,70.96146,25.379135,89.09127,0.50574327
0.3375,41.353928,-6.8018513,-2.930426,70.0,25.0,90.0,41.582977,-7.144373,-2.637188,70.96146,25.379131,89.09127,0.5057404
0.3416666666666667,41.353928,-6.8018513,-2.930426,70.0,25.0,90.0,41.582977,-7.144374,-2.637188,70.96146,25.379135,89.09127,0.505741
0.3458333333333333,41.353928,-6.8018513,-2.930426,70.0,25.0,90.0,41.582977,-7.144376,-2.6371899,70.96146,25.379135,89.09127,0.5057412
0.35,41.353928,-6.8018513,-2.930426,70.0,25.0,90.0,41.582977,-7.144374,-2.637188,70.96146,25.379131,89.09127,0.505741
0.3541666666666667,41.353928,-6.8018513,-2.930426,70.0,25.0,90.0,41.582977,-7.144374,-2.6371841,70.96146,25.379128,89.09127,0.50574327
0.35833333333333334,41.353928,-6.8018513,-2.930426,70.0,25.0,90.0,41.582977,-7.1443768,-2.637187,70.96146,25.379128,89.09127,0.50574356
0.3625,41.353928,-6.8018513,-2.930426,70.0,25.0,90.0,41.582977,-7.144373,-2.637187,70.96146,25.379128,89.09127,0.50574094
0.36666666666666664,41.353928,-6.8018513,-2.930426,70.0,25.0,90.0,41.582977,-7.144376,-2.6371832,70.96146,25.379128,89.09127,0.50574505
0.37083333333333335,41.353928,-6.8018513,-2.930426,70.0,25.0,90.0,41.582973,-7.144376,-2.637186,70.96146,25.379128,89.09127,0.5057417
0.375,41.353928,-6.8018513,-2.930426,70.0,25.0,90.0,41.582977,-7.1443768,-2.637186,70.961464,25.379128,89.09127,0.50574404
0.37916666666666665,41.353928,-6.8018513,-2.930426,70.0,25.0,90.0,41.582977,-7.144374,-2.637188,70.96146,25.379128,89.09127,0.505741
0.38333333333333336,41.353928,-6.8018513,-2.930426,70.0,25.0,90.0,41.582977,-7.144374,-2.637189,70.961464,25.379128,89.09127,0.50574046
0.3875,41.353928,-6.8018513,-2.930426,70.0,25.0,90.0,41.582977,-7.144376,-2.637188,70.961464,25.379131,89.09127,0.5057423
0.39166666666666666,41.353928,-6.8018513,-2.930426,70.0,25.0,90.0,41.582977,-7.144374,-2.6371832,70.961464,25.379131,89.09127,0.5057438
0.3958333333333333,41.353928,-6.8018513,-2.930426,70.0,25.0,90.0,41.582977,-7.144376,-2.6371832,70.961464,25.379128,89.09127,0.50574505
0.4,41.353928,-6.8018513,-2.930426,70.0,25.0,90.0,41.582977,-7.144374,-2.6371822,70.961464,25.379128,89.09127,0.50574434
0.4041666666666667,41.353928,-6.8018513,-2.930426,70.0,25.0,90.0,41.582977,-7.144376,-2.6371841,70.961464,25.379128,89.09127,0.5057445
0.4083333333333333,41.353928,-6.8018513,-2.930426,70.0,25.0,90.0,41.582977,-7.144374,-2.637186,70.96146,25.379128,89.09127,0.50574213
0.4125,41.353928,-6.8018513,-2.930426,70.0,25.0,90.0,41.582977,-7.144376,-2.6371841,70.961464,25.379128,89.09127,0.5057445
0.4166666666666667,41.353928,-6.8018513,-2.930426,70.0,25.0,90.0,41.582977,-7.1443787,-2.6371822,70.961464,25.379128,89.09127,0.50574756
0.42083333333333334,41.353928,-6.8018513,-2.930426,70.0,25.0,90.0,41.582977,-7.144376,-2.6371841,70.961464,25.379128,89.09127,0.5057445
0.425,41.353928,-6.8018513,-2.930426,70.0,25.0,90.0,41.582977,-7.144376,-2.6371841,70.96146,25.379128,89.09126,0.5057445
0.42916666666666664,41.353928,-6.8018513,-2.930426,70.0,25.0,90.0,41.582973,-7.1443768,-2.637187,70.961464,25.379128,89.09127,0.5057418
0.43333333333333335,41.353928,-6.8018513,-2.930426,70.0,25.0,90.0,41.582977,-7.144376,-2.6371822,70.961464,25.379131,89.09126,0.50574565
0.4375,41.353928,-6.8018513,-2.930426,70.0,25.0,90.0,41.582973,-7.144374,-2.6371832,70.961464,25.379128,89.09126,0.5057421
0.44166666666666665,41.353928,-6.8018513,-2.930426,70.0,25.0,90.0,41.582973,-7.144376,-2.6371841,70.961464,25.379128,89.09127,0.5057428
0.44583333333333336,41.353928,-6.8018513,-2.930426,70.0,25.0,90.0,41.582977,-7.1443768,-2.6371832,70.961464,25.379131,89.09126,0.5057457
0.45,41.353928,-6.8018513,-2.930426,70.0,25.0,90.0,41.582977,-7.144376,-2.637186,70.961464,25.379128,89.09126,0.50574344
0.45416666666666666,41.353928,-6.8018513,-2.930426,70.0,25.0,90.0,41.582977,-7.144376,-2.637187,70.96146,25.379128,89.09126,0.5057429
0.4583333333333333,41.353928,-6.8018513,-2.930426,70.0,25.0,90.0,41.582977,-7.144374,-2.637187,70.96146,25.379131,89.09126,0.5057416
0.4625,41.353928,-6.8018513,-2.930426,70.0,25.0,90.0,41.582977,-7.144376,-2.6371841,70.96146,25.379135,89.091255,0.5057445
0.4666666666666667,41.353928,-6.8018513,-2.930426,70.0,25.0,90.0,41.582977,-7.1443768,-2.637188,70.961464,25.379131,89.091255,0.50574297
0.4708333333333333,41.353928,-6.8018513,-2.930426,70.0,25.0,90.0,41.582977,-7.144376,-2.637187,70.96146,25.379128,89.091255,0.5057429
0.475,41.353928,-6.8018513,-2.930426,70.0,25.0,90.0,41.582973,-7.1443768,-2.637188,70.961464,25.379128,89.09126,0.50574124
0.4791666666666667,41.353928,-6.8018513,-2.930426,70.0,25.0,90.0,41.582977,-7.1443768,-2.6371899,70.96146,25.379131,89.09126,0.50574183
0.48333333333333334,41.353928,-6.8018513,-2.930426,70.0,25.0,90.0,41.582977,-7.1443768,-2.6371899,70.96146,25.379135,89.091255,0.50574183
0.4875,41.353928,-6.8018513,-2.930426,70.0,25.0,90.0,41.582977,-7.1443787,-2.6371899,70.96146,25.379128,89.091255,0.50574315
0.49166666666666664,41.353928,-6.8018513,-2.930426,70.0,25.0,90.0,41.58298,-7.1443768,-2.6371908,70.96146,25.379128,89.091255,0.505743
0.49583333333333335,41.353928,-6.8018513,-2.930426,70.0,25.0,90.0,41.582977,-7.1443787,-2.6371918,70.96146,25.379128,89.091255,0.5057421
0.5,41.353928,-6.8018513,-2.930426,70.0,25.0,90.0,41.582977,-7.1443787,-2.6371908,70.96146,25.379128,89.091255,0.5057426
0.5041666666666667,41.353928,-6.8018513,-2.930426,70.0,25.0,90.0,41.582977,-7.144376,-2.6371908,70.96146,25.379131,89.09126,0.50574064
0.5083333333333333,41.353928,-6.8018513,-2.930426,70.0,25.0,90.0,41.582977,-7.1443768,-2.6371918,70.96146,25.379131,89.09126,0.50574076
0.5125,41.353928,-6.8018513,-2.930426,70.0,25.0,90.0,41.582977,-7.1443787,-2.6371899,70.96146,25.379131,89.09126,0.50574315
0.5166666666666667,41.353928,-6.8018513,-2.930426,70.0,25.0,90.0,41.582977,-7.1443796,-2.6371899,70.96146,25.379128,89.091255,0.5057438
0.5208333333333334,41.353928,-6.8018513,-2.930426,70.0,25.0,90.0,41.582977,-7.1443796,-2.6371927,70.96146,25.379128,89.09126,0.50574213
0.525,41.353928,-6.8018513,-2.930426,70.0,25.0,90.0,41.582977,-7.1443796,-2.6371918,70.96146,25.379128,89.09126,0.50574267
0.5291666666666667,41.353928,-6.8018513,-2.930426,70.0,25.0,90.0,41.58298,-7.1443796,-2.6371927,70.96146,25.379131,89.09126,0.50574386
0.5333333333333333,41.353928,-6.8018513,-2.930426,70.0,25.0,90.0,41.58298,-7.1443796,-2.6371927,70.96146,25.379131,89.09126,0.50574386
0.5375,41.353928,-6.8018513,-2.930426,70.0,25.0,90.0,41.58298,-7.1443796,-2.6371927,70.96146,25.379131,89.09126,0.50574386
0.5416666666666666,41.353928,-6.8018513,-2.930426,70.0,25.0,90.0,41.58298,-7.1443796,-2.6371927,70.96146,25.379131,89.09126,0.50574386
0.5458333333333333,41.353928,-6.8018513,-2.930426,70.0,25.0,90.0,41.58298,-7.1443796,-2.6371927,70.96146,25.379131,89.09126,0.50574386
0.55,41.353928,-6.8018513,-2.930426,70.0,25.0,90.0,41.58298,-7.1443796,-2.6371927,70.96146,25.379131,89.09126,0.50574386
0.5541666666666667,41.353928,-6.8018513,-2.930426,70.0,25.0,90.0,41.58298,-7.1443796,-2.6371927,70.96146,25.379131,89.09126,0.50574386
0.5583333333333333,41.353928,-6.8018513,-2.930426,70.0,25.0,90.0,41.58298,-7.1443796,-2.6371927,70.96146,25.379131,89.09126,0.50574386
0.5625,41.353928,-6.8018513,-2.930426,70.0,25.0,90.0,41.58298,-7.1443796,-2.6371927,70.96146,25.379131,89.09126,0.50574386
0.5666666666666667,41.353928,-6.8018513,-2.930426,70.0,25.0,90.0,41.58298,-7.1443796,-2.6371927,70.96146,25.379131,89.09126,0.50574386
0.5708333333333333,41.353928,-6.8018513,-2.930426,70.0,25.0,90.0,41.58298,-7.1443796,-2.6371927,70.96146,25.379131,89.09126,0.50574386
0.575,41.353928,-6.8018513,-2.930426,70.0,25.0,90.0,41.58298,-7.1443796,-2.6371927,70.96146,25.379131,89.09126,0.50574386
0.5791666666666667,41.353928,-6.8018513,-2.930426,70.0,25.0,90.0,41.58298,-7.1443796,-2.6371927,70.96146,25.379131,89.09126,0.50574386
0.5833333333333334,41.353928,-6.8018513,-2.930426,70.0,25.0,90.0,41.58298,-7.1443796,-2.6371927,70.96146,25.379131,89.09126,0.50574386
0.5875,41.353928,-6.8018513,-2.930426,70.0,25.0,90.0,41.58298,-7.1443796,-2.6371927,70.96146,25.379131,89.09126,0.50574386
0.5916666666666667,41.353928,-6.8018513,-2.930426,70.0,25.0,90.0,41.58298,-7.1443796,-2.6371927,70.96146,25.379131,89.09126,0.50574386
0.5958333333333333,41.353928,-6.8018513,-2.930426,70.0,25.0,90.0,41.58298,-7.1443796,-2.6371927,70.96146,25.379131,89.09126,0.50574386
0.6,41.353928,-6.8018513,-2.930426,70.0,25.0,90.0,41.58298,-7.1443796,-2.6371927,70.96146,25.379131,89.09126,0.50574386
0.6041666666666666,41.353928,-6.8018513,-2.930426,70.0,25.0,90.0,41.58298,-7.1443796,-2.6371927,70.96146,25.379131,89.09126,0.50574386
0.6083333333333333,41.353928,-6.8018513,-2.930426,70.0,25.0,90.0,41.58298,-7.1443796,-2.6371927,70.96146,25.379131,89.09126,0.50574386
0.6125,41.353928,-6.8018513,-2.930426,70.0,25.0,90.0,41.58298,-7.1443796,-2.6371927,70.96146,25.379131,89.09126,0.50574386
0.6166666666666667,41.353928,-6.8018513,-2.930426,70.0,25.0,90.0,41.58298,-7.1443796,-2.6371927,70.96146,25.379131,89.09126,0.50574386
0.6208333333333333,41.353928,-6.8018513,-2.930426,70.0,25.0,90.0,41.58298,-7.1443796,-2.6371927,70.96146,25.379131,89.09126,0.50574386
0.625,41.353928,-6.8018513,-2.930426,70.0,25.0,90.0,41.58298,-7.1443796,-2.6371927,70.96146,25.379131,89.09126,0.50574386
0.6291666666666667,41.353928,-6.8018513,-2.930426,70.0,25.0,90.0,41.58298,-7.1443796,-2.6371927,70.96146,25.379131,89.09126,0.50574386
0.6333333333333333,41.353928,-6.8018513,-2.930426,70.0,25.0,90.0,41.58298,-7.1443796,-2.6371927,70.96146,25.379131,89.09126,0.50574386
0.6375,41.353928,-6.8018513,-2.930426,70.0,25.0,90.0,41.58298,-7.1443796,-2.6371927,70.96146,25.379131,89.09126,0.50574386
0.6416666666666667,41.353928,-6.8018513,-2.930426,70.0,25.0,90.0,41.58298,-7.1443796,-2.6371927,70.96146,25.379131,89.09126,0.50574386
0.6458333333333334,41.353928,-6.8018513,-2.930426,70.0,25.0,90.0,41.58298,-7.1443796,-2.6371927,70.96146,25.379131,89.09126,0.50574386
0.65,41.353928,-6.8018513,-2.930426,70.0,25.0,90.0,41.58298,-7.1443796,-2.6371927,70.96146,25.379131,89.09126,0.50574386
0.6541666666666667,41.353928,-6.8018513,-2.930426,70.0,25.0,90.0,41.58298,-7.1443796,-2.6371927,70.96146,25.379131,89.09126,0.50574386
0.6583333333333333,41.353928,-6.8018513,-2.930426,70.0,25.0,90.0,41.58298,-7.1443796,-2.6371927,70.96146,25.379131,89.09126,0.50574386
0.6625,41.353928,-6.8018513,-2.930426,70.0,25.0,90.0,41.58298,-7.1443796,-2.6371927,70.96146,25.379131,89.09126,0.50574386
0.6666666666666666,41.353928,-6.8018513,-2.930426,70.0,25.0,90.0,41.58298,-7.1443796,-2.6371927,70.96146,25.379131,89.09126,0.50574386
0.6708333333333333,41.353928,-6.8018513,-2.930426,70.0,25.0,90.0,41.58298,-7.1443796,-2.6371927,70.96146,25.379131,89.09126,0.50574386
0.675,41.353928,-6.8018513,-2.930426,70.0,25.0,90.0,41.58298,-7.1443796,-2.6371927,70.96146,25.379131,89.09126,0.50574386
0.6791666666666667,41.353928,-6.8018513,-2.930426,70.0,25.0,90.0,41.58298,-7.1443796,-2.6371927,70.96146,25.379131,89.09126,0.50574386
0.6833333333333333,41.353928,-6.8018513,-2.930426,70.0,25.0,90.0,41.58298,-7.1443796,-2.6371908,70.96146,25.379128,89.09126,0.50574493
0.6875,41.353928,-6.8018513,-2.930426,70.0,25.0,90.0,41.58298,-7.1443787,-2.637189,70.96146,25.379131,89.091255,0.5057454
0.6916666666666667,41.353928,-6.8018513,-2.930426,70.0,25.0,90.0,41.58298,-7.1443796,-2.6371908,70.96146,25.379128,89.09126,0.50574493
0.6958333333333333,41.353928,-6.8018513,-2.930426,70.0,25.0,90.0,41.58298,-7.1443787,-2.6371899,70.961464,25.379131,89.09126,0.5057449
0.7,41.353928,-6.8018513,-2.930426,70.0,25.0,90.0,41.58298,-7.1443796,-2.637189,70.96146,25.379128,89.09126,0.50574607
0.7041666666666667,41.353928,-6.8018513,-2.930426,70.0,25.0,90.0,41.58298,-7.144376,-2.637188,70.96146,25.379131,89.09126,0.50574404
0.7083333333333334,41.353928,-6.8018513,-2.930426,70.0,25.0,90.0,41.582977,-7.144374,-2.637189,70.96146,25.379135,89.09126,0.50574046
0.7125,41.353928,-6.8018513,-2.930426,70.0,25.0,90.0,41.582973,-7.144376,-2.637189,70.96146,25.379135,89.09126,0.50574005
0.7166666666666667,41.353928,-6.8018513,-2.930426,70.0,25.0,90.0,41.58298,-7.144374,-2.637189,70.96146,25.379135,89.09127,0.5057422
0.7208333333333333,41.353928,-6.8018513,-2.930426,70.0,25.0,90.0,41.58298,-7.144373,-2.637189,70.96146,25.379135,89.09127,0.50574154
0.725,41.353928,-6.8018513,-2.930426,70.0,25.0,90.0,41.58298,-7.144371,-2.637189,70.96146,25.379131,89.09127,0.5057403
0.7291666666666666,41.353928,-6.8018513,-2.930426,70.0,25.0,90.0,41.582977,-7.144371,-2.6371908,70.96146,25.379131,89.09127,0.5057374
0.7333333333333333,41.353928,-6.8018513,-2.930426,70.0,25.0,90.0,41.582977,-7.144374,-2.637188,70.96146,25.379128,89.09127,0.505741
0.7375,41.353928,-6.8018513,-2.930426,70.0,25.0,90.0,41.582977,-7.144373,-2.637186,70.96145,25.379128,89.09127,0.5057415
0.7416666666666667,41.353928,-6.8018513,-2.930426,70.0,25.0,90.0,41.582973,-7.144371,-2.637189,70.96146,25.379135,89.09127,0.50573677
0.7458333333333333,41.353928,-6.8018513,-2.930426,70.0,25.0,90.0,41.582977,-7.144374,-2.637186,70.96146,25.379131,89.09127,0.50574213
0.75,41.353928,-6.8018513,-2.930426,70.0,25.0,90.0,41.582977,-7.144374,-2.637188,70.96146,25.379128,89.09127,0.505741
0.7541666666666667,41.353928,-6.8018513,-2.930426,70.0,25.0,90.0,41.582977,-7.144374,-2.6371841,70.96146,25.379128,89.09127,0.50574327
0.7583333333333333,41.353928,-6.8018513,-2.930426,70.0,25.0,90.0,41.582977,-7.144371,-2.637187,70.96146,25.379131,89.09127,0.5057396
0.7625,41.353928,-6.8018513,-2.930426,70.0,25.0,90.0,41.582977,-7.144376,-2.637187,70.96146,25.379131,89.09127,0.5057429
0.7666666666666667,41.353928,-6.8018513,-2.930426,70.0,25.0,90.0,41.582977,-7.144374,-2.6371841,70.96146,25.379128,89.09127,0.50574327
0.7708333333333334,41.353928,-6.8018513,-2.930426,70.0,25.0,90.0,41.582973,-7.1443768,-2.637186,70.96146,25.379128,89.09127,0.5057423
0.775,41.353928,-6.8018513,-2.930426,70.0,25.0,90.0,41.582977,-7.144376,-2.637187,70.961464,25.379131,89.09127,0.5057429
0.7791666666666667,41.353928,-6.8018513,-2.930426,70.0,25.0,90.0,41.582977,-7.1443768,-2.637187,70.96146,25.379128,89.09127,0.50574356
0.7833333333333333,41.353928,-6.8018513,-2.930426,70.0,25.0,90.0,41.582977,-7.144373,-2.637187,70.96146,25.379135,89.09127,0.50574094
0.7875,41.353928,-6.8018513,-2.930426,70.0,25.0,90.0,41.582977,-7.144374,-2.637186,70.96146,25.379135,89.09127,0.50574213
0.7916666666666666,41.353928,-6.8018513,-2.930426,70.0,25.0,90.0,41.582977,-7.144376,-2.6371841,70.96146,25.379128,89.09127,0.5057445
0.7958333333333333,41.353928,-6.8018513,-2.930426,70.0,25.0,90.0,41.582977,-7.144376,-2.637186,70.96146,25.379131,89.09127,0.50574344
0.8,41.353928,-6.8018513,-2.930426,70.0,25.0,90.0,41.582973,-7.1443768,-2.6371841,70.96146,25.379128,89.09127,0.50574344
0.8041666666666667,41.353928,-6.8018513,-2.930426,70.0,25.0,90.0,41.582977,-7.1443768,-2.6371841,70.96146,25.379128,89.09127,0.5057452
0.8083333333333333,41.353928,-6.8018513,-2.930426,70.0,25.0,90.0,41.582977,-7.144374,-2.6371832,70.96146,25.379128,89.09127,0.5057438
0.8125,41.353928,-6.8018513,-2.930426,70.0,25.0,90.0,41.582973,-7.144373,-2.637186,70.961464,25.379128,89.09127,0.50573975
0.8166666666666667,41.353928,-6.8018513,-2.930426,70.0,25.0,90.0,41.582977,-7.144373,-2.637186,70.96146,25.379128,89.09127,0.5057415
0.8208333333333333,41.353928,-6.8018513,-2.930426,70.0,25.0,90.0,41.582977,-7.144374,-2.637189,70.96146,25.379128,89.09127,0.50574046
0.825,41.353928,-6.8018513,-2.930426,70.0,25.0,90.0,41.582977,-7.144373,-2.637186,70.96146,25.379128,89.09127,0.5057415
0.8291666666666667,41.353928,-6.8018513,-2.930426,70.0,25.0,90.0,41.582977,-7.144373,-2.637186,70.961464,25.379128,89.09127,0.5057415
0.8333333333333334,41.353928,-6.8018513,-2.930426,70.0,25.0,90.0,41.582977,-7.144376,-2.6371822,70.96146,25.379128,89.09127,0.50574565
0.8375,41.353928,-6.8018513,-2.930426,70.0,25.0,90.0,41.582977,-7.144374,-2.6371813,70.961464,25.379128,89.09127,0.5057449
0.8416666666666667,41.353928,-6.8018513,-2.930426,70.0,25.0,90.0,41.582977,-7.144376,-2.6371822,70.961464,25.379131,89.09126,0.50574565
0.8458333333333333,41.353928,-6.8018513,-2.930426,70.0,25.0,90.0,41.582973,-7.144376,-2.6371822,70.961464,25.379124,89.09126,0.5057439
0.85,41.353928,-6.8018513,-2.930426,70.0,25.0,90.0,41.582977,-7.1443768,-2.6371832,70.961464,25.379128,89.09126,0.5057457
0.8541666666666666,41.353928,-6.8018513,-2.930426,70.0,25.0,90.0,41.582977,-7.144374,-2.637186,70.961464,25.379131,89.09126,0.50574213
0.8583333333333333,41.353928,-6.8018513,-2.930426,70.0,25.0,90.0,41.582977,-7.144374,-2.637187,70.96146,25.379135,89.09126,0.5057416
0.8625,41.353928,-6.8018513,-2.930426,70.0,25.0,90.0,41.582977,-7.144376,-2.6371899,70.96146,25.379131,89.09126,0.5057412
0.8666666666666667,41.353928,-6.8018513,-2.930426,70.0,25.0,90.0,41.582977,-7.144376,-2.637187,70.961464,25.379131,89.091255,0.5057429
0.8708333333333333,41.353928,-6.8018513,-2.930426,70.0,25.0,90.0,41.582977,-7.1443768,-2.637187,70.961464,25.379128,89.09126,0.50574356
0.875,41.353928,-6.8018513,-2.930426,70.0,25.0,90.0,41.582977,-7.144376,-2.6371899,70.961464,25.379135,89.09126,0.5057412
0.8791666666666667,41.353928,-6.8018513,-2.930426,70.0,25.0,90.0,41.582977,-7.144376,-2.637187,70.96146,25.379135,89.091255,0.5057429
0.8833333333333333,41.353928,-6.8018513,-2.930426,70.0,25.0,90.0,41.58298,-7.1443768,-2.637189,70.96146,25.379128,89.091255,0.5057441
0.8875,41.353928,-6.8018513,-2.930426,70.0,25.0,90.0,41.58298,-7.1443768,-2.637189,70.96146,25.379131,89.091255,0.5057441
0.8916666666666667,41.353928,-6.8018513,-2.930426,70.0,25.0,90.0,41.582977,-7.1443787,-2.637188,70.96146,25.379128,89.09126,0.5057442
0.8958333333333334,41.353928,-6.8018513,-2.930426,70.0,25.0,90.0,41.582977,-7.144376,-2.637189,70.96146,25.379128,89.09126,0.5057418
0.9,41.353928,-6.8018513,-2.930426,70.0,25.0,90.0,41.58298,-7.144376,-2.637188,70.96146,25.379135,89.09126,0.50574404
0.9041666666666667,41.353928,-6.8018513,-2.930426,70.0,25.0,90.0,41.582977,-7.144374,-2.637189,70.96146,25.379135,89.091255,0.50574046
0.9083333333333333,41.353928,-6.8018513,-2.930426,70.0,25.0,90.0,41.582977,-7.144374,-2.637188,70.96146,25.379135,89.09126,0.505741
0.9125,41.353928,-6.8018513,-2.930426,70.0,25.0,90.0,41.582977,-7.144376,-2.637187,70.96146,25.379135,89.09126,0.5057429
0.9166666666666666,41.353928,-6.8018513,-2.930426,70.0,25.0,90.0,41.582977,-7.1443768,-2.637189,70.96146,25.379135,89.09126,0.50574243
0.9208333333333333,41.353928,-6.8018513,-2.930426,70.0,25.0,90.0,41.582977,-7.144376,-2.637189,70.96146,25.379135,89.09126,0.5057418
0.925,41.353928,-6.8018513,-2.930426,70.0,25.0,90.0,41.582977,-7.1443768,-2.6371908,70.96146,25.379135,89.09126,0.5057413
0.9291666666666667,41.353928,-6.8018513,-2.930426,70.0,25.0,90.0,41.582977,-7.1443768,-2.6371908,70.96146,25.379135,89.09126,0.5057413
0.9333333333333333,41.353928,-6.8018513,-2.930426,70.0,25.0,90.0,41.582977,-7.1443768,-2.6371908,70.96146,25.379135,89.09126,0.5057413
0.9375,41.353928,-6.8018513,-2.930426,70.0,25.0,90.0,41.582977,-7.1443768,-2.6371908,70.96146,25.379135,89.09126,0.5057413
0.9416666666666667,41.353928,-6.8018513,-2.930426,70.0,25.0,90.0,41.582977,-7.1443768,-2.6371908,70.96146,25.379135,89.09126,0.5057413
0.9458333333333333,41.353928,-6.8018513,-2.930426,70.0,25.0,90.0,41.582977,-7.1443768,-2.6371908,70.96146,25.379135,89.09126,0.5057413
0.95,41.353928,-6.8018513,-2.930426,70.0,25.0,90.0,41.582977,-7.1443768,-2.6371908,70.96146,25.379135,89.09126,0.5057413
0.9541666666666667,41.353928,-6.8018513,-2.930426,70.0,25.0,90.0,41.582977,-7.1443768,-2.6371908,70.96146,25.379135,89.09126,0.5057413
0.9583333333333334,41.353928,-6.8018513,-2.930426,70.0,25.0,90.0,41.582977,-7.1443768,-2.6371908,70.96146,25.379135,89.09126,0.5057413
0.9625,41.353928,-6.8018513,-2.930426,70.0,25.0,90.0,41.582977,-7.1443768,-2.6371908,70.96146,25.379135,89.09126,0.5057413
0.9666666666666667,41.353928,-6.8018513,-2.930426,70.0,25.0,90.0,41.582977,-7.1443768,-2.6371908,70.96146,25.379135,89.09126,0.5057413
0.9708333333333333,41.353928,-6.8018513,-2.930426,70.0,25.0,90.0,41.582977,-7.1443768,-2.6371908,70.96146,25.379135,89.09126,0.5057413
0.975,41.353928,-6.8018513,-2.930426,70.0,25.0,90.0,41.582977,-7.1443768,-2.6371908,70.96146,25.379135,89.09126,0.5057413
0.9791666666666666,41.353928,-6.8018513,-2.930426,70.0,25.0,90.0,41.582977,-7.1443768,-2.6371908,70.96146,25.379135,89.09126,0.5057413
0.9833333333333333,41.353928,-6.8018513,-2.930426,70.0,25.0,90.0,41.582977,-7.1443768,-2.6371908,70.96146,25.379135,89.09126,0.5057413
0.9875,41.353928,-6.8018513,-2.930426,70.0,25.0,90.0,41.582977,-7.1443768,-2.6371908,70.96146,25.379135,89.09126,0.5057413
0.9916666666666667,41.353928,-6.8018513,-2.930426,70.0,25.0,90.0,41.582977,-7.1443768,-2.6371908,70.96146,25.379135,89.09126,0.5057413
0.9958333333333333,41.353928,-6.8018513,-2.930426,70.0,25.0,90.0,41.582977,-7.1443768,-2.6371908,70.96146,25.379135,89.09126,0.5057413
1.0,41.353928,-6.8018513,-2.930426,70.0,25.0,90.0,41.582977,-7.1443768,-2.6371908,70.96146,25.379135,89.09126,0.5057413
1.0041666666666667,41.353928,-6.8018513,-2.930426,70.0,25.0,90.0,41.582977,-7.1443768,-2.6371908,70.96146,25.379135,89.09126,0.5057413
1.0083333333333333,41.353928,-6.8018513,-2.930426,70.0,25.0,90.0,41.582977,-7.1443768,-2.6371908,70.96146,25.379135,89.09126,0.5057413
1.0125,41.353928,-6.8018513,-2.930426,70.0,25.0,90.0,41.582977,-7.1443768,-2.6371908,70.96146,25.379135,89.09126,0.5057413
1.0166666666666666,41.353928,-6.8018513,-2.930426,70.0,25.0,90.0,41.582977,-7.1443768,-2.6371908,70.96146,25.379135,89.09126,0.5057413
1.0208333333333333,41.353928,-6.8018513,-2.930426,70.0,25.0,90.0,41.582977,-7.1443768,-2.6371908,70.96146,25.379135,89.09126,0.5057413
1.025,41.353928,-6.8018513,-2.930426,70.0,25.0,90.0,41.582977,-7.1443768,-2.6371908,70.96146,25.379135,89.09126,0.5057413
1.0291666666666666,41.353928,-6.8018513,-2.930426,70.0,25.0,90.0,41.582977,-7.1443768,-2.6371908,70.96146,25.379135,89.09126,0.5057413
1.0333333333333334,41.353928,-6.8018513,-2.930426,70.0,25.0,90.0,41.582977,-7.1443768,-2.6371908,70.96146,25.379135,89.09126,0.5057413
1.0375,41.353928,-6.8018513,-2.930426,70.0,25.0,90.0,41.582977,-7.1443768,-2.6371908,70.96146,25.379135,89.09126,0.5057413
1.0416666666666667,41.353928,-6.8018513,-2.930426,70.0,25.0,90.0,41.582977,-7.1443768,-2.6371908,70.96146,25.379135,89.09126,0.5057413
1.0458333333333334,41.353928,-6.8018513,-2.930426,70.0,25.0,90.0,41.582977,-7.1443768,-2.6371908,70.96146,25.379135,89.09126,0.5057413
1.05,41.353928,-6.8018513,-2.930426,70.0,25.0,90.0,41.582977,-7.1443768,-2.6371908,70.96146,25.379135,89.09126,0.5057413
1.0541666666666667,41.353928,-6.8018513,-2.930426,70.0,25.0,90.0,41.582977,-7.1443768,-2.6371908,70.96146,25.379135,89.09126,0.5057413
1.0583333333333333,41.353928,-6.8018513,-2.930426,70.0,25.0,90.0,41.582977,-7.1443768,-2.6371908,70.96146,25.379135,89.09126,0.5057413
1.0625,41.353928,-6.8018513,-2.930426,70.0,25.0,90.0,41.582977,-7.1443768,-2.6371908,70.96146,25.379135,89.09126,0.5057413
1.0666666666666667,41.353928,-6.8018513,-2.930426,70.0,25.0,90.0,41.582977,-7.1443768,-2.6371908,70.96146,25.379135,89.09126,0.5057413
1.0708333333333333,41.353928,-6.8018513,-2.930426,70.0,25.0,90.0,41.582977,-7.1443768,-2.6371908,70.96146,25.379135,89.09126,0.5057413
1.075,41.353928,-6.8018513,-2.930426,70.0,25.0,90.0,41.582977,-7.1443768,-2.6371908,70.96146,25.379135,89.09126,0.5057413
1.0791666666666666,41.353928,-6.8018513,-2.930426,70.0,25.0,90.0,41.582977,-7.1443768,-2.6371899,70.96146,25.379135,89.09126,0.50574183
1.0833333333333333,41.353928,-6.8018513,-2.930426,70.0,25.0,90.0,41.582977,-7.144374,-2.637189,70.96146,25.379135,89.09126,0.50574046
1.0875,41.353928,-6.8018513,-2.930426,70.0,25.0,90.0,41.58298,-7.144374,-2.6371899,70.96146,25.379135,89.09126,0.50574166
1.0916666666666666,41.353928,-6.8018513,-2.930426,70.0,25.0,90.0,41.582977,-7.144374,-2.6371899,70.961464,25.379135,89.09126,0.5057399
1.0958333333333334,41.353928,-6.8018513,-2.930426,70.0,25.0,90.0,41.582977,-7.144376,-2.6371899,70.961464,25.379131,89.09126,0.5057412
1.1,41.353928,-6.8018513,-2.930426,70.0,25.0,90.0,41.58298,-7.144374,-2.637188,70.96146,25.379135,89.09126,0.5057428
1.1041666666666667,41.353928,-6.8018513,-2.930426,70.0,25.0,90.0,41.582977,-7.144373,-2.637188,70.96146,25.379135,89.09126,0.5057404
1.1083333333333334,41.353928,-6.8018513,-2.930426,70.0,25.0,90.0,41.582977,-7.144373,-2.637189,70.96146,25.379139,89.09127,0.5057398
1.1125,41.353928,-6.8018513,-2.930426,70.0,25.0,90.0,41.58298,-7.144373,-2.637187,70.96146,25.379139,89.09127,0.50574267
1.1166666666666667,41.353928,-6.8018513,-2.930426,70.0,25.0,90.0,41.582977,-7.144373,-2.637187,70.96146,25.379139,89.09126,0.50574094
1.1208333333333333,41.353928,-6.8018513,-2.930426,70.0,25.0,90.0,41.582977,-7.144374,-2.6371899,70.96146,25.379131,89.09127,0.5057399
1.125,41.353928,-6.8018513,-2.930426,70.0,25.0,90.0,41.582977,-7.144373,-2.637189,70.96146,25.379131,89.09127,0.5057398
1.1291666666666667,41.353928,-6.8018513,-2.930426,70.0,25.0,90.0,41.582977,-7.144373,-2.637187,70.96146,25.379128,89.09127,0.50574094
1.1333333333333333,41.353928,-6.8018513,-2.930426,70.0,25.0,90.0,41.582977,-7.144374,-2.637187,70.96145,25.379135,89.09127,0.5057416
1.1375,41.353928,-6.8018513,-2.930426,70.0,25.0,90.0,41.582977,-7.144371,-2.637189,70.96146,25.379139,89.09127,0.50573856
1.1416666666666666,41.353928,-6.8018513,-2.930426,70.0,25.0,90.0,41.582977,-7.144374,-2.637188,70.96146,25.379131,89.09127,0.505741
1.1458333333333333,41.353928,-6.8018513,-2.930426,70.0,25.0,90.0,41.582977,-7.144376,-2.637188,70.96146,25.379128,89.09127,0.5057423
1.15,41.353928,-6.8018513,-2.930426,70.0,25.0,90.0,41.582977,-7.144373,-2.637188,70.96146,25.379128,89.09128,0.5057404
1.1541666666666666,41.353928,-6.8018513,-2.930426,70.0,25.0,90.0,41.582977,-7.144374,-2.637187,70.96146,25.379128,89.09127,0.5057416
1.1583333333333334,41.353928,-6.8018513,-2.930426,70.0,25.0,90.0,41.582977,-7.144374,-2.637189,70.96146,25.379131,89.09127,0.50574046
1.1625,41.353928,-6.8018513,-2.930426,70.0,25.0,90.0,41.582977,-7.144374,-2.637187,70.96146,25.379131,89.09127,0.5057416
1.1666666666666667,41.353928,-6.8018513,-2.930426,70.0,25.0,90.0,41.582977,-7.144376,-2.637189,70.96146,25.379128,89.09127,0.5057418
1.1708333333333334,41.353928,-6.8018513,-2.930426,70.0,25.0,90.0,41.582977,-7.144376,-2.637187,70.96146,25.379131,89.09127,0.5057429
1.175,41.353928,-6.8018513,-2.930426,70.0,25.0,90.0,41.582977,-7.144376,-2.637187,70.961464,25.379135,89.09127,0.5057429
1.1791666666666667,41.353928,-6.8018513,-2.930426,70.0,25.0,90.0,41.582977,-7.144374,-2.637187,70.961464,25.379135,89.09127,0.5057416
1.1833333333333333,41.353928,-6.8018513,-2.930426,70.0,25.0,90.0,41.58298,-7.144374,-2.637187,70.961464,25.379128,89.09127,0.5057433
1.1875,41.353928,-6.8018513,-2.930426,70.0,25.0,90.0,41.582977,-7.144374,-2.6371841,70.96146,25.379135,89.09127,0.50574327
1.1916666666666667,41.353928,-6.8018513,-2.930426,70.0,25.0,90.0,41.582977,-7.144373,-2.637186,70.96146,25.379131,89.09127,0.5057415
1.1958333333333333,41.353928,-6.8018513,-2.930426,70.0,25.0,90.0,41.582977,-7.144373,-2.6371841,70.96146,25.379131,89.09127,0.5057426
1.2,41.353928,-6.8018513,-2.930426,70.0,25.0,90.0,41.582977,-7.144373,-2.637187,70.96146,25.379131,89.09127,0.50574094
1.2041666666666666,41.353928,-6.8018513,-2.930426,70.0,25.0,90.0,41.582977,-7.144376,-2.637186,70.96146,25.379131,89.09127,0.50574344
1.2083333333333333,41.353928,-6.8018513,-2.930426,70.0,25.0,90.0,41.582977,-7.144376,-2.6371841,70.96146,25.379131,89.09127,0.5057445
1.2125,41.353928,-6.8018513,-2.930426,70.0,25.0,90.0,41.582977,-7.1443768,-2.637187,70.961464,25.379131,89.09127,0.50574356
1.2166666666666666,41.353928,-6.8018513,-2.930426,70.0,25.0,90.0,41.582977,-7.1443768,-2.6371841,70.96146,25.379128,89.09127,0.5057452
1.2208333333333334,41.353928,-6.8018513,-2.930426,70.0,25.0,90.0,41.582977,-7.144376,-2.6371822,70.961464,25.379131,89.09127,0.50574565
1.225,41.353928,-6.8018513,-2.930426,70.0,25.0,90.0,41.582973,-7.144376,-2.6371822,70.96146,25.379135,89.09127,0.5057439
1.2291666666666667,41.353928,-6.8018513,-2.930426,70.0,25.0,90.0,41.582977,-7.144374,-2.6371841,70.961464,25.379128,89.09127,0.50574327
1.2333333333333334,41.353928,-6.8018513,-2.930426,70.0,25.0,90.0,41.582973,-7.144376,-2.6371841,70.96147,25.379128,89.09127,0.5057428
1.2375,41.353928,-6.8018513,-2.930426,70.0,25.0,90.0,41.582973,-7.144373,-2.6371832,70.961464,25.379128,89.09127,0.5057414
1.2416666666666667,41.353928,-6.8018513,-2.930426,70.0,25.0,90.0,41.582973,-7.1443768,-2.637187,70.961464,25.379128,89.09127,0.5057418
1.2458333333333333,41.353928,-6.8018513,-2.930426,70.0,25.0,90.0,41.582973,-7.144376,-2.6371822,70.961464,25.379128,89.09126,0.5057439
1.25,41.353928,-6.8018513,-2.930426,70.0,25.0,90.0,41.582973,-7.144373,-2.637189,70.961464,25.379131,89.09126,0.5057381
1.2541666666666667,41.353928,-6.8018513,-2.930426,70.0,25.0,90.0,41.582977,-7.144376,-2.637189,70.961464,25.379128,89.09126,0.5057418
1.2583333333333333,41.353928,-6.8018513,-2.930426,70.0,25.0,90.0,41.582973,-7.1443768,-2.637189,70.96146,25.379128,89.091255,0.5057407
1.2625,41.353928,-6.8018513,-2.930426,70.0,25.0,90.0,41.582977,-7.144376,-2.637189,70.961464,25.379131,89.09126,0.5057418
1.2666666666666666,41.353928,-6.8018513,-2.930426,70.0,25.0,90.0,41.582977,-7.1443787,-2.637188,70.96146,25.379128,89.09126,0.5057442
1.2708333333333333,41.353928,-6.8018513,-2.930426,70.0,25.0,90.0,41.582977,-7.1443787,-2.637188,70.961464,25.379131,89.09126,0.5057442
1.275,41.353928,-6.8018513,-2.930426,70.0,25.0,90.0,41.582977,-7.1443768,-2.6371908,70.96146,25.379139,89.091255,0.5057413
1.2791666666666666,41.353928,-6.8018513,-2.930426,70.0,25.0,90.0,41.58298,-7.144374,-2.637189,70.96146,25.379135,89.091255,0.5057422
1.2833333333333334,41.353928,-6.8018513,-2.930426,70.0,25.0,90.0,41.582977,-7.1443796,-2.6371918,70.96146,25.379131,89.091255,0.50574267
1.2875,41.353928,-6.8018513,-2.930426,70.0,25.0,90.0,41.582977,-7.1443787,-2.637189,70.96146,25.379131,89.09126,0.50574374
1.2916666666666667,41.353928,-6.8018513,-2.930426,70.0,25.0,90.0,41.582977,-7.1443796,-2.637189,70.96146,25.379131,89.09126,0.50574434
1.2958333333333334,41.353928,-6.8018513,-2.930426,70.0,25.0,90.0,41.582977,-7.144374,-2.6371908,70.96146,25.379135,89.09126,0.50573933
1.3,41.353928,-6.8018513,-2.930426,70.0,25.0,90.0,41.58298,-7.1443768,-2.637186,70.96146,25.379135,89.09126,0.5057458
1.3041666666666667,41.353928,-6.8018513,-2.930426,70.0,25.0,90.0,41.582977,-7.144376,-2.637187,70.96146,25.379135,89.09126,0.5057429
1.3083333333333333,41.353928,-6.8018513,-2.930426,70.0,25.0,90.0,41.58298,-7.1443796,-2.637188,70.96146,25.379131,89.09126,0.5057466
1.3125,41.353928,-6.8018513,-2.930426,70.0,25.0,90.0,41.582977,-7.1443787,-2.637189,70.96146,25.379131,89.09126,0.50574374
1.3166666666666667,41.353928,-6.8018513,-2.930426,70.0,25.0,90.0,41.58298,-7.1443787,-2.637189,70.96146,25.379131,89.09126,0.5057454
1.3208333333333333,41.353928,-6.8018513,-2.930426,70.0,25.0,90.0,41.582977,-7.1443787,-2.637189,70.96146,25.379131,89.09126,0.50574374
1.325,41.353928,-6.8018513,-2.930426,70.0,25.0,90.0,41.582977,-7.1443787,-2.637189,70.96146,25.379131,89.09126,0.50574374
1.3291666666666666,41.353928,-6.8018513,-2.930426,70.0,25.0,90.0,41.582977,-7.1443787,-2.637189,70.96146,25.379131,89.09126,0.50574374
1.3333333333333333,41.353928,-6.8018513,-2.930426,70.0,25.0,90.0,41.582977,-7.1443787,-2.637189,70.96146,25.379131,89.09126,0.50574374
1.3375,41.353928,-6.8018513,-2.930426,70.0,25.0,90.0,41.582977,-7.1443787,-2.637189,70.96146,25.379131,89.09126,0.50574374
1.3416666666666666,41.353928,-6.8018513,-2.930426,70.0,25.0,90.0,41.582977,-7.1443787,-2.637189,70.96146,25.379131,89.09126,0.50574374
1.3458333333333334,41.353928,-6.8018513,-2.930426,70.0,25.0,90.0,41.582977,-7.1443787,-2.637189,70.96146,25.379131,89.09126,0.50574374
1.35,41.353928,-6.8018513,-2.930426,70.0,25.0,90.0,41.582977,-7.1443787,-2.637189,70.96146,25.379131,89.09126,0.50574374
1.3541666666666667,41.353928,-6.8018513,-2.930426,70.0,25.0,90.0,41.582977,-7.1443787,-2.637189,70.96146,25.379131,89.09126,0.50574374
1.3583333333333334,41.353928,-6.8018513,-2.930426,70.0,25.0,90.0,41.582977,-7.1443787,-2.637189,70.96146,25.379131,89.09126,0.50574374
1.3625,41.353928,-6.8018513,-2.930426,70.0,25.0,90.0,41.582977,-7.1443787,-2.637189,70.96146,25.379131,89.09126,0.50574374
1.3666666666666667,41.353928,-6.8018513,-2.930426,70.0,25.0,90.0,41.582977,-7.1443787,-2.637189,70.96146,25.379131,89.09126,0.50574374
1.3708333333333333,41.353928,-6.8018513,-2.930426,70.0,25.0,90.0,41.582977,-7.1443787,-2.637189,70.96146,25.379131,89.09126,0.50574374
1.375,41.353928,-6.8018513,-2.930426,70.0,25.0,90.0,41.582977,-7.1443787,-2.637189,70.96146,25.379131,89.09126,0.50574374
1.3791666666666667,41.353928,-6.8018513,-2.930426,70.0,25.0,90.0,41.582977,-7.1443787,-2.637189,70.96146,25.379131,89.09126,0.50574374
1.3833333333333333,41.353928,-6.8018513,-2.930426,70.0,25.0,90.0,41.582977,-7.1443787,-2.637189,70.96146,25.379131,89.09126,0.50574374
1.3875,41.353928,-6.8018513,-2.930426,70.0,25.0,90.0,41.582977,-7.1443787,-2.637189,70.96146,25.379131,89.09126,0.50574374
1.3916666666666666,41.353928,-6.8018513,-2.930426,70.0,25.0,90.0,41.582977,-7.1443787,-2.637189,70.96146,25.379131,89.09126,0.50574374
1.3958333333333333,41.353928,-6.8018513,-2.930426,70.0,25.0,90.0,41.582977,-7.1443787,-2.637189,70.96146,25.379131,89.09126,0.50574374
1.4,41.353928,-6.8018513,-2.930426,70.0,25.0,90.0,41.582977,-7.1443787,-2.637189,70.96146,25.379131,89.09126,0.50574374
1.4041666666666666,41.353928,-6.8018513,-2.930426,70.0,25.0,90.0,41.582977,-7.1443787,-2.637189,70.96146,25.379131,89.09126,0.50574374
1.4083333333333334,41.353928,-6.8018513,-2.930426,70.0,25.0,90.0,41.582977,-7.1443787,-2.637189,70.96146,25.379131,89.09126,0.50574374
1.4125,41.353928,-6.8018513,-2.930426,70.0,25.0,90.0,41.582977,-7.1443787,-2.637189,70.96146,25.379131,89.09126,0.50574374
1.4166666666666667,41.353928,-6.8018513,-2.930426,70.0,25.0,90.0,41.582977,-7.1443787,-2.637189,70.96146,25.379131,89.09126,0.50574374
1.4208333333333334,41.353928,-6.8018513,-2.930426,70.0,25.0,90.0,41.582977,-7.1443787,-2.637189,70.96146,25.379131,89.09126,0.50574374
1.425,41.353928,-6.8018513,-2.930426,70.0,25.0,90.0,41.582977,-7.1443787,-2.637189,70.96146,25.379131,89.09126,0.50574374
1.4291666666666667,41.353928,-6.8018513,-2.930426,70.0,25.0,90.0,41.582977,-7.1443787,-2.637189,70.96146,25.379131,89.09126,0.50574374
1.4333333333333333,41.353928,-6.8018513,-2.930426,70.0,25.0,90.0,41.582977,-7.1443787,-2.637189,70.96146,25.379131,89.09126,0.50574374
1.4375,41.353928,-6.8018513,-2.930426,70.0,25.0,90.0,41.582977,-7.1443787,-2.637189,70.96146,25.379131,89.09126,0.50574374
1.4416666666666667,41.353928,-6.8018513,-2.930426,70.0,25.0,90.0,41.582977,-7.1443787,-2.637189,70.96146,25.379131,89.09126,0.50574374
1.4458333333333333,41.353928,-6.8018513,-2.930426,70.0,25.0,90.0,41.582977,-7.1443787,-2.637189,70.96146,25.379131,89.09126,0.50574374
1.45,41.353928,-6.8018513,-2.930426,70.0,25.0,90.0,41.582977,-7.1443787,-2.637189,70.96146,25.379131,89.09126,0.50574374
1.4541666666666666,41.353928,-6.8018513,-2.930426,70.0,25.0,90.0,41.582977,-7.1443787,-2.637189,70.96146,25.379131,89.09126,0.50574374
1.4583333333333333,41.353928,-6.8018513,-2.930426,70.0,25.0,90.0,41.582977,-7.1443787,-2.637189,70.96146,25.379131,89.09126,0.50574374
1.4625,41.353928,-6.8018513,-2.930426,70.0,25.0,90.0,41.582977,-7.1443787,-2.637189,70.96146,25.379131,89.09126,0.50574374
1.4666666666666666,41.353928,-6.8018513,-2.930426,70.0,25.0,90.0,41.582977,-7.1443787,-2.637189,70.96146,25.379131,89.09126,0.50574374
1.4708333333333334,41.353928,-6.8018513,-2.930426,70.0,25.0,90.0,41.582977,-7.1443787,-2.637189,70.96146,25.379131,89.09126,0.50574374
1.475,41.353928,-6.8018513,-2.930426,70.0,25.0,90.0,41.582977,-7.1443787,-2.637189,70.96146,25.379131,89.09126,0.50574374
1.4791666666666667,41.353928,-6.8018513,-2.930426,70.0,25.0,90.0,41.582977,-7.1443787,-2.637188,70.96146,25.379131,89.09126,0.5057442
1.4833333333333334,41.353928,-6.8018513,-2.930426,70.0,25.0,90.0,41.582977,-7.1443768,-2.637187,70.96146,25.379131,89.09126,0.50574356
1.4875,41.353928,-6.8018513,-2.930426,70.0,25.0,90.0,41.58298,-7.144376,-2.637188,70.96146,25.379131,89.09126,0.50574404
1.4916666666666667,41.353928,-6.8018513,-2.930426,70.0,25.0,90.0,41.582977,-7.144376,-2.637187,70.96146,25.379131,89.09126,0.5057429
1.4958333333333333,41.353928,-6.8018513,-2.930426,70.0,25.0,90.0,41.58298,-7.144374,-2.6371899,70.961464,25.379135,89.09126,0.50574166
1.5,41.353928,-6.8018513,-2.930426,70.0,25.0,90.0,41.58298,-7.144376,-2.637188,70.96146,25.379131,89.09126,0.50574404
1.5041666666666667,41.353928,-6.8018513,-2.930426,70.0,25.0,90.0,41.582977,-7.144376,-2.637187,70.96146,25.379131,89.09126,0.5057429
1.5083333333333333,41.353928,-6.8018513,-2.930426,70.0,25.0,90.0,41.582973,-7.144376,-2.6371899,70.96146,25.379139,89.09127,0.50573945
1.5125,41.353928,-6.8018513,-2.930426,70.0,25.0,90.0,41.58298,-7.144373,-2.637188,70.96146,25.379139,89.09127,0.50574213
1.5166666666666666,41.353928,-6.8018513,-2.930426,70.0,25.0,90.0,41.58298,-7.144376,-2.637189,70.96146,25.379135,89.09127,0.5057435
1.5208333333333333,41.353928,-6.8018513,-2.930426,70.0,25.0,90.0,41.582977,-7.144371,-2.637189,70.96146,25.379131,89.09127,0.50573856
1.525,41.353928,-6.8018513,-2.930426,70.0,25.0,90.0,41.582977,-7.144376,-2.637187,70.96146,25.379131,89.09127,0.5057429
1.5291666666666666,41.353928,-6.8018513,-2.930426,70.0,25.0,90.0,41.582977,-7.144374,-2.637188,70.96146,25.379124,89.09128,0.505741
1.5333333333333334,41.353928,-6.8018513,-2.930426,70.0,25.0,90.0,41.582973,-7.1443787,-2.637188,70.96146,25.379131,89.09127,0.50574255
1.5375,41.353928,-6.8018513,-2.930426,70.0,25.0,90.0,41.582977,-7.1443787,-2.6372023,70.96144,25.379135,89.09125,0.505736
1.5416666666666667,41.353928,-6.8018513,-2.930426,70.0,25.0,90.0,41.58298,-7.144376,-2.6372318,70.96138,25.379139,89.0912,0.5057186
1.5458333333333334,41.353928,-6.8018513,-2.930426,70.0,25.0,90.0,41.582977,-7.144397,-2.637313,70.96117,25.378994,89.09117,0.5056841
1.55,41.353928,-6.8018513,-2.930426,70.0,25.0,90.0,41.582996,-7.1444435,-2.6374636,70.96059,25.378532,89.091286,0.5056371
1.5541666666666667,41.353928,-6.8018513,-2.930426,70.0,25.0,90.0,41.583046,-7.1445417,-2.6377249,70.95935,25.377522,89.091675,0.50557476
1.5583333333333333,41.353928,-6.8018513,-2.930426,70.0,25.0,90.0,41.583237,-7.144745,-2.638239,70.9571,25.375809,89.092384,0.5055016
1.5625,41.353928,-6.8018513,-2.930426,70.0,25.0,90.0,41.583603,-7.1451464,-2.6392202,70.95344,25.373203,89.09344,0.5053741
1.5666666666666667,41.353928,-6.8018513,-2.930426,70.0,25.0,90.0,41.584137,-7.145958,-2.6407785,70.94798,25.369522,89.09502,0.5052735
1.5708333333333333,41.353928,-6.8018513,-2.930426,70.0,25.0,90.0,41.58487,-7.1473455,-2.6428833,70.940445,25.364521,89.09752,0.5053525
1.575,41.353928,-6.8018513,-2.930426,70.0,25.0,90.0,41.585777,-7.1494265,-2.6454687,70.930626,25.358246,89.10155,0.50573057
1.5791666666666666,41.353928,-6.8018513,-2.930426,70.0,25.0,90.0,41.58664,-7.1523447,-2.6486368,70.918045,25.35096,89.10782,0.506365
1.5833333333333333,41.353928,-6.8018513,-2.930426,70.0,25.0,90.0,41.587307,-7.155965,-2.6525736,70.90205,25.342663,89.117325,0.50701505
1.5875,41.353928,-6.8018513,-2.930426,70.0,25.0,90.0,41.58775,-7.160121,-2.6568766,70.882996,25.332481,89.130806,0.50779825
1.5916666666666666,41.353928,-6.8018513,-2.930426,70.0,25.0,90.0,41.58754,-7.164812,-2.661561,70.86057,25.321133,89.1496,0.5085307
1.5958333333333334,41.353928,-6.8018513,-2.930426,70.0,25.0,90.0,41.586727,-7.169709,-2.6660795,70.83378,25.309902,89.17408,0.50930744
1.6,41.353928,-6.8018513,-2.930426,70.0,25.0,90.0,41.58612,-7.173806,-2.6694193,70.80231,25.298267,89.2047,0.51028275
1.6041666666666667,41.353928,-6.8018513,-2.930426,70.0,25.0,90.0,41.584656,-7.175749,-2.6705503,70.765976,25.28619,89.2429,0.51046073
1.6083333333333334,41.353928,-6.8018513,-2.930426,70.0,25.0,90.0,41.57911,-7.170904,-2.6686525,70.72067,25.277271,89.29252,0.50540286
1.6125,41.353928,-6.8018513,-2.930426,70.0,25.0,90.0,41.568462,-7.1568146,-2.6647148,70.67007,25.275833,89.34973,0.4925713
1.6166666666666667,41.353928,-6.8018513,-2.930426,70.0,25.0,90.0,41.551373,-7.1391506,-2.6631546,70.607574,25.277786,89.41519,0.4734863
1.6208333333333333,41.353928,-6.8018513,-2.930426,70.0,25.0,90.0,41.53235,-7.112398,-2.669715,70.52844,25.292248,89.48275,0.44299394
1.625,41.353928,-6.8018513,-2.930426,70.0,25.0,90.0,41.507065,-7.0738907,-2.673584,70.430504,25.305946,89.566574,0.4042576
1.6291666666666667,41.353928,-6.8018513,-2.930426,70.0,25.0,90.0,41.47705,-7.0300665,-2.6751347,70.3426,25.319866,89.65161,0.3638889
1.6333333333333333,41.353928,-6.8018513,-2.930426,70.0,25.0,90.0,41.441063,-6.9804096,-2.6862974,70.252625,25.336388,89.74078,0.31476077
1.6375,41.353928,-6.8018513,-2.930426,70.0,25.0,90.0,41.4065,-6.939355,-2.6955633,70.144844,25.33873,89.82054,0.27718535
1.6416666666666666,41.353928,-6.8018513,-2.930426,70.0,25.0,90.0,41.37038,-6.920121,-2.697877,70.013725,25.303185,89.942085,0.26141438
1.6458333333333333,41.353928,-6.8018513,-2.930426,70.0,25.0,90.0,41.32655,-6.902296,-2.6853905,69.87785,25.241096,90.078476,0.266235
1.65,41.353928,-6.8018513,-2.930426,70.0,25.0,90.0,41.279182,-6.8793287,-2.6649847,69.7338,25.165493,90.23222,0.2864413
1.6541666666666666,41.354004,-6.8018546,-2.9304254,69.99998,25.0,89.999794,41.213257,-6.8357706,-2.6263475,69.60174,25.100807,90.42961,0.3367839
1.6583333333333334,41.354485,-6.8018503,-2.930427,69.999794,25.0,89.99847,41.136917,-6.7762957,-2.5564442,69.48521,25.049583,90.65938,0.43341878
1.6625,41.355778,-6.80185,-2.9304233,69.99933,25.0,89.994896,41.05032,-6.706627,-2.514063,69.3981,24.998161,90.85526,0.5250981
1.6666666666666667,41.35826,-6.801851,-2.9304256,69.99842,25.0,89.98804,40.934967,-6.6345367,-2.5092583,69.34421,24.95126,91.011505,0.62012404
1.6708333333333334,41.362278,-6.8018503,-2.9304266,69.996956,25.0,89.976944,40.80223,-6.5286026,-2.547245,69.26905,24.919827,91.12983,0.73153627
1.675,41.36817,-6.80185,-2.9304261,69.99481,25.0,89.96066,40.687656,-6.445162,-2.6149302,69.2317,24.923233,91.18571,0.8305812
1.6791666666666667,41.376247,-6.8018527,-2.9304247,69.99188,25.0,89.93835,40.592754,-6.3964195,-2.6925268,69.19565,24.980343,91.21014,0.9136918
1.6833333333333333,41.38681,-6.8018527,-2.9304283,69.988045,25.0,89.90916,40.527985,-6.317445,-2.7691278,69.17757,25.075909,91.27811,0.9991248
1.6875,41.40013,-6.8018513,-2.9304273,69.98322,25.0,89.87234,40.46746,-6.2159586,-2.8418436,69.1598,25.245861,91.34371,1.104985
1.6916666666666667,41.416466,-6.8018517,-2.930428,69.977325,25.0,89.82717,40.369408,-6.1334257,-2.9194365,69.17098,25.364063,91.452324,1.242274
1.6958333333333333,41.436054,-6.8018513,-2.930428,69.970276,25.0,89.77298,40.238773,-6.0534725,-2.9267101,69.19341,25.361225,91.6269,1.411937
1.7,41.459118,-6.8018513,-2.9304252,69.96201,25.0,89.709145,40.09288,-5.9877396,-2.9091234,69.24179,25.32616,91.79913,1.5905461
1.7041666666666666,41.48586,-6.8018503,-2.9304261,69.95247,25.0,89.635086,39.918144,-5.951187,-2.9198751,69.28429,25.26234,92.04046,1.7836671
1.7083333333333333,41.516468,-6.8018503,-2.9304264,69.941605,25.0,89.550255,39.73887,-5.902725,-2.9920177,69.31311,25.22725,92.27371,1.9930074
1.7125,41.551113,-6.801851,-2.9304268,69.92938,25.0,89.45416,39.567387,-5.8379097,-3.0760803,69.36545,25.246231,92.39365,2.2103322
1.7166666666666666,41.589943,-6.801852,-2.9304273,69.91578,25.0,89.34636,39.392124,-5.80005,-3.1961665,69.42215,25.305248,92.36283,2.429945
1.7208333333333334,41.633102,-6.8018556,-2.9304273,69.90078,25.0,89.226425,39.22357,-5.7292185,-3.3063235,69.49219,25.392067,92.24481,2.6641483
1.725,41.6807,-6.8018503,-2.9304237,69.88438,25.0,89.09401,39.07009,-5.653427,-3.3414555,69.60324,25.49435,92.07103,2.8815088
1.7291666666666667,41.732853,-6.8018513,-2.930424,69.86658,25.0,88.94873,38.92517,-5.5846405,-3.281991,69.70701,25.586182,91.93995,3.080305
1.7333333333333334,41.789646,-6.801852,-2.9304278,69.8474,25.0,88.79032,38.79517,-5.5045137,-3.1668606,69.821304,25.608955,91.86236,3.2719836
1.7375,41.85116,-6.80185,-2.9304245,69.82687,25.0,88.61849,38.713295,-5.4233627,-3.0064182,69.94641,25.566223,91.80827,3.4281464
1.7416666666666667,41.917454,-6.8018517,-2.930426,69.80504,25.0,88.433,38.65642,-5.3381996,-2.8071938,70.070404,25.484562,91.74823,3.576562
1.7458333333333333,41.98857,-6.80185,-2.9304264,69.781944,25.0,88.23368,38.607994,-5.2636585,-2.6081982,70.19549,25.376434,91.73222,3.7280245
1.75,42.064556,-6.801853,-2.930429,69.75765,25.0,88.02031,38.560524,-5.198657,-2.413804,70.30078,25.218365,91.73865,3.8878503
1.7541666666666667,42.14542,-6.8018494,-2.9304247,69.73224,25.0,87.7928,38.564484,-5.16238,-2.2580614,70.35819,25.150135,91.72159,3.995377
1.7583333333333333,42.23118,-6.8018513,-2.9304235,69.70578,25.0,87.550995,38.596012,-5.1262484,-2.1005354,70.40309,25.04321,91.67052,4.0878835
1.7625,42.321823,-6.8018517,-2.9304264,69.67836,25.0,87.29483,38.67317,-5.090639,-2.0014477,70.36311,24.951607,91.57242,4.13569
1.7666666666666666,42.417336,-6.8018513,-2.930426,69.65009,25.0,87.02426,38.77715,-5.0565176,-1.9363537,70.29682,24.855953,91.41457,4.1575627
1.7708333333333333,42.517693,-6.8018517,-2.930428,69.62108,25.0,86.739235,38.883686,-5.021552,-1.9070454,70.17581,24.766064,91.24226,4.1740603
1.775,42.622852,-6.8018513,-2.9304261,69.591446,25.0,86.43976,38.982986,-4.9938507,-1.9335814,70.04587,24.718422,91.04755,4.1846375
1.7791666666666666,42.732765,-6.8018527,-2.9304245,69.56132,25.0,86.12585,39.099487,-4.992174,-1.9658365,69.9089,24.754307,90.83927,4.1720586
1.7833333333333334,42.847366,-6.8018513,-2.9304247,69.53082,25.0,85.79757,39.253876,-5.030038,-1.9955778,69.80113,24.837822,90.553535,4.1141753
1.7875,42.96659,-6.8018513,-2.9304254,69.50011,25.0,85.45496,39.418518,-5.072421,-2.0386114,69.71076,24.916443,90.272446,4.0466137
1.7916666666666667,43.090347,-6.8018517,-2.930426,69.46932,25.0,85.09815,39.593266,-5.10915,-2.10596,69.61099,25.048374,89.989784,3.9717205
1.7958333333333334,43.21855,-6.801851,-2.9304245,69.43862,25.0,84.727234,39.76591,-5.1505404,-2.1758327,69.51634,25.237396,89.6468,3.9008923
1.8,43.351105,-6.8018513,-2.930428,69.40816,25.0,84.34234,39.920273,-5.1793957,-2.2799883,69.44926,25.539886,89.283966,3.85046
1.8041666666666667,43.487892,-6.801855,-2.9304266,69.37811,25.0,83.94364,40.040924,-5.2427435,-2.405017,69.4197,25.825111,88.91294,3.819486
1.8083333333333333,43.628796,-6.8018503,-2.9304273,69.34863,25.0,83.531334,40.17497,-5.2914476,-2.5443363,69.36445,26.0489,88.510124,3.7893672
1.8125,43.773697,-6.8018503,-2.9304254,69.31991,25.0,83.105576,40.285957,-5.3147497,-2.6416845,69.340096,26.237225,88.12346,3.802521
1.8166666666666667,43.922455,-6.8018494,-2.9304225,69.29211,25.0,82.66662,40.387203,-5.3389273,-2.7098436,69.3161,26.417263,87.707695,3.8323362
1.8208333333333333,44.07493,-6.801853,-2.9304273,69.265396,25.0,82.21469,40.496758,-5.3543425,-2.7884245,69.28197,26.610111,87.265396,3.8624809
1.825,44.230972,-6.801852,-2.9304285,69.23996,25.0,81.75006,40.618362,-5.3912544,-2.8785133,69.24453,26.829285,86.76998,3.8785863
1.8291666666666666,44.390434,-6.8018513,-2.930424,69.21598,25.0,81.27299,40.745274,-5.4129286,-2.9516392,69.18189,27.051449,86.21929,3.9008656
1.8333333333333333,44.553146,-6.8018503,-2.9304252,69.19362,25.0,80.78379,40.902153,-5.4068384,-3.0414371,69.125786,27.295551,85.633194,3.9100044
1.8375,44.718945,-6.80185,-2.9304247,69.17306,25.0,80.28277,41.07406,-5.393385,-3.124282,69.063705,27.565067,85.03973,3.9123583
1.8416666666666666,44.887657,-6.801852,-2.930426,69.154465,25.0,79.77025,41.26306,-5.3862906,-3.2081566,68.99692,27.836884,84.380974,3.9011078
1.8458333333333334,45.059105,-6.8018513,-2.9304245,69.13801,25.0,79.24659,41.454254,-5.3564615,-3.263865,68.9347,27.997768,83.7007,3.8981128
1.85,45.233105,-6.8018503,-2.9304237,69.12385,25.0,78.712166,41.675037,-5.3415413,-3.3380938,68.88738,28.19381,82.962425,3.8676274
1.8541666666666667,45.409466,-6.8018517,-2.930424,69.112144,25.0,78.16736,41.88363,-5.3278313,-3.376418,68.86576,28.39349,82.22551,3.847489
1.8583333333333334,45.588005,-6.8018503,-2.9304297,69.103035,25.0,77.61255,42.109356,-5.3097715,-3.4558,68.822235,28.642155,81.44918,3.8214283
1.8625,45.768517,-6.8018517,-2.9304287,69.09669,25.0,77.04819,42.338406,-5.270812,-3.4974198,68.78618,28.851318,80.6812,3.798845
1.8666666666666667,45.95081,-6.8018513,-2.9304268,69.09322,25.0,76.474686,42.589264,-5.2435255,-3.5422735,68.76953,29.063332,79.88813,3.7553594
1.8708333333333333,46.13468,-6.8018517,-2.9304245,69.09277,25.0,75.892494,42.836952,-5.2308474,-3.605147,68.75275,29.295105,79.09152,3.7146099
1.875,46.319923,-6.801853,-2.9304292,69.09544,25.0,75.3021,43.07181,-5.204365,-3.703733,68.72656,29.535202,78.31425,3.7013779
1.8791666666666667,46.50633,-6.801852,-2.9304278,69.10136,25.0,74.70398,43.295227,-5.159644,-3.7807293,68.70057,29.697945,77.56719,3.705541
1.8833333333333333,46.693687,-6.801851,-2.9304245,69.1106,25.0,74.09865,43.520744,-5.1171837,-3.8693614,68.71362,29.89217,76.84178,3.713122
1.8875,46.881794,-6.8018527,-2.930428,69.12326,25.0,73.486595,43.74601,-5.0918503,-3.9324012,68.731674,30.057144,76.151215,3.7096093
1.8916666666666666,47.070435,-6.8018513,-2.9304247,69.13941,25.0,72.86838,43.967262,-5.0601788,-4.0283923,68.746704,30.22026,75.493,3.7240617
1.8958333333333333,47.259396,-6.80185,-2.930427,69.1591,25.0,72.24454,44.170357,-5.02365,-4.1110587,68.74974,30.327988,74.86428,3.7547364
1.9,47.448463,-6.8018513,-2.9304242,69.182396,25.0,71.61564,44.34444,-5.0051937,-4.163522,68.76796,30.397945,74.256386,3.7925541
1.9041666666666666,47.63742,-6.8018527,-2.9304252,69.209305,25.0,70.98229,44.500477,-5.0181284,-4.2033205,68.82092,30.478054,73.63738,3.8265326
1.9083333333333334,47.82606,-6.8018503,-2.9304247,69.23985,25.0,70.34506,44.642693,-5.053294,-4.228042,68.87892,30.509262,73.00528,3.8568246
1.9125,48.014168,-6.8018513,-2.9304264,69.27404,25.0,69.70458,44.786705,-5.089611,-4.2266307,68.92688,30.454208,72.379585,3.8766518
1.9166666666666667,48.20153,-6.8018513,-2.9304235,69.31186,25.0,69.06148,44.932644,-5.111044,-4.20084,68.96419,30.342072,71.76442,3.89338
1.9208333333333334,48.387936,-6.8018517,-2.9304283,69.353264,25.0,68.416405,45.078377,-5.1167336,-4.174016,69.02045,30.199226,71.142944,3.9165437
1.925,48.573177,-6.801851,-2.930428,69.398224,25.0,67.77002,45.221684,-5.1343346,-4.128022,69.070465,29.962341,70.52198,3.930312
1.9291666666666667,48.757046,-6.8018503,-2.9304225,69.44668,25.0,67.123,45.365326,-5.1279497,-4.0859165,69.14914,29.684635,69.8945,3.9548542
1.9333333333333333,48.93934,-6.801853,-2.9304247,69.498535,25.0,66.476036,45.508068,-5.1080894,-4.052495,69.22096,29.402592,69.23551,3.9876678
1.9375,49.119854,-6.801854,-2.9304283,69.5537,25.0,65.82984,45.65633,-5.104847,-4.0075307,69.26644,29.155052,68.618546,4.004495
1.9416666666666667,49.29839,-6.8018494,-2.930422,69.61208,25.0,65.18514,45.804115,-5.0972147,-4.0082006,69.28819,28.883915,68.00009,4.0345182
1.9458333333333333,49.474754,-6.8018527,-2.9304295,69.67353,25.0,64.54265,45.94497,-5.136076,-4.0246186,69.28534,28.527538,67.34637,4.053572
1.95,49.648754,-6.8018513,-2.9304252,69.73792,25.0,63.903133,46.074554,-5.1838427,-3.967751,69.28774,28.092762,66.71168,4.058189
1.9541666666666666,49.8202,-6.801853,-2.9304295,69.805084,25.0,63.267338,46.21678,-5.2415457,-3.9626555,69.257065,27.698273,66.076324,4.060134
1.9583333333333333,49.988914,-6.8018546,-2.9304285,69.874855,25.0,62.636044,46.368267,-5.324113,-3.9983597,69.19414,27.299541,65.44094,4.0537987
1.9625,50.154713,-6.8018503,-2.9304276,69.94704,25.0,62.010036,46.55636,-5.415539,-4.028477,69.099976,26.837048,64.82775,4.0094547
1.9666666666666666,50.317425,-6.8018517,-2.9304254,70.02144,25.0,61.390087,46.744812,-5.502823,-4.0493817,68.9664,26.323326,64.20537,3.962714
1.9708333333333334,50.476883,-6.8018517,-2.9304285,70.09783,25.0,60.777004,46.93448,-5.6218624,-4.02394,68.86512,25.930561,63.62729,3.8906002
1.975,50.63293,-6.80185,-2.9304278,70.176,25.0,60.171562,47.106445,-5.7216606,-4.02826,68.761375,25.683407,63.155514,3.8481352
1.9791666666666667,50.785404,-6.801852,-2.9304264,70.25571,25.0,59.574604,47.247276,-5.791296,-4.1218505,68.65859,25.478645,62.657497,3.867695
1.9833333333333334,50.934162,-6.8018475,-2.930424,70.33669,25.0,58.986908,47.371986,-5.8745747,-4.0836854,68.60034,25.21408,62.189682,3.8573234
1.9875,51.07906,-6.801848,-2.9304252,70.4187,25.0,58.409286,47.51906,-5.977874,-4.0896316,68.55439,24.999855,61.762833,3.8335757
1.9916666666666667,51.219967,-6.8018546,-2.9304256,70.50147,25.0,57.84253,47.631714,-6.060135,-4.1463227,68.53134,24.848804,61.274124,3.8605847
1.9958333333333333,51.356754,-6.801849,-2.930422,70.584724,25.0,57.287445,47.762367,-6.115816,-4.2003317,68.54108,24.780079,60.758545,3.8733616
2.0,51.489304,-6.801854,-2.930427,70.668175,25.0,56.74482,47.878105,-6.207508,-4.205847,68.614235,24.620014,60.26615,3.8756545
2.004166666666667,51.617508,-6.80185,-2.930426,70.75155,25.0,56.215412,47.97449,-6.358716,-4.170549,68.795456,24.452972,59.72911,3.8737376
2.0083333333333333,51.74127,-6.8018517,-2.930424,70.834564,25.0,55.69997,48.078476,-6.5413666,-4.0334187,69.074684,24.304237,59.196846,3.834123
2.0125,51.86049,-6.801853,-2.9304242,70.91692,25.0,55.199253,48.224983,-6.6263876,-3.9399023,69.30708,24.234673,58.737213,3.7771332
2.0166666666666666,51.975094,-6.8018494,-2.9304276,70.998344,25.0,54.71394,48.3546,-6.6814823,-3.8382,69.49979,24.092506,58.2891,3.7345042
2.0208333333333335,52.085003,-6.8018503,-2.930427,71.07855,25.0,54.244747,48.489967,-6.7333765,-3.7594934,69.697716,23.91409,57.871063,3.6900299
2.025,52.190163,-6.801853,-2.9304252,71.15727,25.0,53.79229,48.55614,-6.827195,-3.6920247,69.84012,23.757557,57.48091,3.7130566
2.029166666666667,52.29052,-6.8018503,-2.9304287,71.23422,25.0,53.357185,48.61879,-6.951972,-3.5940847,69.99129,23.563644,57.13812,3.7342439
2.033333333333333,52.386036,-6.80185,-2.9304223,71.309166,25.0,52.93999,48.684807,-7.0301733,-3.4767118,70.13075,23.373863,56.818024,3.7482877
2.0375,52.47668,-6.801849,-2.9304266,71.38183,25.0,52.541233,49.150078,-6.930518,-3.3086224,70.36532,23.296177,56.310772,3.3505037
2.0416666666666665,52.562435,-6.8018537,-2.930424,71.451996,25.0,52.16138,49.617348,-6.85091,-3.1381683,70.591515,23.267574,55.798515,2.952813
2.0458333333333334,52.643303,-6.8018484,-2.9304228,71.51944,25.0,51.800804,49.974586,-6.8050175,-2.9792376,70.863976,23.344845,55.332527,2.6691647
2.05,52.719284,-6.801853,-2.9304233,71.58396,25.0,51.45987,50.26434,-6.7902994,-2.8260012,71.15256,23.49995,54.9188,2.4571915
2.0541666666666667,52.790405,-6.8018517,-2.9304235,71.64538,25.0,51.138824,50.491302,-6.7932253,-2.6577835,71.44271,23.745796,54.58259,2.315228
2.058333333333333,52.856697,-6.801849,-2.930423,71.70353,25.0,50.837875,50.659126,-6.7914953,-2.4599667,71.763725,23.95604,54.339592,2.2473884
2.0625,52.918213,-6.8018513,-2.9304287,71.75828,25.0,50.55711,50.75133,-6.771413,-2.2963123,72.04817,24.098942,54.174286,2.257965
2.066666666666667,52.975006,-6.8018513,-2.9304242,71.80952,25.0,50.296604,50.814777,-6.7443495,-2.1649675,72.276184,24.198723,54.08635,2.2925572
2.0708333333333333,53.027157,-6.80185,-2.930425,71.85715,25.0,50.056274,50.841156,-6.7184515,-2.0875893,72.41596,24.342613,54.05706,2.3443394
2.075,53.07476,-6.8018503,-2.930423,71.90112,25.0,49.835953,50.836876,-6.725424,-2.0751019,72.5099,24.536797,54.03749,2.3969862
2.0791666666666666,53.117916,-6.801849,-2.9304235,71.9414,25.0,49.635426,50.795723,-6.7465687,-2.1126776,72.59257,24.757244,53.984,2.4625893
2.0833333333333335,53.156746,-6.801854,-2.9304278,71.977974,25.0,49.454346,50.737415,-6.7948656,-2.1194744,72.64785,24.936314,53.950657,2.5516376
2.0875,53.191387,-6.8018494,-2.9304318,72.01087,25.0,49.292274,50.712654,-6.851514,-2.1605825,72.6514,25.014374,53.916786,2.596007
2.091666666666667,53.221996,-6.801853,-2.9304268,72.04017,25.0,49.14865,50.76509,-6.884692,-2.2298717,72.58061,25.039421,53.843563,2.5561736
2.095833333333333,53.24874,-6.8018494,-2.9304268,72.065926,25.0,49.02284,50.85018,-6.952362,-2.3415785,72.53685,25.005985,53.661804,2.4743655
2.1,53.271805,-6.8018503,-2.930427,72.088264,25.0,48.914097,50.911263,-7.0416183,-2.4351177,72.4712,24.914894,53.524986,2.4238358
2.1041666666666665,53.291393,-6.8018503,-2.9304261,72.10733,25.0,48.82156,51.002754,-7.1189966,-2.564125,72.401054,24.835857,53.29604,2.3393645
2.1083333333333334,53.307728,-6.8018527,-2.9304283,72.12329,25.0,48.74427,51.102623,-7.1543646,-2.6745634,72.3446,24.740162,53.0763,2.247714
2.1125,53.32105,-6.80185,-2.9304268,72.13635,25.0,48.681156,51.180206,-7.158621,-2.797617,72.26375,24.671925,52.86439,2.1744266
2.1166666666666667,53.331608,-6.8018513,-2.9304254,72.146736,25.0,48.63107,51.2601,-7.1414223,-2.880353,72.17333,24.588844,52.68985,2.099751
2.120833333333333,53.339687,-6.801849,-2.9304264,72.15469,25.0,48.592716,51.338036,-7.158141,-2.937622,72.09579,24.511707,52.51735,2.033127
2.125,53.345577,-6.801851,-2.930426,72.16051,25.0,48.564735,51.396385,-7.193654,-2.9812288,72.05625,24.402416,52.364166,1.9888289
2.129166666666667,53.349598,-6.801851,-2.930423,72.16448,25.0,48.545628,51.433052,-7.2359486,-2.998476,72.01857,24.303143,52.275463,1.9662707
2.1333333333333333,53.352077,-6.8018494,-2.9304247,72.16693,25.0,48.53384,51.460945,-7.273875,-3.009142,71.980515,24.216606,52.22465,1.95074
2.1375,53.353374,-6.80185,-2.9304328,72.168205,25.0,48.52767,51.47548,-7.316571,-3.0149107,71.936195,24.128902,52.19731,1.948991
2.1416666666666666,53.35386,-6.801851,-2.930426,72.16869,25.0,48.525364,51.465416,-7.36425,-3.0024242,71.90358,24.058884,52.189472,1.9717236
2.1458333333333335,53.353928,-6.8018503,-2.9304237,72.16876,25.0,48.525043,51.43537,-7.414504,-2.9911776,71.87987,23.994144,52.18827,2.0149179
2.15,53.353928,-6.8018503,-2.9304237,72.16876,25.0,48.525043,51.377808,-7.456147,-2.9914055,71.845474,23.945034,52.172844,2.0825162
2.154166666666667,53.353928,-6.8018503,-2.9304237,72.16876,25.0,48.525043,51.316177,-7.4956017,-2.9911108,71.80762,23.913567,52.153008,2.1534624
2.158333333333333,53.353928,-6.8018503,-2.9304237,72.16876,25.0,48.525043,51.261833,-7.541258,-2.9949808,71.782745,23.896809,52.10163,2.2198536
2.1625,53.353928,-6.8018503,-2.9304237,72.16876,25.0,48.525043,51.22448,-7.587426,-3.0021276,71.76524,23.898918,52.03411,2.270863
2.1666666666666665,53.353928,-6.8018503,-2.9304237,72.16876,25.0,48.525043,51.202255,-7.619278,-3.006607,71.752426,23.908089,51.975056,2.3029733
2.1708333333333334,53.353928,-6.8018503,-2.9304237,72.16876,25.0,48.525043,51.19938,-7.637944,-3.0095778,71.74459,23.92414,51.923363,2.3124442
2.175,53.353928,-6.8018503,-2.9304237,72.16876,25.0,48.525043,51.209457,-7.641012,-3.0147276,71.736916,23.939983,51.8657,2.3043551
2.1791666666666667,53.353928,-6.8018503,-2.9304237,72.16876,25.0,48.525043,51.2248,-7.635895,-3.0197086,71.73063,23.957806,51.80924,2.2884026
2.183333333333333,53.353928,-6.8018503,-2.9304237,72.16876,25.0,48.525043,51.24315,-7.6267004,-3.022337,71.72535,23.979889,51.75811,2.2680857
2.1875,53.353928,-6.8018503,-2.9304237,72.16876,25.0,48.525043,51.260605,-7.6160793,-3.0253391,71.72153,24.001663,51.714157,2.2481053
2.191666666666667,53.353928,-6.8018503,-2.9304237,72.16876,25.0,48.525043,51.276672,-7.602173,-3.0251827,71.72214,24.022984,51.678383,2.2281125
2.1958333333333333,53.353928,-6.8018503,-2.9304237,72.16876,25.0,48.525043,51.28887,-7.5867586,-3.0216694,71.72316,24.04321,51.652775,2.2110772
2.2,53.353928,-6.8018503,-2.9304237,72.16876,25.0,48.525043,51.29812,-7.5711527,-3.0169525,71.72594,24.062157,51.63521,2.1967394
2.2041666666666666,53.353928,-6.8018503,-2.9304237,72.16876,25.0,48.525043,51.30538,-7.5564337,-3.0119524,71.73075,24.079285,51.623592,2.1846242
2.2083333333333335,53.353928,-6.8018503,-2.9304237,72.16876,25.0,48.525043,51.310913,-7.5432644,-3.0076017,71.73733,24.095512,51.616222,2.174755
2.2125,53.353928,-6.8018503,-2.9304237,72.16876,25.0,48.525043,51.31569,-7.531064,-3.0048857,71.74403,24.110447,51.61249,2.1660364
2.216666666666667,53.353928,-6.8018503,-2.9304237,72.16876,25.0,48.525043,51.31951,-7.5206223,-3.0022364,71.74998,24.122875,51.611393,2.1588514
2.220833333333333,53.353928,-6.8018503,-2.9304237,72.16876,25.0,48.525043,51.322617,-7.511592,-2.999896,71.75497,24.134117,51.61177,2.152855
2.225,53.353928,-6.8018503,-2.9304237,72.16876,25.0,48.525043,51.32512,-7.504223,-2.9977274,71.75937,24.144085,51.612514,2.148004
2.2291666666666665,53.353928,-6.8018503,-2.9304237,72.16876,25.0,48.525043,51.327415,-7.4986744,-2.9956255,71.763275,24.152378,51.61269,2.1439605
2.2333333333333334,53.353928,-6.8018503,-2.9304237,72.16876,25.0,48.525043,51.329563,-7.494893,-2.9937181,71.76666,24.159016,51.61238,2.1406462
2.2375,53.353928,-6.8018503,-2.9304237,72.16876,25.0,48.525043,51.331436,-7.4926453,-2.992177,71.76934,24.164093,51.61168,2.1381025
2.2416666666666667,53.353928,-6.8018503,-2.9304237,72.16876,25.0,48.525043,51.33297,-7.4914865,-2.9910793,71.771324,24.167572,51.6106,2.1362464
2.245833333333333,53.353928,-6.8018503,-2.9304237,72.16876,25.0,48.525043,51.334076,-7.490921,-2.9903316,71.77265,24.169601,51.609383,2.134996
2.25,53.353928,-6.8018503,-2.9304237,72.16876,25.0,48.525043,51.334724,-7.4906807,-2.9898796,71.7734,24.170582,51.608284,2.1342924
2.254166666666667,53.353928,-6.8018503,-2.9304237,72.16876,25.0,48.525043,51.33501,-7.4906225,-2.989687,71.77372,24.171013,51.607548,2.1339974
2.2583333333333333,53.353928,-6.8018503,-2.9304237,72.16876,25.0,48.525043,51.3351,-7.490612,-2.9896297,71.7738,24.171127,51.6072,2.1339097
2.2625,53.353928,-6.8018503,-2.9304237,72.16876,25.0,48.525043,51.33511,-7.490617,-2.989627,71.77381,24.171143,51.60714,2.1339002
2.2666666666666666,53.353928,-6.8018503,-2.9304237,72.16876,25.0,48.525043,51.335117,-7.4906178,-2.9896278,71.7738,24.171139,51.60713,2.1338933
2.2708333333333335,53.353928,-6.8018503,-2.9304237,72.16876,25.0,48.525043,51.335117,-7.4906178,-2.9896278,71.7738,24.171139,51.60713,2.1338933
2.275,53.353928,-6.8018503,-2.9304237,72.16876,25.0,48.525043,51.335117,-7.4906178,-2.9896278,71.7738,24.171139,51.60713,2.1338933
2.279166666666667,53.353928,-6.8018503,-2.9304237,72.16876,25.0,48.525043,51.335117,-7.4906178,-2.9896278,71.7738,24.171139,51.60713,2.1338933
2.283333333333333,53.353928,-6.8018503,-2.9304237,72.16876,25.0,48.525043,51.335117,-7.4906178,-2.9896278,71.7738,24.171139,51.60713,2.1338933
2.2875,53.353928,-6.8018503,-2.9304237,72.16876,25.0,48.525043,51.335117,-7.4906178,-2.9896278,71.7738,24.171139,51.60713,2.1338933
2.2916666666666665,53.353928,-6.8018503,-2.9304237,72.16876,25.0,48.525043,51.335117,-7.4906178,-2.9896278,71.7738,24.171139,51.60713,2.1338933
2.2958333333333334,53.353928,-6.8018503,-2.9304237,72.16876,25.0,48.525043,51.335117,-7.4906178,-2.9896278,71.7738,24.171139,51.60713,2.1338933
2.3,53.353928,-6.8018503,-2.9304237,72.16876,25.0,48.525043,51.335117,-7.4906178,-2.9896278,71.7738,24.171139,51.60713,2.1338933
2.3041666666666667,53.353928,-6.8018503,-2.9304237,72.16876,25.0,48.525043,51.335117,-7.4906178,-2.9896278,71.7738,24.171139,51.60713,2.1338933
2.308333333333333,53.353928,-6.8018503,-2.9304237,72.16876,25.0,48.525043,51.335117,-7.4906178,-2.9896278,71.7738,24.171139,51.60713,2.1338933
2.3125,53.353928,-6.8018503,-2.9304237,72.16876,25.0,48.525043,51.335117,-7.4906178,-2.9896278,71.7738,24.171139,51.60713,2.1338933
2.316666666666667,53.353928,-6.8018503,-2.9304237,72.16876,25.0,48.525043,51.335117,-7.4906178,-2.9896278,71.7738,24.171139,51.60713,2.1338933
2.3208333333333333,53.353928,-6.8018503,-2.9304237,72.16876,25.0,48.525043,51.335117,-7.4906178,-2.9896278,71.7738,24.171139,51.60713,2.1338933
2.325,53.353928,-6.8018503,-2.9304237,72.16876,25.0,48.525043,51.335117,-7.4906178,-2.9896278,71.7738,24.171139,51.60713,2.1338933
2.3291666666666666,53.353928,-6.8018503,-2.9304237,72.16876,25.0,48.525043,51.335117,-7.4906178,-2.9896278,71.7738,24.171139,51.60713,2.1338933
2.3333333333333335,53.353928,-6.8018503,-2.9304237,72.16876,25.0,48.525043,51.335117,-7.4906178,-2.9896278,71.7738,24.171139,51.60713,2.1338933
2.3375,53.353928,-6.8018503,-2.9304237,72.16876,25.0,48.525043,51.335117,-7.4906178,-2.9896278,71.7738,24.171139,51.60713,2.1338933
2.341666666666667,53.353928,-6.8018503,-2.9304237,72.16876,25.0,48.525043,51.335117,-7.4906178,-2.9896278,71.7738,24.171139,51.60713,2.1338933
2.345833333333333,53.353928,-6.8018503,-2.9304237,72.16876,25.0,48.525043,51.335117,-7.4906178,-2.9896278,71.7738,24.171139,51.60713,2.1338933
2.35,53.353928,-6.8018503,-2.9304237,72.16876,25.0,48.525043,51.335117,-7.4906178,-2.9896278,71.7738,24.171139,51.60713,2.1338933
2.3541666666666665,53.353928,-6.8018503,-2.9304237,72.16876,25.0,48.525043,51.335117,-7.4906178,-2.9896278,71.7738,24.171139,51.60713,2.1338933
2.3583333333333334,53.353928,-6.8018503,-2.9304237,72.16876,25.0,48.525043,51.335117,-7.4906178,-2.9896278,71.7738,24.171139,51.60713,2.1338933
2.3625,53.353928,-6.8018503,-2.9304237,72.16876,25.0,48.525043,51.335117,-7.4906178,-2.9896278,71.7738,24.171139,51.60713,2.1338933
2.3666666666666667,53.353928,-6.8018503,-2.9304237,72.16876,25.0,48.525043,51.335117,-7.4906178,-2.9896278,71.7738,24.171139,51.60713,2.1338933
2.370833333333333,53.353928,-6.8018503,-2.9304237,72.16876,25.0,48.525043,51.335117,-7.4906178,-2.9896278,71.7738,24.171139,51.60713,2.1338933
2.375,53.353928,-6.8018503,-2.9304237,72.16876,25.0,48.525043,51.335117,-7.4906178,-2.9896278,71.7738,24.171139,51.60713,2.1338933
2.379166666666667,53.353928,-6.8018503,-2.9304237,72.16876,25.0,48.525043,51.335117,-7.4906178,-2.9896278,71.7738,24.171139,51.60713,2.1338933
2.3833333333333333,53.353928,-6.8018503,-2.9304237,72.16876,25.0,48.525043,51.335117,-7.4906178,-2.9896278,71.7738,24.171139,51.60713,2.1338933
2.3875,53.353928,-6.8018503,-2.9304237,72.16876,25.0,48.525043,51.335117,-7.4906178,-2.9896278,71.7738,24.171139,51.60713,2.1338933
2.3916666666666666,53.353928,-6.8018503,-2.9304237,72.16876,25.0,48.525043,51.335117,-7.4906178,-2.9896278,71.7738,24.171139,51.60713,2.1338933
2.3958333333333335,53.353928,-6.8018503,-2.9304237,72.16876,25.0,48.525043,51.335117,-7.4906178,-2.9896278,71.7738,24.171139,51.60713,2.1338933
2.4,53.353928,-6.8018503,-2.9304237,72.16876,25.0,48.525043,51.335117,-7.4906178,-2.9896278,71.7738,24.171139,51.60713,2.1338933
2.404166666666667,53.353928,-6.8018503,-2.9304237,72.16876,25.0,48.525043,51.335117,-7.4906178,-2.9896278,71.7738,24.171139,51.60713,2.1338933
2.408333333333333,53.353928,-6.8018503,-2.9304237,72.16876,25.0,48.525043,51.335117,-7.4906178,-2.9896278,71.7738,24.171139,51.60713,2.1338933
2.4125,53.353928,-6.8018503,-2.9304237,72.16876,25.0,48.525043,51.335117,-7.4906178,-2.9896278,71.7738,24.171139,51.60713,2.1338933
2.4166666666666665,53.353928,-6.8018503,-2.9304237,72.16876,25.0,48.525043,51.335117,-7.4906178,-2.9896278,71.7738,24.171139,51.60713,2.1338933
2.4208333333333334,53.353928,-6.8018503,-2.9304237,72.16876,25.0,48.525043,51.335117,-7.4906178,-2.9896278,71.7738,24.171139,51.60713,2.1338933
2.425,53.353928,-6.8018503,-2.9304237,72.16876,25.0,48.525043,51.335117,-7.4906178,-2.9896278,71.7738,24.171139,51.60713,2.1338933
2.4291666666666667,53.353928,-6.8018503,-2.9304237,72.16876,25.0,48.525043,51.335117,-7.4906178,-2.9896278,71.7738,24.171139,51.60713,2.1338933
2.433333333333333,53.353928,-6.8018503,-2.9304237,72.16876,25.0,48.525043,51.335117,-7.4906178,-2.9896278,71.7738,24.171139,51.60713,2.1338933
2.4375,53.353928,-6.8018503,-2.9304237,72.16876,25.0,48.525043,51.335117,-7.4906178,-2.9896278,71.7738,24.171139,51.60713,2.1338933
2.441666666666667,53.353928,-6.8018503,-2.9304237,72.16876,25.0,48.525043,51.335117,-7.4906178,-2.9896278,71.7738,24.171139,51.60713,2.1338933
2.4458333333333333,53.353928,-6.8018503,-2.9304237,72.16876,25.0,48.525043,51.335117,-7.4906178,-2.9896278,71.7738,24.171139,51.60713,2.1338933
2.45,53.353928,-6.8018503,-2.9304237,72.16876,25.0,48.525043,51.335117,-7.4906178,-2.9896278,71.7738,24.171139,51.60713,2.1338933
2.4541666666666666,53.353928,-6.8018503,-2.9304237,72.16876,25.0,48.525043,51.335117,-7.4906178,-2.9896278,71.7738,24.171139,51.60713,2.1338933
2.4583333333333335,53.353928,-6.8018503,-2.9304237,72.16876,25.0,48.525043,51.335117,-7.4906178,-2.9896278,71.7738,24.171139,51.60713,2.1338933
2.4625,53.353928,-6.8018503,-2.9304237,72.16876,25.0,48.525043,51.335117,-7.4906178,-2.9896278,71.7738,24.171139,51.60713,2.1338933
2.466666666666667,53.353928,-6.8018503,-2.9304237,72.16876,25.0,48.525043,51.335117,-7.4906178,-2.9896278,71.7738,24.171139,51.60713,2.1338933
2.470833333333333,53.353928,-6.8018503,-2.9304237,72.16876,25.0,48.525043,51.335117,-7.4906178,-2.9896278,71.7738,24.171139,51.60713,2.1338933
2.475,53.353928,-6.8018503,-2.9304237,72.16876,25.0,48.525043,51.335117,-7.4906178,-2.9896278,71.7738,24.171139,51.60713,2.1338933
2.4791666666666665,53.353928,-6.8018503,-2.9304237,72.16876,25.0,48.525043,51.335117,-7.4906178,-2.9896278,71.7738,24.171139,51.60713,2.1338933
2.4833333333333334,53.353928,-6.8018503,-2.9304237,72.16876,25.0,48.525043,51.335117,-7.4906178,-2.9896278,71.7738,24.171139,51.60713,2.1338933
2.4875,53.353928,-6.8018503,-2.9304237,72.16876,25.0,48.525043,51.335117,-7.4906178,-2.9896278,71.7738,24.171139,51.60713,2.1338933
2.4916666666666667,53.353928,-6.8018503,-2.9304237,72.16876,25.0,48.525043,51.335117,-7.4906178,-2.9896278,71.7738,24.171139,51.60713,2.1338933
2.495833333333333,53.353928,-6.8018503,-2.9304237,72.16876,25.0,48.525043,51.335117,-7.4906178,-2.9896278,71.7738,24.171139,51.60713,2.1338933
2.5,53.353928,-6.8018503,-2.9304237,72.16876,25.0,48.525043,51.335117,-7.4906178,-2.9896278,71.7738,24.171139,51.60713,2.1338933
2.504166666666667,53.353928,-6.8018503,-2.9304237,72.16876,25.0,48.525043,51.335117,-7.4906178,-2.9896278,71.7738,24.171139,51.60713,2.1338933
2.5083333333333333,53.353928,-6.8018503,-2.9304237,72.16876,25.0,48.525043,51.335117,-7.4906178,-2.9896278,71.7738,24.171139,51.60713,2.1338933
2.5125,53.353928,-6.8018503,-2.9304237,72.16876,25.0,48.525043,51.335117,-7.4906178,-2.9896278,71.7738,24.171139,51.60713,2.1338933
2.5166666666666666,53.353928,-6.8018503,-2.9304237,72.16876,25.0,48.525043,51.335117,-7.4906178,-2.9896278,71.7738,24.171139,51.60713,2.1338933
2.5208333333333335,53.353928,-6.8018503,-2.9304237,72.16876,25.0,48.525043,51.335117,-7.4906178,-2.9896278,71.7738,24.171139,51.60713,2.1338933
2.525,53.353928,-6.8018503,-2.9304237,72.16876,25.0,48.525043,51.335117,-7.4906178,-2.9896278,71.7738,24.171139,51.60713,2.1338933
2.529166666666667,53.353928,-6.8018503,-2.9304237,72.16876,25.0,48.525043,51.335117,-7.4906178,-2.9896278,71.7738,24.171139,51.60713,2.1338933
2.533333333333333,53.353928,-6.8018503,-2.9304237,72.16876,25.0,48.525043,51.335106,-7.490615,-2.989624,71.7738,24.17115,51.607132,2.133903
2.5375,53.353928,-6.8018503,-2.9304237,72.16876,25.0,48.525043,51.335064,-7.4906187,-2.9896126,71.77382,24.171192,51.60717,2.1339438
2.5416666666666665,53.353928,-6.8018503,-2.9304237,72.16876,25.0,48.525043,51.334892,-7.4906454,-2.9895668,71.77388,24.171326,51.60724,2.1341136
2.5458333333333334,53.353928,-6.8018503,-2.9304237,72.16876,25.0,48.525043,51.33458,-7.49072,-2.9894514,71.77411,24.171658,51.607426,2.1344302
2.55,53.353928,-6.8018503,-2.9304237,72.16876,25.0,48.525043,51.33419,-7.490774,-2.989295,71.774445,24.172161,51.607582,2.1348116
2.5541666666666667,53.353928,-6.8018503,-2.9304237,72.16876,25.0,48.525043,51.333893,-7.490636,-2.989132,71.774765,24.172825,51.607727,2.1350439
2.558333333333333,53.353928,-6.8018503,-2.9304237,72.16876,25.0,48.525043,51.333984,-7.4900866,-2.9889755,71.77485,24.173458,51.60769,2.1347759
2.5625,53.353928,-6.8018503,-2.9304237,72.16876,25.0,48.525043,51.334846,-7.4889317,-2.9887753,71.77452,24.173592,51.607452,2.1335826
2.566666666666667,53.353928,-6.8018503,-2.9304237,72.16876,25.0,48.525043,51.337105,-7.486808,-2.9884129,71.7737,24.172935,51.606884,2.1307518
2.5708333333333333,53.353928,-6.8018503,-2.9304237,72.16876,25.0,48.525043,51.341515,-7.4831314,-2.9879227,71.77237,24.170967,51.60618,2.1253836
2.575,53.353928,-6.8018503,-2.9304237,72.16876,25.0,48.525043,51.348503,-7.4774065,-2.9873295,71.77116,24.16708,51.605255,2.116918
2.5791666666666666,53.353928,-6.8018503,-2.9304237,72.16876,25.0,48.525043,51.358627,-7.468974,-2.9865055,71.769966,24.160946,51.60486,2.1046195
2.5833333333333335,53.353928,-6.8018503,-2.9304237,72.16876,25.0,48.525043,51.37196,-7.4573965,-2.9858227,71.76863,24.153046,51.605175,2.0883024
2.5875,53.353928,-6.8018503,-2.9304237,72.16876,25.0,48.525043,51.38951,-7.442151,-2.985054,71.76625,24.141087,51.607803,2.0668578
2.591666666666667,53.353928,-6.8018503,-2.9304237,72.16876,25.0,48.525043,51.411003,-7.422304,-2.983801,71.76396,24.126858,51.613205,2.040286
2.595833333333333,53.353928,-6.8018503,-2.9304237,72.16876,25.0,48.525043,51.433548,-7.398369,-2.9812574,71.75873,24.11206,51.62425,2.0115356
2.6,53.353928,-6.8018503,-2.9304237,72.16876,25.0,48.525043,51.45292,-7.366688,-2.9733133,71.75015,24.090733,51.65334,1.9836115
2.6041666666666665,53.353928,-6.8018503,-2.9304237,72.16876,25.0,48.525043,51.471504,-7.3278055,-2.962881,71.74317,24.069809,51.69273,1.954789
2.6083333333333334,53.353928,-6.8018503,-2.9304237,72.16876,25.0,48.525043,51.489372,-7.286726,-2.9571638,71.73746,24.05413,51.731544,1.9267553
2.6125,53.353928,-6.8018503,-2.9304237,72.16876,25.0,48.525043,51.503426,-7.248781,-2.9673347,71.726105,24.054058,51.760674,1.904066
2.6166666666666667,53.353928,-6.8018503,-2.9304237,72.16876,25.0,48.525043,51.505234,-7.223879,-2.9999018,71.69657,24.046864,51.782455,1.8975258
2.620833333333333,53.353928,-6.8018503,-2.9304237,72.16876,25.0,48.525043,51.50846,-7.207649,-3.0639915,71.63673,24.021488,51.794674,1.8942703
2.625,53.353928,-6.8018503,-2.9304237,72.16876,25.0,48.525043,51.501915,-7.208108,-3.16004,71.56244,24.005665,51.804134,1.9099004
2.629166666666667,53.353928,-6.8018503,-2.9304237,72.16876,25.0,48.525043,51.472435,-7.2322216,-3.2815933,71.47658,24.016972,51.828762,1.9617732
2.6333333333333333,53.353928,-6.8018503,-2.9304237,72.16876,25.0,48.525043,51.438652,-7.276331,-3.4075036,71.36865,24.00417,51.873764,2.030029
2.6375,53.353928,-6.8018503,-2.9304237,72.16876,25.0,48.525043,51.411682,-7.309062,-3.526692,71.277016,24.043442,51.92308,2.094067
2.6416666666666666,53.353928,-6.8018503,-2.9304237,72.16876,25.0,48.525043,51.393753,-7.3257856,-3.6284933,71.190445,24.159782,51.98192,2.1457152
2.6458333333333335,53.353928,-6.8018503,-2.9304237,72.16876,25.0,48.525043,51.364822,-7.342764,-3.7195683,71.10707,24.30809,52.103565,2.2072327
2.65,53.353928,-6.8018503,-2.9304237,72.16876,25.0,48.525043,51.31776,-7.3696985,-3.8100896,71.01299,24.443726,52.265034,2.289594
2.654166666666667,53.35386,-6.801851,-2.930426,72.16869,25.0,48.525364,51.248543,-7.4296417,-3.905456,70.938446,24.598286,52.37229,2.4035726
2.658333333333333,53.353374,-6.80185,-2.9304328,72.168205,25.0,48.52767,51.150932,-7.560484,-3.9679961,70.89331,24.72366,52.432457,2.5500617
2.6625,53.352077,-6.8018494,-2.9304247,72.16693,25.0,48.53384,51.02214,-7.758395,-4.053966,70.83357,24.772007,52.475697,2.7578855
2.6666666666666665,53.349598,-6.801851,-2.930423,72.16448,25.0,48.545628,50.864464,-7.96441,-4.1768103,70.78508,24.861046,52.52237,3.0134556
2.6708333333333334,53.345577,-6.801851,-2.930426,72.16051,25.0,48.564735,50.65181,-8.186827,-4.3831115,70.73877,24.952644,52.571358,3.359291
2.675,53.339687,-6.801849,-2.9304264,72.15469,25.0,48.592716,50.587036,-8.396261,-4.54769,70.734215,24.994537,52.54245,3.5685825
2.6791666666666667,53.331608,-6.8018513,-2.9304254,72.146736,25.0,48.63107,50.47308,-8.669352,-4.6269965,70.810135,25.025524,52.53746,3.8127542
2.683333333333333,53.32105,-6.80185,-2.9304268,72.13635,25.0,48.681156,50.3617,-8.940657,-4.6643157,70.953865,25.057812,52.604652,4.042106
2.6875,53.307728,-6.8018527,-2.9304283,72.12329,25.0,48.74427,50.254204,-9.188077,-4.660875,71.11907,25.128841,52.596123,4.244116
2.691666666666667,53.291393,-6.8018503,-2.9304261,72.10733,25.0,48.82156,50.143837,-9.310222,-4.59039,71.276474,25.368412,52.56055,4.3536787
2.6958333333333333,53.271805,-6.8018503,-2.930427,72.088264,25.0,48.914097,50.086693,-9.260315,-4.49817,71.5014,25.672176,52.453735,4.3181944
2.7,53.24874,-6.8018494,-2.9304268,72.065926,25.0,49.02284,50.083843,-9.205731,-4.4181147,71.70798,25.94936,52.265823,4.2436357
2.7041666666666666,53.221996,-6.801853,-2.9304268,72.04017,25.0,49.14865,50.14425,-9.111014,-4.3015747,71.9343,26.131489,52.116234,4.0847034
2.7083333333333335,53.191387,-6.8018494,-2.9304318,72.01087,25.0,49.292274,50.2193,-8.969946,-4.1662307,72.11675,26.236374,51.96639,3.8808694
2.7125,53.156746,-6.801854,-2.9304278,71.977974,25.0,49.454346,50.228523,-8.879821,-4.053274,72.305374,26.392845,51.740208,3.7620761
2.716666666666667,53.117916,-6.801849,-2.9304235,71.9414,25.0,49.635426,50.177025,-8.859109,-3.85011,72.54448,26.562218,51.574852,3.7049944
2.720833333333333,53.07476,-6.8018503,-2.930423,71.90112,25.0,49.835953,50.127434,-8.822841,-3.57056,72.80094,26.684792,51.497257,3.6305525
2.725,53.027157,-6.80185,-2.930425,71.85715,25.0,50.056274,50.126198,-8.823039,-3.3392644,72.97893,26.692127,51.462677,3.559202
2.7291666666666665,52.975006,-6.8018513,-2.9304242,71.80952,25.0,50.296604,50.121983,-8.834293,-3.166297,73.090515,26.632221,51.485954,3.5108688
2.7333333333333334,52.918213,-6.8018513,-2.9304287,71.75828,25.0,50.55711,50.101185,-8.836316,-3.0982962,73.15918,26.715275,51.509396,3.4789183
2.7375,52.856697,-6.801849,-2.930423,71.70353,25.0,50.837875,50.04619,-8.840175,-3.0047522,73.16574,26.80766,51.628784,3.4726439
2.7416666666666667,52.790405,-6.8018517,-2.9304235,71.64538,25.0,51.138824,50.004505,-8.866587,-2.9597988,73.11147,26.842289,51.73421,3.4677417
2.745833333333333,52.719284,-6.801853,-2.9304233,71.58396,25.0,51.45987,49.982277,-8.900953,-2.982438,73.021255,26.832733,51.828777,3.4496572
2.75,52.643303,-6.8018484,-2.9304228,71.51944,25.0,51.800804,49.96308,-8.964147,-3.074954,72.881805,26.807835,51.988865,3.4467392
2.754166666666667,52.562435,-6.8018537,-2.930424,71.451996,25.0,52.16138,49.916183,-9.049354,-3.1319542,72.81021,26.869114,52.22258,3.4777174
2.7583333333333333,52.47668,-6.801849,-2.9304266,71.38183,25.0,52.541233,49.874214,-9.125917,-3.2093525,72.7503,26.920677,52.48436,3.5002754
2.7625,52.386036,-6.80185,-2.9304223,71.309166,25.0,52.93999,49.866455,-9.202339,-3.3015685,72.69375,26.925884,52.73243,3.4997694
2.7666666666666666,52.29052,-6.8018503,-2.9304287,71.23422,25.0,53.357185,49.856598,-9.277225,-3.429584,72.61901,26.914997,52.98661,3.5072224
2.7708333333333335,52.190163,-6.801853,-2.9304252,71.15727,25.0,53.79229,49.83779,-9.333095,-3.5698261,72.57496,26.994106,53.238644,3.5142093
2.775,52.085003,-6.8018503,-2.930427,71.07855,25.0,54.244747,49.803505,-9.386594,-3.7331648,72.48828,27.111835,53.500153,3.5398476
2.779166666666667,51.975094,-6.8018494,-2.9304276,70.998344,25.0,54.71394,49.76542,-9.456644,-3.9244742,72.398224,27.261688,53.793774,3.5942628
2.783333333333333,51.86049,-6.801853,-2.9304242,70.91692,25.0,55.199253,49.67675,-9.543709,-4.12716,72.35804,27.462467,54.061386,3.7038715
2.7875,51.74127,-6.8018517,-2.930424,70.834564,25.0,55.69997,49.60088,-9.617659,-4.325939,72.356155,27.758816,54.338,3.8023012
2.7916666666666665,51.617508,-6.80185,-2.930426,70.75155,25.0,56.215412,49.5709,-9.617859,-4.5477543,72.403114,28.108055,54.597748,3.8385234
2.7958333333333334,51.489304,-6.801854,-2.930427,70.668175,25.0,56.74482,49.529106,-9.550754,-4.7428656,72.416115,28.558372,54.948425,3.831939
2.8,51.356754,-6.801849,-2.930422,70.584724,25.0,57.287445,49.452415,-9.491962,-4.896966,72.41987,28.945465,55.305573,3.838035
2.8041666666666667,51.219967,-6.8018546,-2.9304256,70.50147,25.0,57.84253,49.331223,-9.398024,-5.0742,72.382324,29.186413,55.663895,3.8604686
2.808333333333333,51.07906,-6.801848,-2.9304252,70.4187,25.0,58.409286,49.224007,-9.288475,-5.232892,72.27829,29.412796,56.11119,3.8634038
2.8125,50.934162,-6.8018475,-2.930424,70.33669,25.0,58.986908,49.188942,-9.215361,-5.399879,72.186424,29.674278,56.5943,3.8689854
2.816666666666667,50.785404,-6.801852,-2.9304264,70.25571,25.0,59.574604,49.156425,-9.073551,-5.5320454,72.18278,29.884674,57.139664,3.8187182
2.8208333333333333,50.63293,-6.80185,-2.9304278,70.176,25.0,60.171562,49.036354,-8.9461775,-5.603486,72.19952,30.066444,57.72292,3.7805343
2.825,50.476883,-6.8018517,-2.9304285,70.09783,25.0,60.777004,48.918858,-8.8306055,-5.717231,72.154465,30.150177,58.280704,3.7827969
2.8291666666666666,50.317425,-6.8018517,-2.9304254,70.02144,25.0,61.390087,48.84269,-8.72553,-5.8130107,72.16845,30.268257,58.866035,3.7662551
2.8333333333333335,50.154713,-6.8018503,-2.9304276,69.94704,25.0,62.010036,48.77058,-8.633883,-5.8668146,72.204895,30.478355,59.5119,3.7275376
2.8375,49.988914,-6.8018546,-2.9304285,69.874855,25.0,62.636044,48.669445,-8.554801,-5.973198,72.21511,30.60114,60.144096,3.7513018
2.841666666666667,49.8202,-6.801853,-2.9304295,69.805084,25.0,63.267338,48.554466,-8.509205,-5.9942126,72.21566,30.626877,60.7837,3.7287939
2.845833333333333,49.648754,-6.8018513,-2.9304252,69.73792,25.0,63.903133,48.502724,-8.508795,-6.003248,72.269806,30.637634,61.360634,3.6971993
2.85,49.474754,-6.8018527,-2.9304295,69.67353,25.0,64.54265,48.449333,-8.42231,-6.044254,72.325584,30.612484,61.971104,3.6569483
2.8541666666666665,49.29839,-6.8018494,-2.930422,69.61208,25.0,65.18514,48.348934,-8.344489,-6.062677,72.3701,30.56107,62.629555,3.6183178
2.8583333333333334,49.119854,-6.801854,-2.9304283,69.5537,25.0,65.82984,48.23505,-8.3320875,-6.0746017,72.40603,30.427406,63.255154,3.6069818
2.8625,48.93934,-6.801853,-2.9304247,69.498535,25.0,66.476036,48.134598,-8.314509,-6.0889397,72.47756,30.317455,63.89802,3.5933208
2.8666666666666667,48.757046,-6.8018503,-2.9304225,69.44668,25.0,67.123,48.049362,-8.278721,-6.0929546,72.49343,30.23774,64.57963,3.5614002
2.870833333333333,48.573177,-6.801851,-2.930428,69.398224,25.0,67.77002,47.953674,-8.240078,-6.128397,72.49265,30.109959,65.27267,3.5607986
2.875,48.387936,-6.8018517,-2.9304283,69.353264,25.0,68.416405,47.82666,-8.233261,-6.103757,72.497986,29.950302,66.00543,3.5261846
2.879166666666667,48.20153,-6.8018513,-2.9304235,69.31186,25.0,69.06148,47.698204,-8.240513,-6.03472,72.47594,29.724785,66.71425,3.458286
2.8833333333333333,48.014168,-6.8018513,-2.9304264,69.27404,25.0,69.70458,47.57699,-8.216558,-5.9785404,72.425354,29.48872,67.43022,3.3887346
2.8875,47.82606,-6.8018503,-2.9304247,69.23985,25.0,70.34506,47.454113,-8.168528,-5.928318,72.33312,29.270252,68.19788,3.3156474
2.8916666666666666,47.63742,-6.8018527,-2.9304252,69.209305,25.0,70.98229,47.32248,-8.118888,-5.8692303,72.21491,29.077816,69.02093,3.2357912
2.8958333333333335,47.448463,-6.8018513,-2.9304242,69.182396,25.0,71.61564,47.188034,-8.098654,-5.78896,72.08838,28.90065,69.86717,3.1497216
2.9,47.259396,-6.80185,-2.930427,69.1591,25.0,72.24454,47.044952,-8.0878525,-5.701586,71.957886,28.73222,70.69414,3.0625331
2.904166666666667,47.070435,-6.8018513,-2.9304247,69.13941,25.0,72.86838,46.891167,-8.077268,-5.6163416,71.83989,28.583778,71.493416,2.9787536
2.908333333333333,46.881794,-6.8018527,-2.930428,69.12326,25.0,73.486595,46.728535,-8.083559,-5.5222206,71.715744,28.439217,72.29018,2.895453
2.9125,46.693687,-6.801851,-2.9304245,69.1106,25.0,74.09865,46.546787,-8.083141,-5.4407,71.59442,28.288239,73.070694,2.8221922
2.9166666666666665,46.50633,-6.801852,-2.9304278,69.10136,25.0,74.70398,46.34951,-8.086248,-5.3498154,71.47997,28.17604,73.83409,2.743666
2.9208333333333334,46.319923,-6.801853,-2.9304292,69.09544,25.0,75.3021,46.10134,-8.068212,-5.2345552,71.38337,28.085724,74.569855,2.6382642
2.925,46.13468,-6.8018517,-2.9304245,69.09277,25.0,75.892494,45.860542,-8.036655,-5.1083717,71.32873,27.925583,75.294785,2.5186002
2.9291666666666667,45.95081,-6.8018513,-2.9304268,69.09322,25.0,76.474686,45.668633,-8.00754,-4.9628396,71.269,27.80275,75.98685,2.379918
2.933333333333333,45.768517,-6.8018517,-2.9304287,69.09669,25.0,77.04819,45.509354,-8.001582,-4.839651,71.28078,27.722328,76.62489,2.2697244
2.9375,45.588005,-6.8018503,-2.9304297,69.103035,25.0,77.61255,45.296494,-7.962103,-4.6759787,71.27061,27.639164,77.28633,2.1161537
2.941666666666667,45.409466,-6.8018517,-2.930424,69.112144,25.0,78.16736,45.0633,-7.9528418,-4.538026,71.22016,27.462986,77.90889,2.0072348
2.9458333333333333,45.233105,-6.8018503,-2.9304237,69.12385,25.0,78.712166,44.858067,-7.9274015,-4.428345,71.135605,27.33654,78.51278,1.9108344
2.95,45.059105,-6.8018513,-2.9304245,69.13801,25.0,79.24659,44.702335,-7.9377995,-4.3143206,71.0914,27.314117,79.070526,1.8256043
2.9541666666666666,44.887657,-6.801852,-2.930426,69.154465,25.0,79.77025,44.517464,-7.9419947,-4.164899,71.01672,27.232468,79.637535,1.7207241
2.9583333333333335,44.718945,-6.80185,-2.9304247,69.17306,25.0,80.28277,44.308315,-7.9532156,-4.017807,70.98496,27.10537,80.22103,1.6360501
2.9625,44.553146,-6.8018503,-2.9304252,69.19362,25.0,80.78379,44.165016,-7.971614,-3.8427606,70.94207,26.966568,80.78667,1.5334104
2.966666666666667,44.390434,-6.8018513,-2.930424,69.21598,25.0,81.27299,44.09063,-7.940298,-3.683885,70.96237,26.94136,81.33634,1.3977294
2.970833333333333,44.230972,-6.801852,-2.9304285,69.23996,25.0,81.75006,44.062996,-7.8527775,-3.5372496,70.97742,26.954124,81.773476,1.2251089
2.975,44.07493,-6.801853,-2.9304273,69.265396,25.0,82.21469,43.983665,-7.783909,-3.4238424,70.95861,26.930115,82.17407,1.102824
2.9791666666666665,43.922455,-6.8018494,-2.9304225,69.29211,25.0,82.66662,43.908375,-7.713109,-3.307982,70.88422,26.882679,82.559944,0.98648036
2.9833333333333334,43.773697,-6.8018503,-2.9304254,69.31991,25.0,83.105576,43.84378,-7.6628695,-3.1961856,70.83139,26.87164,82.94996,0.90382195
2.9875,43.628796,-6.8018503,-2.9304273,69.34863,25.0,83.531334,43.771725,-7.5933847,-3.0860167,70.8022,26.871624,83.27431,0.8192457
2.9916666666666667,43.487892,-6.801855,-2.9304266,69.37811,25.0,83.94364,43.63438,-7.5125065,-3.0348568,70.755104,26.869057,83.593544,0.7330688
2.995833333333333,43.351105,-6.8018513,-2.930428,69.40816,25.0,84.34234,43.489365,-7.457694,-2.9776554,70.73158,26.843609,83.91035,0.67191964
3.0,43.21855,-6.801851,-2.9304245,69.43862,25.0,84.727234,43.3162,-7.4034805,-3.0021906,70.70622,26.796837,84.16613,0.61371326
3.004166666666667,43.090347,-6.8018517,-2.930426,69.46932,25.0,85.09815,43.115635,-7.3496017,-3.064108,70.68881,26.78098,84.37808,0.5643938
3.0083333333333333,42.96659,-6.8018513,-2.9304254,69.50011,25.0,85.45496,42.923923,-7.2926607,-3.1191025,70.70381,26.79718,84.56324,0.5275542
3.0125,42.847366,-6.8018513,-2.9304247,69.53082,25.0,85.79757,42.753708,-7.243122,-3.1464396,70.76827,26.78638,84.75003,0.50015426
3.0166666666666666,42.732765,-6.8018527,-2.9304245,69.56132,25.0,86.12585,42.59437,-7.259145,-3.1980195,70.882126,26.795555,84.88551,0.54760927
3.0208333333333335,42.622852,-6.8018513,-2.9304261,69.591446,25.0,86.43976,42.476437,-7.2681627,-3.248303,71.03461,26.820435,85.03566,0.5830348
3.025,42.517693,-6.8018517,-2.930428,69.62108,25.0,86.739235,42.383347,-7.2525654,-3.2234445,71.20842,26.798843,85.21368,0.55412114
3.029166666666667,42.417336,-6.8018513,-2.930426,69.65009,25.0,87.02426,42.30869,-7.226074,-3.1636705,71.38228,26.703102,85.39766,0.49615747
3.033333333333333,42.321823,-6.8018517,-2.9304264,69.67836,25.0,87.29483,42.238472,-7.1829557,-3.0888243,71.53611,26.59808,85.63851,0.42104343
3.0375,42.23118,-6.8018513,-2.9304235,69.70578,25.0,87.550995,42.186413,-7.103441,-2.9525127,71.66174,26.49398,85.969765,0.3056933
3.0416666666666665,42.14542,-6.8018494,-2.9304247,69.73224,25.0,87.7928,42.123177,-7.0381947,-2.8095922,71.80044,26.446262,86.35215,0.2663726
3.0458333333333334,42.064556,-6.801853,-2.930429,69.75765,25.0,88.02031,42.067604,-6.9489717,-2.654624,71.93715,26.393993,86.77394,0.3126045
3.05,41.98857,-6.80185,-2.9304264,69.781944,25.0,88.23368,41.988335,-6.8413057,-2.5533962,72.03484,26.301777,87.20379,0.37908912
3.0541666666666667,41.917454,-6.8018517,-2.930426,69.80504,25.0,88.433,41.884266,-6.756015,-2.5246248,72.08472,26.251205,87.569176,0.4097279
3.058333333333333,41.85116,-6.80185,-2.9304245,69.82687,25.0,88.61849,41.794693,-6.709241,-2.5492516,72.073364,26.177734,87.92559,0.3963048
3.0625,41.789646,-6.801852,-2.9304278,69.8474,25.0,88.79032,41.7216,-6.6863403,-2.6016035,72.018745,26.089828,88.269775,0.35510385
3.066666666666667,41.732853,-6.8018513,-2.930424,69.86658,25.0,88.94873,41.66771,-6.631954,-2.629056,71.95557,26.115479,88.61801,0.3520389
3.0708333333333333,41.6807,-6.8018503,-2.9304237,69.88438,25.0,89.09401,41.666378,-6.550088,-2.6523113,71.905464,26.212215,88.856735,0.37541428
3.075,41.633102,-6.8018556,-2.9304273,69.90078,25.0,89.226425,41.681026,-6.4765244,-2.718032,71.787224,26.278194,88.98336,0.39147022
3.0791666666666666,41.589943,-6.801852,-2.9304273,69.91578,25.0,89.34636,41.698063,-6.4312716,-2.7957125,71.65608,26.310158,89.07806,0.4088619
3.0833333333333335,41.551113,-6.801851,-2.9304268,69.92938,25.0,89.45416,41.65841,-6.425311,-2.9023085,71.505356,26.335442,89.24064,0.3925369
3.0875,41.516468,-6.8018503,-2.9304264,69.941605,25.0,89.550255,41.62519,-6.4350777,-2.996954,71.32638,26.301441,89.38529,0.3882895
3.091666666666667,41.48586,-6.8018503,-2.9304261,69.95247,25.0,89.635086,41.594696,-6.48878,-3.0493565,71.17,26.207699,89.52845,0.35214055
3.095833333333333,41.459118,-6.8018513,-2.9304252,69.96201,25.0,89.709145,41.576717,-6.5516863,-3.027545,71.072395,26.102142,89.71212,0.29299217
3.1,41.436054,-6.8018513,-2.930428,69.970276,25.0,89.77298,41.57984,-6.628252,-2.9530888,71.01997,26.001026,89.880226,0.22655025
3.1041666666666665,41.416466,-6.8018517,-2.930428,69.977325,25.0,89.82717,41.555748,-6.6932135,-2.921856,70.972115,25.95451,89.99217,0.17684823
3.1083333333333334,41.40013,-6.8018513,-2.9304273,69.98322,25.0,89.87234,41.547497,-6.7316303,-2.8904123,70.927345,25.907272,89.97688,0.16807377
3.1125,41.38681,-6.8018527,-2.9304283,69.988045,25.0,89.90916,41.55862,-6.7591763,-2.8406324,70.89275,25.853413,89.93152,0.19850263
3.1166666666666667,41.376247,-6.8018527,-2.9304247,69.99188,25.0,89.93835,41.547573,-6.8049307,-2.7926407,70.866646,25.8148,89.88369,0.21987814
3.120833333333333,41.36817,-6.80185,-2.9304261,69.99481,25.0,89.96066,41.53176,-6.8367558,-2.7296076,70.87516,25.765926,89.79396,0.26135805
3.125,41.362278,-6.8018503,-2.9304266,69.996956,25.0,89.976944,41.502693,-6.860916,-2.6600676,70.93194,25.733196,89.7332,0.31032115
3.129166666666667,41.35826,-6.801851,-2.9304256,69.99842,25.0,89.98804,41.480846,-6.870384,-2.5862389,70.99567,25.708092,89.71797,0.37173718
3.1333333333333333,41.355778,-6.80185,-2.9304233,69.99933,25.0,89.994896,41.46836,-6.884948,-2.5318213,71.07123,25.652412,89.69889,0.42244974
3.1375,41.354485,-6.8018503,-2.930427,69.999794,25.0,89.99847,41.451565,-6.8900948,-2.4782543,71.15031,25.584435,89.69905,0.4708204
3.1416666666666666,41.354004,-6.8018546,-2.9304254,69.99998,25.0,89.999794,41.44224,-6.903845,-2.4227047,71.21681,25.528446,89.699554,0.5253268
3.1458333333333335,41.353928,-6.8018513,-2.930426,70.0,25.0,90.0,41.436058,-6.9249334,-2.3721132,71.25889,25.4916,89.70657,0.5775878
3.15,41.353928,-6.8018513,-2.930426,70.0,25.0,90.0,41.43196,-6.946575,-2.3407688,71.281296,25.470139,89.695,0.6121517
3.154166666666667,41.353928,-6.8018513,-2.930426,70.0,25.0,90.0,41.43345,-6.968562,-2.3219948,71.28223,25.453178,89.66859,0.6358495
3.158333333333333,41.353928,-6.8018513,-2.930426,70.0,25.0,90.0,41.444176,-6.991167,-2.3114166,71.26666,25.41922,89.62243,0.653573
3.1625,41.353928,-6.8018513,-2.930426,70.0,25.0,90.0,41.45416,-7.0117273,-2.3041067,71.244774,25.382069,89.57057,0.66810924
3.1666666666666665,41.353928,-6.8018513,-2.930426,70.0,25.0,90.0,41.466393,-7.031191,-2.3060684,71.22213,25.34946,89.52001,0.6745867
3.1708333333333334,41.353928,-6.8018513,-2.930426,70.0,25.0,90.0,41.479416,-7.046936,-2.3160505,71.200294,25.329285,89.46411,0.67325395
3.175,41.353928,-6.8018513,-2.930426,70.0,25.0,90.0,41.49424,-7.061179,-2.3351555,71.175934,25.314892,89.40668,0.6642931
3.1791666666666667,41.353928,-6.8018513,-2.930426,70.0,25.0,90.0,41.51017,-7.071206,-2.365777,71.14886,25.30082,89.34361,0.6448194
3.183333333333333,41.353928,-6.8018513,-2.930426,70.0,25.0,90.0,41.52485,-7.0798445,-2.3996725,71.12219,25.292881,89.28642,0.62305176
3.1875,41.353928,-6.8018513,-2.930426,70.0,25.0,90.0,41.53596,-7.089402,-2.4342499,71.095406,25.294987,89.23754,0.6016747
3.191666666666667,41.353928,-6.8018513,-2.930426,70.0,25.0,90.0,41.54554,-7.0986595,-2.4677887,71.06985,25.301537,89.19768,0.5821027
3.1958333333333333,41.353928,-6.8018513,-2.930426,70.0,25.0,90.0,41.55369,-7.107237,-2.498866,71.04668,25.309921,89.16635,0.5651637
3.2,41.353928,-6.8018513,-2.930426,70.0,25.0,90.0,41.5605,-7.1149178,-2.527195,71.026505,25.319126,89.142365,0.55070716
3.2041666666666666,41.353928,-6.8018513,-2.930426,70.0,25.0,90.0,41.565895,-7.1215105,-2.5518951,71.009415,25.329285,89.1245,0.53888565
3.2083333333333335,41.353928,-6.8018513,-2.930426,70.0,25.0,90.0,41.570312,-7.126857,-2.5730352,70.99511,25.339787,89.11197,0.52931947
3.2125,41.353928,-6.8018513,-2.930426,70.0,25.0,90.0,41.57384,-7.1311197,-2.5906572,70.98397,25.3499,89.10421,0.5217494
3.216666666666667,41.353928,-6.8018513,-2.930426,70.0,25.0,90.0,41.57665,-7.1345367,-2.6047935,70.97567,25.358574,89.09933,0.51606274
3.220833333333333,41.353928,-6.8018513,-2.930426,70.0,25.0,90.0,41.578865,-7.137068,-2.6154938,70.96993,25.365402,89.09629,0.5120051
3.225,41.353928,-6.8018513,-2.930426,70.0,25.0,90.0,41.58059,-7.1389503,-2.6232185,70.96605,25.37046,89.0944,0.5093012
3.2291666666666665,41.353928,-6.8018513,-2.930426,70.0,25.0,90.0,41.58174,-7.1404753,-2.628603,70.963646,25.374008,89.09334,0.50760454
3.2333333333333334,41.353928,-6.8018513,-2.930426,70.0,25.0,90.0,41.58233,-7.141672,-2.6321878,70.9624,25.376392,89.09285,0.5065484
3.2375,41.353928,-6.8018513,-2.930426,70.0,25.0,90.0,41.582573,-7.1426163,-2.6344242,70.96188,25.377808,89.09253,0.5059807
3.2416666666666667,41.353928,-6.8018513,-2.930426,70.0,25.0,90.0,41.58268,-7.143364,-2.6357107,70.9617,25.378578,89.09222,0.50578207
3.245833333333333,41.353928,-6.8018513,-2.930426,70.0,25.0,90.0,41.58277,-7.1438828,-2.6364317,70.96159,25.378975,89.09186,0.5057544
3.25,41.353928,-6.8018513,-2.930426,70.0,25.0,90.0,41.582874,-7.1441956,-2.6368437,70.96154,25.379108,89.09153,0.50577337
3.254166666666667,41.353928,-6.8018513,-2.930426,70.0,25.0,90.0,41.582947,-7.1443195,-2.6370678,70.9615,25.379128,89.09134,0.5057601
3.2583333333333333,41.353928,-6.8018513,-2.930426,70.0,25.0,90.0,41.58297,-7.144373,-2.637169,70.96148,25.379143,89.09128,0.505748
3.2625,41.353928,-6.8018513,-2.930426,70.0,25.0,90.0,41.582973,-7.1443787,-2.6371832,70.961464,25.379139,89.09127,0.5057453
3.2666666666666666,41.353928,-6.8018513,-2.930426,70.0,25.0,90.0,41.582977,-7.144376,-2.637188,70.96146,25.379128,89.09127,0.5057423
3.2708333333333335,41.353928,-6.8018513,-2.930426,70.0,25.0,90.0,41.582977,-7.14437,-2.637189,70.96146,25.379128,89.09127,0.5057379
3.275,41.353928,-6.8018513,-2.930426,70.0,25.0,90.0,41.582977,-7.144376,-2.637186,70.96146,25.379131,89.09127,0.50574344
3.279166666666667,41.353928,-6.8018513,-2.930426,70.0,25.0,90.0,41.582977,-7.1443768,-2.637188,70.96146,25.379128,89.09127,0.50574297
3.283333333333333,41.353928,-6.8018513,-2.930426,70.0,25.0,90.0,41.582977,-7.144374,-2.637187,70.96146,25.379128,89.09127,0.5057416
3.2875,41.353928,-6.8018513,-2.930426,70.0,25.0,90.0,41.582977,-7.144374,-2.637189,70.961464,25.379131,89.09127,0.50574046
3.2916666666666665,41.353928,-6.8018513,-2.930426,70.0,25.0,90.0,41.582973,-7.144373,-2.637187,70.96146,25.379135,89.09127,0.5057392
3.2958333333333334,41.353928,-6.8018513,-2.930426,70.0,25.0,90.0,41.582977,-7.144374,-2.637188,70.96146,25.379128,89.09127,0.505741
3.3,41.353928,-6.8018513,-2.930426,70.0,25.0,90.0,41.582973,-7.1443768,-2.637186,70.96146,25.379131,89.09127,0.5057423
3.3041666666666667,41.353928,-6.8018513,-2.930426,70.0,25.0,90.0,41.582973,-7.144376,-2.637186,70.96146,25.379128,89.09127,0.5057417
3.308333333333333,41.353928,-6.8018513,-2.930426,70.0,25.0,90.0,41.582977,-7.144376,-2.6371841,70.961464,25.379128,89.09127,0.5057445
3.3125,41.353928,-6.8018513,-2.930426,70.0,25.0,90.0,41.582973,-7.1443768,-2.637188,70.961464,25.379131,89.09127,0.50574124
3.316666666666667,41.353928,-6.8018513,-2.930426,70.0,25.0,90.0,41.582977,-7.144374,-2.6371841,70.96146,25.379128,89.09127,0.50574327
3.3208333333333333,41.353928,-6.8018513,-2.930426,70.0,25.0,90.0,41.582973,-7.144376,-2.637186,70.961464,25.379131,89.09127,0.5057417
3.325,41.353928,-6.8018513,-2.930426,70.0,25.0,90.0,41.582973,-7.144376,-2.6371832,70.961464,25.379131,89.09127,0.5057434
3.3291666666666666,41.353928,-6.8018513,-2.930426,70.0,25.0,90.0,41.582973,-7.144376,-2.637186,70.961464,25.379128,89.09127,0.5057417
3.3333333333333335,41.353928,-6.8018513,-2.930426,70.0,25.0,90.0,41.582973,-7.1443768,-2.637187,70.961464,25.379131,89.09127,0.5057418
3.3375,41.353928,-6.8018513,-2.930426,70.0,25.0,90.0,41.582973,-7.144374,-2.637188,70.961464,25.379131,89.09127,0.5057393
3.341666666666667,41.353928,-6.8018513,-2.930426,70.0,25.0,90.0,41.582973,-7.144374,-2.637187,70.961464,25.379131,89.09127,0.50573987
3.345833333333333,41.353928,-6.8018513,-2.930426,70.0,25.0,90.0,41.582973,-7.144374,-2.637187,70.961464,25.379128,89.09127,0.50573987
3.35,41.353928,-6.8018513,-2.930426,70.0,25.0,90.0,41.582977,-7.144376,-2.6371841,70.961464,25.379128,89.09127,0.5057445
3.3541666666666665,41.353928,-6.8018513,-2.930426,70.0,25.0,90.0,41.582977,-7.144374,-2.637187,70.961464,25.379128,89.09127,0.5057416
3.3583333333333334,41.353928,-6.8018513,-2.930426,70.0,25.0,90.0,41.582973,-7.144374,-2.6371841,70.961464,25.379128,89.09127,0.5057415
3.3625,41.353928,-6.8018513,-2.930426,70.0,25.0,90.0,41.58297,-7.144374,-2.6371822,70.961464,25.379128,89.09127,0.5057409
3.3666666666666667,41.353928,-6.8018513,-2.930426,70.0,25.0,90.0,41.58297,-7.144374,-2.6371841,70.961464,25.379124,89.09127,0.5057398
3.370833333333333,41.353928,-6.8018513,-2.930426,70.0,25.0,90.0,41.58297,-7.144376,-2.637186,70.961464,25.379128,89.09127,0.50574
3.375,41.353928,-6.8018513,-2.930426,70.0,25.0,90.0,41.582973,-7.144376,-2.6371832,70.96147,25.379124,89.09127,0.5057434
3.379166666666667,41.353928,-6.8018513,-2.930426,70.0,25.0,90.0,41.582973,-7.144374,-2.6371841,70.961464,25.379128,89.09126,0.5057415
3.3833333333333333,41.353928,-6.8018513,-2.930426,70.0,25.0,90.0,41.582973,-7.144374,-2.6371841,70.961464,25.379128,89.09126,0.5057415
3.3875,41.353928,-6.8018513,-2.930426,70.0,25.0,90.0,41.582973,-7.1443787,-2.637186,70.961464,25.379124,89.09126,0.5057436
3.3916666666666666,41.353928,-6.8018513,-2.930426,70.0,25.0,90.0,41.582977,-7.1443768,-2.637187,70.96146,25.379128,89.09126,0.50574356
3.3958333333333335,41.353928,-6.8018513,-2.930426,70.0,25.0,90.0,41.582977,-7.1443825,-2.6371841,70.96146,25.379128,89.09126,0.50574905
3.4,41.353928,-6.8018513,-2.930426,70.0,25.0,90.0,41.582977,-7.1443796,-2.637187,70.961464,25.379128,89.09126,0.5057455
3.404166666666667,41.353928,-6.8018513,-2.930426,70.0,25.0,90.0,41.582973,-7.1443768,-2.637188,70.961464,25.379131,89.09126,0.50574124
3.408333333333333,41.353928,-6.8018513,-2.930426,70.0,25.0,90.0,41.582977,-7.1443768,-2.637187,70.961464,25.379139,89.09126,0.50574356
3.4125,41.353928,-6.8018513,-2.930426,70.0,25.0,90.0,41.582977,-7.1443768,-2.637188,70.96146,25.379135,89.091255,0.50574297
3.4166666666666665,41.353928,-6.8018513,-2.930426,70.0,25.0,90.0,41.582977,-7.144376,-2.637188,70.961464,25.379131,89.09126,0.5057423
3.4208333333333334,41.353928,-6.8018513,-2.930426,70.0,25.0,90.0,41.582977,-7.1443787,-2.637187,70.96146,25.379128,89.09126,0.5057448
3.425,41.353928,-6.8018513,-2.930426,70.0,25.0,90.0,41.582977,-7.144376,-2.6371908,70.961464,25.379131,89.09126,0.50574064
3.4291666666666667,41.353928,-6.8018513,-2.930426,70.0,25.0,90.0,41.582977,-7.144373,-2.637189,70.96146,25.379139,89.09126,0.5057398
3.433333333333333,41.353928,-6.8018513,-2.930426,70.0,25.0,90.0,41.58298,-7.144374,-2.637188,70.961464,25.379139,89.09126,0.5057428
3.4375,41.353928,-6.8018513,-2.930426,70.0,25.0,90.0,41.582977,-7.144376,-2.637187,70.961464,25.379135,89.09126,0.5057429
3.441666666666667,41.353928,-6.8018513,-2.930426,70.0,25.0,90.0,41.582977,-7.144373,-2.637189,70.961464,25.379135,89.09126,0.5057398
3.4458333333333333,41.353928,-6.8018513,-2.930426,70.0,25.0,90.0,41.58298,-7.1443768,-2.6371899,70.96146,25.379131,89.09126,0.5057436
3.45,41.353928,-6.8018513,-2.930426,70.0,25.0,90.0,41.58298,-7.144376,-2.637187,70.961464,25.379131,89.09126,0.5057446
3.4541666666666666,41.353928,-6.8018513,-2.930426,70.0,25.0,90.0,41.58298,-7.144376,-2.637187,70.96146,25.379131,89.09126,0.5057446
3.4583333333333335,41.353928,-6.8018513,-2.930426,70.0,25.0,90.0,41.58298,-7.144376,-2.637187,70.96146,25.379131,89.09126,0.5057446
3.4625,41.353928,-6.8018513,-2.930426,70.0,25.0,90.0,41.58298,-7.144376,-2.637187,70.96146,25.379131,89.09126,0.5057446
3.466666666666667,41.353928,-6.8018513,-2.930426,70.0,25.0,90.0,41.58298,-7.144376,-2.637187,70.96146,25.379131,89.09126,0.5057446
3.470833333333333,41.353928,-6.8018513,-2.930426,70.0,25.0,90.0,41.58298,-7.144376,-2.637187,70.96146,25.379131,89.09126,0.5057446
3.475,41.353928,-6.8018513,-2.930426,70.0,25.0,90.0,41.58298,-7.144376,-2.637187,70.96146,25.379131,89.09126,0.5057446
3.4791666666666665,41.353928,-6.8018513,-2.930426,70.0,25.0,90.0,41.58298,-7.144376,-2.637187,70.96146,25.379131,89.09126,0.5057446
3.4833333333333334,41.353928,-6.8018513,-2.930426,70.0,25.0,90.0,41.58298,-7.144376,-2.637187,70.96146,25.379131,89.09126,0.5057446
3.4875,41.353928,-6.8018513,-2.930426,70.0,25.0,90.0,41.58298,-7.144376,-2.637187,70.96146,25.379131,89.09126,0.5057446
3.4916666666666667,41.353928,-6.8018513,-2.930426,70.0,25.0,90.0,41.58298,-7.144376,-2.637187,70.96146,25.379131,89.09126,0.5057446
3.495833333333333,41.353928,-6.8018513,-2.930426,70.0,25.0,90.0,41.58298,-7.144376,-2.637187,70.96146,25.379131,89.09126,0.5057446
3.5,41.353928,-6.8018513,-2.930426,70.0,25.0,90.0,41.58298,-7.144376,-2.637187,70.96146,25.379131,89.09126,0.5057446
3.504166666666667,41.353928,-6.8018513,-2.930426,70.0,25.0,90.0,41.58298,-7.144376,-2.637187,70.96146,25.379131,89.09126,0.5057446
3.5083333333333333,41.353928,-6.8018513,-2.930426,70.0,25.0,90.0,41.58298,-7.144376,-2.637187,70.96146,25.379131,89.09126,0.5057446
3.5125,41.353928,-6.8018513,-2.930426,70.0,25.0,90.0,41.58298,-7.144376,-2.637187,70.96146,25.379131,89.09126,0.5057446
3.5166666666666666,41.353928,-6.8018513,-2.930426,70.0,25.0,90.0,41.58298,-7.144376,-2.637187,70.96146,25.379131,89.09126,0.5057446
3.5208333333333335,41.353928,-6.8018513,-2.930426,70.0,25.0,90.0,41.58298,-7.144376,-2.637187,70.96146,25.379131,89.09126,0.5057446
3.525,41.353928,-6.8018513,-2.930426,70.0,25.0,90.0,41.58298,-7.144376,-2.637187,70.96146,25.379131,89.09126,0.5057446
3.529166666666667,41.353928,-6.8018513,-2.930426,70.0,25.0,90.0,41.58298,-7.144376,-2.637187,70.96146,25.379131,89.09126,0.5057446
3.533333333333333,41.353928,-6.8018513,-2.930426,70.0,25.0,90.0,41.58298,-7.144376,-2.637187,70.96146,25.379131,89.09126,0.5057446
3.5375,41.353928,-6.8018513,-2.930426,70.0,25.0,90.0,41.58298,-7.144376,-2.637187,70.96146,25.379131,89.09126,0.5057446
3.5416666666666665,41.353928,-6.8018513,-2.930426,70.0,25.0,90.0,41.58298,-7.144376,-2.637187,70.96146,25.379131,89.09126,0.5057446
3.5458333333333334,41.353928,-6.8018513,-2.930426,70.0,25.0,90.0,41.58298,-7.144376,-2.637187,70.96146,25.379131,89.09126,0.5057446
3.55,41.353928,-6.8018513,-2.930426,70.0,25.0,90.0,41.58298,-7.144376,-2.637187,70.96146,25.379131,89.09126,0.5057446
3.5541666666666667,41.353928,-6.8018513,-2.930426,70.0,25.0,90.0,41.58298,-7.144376,-2.637187,70.96146,25.379131,89.09126,0.5057446
3.558333333333333,41.353928,-6.8018513,-2.930426,70.0,25.0,90.0,41.58298,-7.144376,-2.637187,70.96146,25.379131,89.09126,0.5057446
3.5625,41.353928,-6.8018513,-2.930426,70.0,25.0,90.0,41.58298,-7.144376,-2.637187,70.96146,25.379131,89.09126,0.5057446
3.566666666666667,41.353928,-6.8018513,-2.930426,70.0,25.0,90.0,41.58298,-7.144376,-2.637187,70.96146,25.379131,89.09126,0.5057446
3.5708333333333333,41.353928,-6.8018513,-2.930426,70.0,25.0,90.0,41.58298,-7.144376,-2.637187,70.96146,25.379131,89.09126,0.5057446
3.575,41.353928,-6.8018513,-2.930426,70.0,25.0,90.0,41.58298,-7.144376,-2.637187,70.96146,25.379131,89.09126,0.5057446
3.5791666666666666,41.353928,-6.8018513,-2.930426,70.0,25.0,90.0,41.58298,-7.144376,-2.637187,70.96146,25.379131,89.09126,0.5057446
3.5833333333333335,41.353928,-6.8018513,-2.930426,70.0,25.0,90.0,41.58298,-7.144376,-2.637187,70.96146,25.379131,89.09126,0.5057446
3.5875,41.353928,-6.8018513,-2.930426,70.0,25.0,90.0,41.58298,-7.144376,-2.637187,70.96146,25.379131,89.09126,0.5057446
3.591666666666667,41.353928,-6.8018513,-2.930426,70.0,25.0,90.0,41.58298,-7.144376,-2.637187,70.96146,25.379131,89.09126,0.5057446
3.595833333333333,41.353928,-6.8018513,-2.930426,70.0,25.0,90.0,41.58298,-7.144376,-2.637187,70.96146,25.379131,89.09126,0.5057446
3.6,41.353928,-6.8018513,-2.930426,70.0,25.0,90.0,41.58298,-7.144376,-2.637187,70.96146,25.379131,89.09126,0.5057446
3.6041666666666665,41.353928,-6.8018513,-2.930426,70.0,25.0,90.0,41.58298,-7.144376,-2.637187,70.96146,25.379131,89.09126,0.5057446
3.6083333333333334,41.353928,-6.8018513,-2.930426,70.0,25.0,90.0,41.58298,-7.144376,-2.637187,70.96146,25.379131,89.09126,0.5057446
3.6125,41.353928,-6.8018513,-2.930426,70.0,25.0,90.0,41.582977,-7.144376,-2.637187,70.96146,25.379135,89.09126,0.5057429
3.6166666666666667,41.353928,-6.8018513,-2.930426,70.0,25.0,90.0,41.582977,-7.144376,-2.637186,70.96146,25.379135,89.09126,0.50574344
3.620833333333333,41.353928,-6.8018513,-2.930426,70.0,25.0,90.0,41.582977,-7.144374,-2.637188,70.96146,25.379139,89.09126,0.505741
3.625,41.353928,-6.8018513,-2.930426,70.0,25.0,90.0,41.582977,-7.144373,-2.637188,70.96146,25.379135,89.09126,0.5057404
3.629166666666667,41.353928,-6.8018513,-2.930426,70.0,25.0,90.0,41.582977,-7.144376,-2.637188,70.96146,25.379131,89.09127,0.5057423
3.6333333333333333,41.353928,-6.8018513,-2.930426,70.0,25.0,90.0,41.582977,-7.144374,-2.637189,70.96146,25.379131,89.09127,0.50574046
3.6375,41.353928,-6.8018513,-2.930426,70.0,25.0,90.0,41.582977,-7.144371,-2.637187,70.96146,25.379135,89.09127,0.5057396
3.6416666666666666,41.353928,-6.8018513,-2.930426,70.0,25.0,90.0,41.582973,-7.144373,-2.637188,70.96146,25.379135,89.09127,0.5057386
3.6458333333333335,41.353928,-6.8018513,-2.930426,70.0,25.0,90.0,41.582977,-7.144374,-2.637188,70.96146,25.379139,89.09127,0.505741
3.65,41.353928,-6.8018513,-2.930426,70.0,25.0,90.0,41.582977,-7.144374,-2.637187,70.96146,25.379131,89.09127,0.5057416
3.654166666666667,41.353928,-6.8018513,-2.930426,70.0,25.0,90.0,41.582977,-7.144373,-2.637187,70.96146,25.379131,89.09127,0.50574094
3.658333333333333,41.353928,-6.8018513,-2.930426,70.0,25.0,90.0,41.582977,-7.144374,-2.637189,70.96146,25.379128,89.09127,0.50574046
3.6625,41.353928,-6.8018513,-2.930426,70.0,25.0,90.0,41.582977,-7.144376,-2.637187,70.96146,25.379128,89.09127,0.5057429
3.6666666666666665,41.353928,-6.8018513,-2.930426,70.0,25.0,90.0,41.582977,-7.144374,-2.637188,70.96146,25.379135,89.09128,0.505741
3.6708333333333334,41.353928,-6.8018513,-2.930426,70.0,25.0,90.0,41.582977,-7.14437,-2.637188,70.96146,25.379128,89.09128,0.50573844
3.675,41.353928,-6.8018513,-2.930426,70.0,25.0,90.0,41.582973,-7.144374,-2.637186,70.96146,25.379128,89.09127,0.5057404
3.6791666666666667,41.353928,-6.8018513,-2.930426,70.0,25.0,90.0,41.582977,-7.1443768,-2.637186,70.96146,25.379128,89.09128,0.50574404
3.683333333333333,41.353928,-6.8018513,-2.930426,70.0,25.0,90.0,41.582977,-7.144376,-2.6371841,70.96146,25.379128,89.09128,0.5057445
3.6875,41.353928,-6.8018513,-2.930426,70.0,25.0,90.0,41.582973,-7.144373,-2.637189,70.96146,25.379128,89.09127,0.5057381
3.691666666666667,41.353928,-6.8018513,-2.930426,70.0,25.0,90.0,41.582973,-7.144371,-2.637186,70.961464,25.379128,89.09127,0.5057385
3.6958333333333333,41.353928,-6.8018513,-2.930426,70.0,25.0,90.0,41.582973,-7.144374,-2.637187,70.96146,25.379124,89.09127,0.50573987
3.7,41.353928,-6.8018513,-2.930426,70.0,25.0,90.0,41.582977,-7.144376,-2.637188,70.961464,25.379128,89.09127,0.5057423
3.7041666666666666,41.353928,-6.8018513,-2.930426,70.0,25.0,90.0,41.582977,-7.144374,-2.637186,70.96146,25.379128,89.09127,0.50574213
3.7083333333333335,41.353928,-6.8018513,-2.930426,70.0,25.0,90.0,41.582977,-7.144371,-2.637186,70.96146,25.379131,89.09127,0.5057402
3.7125,41.353928,-6.8018513,-2.930426,70.0,25.0,90.0,41.582973,-7.144376,-2.637187,70.96146,25.379128,89.09127,0.5057412
3.716666666666667,41.353928,-6.8018513,-2.930426,70.0,25.0,90.0,41.582973,-7.144374,-2.637188,70.96146,25.379131,89.09127,0.5057393
3.720833333333333,41.353928,-6.8018513,-2.930426,70.0,25.0,90.0,41.582977,-7.144376,-2.6371841,70.961464,25.379128,89.09127,0.5057445
3.725,41.353928,-6.8018513,-2.930426,70.0,25.0,90.0,41.582973,-7.144374,-2.637187,70.96146,25.379128,89.09127,0.50573987
3.7291666666666665,41.353928,-6.8018513,-2.930426,70.0,25.0,90.0,41.582973,-7.144376,-2.637186,70.96146,25.379128,89.09127,0.5057417
3.7333333333333334,41.353928,-6.8018513,-2.930426,70.0,25.0,90.0,41.582977,-7.144376,-2.637188,70.961464,25.379131,89.09127,0.5057423
3.7375,41.353928,-6.8018513,-2.930426,70.0,25.0,90.0,41.582973,-7.144374,-2.637186,70.961464,25.379131,89.09127,0.5057404
3.7416666666666667,41.353928,-6.8018513,-2.930426,70.0,25.0,90.0,41.582977,-7.144376,-2.637187,70.961464,25.379131,89.09127,0.5057429
3.745833333333333,41.353928,-6.8018513,-2.930426,70.0,25.0,90.0,41.582977,-7.144376,-2.637186,70.961464,25.379131,89.09127,0.50574344
3.75,41.353928,-6.8018513,-2.930426,70.0,25.0,90.0,41.582973,-7.144374,-2.6371841,70.961464,25.379128,89.09127,0.5057415
3.754166666666667,41.353928,-6.8018513,-2.930426,70.0,25.0,90.0,41.582977,-7.144374,-2.637186,70.961464,25.379128,89.09127,0.50574213
3.7583333333333333,41.353928,-6.8018513,-2.930426,70.0,25.0,90.0,41.582973,-7.144376,-2.6371832,70.961464,25.379131,89.09127,0.5057434
3.7625,41.353928,-6.8018513,-2.930426,70.0,25.0,90.0,41.582977,-7.144376,-2.6371822,70.961464,25.379128,89.09127,0.50574565
3.7666666666666666,41.353928,-6.8018513,-2.930426,70.0,25.0,90.0,41.582973,-7.144376,-2.6371822,70.961464,25.37912,89.09127,0.5057439
3.7708333333333335,41.353928,-6.8018513,-2.930426,70.0,25.0,90.0,41.58297,-7.144376,-2.6371841,70.961464,25.379124,89.09127,0.5057411
3.775,41.353928,-6.8018513,-2.930426,70.0,25.0,90.0,41.582973,-7.144376,-2.6371841,70.961464,25.379124,89.09126,0.5057428
3.779166666666667,41.353928,-6.8018513,-2.930426,70.0,25.0,90.0,41.582973,-7.144374,-2.6371841,70.961464,25.379131,89.09126,0.5057415
3.783333333333333,41.353928,-6.8018513,-2.930426,70.0,25.0,90.0,41.582973,-7.144376,-2.637188,70.96146,25.379128,89.09126,0.5057406
3.7875,41.353928,-6.8018513,-2.930426,70.0,25.0,90.0,41.582973,-7.1443768,-2.6371841,70.96146,25.379128,89.09126,0.50574344
3.7916666666666665,41.353928,-6.8018513,-2.930426,70.0,25.0,90.0,41.582977,-7.144376,-2.637186,70.96146,25.379128,89.09126,0.50574344
3.7958333333333334,41.353928,-6.8018513,-2.930426,70.0,25.0,90.0,41.582977,-7.1443787,-2.6371841,70.96146,25.379124,89.09126,0.5057465
3.8,41.353928,-6.8018513,-2.930426,70.0,25.0,90.0,41.582973,-7.1443787,-2.637189,70.961464,25.379128,89.09126,0.50574195
3.8041666666666667,41.353928,-6.8018513,-2.930426,70.0,25.0,90.0,41.582977,-7.1443768,-2.637189,70.961464,25.379128,89.09126,0.50574243
3.808333333333333,41.353928,-6.8018513,-2.930426,70.0,25.0,90.0,41.582977,-7.1443768,-2.637186,70.961464,25.379139,89.09126,0.50574404
3.8125,41.353928,-6.8018513,-2.930426,70.0,25.0,90.0,41.58298,-7.1443768,-2.637186,70.96146,25.379135,89.09126,0.5057458
3.816666666666667,41.353928,-6.8018513,-2.930426,70.0,25.0,90.0,41.582977,-7.1443768,-2.637186,70.96146,25.379131,89.09126,0.50574404
3.8208333333333333,41.353928,-6.8018513,-2.930426,70.0,25.0,90.0,41.582977,-7.144376,-2.637186,70.961464,25.379128,89.09126,0.50574344
3.825,41.353928,-6.8018513,-2.930426,70.0,25.0,90.0,41.582977,-7.1443768,-2.637189,70.961464,25.379131,89.09126,0.50574243
3.8291666666666666,41.353928,-6.8018513,-2.930426,70.0,25.0,90.0,41.582977,-7.144373,-2.637188,70.961464,25.379131,89.09126,0.5057404
3.8333333333333335,41.353928,-6.8018513,-2.930426,70.0,25.0,90.0,41.58298,-7.144376,-2.637188,70.961464,25.379135,89.09126,0.50574404
3.8375,41.353928,-6.8018513,-2.930426,70.0,25.0,90.0,41.58298,-7.144376,-2.6371841,70.961464,25.379131,89.09126,0.5057463
3.841666666666667,41.353928,-6.8018513,-2.930426,70.0,25.0,90.0,41.582977,-7.144376,-2.637187,70.961464,25.379131,89.09126,0.5057429
3.845833333333333,41.353928,-6.8018513,-2.930426,70.0,25.0,90.0,41.582977,-7.144376,-2.637187,70.96146,25.379135,89.09126,0.5057429
3.85,41.353928,-6.8018513,-2.930426,70.0,25.0,90.0,41.582977,-7.144374,-2.637187,70.961464,25.379131,89.09126,0.5057416
3.8541666666666665,41.353928,-6.8018513,-2.930426,70.0,25.0,90.0,41.582977,-7.144376,-2.637188,70.961464,25.379131,89.09126,0.5057423
3.8583333333333334,41.353928,-6.8018513,-2.930426,70.0,25.0,90.0,41.582977,-7.144376,-2.637188,70.961464,25.379131,89.09126,0.5057423
3.8625,41.353928,-6.8018513,-2.930426,70.0,25.0,90.0,41.582977,-7.144376,-2.637188,70.961464,25.379131,89.09126,0.5057423
3.8666666666666667,41.353928,-6.8018513,-2.930426,70.0,25.0,90.0,41.582977,-7.144376,-2.637188,70.961464,25.379131,89.09126,0.5057423
3.870833333333333,41.353928,-6.8018513,-2.930426,70.0,25.0,90.0,41.582977,-7.144376,-2.637188,70.961464,25.379131,89.09126,0.5057423
3.875,41.353928,-6.8018513,-2.930426,70.0,25.0,90.0,41.582977,-7.144376,-2.637188,70.961464,25.379131,89.09126,0.5057423
3.879166666666667,41.353928,-6.8018513,-2.930426,70.0,25.0,90.0,41.582977,-7.144376,-2.637188,70.961464,25.379131,89.09126,0.5057423
3.8833333333333333,41.353928,-6.8018513,-2.930426,70.0,25.0,90.0,41.582977,-7.144376,-2.637188,70.961464,25.379131,89.09126,0.5057423
3.8875,41.353928,-6.8018513,-2.930426,70.0,25.0,90.0,41.582977,-7.144376,-2.637188,70.961464,25.379131,89.09126,0.5057423
3.8916666666666666,41.353928,-6.8018513,-2.930426,70.0,25.0,90.0,41.582977,-7.144376,-2.637188,70.961464,25.379131,89.09126,0.5057423
3.8958333333333335,41.353928,-6.8018513,-2.930426,70.0,25.0,90.0,41.582977,-7.144376,-2.637188,70.961464,25.379131,89.09126,0.5057423
3.9,41.353928,-6.8018513,-2.930426,70.0,25.0,90.0,41.582977,-7.144376,-2.637188,70.961464,25.379131,89.09126,0.5057423
3.904166666666667,41.353928,-6.8018513,-2.930426,70.0,25.0,90.0,41.582977,-7.144376,-2.637188,70.961464,25.379131,89.09126,0.5057423
3.908333333333333,41.353928,-6.8018513,-2.930426,70.0,25.0,90.0,41.582977,-7.144376,-2.637188,70.961464,25.379131,89.09126,0.5057423
3.9125,41.353928,-6.8018513,-2.930426,70.0,25.0,90.0,41.582977,-7.144376,-2.637188,70.961464,25.379131,89.09126,0.5057423
3.9166666666666665,41.353928,-6.8018513,-2.930426,70.0,25.0,90.0,41.582977,-7.144376,-2.637188,70.961464,25.379131,89.09126,0.5057423
3.9208333333333334,41.353928,-6.8018513,-2.930426,70.0,25.0,90.0,41.582977,-7.144376,-2.637188,70.961464,25.379131,89.09126,0.5057423
3.925,41.353928,-6.8018513,-2.930426,70.0,25.0,90.0,41.582977,-7.144376,-2.637188,70.961464,25.379131,89.09126,0.5057423
3.9291666666666667,41.353928,-6.8018513,-2.930426,70.0,25.0,90.0,41.582977,-7.144376,-2.637188,70.961464,25.379131,89.09126,0.5057423
3.933333333333333,41.353928,-6.8018513,-2.930426,70.0,25.0,90.0,41.582977,-7.144376,-2.637188,70.961464,25.379131,89.09126,0.5057423
3.9375,41.353928,-6.8018513,-2.930426,70.0,25.0,90.0,41.582977,-7.144376,-2.637188,70.961464,25.379131,89.09126,0.5057423
3.941666666666667,41.353928,-6.8018513,-2.930426,70.0,25.0,90.0,41.582977,-7.144376,-2.637188,70.961464,25.379131,89.09126,0.5057423
3.9458333333333333,41.353928,-6.8018513,-2.930426,70.0,25.0,90.0,41.582977,-7.144376,-2.637188,70.961464,25.379131,89.09126,0.5057423
3.95,41.353928,-6.8018513,-2.930426,70.0,25.0,90.0,41.582977,-7.144376,-2.637188,70.961464,25.379131,89.09126,0.5057423
3.9541666666666666,41.353928,-6.8018513,-2.930426,70.0,25.0,90.0,41.582977,-7.144376,-2.637188,70.961464,25.379131,89.09126,0.5057423
3.9583333333333335,41.353928,-6.8018513,-2.930426,70.0,25.0,90.0,41.582977,-7.144376,-2.637188,70.961464,25.379131,89.09126,0.5057423
3.9625,41.353928,-6.8018513,-2.930426,70.0,25.0,90.0,41.582977,-7.144376,-2.637188,70.961464,25.379131,89.09126,0.5057423
3.966666666666667,41.353928,-6.8018513,-2.930426,70.0,25.0,90.0,41.582977,-7.144376,-2.637188,70.961464,25.379131,89.09126,0.5057423
3.970833333333333,41.353928,-6.8018513,-2.930426,70.0,25.0,90.0,41.582977,-7.144376,-2.637188,70.961464,25.379131,89.09126,0.5057423
3.975,41.353928,-6.8018513,-2.930426,70.0,25.0,90.0,41.582977,-7.144376,-2.637188,70.961464,25.379131,89.09126,0.5057423
3.9791666666666665,41.353928,-6.8018513,-2.930426,70.0,25.0,90.0,41.582977,-7.144376,-2.637188,70.961464,25.379131,89.09126,0.5057423
3.9833333333333334,41.353928,-6.8018513,-2.930426,70.0,25.0,90.0,41.582977,-7.144376,-2.637188,70.961464,25.379131,89.09126,0.5057423
3.9875,41.353928,-6.8018513,-2.930426,70.0,25.0,90.0,41.582977,-7.144376,-2.637188,70.961464,25.379131,89.09126,0.5057423
3.9916666666666667,41.353928,-6.8018513,-2.930426,70.0,25.0,90.0,41.582977,-7.144376,-2.637188,70.961464,25.379131,89.09126,0.5057423
3.995833333333333,41.353928,-6.8018513,-2.930426,70.0,25.0,90.0,41.582977,-7.144376,-2.637188,70.961464,25.379131,89.09126,0.5057423
4.0,41.353928,-6.8018513,-2.930426,70.0,25.0,90.0,41.582977,-7.144376,-2.637188,70.961464,25.379131,89.09126,0.5057423
4.004166666666666,41.353928,-6.8018513,-2.930426,70.0,25.0,90.0,41.582977,-7.144376,-2.637188,70.961464,25.379131,89.09126,0.5057423
4.008333333333334,41.353928,-6.8018513,-2.930426,70.0,25.0,90.0,41.582977,-7.144376,-2.637187,70.961464,25.379131,89.09126,0.5057429
4.0125,41.353928,-6.8018513,-2.930426,70.0,25.0,90.0,41.582977,-7.144376,-2.637186,70.961464,25.379135,89.09126,0.50574344
4.016666666666667,41.353928,-6.8018513,-2.930426,70.0,25.0,90.0,41.582977,-7.144376,-2.637187,70.96146,25.379139,89.09127,0.5057429
4.020833333333333,41.353928,-6.8018513,-2.930426,70.0,25.0,90.0,41.582977,-7.144374,-2.637188,70.961464,25.379139,89.09126,0.505741
4.025,41.353928,-6.8018513,-2.930426,70.0,25.0,90.0,41.582977,-7.144376,-2.637186,70.961464,25.379128,89.09126,0.50574344
4.029166666666667,41.353928,-6.8018513,-2.930426,70.0,25.0,90.0,41.582977,-7.144376,-2.637188,70.96146,25.379135,89.09127,0.5057423
4.033333333333333,41.353928,-6.8018513,-2.930426,70.0,25.0,90.0,41.582977,-7.144374,-2.6371841,70.96146,25.379135,89.09127,0.50574327
4.0375,41.353928,-6.8018513,-2.930426,70.0,25.0,90.0,41.582977,-7.144373,-2.637189,70.96146,25.379131,89.09127,0.5057398
4.041666666666667,41.353928,-6.8018513,-2.930426,70.0,25.0,90.0,41.582977,-7.144374,-2.637188,70.96146,25.379131,89.09127,0.505741
4.045833333333333,41.353928,-6.8018513,-2.930426,70.0,25.0,90.0,41.582977,-7.144373,-2.637187,70.96146,25.379131,89.09127,0.50574094
4.05,41.353928,-6.8018513,-2.930426,70.0,25.0,90.0,41.582977,-7.144374,-2.6371899,70.96146,25.379131,89.09127,0.5057399
4.054166666666666,41.353928,-6.8018513,-2.930426,70.0,25.0,90.0,41.582977,-7.144374,-2.637187,70.96146,25.379128,89.09127,0.5057416
4.058333333333334,41.353928,-6.8018513,-2.930426,70.0,25.0,90.0,41.582977,-7.144374,-2.637186,70.96146,25.379128,89.09128,0.50574213
4.0625,41.353928,-6.8018513,-2.930426,70.0,25.0,90.0,41.582977,-7.144373,-2.6371899,70.96145,25.379128,89.09128,0.5057393
4.066666666666666,41.353928,-6.8018513,-2.930426,70.0,25.0,90.0,41.582977,-7.144371,-2.6371899,70.96146,25.379128,89.09128,0.505738
4.070833333333334,41.353928,-6.8018513,-2.930426,70.0,25.0,90.0,41.582977,-7.144374,-2.637186,70.96146,25.379128,89.09127,0.50574213
4.075,41.353928,-6.8018513,-2.930426,70.0,25.0,90.0,41.582977,-7.144374,-2.637186,70.96146,25.379128,89.09127,0.50574213
4.079166666666667,41.353928,-6.8018513,-2.930426,70.0,25.0,90.0,41.582977,-7.144373,-2.637188,70.96146,25.379124,89.09128,0.5057404
4.083333333333333,41.353928,-6.8018513,-2.930426,70.0,25.0,90.0,41.582977,-7.144373,-2.637186,70.96146,25.379128,89.09127,0.5057415
4.0875,41.353928,-6.8018513,-2.930426,70.0,25.0,90.0,41.582973,-7.14437,-2.637187,70.96146,25.379131,89.09127,0.50573725
4.091666666666667,41.353928,-6.8018513,-2.930426,70.0,25.0,90.0,41.582977,-7.144374,-2.637187,70.961464,25.379135,89.09127,0.5057416
4.095833333333333,41.353928,-6.8018513,-2.930426,70.0,25.0,90.0,41.582973,-7.144374,-2.637187,70.96146,25.379128,89.09127,0.50573987
4.1,41.353928,-6.8018513,-2.930426,70.0,25.0,90.0,41.582977,-7.144374,-2.637187,70.961464,25.379131,89.09127,0.5057416
4.104166666666667,41.353928,-6.8018513,-2.930426,70.0,25.0,90.0,41.582977,-7.144374,-2.637187,70.96146,25.379131,89.09127,0.5057416
4.108333333333333,41.353928,-6.8018513,-2.930426,70.0,25.0,90.0,41.582977,-7.144373,-2.637188,70.96146,25.379131,89.09127,0.5057404
4.1125,41.353928,-6.8018513,-2.930426,70.0,25.0,90.0,41.582973,-7.144376,-2.637188,70.961464,25.379128,89.09127,0.5057406
4.116666666666666,41.353928,-6.8018513,-2.930426,70.0,25.0,90.0,41.582973,-7.144376,-2.6371832,70.96146,25.379128,89.09127,0.5057434
4.120833333333334,41.353928,-6.8018513,-2.930426,70.0,25.0,90.0,41.582973,-7.144376,-2.6371841,70.96146,25.379128,89.09127,0.5057428
4.125,41.353928,-6.8018513,-2.930426,70.0,25.0,90.0,41.582977,-7.144376,-2.6371822,70.96146,25.379128,89.09127,0.50574565
4.129166666666666,41.353928,-6.8018513,-2.930426,70.0,25.0,90.0,41.582973,-7.144376,-2.637186,70.961464,25.379131,89.09127,0.5057417
4.133333333333334,41.353928,-6.8018513,-2.930426,70.0,25.0,90.0,41.582973,-7.144376,-2.637187,70.961464,25.379128,89.09127,0.5057412
4.1375,41.353928,-6.8018513,-2.930426,70.0,25.0,90.0,41.582973,-7.144376,-2.637186,70.961464,25.379128,89.09128,0.5057417
4.141666666666667,41.353928,-6.8018513,-2.930426,70.0,25.0,90.0,41.58297,-7.144374,-2.6371822,70.961464,25.379131,89.09127,0.5057409
4.145833333333333,41.353928,-6.8018513,-2.930426,70.0,25.0,90.0,41.582973,-7.144374,-2.6371841,70.961464,25.379128,89.09127,0.5057415
4.15,41.353928,-6.8018513,-2.930426,70.0,25.0,90.0,41.582973,-7.144373,-2.6371832,70.961464,25.379131,89.09128,0.5057414
4.154166666666667,41.353928,-6.8018513,-2.930426,70.0,25.0,90.0,41.58297,-7.144373,-2.637186,70.961464,25.379128,89.09128,0.505738
4.158333333333333,41.353928,-6.8018513,-2.930426,70.0,25.0,90.0,41.582973,-7.144374,-2.6371822,70.961464,25.379128,89.09127,0.5057426
4.1625,41.353928,-6.8018513,-2.930426,70.0,25.0,90.0,41.58297,-7.1443768,-2.6371794,70.961464,25.379131,89.09127,0.50574446
4.166666666666667,41.353928,-6.8018513,-2.930426,70.0,25.0,90.0,41.58297,-7.144376,-2.6371813,70.961464,25.379128,89.09127,0.5057427
4.170833333333333,41.353928,-6.8018513,-2.930426,70.0,25.0,90.0,41.582973,-7.144374,-2.6371832,70.96146,25.379128,89.09127,0.5057421
4.175,41.353928,-6.8018513,-2.930426,70.0,25.0,90.0,41.582973,-7.1443768,-2.6371832,70.961464,25.379128,89.09127,0.505744
4.179166666666666,41.353928,-6.8018513,-2.930426,70.0,25.0,90.0,41.582973,-7.144376,-2.6371832,70.961464,25.379131,89.09127,0.5057434
4.183333333333334,41.353928,-6.8018513,-2.930426,70.0,25.0,90.0,41.58297,-7.144374,-2.637187,70.96146,25.379128,89.09126,0.50573814
4.1875,41.353928,-6.8018513,-2.930426,70.0,25.0,90.0,41.582973,-7.144376,-2.637186,70.96146,25.379124,89.09126,0.5057417
4.191666666666666,41.353928,-6.8018513,-2.930426,70.0,25.0,90.0,41.582977,-7.1443768,-2.637187,70.961464,25.379124,89.09126,0.50574356
4.195833333333334,41.353928,-6.8018513,-2.930426,70.0,25.0,90.0,41.582977,-7.144373,-2.637187,70.961464,25.379128,89.09126,0.50574094
4.2,41.353928,-6.8018513,-2.930426,70.0,25.0,90.0,41.582977,-7.144376,-2.637186,70.961464,25.379128,89.09126,0.50574344
4.204166666666667,41.353928,-6.8018513,-2.930426,70.0,25.0,90.0,41.582977,-7.1443768,-2.637189,70.961464,25.379135,89.09126,0.50574243
4.208333333333333,41.353928,-6.8018513,-2.930426,70.0,25.0,90.0,41.582977,-7.144376,-2.637187,70.96146,25.379131,89.09126,0.5057429
4.2125,41.353928,-6.8018513,-2.930426,70.0,25.0,90.0,41.582977,-7.144376,-2.637186,70.961464,25.379131,89.09126,0.50574344
4.216666666666667,41.353928,-6.8018513,-2.930426,70.0,25.0,90.0,41.582973,-7.144376,-2.637188,70.96147,25.379131,89.09126,0.5057406
4.220833333333333,41.353928,-6.8018513,-2.930426,70.0,25.0,90.0,41.582977,-7.144376,-2.637189,70.961464,25.379131,89.09126,0.5057418
4.225,41.353928,-6.8018513,-2.930426,70.0,25.0,90.0,41.582977,-7.144371,-2.637188,70.961464,25.379135,89.09126,0.5057391
4.229166666666667,41.353928,-6.8018513,-2.930426,70.0,25.0,90.0,41.582977,-7.144376,-2.637186,70.961464,25.379131,89.09126,0.50574344
4.233333333333333,41.353928,-6.8018513,-2.930426,70.0,25.0,90.0,41.582977,-7.144374,-2.637188,70.961464,25.379131,89.09126,0.505741
4.2375,41.353928,-6.8018513,-2.930426,70.0,25.0,90.0,41.582977,-7.144376,-2.637189,70.961464,25.379128,89.09126,0.5057418
4.241666666666666,41.353928,-6.8018513,-2.930426,70.0,25.0,90.0,41.58298,-7.144374,-2.637189,70.96146,25.379128,89.09126,0.5057422
4.245833333333334,41.353928,-6.8018513,-2.930426,70.0,25.0,90.0,41.58298,-7.144376,-2.637189,70.96146,25.379131,89.09126,0.5057435
4.25,41.353928,-6.8018513,-2.930426,70.0,25.0,90.0,41.58298,-7.144376,-2.637188,70.96146,25.379131,89.09126,0.50574404
4.254166666666666,41.353928,-6.8018513,-2.930426,70.0,25.0,90.0,41.58298,-7.144376,-2.637188,70.96146,25.379131,89.09126,0.50574404
4.258333333333334,41.353928,-6.8018513,-2.930426,70.0,25.0,90.0,41.58298,-7.144376,-2.637188,70.96146,25.379131,89.09126,0.50574404
4.2625,41.353928,-6.8018513,-2.930426,70.0,25.0,90.0,41.58298,-7.144376,-2.637188,70.96146,25.379131,89.09126,0.50574404
4.266666666666667,41.353928,-6.8018513,-2.930426,70.0,25.0,90.0,41.58298,-7.144376,-2.637188,70.96146,25.379131,89.09126,0.50574404
4.270833333333333,41.353928,-6.8018513,-2.930426,70.0,25.0,90.0,41.58298,-7.144376,-2.637188,70.96146,25.379131,89.09126,0.50574404
4.275,41.353928,-6.8018513,-2.930426,70.0,25.0,90.0,41.58298,-7.144376,-2.637188,70.96146,25.379131,89.09126,0.50574404
4.279166666666667,41.353928,-6.8018513,-2.930426,70.0,25.0,90.0,41.58298,-7.144376,-2.637188,70.96146,25.379131,89.09126,0.50574404
4.283333333333333,41.353928,-6.8018513,-2.930426,70.0,25.0,90.0,41.58298,-7.144376,-2.637188,70.96146,25.379131,89.09126,0.50574404
4.2875,41.353928,-6.8018513,-2.930426,70.0,25.0,90.0,41.58298,-7.144376,-2.637188,70.96146,25.379131,89.09126,0.50574404
4.291666666666667,41.353928,-6.8018513,-2.930426,70.0,25.0,90.0,41.58298,-7.144376,-2.637188,70.96146,25.379131,89.09126,0.50574404
4.295833333333333,41.353928,-6.8018513,-2.930426,70.0,25.0,90.0,41.58298,-7.144376,-2.637188,70.96146,25.379131,89.09126,0.50574404
4.3,41.353928,-6.8018513,-2.930426,70.0,25.0,90.0,41.58298,-7.144376,-2.637188,70.96146,25.379131,89.09126,0.50574404
4.304166666666666,41.353928,-6.8018513,-2.930426,70.0,25.0,90.0,41.58298,-7.144376,-2.637188,70.96146,25.379131,89.09126,0.50574404
4.308333333333334,41.353928,-6.8018513,-2.930426,70.0,25.0,90.0,41.58298,-7.144376,-2.637188,70.96146,25.379131,89.09126,0.50574404
4.3125,41.353928,-6.8018513,-2.930426,70.0,25.0,90.0,41.58298,-7.144376,-2.637188,70.96146,25.379131,89.09126,0.50574404
4.316666666666666,41.353928,-6.8018513,-2.930426,70.0,25.0,90.0,41.58298,-7.144376,-2.637188,70.96146,25.379131,89.09126,0.50574404
4.320833333333334,41.353928,-6.8018513,-2.930426,70.0,25.0,90.0,41.58298,-7.144376,-2.637188,70.96146,25.379131,89.09126,0.50574404
4.325,41.353928,-6.8018513,-2.930426,70.0,25.0,90.0,41.58298,-7.144376,-2.637188,70.96146,25.379131,89.09126,0.50574404
4.329166666666667,41.353928,-6.8018513,-2.930426,70.0,25.0,90.0,41.58298,-7.144376,-2.637188,70.96146,25.379131,89.09126,0.50574404
4.333333333333333,41.353928,-6.8018513,-2.930426,70.0,25.0,90.0,41.58298,-7.144376,-2.637188,70.96146,25.379131,89.09126,0.50574404
4.3375,41.353928,-6.8018513,-2.930426,70.0,25.0,90.0,41.58298,-7.144376,-2.637188,70.96146,25.379131,89.09126,0.50574404
4.341666666666667,41.353928,-6.8018513,-2.930426,70.0,25.0,90.0,41.58298,-7.144376,-2.637188,70.96146,25.379131,89.09126,0.50574404
4.345833333333333,41.353928,-6.8018513,-2.930426,70.0,25.0,90.0,41.58298,-7.144376,-2.637188,70.96146,25.379131,89.09126,0.50574404
4.35,41.353928,-6.8018513,-2.930426,70.0,25.0,90.0,41.58298,-7.144376,-2.637188,70.96146,25.379131,89.09126,0.50574404
4.354166666666667,41.353928,-6.8018513,-2.930426,70.0,25.0,90.0,41.58298,-7.144376,-2.637188,70.96146,25.379131,89.09126,0.50574404
4.358333333333333,41.353928,-6.8018513,-2.930426,70.0,25.0,90.0,41.58298,-7.144376,-2.637188,70.96146,25.379131,89.09126,0.50574404
4.3625,41.353928,-6.8018513,-2.930426,70.0,25.0,90.0,41.58298,-7.144376,-2.637188,70.96146,25.379131,89.09126,0.50574404
4.366666666666666,41.353928,-6.8018513,-2.930426,70.0,25.0,90.0,41.58298,-7.144376,-2.637188,70.96146,25.379131,89.09126,0.50574404
4.370833333333334,41.353928,-6.8018513,-2.930426,70.0,25.0,90.0,41.58298,-7.144376,-2.637188,70.96146,25.379131,89.09126,0.50574404
4.375,41.353928,-6.8018513,-2.930426,70.0,25.0,90.0,41.58298,-7.144376,-2.637188,70.96146,25.379131,89.09126,0.50574404
4.379166666666666,41.353928,-6.8018513,-2.930426,70.0,25.0,90.0,41.58298,-7.144376,-2.637188,70.96146,25.379131,89.09126,0.50574404
4.383333333333334,41.353928,-6.8018513,-2.930426,70.0,25.0,90.0,41.58298,-7.144376,-2.637188,70.96146,25.379131,89.09126,0.50574404
4.3875,41.353928,-6.8018513,-2.930426,70.0,25.0,90.0,41.58298,-7.144376,-2.637188,70.96146,25.379131,89.09126,0.50574404
4.391666666666667,41.353928,-6.8018513,-2.930426,70.0,25.0,90.0,41.58298,-7.144376,-2.637188,70.96146,25.379131,89.09126,0.50574404
4.395833333333333,41.353928,-6.8018513,-2.930426,70.0,25.0,90.0,41.58298,-7.144376,-2.637188,70.96146,25.379131,89.09126,0.50574404
4.4,41.353928,-6.8018513,-2.930426,70.0,25.0,90.0,41.58298,-7.144376,-2.637188,70.96146,25.379131,89.09126,0.50574404
4.404166666666667,41.353928,-6.8018513,-2.930426,70.0,25.0,90.0,41.58298,-7.144374,-2.637189,70.961464,25.379131,89.09126,0.5057422
4.408333333333333,41.353928,-6.8018513,-2.930426,70.0,25.0,90.0,41.58298,-7.144376,-2.637188,70.96146,25.379131,89.09126,0.50574404
4.4125,41.353928,-6.8018513,-2.930426,70.0,25.0,90.0,41.582977,-7.144373,-2.637188,70.96146,25.379139,89.09126,0.5057404
4.416666666666667,41.353928,-6.8018513,-2.930426,70.0,25.0,90.0,41.582977,-7.144373,-2.6371841,70.961464,25.379143,89.09127,0.5057426
4.420833333333333,41.353928,-6.8018513,-2.930426,70.0,25.0,90.0,41.582977,-7.144376,-2.6371899,70.96146,25.379135,89.09126,0.5057412
4.425,41.353928,-6.8018513,-2.930426,70.0,25.0,90.0,41.582977,-7.144376,-2.637188,70.96146,25.379131,89.09126,0.5057423
4.429166666666666,41.353928,-6.8018513,-2.930426,70.0,25.0,90.0,41.582977,-7.144374,-2.637188,70.96146,25.379139,89.09127,0.505741
4.433333333333334,41.353928,-6.8018513,-2.930426,70.0,25.0,90.0,41.582977,-7.144373,-2.637189,70.96146,25.379131,89.09127,0.5057398
4.4375,41.353928,-6.8018513,-2.930426,70.0,25.0,90.0,41.582977,-7.144376,-2.637188,70.96146,25.379135,89.09127,0.5057423
4.441666666666666,41.353928,-6.8018513,-2.930426,70.0,25.0,90.0,41.58298,-7.144373,-2.637187,70.96146,25.379131,89.09127,0.50574267
4.445833333333334,41.353928,-6.8018513,-2.930426,70.0,25.0,90.0,41.582973,-7.144374,-2.637189,70.96146,25.379135,89.09127,0.50573874
4.45,41.353928,-6.8018513,-2.930426,70.0,25.0,90.0,41.582977,-7.144374,-2.6371908,70.96146,25.379128,89.09127,0.50573933
4.454166666666667,41.353928,-6.8018513,-2.930426,70.0,25.0,90.0,41.582977,-7.144374,-2.637188,70.96146,25.379128,89.09127,0.505741
4.458333333333333,41.353928,-6.8018513,-2.930426,70.0,25.0,90.0,41.582977,-7.144371,-2.637186,70.96146,25.379131,89.09128,0.5057402
4.4625,41.353928,-6.8018513,-2.930426,70.0,25.0,90.0,41.582977,-7.14437,-2.637189,70.96146,25.379128,89.09128,0.5057379
4.466666666666667,41.353928,-6.8018513,-2.930426,70.0,25.0,90.0,41.582977,-7.144374,-2.6371822,70.96146,25.379124,89.09128,0.50574434
4.470833333333333,41.353928,-6.8018513,-2.930426,70.0,25.0,90.0,41.582977,-7.144374,-2.6371832,70.96146,25.379128,89.09128,0.5057438
4.475,41.353928,-6.8018513,-2.930426,70.0,25.0,90.0,41.582977,-7.144371,-2.637186,70.96146,25.379124,89.09128,0.5057402
4.479166666666667,41.353928,-6.8018513,-2.930426,70.0,25.0,90.0,41.582973,-7.144371,-2.6371841,70.961464,25.379128,89.09128,0.50573957
4.483333333333333,41.353928,-6.8018513,-2.930426,70.0,25.0,90.0,41.582973,-7.144373,-2.637187,70.96146,25.379128,89.09128,0.5057392
4.4875,41.353928,-6.8018513,-2.930426,70.0,25.0,90.0,41.582973,-7.144374,-2.6371841,70.961464,25.379128,89.09128,0.5057415
4.491666666666666,41.353928,-6.8018513,-2.930426,70.0,25.0,90.0,41.58297,-7.144374,-2.637188,70.961464,25.379131,89.09128,0.5057376
4.495833333333334,41.353928,-6.8018513,-2.930426,70.0,25.0,90.0,41.582973,-7.144373,-2.637186,70.961464,25.379128,89.09127,0.50573975
4.5,41.353928,-6.8018513,-2.930426,70.0,25.0,90.0,41.582973,-7.144371,-2.637187,70.961464,25.379131,89.09127,0.5057379
4.504166666666666,41.353928,-6.8018513,-2.930426,70.0,25.0,90.0,41.582977,-7.144371,-2.637186,70.961464,25.379128,89.09128,0.5057402
4.508333333333334,41.353928,-6.8018513,-2.930426,70.0,25.0,90.0,41.582973,-7.144373,-2.6371832,70.961464,25.379131,89.09128,0.5057414
4.5125,41.353928,-6.8018513,-2.930426,70.0,25.0,90.0,41.582973,-7.144373,-2.637187,70.961464,25.379128,89.09128,0.5057392
4.516666666666667,41.353928,-6.8018513,-2.930426,70.0,25.0,90.0,41.582973,-7.144373,-2.6371813,70.961464,25.379128,89.09128,0.50574255
4.520833333333333,41.353928,-6.8018513,-2.930426,70.0,25.0,90.0,41.582973,-7.144374,-2.6371832,70.961464,25.379128,89.09128,0.5057421
4.525,41.353928,-6.8018513,-2.930426,70.0,25.0,90.0,41.582973,-7.144374,-2.6371832,70.96146,25.379128,89.09128,0.5057421
4.529166666666667,41.353928,-6.8018513,-2.930426,70.0,25.0,90.0,41.58297,-7.144373,-2.6371822,70.961464,25.379128,89.09128,0.5057402
4.533333333333333,41.353928,-6.8018513,-2.930426,70.0,25.0,90.0,41.582973,-7.144373,-2.637186,70.961464,25.379128,89.09128,0.50573975
4.5375,41.353928,-6.8018513,-2.930426,70.0,25.0,90.0,41.582973,-7.144373,-2.6371841,70.96146,25.379128,89.09128,0.5057409
4.541666666666667,41.353928,-6.8018513,-2.930426,70.0,25.0,90.0,41.58297,-7.144373,-2.6371841,70.961464,25.379128,89.09127,0.50573915
4.545833333333333,41.353928,-6.8018513,-2.930426,70.0,25.0,90.0,41.582977,-7.144373,-2.6371813,70.961464,25.379128,89.09127,0.5057442
4.55,41.353928,-6.8018513,-2.930426,70.0,25.0,90.0,41.582977,-7.14437,-2.6371822,70.96146,25.379128,89.09127,0.5057418
4.554166666666666,41.353928,-6.8018513,-2.930426,70.0,25.0,90.0,41.582973,-7.144373,-2.6371822,70.961464,25.379128,89.09127,0.50574195
4.558333333333334,41.353928,-6.8018513,-2.930426,70.0,25.0,90.0,41.582973,-7.144376,-2.6371794,70.961464,25.379128,89.09127,0.5057456
4.5625,41.353928,-6.8018513,-2.930426,70.0,25.0,90.0,41.582973,-7.144376,-2.6371822,70.961464,25.379124,89.09127,0.5057439
4.566666666666666,41.353928,-6.8018513,-2.930426,70.0,25.0,90.0,41.582973,-7.144376,-2.6371841,70.961464,25.379124,89.09127,0.5057428
4.570833333333334,41.353928,-6.8018513,-2.930426,70.0,25.0,90.0,41.582973,-7.1443768,-2.6371822,70.96147,25.379131,89.09127,0.5057445
4.575,41.353928,-6.8018513,-2.930426,70.0,25.0,90.0,41.58297,-7.144376,-2.6371822,70.96146,25.379128,89.09127,0.5057422
4.579166666666667,41.353928,-6.8018513,-2.930426,70.0,25.0,90.0,41.582973,-7.1443768,-2.6371841,70.961464,25.379131,89.09126,0.50574344
4.583333333333333,41.353928,-6.8018513,-2.930426,70.0,25.0,90.0,41.582977,-7.1443768,-2.637187,70.961464,25.379124,89.09126,0.50574356
4.5875,41.353928,-6.8018513,-2.930426,70.0,25.0,90.0,41.582977,-7.1443768,-2.637187,70.961464,25.379124,89.09126,0.50574356
4.591666666666667,41.353928,-6.8018513,-2.930426,70.0,25.0,90.0,41.582977,-7.1443768,-2.637186,70.961464,25.379124,89.09126,0.50574404
4.595833333333333,41.353928,-6.8018513,-2.930426,70.0,25.0,90.0,41.582977,-7.144376,-2.637187,70.961464,25.379131,89.09126,0.5057429
4.6,41.353928,-6.8018513,-2.930426,70.0,25.0,90.0,41.582977,-7.144376,-2.637189,70.96146,25.379139,89.09126,0.5057418
4.604166666666667,41.353928,-6.8018513,-2.930426,70.0,25.0,90.0,41.582977,-7.144376,-2.637188,70.961464,25.379131,89.09126,0.5057423
4.608333333333333,41.353928,-6.8018513,-2.930426,70.0,25.0,90.0,41.582977,-7.144376,-2.637188,70.96146,25.379131,89.09126,0.5057423
4.6125,41.353928,-6.8018513,-2.930426,70.0,25.0,90.0,41.582977,-7.144374,-2.637187,70.961464,25.379128,89.09126,0.5057416
4.616666666666666,41.353928,-6.8018513,-2.930426,70.0,25.0,90.0,41.582977,-7.144376,-2.6371832,70.961464,25.379135,89.09126,0.50574505
4.620833333333334,41.353928,-6.8018513,-2.930426,70.0,25.0,90.0,41.582977,-7.144373,-2.6371841,70.961464,25.379139,89.09126,0.5057426
4.625,41.353928,-6.8018513,-2.930426,70.0,25.0,90.0,41.582977,-7.144374,-2.637186,70.96146,25.379139,89.09126,0.50574213
4.629166666666666,41.353928,-6.8018513,-2.930426,70.0,25.0,90.0,41.582977,-7.144376,-2.637187,70.961464,25.379135,89.09126,0.5057429
4.633333333333334,41.353928,-6.8018513,-2.930426,70.0,25.0,90.0,41.582977,-7.144374,-2.637186,70.96146,25.379128,89.09126,0.50574213
4.6375,41.353928,-6.8018513,-2.930426,70.0,25.0,90.0,41.582977,-7.144376,-2.6371841,70.96146,25.379131,89.09126,0.5057445
4.641666666666667,41.353928,-6.8018513,-2.930426,70.0,25.0,90.0,41.582977,-7.144376,-2.637186,70.96146,25.379131,89.09126,0.50574344
4.645833333333333,41.353928,-6.8018513,-2.930426,70.0,25.0,90.0,41.582977,-7.144376,-2.637186,70.96146,25.379131,89.09126,0.50574344
4.65,41.353928,-6.8018513,-2.930426,70.0,25.0,90.0,41.582977,-7.144376,-2.637186,70.96146,25.379131,89.09126,0.50574344
4.654166666666667,41.353928,-6.8018513,-2.930426,70.0,25.0,90.0,41.582977,-7.144376,-2.637186,70.96146,25.379131,89.09126,0.50574344
4.658333333333333,41.353928,-6.8018513,-2.930426,70.0,25.0,90.0,41.582977,-7.144376,-2.637186,70.96146,25.379131,89.09126,0.50574344
4.6625,41.353928,-6.8018513,-2.930426,70.0,25.0,90.0,41.582977,-7.144376,-2.637186,70.96146,25.379131,89.09126,0.50574344
4.666666666666667,41.353928,-6.8018513,-2.930426,70.0,25.0,90.0,41.582977,-7.144376,-2.637186,70.96146,25.379131,89.09126,0.50574344
4.670833333333333,41.353928,-6.8018513,-2.930426,70.0,25.0,90.0,41.582977,-7.144376,-2.637186,70.96146,25.379131,89.09126,0.50574344
4.675,41.353928,-6.8018513,-2.930426,70.0,25.0,90.0,41.582977,-7.144376,-2.637186,70.96146,25.379131,89.09126,0.50574344
4.679166666666666,41.353928,-6.8018513,-2.930426,70.0,25.0,90.0,41.582977,-7.144376,-2.637186,70.96146,25.379131,89.09126,0.50574344
4.683333333333334,41.353928,-6.8018513,-2.930426,70.0,25.0,90.0,41.582977,-7.144376,-2.637186,70.96146,25.379131,89.09126,0.50574344
4.6875,41.353928,-6.8018513,-2.930426,70.0,25.0,90.0,41.582977,-7.144376,-2.637186,70.96146,25.379131,89.09126,0.50574344
4.691666666666666,41.353928,-6.8018513,-2.930426,70.0,25.0,90.0,41.582977,-7.144376,-2.637186,70.96146,25.379131,89.09126,0.50574344
4.695833333333334,41.353928,-6.8018513,-2.930426,70.0,25.0,90.0,41.582977,-7.144376,-2.637186,70.96146,25.379131,89.09126,0.50574344
4.7,41.353928,-6.8018513,-2.930426,70.0,25.0,90.0,41.582977,-7.144376,-2.637186,70.96146,25.379131,89.09126,0.50574344
4.704166666666667,41.353928,-6.8018513,-2.930426,70.0,25.0,90.0,41.582977,-7.144376,-2.637186,70.96146,25.379131,89.09126,0.50574344
4.708333333333333,41.353928,-6.8018513,-2.930426,70.0,25.0,90.0,41.582977,-7.144376,-2.637186,70.96146,25.379131,89.09126,0.50574344
4.7125,41.353928,-6.8018513,-2.930426,70.0,25.0,90.0,41.582977,-7.144376,-2.637186,70.96146,25.379131,89.09126,0.50574344
4.716666666666667,41.353928,-6.8018513,-2.930426,70.0,25.0,90.0,41.582977,-7.144376,-2.637186,70.96146,25.379131,89.09126,0.50574344
4.720833333333333,41.353928,-6.8018513,-2.930426,70.0,25.0,90.0,41.582977,-7.144376,-2.637186,70.96146,25.379131,89.09126,0.50574344
4.725,41.353928,-6.8018513,-2.930426,70.0,25.0,90.0,41.582977,-7.144376,-2.637186,70.96146,25.379131,89.09126,0.50574344
4.729166666666667,41.353928,-6.8018513,-2.930426,70.0,25.0,90.0,41.582977,-7.144376,-2.637186,70.96146,25.379131,89.09126,0.50574344
4.733333333333333,41.353928,-6.8018513,-2.930426,70.0,25.0,90.0,41.582977,-7.144376,-2.637186,70.96146,25.379131,89.09126,0.50574344
4.7375,41.353928,-6.8018513,-2.930426,70.0,25.0,90.0,41.582977,-7.144376,-2.637186,70.96146,25.379131,89.09126,0.50574344
4.741666666666666,41.353928,-6.8018513,-2.930426,70.0,25.0,90.0,41.582977,-7.144376,-2.637186,70.96146,25.379131,89.09126,0.50574344
4.745833333333334,41.353928,-6.8018513,-2.930426,70.0,25.0,90.0,41.582977,-7.144376,-2.637186,70.96146,25.379131,89.09126,0.50574344
4.75,41.353928,-6.8018513,-2.930426,70.0,25.0,90.0,41.58258,-7.135682,-2.6442852,70.95777,25.399391,89.08926,0.49558216
4.754166666666666,41.353928,-6.8018513,-2.930426,70.0,25.0,90.0,41.56959,-7.1408834,-2.6825542,70.88401,25.396255,89.100784,0.4721166
4.758333333333334,41.353928,-6.8018513,-2.930426,70.0,25.0,90.0,41.53283,-7.160016,-2.742568,70.71073,25.307652,89.16987,0.44224247
4.7625,41.353928,-6.8018513,-2.930426,70.0,25.0,90.0,41.462173,-7.302763,-2.7929506,70.4251,25.07531,89.26218,0.5305932
4.766666666666667,41.353928,-6.8018513,-2.930426,70.0,25.0,90.0,41.350697,-7.33179,-2.604805,70.448654,24.76532,89.49609,0.6219923
4.770833333333333,41.353928,-6.8018513,-2.930426,70.0,25.0,90.0,41.26236,-7.425064,-2.5799294,70.411026,24.690105,89.360985,0.7208514
4.775,41.353928,-6.8018513,-2.930426,70.0,25.0,90.0,41.03335,-6.8784456,-2.0867338,70.46058,25.224243,89.710175,0.90578794
4.779166666666667,41.353928,-6.8018513,-2.930426,70.0,25.0,90.0,40.267445,-6.6500254,-2.025176,70.4391,24.420841,90.67947,1.4223129
4.783333333333333,41.353928,-6.8018513,-2.930426,70.0,25.0,90.0,39.881664,-6.5327663,-2.1010818,70.49367,24.38353,91.283035,1.7110751
4.7875,41.353928,-6.8018513,-2.930426,70.0,25.0,90.0,40.017544,-5.5001135,-0.47205448,72.44555,29.159992,91.27515,3.0861032
4.791666666666667,41.353928,-6.8018513,-2.930426,70.0,25.0,90.0,39.752182,-6.3506823,-1.2483149,72.40624,28.399857,91.02459,2.3661444
4.795833333333333,41.353928,-6.8018513,-2.930426,70.0,25.0,90.0,40.340416,-6.77435,-2.8459072,71.45056,25.321114,91.72551,1.0174013
