time_s,true_wrist_X_cm,true_wrist_Y_cm,true_wrist_Z_cm,true_shoulder_elv_deg,true_shoulder_rot_deg,true_elbow_flexion_deg,pred_wrist_X_cm,pred_wrist_Y_cm,pred_wrist_Z_cm,pred_shoulder_elv_deg,pred_shoulder_rot_deg,pred_elbow_flexion_deg,l2_distance_cm
0.0,41.353928,-6.8018513,-2.930426,70.0,25.0,90.0,41.17888,-7.8619967,-0.6114397,71.07295,24.050545,91.51751,2.5558262
0.004166666666666667,41.353928,-6.8018513,-2.930426,70.0,25.0,90.0,41.51542,-8.226493,-1.1670961,70.4871,23.887997,91.230835,2.272667
0.008333333333333333,41.353928,-6.8018513,-2.930426,70.0,25.0,90.0,41.76135,-8.212494,-1.932684,69.632225,24.072186,91.20429,1.7752165
0.0125,41.353928,-6.8018513,-2.930426,70.0,25.0,90.0,41.333454,-7.4738083,-2.5651102,71.117134,25.549202,90.1473,0.76511496
0.016666666666666666,41.353928,-6.8018513,-2.930426,70.0,25.0,90.0,41.163483,-6.717868,-2.197155,72.18846,27.131462,88.943375,0.7622393
0.020833333333333332,41.353928,-6.8018513,-2.930426,70.0,25.0,90.0,40.70729,-7.227542,-3.414402,70.20001,26.697083,88.70746,0.91300863
0.025,41.353928,-6.8018513,-2.930426,70.0,25.0,90.0,41.270496,-7.9346085,-3.046564,70.0353,24.794727,89.048325,1.1417476
0.029166666666666667,41.353928,-6.8018513,-2.930426,70.0,25.0,90.0,41.36963,-7.6138563,-2.833867,70.4931,25.18504,89.09583,0.8178767
0.03333333333333333,41.353928,-6.8018513,-2.930426,70.0,25.0,90.0,41.47745,-7.393654,-2.7218456,70.708244,25.383537,89.0604,0.6395265
0.0375,41.353928,-6.8018513,-2.930426,70.0,25.0,90.0,41.5307,-7.297077,-2.645711,70.886856,25.361961,89.02632,0.5979632
0.041666666666666664,41.353928,-6.8018513,-2.930426,70.0,25.0,90.0,41.57383,-7.210045,-2.6328506,70.94034,25.39632,89.05304,0.5509355
0.04583333333333333,41.353928,-6.8018513,-2.930426,70.0,25.0,90.0,41.590355,-7.1567135,-2.6475573,70.92266,25.377743,89.068924,0.5117028
0.05,41.353928,-6.8018513,-2.930426,70.0,25.0,90.0,41.58287,-7.1442785,-2.6371012,70.961525,25.379196,89.091545,0.5056784
0.05416666666666667,41.353928,-6.8018513,-2.930426,70.0,25.0,90.0,41.58287,-7.1442785,-2.6371012,70.961525,25.379196,89.091545,0.5056784
0.058333333333333334,41.353928,-6.8018513,-2.930426,70.0,25.0,90.0,41.58287,-7.1442785,-2.6371012,70.961525,25.379196,89.091545,0.5056784
0.0625,41.353928,-6.8018513,-2.930426,70.0,25.0,90.0,41.58287,-7.1442785,-2.6371012,70.961525,25.379196,89.091545,0.5056784
0.06666666666666667,41.353928,-6.8018513,-2.930426,70.0,25.0,90.0,41.58287,-7.1442785,-2.6371012,70.961525,25.379196,89.091545,0.5056784
0.07083333333333333,41.353928,-6.8018513,-2.930426,70.0,25.0,90.0,41.58287,-7.1442785,-2.6371012,70.961525,25.379196,89.091545,0.5056784
0.075,41.353928,-6.8018513,-2.930426,70.0,25.0,90.0,41.58287,-7.1442785,-2.6371012,70.961525,25.379196,89.091545,0.5056784
0.07916666666666666,41.353928,-6.8018513,-2.930426,70.0,25.0,90.0,41.58287,-7.1442785,-2.6371012,70.961525,25.379196,89.091545,0.5056784
0.08333333333333333,41.353928,-6.8018513,-2.930426,70.0,25.0,90.0,41.58287,-7.1442785,-2.6371012,70.961525,25.379196,89.091545,0.5056784
0.0875,41.353928,-6.8018513,-2.930426,70.0,25.0,90.0,41.58287,-7.1442785,-2.6371012,70.961525,25.379196,89.091545,0.5056784
0.09166666666666666,41.353928,-6.8018513,-2.930426,70.0,25.0,90.0,41.58287,-7.1442785,-2.6371012,70.961525,25.379196,89.091545,0.5056784
0.09583333333333334,41.353928,-6.8018513,-2.930426,70.0,25.0,90.0,41.58287,-7.1442785,-2.6371012,70.961525,25.379196,89.091545,0.5056784
0.1,41.353928,-6.8018513,-2.930426,70.0,25.0,90.0,41.58287,-7.1442785,-2.6371012,70.961525,25.379196,89.091545,0.5056784
0.10416666666666667,41.353928,-6.8018513,-2.930426,70.0,25.0,90.0,41.58287,-7.1442785,-2.6371012,70.961525,25.379196,89.091545,0.5056784
0.10833333333333334,41.353928,-6.8018513,-2.930426,70.0,25.0,90.0,41.58287,-7.1442785,-2.6371012,70.961525,25.379196,89.091545,0.5056784
0.1125,41.353928,-6.8018513,-2.930426,70.0,25.0,90.0,41.58287,-7.1442785,-2.6371012,70.961525,25.379196,89.091545,0.5056784
0.11666666666666667,41.353928,-6.8018513,-2.930426,70.0,25.0,90.0,41.58287,-7.1442785,-2.6371012,70.961525,25.379196,89.091545,0.5056784
0.12083333333333333,41.353928,-6.8018513,-2.930426,70.0,25.0,90.0,41.58287,-7.1442785,-2.6371012,70.961525,25.379196,89.091545,0.5056784
0.125,41.353928,-6.8018513,-2.930426,70.0,25.0,90.0,41.58287,-7.1442785,-2.6371012,70.961525,25.379196,89.091545,0.5056784
0.12916666666666668,41.353928,-6.8018513,-2.930426,70.0,25.0,90.0,41.58287,-7.1442785,-2.6371012,70.961525,25.379196,89.091545,0.5056784
0.13333333333333333,41.353928,-6.8018513,-2.930426,70.0,25.0,90.0,41.58287,-7.1442785,-2.6371012,70.961525,25.379196,89.091545,0.5056784
0.1375,41.353928,-6.8018513,-2.930426,70.0,25.0,90.0,41.58287,-7.1442785,-2.6371012,70.961525,25.379196,89.091545,0.5056784
0.14166666666666666,41.353928,-6.8018513,-2.930426,70.0,25.0,90.0,41.58287,-7.1442785,-2.6371012,70.961525,25.379196,89.091545,0.5056784
0.14583333333333334,41.353928,-6.8018513,-2.930426,70.0,25.0,90.0,41.58287,-7.1442785,-2.6371012,70.961525,25.379196,89.091545,0.5056784
0.15,41.353928,-6.8018513,-2.930426,70.0,25.0,90.0,41.58287,-7.1442785,-2.6371012,70.961525,25.379196,89.091545,0.5056784
0.15416666666666667,41.353928,-6.8018513,-2.930426,70.0,25.0,90.0,41.58287,-7.1442785,-2.6371012,70.961525,25.379196,89.091545,0.5056784
0.15833333333333333,41.353928,-6.8018513,-2.930426,70.0,25.0,90.0,41.58287,-7.1442785,-2.6371012,70.961525,25.379196,89.091545,0.5056784
0.1625,41.353928,-6.8018513,-2.930426,70.0,25.0,90.0,41.58287,-7.1442785,-2.6371012,70.961525,25.379196,89.091545,0.5056784
0.16666666666666666,41.353928,-6.8018513,-2.930426,70.0,25.0,90.0,41.58287,-7.1442785,-2.6371012,70.961525,25.379196,89.091545,0.5056784
0.17083333333333334,41.353928,-6.8018513,-2.930426,70.0,25.0,90.0,41.58287,-7.1442785,-2.6371012,70.961525,25.379196,89.091545,0.5056784
0.175,41.353928,-6.8018513,-2.930426,70.0,25.0,90.0,41.58287,-7.1442785,-2.6371012,70.961525,25.379196,89.091545,0.5056784
0.17916666666666667,41.353928,-6.8018513,-2.930426,70.0,25.0,90.0,41.58287,-7.1442785,-2.6371012,70.961525,25.379196,89.091545,0.5056784
0.18333333333333332,41.353928,-6.8018513,-2.930426,70.0,25.0,90.0,41.58287,-7.1442785,-2.6371012,70.961525,25.379196,89.091545,0.5056784
0.1875,41.353928,-6.8018513,-2.930426,70.0,25.0,90.0,41.58287,-7.1442785,-2.6371012,70.961525,25.379196,89.091545,0.5056784
0.19166666666666668,41.353928,-6.8018513,-2.930426,70.0,25.0,90.0,41.58287,-7.1442785,-2.6371012,70.961525,25.379196,89.091545,0.5056784
0.19583333333333333,41.353928,-6.8018513,-2.930426,70.0,25.0,90.0,41.58287,-7.1442785,-2.6371012,70.961525,25.379196,89.091545,0.5056784
0.2,41.353928,-6.8018513,-2.930426,70.0,25.0,90.0,41.58287,-7.1442785,-2.6371012,70.961525,25.379196,89.091545,0.5056784
0.20416666666666666,41.353928,-6.8018513,-2.930426,70.0,25.0,90.0,41.58287,-7.1442785,-2.6371012,70.961525,25.379196,89.091545,0.5056784
0.20833333333333334,41.353928,-6.8018513,-2.930426,70.0,25.0,90.0,41.58287,-7.1442785,-2.6371012,70.961525,25.379196,89.091545,0.5056784
0.2125,41.353928,-6.8018513,-2.930426,70.0,25.0,90.0,41.58287,-7.1442785,-2.6371012,70.961525,25.379196,89.091545,0.5056784
0.21666666666666667,41.353928,-6.8018513,-2.930426,70.0,25.0,90.0,41.58287,-7.1442785,-2.6371012,70.961525,25.379196,89.091545,0.5056784
0.22083333333333333,41.353928,-6.8018513,-2.930426,70.0,25.0,90.0,41.58287,-7.1442785,-2.6371012,70.961525,25.379196,89.091545,0.5056784
0.225,41.353928,-6.8018513,-2.930426,70.0,25.0,90.0,41.58287,-7.1442785,-2.6371012,70.961525,25.379196,89.091545,0.5056784
0.22916666666666666,41.353928,-6.8018513,-2.930426,70.0,25.0,90.0,41.58287,-7.1442785,-2.6371012,70.961525,25.379196,89.091545,0.5056784
0.23333333333333334,41.353928,-6.8018513,-2.930426,70.0,25.0,90.0,41.58287,-7.1442785,-2.6371012,70.961525,25.379196,89.091545,0.5056784
0.2375,41.353928,-6.8018513,-2.930426,70.0,25.0,90.0,41.58287,-7.1442785,-2.6371002,70.96152,25.379196,89.091545,0.50567895
0.24166666666666667,41.353928,-6.8018513,-2.930426,70.0,25.0,90.0,41.58287,-7.1442785,-2.6371021,70.96152,25.379196,89.091545,0.5056779
0.24583333333333332,41.353928,-6.8018513,-2.930426,70.0,25.0,90.0,41.58287,-7.1442776,-2.637103,70.96152,25.379196,89.091545,0.5056766
0.25,41.353928,-6.8018513,-2.930426,70.0,25.0,90.0,41.58287,-7.1442776,-2.6371021,70.96152,25.379196,89.09155,0.5056772
0.25416666666666665,41.353928,-6.8018513,-2.930426,70.0,25.0,90.0,41.58287,-7.1442785,-2.637104,70.96152,25.379196,89.09155,0.50567675
0.25833333333333336,41.353928,-6.8018513,-2.930426,70.0,25.0,90.0,41.58287,-7.1442747,-2.637105,70.96152,25.379192,89.09155,0.5056736
0.2625,41.353928,-6.8018513,-2.930426,70.0,25.0,90.0,41.58287,-7.1442776,-2.637104,70.96152,25.379192,89.09155,0.5056761
0.26666666666666666,41.353928,-6.8018513,-2.930426,70.0,25.0,90.0,41.58287,-7.1442747,-2.6371021,70.96152,25.379192,89.09155,0.50567526
0.2708333333333333,41.353928,-6.8018513,-2.930426,70.0,25.0,90.0,41.58287,-7.144273,-2.637105,70.96152,25.379192,89.09155,0.50567234
0.275,41.353928,-6.8018513,-2.930426,70.0,25.0,90.0,41.58287,-7.144273,-2.637103,70.96152,25.379192,89.09155,0.5056734
0.2791666666666667,41.353928,-6.8018513,-2.930426,70.0,25.0,90.0,41.582867,-7.1442747,-2.637104,70.96152,25.379192,89.09155,0.50567245
0.2833333333333333,41.353928,-6.8018513,-2.930426,70.0,25.0,90.0,41.58287,-7.1442747,-2.637104,70.96152,25.379192,89.09155,0.5056741
0.2875,41.353928,-6.8018513,-2.930426,70.0,25.0,90.0,41.582863,-7.1442747,-2.637107,70.96152,25.379189,89.09155,0.50566906
0.2916666666666667,41.353928,-6.8018513,-2.930426,70.0,25.0,90.0,41.582867,-7.144273,-2.637104,70.96152,25.379192,89.09156,0.50567114
0.29583333333333334,41.353928,-6.8018513,-2.930426,70.0,25.0,90.0,41.582863,-7.1442747,-2.637104,70.96152,25.379192,89.09156,0.50567067
0.3,41.353928,-6.8018513,-2.930426,70.0,25.0,90.0,41.582867,-7.1442747,-2.6371002,70.961525,25.379192,89.09156,0.50567466
0.30416666666666664,41.353928,-6.8018513,-2.930426,70.0,25.0,90.0,41.582867,-7.1442747,-2.6371002,70.96152,25.379189,89.09156,0.50567466
0.30833333333333335,41.353928,-6.8018513,-2.930426,70.0,25.0,90.0,41.582863,-7.1442766,-2.6371002,70.96152,25.379192,89.09156,0.50567424
0.3125,41.353928,-6.8018513,-2.930426,70.0,25.0,90.0,41.582867,-7.1442747,-2.6371002,70.961525,25.379196,89.09156,0.50567466
0.31666666666666665,41.353928,-6.8018513,-2.930426,70.0,25.0,90.0,41.582863,-7.1442738,-2.6371021,70.961525,25.379189,89.09156,0.50567114
0.32083333333333336,41.353928,-6.8018513,-2.930426,70.0,25.0,90.0,41.582863,-7.1442747,-2.6371012,70.961525,25.379189,89.09156,0.5056724
0.325,41.353928,-6.8018513,-2.930426,70.0,25.0,90.0,41.582863,-7.1442747,-2.6371012,70.961525,25.379192,89.09156,0.5056724
0.32916666666666666,41.353928,-6.8018513,-2.930426,70.0,25.0,90.0,41.582863,-7.1442738,-2.6371002,70.96152,25.379192,89.09156,0.5056723
0.3333333333333333,41.353928,-6.8018513,-2.930426,70.0,25.0,90.0,41.582863,-7.1442747,-2.6371002,70.96152,25.379189,89.09156,0.50567293
0.3375,41.353928,-6.8018513,-2.930426,70.0,25.0,90.0,41.582863,-7.1442747,-2.6370993,70.961525,25.379192,89.09156,0.50567347
0.3416666666666667,41.353928,-6.8018513,-2.930426,70.0,25.0,90.0,41.582863,-7.1442747,-2.637103,70.961525,25.379192,89.09156,0.50567126
0.3458333333333333,41.353928,-6.8018513,-2.930426,70.0,25.0,90.0,41.582863,-7.1442738,-2.6371012,70.96152,25.379192,89.09156,0.50567174
0.35,41.353928,-6.8018513,-2.930426,70.0,25.0,90.0,41.582863,-7.1442747,-2.6371012,70.961525,25.379189,89.09156,0.5056724
0.3541666666666667,41.353928,-6.8018513,-2.930426,70.0,25.0,90.0,41.582863,-7.1442738,-2.6371021,70.96152,25.379185,89.09156,0.50567114
0.35833333333333334,41.353928,-6.8018513,-2.930426,70.0,25.0,90.0,41.582863,-7.1442766,-2.6371021,70.961525,25.379192,89.09156,0.5056731
0.3625,41.353928,-6.8018513,-2.930426,70.0,25.0,90.0,41.582867,-7.1442766,-2.6371021,70.96152,25.379189,89.09156,0.50567484
0.36666666666666664,41.353928,-6.8018513,-2.930426,70.0,25.0,90.0,41.582863,-7.1442738,-2.6371002,70.96152,25.379189,89.09156,0.5056723
0.37083333333333335,41.353928,-6.8018513,-2.930426,70.0,25.0,90.0,41.582863,-7.1442747,-2.6371012,70.961525,25.379189,89.09156,0.5056724
0.375,41.353928,-6.8018513,-2.930426,70.0,25.0,90.0,41.582863,-7.1442747,-2.6371002,70.961525,25.379189,89.09155,0.50567293
0.37916666666666665,41.353928,-6.8018513,-2.930426,70.0,25.0,90.0,41.582863,-7.1442747,-2.6371002,70.96152,25.379189,89.09155,0.50567293
0.38333333333333336,41.353928,-6.8018513,-2.930426,70.0,25.0,90.0,41.582863,-7.1442747,-2.6371002,70.961525,25.379189,89.09156,0.50567293
0.3875,41.353928,-6.8018513,-2.930426,70.0,25.0,90.0,41.582863,-7.1442738,-2.6371002,70.961525,25.379192,89.09156,0.5056723
0.39166666666666666,41.353928,-6.8018513,-2.930426,70.0,25.0,90.0,41.582863,-7.1442747,-2.6370993,70.961525,25.379192,89.09156,0.50567347
0.3958333333333333,41.353928,-6.8018513,-2.930426,70.0,25.0,90.0,41.582863,-7.1442766,-2.6370993,70.961525,25.379192,89.09155,0.5056748
0.4,41.353928,-6.8018513,-2.930426,70.0,25.0,90.0,41.582863,-7.1442766,-2.637103,70.961525,25.379192,89.09155,0.5056726
0.4041666666666667,41.353928,-6.8018513,-2.930426,70.0,25.0,90.0,41.582863,-7.1442757,-2.6370993,70.96152,25.379192,89.09155,0.5056741
0.4083333333333333,41.353928,-6.8018513,-2.930426,70.0,25.0,90.0,41.582863,-7.1442785,-2.6370993,70.96153,25.379192,89.09155,0.50567603
0.4125,41.353928,-6.8018513,-2.930426,70.0,25.0,90.0,41.582863,-7.1442757,-2.637103,70.961525,25.379192,89.09155,0.5056719
0.4166666666666667,41.353928,-6.8018513,-2.930426,70.0,25.0,90.0,41.582863,-7.1442776,-2.637105,70.961525,25.379192,89.091545,0.5056721
0.42083333333333334,41.353928,-6.8018513,-2.930426,70.0,25.0,90.0,41.582867,-7.1442785,-2.6371021,70.961525,25.379192,89.091545,0.5056761
0.425,41.353928,-6.8018513,-2.930426,70.0,25.0,90.0,41.582867,-7.1442785,-2.6371021,70.961525,25.379192,89.091545,0.5056761
0.42916666666666664,41.353928,-6.8018513,-2.930426,70.0,25.0,90.0,41.58287,-7.1442785,-2.6371021,70.961525,25.379189,89.091545,0.5056779
0.43333333333333335,41.353928,-6.8018513,-2.930426,70.0,25.0,90.0,41.58287,-7.1442785,-2.6371021,70.96153,25.379189,89.091545,0.5056779
0.4375,41.353928,-6.8018513,-2.930426,70.0,25.0,90.0,41.58287,-7.1442776,-2.637103,70.961525,25.379185,89.091545,0.5056766
0.44166666666666665,41.353928,-6.8018513,-2.930426,70.0,25.0,90.0,41.58287,-7.1442785,-2.637107,70.96152,25.379192,89.091545,0.5056751
0.44583333333333336,41.353928,-6.8018513,-2.930426,70.0,25.0,90.0,41.58287,-7.1442776,-2.637103,70.96152,25.379189,89.09155,0.5056766
0.45,41.353928,-6.8018513,-2.930426,70.0,25.0,90.0,41.58287,-7.1442776,-2.6371012,70.96152,25.379192,89.091545,0.50567776
0.45416666666666666,41.353928,-6.8018513,-2.930426,70.0,25.0,90.0,41.58287,-7.1442785,-2.6371012,70.96152,25.379189,89.091545,0.5056784
0.4583333333333333,41.353928,-6.8018513,-2.930426,70.0,25.0,90.0,41.58287,-7.1442804,-2.6371012,70.961525,25.379192,89.091545,0.50567967
0.4625,41.353928,-6.8018513,-2.930426,70.0,25.0,90.0,41.582867,-7.1442757,-2.6371012,70.96152,25.379189,89.091545,0.5056747
0.4666666666666667,41.353928,-6.8018513,-2.930426,70.0,25.0,90.0,41.58287,-7.1442785,-2.6371002,70.96152,25.379192,89.091545,0.50567895
0.4708333333333333,41.353928,-6.8018513,-2.930426,70.0,25.0,90.0,41.58287,-7.1442785,-2.6371012,70.96152,25.379192,89.091545,0.5056784
0.475,41.353928,-6.8018513,-2.930426,70.0,25.0,90.0,41.58287,-7.1442776,-2.6370983,70.96152,25.379192,89.091545,0.5056794
0.4791666666666667,41.353928,-6.8018513,-2.930426,70.0,25.0,90.0,41.58287,-7.1442785,-2.6371002,70.96152,25.379192,89.091545,0.50567895
0.48333333333333334,41.353928,-6.8018513,-2.930426,70.0,25.0,90.0,41.58287,-7.1442785,-2.6371002,70.96152,25.379192,89.091545,0.50567895
0.4875,41.353928,-6.8018513,-2.930426,70.0,25.0,90.0,41.58287,-7.1442785,-2.6371002,70.96152,25.379192,89.091545,0.50567895
0.49166666666666664,41.353928,-6.8018513,-2.930426,70.0,25.0,90.0,41.58287,-7.1442785,-2.6371002,70.96152,25.379192,89.091545,0.50567895
0.49583333333333335,41.353928,-6.8018513,-2.930426,70.0,25.0,90.0,41.58287,-7.1442785,-2.6371002,70.96152,25.379192,89.091545,0.50567895
0.5,41.353928,-6.8018513,-2.930426,70.0,25.0,90.0,41.58287,-7.1442785,-2.6371002,70.96152,25.379192,89.091545,0.50567895
0.5041666666666667,41.353928,-6.8018513,-2.930426,70.0,25.0,90.0,41.58287,-7.1442785,-2.6371002,70.96152,25.379192,89.091545,0.50567895
0.5083333333333333,41.353928,-6.8018513,-2.930426,70.0,25.0,90.0,41.58287,-7.1442785,-2.6371002,70.96152,25.379192,89.091545,0.50567895
0.5125,41.353928,-6.8018513,-2.930426,70.0,25.0,90.0,41.58287,-7.1442785,-2.6371002,70.96152,25.379192,89.091545,0.50567895
0.5166666666666667,41.353928,-6.8018513,-2.930426,70.0,25.0,90.0,41.58287,-7.1442785,-2.6371002,70.96152,25.379192,89.091545,0.50567895
0.5208333333333334,41.353928,-6.8018513,-2.930426,70.0,25.0,90.0,41.58287,-7.1442785,-2.6371002,70.96152,25.379192,89.091545,0.50567895
0.525,41.353928,-6.8018513,-2.930426,70.0,25.0,90.0,41.58287,-7.1442785,-2.6371002,70.96152,25.379192,89.091545,0.50567895
0.5291666666666667,41.353928,-6.8018513,-2.930426,70.0,25.0,90.0,41.58287,-7.1442785,-2.6371002,70.96152,25.379192,89.091545,0.50567895
0.5333333333333333,41.353928,-6.8018513,-2.930426,70.0,25.0,90.0,41.58287,-7.1442785,-2.6371002,70.96152,25.379192,89.091545,0.50567895
0.5375,41.353928,-6.8018513,-2.930426,70.0,25.0,90.0,41.58287,-7.1442785,-2.6371002,70.96152,25.379192,89.091545,0.50567895
0.5416666666666666,41.353928,-6.8018513,-2.930426,70.0,25.0,90.0,41.58287,-7.1442785,-2.6371002,70.96152,25.379192,89.091545,0.50567895
0.5458333333333333,41.353928,-6.8018513,-2.930426,70.0,25.0,90.0,41.58287,-7.1442785,-2.6371002,70.96152,25.379192,89.091545,0.50567895
0.55,41.353928,-6.8018513,-2.930426,70.0,25.0,90.0,41.58287,-7.1442785,-2.6371002,70.96152,25.379192,89.091545,0.50567895
0.5541666666666667,41.353928,-6.8018513,-2.930426,70.0,25.0,90.0,41.58287,-7.1442785,-2.6371002,70.96152,25.379192,89.091545,0.50567895
0.5583333333333333,41.353928,-6.8018513,-2.930426,70.0,25.0,90.0,41.58287,-7.1442785,-2.6371002,70.96152,25.379192,89.091545,0.50567895
0.5625,41.353928,-6.8018513,-2.930426,70.0,25.0,90.0,41.58287,-7.1442785,-2.6371002,70.96152,25.379192,89.091545,0.50567895
0.5666666666666667,41.353928,-6.8018513,-2.930426,70.0,25.0,90.0,41.58287,-7.1442785,-2.6371002,70.96152,25.379192,89.091545,0.50567895
0.5708333333333333,41.353928,-6.8018513,-2.930426,70.0,25.0,90.0,41.58287,-7.1442785,-2.6371002,70.96152,25.379192,89.091545,0.50567895
0.575,41.353928,-6.8018513,-2.930426,70.0,25.0,90.0,41.58287,-7.1442785,-2.6371002,70.96152,25.379192,89.091545,0.50567895
0.5791666666666667,41.353928,-6.8018513,-2.930426,70.0,25.0,90.0,41.58287,-7.1442785,-2.6371002,70.96152,25.379192,89.091545,0.50567895
0.5833333333333334,41.353928,-6.8018513,-2.930426,70.0,25.0,90.0,41.58287,-7.1442785,-2.6371002,70.96152,25.379192,89.091545,0.50567895
0.5875,41.353928,-6.8018513,-2.930426,70.0,25.0,90.0,41.58287,-7.1442785,-2.6371002,70.96152,25.379192,89.091545,0.50567895
0.5916666666666667,41.353928,-6.8018513,-2.930426,70.0,25.0,90.0,41.58287,-7.1442785,-2.6371002,70.96152,25.379192,89.091545,0.50567895
0.5958333333333333,41.353928,-6.8018513,-2.930426,70.0,25.0,90.0,41.58287,-7.1442785,-2.6371002,70.96152,25.379192,89.091545,0.50567895
0.6,41.353928,-6.8018513,-2.930426,70.0,25.0,90.0,41.58287,-7.1442785,-2.6371002,70.96152,25.379192,89.091545,0.50567895
0.6041666666666666,41.353928,-6.8018513,-2.930426,70.0,25.0,90.0,41.58287,-7.1442785,-2.6371002,70.96152,25.379192,89.091545,0.50567895
0.6083333333333333,41.353928,-6.8018513,-2.930426,70.0,25.0,90.0,41.58287,-7.1442785,-2.6371002,70.96152,25.379192,89.091545,0.50567895
0.6125,41.353928,-6.8018513,-2.930426,70.0,25.0,90.0,41.58287,-7.1442785,-2.6371002,70.96152,25.379192,89.091545,0.50567895
0.6166666666666667,41.353928,-6.8018513,-2.930426,70.0,25.0,90.0,41.58287,-7.1442785,-2.6371002,70.96152,25.379192,89.091545,0.50567895
0.6208333333333333,41.353928,-6.8018513,-2.930426,70.0,25.0,90.0,41.58287,-7.1442785,-2.6371002,70.96152,25.379192,89.091545,0.50567895
0.625,41.353928,-6.8018513,-2.930426,70.0,25.0,90.0,41.58287,-7.1442785,-2.6371002,70.96152,25.379192,89.091545,0.50567895
0.6291666666666667,41.353928,-6.8018513,-2.930426,70.0,25.0,90.0,41.58287,-7.1442785,-2.6371002,70.96152,25.379192,89.091545,0.50567895
0.6333333333333333,41.353928,-6.8018513,-2.930426,70.0,25.0,90.0,41.58287,-7.1442785,-2.6371002,70.96152,25.379192,89.091545,0.50567895
0.6375,41.353928,-6.8018513,-2.930426,70.0,25.0,90.0,41.58287,-7.1442776,-2.6370993,70.96152,25.379196,89.091545,0.50567883
0.6416666666666667,41.353928,-6.8018513,-2.930426,70.0,25.0,90.0,41.58287,-7.1442776,-2.6371002,70.961525,25.379192,89.09155,0.5056783
0.6458333333333334,41.353928,-6.8018513,-2.930426,70.0,25.0,90.0,41.58287,-7.1442776,-2.6371021,70.96152,25.379192,89.091545,0.5056772
0.65,41.353928,-6.8018513,-2.930426,70.0,25.0,90.0,41.58287,-7.1442757,-2.6371021,70.96152,25.379192,89.09155,0.5056759
0.6541666666666667,41.353928,-6.8018513,-2.930426,70.0,25.0,90.0,41.58287,-7.1442757,-2.637104,70.96152,25.379192,89.09155,0.5056748
0.6583333333333333,41.353928,-6.8018513,-2.930426,70.0,25.0,90.0,41.58287,-7.1442747,-2.637105,70.96152,25.379192,89.09155,0.5056736
0.6625,41.353928,-6.8018513,-2.930426,70.0,25.0,90.0,41.58287,-7.1442757,-2.6371021,70.96152,25.379189,89.09155,0.5056759
0.6666666666666666,41.353928,-6.8018513,-2.930426,70.0,25.0,90.0,41.58287,-7.1442747,-2.637103,70.96152,25.379192,89.09155,0.5056747
0.6708333333333333,41.353928,-6.8018513,-2.930426,70.0,25.0,90.0,41.58287,-7.1442747,-2.637105,70.96152,25.379192,89.09155,0.5056736
0.675,41.353928,-6.8018513,-2.930426,70.0,25.0,90.0,41.582867,-7.1442747,-2.637104,70.96152,25.379196,89.09155,0.50567245
0.6791666666666667,41.353928,-6.8018513,-2.930426,70.0,25.0,90.0,41.582867,-7.144273,-2.637103,70.96152,25.379192,89.09155,0.5056717
0.6833333333333333,41.353928,-6.8018513,-2.930426,70.0,25.0,90.0,41.582867,-7.1442766,-2.637104,70.96152,25.379192,89.09155,0.5056737
0.6875,41.353928,-6.8018513,-2.930426,70.0,25.0,90.0,41.582867,-7.1442766,-2.637105,70.96152,25.379189,89.09156,0.50567317
0.6916666666666667,41.353928,-6.8018513,-2.930426,70.0,25.0,90.0,41.582863,-7.1442747,-2.6371021,70.96152,25.379192,89.09156,0.5056718
0.6958333333333333,41.353928,-6.8018513,-2.930426,70.0,25.0,90.0,41.582867,-7.144273,-2.6371021,70.961525,25.379192,89.09156,0.5056723
0.7,41.353928,-6.8018513,-2.930426,70.0,25.0,90.0,41.582863,-7.1442747,-2.6370993,70.961525,25.379192,89.09156,0.50567347
0.7041666666666667,41.353928,-6.8018513,-2.930426,70.0,25.0,90.0,41.582863,-7.1442747,-2.6371002,70.96152,25.379189,89.09156,0.50567293
0.7083333333333334,41.353928,-6.8018513,-2.930426,70.0,25.0,90.0,41.582863,-7.1442738,-2.6370993,70.961525,25.379192,89.09156,0.5056728
0.7125,41.353928,-6.8018513,-2.930426,70.0,25.0,90.0,41.582863,-7.1442747,-2.6371012,70.96152,25.379192,89.09156,0.5056724
0.7166666666666667,41.353928,-6.8018513,-2.930426,70.0,25.0,90.0,41.582863,-7.1442766,-2.6370983,70.96152,25.379192,89.09156,0.5056753
0.7208333333333333,41.353928,-6.8018513,-2.930426,70.0,25.0,90.0,41.582863,-7.1442747,-2.6371012,70.96152,25.379192,89.09156,0.5056724
0.725,41.353928,-6.8018513,-2.930426,70.0,25.0,90.0,41.582863,-7.1442738,-2.6371002,70.961525,25.379189,89.09156,0.5056723
0.7291666666666666,41.353928,-6.8018513,-2.930426,70.0,25.0,90.0,41.582863,-7.1442747,-2.6371002,70.96152,25.379192,89.09156,0.50567293
0.7333333333333333,41.353928,-6.8018513,-2.930426,70.0,25.0,90.0,41.582863,-7.1442738,-2.6370993,70.96152,25.379189,89.09156,0.5056728
0.7375,41.353928,-6.8018513,-2.930426,70.0,25.0,90.0,41.582863,-7.1442747,-2.6371002,70.961525,25.379189,89.09156,0.50567293
0.7416666666666667,41.353928,-6.8018513,-2.930426,70.0,25.0,90.0,41.582863,-7.1442738,-2.6371012,70.961525,25.379192,89.09156,0.50567174
0.7458333333333333,41.353928,-6.8018513,-2.930426,70.0,25.0,90.0,41.582863,-7.1442738,-2.6371002,70.961525,25.379192,89.09156,0.5056723
0.75,41.353928,-6.8018513,-2.930426,70.0,25.0,90.0,41.582863,-7.1442738,-2.6371012,70.96152,25.379192,89.09156,0.50567174
0.7541666666666667,41.353928,-6.8018513,-2.930426,70.0,25.0,90.0,41.582863,-7.144271,-2.6371002,70.961525,25.379192,89.09156,0.50567037
0.7583333333333333,41.353928,-6.8018513,-2.930426,70.0,25.0,90.0,41.582863,-7.1442738,-2.6371012,70.96152,25.379196,89.09156,0.50567174
0.7625,41.353928,-6.8018513,-2.930426,70.0,25.0,90.0,41.582863,-7.144273,-2.6370993,70.961525,25.379196,89.09156,0.50567216
0.7666666666666667,41.353928,-6.8018513,-2.930426,70.0,25.0,90.0,41.582863,-7.144271,-2.6371002,70.961525,25.379196,89.09156,0.50567037
0.7708333333333334,41.353928,-6.8018513,-2.930426,70.0,25.0,90.0,41.582863,-7.144272,-2.6371021,70.961525,25.379192,89.09156,0.5056699
0.775,41.353928,-6.8018513,-2.930426,70.0,25.0,90.0,41.58286,-7.1442747,-2.6371012,70.961525,25.379196,89.09156,0.50567067
0.7791666666666667,41.353928,-6.8018513,-2.930426,70.0,25.0,90.0,41.582863,-7.144273,-2.6371012,70.961525,25.379196,89.09156,0.5056711
0.7833333333333333,41.353928,-6.8018513,-2.930426,70.0,25.0,90.0,41.582863,-7.1442738,-2.6371002,70.961525,25.379192,89.09156,0.5056723
0.7875,41.353928,-6.8018513,-2.930426,70.0,25.0,90.0,41.582863,-7.144272,-2.6371021,70.961525,25.379192,89.09156,0.5056699
0.7916666666666666,41.353928,-6.8018513,-2.930426,70.0,25.0,90.0,41.582863,-7.1442747,-2.6371021,70.961525,25.379192,89.09155,0.5056718
0.7958333333333333,41.353928,-6.8018513,-2.930426,70.0,25.0,90.0,41.582863,-7.1442757,-2.6371021,70.96152,25.379192,89.09155,0.50567245
0.8,41.353928,-6.8018513,-2.930426,70.0,25.0,90.0,41.582863,-7.1442757,-2.6370993,70.961525,25.379196,89.09155,0.5056741
0.8041666666666667,41.353928,-6.8018513,-2.930426,70.0,25.0,90.0,41.582863,-7.1442776,-2.6371002,70.96153,25.379192,89.09155,0.50567484
0.8083333333333333,41.353928,-6.8018513,-2.930426,70.0,25.0,90.0,41.582863,-7.1442757,-2.6371021,70.961525,25.379192,89.091545,0.50567245
0.8125,41.353928,-6.8018513,-2.930426,70.0,25.0,90.0,41.582863,-7.1442757,-2.6371002,70.96153,25.379192,89.091545,0.5056736
0.8166666666666667,41.353928,-6.8018513,-2.930426,70.0,25.0,90.0,41.58287,-7.1442804,-2.637103,70.961525,25.379192,89.091545,0.5056786
0.8208333333333333,41.353928,-6.8018513,-2.930426,70.0,25.0,90.0,41.582867,-7.1442776,-2.6371002,70.961525,25.379192,89.091545,0.50567657
0.825,41.353928,-6.8018513,-2.930426,70.0,25.0,90.0,41.582867,-7.1442785,-2.637104,70.961525,25.379192,89.091545,0.505675
0.8291666666666667,41.353928,-6.8018513,-2.930426,70.0,25.0,90.0,41.58287,-7.1442776,-2.637103,70.961525,25.379192,89.091545,0.5056766
0.8333333333333334,41.353928,-6.8018513,-2.930426,70.0,25.0,90.0,41.58287,-7.1442804,-2.6371021,70.96152,25.379185,89.091545,0.50567913
0.8375,41.353928,-6.8018513,-2.930426,70.0,25.0,90.0,41.58287,-7.1442785,-2.637104,70.961525,25.379192,89.091545,0.50567675
0.8416666666666667,41.353928,-6.8018513,-2.930426,70.0,25.0,90.0,41.58287,-7.1442814,-2.637103,70.961525,25.379189,89.091545,0.50567925
0.8458333333333333,41.353928,-6.8018513,-2.930426,70.0,25.0,90.0,41.58287,-7.1442814,-2.637103,70.96152,25.379192,89.091545,0.50567925
0.85,41.353928,-6.8018513,-2.930426,70.0,25.0,90.0,41.58287,-7.1442785,-2.637103,70.961525,25.379192,89.091545,0.5056773
0.8541666666666666,41.353928,-6.8018513,-2.930426,70.0,25.0,90.0,41.58287,-7.1442804,-2.637104,70.96152,25.379189,89.091545,0.50567806
0.8583333333333333,41.353928,-6.8018513,-2.930426,70.0,25.0,90.0,41.58287,-7.1442785,-2.6371021,70.96152,25.379189,89.091545,0.5056779
0.8625,41.353928,-6.8018513,-2.930426,70.0,25.0,90.0,41.58287,-7.1442804,-2.6371012,70.961525,25.379189,89.091545,0.50567967
0.8666666666666667,41.353928,-6.8018513,-2.930426,70.0,25.0,90.0,41.58287,-7.1442776,-2.6371021,70.96152,25.379189,89.091545,0.5056772
0.8708333333333333,41.353928,-6.8018513,-2.930426,70.0,25.0,90.0,41.58287,-7.1442757,-2.6371012,70.96152,25.379189,89.09155,0.50567645
0.875,41.353928,-6.8018513,-2.930426,70.0,25.0,90.0,41.58287,-7.1442785,-2.6371012,70.96152,25.379189,89.091545,0.5056784
0.8791666666666667,41.353928,-6.8018513,-2.930426,70.0,25.0,90.0,41.58287,-7.1442785,-2.6371012,70.96152,25.379189,89.091545,0.5056784
0.8833333333333333,41.353928,-6.8018513,-2.930426,70.0,25.0,90.0,41.58287,-7.1442785,-2.6371012,70.96152,25.379189,89.091545,0.5056784
0.8875,41.353928,-6.8018513,-2.930426,70.0,25.0,90.0,41.58287,-7.1442785,-2.6371012,70.96152,25.379189,89.091545,0.5056784
0.8916666666666667,41.353928,-6.8018513,-2.930426,70.0,25.0,90.0,41.58287,-7.1442785,-2.6371012,70.96152,25.379189,89.091545,0.5056784
0.8958333333333334,41.353928,-6.8018513,-2.930426,70.0,25.0,90.0,41.58287,-7.1442785,-2.6371012,70.96152,25.379189,89.091545,0.5056784
0.9,41.353928,-6.8018513,-2.930426,70.0,25.0,90.0,41.58287,-7.1442785,-2.6371012,70.96152,25.379189,89.091545,0.5056784
0.9041666666666667,41.353928,-6.8018513,-2.930426,70.0,25.0,90.0,41.58287,-7.1442785,-2.6371012,70.96152,25.379189,89.091545,0.5056784
0.9083333333333333,41.353928,-6.8018513,-2.930426,70.0,25.0,90.0,41.58287,-7.1442785,-2.6371012,70.96152,25.379189,89.091545,0.5056784
0.9125,41.353928,-6.8018513,-2.930426,70.0,25.0,90.0,41.58287,-7.1442785,-2.6371012,70.96152,25.379189,89.091545,0.5056784
0.9166666666666666,41.353928,-6.8018513,-2.930426,70.0,25.0,90.0,41.58287,-7.1442785,-2.6371012,70.96152,25.379189,89.091545,0.5056784
0.9208333333333333,41.353928,-6.8018513,-2.930426,70.0,25.0,90.0,41.58287,-7.1442785,-2.6371012,70.96152,25.379189,89.091545,0.5056784
0.925,41.353928,-6.8018513,-2.930426,70.0,25.0,90.0,41.58287,-7.1442785,-2.6371012,70.96152,25.379189,89.091545,0.5056784
0.9291666666666667,41.353928,-6.8018513,-2.930426,70.0,25.0,90.0,41.58287,-7.1442785,-2.6371012,70.96152,25.379189,89.091545,0.5056784
0.9333333333333333,41.353928,-6.8018513,-2.930426,70.0,25.0,90.0,41.58287,-7.1442785,-2.6371012,70.96152,25.379189,89.091545,0.5056784
0.9375,41.353928,-6.8018513,-2.930426,70.0,25.0,90.0,41.58287,-7.1442785,-2.6371012,70.96152,25.379189,89.091545,0.5056784
0.9416666666666667,41.353928,-6.8018513,-2.930426,70.0,25.0,90.0,41.58287,-7.1442785,-2.6371012,70.96152,25.379189,89.091545,0.5056784
0.9458333333333333,41.353928,-6.8018513,-2.930426,70.0,25.0,90.0,41.58287,-7.1442785,-2.6371012,70.96152,25.379189,89.091545,0.5056784
0.95,41.353928,-6.8018513,-2.930426,70.0,25.0,90.0,41.58287,-7.1442785,-2.6371012,70.96152,25.379189,89.091545,0.5056784
0.9541666666666667,41.353928,-6.8018513,-2.930426,70.0,25.0,90.0,41.58287,-7.1442785,-2.6371012,70.96152,25.379189,89.091545,0.5056784
0.9583333333333334,41.353928,-6.8018513,-2.930426,70.0,25.0,90.0,41.58287,-7.1442785,-2.6371012,70.96152,25.379189,89.091545,0.5056784
0.9625,41.353928,-6.8018513,-2.930426,70.0,25.0,90.0,41.58287,-7.1442785,-2.6371012,70.96152,25.379189,89.091545,0.5056784
0.9666666666666667,41.353928,-6.8018513,-2.930426,70.0,25.0,90.0,41.58287,-7.1442785,-2.6371012,70.96152,25.379189,89.091545,0.5056784
0.9708333333333333,41.353928,-6.8018513,-2.930426,70.0,25.0,90.0,41.58287,-7.1442785,-2.6371012,70.96152,25.379189,89.091545,0.5056784
0.975,41.353928,-6.8018513,-2.930426,70.0,25.0,90.0,41.58287,-7.1442785,-2.6371012,70.96152,25.379189,89.091545,0.5056784
0.9791666666666666,41.353928,-6.8018513,-2.930426,70.0,25.0,90.0,41.58287,-7.1442785,-2.6371012,70.96152,25.379189,89.091545,0.5056784
0.9833333333333333,41.353928,-6.8018513,-2.930426,70.0,25.0,90.0,41.58287,-7.1442785,-2.6371012,70.96152,25.379189,89.091545,0.5056784
0.9875,41.353928,-6.8018513,-2.930426,70.0,25.0,90.0,41.58287,-7.1442785,-2.6371012,70.96152,25.379189,89.091545,0.5056784
0.9916666666666667,41.353928,-6.8018513,-2.930426,70.0,25.0,90.0,41.58287,-7.1442785,-2.6371012,70.96152,25.379189,89.091545,0.5056784
0.9958333333333333,41.353928,-6.8018513,-2.930426,70.0,25.0,90.0,41.58287,-7.1442785,-2.6371012,70.96152,25.379189,89.091545,0.5056784
1.0,41.353928,-6.8018513,-2.930426,70.0,25.0,90.0,41.58287,-7.1442785,-2.6371012,70.96152,25.379189,89.091545,0.5056784
1.0041666666666667,41.353928,-6.8018513,-2.930426,70.0,25.0,90.0,41.58287,-7.1442785,-2.6371012,70.96152,25.379189,89.091545,0.5056784
1.0083333333333333,41.353928,-6.8018513,-2.930426,70.0,25.0,90.0,41.58287,-7.1442785,-2.6371012,70.96152,25.379189,89.091545,0.5056784
1.0125,41.353928,-6.8018513,-2.930426,70.0,25.0,90.0,41.58287,-7.1442785,-2.6371012,70.96152,25.379189,89.091545,0.5056784
1.0166666666666666,41.353928,-6.8018513,-2.930426,70.0,25.0,90.0,41.58287,-7.1442785,-2.6371012,70.96152,25.379189,89.091545,0.5056784
1.0208333333333333,41.353928,-6.8018513,-2.930426,70.0,25.0,90.0,41.58287,-7.1442785,-2.6371012,70.96152,25.379189,89.091545,0.5056784
1.025,41.353928,-6.8018513,-2.930426,70.0,25.0,90.0,41.58287,-7.1442785,-2.6371012,70.96152,25.379189,89.091545,0.5056784
1.0291666666666666,41.353928,-6.8018513,-2.930426,70.0,25.0,90.0,41.58287,-7.1442776,-2.6371002,70.96152,25.379189,89.09155,0.5056783
1.0333333333333334,41.353928,-6.8018513,-2.930426,70.0,25.0,90.0,41.58287,-7.1442776,-2.6371012,70.96152,25.379189,89.091545,0.50567776
1.0375,41.353928,-6.8018513,-2.930426,70.0,25.0,90.0,41.58287,-7.1442776,-2.6371012,70.96152,25.379192,89.09155,0.50567776
1.0416666666666667,41.353928,-6.8018513,-2.930426,70.0,25.0,90.0,41.582867,-7.1442776,-2.6371021,70.96152,25.379192,89.09155,0.5056755
1.0458333333333334,41.353928,-6.8018513,-2.930426,70.0,25.0,90.0,41.58287,-7.1442776,-2.637103,70.96152,25.379192,89.09155,0.5056766
1.05,41.353928,-6.8018513,-2.930426,70.0,25.0,90.0,41.58287,-7.1442766,-2.6371021,70.96152,25.379189,89.09155,0.50567657
1.0541666666666667,41.353928,-6.8018513,-2.930426,70.0,25.0,90.0,41.58287,-7.1442757,-2.6371012,70.96152,25.379189,89.09155,0.50567645
1.0583333333333333,41.353928,-6.8018513,-2.930426,70.0,25.0,90.0,41.582867,-7.1442776,-2.637103,70.961525,25.379189,89.09155,0.5056749
1.0625,41.353928,-6.8018513,-2.930426,70.0,25.0,90.0,41.582867,-7.1442776,-2.637103,70.96152,25.379192,89.09155,0.5056749
1.0666666666666667,41.353928,-6.8018513,-2.930426,70.0,25.0,90.0,41.582867,-7.1442757,-2.637103,70.96152,25.379192,89.09155,0.50567365
1.0708333333333333,41.353928,-6.8018513,-2.930426,70.0,25.0,90.0,41.58287,-7.1442747,-2.637104,70.96152,25.379196,89.09156,0.5056741
1.075,41.353928,-6.8018513,-2.930426,70.0,25.0,90.0,41.58287,-7.1442747,-2.637107,70.96152,25.379189,89.09156,0.5056725
1.0791666666666666,41.353928,-6.8018513,-2.930426,70.0,25.0,90.0,41.582863,-7.1442738,-2.637105,70.96152,25.379189,89.09155,0.50566953
1.0833333333333333,41.353928,-6.8018513,-2.930426,70.0,25.0,90.0,41.582867,-7.1442747,-2.637104,70.96152,25.379192,89.09156,0.50567245
1.0875,41.353928,-6.8018513,-2.930426,70.0,25.0,90.0,41.582867,-7.1442747,-2.637103,70.96152,25.379192,89.09156,0.505673
1.0916666666666666,41.353928,-6.8018513,-2.930426,70.0,25.0,90.0,41.582867,-7.144273,-2.637103,70.961525,25.379189,89.09156,0.5056717
1.0958333333333334,41.353928,-6.8018513,-2.930426,70.0,25.0,90.0,41.582867,-7.1442738,-2.6371021,70.96152,25.379189,89.09156,0.50567293
1.1,41.353928,-6.8018513,-2.930426,70.0,25.0,90.0,41.582863,-7.1442747,-2.6371002,70.96152,25.379196,89.09156,0.50567293
1.1041666666666667,41.353928,-6.8018513,-2.930426,70.0,25.0,90.0,41.582863,-7.1442747,-2.6371021,70.961525,25.379192,89.09156,0.5056718
1.1083333333333334,41.353928,-6.8018513,-2.930426,70.0,25.0,90.0,41.582863,-7.144272,-2.6371012,70.961525,25.379192,89.09156,0.5056704
1.1125,41.353928,-6.8018513,-2.930426,70.0,25.0,90.0,41.582863,-7.1442757,-2.6371002,70.961525,25.379196,89.09156,0.5056736
1.1166666666666667,41.353928,-6.8018513,-2.930426,70.0,25.0,90.0,41.582863,-7.1442757,-2.6371002,70.96152,25.379192,89.09156,0.5056736
1.1208333333333333,41.353928,-6.8018513,-2.930426,70.0,25.0,90.0,41.582863,-7.144272,-2.6371021,70.961525,25.379196,89.09155,0.5056699
1.125,41.353928,-6.8018513,-2.930426,70.0,25.0,90.0,41.582863,-7.144272,-2.6371002,70.961525,25.379192,89.09156,0.50567096
1.1291666666666667,41.353928,-6.8018513,-2.930426,70.0,25.0,90.0,41.58286,-7.1442738,-2.6370983,70.961525,25.379192,89.09155,0.5056716
1.1333333333333333,41.353928,-6.8018513,-2.930426,70.0,25.0,90.0,41.58286,-7.1442747,-2.6370983,70.961525,25.379192,89.09156,0.5056723
1.1375,41.353928,-6.8018513,-2.930426,70.0,25.0,90.0,41.582863,-7.144273,-2.6371002,70.961525,25.379192,89.09156,0.5056716
1.1416666666666666,41.353928,-6.8018513,-2.930426,70.0,25.0,90.0,41.582863,-7.1442747,-2.6370993,70.961525,25.379192,89.09156,0.50567347
1.1458333333333333,41.353928,-6.8018513,-2.930426,70.0,25.0,90.0,41.582863,-7.1442747,-2.6370993,70.961525,25.379192,89.09156,0.50567347
1.15,41.353928,-6.8018513,-2.930426,70.0,25.0,90.0,41.582863,-7.1442747,-2.6370993,70.961525,25.379192,89.09156,0.50567347
1.1541666666666666,41.353928,-6.8018513,-2.930426,70.0,25.0,90.0,41.582863,-7.1442747,-2.6370993,70.961525,25.379192,89.09156,0.50567347
1.1583333333333334,41.353928,-6.8018513,-2.930426,70.0,25.0,90.0,41.582863,-7.1442747,-2.6370983,70.961525,25.379192,89.09156,0.505674
1.1625,41.353928,-6.8018513,-2.930426,70.0,25.0,90.0,41.582863,-7.144273,-2.6371002,70.961525,25.379192,89.09156,0.5056716
1.1666666666666667,41.353928,-6.8018513,-2.930426,70.0,25.0,90.0,41.582863,-7.144273,-2.6371002,70.961525,25.379192,89.09156,0.5056716
1.1708333333333334,41.353928,-6.8018513,-2.930426,70.0,25.0,90.0,41.582863,-7.1442747,-2.6371012,70.96152,25.379196,89.09156,0.5056724
1.175,41.353928,-6.8018513,-2.930426,70.0,25.0,90.0,41.582863,-7.1442747,-2.6371002,70.961525,25.379192,89.09156,0.50567293
1.1791666666666667,41.353928,-6.8018513,-2.930426,70.0,25.0,90.0,41.582863,-7.1442738,-2.6370993,70.961525,25.379192,89.09156,0.5056728
1.1833333333333333,41.353928,-6.8018513,-2.930426,70.0,25.0,90.0,41.582863,-7.1442747,-2.6371012,70.961525,25.379196,89.09156,0.5056724
1.1875,41.353928,-6.8018513,-2.930426,70.0,25.0,90.0,41.582863,-7.1442766,-2.6371002,70.961525,25.379192,89.09155,0.50567424
1.1916666666666667,41.353928,-6.8018513,-2.930426,70.0,25.0,90.0,41.582863,-7.1442776,-2.6370993,70.96152,25.379192,89.09155,0.50567544
1.1958333333333333,41.353928,-6.8018513,-2.930426,70.0,25.0,90.0,41.582863,-7.1442757,-2.6370993,70.961525,25.379196,89.09155,0.5056741
1.2,41.353928,-6.8018513,-2.930426,70.0,25.0,90.0,41.582863,-7.1442776,-2.6371002,70.96153,25.379192,89.09155,0.50567484
1.2041666666666666,41.353928,-6.8018513,-2.930426,70.0,25.0,90.0,41.582863,-7.1442757,-2.6371021,70.961525,25.379192,89.091545,0.50567245
1.2083333333333333,41.353928,-6.8018513,-2.930426,70.0,25.0,90.0,41.582863,-7.1442757,-2.6371002,70.96153,25.379192,89.091545,0.5056736
1.2125,41.353928,-6.8018513,-2.930426,70.0,25.0,90.0,41.58287,-7.1442804,-2.637103,70.961525,25.379192,89.091545,0.5056786
1.2166666666666666,41.353928,-6.8018513,-2.930426,70.0,25.0,90.0,41.582867,-7.1442776,-2.6371002,70.961525,25.379192,89.091545,0.50567657
1.2208333333333334,41.353928,-6.8018513,-2.930426,70.0,25.0,90.0,41.582867,-7.1442785,-2.637104,70.961525,25.379192,89.091545,0.505675
1.225,41.353928,-6.8018513,-2.930426,70.0,25.0,90.0,41.58287,-7.1442776,-2.637103,70.961525,25.379192,89.091545,0.5056766
1.2291666666666667,41.353928,-6.8018513,-2.930426,70.0,25.0,90.0,41.58287,-7.1442804,-2.6371021,70.96152,25.379185,89.091545,0.50567913
1.2333333333333334,41.353928,-6.8018513,-2.930426,70.0,25.0,90.0,41.58287,-7.1442785,-2.637104,70.961525,25.379192,89.091545,0.50567675
1.2375,41.353928,-6.8018513,-2.930426,70.0,25.0,90.0,41.58287,-7.1442814,-2.637103,70.961525,25.379189,89.091545,0.50567925
1.2416666666666667,41.353928,-6.8018513,-2.930426,70.0,25.0,90.0,41.58287,-7.1442814,-2.637103,70.96152,25.379192,89.091545,0.50567925
1.2458333333333333,41.353928,-6.8018513,-2.930426,70.0,25.0,90.0,41.58287,-7.1442785,-2.637103,70.961525,25.379192,89.091545,0.5056773
1.25,41.353928,-6.8018513,-2.930426,70.0,25.0,90.0,41.58287,-7.1442804,-2.637104,70.96152,25.379189,89.091545,0.50567806
1.2541666666666667,41.353928,-6.8018513,-2.930426,70.0,25.0,90.0,41.58287,-7.1442785,-2.6371021,70.96152,25.379189,89.091545,0.5056779
1.2583333333333333,41.353928,-6.8018513,-2.930426,70.0,25.0,90.0,41.58287,-7.1442804,-2.6371012,70.961525,25.379189,89.091545,0.50567967
1.2625,41.353928,-6.8018513,-2.930426,70.0,25.0,90.0,41.58287,-7.1442776,-2.6371021,70.96152,25.379189,89.091545,0.5056772
1.2666666666666666,41.353928,-6.8018513,-2.930426,70.0,25.0,90.0,41.58287,-7.1442757,-2.6371012,70.96152,25.379189,89.09155,0.50567645
1.2708333333333333,41.353928,-6.8018513,-2.930426,70.0,25.0,90.0,41.58287,-7.1442785,-2.6371012,70.96152,25.379189,89.091545,0.5056784
1.275,41.353928,-6.8018513,-2.930426,70.0,25.0,90.0,41.58287,-7.1442785,-2.6371012,70.96152,25.379189,89.091545,0.5056784
1.2791666666666666,41.353928,-6.8018513,-2.930426,70.0,25.0,90.0,41.58287,-7.1442785,-2.6371012,70.96152,25.379189,89.091545,0.5056784
1.2833333333333334,41.353928,-6.8018513,-2.930426,70.0,25.0,90.0,41.58287,-7.1442785,-2.6371012,70.96152,25.379189,89.091545,0.5056784
1.2875,41.353928,-6.8018513,-2.930426,70.0,25.0,90.0,41.58287,-7.1442785,-2.6371012,70.96152,25.379189,89.091545,0.5056784
1.2916666666666667,41.353928,-6.8018513,-2.930426,70.0,25.0,90.0,41.58287,-7.1442785,-2.6371012,70.96152,25.379189,89.091545,0.5056784
1.2958333333333334,41.353928,-6.8018513,-2.930426,70.0,25.0,90.0,41.58287,-7.1442785,-2.6371012,70.96152,25.379189,89.091545,0.5056784
1.3,41.353928,-6.8018513,-2.930426,70.0,25.0,90.0,41.58287,-7.1442785,-2.6371012,70.96152,25.379189,89.091545,0.5056784
1.3041666666666667,41.353928,-6.8018513,-2.930426,70.0,25.0,90.0,41.58287,-7.1442785,-2.6371012,70.96152,25.379189,89.091545,0.5056784
1.3083333333333333,41.353928,-6.8018513,-2.930426,70.0,25.0,90.0,41.58287,-7.1442785,-2.6371012,70.96152,25.379189,89.091545,0.5056784
1.3125,41.353928,-6.8018513,-2.930426,70.0,25.0,90.0,41.58287,-7.1442785,-2.6371012,70.96152,25.379189,89.091545,0.5056784
1.3166666666666667,41.353928,-6.8018513,-2.930426,70.0,25.0,90.0,41.58287,-7.1442785,-2.6371012,70.96152,25.379189,89.091545,0.5056784
1.3208333333333333,41.353928,-6.8018513,-2.930426,70.0,25.0,90.0,41.58287,-7.1442785,-2.6371012,70.96152,25.379189,89.091545,0.5056784
1.325,41.353928,-6.8018513,-2.930426,70.0,25.0,90.0,41.58287,-7.1442785,-2.6371012,70.96152,25.379189,89.091545,0.5056784
1.3291666666666666,41.353928,-6.8018513,-2.930426,70.0,25.0,90.0,41.58287,-7.1442785,-2.6371012,70.96152,25.379189,89.091545,0.5056784
1.3333333333333333,41.353928,-6.8018513,-2.930426,70.0,25.0,90.0,41.58287,-7.1442785,-2.6371012,70.96152,25.379189,89.091545,0.5056784
1.3375,41.353928,-6.8018513,-2.930426,70.0,25.0,90.0,41.58287,-7.1442785,-2.6371012,70.96152,25.379189,89.091545,0.5056784
1.3416666666666666,41.353928,-6.8018513,-2.930426,70.0,25.0,90.0,41.58287,-7.1442785,-2.6371012,70.96152,25.379189,89.091545,0.5056784
1.3458333333333334,41.353928,-6.8018513,-2.930426,70.0,25.0,90.0,41.58287,-7.1442785,-2.6371012,70.96152,25.379189,89.091545,0.5056784
1.35,41.353928,-6.8018513,-2.930426,70.0,25.0,90.0,41.58287,-7.1442785,-2.6371012,70.96152,25.379189,89.091545,0.5056784
1.3541666666666667,41.353928,-6.8018513,-2.930426,70.0,25.0,90.0,41.58287,-7.1442785,-2.6371012,70.96152,25.379189,89.091545,0.5056784
1.3583333333333334,41.353928,-6.8018513,-2.930426,70.0,25.0,90.0,41.58287,-7.1442785,-2.6371012,70.96152,25.379189,89.091545,0.5056784
1.3625,41.353928,-6.8018513,-2.930426,70.0,25.0,90.0,41.58287,-7.1442785,-2.6371012,70.96152,25.379189,89.091545,0.5056784
1.3666666666666667,41.353928,-6.8018513,-2.930426,70.0,25.0,90.0,41.58287,-7.1442785,-2.6371012,70.96152,25.379189,89.091545,0.5056784
1.3708333333333333,41.353928,-6.8018513,-2.930426,70.0,25.0,90.0,41.58287,-7.1442785,-2.6371012,70.96152,25.379189,89.091545,0.5056784
1.375,41.353928,-6.8018513,-2.930426,70.0,25.0,90.0,41.58287,-7.1442785,-2.6371012,70.96152,25.379189,89.091545,0.5056784
1.3791666666666667,41.353928,-6.8018513,-2.930426,70.0,25.0,90.0,41.58287,-7.1442785,-2.6371012,70.96152,25.379189,89.091545,0.5056784
1.3833333333333333,41.353928,-6.8018513,-2.930426,70.0,25.0,90.0,41.58287,-7.1442785,-2.6371012,70.96152,25.379189,89.091545,0.5056784
1.3875,41.353928,-6.8018513,-2.930426,70.0,25.0,90.0,41.58287,-7.1442785,-2.6371012,70.96152,25.379189,89.091545,0.5056784
1.3916666666666666,41.353928,-6.8018513,-2.930426,70.0,25.0,90.0,41.58287,-7.1442785,-2.6371012,70.96152,25.379189,89.091545,0.5056784
1.3958333333333333,41.353928,-6.8018513,-2.930426,70.0,25.0,90.0,41.58287,-7.1442785,-2.6371012,70.96152,25.379189,89.091545,0.5056784
1.4,41.353928,-6.8018513,-2.930426,70.0,25.0,90.0,41.58287,-7.1442785,-2.6371012,70.96152,25.379189,89.091545,0.5056784
1.4041666666666666,41.353928,-6.8018513,-2.930426,70.0,25.0,90.0,41.58287,-7.1442785,-2.6371012,70.96152,25.379189,89.091545,0.5056784
1.4083333333333334,41.353928,-6.8018513,-2.930426,70.0,25.0,90.0,41.58287,-7.1442785,-2.6371012,70.96152,25.379189,89.091545,0.5056784
1.4125,41.353928,-6.8018513,-2.930426,70.0,25.0,90.0,41.58287,-7.1442785,-2.6371012,70.96152,25.379189,89.091545,0.5056784
1.4166666666666667,41.353928,-6.8018513,-2.930426,70.0,25.0,90.0,41.58287,-7.1442785,-2.6371012,70.96152,25.379189,89.091545,0.5056784
1.4208333333333334,41.353928,-6.8018513,-2.930426,70.0,25.0,90.0,41.58287,-7.1442776,-2.6371002,70.96152,25.379189,89.09155,0.5056783
1.425,41.353928,-6.8018513,-2.930426,70.0,25.0,90.0,41.58287,-7.1442776,-2.6371012,70.96152,25.379189,89.091545,0.50567776
1.4291666666666667,41.353928,-6.8018513,-2.930426,70.0,25.0,90.0,41.58287,-7.1442776,-2.6371012,70.96152,25.379192,89.09155,0.50567776
1.4333333333333333,41.353928,-6.8018513,-2.930426,70.0,25.0,90.0,41.582867,-7.1442776,-2.6371021,70.96152,25.379192,89.09155,0.5056755
1.4375,41.353928,-6.8018513,-2.930426,70.0,25.0,90.0,41.58287,-7.1442776,-2.637103,70.96152,25.379192,89.09155,0.5056766
1.4416666666666667,41.353928,-6.8018513,-2.930426,70.0,25.0,90.0,41.58287,-7.1442766,-2.6371021,70.96152,25.379189,89.09155,0.50567657
1.4458333333333333,41.353928,-6.8018513,-2.930426,70.0,25.0,90.0,41.58287,-7.1442757,-2.6371012,70.96152,25.379189,89.09155,0.50567645
1.45,41.353928,-6.8018513,-2.930426,70.0,25.0,90.0,41.582867,-7.1442776,-2.637103,70.961525,25.379189,89.09155,0.5056749
1.4541666666666666,41.353928,-6.8018513,-2.930426,70.0,25.0,90.0,41.582867,-7.1442776,-2.637103,70.96152,25.379192,89.09155,0.5056749
1.4583333333333333,41.353928,-6.8018513,-2.930426,70.0,25.0,90.0,41.582867,-7.1442757,-2.637103,70.96152,25.379192,89.09155,0.50567365
1.4625,41.353928,-6.8018513,-2.930426,70.0,25.0,90.0,41.58287,-7.1442747,-2.637104,70.96152,25.379196,89.09156,0.5056741
1.4666666666666666,41.353928,-6.8018513,-2.930426,70.0,25.0,90.0,41.58287,-7.1442747,-2.637107,70.96152,25.379189,89.09156,0.5056725
1.4708333333333334,41.353928,-6.8018513,-2.930426,70.0,25.0,90.0,41.582863,-7.1442738,-2.637105,70.96152,25.379189,89.09155,0.50566953
1.475,41.353928,-6.8018513,-2.930426,70.0,25.0,90.0,41.582867,-7.1442747,-2.637104,70.96152,25.379192,89.09156,0.50567245
1.4791666666666667,41.353928,-6.8018513,-2.930426,70.0,25.0,90.0,41.582867,-7.1442747,-2.637103,70.96152,25.379192,89.09156,0.505673
1.4833333333333334,41.353928,-6.8018513,-2.930426,70.0,25.0,90.0,41.582867,-7.144273,-2.637103,70.961525,25.379189,89.09156,0.5056717
1.4875,41.353928,-6.8018513,-2.930426,70.0,25.0,90.0,41.582867,-7.1442738,-2.6371021,70.96152,25.379189,89.09156,0.50567293
1.4916666666666667,41.353928,-6.8018513,-2.930426,70.0,25.0,90.0,41.582863,-7.1442747,-2.6371002,70.96152,25.379196,89.09156,0.50567293
1.4958333333333333,41.353928,-6.8018513,-2.930426,70.0,25.0,90.0,41.582863,-7.1442747,-2.6371021,70.961525,25.379192,89.09156,0.5056718
1.5,41.353928,-6.8018513,-2.930426,70.0,25.0,90.0,41.582863,-7.1442738,-2.6371002,70.96152,25.379192,89.09156,0.5056723
1.5041666666666667,41.353928,-6.8018513,-2.930426,70.0,25.0,90.0,41.582863,-7.1442757,-2.6371002,70.961525,25.379192,89.09156,0.5056736
1.5083333333333333,41.353928,-6.8018513,-2.930426,70.0,25.0,90.0,41.582863,-7.1442766,-2.6370993,70.961525,25.3792,89.09156,0.5056748
1.5125,41.353928,-6.8018513,-2.930426,70.0,25.0,90.0,41.582863,-7.144272,-2.6371021,70.96152,25.379196,89.09156,0.5056699
1.5166666666666666,41.353928,-6.8018513,-2.930426,70.0,25.0,90.0,41.582863,-7.1442738,-2.637103,70.96152,25.379192,89.09156,0.5056706
1.5208333333333333,41.353928,-6.8018513,-2.930426,70.0,25.0,90.0,41.582863,-7.1442738,-2.6371002,70.96152,25.379192,89.09155,0.5056723
1.525,41.353928,-6.8018513,-2.930426,70.0,25.0,90.0,41.582863,-7.144272,-2.6370993,70.961525,25.379196,89.09156,0.5056715
1.5291666666666666,41.353928,-6.8018513,-2.930426,70.0,25.0,90.0,41.582863,-7.1442738,-2.6371002,70.961525,25.379196,89.09156,0.5056723
1.5333333333333334,41.353928,-6.8018513,-2.930426,70.0,25.0,90.0,41.582863,-7.1442747,-2.6370993,70.96153,25.379196,89.09156,0.50567347
1.5375,41.353928,-6.8018513,-2.930426,70.0,25.0,90.0,41.582863,-7.1442804,-2.6370926,70.96153,25.379189,89.09156,0.5056812
1.5416666666666667,41.353928,-6.8018513,-2.930426,70.0,25.0,90.0,41.58286,-7.144266,-2.6370726,70.96154,25.379177,89.09155,0.5056814
1.5458333333333334,41.353928,-6.8018513,-2.930426,70.0,25.0,90.0,41.582855,-7.14423,-2.6370335,70.961555,25.379166,89.09154,0.5056779
1.55,41.353928,-6.8018513,-2.930426,70.0,25.0,90.0,41.582867,-7.144099,-2.636981,70.96154,25.379173,89.091484,0.505625
1.5541666666666667,41.353928,-6.8018513,-2.930426,70.0,25.0,90.0,41.582924,-7.14384,-2.636897,70.96152,25.379261,89.091385,0.5055241
1.5583333333333333,41.353928,-6.8018513,-2.930426,70.0,25.0,90.0,41.583065,-7.143449,-2.6367607,70.96156,25.37944,89.09122,0.50540286
1.5625,41.353928,-6.8018513,-2.930426,70.0,25.0,90.0,41.583267,-7.1428967,-2.6365395,70.961784,25.379757,89.09097,0.5052503
1.5666666666666667,41.353928,-6.8018513,-2.930426,70.0,25.0,90.0,41.58354,-7.1421175,-2.636201,70.962234,25.380367,89.09064,0.5050467
1.5708333333333333,41.353928,-6.8018513,-2.930426,70.0,25.0,90.0,41.58388,-7.1410522,-2.6357336,70.96293,25.381302,89.090195,0.5047569
1.575,41.353928,-6.8018513,-2.930426,70.0,25.0,90.0,41.584324,-7.139678,-2.6351337,70.964,25.382664,89.089615,0.50438756
1.5791666666666666,41.353928,-6.8018513,-2.930426,70.0,25.0,90.0,41.5849,-7.1380577,-2.6343288,70.96563,25.384354,89.088905,0.5040401
1.5833333333333333,41.353928,-6.8018513,-2.930426,70.0,25.0,90.0,41.585712,-7.136224,-2.6333408,70.96802,25.386387,89.08807,0.50377446
1.5875,41.353928,-6.8018513,-2.930426,70.0,25.0,90.0,41.586693,-7.1342306,-2.6323204,70.97117,25.388775,89.08711,0.5035102
1.5916666666666666,41.353928,-6.8018513,-2.930426,70.0,25.0,90.0,41.58776,-7.132102,-2.631384,70.975044,25.391384,89.086075,0.5031597
1.5958333333333334,41.353928,-6.8018513,-2.930426,70.0,25.0,90.0,41.589046,-7.129884,-2.6309204,70.97968,25.394173,89.085144,0.5025831
1.6,41.353928,-6.8018513,-2.930426,70.0,25.0,90.0,41.59052,-7.127737,-2.6311464,70.98523,25.396679,89.08462,0.5017422
1.6041666666666667,41.353928,-6.8018513,-2.930426,70.0,25.0,90.0,41.59211,-7.1257505,-2.6323538,70.991264,25.399796,89.08401,0.50048816
1.6083333333333334,41.353928,-6.8018513,-2.930426,70.0,25.0,90.0,41.593777,-7.123703,-2.6353226,70.9972,25.404507,89.08316,0.49819884
1.6125,41.353928,-6.8018513,-2.930426,70.0,25.0,90.0,41.595467,-7.121599,-2.6399164,71.00296,25.410366,89.08249,0.4949501
1.6166666666666667,41.353928,-6.8018513,-2.930426,70.0,25.0,90.0,41.596977,-7.1191072,-2.646017,71.00806,25.417053,89.08214,0.490523
1.6208333333333333,41.353928,-6.8018513,-2.930426,70.0,25.0,90.0,41.59741,-7.116972,-2.6529436,71.01188,25.42345,89.083565,0.48536614
1.625,41.353928,-6.8018513,-2.930426,70.0,25.0,90.0,41.59622,-7.115239,-2.6598625,71.01555,25.428566,89.08788,0.47970948
1.6291666666666667,41.353928,-6.8018513,-2.930426,70.0,25.0,90.0,41.594334,-7.1132,-2.6684828,71.01847,25.435497,89.0924,0.47259644
1.6333333333333333,41.353928,-6.8018513,-2.930426,70.0,25.0,90.0,41.591824,-7.110917,-2.6790247,71.02054,25.445019,89.097,0.4640245
1.6375,41.353928,-6.8018513,-2.930426,70.0,25.0,90.0,41.5902,-7.110408,-2.692585,71.01881,25.450901,89.102295,0.45563075
1.6416666666666666,41.353928,-6.8018513,-2.930426,70.0,25.0,90.0,41.587746,-7.111676,-2.7076368,71.014755,25.45617,89.108765,0.44754592
1.6458333333333333,41.353928,-6.8018513,-2.930426,70.0,25.0,90.0,41.583813,-7.113948,-2.727417,71.00833,25.467258,89.116,0.43756607
1.65,41.353928,-6.8018513,-2.930426,70.0,25.0,90.0,41.57863,-7.115423,-2.7522802,70.9993,25.487385,89.12243,0.42491615
1.6541666666666666,41.353928,-6.801874,-2.9304242,70.00003,25.0,89.99999,41.573013,-7.11689,-2.7828674,70.98253,25.510593,89.129425,0.411104
1.6583333333333334,41.353928,-6.802038,-2.930428,70.00022,25.0,89.999916,41.568913,-7.119132,-2.816495,70.96009,25.534046,89.13759,0.39968455
1.6625,41.353928,-6.802468,-2.9304276,70.00074,25.0,89.999725,41.565674,-7.1220837,-2.8540783,70.93248,25.560204,89.14716,0.39092195
1.6666666666666667,41.35393,-6.8032985,-2.9304276,70.00174,25.0,89.99934,41.561417,-7.1262884,-2.8955088,70.90177,25.591972,89.15598,0.38547623
1.6708333333333334,41.353928,-6.804633,-2.9304268,70.00335,25.0,89.99874,41.5568,-7.1320496,-2.9439774,70.86573,25.635235,89.164986,0.38541234
1.675,41.353928,-6.806597,-2.9304268,70.005714,25.0,89.99785,41.55281,-7.1408243,-2.9919634,70.831894,25.678253,89.17304,0.3937626
1.6791666666666667,41.353928,-6.809293,-2.9304287,70.00896,25.0,89.99662,41.549145,-7.1534367,-3.0388613,70.80177,25.719799,89.182396,0.41024667
1.6833333333333333,41.353928,-6.812813,-2.9304264,70.0132,25.0,89.99502,41.544823,-7.170493,-3.0784616,70.77631,25.755398,89.19388,0.43161395
1.6875,41.353928,-6.817251,-2.930424,70.01855,25.0,89.993004,41.538364,-7.1881475,-3.1115046,70.75323,25.783863,89.204124,0.45207435
1.6916666666666667,41.353928,-6.822698,-2.9304254,70.0251,25.0,89.99052,41.53195,-7.2071257,-3.1411486,70.72995,25.806992,89.207886,0.47316113
1.6958333333333333,41.353928,-6.8292265,-2.9304247,70.03296,25.0,89.98754,41.52732,-7.2269955,-3.1629534,70.722946,25.82507,89.205956,0.49229562
1.7,41.353928,-6.8369136,-2.930427,70.042206,25.0,89.98404,41.52282,-7.2528763,-3.1818905,70.726166,25.840042,89.206795,0.51457095
1.7041666666666666,41.353928,-6.8458276,-2.9304252,70.05293,25.0,89.979965,41.518505,-7.2772055,-3.2052517,70.73511,25.847042,89.204544,0.5373102
1.7083333333333333,41.353928,-6.8560333,-2.9304295,70.0652,25.0,89.975296,41.51258,-7.3018923,-3.231433,70.750534,25.855877,89.19828,0.5608602
1.7125,41.353928,-6.8675804,-2.9304283,70.07909,25.0,89.97,41.505127,-7.324667,-3.2615528,70.76593,25.862995,89.18699,0.5843226
1.7166666666666666,41.353928,-6.880522,-2.9304326,70.094635,25.0,89.964066,41.497944,-7.3481655,-3.2994452,70.773926,25.866596,89.16573,0.6128635
1.7208333333333334,41.353928,-6.894909,-2.9304261,70.11193,25.0,89.95744,41.489567,-7.369138,-3.3484092,70.77197,25.864166,89.14112,0.64652985
1.725,41.353928,-6.910775,-2.9304245,70.13099,25.0,89.950134,41.483,-7.3892107,-3.4007478,70.77738,25.864513,89.1101,0.6832018
1.7291666666666667,41.353928,-6.9281588,-2.9304252,70.151855,25.0,89.9421,41.475452,-7.4116135,-3.457717,70.78536,25.874836,89.07916,0.7256262
1.7333333333333334,41.353928,-6.947092,-2.9304273,70.17457,25.0,89.93333,41.465183,-7.433999,-3.519291,70.78275,25.88527,89.05716,0.77215064
1.7375,41.353928,-6.967594,-2.9304247,70.19916,25.0,89.923805,41.45559,-7.458112,-3.581213,70.769226,25.887642,89.04291,0.82126004
1.7416666666666667,41.353928,-6.9896917,-2.9304247,70.22564,25.0,89.913506,41.44577,-7.4771404,-3.6486506,70.74625,25.880268,89.0355,0.872863
1.7458333333333333,41.353928,-7.0134,-2.9304276,70.25403,25.0,89.90242,41.435307,-7.494397,-3.725593,70.71596,25.875263,89.02692,0.9328821
1.75,41.353928,-7.0387273,-2.9304273,70.28434,25.0,89.89053,41.41924,-7.514536,-3.8046021,70.68064,25.875454,89.01683,0.9974172
1.7541666666666667,41.353928,-7.065682,-2.930428,70.316574,25.0,89.877846,41.4103,-7.54228,-3.8813481,70.64784,25.891846,89.00447,1.0651634
1.7583333333333333,41.353928,-7.0942683,-2.930424,70.35074,25.0,89.86433,41.40268,-7.568267,-3.9504967,70.617096,25.9053,88.9904,1.1258773
1.7625,41.353928,-7.124482,-2.9304245,70.38681,25.0,89.84998,41.400402,-7.583953,-4.0135603,70.585594,25.922485,88.976875,1.1774789
1.7666666666666666,41.353928,-7.156322,-2.9304245,70.42479,25.0,89.8348,41.391487,-7.5924683,-4.073656,70.542854,25.94941,88.96131,1.2241784
1.7708333333333333,41.353928,-7.189774,-2.930425,70.46465,25.0,89.81878,41.37879,-7.597413,-4.1287766,70.50563,25.977642,88.941315,1.266031
1.775,41.353928,-7.2248287,-2.9304285,70.50638,25.0,89.8019,41.365253,-7.5998096,-4.182556,70.474335,26.036419,88.91438,1.30712
1.7791666666666666,41.353928,-7.261464,-2.9304261,70.54995,25.0,89.78419,41.349632,-7.608739,-4.234168,70.45596,26.114975,88.88503,1.3492076
1.7833333333333334,41.353928,-7.299665,-2.9304245,70.59533,25.0,89.76561,41.334625,-7.6236544,-4.279781,70.4577,26.19651,88.8455,1.3878417
1.7875,41.353928,-7.3394065,-2.9304266,70.64248,25.0,89.746185,41.320618,-7.6444063,-4.320545,70.47557,26.282894,88.80029,1.4235744
1.7916666666666667,41.353928,-7.3806577,-2.9304278,70.69136,25.0,89.725914,41.307976,-7.667985,-4.3531523,70.50788,26.369926,88.750015,1.4521755
1.7958333333333334,41.353928,-7.423394,-2.9304252,70.74194,25.0,89.70479,41.297943,-7.69361,-4.3825307,70.54924,26.461143,88.694756,1.4780937
1.8,41.353928,-7.467575,-2.9304268,70.79416,25.0,89.68282,41.28807,-7.7247915,-4.4099455,70.59998,26.545586,88.63567,1.5031543
1.8041666666666667,41.353928,-7.5131726,-2.9304268,70.84798,25.0,89.66001,41.27189,-7.76297,-4.432582,70.6528,26.62281,88.57423,1.5249914
1.8083333333333333,41.353928,-7.56014,-2.9304245,70.903336,25.0,89.636375,41.250854,-7.801161,-4.454447,70.71331,26.701576,88.5062,1.546402
1.8125,41.353928,-7.6084385,-2.930424,70.960175,25.0,89.611916,41.229015,-7.839617,-4.4708395,70.78254,26.780777,88.43373,1.5626664
1.8166666666666667,41.353928,-7.6580243,-2.9304316,71.018425,25.0,89.58664,41.20545,-7.8801937,-4.485079,70.860435,26.865791,88.35714,1.5774453
1.8208333333333333,41.353928,-7.708853,-2.930429,71.07806,25.0,89.560555,41.18033,-7.9244003,-4.495534,70.946106,26.95623,88.28027,1.5893869
1.825,41.353928,-7.7608657,-2.930426,71.13898,25.0,89.53369,41.15863,-7.96972,-4.5002866,71.032715,27.04206,88.211555,1.595689
1.8291666666666666,41.353928,-7.8140182,-2.9304235,71.201126,25.0,89.50605,41.142643,-8.014936,-4.500771,71.12403,27.123856,88.14786,1.5971853
1.8333333333333333,41.353928,-7.8682566,-2.9304242,71.26443,25.0,89.477646,41.130695,-8.0609045,-4.4958973,71.2201,27.198887,88.088066,1.5930009
1.8375,41.353928,-7.9235234,-2.9304256,71.32881,25.0,89.4485,41.1189,-8.10907,-4.4902673,71.31901,27.272179,88.03189,1.5883235
1.8416666666666666,41.353928,-7.9797616,-2.9304245,71.39421,25.0,89.41864,41.111122,-8.158892,-4.4848514,71.41683,27.339577,87.97857,1.5834409
1.8458333333333334,41.353928,-8.036911,-2.9304247,71.46054,25.0,89.38808,41.101036,-8.2156725,-4.4781394,71.514626,27.391441,87.92863,1.578395
1.85,41.353928,-8.094911,-2.9304261,71.527725,25.0,89.356834,41.09419,-8.273707,-4.470571,71.60831,27.4352,87.881004,1.5720938
1.8541666666666667,41.353928,-8.153698,-2.930427,71.59569,25.0,89.324936,41.089905,-8.333442,-4.461883,71.69833,27.469368,87.83536,1.5644083
1.8583333333333334,41.353928,-8.21321,-2.9304256,71.66435,25.0,89.29241,41.085884,-8.394201,-4.4484024,71.78171,27.49036,87.79322,1.5520498
1.8625,41.353928,-8.27338,-2.930428,71.73363,25.0,89.25929,41.082016,-8.455691,-4.4333334,71.86043,27.502712,87.75417,1.5381474
1.8666666666666667,41.353928,-8.334146,-2.9304268,71.803444,25.0,89.22559,41.077957,-8.51435,-4.4166775,71.92891,27.50587,87.72271,1.5223582
1.8708333333333333,41.353928,-8.395435,-2.9304268,71.87371,25.0,89.19135,41.07239,-8.573873,-4.3981943,71.993805,27.49628,87.69382,1.5051391
1.875,41.35393,-8.457186,-2.9304256,71.94435,25.0,89.15659,41.066513,-8.634548,-4.378551,72.05602,27.47665,87.66556,1.4869882
1.8791666666666667,41.353928,-8.519316,-2.930423,72.015274,25.0,89.12138,41.060177,-8.695886,-4.3598537,72.11595,27.451004,87.637924,1.4699452
1.8833333333333333,41.353928,-8.581772,-2.9304273,72.086395,25.0,89.08572,41.05347,-8.759134,-4.3420906,72.16978,27.415234,87.611176,1.4541407
1.8875,41.353928,-8.644475,-2.9304254,72.157646,25.0,89.049644,41.04402,-8.824292,-4.324324,72.21882,27.372265,87.58677,1.4392115
1.8916666666666666,41.353928,-8.707352,-2.9304252,72.22893,25.0,89.013214,41.035015,-8.892266,-4.3044477,72.265625,27.323452,87.56474,1.422616
1.8958333333333333,41.35393,-8.770343,-2.9304295,72.30016,25.0,88.97644,41.028156,-8.961262,-4.282179,72.30869,27.27053,87.54445,1.4034978
1.9,41.353928,-8.833364,-2.930428,72.37128,25.0,88.9394,41.022335,-9.030878,-4.260218,72.34862,27.214924,87.52547,1.3846687
1.9041666666666666,41.353928,-8.896348,-2.930424,72.442184,25.0,88.90211,41.017715,-9.100987,-4.238544,72.38688,27.156181,87.50641,1.3660505
1.9083333333333334,41.353928,-8.95923,-2.9304283,72.512794,25.0,88.86461,41.014103,-9.173576,-4.2195497,72.423294,27.096832,87.485275,1.3502811
1.9125,41.353928,-9.021932,-2.9304247,72.583046,25.0,88.82696,41.011635,-9.247143,-4.202187,72.45884,27.036453,87.46308,1.3361378
1.9166666666666667,41.353928,-9.084386,-2.930424,72.65285,25.0,88.78919,41.010014,-9.321197,-4.183863,72.494736,26.97322,87.44158,1.3211608
1.9208333333333334,41.353928,-9.146519,-2.9304235,72.72212,25.0,88.751366,41.010517,-9.393975,-4.1653967,72.52853,26.912033,87.42,1.3054976
1.925,41.353928,-9.208268,-2.9304276,72.790794,25.0,88.71351,41.01055,-9.467649,-4.1493645,72.56303,26.857063,87.3994,1.2926689
1.9291666666666667,41.353928,-9.269557,-2.9304242,72.8588,25.0,88.67569,41.011517,-9.541651,-4.1361346,72.59913,26.807632,87.37515,1.2825825
1.9333333333333333,41.353928,-9.330321,-2.9304268,72.926056,25.0,88.63794,41.013462,-9.616065,-4.1231747,72.643326,26.768158,87.342415,1.2728761
1.9375,41.353928,-9.390493,-2.930425,72.9925,25.0,88.60032,41.014,-9.692179,-4.109332,72.69026,26.72593,87.30745,1.2634821
1.9416666666666667,41.353928,-9.450006,-2.9304264,73.05805,25.0,88.56287,41.01429,-9.766809,-4.0945444,72.73903,26.689804,87.27394,1.2533512
1.9458333333333333,41.353928,-9.508798,-2.9304268,73.12266,25.0,88.52564,41.013176,-9.839615,-4.078709,72.788216,26.655018,87.242905,1.2426198
1.95,41.353928,-9.566792,-2.9304237,73.18624,25.0,88.48869,41.012794,-9.910078,-4.062149,72.84275,26.61953,87.212204,1.2308613
1.9541666666666666,41.353928,-9.623943,-2.9304278,73.24874,25.0,88.45206,41.014565,-9.977669,-4.042859,72.90573,26.591797,87.178955,1.2156448
1.9583333333333333,41.353928,-9.680181,-2.9304266,73.310104,25.0,88.415794,41.016346,-10.045722,-4.026945,72.972,26.576588,87.143745,1.2041324
1.9625,41.353928,-9.735446,-2.9304252,73.37027,25.0,88.37995,41.024353,-10.113507,-4.0183907,73.03909,26.565388,87.10471,1.198006
1.9666666666666666,41.353928,-9.789683,-2.9304266,73.42918,25.0,88.34458,41.032,-10.178843,-4.006791,73.10085,26.54678,87.06465,1.1889668
1.9708333333333334,41.353928,-9.842837,-2.9304261,73.48678,25.0,88.30972,41.039097,-10.242796,-3.9934015,73.1633,26.528778,87.02311,1.1785593
1.975,41.353928,-9.894852,-2.9304242,73.54302,25.0,88.27543,41.04827,-10.305017,-3.9762626,73.22666,26.50766,86.97931,1.1642336
1.9791666666666667,41.35393,-9.94568,-2.930427,73.597855,25.0,88.24174,41.057713,-10.363338,-3.9520178,73.29156,26.474094,86.93415,1.1427301
1.9833333333333334,41.353928,-9.995262,-2.930426,73.65124,25.0,88.20872,41.06839,-10.414745,-3.9243517,73.36247,26.446869,86.88463,1.1159688
1.9875,41.353928,-10.043562,-2.9304268,73.703125,25.0,88.176384,41.083885,-10.462505,-3.8945155,73.439186,26.423134,86.83554,1.0853126
1.9916666666666667,41.353928,-10.090529,-2.9304268,73.75348,25.0,88.14479,41.098904,-10.509762,-3.8640256,73.51709,26.401115,86.78136,1.0547036
1.9958333333333333,41.353928,-10.1361265,-2.9304252,73.80227,25.0,88.11398,41.115597,-10.5619335,-3.8317413,73.600586,26.378864,86.72093,1.0249312
2.0,41.353928,-10.180311,-2.9304264,73.84945,25.0,88.08399,41.13183,-10.609626,-3.7981405,73.68443,26.361763,86.65827,0.9932608
2.004166666666667,41.353928,-10.223044,-2.9304254,73.895,25.0,88.05486,41.145218,-10.64635,-3.7662926,73.76588,26.346107,86.59439,0.9599069
2.0083333333333333,41.353928,-10.2642975,-2.9304273,73.93888,25.0,88.02663,41.162926,-10.682718,-3.7288876,73.86177,26.332699,86.53209,0.9214643
2.0125,41.353928,-10.30404,-2.9304261,73.98109,25.0,87.99931,41.181896,-10.71488,-3.690024,73.953606,26.319736,86.472725,0.8805527
2.0166666666666666,41.353928,-10.342238,-2.9304252,74.02158,25.0,87.97297,41.200783,-10.743172,-3.654048,74.03784,26.302597,86.42473,0.8413268
2.0208333333333335,41.353928,-10.378879,-2.9304278,74.060356,25.0,87.9476,41.223534,-10.777496,-3.6213665,74.12128,26.28629,86.38094,0.8082667
2.025,41.353928,-10.413928,-2.9304252,74.0974,25.0,87.923256,41.249546,-10.814304,-3.585629,74.20495,26.262745,86.3387,0.7749121
2.029166666666667,41.353928,-10.447383,-2.9304252,74.13269,25.0,87.89993,41.277035,-10.849274,-3.54881,74.29175,26.233421,86.30092,0.7415042
2.033333333333333,41.353928,-10.47922,-2.9304268,74.16623,25.0,87.87768,41.3018,-10.877355,-3.5180821,74.366806,26.206978,86.27037,0.7117352
2.0375,41.353928,-10.509437,-2.930428,74.19801,25.0,87.85648,41.321445,-10.909843,-3.4871764,74.43427,26.170692,86.24552,0.68654895
2.0416666666666665,41.35393,-10.538024,-2.9304252,74.22805,25.0,87.83637,41.34202,-10.949194,-3.4626975,74.49323,26.131893,86.22449,0.6726935
2.0458333333333334,41.353928,-10.564976,-2.930424,74.25633,25.0,87.817375,41.36077,-10.993535,-3.4449692,74.55295,26.096596,86.20869,0.66967654
2.05,41.353928,-10.590304,-2.9304252,74.282875,25.0,87.79947,41.378998,-11.03726,-3.428536,74.61029,26.063362,86.19498,0.6697106
2.0541666666666667,41.353928,-10.614011,-2.9304247,74.30769,25.0,87.78268,41.394672,-11.079067,-3.4144583,74.65902,26.020874,86.18776,0.6724776
2.058333333333333,41.353928,-10.636111,-2.9304256,74.3308,25.0,87.76698,41.408543,-11.118335,-3.4018073,74.70227,25.986382,86.18528,0.6765523
2.0625,41.353928,-10.656615,-2.930429,74.35222,25.0,87.752396,41.420853,-11.1533165,-3.386476,74.74206,25.95433,86.1853,0.6776208
2.066666666666667,41.353928,-10.675545,-2.9304276,74.37198,25.0,87.7389,41.428444,-11.183258,-3.3675919,74.773895,25.922798,86.192314,0.67412025
2.0708333333333333,41.353928,-10.692929,-2.9304245,74.390114,25.0,87.72649,41.434143,-11.207983,-3.344211,74.79683,25.888966,86.20442,0.66553307
2.075,41.353928,-10.708795,-2.930425,74.40665,25.0,87.71514,41.441597,-11.223549,-3.31675,74.8145,25.850674,86.219955,0.64954215
2.0791666666666666,41.353928,-10.723179,-2.9304264,74.42162,25.0,87.70484,41.449184,-11.230502,-3.2891927,74.82795,25.819519,86.240036,0.62862074
2.0833333333333335,41.353928,-10.736124,-2.9304254,74.4351,25.0,87.69556,41.454643,-11.23124,-3.2572498,74.84338,25.795391,86.268715,0.6017457
2.0875,41.353928,-10.747669,-2.9304254,74.447105,25.0,87.68727,41.457096,-11.226328,-3.2269688,74.85719,25.778244,86.30416,0.57244724
2.091666666666667,41.353928,-10.757873,-2.9304273,74.45771,25.0,87.67994,41.457977,-11.215048,-3.197342,74.868774,25.764465,86.33921,0.53951734
2.095833333333333,41.353928,-10.766789,-2.9304242,74.46698,25.0,87.67352,41.459442,-11.1973,-3.166092,74.879616,25.752586,86.376465,0.50200784
2.1,41.353928,-10.774477,-2.9304278,74.47496,25.0,87.66799,41.462097,-11.174459,-3.13523,74.89099,25.744106,86.41399,0.4622019
2.1041666666666665,41.353928,-10.781008,-2.9304261,74.48174,25.0,87.663284,41.464367,-11.148087,-3.1048298,74.9037,25.741177,86.45117,0.42114168
2.1083333333333334,41.353928,-10.786451,-2.930425,74.4874,25.0,87.65936,41.46441,-11.120827,-3.0782328,74.915726,25.741505,86.48561,0.38191643
2.1125,41.353928,-10.790893,-2.9304256,74.492004,25.0,87.65616,41.463913,-11.094294,-3.0491543,74.92459,25.737122,86.519585,0.34386835
2.1166666666666667,41.35393,-10.794416,-2.930426,74.49566,25.0,87.65361,41.46278,-11.067432,-3.021326,74.93065,25.73391,86.55507,0.3076501
2.120833333333333,41.353928,-10.797104,-2.9304242,74.49845,25.0,87.65168,41.461086,-11.0422535,-2.9993277,74.93326,25.731823,86.59093,0.27627704
2.125,41.353928,-10.7990675,-2.9304245,74.50049,25.0,87.65026,41.46022,-11.018867,-2.9812832,74.93434,25.729,86.62563,0.249392
2.129166666666667,41.353928,-10.800409,-2.930431,74.50187,25.0,87.64929,41.458755,-10.99715,-2.9660273,74.93574,25.727272,86.6588,0.22574997
2.1333333333333333,41.353928,-10.801234,-2.9304268,74.50273,25.0,87.6487,41.45752,-10.977872,-2.952939,74.93756,25.726288,86.68786,0.20600714
2.1375,41.353928,-10.801666,-2.9304304,74.503174,25.0,87.648384,41.455868,-10.960904,-2.9409657,74.93819,25.723671,86.71416,0.18936601
2.1416666666666666,41.353928,-10.801828,-2.9304261,74.50335,25.0,87.64827,41.45389,-10.945582,-2.9306746,74.93797,25.720814,86.73906,0.17509456
2.1458333333333335,41.353928,-10.801851,-2.9304273,74.50337,25.0,87.648254,41.45175,-10.932093,-2.921648,74.93695,25.71679,86.7622,0.16312404
2.15,41.353928,-10.801851,-2.9304273,74.50337,25.0,87.648254,41.449406,-10.920202,-2.9140778,74.935394,25.712524,86.78407,0.15293895
2.154166666666667,41.353928,-10.801851,-2.9304273,74.50337,25.0,87.648254,41.446953,-10.909734,-2.9078407,74.93326,25.708218,86.80466,0.14423063
2.158333333333333,41.353928,-10.801851,-2.9304273,74.50337,25.0,87.648254,41.44413,-10.900667,-2.9031181,74.93052,25.703812,86.82388,0.13655342
2.1625,41.353928,-10.801851,-2.9304273,74.50337,25.0,87.648254,41.441128,-10.89275,-2.8994665,74.928276,25.699425,86.84169,0.12971115
2.1666666666666665,41.353928,-10.801851,-2.9304273,74.50337,25.0,87.648254,41.438007,-10.88612,-2.8969736,74.92644,25.695118,86.85796,0.123651706
2.1708333333333334,41.353928,-10.801851,-2.9304273,74.50337,25.0,87.648254,41.43451,-10.880617,-2.8953915,74.92506,25.691063,86.87285,0.11800414
2.175,41.353928,-10.801851,-2.9304273,74.50337,25.0,87.648254,41.430893,-10.876112,-2.8948202,74.923836,25.687668,86.88623,0.1127217
2.1791666666666667,41.353928,-10.801851,-2.9304273,74.50337,25.0,87.648254,41.426956,-10.872908,-2.895234,74.922134,25.685123,86.89817,0.10779953
2.183333333333333,41.353928,-10.801851,-2.9304273,74.50337,25.0,87.648254,41.42289,-10.870724,-2.8966093,74.919876,25.682793,86.90859,0.10316415
2.1875,41.353928,-10.801851,-2.9304273,74.50337,25.0,87.648254,41.41896,-10.869202,-2.8982878,74.91758,25.680748,86.91737,0.09898642
2.191666666666667,41.353928,-10.801851,-2.9304273,74.50337,25.0,87.648254,41.41542,-10.868269,-2.9004002,74.91531,25.679672,86.924484,0.09536414
2.1958333333333333,41.353928,-10.801851,-2.9304273,74.50337,25.0,87.648254,41.41229,-10.867569,-2.902835,74.91298,25.67931,86.930214,0.09212041
2.2,41.353928,-10.801851,-2.9304273,74.50337,25.0,87.648254,41.409676,-10.867029,-2.9053583,74.91078,25.680027,86.934555,0.089355774
2.2041666666666666,41.353928,-10.801851,-2.9304273,74.50337,25.0,87.648254,41.40753,-10.866594,-2.9080133,74.90864,25.681858,86.93766,0.08699109
2.2083333333333335,41.353928,-10.801851,-2.9304273,74.50337,25.0,87.648254,41.405895,-10.866193,-2.9106283,74.906715,25.68452,86.93975,0.08504392
2.2125,41.353928,-10.801851,-2.9304273,74.50337,25.0,87.648254,41.40471,-10.865817,-2.9130907,74.90497,25.687725,86.941025,0.08349201
2.216666666666667,41.353928,-10.801851,-2.9304273,74.50337,25.0,87.648254,41.403873,-10.86542,-2.9153967,74.90343,25.691238,86.94168,0.082228534
2.220833333333333,41.353928,-10.801851,-2.9304273,74.50337,25.0,87.648254,41.40332,-10.864972,-2.9174633,74.902054,25.694717,86.94197,0.081190795
2.225,41.353928,-10.801851,-2.9304273,74.50337,25.0,87.648254,41.403,-10.864529,-2.919197,74.90094,25.697857,86.942085,0.08039067
2.2291666666666665,41.353928,-10.801851,-2.9304273,74.50337,25.0,87.648254,41.40284,-10.864142,-2.920555,74.90009,25.700417,86.942116,0.0798125
2.2333333333333334,41.353928,-10.801851,-2.9304273,74.50337,25.0,87.648254,41.402756,-10.863844,-2.921526,74.899536,25.702286,86.94213,0.079413526
2.2375,41.353928,-10.801851,-2.9304273,74.50337,25.0,87.648254,41.40271,-10.863636,-2.9221516,74.89922,25.70348,86.94214,0.07915529
2.2416666666666667,41.353928,-10.801851,-2.9304273,74.50337,25.0,87.648254,41.402702,-10.86348,-2.922554,74.89905,25.704193,86.942154,0.078987435
2.245833333333333,41.353928,-10.801851,-2.9304273,74.50337,25.0,87.648254,41.40269,-10.86339,-2.922781,74.898964,25.704578,86.94216,0.07888811
2.25,41.353928,-10.801851,-2.9304273,74.50337,25.0,87.648254,41.40269,-10.863342,-2.9228706,74.898926,25.704739,86.94218,0.07884228
2.254166666666667,41.353928,-10.801851,-2.9304273,74.50337,25.0,87.648254,41.402687,-10.863327,-2.9229088,74.89891,25.704788,86.94219,0.07882437
2.2583333333333333,41.353928,-10.801851,-2.9304273,74.50337,25.0,87.648254,41.40269,-10.863318,-2.9229136,74.89891,25.704803,86.94219,0.07881959
2.2625,41.353928,-10.801851,-2.9304273,74.50337,25.0,87.648254,41.40269,-10.863314,-2.9229155,74.89891,25.704807,86.94219,0.07881568
2.2666666666666666,41.353928,-10.801851,-2.9304273,74.50337,25.0,87.648254,41.402695,-10.863316,-2.9229145,74.89891,25.704811,86.94219,0.078819625
2.2708333333333335,41.353928,-10.801851,-2.9304273,74.50337,25.0,87.648254,41.402695,-10.863314,-2.9229136,74.89891,25.704807,86.94219,0.078818224
2.275,41.353928,-10.801851,-2.9304273,74.50337,25.0,87.648254,41.402695,-10.863316,-2.9229126,74.89891,25.704811,86.94219,0.078819804
2.279166666666667,41.353928,-10.801851,-2.9304273,74.50337,25.0,87.648254,41.402695,-10.863313,-2.9229136,74.89891,25.704807,86.94219,0.07881748
2.283333333333333,41.353928,-10.801851,-2.9304273,74.50337,25.0,87.648254,41.402695,-10.863314,-2.9229097,74.89891,25.704807,86.94219,0.07881859
2.2875,41.353928,-10.801851,-2.9304273,74.50337,25.0,87.648254,41.402695,-10.863313,-2.9229136,74.89891,25.704807,86.94219,0.07881748
2.2916666666666665,41.353928,-10.801851,-2.9304273,74.50337,25.0,87.648254,41.402695,-10.863313,-2.9229136,74.89891,25.704807,86.94219,0.07881748
2.2958333333333334,41.353928,-10.801851,-2.9304273,74.50337,25.0,87.648254,41.402695,-10.863313,-2.9229136,74.89891,25.704807,86.94219,0.07881748
2.3,41.353928,-10.801851,-2.9304273,74.50337,25.0,87.648254,41.402695,-10.863313,-2.9229136,74.89891,25.704807,86.94219,0.07881748
2.3041666666666667,41.353928,-10.801851,-2.9304273,74.50337,25.0,87.648254,41.402695,-10.863313,-2.9229136,74.89891,25.704807,86.94219,0.07881748
2.308333333333333,41.353928,-10.801851,-2.9304273,74.50337,25.0,87.648254,41.402695,-10.863313,-2.9229136,74.89891,25.704807,86.94219,0.07881748
2.3125,41.353928,-10.801851,-2.9304273,74.50337,25.0,87.648254,41.402695,-10.863313,-2.9229136,74.89891,25.704807,86.94219,0.07881748
2.316666666666667,41.353928,-10.801851,-2.9304273,74.50337,25.0,87.648254,41.402695,-10.863313,-2.9229136,74.89891,25.704807,86.94219,0.07881748
2.3208333333333333,41.353928,-10.801851,-2.9304273,74.50337,25.0,87.648254,41.402695,-10.863313,-2.9229136,74.89891,25.704807,86.94219,0.07881748
2.325,41.353928,-10.801851,-2.9304273,74.50337,25.0,87.648254,41.402695,-10.863313,-2.9229136,74.89891,25.704807,86.94219,0.07881748
2.3291666666666666,41.353928,-10.801851,-2.9304273,74.50337,25.0,87.648254,41.402695,-10.863313,-2.9229136,74.89891,25.704807,86.94219,0.07881748
2.3333333333333335,41.353928,-10.801851,-2.9304273,74.50337,25.0,87.648254,41.402695,-10.863313,-2.9229136,74.89891,25.704807,86.94219,0.07881748
2.3375,41.353928,-10.801851,-2.9304273,74.50337,25.0,87.648254,41.402695,-10.863313,-2.9229136,74.89891,25.704807,86.94219,0.07881748
2.341666666666667,41.353928,-10.801851,-2.9304273,74.50337,25.0,87.648254,41.402695,-10.863313,-2.9229136,74.89891,25.704807,86.94219,0.07881748
2.345833333333333,41.353928,-10.801851,-2.9304273,74.50337,25.0,87.648254,41.402695,-10.863313,-2.9229136,74.89891,25.704807,86.94219,0.07881748
2.35,41.353928,-10.801851,-2.9304273,74.50337,25.0,87.648254,41.402695,-10.863313,-2.9229136,74.89891,25.704807,86.94219,0.07881748
2.3541666666666665,41.353928,-10.801851,-2.9304273,74.50337,25.0,87.648254,41.402695,-10.863313,-2.9229136,74.89891,25.704807,86.94219,0.07881748
2.3583333333333334,41.353928,-10.801851,-2.9304273,74.50337,25.0,87.648254,41.402695,-10.863313,-2.9229136,74.89891,25.704807,86.94219,0.07881748
2.3625,41.353928,-10.801851,-2.9304273,74.50337,25.0,87.648254,41.402695,-10.863313,-2.9229136,74.89891,25.704807,86.94219,0.07881748
2.3666666666666667,41.353928,-10.801851,-2.9304273,74.50337,25.0,87.648254,41.402695,-10.863313,-2.9229136,74.89891,25.704807,86.94219,0.07881748
2.370833333333333,41.353928,-10.801851,-2.9304273,74.50337,25.0,87.648254,41.402695,-10.863313,-2.9229136,74.89891,25.704807,86.94219,0.07881748
2.375,41.353928,-10.801851,-2.9304273,74.50337,25.0,87.648254,41.402695,-10.863313,-2.9229136,74.89891,25.704807,86.94219,0.07881748
2.379166666666667,41.353928,-10.801851,-2.9304273,74.50337,25.0,87.648254,41.402695,-10.863313,-2.9229136,74.89891,25.704807,86.94219,0.07881748
2.3833333333333333,41.353928,-10.801851,-2.9304273,74.50337,25.0,87.648254,41.402695,-10.863313,-2.9229136,74.89891,25.704807,86.94219,0.07881748
2.3875,41.353928,-10.801851,-2.9304273,74.50337,25.0,87.648254,41.402695,-10.863313,-2.9229136,74.89891,25.704807,86.94219,0.07881748
2.3916666666666666,41.353928,-10.801851,-2.9304273,74.50337,25.0,87.648254,41.402695,-10.863313,-2.9229136,74.89891,25.704807,86.94219,0.07881748
2.3958333333333335,41.353928,-10.801851,-2.9304273,74.50337,25.0,87.648254,41.402695,-10.863313,-2.9229136,74.89891,25.704807,86.94219,0.07881748
2.4,41.353928,-10.801851,-2.9304273,74.50337,25.0,87.648254,41.402695,-10.863313,-2.9229136,74.89891,25.704807,86.94219,0.07881748
2.404166666666667,41.353928,-10.801851,-2.9304273,74.50337,25.0,87.648254,41.402695,-10.863313,-2.9229136,74.89891,25.704807,86.94219,0.07881748
2.408333333333333,41.353928,-10.801851,-2.9304273,74.50337,25.0,87.648254,41.402695,-10.863313,-2.9229136,74.89891,25.704807,86.94219,0.07881748
2.4125,41.353928,-10.801851,-2.9304273,74.50337,25.0,87.648254,41.402695,-10.863313,-2.9229136,74.89891,25.704807,86.94219,0.07881748
2.4166666666666665,41.353928,-10.801851,-2.9304273,74.50337,25.0,87.648254,41.402695,-10.863313,-2.9229136,74.89891,25.704807,86.94219,0.07881748
2.4208333333333334,41.353928,-10.801851,-2.9304273,74.50337,25.0,87.648254,41.402695,-10.863313,-2.9229136,74.89891,25.704807,86.94219,0.07881748
2.425,41.353928,-10.801851,-2.9304273,74.50337,25.0,87.648254,41.402695,-10.863313,-2.9229136,74.89891,25.704807,86.94219,0.07881748
2.4291666666666667,41.353928,-10.801851,-2.9304273,74.50337,25.0,87.648254,41.402695,-10.863313,-2.9229136,74.89891,25.704807,86.94219,0.07881748
2.433333333333333,41.353928,-10.801851,-2.9304273,74.50337,25.0,87.648254,41.402695,-10.863313,-2.9229136,74.89891,25.704807,86.94219,0.07881748
2.4375,41.353928,-10.801851,-2.9304273,74.50337,25.0,87.648254,41.402695,-10.863313,-2.9229136,74.89891,25.704807,86.94219,0.07881748
2.441666666666667,41.353928,-10.801851,-2.9304273,74.50337,25.0,87.648254,41.402695,-10.863313,-2.9229136,74.89891,25.704807,86.94219,0.07881748
2.4458333333333333,41.353928,-10.801851,-2.9304273,74.50337,25.0,87.648254,41.402695,-10.863313,-2.9229136,74.89891,25.704807,86.94219,0.07881748
2.45,41.353928,-10.801851,-2.9304273,74.50337,25.0,87.648254,41.402695,-10.863313,-2.9229136,74.89891,25.704807,86.94219,0.07881748
2.4541666666666666,41.353928,-10.801851,-2.9304273,74.50337,25.0,87.648254,41.402695,-10.863313,-2.9229136,74.89891,25.704807,86.94219,0.07881748
2.4583333333333335,41.353928,-10.801851,-2.9304273,74.50337,25.0,87.648254,41.402695,-10.863313,-2.9229136,74.89891,25.704807,86.94219,0.07881748
2.4625,41.353928,-10.801851,-2.9304273,74.50337,25.0,87.648254,41.402695,-10.863313,-2.9229136,74.89891,25.704807,86.94219,0.07881748
2.466666666666667,41.353928,-10.801851,-2.9304273,74.50337,25.0,87.648254,41.402695,-10.863313,-2.9229136,74.89891,25.704807,86.94219,0.07881748
2.470833333333333,41.353928,-10.801851,-2.9304273,74.50337,25.0,87.648254,41.402695,-10.863313,-2.9229136,74.89891,25.704807,86.94219,0.07881748
2.475,41.353928,-10.801851,-2.9304273,74.50337,25.0,87.648254,41.402695,-10.863313,-2.9229136,74.89891,25.704807,86.94219,0.07881748
2.4791666666666665,41.353928,-10.801851,-2.9304273,74.50337,25.0,87.648254,41.402695,-10.863313,-2.9229136,74.89891,25.704807,86.94219,0.07881748
2.4833333333333334,41.353928,-10.801851,-2.9304273,74.50337,25.0,87.648254,41.402695,-10.863314,-2.9229136,74.89891,25.704807,86.94219,0.078818224
2.4875,41.353928,-10.801851,-2.9304273,74.50337,25.0,87.648254,41.402695,-10.863313,-2.9229116,74.89891,25.704811,86.94219,0.07881766
2.4916666666666667,41.353928,-10.801851,-2.9304273,74.50337,25.0,87.648254,41.402695,-10.863312,-2.9229116,74.89891,25.704807,86.94219,0.07881692
2.495833333333333,41.353928,-10.801851,-2.9304273,74.50337,25.0,87.648254,41.402695,-10.863313,-2.9229116,74.89891,25.704807,86.94219,0.07881766
2.5,41.353928,-10.801851,-2.9304273,74.50337,25.0,87.648254,41.402695,-10.863311,-2.9229136,74.89891,25.704807,86.94219,0.078816
2.504166666666667,41.353928,-10.801851,-2.9304273,74.50337,25.0,87.648254,41.402695,-10.863312,-2.9229136,74.89891,25.7048,86.94219,0.078816734
2.5083333333333333,41.353928,-10.801851,-2.9304273,74.50337,25.0,87.648254,41.402695,-10.863312,-2.9229126,74.89891,25.7048,86.94219,0.07881682
2.5125,41.353928,-10.801851,-2.9304273,74.50337,25.0,87.648254,41.402695,-10.863314,-2.9229145,74.89891,25.704807,86.9422,0.078818135
2.5166666666666666,41.353928,-10.801851,-2.9304273,74.50337,25.0,87.648254,41.402695,-10.863311,-2.9229136,74.89891,25.704807,86.9422,0.078816
2.5208333333333335,41.353928,-10.801851,-2.9304273,74.50337,25.0,87.648254,41.402695,-10.863312,-2.9229097,74.89891,25.704811,86.9422,0.0788171
2.525,41.353928,-10.801851,-2.9304273,74.50337,25.0,87.648254,41.402695,-10.863313,-2.9229126,74.89891,25.704811,86.9422,0.07881757
2.529166666666667,41.353928,-10.801851,-2.9304273,74.50337,25.0,87.648254,41.4027,-10.86331,-2.9229136,74.89891,25.704807,86.9422,0.07881761
2.533333333333333,41.353928,-10.801851,-2.9304273,74.50337,25.0,87.648254,41.402695,-10.863307,-2.9229116,74.89891,25.704807,86.9422,0.0788132
2.5375,41.353928,-10.801851,-2.9304273,74.50337,25.0,87.648254,41.402687,-10.863308,-2.9229174,74.89891,25.704815,86.94221,0.07880868
2.5416666666666665,41.353928,-10.801851,-2.9304273,74.50337,25.0,87.648254,41.402695,-10.863322,-2.922925,74.89889,25.704842,86.94222,0.07882383
2.5458333333333334,41.353928,-10.801851,-2.9304273,74.50337,25.0,87.648254,41.402706,-10.863352,-2.922948,74.89888,25.704876,86.94225,0.07885179
2.55,41.353928,-10.801851,-2.9304273,74.50337,25.0,87.648254,41.402718,-10.863441,-2.9229727,74.898895,25.704887,86.94232,0.07892645
2.5541666666666667,41.353928,-10.801851,-2.9304273,74.50337,25.0,87.648254,41.402733,-10.8636055,-2.9229937,74.89897,25.704906,86.94245,0.07906197
2.558333333333333,41.353928,-10.801851,-2.9304273,74.50337,25.0,87.648254,41.40276,-10.863849,-2.9229612,74.899086,25.70491,86.94267,0.079271555
2.5625,41.353928,-10.801851,-2.9304273,74.50337,25.0,87.648254,41.402805,-10.864194,-2.9229136,74.89924,25.70478,86.943,0.07957445
2.566666666666667,41.353928,-10.801851,-2.9304273,74.50337,25.0,87.648254,41.40291,-10.864672,-2.9227848,74.89942,25.704575,86.94344,0.080024526
2.5708333333333333,41.353928,-10.801851,-2.9304273,74.50337,25.0,87.648254,41.403065,-10.865326,-2.9225807,74.89967,25.704205,86.944016,0.080653936
2.575,41.353928,-10.801851,-2.9304273,74.50337,25.0,87.648254,41.40334,-10.866171,-2.9222898,74.90005,25.703743,86.94463,0.081515364
2.5791666666666666,41.353928,-10.801851,-2.9304273,74.50337,25.0,87.648254,41.40374,-10.867183,-2.9219751,74.90052,25.703327,86.9452,0.08258878
2.5833333333333335,41.353928,-10.801851,-2.9304273,74.50337,25.0,87.648254,41.404343,-10.868336,-2.921628,74.90089,25.703117,86.94571,0.08390045
2.5875,41.353928,-10.801851,-2.9304273,74.50337,25.0,87.648254,41.40518,-10.869663,-2.921235,74.9011,25.703197,86.94614,0.0854983
2.591666666666667,41.353928,-10.801851,-2.9304273,74.50337,25.0,87.648254,41.40637,-10.871037,-2.9207687,74.90134,25.703728,86.9464,0.08734935
2.595833333333333,41.353928,-10.801851,-2.9304273,74.50337,25.0,87.648254,41.407974,-10.8723545,-2.9201088,74.901505,25.70502,86.94639,0.089432746
2.6,41.353928,-10.801851,-2.9304273,74.50337,25.0,87.648254,41.410404,-10.873224,-2.9187346,74.90163,25.706635,86.9462,0.09176289
2.6041666666666665,41.353928,-10.801851,-2.9304273,74.50337,25.0,87.648254,41.413445,-10.873556,-2.917039,74.90136,25.70869,86.94581,0.09414403
2.6083333333333334,41.353928,-10.801851,-2.9304273,74.50337,25.0,87.648254,41.41708,-10.873333,-2.9151134,74.90074,25.711224,86.94532,0.09660416
2.6125,41.353928,-10.801851,-2.9304273,74.50337,25.0,87.648254,41.42128,-10.872534,-2.9128294,74.899826,25.713814,86.94488,0.09920704
2.6166666666666667,41.353928,-10.801851,-2.9304273,74.50337,25.0,87.648254,41.425858,-10.871618,-2.910061,74.89844,25.715565,86.94467,0.10225527
2.620833333333333,41.353928,-10.801851,-2.9304273,74.50337,25.0,87.648254,41.430515,-10.87058,-2.9066992,74.89642,25.71569,86.94493,0.10560443
2.625,41.353928,-10.801851,-2.9304273,74.50337,25.0,87.648254,41.435524,-10.868704,-2.9022303,74.89468,25.714005,86.946266,0.109189324
2.629166666666667,41.353928,-10.801851,-2.9304273,74.50337,25.0,87.648254,41.439377,-10.866599,-2.8958158,74.89404,25.710442,86.94818,0.1126579
2.6333333333333333,41.353928,-10.801851,-2.9304273,74.50337,25.0,87.648254,41.442192,-10.863434,-2.8879023,74.892204,25.702396,86.951416,0.115721256
2.6375,41.353928,-10.801851,-2.9304273,74.50337,25.0,87.648254,41.44471,-10.8592205,-2.8784199,74.889984,25.69012,86.95685,0.119320594
2.6416666666666666,41.353928,-10.801851,-2.9304273,74.50337,25.0,87.648254,41.447132,-10.85454,-2.8680754,74.888214,25.67453,86.96477,0.12389888
2.6458333333333335,41.353928,-10.801851,-2.9304273,74.50337,25.0,87.648254,41.44895,-10.8476925,-2.8587132,74.88689,25.658966,86.973854,0.12756927
2.65,41.353928,-10.801851,-2.9304273,74.50337,25.0,87.648254,41.449547,-10.837903,-2.8479166,74.88836,25.643448,86.98486,0.13134222
2.654166666666667,41.353928,-10.801828,-2.9304261,74.50335,25.0,87.64827,41.449944,-10.826913,-2.8353767,74.891235,25.625484,86.99781,0.13741425
2.658333333333333,41.353928,-10.801666,-2.9304304,74.503174,25.0,87.648384,41.450974,-10.81646,-2.825942,74.89183,25.612587,87.01147,0.14336866
2.6625,41.353928,-10.801234,-2.9304268,74.50273,25.0,87.6487,41.45115,-10.805929,-2.818945,74.892105,25.599457,87.02338,0.1479941
2.6666666666666665,41.353928,-10.800409,-2.930431,74.50187,25.0,87.64929,41.448215,-10.793707,-2.8157444,74.88757,25.589233,87.0358,0.14862071
2.6708333333333334,41.353928,-10.7990675,-2.9304245,74.50049,25.0,87.65026,41.441143,-10.7785845,-2.8151999,74.8747,25.583519,87.05226,0.14595476
2.675,41.353928,-10.797104,-2.9304242,74.49845,25.0,87.65168,41.434143,-10.7612505,-2.8186874,74.84942,25.580936,87.07188,0.14214462
2.6791666666666667,41.35393,-10.794416,-2.930426,74.49566,25.0,87.65361,41.428604,-10.745525,-2.8272963,74.81194,25.576038,87.09543,0.1363894
2.683333333333333,41.353928,-10.790893,-2.9304256,74.492004,25.0,87.65616,41.424217,-10.7335615,-2.8348942,74.76551,25.56628,87.120865,0.13173361
2.6875,41.353928,-10.786451,-2.930425,74.4874,25.0,87.65936,41.420467,-10.721125,-2.8385096,74.71175,25.54601,87.15207,0.13093339
2.691666666666667,41.353928,-10.781008,-2.9304261,74.48174,25.0,87.663284,41.414772,-10.707729,-2.837185,74.65413,25.51641,87.18993,0.13328801
2.6958333333333333,41.353928,-10.774477,-2.9304278,74.47496,25.0,87.66799,41.40926,-10.692689,-2.8356552,74.5956,25.485466,87.230034,0.13686775
2.7,41.353928,-10.766789,-2.9304242,74.46698,25.0,87.67352,41.404755,-10.678651,-2.833806,74.535034,25.45496,87.272514,0.1403099
2.7041666666666666,41.353928,-10.757873,-2.9304273,74.45771,25.0,87.67994,41.40345,-10.662906,-2.8294668,74.47438,25.42429,87.32721,0.14718764
2.7083333333333335,41.353928,-10.747669,-2.9304254,74.447105,25.0,87.68727,41.402153,-10.648016,-2.825306,74.41214,25.396198,87.38413,0.15266486
2.7125,41.353928,-10.736124,-2.9304254,74.4351,25.0,87.69556,41.397675,-10.626539,-2.819726,74.34877,25.376793,87.44992,0.16179304
2.716666666666667,41.353928,-10.723179,-2.9304264,74.42162,25.0,87.70484,41.39184,-10.600401,-2.8173828,74.28109,25.363583,87.51756,0.17114542
2.720833333333333,41.353928,-10.708795,-2.930425,74.40665,25.0,87.71514,41.387676,-10.570375,-2.8141155,74.215126,25.35292,87.59586,0.18392038
2.725,41.353928,-10.692929,-2.9304245,74.390114,25.0,87.72649,41.38161,-10.53522,-2.8152447,74.15122,25.337967,87.68109,0.19724329
2.7291666666666665,41.353928,-10.675545,-2.9304276,74.37198,25.0,87.7389,41.360874,-10.504306,-2.8188028,74.096146,25.31905,87.77464,0.2045265
2.7333333333333334,41.353928,-10.656615,-2.930429,74.35222,25.0,87.752396,41.3377,-10.47318,-2.8232508,74.04654,25.297432,87.873314,0.21307057
2.7375,41.353928,-10.636111,-2.9304256,74.3308,25.0,87.76698,41.30231,-10.435394,-2.8324547,74.00276,25.28777,87.98381,0.22923763
2.7416666666666667,41.353928,-10.614011,-2.9304247,74.30769,25.0,87.78268,41.252155,-10.395824,-2.8390007,73.96245,25.270592,88.10515,0.2575291
2.745833333333333,41.353928,-10.590304,-2.9304252,74.282875,25.0,87.79947,41.198162,-10.356781,-2.846797,73.92344,25.243416,88.23001,0.29289886
2.75,41.353928,-10.564976,-2.930424,74.25633,25.0,87.817375,41.142628,-10.316792,-2.8570442,73.889244,25.21428,88.35628,0.33410722
2.754166666666667,41.35393,-10.538024,-2.9304252,74.22805,25.0,87.83637,41.078518,-10.27861,-2.8719187,73.84779,25.186169,88.48477,0.38284603
2.7583333333333333,41.353928,-10.509437,-2.930428,74.19801,25.0,87.85648,41.003857,-10.238922,-2.890483,73.79983,25.145374,88.61407,0.44421098
2.7625,41.353928,-10.47922,-2.9304268,74.16623,25.0,87.87768,40.92817,-10.200998,-2.9125748,73.74551,25.093185,88.74154,0.5089169
2.7666666666666666,41.353928,-10.447383,-2.9304252,74.13269,25.0,87.89993,40.854256,-10.167534,-2.9366722,73.69354,25.045898,88.865974,0.572736
2.7708333333333335,41.353928,-10.413928,-2.9304252,74.0974,25.0,87.923256,40.780388,-10.138726,-2.956112,73.64314,25.002865,88.99144,0.63666606
2.775,41.353928,-10.378879,-2.9304278,74.060356,25.0,87.9476,40.708786,-10.114622,-2.9751148,73.59351,24.977371,89.1091,0.6985958
2.779166666666667,41.353928,-10.342238,-2.9304252,74.02158,25.0,87.97297,40.649937,-10.086361,-3.0060005,73.53628,24.97274,89.2188,0.75285333
2.783333333333333,41.353928,-10.30404,-2.9304261,73.98109,25.0,87.99931,40.603287,-10.056464,-3.041791,73.4769,24.982727,89.323586,0.7982215
2.7875,41.353928,-10.2642975,-2.9304273,73.93888,25.0,88.02663,40.56259,-10.025727,-3.079627,73.41359,24.995731,89.42254,0.83987445
2.7916666666666665,41.353928,-10.223044,-2.9304254,73.895,25.0,88.05486,40.53587,-9.992321,-3.1175137,73.34933,25.008938,89.511154,0.8703184
2.7958333333333334,41.353928,-10.180311,-2.9304264,73.84945,25.0,88.08399,40.51164,-9.958488,-3.152485,73.27548,25.022186,89.58926,0.8988693
2.8,41.353928,-10.1361265,-2.9304252,73.80227,25.0,88.11398,40.486412,-9.923281,-3.189909,73.193344,25.032345,89.654076,0.9301712
2.8041666666666667,41.353928,-10.090529,-2.9304268,73.75348,25.0,88.14479,40.46299,-9.867036,-3.2203636,73.120514,25.065495,89.70651,0.96321493
2.808333333333333,41.353928,-10.043562,-2.9304268,73.703125,25.0,88.176384,40.443726,-9.808067,-3.2501078,73.059975,25.117664,89.75399,0.99303645
2.8125,41.353928,-9.995262,-2.930426,73.65124,25.0,88.20872,40.4287,-9.751855,-3.2707067,73.00482,25.158817,89.801,1.0154237
2.816666666666667,41.35393,-9.94568,-2.930427,73.597855,25.0,88.24174,40.416817,-9.69668,-3.2881808,72.96072,25.197304,89.84169,1.0335243
2.8208333333333333,41.353928,-9.894852,-2.9304242,73.54302,25.0,88.27543,40.408188,-9.637615,-3.3055434,72.920166,25.236984,89.87484,1.0494325
2.825,41.353928,-9.842837,-2.9304261,73.48678,25.0,88.30972,40.401115,-9.578981,-3.3201237,72.87365,25.268501,89.90768,1.0627018
2.8291666666666666,41.353928,-9.789683,-2.9304266,73.42918,25.0,88.34458,40.393456,-9.521608,-3.3368502,72.82063,25.299023,89.93977,1.0768245
2.8333333333333335,41.353928,-9.735446,-2.9304252,73.37027,25.0,88.37995,40.38774,-9.464613,-3.3511357,72.76676,25.328754,89.97356,1.0880553
2.8375,41.353928,-9.680181,-2.9304266,73.310104,25.0,88.415794,40.38336,-9.408505,-3.3640075,72.71287,25.351814,90.01174,1.0971771
2.841666666666667,41.353928,-9.623943,-2.9304278,73.24874,25.0,88.45206,40.379475,-9.352258,-3.3778963,72.66058,25.380337,90.0506,1.1061645
2.845833333333333,41.353928,-9.566792,-2.9304237,73.18624,25.0,88.48869,40.373535,-9.29655,-3.3911085,72.61063,25.411243,90.088196,1.1164365
2.85,41.353928,-9.508798,-2.9304268,73.12266,25.0,88.52564,40.36483,-9.240377,-3.4003425,72.56068,25.435696,90.12699,1.127468
2.8541666666666665,41.353928,-9.450006,-2.9304264,73.05805,25.0,88.56287,40.354343,-9.182973,-3.4073305,72.510925,25.460934,90.16733,1.1392597
2.8583333333333334,41.353928,-9.390493,-2.930425,72.9925,25.0,88.60032,40.34369,-9.120305,-3.412654,72.46008,25.487026,90.20891,1.1515765
2.8625,41.353928,-9.330321,-2.9304268,72.926056,25.0,88.63794,40.33373,-9.053606,-3.4172864,72.40964,25.512783,90.25331,1.163791
2.8666666666666667,41.353928,-9.269557,-2.9304242,72.8588,25.0,88.67569,40.325058,-8.985809,-3.4206915,72.36033,25.542946,90.30114,1.1744989
2.870833333333333,41.353928,-9.208268,-2.9304276,72.790794,25.0,88.71351,40.31756,-8.916111,-3.424015,72.31087,25.57674,90.34798,1.1845024
2.875,41.353928,-9.146519,-2.9304235,72.72212,25.0,88.751366,40.311436,-8.844719,-3.427711,72.25833,25.612503,90.39419,1.1938037
2.879166666666667,41.353928,-9.084386,-2.930424,72.65285,25.0,88.78919,40.306595,-8.770363,-3.4288583,72.20416,25.649342,90.44109,1.201646
2.8833333333333333,41.353928,-9.021932,-2.9304247,72.583046,25.0,88.82696,40.302567,-8.693862,-3.4282413,72.14765,25.685146,90.48877,1.2086402
2.8875,41.353928,-8.95923,-2.9304283,72.512794,25.0,88.86461,40.29844,-8.615434,-3.425971,72.08979,25.718502,90.53705,1.2156541
2.8916666666666666,41.353928,-8.896348,-2.930424,72.442184,25.0,88.90211,40.295532,-8.536697,-3.4225764,72.03089,25.750263,90.58869,1.2213776
2.8958333333333335,41.353928,-8.833364,-2.930428,72.37128,25.0,88.9394,40.294003,-8.458345,-3.419444,71.96999,25.779709,90.64213,1.2260573
2.9,41.35393,-8.770343,-2.9304295,72.30016,25.0,88.97644,40.293365,-8.380326,-3.4153266,71.90873,25.805946,90.69591,1.2296497
2.904166666666667,41.353928,-8.707352,-2.9304252,72.22893,25.0,89.013214,40.293713,-8.303686,-3.41118,71.845764,25.82703,90.7504,1.2321229
2.908333333333333,41.353928,-8.644475,-2.9304254,72.157646,25.0,89.049644,40.295555,-8.229241,-3.405386,71.78105,25.840755,90.80628,1.2321359
2.9125,41.353928,-8.581772,-2.9304273,72.086395,25.0,89.08572,40.29741,-8.157212,-3.3989687,71.71461,25.845608,90.86308,1.231265
2.9166666666666665,41.353928,-8.519316,-2.930423,72.015274,25.0,89.12138,40.299274,-8.088532,-3.3904786,71.64665,25.841866,90.92135,1.2286247
2.9208333333333334,41.35393,-8.457186,-2.9304256,71.94435,25.0,89.15659,40.301407,-8.023352,-3.3790326,71.5767,25.824642,90.98214,1.2236291
2.925,41.353928,-8.395435,-2.9304268,71.87371,25.0,89.19135,40.302464,-7.9629393,-3.366572,71.50325,25.789825,91.04541,1.2177242
2.9291666666666667,41.353928,-8.334146,-2.9304268,71.803444,25.0,89.22559,40.301914,-7.906228,-3.3540244,71.428,25.742268,91.11091,1.2121388
2.933333333333333,41.353928,-8.27338,-2.930428,71.73363,25.0,89.25929,40.299652,-7.8526564,-3.3405132,71.34979,25.680202,91.18044,1.206928
2.9375,41.353928,-8.21321,-2.9304256,71.66435,25.0,89.29241,40.29861,-7.803149,-3.3248076,71.27075,25.602806,91.25105,1.1989082
2.941666666666667,41.353928,-8.153698,-2.930427,71.59569,25.0,89.324936,40.297802,-7.7567606,-3.3105812,71.19318,25.519249,91.317215,1.1905788
2.9458333333333333,41.353928,-8.094911,-2.9304261,71.527725,25.0,89.356834,40.29984,-7.7097855,-3.2913256,71.11893,25.431278,91.38392,1.1788437
2.95,41.353928,-8.036911,-2.9304247,71.46054,25.0,89.38808,40.305298,-7.66661,-3.2689762,71.05431,25.33857,91.44365,1.162482
2.9541666666666666,41.353928,-7.9797616,-2.9304245,71.39421,25.0,89.41864,40.31131,-7.628747,-3.2473526,70.995476,25.237904,91.492485,1.144861
2.9583333333333335,41.353928,-7.9235234,-2.9304256,71.32881,25.0,89.4485,40.32218,-7.596181,-3.22537,70.938934,25.133934,91.52956,1.1218934
2.9625,41.353928,-7.8682566,-2.9304242,71.26443,25.0,89.477646,40.335403,-7.5638638,-3.2019486,70.888,25.036983,91.55838,1.0971655
2.966666666666667,41.353928,-7.8140182,-2.9304235,71.201126,25.0,89.50605,40.350464,-7.527014,-3.1709347,70.853165,24.963573,91.5751,1.071054
2.970833333333333,41.353928,-7.7608657,-2.930426,71.13898,25.0,89.53369,40.368984,-7.496566,-3.1310034,70.83167,24.886604,91.57655,1.0393263
2.975,41.353928,-7.708853,-2.930429,71.07806,25.0,89.560555,40.3901,-7.47281,-3.085249,70.819565,24.80325,91.56946,1.0043166
2.9791666666666665,41.353928,-7.6580243,-2.9304316,71.018425,25.0,89.58664,40.410114,-7.4540386,-3.0385437,70.81481,24.720444,91.55453,0.97163886
2.9833333333333334,41.353928,-7.6084385,-2.930424,70.960175,25.0,89.611916,40.434048,-7.440078,-2.991496,70.81921,24.63805,91.53068,0.9371522
2.9875,41.353928,-7.56014,-2.9304245,70.903336,25.0,89.636375,40.45975,-7.432852,-2.949027,70.835526,24.564102,91.50603,0.90338254
2.9916666666666667,41.353928,-7.5131726,-2.9304268,70.84798,25.0,89.66001,40.486824,-7.4216824,-2.9047384,70.85454,24.494564,91.483215,0.8722952
2.995833333333333,41.353928,-7.467575,-2.9304268,70.79416,25.0,89.68282,40.522713,-7.412284,-2.8615923,70.88248,24.42352,91.46086,0.8358909
3.0,41.353928,-7.423394,-2.9304252,70.74194,25.0,89.70479,40.565258,-7.4004507,-2.8172894,70.91515,24.357803,91.433716,0.79707336
3.004166666666667,41.353928,-7.3806577,-2.9304278,70.69136,25.0,89.725914,40.60742,-7.387828,-2.7748852,70.95249,24.294384,91.39909,0.7625718
3.0083333333333333,41.353928,-7.3394065,-2.9304266,70.64248,25.0,89.746185,40.659782,-7.3761272,-2.7293072,71.00454,24.249012,91.3525,0.7236263
3.0125,41.353928,-7.299665,-2.9304245,70.59533,25.0,89.76561,40.71582,-7.3677044,-2.685381,71.06195,24.213058,91.296906,0.6869182
3.0166666666666666,41.353928,-7.261464,-2.9304261,70.54995,25.0,89.78419,40.7679,-7.359317,-2.6427412,71.10554,24.17369,91.23242,0.6601271
3.0208333333333335,41.353928,-7.2248287,-2.9304285,70.50638,25.0,89.8019,40.819527,-7.3491087,-2.5994396,71.136,24.13287,91.16611,0.6407679
3.025,41.353928,-7.189774,-2.930425,70.46465,25.0,89.81878,40.86853,-7.335594,-2.5578413,71.155914,24.10593,91.10104,0.6290411
3.029166666666667,41.353928,-7.156322,-2.9304245,70.42479,25.0,89.8348,40.91441,-7.3155127,-2.518032,71.173584,24.090984,91.02614,0.623366
3.033333333333333,41.353928,-7.124482,-2.9304245,70.38681,25.0,89.84998,40.95532,-7.2887897,-2.4846878,71.18001,24.085876,90.948944,0.620135
3.0375,41.353928,-7.0942683,-2.930424,70.35074,25.0,89.86433,40.9882,-7.2638025,-2.46212,71.180595,24.092659,90.875046,0.6179047
3.0416666666666665,41.353928,-7.065682,-2.930428,70.316574,25.0,89.877846,41.024624,-7.2395144,-2.4516363,71.17837,24.14167,90.800354,0.6065477
3.0458333333333334,41.353928,-7.0387273,-2.9304273,70.28434,25.0,89.89053,41.064438,-7.216325,-2.4503222,71.169426,24.219177,90.71916,0.5880869
3.05,41.353928,-7.0134,-2.9304276,70.25403,25.0,89.90242,41.10505,-7.189024,-2.456255,71.16358,24.317379,90.63361,0.5635813
3.0541666666666667,41.353928,-6.9896917,-2.9304247,70.22564,25.0,89.913506,41.146297,-7.165311,-2.4656925,71.16012,24.424206,90.54402,0.53844994
3.058333333333333,41.353928,-6.967594,-2.9304247,70.19916,25.0,89.923805,41.18298,-7.1486483,-2.4801817,71.15047,24.531689,90.45606,0.514512
3.0625,41.353928,-6.947092,-2.9304273,70.17457,25.0,89.93333,41.212383,-7.129074,-2.4953203,71.13774,24.644058,90.375534,0.49241278
3.066666666666667,41.353928,-6.9281588,-2.9304252,70.151855,25.0,89.9421,41.23501,-7.110485,-2.5152912,71.12354,24.75732,90.2954,0.46874395
3.0708333333333333,41.353928,-6.910775,-2.9304245,70.13099,25.0,89.950134,41.24996,-7.0928516,-2.5413685,71.10703,24.866974,90.21542,0.44195616
3.075,41.353928,-6.894909,-2.9304261,70.11193,25.0,89.95744,41.267395,-7.072214,-2.5672808,71.09132,24.972424,90.13855,0.41327906
3.0791666666666666,41.353928,-6.880522,-2.9304326,70.094635,25.0,89.964066,41.288433,-7.0563917,-2.5937805,71.07267,25.066826,90.06253,0.3854275
3.0833333333333335,41.353928,-6.8675804,-2.9304283,70.07909,25.0,89.97,41.310944,-7.045266,-2.6195164,71.0533,25.149841,89.98871,0.36067447
3.0875,41.353928,-6.8560333,-2.9304295,70.0652,25.0,89.975296,41.333088,-7.0368795,-2.6456757,71.03487,25.226795,89.917305,0.33797097
3.091666666666667,41.353928,-6.8458276,-2.9304252,70.05293,25.0,89.979965,41.355175,-7.0304575,-2.6707268,71.01828,25.295143,89.847595,0.31864244
3.095833333333333,41.353928,-6.8369136,-2.930427,70.042206,25.0,89.98404,41.3776,-7.024868,-2.694335,71.003975,25.352913,89.77986,0.30269918
3.1,41.353928,-6.8292265,-2.9304247,70.03296,25.0,89.98754,41.399857,-7.021491,-2.7146683,70.99128,25.398857,89.715294,0.29261914
3.1041666666666665,41.353928,-6.822698,-2.9304254,70.0251,25.0,89.99052,41.41972,-7.0220947,-2.7308245,70.98035,25.434628,89.654915,0.28970355
3.1083333333333334,41.353928,-6.817251,-2.930424,70.01855,25.0,89.993004,41.437805,-7.0257444,-2.7419405,70.97349,25.462795,89.597466,0.29331025
3.1125,41.353928,-6.812813,-2.9304264,70.0132,25.0,89.99502,41.455185,-7.033288,-2.7483692,70.97263,25.484806,89.54208,0.30332682
3.1166666666666667,41.353928,-6.809293,-2.9304287,70.00896,25.0,89.99662,41.47082,-7.043212,-2.750228,70.97516,25.498428,89.49179,0.31757623
3.120833333333333,41.353928,-6.806597,-2.9304268,70.005714,25.0,89.99785,41.484016,-7.054143,-2.749734,70.97985,25.506355,89.44672,0.3329443
3.125,41.353928,-6.804633,-2.9304268,70.00335,25.0,89.99874,41.4961,-7.064207,-2.7476826,70.98453,25.510693,89.406586,0.34783253
3.129166666666667,41.35393,-6.8032985,-2.9304276,70.00174,25.0,89.99934,41.506325,-7.07337,-2.7443323,70.988014,25.514473,89.36894,0.36165422
3.1333333333333333,41.353928,-6.802468,-2.9304276,70.00074,25.0,89.999725,41.515343,-7.0829983,-2.7414236,70.990005,25.518719,89.33252,0.3747995
3.1375,41.353928,-6.802038,-2.930428,70.00022,25.0,89.999916,41.523773,-7.0925245,-2.7377892,70.99152,25.520638,89.2988,0.38773647
3.1416666666666666,41.353928,-6.801874,-2.9304242,70.00003,25.0,89.99999,41.530388,-7.10087,-2.7340527,70.99135,25.51878,89.26933,0.39887166
3.1458333333333335,41.353928,-6.8018513,-2.930426,70.0,25.0,90.0,41.536404,-7.108489,-2.7300177,70.99106,25.51633,89.24258,0.40925258
3.15,41.353928,-6.8018513,-2.930426,70.0,25.0,90.0,41.541428,-7.115135,-2.7258196,70.990295,25.513737,89.21883,0.41852933
3.154166666666667,41.353928,-6.8018513,-2.930426,70.0,25.0,90.0,41.545345,-7.120495,-2.721367,70.98772,25.510864,89.19822,0.42647406
3.158333333333333,41.353928,-6.8018513,-2.930426,70.0,25.0,90.0,41.548893,-7.1246576,-2.716855,70.98428,25.507214,89.17985,0.43339118
3.1625,41.353928,-6.8018513,-2.930426,70.0,25.0,90.0,41.5522,-7.1281366,-2.712492,70.980316,25.5027,89.16355,0.43962413
3.1666666666666665,41.353928,-6.8018513,-2.930426,70.0,25.0,90.0,41.55534,-7.131448,-2.7076578,70.976456,25.496616,89.14952,0.4458995
3.1708333333333334,41.353928,-6.8018513,-2.930426,70.0,25.0,90.0,41.558487,-7.1346035,-2.702218,70.972534,25.489204,89.13813,0.45237967
3.175,41.353928,-6.8018513,-2.930426,70.0,25.0,90.0,41.56148,-7.1369963,-2.6968393,70.96854,25.481564,89.128426,0.45821768
3.1791666666666667,41.353928,-6.8018513,-2.930426,70.0,25.0,90.0,41.564354,-7.138772,-2.6914654,70.96488,25.473648,89.12004,0.4635698
3.183333333333333,41.353928,-6.8018513,-2.930426,70.0,25.0,90.0,41.567177,-7.140008,-2.6860228,70.96166,25.465416,89.1129,0.46857023
3.1875,41.353928,-6.8018513,-2.930426,70.0,25.0,90.0,41.56971,-7.1408386,-2.6805696,70.95934,25.456917,89.10726,0.47318336
3.191666666666667,41.353928,-6.8018513,-2.930426,70.0,25.0,90.0,41.572014,-7.1413,-2.675105,70.95766,25.447899,89.10296,0.47746822
3.1958333333333333,41.353928,-6.8018513,-2.930426,70.0,25.0,90.0,41.574184,-7.1415443,-2.669876,70.956406,25.439034,89.099525,0.4814464
3.2,41.353928,-6.8018513,-2.930426,70.0,25.0,90.0,41.576187,-7.141575,-2.6647568,70.95592,25.430397,89.09684,0.4851716
3.2041666666666666,41.353928,-6.8018513,-2.930426,70.0,25.0,90.0,41.577885,-7.141556,-2.6599236,70.955864,25.421993,89.09487,0.48859742
3.2083333333333335,41.353928,-6.8018513,-2.930426,70.0,25.0,90.0,41.57921,-7.1415873,-2.6554499,70.95623,25.413868,89.09354,0.49171513
3.2125,41.353928,-6.8018513,-2.930426,70.0,25.0,90.0,41.580265,-7.141757,-2.6514187,70.95686,25.406311,89.09267,0.49458018
3.216666666666667,41.353928,-6.8018513,-2.930426,70.0,25.0,90.0,41.581085,-7.142069,-2.6478815,70.957634,25.399609,89.09215,0.4971719
3.220833333333333,41.353928,-6.8018513,-2.930426,70.0,25.0,90.0,41.581688,-7.1424828,-2.6448507,70.95849,25.393822,89.09189,0.49945745
3.225,41.353928,-6.8018513,-2.930426,70.0,25.0,90.0,41.582085,-7.142969,-2.642393,70.95931,25.389019,89.09177,0.501378
3.2291666666666665,41.353928,-6.8018513,-2.930426,70.0,25.0,90.0,41.582348,-7.143409,-2.6404905,70.95998,25.38527,89.09171,0.5028915
3.2333333333333334,41.353928,-6.8018513,-2.930426,70.0,25.0,90.0,41.58253,-7.143749,-2.639145,70.96048,25.382683,89.09167,0.5039825
3.2375,41.353928,-6.8018513,-2.930426,70.0,25.0,90.0,41.582653,-7.143979,-2.6382456,70.96086,25.381004,89.09164,0.50471383
3.2416666666666667,41.353928,-6.8018513,-2.930426,70.0,25.0,90.0,41.582745,-7.1441345,-2.6376724,70.96113,25.38002,89.091606,0.5051927
3.245833333333333,41.353928,-6.8018513,-2.930426,70.0,25.0,90.0,41.5828,-7.1442137,-2.6373377,70.96133,25.37952,89.09159,0.5054662
3.25,41.353928,-6.8018513,-2.930426,70.0,25.0,90.0,41.582836,-7.1442604,-2.6371822,70.96143,25.379303,89.091576,0.50560355
3.254166666666667,41.353928,-6.8018513,-2.930426,70.0,25.0,90.0,41.58285,-7.1442776,-2.6371126,70.96151,25.379223,89.09157,0.5056625
3.2583333333333333,41.353928,-6.8018513,-2.930426,70.0,25.0,90.0,41.582863,-7.1442766,-2.6371012,70.961525,25.379208,89.09156,0.50567365
3.2625,41.353928,-6.8018513,-2.930426,70.0,25.0,90.0,41.58286,-7.1442738,-2.6371002,70.961525,25.379196,89.09156,0.50567055
3.2666666666666666,41.353928,-6.8018513,-2.930426,70.0,25.0,90.0,41.582863,-7.1442738,-2.6371012,70.961525,25.379192,89.09156,0.50567174
3.2708333333333335,41.353928,-6.8018513,-2.930426,70.0,25.0,90.0,41.58286,-7.144272,-2.6371012,70.961525,25.379192,89.09156,0.5056687
3.275,41.353928,-6.8018513,-2.930426,70.0,25.0,90.0,41.58286,-7.1442747,-2.6371021,70.961525,25.379192,89.09156,0.5056701
3.279166666666667,41.353928,-6.8018513,-2.930426,70.0,25.0,90.0,41.582863,-7.1442747,-2.6371012,70.961525,25.379192,89.09156,0.5056724
3.283333333333333,41.353928,-6.8018513,-2.930426,70.0,25.0,90.0,41.582863,-7.1442747,-2.6371002,70.961525,25.379192,89.09156,0.50567293
3.2875,41.353928,-6.8018513,-2.930426,70.0,25.0,90.0,41.582863,-7.1442766,-2.6371002,70.961525,25.379192,89.09156,0.50567424
3.2916666666666665,41.353928,-6.8018513,-2.930426,70.0,25.0,90.0,41.582863,-7.1442766,-2.6371012,70.961525,25.379192,89.09156,0.50567365
3.2958333333333334,41.353928,-6.8018513,-2.930426,70.0,25.0,90.0,41.582863,-7.1442766,-2.6371012,70.961525,25.379192,89.09156,0.50567365
3.3,41.353928,-6.8018513,-2.930426,70.0,25.0,90.0,41.582863,-7.1442766,-2.6371012,70.961525,25.379192,89.09156,0.50567365
3.3041666666666667,41.353928,-6.8018513,-2.930426,70.0,25.0,90.0,41.582863,-7.1442766,-2.6371012,70.961525,25.379192,89.09156,0.50567365
3.308333333333333,41.353928,-6.8018513,-2.930426,70.0,25.0,90.0,41.582863,-7.1442766,-2.6371002,70.961525,25.379192,89.09156,0.50567424
3.3125,41.353928,-6.8018513,-2.930426,70.0,25.0,90.0,41.582863,-7.1442747,-2.637103,70.961525,25.379192,89.09156,0.50567126
3.316666666666667,41.353928,-6.8018513,-2.930426,70.0,25.0,90.0,41.582863,-7.1442747,-2.6371012,70.961525,25.379192,89.09156,0.5056724
3.3208333333333333,41.353928,-6.8018513,-2.930426,70.0,25.0,90.0,41.582863,-7.1442757,-2.6371021,70.961525,25.379192,89.09156,0.50567245
3.325,41.353928,-6.8018513,-2.930426,70.0,25.0,90.0,41.582863,-7.1442747,-2.637103,70.961525,25.379196,89.09155,0.50567126
3.3291666666666666,41.353928,-6.8018513,-2.930426,70.0,25.0,90.0,41.582863,-7.1442757,-2.6371012,70.961525,25.379196,89.09156,0.50567305
3.3333333333333335,41.353928,-6.8018513,-2.930426,70.0,25.0,90.0,41.582863,-7.1442757,-2.6371012,70.961525,25.379196,89.09155,0.50567305
3.3375,41.353928,-6.8018513,-2.930426,70.0,25.0,90.0,41.582863,-7.1442776,-2.6370993,70.96153,25.379196,89.09155,0.50567544
3.341666666666667,41.353928,-6.8018513,-2.930426,70.0,25.0,90.0,41.582863,-7.1442776,-2.6371012,70.96152,25.3792,89.09155,0.5056743
3.345833333333333,41.353928,-6.8018513,-2.930426,70.0,25.0,90.0,41.582863,-7.1442757,-2.6370983,70.961525,25.379196,89.09155,0.50567466
3.35,41.353928,-6.8018513,-2.930426,70.0,25.0,90.0,41.582863,-7.1442747,-2.6371021,70.961525,25.379196,89.09155,0.5056718
3.3541666666666665,41.353928,-6.8018513,-2.930426,70.0,25.0,90.0,41.582863,-7.1442757,-2.637103,70.961525,25.379192,89.09155,0.5056719
3.3583333333333334,41.353928,-6.8018513,-2.930426,70.0,25.0,90.0,41.582863,-7.1442757,-2.637103,70.96153,25.379192,89.09155,0.5056719
3.3625,41.353928,-6.8018513,-2.930426,70.0,25.0,90.0,41.582867,-7.1442747,-2.6371012,70.961525,25.379192,89.091545,0.50567406
3.3666666666666667,41.353928,-6.8018513,-2.930426,70.0,25.0,90.0,41.582867,-7.1442776,-2.6371012,70.961525,25.379192,89.091545,0.50567603
3.370833333333333,41.353928,-6.8018513,-2.930426,70.0,25.0,90.0,41.582867,-7.1442776,-2.6371021,70.961525,25.379189,89.09155,0.5056755
3.375,41.353928,-6.8018513,-2.930426,70.0,25.0,90.0,41.582867,-7.1442747,-2.6370983,70.961525,25.379192,89.091545,0.5056758
3.379166666666667,41.353928,-6.8018513,-2.930426,70.0,25.0,90.0,41.58287,-7.144273,-2.6371021,70.961525,25.379189,89.091545,0.505674
3.3833333333333333,41.353928,-6.8018513,-2.930426,70.0,25.0,90.0,41.58287,-7.1442757,-2.6371012,70.961525,25.379192,89.091545,0.50567645
3.3875,41.353928,-6.8018513,-2.930426,70.0,25.0,90.0,41.58287,-7.1442804,-2.637105,70.961525,25.379192,89.091545,0.50567746
3.3916666666666666,41.353928,-6.8018513,-2.930426,70.0,25.0,90.0,41.58287,-7.1442776,-2.6371012,70.961525,25.379189,89.091545,0.50567776
3.3958333333333335,41.353928,-6.8018513,-2.930426,70.0,25.0,90.0,41.58287,-7.1442785,-2.6371012,70.96152,25.379192,89.091545,0.5056784
3.4,41.353928,-6.8018513,-2.930426,70.0,25.0,90.0,41.58287,-7.1442757,-2.6371002,70.96152,25.379185,89.09155,0.505677
3.404166666666667,41.353928,-6.8018513,-2.930426,70.0,25.0,90.0,41.58287,-7.1442776,-2.6371012,70.961525,25.379192,89.09155,0.50567776
3.408333333333333,41.353928,-6.8018513,-2.930426,70.0,25.0,90.0,41.58287,-7.1442785,-2.6371021,70.96152,25.379189,89.09155,0.5056779
3.4125,41.353928,-6.8018513,-2.930426,70.0,25.0,90.0,41.58287,-7.1442776,-2.6371021,70.96152,25.379192,89.09155,0.5056772
3.4166666666666665,41.353928,-6.8018513,-2.930426,70.0,25.0,90.0,41.58287,-7.1442776,-2.637103,70.96152,25.379189,89.09155,0.5056766
3.4208333333333334,41.353928,-6.8018513,-2.930426,70.0,25.0,90.0,41.58287,-7.1442776,-2.6371012,70.96152,25.379192,89.09155,0.50567776
3.425,41.353928,-6.8018513,-2.930426,70.0,25.0,90.0,41.58287,-7.1442776,-2.6371012,70.96152,25.379192,89.09155,0.50567776
3.4291666666666667,41.353928,-6.8018513,-2.930426,70.0,25.0,90.0,41.58287,-7.1442776,-2.6371012,70.96152,25.379192,89.09155,0.50567776
3.433333333333333,41.353928,-6.8018513,-2.930426,70.0,25.0,90.0,41.58287,-7.1442776,-2.6371012,70.96152,25.379192,89.09155,0.50567776
3.4375,41.353928,-6.8018513,-2.930426,70.0,25.0,90.0,41.58287,-7.1442776,-2.6371012,70.96152,25.379192,89.09155,0.50567776
3.441666666666667,41.353928,-6.8018513,-2.930426,70.0,25.0,90.0,41.58287,-7.1442776,-2.6371012,70.96152,25.379192,89.09155,0.50567776
3.4458333333333333,41.353928,-6.8018513,-2.930426,70.0,25.0,90.0,41.58287,-7.1442776,-2.6371012,70.96152,25.379192,89.09155,0.50567776
3.45,41.353928,-6.8018513,-2.930426,70.0,25.0,90.0,41.58287,-7.1442776,-2.6371012,70.96152,25.379192,89.09155,0.50567776
3.4541666666666666,41.353928,-6.8018513,-2.930426,70.0,25.0,90.0,41.58287,-7.1442776,-2.6371012,70.96152,25.379192,89.09155,0.50567776
3.4583333333333335,41.353928,-6.8018513,-2.930426,70.0,25.0,90.0,41.58287,-7.1442776,-2.6371012,70.96152,25.379192,89.09155,0.50567776
3.4625,41.353928,-6.8018513,-2.930426,70.0,25.0,90.0,41.58287,-7.1442776,-2.6371012,70.96152,25.379192,89.09155,0.50567776
3.466666666666667,41.353928,-6.8018513,-2.930426,70.0,25.0,90.0,41.58287,-7.1442776,-2.6371012,70.96152,25.379192,89.09155,0.50567776
3.470833333333333,41.353928,-6.8018513,-2.930426,70.0,25.0,90.0,41.58287,-7.1442776,-2.6371012,70.96152,25.379192,89.09155,0.50567776
3.475,41.353928,-6.8018513,-2.930426,70.0,25.0,90.0,41.58287,-7.1442776,-2.6371012,70.96152,25.379192,89.09155,0.50567776
3.4791666666666665,41.353928,-6.8018513,-2.930426,70.0,25.0,90.0,41.58287,-7.1442776,-2.6371012,70.96152,25.379192,89.09155,0.50567776
3.4833333333333334,41.353928,-6.8018513,-2.930426,70.0,25.0,90.0,41.58287,-7.1442776,-2.6371012,70.96152,25.379192,89.09155,0.50567776
3.4875,41.353928,-6.8018513,-2.930426,70.0,25.0,90.0,41.58287,-7.1442776,-2.6371012,70.96152,25.379192,89.09155,0.50567776
3.4916666666666667,41.353928,-6.8018513,-2.930426,70.0,25.0,90.0,41.58287,-7.1442776,-2.6371012,70.96152,25.379192,89.09155,0.50567776
3.495833333333333,41.353928,-6.8018513,-2.930426,70.0,25.0,90.0,41.58287,-7.1442776,-2.6371012,70.96152,25.379192,89.09155,0.50567776
3.5,41.353928,-6.8018513,-2.930426,70.0,25.0,90.0,41.58287,-7.1442776,-2.6371012,70.96152,25.379192,89.09155,0.50567776
3.504166666666667,41.353928,-6.8018513,-2.930426,70.0,25.0,90.0,41.58287,-7.1442776,-2.6371012,70.96152,25.379192,89.09155,0.50567776
3.5083333333333333,41.353928,-6.8018513,-2.930426,70.0,25.0,90.0,41.58287,-7.1442776,-2.6371012,70.96152,25.379192,89.09155,0.50567776
3.5125,41.353928,-6.8018513,-2.930426,70.0,25.0,90.0,41.58287,-7.1442776,-2.6371012,70.96152,25.379192,89.09155,0.50567776
3.5166666666666666,41.353928,-6.8018513,-2.930426,70.0,25.0,90.0,41.58287,-7.1442776,-2.6371012,70.96152,25.379192,89.09155,0.50567776
3.5208333333333335,41.353928,-6.8018513,-2.930426,70.0,25.0,90.0,41.58287,-7.1442776,-2.6371012,70.96152,25.379192,89.09155,0.50567776
3.525,41.353928,-6.8018513,-2.930426,70.0,25.0,90.0,41.58287,-7.1442776,-2.6371012,70.96152,25.379192,89.09155,0.50567776
3.529166666666667,41.353928,-6.8018513,-2.930426,70.0,25.0,90.0,41.58287,-7.1442776,-2.6371012,70.96152,25.379192,89.09155,0.50567776
3.533333333333333,41.353928,-6.8018513,-2.930426,70.0,25.0,90.0,41.58287,-7.1442776,-2.6371012,70.96152,25.379192,89.09155,0.50567776
3.5375,41.353928,-6.8018513,-2.930426,70.0,25.0,90.0,41.58287,-7.1442776,-2.6371012,70.96152,25.379192,89.09155,0.50567776
3.5416666666666665,41.353928,-6.8018513,-2.930426,70.0,25.0,90.0,41.58287,-7.1442776,-2.6371012,70.96152,25.379192,89.09155,0.50567776
3.5458333333333334,41.353928,-6.8018513,-2.930426,70.0,25.0,90.0,41.58287,-7.1442776,-2.6371012,70.96152,25.379192,89.09155,0.50567776
3.55,41.353928,-6.8018513,-2.930426,70.0,25.0,90.0,41.58287,-7.1442776,-2.6371012,70.96152,25.379192,89.09155,0.50567776
3.5541666666666667,41.353928,-6.8018513,-2.930426,70.0,25.0,90.0,41.58287,-7.1442776,-2.6371012,70.96152,25.379192,89.09155,0.50567776
3.558333333333333,41.353928,-6.8018513,-2.930426,70.0,25.0,90.0,41.58287,-7.1442776,-2.6371012,70.96152,25.379192,89.09155,0.50567776
3.5625,41.353928,-6.8018513,-2.930426,70.0,25.0,90.0,41.58287,-7.1442776,-2.6371012,70.96152,25.379192,89.09155,0.50567776
3.566666666666667,41.353928,-6.8018513,-2.930426,70.0,25.0,90.0,41.58287,-7.1442776,-2.6371012,70.96152,25.379192,89.09155,0.50567776
3.5708333333333333,41.353928,-6.8018513,-2.930426,70.0,25.0,90.0,41.58287,-7.1442776,-2.6371012,70.96152,25.379192,89.09155,0.50567776
3.575,41.353928,-6.8018513,-2.930426,70.0,25.0,90.0,41.58287,-7.1442757,-2.637103,70.96152,25.379192,89.09155,0.5056754
3.5791666666666666,41.353928,-6.8018513,-2.930426,70.0,25.0,90.0,41.58287,-7.1442757,-2.6371021,70.96152,25.379192,89.09155,0.5056759
3.5833333333333335,41.353928,-6.8018513,-2.930426,70.0,25.0,90.0,41.58287,-7.1442757,-2.6371021,70.96152,25.379189,89.09155,0.5056759
3.5875,41.353928,-6.8018513,-2.930426,70.0,25.0,90.0,41.582867,-7.1442757,-2.6371012,70.96152,25.379192,89.09155,0.5056747
3.591666666666667,41.353928,-6.8018513,-2.930426,70.0,25.0,90.0,41.58287,-7.1442776,-2.637103,70.96152,25.379192,89.09155,0.5056766
3.595833333333333,41.353928,-6.8018513,-2.930426,70.0,25.0,90.0,41.58287,-7.1442776,-2.6371012,70.96152,25.379189,89.09155,0.50567776
3.6,41.353928,-6.8018513,-2.930426,70.0,25.0,90.0,41.582867,-7.144273,-2.6371012,70.96152,25.379189,89.09156,0.5056728
3.6041666666666665,41.353928,-6.8018513,-2.930426,70.0,25.0,90.0,41.58287,-7.1442757,-2.6371021,70.96152,25.379189,89.09156,0.5056759
3.6083333333333334,41.353928,-6.8018513,-2.930426,70.0,25.0,90.0,41.58287,-7.1442747,-2.637103,70.96152,25.379192,89.09156,0.5056747
3.6125,41.353928,-6.8018513,-2.930426,70.0,25.0,90.0,41.58287,-7.144273,-2.6371012,70.96152,25.379192,89.09156,0.50567454
3.6166666666666667,41.353928,-6.8018513,-2.930426,70.0,25.0,90.0,41.582867,-7.1442747,-2.637107,70.96152,25.379192,89.09156,0.5056707
3.620833333333333,41.353928,-6.8018513,-2.930426,70.0,25.0,90.0,41.582863,-7.144272,-2.637103,70.961525,25.379192,89.09156,0.5056693
3.625,41.353928,-6.8018513,-2.930426,70.0,25.0,90.0,41.582863,-7.1442738,-2.6371021,70.96152,25.379192,89.09156,0.50567114
3.629166666666667,41.353928,-6.8018513,-2.930426,70.0,25.0,90.0,41.582867,-7.1442738,-2.6371002,70.961525,25.379192,89.09156,0.505674
3.6333333333333333,41.353928,-6.8018513,-2.930426,70.0,25.0,90.0,41.582867,-7.1442747,-2.6371012,70.961525,25.379189,89.09156,0.50567406
3.6375,41.353928,-6.8018513,-2.930426,70.0,25.0,90.0,41.582863,-7.144273,-2.6371002,70.961525,25.379192,89.09156,0.5056716
3.6416666666666666,41.353928,-6.8018513,-2.930426,70.0,25.0,90.0,41.582863,-7.1442738,-2.6371021,70.961525,25.379192,89.09156,0.50567114
3.6458333333333335,41.353928,-6.8018513,-2.930426,70.0,25.0,90.0,41.582863,-7.1442738,-2.637103,70.96152,25.379192,89.09156,0.5056706
3.65,41.353928,-6.8018513,-2.930426,70.0,25.0,90.0,41.582863,-7.144272,-2.6371021,70.96152,25.379189,89.09156,0.5056699
3.654166666666667,41.353928,-6.8018513,-2.930426,70.0,25.0,90.0,41.582863,-7.144272,-2.6371012,70.96152,25.379192,89.09156,0.5056704
3.658333333333333,41.353928,-6.8018513,-2.930426,70.0,25.0,90.0,41.582863,-7.1442747,-2.6371012,70.961525,25.379192,89.09156,0.5056724
3.6625,41.353928,-6.8018513,-2.930426,70.0,25.0,90.0,41.582863,-7.1442747,-2.6371012,70.961525,25.379196,89.09156,0.5056724
3.6666666666666665,41.353928,-6.8018513,-2.930426,70.0,25.0,90.0,41.582863,-7.1442738,-2.6371002,70.961525,25.379192,89.09156,0.5056723
3.6708333333333334,41.353928,-6.8018513,-2.930426,70.0,25.0,90.0,41.582863,-7.1442747,-2.6370983,70.961525,25.379192,89.09156,0.505674
3.675,41.353928,-6.8018513,-2.930426,70.0,25.0,90.0,41.582863,-7.1442766,-2.6371002,70.961525,25.379192,89.09156,0.50567424
3.6791666666666667,41.353928,-6.8018513,-2.930426,70.0,25.0,90.0,41.582863,-7.1442747,-2.6371002,70.961525,25.379192,89.09156,0.50567293
3.683333333333333,41.353928,-6.8018513,-2.930426,70.0,25.0,90.0,41.58286,-7.1442747,-2.6371021,70.961525,25.379196,89.09156,0.5056701
3.6875,41.353928,-6.8018513,-2.930426,70.0,25.0,90.0,41.582863,-7.1442757,-2.6371021,70.961525,25.379192,89.09155,0.50567245
3.691666666666667,41.353928,-6.8018513,-2.930426,70.0,25.0,90.0,41.58286,-7.1442747,-2.637104,70.961525,25.379192,89.09156,0.50566894
3.6958333333333333,41.353928,-6.8018513,-2.930426,70.0,25.0,90.0,41.582863,-7.1442747,-2.6371021,70.961525,25.379196,89.09156,0.5056718
3.7,41.353928,-6.8018513,-2.930426,70.0,25.0,90.0,41.582863,-7.1442766,-2.6371021,70.961525,25.379196,89.09156,0.5056731
3.7041666666666666,41.353928,-6.8018513,-2.930426,70.0,25.0,90.0,41.58286,-7.1442738,-2.637103,70.961525,25.379196,89.09155,0.5056689
3.7083333333333335,41.353928,-6.8018513,-2.930426,70.0,25.0,90.0,41.582863,-7.1442766,-2.6371021,70.961525,25.379192,89.09155,0.5056731
3.7125,41.353928,-6.8018513,-2.930426,70.0,25.0,90.0,41.582863,-7.1442766,-2.637104,70.961525,25.379196,89.09156,0.505672
3.716666666666667,41.353928,-6.8018513,-2.930426,70.0,25.0,90.0,41.582863,-7.1442766,-2.637103,70.961525,25.379192,89.09155,0.5056726
3.720833333333333,41.353928,-6.8018513,-2.930426,70.0,25.0,90.0,41.582863,-7.1442747,-2.6371021,70.961525,25.379192,89.09155,0.5056718
3.725,41.353928,-6.8018513,-2.930426,70.0,25.0,90.0,41.582863,-7.1442738,-2.6370983,70.96153,25.3792,89.09155,0.50567335
3.7291666666666665,41.353928,-6.8018513,-2.930426,70.0,25.0,90.0,41.582863,-7.1442747,-2.6370993,70.961525,25.379192,89.09155,0.50567347
3.7333333333333334,41.353928,-6.8018513,-2.930426,70.0,25.0,90.0,41.582863,-7.1442757,-2.6370993,70.961525,25.379192,89.09155,0.5056741
3.7375,41.353928,-6.8018513,-2.930426,70.0,25.0,90.0,41.582863,-7.144273,-2.6371002,70.961525,25.379196,89.09155,0.5056716
3.7416666666666667,41.353928,-6.8018513,-2.930426,70.0,25.0,90.0,41.582863,-7.1442776,-2.6371002,70.96153,25.379192,89.09155,0.50567484
3.745833333333333,41.353928,-6.8018513,-2.930426,70.0,25.0,90.0,41.582863,-7.1442757,-2.6371021,70.96153,25.379192,89.09155,0.50567245
3.75,41.353928,-6.8018513,-2.930426,70.0,25.0,90.0,41.582863,-7.1442757,-2.6371012,70.961525,25.379192,89.091545,0.50567305
3.754166666666667,41.353928,-6.8018513,-2.930426,70.0,25.0,90.0,41.582867,-7.1442757,-2.6370983,70.961525,25.379192,89.09155,0.5056764
3.7583333333333333,41.353928,-6.8018513,-2.930426,70.0,25.0,90.0,41.582863,-7.1442776,-2.6370993,70.961525,25.379192,89.091545,0.50567544
3.7625,41.353928,-6.8018513,-2.930426,70.0,25.0,90.0,41.582867,-7.1442757,-2.6371002,70.961525,25.379196,89.09155,0.5056753
3.7666666666666666,41.353928,-6.8018513,-2.930426,70.0,25.0,90.0,41.582863,-7.1442747,-2.6371002,70.961525,25.379192,89.091545,0.50567293
3.7708333333333335,41.353928,-6.8018513,-2.930426,70.0,25.0,90.0,41.58287,-7.1442776,-2.6371002,70.961525,25.379192,89.091545,0.5056783
3.775,41.353928,-6.8018513,-2.930426,70.0,25.0,90.0,41.58287,-7.1442785,-2.6371012,70.961525,25.379192,89.091545,0.5056784
3.779166666666667,41.353928,-6.8018513,-2.930426,70.0,25.0,90.0,41.58287,-7.1442776,-2.6371012,70.961525,25.379189,89.09155,0.50567776
3.783333333333333,41.353928,-6.8018513,-2.930426,70.0,25.0,90.0,41.58287,-7.1442785,-2.637103,70.961525,25.379192,89.091545,0.5056773
3.7875,41.353928,-6.8018513,-2.930426,70.0,25.0,90.0,41.582867,-7.1442757,-2.6370993,70.961525,25.379192,89.09155,0.50567585
3.7916666666666665,41.353928,-6.8018513,-2.930426,70.0,25.0,90.0,41.58287,-7.1442757,-2.6370993,70.961525,25.379192,89.09155,0.5056776
3.7958333333333334,41.353928,-6.8018513,-2.930426,70.0,25.0,90.0,41.582867,-7.1442747,-2.637103,70.96152,25.379192,89.09155,0.505673
3.8,41.353928,-6.8018513,-2.930426,70.0,25.0,90.0,41.582867,-7.1442747,-2.637105,70.96152,25.379192,89.09155,0.50567186
3.8041666666666667,41.353928,-6.8018513,-2.930426,70.0,25.0,90.0,41.582867,-7.1442747,-2.637103,70.96152,25.379192,89.09155,0.505673
3.808333333333333,41.353928,-6.8018513,-2.930426,70.0,25.0,90.0,41.58287,-7.1442776,-2.637104,70.961525,25.379192,89.09155,0.5056761
3.8125,41.353928,-6.8018513,-2.930426,70.0,25.0,90.0,41.58287,-7.1442776,-2.637103,70.961525,25.379192,89.09155,0.5056766
3.816666666666667,41.353928,-6.8018513,-2.930426,70.0,25.0,90.0,41.58287,-7.1442776,-2.637103,70.961525,25.379192,89.09155,0.5056766
3.8208333333333333,41.353928,-6.8018513,-2.930426,70.0,25.0,90.0,41.58287,-7.1442776,-2.637103,70.961525,25.379192,89.09155,0.5056766
3.825,41.353928,-6.8018513,-2.930426,70.0,25.0,90.0,41.58287,-7.1442776,-2.637103,70.961525,25.379192,89.09155,0.5056766
3.8291666666666666,41.353928,-6.8018513,-2.930426,70.0,25.0,90.0,41.58287,-7.1442776,-2.637103,70.961525,25.379192,89.09155,0.5056766
3.8333333333333335,41.353928,-6.8018513,-2.930426,70.0,25.0,90.0,41.58287,-7.1442776,-2.637103,70.961525,25.379192,89.09155,0.5056766
3.8375,41.353928,-6.8018513,-2.930426,70.0,25.0,90.0,41.58287,-7.1442776,-2.637103,70.961525,25.379192,89.09155,0.5056766
3.841666666666667,41.353928,-6.8018513,-2.930426,70.0,25.0,90.0,41.58287,-7.1442776,-2.637103,70.961525,25.379192,89.09155,0.5056766
3.845833333333333,41.353928,-6.8018513,-2.930426,70.0,25.0,90.0,41.58287,-7.1442776,-2.637103,70.961525,25.379192,89.09155,0.5056766
3.85,41.353928,-6.8018513,-2.930426,70.0,25.0,90.0,41.58287,-7.1442776,-2.637103,70.961525,25.379192,89.09155,0.5056766
3.8541666666666665,41.353928,-6.8018513,-2.930426,70.0,25.0,90.0,41.58287,-7.1442776,-2.637103,70.961525,25.379192,89.09155,0.5056766
3.8583333333333334,41.353928,-6.8018513,-2.930426,70.0,25.0,90.0,41.58287,-7.1442776,-2.637103,70.961525,25.379192,89.09155,0.5056766
3.8625,41.353928,-6.8018513,-2.930426,70.0,25.0,90.0,41.58287,-7.1442776,-2.637103,70.961525,25.379192,89.09155,0.5056766
3.8666666666666667,41.353928,-6.8018513,-2.930426,70.0,25.0,90.0,41.58287,-7.1442776,-2.637103,70.961525,25.379192,89.09155,0.5056766
3.870833333333333,41.353928,-6.8018513,-2.930426,70.0,25.0,90.0,41.58287,-7.1442776,-2.637103,70.961525,25.379192,89.09155,0.5056766
3.875,41.353928,-6.8018513,-2.930426,70.0,25.0,90.0,41.58287,-7.1442776,-2.637103,70.961525,25.379192,89.09155,0.5056766
3.879166666666667,41.353928,-6.8018513,-2.930426,70.0,25.0,90.0,41.58287,-7.1442776,-2.637103,70.961525,25.379192,89.09155,0.5056766
3.8833333333333333,41.353928,-6.8018513,-2.930426,70.0,25.0,90.0,41.58287,-7.1442776,-2.637103,70.961525,25.379192,89.09155,0.5056766
3.8875,41.353928,-6.8018513,-2.930426,70.0,25.0,90.0,41.58287,-7.1442776,-2.637103,70.961525,25.379192,89.09155,0.5056766
3.8916666666666666,41.353928,-6.8018513,-2.930426,70.0,25.0,90.0,41.58287,-7.1442776,-2.637103,70.961525,25.379192,89.09155,0.5056766
3.8958333333333335,41.353928,-6.8018513,-2.930426,70.0,25.0,90.0,41.58287,-7.1442776,-2.637103,70.961525,25.379192,89.09155,0.5056766
3.9,41.353928,-6.8018513,-2.930426,70.0,25.0,90.0,41.58287,-7.1442776,-2.637103,70.961525,25.379192,89.09155,0.5056766
3.904166666666667,41.353928,-6.8018513,-2.930426,70.0,25.0,90.0,41.58287,-7.1442776,-2.637103,70.961525,25.379192,89.09155,0.5056766
3.908333333333333,41.353928,-6.8018513,-2.930426,70.0,25.0,90.0,41.58287,-7.1442776,-2.637103,70.961525,25.379192,89.09155,0.5056766
3.9125,41.353928,-6.8018513,-2.930426,70.0,25.0,90.0,41.58287,-7.1442776,-2.637103,70.961525,25.379192,89.09155,0.5056766
3.9166666666666665,41.353928,-6.8018513,-2.930426,70.0,25.0,90.0,41.58287,-7.1442776,-2.637103,70.961525,25.379192,89.09155,0.5056766
3.9208333333333334,41.353928,-6.8018513,-2.930426,70.0,25.0,90.0,41.58287,-7.1442776,-2.637103,70.961525,25.379192,89.09155,0.5056766
3.925,41.353928,-6.8018513,-2.930426,70.0,25.0,90.0,41.58287,-7.1442776,-2.637103,70.961525,25.379192,89.09155,0.5056766
3.9291666666666667,41.353928,-6.8018513,-2.930426,70.0,25.0,90.0,41.58287,-7.1442776,-2.637103,70.961525,25.379192,89.09155,0.5056766
3.933333333333333,41.353928,-6.8018513,-2.930426,70.0,25.0,90.0,41.58287,-7.1442776,-2.637103,70.961525,25.379192,89.09155,0.5056766
3.9375,41.353928,-6.8018513,-2.930426,70.0,25.0,90.0,41.58287,-7.1442776,-2.637103,70.961525,25.379192,89.09155,0.5056766
3.941666666666667,41.353928,-6.8018513,-2.930426,70.0,25.0,90.0,41.58287,-7.1442776,-2.637103,70.961525,25.379192,89.09155,0.5056766
3.9458333333333333,41.353928,-6.8018513,-2.930426,70.0,25.0,90.0,41.58287,-7.1442776,-2.637103,70.961525,25.379192,89.09155,0.5056766
3.95,41.353928,-6.8018513,-2.930426,70.0,25.0,90.0,41.58287,-7.1442776,-2.637103,70.961525,25.379192,89.09155,0.5056766
3.9541666666666666,41.353928,-6.8018513,-2.930426,70.0,25.0,90.0,41.58287,-7.1442776,-2.637103,70.961525,25.379192,89.09155,0.5056766
3.9583333333333335,41.353928,-6.8018513,-2.930426,70.0,25.0,90.0,41.58287,-7.1442776,-2.637103,70.961525,25.379192,89.09155,0.5056766
3.9625,41.353928,-6.8018513,-2.930426,70.0,25.0,90.0,41.58287,-7.1442776,-2.637103,70.961525,25.379192,89.09155,0.5056766
3.966666666666667,41.353928,-6.8018513,-2.930426,70.0,25.0,90.0,41.58287,-7.1442757,-2.637104,70.961525,25.379192,89.09155,0.5056748
3.970833333333333,41.353928,-6.8018513,-2.930426,70.0,25.0,90.0,41.58287,-7.1442776,-2.637104,70.96152,25.379192,89.09155,0.5056761
3.975,41.353928,-6.8018513,-2.930426,70.0,25.0,90.0,41.582867,-7.1442766,-2.6371021,70.961525,25.379192,89.09155,0.50567484
3.9791666666666665,41.353928,-6.8018513,-2.930426,70.0,25.0,90.0,41.582867,-7.1442757,-2.6371012,70.961525,25.379192,89.09155,0.5056747
3.9833333333333334,41.353928,-6.8018513,-2.930426,70.0,25.0,90.0,41.58287,-7.1442757,-2.6371002,70.961525,25.379189,89.09155,0.505677
3.9875,41.353928,-6.8018513,-2.930426,70.0,25.0,90.0,41.58287,-7.1442757,-2.6371021,70.961525,25.379192,89.09155,0.5056759
3.9916666666666667,41.353928,-6.8018513,-2.930426,70.0,25.0,90.0,41.582867,-7.1442747,-2.637103,70.961525,25.379192,89.09155,0.505673
3.995833333333333,41.353928,-6.8018513,-2.930426,70.0,25.0,90.0,41.582867,-7.1442757,-2.637104,70.961525,25.379189,89.09156,0.5056731
4.0,41.353928,-6.8018513,-2.930426,70.0,25.0,90.0,41.582867,-7.1442757,-2.6371002,70.961525,25.379189,89.09156,0.5056753
4.004166666666666,41.353928,-6.8018513,-2.930426,70.0,25.0,90.0,41.582867,-7.1442747,-2.637103,70.96152,25.379192,89.09156,0.505673
4.008333333333334,41.353928,-6.8018513,-2.930426,70.0,25.0,90.0,41.582867,-7.144273,-2.637103,70.96152,25.379196,89.09156,0.5056717
4.0125,41.353928,-6.8018513,-2.930426,70.0,25.0,90.0,41.582867,-7.1442747,-2.637105,70.96152,25.379189,89.09156,0.50567186
4.016666666666667,41.353928,-6.8018513,-2.930426,70.0,25.0,90.0,41.582863,-7.144273,-2.637103,70.96152,25.379185,89.09156,0.50566995
4.020833333333333,41.353928,-6.8018513,-2.930426,70.0,25.0,90.0,41.582863,-7.1442747,-2.6371012,70.96152,25.379189,89.09157,0.5056724
4.025,41.353928,-6.8018513,-2.930426,70.0,25.0,90.0,41.582863,-7.1442747,-2.6371002,70.96152,25.379189,89.09156,0.50567293
4.029166666666667,41.353928,-6.8018513,-2.930426,70.0,25.0,90.0,41.582863,-7.1442747,-2.6371002,70.961525,25.379189,89.09156,0.50567293
4.033333333333333,41.353928,-6.8018513,-2.930426,70.0,25.0,90.0,41.582863,-7.144272,-2.6371002,70.961525,25.379185,89.09156,0.50567096
4.0375,41.353928,-6.8018513,-2.930426,70.0,25.0,90.0,41.582863,-7.1442747,-2.6371021,70.961525,25.379192,89.09156,0.5056718
4.041666666666667,41.353928,-6.8018513,-2.930426,70.0,25.0,90.0,41.582863,-7.1442747,-2.6371012,70.961525,25.379192,89.09156,0.5056724
4.045833333333333,41.353928,-6.8018513,-2.930426,70.0,25.0,90.0,41.582863,-7.144271,-2.6371012,70.961525,25.379192,89.09156,0.5056698
4.05,41.353928,-6.8018513,-2.930426,70.0,25.0,90.0,41.582863,-7.1442738,-2.637103,70.961525,25.379196,89.09156,0.5056706
4.054166666666666,41.353928,-6.8018513,-2.930426,70.0,25.0,90.0,41.582863,-7.1442747,-2.6370993,70.961525,25.379192,89.09156,0.50567347
4.058333333333334,41.353928,-6.8018513,-2.930426,70.0,25.0,90.0,41.582863,-7.1442747,-2.6371012,70.961525,25.379192,89.09156,0.5056724
4.0625,41.353928,-6.8018513,-2.930426,70.0,25.0,90.0,41.58286,-7.1442766,-2.6371002,70.961525,25.379192,89.09156,0.50567245
4.066666666666666,41.353928,-6.8018513,-2.930426,70.0,25.0,90.0,41.582863,-7.1442747,-2.6371012,70.961525,25.379192,89.09156,0.5056724
4.070833333333334,41.353928,-6.8018513,-2.930426,70.0,25.0,90.0,41.582863,-7.1442747,-2.6371021,70.961525,25.379196,89.09156,0.5056718
4.075,41.353928,-6.8018513,-2.930426,70.0,25.0,90.0,41.582863,-7.1442747,-2.6370993,70.961525,25.379196,89.09156,0.50567347
4.079166666666667,41.353928,-6.8018513,-2.930426,70.0,25.0,90.0,41.58286,-7.1442738,-2.6370983,70.961525,25.379192,89.09156,0.5056716
4.083333333333333,41.353928,-6.8018513,-2.930426,70.0,25.0,90.0,41.58286,-7.1442747,-2.6371012,70.961525,25.379192,89.09156,0.50567067
4.0875,41.353928,-6.8018513,-2.930426,70.0,25.0,90.0,41.582863,-7.1442738,-2.6371002,70.961525,25.379192,89.09156,0.5056723
4.091666666666667,41.353928,-6.8018513,-2.930426,70.0,25.0,90.0,41.582863,-7.1442747,-2.6370993,70.961525,25.379192,89.09155,0.50567347
4.095833333333333,41.353928,-6.8018513,-2.930426,70.0,25.0,90.0,41.58286,-7.1442747,-2.6370993,70.961525,25.379192,89.09156,0.50567174
4.1,41.353928,-6.8018513,-2.930426,70.0,25.0,90.0,41.582863,-7.1442747,-2.6371002,70.961525,25.379192,89.09156,0.50567293
4.104166666666667,41.353928,-6.8018513,-2.930426,70.0,25.0,90.0,41.582863,-7.1442738,-2.6371002,70.961525,25.379192,89.09156,0.5056723
4.108333333333333,41.353928,-6.8018513,-2.930426,70.0,25.0,90.0,41.58286,-7.1442766,-2.6371012,70.961525,25.379189,89.09155,0.5056719
4.1125,41.353928,-6.8018513,-2.930426,70.0,25.0,90.0,41.58286,-7.1442766,-2.637103,70.961525,25.379192,89.09156,0.5056708
4.116666666666666,41.353928,-6.8018513,-2.930426,70.0,25.0,90.0,41.58286,-7.144273,-2.6371021,70.961525,25.379192,89.09155,0.5056688
4.120833333333334,41.353928,-6.8018513,-2.930426,70.0,25.0,90.0,41.58286,-7.1442747,-2.6370964,70.96153,25.379196,89.09155,0.5056734
4.125,41.353928,-6.8018513,-2.930426,70.0,25.0,90.0,41.58286,-7.1442766,-2.6370964,70.961525,25.379192,89.09155,0.5056747
4.129166666666666,41.353928,-6.8018513,-2.930426,70.0,25.0,90.0,41.582863,-7.1442747,-2.6371021,70.961525,25.379196,89.09155,0.5056718
4.133333333333334,41.353928,-6.8018513,-2.930426,70.0,25.0,90.0,41.582863,-7.1442747,-2.6370993,70.961525,25.379192,89.09155,0.50567347
4.1375,41.353928,-6.8018513,-2.930426,70.0,25.0,90.0,41.582863,-7.1442757,-2.6370993,70.96153,25.379192,89.09155,0.5056741
4.141666666666667,41.353928,-6.8018513,-2.930426,70.0,25.0,90.0,41.582863,-7.1442747,-2.6371012,70.96153,25.3792,89.09155,0.5056724
4.145833333333333,41.353928,-6.8018513,-2.930426,70.0,25.0,90.0,41.582863,-7.1442776,-2.6370993,70.961525,25.379189,89.09155,0.50567544
4.15,41.353928,-6.8018513,-2.930426,70.0,25.0,90.0,41.582867,-7.1442757,-2.6370993,70.961525,25.379192,89.09155,0.50567585
4.154166666666667,41.353928,-6.8018513,-2.930426,70.0,25.0,90.0,41.582867,-7.1442757,-2.6370993,70.961525,25.379192,89.091545,0.50567585
4.158333333333333,41.353928,-6.8018513,-2.930426,70.0,25.0,90.0,41.582867,-7.1442757,-2.6371012,70.961525,25.379192,89.09155,0.5056747
4.1625,41.353928,-6.8018513,-2.930426,70.0,25.0,90.0,41.582867,-7.1442757,-2.6371021,70.961525,25.379192,89.09155,0.5056742
4.166666666666667,41.353928,-6.8018513,-2.930426,70.0,25.0,90.0,41.582867,-7.1442757,-2.6371012,70.961525,25.379192,89.09155,0.5056747
4.170833333333333,41.353928,-6.8018513,-2.930426,70.0,25.0,90.0,41.58287,-7.1442757,-2.637103,70.961525,25.379192,89.09155,0.5056754
4.175,41.353928,-6.8018513,-2.930426,70.0,25.0,90.0,41.582867,-7.1442757,-2.6370993,70.961525,25.379192,89.09155,0.50567585
4.179166666666666,41.353928,-6.8018513,-2.930426,70.0,25.0,90.0,41.582867,-7.1442776,-2.6371021,70.961525,25.379192,89.09155,0.5056755
4.183333333333334,41.353928,-6.8018513,-2.930426,70.0,25.0,90.0,41.582867,-7.1442757,-2.6371012,70.96152,25.379189,89.09155,0.5056747
4.1875,41.353928,-6.8018513,-2.930426,70.0,25.0,90.0,41.582867,-7.1442757,-2.637103,70.961525,25.379189,89.09155,0.50567365
4.191666666666666,41.353928,-6.8018513,-2.930426,70.0,25.0,90.0,41.582867,-7.1442757,-2.6371012,70.961525,25.379192,89.09155,0.5056747
4.195833333333334,41.353928,-6.8018513,-2.930426,70.0,25.0,90.0,41.582867,-7.1442757,-2.6371002,70.961525,25.379196,89.09155,0.5056753
4.2,41.353928,-6.8018513,-2.930426,70.0,25.0,90.0,41.582863,-7.1442757,-2.6371002,70.961525,25.379192,89.09155,0.5056736
4.204166666666667,41.353928,-6.8018513,-2.930426,70.0,25.0,90.0,41.582863,-7.1442757,-2.6371012,70.961525,25.379192,89.09155,0.50567305
4.208333333333333,41.353928,-6.8018513,-2.930426,70.0,25.0,90.0,41.582863,-7.1442757,-2.6371012,70.961525,25.379192,89.09155,0.50567305
4.2125,41.353928,-6.8018513,-2.930426,70.0,25.0,90.0,41.582863,-7.1442757,-2.6371012,70.961525,25.379192,89.09155,0.50567305
4.216666666666667,41.353928,-6.8018513,-2.930426,70.0,25.0,90.0,41.582863,-7.1442757,-2.6371012,70.961525,25.379192,89.09155,0.50567305
4.220833333333333,41.353928,-6.8018513,-2.930426,70.0,25.0,90.0,41.582863,-7.1442757,-2.6371012,70.961525,25.379192,89.09155,0.50567305
4.225,41.353928,-6.8018513,-2.930426,70.0,25.0,90.0,41.582863,-7.1442757,-2.6371012,70.961525,25.379192,89.09155,0.50567305
4.229166666666667,41.353928,-6.8018513,-2.930426,70.0,25.0,90.0,41.582863,-7.1442757,-2.6371012,70.961525,25.379192,89.09155,0.50567305
4.233333333333333,41.353928,-6.8018513,-2.930426,70.0,25.0,90.0,41.582863,-7.1442757,-2.6371012,70.961525,25.379192,89.09155,0.50567305
4.2375,41.353928,-6.8018513,-2.930426,70.0,25.0,90.0,41.582863,-7.1442757,-2.6371012,70.961525,25.379192,89.09155,0.50567305
4.241666666666666,41.353928,-6.8018513,-2.930426,70.0,25.0,90.0,41.582863,-7.1442757,-2.6371012,70.961525,25.379192,89.09155,0.50567305
4.245833333333334,41.353928,-6.8018513,-2.930426,70.0,25.0,90.0,41.582863,-7.1442757,-2.6371012,70.961525,25.379192,89.09155,0.50567305
4.25,41.353928,-6.8018513,-2.930426,70.0,25.0,90.0,41.582863,-7.1442757,-2.6371012,70.961525,25.379192,89.09155,0.50567305
4.254166666666666,41.353928,-6.8018513,-2.930426,70.0,25.0,90.0,41.582863,-7.1442757,-2.6371012,70.961525,25.379192,89.09155,0.50567305
4.258333333333334,41.353928,-6.8018513,-2.930426,70.0,25.0,90.0,41.582863,-7.1442757,-2.6371012,70.961525,25.379192,89.09155,0.50567305
4.2625,41.353928,-6.8018513,-2.930426,70.0,25.0,90.0,41.582863,-7.1442757,-2.6371012,70.961525,25.379192,89.09155,0.50567305
4.266666666666667,41.353928,-6.8018513,-2.930426,70.0,25.0,90.0,41.582863,-7.1442757,-2.6371012,70.961525,25.379192,89.09155,0.50567305
4.270833333333333,41.353928,-6.8018513,-2.930426,70.0,25.0,90.0,41.582863,-7.1442757,-2.6371012,70.961525,25.379192,89.09155,0.50567305
4.275,41.353928,-6.8018513,-2.930426,70.0,25.0,90.0,41.582863,-7.1442757,-2.6371012,70.961525,25.379192,89.09155,0.50567305
4.279166666666667,41.353928,-6.8018513,-2.930426,70.0,25.0,90.0,41.582863,-7.1442757,-2.6371012,70.961525,25.379192,89.09155,0.50567305
4.283333333333333,41.353928,-6.8018513,-2.930426,70.0,25.0,90.0,41.582863,-7.1442757,-2.6371012,70.961525,25.379192,89.09155,0.50567305
4.2875,41.353928,-6.8018513,-2.930426,70.0,25.0,90.0,41.582863,-7.1442757,-2.6371012,70.961525,25.379192,89.09155,0.50567305
4.291666666666667,41.353928,-6.8018513,-2.930426,70.0,25.0,90.0,41.582863,-7.1442757,-2.6371012,70.961525,25.379192,89.09155,0.50567305
4.295833333333333,41.353928,-6.8018513,-2.930426,70.0,25.0,90.0,41.582863,-7.1442757,-2.6371012,70.961525,25.379192,89.09155,0.50567305
4.3,41.353928,-6.8018513,-2.930426,70.0,25.0,90.0,41.582863,-7.1442757,-2.6371012,70.961525,25.379192,89.09155,0.50567305
4.304166666666666,41.353928,-6.8018513,-2.930426,70.0,25.0,90.0,41.582863,-7.1442757,-2.6371012,70.961525,25.379192,89.09155,0.50567305
4.308333333333334,41.353928,-6.8018513,-2.930426,70.0,25.0,90.0,41.582863,-7.1442757,-2.6371012,70.961525,25.379192,89.09155,0.50567305
4.3125,41.353928,-6.8018513,-2.930426,70.0,25.0,90.0,41.582863,-7.1442757,-2.6371012,70.961525,25.379192,89.09155,0.50567305
4.316666666666666,41.353928,-6.8018513,-2.930426,70.0,25.0,90.0,41.582863,-7.1442757,-2.6371012,70.961525,25.379192,89.09155,0.50567305
4.320833333333334,41.353928,-6.8018513,-2.930426,70.0,25.0,90.0,41.582863,-7.1442757,-2.6371012,70.961525,25.379192,89.09155,0.50567305
4.325,41.353928,-6.8018513,-2.930426,70.0,25.0,90.0,41.582863,-7.1442757,-2.6371012,70.961525,25.379192,89.09155,0.50567305
4.329166666666667,41.353928,-6.8018513,-2.930426,70.0,25.0,90.0,41.582863,-7.1442757,-2.6371012,70.961525,25.379192,89.09155,0.50567305
4.333333333333333,41.353928,-6.8018513,-2.930426,70.0,25.0,90.0,41.582863,-7.1442757,-2.6371012,70.961525,25.379192,89.09155,0.50567305
4.3375,41.353928,-6.8018513,-2.930426,70.0,25.0,90.0,41.582863,-7.1442757,-2.6371012,70.961525,25.379192,89.09155,0.50567305
4.341666666666667,41.353928,-6.8018513,-2.930426,70.0,25.0,90.0,41.582863,-7.1442757,-2.6371012,70.961525,25.379192,89.09155,0.50567305
4.345833333333333,41.353928,-6.8018513,-2.930426,70.0,25.0,90.0,41.582863,-7.1442757,-2.6371012,70.961525,25.379192,89.09155,0.50567305
4.35,41.353928,-6.8018513,-2.930426,70.0,25.0,90.0,41.582863,-7.1442757,-2.6371012,70.961525,25.379192,89.09155,0.50567305
4.354166666666667,41.353928,-6.8018513,-2.930426,70.0,25.0,90.0,41.582863,-7.1442757,-2.6371012,70.961525,25.379192,89.09155,0.50567305
4.358333333333333,41.353928,-6.8018513,-2.930426,70.0,25.0,90.0,41.582863,-7.1442757,-2.6371012,70.961525,25.379192,89.09155,0.50567305
4.3625,41.353928,-6.8018513,-2.930426,70.0,25.0,90.0,41.582863,-7.1442757,-2.6371012,70.961525,25.379196,89.09155,0.50567305
4.366666666666666,41.353928,-6.8018513,-2.930426,70.0,25.0,90.0,41.582863,-7.1442757,-2.6371002,70.961525,25.379192,89.09155,0.5056736
4.370833333333334,41.353928,-6.8018513,-2.930426,70.0,25.0,90.0,41.582867,-7.1442757,-2.6371002,70.961525,25.379192,89.09155,0.5056753
4.375,41.353928,-6.8018513,-2.930426,70.0,25.0,90.0,41.582867,-7.1442757,-2.6371002,70.961525,25.379192,89.09155,0.5056753
4.379166666666666,41.353928,-6.8018513,-2.930426,70.0,25.0,90.0,41.582867,-7.1442776,-2.637103,70.961525,25.379192,89.09156,0.5056749
4.383333333333334,41.353928,-6.8018513,-2.930426,70.0,25.0,90.0,41.582863,-7.1442747,-2.637103,70.961525,25.379192,89.09155,0.50567126
4.3875,41.353928,-6.8018513,-2.930426,70.0,25.0,90.0,41.582863,-7.144273,-2.637103,70.961525,25.379189,89.09156,0.50566995
4.391666666666667,41.353928,-6.8018513,-2.930426,70.0,25.0,90.0,41.582867,-7.144272,-2.637105,70.96152,25.379189,89.09156,0.50566995
4.395833333333333,41.353928,-6.8018513,-2.930426,70.0,25.0,90.0,41.582863,-7.144272,-2.6371021,70.96152,25.379192,89.09156,0.5056699
4.4,41.353928,-6.8018513,-2.930426,70.0,25.0,90.0,41.58287,-7.144273,-2.637104,70.96152,25.379196,89.09156,0.5056729
4.404166666666667,41.353928,-6.8018513,-2.930426,70.0,25.0,90.0,41.582863,-7.144272,-2.637104,70.96152,25.379189,89.09156,0.50566876
4.408333333333333,41.353928,-6.8018513,-2.930426,70.0,25.0,90.0,41.582867,-7.1442747,-2.637104,70.961525,25.379189,89.09156,0.50567245
4.4125,41.353928,-6.8018513,-2.930426,70.0,25.0,90.0,41.582863,-7.1442747,-2.637103,70.961525,25.379189,89.09156,0.50567126
4.416666666666667,41.353928,-6.8018513,-2.930426,70.0,25.0,90.0,41.582863,-7.1442738,-2.6371021,70.96152,25.379196,89.09156,0.50567114
4.420833333333333,41.353928,-6.8018513,-2.930426,70.0,25.0,90.0,41.582863,-7.1442747,-2.6371002,70.961525,25.379189,89.09156,0.50567293
4.425,41.353928,-6.8018513,-2.930426,70.0,25.0,90.0,41.582863,-7.14427,-2.6371002,70.961525,25.379189,89.09156,0.5056697
4.429166666666666,41.353928,-6.8018513,-2.930426,70.0,25.0,90.0,41.582863,-7.1442738,-2.6371021,70.961525,25.379192,89.09156,0.50567114
4.433333333333334,41.353928,-6.8018513,-2.930426,70.0,25.0,90.0,41.582863,-7.144272,-2.6371021,70.961525,25.379192,89.09156,0.5056699
4.4375,41.353928,-6.8018513,-2.930426,70.0,25.0,90.0,41.58286,-7.1442738,-2.6371021,70.961525,25.379192,89.09156,0.5056695
4.441666666666666,41.353928,-6.8018513,-2.930426,70.0,25.0,90.0,41.58286,-7.1442738,-2.6371012,70.961525,25.379192,89.09156,0.50567
4.445833333333334,41.353928,-6.8018513,-2.930426,70.0,25.0,90.0,41.58286,-7.1442747,-2.6370993,70.961525,25.379192,89.09156,0.50567174
4.45,41.353928,-6.8018513,-2.930426,70.0,25.0,90.0,41.582863,-7.1442747,-2.6371012,70.961525,25.379192,89.09156,0.5056724
4.454166666666667,41.353928,-6.8018513,-2.930426,70.0,25.0,90.0,41.58286,-7.1442766,-2.6371012,70.961525,25.379192,89.09156,0.5056719
4.458333333333333,41.353928,-6.8018513,-2.930426,70.0,25.0,90.0,41.58286,-7.1442747,-2.6370993,70.961525,25.379192,89.09156,0.50567174
4.4625,41.353928,-6.8018513,-2.930426,70.0,25.0,90.0,41.58286,-7.1442776,-2.6371012,70.961525,25.379192,89.09156,0.5056726
4.466666666666667,41.353928,-6.8018513,-2.930426,70.0,25.0,90.0,41.58286,-7.1442766,-2.6370993,70.961525,25.379192,89.09156,0.50567305
4.470833333333333,41.353928,-6.8018513,-2.930426,70.0,25.0,90.0,41.58286,-7.1442747,-2.6371002,70.961525,25.379192,89.09156,0.50567114
4.475,41.353928,-6.8018513,-2.930426,70.0,25.0,90.0,41.58286,-7.1442747,-2.6371012,70.961525,25.379196,89.09156,0.50567067
4.479166666666667,41.353928,-6.8018513,-2.930426,70.0,25.0,90.0,41.58286,-7.1442747,-2.6370993,70.961525,25.379192,89.09156,0.50567174
4.483333333333333,41.353928,-6.8018513,-2.930426,70.0,25.0,90.0,41.582863,-7.1442747,-2.6371012,70.961525,25.379196,89.09156,0.5056724
4.4875,41.353928,-6.8018513,-2.930426,70.0,25.0,90.0,41.58286,-7.1442747,-2.6371012,70.961525,25.379192,89.09156,0.50567067
4.491666666666666,41.353928,-6.8018513,-2.930426,70.0,25.0,90.0,41.58286,-7.1442766,-2.6371002,70.961525,25.379192,89.09156,0.50567245
4.495833333333334,41.353928,-6.8018513,-2.930426,70.0,25.0,90.0,41.58286,-7.1442747,-2.6371002,70.961525,25.379196,89.09156,0.50567114
4.5,41.353928,-6.8018513,-2.930426,70.0,25.0,90.0,41.58286,-7.1442747,-2.6371002,70.96153,25.379192,89.09156,0.50567114
4.504166666666666,41.353928,-6.8018513,-2.930426,70.0,25.0,90.0,41.58286,-7.1442747,-2.6371002,70.96153,25.379192,89.09156,0.50567114
4.508333333333334,41.353928,-6.8018513,-2.930426,70.0,25.0,90.0,41.58286,-7.1442738,-2.6371012,70.96153,25.379192,89.09156,0.50567
4.5125,41.353928,-6.8018513,-2.930426,70.0,25.0,90.0,41.58286,-7.1442738,-2.6370983,70.96153,25.379192,89.09156,0.5056716
4.516666666666667,41.353928,-6.8018513,-2.930426,70.0,25.0,90.0,41.582863,-7.144273,-2.6370964,70.96153,25.379192,89.09155,0.5056738
4.520833333333333,41.353928,-6.8018513,-2.930426,70.0,25.0,90.0,41.582863,-7.1442747,-2.6371021,70.96153,25.379196,89.09155,0.5056718
4.525,41.353928,-6.8018513,-2.930426,70.0,25.0,90.0,41.58286,-7.1442738,-2.6371002,70.961525,25.3792,89.09155,0.50567055
4.529166666666667,41.353928,-6.8018513,-2.930426,70.0,25.0,90.0,41.58286,-7.1442776,-2.6371012,70.961525,25.379196,89.09155,0.5056726
4.533333333333333,41.353928,-6.8018513,-2.930426,70.0,25.0,90.0,41.582863,-7.1442776,-2.6371002,70.96153,25.3792,89.09155,0.50567484
4.5375,41.353928,-6.8018513,-2.930426,70.0,25.0,90.0,41.582863,-7.1442747,-2.6371012,70.961525,25.379192,89.09155,0.5056724
4.541666666666667,41.353928,-6.8018513,-2.930426,70.0,25.0,90.0,41.582863,-7.1442747,-2.6370993,70.961525,25.379196,89.09155,0.50567347
4.545833333333333,41.353928,-6.8018513,-2.930426,70.0,25.0,90.0,41.582863,-7.1442747,-2.6371002,70.96153,25.379192,89.09155,0.50567293
4.55,41.353928,-6.8018513,-2.930426,70.0,25.0,90.0,41.582863,-7.1442757,-2.6370993,70.961525,25.379192,89.09155,0.5056741
4.554166666666666,41.353928,-6.8018513,-2.930426,70.0,25.0,90.0,41.582863,-7.144273,-2.6371002,70.961525,25.379196,89.09155,0.5056716
4.558333333333334,41.353928,-6.8018513,-2.930426,70.0,25.0,90.0,41.582867,-7.1442757,-2.6371012,70.961525,25.379192,89.091545,0.5056747
4.5625,41.353928,-6.8018513,-2.930426,70.0,25.0,90.0,41.582867,-7.1442757,-2.6371021,70.961525,25.379192,89.09155,0.5056742
4.566666666666666,41.353928,-6.8018513,-2.930426,70.0,25.0,90.0,41.58287,-7.1442757,-2.6371012,70.961525,25.379192,89.09155,0.50567645
4.570833333333334,41.353928,-6.8018513,-2.930426,70.0,25.0,90.0,41.58287,-7.1442747,-2.637103,70.961525,25.379192,89.09155,0.5056747
4.575,41.353928,-6.8018513,-2.930426,70.0,25.0,90.0,41.582867,-7.1442776,-2.6371021,70.961525,25.379189,89.09155,0.5056755
4.579166666666667,41.353928,-6.8018513,-2.930426,70.0,25.0,90.0,41.582867,-7.1442757,-2.637103,70.961525,25.379192,89.09155,0.50567365
4.583333333333333,41.353928,-6.8018513,-2.930426,70.0,25.0,90.0,41.582863,-7.1442757,-2.6371012,70.961525,25.379192,89.09155,0.50567305
4.5875,41.353928,-6.8018513,-2.930426,70.0,25.0,90.0,41.582867,-7.1442757,-2.6371021,70.961525,25.379192,89.09155,0.5056742
4.591666666666667,41.353928,-6.8018513,-2.930426,70.0,25.0,90.0,41.582867,-7.1442747,-2.6371002,70.961525,25.379192,89.09155,0.50567466
4.595833333333333,41.353928,-6.8018513,-2.930426,70.0,25.0,90.0,41.582863,-7.1442747,-2.6371012,70.961525,25.379192,89.09155,0.5056724
4.6,41.353928,-6.8018513,-2.930426,70.0,25.0,90.0,41.582863,-7.1442757,-2.6370993,70.961525,25.379189,89.09155,0.5056741
4.604166666666667,41.353928,-6.8018513,-2.930426,70.0,25.0,90.0,41.582863,-7.1442757,-2.6370993,70.961525,25.379189,89.09155,0.5056741
4.608333333333333,41.353928,-6.8018513,-2.930426,70.0,25.0,90.0,41.582863,-7.1442757,-2.6370993,70.961525,25.379189,89.09155,0.5056741
4.6125,41.353928,-6.8018513,-2.930426,70.0,25.0,90.0,41.582863,-7.1442757,-2.6370993,70.961525,25.379189,89.09155,0.5056741
4.616666666666666,41.353928,-6.8018513,-2.930426,70.0,25.0,90.0,41.582863,-7.1442757,-2.6370993,70.961525,25.379189,89.09155,0.5056741
4.620833333333334,41.353928,-6.8018513,-2.930426,70.0,25.0,90.0,41.582863,-7.1442757,-2.6370993,70.961525,25.379189,89.09155,0.5056741
4.625,41.353928,-6.8018513,-2.930426,70.0,25.0,90.0,41.582863,-7.1442757,-2.6370993,70.961525,25.379189,89.09155,0.5056741
4.629166666666666,41.353928,-6.8018513,-2.930426,70.0,25.0,90.0,41.582863,-7.1442757,-2.6370993,70.961525,25.379189,89.09155,0.5056741
4.633333333333334,41.353928,-6.8018513,-2.930426,70.0,25.0,90.0,41.582863,-7.1442757,-2.6370993,70.961525,25.379189,89.09155,0.5056741
4.6375,41.353928,-6.8018513,-2.930426,70.0,25.0,90.0,41.582863,-7.1442757,-2.6370993,70.961525,25.379189,89.09155,0.5056741
4.641666666666667,41.353928,-6.8018513,-2.930426,70.0,25.0,90.0,41.582863,-7.1442757,-2.6370993,70.961525,25.379189,89.09155,0.5056741
4.645833333333333,41.353928,-6.8018513,-2.930426,70.0,25.0,90.0,41.582863,-7.1442757,-2.6370993,70.961525,25.379189,89.09155,0.5056741
4.65,41.353928,-6.8018513,-2.930426,70.0,25.0,90.0,41.582863,-7.1442757,-2.6370993,70.961525,25.379189,89.09155,0.5056741
4.654166666666667,41.353928,-6.8018513,-2.930426,70.0,25.0,90.0,41.582863,-7.1442757,-2.6370993,70.961525,25.379189,89.09155,0.5056741
4.658333333333333,41.353928,-6.8018513,-2.930426,70.0,25.0,90.0,41.582863,-7.1442757,-2.6370993,70.961525,25.379189,89.09155,0.5056741
4.6625,41.353928,-6.8018513,-2.930426,70.0,25.0,90.0,41.582863,-7.1442757,-2.6370993,70.961525,25.379189,89.09155,0.5056741
4.666666666666667,41.353928,-6.8018513,-2.930426,70.0,25.0,90.0,41.582863,-7.1442757,-2.6370993,70.961525,25.379189,89.09155,0.5056741
4.670833333333333,41.353928,-6.8018513,-2.930426,70.0,25.0,90.0,41.582863,-7.1442757,-2.6370993,70.961525,25.379189,89.09155,0.5056741
4.675,41.353928,-6.8018513,-2.930426,70.0,25.0,90.0,41.582863,-7.1442757,-2.6370993,70.961525,25.379189,89.09155,0.5056741
4.679166666666666,41.353928,-6.8018513,-2.930426,70.0,25.0,90.0,41.582863,-7.1442757,-2.6370993,70.961525,25.379189,89.09155,0.5056741
4.683333333333334,41.353928,-6.8018513,-2.930426,70.0,25.0,90.0,41.582863,-7.1442757,-2.6370993,70.961525,25.379189,89.09155,0.5056741
4.6875,41.353928,-6.8018513,-2.930426,70.0,25.0,90.0,41.582863,-7.1442757,-2.6370993,70.961525,25.379189,89.09155,0.5056741
4.691666666666666,41.353928,-6.8018513,-2.930426,70.0,25.0,90.0,41.582863,-7.1442757,-2.6370993,70.961525,25.379189,89.09155,0.5056741
4.695833333333334,41.353928,-6.8018513,-2.930426,70.0,25.0,90.0,41.582863,-7.1442757,-2.6370993,70.961525,25.379189,89.09155,0.5056741
4.7,41.353928,-6.8018513,-2.930426,70.0,25.0,90.0,41.582863,-7.1442757,-2.6370993,70.961525,25.379189,89.09155,0.5056741
4.704166666666667,41.353928,-6.8018513,-2.930426,70.0,25.0,90.0,41.582863,-7.1442757,-2.6370993,70.961525,25.379189,89.09155,0.5056741
4.708333333333333,41.353928,-6.8018513,-2.930426,70.0,25.0,90.0,41.582863,-7.1442757,-2.6370993,70.961525,25.379189,89.09155,0.5056741
4.7125,41.353928,-6.8018513,-2.930426,70.0,25.0,90.0,41.582863,-7.1442757,-2.6370993,70.961525,25.379189,89.09155,0.5056741
4.716666666666667,41.353928,-6.8018513,-2.930426,70.0,25.0,90.0,41.582863,-7.1442757,-2.6370993,70.961525,25.379189,89.09155,0.5056741
4.720833333333333,41.353928,-6.8018513,-2.930426,70.0,25.0,90.0,41.582863,-7.1442757,-2.6370993,70.961525,25.379189,89.09155,0.5056741
4.725,41.353928,-6.8018513,-2.930426,70.0,25.0,90.0,41.582863,-7.1442757,-2.6370993,70.961525,25.379189,89.09155,0.5056741
4.729166666666667,41.353928,-6.8018513,-2.930426,70.0,25.0,90.0,41.582863,-7.1442757,-2.6370993,70.961525,25.379189,89.09155,0.5056741
4.733333333333333,41.353928,-6.8018513,-2.930426,70.0,25.0,90.0,41.582863,-7.1442757,-2.6370993,70.961525,25.379189,89.09155,0.5056741
4.7375,41.353928,-6.8018513,-2.930426,70.0,25.0,90.0,41.582863,-7.1442757,-2.6370993,70.961525,25.379189,89.09155,0.5056741
4.741666666666666,41.353928,-6.8018513,-2.930426,70.0,25.0,90.0,41.582863,-7.1442757,-2.6370993,70.961525,25.379189,89.09155,0.5056741
4.745833333333334,41.353928,-6.8018513,-2.930426,70.0,25.0,90.0,41.582863,-7.1442757,-2.6370993,70.961525,25.379189,89.09155,0.5056741
4.75,41.353928,-6.8018513,-2.930426,70.0,25.0,90.0,41.582466,-7.135581,-2.644188,70.95784,25.399437,89.08955,0.49551746
4.754166666666666,41.353928,-6.8018513,-2.930426,70.0,25.0,90.0,41.569477,-7.140785,-2.6824646,70.88407,25.396317,89.101074,0.4720409
4.758333333333334,41.353928,-6.8018513,-2.930426,70.0,25.0,90.0,41.532722,-7.1599035,-2.7424726,70.710785,25.307697,89.17016,0.44214866
4.7625,41.353928,-6.8018513,-2.930426,70.0,25.0,90.0,41.462067,-7.3026648,-2.792861,70.42516,25.07536,89.26247,0.5305019
4.766666666666667,41.353928,-6.8018513,-2.930426,70.0,25.0,90.0,41.350605,-7.331708,-2.604722,70.448715,24.765411,89.49637,0.62196636
4.770833333333333,41.353928,-6.8018513,-2.930426,70.0,25.0,90.0,41.26226,-7.425002,-2.5798597,70.41107,24.690147,89.36124,0.72084427
4.775,41.353928,-6.8018513,-2.930426,70.0,25.0,90.0,41.033234,-6.8783846,-2.0866585,70.46061,25.224304,89.71044,0.9058948
4.779166666666667,41.353928,-6.8018513,-2.930426,70.0,25.0,90.0,40.267284,-6.6499414,-2.0251055,70.43916,24.42094,90.67977,1.422489
4.783333333333333,41.353928,-6.8018513,-2.930426,70.0,25.0,90.0,39.881508,-6.5326595,-2.101019,70.49371,24.38367,91.283356,1.7112569
4.7875,41.353928,-6.8018513,-2.930426,70.0,25.0,90.0,40.01741,-5.4999895,-0.47196865,72.445694,29.160091,91.27533,3.0862818
4.791666666666667,41.353928,-6.8018513,-2.930426,70.0,25.0,90.0,39.752094,-6.350582,-1.2481251,72.40632,28.399982,91.02476,2.366358
4.795833333333333,41.353928,-6.8018513,-2.930426,70.0,25.0,90.0,40.340332,-6.774274,-2.845728,71.45058,25.321198,91.72566,1.0175021
