time_s,true_wrist_X_cm,true_wrist_Y_cm,true_wrist_Z_cm,true_shoulder_elv_deg,true_shoulder_rot_deg,true_elbow_flexion_deg,pred_wrist_X_cm,pred_wrist_Y_cm,pred_wrist_Z_cm,pred_shoulder_elv_deg,pred_shoulder_rot_deg,pred_elbow_flexion_deg,l2_distance_cm
0.0,41.353928,-6.8018513,-2.930426,70.0,25.0,90.0,41.1789,-7.862091,-0.6114197,71.07299,24.05043,91.51735,2.555882
0.004166666666666667,41.353928,-6.8018513,-2.930426,70.0,25.0,90.0,41.515438,-8.226611,-1.167098,70.48712,23.887848,91.230606,2.2727408
0.008333333333333333,41.353928,-6.8018513,-2.930426,70.0,25.0,90.0,41.761395,-8.212609,-1.9327011,69.63225,24.07206,91.20398,1.7753091
0.0125,41.353928,-6.8018513,-2.930426,70.0,25.0,90.0,41.33355,-7.473895,-2.5651646,71.117065,25.549084,90.14705,0.7651627
0.016666666666666666,41.353928,-6.8018513,-2.930426,70.0,25.0,90.0,41.163574,-6.7179604,-2.1972628,72.188416,27.131386,88.9431,0.7621025
0.020833333333333332,41.353928,-6.8018513,-2.930426,70.0,25.0,90.0,40.70739,-7.2276382,-3.4144874,70.19996,26.697021,88.70721,0.91302854
0.025,41.353928,-6.8018513,-2.930426,70.0,25.0,90.0,41.270607,-7.9346895,-3.0466576,70.035225,24.79469,89.048065,1.1418295
0.029166666666666667,41.353928,-6.8018513,-2.930426,70.0,25.0,90.0,41.36975,-7.6139565,-2.8339672,70.49302,25.184982,89.095566,0.8179667
0.03333333333333333,41.353928,-6.8018513,-2.930426,70.0,25.0,90.0,41.477566,-7.393757,-2.721942,70.708176,25.383453,89.06011,0.6396125
0.0375,41.353928,-6.8018513,-2.930426,70.0,25.0,90.0,41.530823,-7.297186,-2.645815,70.88679,25.361923,89.02602,0.59803987
0.041666666666666664,41.353928,-6.8018513,-2.930426,70.0,25.0,90.0,41.57396,-7.2101526,-2.6329508,70.94026,25.396255,89.05272,0.55101305
0.04583333333333333,41.353928,-6.8018513,-2.930426,70.0,25.0,90.0,41.590485,-7.156825,-2.6476583,70.92259,25.377682,89.06861,0.51178426
0.05,41.353928,-6.8018513,-2.930426,70.0,25.0,90.0,41.582996,-7.144393,-2.637206,70.96146,25.379128,89.091225,0.5057521
0.05416666666666667,41.353928,-6.8018513,-2.930426,70.0,25.0,90.0,41.582996,-7.144391,-2.6372042,70.96145,25.379124,89.091225,0.5057519
0.058333333333333334,41.353928,-6.8018513,-2.930426,70.0,25.0,90.0,41.583,-7.144393,-2.637206,70.96145,25.379128,89.091225,0.5057538
0.0625,41.353928,-6.8018513,-2.930426,70.0,25.0,90.0,41.583,-7.144394,-2.637206,70.96146,25.379131,89.09123,0.5057544
0.06666666666666667,41.353928,-6.8018513,-2.930426,70.0,25.0,90.0,41.582996,-7.144393,-2.6372051,70.96145,25.379128,89.09123,0.5057526
0.07083333333333333,41.353928,-6.8018513,-2.930426,70.0,25.0,90.0,41.583,-7.144388,-2.6372013,70.96145,25.379128,89.09123,0.50575334
0.075,41.353928,-6.8018513,-2.930426,70.0,25.0,90.0,41.582996,-7.144391,-2.637206,70.96145,25.379128,89.09124,0.5057508
0.07916666666666666,41.353928,-6.8018513,-2.930426,70.0,25.0,90.0,41.582996,-7.144391,-2.6372051,70.96146,25.379128,89.09123,0.5057514
0.08333333333333333,41.353928,-6.8018513,-2.930426,70.0,25.0,90.0,41.582996,-7.144391,-2.6372051,70.96146,25.379128,89.09123,0.5057514
0.0875,41.353928,-6.8018513,-2.930426,70.0,25.0,90.0,41.582996,-7.14439,-2.637207,70.96146,25.379128,89.09124,0.5057496
0.09166666666666666,41.353928,-6.8018513,-2.930426,70.0,25.0,90.0,41.582993,-7.144391,-2.6372051,70.96146,25.37912,89.09124,0.5057496
0.09583333333333334,41.353928,-6.8018513,-2.930426,70.0,25.0,90.0,41.582996,-7.144388,-2.6372042,70.96145,25.379128,89.09123,0.50574994
0.1,41.353928,-6.8018513,-2.930426,70.0,25.0,90.0,41.582996,-7.144388,-2.6372051,70.96145,25.379128,89.09123,0.5057494
0.10416666666666667,41.353928,-6.8018513,-2.930426,70.0,25.0,90.0,41.582996,-7.1443872,-2.6372042,70.96146,25.379124,89.09123,0.5057493
0.10833333333333334,41.353928,-6.8018513,-2.930426,70.0,25.0,90.0,41.582993,-7.144388,-2.6372042,70.96146,25.379131,89.09123,0.5057482
0.1125,41.353928,-6.8018513,-2.930426,70.0,25.0,90.0,41.582993,-7.144391,-2.6372051,70.96146,25.379131,89.09123,0.5057496
0.11666666666666667,41.353928,-6.8018513,-2.930426,70.0,25.0,90.0,41.582993,-7.144391,-2.6372051,70.96146,25.379131,89.09123,0.5057496
0.12083333333333333,41.353928,-6.8018513,-2.930426,70.0,25.0,90.0,41.582996,-7.14439,-2.6372042,70.96146,25.379124,89.09123,0.50575125
0.125,41.353928,-6.8018513,-2.930426,70.0,25.0,90.0,41.582993,-7.144391,-2.637207,70.96146,25.379128,89.09123,0.5057485
0.12916666666666668,41.353928,-6.8018513,-2.930426,70.0,25.0,90.0,41.582993,-7.14439,-2.6372013,70.96146,25.379128,89.09123,0.5057512
0.13333333333333333,41.353928,-6.8018513,-2.930426,70.0,25.0,90.0,41.582993,-7.144393,-2.637206,70.96146,25.379128,89.09123,0.50575036
0.1375,41.353928,-6.8018513,-2.930426,70.0,25.0,90.0,41.582993,-7.144393,-2.6372042,70.96146,25.379124,89.09123,0.50575143
0.14166666666666666,41.353928,-6.8018513,-2.930426,70.0,25.0,90.0,41.582993,-7.144391,-2.6372042,70.96146,25.379124,89.09123,0.5057502
0.14583333333333334,41.353928,-6.8018513,-2.930426,70.0,25.0,90.0,41.582993,-7.144391,-2.6372051,70.96146,25.379128,89.09123,0.5057496
0.15,41.353928,-6.8018513,-2.930426,70.0,25.0,90.0,41.582993,-7.144388,-2.6372042,70.96146,25.379128,89.09123,0.5057482
0.15416666666666667,41.353928,-6.8018513,-2.930426,70.0,25.0,90.0,41.582993,-7.144388,-2.6372042,70.96146,25.379124,89.09123,0.5057482
0.15833333333333333,41.353928,-6.8018513,-2.930426,70.0,25.0,90.0,41.582993,-7.14439,-2.637206,70.96146,25.379124,89.09123,0.50574845
0.1625,41.353928,-6.8018513,-2.930426,70.0,25.0,90.0,41.582993,-7.14439,-2.6372023,70.96146,25.379128,89.09123,0.5057506
0.16666666666666666,41.353928,-6.8018513,-2.930426,70.0,25.0,90.0,41.582993,-7.144393,-2.6372051,70.96146,25.379128,89.09123,0.5057509
0.17083333333333334,41.353928,-6.8018513,-2.930426,70.0,25.0,90.0,41.582993,-7.14439,-2.6372023,70.96146,25.379128,89.09123,0.5057506
0.175,41.353928,-6.8018513,-2.930426,70.0,25.0,90.0,41.582993,-7.144393,-2.6372042,70.96146,25.379124,89.09123,0.50575143
0.17916666666666667,41.353928,-6.8018513,-2.930426,70.0,25.0,90.0,41.58299,-7.144388,-2.637206,70.96146,25.379124,89.09123,0.5057454
0.18333333333333332,41.353928,-6.8018513,-2.930426,70.0,25.0,90.0,41.582993,-7.144393,-2.6372051,70.96146,25.379128,89.09123,0.5057509
0.1875,41.353928,-6.8018513,-2.930426,70.0,25.0,90.0,41.582993,-7.144393,-2.6372051,70.96146,25.379128,89.09123,0.5057509
0.19166666666666668,41.353928,-6.8018513,-2.930426,70.0,25.0,90.0,41.582996,-7.144394,-2.6372042,70.96146,25.379124,89.09123,0.5057539
0.19583333333333333,41.353928,-6.8018513,-2.930426,70.0,25.0,90.0,41.582996,-7.144393,-2.6372051,70.96146,25.379124,89.091225,0.5057526
0.2,41.353928,-6.8018513,-2.930426,70.0,25.0,90.0,41.582993,-7.144394,-2.6372023,70.96146,25.37912,89.091225,0.5057532
0.20416666666666666,41.353928,-6.8018513,-2.930426,70.0,25.0,90.0,41.582993,-7.144388,-2.6372051,70.96146,25.379128,89.091225,0.5057477
0.20833333333333334,41.353928,-6.8018513,-2.930426,70.0,25.0,90.0,41.582996,-7.144391,-2.6372042,70.96145,25.379128,89.091225,0.5057519
0.2125,41.353928,-6.8018513,-2.930426,70.0,25.0,90.0,41.582993,-7.144393,-2.6372042,70.96145,25.379124,89.091225,0.50575143
0.21666666666666667,41.353928,-6.8018513,-2.930426,70.0,25.0,90.0,41.582996,-7.144396,-2.6372042,70.96146,25.379128,89.09122,0.5057551
0.22083333333333333,41.353928,-6.8018513,-2.930426,70.0,25.0,90.0,41.583,-7.144394,-2.637208,70.96146,25.379124,89.09122,0.50575334
0.225,41.353928,-6.8018513,-2.930426,70.0,25.0,90.0,41.582993,-7.144394,-2.637206,70.96145,25.379124,89.091225,0.505751
0.22916666666666666,41.353928,-6.8018513,-2.930426,70.0,25.0,90.0,41.582996,-7.144391,-2.637208,70.96146,25.37912,89.091225,0.50574964
0.23333333333333334,41.353928,-6.8018513,-2.930426,70.0,25.0,90.0,41.583,-7.144394,-2.637206,70.96146,25.379128,89.091225,0.5057544
0.2375,41.353928,-6.8018513,-2.930426,70.0,25.0,90.0,41.582996,-7.144396,-2.637208,70.96145,25.379124,89.091225,0.5057529
0.24166666666666667,41.353928,-6.8018513,-2.930426,70.0,25.0,90.0,41.582996,-7.144396,-2.637208,70.96146,25.379124,89.091225,0.5057529
0.24583333333333332,41.353928,-6.8018513,-2.930426,70.0,25.0,90.0,41.582996,-7.144394,-2.637208,70.96145,25.37912,89.091225,0.5057516
0.25,41.353928,-6.8018513,-2.930426,70.0,25.0,90.0,41.582996,-7.144393,-2.637206,70.96145,25.37912,89.091225,0.5057521
0.25416666666666665,41.353928,-6.8018513,-2.930426,70.0,25.0,90.0,41.582996,-7.144393,-2.637207,70.96145,25.379124,89.091225,0.50575155
0.25833333333333336,41.353928,-6.8018513,-2.930426,70.0,25.0,90.0,41.582996,-7.144393,-2.637208,70.96146,25.379124,89.091225,0.50575095
0.2625,41.353928,-6.8018513,-2.930426,70.0,25.0,90.0,41.582996,-7.144393,-2.637206,70.96145,25.379128,89.091225,0.5057521
0.26666666666666666,41.353928,-6.8018513,-2.930426,70.0,25.0,90.0,41.583,-7.144393,-2.637208,70.96146,25.379128,89.091225,0.5057527
0.2708333333333333,41.353928,-6.8018513,-2.930426,70.0,25.0,90.0,41.582996,-7.144393,-2.637207,70.96146,25.379128,89.091225,0.50575155
0.275,41.353928,-6.8018513,-2.930426,70.0,25.0,90.0,41.582996,-7.144391,-2.637206,70.96146,25.379128,89.091225,0.5057508
0.2791666666666667,41.353928,-6.8018513,-2.930426,70.0,25.0,90.0,41.582996,-7.144391,-2.637206,70.96146,25.379128,89.091225,0.5057508
0.2833333333333333,41.353928,-6.8018513,-2.930426,70.0,25.0,90.0,41.582996,-7.144391,-2.637206,70.96146,25.379128,89.091225,0.5057508
0.2875,41.353928,-6.8018513,-2.930426,70.0,25.0,90.0,41.582996,-7.144391,-2.637206,70.96146,25.379128,89.091225,0.5057508
0.2916666666666667,41.353928,-6.8018513,-2.930426,70.0,25.0,90.0,41.582996,-7.144391,-2.637206,70.96146,25.379128,89.091225,0.5057508
0.29583333333333334,41.353928,-6.8018513,-2.930426,70.0,25.0,90.0,41.582996,-7.144391,-2.637206,70.96146,25.379128,89.091225,0.5057508
0.3,41.353928,-6.8018513,-2.930426,70.0,25.0,90.0,41.582996,-7.144391,-2.637206,70.96146,25.379128,89.091225,0.5057508
0.30416666666666664,41.353928,-6.8018513,-2.930426,70.0,25.0,90.0,41.582996,-7.144391,-2.637206,70.96146,25.379128,89.091225,0.5057508
0.30833333333333335,41.353928,-6.8018513,-2.930426,70.0,25.0,90.0,41.582996,-7.144391,-2.637206,70.96146,25.379128,89.091225,0.5057508
0.3125,41.353928,-6.8018513,-2.930426,70.0,25.0,90.0,41.582996,-7.144391,-2.637206,70.96146,25.379128,89.091225,0.5057508
0.31666666666666665,41.353928,-6.8018513,-2.930426,70.0,25.0,90.0,41.582996,-7.144391,-2.637206,70.96146,25.379128,89.091225,0.5057508
0.32083333333333336,41.353928,-6.8018513,-2.930426,70.0,25.0,90.0,41.582996,-7.144391,-2.637206,70.96146,25.379128,89.091225,0.5057508
0.325,41.353928,-6.8018513,-2.930426,70.0,25.0,90.0,41.582996,-7.144391,-2.637206,70.96146,25.379128,89.091225,0.5057508
0.32916666666666666,41.353928,-6.8018513,-2.930426,70.0,25.0,90.0,41.582996,-7.144391,-2.637206,70.96146,25.379128,89.091225,0.5057508
0.3333333333333333,41.353928,-6.8018513,-2.930426,70.0,25.0,90.0,41.582996,-7.144391,-2.637206,70.96146,25.379128,89.091225,0.5057508
0.3375,41.353928,-6.8018513,-2.930426,70.0,25.0,90.0,41.582996,-7.144391,-2.637206,70.96146,25.379128,89.091225,0.5057508
0.3416666666666667,41.353928,-6.8018513,-2.930426,70.0,25.0,90.0,41.582996,-7.144391,-2.637206,70.96146,25.379128,89.091225,0.5057508
0.3458333333333333,41.353928,-6.8018513,-2.930426,70.0,25.0,90.0,41.582996,-7.144391,-2.637206,70.96146,25.379128,89.091225,0.5057508
0.35,41.353928,-6.8018513,-2.930426,70.0,25.0,90.0,41.582996,-7.144391,-2.637206,70.96146,25.379128,89.091225,0.5057508
0.3541666666666667,41.353928,-6.8018513,-2.930426,70.0,25.0,90.0,41.582996,-7.144391,-2.637206,70.96146,25.379128,89.091225,0.5057508
0.35833333333333334,41.353928,-6.8018513,-2.930426,70.0,25.0,90.0,41.582996,-7.144391,-2.637206,70.96146,25.379128,89.091225,0.5057508
0.3625,41.353928,-6.8018513,-2.930426,70.0,25.0,90.0,41.582996,-7.144391,-2.637206,70.96146,25.379128,89.091225,0.5057508
0.36666666666666664,41.353928,-6.8018513,-2.930426,70.0,25.0,90.0,41.582996,-7.144391,-2.637206,70.96146,25.379128,89.091225,0.5057508
0.37083333333333335,41.353928,-6.8018513,-2.930426,70.0,25.0,90.0,41.582996,-7.144391,-2.637206,70.96146,25.379128,89.091225,0.5057508
0.375,41.353928,-6.8018513,-2.930426,70.0,25.0,90.0,41.582996,-7.144391,-2.637206,70.96146,25.379128,89.091225,0.5057508
0.37916666666666665,41.353928,-6.8018513,-2.930426,70.0,25.0,90.0,41.582996,-7.144391,-2.637206,70.96146,25.379128,89.091225,0.5057508
0.38333333333333336,41.353928,-6.8018513,-2.930426,70.0,25.0,90.0,41.582996,-7.144391,-2.637206,70.96146,25.379128,89.091225,0.5057508
0.3875,41.353928,-6.8018513,-2.930426,70.0,25.0,90.0,41.582996,-7.144391,-2.637206,70.96146,25.379128,89.091225,0.5057508
0.39166666666666666,41.353928,-6.8018513,-2.930426,70.0,25.0,90.0,41.582996,-7.144391,-2.637206,70.96146,25.379128,89.091225,0.5057508
0.3958333333333333,41.353928,-6.8018513,-2.930426,70.0,25.0,90.0,41.582996,-7.144391,-2.637206,70.96146,25.379128,89.091225,0.5057508
0.4,41.353928,-6.8018513,-2.930426,70.0,25.0,90.0,41.582996,-7.144391,-2.637206,70.96146,25.379128,89.091225,0.5057508
0.4041666666666667,41.353928,-6.8018513,-2.930426,70.0,25.0,90.0,41.582996,-7.144391,-2.637206,70.96146,25.379128,89.091225,0.5057508
0.4083333333333333,41.353928,-6.8018513,-2.930426,70.0,25.0,90.0,41.582996,-7.144391,-2.637206,70.96146,25.379128,89.091225,0.5057508
0.4125,41.353928,-6.8018513,-2.930426,70.0,25.0,90.0,41.582996,-7.144391,-2.637206,70.96146,25.379128,89.091225,0.5057508
0.4166666666666667,41.353928,-6.8018513,-2.930426,70.0,25.0,90.0,41.582996,-7.144391,-2.637206,70.96146,25.379128,89.091225,0.5057508
0.42083333333333334,41.353928,-6.8018513,-2.930426,70.0,25.0,90.0,41.582996,-7.144391,-2.637206,70.96146,25.379128,89.091225,0.5057508
0.425,41.353928,-6.8018513,-2.930426,70.0,25.0,90.0,41.582996,-7.144391,-2.637206,70.96146,25.379128,89.091225,0.5057508
0.42916666666666664,41.353928,-6.8018513,-2.930426,70.0,25.0,90.0,41.582996,-7.144391,-2.637206,70.96146,25.379128,89.091225,0.5057508
0.43333333333333335,41.353928,-6.8018513,-2.930426,70.0,25.0,90.0,41.582996,-7.144391,-2.637207,70.96146,25.379124,89.091225,0.50575024
0.4375,41.353928,-6.8018513,-2.930426,70.0,25.0,90.0,41.582996,-7.144391,-2.637208,70.96146,25.379131,89.091225,0.50574964
0.44166666666666665,41.353928,-6.8018513,-2.930426,70.0,25.0,90.0,41.583,-7.144393,-2.637209,70.96145,25.379128,89.091225,0.50575215
0.44583333333333336,41.353928,-6.8018513,-2.930426,70.0,25.0,90.0,41.583,-7.14439,-2.637206,70.96146,25.379128,89.091225,0.50575185
0.45,41.353928,-6.8018513,-2.930426,70.0,25.0,90.0,41.582996,-7.144393,-2.637208,70.96145,25.379128,89.09123,0.50575095
0.45416666666666666,41.353928,-6.8018513,-2.930426,70.0,25.0,90.0,41.582996,-7.14439,-2.637207,70.96145,25.379128,89.091225,0.5057496
0.4583333333333333,41.353928,-6.8018513,-2.930426,70.0,25.0,90.0,41.582996,-7.144393,-2.637207,70.96145,25.379128,89.09123,0.50575155
0.4625,41.353928,-6.8018513,-2.930426,70.0,25.0,90.0,41.583,-7.144391,-2.637207,70.96146,25.379128,89.09123,0.50575197
0.4666666666666667,41.353928,-6.8018513,-2.930426,70.0,25.0,90.0,41.583,-7.14439,-2.6372051,70.96146,25.379124,89.09123,0.5057524
0.4708333333333333,41.353928,-6.8018513,-2.930426,70.0,25.0,90.0,41.582996,-7.14439,-2.6372023,70.96146,25.379128,89.09123,0.5057523
0.475,41.353928,-6.8018513,-2.930426,70.0,25.0,90.0,41.583,-7.144391,-2.637206,70.96146,25.379131,89.09123,0.5057525
0.4791666666666667,41.353928,-6.8018513,-2.930426,70.0,25.0,90.0,41.582996,-7.144388,-2.637207,70.96145,25.379124,89.09123,0.5057483
0.48333333333333334,41.353928,-6.8018513,-2.930426,70.0,25.0,90.0,41.583,-7.144388,-2.637207,70.96145,25.37912,89.09123,0.50575
0.4875,41.353928,-6.8018513,-2.930426,70.0,25.0,90.0,41.582996,-7.14439,-2.637207,70.96146,25.379124,89.09124,0.5057496
0.49166666666666664,41.353928,-6.8018513,-2.930426,70.0,25.0,90.0,41.582993,-7.14439,-2.6372042,70.96145,25.379128,89.09124,0.5057495
0.49583333333333335,41.353928,-6.8018513,-2.930426,70.0,25.0,90.0,41.582996,-7.144391,-2.637206,70.96145,25.379131,89.09123,0.5057508
0.5,41.353928,-6.8018513,-2.930426,70.0,25.0,90.0,41.582996,-7.1443853,-2.6372051,70.96146,25.379128,89.09123,0.50574744
0.5041666666666667,41.353928,-6.8018513,-2.930426,70.0,25.0,90.0,41.582993,-7.144388,-2.6372042,70.96146,25.379124,89.09123,0.5057482
0.5083333333333333,41.353928,-6.8018513,-2.930426,70.0,25.0,90.0,41.582993,-7.144388,-2.6372042,70.96146,25.379124,89.09123,0.5057482
0.5125,41.353928,-6.8018513,-2.930426,70.0,25.0,90.0,41.582993,-7.144388,-2.6372023,70.96146,25.379128,89.09123,0.5057493
0.5166666666666667,41.353928,-6.8018513,-2.930426,70.0,25.0,90.0,41.582993,-7.14439,-2.6372051,70.96145,25.379128,89.09123,0.505749
0.5208333333333334,41.353928,-6.8018513,-2.930426,70.0,25.0,90.0,41.582993,-7.14439,-2.6372023,70.96146,25.379124,89.09123,0.5057506
0.525,41.353928,-6.8018513,-2.930426,70.0,25.0,90.0,41.582993,-7.1443872,-2.6372042,70.96146,25.379124,89.09123,0.50574756
0.5291666666666667,41.353928,-6.8018513,-2.930426,70.0,25.0,90.0,41.58299,-7.144388,-2.637206,70.96146,25.379128,89.09123,0.5057454
0.5333333333333333,41.353928,-6.8018513,-2.930426,70.0,25.0,90.0,41.582993,-7.144388,-2.6372013,70.96146,25.379128,89.09123,0.5057499
0.5375,41.353928,-6.8018513,-2.930426,70.0,25.0,90.0,41.582993,-7.14439,-2.6372004,70.96146,25.379128,89.09123,0.5057517
0.5416666666666666,41.353928,-6.8018513,-2.930426,70.0,25.0,90.0,41.582993,-7.144391,-2.6372013,70.96146,25.379128,89.09123,0.50575185
0.5458333333333333,41.353928,-6.8018513,-2.930426,70.0,25.0,90.0,41.58299,-7.14439,-2.6372023,70.96146,25.379128,89.09123,0.5057489
0.55,41.353928,-6.8018513,-2.930426,70.0,25.0,90.0,41.582993,-7.144391,-2.6372013,70.96146,25.379124,89.09123,0.50575185
0.5541666666666667,41.353928,-6.8018513,-2.930426,70.0,25.0,90.0,41.582993,-7.144388,-2.6372051,70.96146,25.379128,89.09123,0.5057477
0.5583333333333333,41.353928,-6.8018513,-2.930426,70.0,25.0,90.0,41.582993,-7.144391,-2.6371994,70.96146,25.379124,89.09123,0.5057529
0.5625,41.353928,-6.8018513,-2.930426,70.0,25.0,90.0,41.582993,-7.144393,-2.6372023,70.96146,25.379124,89.09123,0.50575256
0.5666666666666667,41.353928,-6.8018513,-2.930426,70.0,25.0,90.0,41.582993,-7.144391,-2.6372023,70.96146,25.37912,89.09123,0.50575125
0.5708333333333333,41.353928,-6.8018513,-2.930426,70.0,25.0,90.0,41.582993,-7.14439,-2.6372004,70.96146,25.37912,89.09123,0.5057517
0.575,41.353928,-6.8018513,-2.930426,70.0,25.0,90.0,41.582993,-7.144393,-2.6372023,70.96146,25.379124,89.09123,0.50575256
0.5791666666666667,41.353928,-6.8018513,-2.930426,70.0,25.0,90.0,41.582993,-7.144391,-2.6372042,70.96146,25.37912,89.09123,0.5057502
0.5833333333333334,41.353928,-6.8018513,-2.930426,70.0,25.0,90.0,41.582993,-7.144391,-2.6372051,70.96146,25.379128,89.09123,0.5057496
0.5875,41.353928,-6.8018513,-2.930426,70.0,25.0,90.0,41.582993,-7.144391,-2.6372042,70.96146,25.379124,89.09123,0.5057502
0.5916666666666667,41.353928,-6.8018513,-2.930426,70.0,25.0,90.0,41.582993,-7.144396,-2.6372023,70.96146,25.379124,89.091225,0.5057545
0.5958333333333333,41.353928,-6.8018513,-2.930426,70.0,25.0,90.0,41.582993,-7.144394,-2.637206,70.96146,25.379116,89.09123,0.505751
0.6,41.353928,-6.8018513,-2.930426,70.0,25.0,90.0,41.582993,-7.144391,-2.6372023,70.96146,25.37912,89.09123,0.50575125
0.6041666666666666,41.353928,-6.8018513,-2.930426,70.0,25.0,90.0,41.582996,-7.144394,-2.6372013,70.96146,25.379128,89.091225,0.5057555
0.6083333333333333,41.353928,-6.8018513,-2.930426,70.0,25.0,90.0,41.582993,-7.144393,-2.6372042,70.96146,25.379124,89.091225,0.50575143
0.6125,41.353928,-6.8018513,-2.930426,70.0,25.0,90.0,41.582996,-7.144394,-2.6372004,70.96146,25.37912,89.091225,0.5057561
0.6166666666666667,41.353928,-6.8018513,-2.930426,70.0,25.0,90.0,41.582996,-7.144393,-2.6372004,70.96146,25.37912,89.091225,0.5057554
0.6208333333333333,41.353928,-6.8018513,-2.930426,70.0,25.0,90.0,41.582996,-7.144396,-2.637206,70.96146,25.379124,89.091225,0.50575405
0.625,41.353928,-6.8018513,-2.930426,70.0,25.0,90.0,41.582993,-7.144394,-2.637208,70.96146,25.379124,89.091225,0.5057499
0.6291666666666667,41.353928,-6.8018513,-2.930426,70.0,25.0,90.0,41.582993,-7.144391,-2.637206,70.96146,25.37912,89.091225,0.50574905
0.6333333333333333,41.353928,-6.8018513,-2.930426,70.0,25.0,90.0,41.582996,-7.144394,-2.637207,70.96145,25.379124,89.091225,0.50575215
0.6375,41.353928,-6.8018513,-2.930426,70.0,25.0,90.0,41.583,-7.144394,-2.63721,70.96146,25.379124,89.091225,0.50575227
0.6416666666666667,41.353928,-6.8018513,-2.930426,70.0,25.0,90.0,41.582996,-7.144394,-2.63721,70.96146,25.379124,89.091225,0.50575054
0.6458333333333334,41.353928,-6.8018513,-2.930426,70.0,25.0,90.0,41.582996,-7.144393,-2.637208,70.96146,25.379124,89.091225,0.50575095
0.65,41.353928,-6.8018513,-2.930426,70.0,25.0,90.0,41.583,-7.144393,-2.63721,70.96145,25.37912,89.091225,0.5057516
0.6541666666666667,41.353928,-6.8018513,-2.930426,70.0,25.0,90.0,41.582996,-7.144394,-2.637209,70.96145,25.37912,89.091225,0.5057511
0.6583333333333333,41.353928,-6.8018513,-2.930426,70.0,25.0,90.0,41.582996,-7.144394,-2.637207,70.96145,25.379116,89.091225,0.50575215
0.6625,41.353928,-6.8018513,-2.930426,70.0,25.0,90.0,41.582996,-7.144394,-2.637209,70.96145,25.379116,89.091225,0.5057511
0.6666666666666666,41.353928,-6.8018513,-2.930426,70.0,25.0,90.0,41.582996,-7.144394,-2.637208,70.96145,25.379128,89.091225,0.5057516
0.6708333333333333,41.353928,-6.8018513,-2.930426,70.0,25.0,90.0,41.582996,-7.144393,-2.637207,70.96145,25.379124,89.091225,0.50575155
0.675,41.353928,-6.8018513,-2.930426,70.0,25.0,90.0,41.582996,-7.144394,-2.637207,70.96145,25.379128,89.091225,0.50575215
0.6791666666666667,41.353928,-6.8018513,-2.930426,70.0,25.0,90.0,41.582996,-7.144394,-2.637207,70.96145,25.379128,89.091225,0.50575215
0.6833333333333333,41.353928,-6.8018513,-2.930426,70.0,25.0,90.0,41.582996,-7.144394,-2.637207,70.96145,25.379128,89.091225,0.50575215
0.6875,41.353928,-6.8018513,-2.930426,70.0,25.0,90.0,41.582996,-7.144394,-2.637207,70.96145,25.379128,89.091225,0.50575215
0.6916666666666667,41.353928,-6.8018513,-2.930426,70.0,25.0,90.0,41.582996,-7.144394,-2.637207,70.96145,25.379128,89.091225,0.50575215
0.6958333333333333,41.353928,-6.8018513,-2.930426,70.0,25.0,90.0,41.582996,-7.144394,-2.637207,70.96145,25.379128,89.091225,0.50575215
0.7,41.353928,-6.8018513,-2.930426,70.0,25.0,90.0,41.582996,-7.144394,-2.637207,70.96145,25.379128,89.091225,0.50575215
0.7041666666666667,41.353928,-6.8018513,-2.930426,70.0,25.0,90.0,41.582996,-7.144394,-2.637207,70.96145,25.379128,89.091225,0.50575215
0.7083333333333334,41.353928,-6.8018513,-2.930426,70.0,25.0,90.0,41.582996,-7.144394,-2.637207,70.96145,25.379128,89.091225,0.50575215
0.7125,41.353928,-6.8018513,-2.930426,70.0,25.0,90.0,41.582996,-7.144394,-2.637207,70.96145,25.379128,89.091225,0.50575215
0.7166666666666667,41.353928,-6.8018513,-2.930426,70.0,25.0,90.0,41.582996,-7.144394,-2.637207,70.96145,25.379128,89.091225,0.50575215
0.7208333333333333,41.353928,-6.8018513,-2.930426,70.0,25.0,90.0,41.582996,-7.144394,-2.637207,70.96145,25.379128,89.091225,0.50575215
0.725,41.353928,-6.8018513,-2.930426,70.0,25.0,90.0,41.582996,-7.144394,-2.637207,70.96145,25.379128,89.091225,0.50575215
0.7291666666666666,41.353928,-6.8018513,-2.930426,70.0,25.0,90.0,41.582996,-7.144394,-2.637207,70.96145,25.379128,89.091225,0.50575215
0.7333333333333333,41.353928,-6.8018513,-2.930426,70.0,25.0,90.0,41.582996,-7.144394,-2.637207,70.96145,25.379128,89.091225,0.50575215
0.7375,41.353928,-6.8018513,-2.930426,70.0,25.0,90.0,41.582996,-7.144394,-2.637207,70.96145,25.379128,89.091225,0.50575215
0.7416666666666667,41.353928,-6.8018513,-2.930426,70.0,25.0,90.0,41.582996,-7.144394,-2.637207,70.96145,25.379128,89.091225,0.50575215
0.7458333333333333,41.353928,-6.8018513,-2.930426,70.0,25.0,90.0,41.582996,-7.144394,-2.637207,70.96145,25.379128,89.091225,0.50575215
0.75,41.353928,-6.8018513,-2.930426,70.0,25.0,90.0,41.582996,-7.144394,-2.637207,70.96145,25.379128,89.091225,0.50575215
0.7541666666666667,41.353928,-6.8018513,-2.930426,70.0,25.0,90.0,41.582996,-7.144394,-2.637207,70.96145,25.379128,89.091225,0.50575215
0.7583333333333333,41.353928,-6.8018513,-2.930426,70.0,25.0,90.0,41.582996,-7.144394,-2.637207,70.96145,25.379128,89.091225,0.50575215
0.7625,41.353928,-6.8018513,-2.930426,70.0,25.0,90.0,41.582996,-7.144394,-2.637207,70.96145,25.379128,89.091225,0.50575215
0.7666666666666667,41.353928,-6.8018513,-2.930426,70.0,25.0,90.0,41.582996,-7.144394,-2.637207,70.96145,25.379128,89.091225,0.50575215
0.7708333333333334,41.353928,-6.8018513,-2.930426,70.0,25.0,90.0,41.582996,-7.144394,-2.637207,70.96145,25.379128,89.091225,0.50575215
0.775,41.353928,-6.8018513,-2.930426,70.0,25.0,90.0,41.582996,-7.144394,-2.637207,70.96145,25.379128,89.091225,0.50575215
0.7791666666666667,41.353928,-6.8018513,-2.930426,70.0,25.0,90.0,41.582996,-7.144394,-2.637207,70.96145,25.379128,89.091225,0.50575215
0.7833333333333333,41.353928,-6.8018513,-2.930426,70.0,25.0,90.0,41.582996,-7.144394,-2.637207,70.96145,25.379128,89.091225,0.50575215
0.7875,41.353928,-6.8018513,-2.930426,70.0,25.0,90.0,41.582996,-7.144394,-2.637207,70.96145,25.379128,89.091225,0.50575215
0.7916666666666666,41.353928,-6.8018513,-2.930426,70.0,25.0,90.0,41.582996,-7.144394,-2.637207,70.96145,25.379128,89.091225,0.50575215
0.7958333333333333,41.353928,-6.8018513,-2.930426,70.0,25.0,90.0,41.582996,-7.144394,-2.637207,70.96145,25.379128,89.091225,0.50575215
0.8,41.353928,-6.8018513,-2.930426,70.0,25.0,90.0,41.582996,-7.144394,-2.637207,70.96145,25.379128,89.091225,0.50575215
0.8041666666666667,41.353928,-6.8018513,-2.930426,70.0,25.0,90.0,41.582996,-7.144394,-2.637207,70.96145,25.379128,89.091225,0.50575215
0.8083333333333333,41.353928,-6.8018513,-2.930426,70.0,25.0,90.0,41.582996,-7.144394,-2.637207,70.96145,25.379128,89.091225,0.50575215
0.8125,41.353928,-6.8018513,-2.930426,70.0,25.0,90.0,41.582996,-7.144394,-2.637207,70.96145,25.379128,89.091225,0.50575215
0.8166666666666667,41.353928,-6.8018513,-2.930426,70.0,25.0,90.0,41.582996,-7.144394,-2.637207,70.96145,25.379128,89.091225,0.50575215
0.8208333333333333,41.353928,-6.8018513,-2.930426,70.0,25.0,90.0,41.582996,-7.144394,-2.637207,70.96145,25.379128,89.091225,0.50575215
0.825,41.353928,-6.8018513,-2.930426,70.0,25.0,90.0,41.582996,-7.144394,-2.637207,70.96145,25.379128,89.091225,0.50575215
0.8291666666666667,41.353928,-6.8018513,-2.930426,70.0,25.0,90.0,41.582996,-7.144391,-2.637206,70.96145,25.379124,89.091225,0.5057508
0.8333333333333334,41.353928,-6.8018513,-2.930426,70.0,25.0,90.0,41.582996,-7.144393,-2.637209,70.96145,25.379128,89.091225,0.5057504
0.8375,41.353928,-6.8018513,-2.930426,70.0,25.0,90.0,41.582996,-7.14439,-2.637206,70.96145,25.379128,89.091225,0.5057501
0.8416666666666667,41.353928,-6.8018513,-2.930426,70.0,25.0,90.0,41.583,-7.144393,-2.637207,70.96145,25.379128,89.091225,0.5057533
0.8458333333333333,41.353928,-6.8018513,-2.930426,70.0,25.0,90.0,41.582996,-7.144391,-2.637206,70.96145,25.379128,89.091225,0.5057508
0.85,41.353928,-6.8018513,-2.930426,70.0,25.0,90.0,41.582996,-7.144391,-2.637206,70.96145,25.379128,89.091225,0.5057508
0.8541666666666666,41.353928,-6.8018513,-2.930426,70.0,25.0,90.0,41.582996,-7.144393,-2.637206,70.96145,25.379128,89.09123,0.5057521
0.8583333333333333,41.353928,-6.8018513,-2.930426,70.0,25.0,90.0,41.582996,-7.14439,-2.637206,70.96145,25.379131,89.09123,0.5057501
0.8625,41.353928,-6.8018513,-2.930426,70.0,25.0,90.0,41.582996,-7.144391,-2.637206,70.96145,25.379128,89.09123,0.5057508
0.8666666666666667,41.353928,-6.8018513,-2.930426,70.0,25.0,90.0,41.582996,-7.14439,-2.6372051,70.96146,25.379124,89.09123,0.5057507
0.8708333333333333,41.353928,-6.8018513,-2.930426,70.0,25.0,90.0,41.582996,-7.144388,-2.637206,70.96146,25.379124,89.09123,0.50574887
0.875,41.353928,-6.8018513,-2.930426,70.0,25.0,90.0,41.582996,-7.1443872,-2.637206,70.96146,25.379124,89.09124,0.5057482
0.8791666666666667,41.353928,-6.8018513,-2.930426,70.0,25.0,90.0,41.583,-7.144388,-2.637206,70.96145,25.379124,89.09124,0.5057506
0.8833333333333333,41.353928,-6.8018513,-2.930426,70.0,25.0,90.0,41.582996,-7.144388,-2.6372051,70.96146,25.379124,89.09124,0.5057494
0.8875,41.353928,-6.8018513,-2.930426,70.0,25.0,90.0,41.582993,-7.14439,-2.637206,70.96146,25.37912,89.09124,0.50574845
0.8916666666666667,41.353928,-6.8018513,-2.930426,70.0,25.0,90.0,41.582996,-7.14439,-2.6372051,70.96145,25.379128,89.09124,0.5057507
0.8958333333333334,41.353928,-6.8018513,-2.930426,70.0,25.0,90.0,41.582996,-7.144388,-2.6372051,70.96146,25.379128,89.09124,0.5057494
0.9,41.353928,-6.8018513,-2.930426,70.0,25.0,90.0,41.582993,-7.1443872,-2.6372023,70.96146,25.379128,89.09123,0.5057487
0.9041666666666667,41.353928,-6.8018513,-2.930426,70.0,25.0,90.0,41.582993,-7.14439,-2.6372051,70.96146,25.379128,89.09123,0.505749
0.9083333333333333,41.353928,-6.8018513,-2.930426,70.0,25.0,90.0,41.582993,-7.14439,-2.6372023,70.96146,25.379131,89.09123,0.5057506
0.9125,41.353928,-6.8018513,-2.930426,70.0,25.0,90.0,41.582993,-7.14439,-2.6372042,70.96146,25.379128,89.09123,0.5057495
0.9166666666666666,41.353928,-6.8018513,-2.930426,70.0,25.0,90.0,41.582993,-7.144391,-2.6372042,70.96146,25.379128,89.09123,0.5057502
0.9208333333333333,41.353928,-6.8018513,-2.930426,70.0,25.0,90.0,41.582993,-7.144391,-2.6372051,70.96146,25.37912,89.09123,0.5057496
0.925,41.353928,-6.8018513,-2.930426,70.0,25.0,90.0,41.582993,-7.1443872,-2.6372023,70.96146,25.379128,89.09123,0.5057487
0.9291666666666667,41.353928,-6.8018513,-2.930426,70.0,25.0,90.0,41.582993,-7.14439,-2.6372004,70.96146,25.379131,89.09123,0.5057517
0.9333333333333333,41.353928,-6.8018513,-2.930426,70.0,25.0,90.0,41.582993,-7.144393,-2.6372023,70.96146,25.379124,89.09123,0.50575256
0.9375,41.353928,-6.8018513,-2.930426,70.0,25.0,90.0,41.582993,-7.144391,-2.6372013,70.96146,25.379124,89.09123,0.50575185
0.9416666666666667,41.353928,-6.8018513,-2.930426,70.0,25.0,90.0,41.582993,-7.144391,-2.6372013,70.96146,25.379128,89.09123,0.50575185
0.9458333333333333,41.353928,-6.8018513,-2.930426,70.0,25.0,90.0,41.582993,-7.14439,-2.6372042,70.96146,25.379124,89.09123,0.5057495
0.95,41.353928,-6.8018513,-2.930426,70.0,25.0,90.0,41.582993,-7.14439,-2.6372023,70.96145,25.379124,89.09123,0.5057506
0.9541666666666667,41.353928,-6.8018513,-2.930426,70.0,25.0,90.0,41.582993,-7.144391,-2.6372013,70.96146,25.379124,89.09123,0.50575185
0.9583333333333334,41.353928,-6.8018513,-2.930426,70.0,25.0,90.0,41.582993,-7.144391,-2.6372013,70.96146,25.379124,89.09123,0.50575185
0.9625,41.353928,-6.8018513,-2.930426,70.0,25.0,90.0,41.582993,-7.144394,-2.6372013,70.96146,25.379124,89.09123,0.50575376
0.9666666666666667,41.353928,-6.8018513,-2.930426,70.0,25.0,90.0,41.582993,-7.144388,-2.6372042,70.96146,25.379124,89.09123,0.5057482
0.9708333333333333,41.353928,-6.8018513,-2.930426,70.0,25.0,90.0,41.582993,-7.14439,-2.6372051,70.96146,25.37912,89.09123,0.505749
0.975,41.353928,-6.8018513,-2.930426,70.0,25.0,90.0,41.582993,-7.14439,-2.6371994,70.96146,25.37912,89.09123,0.50575227
0.9791666666666666,41.353928,-6.8018513,-2.930426,70.0,25.0,90.0,41.582993,-7.14439,-2.6372042,70.96146,25.379128,89.09123,0.5057495
0.9833333333333333,41.353928,-6.8018513,-2.930426,70.0,25.0,90.0,41.582993,-7.144391,-2.6372051,70.96146,25.379124,89.09123,0.5057496
0.9875,41.353928,-6.8018513,-2.930426,70.0,25.0,90.0,41.582996,-7.14439,-2.6372023,70.96146,25.379128,89.09123,0.5057523
0.9916666666666667,41.353928,-6.8018513,-2.930426,70.0,25.0,90.0,41.582993,-7.144394,-2.6372042,70.96146,25.379128,89.09123,0.5057521
0.9958333333333333,41.353928,-6.8018513,-2.930426,70.0,25.0,90.0,41.582993,-7.144394,-2.637206,70.96146,25.379124,89.091225,0.505751
1.0,41.353928,-6.8018513,-2.930426,70.0,25.0,90.0,41.582996,-7.144393,-2.6372013,70.96146,25.37912,89.091225,0.5057548
1.0041666666666667,41.353928,-6.8018513,-2.930426,70.0,25.0,90.0,41.582993,-7.144394,-2.6372023,70.96146,25.379128,89.091225,0.5057532
1.0083333333333333,41.353928,-6.8018513,-2.930426,70.0,25.0,90.0,41.582996,-7.144394,-2.6372013,70.96145,25.379124,89.091225,0.5057555
1.0125,41.353928,-6.8018513,-2.930426,70.0,25.0,90.0,41.582996,-7.144393,-2.6372042,70.96146,25.37912,89.091225,0.5057532
1.0166666666666666,41.353928,-6.8018513,-2.930426,70.0,25.0,90.0,41.582996,-7.144396,-2.6372051,70.96146,25.379124,89.091225,0.50575453
1.0208333333333333,41.353928,-6.8018513,-2.930426,70.0,25.0,90.0,41.582993,-7.144393,-2.637207,70.96146,25.379124,89.091225,0.50574976
1.025,41.353928,-6.8018513,-2.930426,70.0,25.0,90.0,41.582993,-7.144391,-2.637207,70.96146,25.37912,89.091225,0.5057485
1.0291666666666666,41.353928,-6.8018513,-2.930426,70.0,25.0,90.0,41.583,-7.144394,-2.637208,70.96145,25.379124,89.091225,0.50575334
1.0333333333333334,41.353928,-6.8018513,-2.930426,70.0,25.0,90.0,41.582996,-7.144396,-2.637208,70.96146,25.379124,89.091225,0.5057529
1.0375,41.353928,-6.8018513,-2.930426,70.0,25.0,90.0,41.583,-7.144394,-2.637206,70.96146,25.379128,89.091225,0.5057544
1.0416666666666667,41.353928,-6.8018513,-2.930426,70.0,25.0,90.0,41.582993,-7.144391,-2.637207,70.96145,25.379128,89.091225,0.5057485
1.0458333333333334,41.353928,-6.8018513,-2.930426,70.0,25.0,90.0,41.582996,-7.144394,-2.637209,70.96145,25.379128,89.091225,0.5057511
1.05,41.353928,-6.8018513,-2.930426,70.0,25.0,90.0,41.582996,-7.144393,-2.637209,70.96145,25.379128,89.091225,0.5057504
1.0541666666666667,41.353928,-6.8018513,-2.930426,70.0,25.0,90.0,41.582996,-7.144394,-2.637207,70.96146,25.379124,89.091225,0.50575215
1.0583333333333333,41.353928,-6.8018513,-2.930426,70.0,25.0,90.0,41.582993,-7.144394,-2.637207,70.96145,25.379128,89.091225,0.5057504
1.0625,41.353928,-6.8018513,-2.930426,70.0,25.0,90.0,41.583,-7.144394,-2.637206,70.96146,25.379128,89.091225,0.5057544
1.0666666666666667,41.353928,-6.8018513,-2.930426,70.0,25.0,90.0,41.583,-7.144394,-2.637207,70.96146,25.379128,89.091225,0.50575393
1.0708333333333333,41.353928,-6.8018513,-2.930426,70.0,25.0,90.0,41.583,-7.144394,-2.637207,70.96146,25.379128,89.091225,0.50575393
1.075,41.353928,-6.8018513,-2.930426,70.0,25.0,90.0,41.583,-7.144394,-2.637207,70.96146,25.379128,89.091225,0.50575393
1.0791666666666666,41.353928,-6.8018513,-2.930426,70.0,25.0,90.0,41.583,-7.144394,-2.637207,70.96146,25.379128,89.091225,0.50575393
1.0833333333333333,41.353928,-6.8018513,-2.930426,70.0,25.0,90.0,41.583,-7.144394,-2.637207,70.96146,25.379128,89.091225,0.50575393
1.0875,41.353928,-6.8018513,-2.930426,70.0,25.0,90.0,41.583,-7.144394,-2.637207,70.96146,25.379128,89.091225,0.50575393
1.0916666666666666,41.353928,-6.8018513,-2.930426,70.0,25.0,90.0,41.583,-7.144394,-2.637207,70.96146,25.379128,89.091225,0.50575393
1.0958333333333334,41.353928,-6.8018513,-2.930426,70.0,25.0,90.0,41.583,-7.144394,-2.637207,70.96146,25.379128,89.091225,0.50575393
1.1,41.353928,-6.8018513,-2.930426,70.0,25.0,90.0,41.583,-7.144394,-2.637207,70.96146,25.379128,89.091225,0.50575393
1.1041666666666667,41.353928,-6.8018513,-2.930426,70.0,25.0,90.0,41.583,-7.144394,-2.637207,70.96146,25.379128,89.091225,0.50575393
1.1083333333333334,41.353928,-6.8018513,-2.930426,70.0,25.0,90.0,41.583,-7.144394,-2.637207,70.96146,25.379128,89.091225,0.50575393
1.1125,41.353928,-6.8018513,-2.930426,70.0,25.0,90.0,41.583,-7.144394,-2.637207,70.96146,25.379128,89.091225,0.50575393
1.1166666666666667,41.353928,-6.8018513,-2.930426,70.0,25.0,90.0,41.583,-7.144394,-2.637207,70.96146,25.379128,89.091225,0.50575393
1.1208333333333333,41.353928,-6.8018513,-2.930426,70.0,25.0,90.0,41.583,-7.144394,-2.637207,70.96146,25.379128,89.091225,0.50575393
1.125,41.353928,-6.8018513,-2.930426,70.0,25.0,90.0,41.583,-7.144394,-2.637207,70.96146,25.379128,89.091225,0.50575393
1.1291666666666667,41.353928,-6.8018513,-2.930426,70.0,25.0,90.0,41.583,-7.144394,-2.637207,70.96146,25.379128,89.091225,0.50575393
1.1333333333333333,41.353928,-6.8018513,-2.930426,70.0,25.0,90.0,41.583,-7.144394,-2.637207,70.96146,25.379128,89.091225,0.50575393
1.1375,41.353928,-6.8018513,-2.930426,70.0,25.0,90.0,41.583,-7.144394,-2.637207,70.96146,25.379128,89.091225,0.50575393
1.1416666666666666,41.353928,-6.8018513,-2.930426,70.0,25.0,90.0,41.583,-7.144394,-2.637207,70.96146,25.379128,89.091225,0.50575393
1.1458333333333333,41.353928,-6.8018513,-2.930426,70.0,25.0,90.0,41.583,-7.144394,-2.637207,70.96146,25.379128,89.091225,0.50575393
1.15,41.353928,-6.8018513,-2.930426,70.0,25.0,90.0,41.583,-7.144394,-2.637207,70.96146,25.379128,89.091225,0.50575393
1.1541666666666666,41.353928,-6.8018513,-2.930426,70.0,25.0,90.0,41.583,-7.144394,-2.637207,70.96146,25.379128,89.091225,0.50575393
1.1583333333333334,41.353928,-6.8018513,-2.930426,70.0,25.0,90.0,41.583,-7.144394,-2.637207,70.96146,25.379128,89.091225,0.50575393
1.1625,41.353928,-6.8018513,-2.930426,70.0,25.0,90.0,41.583,-7.144394,-2.637207,70.96146,25.379128,89.091225,0.50575393
1.1666666666666667,41.353928,-6.8018513,-2.930426,70.0,25.0,90.0,41.583,-7.144394,-2.637207,70.96146,25.379128,89.091225,0.50575393
1.1708333333333334,41.353928,-6.8018513,-2.930426,70.0,25.0,90.0,41.583,-7.144394,-2.637207,70.96146,25.379128,89.091225,0.50575393
1.175,41.353928,-6.8018513,-2.930426,70.0,25.0,90.0,41.583,-7.144394,-2.637207,70.96146,25.379128,89.091225,0.50575393
1.1791666666666667,41.353928,-6.8018513,-2.930426,70.0,25.0,90.0,41.583,-7.144394,-2.637207,70.96146,25.379128,89.091225,0.50575393
1.1833333333333333,41.353928,-6.8018513,-2.930426,70.0,25.0,90.0,41.583,-7.144394,-2.637207,70.96146,25.379128,89.091225,0.50575393
1.1875,41.353928,-6.8018513,-2.930426,70.0,25.0,90.0,41.583,-7.144394,-2.637207,70.96146,25.379128,89.091225,0.50575393
1.1916666666666667,41.353928,-6.8018513,-2.930426,70.0,25.0,90.0,41.583,-7.144394,-2.637207,70.96146,25.379128,89.091225,0.50575393
1.1958333333333333,41.353928,-6.8018513,-2.930426,70.0,25.0,90.0,41.583,-7.144394,-2.637207,70.96146,25.379128,89.091225,0.50575393
1.2,41.353928,-6.8018513,-2.930426,70.0,25.0,90.0,41.583,-7.144394,-2.637207,70.96146,25.379128,89.091225,0.50575393
1.2041666666666666,41.353928,-6.8018513,-2.930426,70.0,25.0,90.0,41.583,-7.144394,-2.637207,70.96146,25.379128,89.091225,0.50575393
1.2083333333333333,41.353928,-6.8018513,-2.930426,70.0,25.0,90.0,41.583,-7.144394,-2.637207,70.96146,25.379128,89.091225,0.50575393
1.2125,41.353928,-6.8018513,-2.930426,70.0,25.0,90.0,41.583,-7.144394,-2.637207,70.96146,25.379128,89.091225,0.50575393
1.2166666666666666,41.353928,-6.8018513,-2.930426,70.0,25.0,90.0,41.583,-7.144394,-2.637207,70.96146,25.379128,89.091225,0.50575393
1.2208333333333334,41.353928,-6.8018513,-2.930426,70.0,25.0,90.0,41.583,-7.144394,-2.637207,70.96146,25.379128,89.091225,0.50575393
1.225,41.353928,-6.8018513,-2.930426,70.0,25.0,90.0,41.583,-7.144394,-2.637207,70.96145,25.379128,89.091225,0.50575393
1.2291666666666667,41.353928,-6.8018513,-2.930426,70.0,25.0,90.0,41.583,-7.144396,-2.637206,70.96146,25.379131,89.091225,0.5057557
1.2333333333333334,41.353928,-6.8018513,-2.930426,70.0,25.0,90.0,41.583,-7.144396,-2.637206,70.96146,25.379131,89.09123,0.5057557
1.2375,41.353928,-6.8018513,-2.930426,70.0,25.0,90.0,41.582996,-7.144393,-2.6372042,70.96146,25.379128,89.09123,0.5057532
1.2416666666666667,41.353928,-6.8018513,-2.930426,70.0,25.0,90.0,41.582993,-7.144391,-2.6372023,70.96146,25.379128,89.09123,0.50575125
1.2458333333333333,41.353928,-6.8018513,-2.930426,70.0,25.0,90.0,41.582993,-7.144393,-2.6372051,70.96145,25.379128,89.09123,0.5057509
1.25,41.353928,-6.8018513,-2.930426,70.0,25.0,90.0,41.582996,-7.144394,-2.6372042,70.96146,25.379128,89.09123,0.5057539
1.2541666666666667,41.353928,-6.8018513,-2.930426,70.0,25.0,90.0,41.582993,-7.144393,-2.637206,70.96146,25.379131,89.09123,0.50575036
1.2583333333333333,41.353928,-6.8018513,-2.930426,70.0,25.0,90.0,41.583,-7.14439,-2.6372051,70.96145,25.379128,89.09123,0.5057524
1.2625,41.353928,-6.8018513,-2.930426,70.0,25.0,90.0,41.582996,-7.144388,-2.6372051,70.96146,25.379128,89.09123,0.5057494
1.2666666666666666,41.353928,-6.8018513,-2.930426,70.0,25.0,90.0,41.582993,-7.14439,-2.6372042,70.96145,25.379128,89.09124,0.5057495
1.2708333333333333,41.353928,-6.8018513,-2.930426,70.0,25.0,90.0,41.582996,-7.144391,-2.637206,70.96146,25.37912,89.09124,0.5057508
1.275,41.353928,-6.8018513,-2.930426,70.0,25.0,90.0,41.583,-7.144391,-2.6372042,70.96146,25.379124,89.09124,0.50575364
1.2791666666666666,41.353928,-6.8018513,-2.930426,70.0,25.0,90.0,41.582993,-7.144388,-2.6372051,70.96146,25.379124,89.09124,0.5057477
1.2833333333333334,41.353928,-6.8018513,-2.930426,70.0,25.0,90.0,41.582993,-7.144388,-2.6372023,70.96146,25.37912,89.09124,0.5057493
1.2875,41.353928,-6.8018513,-2.930426,70.0,25.0,90.0,41.582993,-7.14439,-2.6372042,70.96146,25.379128,89.09124,0.5057495
1.2916666666666667,41.353928,-6.8018513,-2.930426,70.0,25.0,90.0,41.582993,-7.144388,-2.6372023,70.96146,25.379128,89.09124,0.5057493
1.2958333333333334,41.353928,-6.8018513,-2.930426,70.0,25.0,90.0,41.582993,-7.144388,-2.6372023,70.96146,25.379128,89.09124,0.5057493
1.3,41.353928,-6.8018513,-2.930426,70.0,25.0,90.0,41.582993,-7.14439,-2.6372004,70.96146,25.379128,89.09124,0.5057517
1.3041666666666667,41.353928,-6.8018513,-2.930426,70.0,25.0,90.0,41.582993,-7.144391,-2.6372023,70.96146,25.379131,89.09124,0.50575125
1.3083333333333333,41.353928,-6.8018513,-2.930426,70.0,25.0,90.0,41.582993,-7.144391,-2.6372013,70.96146,25.379131,89.09123,0.50575185
1.3125,41.353928,-6.8018513,-2.930426,70.0,25.0,90.0,41.582993,-7.144391,-2.6372004,70.96146,25.379128,89.09123,0.5057524
1.3166666666666667,41.353928,-6.8018513,-2.930426,70.0,25.0,90.0,41.582993,-7.144393,-2.6371984,70.96146,25.379124,89.09123,0.50575477
1.3208333333333333,41.353928,-6.8018513,-2.930426,70.0,25.0,90.0,41.582993,-7.144393,-2.6372013,70.96146,25.379128,89.09123,0.5057531
1.325,41.353928,-6.8018513,-2.930426,70.0,25.0,90.0,41.582993,-7.144391,-2.6372004,70.96146,25.379124,89.09123,0.5057524
1.3291666666666666,41.353928,-6.8018513,-2.930426,70.0,25.0,90.0,41.582993,-7.144391,-2.6372013,70.96146,25.379124,89.09123,0.50575185
1.3333333333333333,41.353928,-6.8018513,-2.930426,70.0,25.0,90.0,41.582993,-7.144393,-2.6372023,70.96146,25.379124,89.09123,0.50575256
1.3375,41.353928,-6.8018513,-2.930426,70.0,25.0,90.0,41.582993,-7.14439,-2.6372051,70.96146,25.379124,89.09123,0.505749
1.3416666666666666,41.353928,-6.8018513,-2.930426,70.0,25.0,90.0,41.582993,-7.14439,-2.6372051,70.96146,25.379124,89.09123,0.505749
1.3458333333333334,41.353928,-6.8018513,-2.930426,70.0,25.0,90.0,41.582993,-7.14439,-2.6372051,70.96146,25.379124,89.09123,0.505749
1.35,41.353928,-6.8018513,-2.930426,70.0,25.0,90.0,41.582993,-7.14439,-2.6372051,70.96146,25.379124,89.09123,0.505749
1.3541666666666667,41.353928,-6.8018513,-2.930426,70.0,25.0,90.0,41.582993,-7.14439,-2.6372023,70.96146,25.379124,89.09123,0.5057506
1.3583333333333334,41.353928,-6.8018513,-2.930426,70.0,25.0,90.0,41.582993,-7.144391,-2.6372013,70.96146,25.379124,89.09123,0.50575185
1.3625,41.353928,-6.8018513,-2.930426,70.0,25.0,90.0,41.582993,-7.144391,-2.6372042,70.96146,25.37912,89.09123,0.5057502
1.3666666666666667,41.353928,-6.8018513,-2.930426,70.0,25.0,90.0,41.582993,-7.144391,-2.6372023,70.96146,25.379124,89.09123,0.50575125
1.3708333333333333,41.353928,-6.8018513,-2.930426,70.0,25.0,90.0,41.582993,-7.14439,-2.6372004,70.96146,25.379128,89.09123,0.5057517
1.375,41.353928,-6.8018513,-2.930426,70.0,25.0,90.0,41.582993,-7.14439,-2.6372023,70.96146,25.379128,89.09123,0.5057506
1.3791666666666667,41.353928,-6.8018513,-2.930426,70.0,25.0,90.0,41.582993,-7.144388,-2.6372051,70.96146,25.379124,89.09123,0.5057477
1.3833333333333333,41.353928,-6.8018513,-2.930426,70.0,25.0,90.0,41.582996,-7.144391,-2.6372051,70.96146,25.37912,89.09123,0.5057514
1.3875,41.353928,-6.8018513,-2.930426,70.0,25.0,90.0,41.582993,-7.144394,-2.637206,70.96146,25.379128,89.09123,0.505751
1.3916666666666666,41.353928,-6.8018513,-2.930426,70.0,25.0,90.0,41.582996,-7.144394,-2.637206,70.96146,25.379124,89.091225,0.50575274
1.3958333333333333,41.353928,-6.8018513,-2.930426,70.0,25.0,90.0,41.582996,-7.144393,-2.6372013,70.96146,25.37912,89.091225,0.5057548
1.4,41.353928,-6.8018513,-2.930426,70.0,25.0,90.0,41.582993,-7.144394,-2.6372023,70.96146,25.379128,89.091225,0.5057532
1.4041666666666666,41.353928,-6.8018513,-2.930426,70.0,25.0,90.0,41.582996,-7.144394,-2.6372013,70.96145,25.379124,89.091225,0.5057555
1.4083333333333334,41.353928,-6.8018513,-2.930426,70.0,25.0,90.0,41.582996,-7.144393,-2.6372042,70.96146,25.37912,89.091225,0.5057532
1.4125,41.353928,-6.8018513,-2.930426,70.0,25.0,90.0,41.582996,-7.144396,-2.6372051,70.96146,25.379124,89.091225,0.50575453
1.4166666666666667,41.353928,-6.8018513,-2.930426,70.0,25.0,90.0,41.582993,-7.144393,-2.637207,70.96146,25.379124,89.091225,0.50574976
1.4208333333333334,41.353928,-6.8018513,-2.930426,70.0,25.0,90.0,41.582993,-7.144391,-2.637207,70.96146,25.37912,89.091225,0.5057485
1.425,41.353928,-6.8018513,-2.930426,70.0,25.0,90.0,41.583,-7.144394,-2.637208,70.96145,25.379124,89.091225,0.50575334
1.4291666666666667,41.353928,-6.8018513,-2.930426,70.0,25.0,90.0,41.582996,-7.144396,-2.637208,70.96146,25.379124,89.091225,0.5057529
1.4333333333333333,41.353928,-6.8018513,-2.930426,70.0,25.0,90.0,41.583,-7.144394,-2.637206,70.96146,25.379128,89.091225,0.5057544
1.4375,41.353928,-6.8018513,-2.930426,70.0,25.0,90.0,41.582993,-7.144391,-2.637207,70.96145,25.379128,89.091225,0.5057485
1.4416666666666667,41.353928,-6.8018513,-2.930426,70.0,25.0,90.0,41.582996,-7.144394,-2.637209,70.96145,25.379128,89.091225,0.5057511
1.4458333333333333,41.353928,-6.8018513,-2.930426,70.0,25.0,90.0,41.582996,-7.144393,-2.637209,70.96145,25.379128,89.091225,0.5057504
1.45,41.353928,-6.8018513,-2.930426,70.0,25.0,90.0,41.582996,-7.144394,-2.637207,70.96146,25.379124,89.091225,0.50575215
1.4541666666666666,41.353928,-6.8018513,-2.930426,70.0,25.0,90.0,41.582993,-7.144394,-2.637207,70.96145,25.379128,89.091225,0.5057504
1.4583333333333333,41.353928,-6.8018513,-2.930426,70.0,25.0,90.0,41.583,-7.144394,-2.637206,70.96146,25.379128,89.091225,0.5057544
1.4625,41.353928,-6.8018513,-2.930426,70.0,25.0,90.0,41.583,-7.144394,-2.637207,70.96146,25.379128,89.091225,0.50575393
1.4666666666666666,41.353928,-6.8018513,-2.930426,70.0,25.0,90.0,41.583,-7.144394,-2.637207,70.96146,25.379128,89.091225,0.50575393
1.4708333333333334,41.353928,-6.8018513,-2.930426,70.0,25.0,90.0,41.583,-7.144394,-2.637207,70.96146,25.379128,89.091225,0.50575393
1.475,41.353928,-6.8018513,-2.930426,70.0,25.0,90.0,41.583,-7.144394,-2.637207,70.96146,25.379128,89.091225,0.50575393
1.4791666666666667,41.353928,-6.8018513,-2.930426,70.0,25.0,90.0,41.583,-7.144394,-2.637207,70.96146,25.379128,89.091225,0.50575393
1.4833333333333334,41.353928,-6.8018513,-2.930426,70.0,25.0,90.0,41.583,-7.144394,-2.637207,70.96146,25.379128,89.091225,0.50575393
1.4875,41.353928,-6.8018513,-2.930426,70.0,25.0,90.0,41.583,-7.144394,-2.637207,70.96146,25.379128,89.091225,0.50575393
1.4916666666666667,41.353928,-6.8018513,-2.930426,70.0,25.0,90.0,41.583,-7.144394,-2.637207,70.96146,25.379128,89.091225,0.50575393
1.4958333333333333,41.353928,-6.8018513,-2.930426,70.0,25.0,90.0,41.583,-7.144394,-2.637207,70.96146,25.379128,89.091225,0.50575393
1.5,41.353928,-6.8018513,-2.930426,70.0,25.0,90.0,41.583,-7.144394,-2.637207,70.96146,25.379128,89.091225,0.50575393
1.5041666666666667,41.353928,-6.8018513,-2.930426,70.0,25.0,90.0,41.583,-7.144394,-2.637207,70.96146,25.379128,89.091225,0.50575393
1.5083333333333333,41.353928,-6.8018513,-2.930426,70.0,25.0,90.0,41.583,-7.144394,-2.637207,70.96146,25.379128,89.091225,0.50575393
1.5125,41.353928,-6.8018513,-2.930426,70.0,25.0,90.0,41.583,-7.144394,-2.637207,70.96146,25.379128,89.091225,0.50575393
1.5166666666666666,41.353928,-6.8018513,-2.930426,70.0,25.0,90.0,41.583,-7.144394,-2.637207,70.96146,25.379128,89.091225,0.50575393
1.5208333333333333,41.353928,-6.8018513,-2.930426,70.0,25.0,90.0,41.583,-7.144394,-2.637207,70.96146,25.379128,89.091225,0.50575393
1.525,41.353928,-6.8018513,-2.930426,70.0,25.0,90.0,41.583,-7.144394,-2.637207,70.96146,25.379128,89.091225,0.50575393
1.5291666666666666,41.353928,-6.8018513,-2.930426,70.0,25.0,90.0,41.583,-7.144394,-2.637207,70.96146,25.379128,89.091225,0.50575393
1.5333333333333334,41.353928,-6.8018513,-2.930426,70.0,25.0,90.0,41.582996,-7.144397,-2.6372023,70.96146,25.379124,89.09123,0.50575686
1.5375,41.353928,-6.8018513,-2.930426,70.0,25.0,90.0,41.582985,-7.1444063,-2.6371899,70.96149,25.37912,89.09124,0.5057653
1.5416666666666667,41.353928,-6.8018513,-2.930426,70.0,25.0,90.0,41.58298,-7.1443996,-2.6371298,70.96155,25.379093,89.09126,0.5057939
1.5458333333333334,41.353928,-6.8018513,-2.930426,70.0,25.0,90.0,41.582977,-7.1442986,-2.6370163,70.961685,25.379147,89.09124,0.5057896
1.55,41.353928,-6.8018513,-2.930426,70.0,25.0,90.0,41.582993,-7.1440353,-2.6368303,70.96199,25.37946,89.09109,0.5057262
1.5541666666666667,41.353928,-6.8018513,-2.930426,70.0,25.0,90.0,41.58307,-7.1435347,-2.6365347,70.96269,25.380177,89.090675,0.50559396
1.5583333333333333,41.353928,-6.8018513,-2.930426,70.0,25.0,90.0,41.5832,-7.1427174,-2.635994,70.96409,25.381489,89.089966,0.5054157
1.5625,41.353928,-6.8018513,-2.930426,70.0,25.0,90.0,41.58332,-7.141507,-2.6350317,70.966644,25.383625,89.088905,0.5052178
1.5666666666666667,41.353928,-6.8018513,-2.930426,70.0,25.0,90.0,41.583447,-7.1397123,-2.633607,70.97065,25.386944,89.08742,0.5049065
1.5708333333333333,41.353928,-6.8018513,-2.930426,70.0,25.0,90.0,41.583694,-7.137207,-2.6316795,70.97639,25.391563,89.08529,0.50448555
1.575,41.353928,-6.8018513,-2.930426,70.0,25.0,90.0,41.584095,-7.1338387,-2.6294394,70.983925,25.397568,89.08222,0.5037713
1.5791666666666666,41.353928,-6.8018513,-2.930426,70.0,25.0,90.0,41.58478,-7.1294355,-2.6270418,70.99326,25.404747,89.07789,0.50263995
1.5833333333333333,41.353928,-6.8018513,-2.930426,70.0,25.0,90.0,41.58562,-7.1237793,-2.6248045,71.00454,25.41346,89.072296,0.50072336
1.5875,41.353928,-6.8018513,-2.930426,70.0,25.0,90.0,41.58618,-7.1168003,-2.623333,71.016975,25.424675,89.06469,0.4974343
1.5916666666666666,41.353928,-6.8018513,-2.930426,70.0,25.0,90.0,41.586708,-7.1080027,-2.6236544,71.02947,25.439121,89.05484,0.49195954
1.5958333333333334,41.353928,-6.8018513,-2.930426,70.0,25.0,90.0,41.58658,-7.097905,-2.6263304,71.039955,25.454105,89.04376,0.4839921
1.6,41.353928,-6.8018513,-2.930426,70.0,25.0,90.0,41.585403,-7.086972,-2.6305056,71.048546,25.466934,89.03439,0.4741595
1.6041666666666667,41.353928,-6.8018513,-2.930426,70.0,25.0,90.0,41.582813,-7.074748,-2.6349401,71.05712,25.47752,89.0296,0.4627884
1.6083333333333334,41.353928,-6.8018513,-2.930426,70.0,25.0,90.0,41.57646,-7.062131,-2.640111,71.06478,25.484196,89.03094,0.44894287
1.6125,41.353928,-6.8018513,-2.930426,70.0,25.0,90.0,41.566986,-7.0498743,-2.6480322,71.067696,25.484875,89.04035,0.4320365
1.6166666666666667,41.353928,-6.8018513,-2.930426,70.0,25.0,90.0,41.556713,-7.041296,-2.661336,71.06145,25.475407,89.05968,0.41335833
1.6208333333333333,41.353928,-6.8018513,-2.930426,70.0,25.0,90.0,41.54522,-7.030813,-2.6830997,71.04271,25.468777,89.088715,0.38753882
1.625,41.353928,-6.8018513,-2.930426,70.0,25.0,90.0,41.53326,-7.0175886,-2.7126532,71.01504,25.46069,89.13099,0.35514474
1.6291666666666667,41.353928,-6.8018513,-2.930426,70.0,25.0,90.0,41.520927,-6.9957533,-2.754509,70.97989,25.456211,89.18612,0.31053776
1.6333333333333333,41.353928,-6.8018513,-2.930426,70.0,25.0,90.0,41.51313,-6.975994,-2.800784,70.93372,25.455166,89.25709,0.2692177
1.6375,41.353928,-6.8018513,-2.930426,70.0,25.0,90.0,41.50632,-6.953944,-2.8489103,70.88106,25.458633,89.33697,0.23021898
1.6416666666666666,41.353928,-6.8018513,-2.930426,70.0,25.0,90.0,41.495926,-6.926773,-2.8980045,70.82223,25.46099,89.43351,0.19188568
1.6458333333333333,41.353928,-6.8018513,-2.930426,70.0,25.0,90.0,41.49386,-6.8858604,-2.9229975,70.778984,25.452576,89.53928,0.16338094
1.65,41.353928,-6.8018513,-2.930426,70.0,25.0,90.0,41.49301,-6.83078,-2.9337473,70.750114,25.446228,89.652306,0.14209935
1.6541666666666666,41.353886,-6.8018937,-2.9304247,70.00007,25.0,90.0001,41.49363,-6.78022,-2.9607935,70.72173,25.456429,89.77702,0.14463867
1.6583333333333334,41.3536,-6.8021774,-2.930427,70.00051,25.0,90.00076,41.49637,-6.73505,-2.998702,70.707664,25.453945,89.90852,0.17190255
1.6625,41.352837,-6.802942,-2.9304273,70.00171,25.0,90.00252,41.496788,-6.6883125,-3.0410385,70.70791,25.459324,90.02871,0.21470146
1.6666666666666667,41.351376,-6.804404,-2.9304256,70.004005,25.0,90.00589,41.501476,-6.6440363,-3.1024656,70.70413,25.473598,90.15365,0.27900845
1.6708333333333334,41.34901,-6.8067718,-2.930426,70.00772,25.0,90.011345,41.498405,-6.6111565,-3.1684217,70.70158,25.421375,90.33894,0.34238318
1.675,41.345535,-6.810243,-2.930424,70.013176,25.0,90.01936,41.46976,-6.582407,-3.2441354,70.68866,25.341022,90.553,0.4071316
1.6791666666666667,41.340775,-6.8150034,-2.9304242,70.02065,25.0,90.03034,41.42659,-6.5544214,-3.3047829,70.69564,25.289726,90.75346,0.46412462
1.6833333333333333,41.334553,-6.8212256,-2.9304237,70.03043,25.0,90.044685,41.350483,-6.536291,-3.3721871,70.691864,25.278297,90.97821,0.5259243
1.6875,41.326706,-6.8290772,-2.9304256,70.04278,25.0,90.06276,41.25595,-6.501487,-3.4433064,70.68611,25.24731,91.18351,0.6126732
1.6916666666666667,41.317078,-6.838701,-2.9304266,70.05793,25.0,90.08494,41.176414,-6.4404106,-3.5189934,70.68892,25.26799,91.3472,0.7244529
1.6958333333333333,41.30554,-6.850243,-2.9304242,70.076126,25.0,90.111496,41.087143,-6.37941,-3.6066666,70.721825,25.282661,91.485634,0.85245776
1.7,41.291946,-6.8638344,-2.9304278,70.09757,25.0,90.14275,40.966747,-6.3133154,-3.699657,70.74471,25.309288,91.59872,1.0002695
1.7041666666666666,41.276188,-6.879593,-2.930425,70.12249,25.0,90.17897,40.84973,-6.2271624,-3.8073792,70.79396,25.397263,91.65608,1.1732773
1.7083333333333333,41.258152,-6.897629,-2.9304245,70.151054,25.0,90.220375,40.745163,-6.158101,-3.9320426,70.86004,25.528976,91.70931,1.3465875
1.7125,41.237736,-6.918045,-2.9304323,70.18344,25.0,90.26719,40.635143,-6.0944166,-4.079203,70.96153,25.759296,91.74326,1.5366054
1.7166666666666666,41.214855,-6.9409246,-2.9304245,70.21985,25.0,90.319595,40.523964,-6.024105,-4.2496576,71.05996,26.08255,91.74822,1.7487897
1.7208333333333334,41.189426,-6.9663534,-2.9304254,70.2604,25.0,90.377754,40.408653,-5.9727287,-4.416023,71.153694,26.466576,91.74806,1.950358
1.725,41.161377,-6.9944034,-2.930424,70.30526,25.0,90.44181,40.28644,-5.9440746,-4.5616913,71.25892,26.816021,91.76684,2.1283174
1.7291666666666667,41.130646,-7.0251355,-2.9304266,70.35455,25.0,90.51186,40.14724,-5.9173527,-4.6917243,71.39197,27.219337,91.80545,2.3013997
1.7333333333333334,41.09718,-7.0586004,-2.930426,70.40842,25.0,90.58801,39.996513,-5.8996096,-4.8228116,71.57847,27.632729,91.86012,2.4770646
1.7375,41.060932,-7.094849,-2.9304276,70.466965,25.0,90.67032,39.841133,-5.8457317,-4.9456306,71.75133,28.057468,91.93331,2.6663172
1.7416666666666667,41.02187,-7.1339107,-2.9304273,70.530304,25.0,90.75883,39.68343,-5.787142,-5.0551467,71.92064,28.501644,92.04074,2.8494983
1.7458333333333333,40.97996,-7.1758204,-2.9304254,70.59854,25.0,90.85355,39.546543,-5.7403364,-5.1356535,72.10255,28.873653,92.18317,2.9963865
1.75,40.93519,-7.2205935,-2.9304273,70.67175,25.0,90.954506,39.42425,-5.7116585,-5.195881,72.3524,29.188992,92.33467,3.1132128
1.7541666666666667,40.88754,-7.2682443,-2.9304268,70.75003,25.0,91.061646,39.321815,-5.720932,-5.209985,72.6864,29.360474,92.51778,3.1689193
1.7583333333333333,40.837006,-7.3187757,-2.9304264,70.83344,25.0,91.17495,39.270805,-5.7347775,-5.162651,73.01619,29.415806,92.720276,3.1535473
1.7625,40.783592,-7.372188,-2.930424,70.92206,25.0,91.29434,39.251778,-5.716468,-5.104888,73.31425,29.486393,92.925415,3.133075
1.7666666666666666,40.72731,-7.428472,-2.9304245,71.01592,25.0,91.41974,39.256836,-5.7056417,-5.043365,73.59741,29.520508,93.12369,3.0975726
1.7708333333333333,40.668175,-7.487607,-2.930425,71.11508,25.0,91.55105,39.262703,-5.735526,-4.9564133,73.89299,29.530563,93.32594,3.0248582
1.775,40.60621,-7.5495744,-2.9304261,71.219574,25.0,91.68814,39.26828,-5.769043,-4.868162,74.16255,29.542412,93.54238,2.952146
1.7791666666666666,40.541443,-7.614339,-2.930428,71.32942,25.0,91.8309,39.2586,-5.807108,-4.7877855,74.410545,29.56601,93.75548,2.8916345
1.7833333333333334,40.47391,-7.6818686,-2.930428,71.44465,25.0,91.97917,39.218494,-5.8457127,-4.7192426,74.65611,29.580627,93.96053,2.8543646
1.7875,40.40366,-7.752121,-2.9304245,71.56526,25.0,92.132774,39.131523,-5.896694,-4.6739206,74.91086,29.600708,94.19408,2.8461764
1.7916666666666667,40.330734,-7.825048,-2.9304252,71.691246,25.0,92.29154,38.999146,-5.956107,-4.642049,75.11459,29.579418,94.45279,2.8628175
1.7958333333333334,40.255188,-7.9005914,-2.9304268,71.822586,25.0,92.45529,38.853058,-6.017954,-4.6347814,75.2528,29.530663,94.696976,2.9008822
1.8,40.177082,-7.978698,-2.9304264,71.95927,25.0,92.6238,38.69881,-6.100545,-4.6566424,75.34768,29.46249,94.93275,2.9483159
1.8041666666666667,40.096478,-8.059301,-2.9304252,72.10125,25.0,92.796875,38.55195,-6.1748867,-4.684231,75.42988,29.4104,95.1732,3.0020697
1.8083333333333333,40.01345,-8.14233,-2.9304264,72.248474,25.0,92.974266,38.428925,-6.216502,-4.6944494,75.48508,29.389034,95.4194,3.05472
1.8125,39.928066,-8.227714,-2.9304268,72.400894,25.0,93.15576,38.325264,-6.265588,-4.716611,75.506004,29.370277,95.634605,3.0998979
1.8166666666666667,39.840412,-8.315368,-2.930424,72.55843,25.0,93.3411,38.21681,-6.321412,-4.742117,75.50204,29.363998,95.82302,3.1455014
1.8208333333333333,39.750565,-8.405215,-2.9304318,72.72099,25.0,93.53005,38.100906,-6.3782024,-4.764685,75.50518,29.375793,96.015526,3.1929045
1.825,39.658615,-8.497167,-2.9304278,72.88851,25.0,93.722336,37.98905,-6.4248133,-4.808372,75.49544,29.373707,96.210464,3.2571099
1.8291666666666666,39.56465,-8.591129,-2.9304278,73.06085,25.0,93.91771,37.88778,-6.474699,-4.850644,75.493416,29.372555,96.38923,3.313368
1.8333333333333333,39.468773,-8.687007,-2.9304237,73.23791,25.0,94.1159,37.77966,-6.5190105,-4.896311,75.50516,29.45686,96.553444,3.379057
1.8375,39.371075,-8.784705,-2.9304256,73.41953,25.0,94.31663,37.661274,-6.565996,-4.9610457,75.529434,29.51247,96.69916,3.4596972
1.8416666666666666,39.27166,-8.884122,-2.930427,73.60559,25.0,94.51962,37.521362,-6.614028,-5.0405145,75.584,29.575188,96.86072,3.559401
1.8458333333333334,39.170635,-8.9851465,-2.9304273,73.79592,25.0,94.72461,37.366257,-6.6600924,-5.105899,75.63812,29.671001,97.027275,3.6598272
1.85,39.068104,-9.087677,-2.9304302,73.99036,25.0,94.93132,37.22636,-6.7154865,-5.1684823,75.6999,29.743332,97.19051,3.745422
1.8541666666666667,38.96418,-9.191598,-2.930427,74.18872,25.0,95.139465,37.083706,-6.7684155,-5.2343335,75.780365,29.819279,97.354706,3.8361413
1.8583333333333334,38.858974,-9.296805,-2.930427,74.390816,25.0,95.34876,36.929604,-6.8279676,-5.304427,75.88156,29.943722,97.5232,3.9310951
1.8625,38.752605,-9.403174,-2.9304254,74.596436,25.0,95.558945,36.78207,-6.9068174,-5.373471,76.01084,30.04039,97.6808,4.0103965
1.8666666666666667,38.64519,-9.510592,-2.9304261,74.80536,25.0,95.76972,36.644287,-6.9985266,-5.4457245,76.15329,30.125156,97.82747,4.079316
1.8708333333333333,38.536842,-9.618937,-2.9304252,75.01737,25.0,95.98085,36.52328,-7.0943413,-5.509522,76.29724,30.187904,97.98032,4.1327653
1.875,38.42769,-9.72809,-2.9304237,75.23223,25.0,96.19203,36.41966,-7.1874657,-5.552587,76.43993,30.225533,98.14043,4.1668572
1.8791666666666667,38.31785,-9.837933,-2.9304252,75.44969,25.0,96.40301,36.32451,-7.286294,-5.588986,76.57775,30.236168,98.31464,4.1895356
1.8833333333333333,38.207443,-9.948336,-2.9304283,75.669495,25.0,96.613525,36.232025,-7.3886843,-5.616728,76.7234,30.207203,98.49672,4.203605
1.8875,38.096603,-10.05918,-2.930427,75.89139,25.0,96.8233,36.136463,-7.4913626,-5.63892,76.88426,30.146656,98.69166,4.2156577
1.8916666666666666,37.985443,-10.170335,-2.9304264,76.1151,25.0,97.032135,36.034172,-7.602748,-5.638802,77.05739,30.061508,98.90901,4.211325
1.8958333333333333,37.8741,-10.281682,-2.9304261,76.34034,25.0,97.23972,35.938503,-7.718789,-5.6158447,77.261375,29.952358,99.142715,4.1864576
1.9,37.76269,-10.393087,-2.9304261,76.56683,25.0,97.44587,35.855602,-7.8504086,-5.5862226,77.4787,29.825684,99.385574,4.141915
1.9041666666666666,37.651344,-10.504436,-2.9304268,76.7943,25.0,97.65032,35.761585,-8.005372,-5.568346,77.73859,29.782692,99.64154,4.0957446
1.9083333333333334,37.540188,-10.615592,-2.9304273,77.02242,25.0,97.85285,35.64746,-8.161048,-5.5366273,78.04514,29.811047,99.90383,4.049627
1.9125,37.429344,-10.726437,-2.9304261,77.25093,25.0,98.05325,35.533176,-8.322076,-5.5120425,78.34466,29.875294,100.14818,4.00514
1.9166666666666667,37.318943,-10.836843,-2.9304254,77.47951,25.0,98.251305,35.42446,-8.489864,-5.503166,78.61836,29.956726,100.351974,3.9643867
1.9208333333333334,37.2091,-10.94668,-2.930426,77.70785,25.0,98.44682,35.316006,-8.646876,-5.498776,78.877174,30.039555,100.54808,3.9331057
1.925,37.099945,-11.055836,-2.9304247,77.93566,25.0,98.639595,35.231766,-8.807205,-5.463568,79.13966,30.089577,100.74003,3.8682358
1.9291666666666667,36.9916,-11.164181,-2.9304278,78.16263,25.0,98.829445,35.161625,-8.976843,-5.4345126,79.40039,30.12146,100.903984,3.7952201
1.9333333333333333,36.884182,-11.271596,-2.930425,78.388466,25.0,99.016205,35.102627,-9.136874,-5.4284887,79.65648,30.150723,101.04892,3.73782
1.9375,36.777813,-11.377966,-2.930427,78.612854,25.0,99.19969,35.047825,-9.290836,-5.427234,79.91707,30.190983,101.18039,3.6855142
1.9416666666666667,36.67261,-11.483169,-2.9304266,78.8355,25.0,99.37975,35.002983,-9.440515,-5.4223375,80.16405,30.253452,101.31678,3.62901
1.9458333333333333,36.568687,-11.587094,-2.9304256,79.05612,25.0,99.556244,34.960358,-9.575387,-5.426939,80.4078,30.323273,101.46423,3.5869584
1.95,36.466156,-11.689626,-2.9304273,79.27441,25.0,99.72903,34.927868,-9.701244,-5.446574,80.648865,30.383537,101.59966,3.5568223
1.9541666666666666,36.36513,-11.790652,-2.9304254,79.49008,25.0,99.897964,34.889145,-9.804874,-5.4698577,80.89235,30.438782,101.72068,3.5454993
1.9583333333333333,36.265717,-11.890065,-2.930426,79.70286,25.0,100.06295,34.855793,-9.889793,-5.461624,81.15349,30.412254,101.82501,3.5207865
1.9625,36.16802,-11.987764,-2.930425,79.91247,25.0,100.223854,34.82554,-9.985972,-5.4465537,81.42666,30.378735,101.91853,3.4842973
1.9666666666666666,36.07214,-12.083643,-2.9304254,80.11864,25.0,100.380585,34.797245,-10.076806,-5.430809,81.72351,30.342266,102.0029,3.4503143
1.9708333333333334,35.978176,-12.177605,-2.9304264,80.32111,25.0,100.53305,34.77425,-10.188065,-5.3696713,82.05173,30.282051,102.07985,3.3701074
1.975,35.886227,-12.269554,-2.9304256,80.519646,25.0,100.68116,34.76021,-10.326881,-5.3131022,82.38469,30.14051,102.13141,3.273995
1.9791666666666667,35.79638,-12.359403,-2.9304247,80.714,25.0,100.82484,34.74965,-10.4672365,-5.257993,82.67555,29.94062,102.165054,3.1770287
1.9833333333333334,35.70872,-12.447058,-2.9304242,80.90393,25.0,100.96403,34.732124,-10.605241,-5.209372,82.92514,29.769718,102.19545,3.0886297
1.9875,35.62334,-12.532439,-2.9304252,81.089226,25.0,101.098656,34.70655,-10.751867,-5.155771,83.17757,29.604225,102.206924,2.9938445
1.9916666666666667,35.54031,-12.615471,-2.9304247,81.269684,25.0,101.22868,34.675983,-10.907918,-5.1016498,83.417465,29.366222,102.19398,2.8943074
1.9958333333333333,35.45971,-12.696074,-2.9304285,81.44509,25.0,101.354065,34.664257,-11.079343,-5.0362873,83.63754,29.101028,102.14699,2.7714984
2.0,35.381603,-12.774179,-2.930427,81.61529,25.0,101.47478,34.64602,-11.271578,-5.009395,83.75148,28.748032,102.06813,2.668521
2.004166666666667,35.306057,-12.849729,-2.9304285,81.78009,25.0,101.59078,34.631054,-11.461689,-4.9682674,83.8446,28.339523,101.97277,2.5563784
2.0083333333333333,35.23313,-12.92265,-2.9304247,81.93935,25.0,101.70209,34.602444,-11.6189785,-4.9019666,83.921875,27.88853,101.85474,2.4462838
2.0125,35.16288,-12.992902,-2.9304245,82.0929,25.0,101.808655,34.582336,-11.765695,-4.8159423,83.975235,27.386723,101.72952,2.3234124
2.0166666666666666,35.09535,-13.0604315,-2.9304252,82.24064,25.0,101.91051,34.58828,-11.90887,-4.6987,84.05236,26.877064,101.591255,2.1702554
2.0208333333333335,35.030586,-13.125202,-2.9304254,82.38244,25.0,102.00762,34.598705,-12.0378895,-4.5547,84.11966,26.351128,101.469345,2.0017586
2.025,34.968616,-13.187164,-2.930425,82.5182,25.0,102.10006,34.63605,-12.172045,-4.393872,84.15837,25.895855,101.36172,1.8118345
2.029166666666667,34.90948,-13.2463,-2.9304252,82.64785,25.0,102.187805,34.69867,-12.299467,-4.249574,84.18335,25.538506,101.25917,1.6374028
2.033333333333333,34.8532,-13.302582,-2.9304261,82.77131,25.0,102.2709,34.754154,-12.427172,-4.1105127,84.212746,25.211239,101.16959,1.4726701
2.0375,34.799786,-13.355994,-2.9304264,82.888535,25.0,102.34938,34.81951,-12.540041,-3.9519596,84.23379,24.897259,101.07768,1.3075546
2.0416666666666665,34.749252,-13.406529,-2.930425,82.9995,25.0,102.42329,34.868317,-12.628675,-3.7900662,84.25875,24.597107,101.00227,1.1654254
2.0458333333333334,34.701603,-13.454179,-2.9304256,83.104164,25.0,102.49268,34.910053,-12.694482,-3.6246185,84.26677,24.349022,100.94521,1.0499976
2.05,34.65683,-13.498951,-2.9304242,83.20255,25.0,102.557625,34.93541,-12.761964,-3.433609,84.306114,24.167885,100.904625,0.9348538
2.0541666666666667,34.61492,-13.54086,-2.930426,83.29467,25.0,102.61817,34.933155,-12.83131,-3.242961,84.341354,24.05157,100.90765,0.8381001
2.058333333333333,34.575855,-13.579924,-2.9304276,83.38056,25.0,102.674416,34.913372,-12.891624,-3.0739212,84.37996,23.975216,100.94668,0.77991265
2.0625,34.539608,-13.616172,-2.930427,83.46028,25.0,102.72642,34.886772,-12.963007,-2.9338465,84.427185,23.890602,100.999176,0.7397019
2.066666666666667,34.50614,-13.649638,-2.9304254,83.533905,25.0,102.774284,34.8691,-13.024527,-2.818262,84.47035,23.820068,101.0449,0.7314936
2.0708333333333333,34.47541,-13.680367,-2.9304264,83.60152,25.0,102.818115,34.824543,-13.079002,-2.7421818,84.55031,23.848373,101.09309,0.7203954
2.075,34.447365,-13.70842,-2.9304264,83.66324,25.0,102.857994,34.76779,-13.148155,-2.6886826,84.63055,23.878162,101.157166,0.68920964
2.0791666666666666,34.421932,-13.733847,-2.9304264,83.71921,25.0,102.89409,34.719376,-13.197685,-2.6519527,84.672775,23.880688,101.24533,0.6734161
2.0833333333333335,34.39905,-13.756727,-2.9304242,83.76958,25.0,102.92648,34.675804,-13.241417,-2.6385746,84.6902,23.888248,101.3271,0.6536917
2.0875,34.37864,-13.777143,-2.9304252,83.814514,25.0,102.95532,34.629093,-13.287403,-2.6418962,84.68941,23.90129,101.396736,0.6211448
2.091666666666667,34.360603,-13.7951765,-2.930427,83.85422,25.0,102.98077,34.57714,-13.338488,-2.6661139,84.6751,23.919285,101.45904,0.57036364
2.095833333333333,34.344845,-13.810935,-2.9304256,83.888916,25.0,103.00296,34.537083,-13.374926,-2.6973028,84.66944,23.971764,101.52042,0.53047705
2.1,34.331253,-13.824528,-2.9304242,83.918846,25.0,103.02207,34.496906,-13.396339,-2.7266607,84.672745,24.036503,101.60029,0.5023005
2.1041666666666665,34.31971,-13.836069,-2.9304266,83.94426,25.0,103.03829,34.472332,-13.419636,-2.758706,84.669464,24.106625,101.684586,0.47560298
2.1083333333333334,34.310085,-13.845695,-2.9304268,83.965454,25.0,103.051796,34.458927,-13.441214,-2.7945518,84.651245,24.17257,101.76171,0.4519079
2.1125,34.30224,-13.853543,-2.9304273,83.982735,25.0,103.0628,34.45427,-13.454635,-2.832161,84.62414,24.222328,101.838104,0.4380614
2.1166666666666667,34.296013,-13.859767,-2.930427,83.996445,25.0,103.071526,34.465744,-13.46361,-2.867877,84.59573,24.271202,101.89949,0.43550172
2.120833333333333,34.291252,-13.864528,-2.9304276,84.00693,25.0,103.07819,34.486042,-13.46921,-2.894228,84.56473,24.322723,101.95456,0.44218758
2.125,34.28778,-13.868,-2.9304247,84.01458,25.0,103.08305,34.49969,-13.47843,-2.918621,84.534744,24.357368,102.007935,0.44363302
2.129166666666667,34.28541,-13.870366,-2.9304264,84.01979,25.0,103.08637,34.517036,-13.486559,-2.9372234,84.51075,24.388317,102.05571,0.4483348
2.1333333333333333,34.28395,-13.871828,-2.9304302,84.023,25.0,103.08842,34.53676,-13.495798,-2.948882,84.49429,24.4048,102.09822,0.45348728
2.1375,34.283188,-13.872591,-2.9304276,84.02469,25.0,103.089485,34.55752,-13.500938,-2.9517155,84.47551,24.395607,102.13924,0.46242616
2.1416666666666666,34.2829,-13.872878,-2.9304256,84.02532,25.0,103.08988,34.579372,-13.507774,-2.95463,84.45741,24.38416,102.17403,0.47093672
2.1458333333333335,34.28286,-13.872919,-2.930426,84.02541,25.0,103.08994,34.603783,-13.520601,-2.952921,84.44072,24.366695,102.20504,0.477101
2.15,34.28286,-13.872919,-2.930426,84.02541,25.0,103.08994,34.626213,-13.533945,-2.9513273,84.42106,24.349148,102.231995,0.4829407
2.154166666666667,34.28286,-13.872919,-2.930426,84.02541,25.0,103.08994,34.647575,-13.545472,-2.959176,84.39104,24.33545,102.25471,0.49098423
2.158333333333333,34.28286,-13.872919,-2.930426,84.02541,25.0,103.08994,34.670513,-13.554653,-2.972993,84.3586,24.32877,102.271805,0.5033689
2.1625,34.28286,-13.872919,-2.930426,84.02541,25.0,103.08994,34.694965,-13.558508,-2.987239,84.328,24.323952,102.28143,0.52145284
2.1666666666666665,34.28286,-13.872919,-2.930426,84.02541,25.0,103.08994,34.71661,-13.559046,-3.0004683,84.30026,24.322056,102.29053,0.53996444
2.1708333333333334,34.28286,-13.872919,-2.930426,84.02541,25.0,103.08994,34.731647,-13.558001,-3.0145712,84.27022,24.322636,102.29899,0.5546751
2.175,34.28286,-13.872919,-2.930426,84.02541,25.0,103.08994,34.7442,-13.553099,-3.0303373,84.238235,24.336056,102.3053,0.5701786
2.1791666666666667,34.28286,-13.872919,-2.930426,84.02541,25.0,103.08994,34.757122,-13.547784,-3.0475397,84.20586,24.356205,102.30991,0.5868162
2.183333333333333,34.28286,-13.872919,-2.930426,84.02541,25.0,103.08994,34.76793,-13.543852,-3.066287,84.17634,24.379574,102.313934,0.60169405
2.1875,34.28286,-13.872919,-2.930426,84.02541,25.0,103.08994,34.777103,-13.541321,-3.0859766,84.15054,24.405807,102.31796,0.61516684
2.191666666666667,34.28286,-13.872919,-2.930426,84.02541,25.0,103.08994,34.78472,-13.5385475,-3.1065474,84.12677,24.437305,102.32153,0.6282421
2.1958333333333333,34.28286,-13.872919,-2.930426,84.02541,25.0,103.08994,34.791096,-13.535671,-3.1275034,84.1042,24.472664,102.3247,0.6409988
2.2,34.28286,-13.872919,-2.930426,84.02541,25.0,103.08994,34.795845,-13.533415,-3.1475458,84.08494,24.508133,102.32701,0.6523481
2.2041666666666666,34.28286,-13.872919,-2.930426,84.02541,25.0,103.08994,34.798306,-13.531848,-3.166047,84.06932,24.541023,102.32911,0.66146135
2.2083333333333335,34.28286,-13.872919,-2.930426,84.02541,25.0,103.08994,34.798946,-13.529947,-3.1831446,84.05646,24.57241,102.33015,0.6692098
2.2125,34.28286,-13.872919,-2.930426,84.02541,25.0,103.08994,34.79904,-13.528015,-3.1980567,84.04639,24.600613,102.33057,0.67603904
2.216666666666667,34.28286,-13.872919,-2.930426,84.02541,25.0,103.08994,34.798843,-13.5263195,-3.2105308,84.03857,24.624859,102.330765,0.68178374
2.220833333333333,34.28286,-13.872919,-2.930426,84.02541,25.0,103.08994,34.798454,-13.524791,-3.220274,84.03268,24.644302,102.3307,0.68632567
2.225,34.28286,-13.872919,-2.930426,84.02541,25.0,103.08994,34.798016,-13.523564,-3.227828,84.028206,24.659523,102.33041,0.68984216
2.2291666666666665,34.28286,-13.872919,-2.930426,84.02541,25.0,103.08994,34.797623,-13.522583,-3.233407,84.02503,24.670933,102.32996,0.6924693
2.2333333333333334,34.28286,-13.872919,-2.930426,84.02541,25.0,103.08994,34.797356,-13.521853,-3.2373013,84.02292,24.679016,102.32941,0.6943527
2.2375,34.28286,-13.872919,-2.930426,84.02541,25.0,103.08994,34.797142,-13.521347,-3.23974,84.021545,24.684132,102.32884,0.6955316
2.2416666666666667,34.28286,-13.872919,-2.930426,84.02541,25.0,103.08994,34.797016,-13.5210705,-3.241119,84.020706,24.687038,102.3283,0.69619274
2.245833333333333,34.28286,-13.872919,-2.930426,84.02541,25.0,103.08994,34.796967,-13.520935,-3.241788,84.02026,24.688465,102.32782,0.69652337
2.25,34.28286,-13.872919,-2.930426,84.02541,25.0,103.08994,34.79696,-13.520873,-3.2420511,84.02002,24.689102,102.32749,0.6966668
2.254166666666667,34.28286,-13.872919,-2.930426,84.02541,25.0,103.08994,34.796967,-13.520847,-3.2421455,84.019936,24.689342,102.3273,0.69672763
2.2583333333333333,34.28286,-13.872919,-2.930426,84.02541,25.0,103.08994,34.796974,-13.520849,-3.2421708,84.019936,24.689453,102.32724,0.69674367
2.2625,34.28286,-13.872919,-2.930426,84.02541,25.0,103.08994,34.796974,-13.5208435,-3.2421818,84.019936,24.689468,102.32721,0.6967514
2.2666666666666666,34.28286,-13.872919,-2.930426,84.02541,25.0,103.08994,34.796974,-13.5208435,-3.2421823,84.01994,24.689457,102.3272,0.69675165
2.2708333333333335,34.28286,-13.872919,-2.930426,84.02541,25.0,103.08994,34.796974,-13.520845,-3.242178,84.01994,24.689453,102.32721,0.6967488
2.275,34.28286,-13.872919,-2.930426,84.02541,25.0,103.08994,34.796974,-13.5208435,-3.2421784,84.01994,24.689457,102.32721,0.6967499
2.279166666666667,34.28286,-13.872919,-2.930426,84.02541,25.0,103.08994,34.796974,-13.520842,-3.2421808,84.01994,24.689457,102.32721,0.69675195
2.283333333333333,34.28286,-13.872919,-2.930426,84.02541,25.0,103.08994,34.796974,-13.5208435,-3.2421837,84.01994,24.689457,102.32721,0.69675225
2.2875,34.28286,-13.872919,-2.930426,84.02541,25.0,103.08994,34.796974,-13.5208435,-3.2421832,84.01994,24.68946,102.32721,0.6967521
2.2916666666666665,34.28286,-13.872919,-2.930426,84.02541,25.0,103.08994,34.796974,-13.5208435,-3.2421823,84.019936,24.689465,102.32721,0.69675165
2.2958333333333334,34.28286,-13.872919,-2.930426,84.02541,25.0,103.08994,34.796974,-13.520842,-3.2421813,84.019936,24.68946,102.32721,0.6967522
2.3,34.28286,-13.872919,-2.930426,84.02541,25.0,103.08994,34.796974,-13.5208435,-3.2421837,84.019936,24.68946,102.32721,0.69675225
2.3041666666666667,34.28286,-13.872919,-2.930426,84.02541,25.0,103.08994,34.796978,-13.520845,-3.2421808,84.01994,24.68946,102.32721,0.69675285
2.308333333333333,34.28286,-13.872919,-2.930426,84.02541,25.0,103.08994,34.796978,-13.520845,-3.2421827,84.019936,24.68946,102.32721,0.6967537
2.3125,34.28286,-13.872919,-2.930426,84.02541,25.0,103.08994,34.796974,-13.520848,-3.2421818,84.019936,24.689457,102.32721,0.69674903
2.316666666666667,34.28286,-13.872919,-2.930426,84.02541,25.0,103.08994,34.796978,-13.5208435,-3.2421827,84.019936,24.689457,102.32721,0.6967547
2.3208333333333333,34.28286,-13.872919,-2.930426,84.02541,25.0,103.08994,34.796978,-13.5208435,-3.2421837,84.019936,24.68946,102.32721,0.6967551
2.325,34.28286,-13.872919,-2.930426,84.02541,25.0,103.08994,34.796978,-13.520845,-3.2421837,84.01994,24.68946,102.32721,0.6967541
2.3291666666666666,34.28286,-13.872919,-2.930426,84.02541,25.0,103.08994,34.796978,-13.520847,-3.2421808,84.01994,24.689453,102.32721,0.6967519
2.3333333333333335,34.28286,-13.872919,-2.930426,84.02541,25.0,103.08994,34.796978,-13.520846,-3.2421808,84.01994,24.689457,102.32721,0.69675237
2.3375,34.28286,-13.872919,-2.930426,84.02541,25.0,103.08994,34.796978,-13.520845,-3.2421808,84.01994,24.689457,102.32721,0.69675285
2.341666666666667,34.28286,-13.872919,-2.930426,84.02541,25.0,103.08994,34.796978,-13.520846,-3.2421827,84.01994,24.689457,102.32721,0.6967532
2.345833333333333,34.28286,-13.872919,-2.930426,84.02541,25.0,103.08994,34.796978,-13.520846,-3.2421827,84.01994,24.689457,102.32721,0.6967532
2.35,34.28286,-13.872919,-2.930426,84.02541,25.0,103.08994,34.796978,-13.520846,-3.2421827,84.01994,24.689457,102.32721,0.6967532
2.3541666666666665,34.28286,-13.872919,-2.930426,84.02541,25.0,103.08994,34.796978,-13.520846,-3.2421827,84.01994,24.689457,102.32721,0.6967532
2.3583333333333334,34.28286,-13.872919,-2.930426,84.02541,25.0,103.08994,34.796978,-13.520846,-3.2421827,84.01994,24.689457,102.32721,0.6967532
2.3625,34.28286,-13.872919,-2.930426,84.02541,25.0,103.08994,34.796978,-13.520846,-3.2421827,84.01994,24.689457,102.32721,0.6967532
2.3666666666666667,34.28286,-13.872919,-2.930426,84.02541,25.0,103.08994,34.796978,-13.520846,-3.2421827,84.01994,24.689457,102.32721,0.6967532
2.370833333333333,34.28286,-13.872919,-2.930426,84.02541,25.0,103.08994,34.796978,-13.520846,-3.2421827,84.01994,24.689457,102.32721,0.6967532
2.375,34.28286,-13.872919,-2.930426,84.02541,25.0,103.08994,34.796978,-13.520846,-3.2421827,84.01994,24.689457,102.32721,0.6967532
2.379166666666667,34.28286,-13.872919,-2.930426,84.02541,25.0,103.08994,34.796978,-13.520846,-3.2421827,84.01994,24.689457,102.32721,0.6967532
2.3833333333333333,34.28286,-13.872919,-2.930426,84.02541,25.0,103.08994,34.796978,-13.520846,-3.2421827,84.01994,24.689457,102.32721,0.6967532
2.3875,34.28286,-13.872919,-2.930426,84.02541,25.0,103.08994,34.796978,-13.520846,-3.2421827,84.01994,24.689457,102.32721,0.6967532
2.3916666666666666,34.28286,-13.872919,-2.930426,84.02541,25.0,103.08994,34.796978,-13.520846,-3.2421827,84.01994,24.689457,102.32721,0.6967532
2.3958333333333335,34.28286,-13.872919,-2.930426,84.02541,25.0,103.08994,34.796978,-13.520846,-3.2421827,84.01994,24.689457,102.32721,0.6967532
2.4,34.28286,-13.872919,-2.930426,84.02541,25.0,103.08994,34.796978,-13.520846,-3.2421827,84.01994,24.689457,102.32721,0.6967532
2.404166666666667,34.28286,-13.872919,-2.930426,84.02541,25.0,103.08994,34.796978,-13.520846,-3.2421827,84.01994,24.689457,102.32721,0.6967532
2.408333333333333,34.28286,-13.872919,-2.930426,84.02541,25.0,103.08994,34.796978,-13.520846,-3.2421827,84.01994,24.689457,102.32721,0.6967532
2.4125,34.28286,-13.872919,-2.930426,84.02541,25.0,103.08994,34.796978,-13.520846,-3.2421827,84.01994,24.689457,102.32721,0.6967532
2.4166666666666665,34.28286,-13.872919,-2.930426,84.02541,25.0,103.08994,34.796978,-13.520846,-3.2421827,84.01994,24.689457,102.32721,0.6967532
2.4208333333333334,34.28286,-13.872919,-2.930426,84.02541,25.0,103.08994,34.796978,-13.520846,-3.2421827,84.01994,24.689457,102.32721,0.6967532
2.425,34.28286,-13.872919,-2.930426,84.02541,25.0,103.08994,34.796978,-13.520846,-3.2421827,84.01994,24.689457,102.32721,0.6967532
2.4291666666666667,34.28286,-13.872919,-2.930426,84.02541,25.0,103.08994,34.796978,-13.520846,-3.2421827,84.01994,24.689457,102.32721,0.6967532
2.433333333333333,34.28286,-13.872919,-2.930426,84.02541,25.0,103.08994,34.796978,-13.520846,-3.2421827,84.01994,24.689457,102.32721,0.6967532
2.4375,34.28286,-13.872919,-2.930426,84.02541,25.0,103.08994,34.796978,-13.520846,-3.2421827,84.01994,24.689457,102.32721,0.6967532
2.441666666666667,34.28286,-13.872919,-2.930426,84.02541,25.0,103.08994,34.796978,-13.520846,-3.2421827,84.01994,24.689457,102.32721,0.6967532
2.4458333333333333,34.28286,-13.872919,-2.930426,84.02541,25.0,103.08994,34.796978,-13.520846,-3.2421827,84.01994,24.689457,102.32721,0.6967532
2.45,34.28286,-13.872919,-2.930426,84.02541,25.0,103.08994,34.796978,-13.520846,-3.2421827,84.01994,24.689457,102.32721,0.6967532
2.4541666666666666,34.28286,-13.872919,-2.930426,84.02541,25.0,103.08994,34.796978,-13.520846,-3.2421827,84.01994,24.689457,102.32721,0.6967532
2.4583333333333335,34.28286,-13.872919,-2.930426,84.02541,25.0,103.08994,34.796978,-13.520846,-3.2421827,84.01994,24.689457,102.32721,0.6967532
2.4625,34.28286,-13.872919,-2.930426,84.02541,25.0,103.08994,34.796978,-13.520846,-3.2421827,84.01994,24.689457,102.32721,0.6967532
2.466666666666667,34.28286,-13.872919,-2.930426,84.02541,25.0,103.08994,34.796978,-13.520846,-3.2421827,84.01994,24.689457,102.32721,0.6967532
2.470833333333333,34.28286,-13.872919,-2.930426,84.02541,25.0,103.08994,34.796978,-13.520846,-3.2421827,84.01994,24.689457,102.32721,0.6967532
2.475,34.28286,-13.872919,-2.930426,84.02541,25.0,103.08994,34.796978,-13.520846,-3.2421827,84.01994,24.689457,102.32721,0.6967532
2.4791666666666665,34.28286,-13.872919,-2.930426,84.02541,25.0,103.08994,34.796978,-13.520846,-3.2421827,84.01994,24.689457,102.32721,0.6967532
2.4833333333333334,34.28286,-13.872919,-2.930426,84.02541,25.0,103.08994,34.796978,-13.520846,-3.2421827,84.01994,24.689457,102.32721,0.6967532
2.4875,34.28286,-13.872919,-2.930426,84.02541,25.0,103.08994,34.796978,-13.520846,-3.2421827,84.01994,24.689457,102.32721,0.6967532
2.4916666666666667,34.28286,-13.872919,-2.930426,84.02541,25.0,103.08994,34.796978,-13.520846,-3.2421827,84.01994,24.689457,102.32721,0.6967532
2.495833333333333,34.28286,-13.872919,-2.930426,84.02541,25.0,103.08994,34.796978,-13.520846,-3.2421827,84.01994,24.689457,102.32721,0.6967532
2.5,34.28286,-13.872919,-2.930426,84.02541,25.0,103.08994,34.796978,-13.520846,-3.2421827,84.01994,24.689457,102.32721,0.6967532
2.504166666666667,34.28286,-13.872919,-2.930426,84.02541,25.0,103.08994,34.796978,-13.520846,-3.2421827,84.01994,24.689457,102.32721,0.6967532
2.5083333333333333,34.28286,-13.872919,-2.930426,84.02541,25.0,103.08994,34.796978,-13.520846,-3.2421827,84.01994,24.689457,102.32721,0.6967532
2.5125,34.28286,-13.872919,-2.930426,84.02541,25.0,103.08994,34.796978,-13.520846,-3.2421827,84.01994,24.689457,102.32721,0.6967532
2.5166666666666666,34.28286,-13.872919,-2.930426,84.02541,25.0,103.08994,34.796978,-13.520846,-3.2421827,84.01994,24.689457,102.32721,0.6967532
2.5208333333333335,34.28286,-13.872919,-2.930426,84.02541,25.0,103.08994,34.796978,-13.520846,-3.2421827,84.01994,24.689457,102.32721,0.6967532
2.525,34.28286,-13.872919,-2.930426,84.02541,25.0,103.08994,34.796978,-13.520846,-3.2421827,84.01994,24.689457,102.32721,0.6967532
2.529166666666667,34.28286,-13.872919,-2.930426,84.02541,25.0,103.08994,34.796978,-13.520846,-3.2421827,84.01994,24.689457,102.32721,0.6967532
2.533333333333333,34.28286,-13.872919,-2.930426,84.02541,25.0,103.08994,34.79698,-13.520845,-3.2421823,84.01993,24.68946,102.32721,0.6967563
2.5375,34.28286,-13.872919,-2.930426,84.02541,25.0,103.08994,34.79699,-13.520849,-3.242166,84.01991,24.689457,102.32717,0.6967527
2.5416666666666665,34.28286,-13.872919,-2.930426,84.02541,25.0,103.08994,34.79702,-13.520865,-3.2421165,84.01988,24.68932,102.32713,0.6967449
2.5458333333333334,34.28286,-13.872919,-2.930426,84.02541,25.0,103.08994,34.79709,-13.520945,-3.2419848,84.01979,24.688866,102.32708,0.6966967
2.55,34.28286,-13.872919,-2.930426,84.02541,25.0,103.08994,34.797188,-13.521133,-3.2417364,84.019585,24.68776,102.32701,0.6965635
2.5541666666666667,34.28286,-13.872919,-2.930426,84.02541,25.0,103.08994,34.797348,-13.521494,-3.2413068,84.0191,24.68565,102.32704,0.6963079
2.558333333333333,34.28286,-13.872919,-2.930426,84.02541,25.0,103.08994,34.797546,-13.522039,-3.2407036,84.017975,24.68208,102.32707,0.6959103
2.5625,34.28286,-13.872919,-2.930426,84.02541,25.0,103.08994,34.797783,-13.5229,-3.2399073,84.01574,24.676472,102.32718,0.6952972
2.566666666666667,34.28286,-13.872919,-2.930426,84.02541,25.0,103.08994,34.797825,-13.524273,-3.2389083,84.0118,24.667938,102.32747,0.6941935
2.5708333333333333,34.28286,-13.872919,-2.930426,84.02541,25.0,103.08994,34.797485,-13.526377,-3.2376285,84.005775,24.655888,102.32788,0.6923182
2.575,34.28286,-13.872919,-2.930426,84.02541,25.0,103.08994,34.796417,-13.529228,-3.2360373,83.99733,24.63993,102.32843,0.68939316
2.5791666666666666,34.28286,-13.872919,-2.930426,84.02541,25.0,103.08994,34.794273,-13.532845,-3.234035,83.98581,24.61938,102.3291,0.68510807
2.5833333333333335,34.28286,-13.872919,-2.930426,84.02541,25.0,103.08994,34.790783,-13.537565,-3.231934,83.97071,24.594173,102.32981,0.6792314
2.5875,34.28286,-13.872919,-2.930426,84.02541,25.0,103.08994,34.785744,-13.543987,-3.2301893,83.95155,24.563953,102.33066,0.6715255
2.591666666666667,34.28286,-13.872919,-2.930426,84.02541,25.0,103.08994,34.77887,-13.552713,-3.228722,83.92864,24.528843,102.33055,0.6614666
2.595833333333333,34.28286,-13.872919,-2.930426,84.02541,25.0,103.08994,34.770485,-13.562934,-3.2285185,83.89997,24.49088,102.32975,0.6501756
2.6,34.28286,-13.872919,-2.930426,84.02541,25.0,103.08994,34.760864,-13.575575,-3.229219,83.86409,24.448471,102.328926,0.6373219
2.6041666666666665,34.28286,-13.872919,-2.930426,84.02541,25.0,103.08994,34.74955,-13.590424,-3.2331643,83.81854,24.4035,102.32592,0.62390214
2.6083333333333334,34.28286,-13.872919,-2.930426,84.02541,25.0,103.08994,34.735207,-13.606258,-3.2408705,83.762856,24.353802,102.3239,0.61000115
2.6125,34.28286,-13.872919,-2.930426,84.02541,25.0,103.08994,34.718952,-13.624557,-3.2551413,83.69298,24.30053,102.31956,0.59774625
2.6166666666666667,34.28286,-13.872919,-2.930426,84.02541,25.0,103.08994,34.69975,-13.643211,-3.27319,83.61223,24.239712,102.3144,0.5865573
2.620833333333333,34.28286,-13.872919,-2.930426,84.02541,25.0,103.08994,34.677727,-13.6623745,-3.292768,83.52202,24.172806,102.3078,0.5757957
2.625,34.28286,-13.872919,-2.930426,84.02541,25.0,103.08994,34.653088,-13.680746,-3.3083014,83.4272,24.100456,102.29898,0.56284016
2.629166666666667,34.28286,-13.872919,-2.930426,84.02541,25.0,103.08994,34.626854,-13.703196,-3.3234954,83.32702,24.030266,102.282425,0.5492192
2.6333333333333333,34.28286,-13.872919,-2.930426,84.02541,25.0,103.08994,34.594646,-13.732011,-3.3390498,83.22898,23.96838,102.26323,0.5329536
2.6375,34.28286,-13.872919,-2.930426,84.02541,25.0,103.08994,34.558575,-13.757354,-3.3571882,83.13708,23.919407,102.23993,0.5210567
2.6416666666666666,34.28286,-13.872919,-2.930426,84.02541,25.0,103.08994,34.522697,-13.768082,-3.3707538,83.04527,23.894127,102.20722,0.51225156
2.6458333333333335,34.28286,-13.872919,-2.930426,84.02541,25.0,103.08994,34.493553,-13.7674675,-3.3904805,82.94585,23.900303,102.168335,0.5168772
2.65,34.28286,-13.872919,-2.930426,84.02541,25.0,103.08994,34.47044,-13.761562,-3.4058127,82.84906,23.939022,102.12178,0.5230481
2.654166666666667,34.2829,-13.872878,-2.9304256,84.02532,25.0,103.08988,34.44935,-13.750015,-3.4162126,82.76425,24.002888,102.086266,0.5280044
2.658333333333333,34.283188,-13.872591,-2.9304276,84.02469,25.0,103.089485,34.43543,-13.750278,-3.4253035,82.70125,24.102238,102.04132,0.53201485
2.6625,34.28395,-13.871828,-2.9304302,84.023,25.0,103.08842,34.417717,-13.758434,-3.4268627,82.651184,24.209274,102.01218,0.5264948
2.6666666666666665,34.28541,-13.870366,-2.9304264,84.01979,25.0,103.08637,34.392986,-13.765909,-3.4138622,82.617584,24.311386,102.00306,0.50615585
2.6708333333333334,34.28778,-13.868,-2.9304247,84.01458,25.0,103.08305,34.36834,-13.768356,-3.3956041,82.6171,24.408737,102.03169,0.4825044
2.675,34.291252,-13.864528,-2.9304276,84.00693,25.0,103.07819,34.33943,-13.768578,-3.3795776,82.64081,24.494354,102.08004,0.4618046
2.6791666666666667,34.296013,-13.859767,-2.930427,83.996445,25.0,103.071526,34.277832,-13.776833,-3.3618522,82.68919,24.557938,102.152596,0.43970022
2.683333333333333,34.30224,-13.853543,-2.9304273,83.982735,25.0,103.0628,34.199333,-13.782233,-3.3335981,82.77548,24.592846,102.24449,0.42216268
2.6875,34.310085,-13.845695,-2.9304268,83.965454,25.0,103.051796,34.13205,-13.791035,-3.301456,82.89039,24.622509,102.36006,0.415147
2.691666666666667,34.31971,-13.836069,-2.9304266,83.94426,25.0,103.03829,34.086956,-13.8009205,-3.2637691,83.04004,24.620209,102.502716,0.4080772
2.6958333333333333,34.331253,-13.824528,-2.9304242,83.918846,25.0,103.02207,34.049572,-13.761599,-3.2203054,83.20755,24.702953,102.66686,0.40906653
2.7,34.344845,-13.810935,-2.9304256,83.888916,25.0,103.00296,34.030323,-13.678507,-3.179741,83.384514,24.825294,102.84021,0.42263374
2.7041666666666666,34.360603,-13.7951765,-2.930427,83.85422,25.0,102.98077,34.0102,-13.573406,-3.1752825,83.53766,24.992619,103.015656,0.48157904
2.7083333333333335,34.37864,-13.777143,-2.9304252,83.814514,25.0,102.95532,33.99257,-13.448218,-3.1957989,83.66202,25.184498,103.17776,0.5724199
2.7125,34.39905,-13.756727,-2.9304242,83.76958,25.0,102.92648,33.969063,-13.327656,-3.2520084,83.74596,25.440361,103.30438,0.68732023
2.716666666666667,34.421932,-13.733847,-2.9304264,83.71921,25.0,102.89409,33.938705,-13.195354,-3.3407192,83.8174,25.808598,103.41431,0.8317585
2.720833333333333,34.447365,-13.70842,-2.9304264,83.66324,25.0,102.857994,33.84471,-13.073154,-3.4613624,83.888504,26.308468,103.51776,1.0240344
2.725,34.47541,-13.680367,-2.9304264,83.60152,25.0,102.818115,33.737682,-13.002531,-3.5623364,83.915436,26.819462,103.56391,1.1844895
2.7291666666666665,34.50614,-13.649638,-2.9304254,83.533905,25.0,102.774284,33.634396,-12.973452,-3.6146479,83.931076,27.28648,103.57993,1.2982025
2.7333333333333334,34.539608,-13.616172,-2.930427,83.46028,25.0,102.72642,33.572266,-12.960041,-3.675404,83.89529,27.723297,103.59056,1.3860915
2.7375,34.575855,-13.579924,-2.9304276,83.38056,25.0,102.674416,33.538834,-12.982889,-3.717587,83.78882,28.077148,103.56727,1.4323003
2.7416666666666667,34.61492,-13.54086,-2.930426,83.29467,25.0,102.61817,33.53744,-13.026232,-3.775875,83.63989,28.381927,103.50542,1.4630758
2.745833333333333,34.65683,-13.498951,-2.9304242,83.20255,25.0,102.557625,33.5499,-13.067445,-3.8596396,83.47138,28.680084,103.44833,1.5082879
2.75,34.701603,-13.454179,-2.9304256,83.104164,25.0,102.49268,33.540207,-13.118699,-3.9575114,83.31436,28.956211,103.38325,1.5862826
2.754166666666667,34.749252,-13.406529,-2.930425,82.9995,25.0,102.42329,33.482567,-13.174387,-4.062056,83.18182,29.1963,103.30798,1.7143427
2.7583333333333333,34.799786,-13.355994,-2.9304264,82.888535,25.0,102.34938,33.426815,-13.248552,-4.161302,83.08298,29.390495,103.21794,1.8470645
2.7625,34.8532,-13.302582,-2.9304261,82.77131,25.0,102.2709,33.372887,-13.335568,-4.239391,82.99848,29.519844,103.11999,1.9763101
2.7666666666666666,34.90948,-13.2463,-2.9304252,82.64785,25.0,102.187805,33.31694,-13.434847,-4.304245,82.897934,29.510757,103.02995,2.1116621
2.7708333333333335,34.968616,-13.187164,-2.930425,82.5182,25.0,102.10006,33.261055,-13.52182,-4.3373404,82.80728,29.414337,102.98256,2.2376711
2.775,35.030586,-13.125202,-2.9304254,82.38244,25.0,102.00762,33.222923,-13.595534,-4.3373356,82.71081,29.246628,102.96891,2.33843
2.779166666666667,35.09535,-13.0604315,-2.9304252,82.24064,25.0,101.91051,33.19009,-13.659225,-4.3286715,82.57759,29.02441,102.944336,2.4379613
2.783333333333333,35.16288,-12.992902,-2.9304245,82.0929,25.0,101.808655,33.141243,-13.711481,-4.2754903,82.40776,28.75478,102.92272,2.5323062
2.7875,35.23313,-12.92265,-2.9304247,81.93935,25.0,101.70209,33.096733,-13.744398,-4.19175,82.24312,28.468529,102.91735,2.6135051
2.7916666666666665,35.306057,-12.849729,-2.9304285,81.78009,25.0,101.59078,33.071857,-13.76737,-4.1003113,82.09526,28.177464,102.87078,2.6837175
2.7958333333333334,35.381603,-12.774179,-2.930427,81.61529,25.0,101.47478,33.049404,-13.793017,-4.0086646,81.947845,27.873207,102.837456,2.7640152
2.8,35.45971,-12.696074,-2.9304285,81.44509,25.0,101.354065,33.04112,-13.819361,-3.9095435,81.80926,27.550716,102.79418,2.840778
2.8041666666666667,35.54031,-12.615471,-2.9304247,81.269684,25.0,101.22868,33.021572,-13.824675,-3.8300161,81.6645,27.223225,102.74277,2.9352136
2.808333333333333,35.62334,-12.532439,-2.9304252,81.089226,25.0,101.098656,33.00363,-13.801108,-3.766953,81.504105,26.891747,102.70725,3.02856
2.8125,35.70872,-12.447058,-2.9304242,80.90393,25.0,100.96403,33.001774,-13.755021,-3.6901689,81.33549,26.552319,102.68623,3.1008942
2.816666666666667,35.79638,-12.359403,-2.9304247,80.714,25.0,100.82484,32.968826,-13.691825,-3.620092,81.1784,26.384407,102.66515,3.2009444
2.8208333333333333,35.886227,-12.269554,-2.9304256,80.519646,25.0,100.68116,32.870014,-13.619883,-3.5865011,81.09971,26.496899,102.647285,3.369178
2.825,35.978176,-12.177605,-2.9304264,80.32111,25.0,100.53305,32.78803,-13.538339,-3.5503993,80.99158,26.549309,102.61814,3.523209
2.8291666666666666,36.07214,-12.083643,-2.9304254,80.11864,25.0,100.380585,32.719086,-13.449535,-3.5136166,80.85947,26.546062,102.58505,3.667253
2.8333333333333335,36.16802,-11.987764,-2.930425,79.91247,25.0,100.223854,32.689716,-13.351336,-3.4597497,80.70342,26.476734,102.5399,3.7733402
2.8375,36.265717,-11.890065,-2.930426,79.70286,25.0,100.06295,32.692356,-13.243241,-3.40455,80.52419,26.340961,102.47343,3.8502965
2.841666666666667,36.36513,-11.790652,-2.9304254,79.49008,25.0,99.897964,32.725307,-13.117131,-3.3506842,80.31276,26.189629,102.39023,3.896727
2.845833333333333,36.466156,-11.689626,-2.9304273,79.27441,25.0,99.72903,32.790043,-13.006405,-3.298944,80.06235,25.979282,102.290565,3.922183
2.85,36.568687,-11.587094,-2.9304256,79.05612,25.0,99.556244,32.88375,-12.903386,-3.2562256,79.77059,25.721348,102.17761,3.9265158
2.8541666666666665,36.67261,-11.483169,-2.9304266,78.8355,25.0,99.37975,32.997894,-12.798563,-3.2137427,79.465416,25.463081,102.05563,3.9133203
2.8583333333333334,36.777813,-11.377966,-2.930427,78.612854,25.0,99.19969,33.119953,-12.688726,-3.1751833,79.132614,25.214142,101.921364,3.8933196
2.8625,36.884182,-11.271596,-2.930425,78.388466,25.0,99.016205,33.249477,-12.572203,-3.1420002,78.7754,24.977135,101.76746,3.8661892
2.8666666666666667,36.9916,-11.164181,-2.9304278,78.16263,25.0,98.829445,33.39252,-12.443844,-3.104331,78.38976,24.736282,101.60725,3.8237615
2.870833333333333,37.099945,-11.055836,-2.9304247,77.93566,25.0,98.639595,33.536057,-12.316596,-3.0630417,78.00016,24.512169,101.44181,3.7826455
2.875,37.2091,-10.94668,-2.930426,77.70785,25.0,98.44682,33.66154,-12.19594,-3.0450706,77.613045,24.375336,101.298294,3.7628396
2.879166666666667,37.318943,-10.836843,-2.9304254,77.47951,25.0,98.251305,33.786526,-12.078115,-3.0334435,77.21547,24.254547,101.15137,3.7455764
2.8833333333333333,37.429344,-10.726437,-2.9304261,77.25093,25.0,98.05325,33.894264,-11.951649,-3.0399933,76.80214,24.166878,101.0059,3.7429852
2.8875,37.540188,-10.615592,-2.9304273,77.02242,25.0,97.85285,34.002625,-11.814545,-3.0572634,76.38226,24.106335,100.85436,3.7373693
2.8916666666666666,37.651344,-10.504436,-2.9304268,76.7943,25.0,97.65032,34.116478,-11.67463,-3.0883303,75.96701,24.080563,100.68875,3.7268713
2.8958333333333335,37.76269,-10.393087,-2.9304261,76.56683,25.0,97.44587,34.22966,-11.533115,-3.1385345,75.55412,24.090092,100.513466,3.7182367
2.9,37.8741,-10.281682,-2.9304261,76.34034,25.0,97.23972,34.34327,-11.381055,-3.2067027,75.13232,24.118282,100.33306,3.7083302
2.904166666666667,37.985443,-10.170335,-2.9304264,76.1151,25.0,97.032135,34.462906,-11.218612,-3.286015,74.711105,24.143337,100.15668,3.69237
2.908333333333333,38.096603,-10.05918,-2.930427,75.89139,25.0,96.8233,34.588634,-11.055197,-3.380381,74.29417,24.172485,99.979904,3.6742828
2.9125,38.207443,-9.948336,-2.9304283,75.669495,25.0,96.613525,34.721874,-10.886181,-3.4852118,73.86244,24.20148,99.80998,3.6519213
2.9166666666666665,38.31785,-9.837933,-2.9304252,75.44969,25.0,96.40301,34.857388,-10.7136135,-3.5957856,73.43137,24.252068,99.64219,3.6310203
2.9208333333333334,38.42769,-9.72809,-2.9304237,75.23223,25.0,96.19203,34.998783,-10.545897,-3.720623,73.008064,24.331379,99.47233,3.6125636
2.925,38.536842,-9.618937,-2.9304252,75.01737,25.0,95.98085,35.14057,-10.375315,-3.8470988,72.608536,24.393833,99.30789,3.5982015
2.9291666666666667,38.64519,-9.510592,-2.9304261,74.80536,25.0,95.76972,35.280354,-10.2204,-3.964097,72.24686,24.43605,99.137794,3.590882
2.933333333333333,38.752605,-9.403174,-2.9304254,74.596436,25.0,95.558945,35.422157,-10.077949,-4.0829716,71.91477,24.48373,98.96021,3.588254
2.9375,38.858974,-9.296805,-2.930427,74.390816,25.0,95.34876,35.567574,-9.941825,-4.195624,71.61797,24.56631,98.78119,3.5847027
2.941666666666667,38.96418,-9.191598,-2.930427,74.18872,25.0,95.139465,35.703186,-9.813797,-4.300992,71.35297,24.663815,98.61525,3.59161
2.9458333333333333,39.068104,-9.087677,-2.9304302,73.99036,25.0,94.93132,35.820625,-9.683122,-4.3952203,71.124985,24.791008,98.457794,3.6119635
2.95,39.170635,-8.9851465,-2.9304273,73.79592,25.0,94.72461,35.951115,-9.542871,-4.4578357,70.94375,24.931961,98.29321,3.606847
2.9541666666666666,39.27166,-8.884122,-2.930427,73.60559,25.0,94.51962,36.10402,-9.391805,-4.489378,70.83764,25.124146,98.10614,3.5667937
2.9583333333333335,39.371075,-8.784705,-2.9304256,73.41953,25.0,94.31663,36.266464,-9.229402,-4.523023,70.75862,25.386692,97.91701,3.5174887
2.9625,39.468773,-8.687007,-2.9304237,73.23791,25.0,94.1159,36.44715,-9.045596,-4.546399,70.72831,25.697304,97.733795,3.4453099
2.966666666666667,39.56465,-8.591129,-2.9304278,73.06085,25.0,93.91771,36.63948,-8.859173,-4.561684,70.732704,26.00708,97.55631,3.3599806
2.970833333333333,39.658615,-8.497167,-2.9304278,72.88851,25.0,93.722336,36.850456,-8.690389,-4.5799103,70.76743,26.384491,97.37462,3.2624965
2.975,39.750565,-8.405215,-2.9304318,72.72099,25.0,93.53005,37.074768,-8.525166,-4.5963197,70.83846,26.809536,97.19033,3.1542761
2.9791666666666665,39.840412,-8.315368,-2.930424,72.55843,25.0,93.3411,37.315,-8.353128,-4.612645,70.951866,27.271,96.98075,3.0346346
2.9833333333333334,39.928066,-8.227714,-2.9304268,72.400894,25.0,93.15576,37.572742,-8.211306,-4.63568,71.0503,27.708752,96.783905,2.90787
2.9875,40.01345,-8.14233,-2.9304264,72.248474,25.0,92.974266,37.841736,-8.079155,-4.6739902,71.12713,28.120903,96.58365,2.7857406
2.9916666666666667,40.096478,-8.059301,-2.9304252,72.10125,25.0,92.796875,38.107533,-7.959214,-4.6995893,71.21434,28.526665,96.36395,2.6638057
2.995833333333333,40.177082,-7.978698,-2.9304264,71.95927,25.0,92.6238,38.385414,-7.837455,-4.7174125,71.273895,28.899254,96.12474,2.5344315
3.0,40.255188,-7.9005914,-2.9304268,71.822586,25.0,92.45529,38.654846,-7.71996,-4.7164426,71.33059,29.2277,95.88035,2.4049063
3.004166666666667,40.330734,-7.825048,-2.9304252,71.691246,25.0,92.29154,38.92874,-7.6094303,-4.713401,71.386795,29.50319,95.611916,2.2783935
3.0083333333333333,40.40366,-7.752121,-2.9304245,71.56526,25.0,92.132774,39.220978,-7.516526,-4.692543,71.43603,29.65113,95.329185,2.1352525
3.0125,40.47391,-7.6818686,-2.930428,71.44465,25.0,91.97917,39.517853,-7.4196215,-4.658889,71.447754,29.689934,95.06383,1.9925858
3.0166666666666666,40.541443,-7.614339,-2.930428,71.32942,25.0,91.8309,39.81251,-7.3318872,-4.619485,71.403336,29.674816,94.81816,1.8611913
3.0208333333333335,40.60621,-7.5495744,-2.9304261,71.219574,25.0,91.68814,40.082813,-7.2461586,-4.536103,71.367905,29.60439,94.60882,1.7158675
3.025,40.668175,-7.487607,-2.930425,71.11508,25.0,91.55105,40.320496,-7.1737432,-4.442624,71.31555,29.466377,94.43248,1.5830785
3.029166666666667,40.72731,-7.428472,-2.9304245,71.01592,25.0,91.41974,40.507347,-7.1028414,-4.383183,71.188034,29.259838,94.24727,1.5049673
3.033333333333333,40.783592,-7.372188,-2.930424,70.92206,25.0,91.29434,40.65173,-7.0198517,-4.31011,71.01426,28.99715,94.0449,1.4300568
3.0375,40.837006,-7.3187757,-2.9304264,70.83344,25.0,91.17495,40.838123,-6.913739,-4.232682,70.86072,28.72187,93.78897,1.3637911
3.0416666666666665,40.88754,-7.2682443,-2.9304268,70.75003,25.0,91.061646,41.02343,-6.8250427,-4.1668086,70.70016,28.40347,93.51037,1.3204294
3.0458333333333334,40.93519,-7.2205935,-2.9304273,70.67175,25.0,90.954506,41.180294,-6.768285,-4.065931,70.56018,27.973286,93.23575,1.2466067
3.05,40.97996,-7.1758204,-2.9304254,70.59854,25.0,90.85355,41.294506,-6.68357,-3.9512453,70.37648,27.490398,92.97415,1.1761471
3.0541666666666667,41.02187,-7.1339107,-2.9304273,70.530304,25.0,90.75883,41.377457,-6.6262445,-3.8332515,70.219086,27.011444,92.74569,1.0951066
3.058333333333333,41.060932,-7.094849,-2.9304276,70.466965,25.0,90.67032,41.422794,-6.5724173,-3.7007265,70.09987,26.502167,92.58605,0.9986189
3.0625,41.09718,-7.0586004,-2.930426,70.40842,25.0,90.58801,41.436935,-6.5286827,-3.5715046,69.99891,26.025772,92.41094,0.89845914
3.066666666666667,41.130646,-7.0251355,-2.9304266,70.35455,25.0,90.51186,41.41868,-6.4985266,-3.4299674,69.94981,25.606003,92.237404,0.7809102
3.0708333333333333,41.161377,-6.9944034,-2.930424,70.30526,25.0,90.44181,41.39142,-6.5104847,-3.3233857,69.91022,25.326366,92.045815,0.6644662
3.075,41.189426,-6.9663534,-2.9304254,70.2604,25.0,90.377754,41.332863,-6.5588207,-3.2126164,69.91988,25.048172,91.86479,0.5160317
3.0791666666666666,41.214855,-6.9409246,-2.9304245,70.21985,25.0,90.319595,41.268127,-6.610568,-3.1109848,69.92215,24.785004,91.67579,0.38023078
3.0833333333333335,41.237736,-6.918045,-2.9304323,70.18344,25.0,90.26719,41.2026,-6.66634,-3.0277958,69.92978,24.550838,91.48848,0.27215758
3.0875,41.258152,-6.897629,-2.9304245,70.151054,25.0,90.220375,41.147865,-6.7297764,-2.9538965,69.93903,24.403091,91.283035,0.20220912
3.091666666666667,41.276188,-6.879593,-2.930425,70.12249,25.0,90.17897,41.122444,-6.7925663,-2.9122334,69.97268,24.322075,91.06264,0.17759983
3.095833333333333,41.291946,-6.8638344,-2.9304278,70.09757,25.0,90.14275,41.107803,-6.852989,-2.8854847,70.017555,24.321877,90.84134,0.18985829
3.1,41.30554,-6.850243,-2.9304242,70.076126,25.0,90.111496,41.103195,-6.904542,-2.8661947,70.07413,24.382694,90.62403,0.21912663
3.1041666666666665,41.317078,-6.838701,-2.9304266,70.05793,25.0,90.08494,41.106983,-6.961625,-2.8505678,70.14621,24.446857,90.423645,0.25617865
3.1083333333333334,41.326706,-6.8290772,-2.9304256,70.04278,25.0,90.06276,41.098465,-6.9987497,-2.83395,70.22632,24.51286,90.25482,0.3003169
3.1125,41.334553,-6.8212256,-2.9304237,70.03043,25.0,90.044685,41.09453,-7.045864,-2.8450747,70.2944,24.604458,90.08968,0.33964497
3.1166666666666667,41.340775,-6.8150034,-2.9304242,70.02065,25.0,90.03034,41.101406,-7.0774775,-2.8711863,70.3637,24.706253,89.94356,0.3601375
3.120833333333333,41.345535,-6.810243,-2.930424,70.013176,25.0,90.01936,41.110336,-7.103098,-2.9108,70.41005,24.79102,89.81514,0.37612176
3.125,41.34901,-6.8067718,-2.930426,70.00772,25.0,90.011345,41.127262,-7.124262,-2.9430285,70.452126,24.87696,89.691536,0.38746756
3.129166666666667,41.351376,-6.804404,-2.9304256,70.004005,25.0,90.00589,41.155094,-7.133979,-2.9746485,70.49611,24.970448,89.584045,0.386137
3.1333333333333333,41.352837,-6.802942,-2.9304273,70.00171,25.0,90.00252,41.195007,-7.134858,-3.0097141,70.523964,25.074581,89.484245,0.3759853
3.1375,41.3536,-6.8021774,-2.930427,70.00051,25.0,90.00076,41.24489,-7.1355524,-3.04179,70.54814,25.169128,89.38895,0.36791128
3.1416666666666666,41.353886,-6.8018937,-2.9304247,70.00007,25.0,90.0001,41.29702,-7.135536,-3.0681858,70.57655,25.257847,89.30212,0.3654164
3.1458333333333335,41.353928,-6.8018513,-2.930426,70.0,25.0,90.0,41.34958,-7.1382647,-3.0842495,70.61008,25.340408,89.22554,0.3699386
3.15,41.353928,-6.8018513,-2.930426,70.0,25.0,90.0,41.39521,-7.146228,-3.0870218,70.63716,25.402294,89.159676,0.38055456
3.154166666666667,41.353928,-6.8018513,-2.930426,70.0,25.0,90.0,41.43702,-7.156103,-3.076168,70.66167,25.443962,89.10757,0.3919686
3.158333333333333,41.353928,-6.8018513,-2.930426,70.0,25.0,90.0,41.47203,-7.1643476,-3.062108,70.682785,25.478989,89.06308,0.40335113
3.1625,41.353928,-6.8018513,-2.930426,70.0,25.0,90.0,41.50102,-7.171008,-3.0413055,70.70483,25.502731,89.03449,0.41256127
3.1666666666666665,41.353928,-6.8018513,-2.930426,70.0,25.0,90.0,41.52339,-7.1736345,-3.013424,70.72852,25.52052,89.025734,0.4169287
3.1708333333333334,41.353928,-6.8018513,-2.930426,70.0,25.0,90.0,41.54074,-7.1753874,-2.9810133,70.752686,25.530087,89.02594,0.42069888
3.175,41.353928,-6.8018513,-2.930426,70.0,25.0,90.0,41.552116,-7.173213,-2.9464064,70.77478,25.533436,89.0355,0.42124066
3.1791666666666667,41.353928,-6.8018513,-2.930426,70.0,25.0,90.0,41.560204,-7.1697874,-2.9120378,70.79758,25.534279,89.04843,0.42221427
3.183333333333333,41.353928,-6.8018513,-2.930426,70.0,25.0,90.0,41.566338,-7.165698,-2.8788338,70.820816,25.53291,89.05888,0.42445758
3.1875,41.353928,-6.8018513,-2.930426,70.0,25.0,90.0,41.570637,-7.1606407,-2.845807,70.84245,25.52761,89.068634,0.4276132
3.191666666666667,41.353928,-6.8018513,-2.930426,70.0,25.0,90.0,41.57379,-7.156557,-2.8146524,70.8631,25.518322,89.07542,0.43308178
3.1958333333333333,41.353928,-6.8018513,-2.930426,70.0,25.0,90.0,41.57644,-7.15355,-2.7842607,70.88181,25.505505,89.0804,0.4410982
3.2,41.353928,-6.8018513,-2.930426,70.0,25.0,90.0,41.578613,-7.1511354,-2.7564125,70.89832,25.491333,89.083435,0.45029294
3.2041666666666666,41.353928,-6.8018513,-2.930426,70.0,25.0,90.0,41.580353,-7.1493187,-2.7315989,70.912674,25.475574,89.08525,0.45992842
3.2083333333333335,41.353928,-6.8018513,-2.930426,70.0,25.0,90.0,41.58151,-7.14777,-2.7098217,70.92479,25.45832,89.08634,0.46916845
3.2125,41.353928,-6.8018513,-2.930426,70.0,25.0,90.0,41.582237,-7.146595,-2.6913376,70.93519,25.44051,89.08751,0.4776366
3.216666666666667,41.353928,-6.8018513,-2.930426,70.0,25.0,90.0,41.58265,-7.1458454,-2.6760998,70.94333,25.424526,89.0884,0.48510548
3.220833333333333,41.353928,-6.8018513,-2.930426,70.0,25.0,90.0,41.582867,-7.1455317,-2.6640396,70.949554,25.411114,89.08916,0.4914173
3.225,41.353928,-6.8018513,-2.930426,70.0,25.0,90.0,41.5828,-7.145504,-2.6549368,70.95404,25.400223,89.0898,0.49636158
3.2291666666666665,41.353928,-6.8018513,-2.930426,70.0,25.0,90.0,41.582687,-7.1454077,-2.6483822,70.957054,25.392117,89.09017,0.49991068
3.2333333333333334,41.353928,-6.8018513,-2.930426,70.0,25.0,90.0,41.582718,-7.145179,-2.6438427,70.95891,25.386543,89.09039,0.50234324
3.2375,41.353928,-6.8018513,-2.930426,70.0,25.0,90.0,41.582836,-7.1449556,-2.6409245,70.959984,25.382996,89.09053,0.5039155
3.2416666666666667,41.353928,-6.8018513,-2.930426,70.0,25.0,90.0,41.582947,-7.144746,-2.6391182,70.9606,25.38087,89.090706,0.50486296
3.245833333333333,41.353928,-6.8018513,-2.930426,70.0,25.0,90.0,41.582993,-7.144575,-2.6380796,70.96101,25.379776,89.09092,0.50536793
3.25,41.353928,-6.8018513,-2.930426,70.0,25.0,90.0,41.58301,-7.1444645,-2.6375494,70.961266,25.37933,89.091095,0.5056085
3.254166666666667,41.353928,-6.8018513,-2.930426,70.0,25.0,90.0,41.582996,-7.144417,-2.63731,70.96137,25.37917,89.09119,0.505708
3.2583333333333333,41.353928,-6.8018513,-2.930426,70.0,25.0,90.0,41.582993,-7.144397,-2.637228,70.96143,25.379139,89.09122,0.5057402
3.2625,41.353928,-6.8018513,-2.930426,70.0,25.0,90.0,41.582993,-7.144393,-2.637207,70.96145,25.379128,89.091225,0.50574976
3.2666666666666666,41.353928,-6.8018513,-2.930426,70.0,25.0,90.0,41.582996,-7.144393,-2.6372042,70.96146,25.379124,89.091225,0.5057532
3.2708333333333335,41.353928,-6.8018513,-2.930426,70.0,25.0,90.0,41.582996,-7.144393,-2.6372042,70.96146,25.379124,89.091225,0.5057532
3.275,41.353928,-6.8018513,-2.930426,70.0,25.0,90.0,41.582996,-7.144393,-2.6372042,70.96146,25.379124,89.091225,0.5057532
3.279166666666667,41.353928,-6.8018513,-2.930426,70.0,25.0,90.0,41.582996,-7.144393,-2.6372042,70.96146,25.379124,89.091225,0.5057532
3.283333333333333,41.353928,-6.8018513,-2.930426,70.0,25.0,90.0,41.582996,-7.144393,-2.6372042,70.96146,25.379124,89.091225,0.5057532
3.2875,41.353928,-6.8018513,-2.930426,70.0,25.0,90.0,41.582996,-7.144393,-2.6372042,70.96146,25.379124,89.091225,0.5057532
3.2916666666666665,41.353928,-6.8018513,-2.930426,70.0,25.0,90.0,41.582996,-7.144393,-2.6372042,70.96146,25.379124,89.091225,0.5057532
3.2958333333333334,41.353928,-6.8018513,-2.930426,70.0,25.0,90.0,41.582996,-7.144393,-2.6372042,70.96146,25.379124,89.091225,0.5057532
3.3,41.353928,-6.8018513,-2.930426,70.0,25.0,90.0,41.582996,-7.144391,-2.6372023,70.96146,25.379128,89.091225,0.505753
3.3041666666666667,41.353928,-6.8018513,-2.930426,70.0,25.0,90.0,41.582996,-7.144391,-2.6372042,70.96146,25.379128,89.091225,0.5057519
3.308333333333333,41.353928,-6.8018513,-2.930426,70.0,25.0,90.0,41.582996,-7.144393,-2.6372042,70.96146,25.379124,89.091225,0.5057532
3.3125,41.353928,-6.8018513,-2.930426,70.0,25.0,90.0,41.582993,-7.144391,-2.6372013,70.96145,25.379128,89.091225,0.50575185
3.316666666666667,41.353928,-6.8018513,-2.930426,70.0,25.0,90.0,41.582993,-7.14439,-2.6372013,70.96146,25.37912,89.09123,0.5057512
3.3208333333333333,41.353928,-6.8018513,-2.930426,70.0,25.0,90.0,41.582996,-7.144391,-2.6372042,70.96146,25.379116,89.09123,0.5057519
3.325,41.353928,-6.8018513,-2.930426,70.0,25.0,90.0,41.582996,-7.144391,-2.6372023,70.96146,25.379128,89.09123,0.505753
3.3291666666666666,41.353928,-6.8018513,-2.930426,70.0,25.0,90.0,41.582996,-7.14439,-2.6372042,70.96146,25.379124,89.09123,0.50575125
3.3333333333333335,41.353928,-6.8018513,-2.930426,70.0,25.0,90.0,41.582993,-7.14439,-2.6372013,70.96146,25.379124,89.09123,0.5057512
3.3375,41.353928,-6.8018513,-2.930426,70.0,25.0,90.0,41.582993,-7.144388,-2.6372004,70.96146,25.379124,89.09123,0.5057504
3.341666666666667,41.353928,-6.8018513,-2.930426,70.0,25.0,90.0,41.582993,-7.144388,-2.6372023,70.96146,25.379128,89.09124,0.5057493
3.345833333333333,41.353928,-6.8018513,-2.930426,70.0,25.0,90.0,41.582993,-7.1443872,-2.6372042,70.96145,25.379128,89.09124,0.50574756
3.35,41.353928,-6.8018513,-2.930426,70.0,25.0,90.0,41.582993,-7.1443872,-2.6372042,70.96146,25.379124,89.09124,0.50574756
3.3541666666666665,41.353928,-6.8018513,-2.930426,70.0,25.0,90.0,41.582996,-7.14439,-2.6372023,70.96146,25.37912,89.09124,0.5057523
3.3583333333333334,41.353928,-6.8018513,-2.930426,70.0,25.0,90.0,41.582993,-7.1443853,-2.6371994,70.96146,25.379124,89.09124,0.50574905
3.3625,41.353928,-6.8018513,-2.930426,70.0,25.0,90.0,41.582993,-7.14439,-2.6371984,70.96146,25.37912,89.09124,0.50575286
3.3666666666666667,41.353928,-6.8018513,-2.930426,70.0,25.0,90.0,41.582993,-7.144388,-2.6372013,70.96145,25.379124,89.09124,0.5057499
3.370833333333333,41.353928,-6.8018513,-2.930426,70.0,25.0,90.0,41.582993,-7.144388,-2.6372004,70.96146,25.379116,89.09124,0.5057504
3.375,41.353928,-6.8018513,-2.930426,70.0,25.0,90.0,41.58299,-7.1443853,-2.6371994,70.96146,25.379124,89.09124,0.5057473
3.379166666666667,41.353928,-6.8018513,-2.930426,70.0,25.0,90.0,41.58299,-7.144388,-2.6371984,70.96146,25.379128,89.09124,0.5057498
3.3833333333333333,41.353928,-6.8018513,-2.930426,70.0,25.0,90.0,41.582993,-7.1443872,-2.6372013,70.96146,25.379128,89.09124,0.5057492
3.3875,41.353928,-6.8018513,-2.930426,70.0,25.0,90.0,41.582993,-7.1443872,-2.6372004,70.96146,25.37912,89.09124,0.50574976
3.3916666666666666,41.353928,-6.8018513,-2.930426,70.0,25.0,90.0,41.582993,-7.1443872,-2.6372004,70.96146,25.37912,89.09124,0.50574976
3.3958333333333335,41.353928,-6.8018513,-2.930426,70.0,25.0,90.0,41.582993,-7.1443853,-2.6372013,70.96146,25.37912,89.09124,0.505748
3.4,41.353928,-6.8018513,-2.930426,70.0,25.0,90.0,41.582993,-7.14439,-2.6372013,70.96146,25.37912,89.09124,0.5057512
3.404166666666667,41.353928,-6.8018513,-2.930426,70.0,25.0,90.0,41.582993,-7.14439,-2.6372004,70.96146,25.37912,89.09124,0.5057517
3.408333333333333,41.353928,-6.8018513,-2.930426,70.0,25.0,90.0,41.58299,-7.1443872,-2.6372013,70.96146,25.37912,89.09124,0.5057475
3.4125,41.353928,-6.8018513,-2.930426,70.0,25.0,90.0,41.582993,-7.1443853,-2.6372004,70.96146,25.37912,89.09124,0.5057485
3.4166666666666665,41.353928,-6.8018513,-2.930426,70.0,25.0,90.0,41.58299,-7.1443872,-2.6372004,70.96146,25.379116,89.09124,0.5057481
3.4208333333333334,41.353928,-6.8018513,-2.930426,70.0,25.0,90.0,41.582993,-7.144388,-2.6372004,70.96146,25.37912,89.09124,0.5057504
3.425,41.353928,-6.8018513,-2.930426,70.0,25.0,90.0,41.582993,-7.144388,-2.6372004,70.96146,25.37912,89.09124,0.5057504
3.4291666666666667,41.353928,-6.8018513,-2.930426,70.0,25.0,90.0,41.582993,-7.1443872,-2.6371994,70.96146,25.379116,89.09124,0.50575036
3.433333333333333,41.353928,-6.8018513,-2.930426,70.0,25.0,90.0,41.582993,-7.1443853,-2.6372004,70.96146,25.37912,89.09124,0.5057485
3.4375,41.353928,-6.8018513,-2.930426,70.0,25.0,90.0,41.582993,-7.144388,-2.6371984,70.96146,25.379116,89.09124,0.50575155
3.441666666666667,41.353928,-6.8018513,-2.930426,70.0,25.0,90.0,41.582993,-7.14439,-2.6372004,70.96146,25.37912,89.09123,0.5057517
3.4458333333333333,41.353928,-6.8018513,-2.930426,70.0,25.0,90.0,41.582993,-7.14439,-2.6372004,70.96146,25.37912,89.09124,0.5057517
3.45,41.353928,-6.8018513,-2.930426,70.0,25.0,90.0,41.582993,-7.144388,-2.6372013,70.961464,25.37912,89.09124,0.5057499
3.4541666666666666,41.353928,-6.8018513,-2.930426,70.0,25.0,90.0,41.582993,-7.1443853,-2.6372004,70.96146,25.379124,89.09123,0.5057485
3.4583333333333335,41.353928,-6.8018513,-2.930426,70.0,25.0,90.0,41.582996,-7.14439,-2.6372004,70.96146,25.37912,89.09123,0.50575346
3.4625,41.353928,-6.8018513,-2.930426,70.0,25.0,90.0,41.582996,-7.14439,-2.6371994,70.96146,25.379124,89.09123,0.50575405
3.466666666666667,41.353928,-6.8018513,-2.930426,70.0,25.0,90.0,41.582996,-7.14439,-2.637206,70.96146,25.379124,89.09123,0.5057501
3.470833333333333,41.353928,-6.8018513,-2.930426,70.0,25.0,90.0,41.582996,-7.14439,-2.6372023,70.96146,25.37912,89.09123,0.5057523
3.475,41.353928,-6.8018513,-2.930426,70.0,25.0,90.0,41.582993,-7.144391,-2.6372023,70.96146,25.379128,89.091225,0.50575125
3.4791666666666665,41.353928,-6.8018513,-2.930426,70.0,25.0,90.0,41.582993,-7.14439,-2.6372023,70.96146,25.37912,89.09123,0.5057506
3.4833333333333334,41.353928,-6.8018513,-2.930426,70.0,25.0,90.0,41.582993,-7.144394,-2.6372023,70.96146,25.37912,89.091225,0.5057532
3.4875,41.353928,-6.8018513,-2.930426,70.0,25.0,90.0,41.582993,-7.144393,-2.6372042,70.961464,25.379124,89.091225,0.50575143
3.4916666666666667,41.353928,-6.8018513,-2.930426,70.0,25.0,90.0,41.582993,-7.144394,-2.6372023,70.96146,25.379124,89.091225,0.5057532
3.495833333333333,41.353928,-6.8018513,-2.930426,70.0,25.0,90.0,41.582996,-7.144393,-2.6372013,70.96146,25.379116,89.091225,0.5057548
3.5,41.353928,-6.8018513,-2.930426,70.0,25.0,90.0,41.582996,-7.144397,-2.637206,70.96146,25.37912,89.091225,0.50575465
3.504166666666667,41.353928,-6.8018513,-2.930426,70.0,25.0,90.0,41.582993,-7.144393,-2.637206,70.96146,25.37912,89.091225,0.50575036
3.5083333333333333,41.353928,-6.8018513,-2.930426,70.0,25.0,90.0,41.582996,-7.144391,-2.6372042,70.96146,25.379128,89.09123,0.5057519
3.5125,41.353928,-6.8018513,-2.930426,70.0,25.0,90.0,41.582993,-7.144391,-2.6372051,70.96146,25.379124,89.09123,0.5057496
3.5166666666666666,41.353928,-6.8018513,-2.930426,70.0,25.0,90.0,41.582993,-7.144393,-2.6372023,70.96146,25.37912,89.09123,0.50575256
3.5208333333333335,41.353928,-6.8018513,-2.930426,70.0,25.0,90.0,41.582996,-7.144393,-2.637206,70.96146,25.379124,89.09123,0.5057521
3.525,41.353928,-6.8018513,-2.930426,70.0,25.0,90.0,41.582996,-7.144393,-2.6372051,70.96146,25.379124,89.09123,0.5057526
3.529166666666667,41.353928,-6.8018513,-2.930426,70.0,25.0,90.0,41.582996,-7.144391,-2.637207,70.96145,25.379124,89.09123,0.50575024
3.533333333333333,41.353928,-6.8018513,-2.930426,70.0,25.0,90.0,41.582996,-7.144388,-2.6372051,70.96145,25.379124,89.09123,0.5057494
3.5375,41.353928,-6.8018513,-2.930426,70.0,25.0,90.0,41.582996,-7.14439,-2.6372051,70.96145,25.379124,89.09123,0.5057507
3.5416666666666665,41.353928,-6.8018513,-2.930426,70.0,25.0,90.0,41.582993,-7.1443872,-2.6372013,70.96145,25.379124,89.09123,0.5057492
3.5458333333333334,41.353928,-6.8018513,-2.930426,70.0,25.0,90.0,41.582993,-7.1443872,-2.6372013,70.96145,25.379124,89.09123,0.5057492
3.55,41.353928,-6.8018513,-2.930426,70.0,25.0,90.0,41.582993,-7.1443872,-2.6372013,70.96145,25.379124,89.09123,0.5057492
3.5541666666666667,41.353928,-6.8018513,-2.930426,70.0,25.0,90.0,41.582993,-7.1443872,-2.6372013,70.96145,25.379124,89.09123,0.5057492
3.558333333333333,41.353928,-6.8018513,-2.930426,70.0,25.0,90.0,41.582993,-7.1443872,-2.6372013,70.96145,25.379124,89.09123,0.5057492
3.5625,41.353928,-6.8018513,-2.930426,70.0,25.0,90.0,41.582993,-7.1443872,-2.6372013,70.96145,25.379124,89.09123,0.5057492
3.566666666666667,41.353928,-6.8018513,-2.930426,70.0,25.0,90.0,41.582993,-7.1443872,-2.6372013,70.96145,25.379124,89.09123,0.5057492
3.5708333333333333,41.353928,-6.8018513,-2.930426,70.0,25.0,90.0,41.582993,-7.1443872,-2.6372013,70.96145,25.379124,89.09123,0.5057492
3.575,41.353928,-6.8018513,-2.930426,70.0,25.0,90.0,41.582993,-7.1443872,-2.6372013,70.96145,25.379124,89.09123,0.5057492
3.5791666666666666,41.353928,-6.8018513,-2.930426,70.0,25.0,90.0,41.582993,-7.1443872,-2.6372013,70.96145,25.379124,89.09123,0.5057492
3.5833333333333335,41.353928,-6.8018513,-2.930426,70.0,25.0,90.0,41.582993,-7.1443872,-2.6372013,70.96145,25.379124,89.09123,0.5057492
3.5875,41.353928,-6.8018513,-2.930426,70.0,25.0,90.0,41.582993,-7.1443872,-2.6372013,70.96145,25.379124,89.09123,0.5057492
3.591666666666667,41.353928,-6.8018513,-2.930426,70.0,25.0,90.0,41.582993,-7.1443872,-2.6372013,70.96145,25.379124,89.09123,0.5057492
3.595833333333333,41.353928,-6.8018513,-2.930426,70.0,25.0,90.0,41.582993,-7.1443872,-2.6372013,70.96145,25.379124,89.09123,0.5057492
3.6,41.353928,-6.8018513,-2.930426,70.0,25.0,90.0,41.582993,-7.1443872,-2.6372013,70.96145,25.379124,89.09123,0.5057492
3.6041666666666665,41.353928,-6.8018513,-2.930426,70.0,25.0,90.0,41.582993,-7.1443872,-2.6372013,70.96145,25.379124,89.09123,0.5057492
3.6083333333333334,41.353928,-6.8018513,-2.930426,70.0,25.0,90.0,41.582993,-7.1443872,-2.6372013,70.96145,25.379124,89.09123,0.5057492
3.6125,41.353928,-6.8018513,-2.930426,70.0,25.0,90.0,41.582993,-7.1443872,-2.6372013,70.96145,25.379124,89.09123,0.5057492
3.6166666666666667,41.353928,-6.8018513,-2.930426,70.0,25.0,90.0,41.582993,-7.1443872,-2.6372013,70.96145,25.379124,89.09123,0.5057492
3.620833333333333,41.353928,-6.8018513,-2.930426,70.0,25.0,90.0,41.582993,-7.1443872,-2.6372013,70.96145,25.379124,89.09123,0.5057492
3.625,41.353928,-6.8018513,-2.930426,70.0,25.0,90.0,41.582993,-7.1443872,-2.6372013,70.96145,25.379124,89.09123,0.5057492
3.629166666666667,41.353928,-6.8018513,-2.930426,70.0,25.0,90.0,41.582993,-7.1443872,-2.6372013,70.96145,25.379124,89.09123,0.5057492
3.6333333333333333,41.353928,-6.8018513,-2.930426,70.0,25.0,90.0,41.582993,-7.1443872,-2.6372013,70.96145,25.379124,89.09123,0.5057492
3.6375,41.353928,-6.8018513,-2.930426,70.0,25.0,90.0,41.582993,-7.1443872,-2.6372013,70.96145,25.379124,89.09123,0.5057492
3.6416666666666666,41.353928,-6.8018513,-2.930426,70.0,25.0,90.0,41.582993,-7.1443872,-2.6372013,70.96145,25.379124,89.09123,0.5057492
3.6458333333333335,41.353928,-6.8018513,-2.930426,70.0,25.0,90.0,41.582993,-7.1443872,-2.6372013,70.96145,25.379124,89.09123,0.5057492
3.65,41.353928,-6.8018513,-2.930426,70.0,25.0,90.0,41.582993,-7.1443872,-2.6372013,70.96145,25.379124,89.09123,0.5057492
3.654166666666667,41.353928,-6.8018513,-2.930426,70.0,25.0,90.0,41.582993,-7.1443872,-2.6372013,70.96145,25.379124,89.09123,0.5057492
3.658333333333333,41.353928,-6.8018513,-2.930426,70.0,25.0,90.0,41.582993,-7.1443872,-2.6372013,70.96145,25.379124,89.09123,0.5057492
3.6625,41.353928,-6.8018513,-2.930426,70.0,25.0,90.0,41.582993,-7.1443872,-2.6372013,70.96145,25.379124,89.09123,0.5057492
3.6666666666666665,41.353928,-6.8018513,-2.930426,70.0,25.0,90.0,41.582993,-7.1443872,-2.6372013,70.96145,25.379124,89.09123,0.5057492
3.6708333333333334,41.353928,-6.8018513,-2.930426,70.0,25.0,90.0,41.582993,-7.1443872,-2.6372013,70.96145,25.379124,89.09123,0.5057492
3.675,41.353928,-6.8018513,-2.930426,70.0,25.0,90.0,41.582993,-7.1443872,-2.6372013,70.96145,25.379124,89.09123,0.5057492
3.6791666666666667,41.353928,-6.8018513,-2.930426,70.0,25.0,90.0,41.582993,-7.1443872,-2.6372013,70.96145,25.379124,89.09123,0.5057492
3.683333333333333,41.353928,-6.8018513,-2.930426,70.0,25.0,90.0,41.582993,-7.1443872,-2.6372013,70.96145,25.379124,89.09123,0.5057492
3.6875,41.353928,-6.8018513,-2.930426,70.0,25.0,90.0,41.582993,-7.1443872,-2.6372013,70.96145,25.379124,89.09123,0.5057492
3.691666666666667,41.353928,-6.8018513,-2.930426,70.0,25.0,90.0,41.582993,-7.1443872,-2.6372013,70.96145,25.379124,89.09123,0.5057492
3.6958333333333333,41.353928,-6.8018513,-2.930426,70.0,25.0,90.0,41.582996,-7.144388,-2.6372023,70.96145,25.379128,89.09123,0.5057511
3.7,41.353928,-6.8018513,-2.930426,70.0,25.0,90.0,41.582993,-7.144388,-2.6372023,70.96145,25.379128,89.09123,0.5057493
3.7041666666666666,41.353928,-6.8018513,-2.930426,70.0,25.0,90.0,41.582993,-7.144388,-2.6372023,70.96145,25.379131,89.09123,0.5057493
3.7083333333333335,41.353928,-6.8018513,-2.930426,70.0,25.0,90.0,41.582993,-7.14439,-2.637206,70.96145,25.379128,89.09123,0.50574845
3.7125,41.353928,-6.8018513,-2.930426,70.0,25.0,90.0,41.582993,-7.1443872,-2.6372042,70.96146,25.379128,89.09123,0.50574756
3.716666666666667,41.353928,-6.8018513,-2.930426,70.0,25.0,90.0,41.582993,-7.144391,-2.6372042,70.96145,25.379124,89.09123,0.5057502
3.720833333333333,41.353928,-6.8018513,-2.930426,70.0,25.0,90.0,41.582996,-7.144388,-2.6372013,70.96145,25.379128,89.09123,0.5057516
3.725,41.353928,-6.8018513,-2.930426,70.0,25.0,90.0,41.582993,-7.144388,-2.6372013,70.96146,25.379124,89.09123,0.5057499
3.7291666666666665,41.353928,-6.8018513,-2.930426,70.0,25.0,90.0,41.582996,-7.144388,-2.6372042,70.96146,25.379124,89.09123,0.50574994
3.7333333333333334,41.353928,-6.8018513,-2.930426,70.0,25.0,90.0,41.582993,-7.144391,-2.6372023,70.96146,25.379124,89.09123,0.50575125
3.7375,41.353928,-6.8018513,-2.930426,70.0,25.0,90.0,41.582993,-7.1443872,-2.6372051,70.96146,25.379124,89.09123,0.505747
3.7416666666666667,41.353928,-6.8018513,-2.930426,70.0,25.0,90.0,41.582993,-7.144388,-2.6372051,70.96146,25.379124,89.09124,0.5057477
3.745833333333333,41.353928,-6.8018513,-2.930426,70.0,25.0,90.0,41.583,-7.1443853,-2.6372023,70.96146,25.379116,89.09124,0.50575083
3.75,41.353928,-6.8018513,-2.930426,70.0,25.0,90.0,41.582993,-7.1443872,-2.6372004,70.96146,25.379124,89.09124,0.50574976
3.754166666666667,41.353928,-6.8018513,-2.930426,70.0,25.0,90.0,41.58299,-7.14439,-2.6372023,70.96146,25.379124,89.09124,0.5057489
3.7583333333333333,41.353928,-6.8018513,-2.930426,70.0,25.0,90.0,41.582993,-7.1443872,-2.6371994,70.96146,25.379124,89.09124,0.50575036
3.7625,41.353928,-6.8018513,-2.930426,70.0,25.0,90.0,41.582993,-7.1443853,-2.6372013,70.96146,25.37912,89.09124,0.505748
3.7666666666666666,41.353928,-6.8018513,-2.930426,70.0,25.0,90.0,41.582993,-7.1443872,-2.6372004,70.96146,25.379116,89.09124,0.50574976
3.7708333333333335,41.353928,-6.8018513,-2.930426,70.0,25.0,90.0,41.582993,-7.1443844,-2.6372013,70.96146,25.37912,89.09124,0.5057473
3.775,41.353928,-6.8018513,-2.930426,70.0,25.0,90.0,41.582993,-7.1443872,-2.6371975,70.96146,25.379128,89.09124,0.50575143
3.779166666666667,41.353928,-6.8018513,-2.930426,70.0,25.0,90.0,41.58299,-7.144388,-2.6372004,70.96146,25.379128,89.09124,0.50574875
3.783333333333333,41.353928,-6.8018513,-2.930426,70.0,25.0,90.0,41.582993,-7.1443844,-2.6371984,70.96146,25.37912,89.09124,0.505749
3.7875,41.353928,-6.8018513,-2.930426,70.0,25.0,90.0,41.582993,-7.1443872,-2.6371965,70.96146,25.37912,89.09124,0.50575197
3.7916666666666665,41.353928,-6.8018513,-2.930426,70.0,25.0,90.0,41.582993,-7.144388,-2.6371994,70.96146,25.37912,89.09124,0.505751
3.7958333333333334,41.353928,-6.8018513,-2.930426,70.0,25.0,90.0,41.582993,-7.144388,-2.6371975,70.96146,25.37912,89.09124,0.5057521
3.8,41.353928,-6.8018513,-2.930426,70.0,25.0,90.0,41.582993,-7.14439,-2.6372004,70.96146,25.379116,89.09124,0.5057517
3.8041666666666667,41.353928,-6.8018513,-2.930426,70.0,25.0,90.0,41.582993,-7.14439,-2.6371994,70.96146,25.37912,89.09124,0.50575227
3.808333333333333,41.353928,-6.8018513,-2.930426,70.0,25.0,90.0,41.582993,-7.14439,-2.6372004,70.96146,25.37912,89.09124,0.5057517
3.8125,41.353928,-6.8018513,-2.930426,70.0,25.0,90.0,41.582993,-7.14439,-2.6372004,70.96146,25.37912,89.09124,0.5057517
3.816666666666667,41.353928,-6.8018513,-2.930426,70.0,25.0,90.0,41.582993,-7.14439,-2.6372004,70.96146,25.37912,89.09124,0.5057517
3.8208333333333333,41.353928,-6.8018513,-2.930426,70.0,25.0,90.0,41.582993,-7.14439,-2.6372004,70.96146,25.37912,89.09124,0.5057517
3.825,41.353928,-6.8018513,-2.930426,70.0,25.0,90.0,41.582993,-7.14439,-2.6372004,70.96146,25.37912,89.09124,0.5057517
3.8291666666666666,41.353928,-6.8018513,-2.930426,70.0,25.0,90.0,41.582993,-7.14439,-2.6371994,70.96146,25.37912,89.09124,0.50575227
3.8333333333333335,41.353928,-6.8018513,-2.930426,70.0,25.0,90.0,41.582993,-7.14439,-2.6371994,70.96146,25.37912,89.09124,0.50575227
3.8375,41.353928,-6.8018513,-2.930426,70.0,25.0,90.0,41.582993,-7.144388,-2.6372004,70.96146,25.379124,89.09124,0.5057504
3.841666666666667,41.353928,-6.8018513,-2.930426,70.0,25.0,90.0,41.582993,-7.144388,-2.6372004,70.96146,25.379116,89.09124,0.5057504
3.845833333333333,41.353928,-6.8018513,-2.930426,70.0,25.0,90.0,41.582993,-7.1443872,-2.6372013,70.96146,25.37912,89.09123,0.5057492
3.85,41.353928,-6.8018513,-2.930426,70.0,25.0,90.0,41.582993,-7.1443853,-2.6371994,70.96146,25.379124,89.09124,0.50574905
3.8541666666666665,41.353928,-6.8018513,-2.930426,70.0,25.0,90.0,41.582993,-7.144388,-2.6371984,70.96146,25.379124,89.09123,0.50575155
3.8583333333333334,41.353928,-6.8018513,-2.930426,70.0,25.0,90.0,41.582996,-7.14439,-2.6372004,70.96146,25.379124,89.09123,0.50575346
3.8625,41.353928,-6.8018513,-2.930426,70.0,25.0,90.0,41.582996,-7.14439,-2.6372051,70.96146,25.379124,89.09123,0.5057507
3.8666666666666667,41.353928,-6.8018513,-2.930426,70.0,25.0,90.0,41.582996,-7.14439,-2.6372023,70.96146,25.37912,89.09123,0.5057523
3.870833333333333,41.353928,-6.8018513,-2.930426,70.0,25.0,90.0,41.582993,-7.144391,-2.6372023,70.96146,25.379128,89.091225,0.50575125
3.875,41.353928,-6.8018513,-2.930426,70.0,25.0,90.0,41.582993,-7.14439,-2.6372023,70.96146,25.37912,89.09123,0.5057506
3.879166666666667,41.353928,-6.8018513,-2.930426,70.0,25.0,90.0,41.582993,-7.144394,-2.6372023,70.96146,25.37912,89.091225,0.5057532
3.8833333333333333,41.353928,-6.8018513,-2.930426,70.0,25.0,90.0,41.582993,-7.144393,-2.6372042,70.961464,25.379124,89.091225,0.50575143
3.8875,41.353928,-6.8018513,-2.930426,70.0,25.0,90.0,41.582993,-7.144394,-2.6372023,70.96146,25.379124,89.091225,0.5057532
3.8916666666666666,41.353928,-6.8018513,-2.930426,70.0,25.0,90.0,41.582996,-7.144393,-2.6372013,70.96146,25.379116,89.091225,0.5057548
3.8958333333333335,41.353928,-6.8018513,-2.930426,70.0,25.0,90.0,41.582996,-7.144397,-2.637206,70.96146,25.37912,89.091225,0.50575465
3.9,41.353928,-6.8018513,-2.930426,70.0,25.0,90.0,41.582993,-7.144393,-2.637206,70.96146,25.37912,89.091225,0.50575036
3.904166666666667,41.353928,-6.8018513,-2.930426,70.0,25.0,90.0,41.582996,-7.144391,-2.6372042,70.96146,25.379128,89.09123,0.5057519
3.908333333333333,41.353928,-6.8018513,-2.930426,70.0,25.0,90.0,41.582993,-7.144391,-2.6372051,70.96146,25.379124,89.09123,0.5057496
3.9125,41.353928,-6.8018513,-2.930426,70.0,25.0,90.0,41.582993,-7.144393,-2.6372023,70.96146,25.37912,89.09123,0.50575256
3.9166666666666665,41.353928,-6.8018513,-2.930426,70.0,25.0,90.0,41.582996,-7.144393,-2.637206,70.96146,25.379124,89.09123,0.5057521
3.9208333333333334,41.353928,-6.8018513,-2.930426,70.0,25.0,90.0,41.582996,-7.144393,-2.6372051,70.96146,25.379124,89.09123,0.5057526
3.925,41.353928,-6.8018513,-2.930426,70.0,25.0,90.0,41.582996,-7.144391,-2.637207,70.96145,25.379124,89.09123,0.50575024
3.9291666666666667,41.353928,-6.8018513,-2.930426,70.0,25.0,90.0,41.582996,-7.144388,-2.6372051,70.96145,25.379124,89.09123,0.5057494
3.933333333333333,41.353928,-6.8018513,-2.930426,70.0,25.0,90.0,41.582996,-7.14439,-2.6372051,70.96145,25.379124,89.09123,0.5057507
3.9375,41.353928,-6.8018513,-2.930426,70.0,25.0,90.0,41.582993,-7.1443872,-2.6372013,70.96145,25.379124,89.09123,0.5057492
3.941666666666667,41.353928,-6.8018513,-2.930426,70.0,25.0,90.0,41.582993,-7.1443872,-2.6372013,70.96145,25.379124,89.09123,0.5057492
3.9458333333333333,41.353928,-6.8018513,-2.930426,70.0,25.0,90.0,41.582993,-7.1443872,-2.6372013,70.96145,25.379124,89.09123,0.5057492
3.95,41.353928,-6.8018513,-2.930426,70.0,25.0,90.0,41.582993,-7.1443872,-2.6372013,70.96145,25.379124,89.09123,0.5057492
3.9541666666666666,41.353928,-6.8018513,-2.930426,70.0,25.0,90.0,41.582993,-7.1443872,-2.6372013,70.96145,25.379124,89.09123,0.5057492
3.9583333333333335,41.353928,-6.8018513,-2.930426,70.0,25.0,90.0,41.582993,-7.1443872,-2.6372013,70.96145,25.379124,89.09123,0.5057492
3.9625,41.353928,-6.8018513,-2.930426,70.0,25.0,90.0,41.582993,-7.1443872,-2.6372013,70.96145,25.379124,89.09123,0.5057492
3.966666666666667,41.353928,-6.8018513,-2.930426,70.0,25.0,90.0,41.582993,-7.1443872,-2.6372013,70.96145,25.379124,89.09123,0.5057492
3.970833333333333,41.353928,-6.8018513,-2.930426,70.0,25.0,90.0,41.582993,-7.1443872,-2.6372013,70.96145,25.379124,89.09123,0.5057492
3.975,41.353928,-6.8018513,-2.930426,70.0,25.0,90.0,41.582993,-7.1443872,-2.6372013,70.96145,25.379124,89.09123,0.5057492
3.9791666666666665,41.353928,-6.8018513,-2.930426,70.0,25.0,90.0,41.582993,-7.1443872,-2.6372013,70.96145,25.379124,89.09123,0.5057492
3.9833333333333334,41.353928,-6.8018513,-2.930426,70.0,25.0,90.0,41.582993,-7.1443872,-2.6372013,70.96145,25.379124,89.09123,0.5057492
3.9875,41.353928,-6.8018513,-2.930426,70.0,25.0,90.0,41.582993,-7.1443872,-2.6372013,70.96145,25.379124,89.09123,0.5057492
3.9916666666666667,41.353928,-6.8018513,-2.930426,70.0,25.0,90.0,41.582993,-7.1443872,-2.6372013,70.96145,25.379124,89.09123,0.5057492
3.995833333333333,41.353928,-6.8018513,-2.930426,70.0,25.0,90.0,41.582993,-7.1443872,-2.6372013,70.96145,25.379124,89.09123,0.5057492
4.0,41.353928,-6.8018513,-2.930426,70.0,25.0,90.0,41.582993,-7.1443872,-2.6372013,70.96145,25.379124,89.09123,0.5057492
4.004166666666666,41.353928,-6.8018513,-2.930426,70.0,25.0,90.0,41.582993,-7.1443872,-2.6372013,70.96145,25.379124,89.09123,0.5057492
4.008333333333334,41.353928,-6.8018513,-2.930426,70.0,25.0,90.0,41.582993,-7.1443872,-2.6372013,70.96145,25.379124,89.09123,0.5057492
4.0125,41.353928,-6.8018513,-2.930426,70.0,25.0,90.0,41.582993,-7.1443872,-2.6372013,70.96145,25.379124,89.09123,0.5057492
4.016666666666667,41.353928,-6.8018513,-2.930426,70.0,25.0,90.0,41.582993,-7.1443872,-2.6372013,70.96145,25.379124,89.09123,0.5057492
4.020833333333333,41.353928,-6.8018513,-2.930426,70.0,25.0,90.0,41.582993,-7.1443872,-2.6372013,70.96145,25.379124,89.09123,0.5057492
4.025,41.353928,-6.8018513,-2.930426,70.0,25.0,90.0,41.582993,-7.1443872,-2.6372013,70.96145,25.379124,89.09123,0.5057492
4.029166666666667,41.353928,-6.8018513,-2.930426,70.0,25.0,90.0,41.582993,-7.1443872,-2.6372013,70.96145,25.379124,89.09123,0.5057492
4.033333333333333,41.353928,-6.8018513,-2.930426,70.0,25.0,90.0,41.582993,-7.1443872,-2.6372013,70.96145,25.379124,89.09123,0.5057492
4.0375,41.353928,-6.8018513,-2.930426,70.0,25.0,90.0,41.582993,-7.1443872,-2.6372013,70.96145,25.379124,89.09123,0.5057492
4.041666666666667,41.353928,-6.8018513,-2.930426,70.0,25.0,90.0,41.582993,-7.1443872,-2.6372013,70.96145,25.379124,89.09123,0.5057492
4.045833333333333,41.353928,-6.8018513,-2.930426,70.0,25.0,90.0,41.582993,-7.1443872,-2.6372013,70.96145,25.379124,89.09123,0.5057492
4.05,41.353928,-6.8018513,-2.930426,70.0,25.0,90.0,41.582993,-7.1443872,-2.6372013,70.96145,25.379124,89.09123,0.5057492
4.054166666666666,41.353928,-6.8018513,-2.930426,70.0,25.0,90.0,41.582993,-7.1443872,-2.6372013,70.96145,25.379124,89.09123,0.5057492
4.058333333333334,41.353928,-6.8018513,-2.930426,70.0,25.0,90.0,41.582993,-7.1443872,-2.6372013,70.96145,25.379124,89.09123,0.5057492
4.0625,41.353928,-6.8018513,-2.930426,70.0,25.0,90.0,41.582993,-7.1443872,-2.6372013,70.96145,25.379124,89.09123,0.5057492
4.066666666666666,41.353928,-6.8018513,-2.930426,70.0,25.0,90.0,41.582993,-7.1443872,-2.6372013,70.96145,25.379124,89.09123,0.5057492
4.070833333333334,41.353928,-6.8018513,-2.930426,70.0,25.0,90.0,41.582993,-7.1443872,-2.6372013,70.96145,25.379124,89.09123,0.5057492
4.075,41.353928,-6.8018513,-2.930426,70.0,25.0,90.0,41.582993,-7.1443872,-2.6372013,70.96145,25.379124,89.09123,0.5057492
4.079166666666667,41.353928,-6.8018513,-2.930426,70.0,25.0,90.0,41.582993,-7.1443872,-2.6372013,70.96145,25.379124,89.09123,0.5057492
4.083333333333333,41.353928,-6.8018513,-2.930426,70.0,25.0,90.0,41.582993,-7.1443872,-2.6372013,70.96145,25.379124,89.09123,0.5057492
4.0875,41.353928,-6.8018513,-2.930426,70.0,25.0,90.0,41.582993,-7.1443872,-2.6372013,70.96145,25.379124,89.09123,0.5057492
4.091666666666667,41.353928,-6.8018513,-2.930426,70.0,25.0,90.0,41.582993,-7.1443872,-2.6372013,70.96145,25.379124,89.09123,0.5057492
4.095833333333333,41.353928,-6.8018513,-2.930426,70.0,25.0,90.0,41.582996,-7.144388,-2.6372023,70.96145,25.379128,89.09123,0.5057511
4.1,41.353928,-6.8018513,-2.930426,70.0,25.0,90.0,41.582993,-7.144388,-2.6372023,70.96145,25.379128,89.09123,0.5057493
4.104166666666667,41.353928,-6.8018513,-2.930426,70.0,25.0,90.0,41.582993,-7.144388,-2.6372023,70.96145,25.379131,89.09123,0.5057493
4.108333333333333,41.353928,-6.8018513,-2.930426,70.0,25.0,90.0,41.582993,-7.14439,-2.637206,70.96145,25.379128,89.09123,0.50574845
4.1125,41.353928,-6.8018513,-2.930426,70.0,25.0,90.0,41.582993,-7.1443872,-2.6372042,70.96146,25.379128,89.09123,0.50574756
4.116666666666666,41.353928,-6.8018513,-2.930426,70.0,25.0,90.0,41.582993,-7.144391,-2.6372042,70.96145,25.379124,89.09123,0.5057502
4.120833333333334,41.353928,-6.8018513,-2.930426,70.0,25.0,90.0,41.582996,-7.144388,-2.6372013,70.96145,25.379128,89.09123,0.5057516
4.125,41.353928,-6.8018513,-2.930426,70.0,25.0,90.0,41.582993,-7.144388,-2.6372013,70.96146,25.379124,89.09123,0.5057499
4.129166666666666,41.353928,-6.8018513,-2.930426,70.0,25.0,90.0,41.582996,-7.144388,-2.6372042,70.96146,25.379124,89.09123,0.50574994
4.133333333333334,41.353928,-6.8018513,-2.930426,70.0,25.0,90.0,41.582993,-7.144391,-2.6372023,70.96146,25.379124,89.09123,0.50575125
4.1375,41.353928,-6.8018513,-2.930426,70.0,25.0,90.0,41.582993,-7.1443872,-2.6372051,70.96146,25.379124,89.09123,0.505747
4.141666666666667,41.353928,-6.8018513,-2.930426,70.0,25.0,90.0,41.582993,-7.144388,-2.6372051,70.96146,25.379124,89.09124,0.5057477
4.145833333333333,41.353928,-6.8018513,-2.930426,70.0,25.0,90.0,41.583,-7.1443853,-2.6372023,70.96146,25.379116,89.09124,0.50575083
4.15,41.353928,-6.8018513,-2.930426,70.0,25.0,90.0,41.582993,-7.1443872,-2.6372004,70.96146,25.379124,89.09124,0.50574976
4.154166666666667,41.353928,-6.8018513,-2.930426,70.0,25.0,90.0,41.58299,-7.14439,-2.6372023,70.96146,25.379124,89.09124,0.5057489
4.158333333333333,41.353928,-6.8018513,-2.930426,70.0,25.0,90.0,41.582993,-7.1443872,-2.6371994,70.96146,25.379124,89.09124,0.50575036
4.1625,41.353928,-6.8018513,-2.930426,70.0,25.0,90.0,41.582993,-7.1443853,-2.6372013,70.96146,25.37912,89.09124,0.505748
4.166666666666667,41.353928,-6.8018513,-2.930426,70.0,25.0,90.0,41.582993,-7.1443872,-2.6372004,70.96146,25.379116,89.09124,0.50574976
4.170833333333333,41.353928,-6.8018513,-2.930426,70.0,25.0,90.0,41.582993,-7.1443844,-2.6372013,70.96146,25.379124,89.09124,0.5057473
4.175,41.353928,-6.8018513,-2.930426,70.0,25.0,90.0,41.582993,-7.1443853,-2.6371965,70.96146,25.379128,89.09124,0.5057507
4.179166666666666,41.353928,-6.8018513,-2.930426,70.0,25.0,90.0,41.582993,-7.1443872,-2.6372004,70.96146,25.379128,89.09124,0.50574976
4.183333333333334,41.353928,-6.8018513,-2.930426,70.0,25.0,90.0,41.582993,-7.1443853,-2.6371984,70.96146,25.37912,89.09124,0.5057496
4.1875,41.353928,-6.8018513,-2.930426,70.0,25.0,90.0,41.582993,-7.1443853,-2.6371984,70.96146,25.37912,89.09124,0.5057496
4.191666666666666,41.353928,-6.8018513,-2.930426,70.0,25.0,90.0,41.582993,-7.1443872,-2.6372013,70.96146,25.37912,89.09124,0.5057492
4.195833333333334,41.353928,-6.8018513,-2.930426,70.0,25.0,90.0,41.582993,-7.144388,-2.6372004,70.96146,25.37912,89.09124,0.5057504
4.2,41.353928,-6.8018513,-2.930426,70.0,25.0,90.0,41.582993,-7.14439,-2.6371984,70.96146,25.37912,89.09124,0.50575286
4.204166666666667,41.353928,-6.8018513,-2.930426,70.0,25.0,90.0,41.582993,-7.1443872,-2.6371984,70.96146,25.37912,89.09124,0.5057509
4.208333333333333,41.353928,-6.8018513,-2.930426,70.0,25.0,90.0,41.58299,-7.144388,-2.6371984,70.96146,25.37912,89.09124,0.5057498
4.2125,41.353928,-6.8018513,-2.930426,70.0,25.0,90.0,41.582993,-7.144388,-2.6371994,70.96146,25.37912,89.09124,0.505751
4.216666666666667,41.353928,-6.8018513,-2.930426,70.0,25.0,90.0,41.582993,-7.144388,-2.6371975,70.96146,25.37912,89.09124,0.5057521
4.220833333333333,41.353928,-6.8018513,-2.930426,70.0,25.0,90.0,41.582993,-7.1443872,-2.6371994,70.96146,25.379116,89.09124,0.50575036
4.225,41.353928,-6.8018513,-2.930426,70.0,25.0,90.0,41.582993,-7.144388,-2.6371984,70.96146,25.379124,89.09124,0.50575155
4.229166666666667,41.353928,-6.8018513,-2.930426,70.0,25.0,90.0,41.582993,-7.14439,-2.6372004,70.96146,25.37912,89.09124,0.5057517
4.233333333333333,41.353928,-6.8018513,-2.930426,70.0,25.0,90.0,41.582993,-7.1443872,-2.6372023,70.96146,25.379124,89.09124,0.5057487
4.2375,41.353928,-6.8018513,-2.930426,70.0,25.0,90.0,41.582993,-7.14439,-2.6372004,70.96146,25.37912,89.09123,0.5057517
4.241666666666666,41.353928,-6.8018513,-2.930426,70.0,25.0,90.0,41.582993,-7.144391,-2.6371984,70.96146,25.379124,89.09123,0.5057535
4.245833333333334,41.353928,-6.8018513,-2.930426,70.0,25.0,90.0,41.582993,-7.144388,-2.6372023,70.96146,25.37912,89.09123,0.5057493
4.25,41.353928,-6.8018513,-2.930426,70.0,25.0,90.0,41.582993,-7.1443853,-2.6372013,70.96146,25.379124,89.09124,0.505748
4.254166666666666,41.353928,-6.8018513,-2.930426,70.0,25.0,90.0,41.582993,-7.14439,-2.6371994,70.96146,25.379128,89.09123,0.50575227
4.258333333333334,41.353928,-6.8018513,-2.930426,70.0,25.0,90.0,41.582996,-7.14439,-2.6372013,70.96146,25.37912,89.09123,0.5057529
4.2625,41.353928,-6.8018513,-2.930426,70.0,25.0,90.0,41.582993,-7.14439,-2.6372013,70.96146,25.379128,89.09123,0.5057512
4.266666666666667,41.353928,-6.8018513,-2.930426,70.0,25.0,90.0,41.582993,-7.144391,-2.6372004,70.961464,25.379124,89.09123,0.5057524
4.270833333333333,41.353928,-6.8018513,-2.930426,70.0,25.0,90.0,41.582993,-7.144388,-2.6372013,70.961464,25.379128,89.09123,0.5057499
4.275,41.353928,-6.8018513,-2.930426,70.0,25.0,90.0,41.582993,-7.14439,-2.6371965,70.96146,25.37912,89.09123,0.50575393
4.279166666666667,41.353928,-6.8018513,-2.930426,70.0,25.0,90.0,41.582993,-7.144393,-2.6372013,70.961464,25.379124,89.091225,0.5057531
4.283333333333333,41.353928,-6.8018513,-2.930426,70.0,25.0,90.0,41.582993,-7.144393,-2.637206,70.96146,25.379124,89.091225,0.50575036
4.2875,41.353928,-6.8018513,-2.930426,70.0,25.0,90.0,41.582993,-7.144394,-2.6372023,70.96146,25.37912,89.091225,0.5057532
4.291666666666667,41.353928,-6.8018513,-2.930426,70.0,25.0,90.0,41.582993,-7.144394,-2.6372042,70.96146,25.379116,89.091225,0.5057521
4.295833333333333,41.353928,-6.8018513,-2.930426,70.0,25.0,90.0,41.582996,-7.144396,-2.6372051,70.96146,25.37912,89.091225,0.50575453
4.3,41.353928,-6.8018513,-2.930426,70.0,25.0,90.0,41.582996,-7.144393,-2.6372042,70.96146,25.37912,89.09123,0.5057532
4.304166666666666,41.353928,-6.8018513,-2.930426,70.0,25.0,90.0,41.582996,-7.144396,-2.6372042,70.96146,25.37912,89.091225,0.5057551
4.308333333333334,41.353928,-6.8018513,-2.930426,70.0,25.0,90.0,41.582996,-7.144396,-2.6372042,70.96146,25.379124,89.091225,0.5057551
4.3125,41.353928,-6.8018513,-2.930426,70.0,25.0,90.0,41.582996,-7.144393,-2.637206,70.96146,25.379124,89.091225,0.5057521
4.316666666666666,41.353928,-6.8018513,-2.930426,70.0,25.0,90.0,41.582996,-7.144393,-2.6372051,70.96146,25.379124,89.091225,0.5057526
4.320833333333334,41.353928,-6.8018513,-2.930426,70.0,25.0,90.0,41.582996,-7.144393,-2.637206,70.96146,25.37912,89.091225,0.5057521
4.325,41.353928,-6.8018513,-2.930426,70.0,25.0,90.0,41.582996,-7.144393,-2.6372042,70.96146,25.37912,89.091225,0.5057532
4.329166666666667,41.353928,-6.8018513,-2.930426,70.0,25.0,90.0,41.582996,-7.144393,-2.6372013,70.96146,25.37912,89.091225,0.5057548
4.333333333333333,41.353928,-6.8018513,-2.930426,70.0,25.0,90.0,41.583,-7.144391,-2.6372004,70.96146,25.379124,89.091225,0.50575584
4.3375,41.353928,-6.8018513,-2.930426,70.0,25.0,90.0,41.583,-7.144391,-2.6372004,70.96146,25.379124,89.091225,0.50575584
4.341666666666667,41.353928,-6.8018513,-2.930426,70.0,25.0,90.0,41.583,-7.144391,-2.6372004,70.96146,25.379124,89.091225,0.50575584
4.345833333333333,41.353928,-6.8018513,-2.930426,70.0,25.0,90.0,41.583,-7.144391,-2.6372004,70.96146,25.379124,89.091225,0.50575584
4.35,41.353928,-6.8018513,-2.930426,70.0,25.0,90.0,41.583,-7.144391,-2.6372004,70.96146,25.379124,89.091225,0.50575584
4.354166666666667,41.353928,-6.8018513,-2.930426,70.0,25.0,90.0,41.583,-7.144391,-2.6372004,70.96146,25.379124,89.091225,0.50575584
4.358333333333333,41.353928,-6.8018513,-2.930426,70.0,25.0,90.0,41.583,-7.144391,-2.6372004,70.96146,25.379124,89.091225,0.50575584
4.3625,41.353928,-6.8018513,-2.930426,70.0,25.0,90.0,41.583,-7.144391,-2.6372004,70.96146,25.379124,89.091225,0.50575584
4.366666666666666,41.353928,-6.8018513,-2.930426,70.0,25.0,90.0,41.583,-7.144391,-2.6372004,70.96146,25.379124,89.091225,0.50575584
4.370833333333334,41.353928,-6.8018513,-2.930426,70.0,25.0,90.0,41.583,-7.144391,-2.6372004,70.96146,25.379124,89.091225,0.50575584
4.375,41.353928,-6.8018513,-2.930426,70.0,25.0,90.0,41.583,-7.144391,-2.6372004,70.96146,25.379124,89.091225,0.50575584
4.379166666666666,41.353928,-6.8018513,-2.930426,70.0,25.0,90.0,41.583,-7.144391,-2.6372004,70.96146,25.379124,89.091225,0.50575584
4.383333333333334,41.353928,-6.8018513,-2.930426,70.0,25.0,90.0,41.583,-7.144391,-2.6372004,70.96146,25.379124,89.091225,0.50575584
4.3875,41.353928,-6.8018513,-2.930426,70.0,25.0,90.0,41.583,-7.144391,-2.6372004,70.96146,25.379124,89.091225,0.50575584
4.391666666666667,41.353928,-6.8018513,-2.930426,70.0,25.0,90.0,41.583,-7.144391,-2.6372004,70.96146,25.379124,89.091225,0.50575584
4.395833333333333,41.353928,-6.8018513,-2.930426,70.0,25.0,90.0,41.583,-7.144391,-2.6372004,70.96146,25.379124,89.091225,0.50575584
4.4,41.353928,-6.8018513,-2.930426,70.0,25.0,90.0,41.583,-7.144391,-2.6372004,70.96146,25.379124,89.091225,0.50575584
4.404166666666667,41.353928,-6.8018513,-2.930426,70.0,25.0,90.0,41.583,-7.144391,-2.6372004,70.96146,25.379124,89.091225,0.50575584
4.408333333333333,41.353928,-6.8018513,-2.930426,70.0,25.0,90.0,41.583,-7.144391,-2.6372004,70.96146,25.379124,89.091225,0.50575584
4.4125,41.353928,-6.8018513,-2.930426,70.0,25.0,90.0,41.583,-7.144391,-2.6372004,70.96146,25.379124,89.091225,0.50575584
4.416666666666667,41.353928,-6.8018513,-2.930426,70.0,25.0,90.0,41.583,-7.144391,-2.6372004,70.96146,25.379124,89.091225,0.50575584
4.420833333333333,41.353928,-6.8018513,-2.930426,70.0,25.0,90.0,41.583,-7.144391,-2.6372004,70.96146,25.379124,89.091225,0.50575584
4.425,41.353928,-6.8018513,-2.930426,70.0,25.0,90.0,41.583,-7.144391,-2.6372004,70.96146,25.379124,89.091225,0.50575584
4.429166666666666,41.353928,-6.8018513,-2.930426,70.0,25.0,90.0,41.583,-7.144391,-2.6372004,70.96146,25.379124,89.091225,0.50575584
4.433333333333334,41.353928,-6.8018513,-2.930426,70.0,25.0,90.0,41.583,-7.144391,-2.6372004,70.96146,25.379124,89.091225,0.50575584
4.4375,41.353928,-6.8018513,-2.930426,70.0,25.0,90.0,41.583,-7.144391,-2.6372004,70.96146,25.379124,89.091225,0.50575584
4.441666666666666,41.353928,-6.8018513,-2.930426,70.0,25.0,90.0,41.583,-7.144391,-2.6372004,70.96146,25.379124,89.091225,0.50575584
4.445833333333334,41.353928,-6.8018513,-2.930426,70.0,25.0,90.0,41.583,-7.144391,-2.6372004,70.96146,25.379124,89.091225,0.50575584
4.45,41.353928,-6.8018513,-2.930426,70.0,25.0,90.0,41.583,-7.144391,-2.6372004,70.96146,25.379124,89.091225,0.50575584
4.454166666666667,41.353928,-6.8018513,-2.930426,70.0,25.0,90.0,41.583,-7.144391,-2.6372004,70.96146,25.379124,89.091225,0.50575584
4.458333333333333,41.353928,-6.8018513,-2.930426,70.0,25.0,90.0,41.583,-7.144391,-2.6372004,70.96146,25.379124,89.091225,0.50575584
4.4625,41.353928,-6.8018513,-2.930426,70.0,25.0,90.0,41.583,-7.144391,-2.6372004,70.96146,25.379124,89.091225,0.50575584
4.466666666666667,41.353928,-6.8018513,-2.930426,70.0,25.0,90.0,41.583,-7.144391,-2.6372004,70.96146,25.379124,89.091225,0.50575584
4.470833333333333,41.353928,-6.8018513,-2.930426,70.0,25.0,90.0,41.583,-7.144391,-2.6372004,70.96146,25.379124,89.091225,0.50575584
4.475,41.353928,-6.8018513,-2.930426,70.0,25.0,90.0,41.583,-7.144391,-2.6372004,70.96146,25.379124,89.091225,0.50575584
4.479166666666667,41.353928,-6.8018513,-2.930426,70.0,25.0,90.0,41.583,-7.144391,-2.6372004,70.96146,25.379124,89.091225,0.50575584
4.483333333333333,41.353928,-6.8018513,-2.930426,70.0,25.0,90.0,41.583,-7.144391,-2.6372004,70.96146,25.379124,89.091225,0.50575584
4.4875,41.353928,-6.8018513,-2.930426,70.0,25.0,90.0,41.583,-7.144391,-2.6372004,70.96146,25.379124,89.091225,0.50575584
4.491666666666666,41.353928,-6.8018513,-2.930426,70.0,25.0,90.0,41.582996,-7.144391,-2.6372023,70.96146,25.379124,89.091225,0.505753
4.495833333333334,41.353928,-6.8018513,-2.930426,70.0,25.0,90.0,41.582996,-7.144393,-2.6372042,70.96146,25.379124,89.091225,0.5057532
4.5,41.353928,-6.8018513,-2.930426,70.0,25.0,90.0,41.582996,-7.144391,-2.6372023,70.96146,25.379124,89.091225,0.505753
4.504166666666666,41.353928,-6.8018513,-2.930426,70.0,25.0,90.0,41.582996,-7.144391,-2.6372013,70.96146,25.379124,89.09123,0.5057536
4.508333333333334,41.353928,-6.8018513,-2.930426,70.0,25.0,90.0,41.582993,-7.144391,-2.6372023,70.96146,25.379124,89.09123,0.50575125
4.5125,41.353928,-6.8018513,-2.930426,70.0,25.0,90.0,41.582993,-7.144393,-2.6372051,70.96146,25.379124,89.09123,0.5057509
4.516666666666667,41.353928,-6.8018513,-2.930426,70.0,25.0,90.0,41.582993,-7.14439,-2.6372042,70.96146,25.379124,89.09123,0.5057495
4.520833333333333,41.353928,-6.8018513,-2.930426,70.0,25.0,90.0,41.582996,-7.1443872,-2.6372013,70.96146,25.379128,89.09123,0.50575095
4.525,41.353928,-6.8018513,-2.930426,70.0,25.0,90.0,41.582993,-7.144393,-2.6372013,70.96146,25.379128,89.09123,0.5057531
4.529166666666667,41.353928,-6.8018513,-2.930426,70.0,25.0,90.0,41.582993,-7.144388,-2.6372023,70.96146,25.379128,89.09123,0.5057493
4.533333333333333,41.353928,-6.8018513,-2.930426,70.0,25.0,90.0,41.582993,-7.144388,-2.6372042,70.96146,25.379128,89.09124,0.5057482
4.5375,41.353928,-6.8018513,-2.930426,70.0,25.0,90.0,41.582993,-7.14439,-2.6371994,70.96146,25.379128,89.09124,0.50575227
4.541666666666667,41.353928,-6.8018513,-2.930426,70.0,25.0,90.0,41.582993,-7.1443872,-2.6372023,70.96146,25.37912,89.09124,0.5057487
4.545833333333333,41.353928,-6.8018513,-2.930426,70.0,25.0,90.0,41.58299,-7.144388,-2.6372042,70.96146,25.37912,89.09124,0.5057465
4.55,41.353928,-6.8018513,-2.930426,70.0,25.0,90.0,41.582993,-7.14439,-2.6371984,70.96146,25.379124,89.09124,0.50575286
4.554166666666666,41.353928,-6.8018513,-2.930426,70.0,25.0,90.0,41.582993,-7.14439,-2.6371994,70.96145,25.37912,89.09124,0.50575227
4.558333333333334,41.353928,-6.8018513,-2.930426,70.0,25.0,90.0,41.582993,-7.1443872,-2.6372004,70.96146,25.379124,89.09124,0.50574976
4.5625,41.353928,-6.8018513,-2.930426,70.0,25.0,90.0,41.582993,-7.1443872,-2.6371984,70.96146,25.379124,89.09124,0.5057509
4.566666666666666,41.353928,-6.8018513,-2.930426,70.0,25.0,90.0,41.58299,-7.1443853,-2.6371984,70.96146,25.379124,89.09124,0.50574785
4.570833333333334,41.353928,-6.8018513,-2.930426,70.0,25.0,90.0,41.582993,-7.1443872,-2.6371994,70.96146,25.379128,89.09124,0.50575036
4.575,41.353928,-6.8018513,-2.930426,70.0,25.0,90.0,41.582993,-7.1443853,-2.6372013,70.96146,25.379124,89.09124,0.505748
4.579166666666667,41.353928,-6.8018513,-2.930426,70.0,25.0,90.0,41.582985,-7.144388,-2.6371994,70.96146,25.37912,89.09124,0.50574756
4.583333333333333,41.353928,-6.8018513,-2.930426,70.0,25.0,90.0,41.582993,-7.1443872,-2.6371994,70.96146,25.37912,89.09124,0.50575036
4.5875,41.353928,-6.8018513,-2.930426,70.0,25.0,90.0,41.582993,-7.1443853,-2.6371984,70.96146,25.37912,89.09124,0.5057496
4.591666666666667,41.353928,-6.8018513,-2.930426,70.0,25.0,90.0,41.582993,-7.1443872,-2.6371994,70.96146,25.37912,89.09124,0.50575036
4.595833333333333,41.353928,-6.8018513,-2.930426,70.0,25.0,90.0,41.58299,-7.1443872,-2.6371994,70.96146,25.379116,89.09124,0.5057486
4.6,41.353928,-6.8018513,-2.930426,70.0,25.0,90.0,41.582993,-7.144388,-2.6371994,70.96146,25.379116,89.09124,0.505751
4.604166666666667,41.353928,-6.8018513,-2.930426,70.0,25.0,90.0,41.582993,-7.144388,-2.6372004,70.96146,25.37912,89.09124,0.5057504
4.608333333333333,41.353928,-6.8018513,-2.930426,70.0,25.0,90.0,41.58299,-7.144388,-2.6372004,70.96146,25.37912,89.09124,0.50574875
4.6125,41.353928,-6.8018513,-2.930426,70.0,25.0,90.0,41.58299,-7.144391,-2.6371994,70.96146,25.379124,89.09124,0.5057512
4.616666666666666,41.353928,-6.8018513,-2.930426,70.0,25.0,90.0,41.582993,-7.14439,-2.6371994,70.96146,25.37912,89.09124,0.50575227
4.620833333333334,41.353928,-6.8018513,-2.930426,70.0,25.0,90.0,41.582993,-7.144391,-2.6371994,70.96146,25.379124,89.09124,0.5057529
4.625,41.353928,-6.8018513,-2.930426,70.0,25.0,90.0,41.58299,-7.144391,-2.6371975,70.96146,25.379124,89.09124,0.5057523
4.629166666666666,41.353928,-6.8018513,-2.930426,70.0,25.0,90.0,41.582993,-7.144388,-2.6371984,70.96146,25.379124,89.09124,0.50575155
4.633333333333334,41.353928,-6.8018513,-2.930426,70.0,25.0,90.0,41.58299,-7.14439,-2.6371994,70.96146,25.37912,89.09124,0.50575054
4.6375,41.353928,-6.8018513,-2.930426,70.0,25.0,90.0,41.582993,-7.1443853,-2.6371965,70.96146,25.37912,89.09124,0.5057507
4.641666666666667,41.353928,-6.8018513,-2.930426,70.0,25.0,90.0,41.582993,-7.1443872,-2.6371994,70.96146,25.37912,89.09124,0.50575036
4.645833333333333,41.353928,-6.8018513,-2.930426,70.0,25.0,90.0,41.582993,-7.144388,-2.6372004,70.96146,25.379124,89.09124,0.5057504
4.65,41.353928,-6.8018513,-2.930426,70.0,25.0,90.0,41.582996,-7.1443872,-2.6371984,70.96146,25.379124,89.09123,0.5057526
4.654166666666667,41.353928,-6.8018513,-2.930426,70.0,25.0,90.0,41.582993,-7.144388,-2.6371994,70.96146,25.37912,89.09123,0.505751
4.658333333333333,41.353928,-6.8018513,-2.930426,70.0,25.0,90.0,41.582996,-7.144388,-2.6372004,70.961464,25.379124,89.09123,0.50575215
4.6625,41.353928,-6.8018513,-2.930426,70.0,25.0,90.0,41.582993,-7.1443853,-2.6371994,70.96146,25.37912,89.09123,0.50574905
4.666666666666667,41.353928,-6.8018513,-2.930426,70.0,25.0,90.0,41.582996,-7.14439,-2.6372013,70.96146,25.379128,89.09123,0.5057529
4.670833333333333,41.353928,-6.8018513,-2.930426,70.0,25.0,90.0,41.582993,-7.144393,-2.6371975,70.96146,25.379124,89.09123,0.5057553
4.675,41.353928,-6.8018513,-2.930426,70.0,25.0,90.0,41.582993,-7.144396,-2.6372013,70.96146,25.379116,89.091225,0.50575507
4.679166666666666,41.353928,-6.8018513,-2.930426,70.0,25.0,90.0,41.582996,-7.144391,-2.6372023,70.96146,25.37912,89.091225,0.505753
4.683333333333334,41.353928,-6.8018513,-2.930426,70.0,25.0,90.0,41.582993,-7.144393,-2.6372023,70.96146,25.37912,89.091225,0.50575256
4.6875,41.353928,-6.8018513,-2.930426,70.0,25.0,90.0,41.582993,-7.144394,-2.6372042,70.96146,25.379116,89.091225,0.5057521
4.691666666666666,41.353928,-6.8018513,-2.930426,70.0,25.0,90.0,41.582993,-7.144396,-2.637207,70.96146,25.37912,89.091225,0.5057517
4.695833333333334,41.353928,-6.8018513,-2.930426,70.0,25.0,90.0,41.582993,-7.144391,-2.6372051,70.96146,25.37912,89.09123,0.5057496
4.7,41.353928,-6.8018513,-2.930426,70.0,25.0,90.0,41.582996,-7.144394,-2.6372042,70.96146,25.37912,89.09123,0.5057539
4.704166666666667,41.353928,-6.8018513,-2.930426,70.0,25.0,90.0,41.582996,-7.144393,-2.6372042,70.96146,25.379124,89.091225,0.5057532
4.708333333333333,41.353928,-6.8018513,-2.930426,70.0,25.0,90.0,41.582996,-7.144393,-2.6372042,70.96146,25.379124,89.09123,0.5057532
4.7125,41.353928,-6.8018513,-2.930426,70.0,25.0,90.0,41.582993,-7.144391,-2.6372051,70.96146,25.379116,89.09123,0.5057496
4.716666666666667,41.353928,-6.8018513,-2.930426,70.0,25.0,90.0,41.582996,-7.144393,-2.637206,70.96146,25.379124,89.09123,0.5057521
4.720833333333333,41.353928,-6.8018513,-2.930426,70.0,25.0,90.0,41.582996,-7.144391,-2.6372051,70.96146,25.379124,89.09123,0.5057514
4.725,41.353928,-6.8018513,-2.930426,70.0,25.0,90.0,41.582996,-7.14439,-2.6372051,70.96146,25.37912,89.09123,0.5057507
4.729166666666667,41.353928,-6.8018513,-2.930426,70.0,25.0,90.0,41.582996,-7.144391,-2.6372051,70.96146,25.379124,89.091225,0.5057514
4.733333333333333,41.353928,-6.8018513,-2.930426,70.0,25.0,90.0,41.582996,-7.144391,-2.6372051,70.96146,25.379128,89.09123,0.5057514
4.7375,41.353928,-6.8018513,-2.930426,70.0,25.0,90.0,41.582996,-7.144391,-2.6372051,70.96146,25.379128,89.09123,0.5057514
4.741666666666666,41.353928,-6.8018513,-2.930426,70.0,25.0,90.0,41.582996,-7.144391,-2.6372051,70.96146,25.379128,89.09123,0.5057514
4.745833333333334,41.353928,-6.8018513,-2.930426,70.0,25.0,90.0,41.582996,-7.144391,-2.6372051,70.96146,25.379128,89.09123,0.5057514
4.75,41.353928,-6.8018513,-2.930426,70.0,25.0,90.0,41.582592,-7.1356907,-2.6442928,70.95776,25.399372,89.089226,0.49558884
4.754166666666666,41.353928,-6.8018513,-2.930426,70.0,25.0,90.0,41.56961,-7.140896,-2.6825676,70.883995,25.396255,89.100746,0.4721272
4.758333333333334,41.353928,-6.8018513,-2.930426,70.0,25.0,90.0,41.53284,-7.1600294,-2.7425709,70.71073,25.307644,89.16983,0.4422567
4.7625,41.353928,-6.8018513,-2.930426,70.0,25.0,90.0,41.46219,-7.3027782,-2.7929611,70.42511,25.075294,89.262146,0.530608
4.766666666666667,41.353928,-6.8018513,-2.930426,70.0,25.0,90.0,41.350716,-7.3317995,-2.6048155,70.448654,24.765327,89.496056,0.62199485
4.770833333333333,41.353928,-6.8018513,-2.930426,70.0,25.0,90.0,41.26237,-7.4250774,-2.5799456,70.411026,24.690102,89.360954,0.72085357
4.775,41.353928,-6.8018513,-2.930426,70.0,25.0,90.0,41.033363,-6.878461,-2.086751,70.46058,25.224247,89.710144,0.90576917
4.779166666666667,41.353928,-6.8018513,-2.930426,70.0,25.0,90.0,40.267464,-6.650036,-2.0251837,70.43911,24.420837,90.67943,1.4222922
4.783333333333333,41.353928,-6.8018513,-2.930426,70.0,25.0,90.0,39.88168,-6.532789,-2.1010895,70.49365,24.383522,91.283,1.7110546
4.7875,41.353928,-6.8018513,-2.930426,70.0,25.0,90.0,40.01756,-5.5001316,-0.47206593,72.44554,29.159985,91.27512,3.0860798
4.791666666666667,41.353928,-6.8018513,-2.930426,70.0,25.0,90.0,39.75219,-6.3506994,-1.2483425,72.40624,28.399849,91.024574,2.3661165
4.795833333333333,41.353928,-6.8018513,-2.930426,70.0,25.0,90.0,40.340424,-6.7743607,-2.8459415,71.45057,25.32109,91.72548,1.0173907
