time_s,true_wrist_X_cm,true_wrist_Y_cm,true_wrist_Z_cm,true_shoulder_elv_deg,true_shoulder_rot_deg,true_elbow_flexion_deg,pred_wrist_X_cm,pred_wrist_Y_cm,pred_wrist_Z_cm,pred_shoulder_elv_deg,pred_shoulder_rot_deg,pred_elbow_flexion_deg,l2_distance_cm
0.0,41.353928,-6.8018513,-2.930426,70.0,25.0,90.0,41.178883,-7.861989,-0.61143684,71.07295,24.05056,91.517525,2.5558255
0.004166666666666667,41.353928,-6.8018513,-2.930426,70.0,25.0,90.0,41.515415,-8.226483,-1.1671,70.48711,23.88802,91.230865,2.2726579
0.008333333333333333,41.353928,-6.8018513,-2.930426,70.0,25.0,90.0,41.761337,-8.212479,-1.9326811,69.63223,24.072212,91.20434,1.7752033
0.0125,41.353928,-6.8018513,-2.930426,70.0,25.0,90.0,41.333435,-7.473795,-2.5651045,71.117134,25.549225,90.14734,0.7651065
0.016666666666666666,41.353928,-6.8018513,-2.930426,70.0,25.0,90.0,41.163464,-6.7178535,-2.1971502,72.18848,27.131493,88.94342,0.7622502
0.020833333333333332,41.353928,-6.8018513,-2.930426,70.0,25.0,90.0,40.707275,-7.2275257,-3.4143882,70.20004,26.697094,88.707504,0.9130046
0.025,41.353928,-6.8018513,-2.930426,70.0,25.0,90.0,41.270477,-7.9345922,-3.046544,70.03531,24.794731,89.04836,1.1417309
0.029166666666666667,41.353928,-6.8018513,-2.930426,70.0,25.0,90.0,41.36961,-7.613843,-2.8338537,70.49313,25.185051,89.09588,0.81786466
0.03333333333333333,41.353928,-6.8018513,-2.930426,70.0,25.0,90.0,41.47742,-7.3936462,-2.7218285,70.70827,25.383549,89.060455,0.63951916
0.0375,41.353928,-6.8018513,-2.930426,70.0,25.0,90.0,41.53067,-7.2970657,-2.6456928,70.88688,25.361988,89.026375,0.5979534
0.041666666666666664,41.353928,-6.8018513,-2.930426,70.0,25.0,90.0,41.573807,-7.210025,-2.6328268,70.94036,25.39634,89.05309,0.5509244
0.04583333333333333,41.353928,-6.8018513,-2.930426,70.0,25.0,90.0,41.590332,-7.156702,-2.647542,70.922676,25.37775,89.06898,0.5116927
0.05,41.353928,-6.8018513,-2.930426,70.0,25.0,90.0,41.582844,-7.1442614,-2.637085,70.96154,25.379208,89.0916,0.5056641
0.05416666666666667,41.353928,-6.8018513,-2.930426,70.0,25.0,90.0,41.582848,-7.144264,-2.6370869,70.96154,25.379208,89.09159,0.5056667
0.058333333333333334,41.353928,-6.8018513,-2.930426,70.0,25.0,90.0,41.582848,-7.1442633,-2.637085,70.96154,25.379208,89.0916,0.5056671
0.0625,41.353928,-6.8018513,-2.930426,70.0,25.0,90.0,41.582844,-7.144264,-2.6370878,70.96154,25.379211,89.0916,0.5056644
0.06666666666666667,41.353928,-6.8018513,-2.930426,70.0,25.0,90.0,41.582844,-7.144264,-2.6370869,70.96154,25.379204,89.0916,0.50566494
0.07083333333333333,41.353928,-6.8018513,-2.930426,70.0,25.0,90.0,41.582844,-7.144266,-2.6370869,70.96153,25.379208,89.09159,0.5056662
0.075,41.353928,-6.8018513,-2.930426,70.0,25.0,90.0,41.582848,-7.1442633,-2.6370897,70.96153,25.379204,89.09159,0.50566435
0.07916666666666666,41.353928,-6.8018513,-2.930426,70.0,25.0,90.0,41.582848,-7.144266,-2.637086,70.96153,25.379211,89.09159,0.50566846
0.08333333333333333,41.353928,-6.8018513,-2.930426,70.0,25.0,90.0,41.582848,-7.1442614,-2.6370869,70.96154,25.379211,89.09158,0.5056647
0.0875,41.353928,-6.8018513,-2.930426,70.0,25.0,90.0,41.582844,-7.1442633,-2.637086,70.96153,25.379208,89.09159,0.5056648
0.09166666666666666,41.353928,-6.8018513,-2.930426,70.0,25.0,90.0,41.582848,-7.1442623,-2.6370869,70.96153,25.379204,89.09158,0.50566536
0.09583333333333334,41.353928,-6.8018513,-2.930426,70.0,25.0,90.0,41.582848,-7.1442633,-2.637085,70.96153,25.379204,89.09158,0.5056671
0.1,41.353928,-6.8018513,-2.930426,70.0,25.0,90.0,41.582848,-7.144266,-2.6370897,70.96153,25.379211,89.09159,0.50566626
0.10416666666666667,41.353928,-6.8018513,-2.930426,70.0,25.0,90.0,41.582848,-7.144264,-2.6370897,70.96153,25.379204,89.09159,0.505665
0.10833333333333334,41.353928,-6.8018513,-2.930426,70.0,25.0,90.0,41.582848,-7.144264,-2.6370907,70.96153,25.3792,89.09159,0.50566447
0.1125,41.353928,-6.8018513,-2.930426,70.0,25.0,90.0,41.582848,-7.144264,-2.6370869,70.96153,25.3792,89.09159,0.5056667
0.11666666666666667,41.353928,-6.8018513,-2.930426,70.0,25.0,90.0,41.582848,-7.1442633,-2.637086,70.96153,25.379204,89.09158,0.50566655
0.12083333333333333,41.353928,-6.8018513,-2.930426,70.0,25.0,90.0,41.582848,-7.1442614,-2.6370878,70.96153,25.379196,89.09159,0.50566417
0.125,41.353928,-6.8018513,-2.930426,70.0,25.0,90.0,41.58285,-7.1442614,-2.6370878,70.96153,25.379196,89.09159,0.5056659
0.12916666666666668,41.353928,-6.8018513,-2.930426,70.0,25.0,90.0,41.582848,-7.144266,-2.637086,70.96153,25.3792,89.09159,0.50566846
0.13333333333333333,41.353928,-6.8018513,-2.930426,70.0,25.0,90.0,41.582848,-7.1442633,-2.637086,70.96153,25.3792,89.09159,0.50566655
0.1375,41.353928,-6.8018513,-2.930426,70.0,25.0,90.0,41.582848,-7.144264,-2.637086,70.96153,25.379204,89.09159,0.5056672
0.14166666666666666,41.353928,-6.8018513,-2.930426,70.0,25.0,90.0,41.582848,-7.1442633,-2.637086,70.96153,25.379204,89.09159,0.50566655
0.14583333333333334,41.353928,-6.8018513,-2.930426,70.0,25.0,90.0,41.582848,-7.1442614,-2.637086,70.96153,25.379204,89.09159,0.5056653
0.15,41.353928,-6.8018513,-2.930426,70.0,25.0,90.0,41.582848,-7.1442614,-2.637086,70.96153,25.379204,89.09159,0.5056653
0.15416666666666667,41.353928,-6.8018513,-2.930426,70.0,25.0,90.0,41.582848,-7.1442614,-2.637086,70.96153,25.379204,89.09159,0.5056653
0.15833333333333333,41.353928,-6.8018513,-2.930426,70.0,25.0,90.0,41.582848,-7.1442614,-2.637086,70.96153,25.379204,89.09159,0.5056653
0.1625,41.353928,-6.8018513,-2.930426,70.0,25.0,90.0,41.582848,-7.1442614,-2.637086,70.96153,25.379204,89.09159,0.5056653
0.16666666666666666,41.353928,-6.8018513,-2.930426,70.0,25.0,90.0,41.582848,-7.1442614,-2.637086,70.96153,25.379204,89.09159,0.5056653
0.17083333333333334,41.353928,-6.8018513,-2.930426,70.0,25.0,90.0,41.582848,-7.1442614,-2.637086,70.96153,25.379204,89.09159,0.5056653
0.175,41.353928,-6.8018513,-2.930426,70.0,25.0,90.0,41.582848,-7.1442614,-2.637086,70.96153,25.379204,89.09159,0.5056653
0.17916666666666667,41.353928,-6.8018513,-2.930426,70.0,25.0,90.0,41.582848,-7.1442614,-2.637086,70.96153,25.379204,89.09159,0.5056653
0.18333333333333332,41.353928,-6.8018513,-2.930426,70.0,25.0,90.0,41.582848,-7.1442614,-2.637086,70.96153,25.379204,89.09159,0.5056653
0.1875,41.353928,-6.8018513,-2.930426,70.0,25.0,90.0,41.582848,-7.1442614,-2.637086,70.96153,25.379204,89.09159,0.5056653
0.19166666666666668,41.353928,-6.8018513,-2.930426,70.0,25.0,90.0,41.582848,-7.1442614,-2.637086,70.96153,25.379204,89.09159,0.5056653
0.19583333333333333,41.353928,-6.8018513,-2.930426,70.0,25.0,90.0,41.582848,-7.1442614,-2.637086,70.96153,25.379204,89.09159,0.5056653
0.2,41.353928,-6.8018513,-2.930426,70.0,25.0,90.0,41.582848,-7.1442614,-2.637086,70.96153,25.379204,89.09159,0.5056653
0.20416666666666666,41.353928,-6.8018513,-2.930426,70.0,25.0,90.0,41.582848,-7.1442614,-2.637086,70.96153,25.379204,89.09159,0.5056653
0.20833333333333334,41.353928,-6.8018513,-2.930426,70.0,25.0,90.0,41.582848,-7.1442614,-2.637086,70.96153,25.379204,89.09159,0.5056653
0.2125,41.353928,-6.8018513,-2.930426,70.0,25.0,90.0,41.582848,-7.1442614,-2.637086,70.96153,25.379204,89.09159,0.5056653
0.21666666666666667,41.353928,-6.8018513,-2.930426,70.0,25.0,90.0,41.582848,-7.1442614,-2.637086,70.96153,25.379204,89.09159,0.5056653
0.22083333333333333,41.353928,-6.8018513,-2.930426,70.0,25.0,90.0,41.582848,-7.1442614,-2.637086,70.96153,25.379204,89.09159,0.5056653
0.225,41.353928,-6.8018513,-2.930426,70.0,25.0,90.0,41.582848,-7.1442614,-2.637086,70.96153,25.379204,89.09159,0.5056653
0.22916666666666666,41.353928,-6.8018513,-2.930426,70.0,25.0,90.0,41.582848,-7.1442614,-2.637086,70.96153,25.379204,89.09159,0.5056653
0.23333333333333334,41.353928,-6.8018513,-2.930426,70.0,25.0,90.0,41.582848,-7.1442614,-2.637086,70.96153,25.379204,89.09159,0.5056653
0.2375,41.353928,-6.8018513,-2.930426,70.0,25.0,90.0,41.582848,-7.1442614,-2.637086,70.96153,25.379204,89.09159,0.5056653
0.24166666666666667,41.353928,-6.8018513,-2.930426,70.0,25.0,90.0,41.582848,-7.1442614,-2.637086,70.96153,25.379204,89.09159,0.5056653
0.24583333333333332,41.353928,-6.8018513,-2.930426,70.0,25.0,90.0,41.582848,-7.1442614,-2.637086,70.96153,25.379204,89.09159,0.5056653
0.25,41.353928,-6.8018513,-2.930426,70.0,25.0,90.0,41.582848,-7.1442614,-2.637086,70.96153,25.379204,89.09159,0.5056653
0.25416666666666665,41.353928,-6.8018513,-2.930426,70.0,25.0,90.0,41.582848,-7.1442614,-2.637086,70.96153,25.379204,89.09159,0.5056653
0.25833333333333336,41.353928,-6.8018513,-2.930426,70.0,25.0,90.0,41.582848,-7.1442614,-2.637086,70.96153,25.379204,89.09159,0.5056653
0.2625,41.353928,-6.8018513,-2.930426,70.0,25.0,90.0,41.582848,-7.1442614,-2.637086,70.96153,25.379204,89.09159,0.5056653
0.26666666666666666,41.353928,-6.8018513,-2.930426,70.0,25.0,90.0,41.582848,-7.1442614,-2.637086,70.96153,25.379204,89.09159,0.5056653
0.2708333333333333,41.353928,-6.8018513,-2.930426,70.0,25.0,90.0,41.582848,-7.1442614,-2.637086,70.96153,25.379204,89.09159,0.5056653
0.275,41.353928,-6.8018513,-2.930426,70.0,25.0,90.0,41.582848,-7.1442614,-2.637086,70.96153,25.379204,89.09159,0.5056653
0.2791666666666667,41.353928,-6.8018513,-2.930426,70.0,25.0,90.0,41.582848,-7.1442614,-2.637086,70.96153,25.379204,89.09159,0.5056653
0.2833333333333333,41.353928,-6.8018513,-2.930426,70.0,25.0,90.0,41.582848,-7.1442614,-2.637086,70.96153,25.379204,89.09159,0.5056653
0.2875,41.353928,-6.8018513,-2.930426,70.0,25.0,90.0,41.582848,-7.1442614,-2.637086,70.96153,25.379204,89.09159,0.5056653
0.2916666666666667,41.353928,-6.8018513,-2.930426,70.0,25.0,90.0,41.582848,-7.1442614,-2.637086,70.96153,25.379204,89.09159,0.5056653
0.29583333333333334,41.353928,-6.8018513,-2.930426,70.0,25.0,90.0,41.582848,-7.1442614,-2.637086,70.96153,25.379204,89.09159,0.5056653
0.3,41.353928,-6.8018513,-2.930426,70.0,25.0,90.0,41.582848,-7.1442633,-2.6370869,70.96153,25.379208,89.09159,0.505666
0.30416666666666664,41.353928,-6.8018513,-2.930426,70.0,25.0,90.0,41.582848,-7.1442614,-2.637086,70.96153,25.379204,89.09159,0.5056653
0.30833333333333335,41.353928,-6.8018513,-2.930426,70.0,25.0,90.0,41.582848,-7.1442614,-2.637086,70.96153,25.379204,89.09159,0.5056653
0.3125,41.353928,-6.8018513,-2.930426,70.0,25.0,90.0,41.582848,-7.1442614,-2.6370869,70.96153,25.3792,89.09159,0.5056647
0.31666666666666665,41.353928,-6.8018513,-2.930426,70.0,25.0,90.0,41.582848,-7.1442633,-2.6370869,70.96153,25.3792,89.09159,0.505666
0.32083333333333336,41.353928,-6.8018513,-2.930426,70.0,25.0,90.0,41.582844,-7.1442633,-2.6370878,70.96153,25.379204,89.09159,0.50566375
0.325,41.353928,-6.8018513,-2.930426,70.0,25.0,90.0,41.582848,-7.1442614,-2.6370869,70.961525,25.3792,89.0916,0.5056647
0.32916666666666666,41.353928,-6.8018513,-2.930426,70.0,25.0,90.0,41.582848,-7.1442633,-2.6370869,70.96153,25.379204,89.0916,0.505666
0.3333333333333333,41.353928,-6.8018513,-2.930426,70.0,25.0,90.0,41.582848,-7.144266,-2.637086,70.96153,25.3792,89.0916,0.50566846
0.3375,41.353928,-6.8018513,-2.930426,70.0,25.0,90.0,41.582848,-7.1442614,-2.6370878,70.96153,25.3792,89.0916,0.50566417
0.3416666666666667,41.353928,-6.8018513,-2.930426,70.0,25.0,90.0,41.582848,-7.144264,-2.6370897,70.96153,25.3792,89.0916,0.505665
0.3458333333333333,41.353928,-6.8018513,-2.930426,70.0,25.0,90.0,41.582848,-7.1442614,-2.6370869,70.961525,25.379204,89.091606,0.5056647
0.35,41.353928,-6.8018513,-2.930426,70.0,25.0,90.0,41.582848,-7.1442633,-2.637084,70.96153,25.3792,89.091606,0.5056677
0.3541666666666667,41.353928,-6.8018513,-2.930426,70.0,25.0,90.0,41.582848,-7.1442633,-2.637084,70.96153,25.379204,89.091606,0.5056677
0.35833333333333334,41.353928,-6.8018513,-2.930426,70.0,25.0,90.0,41.582848,-7.144264,-2.6370869,70.96153,25.3792,89.091606,0.5056667
0.3625,41.353928,-6.8018513,-2.930426,70.0,25.0,90.0,41.582844,-7.144264,-2.637085,70.96153,25.379204,89.091606,0.505666
0.36666666666666664,41.353928,-6.8018513,-2.930426,70.0,25.0,90.0,41.582848,-7.1442633,-2.637086,70.96153,25.379204,89.091606,0.50566655
0.37083333333333335,41.353928,-6.8018513,-2.930426,70.0,25.0,90.0,41.582848,-7.1442633,-2.637084,70.96153,25.379208,89.091606,0.5056677
0.375,41.353928,-6.8018513,-2.930426,70.0,25.0,90.0,41.582848,-7.144264,-2.637083,70.96153,25.379208,89.091606,0.5056689
0.37916666666666665,41.353928,-6.8018513,-2.930426,70.0,25.0,90.0,41.582844,-7.1442614,-2.6370878,70.96153,25.379211,89.0916,0.50566244
0.38333333333333336,41.353928,-6.8018513,-2.930426,70.0,25.0,90.0,41.582848,-7.1442614,-2.637086,70.96153,25.379211,89.091606,0.5056653
0.3875,41.353928,-6.8018513,-2.930426,70.0,25.0,90.0,41.582848,-7.1442614,-2.637086,70.96153,25.379211,89.0916,0.5056653
0.39166666666666666,41.353928,-6.8018513,-2.930426,70.0,25.0,90.0,41.582848,-7.1442604,-2.637085,70.96153,25.379211,89.091606,0.5056652
0.3958333333333333,41.353928,-6.8018513,-2.930426,70.0,25.0,90.0,41.582848,-7.1442614,-2.637085,70.96153,25.379204,89.091606,0.50566584
0.4,41.353928,-6.8018513,-2.930426,70.0,25.0,90.0,41.582848,-7.1442614,-2.637085,70.96153,25.379215,89.0916,0.50566584
0.4041666666666667,41.353928,-6.8018513,-2.930426,70.0,25.0,90.0,41.582848,-7.1442614,-2.637086,70.96153,25.379211,89.0916,0.5056653
0.4083333333333333,41.353928,-6.8018513,-2.930426,70.0,25.0,90.0,41.582844,-7.1442614,-2.637086,70.96153,25.379211,89.091606,0.5056635
0.4125,41.353928,-6.8018513,-2.930426,70.0,25.0,90.0,41.582844,-7.1442604,-2.637084,70.96153,25.379211,89.0916,0.505664
0.4166666666666667,41.353928,-6.8018513,-2.930426,70.0,25.0,90.0,41.582844,-7.1442614,-2.637085,70.96153,25.379208,89.0916,0.5056641
0.42083333333333334,41.353928,-6.8018513,-2.930426,70.0,25.0,90.0,41.582848,-7.144264,-2.637085,70.96153,25.379211,89.0916,0.50566775
0.425,41.353928,-6.8018513,-2.930426,70.0,25.0,90.0,41.582848,-7.1442614,-2.637086,70.96153,25.379208,89.0916,0.5056653
0.42916666666666664,41.353928,-6.8018513,-2.930426,70.0,25.0,90.0,41.582848,-7.1442604,-2.637086,70.96153,25.379208,89.091606,0.50566465
0.43333333333333335,41.353928,-6.8018513,-2.930426,70.0,25.0,90.0,41.582848,-7.1442614,-2.637085,70.96153,25.379208,89.091606,0.50566584
0.4375,41.353928,-6.8018513,-2.930426,70.0,25.0,90.0,41.582848,-7.1442633,-2.637085,70.96153,25.379208,89.0916,0.5056671
0.44166666666666665,41.353928,-6.8018513,-2.930426,70.0,25.0,90.0,41.582848,-7.1442614,-2.637085,70.96153,25.379204,89.0916,0.50566584
0.44583333333333336,41.353928,-6.8018513,-2.930426,70.0,25.0,90.0,41.582844,-7.1442633,-2.637086,70.96153,25.379211,89.0916,0.5056648
0.45,41.353928,-6.8018513,-2.930426,70.0,25.0,90.0,41.582848,-7.1442604,-2.637083,70.96153,25.379208,89.0916,0.50566626
0.45416666666666666,41.353928,-6.8018513,-2.930426,70.0,25.0,90.0,41.58285,-7.1442614,-2.6370878,70.96153,25.379208,89.0916,0.5056659
0.4583333333333333,41.353928,-6.8018513,-2.930426,70.0,25.0,90.0,41.582844,-7.1442633,-2.637085,70.96153,25.3792,89.0916,0.5056654
0.4625,41.353928,-6.8018513,-2.930426,70.0,25.0,90.0,41.582844,-7.1442633,-2.637085,70.96153,25.379208,89.0916,0.5056654
0.4666666666666667,41.353928,-6.8018513,-2.930426,70.0,25.0,90.0,41.582848,-7.144266,-2.637084,70.96153,25.379208,89.0916,0.5056696
0.4708333333333333,41.353928,-6.8018513,-2.930426,70.0,25.0,90.0,41.582848,-7.144264,-2.6370897,70.96153,25.379211,89.09159,0.505665
0.475,41.353928,-6.8018513,-2.930426,70.0,25.0,90.0,41.582848,-7.1442633,-2.6370869,70.96153,25.379211,89.09159,0.505666
0.4791666666666667,41.353928,-6.8018513,-2.930426,70.0,25.0,90.0,41.582844,-7.1442633,-2.637085,70.96153,25.379204,89.09159,0.5056654
0.48333333333333334,41.353928,-6.8018513,-2.930426,70.0,25.0,90.0,41.582848,-7.1442614,-2.6370878,70.96153,25.379204,89.09159,0.50566417
0.4875,41.353928,-6.8018513,-2.930426,70.0,25.0,90.0,41.582848,-7.144264,-2.637085,70.96153,25.379204,89.09159,0.50566775
0.49166666666666664,41.353928,-6.8018513,-2.930426,70.0,25.0,90.0,41.582848,-7.1442623,-2.637084,70.96153,25.379208,89.09159,0.50566703
0.49583333333333335,41.353928,-6.8018513,-2.930426,70.0,25.0,90.0,41.582848,-7.1442633,-2.6370926,70.96153,25.379204,89.09159,0.5056627
0.5,41.353928,-6.8018513,-2.930426,70.0,25.0,90.0,41.582848,-7.1442633,-2.6370907,70.96153,25.3792,89.09159,0.5056638
0.5041666666666667,41.353928,-6.8018513,-2.930426,70.0,25.0,90.0,41.582848,-7.144266,-2.6370878,70.96153,25.379204,89.09159,0.5056674
0.5083333333333333,41.353928,-6.8018513,-2.930426,70.0,25.0,90.0,41.582848,-7.1442633,-2.6370878,70.96153,25.3792,89.09159,0.5056654
0.5125,41.353928,-6.8018513,-2.930426,70.0,25.0,90.0,41.582848,-7.1442614,-2.6370878,70.96153,25.3792,89.09159,0.50566417
0.5166666666666667,41.353928,-6.8018513,-2.930426,70.0,25.0,90.0,41.58285,-7.1442633,-2.6370897,70.96153,25.379192,89.09159,0.5056661
0.5208333333333334,41.353928,-6.8018513,-2.930426,70.0,25.0,90.0,41.582848,-7.1442633,-2.6370869,70.96153,25.379196,89.0916,0.505666
0.525,41.353928,-6.8018513,-2.930426,70.0,25.0,90.0,41.582848,-7.1442633,-2.637086,70.96153,25.3792,89.09159,0.50566655
0.5291666666666667,41.353928,-6.8018513,-2.930426,70.0,25.0,90.0,41.582848,-7.144264,-2.6370897,70.96153,25.3792,89.09159,0.505665
0.5333333333333333,41.353928,-6.8018513,-2.930426,70.0,25.0,90.0,41.582848,-7.144266,-2.6370869,70.96153,25.3792,89.09159,0.5056679
0.5375,41.353928,-6.8018513,-2.930426,70.0,25.0,90.0,41.582848,-7.1442633,-2.6370878,70.96153,25.3792,89.09159,0.5056654
0.5416666666666666,41.353928,-6.8018513,-2.930426,70.0,25.0,90.0,41.582848,-7.1442633,-2.6370878,70.96153,25.3792,89.09159,0.5056654
0.5458333333333333,41.353928,-6.8018513,-2.930426,70.0,25.0,90.0,41.582848,-7.1442633,-2.6370878,70.96153,25.3792,89.09159,0.5056654
0.55,41.353928,-6.8018513,-2.930426,70.0,25.0,90.0,41.582848,-7.1442633,-2.6370878,70.96153,25.3792,89.09159,0.5056654
0.5541666666666667,41.353928,-6.8018513,-2.930426,70.0,25.0,90.0,41.582848,-7.1442633,-2.6370878,70.96153,25.3792,89.09159,0.5056654
0.5583333333333333,41.353928,-6.8018513,-2.930426,70.0,25.0,90.0,41.582848,-7.1442633,-2.6370878,70.96153,25.3792,89.09159,0.5056654
0.5625,41.353928,-6.8018513,-2.930426,70.0,25.0,90.0,41.582848,-7.1442633,-2.6370878,70.96153,25.3792,89.09159,0.5056654
0.5666666666666667,41.353928,-6.8018513,-2.930426,70.0,25.0,90.0,41.582848,-7.1442633,-2.6370878,70.96153,25.3792,89.09159,0.5056654
0.5708333333333333,41.353928,-6.8018513,-2.930426,70.0,25.0,90.0,41.582848,-7.1442633,-2.6370878,70.96153,25.3792,89.09159,0.5056654
0.575,41.353928,-6.8018513,-2.930426,70.0,25.0,90.0,41.582848,-7.1442633,-2.6370878,70.96153,25.3792,89.09159,0.5056654
0.5791666666666667,41.353928,-6.8018513,-2.930426,70.0,25.0,90.0,41.582848,-7.1442633,-2.6370878,70.96153,25.3792,89.09159,0.5056654
0.5833333333333334,41.353928,-6.8018513,-2.930426,70.0,25.0,90.0,41.582848,-7.1442633,-2.6370878,70.96153,25.3792,89.09159,0.5056654
0.5875,41.353928,-6.8018513,-2.930426,70.0,25.0,90.0,41.582848,-7.1442633,-2.6370878,70.96153,25.3792,89.09159,0.5056654
0.5916666666666667,41.353928,-6.8018513,-2.930426,70.0,25.0,90.0,41.582848,-7.1442633,-2.6370878,70.96153,25.3792,89.09159,0.5056654
0.5958333333333333,41.353928,-6.8018513,-2.930426,70.0,25.0,90.0,41.582848,-7.1442633,-2.6370878,70.96153,25.3792,89.09159,0.5056654
0.6,41.353928,-6.8018513,-2.930426,70.0,25.0,90.0,41.582848,-7.1442633,-2.6370878,70.96153,25.3792,89.09159,0.5056654
0.6041666666666666,41.353928,-6.8018513,-2.930426,70.0,25.0,90.0,41.582848,-7.1442633,-2.6370878,70.96153,25.3792,89.09159,0.5056654
0.6083333333333333,41.353928,-6.8018513,-2.930426,70.0,25.0,90.0,41.582848,-7.1442633,-2.6370878,70.96153,25.3792,89.09159,0.5056654
0.6125,41.353928,-6.8018513,-2.930426,70.0,25.0,90.0,41.582848,-7.1442633,-2.6370878,70.96153,25.3792,89.09159,0.5056654
0.6166666666666667,41.353928,-6.8018513,-2.930426,70.0,25.0,90.0,41.582848,-7.1442633,-2.6370878,70.96153,25.3792,89.09159,0.5056654
0.6208333333333333,41.353928,-6.8018513,-2.930426,70.0,25.0,90.0,41.582848,-7.1442633,-2.6370878,70.96153,25.3792,89.09159,0.5056654
0.625,41.353928,-6.8018513,-2.930426,70.0,25.0,90.0,41.582848,-7.1442633,-2.6370878,70.96153,25.3792,89.09159,0.5056654
0.6291666666666667,41.353928,-6.8018513,-2.930426,70.0,25.0,90.0,41.582848,-7.1442633,-2.6370878,70.96153,25.3792,89.09159,0.5056654
0.6333333333333333,41.353928,-6.8018513,-2.930426,70.0,25.0,90.0,41.582848,-7.1442633,-2.6370878,70.96153,25.3792,89.09159,0.5056654
0.6375,41.353928,-6.8018513,-2.930426,70.0,25.0,90.0,41.582848,-7.1442633,-2.6370878,70.96153,25.3792,89.09159,0.5056654
0.6416666666666667,41.353928,-6.8018513,-2.930426,70.0,25.0,90.0,41.582848,-7.1442633,-2.6370878,70.96153,25.3792,89.09159,0.5056654
0.6458333333333334,41.353928,-6.8018513,-2.930426,70.0,25.0,90.0,41.582848,-7.1442633,-2.6370878,70.96153,25.3792,89.09159,0.5056654
0.65,41.353928,-6.8018513,-2.930426,70.0,25.0,90.0,41.582848,-7.1442633,-2.6370878,70.96153,25.3792,89.09159,0.5056654
0.6541666666666667,41.353928,-6.8018513,-2.930426,70.0,25.0,90.0,41.582848,-7.1442633,-2.6370878,70.96153,25.3792,89.09159,0.5056654
0.6583333333333333,41.353928,-6.8018513,-2.930426,70.0,25.0,90.0,41.582848,-7.1442633,-2.6370878,70.96153,25.3792,89.09159,0.5056654
0.6625,41.353928,-6.8018513,-2.930426,70.0,25.0,90.0,41.582848,-7.1442633,-2.6370878,70.96153,25.3792,89.09159,0.5056654
0.6666666666666666,41.353928,-6.8018513,-2.930426,70.0,25.0,90.0,41.582848,-7.1442633,-2.6370878,70.96153,25.3792,89.09159,0.5056654
0.6708333333333333,41.353928,-6.8018513,-2.930426,70.0,25.0,90.0,41.582848,-7.1442633,-2.6370878,70.96153,25.3792,89.09159,0.5056654
0.675,41.353928,-6.8018513,-2.930426,70.0,25.0,90.0,41.582848,-7.1442633,-2.6370878,70.96153,25.3792,89.09159,0.5056654
0.6791666666666667,41.353928,-6.8018513,-2.930426,70.0,25.0,90.0,41.582848,-7.1442633,-2.6370878,70.96153,25.3792,89.09159,0.5056654
0.6833333333333333,41.353928,-6.8018513,-2.930426,70.0,25.0,90.0,41.582848,-7.1442633,-2.6370878,70.96153,25.3792,89.09159,0.5056654
0.6875,41.353928,-6.8018513,-2.930426,70.0,25.0,90.0,41.582848,-7.1442633,-2.6370878,70.96153,25.3792,89.09159,0.5056654
0.6916666666666667,41.353928,-6.8018513,-2.930426,70.0,25.0,90.0,41.582848,-7.1442633,-2.6370878,70.96153,25.3792,89.09159,0.5056654
0.6958333333333333,41.353928,-6.8018513,-2.930426,70.0,25.0,90.0,41.582848,-7.1442633,-2.6370878,70.961525,25.3792,89.09159,0.5056654
0.7,41.353928,-6.8018513,-2.930426,70.0,25.0,90.0,41.582848,-7.1442633,-2.6370878,70.96153,25.3792,89.09159,0.5056654
0.7041666666666667,41.353928,-6.8018513,-2.930426,70.0,25.0,90.0,41.582848,-7.144264,-2.6370869,70.96153,25.379204,89.0916,0.5056667
0.7083333333333334,41.353928,-6.8018513,-2.930426,70.0,25.0,90.0,41.582848,-7.1442614,-2.637086,70.961525,25.3792,89.0916,0.5056653
0.7125,41.353928,-6.8018513,-2.930426,70.0,25.0,90.0,41.582848,-7.1442633,-2.637086,70.96153,25.3792,89.0916,0.50566655
0.7166666666666667,41.353928,-6.8018513,-2.930426,70.0,25.0,90.0,41.58285,-7.1442614,-2.6370869,70.96153,25.3792,89.0916,0.50566643
0.7208333333333333,41.353928,-6.8018513,-2.930426,70.0,25.0,90.0,41.582848,-7.144266,-2.6370869,70.961525,25.3792,89.0916,0.5056679
0.725,41.353928,-6.8018513,-2.930426,70.0,25.0,90.0,41.582848,-7.144264,-2.637086,70.96153,25.3792,89.0916,0.5056672
0.7291666666666666,41.353928,-6.8018513,-2.930426,70.0,25.0,90.0,41.582848,-7.144264,-2.6370869,70.96153,25.3792,89.0916,0.5056667
0.7333333333333333,41.353928,-6.8018513,-2.930426,70.0,25.0,90.0,41.58285,-7.144264,-2.6370907,70.961525,25.3792,89.0916,0.50566614
0.7375,41.353928,-6.8018513,-2.930426,70.0,25.0,90.0,41.582848,-7.1442614,-2.637086,70.961525,25.3792,89.0916,0.5056653
0.7416666666666667,41.353928,-6.8018513,-2.930426,70.0,25.0,90.0,41.58285,-7.1442614,-2.6370869,70.961525,25.379204,89.091606,0.50566643
0.7458333333333333,41.353928,-6.8018513,-2.930426,70.0,25.0,90.0,41.58285,-7.1442614,-2.637086,70.96153,25.3792,89.091606,0.505667
0.75,41.353928,-6.8018513,-2.930426,70.0,25.0,90.0,41.582848,-7.1442633,-2.6370869,70.96153,25.3792,89.091606,0.505666
0.7541666666666667,41.353928,-6.8018513,-2.930426,70.0,25.0,90.0,41.582848,-7.1442633,-2.637086,70.961525,25.3792,89.091606,0.50566655
0.7583333333333333,41.353928,-6.8018513,-2.930426,70.0,25.0,90.0,41.582848,-7.144264,-2.637083,70.96153,25.379204,89.091606,0.5056689
0.7625,41.353928,-6.8018513,-2.930426,70.0,25.0,90.0,41.582848,-7.1442614,-2.637084,70.96153,25.3792,89.091606,0.5056664
0.7666666666666667,41.353928,-6.8018513,-2.930426,70.0,25.0,90.0,41.582848,-7.1442633,-2.637085,70.96153,25.379204,89.091606,0.5056671
0.7708333333333334,41.353928,-6.8018513,-2.930426,70.0,25.0,90.0,41.582848,-7.1442604,-2.637085,70.961525,25.379204,89.091606,0.5056652
0.775,41.353928,-6.8018513,-2.930426,70.0,25.0,90.0,41.582848,-7.1442604,-2.637084,70.96153,25.379208,89.0916,0.5056657
0.7791666666666667,41.353928,-6.8018513,-2.930426,70.0,25.0,90.0,41.582848,-7.1442604,-2.637085,70.96153,25.3792,89.091606,0.5056652
0.7833333333333333,41.353928,-6.8018513,-2.930426,70.0,25.0,90.0,41.582848,-7.1442604,-2.6370878,70.96153,25.379204,89.091606,0.5056635
0.7875,41.353928,-6.8018513,-2.930426,70.0,25.0,90.0,41.582844,-7.1442614,-2.637085,70.96153,25.379208,89.091606,0.5056641
0.7916666666666666,41.353928,-6.8018513,-2.930426,70.0,25.0,90.0,41.582848,-7.1442633,-2.637084,70.96153,25.379204,89.091606,0.5056677
0.7958333333333333,41.353928,-6.8018513,-2.930426,70.0,25.0,90.0,41.582844,-7.1442604,-2.637084,70.96153,25.379208,89.091606,0.505664
0.8,41.353928,-6.8018513,-2.930426,70.0,25.0,90.0,41.582848,-7.1442604,-2.637085,70.96153,25.379204,89.091606,0.5056652
0.8041666666666667,41.353928,-6.8018513,-2.930426,70.0,25.0,90.0,41.582848,-7.1442614,-2.637082,70.96153,25.3792,89.091606,0.5056675
0.8083333333333333,41.353928,-6.8018513,-2.930426,70.0,25.0,90.0,41.582848,-7.1442604,-2.637083,70.96153,25.379204,89.091606,0.50566626
0.8125,41.353928,-6.8018513,-2.930426,70.0,25.0,90.0,41.582848,-7.1442604,-2.637083,70.96153,25.379204,89.091606,0.50566626
0.8166666666666667,41.353928,-6.8018513,-2.930426,70.0,25.0,90.0,41.582848,-7.1442604,-2.637083,70.96153,25.379204,89.091606,0.50566626
0.8208333333333333,41.353928,-6.8018513,-2.930426,70.0,25.0,90.0,41.582848,-7.1442604,-2.637083,70.96153,25.379204,89.091606,0.50566626
0.825,41.353928,-6.8018513,-2.930426,70.0,25.0,90.0,41.582848,-7.1442604,-2.637086,70.96153,25.379204,89.091606,0.50566465
0.8291666666666667,41.353928,-6.8018513,-2.930426,70.0,25.0,90.0,41.582848,-7.1442604,-2.637085,70.96153,25.379208,89.091606,0.5056652
0.8333333333333334,41.353928,-6.8018513,-2.930426,70.0,25.0,90.0,41.582848,-7.1442614,-2.637085,70.96153,25.379208,89.091606,0.50566584
0.8375,41.353928,-6.8018513,-2.930426,70.0,25.0,90.0,41.582848,-7.1442633,-2.637085,70.96153,25.379204,89.0916,0.5056671
0.8416666666666667,41.353928,-6.8018513,-2.930426,70.0,25.0,90.0,41.582848,-7.1442633,-2.637083,70.96153,25.379208,89.0916,0.5056682
0.8458333333333333,41.353928,-6.8018513,-2.930426,70.0,25.0,90.0,41.582848,-7.1442604,-2.637084,70.96153,25.379204,89.0916,0.5056657
0.85,41.353928,-6.8018513,-2.930426,70.0,25.0,90.0,41.582848,-7.1442614,-2.6370869,70.96153,25.379208,89.0916,0.5056647
0.8541666666666666,41.353928,-6.8018513,-2.930426,70.0,25.0,90.0,41.582844,-7.1442633,-2.637085,70.96153,25.3792,89.0916,0.5056654
0.8583333333333333,41.353928,-6.8018513,-2.930426,70.0,25.0,90.0,41.582848,-7.1442633,-2.637085,70.96153,25.379208,89.0916,0.5056671
0.8625,41.353928,-6.8018513,-2.930426,70.0,25.0,90.0,41.582848,-7.144264,-2.637085,70.96153,25.379208,89.0916,0.50566775
0.8666666666666667,41.353928,-6.8018513,-2.930426,70.0,25.0,90.0,41.582848,-7.144264,-2.6370897,70.96153,25.379211,89.09159,0.505665
0.8708333333333333,41.353928,-6.8018513,-2.930426,70.0,25.0,90.0,41.582848,-7.1442633,-2.6370869,70.96153,25.379211,89.09159,0.505666
0.875,41.353928,-6.8018513,-2.930426,70.0,25.0,90.0,41.582844,-7.1442633,-2.637085,70.96153,25.379204,89.09159,0.5056654
0.8791666666666667,41.353928,-6.8018513,-2.930426,70.0,25.0,90.0,41.582848,-7.1442614,-2.6370878,70.96153,25.379204,89.09159,0.50566417
0.8833333333333333,41.353928,-6.8018513,-2.930426,70.0,25.0,90.0,41.582848,-7.144264,-2.637085,70.96153,25.379204,89.09159,0.50566775
0.8875,41.353928,-6.8018513,-2.930426,70.0,25.0,90.0,41.582848,-7.1442623,-2.637084,70.96153,25.379208,89.09159,0.50566703
0.8916666666666667,41.353928,-6.8018513,-2.930426,70.0,25.0,90.0,41.582848,-7.1442633,-2.6370926,70.96153,25.379204,89.09159,0.5056627
0.8958333333333334,41.353928,-6.8018513,-2.930426,70.0,25.0,90.0,41.582848,-7.1442633,-2.6370907,70.96153,25.3792,89.09159,0.5056638
0.9,41.353928,-6.8018513,-2.930426,70.0,25.0,90.0,41.582848,-7.144266,-2.6370878,70.96153,25.379204,89.09159,0.5056674
0.9041666666666667,41.353928,-6.8018513,-2.930426,70.0,25.0,90.0,41.582848,-7.1442633,-2.6370878,70.96153,25.3792,89.09159,0.5056654
0.9083333333333333,41.353928,-6.8018513,-2.930426,70.0,25.0,90.0,41.582848,-7.1442614,-2.6370878,70.96153,25.3792,89.09159,0.50566417
0.9125,41.353928,-6.8018513,-2.930426,70.0,25.0,90.0,41.58285,-7.1442633,-2.6370897,70.96153,25.379192,89.09159,0.5056661
0.9166666666666666,41.353928,-6.8018513,-2.930426,70.0,25.0,90.0,41.582848,-7.1442633,-2.6370869,70.96153,25.379196,89.0916,0.505666
0.9208333333333333,41.353928,-6.8018513,-2.930426,70.0,25.0,90.0,41.582848,-7.1442633,-2.637086,70.96153,25.3792,89.09159,0.50566655
0.925,41.353928,-6.8018513,-2.930426,70.0,25.0,90.0,41.582848,-7.144264,-2.6370897,70.96153,25.3792,89.09159,0.505665
0.9291666666666667,41.353928,-6.8018513,-2.930426,70.0,25.0,90.0,41.582848,-7.144266,-2.6370869,70.96153,25.3792,89.09159,0.5056679
0.9333333333333333,41.353928,-6.8018513,-2.930426,70.0,25.0,90.0,41.582848,-7.1442633,-2.6370878,70.96153,25.3792,89.09159,0.5056654
0.9375,41.353928,-6.8018513,-2.930426,70.0,25.0,90.0,41.582848,-7.1442633,-2.6370878,70.96153,25.3792,89.09159,0.5056654
0.9416666666666667,41.353928,-6.8018513,-2.930426,70.0,25.0,90.0,41.582848,-7.1442633,-2.6370878,70.96153,25.3792,89.09159,0.5056654
0.9458333333333333,41.353928,-6.8018513,-2.930426,70.0,25.0,90.0,41.582848,-7.1442633,-2.6370878,70.96153,25.3792,89.09159,0.5056654
0.95,41.353928,-6.8018513,-2.930426,70.0,25.0,90.0,41.582848,-7.1442633,-2.6370878,70.96153,25.3792,89.09159,0.5056654
0.9541666666666667,41.353928,-6.8018513,-2.930426,70.0,25.0,90.0,41.582848,-7.1442633,-2.6370878,70.96153,25.3792,89.09159,0.5056654
0.9583333333333334,41.353928,-6.8018513,-2.930426,70.0,25.0,90.0,41.582848,-7.1442633,-2.6370878,70.96153,25.3792,89.09159,0.5056654
0.9625,41.353928,-6.8018513,-2.930426,70.0,25.0,90.0,41.582848,-7.1442633,-2.6370878,70.96153,25.3792,89.09159,0.5056654
0.9666666666666667,41.353928,-6.8018513,-2.930426,70.0,25.0,90.0,41.582848,-7.1442633,-2.6370878,70.96153,25.3792,89.09159,0.5056654
0.9708333333333333,41.353928,-6.8018513,-2.930426,70.0,25.0,90.0,41.582848,-7.1442633,-2.6370878,70.96153,25.3792,89.09159,0.5056654
0.975,41.353928,-6.8018513,-2.930426,70.0,25.0,90.0,41.582848,-7.1442633,-2.6370878,70.96153,25.3792,89.09159,0.5056654
0.9791666666666666,41.353928,-6.8018513,-2.930426,70.0,25.0,90.0,41.582848,-7.1442633,-2.6370878,70.96153,25.3792,89.09159,0.5056654
0.9833333333333333,41.353928,-6.8018513,-2.930426,70.0,25.0,90.0,41.582848,-7.1442633,-2.6370878,70.96153,25.3792,89.09159,0.5056654
0.9875,41.353928,-6.8018513,-2.930426,70.0,25.0,90.0,41.582848,-7.1442633,-2.6370878,70.96153,25.3792,89.09159,0.5056654
0.9916666666666667,41.353928,-6.8018513,-2.930426,70.0,25.0,90.0,41.582848,-7.1442633,-2.6370878,70.96153,25.3792,89.09159,0.5056654
0.9958333333333333,41.353928,-6.8018513,-2.930426,70.0,25.0,90.0,41.582848,-7.1442633,-2.6370878,70.96153,25.3792,89.09159,0.5056654
1.0,41.353928,-6.8018513,-2.930426,70.0,25.0,90.0,41.582848,-7.1442633,-2.6370878,70.96153,25.3792,89.09159,0.5056654
1.0041666666666667,41.353928,-6.8018513,-2.930426,70.0,25.0,90.0,41.582848,-7.1442633,-2.6370878,70.96153,25.3792,89.09159,0.5056654
1.0083333333333333,41.353928,-6.8018513,-2.930426,70.0,25.0,90.0,41.582848,-7.1442633,-2.6370878,70.96153,25.3792,89.09159,0.5056654
1.0125,41.353928,-6.8018513,-2.930426,70.0,25.0,90.0,41.582848,-7.1442633,-2.6370878,70.96153,25.3792,89.09159,0.5056654
1.0166666666666666,41.353928,-6.8018513,-2.930426,70.0,25.0,90.0,41.582848,-7.1442633,-2.6370878,70.96153,25.3792,89.09159,0.5056654
1.0208333333333333,41.353928,-6.8018513,-2.930426,70.0,25.0,90.0,41.582848,-7.1442633,-2.6370878,70.96153,25.3792,89.09159,0.5056654
1.025,41.353928,-6.8018513,-2.930426,70.0,25.0,90.0,41.582848,-7.1442633,-2.6370878,70.96153,25.3792,89.09159,0.5056654
1.0291666666666666,41.353928,-6.8018513,-2.930426,70.0,25.0,90.0,41.582848,-7.1442633,-2.6370878,70.96153,25.3792,89.09159,0.5056654
1.0333333333333334,41.353928,-6.8018513,-2.930426,70.0,25.0,90.0,41.582848,-7.1442633,-2.6370878,70.96153,25.3792,89.09159,0.5056654
1.0375,41.353928,-6.8018513,-2.930426,70.0,25.0,90.0,41.582848,-7.1442633,-2.6370878,70.96153,25.3792,89.09159,0.5056654
1.0416666666666667,41.353928,-6.8018513,-2.930426,70.0,25.0,90.0,41.582848,-7.1442633,-2.6370878,70.96153,25.3792,89.09159,0.5056654
1.0458333333333334,41.353928,-6.8018513,-2.930426,70.0,25.0,90.0,41.582848,-7.1442633,-2.6370878,70.96153,25.3792,89.09159,0.5056654
1.05,41.353928,-6.8018513,-2.930426,70.0,25.0,90.0,41.582848,-7.1442633,-2.6370878,70.96153,25.3792,89.09159,0.5056654
1.0541666666666667,41.353928,-6.8018513,-2.930426,70.0,25.0,90.0,41.582848,-7.1442633,-2.6370878,70.96153,25.3792,89.09159,0.5056654
1.0583333333333333,41.353928,-6.8018513,-2.930426,70.0,25.0,90.0,41.582848,-7.1442633,-2.6370878,70.96153,25.3792,89.09159,0.5056654
1.0625,41.353928,-6.8018513,-2.930426,70.0,25.0,90.0,41.582848,-7.1442633,-2.6370878,70.96153,25.3792,89.09159,0.5056654
1.0666666666666667,41.353928,-6.8018513,-2.930426,70.0,25.0,90.0,41.582848,-7.1442633,-2.6370878,70.96153,25.3792,89.09159,0.5056654
1.0708333333333333,41.353928,-6.8018513,-2.930426,70.0,25.0,90.0,41.582848,-7.1442633,-2.6370878,70.96153,25.3792,89.09159,0.5056654
1.075,41.353928,-6.8018513,-2.930426,70.0,25.0,90.0,41.582848,-7.1442633,-2.6370878,70.96153,25.3792,89.09159,0.5056654
1.0791666666666666,41.353928,-6.8018513,-2.930426,70.0,25.0,90.0,41.582848,-7.1442633,-2.6370878,70.96153,25.3792,89.09159,0.5056654
1.0833333333333333,41.353928,-6.8018513,-2.930426,70.0,25.0,90.0,41.582848,-7.1442633,-2.6370878,70.96153,25.3792,89.09159,0.5056654
1.0875,41.353928,-6.8018513,-2.930426,70.0,25.0,90.0,41.582848,-7.1442633,-2.6370878,70.961525,25.3792,89.09159,0.5056654
1.0916666666666666,41.353928,-6.8018513,-2.930426,70.0,25.0,90.0,41.582848,-7.1442633,-2.6370878,70.96153,25.3792,89.09159,0.5056654
1.0958333333333334,41.353928,-6.8018513,-2.930426,70.0,25.0,90.0,41.582848,-7.144264,-2.6370869,70.96153,25.379204,89.0916,0.5056667
1.1,41.353928,-6.8018513,-2.930426,70.0,25.0,90.0,41.582848,-7.1442614,-2.637086,70.961525,25.3792,89.0916,0.5056653
1.1041666666666667,41.353928,-6.8018513,-2.930426,70.0,25.0,90.0,41.582848,-7.1442633,-2.637086,70.96153,25.3792,89.0916,0.50566655
1.1083333333333334,41.353928,-6.8018513,-2.930426,70.0,25.0,90.0,41.58285,-7.1442614,-2.6370869,70.96153,25.3792,89.0916,0.50566643
1.1125,41.353928,-6.8018513,-2.930426,70.0,25.0,90.0,41.582848,-7.144266,-2.6370869,70.961525,25.3792,89.0916,0.5056679
1.1166666666666667,41.353928,-6.8018513,-2.930426,70.0,25.0,90.0,41.582848,-7.144264,-2.637086,70.96153,25.3792,89.0916,0.5056672
1.1208333333333333,41.353928,-6.8018513,-2.930426,70.0,25.0,90.0,41.582848,-7.144264,-2.6370869,70.96153,25.3792,89.0916,0.5056667
1.125,41.353928,-6.8018513,-2.930426,70.0,25.0,90.0,41.58285,-7.144264,-2.6370907,70.961525,25.3792,89.0916,0.50566614
1.1291666666666667,41.353928,-6.8018513,-2.930426,70.0,25.0,90.0,41.582848,-7.1442614,-2.637086,70.961525,25.3792,89.0916,0.5056653
1.1333333333333333,41.353928,-6.8018513,-2.930426,70.0,25.0,90.0,41.58285,-7.1442614,-2.6370869,70.961525,25.379204,89.091606,0.50566643
1.1375,41.353928,-6.8018513,-2.930426,70.0,25.0,90.0,41.58285,-7.1442614,-2.637086,70.96153,25.3792,89.091606,0.505667
1.1416666666666666,41.353928,-6.8018513,-2.930426,70.0,25.0,90.0,41.582848,-7.1442633,-2.6370869,70.96153,25.3792,89.091606,0.505666
1.1458333333333333,41.353928,-6.8018513,-2.930426,70.0,25.0,90.0,41.582848,-7.1442633,-2.637086,70.961525,25.3792,89.091606,0.50566655
1.15,41.353928,-6.8018513,-2.930426,70.0,25.0,90.0,41.582848,-7.144264,-2.637083,70.96153,25.379204,89.091606,0.5056689
1.1541666666666666,41.353928,-6.8018513,-2.930426,70.0,25.0,90.0,41.582848,-7.1442614,-2.637084,70.96153,25.3792,89.091606,0.5056664
1.1583333333333334,41.353928,-6.8018513,-2.930426,70.0,25.0,90.0,41.582848,-7.1442633,-2.637086,70.96153,25.379204,89.091606,0.50566655
1.1625,41.353928,-6.8018513,-2.930426,70.0,25.0,90.0,41.582848,-7.1442604,-2.637085,70.961525,25.3792,89.091606,0.5056652
1.1666666666666667,41.353928,-6.8018513,-2.930426,70.0,25.0,90.0,41.582844,-7.1442604,-2.637084,70.96153,25.379208,89.0916,0.505664
1.1708333333333334,41.353928,-6.8018513,-2.930426,70.0,25.0,90.0,41.582848,-7.1442585,-2.6370869,70.96153,25.379204,89.091606,0.5056628
1.175,41.353928,-6.8018513,-2.930426,70.0,25.0,90.0,41.582848,-7.1442604,-2.637086,70.96153,25.379204,89.091606,0.50566465
1.1791666666666667,41.353928,-6.8018513,-2.930426,70.0,25.0,90.0,41.582848,-7.1442614,-2.637084,70.96153,25.379211,89.091606,0.5056664
1.1833333333333333,41.353928,-6.8018513,-2.930426,70.0,25.0,90.0,41.582848,-7.1442633,-2.6370869,70.96153,25.379204,89.091606,0.505666
1.1875,41.353928,-6.8018513,-2.930426,70.0,25.0,90.0,41.582848,-7.144264,-2.637086,70.96154,25.379211,89.0916,0.5056672
1.1916666666666667,41.353928,-6.8018513,-2.930426,70.0,25.0,90.0,41.582848,-7.1442614,-2.637084,70.96153,25.379211,89.0916,0.5056664
1.1958333333333333,41.353928,-6.8018513,-2.930426,70.0,25.0,90.0,41.582848,-7.1442585,-2.637086,70.96153,25.379208,89.0916,0.50566334
1.2,41.353928,-6.8018513,-2.930426,70.0,25.0,90.0,41.582848,-7.1442633,-2.637086,70.96153,25.379211,89.091606,0.50566655
1.2041666666666666,41.353928,-6.8018513,-2.930426,70.0,25.0,90.0,41.582844,-7.1442614,-2.637085,70.96153,25.379211,89.091606,0.5056641
1.2083333333333333,41.353928,-6.8018513,-2.930426,70.0,25.0,90.0,41.582844,-7.1442614,-2.637085,70.96153,25.379208,89.0916,0.5056641
1.2125,41.353928,-6.8018513,-2.930426,70.0,25.0,90.0,41.582848,-7.1442614,-2.637086,70.96153,25.379208,89.0916,0.5056653
1.2166666666666666,41.353928,-6.8018513,-2.930426,70.0,25.0,90.0,41.582848,-7.1442633,-2.637086,70.96153,25.379215,89.0916,0.50566655
1.2208333333333334,41.353928,-6.8018513,-2.930426,70.0,25.0,90.0,41.582848,-7.1442614,-2.637085,70.96153,25.379211,89.0916,0.50566584
1.225,41.353928,-6.8018513,-2.930426,70.0,25.0,90.0,41.582848,-7.144264,-2.637086,70.96153,25.379208,89.0916,0.5056672
1.2291666666666667,41.353928,-6.8018513,-2.930426,70.0,25.0,90.0,41.582848,-7.1442614,-2.637086,70.96153,25.379211,89.0916,0.5056653
1.2333333333333334,41.353928,-6.8018513,-2.930426,70.0,25.0,90.0,41.582848,-7.1442614,-2.637086,70.96153,25.379211,89.0916,0.5056653
1.2375,41.353928,-6.8018513,-2.930426,70.0,25.0,90.0,41.582848,-7.1442604,-2.637085,70.96153,25.379211,89.0916,0.5056652
1.2416666666666667,41.353928,-6.8018513,-2.930426,70.0,25.0,90.0,41.582848,-7.1442633,-2.637085,70.96153,25.379208,89.0916,0.5056671
1.2458333333333333,41.353928,-6.8018513,-2.930426,70.0,25.0,90.0,41.582844,-7.144264,-2.6370869,70.96153,25.379204,89.0916,0.50566494
1.25,41.353928,-6.8018513,-2.930426,70.0,25.0,90.0,41.582848,-7.1442595,-2.637086,70.96153,25.379204,89.0916,0.505664
1.2541666666666667,41.353928,-6.8018513,-2.930426,70.0,25.0,90.0,41.582848,-7.1442633,-2.637084,70.96153,25.379208,89.0916,0.5056677
1.2583333333333333,41.353928,-6.8018513,-2.930426,70.0,25.0,90.0,41.582848,-7.1442614,-2.637085,70.96153,25.379211,89.09159,0.50566584
1.2625,41.353928,-6.8018513,-2.930426,70.0,25.0,90.0,41.582848,-7.1442633,-2.6370878,70.96153,25.379211,89.09159,0.5056654
1.2666666666666666,41.353928,-6.8018513,-2.930426,70.0,25.0,90.0,41.582844,-7.1442604,-2.6370869,70.96153,25.379208,89.09159,0.5056623
1.2708333333333333,41.353928,-6.8018513,-2.930426,70.0,25.0,90.0,41.582848,-7.1442614,-2.6370869,70.96153,25.3792,89.09159,0.5056647
1.275,41.353928,-6.8018513,-2.930426,70.0,25.0,90.0,41.582844,-7.144264,-2.6370878,70.96153,25.379204,89.09159,0.5056644
1.2791666666666666,41.353928,-6.8018513,-2.930426,70.0,25.0,90.0,41.582848,-7.144264,-2.637086,70.96154,25.379211,89.09159,0.5056672
1.2833333333333334,41.353928,-6.8018513,-2.930426,70.0,25.0,90.0,41.582848,-7.144266,-2.6370907,70.96153,25.379204,89.09159,0.5056657
1.2875,41.353928,-6.8018513,-2.930426,70.0,25.0,90.0,41.582848,-7.144264,-2.6370897,70.96153,25.379204,89.09159,0.505665
1.2916666666666667,41.353928,-6.8018513,-2.930426,70.0,25.0,90.0,41.582848,-7.144266,-2.637085,70.96153,25.379208,89.09159,0.50566906
1.2958333333333334,41.353928,-6.8018513,-2.930426,70.0,25.0,90.0,41.582848,-7.144264,-2.637086,70.96153,25.3792,89.09159,0.5056672
1.3,41.353928,-6.8018513,-2.930426,70.0,25.0,90.0,41.582848,-7.144264,-2.637085,70.96153,25.379204,89.09159,0.50566775
1.3041666666666667,41.353928,-6.8018513,-2.930426,70.0,25.0,90.0,41.582848,-7.1442633,-2.637086,70.96153,25.3792,89.09159,0.50566655
1.3083333333333333,41.353928,-6.8018513,-2.930426,70.0,25.0,90.0,41.582848,-7.1442614,-2.637085,70.96153,25.3792,89.09159,0.50566584
1.3125,41.353928,-6.8018513,-2.930426,70.0,25.0,90.0,41.582848,-7.144266,-2.637086,70.96153,25.3792,89.09159,0.50566846
1.3166666666666667,41.353928,-6.8018513,-2.930426,70.0,25.0,90.0,41.582848,-7.144266,-2.637083,70.96153,25.3792,89.09159,0.5056702
1.3208333333333333,41.353928,-6.8018513,-2.930426,70.0,25.0,90.0,41.582848,-7.144264,-2.637083,70.96153,25.379204,89.0916,0.5056689
1.325,41.353928,-6.8018513,-2.930426,70.0,25.0,90.0,41.582848,-7.1442614,-2.637083,70.96153,25.3792,89.0916,0.5056669
1.3291666666666666,41.353928,-6.8018513,-2.930426,70.0,25.0,90.0,41.582848,-7.144264,-2.637083,70.96153,25.3792,89.09159,0.5056689
1.3333333333333333,41.353928,-6.8018513,-2.930426,70.0,25.0,90.0,41.582848,-7.144264,-2.637083,70.96153,25.3792,89.09159,0.5056689
1.3375,41.353928,-6.8018513,-2.930426,70.0,25.0,90.0,41.582848,-7.144264,-2.637083,70.96153,25.3792,89.09159,0.5056689
1.3416666666666666,41.353928,-6.8018513,-2.930426,70.0,25.0,90.0,41.582848,-7.144264,-2.637083,70.96153,25.3792,89.09159,0.5056689
1.3458333333333334,41.353928,-6.8018513,-2.930426,70.0,25.0,90.0,41.582848,-7.144264,-2.637083,70.96153,25.3792,89.09159,0.5056689
1.35,41.353928,-6.8018513,-2.930426,70.0,25.0,90.0,41.582848,-7.144264,-2.637083,70.96153,25.3792,89.09159,0.5056689
1.3541666666666667,41.353928,-6.8018513,-2.930426,70.0,25.0,90.0,41.582848,-7.144264,-2.637083,70.96153,25.3792,89.09159,0.5056689
1.3583333333333334,41.353928,-6.8018513,-2.930426,70.0,25.0,90.0,41.582848,-7.144264,-2.637083,70.96153,25.3792,89.09159,0.5056689
1.3625,41.353928,-6.8018513,-2.930426,70.0,25.0,90.0,41.582848,-7.144264,-2.637083,70.96153,25.3792,89.09159,0.5056689
1.3666666666666667,41.353928,-6.8018513,-2.930426,70.0,25.0,90.0,41.582848,-7.144264,-2.637083,70.96153,25.3792,89.09159,0.5056689
1.3708333333333333,41.353928,-6.8018513,-2.930426,70.0,25.0,90.0,41.582848,-7.144264,-2.637083,70.96153,25.3792,89.09159,0.5056689
1.375,41.353928,-6.8018513,-2.930426,70.0,25.0,90.0,41.582848,-7.144264,-2.637083,70.96153,25.3792,89.09159,0.5056689
1.3791666666666667,41.353928,-6.8018513,-2.930426,70.0,25.0,90.0,41.582848,-7.144264,-2.637083,70.96153,25.3792,89.09159,0.5056689
1.3833333333333333,41.353928,-6.8018513,-2.930426,70.0,25.0,90.0,41.582848,-7.144264,-2.637083,70.96153,25.3792,89.09159,0.5056689
1.3875,41.353928,-6.8018513,-2.930426,70.0,25.0,90.0,41.582848,-7.144264,-2.637083,70.96153,25.3792,89.09159,0.5056689
1.3916666666666666,41.353928,-6.8018513,-2.930426,70.0,25.0,90.0,41.582848,-7.144264,-2.637083,70.96153,25.3792,89.09159,0.5056689
1.3958333333333333,41.353928,-6.8018513,-2.930426,70.0,25.0,90.0,41.582848,-7.144264,-2.637083,70.96153,25.3792,89.09159,0.5056689
1.4,41.353928,-6.8018513,-2.930426,70.0,25.0,90.0,41.582848,-7.144264,-2.637083,70.96153,25.3792,89.09159,0.5056689
1.4041666666666666,41.353928,-6.8018513,-2.930426,70.0,25.0,90.0,41.582848,-7.144264,-2.637083,70.96153,25.3792,89.09159,0.5056689
1.4083333333333334,41.353928,-6.8018513,-2.930426,70.0,25.0,90.0,41.582848,-7.144264,-2.637083,70.96153,25.3792,89.09159,0.5056689
1.4125,41.353928,-6.8018513,-2.930426,70.0,25.0,90.0,41.582848,-7.144264,-2.637083,70.96153,25.3792,89.09159,0.5056689
1.4166666666666667,41.353928,-6.8018513,-2.930426,70.0,25.0,90.0,41.582848,-7.144264,-2.637083,70.96153,25.3792,89.09159,0.5056689
1.4208333333333334,41.353928,-6.8018513,-2.930426,70.0,25.0,90.0,41.582848,-7.144264,-2.637083,70.96153,25.3792,89.09159,0.5056689
1.425,41.353928,-6.8018513,-2.930426,70.0,25.0,90.0,41.582848,-7.144264,-2.637083,70.96153,25.3792,89.09159,0.5056689
1.4291666666666667,41.353928,-6.8018513,-2.930426,70.0,25.0,90.0,41.582848,-7.144264,-2.637083,70.96153,25.3792,89.09159,0.5056689
1.4333333333333333,41.353928,-6.8018513,-2.930426,70.0,25.0,90.0,41.582848,-7.144264,-2.637083,70.96153,25.3792,89.09159,0.5056689
1.4375,41.353928,-6.8018513,-2.930426,70.0,25.0,90.0,41.582848,-7.144264,-2.637083,70.96153,25.3792,89.09159,0.5056689
1.4416666666666667,41.353928,-6.8018513,-2.930426,70.0,25.0,90.0,41.582848,-7.144264,-2.637083,70.96153,25.3792,89.09159,0.5056689
1.4458333333333333,41.353928,-6.8018513,-2.930426,70.0,25.0,90.0,41.582848,-7.144264,-2.637083,70.96153,25.3792,89.09159,0.5056689
1.45,41.353928,-6.8018513,-2.930426,70.0,25.0,90.0,41.582848,-7.144264,-2.637083,70.96153,25.3792,89.09159,0.5056689
1.4541666666666666,41.353928,-6.8018513,-2.930426,70.0,25.0,90.0,41.582848,-7.144264,-2.637083,70.96153,25.3792,89.09159,0.5056689
1.4583333333333333,41.353928,-6.8018513,-2.930426,70.0,25.0,90.0,41.582848,-7.144264,-2.637083,70.96153,25.3792,89.09159,0.5056689
1.4625,41.353928,-6.8018513,-2.930426,70.0,25.0,90.0,41.582848,-7.144264,-2.637083,70.96153,25.3792,89.09159,0.5056689
1.4666666666666666,41.353928,-6.8018513,-2.930426,70.0,25.0,90.0,41.582848,-7.144264,-2.637083,70.96153,25.3792,89.09159,0.5056689
1.4708333333333334,41.353928,-6.8018513,-2.930426,70.0,25.0,90.0,41.582848,-7.144264,-2.637083,70.96153,25.3792,89.09159,0.5056689
1.475,41.353928,-6.8018513,-2.930426,70.0,25.0,90.0,41.582848,-7.144264,-2.637083,70.96153,25.3792,89.09159,0.5056689
1.4791666666666667,41.353928,-6.8018513,-2.930426,70.0,25.0,90.0,41.582848,-7.144264,-2.637083,70.96153,25.3792,89.09159,0.5056689
1.4833333333333334,41.353928,-6.8018513,-2.930426,70.0,25.0,90.0,41.582848,-7.144264,-2.637083,70.96153,25.3792,89.0916,0.5056689
1.4875,41.353928,-6.8018513,-2.930426,70.0,25.0,90.0,41.582848,-7.144264,-2.637084,70.96153,25.3792,89.09159,0.5056683
1.4916666666666667,41.353928,-6.8018513,-2.930426,70.0,25.0,90.0,41.582848,-7.144264,-2.637085,70.96153,25.379208,89.0916,0.50566775
1.4958333333333333,41.353928,-6.8018513,-2.930426,70.0,25.0,90.0,41.582848,-7.1442633,-2.637084,70.96153,25.379204,89.0916,0.5056677
1.5,41.353928,-6.8018513,-2.930426,70.0,25.0,90.0,41.582848,-7.1442633,-2.637084,70.96153,25.379204,89.0916,0.5056677
1.5041666666666667,41.353928,-6.8018513,-2.930426,70.0,25.0,90.0,41.58285,-7.1442633,-2.637084,70.96153,25.3792,89.0916,0.5056694
1.5083333333333333,41.353928,-6.8018513,-2.930426,70.0,25.0,90.0,41.582848,-7.144264,-2.637086,70.96153,25.3792,89.0916,0.5056672
1.5125,41.353928,-6.8018513,-2.930426,70.0,25.0,90.0,41.582848,-7.1442633,-2.637086,70.96153,25.3792,89.0916,0.50566655
1.5166666666666666,41.353928,-6.8018513,-2.930426,70.0,25.0,90.0,41.58285,-7.144264,-2.637085,70.96153,25.379204,89.0916,0.5056695
1.5208333333333333,41.353928,-6.8018513,-2.930426,70.0,25.0,90.0,41.58285,-7.1442633,-2.637086,70.961525,25.379204,89.0916,0.5056683
1.525,41.353928,-6.8018513,-2.930426,70.0,25.0,90.0,41.582848,-7.1442614,-2.6370869,70.961525,25.3792,89.091606,0.5056647
1.5291666666666666,41.353928,-6.8018513,-2.930426,70.0,25.0,90.0,41.58285,-7.1442604,-2.6370897,70.961525,25.379204,89.091606,0.50566417
1.5333333333333334,41.353928,-6.8018513,-2.930426,70.0,25.0,90.0,41.582848,-7.1442575,-2.6370811,70.96153,25.379196,89.091606,0.5056654
1.5375,41.353928,-6.8018513,-2.930426,70.0,25.0,90.0,41.582844,-7.144269,-2.6370745,70.96154,25.379196,89.0916,0.5056754
1.5416666666666667,41.353928,-6.8018513,-2.930426,70.0,25.0,90.0,41.582836,-7.1442575,-2.637041,70.96155,25.379135,89.09155,0.5056835
1.5458333333333334,41.353928,-6.8018513,-2.930426,70.0,25.0,90.0,41.582844,-7.1441364,-2.6369839,70.96146,25.379036,89.09148,0.5056382
1.55,41.353928,-6.8018513,-2.930426,70.0,25.0,90.0,41.582882,-7.143819,-2.6369162,70.96114,25.37886,89.091415,0.5054798
1.5541666666666667,41.353928,-6.8018513,-2.930426,70.0,25.0,90.0,41.58306,-7.143202,-2.6368132,70.96044,25.378555,89.091354,0.5052038
1.5583333333333333,41.353928,-6.8018513,-2.930426,70.0,25.0,90.0,41.583496,-7.142271,-2.6367302,70.959435,25.378132,89.09126,0.50482124
1.5625,41.353928,-6.8018513,-2.930426,70.0,25.0,90.0,41.584198,-7.1410217,-2.6366463,70.95817,25.377716,89.091156,0.5043486
1.5666666666666667,41.353928,-6.8018513,-2.930426,70.0,25.0,90.0,41.585197,-7.139388,-2.6365757,70.95663,25.377445,89.09107,0.5037507
1.5708333333333333,41.353928,-6.8018513,-2.930426,70.0,25.0,90.0,41.586555,-7.137205,-2.6365852,70.95468,25.377552,89.09107,0.5029118
1.575,41.353928,-6.8018513,-2.930426,70.0,25.0,90.0,41.58822,-7.134474,-2.6365814,70.95249,25.378113,89.0915,0.5018711
1.5791666666666666,41.353928,-6.8018513,-2.930426,70.0,25.0,90.0,41.590046,-7.131399,-2.6365318,70.950294,25.379364,89.09289,0.5007269
1.5833333333333333,41.353928,-6.8018513,-2.930426,70.0,25.0,90.0,41.592052,-7.1279907,-2.6368465,70.94852,25.381367,89.09585,0.49925867
1.5875,41.353928,-6.8018513,-2.930426,70.0,25.0,90.0,41.594368,-7.124239,-2.6376886,70.947525,25.3838,89.10092,0.4974339
1.5916666666666666,41.353928,-6.8018513,-2.930426,70.0,25.0,90.0,41.5967,-7.120322,-2.6392298,70.94669,25.386204,89.108215,0.49513304
1.5958333333333334,41.353928,-6.8018513,-2.930426,70.0,25.0,90.0,41.598915,-7.1158314,-2.6411467,70.94614,25.387737,89.119286,0.49222437
1.6,41.353928,-6.8018513,-2.930426,70.0,25.0,90.0,41.600376,-7.1106997,-2.6436768,70.94592,25.390701,89.135124,0.48821026
1.6041666666666667,41.353928,-6.8018513,-2.930426,70.0,25.0,90.0,41.600327,-7.1055946,-2.6451445,70.9459,25.393269,89.15713,0.48410532
1.6083333333333334,41.353928,-6.8018513,-2.930426,70.0,25.0,90.0,41.598377,-7.1010084,-2.6439104,70.94575,25.393997,89.1874,0.48097995
1.6125,41.353928,-6.8018513,-2.930426,70.0,25.0,90.0,41.593952,-7.095434,-2.6411533,70.946106,25.392918,89.22481,0.47695002
1.6166666666666667,41.353928,-6.8018513,-2.930426,70.0,25.0,90.0,41.586926,-7.088022,-2.637413,70.94649,25.39022,89.269424,0.47120947
1.6208333333333333,41.353928,-6.8018513,-2.930426,70.0,25.0,90.0,41.574196,-7.0782204,-2.6336498,70.94236,25.383492,89.32498,0.46149108
1.625,41.353928,-6.8018513,-2.930426,70.0,25.0,90.0,41.553673,-7.0609255,-2.6255836,70.936714,25.373222,89.39342,0.44715363
1.6291666666666667,41.353928,-6.8018513,-2.930426,70.0,25.0,90.0,41.53233,-7.0408773,-2.624277,70.92552,25.361462,89.4715,0.42741993
1.6333333333333333,41.353928,-6.8018513,-2.930426,70.0,25.0,90.0,41.51009,-7.0166616,-2.6333323,70.905174,25.354992,89.552414,0.3984906
1.6375,41.353928,-6.8018513,-2.930426,70.0,25.0,90.0,41.486385,-6.9887867,-2.6419487,70.880226,25.3508,89.64333,0.368387
1.6416666666666666,41.353928,-6.8018513,-2.930426,70.0,25.0,90.0,41.46356,-6.954174,-2.6512957,70.85996,25.343433,89.7445,0.33635512
1.6458333333333333,41.353928,-6.8018513,-2.930426,70.0,25.0,90.0,41.443512,-6.9163446,-2.6682873,70.83185,25.332943,89.85462,0.2997511
1.65,41.353928,-6.8018513,-2.930426,70.0,25.0,90.0,41.42127,-6.8824797,-2.6871748,70.79409,25.33659,89.985985,0.26496568
1.6541666666666666,41.353966,-6.8019123,-2.930425,70.00006,25.0,89.99987,41.39934,-6.855853,-2.7073202,70.745964,25.336384,90.104256,0.23397496
1.6583333333333334,41.354206,-6.8023343,-2.930426,70.00048,25.0,89.999016,41.367268,-6.8310137,-2.704547,70.70787,25.319626,90.22178,0.22806668
1.6625,41.354855,-6.803456,-2.9304256,70.001595,25.0,89.99671,41.326714,-6.810652,-2.680213,70.67509,25.275158,90.351105,0.25189298
1.6666666666666667,41.356094,-6.8056016,-2.930428,70.00372,25.0,89.99232,41.282013,-6.793988,-2.66154,70.63513,25.212051,90.49152,0.27914813
1.6708333333333334,41.358105,-6.809082,-2.930424,70.00719,25.0,89.98518,41.22293,-6.790638,-2.6571217,70.595055,25.11517,90.626526,0.30546078
1.675,41.36105,-6.814186,-2.9304254,70.01225,25.0,89.974724,41.150944,-6.8051834,-2.6482935,70.58128,25.004711,90.75289,0.35188627
1.6791666666666667,41.36509,-6.821182,-2.9304252,70.019196,25.0,89.96038,41.065094,-6.8222866,-2.6296196,70.592926,24.905624,90.85823,0.42483228
1.6833333333333333,41.37037,-6.830328,-2.9304295,70.02826,25.0,89.94163,40.98088,-6.830453,-2.5975761,70.59039,24.780125,90.93305,0.5123401
1.6875,41.37703,-6.8418646,-2.9304254,70.039696,25.0,89.91796,40.905502,-6.8148603,-2.5662365,70.58774,24.641361,90.998535,0.5964064
1.6916666666666667,41.385197,-6.856008,-2.9304273,70.05369,25.0,89.88892,40.843742,-6.8330755,-2.5401678,70.59742,24.507824,90.989914,0.66783315
1.6958333333333333,41.394993,-6.8729753,-2.9304295,70.07045,25.0,89.854065,40.797325,-6.8673706,-2.5242224,70.60563,24.395,90.96664,0.72266334
1.7,41.406525,-6.892951,-2.9304285,70.09016,25.0,89.813,40.790573,-6.8889923,-2.5239115,70.60233,24.272266,91.015144,0.7380163
1.7041666666666666,41.419895,-6.916111,-2.9304261,70.11296,25.0,89.76535,40.781525,-6.887457,-2.5567255,70.57761,24.120583,91.0945,0.7402636
1.7083333333333333,41.4352,-6.9426155,-2.9304261,70.13899,25.0,89.71075,40.723347,-6.8510075,-2.631463,70.588,24.17221,91.12863,0.7774996
1.7125,41.452522,-6.972617,-2.9304268,70.16838,25.0,89.648865,40.68661,-6.831805,-2.5791616,70.5402,24.195736,91.16004,0.85430384
1.7166666666666666,41.471935,-7.006247,-2.9304287,70.201225,25.0,89.579414,40.651062,-6.8581133,-2.5443258,70.50839,24.065037,91.17476,0.9191583
1.7208333333333334,41.493515,-7.043618,-2.9304252,70.23761,25.0,89.502106,40.7185,-6.9298744,-2.5168486,70.24897,23.57674,91.11971,0.88579583
1.725,41.517315,-7.0848427,-2.9304242,70.277596,25.0,89.41669,40.82561,-6.9409027,-2.656208,69.76107,23.288494,91.23014,0.7578703
1.7291666666666667,41.54339,-7.1300077,-2.9304278,70.32122,25.0,89.32294,40.810677,-6.926057,-2.9959393,69.21314,23.201878,91.293304,0.76338345
1.7333333333333334,41.57179,-7.1791945,-2.9304242,70.36853,25.0,89.22061,40.652393,-7.118538,-2.98139,69.027664,23.49374,91.51622,0.9228026
1.7375,41.602543,-7.2324667,-2.9304256,70.41952,25.0,89.10956,40.802914,-7.268757,-3.0349789,69.4166,23.90237,91.79567,0.80725163
1.7416666666666667,41.63569,-7.289876,-2.9304252,70.47418,25.0,88.989586,40.816437,-7.3155184,-2.7175484,69.15027,23.019634,91.7486,0.84684587
1.7458333333333333,41.67125,-7.3514686,-2.9304252,70.5325,25.0,88.860535,41.13372,-7.3076506,-2.9872742,68.864655,24.246597,91.28838,0.5423
1.75,41.709244,-7.4172707,-2.9304228,70.59444,25.0,88.72228,41.38593,-7.096216,-3.2824779,69.84012,25.944946,91.65668,0.57580477
1.7541666666666667,41.749676,-7.487303,-2.9304245,70.65993,25.0,88.57472,40.941822,-7.1869392,-3.4210868,69.98711,26.023945,91.91741,0.9917638
1.7583333333333333,41.792553,-7.561571,-2.9304276,70.728905,25.0,88.41775,40.765762,-7.282152,-3.2600632,70.27318,26.133617,91.71319,1.1140169
1.7625,41.837875,-7.6400723,-2.9304273,70.80129,25.0,88.251274,40.685028,-7.386654,-3.0079098,70.470535,25.809486,91.73959,1.1829122
1.7666666666666666,41.88563,-7.722791,-2.9304261,70.87699,25.0,88.07526,41.30394,-7.679017,-2.9777899,70.796074,25.726028,91.18896,0.58525616
1.7708333333333333,41.93581,-7.809703,-2.930424,70.95589,25.0,87.889626,41.251953,-7.5616503,-3.2610426,71.24939,26.48656,90.65933,0.79906136
1.775,41.98839,-7.9007745,-2.9304287,71.03785,25.0,87.69437,41.083088,-8.220837,-3.3167748,71.31409,25.262863,90.11062,1.0350257
1.7791666666666666,42.043346,-7.995959,-2.9304278,71.122765,25.0,87.48948,40.981026,-8.75614,-2.9542322,71.36405,24.99091,90.07771,1.3065095
1.7833333333333334,42.100647,-8.095207,-2.9304242,71.21049,25.0,87.27494,41.093987,-8.446027,-3.132329,71.12945,25.42662,89.912415,1.0849909
1.7875,42.16026,-8.198459,-2.930426,71.30086,25.0,87.05078,41.296787,-8.272766,-3.5405912,71.02975,25.413643,89.39314,1.0599091
1.7916666666666667,42.222137,-8.305635,-2.9304254,71.39372,25.0,86.81705,41.378613,-8.428408,-3.6123848,71.1536,25.393898,88.898125,1.091639
1.7958333333333334,42.28624,-8.416663,-2.9304261,71.488914,25.0,86.57378,41.20964,-8.562115,-3.3751945,71.07575,24.957565,88.783195,1.1738999
1.8,42.352516,-8.531457,-2.9304287,71.586266,25.0,86.32104,41.10823,-8.595342,-3.3132386,71.222496,24.622478,88.386734,1.3034075
1.8041666666666667,42.42091,-8.649918,-2.9304237,71.68561,25.0,86.05891,41.223,-8.606774,-3.3028326,71.282974,24.726845,87.913536,1.2552047
1.8083333333333333,42.491364,-8.771944,-2.9304247,71.78674,25.0,85.78749,41.373486,-8.581223,-3.2139473,71.374054,24.843018,87.644455,1.1689358
1.8125,42.563812,-8.897431,-2.930425,71.8895,25.0,85.5069,41.477966,-8.587376,-3.0784645,71.52114,24.7071,87.48456,1.138908
1.8166666666666667,42.63819,-9.02626,-2.930427,71.9937,25.0,85.217255,41.57743,-8.638731,-3.074091,71.61116,24.75079,87.26395,1.1384336
1.8208333333333333,42.714428,-9.158306,-2.9304278,72.099144,25.0,84.91872,41.68713,-8.729747,-3.111452,71.67551,24.679226,87.00083,1.1277295
1.825,42.79245,-9.293446,-2.930424,72.205666,25.0,84.61142,41.787743,-8.799411,-3.1157541,71.752815,24.720398,86.74622,1.1348368
1.8291666666666666,42.87218,-9.43154,-2.930427,72.31306,25.0,84.295555,41.906555,-8.867261,-3.133935,71.829666,24.733047,86.48913,1.1367757
1.8333333333333333,42.953537,-9.572455,-2.9304264,72.42116,25.0,83.9713,42.020374,-8.966342,-3.15306,71.89715,24.730743,86.18506,1.1347827
1.8375,43.036438,-9.716039,-2.9304235,72.52978,25.0,83.63887,42.126392,-9.043716,-3.1334105,71.948616,24.731342,85.88957,1.1495234
1.8416666666666666,43.120792,-9.862148,-2.9304233,72.63874,25.0,83.298485,42.23083,-9.13627,-3.126995,72.046196,24.68755,85.57832,1.1651486
1.8458333333333334,43.206516,-10.010629,-2.9304266,72.74787,25.0,82.95037,42.340828,-9.275667,-3.1654444,72.122955,24.764294,85.23222,1.1596628
1.85,43.293514,-10.161314,-2.9304242,72.85701,25.0,82.59479,42.422104,-9.412327,-3.1032362,72.251335,24.838703,84.90408,1.1619818
1.8541666666666667,43.3817,-10.31405,-2.9304268,72.96598,25.0,82.23199,42.557926,-9.592423,-3.0080261,72.380486,24.795658,84.55404,1.0978922
1.8583333333333334,43.470966,-10.468667,-2.930423,73.074646,25.0,81.86227,42.75553,-9.826804,-2.9065704,72.27127,24.399467,84.15412,0.96145934
1.8625,43.561226,-10.625002,-2.9304252,73.18284,25.0,81.48591,42.8057,-9.9680605,-2.9128294,71.869255,24.182564,84.042564,1.0013508
1.8666666666666667,43.652374,-10.782871,-2.9304273,73.29041,25.0,81.10323,42.845375,-10.007867,-3.0376902,71.52569,24.145496,84.041595,1.1240039
1.8708333333333333,43.744305,-10.942105,-2.9304278,73.39724,25.0,80.71458,42.84214,-10.310736,-3.0853968,71.445114,24.1022,83.94234,1.1119999
1.875,43.836926,-11.102526,-2.9304254,73.50319,25.0,80.32027,43.155197,-10.574232,-3.069066,71.89035,24.207031,83.60952,0.8735382
1.8791666666666667,43.930126,-11.263962,-2.9304247,73.60814,25.0,79.920654,43.248497,-10.800914,-2.7638683,71.7345,23.681114,83.0163,0.8406978
1.8833333333333333,44.023808,-11.426219,-2.9304254,73.71196,25.0,79.51612,43.245308,-10.867226,-2.704955,71.379364,23.89822,82.70824,0.984567
1.8875,44.117863,-11.589123,-2.9304223,73.81456,25.0,79.10703,43.385387,-10.841239,-3.3438096,71.9106,24.807976,82.47543,1.1254951
1.8916666666666666,44.21218,-11.752494,-2.9304283,73.915825,25.0,78.69381,43.082233,-10.974699,-3.7687478,71.99821,24.835854,81.7714,1.6076461
1.8958333333333333,44.306664,-11.916136,-2.9304268,74.01567,25.0,78.27684,42.97628,-10.637949,-3.2526574,72.399025,25.03307,81.711235,1.8728358
1.9,44.401196,-12.079871,-2.9304261,74.11401,25.0,77.85658,43.052067,-10.896826,-2.4626732,73.13933,24.142895,81.438065,1.8543295
1.9041666666666666,44.495674,-12.243519,-2.9304278,74.21077,25.0,77.43344,43.359932,-11.506745,-2.497592,73.26757,24.589329,80.82096,1.4212996
1.9083333333333334,44.589996,-12.406885,-2.930427,74.30587,25.0,77.00788,43.24842,-11.425919,-2.9445877,73.27218,25.49606,80.355316,1.6620232
1.9125,44.684048,-12.569788,-2.9304245,74.399254,25.0,76.580376,43.274055,-11.71394,-2.9814396,73.045204,24.41232,79.55665,1.650199
1.9166666666666667,44.77773,-12.732049,-2.930428,74.49085,25.0,76.151375,43.198994,-11.971506,-2.5220766,73.09423,23.96938,79.3797,1.7993281
1.9208333333333334,44.870934,-12.89348,-2.9304273,74.58063,25.0,75.721375,43.245995,-11.781162,-2.624343,73.27288,24.617302,79.54777,1.9928285
1.925,44.963554,-13.0539055,-2.9304264,74.66853,25.0,75.29087,43.453392,-11.767338,-3.0469198,73.36075,25.319336,79.35673,1.9873142
1.9291666666666667,45.05549,-13.21314,-2.930426,74.754524,25.0,74.860374,43.574165,-12.00626,-3.0113087,73.32887,24.95168,78.96445,1.9124379
1.9333333333333333,45.146633,-13.371009,-2.9304264,74.83857,25.0,74.43039,43.57675,-12.006885,-2.7441149,73.29547,24.21103,79.034294,2.0880792
1.9375,45.236893,-13.52734,-2.9304276,74.92064,25.0,74.00142,43.59663,-12.008135,-2.7017088,73.570816,23.993755,78.68049,2.247389
1.9416666666666667,45.32616,-13.681957,-2.9304254,75.00072,25.0,73.57403,43.755173,-12.082684,-2.6393309,73.784996,24.158913,78.23818,2.2606225
1.9458333333333333,45.41434,-13.834692,-2.9304261,75.07877,25.0,73.14873,43.851234,-12.120735,-2.5910854,73.95151,24.411304,77.95051,2.3443766
1.95,45.501343,-13.985382,-2.9304256,75.1548,25.0,72.72604,43.96253,-12.241138,-2.5732727,74.03859,24.40802,77.56221,2.3532732
1.9541666666666666,45.587067,-14.133859,-2.9304235,75.22878,25.0,72.30654,44.074932,-12.367401,-2.5751162,74.113525,24.420246,77.09744,2.3522685
1.9583333333333333,45.67142,-14.279966,-2.930427,75.300705,25.0,71.89077,44.186676,-12.472345,-2.5913744,74.16607,24.400879,76.65576,2.3636663
1.9625,45.754322,-14.423554,-2.9304256,75.370575,25.0,71.47924,44.307785,-12.576202,-2.6071835,74.221405,24.388859,76.18861,2.368473
1.9666666666666666,45.83568,-14.564467,-2.9304278,75.43838,25.0,71.07253,44.438248,-12.68132,-2.6264105,74.2707,24.381886,75.70575,2.3646314
1.9708333333333334,45.915405,-14.702564,-2.9304276,75.50412,25.0,70.67118,44.576126,-12.7943735,-2.6633778,74.315506,24.351925,75.21896,2.3465242
1.975,45.993427,-14.837699,-2.9304273,75.567795,25.0,70.27572,44.719563,-12.913253,-2.7082624,74.349625,24.30849,74.733,2.31853
1.9791666666666667,46.069668,-14.969749,-2.930428,75.62941,25.0,69.886665,44.865425,-13.0336685,-2.737216,74.394,24.259438,74.24632,2.2882178
1.9833333333333334,46.144047,-15.098577,-2.9304237,75.68897,25.0,69.50458,45.016636,-13.15361,-2.7783175,74.43968,24.203747,73.75003,2.253239
1.9875,46.216496,-15.224061,-2.9304245,75.746475,25.0,69.12997,45.1529,-13.272825,-2.8350687,74.47188,24.140163,73.247894,2.224331
1.9916666666666667,46.28695,-15.34609,-2.9304242,75.80193,25.0,68.76333,45.26789,-13.42901,-2.8915224,74.512726,24.057537,72.77011,2.1714485
1.9958333333333333,46.355343,-15.464553,-2.9304268,75.85535,25.0,68.405174,45.36583,-13.606291,-2.9553118,74.558754,23.974495,72.31666,2.105444
2.0,46.421616,-15.579344,-2.9304314,75.90672,25.0,68.05599,45.45565,-13.82807,-2.9792976,74.62235,23.909424,71.89962,2.0006094
2.004166666666667,46.485718,-15.690373,-2.9304287,75.956085,25.0,67.716225,45.543816,-14.093206,-2.9965668,74.70778,23.846851,71.517044,1.8553965
2.0083333333333333,46.5476,-15.797552,-2.930434,76.00342,25.0,67.386314,45.624645,-14.374207,-3.020259,74.77328,23.75856,71.16193,1.698772
2.0125,46.60721,-15.900802,-2.9304297,76.04876,25.0,67.06672,45.68925,-14.665154,-3.0371046,74.84059,23.640797,70.82486,1.543
2.0166666666666666,46.66451,-16.000051,-2.9304326,76.092094,25.0,66.75781,45.73922,-14.946217,-3.064415,74.905014,23.509705,70.501305,1.4087865
2.0208333333333335,46.719467,-16.095236,-2.930426,76.13345,25.0,66.45998,45.783897,-15.217665,-3.0967665,74.9518,23.382214,70.1795,1.2934802
2.025,46.772045,-16.186306,-2.930423,76.17284,25.0,66.17356,45.79518,-15.495544,-3.125124,75.01218,23.267567,69.83188,1.2121564
2.029166666666667,46.822224,-16.273218,-2.9304268,76.21025,25.0,65.89888,45.785973,-15.758399,-3.1433744,75.10488,23.216747,69.46018,1.1765211
2.033333333333333,46.869984,-16.355938,-2.9304252,76.24573,25.0,65.63621,45.764496,-15.994206,-3.1644526,75.182915,23.219433,69.11141,1.1864746
2.0375,46.915302,-16.434437,-2.930425,76.279274,25.0,65.38583,45.731216,-16.221289,-3.1939998,75.2615,23.241882,68.752625,1.2316506
2.0416666666666665,46.958183,-16.508705,-2.9304252,76.310905,25.0,65.14791,45.700256,-16.432571,-3.2276373,75.33711,23.275352,68.41677,1.2948017
2.0458333333333334,46.998615,-16.578737,-2.9304273,76.340645,25.0,64.92265,45.70819,-16.64188,-3.2442865,75.45036,23.338993,68.07316,1.3295449
2.05,47.036606,-16.644543,-2.9304247,76.36852,25.0,64.71018,45.72465,-16.843266,-3.2419863,75.53615,23.383041,67.75295,1.3630062
2.0541666666666667,47.072166,-16.706131,-2.9304252,76.39455,25.0,64.51058,45.758682,-17.01751,-3.2179718,75.603676,23.443722,67.42374,1.380174
2.058333333333333,47.105312,-16.763542,-2.9304254,76.418755,25.0,64.32389,45.814957,-17.183777,-3.1790943,75.65033,23.504269,67.106346,1.3796562
2.0625,47.13607,-16.816814,-2.930424,76.44118,25.0,64.1501,45.87986,-17.348755,-3.1588001,75.69271,23.581642,66.81327,1.3831778
2.066666666666667,47.164467,-16.866001,-2.9304292,76.46184,25.0,63.989174,45.971207,-17.490168,-3.184824,75.74153,23.683361,66.55597,1.3704636
2.0708333333333333,47.190544,-16.911167,-2.9304276,76.48079,25.0,63.840984,46.08441,-17.607506,-3.184105,75.809875,23.773071,66.35596,1.3314536
2.075,47.214344,-16.952389,-2.930427,76.49806,25.0,63.7054,46.2093,-17.717077,-3.1511383,75.88527,23.847824,66.16345,1.2820193
2.0791666666666666,47.23592,-16.989761,-2.930429,76.5137,25.0,63.582195,46.320335,-17.818445,-3.0986748,75.95717,23.885979,65.956825,1.246322
2.0833333333333335,47.255337,-17.02339,-2.9304283,76.52776,25.0,63.471096,46.38949,-17.900658,-3.0515747,76.01408,23.892414,65.77057,1.238535
2.0875,47.27266,-17.053394,-2.930428,76.5403,25.0,63.37179,46.44239,-17.990202,-3.0073328,76.08585,23.879879,65.61614,1.2541409
2.091666666666667,47.287964,-17.0799,-2.9304242,76.55137,25.0,63.28391,46.498436,-18.074615,-3.0233126,76.185074,23.883785,65.424965,1.2733577
2.095833333333333,47.301334,-17.103062,-2.9304273,76.56103,25.0,63.207016,46.54291,-18.137417,-3.0190487,76.29178,23.89151,65.25258,1.2856709
2.1,47.312866,-17.123035,-2.9304252,76.56936,25.0,63.14061,46.595074,-18.184069,-3.0119991,76.410385,23.924335,65.113525,1.2836168
2.1041666666666665,47.322662,-17.140001,-2.9304237,76.57643,25.0,63.084145,46.643105,-18.222834,-2.9864092,76.505554,23.974903,65.01619,1.2796323
2.1083333333333334,47.33083,-17.154146,-2.9304266,76.58232,25.0,63.037025,46.688614,-18.24302,-2.951972,76.58746,24.040241,64.96164,1.2643375
2.1125,47.337486,-17.165682,-2.9304254,76.58713,25.0,62.998577,46.723778,-18.257822,-2.9274578,76.66512,24.103813,64.9219,1.2527639
2.1166666666666667,47.34277,-17.174828,-2.9304266,76.590935,25.0,62.96806,46.74018,-18.267761,-2.90102,76.723564,24.17059,64.87169,1.2483917
2.120833333333333,47.34681,-17.181822,-2.9304242,76.59385,25.0,62.94471,46.75592,-18.278767,-2.9010267,76.75705,24.233639,64.79335,1.2463154
2.125,47.349754,-17.186928,-2.9304283,76.59597,25.0,62.927673,46.766586,-18.286684,-2.9097652,76.77638,24.298492,64.70087,1.2449802
2.129166666666667,47.351765,-17.190405,-2.9304261,76.59742,25.0,62.916054,46.78001,-18.276552,-2.9388075,76.78482,24.367317,64.623245,1.2274728
2.1333333333333333,47.353004,-17.192553,-2.9304276,76.59831,25.0,62.90888,46.793633,-18.258709,-2.9761639,76.78804,24.431313,64.54895,1.204856
2.1375,47.35365,-17.193678,-2.930424,76.598785,25.0,62.90514,46.806316,-18.230854,-3.0130262,76.78947,24.496025,64.474884,1.1756406
2.1416666666666666,47.353893,-17.194096,-2.930429,76.59895,25.0,62.903732,46.820198,-18.195204,-3.046401,76.7836,24.560883,64.41207,1.1403936
2.1458333333333335,47.353928,-17.194157,-2.9304252,76.59898,25.0,62.903534,46.83608,-18.154121,-3.0748215,76.78287,24.61924,64.35468,1.10025
2.15,47.353928,-17.194157,-2.9304252,76.59898,25.0,62.903534,46.848885,-18.112774,-3.0953035,76.78284,24.668022,64.30423,1.0611837
2.154166666666667,47.353928,-17.194157,-2.9304252,76.59898,25.0,62.903534,46.8582,-18.068413,-3.1047497,76.79319,24.714607,64.27017,1.0200287
2.158333333333333,47.353928,-17.194157,-2.9304252,76.59898,25.0,62.903534,46.860336,-18.020393,-3.1052895,76.79903,24.75481,64.24515,0.9782009
2.1625,47.353928,-17.194157,-2.9304252,76.59898,25.0,62.903534,46.86337,-17.975906,-3.1063766,76.79964,24.791985,64.22167,0.9395421
2.1666666666666665,47.353928,-17.194157,-2.9304252,76.59898,25.0,62.903534,46.86644,-17.931633,-3.1059456,76.798584,24.821018,64.20547,0.9012897
2.1708333333333334,47.353928,-17.194157,-2.9304252,76.59898,25.0,62.903534,46.868942,-17.890158,-3.1069326,76.795105,24.843468,64.191,0.86647743
2.175,47.353928,-17.194157,-2.9304252,76.59898,25.0,62.903534,46.872566,-17.85391,-3.1069899,76.79086,24.8665,64.17862,0.83555907
2.1791666666666667,47.353928,-17.194157,-2.9304252,76.59898,25.0,62.903534,46.875343,-17.82286,-3.1067677,76.78446,24.885578,64.16756,0.80957294
2.183333333333333,47.353928,-17.194157,-2.9304252,76.59898,25.0,62.903534,46.877213,-17.794855,-3.1082468,76.77785,24.900555,64.15854,0.7872207
2.1875,47.353928,-17.194157,-2.9304252,76.59898,25.0,62.903534,46.87826,-17.771076,-3.1075335,76.774155,24.913712,64.152695,0.7684151
2.191666666666667,47.353928,-17.194157,-2.9304252,76.59898,25.0,62.903534,46.879272,-17.750334,-3.1054459,76.77287,24.925144,64.15034,0.7518396
2.1958333333333333,47.353928,-17.194157,-2.9304252,76.59898,25.0,62.903534,46.879635,-17.733988,-3.1012487,76.7726,24.932041,64.152756,0.7386149
2.2,47.353928,-17.194157,-2.9304252,76.59898,25.0,62.903534,46.880737,-17.7213,-3.0964413,76.774414,24.93742,64.15549,0.72756493
2.2041666666666666,47.353928,-17.194157,-2.9304252,76.59898,25.0,62.903534,46.8826,-17.712063,-3.091116,76.77829,24.942654,64.15784,0.71847
2.2083333333333335,47.353928,-17.194157,-2.9304252,76.59898,25.0,62.903534,46.884903,-17.705454,-3.0861893,76.78286,24.947258,64.16001,0.71110576
2.2125,47.353928,-17.194157,-2.9304252,76.59898,25.0,62.903534,46.887577,-17.700993,-3.0814543,76.78803,24.952034,64.16192,0.7051066
2.216666666666667,47.353928,-17.194157,-2.9304252,76.59898,25.0,62.903534,46.890293,-17.697828,-3.0775023,76.79331,24.95663,64.16387,0.7001955
2.220833333333333,47.353928,-17.194157,-2.9304252,76.59898,25.0,62.903534,46.89268,-17.695923,-3.074129,76.79868,24.96099,64.16581,0.69654036
2.225,47.353928,-17.194157,-2.9304252,76.59898,25.0,62.903534,46.894684,-17.69493,-3.0710459,76.80374,24.964607,64.16728,0.6938675
2.2291666666666665,47.353928,-17.194157,-2.9304252,76.59898,25.0,62.903534,46.896446,-17.69462,-3.0682535,76.80816,24.967384,64.16802,0.6919173
2.2333333333333334,47.353928,-17.194157,-2.9304252,76.59898,25.0,62.903534,46.89782,-17.694706,-3.065856,76.811935,24.969517,64.16812,0.6905981
2.2375,47.353928,-17.194157,-2.9304252,76.59898,25.0,62.903534,46.89882,-17.694954,-3.0639439,76.81502,24.97116,64.16774,0.6897456
2.2416666666666667,47.353928,-17.194157,-2.9304252,76.59898,25.0,62.903534,46.899513,-17.695251,-3.0626192,76.81735,24.972378,64.16711,0.6892487
2.245833333333333,47.353928,-17.194157,-2.9304252,76.59898,25.0,62.903534,46.899895,-17.695574,-3.0617628,76.81888,24.973057,64.166336,0.6890679
2.25,47.353928,-17.194157,-2.9304252,76.59898,25.0,62.903534,46.9001,-17.695839,-3.0612478,76.819756,24.973358,64.165665,0.68902725
2.254166666666667,47.353928,-17.194157,-2.9304252,76.59898,25.0,62.903534,46.900154,-17.696022,-3.0609856,76.82016,24.973438,64.16524,0.68907565
2.2583333333333333,47.353928,-17.194157,-2.9304252,76.59898,25.0,62.903534,46.90016,-17.696108,-3.0609322,76.82029,24.973442,64.16502,0.68912303
2.2625,47.353928,-17.194157,-2.9304252,76.59898,25.0,62.903534,46.90017,-17.696133,-3.0609198,76.82031,24.973454,64.16496,0.6891337
2.2666666666666666,47.353928,-17.194157,-2.9304252,76.59898,25.0,62.903534,46.90017,-17.696135,-3.0609112,76.82032,24.97345,64.164955,0.68913347
2.2708333333333335,47.353928,-17.194157,-2.9304252,76.59898,25.0,62.903534,46.90016,-17.696135,-3.060916,76.82032,24.97345,64.16495,0.6891394
2.275,47.353928,-17.194157,-2.9304252,76.59898,25.0,62.903534,46.90017,-17.696138,-3.060913,76.82031,24.973446,64.16495,0.6891367
2.279166666666667,47.353928,-17.194157,-2.9304252,76.59898,25.0,62.903534,46.90017,-17.696136,-3.0609121,76.82032,24.973442,64.16495,0.6891351
2.283333333333333,47.353928,-17.194157,-2.9304252,76.59898,25.0,62.903534,46.90017,-17.696138,-3.060915,76.82032,24.973446,64.16495,0.689137
2.2875,47.353928,-17.194157,-2.9304252,76.59898,25.0,62.903534,46.90017,-17.696138,-3.060915,76.82032,24.973442,64.16495,0.689137
2.2916666666666665,47.353928,-17.194157,-2.9304252,76.59898,25.0,62.903534,46.90017,-17.696138,-3.060917,76.82033,24.97345,64.16495,0.6891374
2.2958333333333334,47.353928,-17.194157,-2.9304252,76.59898,25.0,62.903534,46.90017,-17.69614,-3.060916,76.82033,24.973438,64.16495,0.6891386
2.3,47.353928,-17.194157,-2.9304252,76.59898,25.0,62.903534,46.90017,-17.69614,-3.060916,76.82032,24.973442,64.16494,0.6891386
2.3041666666666667,47.353928,-17.194157,-2.9304252,76.59898,25.0,62.903534,46.90017,-17.696138,-3.060915,76.82032,24.973434,64.16493,0.689137
2.308333333333333,47.353928,-17.194157,-2.9304252,76.59898,25.0,62.903534,46.900173,-17.696138,-3.060915,76.82032,24.973438,64.16493,0.6891345
2.3125,47.353928,-17.194157,-2.9304252,76.59898,25.0,62.903534,46.90017,-17.696138,-3.060917,76.82031,24.973434,64.16494,0.6891374
2.316666666666667,47.353928,-17.194157,-2.9304252,76.59898,25.0,62.903534,46.90017,-17.69614,-3.0609179,76.82032,24.973442,64.16493,0.68913895
2.3208333333333333,47.353928,-17.194157,-2.9304252,76.59898,25.0,62.903534,46.90017,-17.696138,-3.0609198,76.82031,24.973442,64.16493,0.68913794
2.325,47.353928,-17.194157,-2.9304252,76.59898,25.0,62.903534,46.900173,-17.696138,-3.0609236,76.82032,24.973442,64.16493,0.68913615
2.3291666666666666,47.353928,-17.194157,-2.9304252,76.59898,25.0,62.903534,46.90017,-17.696138,-3.0609217,76.82031,24.973442,64.16493,0.6891383
2.3333333333333335,47.353928,-17.194157,-2.9304252,76.59898,25.0,62.903534,46.900173,-17.696138,-3.0609226,76.82031,24.973446,64.16493,0.68913597
2.3375,47.353928,-17.194157,-2.9304252,76.59898,25.0,62.903534,46.900173,-17.696135,-3.0609217,76.82031,24.973446,64.16493,0.689133
2.341666666666667,47.353928,-17.194157,-2.9304252,76.59898,25.0,62.903534,46.900177,-17.696135,-3.0609226,76.82031,24.973446,64.16493,0.6891306
2.345833333333333,47.353928,-17.194157,-2.9304252,76.59898,25.0,62.903534,46.900177,-17.696135,-3.0609236,76.82031,24.973446,64.16493,0.6891308
2.35,47.353928,-17.194157,-2.9304252,76.59898,25.0,62.903534,46.900177,-17.696136,-3.0609226,76.82031,24.973446,64.16493,0.68913203
2.3541666666666665,47.353928,-17.194157,-2.9304252,76.59898,25.0,62.903534,46.900177,-17.696136,-3.0609236,76.82031,24.97345,64.16493,0.6891322
2.3583333333333334,47.353928,-17.194157,-2.9304252,76.59898,25.0,62.903534,46.900177,-17.696135,-3.0609255,76.82031,24.97345,64.16493,0.68913114
2.3625,47.353928,-17.194157,-2.9304252,76.59898,25.0,62.903534,46.900177,-17.696135,-3.0609255,76.82031,24.97345,64.16493,0.68913114
2.3666666666666667,47.353928,-17.194157,-2.9304252,76.59898,25.0,62.903534,46.900177,-17.696135,-3.0609255,76.82031,24.97345,64.16493,0.68913114
2.370833333333333,47.353928,-17.194157,-2.9304252,76.59898,25.0,62.903534,46.900177,-17.696135,-3.0609255,76.82031,24.97345,64.16493,0.68913114
2.375,47.353928,-17.194157,-2.9304252,76.59898,25.0,62.903534,46.900177,-17.696135,-3.0609255,76.82031,24.97345,64.16493,0.68913114
2.379166666666667,47.353928,-17.194157,-2.9304252,76.59898,25.0,62.903534,46.900177,-17.696135,-3.0609255,76.82031,24.97345,64.16493,0.68913114
2.3833333333333333,47.353928,-17.194157,-2.9304252,76.59898,25.0,62.903534,46.900177,-17.696135,-3.0609255,76.82031,24.97345,64.16493,0.68913114
2.3875,47.353928,-17.194157,-2.9304252,76.59898,25.0,62.903534,46.900177,-17.696135,-3.0609255,76.82031,24.97345,64.16493,0.68913114
2.3916666666666666,47.353928,-17.194157,-2.9304252,76.59898,25.0,62.903534,46.900177,-17.696135,-3.0609255,76.82031,24.97345,64.16493,0.68913114
2.3958333333333335,47.353928,-17.194157,-2.9304252,76.59898,25.0,62.903534,46.900177,-17.696135,-3.0609255,76.82031,24.97345,64.16493,0.68913114
2.4,47.353928,-17.194157,-2.9304252,76.59898,25.0,62.903534,46.900177,-17.696135,-3.0609255,76.82031,24.97345,64.16493,0.68913114
2.404166666666667,47.353928,-17.194157,-2.9304252,76.59898,25.0,62.903534,46.900177,-17.696135,-3.0609255,76.82031,24.97345,64.16493,0.68913114
2.408333333333333,47.353928,-17.194157,-2.9304252,76.59898,25.0,62.903534,46.900177,-17.696135,-3.0609255,76.82031,24.97345,64.16493,0.68913114
2.4125,47.353928,-17.194157,-2.9304252,76.59898,25.0,62.903534,46.900177,-17.696135,-3.0609255,76.82031,24.97345,64.16493,0.68913114
2.4166666666666665,47.353928,-17.194157,-2.9304252,76.59898,25.0,62.903534,46.900177,-17.696135,-3.0609255,76.82031,24.97345,64.16493,0.68913114
2.4208333333333334,47.353928,-17.194157,-2.9304252,76.59898,25.0,62.903534,46.900177,-17.696135,-3.0609255,76.82031,24.97345,64.16493,0.68913114
2.425,47.353928,-17.194157,-2.9304252,76.59898,25.0,62.903534,46.900177,-17.696135,-3.0609255,76.82031,24.97345,64.16493,0.68913114
2.4291666666666667,47.353928,-17.194157,-2.9304252,76.59898,25.0,62.903534,46.900177,-17.696135,-3.0609255,76.82031,24.97345,64.16493,0.68913114
2.433333333333333,47.353928,-17.194157,-2.9304252,76.59898,25.0,62.903534,46.900177,-17.696135,-3.0609255,76.82031,24.97345,64.16493,0.68913114
2.4375,47.353928,-17.194157,-2.9304252,76.59898,25.0,62.903534,46.900177,-17.696135,-3.0609255,76.82031,24.97345,64.16493,0.68913114
2.441666666666667,47.353928,-17.194157,-2.9304252,76.59898,25.0,62.903534,46.900177,-17.696135,-3.0609255,76.82031,24.97345,64.16493,0.68913114
2.4458333333333333,47.353928,-17.194157,-2.9304252,76.59898,25.0,62.903534,46.900177,-17.696135,-3.0609255,76.82031,24.97345,64.16493,0.68913114
2.45,47.353928,-17.194157,-2.9304252,76.59898,25.0,62.903534,46.900177,-17.696135,-3.0609255,76.82031,24.97345,64.16493,0.68913114
2.4541666666666666,47.353928,-17.194157,-2.9304252,76.59898,25.0,62.903534,46.900177,-17.696135,-3.0609255,76.82031,24.97345,64.16493,0.68913114
2.4583333333333335,47.353928,-17.194157,-2.9304252,76.59898,25.0,62.903534,46.900177,-17.696135,-3.0609255,76.82031,24.97345,64.16493,0.68913114
2.4625,47.353928,-17.194157,-2.9304252,76.59898,25.0,62.903534,46.900177,-17.696135,-3.0609255,76.82031,24.97345,64.16493,0.68913114
2.466666666666667,47.353928,-17.194157,-2.9304252,76.59898,25.0,62.903534,46.900177,-17.696135,-3.0609255,76.82031,24.97345,64.16493,0.68913114
2.470833333333333,47.353928,-17.194157,-2.9304252,76.59898,25.0,62.903534,46.900177,-17.696135,-3.0609255,76.82031,24.97345,64.16493,0.68913114
2.475,47.353928,-17.194157,-2.9304252,76.59898,25.0,62.903534,46.900177,-17.696135,-3.0609255,76.82031,24.97345,64.16493,0.68913114
2.4791666666666665,47.353928,-17.194157,-2.9304252,76.59898,25.0,62.903534,46.900177,-17.696135,-3.0609255,76.82031,24.97345,64.16493,0.68913114
2.4833333333333334,47.353928,-17.194157,-2.9304252,76.59898,25.0,62.903534,46.900177,-17.696135,-3.0609255,76.82031,24.97345,64.16493,0.68913114
2.4875,47.353928,-17.194157,-2.9304252,76.59898,25.0,62.903534,46.900177,-17.696135,-3.0609255,76.82031,24.97345,64.16493,0.68913114
2.4916666666666667,47.353928,-17.194157,-2.9304252,76.59898,25.0,62.903534,46.900177,-17.696135,-3.0609255,76.82031,24.97345,64.16493,0.68913114
2.495833333333333,47.353928,-17.194157,-2.9304252,76.59898,25.0,62.903534,46.900177,-17.696135,-3.0609255,76.82031,24.97345,64.16493,0.68913114
2.5,47.353928,-17.194157,-2.9304252,76.59898,25.0,62.903534,46.900177,-17.696135,-3.0609255,76.82031,24.97345,64.16493,0.68913114
2.504166666666667,47.353928,-17.194157,-2.9304252,76.59898,25.0,62.903534,46.900177,-17.696135,-3.0609255,76.82031,24.97345,64.16493,0.68913114
2.5083333333333333,47.353928,-17.194157,-2.9304252,76.59898,25.0,62.903534,46.900177,-17.696135,-3.0609255,76.82031,24.97345,64.16493,0.68913114
2.5125,47.353928,-17.194157,-2.9304252,76.59898,25.0,62.903534,46.900177,-17.696135,-3.0609255,76.82031,24.97345,64.16493,0.68913114
2.5166666666666666,47.353928,-17.194157,-2.9304252,76.59898,25.0,62.903534,46.900177,-17.696135,-3.0609255,76.82031,24.97345,64.16493,0.68913114
2.5208333333333335,47.353928,-17.194157,-2.9304252,76.59898,25.0,62.903534,46.900177,-17.696135,-3.0609255,76.82031,24.97345,64.16493,0.68913114
2.525,47.353928,-17.194157,-2.9304252,76.59898,25.0,62.903534,46.900177,-17.696135,-3.0609255,76.82031,24.97345,64.16493,0.68913114
2.529166666666667,47.353928,-17.194157,-2.9304252,76.59898,25.0,62.903534,46.900177,-17.696135,-3.0609255,76.82031,24.97345,64.16493,0.68913114
2.533333333333333,47.353928,-17.194157,-2.9304252,76.59898,25.0,62.903534,46.900173,-17.696135,-3.0609264,76.82031,24.97345,64.16495,0.6891339
2.5375,47.353928,-17.194157,-2.9304252,76.59898,25.0,62.903534,46.90015,-17.696136,-3.0609446,76.82028,24.973476,64.16499,0.6891538
2.5416666666666665,47.353928,-17.194157,-2.9304252,76.59898,25.0,62.903534,46.90007,-17.696156,-3.0610094,76.82022,24.973572,64.165115,0.6892327
2.5458333333333334,47.353928,-17.194157,-2.9304252,76.59898,25.0,62.903534,46.899902,-17.696203,-3.0612202,76.82009,24.973827,64.16536,0.6894179
2.55,47.353928,-17.194157,-2.9304252,76.59898,25.0,62.903534,46.89959,-17.6962,-3.0617275,76.81973,24.974293,64.16586,0.6897176
2.5541666666666667,47.353928,-17.194157,-2.9304252,76.59898,25.0,62.903534,46.89904,-17.695984,-3.062725,76.81906,24.975033,64.16691,0.6901133
2.558333333333333,47.353928,-17.194157,-2.9304252,76.59898,25.0,62.903534,46.898224,-17.695389,-3.0643187,76.81779,24.975811,64.16883,0.6905266
2.5625,47.353928,-17.194157,-2.9304252,76.59898,25.0,62.903534,46.89705,-17.69431,-3.0665598,76.815506,24.976215,64.171906,0.6909583
2.566666666666667,47.353928,-17.194157,-2.9304252,76.59898,25.0,62.903534,46.89554,-17.692696,-3.0695324,76.811745,24.975594,64.176315,0.6913846
2.5708333333333333,47.353928,-17.194157,-2.9304252,76.59898,25.0,62.903534,46.893818,-17.69041,-3.073309,76.805954,24.973507,64.18249,0.6916536
2.575,47.353928,-17.194157,-2.9304252,76.59898,25.0,62.903534,46.891823,-17.687275,-3.0779696,76.79774,24.96931,64.19104,0.6917195
2.5791666666666666,47.353928,-17.194157,-2.9304252,76.59898,25.0,62.903534,46.889305,-17.682972,-3.0833664,76.78673,24.962337,64.202736,0.691524
2.5833333333333335,47.353928,-17.194157,-2.9304252,76.59898,25.0,62.903534,46.886436,-17.676853,-3.0901003,76.77247,24.951496,64.21824,0.69068086
2.5875,47.353928,-17.194157,-2.9304252,76.59898,25.0,62.903534,46.88301,-17.670137,-3.0968857,76.75459,24.93592,64.23864,0.6899488
2.591666666666667,47.353928,-17.194157,-2.9304252,76.59898,25.0,62.903534,46.879128,-17.66326,-3.1033792,76.73417,24.916592,64.26299,0.68949676
2.595833333333333,47.353928,-17.194157,-2.9304252,76.59898,25.0,62.903534,46.874786,-17.656853,-3.1085224,76.71268,24.894146,64.29067,0.68947995
2.6,47.353928,-17.194157,-2.9304252,76.59898,25.0,62.903534,46.870743,-17.65181,-3.1128979,76.69006,24.870148,64.321205,0.6900798
2.6041666666666665,47.353928,-17.194157,-2.9304252,76.59898,25.0,62.903534,46.86781,-17.648582,-3.1163101,76.66623,24.842552,64.35309,0.69091755
2.6083333333333334,47.353928,-17.194157,-2.9304252,76.59898,25.0,62.903534,46.8642,-17.645317,-3.1167336,76.64087,24.809113,64.38852,0.69143987
2.6125,47.353928,-17.194157,-2.9304252,76.59898,25.0,62.903534,46.858047,-17.640598,-3.1146631,76.613754,24.770313,64.42667,0.6922072
2.6166666666666667,47.353928,-17.194157,-2.9304252,76.59898,25.0,62.903534,46.8474,-17.637308,-3.1083803,76.587524,24.729645,64.46882,0.6961471
2.620833333333333,47.353928,-17.194157,-2.9304252,76.59898,25.0,62.903534,46.833138,-17.63961,-3.0932074,76.56915,24.68026,64.5039,0.70437866
2.625,47.353928,-17.194157,-2.9304252,76.59898,25.0,62.903534,46.82054,-17.642942,-3.0748415,76.54486,24.626465,64.53929,0.7118747
2.629166666666667,47.353928,-17.194157,-2.9304252,76.59898,25.0,62.903534,46.81027,-17.645273,-3.0553303,76.51709,24.562416,64.58489,0.717407
2.6333333333333333,47.353928,-17.194157,-2.9304252,76.59898,25.0,62.903534,46.80262,-17.650808,-3.032587,76.49561,24.496796,64.643326,0.7231238
2.6375,47.353928,-17.194157,-2.9304252,76.59898,25.0,62.903534,46.790527,-17.66084,-3.0027132,76.468994,24.423546,64.711235,0.7351448
2.6416666666666666,47.353928,-17.194157,-2.9304252,76.59898,25.0,62.903534,46.768177,-17.664068,-2.9793854,76.424385,24.355156,64.77106,0.7525408
2.6458333333333335,47.353928,-17.194157,-2.9304252,76.59898,25.0,62.903534,46.76546,-17.654884,-2.955535,76.36069,24.27763,64.81821,0.7477924
2.65,47.353928,-17.194157,-2.9304252,76.59898,25.0,62.903534,46.778492,-17.645863,-2.93641,76.29071,24.191967,64.85905,0.7315738
2.654166666666667,47.353893,-17.194096,-2.930429,76.59895,25.0,62.903732,46.806774,-17.642788,-2.919694,76.21085,24.091251,64.89995,0.7076577
2.658333333333333,47.35365,-17.193678,-2.930424,76.598785,25.0,62.90514,46.86106,-17.646996,-2.9071922,76.12703,24.034641,64.95935,0.66983545
2.6625,47.353004,-17.192553,-2.9304276,76.59831,25.0,62.90888,46.91282,-17.687449,-2.8482418,76.050575,23.967266,65.00983,0.66741276
2.6666666666666665,47.351765,-17.190405,-2.9304261,76.59742,25.0,62.916054,46.92291,-17.733446,-2.821682,75.95815,23.90924,65.0291,0.7004545
2.6708333333333334,47.349754,-17.186928,-2.9304283,76.59597,25.0,62.927673,46.90628,-17.792933,-2.8140764,75.85277,23.876438,65.05648,0.75990033
2.675,47.34681,-17.181822,-2.9304242,76.59385,25.0,62.94471,46.871284,-17.897305,-2.8211937,75.73538,23.870487,65.056854,0.8660085
2.6791666666666667,47.34277,-17.174828,-2.9304266,76.590935,25.0,62.96806,46.816933,-18.013346,-2.8229961,75.62489,23.873058,65.075424,0.9955694
2.683333333333333,47.337486,-17.165682,-2.9304254,76.58713,25.0,62.998577,46.76239,-18.111712,-2.818408,75.56326,23.916912,65.1165,1.1127694
2.6875,47.33083,-17.154146,-2.9304266,76.58232,25.0,63.037025,46.699326,-18.242378,-2.805869,75.56574,23.929771,65.090546,1.2643421
2.691666666666667,47.322662,-17.140001,-2.9304237,76.57643,25.0,63.084145,46.620117,-18.397486,-2.820448,75.56758,23.922638,65.03604,1.4446216
2.6958333333333333,47.312866,-17.123035,-2.9304252,76.56936,25.0,63.14061,46.516075,-18.530464,-2.8426619,75.58361,23.92464,64.91784,1.6197019
2.7,47.301334,-17.103062,-2.9304273,76.56103,25.0,63.207016,46.38848,-18.621307,-2.839016,75.620674,23.92059,64.80388,1.7739017
2.7041666666666666,47.287964,-17.0799,-2.9304242,76.55137,25.0,63.28391,46.28802,-18.629301,-2.7834978,75.667046,23.995743,64.72333,1.8498957
2.7083333333333335,47.27266,-17.053394,-2.930428,76.5403,25.0,63.37179,46.23392,-18.572126,-2.7128153,75.706635,24.118454,64.69446,1.8528032
2.7125,47.255337,-17.02339,-2.9304283,76.52776,25.0,63.471096,46.195427,-18.476423,-2.639389,75.73222,24.205967,64.74481,1.8219273
2.716666666666667,47.23592,-16.989761,-2.930429,76.5137,25.0,63.582195,46.184437,-18.359636,-2.5925121,75.74449,24.28347,64.85577,1.7596482
2.720833333333333,47.214344,-16.952389,-2.930427,76.49806,25.0,63.7054,46.17904,-18.23737,-2.5171156,75.75946,24.352978,65.010765,1.7011344
2.725,47.190544,-16.911167,-2.9304276,76.48079,25.0,63.840984,46.174515,-18.11727,-2.4632254,75.751434,24.423225,65.10744,1.6447725
2.7291666666666665,47.164467,-16.866001,-2.9304292,76.46184,25.0,63.989174,46.180862,-18.004396,-2.4028254,75.76131,24.451576,65.25971,1.5942984
2.7333333333333334,47.13607,-16.816814,-2.930424,76.44118,25.0,64.1501,46.19259,-17.884354,-2.3472347,75.75725,24.461475,65.437775,1.5394502
2.7375,47.105312,-16.763542,-2.9304254,76.418755,25.0,64.32389,46.188934,-17.772627,-2.2941275,75.732346,24.44225,65.60298,1.5042857
2.7416666666666667,47.072166,-16.706131,-2.9304252,76.39455,25.0,64.51058,46.181957,-17.642586,-2.2891798,75.68326,24.394463,65.75969,1.4424338
2.745833333333333,47.036606,-16.644543,-2.9304247,76.36852,25.0,64.71018,46.17794,-17.502138,-2.3417206,75.5975,24.312206,65.946884,1.3488324
2.75,46.998615,-16.578737,-2.9304273,76.340645,25.0,64.92265,46.168854,-17.359058,-2.399065,75.48227,24.211926,66.187325,1.2568815
2.754166666666667,46.958183,-16.508705,-2.9304252,76.310905,25.0,65.14791,46.124084,-17.223501,-2.4823236,75.36015,24.096577,66.46147,1.1863596
2.7583333333333333,46.915302,-16.434437,-2.930425,76.279274,25.0,65.38583,46.092354,-17.079517,-2.5935926,75.226494,24.028149,66.72418,1.0985577
2.7625,46.869984,-16.355938,-2.9304252,76.24573,25.0,65.63621,46.057705,-16.971508,-2.7015018,75.08672,23.998066,66.97157,1.0445713
2.7666666666666666,46.822224,-16.273218,-2.9304268,76.21025,25.0,65.89888,46.03267,-16.851671,-2.8060284,74.9361,23.94601,67.24945,0.9866506
2.7708333333333335,46.772045,-16.186306,-2.930423,76.17284,25.0,66.17356,46.01944,-16.753708,-2.859189,74.79223,23.88226,67.548294,0.9452164
2.775,46.719467,-16.095236,-2.930426,76.13345,25.0,66.45998,46.018524,-16.649994,-2.917697,74.64624,23.820198,67.84535,0.894002
2.779166666666667,46.66451,-16.000051,-2.9304326,76.092094,25.0,66.75781,46.005955,-16.52005,-2.957982,74.51751,23.768139,68.12695,0.839554
2.783333333333333,46.60721,-15.900802,-2.9304297,76.04876,25.0,67.06672,45.994705,-16.38622,-2.9860926,74.420654,23.740612,68.3907,0.78351146
2.7875,46.5476,-15.797552,-2.930434,76.00342,25.0,67.386314,45.98302,-16.250582,-3.0306711,74.3118,23.704914,68.64933,0.7307755
2.7916666666666665,46.485718,-15.690373,-2.9304287,75.956085,25.0,67.716225,45.965607,-16.111668,-3.0915394,74.20556,23.67186,68.89985,0.68844825
2.7958333333333334,46.421616,-15.579344,-2.9304314,75.90672,25.0,68.05599,45.942863,-15.994928,-3.1599808,74.11202,23.665844,69.12522,0.67424554
2.8,46.355343,-15.464553,-2.9304268,75.85535,25.0,68.405174,45.933037,-15.869413,-3.2435942,74.04531,23.736164,69.314926,0.6635723
2.8041666666666667,46.28695,-15.34609,-2.9304242,75.80193,25.0,68.76333,45.923683,-15.739832,-3.3311038,73.994286,23.849419,69.47646,0.6689834
2.808333333333333,46.216496,-15.224061,-2.9304245,75.746475,25.0,69.12997,45.907593,-15.620653,-3.412734,73.937744,23.982246,69.63263,0.6966554
2.8125,46.144047,-15.098577,-2.9304237,75.68897,25.0,69.50458,45.876553,-15.505099,-3.4890857,73.86385,24.103893,69.80769,0.7408894
2.816666666666667,46.069668,-14.969749,-2.930428,75.62941,25.0,69.886665,45.829983,-15.39761,-3.5505524,73.781395,24.20671,69.9875,0.7906121
2.8208333333333333,45.993427,-14.837699,-2.9304273,75.567795,25.0,70.27572,45.776085,-15.291399,-3.5912137,73.70915,24.294182,70.186745,0.83049387
2.825,45.915405,-14.702564,-2.9304276,75.50412,25.0,70.67118,45.720898,-15.194676,-3.6287189,73.64502,24.375893,70.39456,0.87613827
2.8291666666666666,45.83568,-14.564467,-2.9304278,75.43838,25.0,71.07253,45.67289,-15.117798,-3.6707807,73.565994,24.444054,70.61155,0.93850785
2.8333333333333335,45.754322,-14.423554,-2.9304256,75.370575,25.0,71.47924,45.633278,-15.04834,-3.7156901,73.49286,24.514359,70.84049,1.0107665
2.8375,45.67142,-14.279966,-2.930427,75.300705,25.0,71.89077,45.593765,-14.965172,-3.7720757,73.4353,24.593948,71.08826,1.088076
2.841666666666667,45.587067,-14.133859,-2.9304235,75.22878,25.0,72.30654,45.556522,-14.874731,-3.8212337,73.38087,24.66949,71.34308,1.1590375
2.845833333333333,45.501343,-13.985382,-2.9304256,75.1548,25.0,72.72604,45.52391,-14.798003,-3.879231,73.34481,24.832634,71.53955,1.2494375
2.85,45.41434,-13.834692,-2.9304261,75.07877,25.0,73.14873,45.522057,-14.727013,-3.9150438,73.333435,24.936619,71.68893,1.3331583
2.8541666666666665,45.32616,-13.681957,-2.9304254,75.00072,25.0,73.57403,45.53322,-14.598898,-3.91538,73.319824,24.910198,71.85649,1.3615391
2.8583333333333334,45.236893,-13.52734,-2.9304276,74.92064,25.0,74.00142,45.540047,-14.356492,-3.903482,73.16202,24.67871,71.97171,1.3138609
2.8625,45.146633,-13.371009,-2.9304264,74.83857,25.0,74.43039,45.34999,-14.045044,-3.9948287,72.90184,24.441479,72.40488,1.2761779
2.8666666666666667,45.05549,-13.21314,-2.930426,74.754524,25.0,74.860374,45.177658,-13.746124,-4.247072,72.46248,24.445004,72.99724,1.4256772
2.870833333333333,44.963554,-13.0539055,-2.9304264,74.66853,25.0,75.29087,45.13871,-13.554184,-4.3916254,72.35325,24.611343,73.16141,1.5543684
2.875,44.870934,-12.89348,-2.9304273,74.58063,25.0,75.721375,45.0842,-13.382602,-4.399982,72.6243,24.438324,73.15257,1.5634302
2.879166666666667,44.77773,-12.732049,-2.930428,74.49085,25.0,76.151375,45.03431,-13.390167,-4.5588923,72.56731,24.085796,72.90946,1.775063
2.8833333333333333,44.684048,-12.569788,-2.9304245,74.399254,25.0,76.580376,45.00483,-13.384569,-4.488042,72.643036,24.829739,73.35474,1.7868803
2.8875,44.589996,-12.406885,-2.930427,74.30587,25.0,77.00788,44.726784,-13.183098,-4.172537,72.846565,25.317852,74.13542,1.4710723
2.8916666666666666,44.495674,-12.243519,-2.9304278,74.21077,25.0,77.43344,44.39107,-12.752041,-4.23975,72.844376,25.228683,74.378494,1.4084959
2.8958333333333335,44.401196,-12.079871,-2.9304261,74.11401,25.0,77.85658,44.584736,-12.685677,-3.8189864,72.782455,25.202477,74.33502,1.090975
2.9,44.306664,-11.916136,-2.9304268,74.01567,25.0,78.27684,44.97468,-12.375866,-3.9299884,72.84127,26.562977,74.53192,1.2871377
2.904166666666667,44.21218,-11.752494,-2.9304283,73.915825,25.0,78.69381,45.618744,-12.265163,-4.7693553,73.14533,27.67862,74.96092,2.371266
2.908333333333333,44.117863,-11.589123,-2.9304223,73.81456,25.0,79.10703,45.310856,-11.578147,-4.7369323,73.00336,28.51107,75.383446,2.1649091
2.9125,44.023808,-11.426219,-2.9304254,73.71196,25.0,79.51612,45.092625,-11.370253,-4.8996596,72.596565,28.620117,75.70815,2.241291
2.9166666666666665,43.930126,-11.263962,-2.9304247,73.60814,25.0,79.920654,44.856983,-11.223888,-5.0282254,72.21889,27.870338,76.36802,2.2937822
2.9208333333333334,43.836926,-11.102526,-2.9304254,73.50319,25.0,80.32027,44.80333,-10.81267,-5.3963246,71.71356,28.33765,77.201904,2.6643221
2.925,43.744305,-10.942105,-2.9304278,73.39724,25.0,80.71458,44.8637,-10.456593,-5.321245,71.31017,28.787052,77.893974,2.6841717
2.9291666666666667,43.652374,-10.782871,-2.9304273,73.29041,25.0,81.10323,44.648155,-10.192606,-4.806691,71.25241,28.346893,78.614624,2.204622
2.933333333333333,43.561226,-10.625002,-2.9304252,73.18284,25.0,81.48591,44.311375,-10.1353855,-4.2844996,71.1692,27.51529,79.37426,1.6235656
2.9375,43.470966,-10.468667,-2.930423,73.074646,25.0,81.86227,44.085365,-9.895837,-4.3013396,71.17729,27.214798,80.18427,1.6078038
2.941666666666667,43.3817,-10.31405,-2.9304268,72.96598,25.0,82.23199,43.981464,-9.47599,-4.2855515,71.22032,27.268131,80.95316,1.7024763
2.9458333333333333,43.293514,-10.161314,-2.9304242,72.85701,25.0,82.59479,43.894638,-9.060111,-4.160985,71.12513,27.409134,81.68184,1.7573496
2.95,43.206516,-10.010629,-2.9304266,72.74787,25.0,82.95037,43.78931,-8.757663,-4.0754395,71.125084,27.543552,82.25661,1.7946106
2.9541666666666666,43.120792,-9.862148,-2.9304233,72.63874,25.0,83.298485,43.716805,-8.519365,-4.035466,71.048386,27.59233,82.55701,1.838319
2.9583333333333335,43.036438,-9.716039,-2.9304235,72.52978,25.0,83.63887,43.657864,-8.313697,-4.0464125,70.97212,27.637352,82.88394,1.8968827
2.9625,42.953537,-9.572455,-2.9304264,72.42116,25.0,83.9713,43.596508,-8.125573,-4.0509725,70.93048,27.650871,83.17588,1.9397174
2.966666666666667,42.87218,-9.43154,-2.930427,72.31306,25.0,84.295555,43.516453,-7.941312,-4.049409,70.83011,27.634544,83.48853,1.9717975
2.970833333333333,42.79245,-9.293446,-2.930424,72.205666,25.0,84.61142,43.47643,-7.736574,-4.1128597,70.768265,27.690277,83.74214,2.0711906
2.975,42.714428,-9.158306,-2.9304278,72.099144,25.0,84.91872,43.436546,-7.5837545,-4.100224,70.75369,27.683372,84.029236,2.0902371
2.9791666666666665,42.63819,-9.02626,-2.930427,71.9937,25.0,85.217255,43.38867,-7.4552116,-4.0940375,70.71509,27.631622,84.26712,2.0941358
2.9833333333333334,42.563812,-8.897431,-2.930425,71.8895,25.0,85.5069,43.33674,-7.3692894,-4.1116753,70.69504,27.581978,84.488556,2.0803812
2.9875,42.491364,-8.771944,-2.9304247,71.78674,25.0,85.78749,43.29165,-7.302965,-4.0682583,70.73027,27.514786,84.78159,2.0231216
2.9916666666666667,42.42091,-8.649918,-2.9304237,71.68561,25.0,86.05891,43.266453,-7.202696,-3.9806767,70.77125,27.416279,85.06891,1.977985
2.995833333333333,42.352516,-8.531457,-2.9304287,71.586266,25.0,86.32104,43.17548,-7.1201477,-3.8973718,70.76275,27.23183,85.42289,1.8984314
3.0,42.28624,-8.416663,-2.9304261,71.488914,25.0,86.57378,43.06383,-7.0087624,-3.8978982,70.66548,27.028065,85.99563,1.8769219
3.004166666666667,42.222137,-8.305635,-2.9304254,71.39372,25.0,86.81705,42.929184,-6.948886,-4.080231,70.33319,26.770512,86.33867,1.9138279
3.0083333333333333,42.16026,-8.198459,-2.930426,71.30086,25.0,87.05078,42.804478,-7.0850477,-3.9936333,70.41485,26.552494,86.5942,1.6688653
3.0125,42.100647,-8.095207,-2.9304242,71.21049,25.0,87.27494,42.66145,-6.946351,-3.9093509,70.49017,26.540318,86.8608,1.6101762
3.0166666666666666,42.043346,-7.995959,-2.9304278,71.122765,25.0,87.48948,42.520638,-7.0923176,-3.6322107,70.647255,26.25816,87.23615,1.2397071
3.0208333333333335,41.98839,-7.9007745,-2.9304287,71.03785,25.0,87.69437,42.45662,-7.5078707,-3.3407574,70.732544,26.481716,87.59806,0.7361928
3.025,41.93581,-7.809703,-2.930424,70.95589,25.0,87.889626,42.44181,-7.5698853,-3.5423145,71.16952,26.570927,87.908844,0.82943296
3.029166666666667,41.88563,-7.722791,-2.9304261,70.87699,25.0,88.07526,42.083843,-7.562455,-3.4994297,71.23167,26.269474,88.48733,0.62350667
3.033333333333333,41.837875,-7.6400723,-2.9304273,70.80129,25.0,88.251274,41.954216,-7.470661,-3.2017202,71.55567,25.352196,88.71876,0.34034562
3.0375,41.792553,-7.561571,-2.9304276,70.728905,25.0,88.41775,42.07418,-7.641529,-3.379385,71.478546,25.469482,88.577065,0.53597593
3.0416666666666665,41.749676,-7.487303,-2.9304245,70.65993,25.0,88.57472,42.162987,-7.57565,-3.6626549,71.76177,26.16082,88.64212,0.8454541
3.0458333333333334,41.709244,-7.4172707,-2.9304228,70.59444,25.0,88.72228,42.072105,-7.080905,-3.6278796,71.85199,26.343899,88.387726,0.8551354
3.05,41.67125,-7.3514686,-2.9304252,70.5325,25.0,88.860535,41.98213,-7.294132,-4.106732,71.567825,25.623959,88.397934,1.2180437
3.0541666666666667,41.63569,-7.289876,-2.9304252,70.47418,25.0,88.989586,41.622887,-7.5238886,-3.8463163,71.080444,24.333706,88.865364,0.94540066
3.058333333333333,41.602543,-7.2324667,-2.9304256,70.41952,25.0,89.10956,41.524628,-7.2134466,-3.8867474,70.7071,24.222225,89.0078,0.95967895
3.0625,41.57179,-7.1791945,-2.9304242,70.36853,25.0,89.22061,41.79224,-6.8744583,-3.835484,70.68581,24.721024,89.185684,0.9801001
3.066666666666667,41.54339,-7.1300077,-2.9304278,70.32122,25.0,89.32294,42.04957,-6.9606905,-3.680172,70.7113,24.7,89.32712,0.9203275
3.0708333333333333,41.517315,-7.0848427,-2.9304242,70.277596,25.0,89.41669,42.006485,-7.2627106,-3.3610954,70.85718,24.455452,89.489006,0.6755754
3.075,41.493515,-7.043618,-2.9304252,70.23761,25.0,89.502106,41.732407,-7.16838,-3.1353426,71.02234,24.262798,89.811615,0.33856434
3.0791666666666666,41.471935,-7.006245,-2.930427,70.201225,25.0,89.579414,41.70865,-6.9576473,-3.0976639,70.81917,24.272465,90.131,0.29387605
3.0833333333333335,41.452522,-6.972617,-2.9304268,70.16838,25.0,89.648865,41.69333,-6.8706465,-3.0006704,70.75772,24.410156,90.5504,0.27077663
3.0875,41.4352,-6.9426155,-2.9304261,70.13899,25.0,89.71075,41.628983,-6.8413677,-2.936057,70.75102,24.588661,90.71549,0.21871121
3.091666666666667,41.419895,-6.916111,-2.9304261,70.11296,25.0,89.76535,41.549202,-6.8309755,-2.9443102,70.7565,24.78355,90.683044,0.15543829
3.095833333333333,41.406525,-6.892951,-2.9304285,70.09016,25.0,89.813,41.502335,-6.808609,-3.0017433,70.755,24.91689,90.601265,0.14621532
3.1,41.394993,-6.8729753,-2.9304295,70.07045,25.0,89.854065,41.465347,-6.7879257,-3.021122,70.73526,25.021225,90.54356,0.1428577
3.1041666666666665,41.385197,-6.856008,-2.9304273,70.05369,25.0,89.88892,41.441727,-6.76803,-3.0194645,70.71822,25.116009,90.490135,0.13734397
3.1083333333333334,41.37703,-6.8418646,-2.9304254,70.039696,25.0,89.91796,41.40895,-6.757736,-3.0004196,70.74595,25.230194,90.41243,0.1139989
3.1125,41.37037,-6.830328,-2.9304295,70.02826,25.0,89.94163,41.375225,-6.747362,-2.979436,70.791245,25.35772,90.356674,0.09648082
3.1166666666666667,41.36509,-6.821182,-2.9304252,70.019196,25.0,89.96038,41.33545,-6.73512,-2.9592772,70.854355,25.486576,90.33083,0.09548633
3.120833333333333,41.36105,-6.814186,-2.9304254,70.01225,25.0,89.974724,41.29976,-6.728549,-2.9410725,70.92557,25.569885,90.291794,0.10584718
3.125,41.358105,-6.809082,-2.930424,70.00719,25.0,89.98518,41.288662,-6.7329044,-2.9215012,70.980225,25.62975,90.23236,0.10346467
3.129166666666667,41.356094,-6.8056016,-2.930428,70.00372,25.0,89.99232,41.29598,-6.7464314,-2.8935032,71.01675,25.683197,90.17869,0.092078626
3.1333333333333333,41.354855,-6.803456,-2.9304256,70.001595,25.0,89.99671,41.301254,-6.771003,-2.8548317,71.054436,25.72137,90.12531,0.09818676
3.1375,41.354206,-6.8023343,-2.930426,70.00048,25.0,89.999016,41.30829,-6.80033,-2.8156338,71.08545,25.740952,90.08834,0.12365138
3.1416666666666666,41.353966,-6.8019123,-2.930425,70.00006,25.0,89.99987,41.316658,-6.834543,-2.7825737,71.107956,25.757526,90.036606,0.15593791
3.1458333333333335,41.353928,-6.8018513,-2.930426,70.0,25.0,90.0,41.33273,-6.872945,-2.7571278,71.125084,25.769997,89.95611,0.18850967
3.15,41.353928,-6.8018513,-2.930426,70.0,25.0,90.0,41.35573,-6.9104757,-2.7328272,71.135414,25.772701,89.86561,0.22549449
3.154166666666667,41.353928,-6.8018513,-2.930426,70.0,25.0,90.0,41.37827,-6.947343,-2.7091265,71.13938,25.764824,89.77664,0.26595816
3.158333333333333,41.353928,-6.8018513,-2.930426,70.0,25.0,90.0,41.398506,-6.979211,-2.6859312,71.14173,25.747898,89.68986,0.30532166
3.1625,41.353928,-6.8018513,-2.930426,70.0,25.0,90.0,41.418934,-7.0076666,-2.664528,71.133865,25.726734,89.610565,0.34247264
3.1666666666666665,41.353928,-6.8018513,-2.930426,70.0,25.0,90.0,41.43954,-7.0311213,-2.6546555,71.11645,25.699963,89.52905,0.36870542
3.1708333333333334,41.353928,-6.8018513,-2.930426,70.0,25.0,90.0,41.45938,-7.0495253,-2.652894,71.09591,25.668419,89.44985,0.3866352
3.175,41.353928,-6.8018513,-2.930426,70.0,25.0,90.0,41.47785,-7.0654984,-2.6528597,71.07455,25.637459,89.378174,0.4023804
3.1791666666666667,41.353928,-6.8018513,-2.930426,70.0,25.0,90.0,41.495766,-7.080345,-2.6533022,71.053894,25.60833,89.313866,0.41770136
3.183333333333333,41.353928,-6.8018513,-2.930426,70.0,25.0,90.0,41.512077,-7.092555,-2.654091,71.03471,25.579147,89.25942,0.43113923
3.1875,41.353928,-6.8018513,-2.930426,70.0,25.0,90.0,41.52633,-7.1025705,-2.6544437,71.01799,25.551453,89.21501,0.44308066
3.191666666666667,41.353928,-6.8018513,-2.930426,70.0,25.0,90.0,41.537113,-7.110833,-2.655139,71.0033,25.528301,89.179375,0.45255902
3.1958333333333333,41.353928,-6.8018513,-2.930426,70.0,25.0,90.0,41.546608,-7.117404,-2.6558638,70.99039,25.506996,89.15164,0.46052533
3.2,41.353928,-6.8018513,-2.930426,70.0,25.0,90.0,41.554535,-7.1223164,-2.6555624,70.97971,25.487125,89.13125,0.4674303
3.2041666666666666,41.353928,-6.8018513,-2.930426,70.0,25.0,90.0,41.5615,-7.125821,-2.654481,70.971275,25.468475,89.1167,0.4734856
3.2083333333333335,41.353928,-6.8018513,-2.930426,70.0,25.0,90.0,41.567204,-7.1286316,-2.6530428,70.96511,25.451591,89.10697,0.47876233
3.2125,41.353928,-6.8018513,-2.930426,70.0,25.0,90.0,41.571667,-7.1313286,-2.6512299,70.96107,25.4362,89.100586,0.48364866
3.216666666666667,41.353928,-6.8018513,-2.930426,70.0,25.0,90.0,41.57514,-7.1338034,-2.6488934,70.95891,25.422215,89.09685,0.48825046
3.220833333333333,41.353928,-6.8018513,-2.930426,70.0,25.0,90.0,41.577785,-7.1360807,-2.6462936,70.95808,25.410172,89.094734,0.49249652
3.225,41.353928,-6.8018513,-2.930426,70.0,25.0,90.0,41.579678,-7.138217,-2.643776,70.95809,25.400185,89.09357,0.49625912
3.2291666666666665,41.353928,-6.8018513,-2.930426,70.0,25.0,90.0,41.580906,-7.140074,-2.641593,70.95861,25.392422,89.09299,0.4993376
3.2333333333333334,41.353928,-6.8018513,-2.930426,70.0,25.0,90.0,41.58166,-7.141532,-2.6399164,70.959305,25.386852,89.09266,0.50163865
3.2375,41.353928,-6.8018513,-2.930426,70.0,25.0,90.0,41.58212,-7.142603,-2.6386957,70.96001,25.383244,89.09241,0.50327873
3.2416666666666667,41.353928,-6.8018513,-2.930426,70.0,25.0,90.0,41.58238,-7.1433554,-2.6378374,70.960625,25.381084,89.09219,0.5044034
3.245833333333333,41.353928,-6.8018513,-2.930426,70.0,25.0,90.0,41.58258,-7.1438465,-2.637331,70.96106,25.37994,89.091965,0.5051213
3.25,41.353928,-6.8018513,-2.930426,70.0,25.0,90.0,41.58272,-7.1441154,-2.6371193,70.961334,25.37944,89.09176,0.5054901
3.254166666666667,41.353928,-6.8018513,-2.930426,70.0,25.0,90.0,41.58281,-7.144231,-2.6370678,70.961494,25.37925,89.091644,0.5056378
3.2583333333333333,41.353928,-6.8018513,-2.930426,70.0,25.0,90.0,41.58284,-7.1442614,-2.6370773,70.96152,25.379211,89.0916,0.5056668
3.2625,41.353928,-6.8018513,-2.930426,70.0,25.0,90.0,41.582848,-7.1442633,-2.637083,70.96153,25.379204,89.0916,0.5056682
3.2666666666666666,41.353928,-6.8018513,-2.930426,70.0,25.0,90.0,41.582848,-7.1442633,-2.6370878,70.96153,25.379208,89.09159,0.5056654
3.2708333333333335,41.353928,-6.8018513,-2.930426,70.0,25.0,90.0,41.582848,-7.1442633,-2.6370878,70.96153,25.379208,89.09159,0.5056654
3.275,41.353928,-6.8018513,-2.930426,70.0,25.0,90.0,41.582848,-7.1442633,-2.6370878,70.96153,25.379208,89.09159,0.5056654
3.279166666666667,41.353928,-6.8018513,-2.930426,70.0,25.0,90.0,41.582848,-7.1442633,-2.6370878,70.96153,25.379208,89.09159,0.5056654
3.283333333333333,41.353928,-6.8018513,-2.930426,70.0,25.0,90.0,41.582848,-7.1442633,-2.6370878,70.96153,25.379208,89.09159,0.5056654
3.2875,41.353928,-6.8018513,-2.930426,70.0,25.0,90.0,41.582848,-7.1442633,-2.6370878,70.96153,25.379208,89.09159,0.5056654
3.2916666666666665,41.353928,-6.8018513,-2.930426,70.0,25.0,90.0,41.582848,-7.1442633,-2.6370878,70.96153,25.379208,89.09159,0.5056654
3.2958333333333334,41.353928,-6.8018513,-2.930426,70.0,25.0,90.0,41.582848,-7.1442633,-2.6370878,70.96153,25.379208,89.09159,0.5056654
3.3,41.353928,-6.8018513,-2.930426,70.0,25.0,90.0,41.582848,-7.1442633,-2.6370878,70.96153,25.379208,89.09159,0.5056654
3.3041666666666667,41.353928,-6.8018513,-2.930426,70.0,25.0,90.0,41.582848,-7.1442633,-2.6370878,70.96153,25.379208,89.09159,0.5056654
3.308333333333333,41.353928,-6.8018513,-2.930426,70.0,25.0,90.0,41.582848,-7.1442633,-2.6370878,70.96153,25.379208,89.09159,0.5056654
3.3125,41.353928,-6.8018513,-2.930426,70.0,25.0,90.0,41.582848,-7.1442633,-2.6370878,70.96153,25.379208,89.09159,0.5056654
3.316666666666667,41.353928,-6.8018513,-2.930426,70.0,25.0,90.0,41.582848,-7.1442633,-2.6370878,70.96153,25.379208,89.09159,0.5056654
3.3208333333333333,41.353928,-6.8018513,-2.930426,70.0,25.0,90.0,41.582848,-7.1442633,-2.6370878,70.96153,25.379208,89.09159,0.5056654
3.325,41.353928,-6.8018513,-2.930426,70.0,25.0,90.0,41.582848,-7.1442633,-2.6370878,70.96153,25.379208,89.09159,0.5056654
3.3291666666666666,41.353928,-6.8018513,-2.930426,70.0,25.0,90.0,41.582848,-7.1442633,-2.6370878,70.96153,25.379208,89.09159,0.5056654
3.3333333333333335,41.353928,-6.8018513,-2.930426,70.0,25.0,90.0,41.582848,-7.1442633,-2.6370878,70.96153,25.379208,89.09159,0.5056654
3.3375,41.353928,-6.8018513,-2.930426,70.0,25.0,90.0,41.582848,-7.1442633,-2.6370878,70.96153,25.379208,89.09159,0.5056654
3.341666666666667,41.353928,-6.8018513,-2.930426,70.0,25.0,90.0,41.582848,-7.1442633,-2.6370878,70.96153,25.379208,89.09159,0.5056654
3.345833333333333,41.353928,-6.8018513,-2.930426,70.0,25.0,90.0,41.582848,-7.144264,-2.637086,70.96153,25.379204,89.0916,0.5056672
3.35,41.353928,-6.8018513,-2.930426,70.0,25.0,90.0,41.582848,-7.1442633,-2.6370869,70.96153,25.379204,89.09159,0.505666
3.3541666666666665,41.353928,-6.8018513,-2.930426,70.0,25.0,90.0,41.582848,-7.1442633,-2.6370869,70.96153,25.379208,89.09159,0.505666
3.3583333333333334,41.353928,-6.8018513,-2.930426,70.0,25.0,90.0,41.582848,-7.1442633,-2.637086,70.96153,25.379204,89.0916,0.50566655
3.3625,41.353928,-6.8018513,-2.930426,70.0,25.0,90.0,41.58285,-7.1442614,-2.6370878,70.96153,25.379204,89.0916,0.5056659
3.3666666666666667,41.353928,-6.8018513,-2.930426,70.0,25.0,90.0,41.582848,-7.1442614,-2.6370869,70.961525,25.379208,89.0916,0.5056647
3.370833333333333,41.353928,-6.8018513,-2.930426,70.0,25.0,90.0,41.582848,-7.1442614,-2.6370869,70.96153,25.379204,89.0916,0.5056647
3.375,41.353928,-6.8018513,-2.930426,70.0,25.0,90.0,41.582848,-7.144266,-2.6370869,70.961525,25.379204,89.0916,0.5056679
3.379166666666667,41.353928,-6.8018513,-2.930426,70.0,25.0,90.0,41.582848,-7.1442614,-2.6370897,70.96153,25.379204,89.0916,0.50566304
3.3833333333333333,41.353928,-6.8018513,-2.930426,70.0,25.0,90.0,41.582848,-7.1442614,-2.637085,70.961525,25.379208,89.0916,0.50566584
3.3875,41.353928,-6.8018513,-2.930426,70.0,25.0,90.0,41.582848,-7.1442604,-2.637086,70.96153,25.379208,89.0916,0.50566465
3.3916666666666666,41.353928,-6.8018513,-2.930426,70.0,25.0,90.0,41.582848,-7.1442585,-2.6370878,70.96153,25.3792,89.091606,0.5056622
3.3958333333333335,41.353928,-6.8018513,-2.930426,70.0,25.0,90.0,41.582848,-7.1442614,-2.6370869,70.961525,25.3792,89.091606,0.5056647
3.4,41.353928,-6.8018513,-2.930426,70.0,25.0,90.0,41.582848,-7.1442633,-2.637086,70.961525,25.379208,89.09161,0.50566655
3.404166666666667,41.353928,-6.8018513,-2.930426,70.0,25.0,90.0,41.582848,-7.1442633,-2.6370897,70.961525,25.379204,89.091606,0.50566435
3.408333333333333,41.353928,-6.8018513,-2.930426,70.0,25.0,90.0,41.582848,-7.1442633,-2.637082,70.96153,25.379204,89.091606,0.50566876
3.4125,41.353928,-6.8018513,-2.930426,70.0,25.0,90.0,41.582848,-7.1442633,-2.637082,70.961525,25.379204,89.091606,0.50566876
3.4166666666666665,41.353928,-6.8018513,-2.930426,70.0,25.0,90.0,41.582848,-7.1442614,-2.637084,70.96153,25.3792,89.091606,0.5056664
3.4208333333333334,41.353928,-6.8018513,-2.930426,70.0,25.0,90.0,41.582848,-7.1442604,-2.637083,70.96153,25.3792,89.091606,0.50566626
3.425,41.353928,-6.8018513,-2.930426,70.0,25.0,90.0,41.582844,-7.1442633,-2.637085,70.96153,25.379204,89.091606,0.5056654
3.4291666666666667,41.353928,-6.8018513,-2.930426,70.0,25.0,90.0,41.58284,-7.1442614,-2.637085,70.96153,25.3792,89.091606,0.5056624
3.433333333333333,41.353928,-6.8018513,-2.930426,70.0,25.0,90.0,41.582844,-7.1442633,-2.637086,70.961525,25.379208,89.091606,0.5056648
3.4375,41.353928,-6.8018513,-2.930426,70.0,25.0,90.0,41.582844,-7.144264,-2.637085,70.96153,25.379208,89.0916,0.505666
3.441666666666667,41.353928,-6.8018513,-2.930426,70.0,25.0,90.0,41.58284,-7.144266,-2.6370878,70.96153,25.379208,89.091606,0.50566393
3.4458333333333333,41.353928,-6.8018513,-2.930426,70.0,25.0,90.0,41.582844,-7.1442614,-2.6370869,70.96153,25.379211,89.091606,0.505663
3.45,41.353928,-6.8018513,-2.930426,70.0,25.0,90.0,41.582844,-7.144264,-2.637086,70.96153,25.379211,89.091606,0.5056655
3.4541666666666666,41.353928,-6.8018513,-2.930426,70.0,25.0,90.0,41.582844,-7.144264,-2.6370869,70.96153,25.379211,89.091606,0.50566494
3.4583333333333335,41.353928,-6.8018513,-2.930426,70.0,25.0,90.0,41.582844,-7.144266,-2.6370869,70.96153,25.379211,89.091606,0.5056662
3.4625,41.353928,-6.8018513,-2.930426,70.0,25.0,90.0,41.582844,-7.144264,-2.637085,70.96153,25.379211,89.0916,0.505666
3.466666666666667,41.353928,-6.8018513,-2.930426,70.0,25.0,90.0,41.582844,-7.1442633,-2.637085,70.96153,25.379208,89.0916,0.5056654
3.470833333333333,41.353928,-6.8018513,-2.930426,70.0,25.0,90.0,41.582844,-7.144264,-2.637085,70.96153,25.379211,89.091606,0.505666
3.475,41.353928,-6.8018513,-2.930426,70.0,25.0,90.0,41.58284,-7.1442633,-2.637084,70.96153,25.379211,89.0916,0.5056642
3.4791666666666665,41.353928,-6.8018513,-2.930426,70.0,25.0,90.0,41.58284,-7.144264,-2.637084,70.96153,25.379211,89.091606,0.5056649
3.4833333333333334,41.353928,-6.8018513,-2.930426,70.0,25.0,90.0,41.582844,-7.1442633,-2.637085,70.96153,25.379208,89.0916,0.5056654
3.4875,41.353928,-6.8018513,-2.930426,70.0,25.0,90.0,41.58284,-7.1442633,-2.6370878,70.96153,25.379211,89.0916,0.50566196
3.4916666666666667,41.353928,-6.8018513,-2.930426,70.0,25.0,90.0,41.582844,-7.1442614,-2.637084,70.96153,25.379215,89.0916,0.50566465
3.495833333333333,41.353928,-6.8018513,-2.930426,70.0,25.0,90.0,41.582844,-7.144264,-2.637086,70.96153,25.379211,89.091606,0.5056655
3.5,41.353928,-6.8018513,-2.930426,70.0,25.0,90.0,41.582844,-7.1442604,-2.637086,70.96153,25.379211,89.0916,0.50566286
3.504166666666667,41.353928,-6.8018513,-2.930426,70.0,25.0,90.0,41.582848,-7.1442633,-2.6370897,70.96154,25.379211,89.0916,0.50566435
3.5083333333333333,41.353928,-6.8018513,-2.930426,70.0,25.0,90.0,41.582848,-7.1442633,-2.6370897,70.96154,25.379211,89.0916,0.50566435
3.5125,41.353928,-6.8018513,-2.930426,70.0,25.0,90.0,41.582844,-7.1442623,-2.6370878,70.96153,25.379208,89.0916,0.5056631
3.5166666666666666,41.353928,-6.8018513,-2.930426,70.0,25.0,90.0,41.582844,-7.144266,-2.637086,70.96153,25.379211,89.0916,0.50566673
3.5208333333333335,41.353928,-6.8018513,-2.930426,70.0,25.0,90.0,41.582848,-7.144264,-2.6370907,70.96154,25.379211,89.09159,0.50566447
3.525,41.353928,-6.8018513,-2.930426,70.0,25.0,90.0,41.582848,-7.1442614,-2.6370897,70.96153,25.379208,89.09159,0.50566304
3.529166666666667,41.353928,-6.8018513,-2.930426,70.0,25.0,90.0,41.582844,-7.1442614,-2.6370897,70.96153,25.379204,89.09159,0.5056613
3.533333333333333,41.353928,-6.8018513,-2.930426,70.0,25.0,90.0,41.582848,-7.144264,-2.6370869,70.96154,25.379208,89.09159,0.5056667
3.5375,41.353928,-6.8018513,-2.930426,70.0,25.0,90.0,41.582848,-7.144264,-2.6370878,70.96153,25.379208,89.09159,0.5056661
3.5416666666666665,41.353928,-6.8018513,-2.930426,70.0,25.0,90.0,41.582848,-7.1442633,-2.6370916,70.961525,25.379211,89.09159,0.5056632
3.5458333333333334,41.353928,-6.8018513,-2.930426,70.0,25.0,90.0,41.582848,-7.1442614,-2.6370878,70.961525,25.379211,89.09159,0.50566417
3.55,41.353928,-6.8018513,-2.930426,70.0,25.0,90.0,41.582848,-7.1442604,-2.637086,70.96153,25.379208,89.09159,0.50566465
3.5541666666666667,41.353928,-6.8018513,-2.930426,70.0,25.0,90.0,41.582848,-7.1442633,-2.637085,70.96153,25.379208,89.09159,0.5056671
3.558333333333333,41.353928,-6.8018513,-2.930426,70.0,25.0,90.0,41.582848,-7.1442604,-2.637085,70.96153,25.379204,89.0916,0.5056652
3.5625,41.353928,-6.8018513,-2.930426,70.0,25.0,90.0,41.582848,-7.144264,-2.637085,70.96153,25.379204,89.0916,0.50566775
3.566666666666667,41.353928,-6.8018513,-2.930426,70.0,25.0,90.0,41.582848,-7.1442633,-2.637086,70.96153,25.379204,89.0916,0.50566655
3.5708333333333333,41.353928,-6.8018513,-2.930426,70.0,25.0,90.0,41.582848,-7.1442614,-2.637086,70.96153,25.3792,89.0916,0.5056653
3.575,41.353928,-6.8018513,-2.930426,70.0,25.0,90.0,41.582848,-7.1442614,-2.637085,70.96153,25.379204,89.09159,0.50566584
3.5791666666666666,41.353928,-6.8018513,-2.930426,70.0,25.0,90.0,41.582848,-7.1442633,-2.637086,70.96153,25.3792,89.0916,0.50566655
3.5833333333333335,41.353928,-6.8018513,-2.930426,70.0,25.0,90.0,41.582848,-7.1442614,-2.637086,70.96153,25.3792,89.0916,0.5056653
3.5875,41.353928,-6.8018513,-2.930426,70.0,25.0,90.0,41.582848,-7.1442604,-2.637085,70.961525,25.3792,89.0916,0.5056652
3.591666666666667,41.353928,-6.8018513,-2.930426,70.0,25.0,90.0,41.582848,-7.1442604,-2.637085,70.961525,25.3792,89.0916,0.5056652
3.595833333333333,41.353928,-6.8018513,-2.930426,70.0,25.0,90.0,41.582848,-7.1442604,-2.637085,70.961525,25.3792,89.0916,0.5056652
3.6,41.353928,-6.8018513,-2.930426,70.0,25.0,90.0,41.582848,-7.1442604,-2.637085,70.961525,25.3792,89.0916,0.5056652
3.6041666666666665,41.353928,-6.8018513,-2.930426,70.0,25.0,90.0,41.582848,-7.1442604,-2.637085,70.961525,25.3792,89.0916,0.5056652
3.6083333333333334,41.353928,-6.8018513,-2.930426,70.0,25.0,90.0,41.582848,-7.1442604,-2.637085,70.961525,25.3792,89.0916,0.5056652
3.6125,41.353928,-6.8018513,-2.930426,70.0,25.0,90.0,41.582848,-7.1442604,-2.637085,70.961525,25.3792,89.0916,0.5056652
3.6166666666666667,41.353928,-6.8018513,-2.930426,70.0,25.0,90.0,41.582848,-7.1442604,-2.637085,70.961525,25.3792,89.0916,0.5056652
3.620833333333333,41.353928,-6.8018513,-2.930426,70.0,25.0,90.0,41.582848,-7.1442604,-2.637085,70.961525,25.3792,89.0916,0.5056652
3.625,41.353928,-6.8018513,-2.930426,70.0,25.0,90.0,41.582848,-7.1442604,-2.637085,70.961525,25.3792,89.0916,0.5056652
3.629166666666667,41.353928,-6.8018513,-2.930426,70.0,25.0,90.0,41.582848,-7.1442604,-2.637085,70.961525,25.3792,89.0916,0.5056652
3.6333333333333333,41.353928,-6.8018513,-2.930426,70.0,25.0,90.0,41.582848,-7.1442604,-2.637085,70.961525,25.3792,89.0916,0.5056652
3.6375,41.353928,-6.8018513,-2.930426,70.0,25.0,90.0,41.582848,-7.1442604,-2.637085,70.961525,25.3792,89.0916,0.5056652
3.6416666666666666,41.353928,-6.8018513,-2.930426,70.0,25.0,90.0,41.582848,-7.1442604,-2.637085,70.961525,25.3792,89.0916,0.5056652
3.6458333333333335,41.353928,-6.8018513,-2.930426,70.0,25.0,90.0,41.582848,-7.1442604,-2.637085,70.961525,25.3792,89.0916,0.5056652
3.65,41.353928,-6.8018513,-2.930426,70.0,25.0,90.0,41.582848,-7.1442604,-2.637085,70.961525,25.3792,89.0916,0.5056652
3.654166666666667,41.353928,-6.8018513,-2.930426,70.0,25.0,90.0,41.582848,-7.1442604,-2.637085,70.961525,25.3792,89.0916,0.5056652
3.658333333333333,41.353928,-6.8018513,-2.930426,70.0,25.0,90.0,41.582848,-7.1442604,-2.637085,70.961525,25.3792,89.0916,0.5056652
3.6625,41.353928,-6.8018513,-2.930426,70.0,25.0,90.0,41.582848,-7.1442604,-2.637085,70.961525,25.3792,89.0916,0.5056652
3.6666666666666665,41.353928,-6.8018513,-2.930426,70.0,25.0,90.0,41.582848,-7.1442604,-2.637085,70.961525,25.3792,89.0916,0.5056652
3.6708333333333334,41.353928,-6.8018513,-2.930426,70.0,25.0,90.0,41.582848,-7.1442604,-2.637085,70.961525,25.3792,89.0916,0.5056652
3.675,41.353928,-6.8018513,-2.930426,70.0,25.0,90.0,41.582848,-7.1442604,-2.637085,70.961525,25.3792,89.0916,0.5056652
3.6791666666666667,41.353928,-6.8018513,-2.930426,70.0,25.0,90.0,41.582848,-7.1442604,-2.637085,70.961525,25.3792,89.0916,0.5056652
3.683333333333333,41.353928,-6.8018513,-2.930426,70.0,25.0,90.0,41.582848,-7.1442604,-2.637085,70.961525,25.3792,89.0916,0.5056652
3.6875,41.353928,-6.8018513,-2.930426,70.0,25.0,90.0,41.582848,-7.1442604,-2.637085,70.961525,25.3792,89.0916,0.5056652
3.691666666666667,41.353928,-6.8018513,-2.930426,70.0,25.0,90.0,41.582848,-7.1442604,-2.637085,70.961525,25.3792,89.0916,0.5056652
3.6958333333333333,41.353928,-6.8018513,-2.930426,70.0,25.0,90.0,41.582848,-7.1442604,-2.637085,70.961525,25.3792,89.0916,0.5056652
3.7,41.353928,-6.8018513,-2.930426,70.0,25.0,90.0,41.582848,-7.1442604,-2.637085,70.961525,25.3792,89.0916,0.5056652
3.7041666666666666,41.353928,-6.8018513,-2.930426,70.0,25.0,90.0,41.582848,-7.1442604,-2.637085,70.961525,25.3792,89.0916,0.5056652
3.7083333333333335,41.353928,-6.8018513,-2.930426,70.0,25.0,90.0,41.582848,-7.1442604,-2.637085,70.961525,25.3792,89.0916,0.5056652
3.7125,41.353928,-6.8018513,-2.930426,70.0,25.0,90.0,41.582848,-7.1442604,-2.637085,70.961525,25.3792,89.0916,0.5056652
3.716666666666667,41.353928,-6.8018513,-2.930426,70.0,25.0,90.0,41.582848,-7.1442604,-2.637085,70.961525,25.3792,89.0916,0.5056652
3.720833333333333,41.353928,-6.8018513,-2.930426,70.0,25.0,90.0,41.582848,-7.1442604,-2.637085,70.961525,25.3792,89.0916,0.5056652
3.725,41.353928,-6.8018513,-2.930426,70.0,25.0,90.0,41.582848,-7.1442604,-2.637085,70.961525,25.3792,89.0916,0.5056652
3.7291666666666665,41.353928,-6.8018513,-2.930426,70.0,25.0,90.0,41.582848,-7.1442604,-2.637085,70.961525,25.3792,89.0916,0.5056652
3.7333333333333334,41.353928,-6.8018513,-2.930426,70.0,25.0,90.0,41.582848,-7.1442604,-2.637085,70.961525,25.3792,89.0916,0.5056652
3.7375,41.353928,-6.8018513,-2.930426,70.0,25.0,90.0,41.582848,-7.1442604,-2.637085,70.961525,25.3792,89.0916,0.5056652
3.7416666666666667,41.353928,-6.8018513,-2.930426,70.0,25.0,90.0,41.58285,-7.1442604,-2.637085,70.96153,25.379204,89.0916,0.5056669
3.745833333333333,41.353928,-6.8018513,-2.930426,70.0,25.0,90.0,41.582848,-7.1442604,-2.637085,70.961525,25.3792,89.0916,0.5056652
3.75,41.353928,-6.8018513,-2.930426,70.0,25.0,90.0,41.582848,-7.1442614,-2.637085,70.961525,25.379204,89.0916,0.50566584
3.754166666666667,41.353928,-6.8018513,-2.930426,70.0,25.0,90.0,41.582848,-7.1442614,-2.637086,70.961525,25.3792,89.0916,0.5056653
3.7583333333333333,41.353928,-6.8018513,-2.930426,70.0,25.0,90.0,41.582848,-7.1442633,-2.637086,70.961525,25.3792,89.0916,0.50566655
3.7625,41.353928,-6.8018513,-2.930426,70.0,25.0,90.0,41.582844,-7.1442633,-2.637085,70.961525,25.379204,89.0916,0.5056654
3.7666666666666666,41.353928,-6.8018513,-2.930426,70.0,25.0,90.0,41.582848,-7.1442614,-2.637086,70.96153,25.379204,89.0916,0.5056653
3.7708333333333335,41.353928,-6.8018513,-2.930426,70.0,25.0,90.0,41.582848,-7.1442633,-2.637085,70.96153,25.379204,89.0916,0.5056671
3.775,41.353928,-6.8018513,-2.930426,70.0,25.0,90.0,41.582848,-7.1442633,-2.637084,70.961525,25.379204,89.0916,0.5056677
3.779166666666667,41.353928,-6.8018513,-2.930426,70.0,25.0,90.0,41.582848,-7.1442585,-2.637085,70.961525,25.3792,89.0916,0.5056639
3.783333333333333,41.353928,-6.8018513,-2.930426,70.0,25.0,90.0,41.582848,-7.1442633,-2.6370869,70.961525,25.379208,89.0916,0.505666
3.7875,41.353928,-6.8018513,-2.930426,70.0,25.0,90.0,41.582848,-7.1442614,-2.637086,70.96153,25.3792,89.091606,0.5056653
3.7916666666666665,41.353928,-6.8018513,-2.930426,70.0,25.0,90.0,41.582848,-7.1442575,-2.6370869,70.96153,25.3792,89.091606,0.50566214
3.7958333333333334,41.353928,-6.8018513,-2.930426,70.0,25.0,90.0,41.582844,-7.1442633,-2.637086,70.96153,25.379208,89.091606,0.5056648
3.8,41.353928,-6.8018513,-2.930426,70.0,25.0,90.0,41.582848,-7.1442633,-2.637084,70.961525,25.379208,89.091606,0.5056677
3.8041666666666667,41.353928,-6.8018513,-2.930426,70.0,25.0,90.0,41.582848,-7.1442604,-2.6370811,70.96153,25.379204,89.091606,0.5056674
3.808333333333333,41.353928,-6.8018513,-2.930426,70.0,25.0,90.0,41.582848,-7.1442633,-2.637082,70.96153,25.379204,89.091606,0.50566876
3.8125,41.353928,-6.8018513,-2.930426,70.0,25.0,90.0,41.582844,-7.1442633,-2.637084,70.96153,25.379204,89.091606,0.5056659
3.816666666666667,41.353928,-6.8018513,-2.930426,70.0,25.0,90.0,41.582848,-7.1442614,-2.637084,70.96153,25.379208,89.091606,0.5056664
3.8208333333333333,41.353928,-6.8018513,-2.930426,70.0,25.0,90.0,41.582844,-7.1442633,-2.6370869,70.96153,25.379208,89.091606,0.5056643
3.825,41.353928,-6.8018513,-2.930426,70.0,25.0,90.0,41.582844,-7.1442614,-2.637086,70.96153,25.379204,89.091606,0.5056635
3.8291666666666666,41.353928,-6.8018513,-2.930426,70.0,25.0,90.0,41.582848,-7.1442633,-2.637084,70.96153,25.379208,89.091606,0.5056677
3.8333333333333335,41.353928,-6.8018513,-2.930426,70.0,25.0,90.0,41.582844,-7.1442633,-2.637086,70.96153,25.379208,89.0916,0.5056648
3.8375,41.353928,-6.8018513,-2.930426,70.0,25.0,90.0,41.582844,-7.144264,-2.637086,70.96153,25.379208,89.091606,0.5056655
3.841666666666667,41.353928,-6.8018513,-2.930426,70.0,25.0,90.0,41.582844,-7.1442614,-2.637085,70.96153,25.379211,89.091606,0.5056641
3.845833333333333,41.353928,-6.8018513,-2.930426,70.0,25.0,90.0,41.582844,-7.1442633,-2.637086,70.96153,25.379211,89.0916,0.5056648
3.85,41.353928,-6.8018513,-2.930426,70.0,25.0,90.0,41.582844,-7.1442633,-2.6370878,70.96153,25.379211,89.0916,0.50566375
3.8541666666666665,41.353928,-6.8018513,-2.930426,70.0,25.0,90.0,41.582844,-7.1442633,-2.637085,70.96153,25.379211,89.091606,0.5056654
3.8583333333333334,41.353928,-6.8018513,-2.930426,70.0,25.0,90.0,41.582844,-7.144264,-2.637085,70.96153,25.379211,89.091606,0.505666
3.8625,41.353928,-6.8018513,-2.930426,70.0,25.0,90.0,41.582844,-7.1442614,-2.637086,70.96153,25.379211,89.091606,0.5056635
3.8666666666666667,41.353928,-6.8018513,-2.930426,70.0,25.0,90.0,41.582844,-7.1442633,-2.637085,70.96154,25.379208,89.091606,0.5056654
3.870833333333333,41.353928,-6.8018513,-2.930426,70.0,25.0,90.0,41.582844,-7.144264,-2.6370869,70.96153,25.379215,89.091606,0.50566494
3.875,41.353928,-6.8018513,-2.930426,70.0,25.0,90.0,41.582844,-7.144264,-2.637085,70.96153,25.379208,89.091606,0.505666
3.879166666666667,41.353928,-6.8018513,-2.930426,70.0,25.0,90.0,41.582844,-7.144266,-2.637086,70.96153,25.379208,89.091606,0.50566673
3.8833333333333333,41.353928,-6.8018513,-2.930426,70.0,25.0,90.0,41.582844,-7.1442633,-2.637085,70.96153,25.379211,89.091606,0.5056654
3.8875,41.353928,-6.8018513,-2.930426,70.0,25.0,90.0,41.582848,-7.1442633,-2.6370878,70.96153,25.379208,89.0916,0.5056654
3.8916666666666666,41.353928,-6.8018513,-2.930426,70.0,25.0,90.0,41.58284,-7.1442633,-2.637086,70.96153,25.379211,89.091606,0.5056631
3.8958333333333335,41.353928,-6.8018513,-2.930426,70.0,25.0,90.0,41.582844,-7.144264,-2.6370869,70.96153,25.379204,89.0916,0.50566494
3.9,41.353928,-6.8018513,-2.930426,70.0,25.0,90.0,41.582844,-7.1442604,-2.637084,70.96154,25.379211,89.0916,0.505664
3.904166666666667,41.353928,-6.8018513,-2.930426,70.0,25.0,90.0,41.582844,-7.1442585,-2.6370869,70.96153,25.379211,89.0916,0.5056611
3.908333333333333,41.353928,-6.8018513,-2.930426,70.0,25.0,90.0,41.582848,-7.144264,-2.6370869,70.96153,25.379208,89.0916,0.5056667
3.9125,41.353928,-6.8018513,-2.930426,70.0,25.0,90.0,41.582848,-7.144264,-2.6370878,70.96154,25.379208,89.0916,0.5056661
3.9166666666666665,41.353928,-6.8018513,-2.930426,70.0,25.0,90.0,41.582848,-7.144264,-2.6370869,70.96154,25.379211,89.09159,0.5056667
3.9208333333333334,41.353928,-6.8018513,-2.930426,70.0,25.0,90.0,41.582848,-7.1442633,-2.6370878,70.96153,25.379211,89.09159,0.5056654
3.925,41.353928,-6.8018513,-2.930426,70.0,25.0,90.0,41.582848,-7.1442604,-2.6370878,70.96153,25.379208,89.09159,0.5056635
3.9291666666666667,41.353928,-6.8018513,-2.930426,70.0,25.0,90.0,41.582848,-7.144264,-2.6370869,70.96153,25.379208,89.09159,0.5056667
3.933333333333333,41.353928,-6.8018513,-2.930426,70.0,25.0,90.0,41.582844,-7.144264,-2.6370878,70.96153,25.379211,89.0916,0.5056644
3.9375,41.353928,-6.8018513,-2.930426,70.0,25.0,90.0,41.582844,-7.1442633,-2.6370878,70.961525,25.379211,89.09159,0.50566375
3.941666666666667,41.353928,-6.8018513,-2.930426,70.0,25.0,90.0,41.582848,-7.1442633,-2.637085,70.96153,25.379211,89.0916,0.5056671
3.9458333333333333,41.353928,-6.8018513,-2.930426,70.0,25.0,90.0,41.582844,-7.1442614,-2.637085,70.96153,25.379211,89.09159,0.5056641
3.95,41.353928,-6.8018513,-2.930426,70.0,25.0,90.0,41.582848,-7.1442633,-2.637085,70.96153,25.379208,89.09159,0.5056671
3.9541666666666666,41.353928,-6.8018513,-2.930426,70.0,25.0,90.0,41.582848,-7.1442614,-2.637086,70.96153,25.379211,89.09159,0.5056653
3.9583333333333335,41.353928,-6.8018513,-2.930426,70.0,25.0,90.0,41.582848,-7.1442633,-2.637085,70.961525,25.379204,89.0916,0.5056671
3.9625,41.353928,-6.8018513,-2.930426,70.0,25.0,90.0,41.582848,-7.144264,-2.637084,70.96153,25.379204,89.0916,0.5056683
3.966666666666667,41.353928,-6.8018513,-2.930426,70.0,25.0,90.0,41.582848,-7.144264,-2.637085,70.96153,25.379204,89.0916,0.50566775
3.970833333333333,41.353928,-6.8018513,-2.930426,70.0,25.0,90.0,41.582848,-7.1442633,-2.6370869,70.96153,25.379211,89.0916,0.505666
3.975,41.353928,-6.8018513,-2.930426,70.0,25.0,90.0,41.582848,-7.1442633,-2.637084,70.96153,25.379208,89.0916,0.5056677
3.9791666666666665,41.353928,-6.8018513,-2.930426,70.0,25.0,90.0,41.582848,-7.144264,-2.637086,70.96153,25.379204,89.0916,0.5056672
3.9833333333333334,41.353928,-6.8018513,-2.930426,70.0,25.0,90.0,41.582848,-7.1442633,-2.637085,70.96153,25.379208,89.0916,0.5056671
3.9875,41.353928,-6.8018513,-2.930426,70.0,25.0,90.0,41.582848,-7.1442633,-2.637085,70.96153,25.379208,89.0916,0.5056671
3.9916666666666667,41.353928,-6.8018513,-2.930426,70.0,25.0,90.0,41.582848,-7.1442633,-2.637085,70.96153,25.379208,89.0916,0.5056671
3.995833333333333,41.353928,-6.8018513,-2.930426,70.0,25.0,90.0,41.582848,-7.1442633,-2.637085,70.96153,25.379208,89.0916,0.5056671
4.0,41.353928,-6.8018513,-2.930426,70.0,25.0,90.0,41.582848,-7.1442633,-2.637085,70.96153,25.379208,89.0916,0.5056671
4.004166666666666,41.353928,-6.8018513,-2.930426,70.0,25.0,90.0,41.582848,-7.1442633,-2.637085,70.96153,25.379208,89.0916,0.5056671
4.008333333333334,41.353928,-6.8018513,-2.930426,70.0,25.0,90.0,41.582848,-7.1442633,-2.637085,70.96153,25.379208,89.0916,0.5056671
4.0125,41.353928,-6.8018513,-2.930426,70.0,25.0,90.0,41.582848,-7.1442633,-2.637085,70.96153,25.379208,89.0916,0.5056671
4.016666666666667,41.353928,-6.8018513,-2.930426,70.0,25.0,90.0,41.582848,-7.1442633,-2.637085,70.96153,25.379208,89.0916,0.5056671
4.020833333333333,41.353928,-6.8018513,-2.930426,70.0,25.0,90.0,41.582848,-7.1442633,-2.637085,70.96153,25.379208,89.0916,0.5056671
4.025,41.353928,-6.8018513,-2.930426,70.0,25.0,90.0,41.582848,-7.1442633,-2.637085,70.96153,25.379208,89.0916,0.5056671
4.029166666666667,41.353928,-6.8018513,-2.930426,70.0,25.0,90.0,41.582848,-7.1442633,-2.637085,70.96153,25.379208,89.0916,0.5056671
4.033333333333333,41.353928,-6.8018513,-2.930426,70.0,25.0,90.0,41.582848,-7.1442633,-2.637085,70.96153,25.379208,89.0916,0.5056671
4.0375,41.353928,-6.8018513,-2.930426,70.0,25.0,90.0,41.582848,-7.1442633,-2.637085,70.96153,25.379208,89.0916,0.5056671
4.041666666666667,41.353928,-6.8018513,-2.930426,70.0,25.0,90.0,41.582848,-7.1442633,-2.637085,70.96153,25.379208,89.0916,0.5056671
4.045833333333333,41.353928,-6.8018513,-2.930426,70.0,25.0,90.0,41.582848,-7.1442633,-2.637085,70.96153,25.379208,89.0916,0.5056671
4.05,41.353928,-6.8018513,-2.930426,70.0,25.0,90.0,41.582848,-7.1442633,-2.637085,70.96153,25.379208,89.0916,0.5056671
4.054166666666666,41.353928,-6.8018513,-2.930426,70.0,25.0,90.0,41.582848,-7.1442633,-2.637085,70.96153,25.379208,89.0916,0.5056671
4.058333333333334,41.353928,-6.8018513,-2.930426,70.0,25.0,90.0,41.582848,-7.1442633,-2.637085,70.96153,25.379208,89.0916,0.5056671
4.0625,41.353928,-6.8018513,-2.930426,70.0,25.0,90.0,41.582848,-7.1442633,-2.637085,70.96153,25.379208,89.0916,0.5056671
4.066666666666666,41.353928,-6.8018513,-2.930426,70.0,25.0,90.0,41.582848,-7.1442633,-2.637085,70.96153,25.379208,89.0916,0.5056671
4.070833333333334,41.353928,-6.8018513,-2.930426,70.0,25.0,90.0,41.582848,-7.1442633,-2.637085,70.96153,25.379208,89.0916,0.5056671
4.075,41.353928,-6.8018513,-2.930426,70.0,25.0,90.0,41.582848,-7.1442633,-2.637085,70.96153,25.379208,89.0916,0.5056671
4.079166666666667,41.353928,-6.8018513,-2.930426,70.0,25.0,90.0,41.582848,-7.1442633,-2.637085,70.96153,25.379208,89.0916,0.5056671
4.083333333333333,41.353928,-6.8018513,-2.930426,70.0,25.0,90.0,41.582848,-7.1442633,-2.637085,70.96153,25.379208,89.0916,0.5056671
4.0875,41.353928,-6.8018513,-2.930426,70.0,25.0,90.0,41.582848,-7.1442633,-2.637085,70.96153,25.379208,89.0916,0.5056671
4.091666666666667,41.353928,-6.8018513,-2.930426,70.0,25.0,90.0,41.582848,-7.1442633,-2.637085,70.96153,25.379208,89.0916,0.5056671
4.095833333333333,41.353928,-6.8018513,-2.930426,70.0,25.0,90.0,41.582848,-7.1442633,-2.637085,70.96153,25.379208,89.0916,0.5056671
4.1,41.353928,-6.8018513,-2.930426,70.0,25.0,90.0,41.582848,-7.1442633,-2.637085,70.96153,25.379208,89.0916,0.5056671
4.104166666666667,41.353928,-6.8018513,-2.930426,70.0,25.0,90.0,41.582848,-7.1442633,-2.637085,70.96153,25.379208,89.0916,0.5056671
4.108333333333333,41.353928,-6.8018513,-2.930426,70.0,25.0,90.0,41.582848,-7.1442633,-2.637085,70.96153,25.379208,89.0916,0.5056671
4.1125,41.353928,-6.8018513,-2.930426,70.0,25.0,90.0,41.582848,-7.1442633,-2.637085,70.96153,25.379208,89.0916,0.5056671
4.116666666666666,41.353928,-6.8018513,-2.930426,70.0,25.0,90.0,41.582848,-7.1442633,-2.637085,70.96153,25.379208,89.0916,0.5056671
4.120833333333334,41.353928,-6.8018513,-2.930426,70.0,25.0,90.0,41.582848,-7.1442633,-2.637085,70.96153,25.379208,89.0916,0.5056671
4.125,41.353928,-6.8018513,-2.930426,70.0,25.0,90.0,41.582848,-7.1442633,-2.637085,70.96153,25.379208,89.0916,0.5056671
4.129166666666666,41.353928,-6.8018513,-2.930426,70.0,25.0,90.0,41.582848,-7.1442633,-2.637085,70.96153,25.379208,89.0916,0.5056671
4.133333333333334,41.353928,-6.8018513,-2.930426,70.0,25.0,90.0,41.582848,-7.1442633,-2.637085,70.96153,25.379204,89.0916,0.5056671
4.1375,41.353928,-6.8018513,-2.930426,70.0,25.0,90.0,41.582848,-7.1442633,-2.637085,70.96153,25.379204,89.0916,0.5056671
4.141666666666667,41.353928,-6.8018513,-2.930426,70.0,25.0,90.0,41.582848,-7.144264,-2.637085,70.961525,25.379204,89.0916,0.50566775
4.145833333333333,41.353928,-6.8018513,-2.930426,70.0,25.0,90.0,41.582848,-7.1442633,-2.637084,70.961525,25.379204,89.0916,0.5056677
4.15,41.353928,-6.8018513,-2.930426,70.0,25.0,90.0,41.582848,-7.144264,-2.637084,70.961525,25.379204,89.0916,0.5056683
4.154166666666667,41.353928,-6.8018513,-2.930426,70.0,25.0,90.0,41.582844,-7.1442633,-2.637086,70.961525,25.379208,89.0916,0.5056648
4.158333333333333,41.353928,-6.8018513,-2.930426,70.0,25.0,90.0,41.582848,-7.1442633,-2.637085,70.961525,25.379211,89.0916,0.5056671
4.1625,41.353928,-6.8018513,-2.930426,70.0,25.0,90.0,41.582848,-7.1442633,-2.637084,70.961525,25.379211,89.0916,0.5056677
4.166666666666667,41.353928,-6.8018513,-2.930426,70.0,25.0,90.0,41.582844,-7.1442633,-2.637085,70.96153,25.379204,89.091606,0.5056654
4.170833333333333,41.353928,-6.8018513,-2.930426,70.0,25.0,90.0,41.582848,-7.1442614,-2.637086,70.961525,25.379208,89.091606,0.5056653
4.175,41.353928,-6.8018513,-2.930426,70.0,25.0,90.0,41.582848,-7.144264,-2.637086,70.961525,25.3792,89.091606,0.5056672
4.179166666666666,41.353928,-6.8018513,-2.930426,70.0,25.0,90.0,41.582848,-7.1442604,-2.6370878,70.961525,25.379204,89.091606,0.5056635
4.183333333333334,41.353928,-6.8018513,-2.930426,70.0,25.0,90.0,41.58285,-7.1442604,-2.6370869,70.96153,25.3792,89.091606,0.5056658
4.1875,41.353928,-6.8018513,-2.930426,70.0,25.0,90.0,41.582844,-7.1442614,-2.637084,70.96153,25.3792,89.091606,0.50566465
4.191666666666666,41.353928,-6.8018513,-2.930426,70.0,25.0,90.0,41.582848,-7.1442633,-2.637085,70.961525,25.379208,89.091606,0.5056671
4.195833333333334,41.353928,-6.8018513,-2.930426,70.0,25.0,90.0,41.582848,-7.1442604,-2.637083,70.96153,25.379204,89.091606,0.50566626
4.2,41.353928,-6.8018513,-2.930426,70.0,25.0,90.0,41.582848,-7.1442633,-2.637083,70.961525,25.379208,89.091606,0.5056682
4.204166666666667,41.353928,-6.8018513,-2.930426,70.0,25.0,90.0,41.582844,-7.1442604,-2.637082,70.96153,25.379208,89.091606,0.5056651
4.208333333333333,41.353928,-6.8018513,-2.930426,70.0,25.0,90.0,41.582844,-7.1442614,-2.637084,70.96153,25.379204,89.091606,0.50566465
4.2125,41.353928,-6.8018513,-2.930426,70.0,25.0,90.0,41.582844,-7.1442614,-2.637084,70.96153,25.379208,89.091606,0.50566465
4.216666666666667,41.353928,-6.8018513,-2.930426,70.0,25.0,90.0,41.582844,-7.1442604,-2.637086,70.96153,25.379204,89.091606,0.50566286
4.220833333333333,41.353928,-6.8018513,-2.930426,70.0,25.0,90.0,41.582848,-7.1442614,-2.637083,70.96153,25.379208,89.091606,0.5056669
4.225,41.353928,-6.8018513,-2.930426,70.0,25.0,90.0,41.582848,-7.1442633,-2.637085,70.96153,25.379208,89.091606,0.5056671
4.229166666666667,41.353928,-6.8018513,-2.930426,70.0,25.0,90.0,41.582844,-7.1442633,-2.637086,70.96154,25.379208,89.091606,0.5056648
4.233333333333333,41.353928,-6.8018513,-2.930426,70.0,25.0,90.0,41.582844,-7.144264,-2.637084,70.96153,25.379208,89.091606,0.50566655
4.2375,41.353928,-6.8018513,-2.930426,70.0,25.0,90.0,41.582844,-7.1442633,-2.637085,70.96153,25.379204,89.091606,0.5056654
4.241666666666666,41.353928,-6.8018513,-2.930426,70.0,25.0,90.0,41.582844,-7.144264,-2.637085,70.96153,25.379208,89.091606,0.505666
4.245833333333334,41.353928,-6.8018513,-2.930426,70.0,25.0,90.0,41.582844,-7.1442614,-2.637085,70.96153,25.379211,89.091606,0.5056641
4.25,41.353928,-6.8018513,-2.930426,70.0,25.0,90.0,41.582844,-7.1442633,-2.637086,70.96153,25.379211,89.091606,0.5056648
4.254166666666666,41.353928,-6.8018513,-2.930426,70.0,25.0,90.0,41.582844,-7.144264,-2.637085,70.96153,25.379208,89.091606,0.505666
4.258333333333334,41.353928,-6.8018513,-2.930426,70.0,25.0,90.0,41.582844,-7.1442633,-2.6370878,70.96153,25.379211,89.091606,0.50566375
4.2625,41.353928,-6.8018513,-2.930426,70.0,25.0,90.0,41.58284,-7.1442633,-2.637084,70.96153,25.379208,89.091606,0.5056642
4.266666666666667,41.353928,-6.8018513,-2.930426,70.0,25.0,90.0,41.582844,-7.1442614,-2.637086,70.96154,25.379204,89.091606,0.5056635
4.270833333333333,41.353928,-6.8018513,-2.930426,70.0,25.0,90.0,41.582844,-7.144264,-2.637086,70.96153,25.379208,89.091606,0.5056655
4.275,41.353928,-6.8018513,-2.930426,70.0,25.0,90.0,41.58284,-7.1442633,-2.6370869,70.96153,25.379208,89.091606,0.50566256
4.279166666666667,41.353928,-6.8018513,-2.930426,70.0,25.0,90.0,41.582844,-7.1442614,-2.6370878,70.96153,25.379208,89.091606,0.50566244
4.283333333333333,41.353928,-6.8018513,-2.930426,70.0,25.0,90.0,41.58284,-7.144264,-2.637084,70.96153,25.379208,89.091606,0.5056649
4.2875,41.353928,-6.8018513,-2.930426,70.0,25.0,90.0,41.582844,-7.144266,-2.6370878,70.96153,25.379208,89.091606,0.50566566
4.291666666666667,41.353928,-6.8018513,-2.930426,70.0,25.0,90.0,41.582844,-7.144264,-2.637085,70.96154,25.379211,89.0916,0.505666
4.295833333333333,41.353928,-6.8018513,-2.930426,70.0,25.0,90.0,41.582844,-7.1442614,-2.637083,70.96153,25.379208,89.0916,0.50566524
4.3,41.353928,-6.8018513,-2.930426,70.0,25.0,90.0,41.582844,-7.1442633,-2.6370897,70.96154,25.379208,89.0916,0.5056626
4.304166666666666,41.353928,-6.8018513,-2.930426,70.0,25.0,90.0,41.582848,-7.1442614,-2.6370869,70.96153,25.379211,89.0916,0.5056647
4.308333333333334,41.353928,-6.8018513,-2.930426,70.0,25.0,90.0,41.582848,-7.1442633,-2.6370878,70.96153,25.379211,89.0916,0.5056654
4.3125,41.353928,-6.8018513,-2.930426,70.0,25.0,90.0,41.582848,-7.1442614,-2.6370878,70.96154,25.379211,89.09159,0.50566417
4.316666666666666,41.353928,-6.8018513,-2.930426,70.0,25.0,90.0,41.582848,-7.1442604,-2.6370869,70.96153,25.379211,89.09159,0.50566405
4.320833333333334,41.353928,-6.8018513,-2.930426,70.0,25.0,90.0,41.582844,-7.144264,-2.6370878,70.96153,25.379208,89.0916,0.5056644
4.325,41.353928,-6.8018513,-2.930426,70.0,25.0,90.0,41.582848,-7.144267,-2.637085,70.96153,25.379211,89.0916,0.5056697
4.329166666666667,41.353928,-6.8018513,-2.930426,70.0,25.0,90.0,41.582848,-7.1442614,-2.6370897,70.961525,25.379208,89.0916,0.50566304
4.333333333333333,41.353928,-6.8018513,-2.930426,70.0,25.0,90.0,41.582848,-7.1442614,-2.6370869,70.96153,25.379211,89.0916,0.5056647
4.3375,41.353928,-6.8018513,-2.930426,70.0,25.0,90.0,41.582844,-7.144264,-2.6370897,70.96153,25.379211,89.0916,0.5056633
4.341666666666667,41.353928,-6.8018513,-2.930426,70.0,25.0,90.0,41.582848,-7.144267,-2.6370869,70.96153,25.379204,89.09159,0.5056686
4.345833333333333,41.353928,-6.8018513,-2.930426,70.0,25.0,90.0,41.582848,-7.144264,-2.6370869,70.96153,25.379208,89.0916,0.5056667
4.35,41.353928,-6.8018513,-2.930426,70.0,25.0,90.0,41.58285,-7.144266,-2.637085,70.96153,25.3792,89.0916,0.5056708
4.354166666666667,41.353928,-6.8018513,-2.930426,70.0,25.0,90.0,41.582848,-7.144267,-2.6370869,70.96153,25.379208,89.0916,0.5056686
4.358333333333333,41.353928,-6.8018513,-2.930426,70.0,25.0,90.0,41.582848,-7.144267,-2.6370869,70.96153,25.379204,89.0916,0.5056686
4.3625,41.353928,-6.8018513,-2.930426,70.0,25.0,90.0,41.582848,-7.144266,-2.637085,70.96153,25.379208,89.0916,0.50566906
4.366666666666666,41.353928,-6.8018513,-2.930426,70.0,25.0,90.0,41.58285,-7.144267,-2.637085,70.96153,25.379208,89.0916,0.50567144
4.370833333333334,41.353928,-6.8018513,-2.930426,70.0,25.0,90.0,41.58285,-7.144267,-2.637086,70.96153,25.379208,89.0916,0.50567085
4.375,41.353928,-6.8018513,-2.930426,70.0,25.0,90.0,41.58285,-7.144266,-2.6370878,70.96153,25.379208,89.0916,0.5056691
4.379166666666666,41.353928,-6.8018513,-2.930426,70.0,25.0,90.0,41.58285,-7.144266,-2.6370878,70.96153,25.379208,89.0916,0.5056691
4.383333333333334,41.353928,-6.8018513,-2.930426,70.0,25.0,90.0,41.58285,-7.144266,-2.6370878,70.96153,25.379208,89.0916,0.5056691
4.3875,41.353928,-6.8018513,-2.930426,70.0,25.0,90.0,41.58285,-7.144266,-2.6370878,70.96153,25.379208,89.0916,0.5056691
4.391666666666667,41.353928,-6.8018513,-2.930426,70.0,25.0,90.0,41.58285,-7.144266,-2.6370878,70.96153,25.379208,89.0916,0.5056691
4.395833333333333,41.353928,-6.8018513,-2.930426,70.0,25.0,90.0,41.58285,-7.144266,-2.6370878,70.96153,25.379208,89.0916,0.5056691
4.4,41.353928,-6.8018513,-2.930426,70.0,25.0,90.0,41.58285,-7.144266,-2.6370878,70.96153,25.379208,89.0916,0.5056691
4.404166666666667,41.353928,-6.8018513,-2.930426,70.0,25.0,90.0,41.58285,-7.144266,-2.6370878,70.96153,25.379208,89.0916,0.5056691
4.408333333333333,41.353928,-6.8018513,-2.930426,70.0,25.0,90.0,41.58285,-7.144266,-2.6370878,70.96153,25.379208,89.0916,0.5056691
4.4125,41.353928,-6.8018513,-2.930426,70.0,25.0,90.0,41.58285,-7.144266,-2.6370878,70.96153,25.379208,89.0916,0.5056691
4.416666666666667,41.353928,-6.8018513,-2.930426,70.0,25.0,90.0,41.58285,-7.144266,-2.6370878,70.96153,25.379208,89.0916,0.5056691
4.420833333333333,41.353928,-6.8018513,-2.930426,70.0,25.0,90.0,41.58285,-7.144266,-2.6370878,70.96153,25.379208,89.0916,0.5056691
4.425,41.353928,-6.8018513,-2.930426,70.0,25.0,90.0,41.58285,-7.144266,-2.6370878,70.96153,25.379208,89.0916,0.5056691
4.429166666666666,41.353928,-6.8018513,-2.930426,70.0,25.0,90.0,41.58285,-7.144266,-2.6370878,70.96153,25.379208,89.0916,0.5056691
4.433333333333334,41.353928,-6.8018513,-2.930426,70.0,25.0,90.0,41.58285,-7.144266,-2.6370878,70.96153,25.379208,89.0916,0.5056691
4.4375,41.353928,-6.8018513,-2.930426,70.0,25.0,90.0,41.58285,-7.144266,-2.6370878,70.96153,25.379208,89.0916,0.5056691
4.441666666666666,41.353928,-6.8018513,-2.930426,70.0,25.0,90.0,41.58285,-7.144266,-2.6370878,70.96153,25.379208,89.0916,0.5056691
4.445833333333334,41.353928,-6.8018513,-2.930426,70.0,25.0,90.0,41.58285,-7.144266,-2.6370878,70.96153,25.379208,89.0916,0.5056691
4.45,41.353928,-6.8018513,-2.930426,70.0,25.0,90.0,41.58285,-7.144266,-2.6370878,70.96153,25.379208,89.0916,0.5056691
4.454166666666667,41.353928,-6.8018513,-2.930426,70.0,25.0,90.0,41.58285,-7.144266,-2.6370878,70.96153,25.379208,89.0916,0.5056691
4.458333333333333,41.353928,-6.8018513,-2.930426,70.0,25.0,90.0,41.58285,-7.144266,-2.6370878,70.96153,25.379208,89.0916,0.5056691
4.4625,41.353928,-6.8018513,-2.930426,70.0,25.0,90.0,41.58285,-7.144266,-2.6370878,70.96153,25.379208,89.0916,0.5056691
4.466666666666667,41.353928,-6.8018513,-2.930426,70.0,25.0,90.0,41.58285,-7.144266,-2.6370878,70.96153,25.379208,89.0916,0.5056691
4.470833333333333,41.353928,-6.8018513,-2.930426,70.0,25.0,90.0,41.58285,-7.144266,-2.6370878,70.96153,25.379208,89.0916,0.5056691
4.475,41.353928,-6.8018513,-2.930426,70.0,25.0,90.0,41.58285,-7.144266,-2.6370878,70.96153,25.379208,89.0916,0.5056691
4.479166666666667,41.353928,-6.8018513,-2.930426,70.0,25.0,90.0,41.58285,-7.144266,-2.6370878,70.96153,25.379208,89.0916,0.5056691
4.483333333333333,41.353928,-6.8018513,-2.930426,70.0,25.0,90.0,41.58285,-7.144266,-2.6370878,70.96153,25.379208,89.0916,0.5056691
4.4875,41.353928,-6.8018513,-2.930426,70.0,25.0,90.0,41.58285,-7.144266,-2.6370878,70.96153,25.379208,89.0916,0.5056691
4.491666666666666,41.353928,-6.8018513,-2.930426,70.0,25.0,90.0,41.58285,-7.144266,-2.6370878,70.96153,25.379208,89.0916,0.5056691
4.495833333333334,41.353928,-6.8018513,-2.930426,70.0,25.0,90.0,41.58285,-7.144266,-2.6370878,70.96153,25.379208,89.0916,0.5056691
4.5,41.353928,-6.8018513,-2.930426,70.0,25.0,90.0,41.58285,-7.144266,-2.6370878,70.96153,25.379208,89.0916,0.5056691
4.504166666666666,41.353928,-6.8018513,-2.930426,70.0,25.0,90.0,41.58285,-7.144266,-2.6370878,70.96153,25.379208,89.0916,0.5056691
4.508333333333334,41.353928,-6.8018513,-2.930426,70.0,25.0,90.0,41.58285,-7.144266,-2.6370878,70.96153,25.379208,89.0916,0.5056691
4.5125,41.353928,-6.8018513,-2.930426,70.0,25.0,90.0,41.58285,-7.144266,-2.6370878,70.96153,25.379208,89.0916,0.5056691
4.516666666666667,41.353928,-6.8018513,-2.930426,70.0,25.0,90.0,41.58285,-7.144266,-2.6370878,70.96153,25.379208,89.0916,0.5056691
4.520833333333333,41.353928,-6.8018513,-2.930426,70.0,25.0,90.0,41.58285,-7.144266,-2.6370878,70.96153,25.379208,89.0916,0.5056691
4.525,41.353928,-6.8018513,-2.930426,70.0,25.0,90.0,41.58285,-7.144266,-2.6370878,70.96153,25.379208,89.0916,0.5056691
4.529166666666667,41.353928,-6.8018513,-2.930426,70.0,25.0,90.0,41.582848,-7.144264,-2.6370869,70.96153,25.379208,89.0916,0.5056667
4.533333333333333,41.353928,-6.8018513,-2.930426,70.0,25.0,90.0,41.582848,-7.144264,-2.6370878,70.96153,25.379208,89.0916,0.5056661
4.5375,41.353928,-6.8018513,-2.930426,70.0,25.0,90.0,41.582848,-7.144266,-2.6370878,70.961525,25.379208,89.0916,0.5056674
4.541666666666667,41.353928,-6.8018513,-2.930426,70.0,25.0,90.0,41.582848,-7.1442633,-2.6370869,70.961525,25.379208,89.0916,0.505666
4.545833333333333,41.353928,-6.8018513,-2.930426,70.0,25.0,90.0,41.58285,-7.144264,-2.6370897,70.96153,25.379208,89.0916,0.50566673
4.55,41.353928,-6.8018513,-2.930426,70.0,25.0,90.0,41.582848,-7.144264,-2.6370869,70.961525,25.379204,89.0916,0.5056667
4.554166666666666,41.353928,-6.8018513,-2.930426,70.0,25.0,90.0,41.582848,-7.144264,-2.6370869,70.961525,25.379208,89.0916,0.5056667
4.558333333333334,41.353928,-6.8018513,-2.930426,70.0,25.0,90.0,41.582848,-7.1442614,-2.637085,70.961525,25.379204,89.091606,0.50566584
4.5625,41.353928,-6.8018513,-2.930426,70.0,25.0,90.0,41.582848,-7.1442614,-2.6370878,70.961525,25.379208,89.091606,0.50566417
4.566666666666666,41.353928,-6.8018513,-2.930426,70.0,25.0,90.0,41.582848,-7.1442633,-2.637086,70.96153,25.379208,89.091606,0.50566655
4.570833333333334,41.353928,-6.8018513,-2.930426,70.0,25.0,90.0,41.582848,-7.1442604,-2.637085,70.961525,25.379204,89.091606,0.5056652
4.575,41.353928,-6.8018513,-2.930426,70.0,25.0,90.0,41.582844,-7.1442604,-2.6370897,70.961525,25.3792,89.091606,0.50566065
4.579166666666667,41.353928,-6.8018513,-2.930426,70.0,25.0,90.0,41.582848,-7.1442575,-2.637085,70.96153,25.3792,89.09161,0.5056632
4.583333333333333,41.353928,-6.8018513,-2.930426,70.0,25.0,90.0,41.582848,-7.1442614,-2.637085,70.96153,25.379204,89.09161,0.50566584
4.5875,41.353928,-6.8018513,-2.930426,70.0,25.0,90.0,41.582848,-7.1442604,-2.637083,70.961525,25.379208,89.091606,0.50566626
4.591666666666667,41.353928,-6.8018513,-2.930426,70.0,25.0,90.0,41.582844,-7.1442585,-2.637082,70.96153,25.379208,89.091606,0.5056638
4.595833333333333,41.353928,-6.8018513,-2.930426,70.0,25.0,90.0,41.582848,-7.144264,-2.637082,70.96153,25.379204,89.091606,0.5056694
4.6,41.353928,-6.8018513,-2.930426,70.0,25.0,90.0,41.582844,-7.144264,-2.637084,70.96153,25.379204,89.09161,0.50566655
4.604166666666667,41.353928,-6.8018513,-2.930426,70.0,25.0,90.0,41.582844,-7.1442585,-2.637083,70.96153,25.379204,89.091606,0.5056633
4.608333333333333,41.353928,-6.8018513,-2.930426,70.0,25.0,90.0,41.58284,-7.1442614,-2.637085,70.96153,25.379208,89.091606,0.5056624
4.6125,41.353928,-6.8018513,-2.930426,70.0,25.0,90.0,41.58284,-7.1442614,-2.6370869,70.96153,25.379208,89.091606,0.50566125
4.616666666666666,41.353928,-6.8018513,-2.930426,70.0,25.0,90.0,41.582844,-7.1442614,-2.6370869,70.96153,25.379208,89.091606,0.505663
4.620833333333334,41.353928,-6.8018513,-2.930426,70.0,25.0,90.0,41.582844,-7.1442614,-2.637085,70.96154,25.379204,89.091606,0.5056641
4.625,41.353928,-6.8018513,-2.930426,70.0,25.0,90.0,41.582844,-7.144264,-2.637086,70.96153,25.379211,89.091606,0.5056655
4.629166666666666,41.353928,-6.8018513,-2.930426,70.0,25.0,90.0,41.58284,-7.144264,-2.6370878,70.96154,25.379208,89.091606,0.5056626
4.633333333333334,41.353928,-6.8018513,-2.930426,70.0,25.0,90.0,41.58284,-7.144264,-2.637086,70.96153,25.379208,89.091606,0.50566375
4.6375,41.353928,-6.8018513,-2.930426,70.0,25.0,90.0,41.58284,-7.1442614,-2.637086,70.96154,25.379208,89.091606,0.5056618
4.641666666666667,41.353928,-6.8018513,-2.930426,70.0,25.0,90.0,41.58284,-7.1442614,-2.637085,70.96153,25.379211,89.091606,0.5056624
4.645833333333333,41.353928,-6.8018513,-2.930426,70.0,25.0,90.0,41.58284,-7.1442614,-2.637085,70.96153,25.379211,89.091606,0.5056624
4.65,41.353928,-6.8018513,-2.930426,70.0,25.0,90.0,41.582844,-7.1442633,-2.6370869,70.96153,25.379215,89.091606,0.5056643
4.654166666666667,41.353928,-6.8018513,-2.930426,70.0,25.0,90.0,41.582844,-7.1442585,-2.6370869,70.96153,25.379211,89.09161,0.5056611
4.658333333333333,41.353928,-6.8018513,-2.930426,70.0,25.0,90.0,41.582844,-7.1442604,-2.637085,70.96154,25.379211,89.091606,0.50566345
4.6625,41.353928,-6.8018513,-2.930426,70.0,25.0,90.0,41.582844,-7.1442604,-2.637086,70.96153,25.379208,89.091606,0.50566286
4.666666666666667,41.353928,-6.8018513,-2.930426,70.0,25.0,90.0,41.582844,-7.1442633,-2.637085,70.96153,25.379211,89.091606,0.5056654
4.670833333333333,41.353928,-6.8018513,-2.930426,70.0,25.0,90.0,41.582844,-7.1442604,-2.637086,70.96153,25.379211,89.091606,0.50566286
4.675,41.353928,-6.8018513,-2.930426,70.0,25.0,90.0,41.582844,-7.1442585,-2.637083,70.96154,25.379208,89.091606,0.5056633
4.679166666666666,41.353928,-6.8018513,-2.930426,70.0,25.0,90.0,41.58284,-7.1442614,-2.637086,70.96154,25.379211,89.091606,0.5056618
4.683333333333334,41.353928,-6.8018513,-2.930426,70.0,25.0,90.0,41.582844,-7.1442575,-2.637084,70.96153,25.379208,89.091606,0.5056621
4.6875,41.353928,-6.8018513,-2.930426,70.0,25.0,90.0,41.58284,-7.1442633,-2.637084,70.96154,25.379211,89.0916,0.5056642
4.691666666666666,41.353928,-6.8018513,-2.930426,70.0,25.0,90.0,41.582844,-7.1442604,-2.637084,70.96153,25.379211,89.091606,0.505664
4.695833333333334,41.353928,-6.8018513,-2.930426,70.0,25.0,90.0,41.582848,-7.1442633,-2.637085,70.96153,25.379208,89.0916,0.5056671
4.7,41.353928,-6.8018513,-2.930426,70.0,25.0,90.0,41.582848,-7.144264,-2.6370869,70.96154,25.379211,89.0916,0.5056667
4.704166666666667,41.353928,-6.8018513,-2.930426,70.0,25.0,90.0,41.582848,-7.144264,-2.6370897,70.96154,25.379215,89.0916,0.505665
4.708333333333333,41.353928,-6.8018513,-2.930426,70.0,25.0,90.0,41.582848,-7.144266,-2.6370869,70.96154,25.379211,89.0916,0.5056679
4.7125,41.353928,-6.8018513,-2.930426,70.0,25.0,90.0,41.582848,-7.1442633,-2.637086,70.96153,25.3792,89.09159,0.50566655
4.716666666666667,41.353928,-6.8018513,-2.930426,70.0,25.0,90.0,41.582848,-7.144266,-2.637085,70.96153,25.379208,89.09159,0.50566906
4.720833333333333,41.353928,-6.8018513,-2.930426,70.0,25.0,90.0,41.582848,-7.1442633,-2.6370878,70.96153,25.379211,89.0916,0.5056654
4.725,41.353928,-6.8018513,-2.930426,70.0,25.0,90.0,41.582848,-7.144264,-2.6370907,70.96153,25.379208,89.0916,0.50566447
4.729166666666667,41.353928,-6.8018513,-2.930426,70.0,25.0,90.0,41.582844,-7.1442614,-2.6370907,70.96153,25.379211,89.0916,0.5056608
4.733333333333333,41.353928,-6.8018513,-2.930426,70.0,25.0,90.0,41.582848,-7.144264,-2.6370878,70.96153,25.379208,89.0916,0.5056661
4.7375,41.353928,-6.8018513,-2.930426,70.0,25.0,90.0,41.582848,-7.144266,-2.637086,70.96153,25.379204,89.0916,0.50566846
4.741666666666666,41.353928,-6.8018513,-2.930426,70.0,25.0,90.0,41.582848,-7.144264,-2.637086,70.96153,25.379204,89.0916,0.5056672
4.745833333333334,41.353928,-6.8018513,-2.930426,70.0,25.0,90.0,41.58285,-7.144264,-2.637085,70.961525,25.3792,89.0916,0.5056695
4.75,41.353928,-6.8018513,-2.930426,70.0,25.0,90.0,41.58245,-7.135559,-2.6441727,70.95785,25.399448,89.08959,0.49550447
4.754166666666666,41.353928,-6.8018513,-2.930426,70.0,25.0,90.0,41.569466,-7.140765,-2.6824522,70.88408,25.396332,89.10111,0.4720278
4.758333333333334,41.353928,-6.8018513,-2.930426,70.0,25.0,90.0,41.532707,-7.159895,-2.7424603,70.71079,25.307716,89.1702,0.4421408
4.7625,41.353928,-6.8018513,-2.930426,70.0,25.0,90.0,41.46205,-7.3026476,-2.7928486,70.42518,25.07537,89.26251,0.5304858
4.766666666666667,41.353928,-6.8018513,-2.930426,70.0,25.0,90.0,41.350586,-7.3316927,-2.6047106,70.44872,24.765415,89.49641,0.62195945
4.770833333333333,41.353928,-6.8018513,-2.930426,70.0,25.0,90.0,41.262238,-7.424986,-2.579853,70.41107,24.690159,89.361275,0.7208364
4.775,41.353928,-6.8018513,-2.930426,70.0,25.0,90.0,41.03321,-6.8783703,-2.086648,70.460625,25.22432,89.71048,0.9059115
4.779166666666667,41.353928,-6.8018513,-2.930426,70.0,25.0,90.0,40.267258,-6.649927,-2.025097,70.43917,24.420952,90.67982,1.4225163
4.783333333333333,41.353928,-6.8018513,-2.930426,70.0,25.0,90.0,39.88149,-6.532649,-2.1010084,70.49371,24.383686,91.283394,1.71128
4.7875,41.353928,-6.8018513,-2.930426,70.0,25.0,90.0,40.017387,-5.4999743,-0.47195244,72.44571,29.160099,91.27536,3.0863109
4.791666666666667,41.353928,-6.8018513,-2.930426,70.0,25.0,90.0,39.752083,-6.3505573,-1.2480955,72.40633,28.400002,91.02479,2.3663914
4.795833333333333,41.353928,-6.8018513,-2.930426,70.0,25.0,90.0,40.340317,-6.774251,-2.845704,71.45058,25.321209,91.725685,1.0175198
