time_s,true_wrist_X_cm,true_wrist_Y_cm,true_wrist_Z_cm,true_shoulder_elv_deg,true_shoulder_rot_deg,true_elbow_flexion_deg,pred_wrist_X_cm,pred_wrist_Y_cm,pred_wrist_Z_cm,pred_shoulder_elv_deg,pred_shoulder_rot_deg,pred_elbow_flexion_deg,l2_distance_cm
0.0,41.353928,-6.8018513,-2.930426,70.0,25.0,90.0,41.17888,-7.861969,-0.6114378,71.07294,24.050571,91.51756,2.5558164
0.004166666666666667,41.353928,-6.8018513,-2.930426,70.0,25.0,90.0,41.515415,-8.226466,-1.1671019,70.48709,23.888035,91.230896,2.2726455
0.008333333333333333,41.353928,-6.8018513,-2.930426,70.0,25.0,90.0,41.761337,-8.212459,-1.932683,69.632225,24.072227,91.20438,1.7751863
0.0125,41.353928,-6.8018513,-2.930426,70.0,25.0,90.0,41.333427,-7.4737797,-2.565096,71.11714,25.549229,90.14737,0.76509744
0.016666666666666666,41.353928,-6.8018513,-2.930426,70.0,25.0,90.0,41.163456,-6.71784,-2.197135,72.18848,27.131493,88.94345,0.76226825
0.020833333333333332,41.353928,-6.8018513,-2.930426,70.0,25.0,90.0,40.70726,-7.227516,-3.4143763,70.20004,26.697102,88.70753,0.9130046
0.025,41.353928,-6.8018513,-2.930426,70.0,25.0,90.0,41.27047,-7.9345827,-3.0465431,70.03531,24.794743,89.0484,1.1417218
0.029166666666666667,41.353928,-6.8018513,-2.930426,70.0,25.0,90.0,41.3696,-7.6138296,-2.8338442,70.493126,25.185062,89.09591,0.8178523
0.03333333333333333,41.353928,-6.8018513,-2.930426,70.0,25.0,90.0,41.477413,-7.393628,-2.7218132,70.708275,25.383549,89.060486,0.6395059
0.0375,41.353928,-6.8018513,-2.930426,70.0,25.0,90.0,41.53066,-7.2970552,-2.6456804,70.88687,25.361992,89.02641,0.5979472
0.041666666666666664,41.353928,-6.8018513,-2.930426,70.0,25.0,90.0,41.573795,-7.2100143,-2.632821,70.94036,25.396343,89.05312,0.5509152
0.04583333333333333,41.353928,-6.8018513,-2.930426,70.0,25.0,90.0,41.590317,-7.156685,-2.6475277,70.922676,25.377754,89.069016,0.5116817
0.05,41.353928,-6.8018513,-2.930426,70.0,25.0,90.0,41.582832,-7.1442423,-2.6370745,70.96154,25.379211,89.09164,0.50565207
0.05416666666666667,41.353928,-6.8018513,-2.930426,70.0,25.0,90.0,41.582832,-7.1442423,-2.6370745,70.96154,25.379211,89.09164,0.50565207
0.058333333333333334,41.353928,-6.8018513,-2.930426,70.0,25.0,90.0,41.582832,-7.1442423,-2.6370745,70.96154,25.379211,89.09164,0.50565207
0.0625,41.353928,-6.8018513,-2.930426,70.0,25.0,90.0,41.582832,-7.1442423,-2.6370745,70.96154,25.379211,89.09164,0.50565207
0.06666666666666667,41.353928,-6.8018513,-2.930426,70.0,25.0,90.0,41.582832,-7.1442423,-2.6370745,70.96154,25.379211,89.09164,0.50565207
0.07083333333333333,41.353928,-6.8018513,-2.930426,70.0,25.0,90.0,41.582832,-7.1442423,-2.6370745,70.96154,25.379211,89.09164,0.50565207
0.075,41.353928,-6.8018513,-2.930426,70.0,25.0,90.0,41.582832,-7.1442423,-2.6370745,70.96154,25.379211,89.09164,0.50565207
0.07916666666666666,41.353928,-6.8018513,-2.930426,70.0,25.0,90.0,41.582832,-7.1442423,-2.6370745,70.96154,25.379211,89.09164,0.50565207
0.08333333333333333,41.353928,-6.8018513,-2.930426,70.0,25.0,90.0,41.582832,-7.1442423,-2.6370745,70.96154,25.379211,89.09164,0.50565207
0.0875,41.353928,-6.8018513,-2.930426,70.0,25.0,90.0,41.582832,-7.1442423,-2.6370745,70.96154,25.379211,89.09164,0.50565207
0.09166666666666666,41.353928,-6.8018513,-2.930426,70.0,25.0,90.0,41.582832,-7.1442423,-2.6370745,70.96154,25.379211,89.09164,0.50565207
0.09583333333333334,41.353928,-6.8018513,-2.930426,70.0,25.0,90.0,41.582832,-7.1442423,-2.6370745,70.96154,25.379211,89.09164,0.50565207
0.1,41.353928,-6.8018513,-2.930426,70.0,25.0,90.0,41.582832,-7.1442423,-2.6370745,70.96154,25.379211,89.09164,0.50565207
0.10416666666666667,41.353928,-6.8018513,-2.930426,70.0,25.0,90.0,41.582832,-7.1442423,-2.6370745,70.96154,25.379211,89.09164,0.50565207
0.10833333333333334,41.353928,-6.8018513,-2.930426,70.0,25.0,90.0,41.582832,-7.1442423,-2.6370745,70.96154,25.379211,89.09164,0.50565207
0.1125,41.353928,-6.8018513,-2.930426,70.0,25.0,90.0,41.582832,-7.1442423,-2.6370745,70.96154,25.379211,89.09164,0.50565207
0.11666666666666667,41.353928,-6.8018513,-2.930426,70.0,25.0,90.0,41.582832,-7.1442423,-2.6370745,70.96154,25.379211,89.09164,0.50565207
0.12083333333333333,41.353928,-6.8018513,-2.930426,70.0,25.0,90.0,41.582832,-7.1442423,-2.6370745,70.96154,25.379211,89.09164,0.50565207
0.125,41.353928,-6.8018513,-2.930426,70.0,25.0,90.0,41.582832,-7.1442423,-2.6370745,70.96154,25.379211,89.09164,0.50565207
0.12916666666666668,41.353928,-6.8018513,-2.930426,70.0,25.0,90.0,41.582832,-7.1442423,-2.6370745,70.96154,25.379211,89.09164,0.50565207
0.13333333333333333,41.353928,-6.8018513,-2.930426,70.0,25.0,90.0,41.582832,-7.1442423,-2.6370745,70.96154,25.379211,89.09164,0.50565207
0.1375,41.353928,-6.8018513,-2.930426,70.0,25.0,90.0,41.582832,-7.1442423,-2.6370745,70.96154,25.379211,89.09164,0.50565207
0.14166666666666666,41.353928,-6.8018513,-2.930426,70.0,25.0,90.0,41.582832,-7.1442423,-2.6370745,70.96154,25.379211,89.09164,0.50565207
0.14583333333333334,41.353928,-6.8018513,-2.930426,70.0,25.0,90.0,41.582832,-7.1442423,-2.6370745,70.96154,25.379211,89.09164,0.50565207
0.15,41.353928,-6.8018513,-2.930426,70.0,25.0,90.0,41.582832,-7.1442423,-2.6370745,70.96154,25.379211,89.09164,0.50565207
0.15416666666666667,41.353928,-6.8018513,-2.930426,70.0,25.0,90.0,41.582832,-7.1442423,-2.6370745,70.96154,25.379211,89.09164,0.50565207
0.15833333333333333,41.353928,-6.8018513,-2.930426,70.0,25.0,90.0,41.582832,-7.1442423,-2.6370745,70.96154,25.379211,89.09164,0.50565207
0.1625,41.353928,-6.8018513,-2.930426,70.0,25.0,90.0,41.582832,-7.1442423,-2.6370745,70.96154,25.379211,89.09164,0.50565207
0.16666666666666666,41.353928,-6.8018513,-2.930426,70.0,25.0,90.0,41.582832,-7.1442423,-2.6370745,70.96154,25.379211,89.09164,0.50565207
0.17083333333333334,41.353928,-6.8018513,-2.930426,70.0,25.0,90.0,41.582832,-7.1442423,-2.6370745,70.96154,25.379211,89.09164,0.50565207
0.175,41.353928,-6.8018513,-2.930426,70.0,25.0,90.0,41.582832,-7.1442423,-2.6370745,70.96154,25.379211,89.09164,0.50565207
0.17916666666666667,41.353928,-6.8018513,-2.930426,70.0,25.0,90.0,41.582832,-7.1442423,-2.6370745,70.96154,25.379211,89.09164,0.50565207
0.18333333333333332,41.353928,-6.8018513,-2.930426,70.0,25.0,90.0,41.582832,-7.1442423,-2.6370745,70.96154,25.379211,89.09164,0.50565207
0.1875,41.353928,-6.8018513,-2.930426,70.0,25.0,90.0,41.582832,-7.1442423,-2.6370745,70.96154,25.379211,89.09164,0.50565207
0.19166666666666668,41.353928,-6.8018513,-2.930426,70.0,25.0,90.0,41.582832,-7.1442423,-2.6370745,70.96154,25.379211,89.09164,0.50565207
0.19583333333333333,41.353928,-6.8018513,-2.930426,70.0,25.0,90.0,41.582832,-7.1442423,-2.6370745,70.96154,25.379211,89.09164,0.50565207
0.2,41.353928,-6.8018513,-2.930426,70.0,25.0,90.0,41.582832,-7.1442423,-2.6370745,70.96154,25.379211,89.09164,0.50565207
0.20416666666666666,41.353928,-6.8018513,-2.930426,70.0,25.0,90.0,41.582832,-7.1442423,-2.6370745,70.96154,25.379211,89.09164,0.50565207
0.20833333333333334,41.353928,-6.8018513,-2.930426,70.0,25.0,90.0,41.582832,-7.1442423,-2.6370745,70.96154,25.379208,89.09164,0.50565207
0.2125,41.353928,-6.8018513,-2.930426,70.0,25.0,90.0,41.582832,-7.1442423,-2.6370726,70.96154,25.379211,89.09164,0.5056532
0.21666666666666667,41.353928,-6.8018513,-2.930426,70.0,25.0,90.0,41.582832,-7.1442413,-2.6370726,70.96154,25.379211,89.09164,0.50565255
0.22083333333333333,41.353928,-6.8018513,-2.930426,70.0,25.0,90.0,41.582832,-7.1442413,-2.6370745,70.96154,25.379211,89.09164,0.5056514
0.225,41.353928,-6.8018513,-2.930426,70.0,25.0,90.0,41.582832,-7.1442413,-2.6370745,70.96154,25.379208,89.09164,0.5056514
0.22916666666666666,41.353928,-6.8018513,-2.930426,70.0,25.0,90.0,41.582832,-7.1442394,-2.6370764,70.96154,25.379208,89.091644,0.50564903
0.23333333333333334,41.353928,-6.8018513,-2.930426,70.0,25.0,90.0,41.582832,-7.1442385,-2.6370745,70.96154,25.379208,89.091644,0.5056495
0.2375,41.353928,-6.8018513,-2.930426,70.0,25.0,90.0,41.582832,-7.1442394,-2.6370745,70.96154,25.379208,89.091644,0.50565016
0.24166666666666667,41.353928,-6.8018513,-2.930426,70.0,25.0,90.0,41.58283,-7.1442423,-2.6370745,70.96154,25.379204,89.091644,0.50565034
0.24583333333333332,41.353928,-6.8018513,-2.930426,70.0,25.0,90.0,41.58283,-7.1442413,-2.6370745,70.96154,25.379208,89.091644,0.5056497
0.25,41.353928,-6.8018513,-2.930426,70.0,25.0,90.0,41.582832,-7.144245,-2.6370726,70.96154,25.3792,89.091644,0.5056551
0.25416666666666665,41.353928,-6.8018513,-2.930426,70.0,25.0,90.0,41.582832,-7.1442413,-2.6370726,70.96154,25.379208,89.091644,0.50565255
0.25833333333333336,41.353928,-6.8018513,-2.930426,70.0,25.0,90.0,41.58283,-7.1442394,-2.6370745,70.96154,25.379196,89.09165,0.50564843
0.2625,41.353928,-6.8018513,-2.930426,70.0,25.0,90.0,41.582825,-7.1442385,-2.6370745,70.96154,25.379204,89.09165,0.50564605
0.26666666666666666,41.353928,-6.8018513,-2.930426,70.0,25.0,90.0,41.58283,-7.1442413,-2.6370726,70.96154,25.379204,89.09165,0.5056508
0.2708333333333333,41.353928,-6.8018513,-2.930426,70.0,25.0,90.0,41.58283,-7.1442413,-2.6370726,70.96154,25.379204,89.091644,0.5056508
0.275,41.353928,-6.8018513,-2.930426,70.0,25.0,90.0,41.58283,-7.1442413,-2.6370726,70.96154,25.3792,89.09165,0.5056508
0.2791666666666667,41.353928,-6.8018513,-2.930426,70.0,25.0,90.0,41.582825,-7.1442423,-2.6370735,70.96154,25.379208,89.09165,0.5056492
0.2833333333333333,41.353928,-6.8018513,-2.930426,70.0,25.0,90.0,41.582825,-7.1442423,-2.6370716,70.96154,25.3792,89.09165,0.5056503
0.2875,41.353928,-6.8018513,-2.930426,70.0,25.0,90.0,41.58283,-7.1442413,-2.6370716,70.96154,25.379204,89.09165,0.50565135
0.2916666666666667,41.353928,-6.8018513,-2.930426,70.0,25.0,90.0,41.58283,-7.1442413,-2.6370697,70.96154,25.379204,89.09165,0.5056525
0.29583333333333334,41.353928,-6.8018513,-2.930426,70.0,25.0,90.0,41.582832,-7.1442413,-2.6370697,70.96154,25.379208,89.09165,0.5056542
0.3,41.353928,-6.8018513,-2.930426,70.0,25.0,90.0,41.582832,-7.1442413,-2.6370697,70.96154,25.379204,89.09165,0.5056542
0.30416666666666664,41.353928,-6.8018513,-2.930426,70.0,25.0,90.0,41.58283,-7.1442394,-2.6370697,70.96154,25.379204,89.09165,0.5056512
0.30833333333333335,41.353928,-6.8018513,-2.930426,70.0,25.0,90.0,41.58283,-7.1442413,-2.6370697,70.96154,25.379204,89.09165,0.5056525
0.3125,41.353928,-6.8018513,-2.930426,70.0,25.0,90.0,41.58283,-7.1442394,-2.6370687,70.96154,25.379204,89.09165,0.5056518
0.31666666666666665,41.353928,-6.8018513,-2.930426,70.0,25.0,90.0,41.582832,-7.1442394,-2.6370716,70.96154,25.379204,89.09165,0.50565183
0.32083333333333336,41.353928,-6.8018513,-2.930426,70.0,25.0,90.0,41.58283,-7.1442413,-2.6370716,70.96154,25.379204,89.09165,0.50565135
0.325,41.353928,-6.8018513,-2.930426,70.0,25.0,90.0,41.582832,-7.1442394,-2.6370697,70.96155,25.379204,89.09165,0.5056529
0.32916666666666666,41.353928,-6.8018513,-2.930426,70.0,25.0,90.0,41.58283,-7.1442413,-2.6370697,70.96154,25.379204,89.091644,0.5056525
0.3333333333333333,41.353928,-6.8018513,-2.930426,70.0,25.0,90.0,41.582832,-7.1442413,-2.6370687,70.96154,25.379204,89.09165,0.50565475
0.3375,41.353928,-6.8018513,-2.930426,70.0,25.0,90.0,41.58283,-7.144244,-2.6370697,70.96155,25.379204,89.091644,0.5056544
0.3416666666666667,41.353928,-6.8018513,-2.930426,70.0,25.0,90.0,41.58283,-7.1442413,-2.6370678,70.96154,25.379204,89.091644,0.50565356
0.3458333333333333,41.353928,-6.8018513,-2.930426,70.0,25.0,90.0,41.582832,-7.144244,-2.6370726,70.96154,25.379208,89.091644,0.5056545
0.35,41.353928,-6.8018513,-2.930426,70.0,25.0,90.0,41.582832,-7.144244,-2.6370716,70.96154,25.379204,89.091644,0.50565505
0.3541666666666667,41.353928,-6.8018513,-2.930426,70.0,25.0,90.0,41.58283,-7.144244,-2.6370678,70.96154,25.379208,89.091644,0.5056555
0.35833333333333334,41.353928,-6.8018513,-2.930426,70.0,25.0,90.0,41.58283,-7.1442413,-2.6370678,70.96154,25.379204,89.091644,0.50565356
0.3625,41.353928,-6.8018513,-2.930426,70.0,25.0,90.0,41.582832,-7.1442423,-2.6370735,70.96154,25.379208,89.091644,0.5056526
0.36666666666666664,41.353928,-6.8018513,-2.930426,70.0,25.0,90.0,41.582832,-7.1442413,-2.6370687,70.96154,25.379211,89.091644,0.50565475
0.37083333333333335,41.353928,-6.8018513,-2.930426,70.0,25.0,90.0,41.582832,-7.144244,-2.6370726,70.96154,25.379208,89.091644,0.5056545
0.375,41.353928,-6.8018513,-2.930426,70.0,25.0,90.0,41.582832,-7.1442423,-2.6370697,70.96154,25.379204,89.091644,0.5056549
0.37916666666666665,41.353928,-6.8018513,-2.930426,70.0,25.0,90.0,41.582832,-7.1442413,-2.6370678,70.96155,25.379204,89.09164,0.5056553
0.38333333333333336,41.353928,-6.8018513,-2.930426,70.0,25.0,90.0,41.582832,-7.1442394,-2.6370687,70.96155,25.379204,89.09164,0.5056535
0.3875,41.353928,-6.8018513,-2.930426,70.0,25.0,90.0,41.582832,-7.1442413,-2.6370697,70.96155,25.379204,89.09164,0.5056542
0.39166666666666666,41.353928,-6.8018513,-2.930426,70.0,25.0,90.0,41.582832,-7.1442394,-2.6370697,70.96154,25.3792,89.09164,0.5056529
0.3958333333333333,41.353928,-6.8018513,-2.930426,70.0,25.0,90.0,41.58283,-7.1442423,-2.6370716,70.96154,25.379208,89.09164,0.505652
0.4,41.353928,-6.8018513,-2.930426,70.0,25.0,90.0,41.582832,-7.1442413,-2.6370726,70.96154,25.379208,89.09164,0.50565255
0.4041666666666667,41.353928,-6.8018513,-2.930426,70.0,25.0,90.0,41.58283,-7.1442394,-2.6370726,70.96154,25.379208,89.09164,0.50564957
0.4083333333333333,41.353928,-6.8018513,-2.930426,70.0,25.0,90.0,41.582832,-7.1442413,-2.6370735,70.96154,25.379208,89.09164,0.505652
0.4125,41.353928,-6.8018513,-2.930426,70.0,25.0,90.0,41.582832,-7.1442413,-2.6370716,70.96154,25.379211,89.09164,0.5056531
0.4166666666666667,41.353928,-6.8018513,-2.930426,70.0,25.0,90.0,41.582832,-7.1442413,-2.6370716,70.96154,25.379211,89.09164,0.5056531
0.42083333333333334,41.353928,-6.8018513,-2.930426,70.0,25.0,90.0,41.582832,-7.1442413,-2.6370726,70.96154,25.379211,89.09164,0.50565255
0.425,41.353928,-6.8018513,-2.930426,70.0,25.0,90.0,41.582832,-7.144244,-2.6370735,70.96154,25.379215,89.09164,0.5056539
0.42916666666666664,41.353928,-6.8018513,-2.930426,70.0,25.0,90.0,41.582832,-7.1442423,-2.6370726,70.96154,25.379215,89.09164,0.5056532
0.43333333333333335,41.353928,-6.8018513,-2.930426,70.0,25.0,90.0,41.582836,-7.1442423,-2.6370745,70.96154,25.379211,89.09164,0.5056538
0.4375,41.353928,-6.8018513,-2.930426,70.0,25.0,90.0,41.582836,-7.1442394,-2.6370745,70.96154,25.379215,89.09164,0.5056519
0.44166666666666665,41.353928,-6.8018513,-2.930426,70.0,25.0,90.0,41.582832,-7.1442394,-2.6370726,70.96154,25.379211,89.09164,0.50565124
0.44583333333333336,41.353928,-6.8018513,-2.930426,70.0,25.0,90.0,41.582832,-7.1442413,-2.6370745,70.96154,25.379211,89.09164,0.5056514
0.45,41.353928,-6.8018513,-2.930426,70.0,25.0,90.0,41.582832,-7.1442413,-2.6370745,70.96154,25.379211,89.09164,0.5056514
0.45416666666666666,41.353928,-6.8018513,-2.930426,70.0,25.0,90.0,41.582832,-7.1442413,-2.6370745,70.96154,25.379211,89.09164,0.5056514
0.4583333333333333,41.353928,-6.8018513,-2.930426,70.0,25.0,90.0,41.582832,-7.1442413,-2.6370745,70.96154,25.379211,89.09164,0.5056514
0.4625,41.353928,-6.8018513,-2.930426,70.0,25.0,90.0,41.582832,-7.1442413,-2.6370745,70.96154,25.379211,89.09164,0.5056514
0.4666666666666667,41.353928,-6.8018513,-2.930426,70.0,25.0,90.0,41.582832,-7.1442413,-2.6370745,70.96154,25.379211,89.09164,0.5056514
0.4708333333333333,41.353928,-6.8018513,-2.930426,70.0,25.0,90.0,41.582832,-7.1442413,-2.6370745,70.96154,25.379211,89.09164,0.5056514
0.475,41.353928,-6.8018513,-2.930426,70.0,25.0,90.0,41.582832,-7.1442413,-2.6370745,70.96154,25.379211,89.09164,0.5056514
0.4791666666666667,41.353928,-6.8018513,-2.930426,70.0,25.0,90.0,41.582832,-7.1442413,-2.6370745,70.96154,25.379211,89.09164,0.5056514
0.48333333333333334,41.353928,-6.8018513,-2.930426,70.0,25.0,90.0,41.582832,-7.1442413,-2.6370745,70.96154,25.379211,89.09164,0.5056514
0.4875,41.353928,-6.8018513,-2.930426,70.0,25.0,90.0,41.582832,-7.1442413,-2.6370745,70.96154,25.379211,89.09164,0.5056514
0.49166666666666664,41.353928,-6.8018513,-2.930426,70.0,25.0,90.0,41.582832,-7.1442413,-2.6370745,70.96154,25.379211,89.09164,0.5056514
0.49583333333333335,41.353928,-6.8018513,-2.930426,70.0,25.0,90.0,41.582832,-7.1442413,-2.6370745,70.96154,25.379211,89.09164,0.5056514
0.5,41.353928,-6.8018513,-2.930426,70.0,25.0,90.0,41.582832,-7.1442413,-2.6370745,70.96154,25.379211,89.09164,0.5056514
0.5041666666666667,41.353928,-6.8018513,-2.930426,70.0,25.0,90.0,41.582832,-7.1442413,-2.6370745,70.96154,25.379211,89.09164,0.5056514
0.5083333333333333,41.353928,-6.8018513,-2.930426,70.0,25.0,90.0,41.582832,-7.1442413,-2.6370745,70.96154,25.379211,89.09164,0.5056514
0.5125,41.353928,-6.8018513,-2.930426,70.0,25.0,90.0,41.582832,-7.1442413,-2.6370745,70.96154,25.379211,89.09164,0.5056514
0.5166666666666667,41.353928,-6.8018513,-2.930426,70.0,25.0,90.0,41.582832,-7.1442413,-2.6370745,70.96154,25.379211,89.09164,0.5056514
0.5208333333333334,41.353928,-6.8018513,-2.930426,70.0,25.0,90.0,41.582832,-7.1442413,-2.6370745,70.96154,25.379211,89.09164,0.5056514
0.525,41.353928,-6.8018513,-2.930426,70.0,25.0,90.0,41.582832,-7.1442413,-2.6370745,70.96154,25.379211,89.09164,0.5056514
0.5291666666666667,41.353928,-6.8018513,-2.930426,70.0,25.0,90.0,41.582832,-7.1442413,-2.6370745,70.96154,25.379211,89.09164,0.5056514
0.5333333333333333,41.353928,-6.8018513,-2.930426,70.0,25.0,90.0,41.582832,-7.1442413,-2.6370745,70.96154,25.379211,89.09164,0.5056514
0.5375,41.353928,-6.8018513,-2.930426,70.0,25.0,90.0,41.582832,-7.1442413,-2.6370745,70.96154,25.379211,89.09164,0.5056514
0.5416666666666666,41.353928,-6.8018513,-2.930426,70.0,25.0,90.0,41.582832,-7.1442413,-2.6370745,70.96154,25.379211,89.09164,0.5056514
0.5458333333333333,41.353928,-6.8018513,-2.930426,70.0,25.0,90.0,41.582832,-7.1442413,-2.6370745,70.96154,25.379211,89.09164,0.5056514
0.55,41.353928,-6.8018513,-2.930426,70.0,25.0,90.0,41.582832,-7.1442413,-2.6370745,70.96154,25.379211,89.09164,0.5056514
0.5541666666666667,41.353928,-6.8018513,-2.930426,70.0,25.0,90.0,41.582832,-7.1442413,-2.6370745,70.96154,25.379211,89.09164,0.5056514
0.5583333333333333,41.353928,-6.8018513,-2.930426,70.0,25.0,90.0,41.582832,-7.1442413,-2.6370745,70.96154,25.379211,89.09164,0.5056514
0.5625,41.353928,-6.8018513,-2.930426,70.0,25.0,90.0,41.582832,-7.1442413,-2.6370745,70.96154,25.379211,89.09164,0.5056514
0.5666666666666667,41.353928,-6.8018513,-2.930426,70.0,25.0,90.0,41.582832,-7.1442413,-2.6370745,70.96154,25.379211,89.09164,0.5056514
0.5708333333333333,41.353928,-6.8018513,-2.930426,70.0,25.0,90.0,41.582832,-7.1442413,-2.6370745,70.96154,25.379211,89.09164,0.5056514
0.575,41.353928,-6.8018513,-2.930426,70.0,25.0,90.0,41.582832,-7.1442413,-2.6370745,70.96154,25.379211,89.09164,0.5056514
0.5791666666666667,41.353928,-6.8018513,-2.930426,70.0,25.0,90.0,41.582832,-7.1442413,-2.6370745,70.96154,25.379211,89.09164,0.5056514
0.5833333333333334,41.353928,-6.8018513,-2.930426,70.0,25.0,90.0,41.582832,-7.1442413,-2.6370745,70.96154,25.379211,89.09164,0.5056514
0.5875,41.353928,-6.8018513,-2.930426,70.0,25.0,90.0,41.582832,-7.1442413,-2.6370745,70.96154,25.379211,89.09164,0.5056514
0.5916666666666667,41.353928,-6.8018513,-2.930426,70.0,25.0,90.0,41.582832,-7.1442413,-2.6370745,70.96154,25.379211,89.09164,0.5056514
0.5958333333333333,41.353928,-6.8018513,-2.930426,70.0,25.0,90.0,41.582832,-7.1442413,-2.6370745,70.96154,25.379211,89.09164,0.5056514
0.6,41.353928,-6.8018513,-2.930426,70.0,25.0,90.0,41.582832,-7.1442413,-2.6370745,70.96154,25.379211,89.09164,0.5056514
0.6041666666666666,41.353928,-6.8018513,-2.930426,70.0,25.0,90.0,41.582832,-7.1442413,-2.6370745,70.96154,25.379211,89.09164,0.5056514
0.6083333333333333,41.353928,-6.8018513,-2.930426,70.0,25.0,90.0,41.582832,-7.1442394,-2.6370745,70.96154,25.379215,89.09164,0.50565016
0.6125,41.353928,-6.8018513,-2.930426,70.0,25.0,90.0,41.582832,-7.1442385,-2.6370745,70.96154,25.379211,89.09164,0.5056495
0.6166666666666667,41.353928,-6.8018513,-2.930426,70.0,25.0,90.0,41.582832,-7.1442394,-2.6370745,70.96154,25.379211,89.091644,0.50565016
0.6208333333333333,41.353928,-6.8018513,-2.930426,70.0,25.0,90.0,41.582832,-7.1442413,-2.6370745,70.96154,25.379211,89.09164,0.5056514
0.625,41.353928,-6.8018513,-2.930426,70.0,25.0,90.0,41.582832,-7.1442394,-2.6370745,70.96154,25.379211,89.091644,0.50565016
0.6291666666666667,41.353928,-6.8018513,-2.930426,70.0,25.0,90.0,41.582832,-7.1442413,-2.6370783,70.96154,25.379211,89.091644,0.5056492
0.6333333333333333,41.353928,-6.8018513,-2.930426,70.0,25.0,90.0,41.582832,-7.1442366,-2.6370783,70.96153,25.379211,89.091644,0.505646
0.6375,41.353928,-6.8018513,-2.930426,70.0,25.0,90.0,41.58283,-7.144244,-2.6370764,70.96154,25.379204,89.091644,0.5056505
0.6416666666666667,41.353928,-6.8018513,-2.930426,70.0,25.0,90.0,41.582832,-7.1442413,-2.6370764,70.96154,25.379211,89.091644,0.50565034
0.6458333333333334,41.353928,-6.8018513,-2.930426,70.0,25.0,90.0,41.58283,-7.1442423,-2.6370745,70.96154,25.379204,89.091644,0.50565034
0.65,41.353928,-6.8018513,-2.930426,70.0,25.0,90.0,41.582832,-7.144244,-2.6370726,70.96154,25.379204,89.091644,0.5056545
0.6541666666666667,41.353928,-6.8018513,-2.930426,70.0,25.0,90.0,41.58283,-7.1442413,-2.6370754,70.96155,25.379196,89.09165,0.50564915
0.6583333333333333,41.353928,-6.8018513,-2.930426,70.0,25.0,90.0,41.58283,-7.1442394,-2.6370745,70.96154,25.379208,89.09165,0.50564843
0.6625,41.353928,-6.8018513,-2.930426,70.0,25.0,90.0,41.58283,-7.1442423,-2.6370726,70.96154,25.379208,89.09165,0.5056515
0.6666666666666666,41.353928,-6.8018513,-2.930426,70.0,25.0,90.0,41.58283,-7.1442413,-2.6370735,70.96154,25.379204,89.091644,0.5056503
0.6708333333333333,41.353928,-6.8018513,-2.930426,70.0,25.0,90.0,41.58283,-7.1442413,-2.6370735,70.96154,25.379204,89.09165,0.5056503
0.675,41.353928,-6.8018513,-2.930426,70.0,25.0,90.0,41.582825,-7.1442394,-2.6370726,70.96154,25.379208,89.09165,0.5056478
0.6791666666666667,41.353928,-6.8018513,-2.930426,70.0,25.0,90.0,41.58283,-7.1442413,-2.6370726,70.96155,25.379208,89.091644,0.5056508
0.6833333333333333,41.353928,-6.8018513,-2.930426,70.0,25.0,90.0,41.58283,-7.1442423,-2.6370716,70.96154,25.3792,89.09165,0.505652
0.6875,41.353928,-6.8018513,-2.930426,70.0,25.0,90.0,41.582832,-7.1442413,-2.6370678,70.96154,25.379208,89.091644,0.5056553
0.6916666666666667,41.353928,-6.8018513,-2.930426,70.0,25.0,90.0,41.58283,-7.1442423,-2.6370754,70.96154,25.379208,89.091644,0.5056498
0.6958333333333333,41.353928,-6.8018513,-2.930426,70.0,25.0,90.0,41.58283,-7.1442413,-2.6370697,70.96154,25.379208,89.091644,0.5056525
0.7,41.353928,-6.8018513,-2.930426,70.0,25.0,90.0,41.582832,-7.1442423,-2.6370716,70.96154,25.379208,89.091644,0.50565374
0.7041666666666667,41.353928,-6.8018513,-2.930426,70.0,25.0,90.0,41.582832,-7.1442394,-2.6370716,70.96154,25.379208,89.091644,0.50565183
0.7083333333333334,41.353928,-6.8018513,-2.930426,70.0,25.0,90.0,41.582832,-7.1442413,-2.6370687,70.96154,25.379211,89.091644,0.50565475
0.7125,41.353928,-6.8018513,-2.930426,70.0,25.0,90.0,41.58283,-7.1442413,-2.6370716,70.96154,25.379208,89.09165,0.50565135
0.7166666666666667,41.353928,-6.8018513,-2.930426,70.0,25.0,90.0,41.58283,-7.1442413,-2.6370726,70.96154,25.379208,89.091644,0.5056508
0.7208333333333333,41.353928,-6.8018513,-2.930426,70.0,25.0,90.0,41.58283,-7.1442394,-2.6370687,70.96154,25.379208,89.09165,0.5056518
0.725,41.353928,-6.8018513,-2.930426,70.0,25.0,90.0,41.582832,-7.1442413,-2.6370726,70.96154,25.379211,89.09165,0.50565255
0.7291666666666666,41.353928,-6.8018513,-2.930426,70.0,25.0,90.0,41.582832,-7.1442394,-2.6370735,70.96155,25.379208,89.091644,0.5056507
0.7333333333333333,41.353928,-6.8018513,-2.930426,70.0,25.0,90.0,41.582832,-7.1442394,-2.6370716,70.96154,25.379204,89.091644,0.50565183
0.7375,41.353928,-6.8018513,-2.930426,70.0,25.0,90.0,41.582832,-7.1442423,-2.6370697,70.96154,25.379208,89.091644,0.5056549
0.7416666666666667,41.353928,-6.8018513,-2.930426,70.0,25.0,90.0,41.58283,-7.1442413,-2.6370716,70.96155,25.379204,89.091644,0.50565135
0.7458333333333333,41.353928,-6.8018513,-2.930426,70.0,25.0,90.0,41.582832,-7.1442394,-2.6370716,70.96154,25.379208,89.091644,0.50565183
0.75,41.353928,-6.8018513,-2.930426,70.0,25.0,90.0,41.58283,-7.1442423,-2.6370697,70.96155,25.3792,89.091644,0.50565314
0.7541666666666667,41.353928,-6.8018513,-2.930426,70.0,25.0,90.0,41.582832,-7.1442413,-2.6370687,70.96155,25.379204,89.091644,0.50565475
0.7583333333333333,41.353928,-6.8018513,-2.930426,70.0,25.0,90.0,41.582832,-7.1442423,-2.6370697,70.96155,25.379204,89.091644,0.5056549
0.7625,41.353928,-6.8018513,-2.930426,70.0,25.0,90.0,41.582832,-7.144244,-2.6370687,70.96154,25.379208,89.091644,0.5056567
0.7666666666666667,41.353928,-6.8018513,-2.930426,70.0,25.0,90.0,41.582832,-7.1442413,-2.6370697,70.96155,25.379211,89.091644,0.5056542
0.7708333333333334,41.353928,-6.8018513,-2.930426,70.0,25.0,90.0,41.582832,-7.144244,-2.6370697,70.96155,25.379204,89.091644,0.5056561
0.775,41.353928,-6.8018513,-2.930426,70.0,25.0,90.0,41.582832,-7.1442423,-2.6370678,70.96155,25.379208,89.09164,0.50565594
0.7791666666666667,41.353928,-6.8018513,-2.930426,70.0,25.0,90.0,41.582832,-7.1442394,-2.6370668,70.96154,25.379204,89.09164,0.5056546
0.7833333333333333,41.353928,-6.8018513,-2.930426,70.0,25.0,90.0,41.582832,-7.1442413,-2.6370678,70.96154,25.379208,89.09164,0.5056553
0.7875,41.353928,-6.8018513,-2.930426,70.0,25.0,90.0,41.582832,-7.1442394,-2.6370697,70.96154,25.379204,89.09164,0.5056529
0.7916666666666666,41.353928,-6.8018513,-2.930426,70.0,25.0,90.0,41.58283,-7.1442394,-2.6370697,70.96154,25.379211,89.09164,0.5056512
0.7958333333333333,41.353928,-6.8018513,-2.930426,70.0,25.0,90.0,41.58283,-7.1442394,-2.6370726,70.96155,25.379208,89.09164,0.50564957
0.8,41.353928,-6.8018513,-2.930426,70.0,25.0,90.0,41.58283,-7.1442423,-2.6370697,70.96155,25.379208,89.09164,0.50565314
0.8041666666666667,41.353928,-6.8018513,-2.930426,70.0,25.0,90.0,41.582832,-7.1442394,-2.6370716,70.96154,25.379208,89.09164,0.50565183
0.8083333333333333,41.353928,-6.8018513,-2.930426,70.0,25.0,90.0,41.582832,-7.1442366,-2.6370726,70.96154,25.379208,89.09164,0.5056493
0.8125,41.353928,-6.8018513,-2.930426,70.0,25.0,90.0,41.582832,-7.144244,-2.6370735,70.96154,25.379211,89.09164,0.5056539
0.8166666666666667,41.353928,-6.8018513,-2.930426,70.0,25.0,90.0,41.582832,-7.1442413,-2.6370726,70.96154,25.379211,89.09164,0.50565255
0.8208333333333333,41.353928,-6.8018513,-2.930426,70.0,25.0,90.0,41.58283,-7.1442413,-2.6370697,70.96154,25.379211,89.09164,0.5056525
0.825,41.353928,-6.8018513,-2.930426,70.0,25.0,90.0,41.582832,-7.1442394,-2.6370697,70.96154,25.379211,89.09164,0.5056529
0.8291666666666667,41.353928,-6.8018513,-2.930426,70.0,25.0,90.0,41.582832,-7.1442413,-2.6370726,70.96154,25.379211,89.09164,0.50565255
0.8333333333333334,41.353928,-6.8018513,-2.930426,70.0,25.0,90.0,41.582832,-7.1442394,-2.6370697,70.96154,25.379211,89.09164,0.5056529
0.8375,41.353928,-6.8018513,-2.930426,70.0,25.0,90.0,41.582832,-7.1442413,-2.6370697,70.96154,25.379211,89.09164,0.5056542
0.8416666666666667,41.353928,-6.8018513,-2.930426,70.0,25.0,90.0,41.582832,-7.1442413,-2.6370697,70.96154,25.379215,89.09164,0.5056542
0.8458333333333333,41.353928,-6.8018513,-2.930426,70.0,25.0,90.0,41.582832,-7.1442413,-2.6370697,70.96154,25.379215,89.09164,0.5056542
0.85,41.353928,-6.8018513,-2.930426,70.0,25.0,90.0,41.582832,-7.1442413,-2.6370697,70.96154,25.379215,89.09164,0.5056542
0.8541666666666666,41.353928,-6.8018513,-2.930426,70.0,25.0,90.0,41.582832,-7.1442413,-2.6370697,70.96154,25.379215,89.09164,0.5056542
0.8583333333333333,41.353928,-6.8018513,-2.930426,70.0,25.0,90.0,41.582832,-7.1442413,-2.6370697,70.96154,25.379215,89.09164,0.5056542
0.8625,41.353928,-6.8018513,-2.930426,70.0,25.0,90.0,41.582832,-7.1442413,-2.6370697,70.96154,25.379215,89.09164,0.5056542
0.8666666666666667,41.353928,-6.8018513,-2.930426,70.0,25.0,90.0,41.582832,-7.1442413,-2.6370697,70.96154,25.379215,89.09164,0.5056542
0.8708333333333333,41.353928,-6.8018513,-2.930426,70.0,25.0,90.0,41.582832,-7.1442413,-2.6370697,70.96154,25.379215,89.09164,0.5056542
0.875,41.353928,-6.8018513,-2.930426,70.0,25.0,90.0,41.582832,-7.1442413,-2.6370697,70.96154,25.379215,89.09164,0.5056542
0.8791666666666667,41.353928,-6.8018513,-2.930426,70.0,25.0,90.0,41.582832,-7.1442413,-2.6370697,70.96154,25.379215,89.09164,0.5056542
0.8833333333333333,41.353928,-6.8018513,-2.930426,70.0,25.0,90.0,41.582832,-7.1442413,-2.6370697,70.96154,25.379215,89.09164,0.5056542
0.8875,41.353928,-6.8018513,-2.930426,70.0,25.0,90.0,41.582832,-7.1442413,-2.6370697,70.96154,25.379215,89.09164,0.5056542
0.8916666666666667,41.353928,-6.8018513,-2.930426,70.0,25.0,90.0,41.582832,-7.1442413,-2.6370697,70.96154,25.379215,89.09164,0.5056542
0.8958333333333334,41.353928,-6.8018513,-2.930426,70.0,25.0,90.0,41.582832,-7.1442413,-2.6370697,70.96154,25.379215,89.09164,0.5056542
0.9,41.353928,-6.8018513,-2.930426,70.0,25.0,90.0,41.582832,-7.1442413,-2.6370697,70.96154,25.379215,89.09164,0.5056542
0.9041666666666667,41.353928,-6.8018513,-2.930426,70.0,25.0,90.0,41.582832,-7.1442413,-2.6370697,70.96154,25.379215,89.09164,0.5056542
0.9083333333333333,41.353928,-6.8018513,-2.930426,70.0,25.0,90.0,41.582832,-7.1442413,-2.6370697,70.96154,25.379215,89.09164,0.5056542
0.9125,41.353928,-6.8018513,-2.930426,70.0,25.0,90.0,41.582832,-7.1442413,-2.6370697,70.96154,25.379215,89.09164,0.5056542
0.9166666666666666,41.353928,-6.8018513,-2.930426,70.0,25.0,90.0,41.582832,-7.1442413,-2.6370697,70.96154,25.379215,89.09164,0.5056542
0.9208333333333333,41.353928,-6.8018513,-2.930426,70.0,25.0,90.0,41.582832,-7.1442413,-2.6370697,70.96154,25.379215,89.09164,0.5056542
0.925,41.353928,-6.8018513,-2.930426,70.0,25.0,90.0,41.582832,-7.1442413,-2.6370697,70.96154,25.379215,89.09164,0.5056542
0.9291666666666667,41.353928,-6.8018513,-2.930426,70.0,25.0,90.0,41.582832,-7.1442413,-2.6370697,70.96154,25.379215,89.09164,0.5056542
0.9333333333333333,41.353928,-6.8018513,-2.930426,70.0,25.0,90.0,41.582832,-7.1442413,-2.6370697,70.96154,25.379215,89.09164,0.5056542
0.9375,41.353928,-6.8018513,-2.930426,70.0,25.0,90.0,41.582832,-7.1442413,-2.6370697,70.96154,25.379215,89.09164,0.5056542
0.9416666666666667,41.353928,-6.8018513,-2.930426,70.0,25.0,90.0,41.582832,-7.1442413,-2.6370697,70.96154,25.379215,89.09164,0.5056542
0.9458333333333333,41.353928,-6.8018513,-2.930426,70.0,25.0,90.0,41.582832,-7.1442413,-2.6370697,70.96154,25.379215,89.09164,0.5056542
0.95,41.353928,-6.8018513,-2.930426,70.0,25.0,90.0,41.582832,-7.1442413,-2.6370697,70.96154,25.379215,89.09164,0.5056542
0.9541666666666667,41.353928,-6.8018513,-2.930426,70.0,25.0,90.0,41.582832,-7.1442413,-2.6370697,70.96154,25.379215,89.09164,0.5056542
0.9583333333333334,41.353928,-6.8018513,-2.930426,70.0,25.0,90.0,41.582832,-7.1442413,-2.6370697,70.96154,25.379215,89.09164,0.5056542
0.9625,41.353928,-6.8018513,-2.930426,70.0,25.0,90.0,41.582832,-7.1442413,-2.6370697,70.96154,25.379215,89.09164,0.5056542
0.9666666666666667,41.353928,-6.8018513,-2.930426,70.0,25.0,90.0,41.582832,-7.1442413,-2.6370697,70.96154,25.379215,89.09164,0.5056542
0.9708333333333333,41.353928,-6.8018513,-2.930426,70.0,25.0,90.0,41.582832,-7.1442413,-2.6370697,70.96154,25.379215,89.09164,0.5056542
0.975,41.353928,-6.8018513,-2.930426,70.0,25.0,90.0,41.582832,-7.1442413,-2.6370697,70.96154,25.379215,89.09164,0.5056542
0.9791666666666666,41.353928,-6.8018513,-2.930426,70.0,25.0,90.0,41.582832,-7.1442413,-2.6370697,70.96154,25.379215,89.09164,0.5056542
0.9833333333333333,41.353928,-6.8018513,-2.930426,70.0,25.0,90.0,41.582832,-7.1442413,-2.6370697,70.96154,25.379215,89.09164,0.5056542
0.9875,41.353928,-6.8018513,-2.930426,70.0,25.0,90.0,41.582832,-7.1442413,-2.6370697,70.96154,25.379215,89.09164,0.5056542
0.9916666666666667,41.353928,-6.8018513,-2.930426,70.0,25.0,90.0,41.582832,-7.1442413,-2.6370697,70.96154,25.379211,89.09164,0.5056542
0.9958333333333333,41.353928,-6.8018513,-2.930426,70.0,25.0,90.0,41.582832,-7.1442394,-2.6370716,70.96154,25.379211,89.09164,0.50565183
1.0,41.353928,-6.8018513,-2.930426,70.0,25.0,90.0,41.582832,-7.1442423,-2.6370697,70.96154,25.379211,89.09164,0.5056549
1.0041666666666667,41.353928,-6.8018513,-2.930426,70.0,25.0,90.0,41.58283,-7.1442394,-2.6370697,70.96154,25.379215,89.091644,0.5056512
1.0083333333333333,41.353928,-6.8018513,-2.930426,70.0,25.0,90.0,41.58283,-7.1442413,-2.6370716,70.96154,25.379211,89.091644,0.50565135
1.0125,41.353928,-6.8018513,-2.930426,70.0,25.0,90.0,41.58283,-7.1442394,-2.6370697,70.96154,25.379211,89.09164,0.5056512
1.0166666666666666,41.353928,-6.8018513,-2.930426,70.0,25.0,90.0,41.582832,-7.1442366,-2.6370745,70.96154,25.379208,89.091644,0.5056482
1.0208333333333333,41.353928,-6.8018513,-2.930426,70.0,25.0,90.0,41.582832,-7.1442385,-2.6370745,70.96154,25.379204,89.091644,0.5056495
1.025,41.353928,-6.8018513,-2.930426,70.0,25.0,90.0,41.582832,-7.1442385,-2.6370745,70.96154,25.379211,89.091644,0.5056495
1.0291666666666666,41.353928,-6.8018513,-2.930426,70.0,25.0,90.0,41.58283,-7.1442394,-2.6370754,70.96154,25.379208,89.091644,0.5056479
1.0333333333333334,41.353928,-6.8018513,-2.930426,70.0,25.0,90.0,41.58283,-7.1442423,-2.6370726,70.96154,25.379204,89.091644,0.5056515
1.0375,41.353928,-6.8018513,-2.930426,70.0,25.0,90.0,41.58283,-7.1442423,-2.6370735,70.96154,25.379204,89.09165,0.50565094
1.0416666666666667,41.353928,-6.8018513,-2.930426,70.0,25.0,90.0,41.58283,-7.1442423,-2.6370726,70.96154,25.379208,89.09165,0.5056515
1.0458333333333334,41.353928,-6.8018513,-2.930426,70.0,25.0,90.0,41.58283,-7.1442394,-2.6370726,70.96154,25.3792,89.09165,0.50564957
1.05,41.353928,-6.8018513,-2.930426,70.0,25.0,90.0,41.58283,-7.1442413,-2.6370735,70.96154,25.3792,89.09165,0.5056503
1.0541666666666667,41.353928,-6.8018513,-2.930426,70.0,25.0,90.0,41.58283,-7.1442413,-2.6370726,70.96154,25.379208,89.09165,0.5056508
1.0583333333333333,41.353928,-6.8018513,-2.930426,70.0,25.0,90.0,41.58283,-7.1442394,-2.6370697,70.96154,25.3792,89.09165,0.5056512
1.0625,41.353928,-6.8018513,-2.930426,70.0,25.0,90.0,41.58283,-7.1442394,-2.6370726,70.96154,25.3792,89.09165,0.50564957
1.0666666666666667,41.353928,-6.8018513,-2.930426,70.0,25.0,90.0,41.58283,-7.1442413,-2.6370735,70.96154,25.379204,89.09165,0.5056503
1.0708333333333333,41.353928,-6.8018513,-2.930426,70.0,25.0,90.0,41.582832,-7.1442423,-2.6370716,70.96154,25.379204,89.09165,0.50565374
1.075,41.353928,-6.8018513,-2.930426,70.0,25.0,90.0,41.58283,-7.1442413,-2.6370745,70.96154,25.379204,89.09165,0.5056497
1.0791666666666666,41.353928,-6.8018513,-2.930426,70.0,25.0,90.0,41.582832,-7.1442394,-2.6370678,70.96154,25.379204,89.09165,0.50565404
1.0833333333333333,41.353928,-6.8018513,-2.930426,70.0,25.0,90.0,41.58283,-7.1442413,-2.6370726,70.96154,25.379208,89.091644,0.5056508
1.0875,41.353928,-6.8018513,-2.930426,70.0,25.0,90.0,41.58283,-7.1442423,-2.6370726,70.96154,25.379204,89.09165,0.5056515
1.0916666666666666,41.353928,-6.8018513,-2.930426,70.0,25.0,90.0,41.582832,-7.1442423,-2.6370726,70.96154,25.379204,89.09165,0.5056532
1.0958333333333334,41.353928,-6.8018513,-2.930426,70.0,25.0,90.0,41.582832,-7.1442423,-2.6370726,70.96155,25.379204,89.091644,0.5056532
1.1,41.353928,-6.8018513,-2.930426,70.0,25.0,90.0,41.582832,-7.1442423,-2.6370735,70.96154,25.379204,89.091644,0.5056526
1.1041666666666667,41.353928,-6.8018513,-2.930426,70.0,25.0,90.0,41.582832,-7.1442423,-2.6370726,70.96154,25.379204,89.091644,0.5056532
1.1083333333333334,41.353928,-6.8018513,-2.930426,70.0,25.0,90.0,41.582832,-7.1442423,-2.6370726,70.96154,25.379204,89.091644,0.5056532
1.1125,41.353928,-6.8018513,-2.930426,70.0,25.0,90.0,41.582832,-7.1442423,-2.6370726,70.96154,25.379204,89.091644,0.5056532
1.1166666666666667,41.353928,-6.8018513,-2.930426,70.0,25.0,90.0,41.582832,-7.1442423,-2.6370726,70.96154,25.379204,89.091644,0.5056532
1.1208333333333333,41.353928,-6.8018513,-2.930426,70.0,25.0,90.0,41.582832,-7.1442423,-2.6370726,70.96154,25.379204,89.091644,0.5056532
1.125,41.353928,-6.8018513,-2.930426,70.0,25.0,90.0,41.582832,-7.1442423,-2.6370726,70.96155,25.379204,89.091644,0.5056532
1.1291666666666667,41.353928,-6.8018513,-2.930426,70.0,25.0,90.0,41.582832,-7.1442423,-2.6370726,70.96155,25.379204,89.091644,0.5056532
1.1333333333333333,41.353928,-6.8018513,-2.930426,70.0,25.0,90.0,41.582832,-7.1442413,-2.6370726,70.96154,25.379204,89.091644,0.50565255
1.1375,41.353928,-6.8018513,-2.930426,70.0,25.0,90.0,41.582832,-7.1442413,-2.6370726,70.96155,25.379208,89.091644,0.50565255
1.1416666666666666,41.353928,-6.8018513,-2.930426,70.0,25.0,90.0,41.58283,-7.144244,-2.6370697,70.96154,25.379204,89.091644,0.5056544
1.1458333333333333,41.353928,-6.8018513,-2.930426,70.0,25.0,90.0,41.582832,-7.1442423,-2.6370697,70.96155,25.3792,89.091644,0.5056549
1.15,41.353928,-6.8018513,-2.930426,70.0,25.0,90.0,41.582832,-7.1442413,-2.6370697,70.96155,25.379204,89.091644,0.5056542
1.1541666666666666,41.353928,-6.8018513,-2.930426,70.0,25.0,90.0,41.582832,-7.144244,-2.6370678,70.96154,25.379208,89.091644,0.50565726
1.1583333333333334,41.353928,-6.8018513,-2.930426,70.0,25.0,90.0,41.582832,-7.1442413,-2.6370697,70.96154,25.379208,89.091644,0.5056542
1.1625,41.353928,-6.8018513,-2.930426,70.0,25.0,90.0,41.582832,-7.144244,-2.6370697,70.96155,25.379204,89.091644,0.5056561
1.1666666666666667,41.353928,-6.8018513,-2.930426,70.0,25.0,90.0,41.582832,-7.1442423,-2.6370678,70.96155,25.379208,89.09164,0.50565594
1.1708333333333334,41.353928,-6.8018513,-2.930426,70.0,25.0,90.0,41.582832,-7.1442394,-2.6370668,70.96154,25.379204,89.09164,0.5056546
1.175,41.353928,-6.8018513,-2.930426,70.0,25.0,90.0,41.582832,-7.1442413,-2.6370678,70.96154,25.379208,89.09164,0.5056553
1.1791666666666667,41.353928,-6.8018513,-2.930426,70.0,25.0,90.0,41.582832,-7.1442394,-2.6370697,70.96154,25.379204,89.09164,0.5056529
1.1833333333333333,41.353928,-6.8018513,-2.930426,70.0,25.0,90.0,41.58283,-7.1442394,-2.6370697,70.96154,25.379211,89.09164,0.5056512
1.1875,41.353928,-6.8018513,-2.930426,70.0,25.0,90.0,41.58283,-7.1442394,-2.6370726,70.96155,25.379208,89.09164,0.50564957
1.1916666666666667,41.353928,-6.8018513,-2.930426,70.0,25.0,90.0,41.58283,-7.1442423,-2.6370697,70.96155,25.379208,89.09164,0.50565314
1.1958333333333333,41.353928,-6.8018513,-2.930426,70.0,25.0,90.0,41.582832,-7.1442394,-2.6370716,70.96154,25.379208,89.09164,0.50565183
1.2,41.353928,-6.8018513,-2.930426,70.0,25.0,90.0,41.582832,-7.1442366,-2.6370726,70.96154,25.379208,89.09164,0.5056493
1.2041666666666666,41.353928,-6.8018513,-2.930426,70.0,25.0,90.0,41.582832,-7.144244,-2.6370735,70.96154,25.379211,89.09164,0.5056539
1.2083333333333333,41.353928,-6.8018513,-2.930426,70.0,25.0,90.0,41.582832,-7.1442413,-2.6370726,70.96154,25.379211,89.09164,0.50565255
1.2125,41.353928,-6.8018513,-2.930426,70.0,25.0,90.0,41.58283,-7.1442413,-2.6370697,70.96154,25.379211,89.09164,0.5056525
1.2166666666666666,41.353928,-6.8018513,-2.930426,70.0,25.0,90.0,41.582832,-7.1442394,-2.6370697,70.96154,25.379211,89.09164,0.5056529
1.2208333333333334,41.353928,-6.8018513,-2.930426,70.0,25.0,90.0,41.582832,-7.1442413,-2.6370726,70.96154,25.379211,89.09164,0.50565255
1.225,41.353928,-6.8018513,-2.930426,70.0,25.0,90.0,41.582832,-7.1442394,-2.6370697,70.96154,25.379211,89.09164,0.5056529
1.2291666666666667,41.353928,-6.8018513,-2.930426,70.0,25.0,90.0,41.582832,-7.1442413,-2.6370697,70.96154,25.379211,89.09164,0.5056542
1.2333333333333334,41.353928,-6.8018513,-2.930426,70.0,25.0,90.0,41.582832,-7.1442413,-2.6370697,70.96154,25.379215,89.09164,0.5056542
1.2375,41.353928,-6.8018513,-2.930426,70.0,25.0,90.0,41.582832,-7.1442413,-2.6370697,70.96154,25.379215,89.09164,0.5056542
1.2416666666666667,41.353928,-6.8018513,-2.930426,70.0,25.0,90.0,41.582832,-7.1442413,-2.6370697,70.96154,25.379215,89.09164,0.5056542
1.2458333333333333,41.353928,-6.8018513,-2.930426,70.0,25.0,90.0,41.582832,-7.1442413,-2.6370697,70.96154,25.379215,89.09164,0.5056542
1.25,41.353928,-6.8018513,-2.930426,70.0,25.0,90.0,41.582832,-7.1442413,-2.6370697,70.96154,25.379215,89.09164,0.5056542
1.2541666666666667,41.353928,-6.8018513,-2.930426,70.0,25.0,90.0,41.582832,-7.1442413,-2.6370697,70.96154,25.379215,89.09164,0.5056542
1.2583333333333333,41.353928,-6.8018513,-2.930426,70.0,25.0,90.0,41.582832,-7.1442413,-2.6370697,70.96154,25.379215,89.09164,0.5056542
1.2625,41.353928,-6.8018513,-2.930426,70.0,25.0,90.0,41.582832,-7.1442413,-2.6370697,70.96154,25.379215,89.09164,0.5056542
1.2666666666666666,41.353928,-6.8018513,-2.930426,70.0,25.0,90.0,41.582832,-7.1442413,-2.6370697,70.96154,25.379215,89.09164,0.5056542
1.2708333333333333,41.353928,-6.8018513,-2.930426,70.0,25.0,90.0,41.582832,-7.1442413,-2.6370697,70.96154,25.379215,89.09164,0.5056542
1.275,41.353928,-6.8018513,-2.930426,70.0,25.0,90.0,41.582832,-7.1442413,-2.6370697,70.96154,25.379215,89.09164,0.5056542
1.2791666666666666,41.353928,-6.8018513,-2.930426,70.0,25.0,90.0,41.582832,-7.1442413,-2.6370697,70.96154,25.379215,89.09164,0.5056542
1.2833333333333334,41.353928,-6.8018513,-2.930426,70.0,25.0,90.0,41.582832,-7.1442413,-2.6370697,70.96154,25.379215,89.09164,0.5056542
1.2875,41.353928,-6.8018513,-2.930426,70.0,25.0,90.0,41.582832,-7.1442413,-2.6370697,70.96154,25.379215,89.09164,0.5056542
1.2916666666666667,41.353928,-6.8018513,-2.930426,70.0,25.0,90.0,41.582832,-7.1442413,-2.6370697,70.96154,25.379215,89.09164,0.5056542
1.2958333333333334,41.353928,-6.8018513,-2.930426,70.0,25.0,90.0,41.582832,-7.1442413,-2.6370697,70.96154,25.379215,89.09164,0.5056542
1.3,41.353928,-6.8018513,-2.930426,70.0,25.0,90.0,41.582832,-7.1442413,-2.6370697,70.96154,25.379215,89.09164,0.5056542
1.3041666666666667,41.353928,-6.8018513,-2.930426,70.0,25.0,90.0,41.582832,-7.1442413,-2.6370697,70.96154,25.379215,89.09164,0.5056542
1.3083333333333333,41.353928,-6.8018513,-2.930426,70.0,25.0,90.0,41.582832,-7.1442413,-2.6370697,70.96154,25.379215,89.09164,0.5056542
1.3125,41.353928,-6.8018513,-2.930426,70.0,25.0,90.0,41.582832,-7.1442413,-2.6370697,70.96154,25.379215,89.09164,0.5056542
1.3166666666666667,41.353928,-6.8018513,-2.930426,70.0,25.0,90.0,41.582832,-7.1442413,-2.6370697,70.96154,25.379215,89.09164,0.5056542
1.3208333333333333,41.353928,-6.8018513,-2.930426,70.0,25.0,90.0,41.582832,-7.1442413,-2.6370697,70.96154,25.379215,89.09164,0.5056542
1.325,41.353928,-6.8018513,-2.930426,70.0,25.0,90.0,41.582832,-7.1442413,-2.6370697,70.96154,25.379215,89.09164,0.5056542
1.3291666666666666,41.353928,-6.8018513,-2.930426,70.0,25.0,90.0,41.582832,-7.1442413,-2.6370697,70.96154,25.379215,89.09164,0.5056542
1.3333333333333333,41.353928,-6.8018513,-2.930426,70.0,25.0,90.0,41.582832,-7.1442413,-2.6370697,70.96154,25.379215,89.09164,0.5056542
1.3375,41.353928,-6.8018513,-2.930426,70.0,25.0,90.0,41.582832,-7.1442413,-2.6370697,70.96154,25.379215,89.09164,0.5056542
1.3416666666666666,41.353928,-6.8018513,-2.930426,70.0,25.0,90.0,41.582832,-7.1442413,-2.6370697,70.96154,25.379215,89.09164,0.5056542
1.3458333333333334,41.353928,-6.8018513,-2.930426,70.0,25.0,90.0,41.582832,-7.1442413,-2.6370697,70.96154,25.379215,89.09164,0.5056542
1.35,41.353928,-6.8018513,-2.930426,70.0,25.0,90.0,41.582832,-7.1442413,-2.6370697,70.96154,25.379215,89.09164,0.5056542
1.3541666666666667,41.353928,-6.8018513,-2.930426,70.0,25.0,90.0,41.582832,-7.1442413,-2.6370697,70.96154,25.379215,89.09164,0.5056542
1.3583333333333334,41.353928,-6.8018513,-2.930426,70.0,25.0,90.0,41.582832,-7.1442413,-2.6370697,70.96154,25.379215,89.09164,0.5056542
1.3625,41.353928,-6.8018513,-2.930426,70.0,25.0,90.0,41.582832,-7.1442413,-2.6370697,70.96154,25.379215,89.09164,0.5056542
1.3666666666666667,41.353928,-6.8018513,-2.930426,70.0,25.0,90.0,41.582832,-7.1442413,-2.6370697,70.96154,25.379215,89.09164,0.5056542
1.3708333333333333,41.353928,-6.8018513,-2.930426,70.0,25.0,90.0,41.582832,-7.1442413,-2.6370697,70.96154,25.379215,89.09164,0.5056542
1.375,41.353928,-6.8018513,-2.930426,70.0,25.0,90.0,41.582832,-7.1442413,-2.6370697,70.96154,25.379215,89.09164,0.5056542
1.3791666666666667,41.353928,-6.8018513,-2.930426,70.0,25.0,90.0,41.582832,-7.1442413,-2.6370697,70.96154,25.379215,89.09164,0.5056542
1.3833333333333333,41.353928,-6.8018513,-2.930426,70.0,25.0,90.0,41.582832,-7.1442413,-2.6370697,70.96154,25.379211,89.09164,0.5056542
1.3875,41.353928,-6.8018513,-2.930426,70.0,25.0,90.0,41.582832,-7.1442394,-2.6370716,70.96154,25.379211,89.09164,0.50565183
1.3916666666666666,41.353928,-6.8018513,-2.930426,70.0,25.0,90.0,41.582832,-7.1442423,-2.6370697,70.96154,25.379211,89.09164,0.5056549
1.3958333333333333,41.353928,-6.8018513,-2.930426,70.0,25.0,90.0,41.58283,-7.1442394,-2.6370697,70.96154,25.379215,89.091644,0.5056512
1.4,41.353928,-6.8018513,-2.930426,70.0,25.0,90.0,41.58283,-7.1442413,-2.6370716,70.96154,25.379211,89.091644,0.50565135
1.4041666666666666,41.353928,-6.8018513,-2.930426,70.0,25.0,90.0,41.58283,-7.1442394,-2.6370697,70.96154,25.379211,89.09164,0.5056512
1.4083333333333334,41.353928,-6.8018513,-2.930426,70.0,25.0,90.0,41.582832,-7.1442366,-2.6370745,70.96154,25.379208,89.091644,0.5056482
1.4125,41.353928,-6.8018513,-2.930426,70.0,25.0,90.0,41.582832,-7.1442385,-2.6370745,70.96154,25.379204,89.091644,0.5056495
1.4166666666666667,41.353928,-6.8018513,-2.930426,70.0,25.0,90.0,41.582832,-7.1442385,-2.6370745,70.96154,25.379211,89.091644,0.5056495
1.4208333333333334,41.353928,-6.8018513,-2.930426,70.0,25.0,90.0,41.58283,-7.1442394,-2.6370754,70.96154,25.379208,89.091644,0.5056479
1.425,41.353928,-6.8018513,-2.930426,70.0,25.0,90.0,41.58283,-7.1442423,-2.6370726,70.96154,25.379204,89.091644,0.5056515
1.4291666666666667,41.353928,-6.8018513,-2.930426,70.0,25.0,90.0,41.58283,-7.1442423,-2.6370735,70.96154,25.379204,89.09165,0.50565094
1.4333333333333333,41.353928,-6.8018513,-2.930426,70.0,25.0,90.0,41.58283,-7.1442423,-2.6370726,70.96154,25.379208,89.09165,0.5056515
1.4375,41.353928,-6.8018513,-2.930426,70.0,25.0,90.0,41.58283,-7.1442394,-2.6370726,70.96154,25.3792,89.09165,0.50564957
1.4416666666666667,41.353928,-6.8018513,-2.930426,70.0,25.0,90.0,41.58283,-7.1442413,-2.6370735,70.96154,25.3792,89.09165,0.5056503
1.4458333333333333,41.353928,-6.8018513,-2.930426,70.0,25.0,90.0,41.58283,-7.1442413,-2.6370726,70.96154,25.379208,89.09165,0.5056508
1.45,41.353928,-6.8018513,-2.930426,70.0,25.0,90.0,41.58283,-7.1442394,-2.6370697,70.96154,25.3792,89.09165,0.5056512
1.4541666666666666,41.353928,-6.8018513,-2.930426,70.0,25.0,90.0,41.58283,-7.1442394,-2.6370726,70.96154,25.3792,89.09165,0.50564957
1.4583333333333333,41.353928,-6.8018513,-2.930426,70.0,25.0,90.0,41.582832,-7.1442394,-2.6370726,70.96154,25.379204,89.09165,0.50565124
1.4625,41.353928,-6.8018513,-2.930426,70.0,25.0,90.0,41.582832,-7.1442423,-2.6370697,70.96154,25.3792,89.091644,0.5056549
1.4666666666666666,41.353928,-6.8018513,-2.930426,70.0,25.0,90.0,41.582832,-7.1442394,-2.6370726,70.96154,25.3792,89.09165,0.50565124
1.4708333333333334,41.353928,-6.8018513,-2.930426,70.0,25.0,90.0,41.58283,-7.1442385,-2.6370687,70.96154,25.379204,89.09165,0.5056511
1.475,41.353928,-6.8018513,-2.930426,70.0,25.0,90.0,41.582832,-7.1442394,-2.6370726,70.96154,25.379208,89.09165,0.50565124
1.4791666666666667,41.353928,-6.8018513,-2.930426,70.0,25.0,90.0,41.582832,-7.1442413,-2.6370726,70.96154,25.379208,89.09165,0.50565255
1.4833333333333334,41.353928,-6.8018513,-2.930426,70.0,25.0,90.0,41.58283,-7.1442394,-2.6370716,70.96154,25.379208,89.09165,0.5056501
1.4875,41.353928,-6.8018513,-2.930426,70.0,25.0,90.0,41.582832,-7.1442394,-2.6370697,70.96154,25.379208,89.09165,0.5056529
1.4916666666666667,41.353928,-6.8018513,-2.930426,70.0,25.0,90.0,41.582832,-7.1442423,-2.6370668,70.96154,25.379204,89.09165,0.5056565
1.4958333333333333,41.353928,-6.8018513,-2.930426,70.0,25.0,90.0,41.582832,-7.1442413,-2.6370687,70.96154,25.379208,89.09165,0.50565475
1.5,41.353928,-6.8018513,-2.930426,70.0,25.0,90.0,41.582832,-7.1442423,-2.6370668,70.96154,25.379204,89.09165,0.5056565
1.5041666666666667,41.353928,-6.8018513,-2.930426,70.0,25.0,90.0,41.582832,-7.1442423,-2.6370687,70.96154,25.379208,89.09165,0.5056554
1.5083333333333333,41.353928,-6.8018513,-2.930426,70.0,25.0,90.0,41.582832,-7.1442394,-2.6370678,70.96154,25.379208,89.091644,0.50565404
1.5125,41.353928,-6.8018513,-2.930426,70.0,25.0,90.0,41.58283,-7.1442413,-2.6370716,70.96155,25.379211,89.09165,0.50565135
1.5166666666666666,41.353928,-6.8018513,-2.930426,70.0,25.0,90.0,41.582832,-7.1442423,-2.6370697,70.96155,25.379211,89.09165,0.5056549
1.5208333333333333,41.353928,-6.8018513,-2.930426,70.0,25.0,90.0,41.582832,-7.1442423,-2.6370697,70.96155,25.379208,89.091644,0.5056549
1.525,41.353928,-6.8018513,-2.930426,70.0,25.0,90.0,41.582832,-7.1442413,-2.6370716,70.96154,25.379211,89.091644,0.5056531
1.5291666666666666,41.353928,-6.8018513,-2.930426,70.0,25.0,90.0,41.582832,-7.144244,-2.6370716,70.96155,25.379211,89.091644,0.50565505
1.5333333333333334,41.353928,-6.8018513,-2.930426,70.0,25.0,90.0,41.582832,-7.144245,-2.6370687,70.96155,25.379208,89.091644,0.5056574
1.5375,41.353928,-6.8018513,-2.930426,70.0,25.0,90.0,41.58283,-7.1442432,-2.6370687,70.96153,25.379223,89.09164,0.50565434
1.5416666666666667,41.353928,-6.8018513,-2.930426,70.0,25.0,90.0,41.582836,-7.144249,-2.6370773,70.96151,25.379189,89.09159,0.50565666
1.5458333333333334,41.353928,-6.8018513,-2.930426,70.0,25.0,90.0,41.582832,-7.1442337,-2.6371098,70.96137,25.379097,89.09156,0.50562584
1.55,41.353928,-6.8018513,-2.930426,70.0,25.0,90.0,41.582848,-7.1441927,-2.6371775,70.961,25.378815,89.09161,0.50556564
1.5541666666666667,41.353928,-6.8018513,-2.930426,70.0,25.0,90.0,41.582916,-7.144128,-2.6372957,70.96018,25.378216,89.09181,0.5054842
1.5583333333333333,41.353928,-6.8018513,-2.930426,70.0,25.0,90.0,41.583107,-7.144041,-2.6375685,70.95875,25.37719,89.09217,0.50535387
1.5625,41.353928,-6.8018513,-2.930426,70.0,25.0,90.0,41.58343,-7.1440125,-2.6380882,70.95653,25.375687,89.09272,0.50518066
1.5666666666666667,41.353928,-6.8018513,-2.930426,70.0,25.0,90.0,41.58394,-7.1441326,-2.638914,70.95325,25.37363,89.09357,0.50501555
1.5708333333333333,41.353928,-6.8018513,-2.930426,70.0,25.0,90.0,41.584595,-7.1444826,-2.6400156,70.94875,25.370869,89.09495,0.5049175
1.575,41.353928,-6.8018513,-2.930426,70.0,25.0,90.0,41.58536,-7.1451616,-2.6413517,70.94288,25.36747,89.097206,0.5049629
1.5791666666666666,41.353928,-6.8018513,-2.930426,70.0,25.0,90.0,41.58616,-7.146269,-2.6429625,70.93544,25.36359,89.10073,0.5051633
1.5833333333333333,41.353928,-6.8018513,-2.930426,70.0,25.0,90.0,41.58693,-7.147812,-2.6449423,70.9264,25.359383,89.10585,0.5054497
1.5875,41.353928,-6.8018513,-2.930426,70.0,25.0,90.0,41.58767,-7.1498146,-2.64719,70.91575,25.354973,89.11292,0.5059014
1.5916666666666666,41.353928,-6.8018513,-2.930426,70.0,25.0,90.0,41.588345,-7.152156,-2.6499424,70.90355,25.350029,89.122925,0.506296
1.5958333333333334,41.353928,-6.8018513,-2.930426,70.0,25.0,90.0,41.588745,-7.154684,-2.652791,70.8896,25.344257,89.13637,0.5066669
1.6,41.353928,-6.8018513,-2.930426,70.0,25.0,90.0,41.58898,-7.1573067,-2.6550798,70.87401,25.337395,89.15332,0.5073602
1.6041666666666667,41.353928,-6.8018513,-2.930426,70.0,25.0,90.0,41.58876,-7.159522,-2.6559734,70.85625,25.330051,89.17437,0.5083296
1.6083333333333334,41.353928,-6.8018513,-2.930426,70.0,25.0,90.0,41.588146,-7.1610174,-2.6553965,70.83548,25.322231,89.19994,0.5094113
1.6125,41.353928,-6.8018513,-2.930426,70.0,25.0,90.0,41.58614,-7.161066,-2.6526117,70.81111,25.312828,89.230865,0.51003766
1.6166666666666667,41.353928,-6.8018513,-2.930426,70.0,25.0,90.0,41.58147,-7.1576986,-2.6467457,70.78291,25.301968,89.270966,0.50880015
1.6208333333333333,41.353928,-6.8018513,-2.930426,70.0,25.0,90.0,41.571434,-7.1461945,-2.6359272,70.75524,25.29498,89.319565,0.50260395
1.625,41.353928,-6.8018513,-2.930426,70.0,25.0,90.0,41.55829,-7.13109,-2.624836,70.72099,25.287807,89.37324,0.49350464
1.6291666666666667,41.353928,-6.8018513,-2.930426,70.0,25.0,90.0,41.541046,-7.1110096,-2.614975,70.68038,25.277576,89.43122,0.47968897
1.6333333333333333,41.353928,-6.8018513,-2.930426,70.0,25.0,90.0,41.522427,-7.082839,-2.6071787,70.626335,25.273338,89.49681,0.46025512
1.6375,41.353928,-6.8018513,-2.930426,70.0,25.0,90.0,41.501156,-7.0487967,-2.5970716,70.57072,25.274174,89.56762,0.44020817
1.6416666666666666,41.353928,-6.8018513,-2.930426,70.0,25.0,90.0,41.475502,-7.0067453,-2.587182,70.525246,25.275208,89.64344,0.4178256
1.6458333333333333,41.353928,-6.8018513,-2.930426,70.0,25.0,90.0,41.44471,-6.956229,-2.5846777,70.470085,25.2863,89.72154,0.3893787
1.65,41.353928,-6.8018513,-2.930426,70.0,25.0,90.0,41.4146,-6.909812,-2.5839052,70.40276,25.28505,89.80466,0.3679854
1.6541666666666666,41.353973,-6.801863,-2.9304245,70.0,25.0,89.99987,41.381035,-6.8736496,-2.577774,70.3364,25.273449,89.90841,0.36089876
1.6583333333333334,41.354286,-6.801946,-2.9304252,69.999985,25.0,89.99897,41.348137,-6.8443384,-2.564105,70.273094,25.250534,90.0222,0.36881617
1.6625,41.35512,-6.8021708,-2.9304276,69.99995,25.0,89.99656,41.313152,-6.8113747,-2.5468807,70.20598,25.213665,90.153656,0.38594598
1.6666666666666667,41.356716,-6.8025985,-2.9304247,69.999886,25.0,89.99197,41.26758,-6.7668753,-2.5194607,70.115364,25.166595,90.30652,0.42203453
1.6708333333333334,41.359306,-6.803292,-2.9304233,69.99978,25.0,89.9845,41.218327,-6.704935,-2.4792042,70.023285,25.128597,90.47667,0.48285404
1.675,41.3631,-6.80431,-2.930426,69.99962,25.0,89.97356,41.169724,-6.6355076,-2.433529,69.9572,25.099533,90.64186,0.5592804
1.6791666666666667,41.3683,-6.8057036,-2.9304287,69.9994,25.0,89.95855,41.11669,-6.566139,-2.3800964,69.88264,25.05619,90.78449,0.65081817
1.6833333333333333,41.375103,-6.8075247,-2.9304235,69.99912,25.0,89.938934,41.051014,-6.461528,-2.3589354,69.80264,25.031593,90.90305,0.74252695
1.6875,41.38368,-6.809823,-2.930427,69.998764,25.0,89.91419,40.973877,-6.347702,-2.35435,69.7313,25.024002,90.96102,0.84460515
1.6916666666666667,41.3942,-6.8126407,-2.930424,69.99834,25.0,89.883835,40.913864,-6.2494526,-2.3696127,69.65985,25.030834,90.98422,0.92866147
1.6958333333333333,41.406815,-6.8160214,-2.9304278,69.99782,25.0,89.84742,40.870605,-6.1753273,-2.3868895,69.618256,25.031136,90.97397,0.9967162
1.7,41.421665,-6.8200006,-2.9304254,69.99722,25.0,89.804535,40.856064,-6.103712,-2.4176693,69.59735,25.032879,90.95538,1.0468491
1.7041666666666666,41.438885,-6.824617,-2.9304266,69.99654,25.0,89.75479,40.827812,-6.0392475,-2.4534912,69.59529,25.080276,90.93302,1.1034863
1.7083333333333333,41.458595,-6.829895,-2.9304252,69.99576,25.0,89.69783,40.81192,-5.968931,-2.4801292,69.594124,25.128796,90.9383,1.1671392
1.7125,41.480904,-6.8358755,-2.9304285,69.99489,25.0,89.633316,40.80444,-5.9211082,-2.5062475,69.58765,25.179394,90.95922,1.2142209
1.7166666666666666,41.50591,-6.842573,-2.9304247,69.993935,25.0,89.560974,40.775772,-5.8876734,-2.5068617,69.59599,25.171913,91.05632,1.2744956
1.7208333333333334,41.5337,-6.850021,-2.9304268,69.99289,25.0,89.480515,40.71639,-5.8703394,-2.4982357,69.575005,25.104343,91.192474,1.3470565
1.725,41.564354,-6.858235,-2.9304273,69.99176,25.0,89.39169,40.6605,-5.8770638,-2.487135,69.52644,25.000427,91.33451,1.4057587
1.7291666666666667,41.597935,-6.8672333,-2.930427,69.990555,25.0,89.29432,40.60035,-5.9245825,-2.4731836,69.504715,24.912231,91.514175,1.4466646
1.7333333333333334,41.63451,-6.8770323,-2.9304278,69.98927,25.0,89.18817,40.55448,-5.9914494,-2.522644,69.46359,24.829308,91.669334,1.4549936
1.7375,41.67412,-6.8876476,-2.9304273,69.98793,25.0,89.07309,40.507236,-6.0718355,-2.5818338,69.45486,24.813595,91.72183,1.4658405
1.7416666666666667,41.71681,-6.8990855,-2.9304245,69.986534,25.0,88.94895,40.474583,-6.1477947,-2.6241522,69.48296,24.821907,91.73273,1.4836998
1.7458333333333333,41.762608,-6.9113564,-2.9304261,69.985085,25.0,88.81561,40.45629,-6.1860914,-2.6665173,69.513435,24.845146,91.69513,1.5172738
1.75,41.81154,-6.9244685,-2.9304266,69.983604,25.0,88.67298,40.46744,-6.2173786,-2.7577276,69.51626,24.862003,91.540405,1.5285281
1.7541666666666667,41.86361,-6.9384203,-2.9304283,69.9821,25.0,88.521,40.49398,-6.2513742,-2.8279924,69.53285,24.891254,91.33992,1.5357112
1.7583333333333333,41.918835,-6.9532175,-2.9304256,69.9806,25.0,88.35959,40.502068,-6.2846794,-2.8893108,69.54683,24.961514,91.1392,1.5671192
1.7625,41.977207,-6.968861,-2.930428,69.9791,25.0,88.18873,40.507866,-6.3045387,-2.9355946,69.57463,25.037998,90.91244,1.6125491
1.7666666666666666,42.03871,-6.985339,-2.9304252,69.97764,25.0,88.008415,40.5106,-6.2923,-2.9481487,69.62152,25.106339,90.673004,1.6780163
1.7708333333333333,42.103336,-7.002656,-2.9304261,69.97622,25.0,87.81864,40.521214,-6.2766533,-2.9531384,69.64936,25.167236,90.442314,1.740893
1.775,42.171055,-7.0208,-2.9304256,69.97487,25.0,87.61944,40.540623,-6.256853,-2.9397192,69.65793,25.191952,90.270706,1.8005583
1.7791666666666666,42.241833,-7.039764,-2.9304247,69.97361,25.0,87.41086,40.5661,-6.2278156,-2.9342098,69.648895,25.20721,90.13042,1.8620825
1.7833333333333334,42.315628,-7.059542,-2.9304264,69.972466,25.0,87.192955,40.586945,-6.190715,-2.9505596,69.62735,25.228172,89.99801,1.9348418
1.7875,42.392403,-7.0801105,-2.9304285,69.97145,25.0,86.965805,40.607834,-6.1498003,-2.968833,69.595245,25.27565,89.84965,2.012868
1.7916666666666667,42.472095,-7.1014643,-2.9304252,69.97061,25.0,86.72952,40.626232,-6.106948,-2.9864683,69.56343,25.361504,89.69835,2.0974784
1.7958333333333334,42.554653,-7.123585,-2.9304266,69.969955,25.0,86.48421,40.65047,-6.0600557,-3.007473,69.51622,25.458988,89.54693,2.1824164
1.8,42.64001,-7.1464567,-2.9304261,69.96952,25.0,86.22999,40.69668,-6.016552,-3.010356,69.44845,25.528694,89.3859,2.249359
1.8041666666666667,42.728096,-7.17006,-2.9304283,69.96933,25.0,85.96702,40.752274,-5.969042,-3.005104,69.371124,25.583096,89.21852,2.3134165
1.8083333333333333,42.818832,-7.1943703,-2.930424,69.96942,25.0,85.69547,40.804913,-5.9166355,-2.9948702,69.29636,25.622307,89.04762,2.3859239
1.8125,42.91214,-7.2193727,-2.9304283,69.96981,25.0,85.415504,40.862232,-5.8504505,-2.988329,69.21286,25.636806,88.886314,2.4656484
1.8166666666666667,43.00793,-7.2450404,-2.9304278,69.97054,25.0,85.12732,40.92774,-5.771183,-2.9802618,69.13599,25.648792,88.7197,2.54989
1.8208333333333333,43.106117,-7.271349,-2.9304283,69.97164,25.0,84.83112,40.991726,-5.7016373,-2.9727287,69.07169,25.667652,88.543144,2.633711
1.825,43.206604,-7.298273,-2.9304247,69.973145,25.0,84.52712,41.063087,-5.642496,-2.9626045,69.03722,25.72467,88.34556,2.7087445
1.8291666666666666,43.309288,-7.325787,-2.9304247,69.975075,25.0,84.21556,41.158333,-5.5964603,-2.967389,69.01143,25.79316,88.13138,2.7601712
1.8333333333333333,43.414066,-7.3538637,-2.9304233,69.97747,25.0,83.89668,41.255882,-5.5547876,-2.9784412,68.98922,25.855255,87.90014,2.8101137
1.8375,43.520832,-7.3824716,-2.930425,69.980354,25.0,83.570755,41.351357,-5.5302486,-2.9892921,68.989456,25.916328,87.64171,2.853212
1.8416666666666666,43.62948,-7.4115834,-2.9304252,69.983765,25.0,83.23803,41.447777,-5.5123453,-3.0025444,69.00106,25.983177,87.3677,2.8934631
1.8458333333333334,43.73988,-7.441165,-2.9304278,69.987724,25.0,82.89881,41.53887,-5.498292,-3.0210133,69.00682,26.061111,87.07362,2.937243
1.85,43.851925,-7.471186,-2.9304273,69.99227,25.0,82.5534,41.631416,-5.497732,-3.0451527,69.01552,26.148647,86.75605,2.9729347
1.8541666666666667,43.965496,-7.501617,-2.9304233,69.99744,25.0,82.20207,41.726494,-5.507016,-3.0730715,69.038376,26.227112,86.421616,3.0019848
1.8583333333333334,44.080463,-7.5324235,-2.930424,70.003235,25.0,81.84518,41.817223,-5.518838,-3.0960073,69.058655,26.302547,86.07516,3.0338433
1.8625,44.196705,-7.5635715,-2.930425,70.0097,25.0,81.483025,41.907784,-5.536392,-3.1058664,69.07961,26.388203,85.725685,3.06258
1.8666666666666667,44.314095,-7.595026,-2.9304266,70.016846,25.0,81.11596,41.998962,-5.5659103,-3.118763,69.105644,26.460308,85.37851,3.0842533
1.8708333333333333,44.432495,-7.6267505,-2.9304278,70.024704,25.0,80.74435,42.083073,-5.6024113,-3.1346598,69.145004,26.521244,85.02071,3.107965
1.875,44.55178,-7.658715,-2.9304245,70.0333,25.0,80.36853,42.16095,-5.641448,-3.1443567,69.18314,26.555565,84.67104,3.1354754
1.8791666666666667,44.671818,-7.690879,-2.9304254,70.04264,25.0,79.98888,42.2405,-5.674429,-3.1480474,69.2259,26.594326,84.32681,3.1661851
1.8833333333333333,44.79247,-7.723205,-2.9304256,70.05274,25.0,79.60578,42.31936,-5.716221,-3.1383648,69.2654,26.61388,83.9752,3.191786
1.8875,44.9136,-7.755665,-2.930427,70.06362,25.0,79.21961,42.39885,-5.7647133,-3.1185036,69.31196,26.612492,83.619415,3.2129793
1.8916666666666666,45.035076,-7.7882123,-2.9304264,70.07529,25.0,78.83078,42.483463,-5.809802,-3.0937881,69.367805,26.597408,83.256744,3.2328813
1.8958333333333333,45.156757,-7.8208165,-2.930426,70.087746,25.0,78.43969,42.575607,-5.859497,-3.05871,69.42924,26.585247,82.87992,3.244313
1.9,45.278507,-7.8534408,-2.9304287,70.101,25.0,78.04674,42.67093,-5.903537,-3.018897,69.49211,26.561516,82.51361,3.25721
1.9041666666666666,45.40019,-7.886044,-2.930432,70.11504,25.0,77.65236,42.761555,-5.9572134,-2.9790392,69.554245,26.534557,82.13347,3.268813
1.9083333333333334,45.521664,-7.918592,-2.9304247,70.1299,25.0,77.256966,42.85182,-6.0033655,-2.9286356,69.62372,26.494312,81.76584,3.2857497
1.9125,45.642796,-7.9510493,-2.930424,70.14553,25.0,76.86099,42.947937,-6.0503874,-2.8750324,69.72247,26.456123,81.39246,3.2981582
1.9166666666666667,45.763447,-7.983378,-2.9304276,70.161934,25.0,76.46488,43.042183,-6.1071672,-2.8257313,69.80878,26.406967,81.01409,3.3070235
1.9208333333333334,45.88348,-8.015542,-2.930425,70.17911,25.0,76.069084,43.13911,-6.1588697,-2.7920713,69.894516,26.385086,80.633064,3.316314
1.925,46.00277,-8.047504,-2.9304247,70.19702,25.0,75.67401,43.236412,-6.2097893,-2.7688704,69.962456,26.30072,80.24465,3.3250608
1.9291666666666667,46.12117,-8.079229,-2.9304276,70.21565,25.0,75.28015,43.33248,-6.2591686,-2.740324,70.04097,26.204449,79.85484,3.3354976
1.9333333333333333,46.23856,-8.1106825,-2.930426,70.234985,25.0,74.887924,43.418324,-6.3039,-2.7008343,70.10483,26.108585,79.47681,3.3572176
1.9375,46.3548,-8.141833,-2.9304287,70.25498,25.0,74.4978,43.508938,-6.3430777,-2.667327,70.16752,26.038788,79.092155,3.3769338
1.9416666666666667,46.46977,-8.172635,-2.9304261,70.27561,25.0,74.11025,43.604904,-6.4007626,-2.6439772,70.22052,25.949886,78.68802,3.3806853
1.9458333333333333,46.58334,-8.203068,-2.9304268,70.29684,25.0,73.7257,43.716347,-6.461793,-2.6233091,70.28124,25.850918,78.27409,3.3683834
1.95,46.695385,-8.233092,-2.9304245,70.31862,25.0,73.344635,43.826653,-6.5174837,-2.6065712,70.33142,25.760891,77.86726,3.3582466
1.9541666666666666,46.80579,-8.262673,-2.9304242,70.340904,25.0,72.96748,43.93218,-6.564556,-2.6011248,70.37293,25.69291,77.46,3.3540547
1.9583333333333333,46.914433,-8.291785,-2.9304278,70.36365,25.0,72.59471,44.028816,-6.6090393,-2.5898209,70.39837,25.619091,77.066,3.3577416
1.9625,47.0212,-8.320391,-2.930426,70.3868,25.0,72.22678,44.125923,-6.6589565,-2.5669308,70.43444,25.52361,76.67174,3.3578432
1.9666666666666666,47.125977,-8.348468,-2.930429,70.41031,25.0,71.86412,44.22521,-6.7073727,-2.5301962,70.48598,25.427223,76.27004,3.3567598
1.9708333333333334,47.22866,-8.375982,-2.930424,70.43412,25.0,71.50718,44.32553,-6.764429,-2.4822645,70.55322,25.34158,75.846954,3.350539
1.975,47.329147,-8.402909,-2.930426,70.45816,25.0,71.15638,44.429768,-6.8309593,-2.4205208,70.62903,25.260948,75.44511,3.337279
1.9791666666666667,47.427334,-8.429215,-2.9304233,70.482376,25.0,70.812164,44.53824,-6.9115295,-2.3567991,70.71617,25.187717,75.02273,3.3135006
1.9833333333333334,47.523125,-8.454883,-2.930424,70.5067,25.0,70.474945,44.6533,-6.9952154,-2.2857027,70.80327,25.105232,74.610535,3.2836232
1.9875,47.616432,-8.479885,-2.9304285,70.53106,25.0,70.14512,44.780724,-7.0911703,-2.2060957,70.920494,25.034569,74.20658,3.2395108
1.9916666666666667,47.70717,-8.504197,-2.9304254,70.555405,25.0,69.82309,44.92305,-7.198925,-2.1425266,71.052925,24.96268,73.793175,3.1742458
1.9958333333333333,47.795254,-8.527801,-2.930428,70.57965,25.0,69.509224,45.076912,-7.2951393,-2.12541,71.138916,24.904514,73.411354,3.091422
2.0,47.880608,-8.550676,-2.9304316,70.60374,25.0,69.2039,45.206024,-7.3718586,-2.1454315,71.18786,24.837017,73.08343,3.0264225
2.004166666666667,47.963165,-8.572791,-2.9304264,70.627594,25.0,68.907486,45.31522,-7.4655285,-2.1778526,71.226364,24.779476,72.7775,2.9671557
2.0083333333333333,48.042862,-8.594145,-2.9304242,70.65115,25.0,68.62027,45.43581,-7.5627165,-2.2103882,71.27934,24.721218,72.48057,2.894653
2.0125,48.119633,-8.614717,-2.9304276,70.67434,25.0,68.3426,45.556015,-7.6664963,-2.2596874,71.31478,24.66666,72.13761,2.8144538
2.0166666666666666,48.19343,-8.634493,-2.9304266,70.6971,25.0,68.074745,45.678024,-7.7721186,-2.3283596,71.29993,24.616123,71.8605,2.7264352
2.0208333333333335,48.26421,-8.653454,-2.9304264,70.71935,25.0,67.81699,45.797592,-7.8511896,-2.3974056,71.32345,24.643906,71.65079,2.648007
2.025,48.33193,-8.671601,-2.9304264,70.74105,25.0,67.569565,45.891914,-7.9423056,-2.4120226,71.345146,24.604347,71.45315,2.5989003
2.029166666666667,48.396553,-8.688919,-2.9304295,70.76212,25.0,67.3327,45.976894,-8.029207,-2.398449,71.38196,24.48502,71.25694,2.5637808
2.033333333333333,48.45806,-8.705399,-2.9304256,70.782524,25.0,67.10658,46.060493,-8.127084,-2.3906727,71.420074,24.377201,71.039894,2.5247004
2.0375,48.51643,-8.72104,-2.9304292,70.802185,25.0,66.89138,46.145203,-8.262072,-2.4392214,71.41291,24.333164,70.82814,2.4646816
2.0416666666666665,48.57165,-8.735835,-2.9304285,70.82107,25.0,66.687225,46.248856,-8.387177,-2.4672003,71.42804,24.335274,70.62716,2.39406
2.0458333333333334,48.623726,-8.749787,-2.930427,70.83913,25.0,66.494194,46.3372,-8.501586,-2.467184,71.46535,24.318863,70.45876,2.3461454
2.05,48.672657,-8.762899,-2.9304235,70.85632,25.0,66.31236,46.43756,-8.624256,-2.4762144,71.49405,24.307152,70.375885,2.2849905
2.0541666666666667,48.718452,-8.77517,-2.9304287,70.872604,25.0,66.141785,46.593796,-8.720906,-2.5582924,71.42569,24.358387,70.307045,2.157683
2.058333333333333,48.761143,-8.78661,-2.930434,70.887955,25.0,65.98242,46.77237,-8.780676,-2.6871033,71.36368,24.439754,70.18825,2.003613
2.0625,48.800755,-8.797223,-2.9304235,70.90237,25.0,65.83425,46.91443,-8.848045,-2.7880106,71.32344,24.47084,70.049065,1.8923767
2.066666666666667,48.837326,-8.80702,-2.930426,70.91579,25.0,65.69719,47.035553,-8.883106,-2.861864,71.246605,24.436459,69.984474,1.8046817
2.0708333333333333,48.87091,-8.816022,-2.930429,70.92822,25.0,65.57109,47.14554,-8.91815,-2.9469337,71.15729,24.394344,69.88144,1.728471
2.075,48.901566,-8.824236,-2.9304245,70.939674,25.0,65.45581,47.250504,-8.937505,-3.0329323,71.05789,24.369232,69.755775,1.6581144
2.0791666666666666,48.929356,-8.83168,-2.9304235,70.95013,25.0,65.35115,47.350716,-8.9566765,-3.109747,70.999725,24.332344,69.60071,1.5937017
2.0833333333333335,48.954357,-8.838382,-2.9304235,70.959595,25.0,65.25686,47.430725,-8.995336,-3.129406,71.008675,24.2762,69.389336,1.5445657
2.0875,48.97667,-8.8443575,-2.930428,70.96809,25.0,65.172615,47.47535,-9.02782,-3.1253395,71.05851,24.163631,69.22065,1.5249951
2.091666666666667,48.996376,-8.849642,-2.9304245,70.97564,25.0,65.09812,47.518005,-9.035803,-3.1285067,71.09057,24.097862,69.11619,1.5031542
2.095833333333333,49.0136,-8.854255,-2.9304256,70.98226,25.0,65.03296,47.552486,-9.06915,-3.1201515,71.12425,24.1385,69.03471,1.4889685
2.1,49.02845,-8.8582325,-2.9304233,70.988,25.0,64.97673,47.551037,-9.115757,-3.0550203,71.14783,24.100807,68.9433,1.5048565
2.1041666666666665,49.041065,-8.861612,-2.930428,70.99288,25.0,64.928925,47.572155,-9.166843,-2.9752045,71.20603,24.007431,68.834206,1.5009557
2.1083333333333334,49.051582,-8.864432,-2.930428,70.99697,25.0,64.889046,47.605644,-9.221622,-2.9626436,71.208435,23.991344,68.71837,1.4897516
2.1125,49.06016,-8.86673,-2.9304278,71.00031,25.0,64.8565,47.62777,-9.307662,-2.9862566,71.18222,23.95684,68.577415,1.4997617
2.1166666666666667,49.066963,-8.868554,-2.9304287,71.00297,25.0,64.83069,47.657593,-9.328265,-3.0395336,71.14746,23.862793,68.39204,1.4864599
2.120833333333333,49.072163,-8.869948,-2.9304256,71.005005,25.0,64.81095,47.672775,-9.373901,-3.059802,71.118805,23.804935,68.16942,1.4929808
2.125,49.07596,-8.870962,-2.930428,71.006485,25.0,64.79654,47.635426,-9.466371,-3.083106,71.100815,23.766582,67.973885,1.5661917
2.129166666666667,49.07855,-8.871656,-2.9304278,71.0075,25.0,64.786705,47.634556,-9.5174,-3.2113824,71.044136,23.798763,67.84539,1.6065599
2.1333333333333333,49.080143,-8.872085,-2.930428,71.008125,25.0,64.78065,47.672646,-9.53629,-3.3605156,70.948296,23.840824,67.72932,1.6146805
2.1375,49.08098,-8.872308,-2.9304273,71.00845,25.0,64.77747,47.697113,-9.539792,-3.4460907,70.90089,23.829899,67.59556,1.6206565
2.1416666666666666,49.08129,-8.872393,-2.930428,71.008575,25.0,64.77628,47.697666,-9.537067,-3.483296,70.856735,23.764595,67.496185,1.6315249
2.1458333333333335,49.081337,-8.872405,-2.9304242,71.0086,25.0,64.77611,47.70451,-9.515719,-3.5174584,70.81951,23.735985,67.43764,1.6291457
2.15,49.081337,-8.872405,-2.9304242,71.0086,25.0,64.77611,47.71995,-9.463101,-3.5674787,70.765884,23.76765,67.401146,1.6149707
2.154166666666667,49.081337,-8.872405,-2.9304242,71.0086,25.0,64.77611,47.74829,-9.406165,-3.5971732,70.73055,23.809803,67.35681,1.5831821
2.158333333333333,49.081337,-8.872405,-2.9304242,71.0086,25.0,64.77611,47.77357,-9.3636,-3.6008916,70.72217,23.847923,67.32002,1.5495324
2.1625,49.081337,-8.872405,-2.9304242,71.0086,25.0,64.77611,47.79174,-9.329285,-3.6009321,70.71539,23.867737,67.28876,1.5236073
2.1666666666666665,49.081337,-8.872405,-2.9304242,71.0086,25.0,64.77611,47.80899,-9.29722,-3.6029582,70.710144,23.875587,67.25836,1.5005451
2.1708333333333334,49.081337,-8.872405,-2.9304242,71.0086,25.0,64.77611,47.826015,-9.26863,-3.603106,70.705666,23.882126,67.231255,1.4782852
2.175,49.081337,-8.872405,-2.9304242,71.0086,25.0,64.77611,47.841957,-9.240461,-3.601767,70.703476,23.887829,67.20567,1.4567872
2.1791666666666667,49.081337,-8.872405,-2.9304242,71.0086,25.0,64.77611,47.85524,-9.214376,-3.5979853,70.70181,23.890408,67.1827,1.4373226
2.183333333333333,49.081337,-8.872405,-2.9304242,71.0086,25.0,64.77611,47.86625,-9.190568,-3.5916266,70.70102,23.889858,67.165955,1.4194559
2.1875,49.081337,-8.872405,-2.9304242,71.0086,25.0,64.77611,47.87625,-9.169417,-3.584258,70.700714,23.887024,67.15339,1.4028352
2.191666666666667,49.081337,-8.872405,-2.9304242,71.0086,25.0,64.77611,47.88485,-9.150993,-3.5759735,70.70089,23.882996,67.14411,1.3877779
2.1958333333333333,49.081337,-8.872405,-2.9304242,71.0086,25.0,64.77611,47.89211,-9.135017,-3.5669098,70.70126,23.878231,67.13797,1.3741697
2.2,49.081337,-8.872405,-2.9304242,71.0086,25.0,64.77611,47.898224,-9.121116,-3.5573573,70.70197,23.873295,67.13523,1.3618585
2.2041666666666666,49.081337,-8.872405,-2.9304242,71.0086,25.0,64.77611,47.903366,-9.109272,-3.548221,70.70329,23.86903,67.13484,1.3510716
2.2083333333333335,49.081337,-8.872405,-2.9304242,71.0086,25.0,64.77611,47.9075,-9.099622,-3.5402446,70.704926,23.86589,67.13543,1.3421619
2.2125,49.081337,-8.872405,-2.9304242,71.0086,25.0,64.77611,47.91088,-9.091921,-3.5336275,70.706665,23.8643,67.136505,1.3349189
2.216666666666667,49.081337,-8.872405,-2.9304242,71.0086,25.0,64.77611,47.913643,-9.086082,-3.5283766,70.70856,23.86391,67.13808,1.3291782
2.220833333333333,49.081337,-8.872405,-2.9304242,71.0086,25.0,64.77611,47.915833,-9.08167,-3.524366,70.71034,23.864292,67.13982,1.3247488
2.225,49.081337,-8.872405,-2.9304242,71.0086,25.0,64.77611,47.917454,-9.078399,-3.521328,70.71188,23.865025,67.141464,1.321448
2.2291666666666665,49.081337,-8.872405,-2.9304242,71.0086,25.0,64.77611,47.918663,-9.076174,-3.5190344,70.71319,23.865887,67.14259,1.3190126
2.2333333333333334,49.081337,-8.872405,-2.9304242,71.0086,25.0,64.77611,47.919548,-9.0748415,-3.517386,70.71434,23.866817,67.14302,1.317292
2.2375,49.081337,-8.872405,-2.9304242,71.0086,25.0,64.77611,47.920174,-9.074138,-3.5163097,70.71527,23.867767,67.14296,1.3161528
2.2416666666666667,49.081337,-8.872405,-2.9304242,71.0086,25.0,64.77611,47.920586,-9.07378,-3.5156808,70.71603,23.86855,67.14268,1.3154546
2.245833333333333,49.081337,-8.872405,-2.9304242,71.0086,25.0,64.77611,47.920822,-9.07355,-3.5152855,70.716606,23.869072,67.14238,1.3150349
2.25,49.081337,-8.872405,-2.9304242,71.0086,25.0,64.77611,47.920914,-9.073435,-3.5150423,70.71696,23.869305,67.14218,1.3148283
2.254166666666667,49.081337,-8.872405,-2.9304242,71.0086,25.0,64.77611,47.92094,-9.073389,-3.5149164,70.71712,23.869385,67.142075,1.3147417
2.2583333333333333,49.081337,-8.872405,-2.9304242,71.0086,25.0,64.77611,47.920944,-9.073385,-3.5148816,70.71716,23.869373,67.14203,1.3147224
2.2625,49.081337,-8.872405,-2.9304242,71.0086,25.0,64.77611,47.920944,-9.073381,-3.5148792,70.717155,23.869373,67.142006,1.3147206
2.2666666666666666,49.081337,-8.872405,-2.9304242,71.0086,25.0,64.77611,47.920944,-9.073385,-3.5148792,70.717155,23.869373,67.142006,1.3147212
2.2708333333333335,49.081337,-8.872405,-2.9304242,71.0086,25.0,64.77611,47.920944,-9.073387,-3.5148754,70.71716,23.869373,67.142006,1.3147199
2.275,49.081337,-8.872405,-2.9304242,71.0086,25.0,64.77611,47.920944,-9.073385,-3.514874,70.71716,23.869377,67.14201,1.314719
2.279166666666667,49.081337,-8.872405,-2.9304242,71.0086,25.0,64.77611,47.920944,-9.073382,-3.514876,70.71716,23.869385,67.142006,1.3147193
2.283333333333333,49.081337,-8.872405,-2.9304242,71.0086,25.0,64.77611,47.920944,-9.073388,-3.514875,70.71716,23.86938,67.142,1.3147198
2.2875,49.081337,-8.872405,-2.9304242,71.0086,25.0,64.77611,47.920944,-9.073387,-3.5148792,70.71716,23.86938,67.142,1.3147216
2.2916666666666665,49.081337,-8.872405,-2.9304242,71.0086,25.0,64.77611,47.920944,-9.073388,-3.5148778,70.71716,23.86938,67.142,1.3147211
2.2958333333333334,49.081337,-8.872405,-2.9304242,71.0086,25.0,64.77611,47.920944,-9.073387,-3.5148768,70.71716,23.869377,67.142,1.3147205
2.3,49.081337,-8.872405,-2.9304242,71.0086,25.0,64.77611,47.92095,-9.073388,-3.5148778,70.71716,23.869377,67.142,1.3147143
2.3041666666666667,49.081337,-8.872405,-2.9304242,71.0086,25.0,64.77611,47.920944,-9.073388,-3.5148768,70.71716,23.869373,67.142,1.3147206
2.308333333333333,49.081337,-8.872405,-2.9304242,71.0086,25.0,64.77611,47.920944,-9.073388,-3.514876,70.71716,23.869377,67.142,1.3147203
2.3125,49.081337,-8.872405,-2.9304242,71.0086,25.0,64.77611,47.920944,-9.073389,-3.5148768,70.71716,23.869373,67.142,1.3147209
2.316666666666667,49.081337,-8.872405,-2.9304242,71.0086,25.0,64.77611,47.920944,-9.07339,-3.5148802,70.71716,23.869373,67.142,1.3147224
2.3208333333333333,49.081337,-8.872405,-2.9304242,71.0086,25.0,64.77611,47.920944,-9.073388,-3.5148778,70.71716,23.869377,67.142,1.3147211
2.325,49.081337,-8.872405,-2.9304242,71.0086,25.0,64.77611,47.920944,-9.073388,-3.5148768,70.71716,23.869377,67.142,1.3147206
2.3291666666666666,49.081337,-8.872405,-2.9304242,71.0086,25.0,64.77611,47.920948,-9.073385,-3.5148768,70.71716,23.86938,67.142,1.3147168
2.3333333333333335,49.081337,-8.872405,-2.9304242,71.0086,25.0,64.77611,47.920948,-9.073386,-3.5148768,70.71716,23.869373,67.142,1.314717
2.3375,49.081337,-8.872405,-2.9304242,71.0086,25.0,64.77611,47.920944,-9.073389,-3.5148783,70.71716,23.869377,67.142,1.3147215
2.341666666666667,49.081337,-8.872405,-2.9304242,71.0086,25.0,64.77611,47.920944,-9.073388,-3.5148802,70.71716,23.869377,67.142,1.3147222
2.345833333333333,49.081337,-8.872405,-2.9304242,71.0086,25.0,64.77611,47.920944,-9.073385,-3.5148797,70.71716,23.869373,67.142,1.3147215
2.35,49.081337,-8.872405,-2.9304242,71.0086,25.0,64.77611,47.92094,-9.073388,-3.5148802,70.71716,23.869377,67.142,1.3147255
2.3541666666666665,49.081337,-8.872405,-2.9304242,71.0086,25.0,64.77611,47.920937,-9.073392,-3.5148778,70.71716,23.869377,67.14199,1.3147284
2.3583333333333334,49.081337,-8.872405,-2.9304242,71.0086,25.0,64.77611,47.920944,-9.07339,-3.5148768,70.71716,23.86938,67.14198,1.3147209
2.3625,49.081337,-8.872405,-2.9304242,71.0086,25.0,64.77611,47.920944,-9.07339,-3.5148807,70.71716,23.869373,67.14198,1.3147227
2.3666666666666667,49.081337,-8.872405,-2.9304242,71.0086,25.0,64.77611,47.920944,-9.073391,-3.5148811,70.71716,23.869373,67.14198,1.314723
2.370833333333333,49.081337,-8.872405,-2.9304242,71.0086,25.0,64.77611,47.920944,-9.07339,-3.5148778,70.71716,23.869373,67.14198,1.3147213
2.375,49.081337,-8.872405,-2.9304242,71.0086,25.0,64.77611,47.920944,-9.073391,-3.5148797,70.71716,23.86937,67.141975,1.3147224
2.379166666666667,49.081337,-8.872405,-2.9304242,71.0086,25.0,64.77611,47.920944,-9.073391,-3.514884,70.71716,23.869373,67.14197,1.3147243
2.3833333333333333,49.081337,-8.872405,-2.9304242,71.0086,25.0,64.77611,47.920944,-9.073395,-3.514884,70.71716,23.86937,67.14197,1.3147249
2.3875,49.081337,-8.872405,-2.9304242,71.0086,25.0,64.77611,47.920948,-9.073395,-3.514882,70.71716,23.869373,67.14197,1.3147206
2.3916666666666666,49.081337,-8.872405,-2.9304242,71.0086,25.0,64.77611,47.920944,-9.073389,-3.5148826,70.71716,23.86937,67.14197,1.3147234
2.3958333333333335,49.081337,-8.872405,-2.9304242,71.0086,25.0,64.77611,47.920944,-9.073389,-3.5148792,70.71716,23.869366,67.14197,1.3147218
2.4,49.081337,-8.872405,-2.9304242,71.0086,25.0,64.77611,47.920944,-9.073391,-3.5148778,70.71716,23.86937,67.14196,1.3147216
2.404166666666667,49.081337,-8.872405,-2.9304242,71.0086,25.0,64.77611,47.920948,-9.073392,-3.514882,70.71716,23.86937,67.14197,1.3147203
2.408333333333333,49.081337,-8.872405,-2.9304242,71.0086,25.0,64.77611,47.92094,-9.073391,-3.5148811,70.71716,23.86937,67.14197,1.3147264
2.4125,49.081337,-8.872405,-2.9304242,71.0086,25.0,64.77611,47.920937,-9.07339,-3.514882,70.717155,23.869366,67.14197,1.3147299
2.4166666666666665,49.081337,-8.872405,-2.9304242,71.0086,25.0,64.77611,47.92094,-9.073391,-3.514884,70.71716,23.86937,67.14197,1.3147277
2.4208333333333334,49.081337,-8.872405,-2.9304242,71.0086,25.0,64.77611,47.920944,-9.073391,-3.5148864,70.71716,23.869377,67.14197,1.3147254
2.425,49.081337,-8.872405,-2.9304242,71.0086,25.0,64.77611,47.920944,-9.073391,-3.5148802,70.717155,23.869373,67.141975,1.3147225
2.4291666666666667,49.081337,-8.872405,-2.9304242,71.0086,25.0,64.77611,47.920944,-9.07339,-3.514882,70.717155,23.869373,67.14197,1.3147233
2.433333333333333,49.081337,-8.872405,-2.9304242,71.0086,25.0,64.77611,47.920944,-9.073389,-3.5148811,70.717155,23.869373,67.141975,1.3147228
2.4375,49.081337,-8.872405,-2.9304242,71.0086,25.0,64.77611,47.920944,-9.073388,-3.5148816,70.717155,23.869377,67.141975,1.3147228
2.441666666666667,49.081337,-8.872405,-2.9304242,71.0086,25.0,64.77611,47.920944,-9.073389,-3.5148802,70.717155,23.869377,67.141975,1.3147223
2.4458333333333333,49.081337,-8.872405,-2.9304242,71.0086,25.0,64.77611,47.920944,-9.073389,-3.5148802,70.717155,23.869377,67.141975,1.3147223
2.45,49.081337,-8.872405,-2.9304242,71.0086,25.0,64.77611,47.920944,-9.073389,-3.5148802,70.717155,23.869377,67.141975,1.3147223
2.4541666666666666,49.081337,-8.872405,-2.9304242,71.0086,25.0,64.77611,47.920944,-9.073389,-3.5148802,70.717155,23.869377,67.141975,1.3147223
2.4583333333333335,49.081337,-8.872405,-2.9304242,71.0086,25.0,64.77611,47.920944,-9.073389,-3.5148802,70.717155,23.869377,67.141975,1.3147223
2.4625,49.081337,-8.872405,-2.9304242,71.0086,25.0,64.77611,47.920944,-9.073389,-3.5148802,70.717155,23.869377,67.141975,1.3147223
2.466666666666667,49.081337,-8.872405,-2.9304242,71.0086,25.0,64.77611,47.920944,-9.073389,-3.5148802,70.717155,23.869377,67.141975,1.3147223
2.470833333333333,49.081337,-8.872405,-2.9304242,71.0086,25.0,64.77611,47.920944,-9.073389,-3.5148802,70.717155,23.869377,67.141975,1.3147223
2.475,49.081337,-8.872405,-2.9304242,71.0086,25.0,64.77611,47.920944,-9.073389,-3.5148802,70.717155,23.869377,67.141975,1.3147223
2.4791666666666665,49.081337,-8.872405,-2.9304242,71.0086,25.0,64.77611,47.920944,-9.073389,-3.5148802,70.717155,23.869377,67.141975,1.3147223
2.4833333333333334,49.081337,-8.872405,-2.9304242,71.0086,25.0,64.77611,47.920944,-9.073389,-3.5148802,70.717155,23.869377,67.141975,1.3147223
2.4875,49.081337,-8.872405,-2.9304242,71.0086,25.0,64.77611,47.920944,-9.073389,-3.5148802,70.717155,23.869377,67.141975,1.3147223
2.4916666666666667,49.081337,-8.872405,-2.9304242,71.0086,25.0,64.77611,47.920944,-9.073389,-3.5148802,70.717155,23.869377,67.141975,1.3147223
2.495833333333333,49.081337,-8.872405,-2.9304242,71.0086,25.0,64.77611,47.920944,-9.073389,-3.5148802,70.717155,23.869377,67.141975,1.3147223
2.5,49.081337,-8.872405,-2.9304242,71.0086,25.0,64.77611,47.920944,-9.073389,-3.5148802,70.717155,23.869377,67.141975,1.3147223
2.504166666666667,49.081337,-8.872405,-2.9304242,71.0086,25.0,64.77611,47.920944,-9.073389,-3.5148802,70.717155,23.869377,67.141975,1.3147223
2.5083333333333333,49.081337,-8.872405,-2.9304242,71.0086,25.0,64.77611,47.920944,-9.073389,-3.5148802,70.717155,23.869377,67.141975,1.3147223
2.5125,49.081337,-8.872405,-2.9304242,71.0086,25.0,64.77611,47.920944,-9.073389,-3.5148802,70.717155,23.869377,67.141975,1.3147223
2.5166666666666666,49.081337,-8.872405,-2.9304242,71.0086,25.0,64.77611,47.920944,-9.073389,-3.5148802,70.717155,23.869377,67.141975,1.3147223
2.5208333333333335,49.081337,-8.872405,-2.9304242,71.0086,25.0,64.77611,47.920944,-9.073389,-3.5148802,70.717155,23.869377,67.141975,1.3147223
2.525,49.081337,-8.872405,-2.9304242,71.0086,25.0,64.77611,47.920944,-9.073389,-3.5148802,70.717155,23.869377,67.141975,1.3147223
2.529166666666667,49.081337,-8.872405,-2.9304242,71.0086,25.0,64.77611,47.920944,-9.073389,-3.5148802,70.717155,23.869377,67.141975,1.3147223
2.533333333333333,49.081337,-8.872405,-2.9304242,71.0086,25.0,64.77611,47.92094,-9.073388,-3.5148807,70.71716,23.869377,67.14198,1.3147258
2.5375,49.081337,-8.872405,-2.9304242,71.0086,25.0,64.77611,47.92092,-9.073386,-3.5148773,70.71716,23.869389,67.14203,1.3147408
2.5416666666666665,49.081337,-8.872405,-2.9304242,71.0086,25.0,64.77611,47.920822,-9.073402,-3.5148258,70.71718,23.869457,67.14213,1.3148079
2.5458333333333334,49.081337,-8.872405,-2.9304242,71.0086,25.0,64.77611,47.92066,-9.073487,-3.5147657,70.71719,23.869595,67.14228,1.3149389
2.55,49.081337,-8.872405,-2.9304242,71.0086,25.0,64.77611,47.920357,-9.073689,-3.5147142,70.71719,23.869762,67.14245,1.3152131
2.5541666666666667,49.081337,-8.872405,-2.9304242,71.0086,25.0,64.77611,47.919918,-9.074004,-3.5147476,70.71713,23.86995,67.14263,1.3156633
2.558333333333333,49.081337,-8.872405,-2.9304242,71.0086,25.0,64.77611,47.91926,-9.074446,-3.5148492,70.716866,23.87014,67.142876,1.3163587
2.5625,49.081337,-8.872405,-2.9304242,71.0086,25.0,64.77611,47.91838,-9.0751095,-3.514913,70.71615,23.870068,67.14326,1.3172636
2.566666666666667,49.081337,-8.872405,-2.9304242,71.0086,25.0,64.77611,47.91735,-9.076199,-3.514852,70.71477,23.869457,67.14372,1.3183138
2.5708333333333333,49.081337,-8.872405,-2.9304242,71.0086,25.0,64.77611,47.9162,-9.077968,-3.5144963,70.712524,23.868198,67.1443,1.3194481
2.575,49.081337,-8.872405,-2.9304242,71.0086,25.0,64.77611,47.91498,-9.080643,-3.5138917,70.70924,23.86631,67.145,1.3206747
2.5791666666666666,49.081337,-8.872405,-2.9304242,71.0086,25.0,64.77611,47.913628,-9.084682,-3.5133462,70.7047,23.863503,67.145386,1.3222727
2.5833333333333335,49.081337,-8.872405,-2.9304242,71.0086,25.0,64.77611,47.912045,-9.090186,-3.5129151,70.699005,23.859749,67.14621,1.324375
2.5875,49.081337,-8.872405,-2.9304242,71.0086,25.0,64.77611,47.909348,-9.097338,-3.5120816,70.69235,23.854694,67.14758,1.327584
2.591666666666667,49.081337,-8.872405,-2.9304242,71.0086,25.0,64.77611,47.905388,-9.106872,-3.511485,70.68485,23.84922,67.148636,1.3324648
2.595833333333333,49.081337,-8.872405,-2.9304242,71.0086,25.0,64.77611,47.900528,-9.119464,-3.5121732,70.67579,23.845318,67.14874,1.3393207
2.6,49.081337,-8.872405,-2.9304242,71.0086,25.0,64.77611,47.895058,-9.135465,-3.5148563,70.66596,23.84335,67.14808,1.3483397
2.6041666666666665,49.081337,-8.872405,-2.9304242,71.0086,25.0,64.77611,47.889297,-9.154472,-3.51958,70.6552,23.843914,67.1465,1.3592736
2.6083333333333334,49.081337,-8.872405,-2.9304242,71.0086,25.0,64.77611,47.883125,-9.17615,-3.5257998,70.6438,23.84975,67.14814,1.372022
2.6125,49.081337,-8.872405,-2.9304242,71.0086,25.0,64.77611,47.879257,-9.198333,-3.5387783,70.63012,23.85524,67.1493,1.3861166
2.6166666666666667,49.081337,-8.872405,-2.9304242,71.0086,25.0,64.77611,47.878883,-9.22361,-3.5552063,70.61021,23.865791,67.147354,1.3998544
2.620833333333333,49.081337,-8.872405,-2.9304242,71.0086,25.0,64.77611,47.877712,-9.2554035,-3.5748534,70.58134,23.873959,67.14839,1.4179877
2.625,49.081337,-8.872405,-2.9304242,71.0086,25.0,64.77611,47.872627,-9.287334,-3.596263,70.54574,23.874851,67.15411,1.441002
2.629166666666667,49.081337,-8.872405,-2.9304242,71.0086,25.0,64.77611,47.862785,-9.322318,-3.6173654,70.49774,23.88525,67.1647,1.4694141
2.6333333333333333,49.081337,-8.872405,-2.9304242,71.0086,25.0,64.77611,47.85447,-9.359091,-3.637886,70.44581,23.908905,67.17349,1.497521
2.6375,49.081337,-8.872405,-2.9304242,71.0086,25.0,64.77611,47.8438,-9.393726,-3.65512,70.392456,23.946106,67.182785,1.5259287
2.6416666666666666,49.081337,-8.872405,-2.9304242,71.0086,25.0,64.77611,47.838303,-9.430107,-3.6754541,70.33695,23.994076,67.1994,1.5528153
2.6458333333333335,49.081337,-8.872405,-2.9304242,71.0086,25.0,64.77611,47.848915,-9.460051,-3.7030244,70.272766,24.041183,67.22015,1.56879
2.65,49.081337,-8.872405,-2.9304242,71.0086,25.0,64.77611,47.87017,-9.481728,-3.7391386,70.20092,24.086315,67.26002,1.5786756
2.654166666666667,49.08129,-8.872393,-2.930428,71.008575,25.0,64.77628,47.89486,-9.510127,-3.7837205,70.11827,24.144554,67.30943,1.5945011
2.658333333333333,49.08098,-8.872308,-2.9304273,71.00845,25.0,64.77747,47.910416,-9.562939,-3.8105788,70.04648,24.18715,67.34083,1.6192143
2.6625,49.080143,-8.872085,-2.930428,71.008125,25.0,64.78065,47.934483,-9.619337,-3.7926917,70.0159,24.194134,67.390045,1.6169176
2.6666666666666665,49.07855,-8.871656,-2.9304278,71.0075,25.0,64.786705,47.978226,-9.691441,-3.8078775,69.993004,24.23172,67.428116,1.6287032
2.6708333333333334,49.07596,-8.870962,-2.930428,71.006485,25.0,64.79654,47.991455,-9.759895,-3.834518,69.95557,24.283249,67.47655,1.6684507
2.675,49.072163,-8.869948,-2.9304256,71.005005,25.0,64.81095,47.979362,-9.832315,-3.850719,69.89901,24.36874,67.523605,1.7225859
2.6791666666666667,49.066963,-8.868554,-2.9304287,71.00297,25.0,64.83069,47.934227,-9.889284,-3.8360991,69.8935,24.432861,67.58695,1.7734768
2.683333333333333,49.06016,-8.86673,-2.9304278,71.00031,25.0,64.8565,47.866272,-9.963598,-3.8186722,69.88232,24.408306,67.63153,1.8486403
2.6875,49.051582,-8.864432,-2.930428,70.99697,25.0,64.889046,47.844208,-10.094215,-3.8322005,69.828255,24.372025,67.56089,1.9450741
2.691666666666667,49.041065,-8.861612,-2.930428,70.99288,25.0,64.928925,47.85682,-10.216291,-3.8125982,69.877525,24.402637,67.51477,2.0039508
2.6958333333333333,49.02845,-8.8582325,-2.9304233,70.988,25.0,64.97673,47.84328,-10.258539,-3.7442675,69.94739,24.432312,67.44225,2.0069447
2.7,49.0136,-8.854255,-2.9304256,70.98226,25.0,65.03296,47.791534,-10.300193,-3.6973424,69.98904,24.453907,67.36075,2.042631
2.7041666666666666,48.996376,-8.849642,-2.9304245,70.97564,25.0,65.09812,47.6996,-10.303322,-3.6471877,70.07733,24.522137,67.30714,2.0757077
2.7083333333333335,48.97667,-8.8443575,-2.930428,70.96809,25.0,65.172615,47.660988,-10.228598,-3.6282187,70.158195,24.67168,67.29295,2.0332365
2.7125,48.954357,-8.838382,-2.9304235,70.959595,25.0,65.25686,47.65094,-10.117285,-3.6244082,70.21414,24.8096,67.353714,1.9534851
2.716666666666667,48.929356,-8.83168,-2.9304235,70.95013,25.0,65.35115,47.626522,-9.943217,-3.6309586,70.28009,24.930286,67.488525,1.8503078
2.720833333333333,48.901566,-8.824236,-2.9304245,70.939674,25.0,65.45581,47.612465,-9.774026,-3.581501,70.39621,25.061935,67.580025,1.7285202
2.725,48.87091,-8.816022,-2.930429,70.92822,25.0,65.57109,47.61994,-9.621703,-3.5437407,70.48128,25.183613,67.61778,1.6094089
2.7291666666666665,48.837326,-8.80702,-2.930426,70.91579,25.0,65.69719,47.6072,-9.474931,-3.5938373,70.52164,25.302345,67.694016,1.5490086
2.7333333333333334,48.800755,-8.797223,-2.9304235,70.90237,25.0,65.83425,47.61206,-9.338499,-3.608232,70.55993,25.35109,67.80408,1.471529
2.7375,48.761143,-8.78661,-2.930434,70.887955,25.0,65.98242,47.62642,-9.20636,-3.557352,70.644684,25.412048,67.930855,1.3626497
2.7416666666666667,48.718452,-8.77517,-2.9304287,70.872604,25.0,66.141785,47.63272,-9.107415,-3.4943438,70.76718,25.41764,68.077354,1.2677538
2.745833333333333,48.672657,-8.762899,-2.9304235,70.85632,25.0,66.31236,47.625473,-9.040351,-3.4056125,70.8629,25.424267,68.20882,1.1829532
2.75,48.623726,-8.749787,-2.930427,70.83913,25.0,66.494194,47.62239,-9.031646,-3.3318653,70.947464,25.43111,68.31798,1.1150197
2.754166666666667,48.57165,-8.735835,-2.9304285,70.82107,25.0,66.687225,47.62487,-9.021297,-3.2904053,70.97173,25.44402,68.40657,1.0523623
2.7583333333333333,48.51643,-8.72104,-2.9304292,70.802185,25.0,66.89138,47.618763,-9.00684,-3.2654152,70.95982,25.384884,68.47511,0.9998515
2.7625,48.45806,-8.705399,-2.9304256,70.782524,25.0,67.10658,47.603443,-9.055591,-3.234867,70.93395,25.369053,68.521645,0.9724665
2.7666666666666666,48.396553,-8.688919,-2.9304295,70.76212,25.0,67.3327,47.58895,-9.137308,-3.2423372,70.92905,25.325993,68.60517,0.9749667
2.7708333333333335,48.33193,-8.671601,-2.9304264,70.74105,25.0,67.569565,47.55931,-9.160105,-3.231616,70.93431,25.224968,68.74071,0.96243876
2.775,48.26421,-8.653454,-2.9304264,70.71935,25.0,67.81699,47.48508,-9.20901,-3.2269077,70.95095,25.20744,68.88039,1.0017915
2.779166666666667,48.19343,-8.634493,-2.9304266,70.6971,25.0,68.074745,47.395306,-9.298689,-3.2140532,70.98645,25.195206,69.01872,1.0763855
2.783333333333333,48.119633,-8.614717,-2.9304276,70.67434,25.0,68.3426,47.31315,-9.361885,-3.2308755,71.024086,25.176102,69.12131,1.1397134
2.7875,48.042862,-8.594145,-2.9304242,70.65115,25.0,68.62027,47.223457,-9.376663,-3.2821288,70.99171,25.197521,69.27058,1.186362
2.7916666666666665,47.963165,-8.572791,-2.9304264,70.627594,25.0,68.907486,47.072968,-9.379644,-3.366837,70.91801,25.219204,69.52206,1.2782482
2.7958333333333334,47.880608,-8.550676,-2.9304316,70.60374,25.0,69.2039,46.94326,-9.381143,-3.409934,70.88386,25.231533,69.816505,1.3409761
2.8,47.795254,-8.527801,-2.930428,70.57965,25.0,69.509224,46.812126,-9.385714,-3.4443269,70.85911,25.243805,70.10724,1.4023718
2.8041666666666667,47.70717,-8.504197,-2.9304254,70.555405,25.0,69.82309,46.710884,-9.368997,-3.510243,70.835556,25.262428,70.35936,1.4410584
2.808333333333333,47.616432,-8.479885,-2.9304285,70.53106,25.0,70.14512,46.61652,-9.329411,-3.561823,70.7922,25.267555,70.64662,1.4560827
2.8125,47.523125,-8.454883,-2.930424,70.5067,25.0,70.474945,46.514977,-9.288618,-3.599349,70.747665,25.25494,70.981415,1.4693327
2.816666666666667,47.427334,-8.429215,-2.9304233,70.482376,25.0,70.812164,46.38706,-9.226645,-3.6110306,70.692116,25.249294,71.33387,1.4769205
2.8208333333333333,47.329147,-8.402909,-2.930426,70.45816,25.0,71.15638,46.26423,-9.177939,-3.645309,70.67332,25.285625,71.656624,1.498593
2.825,47.22866,-8.375982,-2.930424,70.43412,25.0,71.50718,46.166607,-9.127199,-3.6608987,70.66819,25.31134,71.96586,1.4919378
2.8291666666666666,47.125977,-8.348468,-2.930429,70.41031,25.0,71.86412,46.07637,-9.094499,-3.6590118,70.68448,25.329613,72.274284,1.47955
2.8333333333333335,47.0212,-8.320391,-2.930426,70.3868,25.0,72.22678,45.983864,-9.077236,-3.6738997,70.67476,25.329506,72.597084,1.4837894
2.8375,46.914433,-8.291785,-2.9304278,70.36365,25.0,72.59471,45.876125,-9.092659,-3.6892939,70.68268,25.305935,72.92927,1.515044
2.841666666666667,46.80579,-8.262673,-2.9304242,70.340904,25.0,72.96748,45.776333,-9.118073,-3.677569,70.71304,25.257095,73.26128,1.5328785
2.845833333333333,46.695385,-8.233092,-2.9304245,70.31862,25.0,73.344635,45.665405,-9.13595,-3.6672244,70.74308,25.204876,73.607445,1.5552764
2.85,46.58334,-8.203068,-2.9304268,70.29684,25.0,73.7257,45.567913,-9.148368,-3.6593232,70.75895,25.1529,73.96426,1.5671546
2.8541666666666665,46.46977,-8.172635,-2.9304261,70.27561,25.0,74.11025,45.47336,-9.16506,-3.65773,70.76746,25.121952,74.308685,1.5832599
2.8583333333333334,46.3548,-8.141833,-2.9304287,70.25498,25.0,74.4978,45.381294,-9.180839,-3.6433296,70.78654,25.100883,74.64736,1.5923177
2.8625,46.23856,-8.1106825,-2.930426,70.234985,25.0,74.887924,45.300922,-9.178118,-3.6294127,70.78436,25.080036,74.99466,1.5834029
2.8666666666666667,46.12117,-8.079229,-2.9304276,70.21565,25.0,75.28015,45.203987,-9.180991,-3.6216846,70.75624,25.054749,75.366325,1.5915213
2.870833333333333,46.00277,-8.047504,-2.9304247,70.19702,25.0,75.67401,45.120415,-9.168507,-3.611504,70.71852,25.04618,75.74359,1.5808431
2.875,45.88348,-8.015542,-2.930425,70.17911,25.0,76.069084,45.018204,-9.142551,-3.5992265,70.686424,25.075825,76.11458,1.5703976
2.879166666666667,45.763447,-7.983378,-2.9304276,70.161934,25.0,76.46488,44.9437,-9.109957,-3.5850348,70.6683,25.113934,76.4539,1.5393755
2.8833333333333333,45.642796,-7.9510493,-2.930424,70.14553,25.0,76.86099,44.86925,-9.0591545,-3.566607,70.635086,25.161324,76.79196,1.4936521
2.8875,45.521664,-7.918592,-2.9304247,70.1299,25.0,77.256966,44.803093,-9.017395,-3.5609107,70.6239,25.181679,77.14735,1.4564425
2.8916666666666666,45.40019,-7.886044,-2.930432,70.11504,25.0,77.65236,44.712055,-8.947222,-3.5418935,70.58456,25.19191,77.53006,1.4048169
2.8958333333333335,45.278507,-7.8534408,-2.9304287,70.101,25.0,78.04674,44.58746,-8.872791,-3.5312238,70.54769,25.230972,77.90627,1.370247
2.9,45.156757,-7.8208165,-2.930426,70.087746,25.0,78.43969,44.471634,-8.784982,-3.5207624,70.50995,25.256134,78.31405,1.3219327
2.904166666666667,45.035076,-7.7882123,-2.9304264,70.07529,25.0,78.83078,44.381325,-8.701973,-3.4973001,70.498085,25.282574,78.73056,1.2584496
2.908333333333333,44.9136,-7.755665,-2.930427,70.06362,25.0,79.21961,44.285942,-8.606705,-3.4761205,70.46451,25.302273,79.153206,1.1899605
2.9125,44.79247,-7.723205,-2.9304256,70.05274,25.0,79.60578,44.17675,-8.5241585,-3.4524508,70.43224,25.302513,79.5671,1.1371659
2.9166666666666665,44.671818,-7.690879,-2.9304254,70.04264,25.0,79.98888,44.078304,-8.451492,-3.4082665,70.41139,25.27464,79.99115,1.0766258
2.9208333333333334,44.55178,-7.658715,-2.9304245,70.0333,25.0,80.36853,43.977943,-8.374305,-3.3638282,70.401535,25.248592,80.41581,1.0144935
2.925,44.432495,-7.6267505,-2.9304278,70.024704,25.0,80.74435,43.87561,-8.286342,-3.3003554,70.383194,25.213009,80.85548,0.93916327
2.9291666666666667,44.314095,-7.595026,-2.9304266,70.016846,25.0,81.11596,43.7667,-8.19249,-3.2150068,70.36619,25.18658,81.30697,0.8588298
2.933333333333333,44.196705,-7.5635715,-2.930425,70.0097,25.0,81.483025,43.649765,-8.113442,-3.1252737,70.35705,25.140568,81.75061,0.799667
2.9375,44.080463,-7.5324235,-2.930424,70.003235,25.0,81.84518,43.539246,-8.045489,-3.0357952,70.35456,25.08575,82.15887,0.75316423
2.941666666666667,43.965496,-7.501617,-2.9304233,69.99744,25.0,82.20207,43.438915,-7.983547,-2.9453926,70.36924,25.03403,82.53903,0.7139805
2.9458333333333333,43.851925,-7.471186,-2.9304273,69.99227,25.0,82.5534,43.35309,-7.9214125,-2.8486938,70.40409,25.003902,82.88772,0.67692095
2.95,43.73988,-7.441165,-2.9304278,69.987724,25.0,82.89881,43.281742,-7.8702564,-2.7465906,70.45343,24.98801,83.17398,0.65406847
2.9541666666666666,43.62948,-7.4115834,-2.9304252,69.983765,25.0,83.23803,43.22263,-7.8312798,-2.6464682,70.50306,24.973396,83.42718,0.64984816
2.9583333333333335,43.520832,-7.3824716,-2.930425,69.980354,25.0,83.570755,43.172005,-7.7934475,-2.5532732,70.552414,24.94601,83.64734,0.65789455
2.9625,43.414066,-7.3538637,-2.9304233,69.97747,25.0,83.89668,43.136463,-7.76836,-2.504305,70.59252,24.895985,83.80941,0.6560851
2.966666666666667,43.309288,-7.325787,-2.9304247,69.975075,25.0,84.21556,43.098564,-7.7340508,-2.4617987,70.634766,24.834381,83.94208,0.6562729
2.970833333333333,43.206604,-7.298273,-2.9304247,69.973145,25.0,84.52712,43.056446,-7.70695,-2.4294758,70.686005,24.757767,84.06634,0.66371244
2.975,43.106117,-7.271349,-2.9304283,69.97164,25.0,84.83112,43.013206,-7.6899624,-2.4046812,70.73953,24.676407,84.18885,0.6784391
2.9791666666666665,43.00793,-7.2450404,-2.9304278,69.97054,25.0,85.12732,42.98204,-7.673788,-2.3935976,70.785324,24.607239,84.302246,0.68751836
2.9833333333333334,42.91214,-7.2193727,-2.9304283,69.96981,25.0,85.415504,42.9571,-7.6497164,-2.3939466,70.80847,24.551498,84.41528,0.6892239
2.9875,42.818832,-7.1943703,-2.930424,69.96942,25.0,85.69547,42.931984,-7.616184,-2.3994427,70.824196,24.522163,84.537544,0.687511
2.9916666666666667,42.728096,-7.17006,-2.9304283,69.96933,25.0,85.96702,42.897076,-7.604619,-2.4070196,70.84296,24.469566,84.69962,0.70096517
2.995833333333333,42.64001,-7.1464567,-2.9304261,69.96952,25.0,86.22999,42.855244,-7.605568,-2.407405,70.86527,24.402966,84.91253,0.72846377
3.0,42.554653,-7.123585,-2.9304266,69.969955,25.0,86.48421,42.812454,-7.6059113,-2.4153976,70.873535,24.347317,85.13609,0.7512354
3.004166666666667,42.472095,-7.1014643,-2.9304252,69.97061,25.0,86.72952,42.77203,-7.5919085,-2.4100304,70.88031,24.287308,85.4015,0.7754398
3.0083333333333333,42.392403,-7.0801105,-2.9304285,69.97145,25.0,86.965805,42.723392,-7.532488,-2.3932047,70.90963,24.278458,85.67543,0.7764077
3.0125,42.315628,-7.059542,-2.9304264,69.972466,25.0,87.192955,42.65892,-7.438182,-2.3713284,70.95801,24.307861,85.98269,0.7575013
3.0166666666666666,42.241833,-7.039764,-2.9304247,69.97361,25.0,87.41086,42.573895,-7.335205,-2.3352308,71.035805,24.388039,86.32472,0.7428366
3.0208333333333335,42.171055,-7.0208,-2.9304256,69.97487,25.0,87.61944,42.48351,-7.228591,-2.3003283,71.11763,24.473999,86.67687,0.73336715
3.025,42.103336,-7.002656,-2.9304261,69.97622,25.0,87.81864,42.386444,-7.1134872,-2.292179,71.1783,24.585426,87.039536,0.70696026
3.029166666666667,42.03871,-6.985339,-2.9304252,69.97764,25.0,88.008415,42.26858,-7.020934,-2.2938375,71.22509,24.732918,87.36868,0.67775434
3.033333333333333,41.977207,-6.968861,-2.930428,69.9791,25.0,88.18873,42.149616,-6.924368,-2.3150082,71.263374,24.89045,87.66189,0.6406607
3.0375,41.918835,-6.9532175,-2.9304256,69.9806,25.0,88.35959,42.048225,-6.8324747,-2.3454943,71.293655,25.02641,87.93447,0.6111182
3.0416666666666665,41.86361,-6.9384203,-2.9304283,69.9821,25.0,88.521,41.95715,-6.753048,-2.4154148,71.30235,25.164833,88.205246,0.5552941
3.0458333333333334,41.81154,-6.9244685,-2.9304266,69.983604,25.0,88.67298,41.872684,-6.6495647,-2.5051298,71.272736,25.272465,88.45622,0.51008654
3.05,41.762608,-6.9113564,-2.9304261,69.985085,25.0,88.81561,41.808342,-6.561344,-2.5932503,71.22419,25.376343,88.69127,0.48814732
3.0541666666666667,41.71681,-6.8990855,-2.9304245,69.986534,25.0,88.94895,41.75381,-6.5079756,-2.7036076,71.14219,25.470829,88.88209,0.45363212
3.058333333333333,41.67412,-6.8876476,-2.9304273,69.98793,25.0,89.07309,41.720474,-6.469427,-2.795353,71.06427,25.533943,89.054855,0.44192988
3.0625,41.63451,-6.8770323,-2.9304278,69.98927,25.0,89.18817,41.718582,-6.4448633,-2.8840904,70.981384,25.565052,89.18343,0.44270226
3.066666666666667,41.597935,-6.8672333,-2.930427,69.990555,25.0,89.29432,41.73318,-6.447444,-2.9528599,70.90445,25.596104,89.24681,0.44160825
3.0708333333333333,41.564354,-6.858235,-2.9304273,69.99176,25.0,89.39169,41.736904,-6.471079,-2.9764624,70.84045,25.595318,89.33632,0.42635968
3.075,41.5337,-6.850021,-2.9304268,69.99289,25.0,89.480515,41.74189,-6.5106125,-2.9364853,70.78344,25.544147,89.4901,0.3982188
3.0791666666666666,41.50591,-6.842573,-2.9304247,69.993935,25.0,89.560974,41.7296,-6.5556726,-2.8545475,70.736374,25.504211,89.67695,0.3716268
3.0833333333333335,41.480904,-6.8358755,-2.9304285,69.99489,25.0,89.633316,41.68488,-6.5862827,-2.7780447,70.70347,25.507607,89.80178,0.35654378
3.0875,41.458595,-6.829895,-2.9304252,69.99576,25.0,89.69783,41.636723,-6.607789,-2.744155,70.68699,25.506393,89.8699,0.3402308
3.091666666666667,41.438885,-6.824617,-2.9304266,69.99654,25.0,89.75479,41.597477,-6.6438446,-2.7353163,70.70213,25.514473,89.87459,0.30967426
3.095833333333333,41.421665,-6.8200006,-2.9304254,69.99722,25.0,89.804535,41.56253,-6.683098,-2.7218246,70.726395,25.493553,89.85864,0.28653044
3.1,41.406815,-6.8160214,-2.9304278,69.99782,25.0,89.84742,41.542156,-6.7193737,-2.6959143,70.76126,25.454552,89.86082,0.28749737
3.1041666666666665,41.3942,-6.8126407,-2.930424,69.99834,25.0,89.883835,41.51443,-6.768345,-2.6541147,70.83234,25.445477,89.845314,0.30457273
3.1083333333333334,41.38368,-6.809823,-2.930427,69.998764,25.0,89.91419,41.492367,-6.82263,-2.6215906,70.90579,25.431973,89.82935,0.32765397
3.1125,41.375103,-6.8075247,-2.9304235,69.99912,25.0,89.938934,41.472794,-6.8622637,-2.5784836,70.98026,25.427494,89.84405,0.36932576
3.1166666666666667,41.3683,-6.8057036,-2.9304287,69.9994,25.0,89.95855,41.45077,-6.8917875,-2.5361156,71.05202,25.428623,89.84654,0.41193998
3.120833333333333,41.3631,-6.80431,-2.930426,69.99962,25.0,89.97356,41.4318,-6.9045734,-2.5117512,71.12628,25.433441,89.82302,0.43596026
3.125,41.359306,-6.803292,-2.9304233,69.99978,25.0,89.9845,41.41945,-6.920212,-2.4875946,71.18279,25.449257,89.80576,0.46193573
3.129166666666667,41.356716,-6.8025985,-2.9304247,69.999886,25.0,89.99197,41.406715,-6.932866,-2.4616451,71.23078,25.455555,89.79603,0.48910517
3.1333333333333333,41.35512,-6.8021708,-2.9304276,69.99995,25.0,89.99656,41.402184,-6.9506845,-2.4354305,71.266365,25.461441,89.79092,0.51893467
3.1375,41.354286,-6.801946,-2.9304252,69.999985,25.0,89.99897,41.407925,-6.966033,-2.412695,71.283424,25.466488,89.79302,0.5457528
3.1416666666666666,41.353973,-6.801863,-2.9304245,70.0,25.0,89.99987,41.41465,-6.9832726,-2.3980064,71.2846,25.471802,89.76512,0.5657384
3.1458333333333335,41.353928,-6.8018513,-2.930426,70.0,25.0,90.0,41.41911,-7.000988,-2.3877506,71.278824,25.472168,89.724464,0.581722
3.15,41.353928,-6.8018513,-2.930426,70.0,25.0,90.0,41.430523,-7.018568,-2.3837261,71.26453,25.458408,89.67117,0.5930545
3.154166666666667,41.353928,-6.8018513,-2.930426,70.0,25.0,90.0,41.442295,-7.0362425,-2.3822021,71.24579,25.441864,89.614815,0.6027415
3.158333333333333,41.353928,-6.8018513,-2.930426,70.0,25.0,90.0,41.45436,-7.0506973,-2.3849564,71.22602,25.424114,89.55667,0.6079048
3.1625,41.353928,-6.8018513,-2.930426,70.0,25.0,90.0,41.466934,-7.062993,-2.3922873,71.2037,25.411335,89.50006,0.6087353
3.1666666666666665,41.353928,-6.8018513,-2.930426,70.0,25.0,90.0,41.480934,-7.072871,-2.4060383,71.17904,25.399017,89.442085,0.6037921
3.1708333333333334,41.353928,-6.8018513,-2.930426,70.0,25.0,90.0,41.496048,-7.080243,-2.4282084,71.15293,25.3858,89.37958,0.5915426
3.175,41.353928,-6.8018513,-2.930426,70.0,25.0,90.0,41.511948,-7.088464,-2.4533262,71.12607,25.3755,89.32138,0.57856816
3.1791666666666667,41.353928,-6.8018513,-2.930426,70.0,25.0,90.0,41.525204,-7.0959225,-2.4786863,71.10066,25.369099,89.26964,0.5655811
3.183333333333333,41.353928,-6.8018513,-2.930426,70.0,25.0,90.0,41.535698,-7.1031027,-2.502738,71.07717,25.366219,89.227005,0.5538139
3.1875,41.353928,-6.8018513,-2.930426,70.0,25.0,90.0,41.544838,-7.1095963,-2.5251427,71.05547,25.3648,89.192245,0.54351467
3.191666666666667,41.353928,-6.8018513,-2.930426,70.0,25.0,90.0,41.552917,-7.1155214,-2.5456457,71.03604,25.364727,89.16424,0.5348287
3.1958333333333333,41.353928,-6.8018513,-2.930426,70.0,25.0,90.0,41.559555,-7.120987,-2.5639172,71.01907,25.365852,89.141975,0.527692
3.2,41.353928,-6.8018513,-2.930426,70.0,25.0,90.0,41.56515,-7.1256075,-2.5799437,71.00438,25.3676,89.125275,0.5217962
3.2041666666666666,41.353928,-6.8018513,-2.930426,70.0,25.0,90.0,41.56955,-7.129421,-2.593607,70.9919,25.369839,89.113174,0.5169544
3.2083333333333335,41.353928,-6.8018513,-2.930426,70.0,25.0,90.0,41.573048,-7.1325235,-2.6051102,70.98201,25.372387,89.10502,0.5130186
3.2125,41.353928,-6.8018513,-2.930426,70.0,25.0,90.0,41.575813,-7.135132,-2.6144352,70.9746,25.374676,89.09973,0.5100581
3.216666666666667,41.353928,-6.8018513,-2.930426,70.0,25.0,90.0,41.577957,-7.137186,-2.6216555,70.96929,25.376427,89.096565,0.50791514
3.220833333333333,41.353928,-6.8018513,-2.930426,70.0,25.0,90.0,41.57965,-7.13881,-2.6270123,70.96572,25.377705,89.09467,0.5065097
3.225,41.353928,-6.8018513,-2.930426,70.0,25.0,90.0,41.58093,-7.1401806,-2.6307564,70.963455,25.378532,89.093544,0.50576484
3.2291666666666665,41.353928,-6.8018513,-2.930426,70.0,25.0,90.0,41.58178,-7.1412992,-2.6332731,70.96219,25.379005,89.092995,0.50541186
3.2333333333333334,41.353928,-6.8018513,-2.930426,70.0,25.0,90.0,41.582237,-7.142233,-2.634904,70.96163,25.379234,89.09271,0.50529015
3.2375,41.353928,-6.8018513,-2.930426,70.0,25.0,90.0,41.58247,-7.1429567,-2.6358871,70.96148,25.379292,89.09249,0.5053094
3.2416666666666667,41.353928,-6.8018513,-2.930426,70.0,25.0,90.0,41.582573,-7.143505,-2.636406,70.9615,25.3793,89.09228,0.5054243
3.245833333333333,41.353928,-6.8018513,-2.930426,70.0,25.0,90.0,41.582657,-7.143895,-2.6367044,70.961525,25.379269,89.09204,0.50555253
3.25,41.353928,-6.8018513,-2.930426,70.0,25.0,90.0,41.58275,-7.144121,-2.6368847,70.961555,25.379257,89.09181,0.50564224
3.254166666666667,41.353928,-6.8018513,-2.930426,70.0,25.0,90.0,41.5828,-7.1442213,-2.6370049,70.961555,25.379223,89.09168,0.50566447
3.2583333333333333,41.353928,-6.8018513,-2.930426,70.0,25.0,90.0,41.582825,-7.1442423,-2.6370487,70.96155,25.379204,89.09165,0.5056636
3.2625,41.353928,-6.8018513,-2.930426,70.0,25.0,90.0,41.58283,-7.1442404,-2.6370687,70.96154,25.379211,89.091644,0.50565237
3.2666666666666666,41.353928,-6.8018513,-2.930426,70.0,25.0,90.0,41.582832,-7.1442394,-2.6370697,70.96154,25.379211,89.091644,0.5056529
3.2708333333333335,41.353928,-6.8018513,-2.930426,70.0,25.0,90.0,41.582832,-7.1442394,-2.6370697,70.96154,25.379211,89.091644,0.5056529
3.275,41.353928,-6.8018513,-2.930426,70.0,25.0,90.0,41.582832,-7.1442394,-2.6370697,70.96154,25.379211,89.091644,0.5056529
3.279166666666667,41.353928,-6.8018513,-2.930426,70.0,25.0,90.0,41.582832,-7.1442394,-2.6370697,70.96154,25.379211,89.091644,0.5056529
3.283333333333333,41.353928,-6.8018513,-2.930426,70.0,25.0,90.0,41.582832,-7.1442394,-2.6370697,70.96154,25.379211,89.091644,0.5056529
3.2875,41.353928,-6.8018513,-2.930426,70.0,25.0,90.0,41.58283,-7.1442385,-2.6370678,70.96154,25.379208,89.091644,0.50565165
3.2916666666666665,41.353928,-6.8018513,-2.930426,70.0,25.0,90.0,41.582832,-7.1442394,-2.6370716,70.96154,25.379211,89.091644,0.50565183
3.2958333333333334,41.353928,-6.8018513,-2.930426,70.0,25.0,90.0,41.58283,-7.1442394,-2.6370687,70.96154,25.379208,89.091644,0.5056518
3.3,41.353928,-6.8018513,-2.930426,70.0,25.0,90.0,41.582832,-7.1442394,-2.6370697,70.96154,25.379208,89.091644,0.5056529
3.3041666666666667,41.353928,-6.8018513,-2.930426,70.0,25.0,90.0,41.582832,-7.1442394,-2.6370726,70.96154,25.379208,89.091644,0.50565124
3.308333333333333,41.353928,-6.8018513,-2.930426,70.0,25.0,90.0,41.58283,-7.1442394,-2.6370726,70.96154,25.379211,89.091644,0.50564957
3.3125,41.353928,-6.8018513,-2.930426,70.0,25.0,90.0,41.582832,-7.1442385,-2.6370726,70.96154,25.379204,89.091644,0.5056506
3.316666666666667,41.353928,-6.8018513,-2.930426,70.0,25.0,90.0,41.582832,-7.1442366,-2.6370745,70.96154,25.379208,89.091644,0.5056482
3.3208333333333333,41.353928,-6.8018513,-2.930426,70.0,25.0,90.0,41.58283,-7.1442385,-2.6370745,70.96154,25.379208,89.091644,0.5056478
3.325,41.353928,-6.8018513,-2.930426,70.0,25.0,90.0,41.58283,-7.1442413,-2.6370745,70.96154,25.379211,89.091644,0.5056497
3.3291666666666666,41.353928,-6.8018513,-2.930426,70.0,25.0,90.0,41.58283,-7.1442423,-2.6370726,70.96154,25.379204,89.09165,0.5056515
3.3333333333333335,41.353928,-6.8018513,-2.930426,70.0,25.0,90.0,41.582832,-7.1442413,-2.6370764,70.96154,25.379204,89.09165,0.50565034
3.3375,41.353928,-6.8018513,-2.930426,70.0,25.0,90.0,41.582832,-7.1442385,-2.6370726,70.96154,25.379208,89.09165,0.5056506
3.341666666666667,41.353928,-6.8018513,-2.930426,70.0,25.0,90.0,41.58283,-7.1442385,-2.6370716,70.96154,25.379204,89.09165,0.50564945
3.345833333333333,41.353928,-6.8018513,-2.930426,70.0,25.0,90.0,41.58283,-7.1442385,-2.6370726,70.96154,25.3792,89.09165,0.5056489
3.35,41.353928,-6.8018513,-2.930426,70.0,25.0,90.0,41.582825,-7.1442385,-2.6370726,70.96154,25.379211,89.09165,0.5056471
3.3541666666666665,41.353928,-6.8018513,-2.930426,70.0,25.0,90.0,41.58283,-7.1442385,-2.6370735,70.96154,25.379208,89.09165,0.5056483
3.3583333333333334,41.353928,-6.8018513,-2.930426,70.0,25.0,90.0,41.582832,-7.1442385,-2.6370735,70.96154,25.379208,89.09165,0.50565004
3.3625,41.353928,-6.8018513,-2.930426,70.0,25.0,90.0,41.58283,-7.1442413,-2.6370678,70.96154,25.379204,89.09165,0.50565356
3.3666666666666667,41.353928,-6.8018513,-2.930426,70.0,25.0,90.0,41.58283,-7.1442413,-2.6370697,70.96154,25.379211,89.09165,0.5056525
3.370833333333333,41.353928,-6.8018513,-2.930426,70.0,25.0,90.0,41.58283,-7.1442394,-2.6370687,70.96155,25.379211,89.09165,0.5056518
3.375,41.353928,-6.8018513,-2.930426,70.0,25.0,90.0,41.58283,-7.1442413,-2.6370716,70.96155,25.379215,89.09165,0.50565135
3.379166666666667,41.353928,-6.8018513,-2.930426,70.0,25.0,90.0,41.58283,-7.1442423,-2.6370697,70.96154,25.379208,89.09165,0.50565314
3.3833333333333333,41.353928,-6.8018513,-2.930426,70.0,25.0,90.0,41.58283,-7.1442423,-2.6370716,70.96154,25.379208,89.09165,0.505652
3.3875,41.353928,-6.8018513,-2.930426,70.0,25.0,90.0,41.58283,-7.1442423,-2.6370687,70.96154,25.379211,89.09165,0.5056537
3.3916666666666666,41.353928,-6.8018513,-2.930426,70.0,25.0,90.0,41.58283,-7.1442423,-2.6370687,70.96155,25.379208,89.09165,0.5056537
3.3958333333333335,41.353928,-6.8018513,-2.930426,70.0,25.0,90.0,41.58283,-7.144244,-2.6370678,70.96155,25.379208,89.09165,0.5056555
3.4,41.353928,-6.8018513,-2.930426,70.0,25.0,90.0,41.582832,-7.144244,-2.6370697,70.96155,25.379211,89.091644,0.5056561
3.404166666666667,41.353928,-6.8018513,-2.930426,70.0,25.0,90.0,41.582832,-7.144244,-2.6370678,70.96154,25.379211,89.09165,0.50565726
3.408333333333333,41.353928,-6.8018513,-2.930426,70.0,25.0,90.0,41.582832,-7.1442423,-2.637066,70.96155,25.379211,89.09165,0.5056571
3.4125,41.353928,-6.8018513,-2.930426,70.0,25.0,90.0,41.58283,-7.144245,-2.6370678,70.96154,25.379211,89.09165,0.5056562
3.4166666666666665,41.353928,-6.8018513,-2.930426,70.0,25.0,90.0,41.58283,-7.1442413,-2.6370678,70.96154,25.379211,89.09165,0.50565356
3.4208333333333334,41.353928,-6.8018513,-2.930426,70.0,25.0,90.0,41.582832,-7.1442423,-2.6370678,70.96155,25.379211,89.09165,0.50565594
3.425,41.353928,-6.8018513,-2.930426,70.0,25.0,90.0,41.582832,-7.1442423,-2.6370678,70.96155,25.379211,89.09165,0.50565594
3.4291666666666667,41.353928,-6.8018513,-2.930426,70.0,25.0,90.0,41.582832,-7.1442413,-2.6370687,70.96155,25.379211,89.091644,0.50565475
3.433333333333333,41.353928,-6.8018513,-2.930426,70.0,25.0,90.0,41.582832,-7.1442423,-2.6370697,70.96154,25.379208,89.09165,0.5056549
3.4375,41.353928,-6.8018513,-2.930426,70.0,25.0,90.0,41.582832,-7.1442423,-2.6370687,70.96154,25.379208,89.091644,0.5056554
3.441666666666667,41.353928,-6.8018513,-2.930426,70.0,25.0,90.0,41.582832,-7.1442413,-2.6370668,70.96155,25.379208,89.091644,0.5056558
3.4458333333333333,41.353928,-6.8018513,-2.930426,70.0,25.0,90.0,41.58283,-7.1442413,-2.6370726,70.96155,25.379211,89.091644,0.5056508
3.45,41.353928,-6.8018513,-2.930426,70.0,25.0,90.0,41.58283,-7.1442423,-2.6370697,70.96154,25.379211,89.091644,0.50565314
3.4541666666666666,41.353928,-6.8018513,-2.930426,70.0,25.0,90.0,41.58283,-7.1442423,-2.6370716,70.96155,25.379211,89.091644,0.505652
3.4583333333333335,41.353928,-6.8018513,-2.930426,70.0,25.0,90.0,41.58283,-7.144245,-2.6370697,70.96155,25.379204,89.091644,0.50565505
3.4625,41.353928,-6.8018513,-2.930426,70.0,25.0,90.0,41.582832,-7.1442413,-2.6370687,70.96155,25.379211,89.091644,0.50565475
3.466666666666667,41.353928,-6.8018513,-2.930426,70.0,25.0,90.0,41.582832,-7.1442413,-2.6370687,70.96155,25.379208,89.091644,0.50565475
3.470833333333333,41.353928,-6.8018513,-2.930426,70.0,25.0,90.0,41.582832,-7.1442413,-2.6370678,70.96155,25.379208,89.091644,0.5056553
3.475,41.353928,-6.8018513,-2.930426,70.0,25.0,90.0,41.582832,-7.1442394,-2.6370697,70.96154,25.379211,89.091644,0.5056529
3.4791666666666665,41.353928,-6.8018513,-2.930426,70.0,25.0,90.0,41.58283,-7.1442394,-2.6370697,70.96154,25.379211,89.091644,0.5056512
3.4833333333333334,41.353928,-6.8018513,-2.930426,70.0,25.0,90.0,41.58283,-7.1442394,-2.6370697,70.96155,25.379204,89.091644,0.5056512
3.4875,41.353928,-6.8018513,-2.930426,70.0,25.0,90.0,41.58283,-7.1442413,-2.6370678,70.96154,25.379208,89.091644,0.50565356
3.4916666666666667,41.353928,-6.8018513,-2.930426,70.0,25.0,90.0,41.582832,-7.1442394,-2.6370678,70.96154,25.379208,89.09164,0.50565404
3.495833333333333,41.353928,-6.8018513,-2.930426,70.0,25.0,90.0,41.58283,-7.1442385,-2.6370716,70.96154,25.379208,89.091644,0.50564945
3.5,41.353928,-6.8018513,-2.930426,70.0,25.0,90.0,41.58283,-7.1442385,-2.6370678,70.96154,25.379208,89.091644,0.50565165
3.504166666666667,41.353928,-6.8018513,-2.930426,70.0,25.0,90.0,41.58283,-7.1442413,-2.6370678,70.96154,25.379208,89.091644,0.50565356
3.5083333333333333,41.353928,-6.8018513,-2.930426,70.0,25.0,90.0,41.58283,-7.1442366,-2.6370668,70.96154,25.379211,89.091644,0.5056509
3.5125,41.353928,-6.8018513,-2.930426,70.0,25.0,90.0,41.58283,-7.1442385,-2.6370678,70.96154,25.379208,89.091644,0.50565165
3.5166666666666666,41.353928,-6.8018513,-2.930426,70.0,25.0,90.0,41.58283,-7.1442385,-2.6370678,70.96154,25.379208,89.091644,0.50565165
3.5208333333333335,41.353928,-6.8018513,-2.930426,70.0,25.0,90.0,41.58283,-7.1442394,-2.6370678,70.96154,25.379208,89.091644,0.5056523
3.525,41.353928,-6.8018513,-2.930426,70.0,25.0,90.0,41.58283,-7.1442413,-2.6370687,70.96154,25.379211,89.091644,0.505653
3.529166666666667,41.353928,-6.8018513,-2.930426,70.0,25.0,90.0,41.582825,-7.1442394,-2.6370687,70.96154,25.379211,89.091644,0.50565
3.533333333333333,41.353928,-6.8018513,-2.930426,70.0,25.0,90.0,41.582825,-7.1442394,-2.6370687,70.96154,25.379211,89.091644,0.50565
3.5375,41.353928,-6.8018513,-2.930426,70.0,25.0,90.0,41.582825,-7.1442394,-2.6370687,70.96154,25.379211,89.091644,0.50565
3.5416666666666665,41.353928,-6.8018513,-2.930426,70.0,25.0,90.0,41.582825,-7.1442394,-2.6370687,70.96154,25.379211,89.091644,0.50565
3.5458333333333334,41.353928,-6.8018513,-2.930426,70.0,25.0,90.0,41.582825,-7.1442394,-2.6370687,70.96154,25.379211,89.091644,0.50565
3.55,41.353928,-6.8018513,-2.930426,70.0,25.0,90.0,41.582825,-7.1442394,-2.6370687,70.96154,25.379211,89.091644,0.50565
3.5541666666666667,41.353928,-6.8018513,-2.930426,70.0,25.0,90.0,41.582825,-7.1442394,-2.6370687,70.96154,25.379211,89.091644,0.50565
3.558333333333333,41.353928,-6.8018513,-2.930426,70.0,25.0,90.0,41.582825,-7.1442394,-2.6370687,70.96154,25.379211,89.091644,0.50565
3.5625,41.353928,-6.8018513,-2.930426,70.0,25.0,90.0,41.582825,-7.1442394,-2.6370687,70.96154,25.379211,89.091644,0.50565
3.566666666666667,41.353928,-6.8018513,-2.930426,70.0,25.0,90.0,41.582825,-7.1442394,-2.6370687,70.96154,25.379211,89.091644,0.50565
3.5708333333333333,41.353928,-6.8018513,-2.930426,70.0,25.0,90.0,41.582825,-7.1442394,-2.6370687,70.96154,25.379211,89.091644,0.50565
3.575,41.353928,-6.8018513,-2.930426,70.0,25.0,90.0,41.582825,-7.1442394,-2.6370687,70.96154,25.379211,89.091644,0.50565
3.5791666666666666,41.353928,-6.8018513,-2.930426,70.0,25.0,90.0,41.582825,-7.1442394,-2.6370687,70.96154,25.379211,89.091644,0.50565
3.5833333333333335,41.353928,-6.8018513,-2.930426,70.0,25.0,90.0,41.582825,-7.1442394,-2.6370687,70.96154,25.379211,89.091644,0.50565
3.5875,41.353928,-6.8018513,-2.930426,70.0,25.0,90.0,41.582825,-7.1442394,-2.6370687,70.96154,25.379211,89.091644,0.50565
3.591666666666667,41.353928,-6.8018513,-2.930426,70.0,25.0,90.0,41.582825,-7.1442394,-2.6370687,70.96154,25.379211,89.091644,0.50565
3.595833333333333,41.353928,-6.8018513,-2.930426,70.0,25.0,90.0,41.582825,-7.1442394,-2.6370687,70.96154,25.379211,89.091644,0.50565
3.6,41.353928,-6.8018513,-2.930426,70.0,25.0,90.0,41.582825,-7.1442394,-2.6370687,70.96154,25.379211,89.091644,0.50565
3.6041666666666665,41.353928,-6.8018513,-2.930426,70.0,25.0,90.0,41.582825,-7.1442394,-2.6370687,70.96154,25.379211,89.091644,0.50565
3.6083333333333334,41.353928,-6.8018513,-2.930426,70.0,25.0,90.0,41.582825,-7.1442394,-2.6370687,70.96154,25.379211,89.091644,0.50565
3.6125,41.353928,-6.8018513,-2.930426,70.0,25.0,90.0,41.582825,-7.1442394,-2.6370687,70.96154,25.379211,89.091644,0.50565
3.6166666666666667,41.353928,-6.8018513,-2.930426,70.0,25.0,90.0,41.582825,-7.1442394,-2.6370687,70.96154,25.379211,89.091644,0.50565
3.620833333333333,41.353928,-6.8018513,-2.930426,70.0,25.0,90.0,41.582825,-7.1442394,-2.6370687,70.96154,25.379211,89.091644,0.50565
3.625,41.353928,-6.8018513,-2.930426,70.0,25.0,90.0,41.582825,-7.1442394,-2.6370687,70.96154,25.379211,89.091644,0.50565
3.629166666666667,41.353928,-6.8018513,-2.930426,70.0,25.0,90.0,41.582825,-7.1442394,-2.6370687,70.96154,25.379211,89.091644,0.50565
3.6333333333333333,41.353928,-6.8018513,-2.930426,70.0,25.0,90.0,41.582825,-7.1442394,-2.6370687,70.96154,25.379211,89.091644,0.50565
3.6375,41.353928,-6.8018513,-2.930426,70.0,25.0,90.0,41.582825,-7.1442394,-2.6370687,70.96154,25.379211,89.091644,0.50565
3.6416666666666666,41.353928,-6.8018513,-2.930426,70.0,25.0,90.0,41.582825,-7.1442394,-2.6370687,70.96154,25.379211,89.091644,0.50565
3.6458333333333335,41.353928,-6.8018513,-2.930426,70.0,25.0,90.0,41.582825,-7.1442394,-2.6370687,70.96154,25.379211,89.091644,0.50565
3.65,41.353928,-6.8018513,-2.930426,70.0,25.0,90.0,41.582825,-7.1442394,-2.6370687,70.96154,25.379211,89.091644,0.50565
3.654166666666667,41.353928,-6.8018513,-2.930426,70.0,25.0,90.0,41.582825,-7.1442394,-2.6370687,70.96154,25.379211,89.091644,0.50565
3.658333333333333,41.353928,-6.8018513,-2.930426,70.0,25.0,90.0,41.582825,-7.1442394,-2.6370687,70.96154,25.379211,89.091644,0.50565
3.6625,41.353928,-6.8018513,-2.930426,70.0,25.0,90.0,41.582825,-7.1442394,-2.6370687,70.96154,25.379211,89.091644,0.50565
3.6666666666666665,41.353928,-6.8018513,-2.930426,70.0,25.0,90.0,41.582825,-7.1442394,-2.6370687,70.96154,25.379211,89.091644,0.50565
3.6708333333333334,41.353928,-6.8018513,-2.930426,70.0,25.0,90.0,41.582825,-7.1442394,-2.6370687,70.96154,25.379211,89.091644,0.50565
3.675,41.353928,-6.8018513,-2.930426,70.0,25.0,90.0,41.582825,-7.1442394,-2.6370687,70.96154,25.379211,89.091644,0.50565
3.6791666666666667,41.353928,-6.8018513,-2.930426,70.0,25.0,90.0,41.582825,-7.1442394,-2.6370687,70.96154,25.379211,89.091644,0.50565
3.683333333333333,41.353928,-6.8018513,-2.930426,70.0,25.0,90.0,41.58283,-7.1442385,-2.6370687,70.96154,25.379211,89.091644,0.5056511
3.6875,41.353928,-6.8018513,-2.930426,70.0,25.0,90.0,41.58283,-7.1442413,-2.637066,70.96154,25.379208,89.091644,0.5056547
3.691666666666667,41.353928,-6.8018513,-2.930426,70.0,25.0,90.0,41.58283,-7.1442385,-2.637066,70.96154,25.379211,89.091644,0.5056527
3.6958333333333333,41.353928,-6.8018513,-2.930426,70.0,25.0,90.0,41.582832,-7.1442394,-2.6370697,70.96154,25.379208,89.091644,0.5056529
3.7,41.353928,-6.8018513,-2.930426,70.0,25.0,90.0,41.582832,-7.1442394,-2.6370716,70.96154,25.379208,89.091644,0.50565183
3.7041666666666666,41.353928,-6.8018513,-2.930426,70.0,25.0,90.0,41.582832,-7.1442413,-2.6370678,70.96154,25.379208,89.091644,0.5056553
3.7083333333333335,41.353928,-6.8018513,-2.930426,70.0,25.0,90.0,41.582832,-7.1442394,-2.6370726,70.96154,25.379208,89.091644,0.50565124
3.7125,41.353928,-6.8018513,-2.930426,70.0,25.0,90.0,41.58283,-7.1442385,-2.6370726,70.96154,25.379208,89.09165,0.5056489
3.716666666666667,41.353928,-6.8018513,-2.930426,70.0,25.0,90.0,41.582832,-7.1442394,-2.6370754,70.96154,25.379211,89.091644,0.5056496
3.720833333333333,41.353928,-6.8018513,-2.930426,70.0,25.0,90.0,41.582832,-7.1442413,-2.6370716,70.96154,25.379208,89.09165,0.5056531
3.725,41.353928,-6.8018513,-2.930426,70.0,25.0,90.0,41.58283,-7.1442413,-2.6370716,70.96154,25.379211,89.09165,0.50565135
3.7291666666666665,41.353928,-6.8018513,-2.930426,70.0,25.0,90.0,41.582832,-7.1442385,-2.6370745,70.96153,25.379204,89.09165,0.5056495
3.7333333333333334,41.353928,-6.8018513,-2.930426,70.0,25.0,90.0,41.58283,-7.1442394,-2.6370726,70.96154,25.379208,89.09166,0.50564957
3.7375,41.353928,-6.8018513,-2.930426,70.0,25.0,90.0,41.58283,-7.1442394,-2.6370697,70.96154,25.379211,89.09166,0.5056512
3.7416666666666667,41.353928,-6.8018513,-2.930426,70.0,25.0,90.0,41.582825,-7.1442385,-2.6370716,70.96154,25.379204,89.09165,0.5056477
3.745833333333333,41.353928,-6.8018513,-2.930426,70.0,25.0,90.0,41.582832,-7.1442385,-2.6370726,70.96154,25.379204,89.09165,0.5056506
3.75,41.353928,-6.8018513,-2.930426,70.0,25.0,90.0,41.58283,-7.1442394,-2.6370726,70.96154,25.379208,89.09165,0.50564957
3.754166666666667,41.353928,-6.8018513,-2.930426,70.0,25.0,90.0,41.58283,-7.1442385,-2.6370745,70.96154,25.379208,89.09165,0.5056478
3.7583333333333333,41.353928,-6.8018513,-2.930426,70.0,25.0,90.0,41.582825,-7.1442413,-2.6370726,70.96154,25.379208,89.09165,0.5056491
3.7625,41.353928,-6.8018513,-2.930426,70.0,25.0,90.0,41.58283,-7.1442423,-2.6370687,70.96154,25.379204,89.09165,0.5056537
3.7666666666666666,41.353928,-6.8018513,-2.930426,70.0,25.0,90.0,41.582825,-7.1442413,-2.6370687,70.96154,25.379208,89.09165,0.5056513
3.7708333333333335,41.353928,-6.8018513,-2.930426,70.0,25.0,90.0,41.58283,-7.1442394,-2.6370697,70.96155,25.379211,89.09165,0.5056512
3.775,41.353928,-6.8018513,-2.930426,70.0,25.0,90.0,41.58283,-7.1442413,-2.6370697,70.96155,25.379211,89.09165,0.5056525
3.779166666666667,41.353928,-6.8018513,-2.930426,70.0,25.0,90.0,41.582832,-7.1442394,-2.6370678,70.96155,25.379208,89.09165,0.50565404
3.783333333333333,41.353928,-6.8018513,-2.930426,70.0,25.0,90.0,41.58283,-7.1442413,-2.6370687,70.96155,25.379211,89.09165,0.505653
3.7875,41.353928,-6.8018513,-2.930426,70.0,25.0,90.0,41.58283,-7.1442423,-2.6370697,70.96154,25.379211,89.09165,0.50565314
3.7916666666666665,41.353928,-6.8018513,-2.930426,70.0,25.0,90.0,41.582832,-7.1442423,-2.6370668,70.96154,25.379211,89.09165,0.5056565
3.7958333333333334,41.353928,-6.8018513,-2.930426,70.0,25.0,90.0,41.582832,-7.1442413,-2.6370726,70.96155,25.379208,89.09165,0.50565255
3.8,41.353928,-6.8018513,-2.930426,70.0,25.0,90.0,41.582832,-7.1442423,-2.6370697,70.96155,25.379211,89.09165,0.5056549
3.8041666666666667,41.353928,-6.8018513,-2.930426,70.0,25.0,90.0,41.58283,-7.144244,-2.6370716,70.96155,25.379211,89.09165,0.5056533
3.808333333333333,41.353928,-6.8018513,-2.930426,70.0,25.0,90.0,41.58283,-7.144244,-2.6370687,70.96155,25.379211,89.09165,0.50565493
3.8125,41.353928,-6.8018513,-2.930426,70.0,25.0,90.0,41.582832,-7.1442413,-2.6370726,70.96155,25.379211,89.09165,0.50565255
3.816666666666667,41.353928,-6.8018513,-2.930426,70.0,25.0,90.0,41.58283,-7.1442423,-2.6370726,70.96155,25.379211,89.09165,0.5056515
3.8208333333333333,41.353928,-6.8018513,-2.930426,70.0,25.0,90.0,41.582832,-7.1442413,-2.6370697,70.96155,25.379211,89.09165,0.5056542
3.825,41.353928,-6.8018513,-2.930426,70.0,25.0,90.0,41.58283,-7.1442413,-2.6370697,70.96154,25.379211,89.091644,0.5056525
3.8291666666666666,41.353928,-6.8018513,-2.930426,70.0,25.0,90.0,41.582832,-7.1442423,-2.6370687,70.96155,25.379211,89.09165,0.5056554
3.8333333333333335,41.353928,-6.8018513,-2.930426,70.0,25.0,90.0,41.582832,-7.1442423,-2.6370678,70.96155,25.379208,89.09165,0.50565594
3.8375,41.353928,-6.8018513,-2.930426,70.0,25.0,90.0,41.582832,-7.1442394,-2.6370668,70.96155,25.379208,89.09165,0.5056546
3.841666666666667,41.353928,-6.8018513,-2.930426,70.0,25.0,90.0,41.58283,-7.1442413,-2.6370678,70.96155,25.379215,89.091644,0.50565356
3.845833333333333,41.353928,-6.8018513,-2.930426,70.0,25.0,90.0,41.582832,-7.1442423,-2.6370668,70.96155,25.379211,89.091644,0.5056565
3.85,41.353928,-6.8018513,-2.930426,70.0,25.0,90.0,41.58283,-7.144245,-2.6370697,70.96155,25.379211,89.091644,0.50565505
3.8541666666666665,41.353928,-6.8018513,-2.930426,70.0,25.0,90.0,41.58283,-7.1442423,-2.6370678,70.96155,25.379208,89.091644,0.5056542
3.8583333333333334,41.353928,-6.8018513,-2.930426,70.0,25.0,90.0,41.58283,-7.1442413,-2.6370678,70.96155,25.379211,89.091644,0.50565356
3.8625,41.353928,-6.8018513,-2.930426,70.0,25.0,90.0,41.582832,-7.1442394,-2.6370687,70.96154,25.379211,89.091644,0.5056535
3.8666666666666667,41.353928,-6.8018513,-2.930426,70.0,25.0,90.0,41.58283,-7.1442394,-2.6370687,70.96154,25.379211,89.091644,0.5056518
3.870833333333333,41.353928,-6.8018513,-2.930426,70.0,25.0,90.0,41.58283,-7.1442413,-2.6370716,70.96154,25.379215,89.091644,0.50565135
3.875,41.353928,-6.8018513,-2.930426,70.0,25.0,90.0,41.58283,-7.1442385,-2.6370668,70.96154,25.379211,89.091644,0.5056522
3.879166666666667,41.353928,-6.8018513,-2.930426,70.0,25.0,90.0,41.582832,-7.1442394,-2.6370678,70.96154,25.379211,89.09164,0.50565404
3.8833333333333333,41.353928,-6.8018513,-2.930426,70.0,25.0,90.0,41.582832,-7.1442394,-2.6370678,70.96154,25.379211,89.091644,0.50565404
3.8875,41.353928,-6.8018513,-2.930426,70.0,25.0,90.0,41.58283,-7.1442366,-2.6370678,70.96154,25.379211,89.09164,0.50565034
3.8916666666666666,41.353928,-6.8018513,-2.930426,70.0,25.0,90.0,41.582832,-7.1442413,-2.6370697,70.96154,25.379208,89.09164,0.5056542
3.8958333333333335,41.353928,-6.8018513,-2.930426,70.0,25.0,90.0,41.58283,-7.1442394,-2.6370716,70.96154,25.379208,89.091644,0.5056501
3.9,41.353928,-6.8018513,-2.930426,70.0,25.0,90.0,41.58283,-7.1442423,-2.6370678,70.96155,25.379208,89.091644,0.5056542
3.904166666666667,41.353928,-6.8018513,-2.930426,70.0,25.0,90.0,41.58283,-7.1442394,-2.6370668,70.96154,25.379208,89.09164,0.50565284
3.908333333333333,41.353928,-6.8018513,-2.930426,70.0,25.0,90.0,41.582832,-7.1442385,-2.6370697,70.96154,25.379208,89.09164,0.50565225
3.9125,41.353928,-6.8018513,-2.930426,70.0,25.0,90.0,41.58283,-7.1442394,-2.6370697,70.96154,25.379211,89.09164,0.5056512
3.9166666666666665,41.353928,-6.8018513,-2.930426,70.0,25.0,90.0,41.58283,-7.1442385,-2.6370687,70.96153,25.379208,89.09164,0.5056511
3.9208333333333334,41.353928,-6.8018513,-2.930426,70.0,25.0,90.0,41.58283,-7.1442394,-2.6370687,70.96154,25.379204,89.09164,0.5056518
3.925,41.353928,-6.8018513,-2.930426,70.0,25.0,90.0,41.58283,-7.1442394,-2.6370687,70.96153,25.379204,89.09164,0.5056518
3.9291666666666667,41.353928,-6.8018513,-2.930426,70.0,25.0,90.0,41.58283,-7.1442394,-2.6370687,70.96153,25.379204,89.09164,0.5056518
3.933333333333333,41.353928,-6.8018513,-2.930426,70.0,25.0,90.0,41.58283,-7.1442394,-2.6370687,70.96153,25.379204,89.09164,0.5056518
3.9375,41.353928,-6.8018513,-2.930426,70.0,25.0,90.0,41.58283,-7.1442394,-2.6370687,70.96153,25.379204,89.09164,0.5056518
3.941666666666667,41.353928,-6.8018513,-2.930426,70.0,25.0,90.0,41.58283,-7.1442394,-2.6370687,70.96153,25.379204,89.09164,0.5056518
3.9458333333333333,41.353928,-6.8018513,-2.930426,70.0,25.0,90.0,41.58283,-7.1442394,-2.6370687,70.96153,25.379204,89.09164,0.5056518
3.95,41.353928,-6.8018513,-2.930426,70.0,25.0,90.0,41.58283,-7.1442394,-2.6370687,70.96153,25.379204,89.09164,0.5056518
3.9541666666666666,41.353928,-6.8018513,-2.930426,70.0,25.0,90.0,41.58283,-7.1442394,-2.6370687,70.96153,25.379204,89.09164,0.5056518
3.9583333333333335,41.353928,-6.8018513,-2.930426,70.0,25.0,90.0,41.58283,-7.1442394,-2.6370687,70.96153,25.379204,89.09164,0.5056518
3.9625,41.353928,-6.8018513,-2.930426,70.0,25.0,90.0,41.58283,-7.1442394,-2.6370687,70.96153,25.379204,89.09164,0.5056518
3.966666666666667,41.353928,-6.8018513,-2.930426,70.0,25.0,90.0,41.58283,-7.1442394,-2.6370687,70.96153,25.379204,89.09164,0.5056518
3.970833333333333,41.353928,-6.8018513,-2.930426,70.0,25.0,90.0,41.58283,-7.1442394,-2.6370687,70.96153,25.379204,89.09164,0.5056518
3.975,41.353928,-6.8018513,-2.930426,70.0,25.0,90.0,41.58283,-7.1442394,-2.6370687,70.96153,25.379204,89.09164,0.5056518
3.9791666666666665,41.353928,-6.8018513,-2.930426,70.0,25.0,90.0,41.58283,-7.1442394,-2.6370687,70.96153,25.379204,89.09164,0.5056518
3.9833333333333334,41.353928,-6.8018513,-2.930426,70.0,25.0,90.0,41.58283,-7.1442394,-2.6370687,70.96153,25.379204,89.09164,0.5056518
3.9875,41.353928,-6.8018513,-2.930426,70.0,25.0,90.0,41.58283,-7.1442394,-2.6370687,70.96153,25.379204,89.09164,0.5056518
3.9916666666666667,41.353928,-6.8018513,-2.930426,70.0,25.0,90.0,41.58283,-7.1442394,-2.6370687,70.96153,25.379204,89.09164,0.5056518
3.995833333333333,41.353928,-6.8018513,-2.930426,70.0,25.0,90.0,41.58283,-7.1442394,-2.6370687,70.96153,25.379204,89.09164,0.5056518
4.0,41.353928,-6.8018513,-2.930426,70.0,25.0,90.0,41.58283,-7.1442394,-2.6370687,70.96153,25.379204,89.09164,0.5056518
4.004166666666666,41.353928,-6.8018513,-2.930426,70.0,25.0,90.0,41.58283,-7.1442394,-2.6370687,70.96153,25.379204,89.09164,0.5056518
4.008333333333334,41.353928,-6.8018513,-2.930426,70.0,25.0,90.0,41.58283,-7.1442394,-2.6370687,70.96153,25.379204,89.09164,0.5056518
4.0125,41.353928,-6.8018513,-2.930426,70.0,25.0,90.0,41.58283,-7.1442394,-2.6370687,70.96153,25.379204,89.09164,0.5056518
4.016666666666667,41.353928,-6.8018513,-2.930426,70.0,25.0,90.0,41.58283,-7.1442394,-2.6370687,70.96153,25.379204,89.09164,0.5056518
4.020833333333333,41.353928,-6.8018513,-2.930426,70.0,25.0,90.0,41.58283,-7.1442394,-2.6370687,70.96153,25.379204,89.09164,0.5056518
4.025,41.353928,-6.8018513,-2.930426,70.0,25.0,90.0,41.58283,-7.1442394,-2.6370687,70.96153,25.379204,89.09164,0.5056518
4.029166666666667,41.353928,-6.8018513,-2.930426,70.0,25.0,90.0,41.58283,-7.1442394,-2.6370687,70.96153,25.379204,89.09164,0.5056518
4.033333333333333,41.353928,-6.8018513,-2.930426,70.0,25.0,90.0,41.58283,-7.1442394,-2.6370687,70.96153,25.379204,89.09164,0.5056518
4.0375,41.353928,-6.8018513,-2.930426,70.0,25.0,90.0,41.58283,-7.1442394,-2.6370687,70.96153,25.379204,89.09164,0.5056518
4.041666666666667,41.353928,-6.8018513,-2.930426,70.0,25.0,90.0,41.58283,-7.1442394,-2.6370687,70.96153,25.379204,89.09164,0.5056518
4.045833333333333,41.353928,-6.8018513,-2.930426,70.0,25.0,90.0,41.58283,-7.1442394,-2.6370687,70.96153,25.379204,89.09164,0.5056518
4.05,41.353928,-6.8018513,-2.930426,70.0,25.0,90.0,41.58283,-7.1442394,-2.6370687,70.96153,25.379204,89.09164,0.5056518
4.054166666666666,41.353928,-6.8018513,-2.930426,70.0,25.0,90.0,41.58283,-7.1442394,-2.6370687,70.96153,25.379204,89.09164,0.5056518
4.058333333333334,41.353928,-6.8018513,-2.930426,70.0,25.0,90.0,41.58283,-7.1442394,-2.6370687,70.96153,25.379204,89.09164,0.5056518
4.0625,41.353928,-6.8018513,-2.930426,70.0,25.0,90.0,41.58283,-7.1442394,-2.6370687,70.96153,25.379204,89.09164,0.5056518
4.066666666666666,41.353928,-6.8018513,-2.930426,70.0,25.0,90.0,41.58283,-7.1442394,-2.6370687,70.96153,25.379204,89.09164,0.5056518
4.070833333333334,41.353928,-6.8018513,-2.930426,70.0,25.0,90.0,41.58283,-7.1442394,-2.6370687,70.96153,25.379204,89.09164,0.5056518
4.075,41.353928,-6.8018513,-2.930426,70.0,25.0,90.0,41.58283,-7.1442394,-2.6370697,70.96153,25.379204,89.09164,0.5056512
4.079166666666667,41.353928,-6.8018513,-2.930426,70.0,25.0,90.0,41.58283,-7.1442385,-2.6370687,70.96154,25.379208,89.09164,0.5056511
4.083333333333333,41.353928,-6.8018513,-2.930426,70.0,25.0,90.0,41.58283,-7.1442413,-2.6370687,70.96153,25.379204,89.091644,0.505653
4.0875,41.353928,-6.8018513,-2.930426,70.0,25.0,90.0,41.582832,-7.1442394,-2.6370678,70.96154,25.379208,89.091644,0.50565404
4.091666666666667,41.353928,-6.8018513,-2.930426,70.0,25.0,90.0,41.582832,-7.1442385,-2.6370668,70.96154,25.379204,89.091644,0.5056539
4.095833333333333,41.353928,-6.8018513,-2.930426,70.0,25.0,90.0,41.582832,-7.1442366,-2.6370678,70.96154,25.379204,89.091644,0.50565207
4.1,41.353928,-6.8018513,-2.930426,70.0,25.0,90.0,41.582832,-7.1442385,-2.6370735,70.96154,25.379204,89.091644,0.50565004
4.104166666666667,41.353928,-6.8018513,-2.930426,70.0,25.0,90.0,41.582832,-7.1442394,-2.6370687,70.96154,25.379208,89.091644,0.5056535
4.108333333333333,41.353928,-6.8018513,-2.930426,70.0,25.0,90.0,41.58283,-7.1442394,-2.6370716,70.96154,25.379208,89.091644,0.5056501
4.1125,41.353928,-6.8018513,-2.930426,70.0,25.0,90.0,41.582832,-7.1442385,-2.6370726,70.96154,25.379208,89.091644,0.5056506
4.116666666666666,41.353928,-6.8018513,-2.930426,70.0,25.0,90.0,41.58283,-7.1442413,-2.6370726,70.96154,25.379204,89.09165,0.5056508
4.120833333333334,41.353928,-6.8018513,-2.930426,70.0,25.0,90.0,41.58283,-7.1442413,-2.6370764,70.96154,25.379211,89.09165,0.5056486
4.125,41.353928,-6.8018513,-2.930426,70.0,25.0,90.0,41.58283,-7.1442413,-2.6370726,70.96154,25.379208,89.09166,0.5056508
4.129166666666666,41.353928,-6.8018513,-2.930426,70.0,25.0,90.0,41.582825,-7.1442413,-2.6370735,70.96154,25.379208,89.09165,0.50564855
4.133333333333334,41.353928,-6.8018513,-2.930426,70.0,25.0,90.0,41.582825,-7.1442394,-2.6370735,70.96154,25.379208,89.09166,0.50564724
4.1375,41.353928,-6.8018513,-2.930426,70.0,25.0,90.0,41.58283,-7.1442385,-2.6370697,70.96154,25.379208,89.09165,0.5056505
4.141666666666667,41.353928,-6.8018513,-2.930426,70.0,25.0,90.0,41.582825,-7.1442413,-2.6370678,70.96155,25.379208,89.09165,0.5056519
4.145833333333333,41.353928,-6.8018513,-2.930426,70.0,25.0,90.0,41.582832,-7.1442394,-2.6370716,70.96155,25.379211,89.09165,0.50565183
4.15,41.353928,-6.8018513,-2.930426,70.0,25.0,90.0,41.58283,-7.1442385,-2.6370726,70.96154,25.379208,89.09165,0.5056489
4.154166666666667,41.353928,-6.8018513,-2.930426,70.0,25.0,90.0,41.58283,-7.1442385,-2.6370716,70.96155,25.379211,89.09165,0.50564945
4.158333333333333,41.353928,-6.8018513,-2.930426,70.0,25.0,90.0,41.58283,-7.1442394,-2.6370687,70.96154,25.379211,89.09165,0.5056518
4.1625,41.353928,-6.8018513,-2.930426,70.0,25.0,90.0,41.58283,-7.1442413,-2.6370678,70.96155,25.379211,89.09165,0.50565356
4.166666666666667,41.353928,-6.8018513,-2.930426,70.0,25.0,90.0,41.58283,-7.1442394,-2.6370697,70.96155,25.379211,89.09165,0.5056512
4.170833333333333,41.353928,-6.8018513,-2.930426,70.0,25.0,90.0,41.58283,-7.1442413,-2.6370697,70.96155,25.379211,89.09165,0.5056525
4.175,41.353928,-6.8018513,-2.930426,70.0,25.0,90.0,41.582832,-7.1442413,-2.6370697,70.96155,25.379211,89.09165,0.5056542
4.179166666666666,41.353928,-6.8018513,-2.930426,70.0,25.0,90.0,41.58283,-7.1442423,-2.6370716,70.96155,25.379211,89.09165,0.505652
4.183333333333334,41.353928,-6.8018513,-2.930426,70.0,25.0,90.0,41.58283,-7.1442413,-2.6370716,70.96155,25.379211,89.09165,0.50565135
4.1875,41.353928,-6.8018513,-2.930426,70.0,25.0,90.0,41.582832,-7.1442413,-2.6370678,70.96155,25.379211,89.09165,0.5056553
4.191666666666666,41.353928,-6.8018513,-2.930426,70.0,25.0,90.0,41.582832,-7.1442394,-2.6370687,70.96155,25.379211,89.09165,0.5056535
4.195833333333334,41.353928,-6.8018513,-2.930426,70.0,25.0,90.0,41.58283,-7.1442413,-2.6370726,70.96155,25.379211,89.09165,0.5056508
4.2,41.353928,-6.8018513,-2.930426,70.0,25.0,90.0,41.58283,-7.1442413,-2.6370716,70.96154,25.379211,89.09165,0.50565135
4.204166666666667,41.353928,-6.8018513,-2.930426,70.0,25.0,90.0,41.58283,-7.1442413,-2.6370697,70.96155,25.379211,89.09165,0.5056525
4.208333333333333,41.353928,-6.8018513,-2.930426,70.0,25.0,90.0,41.58283,-7.1442423,-2.6370697,70.96155,25.379211,89.09165,0.50565314
4.2125,41.353928,-6.8018513,-2.930426,70.0,25.0,90.0,41.58283,-7.1442413,-2.6370697,70.96155,25.379211,89.09165,0.5056525
4.216666666666667,41.353928,-6.8018513,-2.930426,70.0,25.0,90.0,41.58283,-7.1442394,-2.6370678,70.96155,25.379211,89.09165,0.5056523
4.220833333333333,41.353928,-6.8018513,-2.930426,70.0,25.0,90.0,41.582832,-7.1442423,-2.6370668,70.96155,25.379211,89.09165,0.5056565
4.225,41.353928,-6.8018513,-2.930426,70.0,25.0,90.0,41.582832,-7.1442413,-2.6370668,70.96154,25.379211,89.09165,0.5056558
4.229166666666667,41.353928,-6.8018513,-2.930426,70.0,25.0,90.0,41.582832,-7.1442394,-2.6370678,70.96155,25.379211,89.09165,0.50565404
4.233333333333333,41.353928,-6.8018513,-2.930426,70.0,25.0,90.0,41.582832,-7.1442423,-2.6370687,70.96155,25.379211,89.091644,0.5056554
4.2375,41.353928,-6.8018513,-2.930426,70.0,25.0,90.0,41.582832,-7.1442413,-2.6370678,70.96155,25.379211,89.091644,0.5056553
4.241666666666666,41.353928,-6.8018513,-2.930426,70.0,25.0,90.0,41.58283,-7.1442413,-2.6370697,70.96155,25.379215,89.091644,0.5056525
4.245833333333334,41.353928,-6.8018513,-2.930426,70.0,25.0,90.0,41.582832,-7.1442423,-2.6370687,70.96155,25.379211,89.091644,0.5056554
4.25,41.353928,-6.8018513,-2.930426,70.0,25.0,90.0,41.582832,-7.1442394,-2.6370668,70.96155,25.379215,89.091644,0.5056546
4.254166666666666,41.353928,-6.8018513,-2.930426,70.0,25.0,90.0,41.582832,-7.1442394,-2.6370668,70.96154,25.379211,89.09164,0.5056546
4.258333333333334,41.353928,-6.8018513,-2.930426,70.0,25.0,90.0,41.58283,-7.1442394,-2.637066,70.96154,25.379211,89.091644,0.5056534
4.2625,41.353928,-6.8018513,-2.930426,70.0,25.0,90.0,41.582825,-7.1442394,-2.6370687,70.96154,25.379215,89.091644,0.50565
4.266666666666667,41.353928,-6.8018513,-2.930426,70.0,25.0,90.0,41.58283,-7.1442423,-2.6370668,70.96154,25.379215,89.091644,0.5056548
4.270833333333333,41.353928,-6.8018513,-2.930426,70.0,25.0,90.0,41.582832,-7.1442413,-2.6370687,70.96154,25.379208,89.091644,0.50565475
4.275,41.353928,-6.8018513,-2.930426,70.0,25.0,90.0,41.582832,-7.1442385,-2.6370668,70.96154,25.379208,89.09164,0.5056539
4.279166666666667,41.353928,-6.8018513,-2.930426,70.0,25.0,90.0,41.582832,-7.1442394,-2.6370668,70.96154,25.379204,89.091644,0.5056546
4.283333333333333,41.353928,-6.8018513,-2.930426,70.0,25.0,90.0,41.582832,-7.1442394,-2.6370687,70.96154,25.379208,89.091644,0.5056535
4.2875,41.353928,-6.8018513,-2.930426,70.0,25.0,90.0,41.58283,-7.1442413,-2.637066,70.96154,25.379211,89.091644,0.5056547
4.291666666666667,41.353928,-6.8018513,-2.930426,70.0,25.0,90.0,41.582832,-7.1442394,-2.637065,70.96154,25.379208,89.091644,0.50565565
4.295833333333333,41.353928,-6.8018513,-2.930426,70.0,25.0,90.0,41.582832,-7.1442385,-2.6370678,70.96154,25.379204,89.091644,0.5056534
4.3,41.353928,-6.8018513,-2.930426,70.0,25.0,90.0,41.582832,-7.1442394,-2.6370678,70.96154,25.379208,89.091644,0.50565404
4.304166666666666,41.353928,-6.8018513,-2.930426,70.0,25.0,90.0,41.582832,-7.1442385,-2.6370678,70.96153,25.379211,89.091644,0.5056534
4.308333333333334,41.353928,-6.8018513,-2.930426,70.0,25.0,90.0,41.582832,-7.1442366,-2.6370678,70.96154,25.379211,89.091644,0.50565207
4.3125,41.353928,-6.8018513,-2.930426,70.0,25.0,90.0,41.582832,-7.1442366,-2.6370687,70.96154,25.379208,89.091644,0.50565153
4.316666666666666,41.353928,-6.8018513,-2.930426,70.0,25.0,90.0,41.582832,-7.1442394,-2.6370678,70.96153,25.379208,89.091644,0.50565404
4.320833333333334,41.353928,-6.8018513,-2.930426,70.0,25.0,90.0,41.582832,-7.1442394,-2.6370678,70.96153,25.379208,89.091644,0.50565404
4.325,41.353928,-6.8018513,-2.930426,70.0,25.0,90.0,41.582832,-7.1442394,-2.6370678,70.96153,25.379208,89.091644,0.50565404
4.329166666666667,41.353928,-6.8018513,-2.930426,70.0,25.0,90.0,41.582832,-7.1442394,-2.6370678,70.96153,25.379208,89.091644,0.50565404
4.333333333333333,41.353928,-6.8018513,-2.930426,70.0,25.0,90.0,41.582832,-7.1442394,-2.6370678,70.96153,25.379208,89.091644,0.50565404
4.3375,41.353928,-6.8018513,-2.930426,70.0,25.0,90.0,41.582832,-7.1442394,-2.6370678,70.96153,25.379208,89.091644,0.50565404
4.341666666666667,41.353928,-6.8018513,-2.930426,70.0,25.0,90.0,41.582832,-7.1442394,-2.6370678,70.96153,25.379208,89.091644,0.50565404
4.345833333333333,41.353928,-6.8018513,-2.930426,70.0,25.0,90.0,41.582832,-7.1442394,-2.6370678,70.96153,25.379208,89.091644,0.50565404
4.35,41.353928,-6.8018513,-2.930426,70.0,25.0,90.0,41.582832,-7.1442394,-2.6370678,70.96153,25.379208,89.091644,0.50565404
4.354166666666667,41.353928,-6.8018513,-2.930426,70.0,25.0,90.0,41.582832,-7.1442394,-2.6370678,70.96153,25.379208,89.091644,0.50565404
4.358333333333333,41.353928,-6.8018513,-2.930426,70.0,25.0,90.0,41.582832,-7.1442394,-2.6370678,70.96153,25.379208,89.091644,0.50565404
4.3625,41.353928,-6.8018513,-2.930426,70.0,25.0,90.0,41.582832,-7.1442394,-2.6370678,70.96153,25.379208,89.091644,0.50565404
4.366666666666666,41.353928,-6.8018513,-2.930426,70.0,25.0,90.0,41.582832,-7.1442394,-2.6370678,70.96153,25.379208,89.091644,0.50565404
4.370833333333334,41.353928,-6.8018513,-2.930426,70.0,25.0,90.0,41.582832,-7.1442394,-2.6370678,70.96153,25.379208,89.091644,0.50565404
4.375,41.353928,-6.8018513,-2.930426,70.0,25.0,90.0,41.582832,-7.1442394,-2.6370678,70.96153,25.379208,89.091644,0.50565404
4.379166666666666,41.353928,-6.8018513,-2.930426,70.0,25.0,90.0,41.582832,-7.1442394,-2.6370678,70.96153,25.379208,89.091644,0.50565404
4.383333333333334,41.353928,-6.8018513,-2.930426,70.0,25.0,90.0,41.582832,-7.1442394,-2.6370678,70.96153,25.379208,89.091644,0.50565404
4.3875,41.353928,-6.8018513,-2.930426,70.0,25.0,90.0,41.582832,-7.1442394,-2.6370678,70.96153,25.379208,89.091644,0.50565404
4.391666666666667,41.353928,-6.8018513,-2.930426,70.0,25.0,90.0,41.582832,-7.1442394,-2.6370678,70.96153,25.379208,89.091644,0.50565404
4.395833333333333,41.353928,-6.8018513,-2.930426,70.0,25.0,90.0,41.582832,-7.1442394,-2.6370678,70.96153,25.379208,89.091644,0.50565404
4.4,41.353928,-6.8018513,-2.930426,70.0,25.0,90.0,41.582832,-7.1442394,-2.6370678,70.96153,25.379208,89.091644,0.50565404
4.404166666666667,41.353928,-6.8018513,-2.930426,70.0,25.0,90.0,41.582832,-7.1442394,-2.6370678,70.96153,25.379208,89.091644,0.50565404
4.408333333333333,41.353928,-6.8018513,-2.930426,70.0,25.0,90.0,41.582832,-7.1442394,-2.6370678,70.96153,25.379208,89.091644,0.50565404
4.4125,41.353928,-6.8018513,-2.930426,70.0,25.0,90.0,41.582832,-7.1442394,-2.6370678,70.96153,25.379208,89.091644,0.50565404
4.416666666666667,41.353928,-6.8018513,-2.930426,70.0,25.0,90.0,41.582832,-7.1442394,-2.6370678,70.96153,25.379208,89.091644,0.50565404
4.420833333333333,41.353928,-6.8018513,-2.930426,70.0,25.0,90.0,41.582832,-7.1442394,-2.6370678,70.96153,25.379208,89.091644,0.50565404
4.425,41.353928,-6.8018513,-2.930426,70.0,25.0,90.0,41.582832,-7.1442394,-2.6370678,70.96153,25.379208,89.091644,0.50565404
4.429166666666666,41.353928,-6.8018513,-2.930426,70.0,25.0,90.0,41.582832,-7.1442394,-2.6370678,70.96153,25.379208,89.091644,0.50565404
4.433333333333334,41.353928,-6.8018513,-2.930426,70.0,25.0,90.0,41.582832,-7.1442394,-2.6370678,70.96153,25.379208,89.091644,0.50565404
4.4375,41.353928,-6.8018513,-2.930426,70.0,25.0,90.0,41.582832,-7.1442394,-2.6370678,70.96153,25.379208,89.091644,0.50565404
4.441666666666666,41.353928,-6.8018513,-2.930426,70.0,25.0,90.0,41.582832,-7.1442394,-2.6370678,70.96153,25.379208,89.091644,0.50565404
4.445833333333334,41.353928,-6.8018513,-2.930426,70.0,25.0,90.0,41.582832,-7.1442394,-2.6370678,70.96153,25.379208,89.091644,0.50565404
4.45,41.353928,-6.8018513,-2.930426,70.0,25.0,90.0,41.582832,-7.1442394,-2.6370678,70.96153,25.379208,89.091644,0.50565404
4.454166666666667,41.353928,-6.8018513,-2.930426,70.0,25.0,90.0,41.582832,-7.1442394,-2.6370678,70.96153,25.379208,89.091644,0.50565404
4.458333333333333,41.353928,-6.8018513,-2.930426,70.0,25.0,90.0,41.582832,-7.1442394,-2.6370678,70.96153,25.379208,89.091644,0.50565404
4.4625,41.353928,-6.8018513,-2.930426,70.0,25.0,90.0,41.582832,-7.1442394,-2.6370678,70.96153,25.379208,89.091644,0.50565404
4.466666666666667,41.353928,-6.8018513,-2.930426,70.0,25.0,90.0,41.582832,-7.1442394,-2.6370697,70.96154,25.379208,89.091644,0.5056529
4.470833333333333,41.353928,-6.8018513,-2.930426,70.0,25.0,90.0,41.582832,-7.1442385,-2.6370697,70.96154,25.379204,89.091644,0.50565225
4.475,41.353928,-6.8018513,-2.930426,70.0,25.0,90.0,41.58283,-7.1442385,-2.6370697,70.96153,25.379208,89.091644,0.5056505
4.479166666666667,41.353928,-6.8018513,-2.930426,70.0,25.0,90.0,41.58283,-7.1442394,-2.6370678,70.96153,25.379208,89.091644,0.5056523
4.483333333333333,41.353928,-6.8018513,-2.930426,70.0,25.0,90.0,41.582832,-7.1442385,-2.6370726,70.96154,25.379204,89.091644,0.5056506
4.4875,41.353928,-6.8018513,-2.930426,70.0,25.0,90.0,41.582832,-7.1442385,-2.6370726,70.96153,25.379208,89.091644,0.5056506
4.491666666666666,41.353928,-6.8018513,-2.930426,70.0,25.0,90.0,41.582832,-7.1442394,-2.6370764,70.96153,25.379208,89.091644,0.50564903
4.495833333333334,41.353928,-6.8018513,-2.930426,70.0,25.0,90.0,41.582832,-7.1442366,-2.6370726,70.96154,25.379204,89.091644,0.5056493
4.5,41.353928,-6.8018513,-2.930426,70.0,25.0,90.0,41.58283,-7.1442366,-2.6370716,70.96154,25.379208,89.09165,0.50564814
4.504166666666666,41.353928,-6.8018513,-2.930426,70.0,25.0,90.0,41.582832,-7.1442385,-2.6370687,70.96154,25.379204,89.09165,0.50565284
4.508333333333334,41.353928,-6.8018513,-2.930426,70.0,25.0,90.0,41.58283,-7.1442394,-2.6370726,70.96154,25.379204,89.09165,0.50564957
4.5125,41.353928,-6.8018513,-2.930426,70.0,25.0,90.0,41.58283,-7.1442413,-2.6370745,70.96154,25.379204,89.09165,0.5056497
4.516666666666667,41.353928,-6.8018513,-2.930426,70.0,25.0,90.0,41.582832,-7.1442394,-2.6370726,70.96154,25.379204,89.09166,0.50565124
4.520833333333333,41.353928,-6.8018513,-2.930426,70.0,25.0,90.0,41.582825,-7.1442394,-2.6370726,70.96154,25.379204,89.09165,0.5056478
4.525,41.353928,-6.8018513,-2.930426,70.0,25.0,90.0,41.582832,-7.1442385,-2.6370716,70.96154,25.3792,89.09165,0.5056512
4.529166666666667,41.353928,-6.8018513,-2.930426,70.0,25.0,90.0,41.58283,-7.1442385,-2.6370716,70.96154,25.379204,89.09165,0.50564945
4.533333333333333,41.353928,-6.8018513,-2.930426,70.0,25.0,90.0,41.58283,-7.1442385,-2.6370678,70.96154,25.379204,89.09166,0.50565165
4.5375,41.353928,-6.8018513,-2.930426,70.0,25.0,90.0,41.582832,-7.1442366,-2.6370697,70.96155,25.379211,89.09165,0.505651
4.541666666666667,41.353928,-6.8018513,-2.930426,70.0,25.0,90.0,41.58283,-7.1442394,-2.6370735,70.96155,25.379211,89.09165,0.505649
4.545833333333333,41.353928,-6.8018513,-2.930426,70.0,25.0,90.0,41.582825,-7.1442385,-2.6370716,70.96155,25.379211,89.09165,0.5056477
4.55,41.353928,-6.8018513,-2.930426,70.0,25.0,90.0,41.58283,-7.1442394,-2.6370697,70.96155,25.379211,89.09165,0.5056512
4.554166666666666,41.353928,-6.8018513,-2.930426,70.0,25.0,90.0,41.582832,-7.1442394,-2.6370668,70.96154,25.379211,89.09165,0.5056546
4.558333333333334,41.353928,-6.8018513,-2.930426,70.0,25.0,90.0,41.58283,-7.1442413,-2.6370726,70.96155,25.379215,89.09165,0.5056508
4.5625,41.353928,-6.8018513,-2.930426,70.0,25.0,90.0,41.58283,-7.1442413,-2.6370697,70.96155,25.379211,89.09165,0.5056525
4.566666666666666,41.353928,-6.8018513,-2.930426,70.0,25.0,90.0,41.58283,-7.1442413,-2.6370716,70.96155,25.379211,89.09165,0.50565135
4.570833333333334,41.353928,-6.8018513,-2.930426,70.0,25.0,90.0,41.58283,-7.1442394,-2.6370697,70.96155,25.379215,89.09165,0.5056512
4.575,41.353928,-6.8018513,-2.930426,70.0,25.0,90.0,41.58283,-7.1442394,-2.6370697,70.96155,25.379211,89.09165,0.5056512
4.579166666666667,41.353928,-6.8018513,-2.930426,70.0,25.0,90.0,41.58283,-7.1442413,-2.6370697,70.96155,25.379215,89.09165,0.5056525
4.583333333333333,41.353928,-6.8018513,-2.930426,70.0,25.0,90.0,41.58283,-7.1442413,-2.6370697,70.96155,25.379215,89.09165,0.5056525
4.5875,41.353928,-6.8018513,-2.930426,70.0,25.0,90.0,41.58283,-7.1442413,-2.6370697,70.96155,25.379215,89.09165,0.5056525
4.591666666666667,41.353928,-6.8018513,-2.930426,70.0,25.0,90.0,41.58283,-7.1442413,-2.6370697,70.96155,25.379215,89.09165,0.5056525
4.595833333333333,41.353928,-6.8018513,-2.930426,70.0,25.0,90.0,41.58283,-7.1442413,-2.6370716,70.96155,25.379211,89.09165,0.50565135
4.6,41.353928,-6.8018513,-2.930426,70.0,25.0,90.0,41.58283,-7.1442423,-2.6370726,70.96155,25.379215,89.09165,0.5056515
4.604166666666667,41.353928,-6.8018513,-2.930426,70.0,25.0,90.0,41.582832,-7.1442413,-2.6370697,70.96155,25.379215,89.09165,0.5056542
4.608333333333333,41.353928,-6.8018513,-2.930426,70.0,25.0,90.0,41.58283,-7.1442413,-2.6370697,70.96155,25.379215,89.09165,0.5056525
4.6125,41.353928,-6.8018513,-2.930426,70.0,25.0,90.0,41.58283,-7.1442394,-2.6370678,70.96155,25.379215,89.09165,0.5056523
4.616666666666666,41.353928,-6.8018513,-2.930426,70.0,25.0,90.0,41.58283,-7.1442423,-2.6370668,70.96155,25.379211,89.09165,0.5056548
4.620833333333334,41.353928,-6.8018513,-2.930426,70.0,25.0,90.0,41.582832,-7.1442413,-2.6370668,70.96155,25.379211,89.09165,0.5056558
4.625,41.353928,-6.8018513,-2.930426,70.0,25.0,90.0,41.582832,-7.1442423,-2.6370678,70.96154,25.379211,89.091644,0.50565594
4.629166666666666,41.353928,-6.8018513,-2.930426,70.0,25.0,90.0,41.58283,-7.1442423,-2.637066,70.96154,25.379211,89.091644,0.50565535
4.633333333333334,41.353928,-6.8018513,-2.930426,70.0,25.0,90.0,41.58283,-7.1442413,-2.6370697,70.96155,25.379215,89.091644,0.5056525
4.6375,41.353928,-6.8018513,-2.930426,70.0,25.0,90.0,41.582832,-7.1442423,-2.6370687,70.96155,25.379211,89.091644,0.5056554
4.641666666666667,41.353928,-6.8018513,-2.930426,70.0,25.0,90.0,41.582832,-7.1442394,-2.6370668,70.96155,25.379215,89.091644,0.5056546
4.645833333333333,41.353928,-6.8018513,-2.930426,70.0,25.0,90.0,41.582832,-7.1442394,-2.6370668,70.96154,25.379211,89.09164,0.5056546
4.65,41.353928,-6.8018513,-2.930426,70.0,25.0,90.0,41.58283,-7.1442394,-2.637066,70.96154,25.379211,89.091644,0.5056534
4.654166666666667,41.353928,-6.8018513,-2.930426,70.0,25.0,90.0,41.582825,-7.1442394,-2.6370687,70.96154,25.379215,89.091644,0.50565
4.658333333333333,41.353928,-6.8018513,-2.930426,70.0,25.0,90.0,41.58283,-7.1442423,-2.6370668,70.96154,25.379215,89.091644,0.5056548
4.6625,41.353928,-6.8018513,-2.930426,70.0,25.0,90.0,41.582832,-7.1442413,-2.6370687,70.96154,25.379208,89.091644,0.50565475
4.666666666666667,41.353928,-6.8018513,-2.930426,70.0,25.0,90.0,41.582832,-7.1442385,-2.6370668,70.96154,25.379208,89.09164,0.5056539
4.670833333333333,41.353928,-6.8018513,-2.930426,70.0,25.0,90.0,41.582832,-7.1442394,-2.6370668,70.96154,25.379204,89.091644,0.5056546
4.675,41.353928,-6.8018513,-2.930426,70.0,25.0,90.0,41.582832,-7.1442394,-2.6370687,70.96154,25.379208,89.091644,0.5056535
4.679166666666666,41.353928,-6.8018513,-2.930426,70.0,25.0,90.0,41.58283,-7.1442413,-2.637066,70.96154,25.379211,89.091644,0.5056547
4.683333333333334,41.353928,-6.8018513,-2.930426,70.0,25.0,90.0,41.582832,-7.1442394,-2.637065,70.96154,25.379208,89.091644,0.50565565
4.6875,41.353928,-6.8018513,-2.930426,70.0,25.0,90.0,41.582832,-7.1442385,-2.6370678,70.96154,25.379204,89.091644,0.5056534
4.691666666666666,41.353928,-6.8018513,-2.930426,70.0,25.0,90.0,41.582832,-7.1442394,-2.6370678,70.96154,25.379208,89.091644,0.50565404
4.695833333333334,41.353928,-6.8018513,-2.930426,70.0,25.0,90.0,41.582832,-7.1442385,-2.6370678,70.96153,25.379211,89.091644,0.5056534
4.7,41.353928,-6.8018513,-2.930426,70.0,25.0,90.0,41.582832,-7.1442366,-2.6370678,70.96154,25.379211,89.091644,0.50565207
4.704166666666667,41.353928,-6.8018513,-2.930426,70.0,25.0,90.0,41.582832,-7.1442366,-2.6370687,70.96154,25.379208,89.091644,0.50565153
4.708333333333333,41.353928,-6.8018513,-2.930426,70.0,25.0,90.0,41.582832,-7.1442394,-2.6370678,70.96153,25.379208,89.091644,0.50565404
4.7125,41.353928,-6.8018513,-2.930426,70.0,25.0,90.0,41.582832,-7.1442394,-2.6370678,70.96153,25.379208,89.091644,0.50565404
4.716666666666667,41.353928,-6.8018513,-2.930426,70.0,25.0,90.0,41.582832,-7.1442394,-2.6370678,70.96153,25.379208,89.091644,0.50565404
4.720833333333333,41.353928,-6.8018513,-2.930426,70.0,25.0,90.0,41.582832,-7.1442394,-2.6370678,70.96153,25.379208,89.091644,0.50565404
4.725,41.353928,-6.8018513,-2.930426,70.0,25.0,90.0,41.582832,-7.1442394,-2.6370678,70.96153,25.379208,89.091644,0.50565404
4.729166666666667,41.353928,-6.8018513,-2.930426,70.0,25.0,90.0,41.582832,-7.1442394,-2.6370678,70.96153,25.379208,89.091644,0.50565404
4.733333333333333,41.353928,-6.8018513,-2.930426,70.0,25.0,90.0,41.582832,-7.1442394,-2.6370678,70.96153,25.379208,89.091644,0.50565404
4.7375,41.353928,-6.8018513,-2.930426,70.0,25.0,90.0,41.582832,-7.1442394,-2.6370678,70.96153,25.379208,89.091644,0.50565404
4.741666666666666,41.353928,-6.8018513,-2.930426,70.0,25.0,90.0,41.582832,-7.1442394,-2.6370678,70.96153,25.379208,89.091644,0.50565404
4.745833333333334,41.353928,-6.8018513,-2.930426,70.0,25.0,90.0,41.582832,-7.1442394,-2.6370678,70.96153,25.379208,89.091644,0.50565404
4.75,41.353928,-6.8018513,-2.930426,70.0,25.0,90.0,41.582428,-7.1355457,-2.6441593,70.95785,25.399448,89.08963,0.49549264
4.754166666666666,41.353928,-6.8018513,-2.930426,70.0,25.0,90.0,41.56945,-7.140753,-2.6824312,70.88409,25.396336,89.10116,0.47202292
4.758333333333334,41.353928,-6.8018513,-2.930426,70.0,25.0,90.0,41.53269,-7.1598835,-2.7424412,70.71081,25.307728,89.17024,0.44213194
4.7625,41.353928,-6.8018513,-2.930426,70.0,25.0,90.0,41.462032,-7.3026342,-2.7928305,70.42518,25.075378,89.26256,0.53047407
4.766666666666667,41.353928,-6.8018513,-2.930426,70.0,25.0,90.0,41.35057,-7.3316803,-2.6046944,70.44873,24.765423,89.496445,0.6219575
4.770833333333333,41.353928,-6.8018513,-2.930426,70.0,25.0,90.0,41.26223,-7.4249763,-2.5798416,70.41107,24.690186,89.36132,0.7208347
4.775,41.353928,-6.8018513,-2.930426,70.0,25.0,90.0,41.0332,-6.878359,-2.0866318,70.46063,25.22432,89.710526,0.9059297
4.779166666666667,41.353928,-6.8018513,-2.930426,70.0,25.0,90.0,40.26723,-6.649927,-2.0250883,70.43918,24.420975,90.679855,1.4225423
4.783333333333333,41.353928,-6.8018513,-2.930426,70.0,25.0,90.0,39.88147,-6.532631,-2.100994,70.49373,24.383709,91.28345,1.7113062
4.7875,41.353928,-6.8018513,-2.930426,70.0,25.0,90.0,40.017376,-5.4999485,-0.4719324,72.44572,29.160114,91.27539,3.0863426
4.791666666666667,41.353928,-6.8018513,-2.930426,70.0,25.0,90.0,39.75207,-6.350543,-1.2480669,72.40634,28.400017,91.02482,2.3664224
4.795833333333333,41.353928,-6.8018513,-2.930426,70.0,25.0,90.0,40.34029,-6.7742376,-2.8456707,71.45057,25.321224,91.72571,1.0175495
