time_s,true_wrist_X_cm,true_wrist_Y_cm,true_wrist_Z_cm,true_shoulder_elv_deg,true_shoulder_rot_deg,true_elbow_flexion_deg,pred_wrist_X_cm,pred_wrist_Y_cm,pred_wrist_Z_cm,pred_shoulder_elv_deg,pred_shoulder_rot_deg,pred_elbow_flexion_deg,l2_distance_cm
0.0,41.353928,-6.8018513,-2.930426,70.0,25.0,90.0,41.178886,-7.862015,-0.61143494,71.072945,24.050522,91.51748,2.5558374
0.004166666666666667,41.353928,-6.8018513,-2.930426,70.0,25.0,90.0,41.515427,-8.226517,-1.1671,70.48709,23.887962,91.23079,2.2726796
0.008333333333333333,41.353928,-6.8018513,-2.930426,70.0,25.0,90.0,41.761353,-8.212521,-1.9326897,69.63224,24.07217,91.20423,1.7752354
0.0125,41.353928,-6.8018513,-2.930426,70.0,25.0,90.0,41.333473,-7.4738245,-2.5651255,71.11711,25.54919,90.14725,0.76512146
0.016666666666666666,41.353928,-6.8018513,-2.930426,70.0,25.0,90.0,41.163498,-6.7178764,-2.197175,72.18845,27.131458,88.94332,0.76221526
0.020833333333333332,41.353928,-6.8018513,-2.930426,70.0,25.0,90.0,40.707306,-7.227559,-3.4144197,70.2,26.69709,88.707405,0.9130152
0.025,41.353928,-6.8018513,-2.930426,70.0,25.0,90.0,41.270523,-7.934623,-3.0465822,70.03528,24.794712,89.04827,1.1417618
0.029166666666666667,41.353928,-6.8018513,-2.930426,70.0,25.0,90.0,41.36965,-7.613865,-2.833887,70.493095,25.185024,89.09579,0.8178833
0.03333333333333333,41.353928,-6.8018513,-2.930426,70.0,25.0,90.0,41.47747,-7.393674,-2.7218666,70.70824,25.38351,89.06035,0.63954186
0.0375,41.353928,-6.8018513,-2.930426,70.0,25.0,90.0,41.530716,-7.297104,-2.645731,70.88684,25.361954,89.02626,0.5979803
0.041666666666666664,41.353928,-6.8018513,-2.930426,70.0,25.0,90.0,41.573853,-7.210063,-2.6328764,70.94032,25.396305,89.05298,0.55094415
0.04583333333333333,41.353928,-6.8018513,-2.930426,70.0,25.0,90.0,41.590385,-7.1567364,-2.6475782,70.92264,25.377728,89.06886,0.51172113
0.05,41.353928,-6.8018513,-2.930426,70.0,25.0,90.0,41.582897,-7.1443033,-2.6371202,70.96152,25.37918,89.091484,0.50569624
0.05416666666666667,41.353928,-6.8018513,-2.930426,70.0,25.0,90.0,41.582897,-7.1443033,-2.6371202,70.96152,25.37918,89.091484,0.50569624
0.058333333333333334,41.353928,-6.8018513,-2.930426,70.0,25.0,90.0,41.582897,-7.1443033,-2.6371202,70.96152,25.37918,89.091484,0.50569624
0.0625,41.353928,-6.8018513,-2.930426,70.0,25.0,90.0,41.582897,-7.1443033,-2.6371202,70.96152,25.37918,89.091484,0.50569624
0.06666666666666667,41.353928,-6.8018513,-2.930426,70.0,25.0,90.0,41.582897,-7.1443033,-2.6371202,70.96152,25.37918,89.091484,0.50569624
0.07083333333333333,41.353928,-6.8018513,-2.930426,70.0,25.0,90.0,41.582897,-7.1443033,-2.6371202,70.96152,25.37918,89.091484,0.50569624
0.075,41.353928,-6.8018513,-2.930426,70.0,25.0,90.0,41.582897,-7.1443033,-2.6371202,70.96152,25.37918,89.091484,0.50569624
0.07916666666666666,41.353928,-6.8018513,-2.930426,70.0,25.0,90.0,41.582897,-7.1443033,-2.6371202,70.96152,25.37918,89.091484,0.50569624
0.08333333333333333,41.353928,-6.8018513,-2.930426,70.0,25.0,90.0,41.582897,-7.1443033,-2.6371202,70.96152,25.37918,89.091484,0.50569624
0.0875,41.353928,-6.8018513,-2.930426,70.0,25.0,90.0,41.582897,-7.1443033,-2.6371202,70.96152,25.37918,89.091484,0.50569624
0.09166666666666666,41.353928,-6.8018513,-2.930426,70.0,25.0,90.0,41.582897,-7.1443033,-2.6371202,70.96152,25.37918,89.091484,0.50569624
0.09583333333333334,41.353928,-6.8018513,-2.930426,70.0,25.0,90.0,41.582897,-7.1443033,-2.6371202,70.96152,25.37918,89.091484,0.50569624
0.1,41.353928,-6.8018513,-2.930426,70.0,25.0,90.0,41.582897,-7.1443033,-2.6371202,70.96152,25.37918,89.091484,0.50569624
0.10416666666666667,41.353928,-6.8018513,-2.930426,70.0,25.0,90.0,41.582897,-7.1443033,-2.6371202,70.96152,25.37918,89.091484,0.50569624
0.10833333333333334,41.353928,-6.8018513,-2.930426,70.0,25.0,90.0,41.582897,-7.1443033,-2.6371202,70.96152,25.37918,89.091484,0.50569624
0.1125,41.353928,-6.8018513,-2.930426,70.0,25.0,90.0,41.582897,-7.1443033,-2.6371202,70.96152,25.37918,89.091484,0.50569624
0.11666666666666667,41.353928,-6.8018513,-2.930426,70.0,25.0,90.0,41.582897,-7.1443033,-2.6371202,70.96152,25.37918,89.091484,0.50569624
0.12083333333333333,41.353928,-6.8018513,-2.930426,70.0,25.0,90.0,41.582897,-7.1443033,-2.6371202,70.96152,25.37918,89.091484,0.50569624
0.125,41.353928,-6.8018513,-2.930426,70.0,25.0,90.0,41.582897,-7.1443033,-2.6371202,70.96152,25.37918,89.091484,0.50569624
0.12916666666666668,41.353928,-6.8018513,-2.930426,70.0,25.0,90.0,41.582897,-7.1443033,-2.6371202,70.96152,25.37918,89.091484,0.50569624
0.13333333333333333,41.353928,-6.8018513,-2.930426,70.0,25.0,90.0,41.582897,-7.1443033,-2.6371202,70.96152,25.37918,89.091484,0.50569624
0.1375,41.353928,-6.8018513,-2.930426,70.0,25.0,90.0,41.582897,-7.1443033,-2.6371202,70.96152,25.37918,89.091484,0.50569624
0.14166666666666666,41.353928,-6.8018513,-2.930426,70.0,25.0,90.0,41.582897,-7.1443033,-2.6371202,70.96152,25.37918,89.091484,0.50569624
0.14583333333333334,41.353928,-6.8018513,-2.930426,70.0,25.0,90.0,41.582897,-7.1443033,-2.6371202,70.96152,25.37918,89.091484,0.50569624
0.15,41.353928,-6.8018513,-2.930426,70.0,25.0,90.0,41.582897,-7.1443033,-2.6371202,70.96152,25.37918,89.091484,0.50569624
0.15416666666666667,41.353928,-6.8018513,-2.930426,70.0,25.0,90.0,41.582897,-7.1443033,-2.6371202,70.96152,25.37918,89.091484,0.50569624
0.15833333333333333,41.353928,-6.8018513,-2.930426,70.0,25.0,90.0,41.582897,-7.1443033,-2.6371202,70.96152,25.37918,89.091484,0.50569624
0.1625,41.353928,-6.8018513,-2.930426,70.0,25.0,90.0,41.582897,-7.1443033,-2.6371202,70.96152,25.37918,89.091484,0.50569624
0.16666666666666666,41.353928,-6.8018513,-2.930426,70.0,25.0,90.0,41.582897,-7.1443033,-2.6371202,70.96152,25.37918,89.091484,0.50569624
0.17083333333333334,41.353928,-6.8018513,-2.930426,70.0,25.0,90.0,41.582897,-7.1443033,-2.6371202,70.96152,25.37918,89.091484,0.50569624
0.175,41.353928,-6.8018513,-2.930426,70.0,25.0,90.0,41.582897,-7.1443033,-2.6371202,70.96152,25.37918,89.091484,0.50569624
0.17916666666666667,41.353928,-6.8018513,-2.930426,70.0,25.0,90.0,41.582897,-7.1443033,-2.6371202,70.96152,25.37918,89.091484,0.50569624
0.18333333333333332,41.353928,-6.8018513,-2.930426,70.0,25.0,90.0,41.582897,-7.1443033,-2.6371202,70.96152,25.37918,89.091484,0.50569624
0.1875,41.353928,-6.8018513,-2.930426,70.0,25.0,90.0,41.582897,-7.1443033,-2.6371202,70.96152,25.37918,89.091484,0.50569624
0.19166666666666668,41.353928,-6.8018513,-2.930426,70.0,25.0,90.0,41.582897,-7.1443033,-2.6371202,70.96152,25.37918,89.091484,0.50569624
0.19583333333333333,41.353928,-6.8018513,-2.930426,70.0,25.0,90.0,41.582897,-7.1443033,-2.6371202,70.96152,25.37918,89.091484,0.50569624
0.2,41.353928,-6.8018513,-2.930426,70.0,25.0,90.0,41.582897,-7.1443033,-2.6371202,70.96152,25.37918,89.091484,0.50569624
0.20416666666666666,41.353928,-6.8018513,-2.930426,70.0,25.0,90.0,41.582897,-7.1443033,-2.6371202,70.96152,25.37918,89.091484,0.50569624
0.20833333333333334,41.353928,-6.8018513,-2.930426,70.0,25.0,90.0,41.582897,-7.1443033,-2.6371202,70.96152,25.37918,89.091484,0.50569624
0.2125,41.353928,-6.8018513,-2.930426,70.0,25.0,90.0,41.582897,-7.1443033,-2.6371202,70.96152,25.37918,89.091484,0.50569624
0.21666666666666667,41.353928,-6.8018513,-2.930426,70.0,25.0,90.0,41.582897,-7.1443033,-2.6371202,70.96152,25.37918,89.091484,0.50569624
0.22083333333333333,41.353928,-6.8018513,-2.930426,70.0,25.0,90.0,41.582897,-7.1443033,-2.6371202,70.96152,25.37918,89.091484,0.50569624
0.225,41.353928,-6.8018513,-2.930426,70.0,25.0,90.0,41.582897,-7.1443033,-2.6371202,70.96152,25.37918,89.091484,0.50569624
0.22916666666666666,41.353928,-6.8018513,-2.930426,70.0,25.0,90.0,41.582897,-7.1443033,-2.6371202,70.96152,25.37918,89.091484,0.50569624
0.23333333333333334,41.353928,-6.8018513,-2.930426,70.0,25.0,90.0,41.582897,-7.1443033,-2.6371202,70.96152,25.37918,89.091484,0.50569624
0.2375,41.353928,-6.8018513,-2.930426,70.0,25.0,90.0,41.582897,-7.1443033,-2.6371202,70.96152,25.37918,89.091484,0.50569624
0.24166666666666667,41.353928,-6.8018513,-2.930426,70.0,25.0,90.0,41.582897,-7.1443033,-2.6371202,70.96152,25.37918,89.091484,0.50569624
0.24583333333333332,41.353928,-6.8018513,-2.930426,70.0,25.0,90.0,41.582897,-7.1443033,-2.6371202,70.96152,25.37918,89.091484,0.50569624
0.25,41.353928,-6.8018513,-2.930426,70.0,25.0,90.0,41.582897,-7.1443033,-2.6371202,70.96152,25.37918,89.091484,0.50569624
0.25416666666666665,41.353928,-6.8018513,-2.930426,70.0,25.0,90.0,41.582897,-7.1443033,-2.6371202,70.96152,25.37918,89.091484,0.50569624
0.25833333333333336,41.353928,-6.8018513,-2.930426,70.0,25.0,90.0,41.582897,-7.1443033,-2.6371202,70.96152,25.37918,89.091484,0.50569624
0.2625,41.353928,-6.8018513,-2.930426,70.0,25.0,90.0,41.582897,-7.1443033,-2.6371202,70.96152,25.37918,89.091484,0.50569624
0.26666666666666666,41.353928,-6.8018513,-2.930426,70.0,25.0,90.0,41.582897,-7.1443033,-2.6371202,70.96152,25.37918,89.091484,0.50569624
0.2708333333333333,41.353928,-6.8018513,-2.930426,70.0,25.0,90.0,41.582897,-7.1443033,-2.6371202,70.96152,25.37918,89.091484,0.50569624
0.275,41.353928,-6.8018513,-2.930426,70.0,25.0,90.0,41.582897,-7.1443033,-2.6371202,70.96152,25.37918,89.091484,0.50569624
0.2791666666666667,41.353928,-6.8018513,-2.930426,70.0,25.0,90.0,41.582897,-7.1443033,-2.6371202,70.96152,25.37918,89.091484,0.50569624
0.2833333333333333,41.353928,-6.8018513,-2.930426,70.0,25.0,90.0,41.582897,-7.1443033,-2.6371202,70.96152,25.37918,89.091484,0.50569624
0.2875,41.353928,-6.8018513,-2.930426,70.0,25.0,90.0,41.582897,-7.1443033,-2.6371202,70.96152,25.37918,89.091484,0.50569624
0.2916666666666667,41.353928,-6.8018513,-2.930426,70.0,25.0,90.0,41.582897,-7.1443033,-2.6371202,70.96152,25.37918,89.091484,0.50569624
0.29583333333333334,41.353928,-6.8018513,-2.930426,70.0,25.0,90.0,41.582897,-7.1443033,-2.6371202,70.96152,25.37918,89.091484,0.50569624
0.3,41.353928,-6.8018513,-2.930426,70.0,25.0,90.0,41.582897,-7.1443033,-2.6371202,70.96152,25.37918,89.091484,0.50569624
0.30416666666666664,41.353928,-6.8018513,-2.930426,70.0,25.0,90.0,41.582897,-7.1443033,-2.6371202,70.96152,25.37918,89.091484,0.50569624
0.30833333333333335,41.353928,-6.8018513,-2.930426,70.0,25.0,90.0,41.582897,-7.1443033,-2.6371202,70.96152,25.37918,89.091484,0.50569624
0.3125,41.353928,-6.8018513,-2.930426,70.0,25.0,90.0,41.582897,-7.1443033,-2.6371202,70.96152,25.37918,89.091484,0.50569624
0.31666666666666665,41.353928,-6.8018513,-2.930426,70.0,25.0,90.0,41.582897,-7.1443033,-2.6371202,70.96152,25.37918,89.091484,0.50569624
0.32083333333333336,41.353928,-6.8018513,-2.930426,70.0,25.0,90.0,41.582897,-7.1443033,-2.6371202,70.96152,25.37918,89.091484,0.50569624
0.325,41.353928,-6.8018513,-2.930426,70.0,25.0,90.0,41.582897,-7.1443033,-2.6371202,70.96152,25.37918,89.091484,0.50569624
0.32916666666666666,41.353928,-6.8018513,-2.930426,70.0,25.0,90.0,41.582897,-7.1443033,-2.6371202,70.96152,25.37918,89.091484,0.50569624
0.3333333333333333,41.353928,-6.8018513,-2.930426,70.0,25.0,90.0,41.582897,-7.1443033,-2.6371202,70.96152,25.37918,89.091484,0.50569624
0.3375,41.353928,-6.8018513,-2.930426,70.0,25.0,90.0,41.582897,-7.1443033,-2.6371202,70.96152,25.37918,89.091484,0.50569624
0.3416666666666667,41.353928,-6.8018513,-2.930426,70.0,25.0,90.0,41.582897,-7.1443033,-2.6371202,70.96152,25.37918,89.091484,0.50569624
0.3458333333333333,41.353928,-6.8018513,-2.930426,70.0,25.0,90.0,41.582897,-7.1443033,-2.6371202,70.96152,25.37918,89.091484,0.50569624
0.35,41.353928,-6.8018513,-2.930426,70.0,25.0,90.0,41.582897,-7.1443033,-2.6371202,70.96152,25.37918,89.091484,0.50569624
0.3541666666666667,41.353928,-6.8018513,-2.930426,70.0,25.0,90.0,41.582897,-7.1443033,-2.6371202,70.96152,25.37918,89.091484,0.50569624
0.35833333333333334,41.353928,-6.8018513,-2.930426,70.0,25.0,90.0,41.582897,-7.1443033,-2.6371202,70.96152,25.37918,89.091484,0.50569624
0.3625,41.353928,-6.8018513,-2.930426,70.0,25.0,90.0,41.582897,-7.1443033,-2.6371202,70.96152,25.37918,89.091484,0.50569624
0.36666666666666664,41.353928,-6.8018513,-2.930426,70.0,25.0,90.0,41.582897,-7.1443033,-2.6371202,70.96152,25.37918,89.091484,0.50569624
0.37083333333333335,41.353928,-6.8018513,-2.930426,70.0,25.0,90.0,41.582897,-7.1443033,-2.6371202,70.96152,25.37918,89.091484,0.50569624
0.375,41.353928,-6.8018513,-2.930426,70.0,25.0,90.0,41.582897,-7.1443033,-2.6371202,70.96152,25.37918,89.091484,0.50569624
0.37916666666666665,41.353928,-6.8018513,-2.930426,70.0,25.0,90.0,41.582897,-7.1443033,-2.6371202,70.96152,25.37918,89.091484,0.50569624
0.38333333333333336,41.353928,-6.8018513,-2.930426,70.0,25.0,90.0,41.582897,-7.1443033,-2.6371202,70.96152,25.37918,89.091484,0.50569624
0.3875,41.353928,-6.8018513,-2.930426,70.0,25.0,90.0,41.582897,-7.1443033,-2.6371202,70.96152,25.37918,89.091484,0.50569624
0.39166666666666666,41.353928,-6.8018513,-2.930426,70.0,25.0,90.0,41.582897,-7.1443033,-2.6371202,70.96152,25.37918,89.091484,0.50569624
0.3958333333333333,41.353928,-6.8018513,-2.930426,70.0,25.0,90.0,41.582897,-7.1443033,-2.6371202,70.96152,25.37918,89.091484,0.50569624
0.4,41.353928,-6.8018513,-2.930426,70.0,25.0,90.0,41.582897,-7.1443033,-2.6371202,70.96152,25.37918,89.091484,0.50569624
0.4041666666666667,41.353928,-6.8018513,-2.930426,70.0,25.0,90.0,41.582897,-7.1443033,-2.6371202,70.96152,25.37918,89.091484,0.50569624
0.4083333333333333,41.353928,-6.8018513,-2.930426,70.0,25.0,90.0,41.582897,-7.1443033,-2.6371202,70.96152,25.37918,89.091484,0.50569624
0.4125,41.353928,-6.8018513,-2.930426,70.0,25.0,90.0,41.582897,-7.1443033,-2.6371202,70.96152,25.37918,89.091484,0.50569624
0.4166666666666667,41.353928,-6.8018513,-2.930426,70.0,25.0,90.0,41.582897,-7.1443033,-2.6371202,70.96152,25.37918,89.091484,0.50569624
0.42083333333333334,41.353928,-6.8018513,-2.930426,70.0,25.0,90.0,41.582897,-7.1443033,-2.6371202,70.96152,25.37918,89.091484,0.50569624
0.425,41.353928,-6.8018513,-2.930426,70.0,25.0,90.0,41.582897,-7.1443033,-2.6371202,70.96152,25.37918,89.091484,0.50569624
0.42916666666666664,41.353928,-6.8018513,-2.930426,70.0,25.0,90.0,41.582897,-7.1443033,-2.6371202,70.96152,25.37918,89.091484,0.50569624
0.43333333333333335,41.353928,-6.8018513,-2.930426,70.0,25.0,90.0,41.582897,-7.1443033,-2.6371202,70.96152,25.37918,89.091484,0.50569624
0.4375,41.353928,-6.8018513,-2.930426,70.0,25.0,90.0,41.582897,-7.1443033,-2.6371202,70.96152,25.37918,89.091484,0.50569624
0.44166666666666665,41.353928,-6.8018513,-2.930426,70.0,25.0,90.0,41.582897,-7.1443033,-2.6371202,70.96152,25.37918,89.091484,0.50569624
0.44583333333333336,41.353928,-6.8018513,-2.930426,70.0,25.0,90.0,41.582897,-7.1443033,-2.6371202,70.96152,25.37918,89.091484,0.50569624
0.45,41.353928,-6.8018513,-2.930426,70.0,25.0,90.0,41.582897,-7.1443033,-2.6371202,70.96152,25.37918,89.091484,0.50569624
0.45416666666666666,41.353928,-6.8018513,-2.930426,70.0,25.0,90.0,41.582897,-7.1443033,-2.6371202,70.96152,25.37918,89.091484,0.50569624
0.4583333333333333,41.353928,-6.8018513,-2.930426,70.0,25.0,90.0,41.582897,-7.1443033,-2.6371202,70.96152,25.37918,89.091484,0.50569624
0.4625,41.353928,-6.8018513,-2.930426,70.0,25.0,90.0,41.582897,-7.1443033,-2.6371202,70.96152,25.37918,89.091484,0.50569624
0.4666666666666667,41.353928,-6.8018513,-2.930426,70.0,25.0,90.0,41.582897,-7.1443033,-2.6371202,70.96152,25.37918,89.091484,0.50569624
0.4708333333333333,41.353928,-6.8018513,-2.930426,70.0,25.0,90.0,41.582897,-7.1443033,-2.6371202,70.96152,25.37918,89.091484,0.50569624
0.475,41.353928,-6.8018513,-2.930426,70.0,25.0,90.0,41.582897,-7.1443033,-2.6371202,70.96152,25.37918,89.091484,0.50569624
0.4791666666666667,41.353928,-6.8018513,-2.930426,70.0,25.0,90.0,41.582897,-7.1443033,-2.6371202,70.96152,25.37918,89.091484,0.50569624
0.48333333333333334,41.353928,-6.8018513,-2.930426,70.0,25.0,90.0,41.582897,-7.1443033,-2.6371202,70.96152,25.37918,89.091484,0.50569624
0.4875,41.353928,-6.8018513,-2.930426,70.0,25.0,90.0,41.582897,-7.1443033,-2.6371202,70.96152,25.37918,89.091484,0.50569624
0.49166666666666664,41.353928,-6.8018513,-2.930426,70.0,25.0,90.0,41.582897,-7.1443033,-2.6371202,70.96152,25.37918,89.091484,0.50569624
0.49583333333333335,41.353928,-6.8018513,-2.930426,70.0,25.0,90.0,41.582897,-7.1443033,-2.6371202,70.96152,25.37918,89.091484,0.50569624
0.5,41.353928,-6.8018513,-2.930426,70.0,25.0,90.0,41.582897,-7.1443033,-2.6371202,70.96152,25.37918,89.091484,0.50569624
0.5041666666666667,41.353928,-6.8018513,-2.930426,70.0,25.0,90.0,41.582897,-7.1443033,-2.6371202,70.96152,25.37918,89.091484,0.50569624
0.5083333333333333,41.353928,-6.8018513,-2.930426,70.0,25.0,90.0,41.582897,-7.1443033,-2.6371202,70.96152,25.37918,89.091484,0.50569624
0.5125,41.353928,-6.8018513,-2.930426,70.0,25.0,90.0,41.582897,-7.1443033,-2.6371202,70.96152,25.37918,89.091484,0.50569624
0.5166666666666667,41.353928,-6.8018513,-2.930426,70.0,25.0,90.0,41.582897,-7.1443033,-2.6371202,70.96152,25.37918,89.091484,0.50569624
0.5208333333333334,41.353928,-6.8018513,-2.930426,70.0,25.0,90.0,41.582897,-7.1443033,-2.6371202,70.96152,25.37918,89.091484,0.50569624
0.525,41.353928,-6.8018513,-2.930426,70.0,25.0,90.0,41.582897,-7.1443033,-2.6371202,70.96152,25.37918,89.091484,0.50569624
0.5291666666666667,41.353928,-6.8018513,-2.930426,70.0,25.0,90.0,41.582897,-7.1443033,-2.6371202,70.96152,25.37918,89.091484,0.50569624
0.5333333333333333,41.353928,-6.8018513,-2.930426,70.0,25.0,90.0,41.582897,-7.1443033,-2.6371202,70.96152,25.37918,89.091484,0.50569624
0.5375,41.353928,-6.8018513,-2.930426,70.0,25.0,90.0,41.582897,-7.1443033,-2.6371202,70.96152,25.37918,89.091484,0.50569624
0.5416666666666666,41.353928,-6.8018513,-2.930426,70.0,25.0,90.0,41.582897,-7.1443033,-2.6371202,70.96152,25.37918,89.091484,0.50569624
0.5458333333333333,41.353928,-6.8018513,-2.930426,70.0,25.0,90.0,41.582897,-7.1443033,-2.6371202,70.96152,25.37918,89.091484,0.50569624
0.55,41.353928,-6.8018513,-2.930426,70.0,25.0,90.0,41.582897,-7.1443033,-2.6371202,70.96152,25.37918,89.091484,0.50569624
0.5541666666666667,41.353928,-6.8018513,-2.930426,70.0,25.0,90.0,41.582897,-7.1443033,-2.6371202,70.96152,25.37918,89.091484,0.50569624
0.5583333333333333,41.353928,-6.8018513,-2.930426,70.0,25.0,90.0,41.582897,-7.1443033,-2.6371202,70.96152,25.37918,89.091484,0.50569624
0.5625,41.353928,-6.8018513,-2.930426,70.0,25.0,90.0,41.582897,-7.1443033,-2.6371202,70.96152,25.37918,89.091484,0.50569624
0.5666666666666667,41.353928,-6.8018513,-2.930426,70.0,25.0,90.0,41.582897,-7.1443033,-2.6371202,70.96152,25.37918,89.091484,0.50569624
0.5708333333333333,41.353928,-6.8018513,-2.930426,70.0,25.0,90.0,41.582897,-7.1443033,-2.6371202,70.96152,25.37918,89.091484,0.50569624
0.575,41.353928,-6.8018513,-2.930426,70.0,25.0,90.0,41.582897,-7.1443033,-2.6371202,70.96152,25.37918,89.091484,0.50569624
0.5791666666666667,41.353928,-6.8018513,-2.930426,70.0,25.0,90.0,41.582897,-7.1443033,-2.6371202,70.96152,25.37918,89.091484,0.50569624
0.5833333333333334,41.353928,-6.8018513,-2.930426,70.0,25.0,90.0,41.582897,-7.1443033,-2.6371202,70.96152,25.37918,89.091484,0.50569624
0.5875,41.353928,-6.8018513,-2.930426,70.0,25.0,90.0,41.582897,-7.1443033,-2.6371202,70.96152,25.37918,89.091484,0.50569624
0.5916666666666667,41.353928,-6.8018513,-2.930426,70.0,25.0,90.0,41.582897,-7.1443033,-2.6371202,70.96152,25.37918,89.091484,0.50569624
0.5958333333333333,41.353928,-6.8018513,-2.930426,70.0,25.0,90.0,41.582897,-7.1443033,-2.6371202,70.96152,25.37918,89.091484,0.50569624
0.6,41.353928,-6.8018513,-2.930426,70.0,25.0,90.0,41.582897,-7.1443033,-2.6371202,70.96152,25.37918,89.091484,0.50569624
0.6041666666666666,41.353928,-6.8018513,-2.930426,70.0,25.0,90.0,41.582897,-7.1443033,-2.6371202,70.96152,25.37918,89.091484,0.50569624
0.6083333333333333,41.353928,-6.8018513,-2.930426,70.0,25.0,90.0,41.582897,-7.1443033,-2.6371202,70.96152,25.37918,89.091484,0.50569624
0.6125,41.353928,-6.8018513,-2.930426,70.0,25.0,90.0,41.582897,-7.1443033,-2.6371202,70.96152,25.37918,89.091484,0.50569624
0.6166666666666667,41.353928,-6.8018513,-2.930426,70.0,25.0,90.0,41.582897,-7.1443033,-2.6371202,70.96152,25.37918,89.091484,0.50569624
0.6208333333333333,41.353928,-6.8018513,-2.930426,70.0,25.0,90.0,41.582897,-7.1443033,-2.6371202,70.96152,25.37918,89.091484,0.50569624
0.625,41.353928,-6.8018513,-2.930426,70.0,25.0,90.0,41.582897,-7.1443033,-2.6371202,70.96152,25.37918,89.091484,0.50569624
0.6291666666666667,41.353928,-6.8018513,-2.930426,70.0,25.0,90.0,41.582897,-7.1443033,-2.6371202,70.96152,25.37918,89.091484,0.50569624
0.6333333333333333,41.353928,-6.8018513,-2.930426,70.0,25.0,90.0,41.582897,-7.1443033,-2.6371202,70.96152,25.37918,89.091484,0.50569624
0.6375,41.353928,-6.8018513,-2.930426,70.0,25.0,90.0,41.582897,-7.1443033,-2.6371202,70.96152,25.37918,89.091484,0.50569624
0.6416666666666667,41.353928,-6.8018513,-2.930426,70.0,25.0,90.0,41.582897,-7.1443033,-2.6371202,70.96152,25.37918,89.091484,0.50569624
0.6458333333333334,41.353928,-6.8018513,-2.930426,70.0,25.0,90.0,41.582897,-7.1443033,-2.6371202,70.96152,25.37918,89.091484,0.50569624
0.65,41.353928,-6.8018513,-2.930426,70.0,25.0,90.0,41.582897,-7.1443033,-2.6371202,70.96152,25.37918,89.091484,0.50569624
0.6541666666666667,41.353928,-6.8018513,-2.930426,70.0,25.0,90.0,41.582897,-7.1443033,-2.6371202,70.96152,25.37918,89.091484,0.50569624
0.6583333333333333,41.353928,-6.8018513,-2.930426,70.0,25.0,90.0,41.582897,-7.1443033,-2.6371202,70.96152,25.37918,89.091484,0.50569624
0.6625,41.353928,-6.8018513,-2.930426,70.0,25.0,90.0,41.582897,-7.1443033,-2.6371202,70.96152,25.37918,89.091484,0.50569624
0.6666666666666666,41.353928,-6.8018513,-2.930426,70.0,25.0,90.0,41.582897,-7.1443033,-2.6371202,70.96152,25.37918,89.091484,0.50569624
0.6708333333333333,41.353928,-6.8018513,-2.930426,70.0,25.0,90.0,41.582897,-7.1443033,-2.6371202,70.96152,25.37918,89.091484,0.50569624
0.675,41.353928,-6.8018513,-2.930426,70.0,25.0,90.0,41.582897,-7.1443033,-2.6371202,70.96152,25.37918,89.091484,0.50569624
0.6791666666666667,41.353928,-6.8018513,-2.930426,70.0,25.0,90.0,41.582897,-7.1443033,-2.6371202,70.96152,25.37918,89.091484,0.50569624
0.6833333333333333,41.353928,-6.8018513,-2.930426,70.0,25.0,90.0,41.582897,-7.1443033,-2.6371202,70.96152,25.37918,89.091484,0.50569624
0.6875,41.353928,-6.8018513,-2.930426,70.0,25.0,90.0,41.582897,-7.1443033,-2.6371202,70.96152,25.37918,89.091484,0.50569624
0.6916666666666667,41.353928,-6.8018513,-2.930426,70.0,25.0,90.0,41.582897,-7.1443033,-2.6371202,70.96152,25.37918,89.091484,0.50569624
0.6958333333333333,41.353928,-6.8018513,-2.930426,70.0,25.0,90.0,41.582897,-7.1443033,-2.6371202,70.96152,25.37918,89.091484,0.50569624
0.7,41.353928,-6.8018513,-2.930426,70.0,25.0,90.0,41.582897,-7.1443033,-2.6371202,70.96152,25.37918,89.091484,0.50569624
0.7041666666666667,41.353928,-6.8018513,-2.930426,70.0,25.0,90.0,41.582897,-7.1443033,-2.6371202,70.96152,25.37918,89.091484,0.50569624
0.7083333333333334,41.353928,-6.8018513,-2.930426,70.0,25.0,90.0,41.582897,-7.1443033,-2.6371202,70.96152,25.37918,89.091484,0.50569624
0.7125,41.353928,-6.8018513,-2.930426,70.0,25.0,90.0,41.582897,-7.1443033,-2.6371202,70.96152,25.37918,89.091484,0.50569624
0.7166666666666667,41.353928,-6.8018513,-2.930426,70.0,25.0,90.0,41.582897,-7.1443033,-2.6371202,70.96152,25.37918,89.091484,0.50569624
0.7208333333333333,41.353928,-6.8018513,-2.930426,70.0,25.0,90.0,41.582897,-7.1443033,-2.6371202,70.96152,25.37918,89.091484,0.50569624
0.725,41.353928,-6.8018513,-2.930426,70.0,25.0,90.0,41.582897,-7.1443033,-2.6371202,70.96152,25.37918,89.091484,0.50569624
0.7291666666666666,41.353928,-6.8018513,-2.930426,70.0,25.0,90.0,41.582897,-7.1443033,-2.6371202,70.96152,25.37918,89.091484,0.50569624
0.7333333333333333,41.353928,-6.8018513,-2.930426,70.0,25.0,90.0,41.582897,-7.1443033,-2.6371202,70.96152,25.37918,89.091484,0.50569624
0.7375,41.353928,-6.8018513,-2.930426,70.0,25.0,90.0,41.582897,-7.1443033,-2.6371202,70.96152,25.37918,89.091484,0.50569624
0.7416666666666667,41.353928,-6.8018513,-2.930426,70.0,25.0,90.0,41.582897,-7.1443033,-2.6371202,70.96152,25.37918,89.091484,0.50569624
0.7458333333333333,41.353928,-6.8018513,-2.930426,70.0,25.0,90.0,41.582897,-7.1443033,-2.6371202,70.96152,25.37918,89.091484,0.50569624
0.75,41.353928,-6.8018513,-2.930426,70.0,25.0,90.0,41.582897,-7.1443033,-2.6371202,70.96152,25.37918,89.091484,0.50569624
0.7541666666666667,41.353928,-6.8018513,-2.930426,70.0,25.0,90.0,41.582897,-7.1443033,-2.6371202,70.96152,25.37918,89.091484,0.50569624
0.7583333333333333,41.353928,-6.8018513,-2.930426,70.0,25.0,90.0,41.582897,-7.1443033,-2.6371202,70.96152,25.37918,89.091484,0.50569624
0.7625,41.353928,-6.8018513,-2.930426,70.0,25.0,90.0,41.582897,-7.1443033,-2.6371202,70.96152,25.37918,89.091484,0.50569624
0.7666666666666667,41.353928,-6.8018513,-2.930426,70.0,25.0,90.0,41.582897,-7.1443033,-2.6371202,70.96152,25.37918,89.091484,0.50569624
0.7708333333333334,41.353928,-6.8018513,-2.930426,70.0,25.0,90.0,41.582897,-7.1443033,-2.6371202,70.96152,25.37918,89.091484,0.50569624
0.775,41.353928,-6.8018513,-2.930426,70.0,25.0,90.0,41.582897,-7.1443033,-2.6371202,70.96152,25.37918,89.091484,0.50569624
0.7791666666666667,41.353928,-6.8018513,-2.930426,70.0,25.0,90.0,41.582897,-7.1443033,-2.6371202,70.96152,25.37918,89.091484,0.50569624
0.7833333333333333,41.353928,-6.8018513,-2.930426,70.0,25.0,90.0,41.582897,-7.1443033,-2.6371202,70.96152,25.37918,89.091484,0.50569624
0.7875,41.353928,-6.8018513,-2.930426,70.0,25.0,90.0,41.582897,-7.1443033,-2.6371202,70.96152,25.37918,89.091484,0.50569624
0.7916666666666666,41.353928,-6.8018513,-2.930426,70.0,25.0,90.0,41.582897,-7.1443033,-2.6371202,70.96152,25.37918,89.091484,0.50569624
0.7958333333333333,41.353928,-6.8018513,-2.930426,70.0,25.0,90.0,41.582897,-7.1443033,-2.6371202,70.96152,25.37918,89.091484,0.50569624
0.8,41.353928,-6.8018513,-2.930426,70.0,25.0,90.0,41.582897,-7.1443033,-2.6371202,70.96152,25.37918,89.091484,0.50569624
0.8041666666666667,41.353928,-6.8018513,-2.930426,70.0,25.0,90.0,41.582897,-7.1443033,-2.6371202,70.96152,25.37918,89.091484,0.50569624
0.8083333333333333,41.353928,-6.8018513,-2.930426,70.0,25.0,90.0,41.582897,-7.1443033,-2.6371202,70.96152,25.37918,89.091484,0.50569624
0.8125,41.353928,-6.8018513,-2.930426,70.0,25.0,90.0,41.582897,-7.1443033,-2.6371202,70.96152,25.37918,89.091484,0.50569624
0.8166666666666667,41.353928,-6.8018513,-2.930426,70.0,25.0,90.0,41.582897,-7.1443033,-2.6371202,70.96152,25.37918,89.091484,0.50569624
0.8208333333333333,41.353928,-6.8018513,-2.930426,70.0,25.0,90.0,41.582897,-7.1443033,-2.6371202,70.96152,25.37918,89.091484,0.50569624
0.825,41.353928,-6.8018513,-2.930426,70.0,25.0,90.0,41.582897,-7.1443033,-2.6371202,70.96152,25.37918,89.091484,0.50569624
0.8291666666666667,41.353928,-6.8018513,-2.930426,70.0,25.0,90.0,41.582897,-7.1443033,-2.6371202,70.96152,25.37918,89.091484,0.50569624
0.8333333333333334,41.353928,-6.8018513,-2.930426,70.0,25.0,90.0,41.582897,-7.1443033,-2.6371202,70.96152,25.37918,89.091484,0.50569624
0.8375,41.353928,-6.8018513,-2.930426,70.0,25.0,90.0,41.582897,-7.1443033,-2.6371202,70.96152,25.37918,89.091484,0.50569624
0.8416666666666667,41.353928,-6.8018513,-2.930426,70.0,25.0,90.0,41.582897,-7.1443033,-2.6371202,70.96152,25.37918,89.091484,0.50569624
0.8458333333333333,41.353928,-6.8018513,-2.930426,70.0,25.0,90.0,41.582897,-7.1443033,-2.6371202,70.96152,25.37918,89.091484,0.50569624
0.85,41.353928,-6.8018513,-2.930426,70.0,25.0,90.0,41.582897,-7.1443033,-2.6371202,70.96152,25.37918,89.091484,0.50569624
0.8541666666666666,41.353928,-6.8018513,-2.930426,70.0,25.0,90.0,41.582897,-7.1443033,-2.6371202,70.96152,25.37918,89.091484,0.50569624
0.8583333333333333,41.353928,-6.8018513,-2.930426,70.0,25.0,90.0,41.582897,-7.1443033,-2.6371202,70.96152,25.37918,89.091484,0.50569624
0.8625,41.353928,-6.8018513,-2.930426,70.0,25.0,90.0,41.582897,-7.1443033,-2.6371202,70.96152,25.37918,89.091484,0.50569624
0.8666666666666667,41.353928,-6.8018513,-2.930426,70.0,25.0,90.0,41.582897,-7.1443033,-2.6371202,70.96152,25.37918,89.091484,0.50569624
0.8708333333333333,41.353928,-6.8018513,-2.930426,70.0,25.0,90.0,41.582897,-7.1443033,-2.6371202,70.96152,25.37918,89.091484,0.50569624
0.875,41.353928,-6.8018513,-2.930426,70.0,25.0,90.0,41.582897,-7.1443033,-2.6371202,70.96152,25.37918,89.091484,0.50569624
0.8791666666666667,41.353928,-6.8018513,-2.930426,70.0,25.0,90.0,41.582897,-7.1443033,-2.6371202,70.96152,25.37918,89.091484,0.50569624
0.8833333333333333,41.353928,-6.8018513,-2.930426,70.0,25.0,90.0,41.582897,-7.1443033,-2.6371202,70.96152,25.37918,89.091484,0.50569624
0.8875,41.353928,-6.8018513,-2.930426,70.0,25.0,90.0,41.582897,-7.1443033,-2.6371202,70.96152,25.37918,89.091484,0.50569624
0.8916666666666667,41.353928,-6.8018513,-2.930426,70.0,25.0,90.0,41.582897,-7.1443033,-2.6371202,70.96152,25.37918,89.091484,0.50569624
0.8958333333333334,41.353928,-6.8018513,-2.930426,70.0,25.0,90.0,41.582897,-7.1443033,-2.6371202,70.96152,25.37918,89.091484,0.50569624
0.9,41.353928,-6.8018513,-2.930426,70.0,25.0,90.0,41.582897,-7.1443033,-2.6371202,70.96152,25.37918,89.091484,0.50569624
0.9041666666666667,41.353928,-6.8018513,-2.930426,70.0,25.0,90.0,41.582897,-7.1443033,-2.6371202,70.96152,25.37918,89.091484,0.50569624
0.9083333333333333,41.353928,-6.8018513,-2.930426,70.0,25.0,90.0,41.582897,-7.1443033,-2.6371202,70.96152,25.37918,89.091484,0.50569624
0.9125,41.353928,-6.8018513,-2.930426,70.0,25.0,90.0,41.582897,-7.1443033,-2.6371202,70.96152,25.37918,89.091484,0.50569624
0.9166666666666666,41.353928,-6.8018513,-2.930426,70.0,25.0,90.0,41.582897,-7.1443033,-2.6371202,70.96152,25.37918,89.091484,0.50569624
0.9208333333333333,41.353928,-6.8018513,-2.930426,70.0,25.0,90.0,41.582897,-7.1443033,-2.6371202,70.96152,25.37918,89.091484,0.50569624
0.925,41.353928,-6.8018513,-2.930426,70.0,25.0,90.0,41.582897,-7.1443033,-2.6371202,70.96152,25.37918,89.091484,0.50569624
0.9291666666666667,41.353928,-6.8018513,-2.930426,70.0,25.0,90.0,41.582897,-7.1443033,-2.6371202,70.96152,25.37918,89.091484,0.50569624
0.9333333333333333,41.353928,-6.8018513,-2.930426,70.0,25.0,90.0,41.582897,-7.1443033,-2.6371202,70.96152,25.37918,89.091484,0.50569624
0.9375,41.353928,-6.8018513,-2.930426,70.0,25.0,90.0,41.582897,-7.1443033,-2.6371202,70.96152,25.37918,89.091484,0.50569624
0.9416666666666667,41.353928,-6.8018513,-2.930426,70.0,25.0,90.0,41.582897,-7.1443033,-2.6371202,70.96152,25.37918,89.091484,0.50569624
0.9458333333333333,41.353928,-6.8018513,-2.930426,70.0,25.0,90.0,41.582897,-7.1443033,-2.6371202,70.96152,25.37918,89.091484,0.50569624
0.95,41.353928,-6.8018513,-2.930426,70.0,25.0,90.0,41.582897,-7.1443033,-2.6371202,70.96152,25.37918,89.091484,0.50569624
0.9541666666666667,41.353928,-6.8018513,-2.930426,70.0,25.0,90.0,41.582897,-7.1443033,-2.6371202,70.96152,25.37918,89.091484,0.50569624
0.9583333333333334,41.353928,-6.8018513,-2.930426,70.0,25.0,90.0,41.582897,-7.1443033,-2.6371202,70.96152,25.37918,89.091484,0.50569624
0.9625,41.353928,-6.8018513,-2.930426,70.0,25.0,90.0,41.582897,-7.1443033,-2.6371202,70.96152,25.37918,89.091484,0.50569624
0.9666666666666667,41.353928,-6.8018513,-2.930426,70.0,25.0,90.0,41.582897,-7.1443033,-2.6371202,70.96152,25.37918,89.091484,0.50569624
0.9708333333333333,41.353928,-6.8018513,-2.930426,70.0,25.0,90.0,41.582897,-7.1443033,-2.6371202,70.96152,25.37918,89.091484,0.50569624
0.975,41.353928,-6.8018513,-2.930426,70.0,25.0,90.0,41.582897,-7.1443033,-2.6371202,70.96152,25.37918,89.091484,0.50569624
0.9791666666666666,41.353928,-6.8018513,-2.930426,70.0,25.0,90.0,41.582897,-7.1443033,-2.6371202,70.96152,25.37918,89.091484,0.50569624
0.9833333333333333,41.353928,-6.8018513,-2.930426,70.0,25.0,90.0,41.582897,-7.1443033,-2.6371202,70.96152,25.37918,89.091484,0.50569624
0.9875,41.353928,-6.8018513,-2.930426,70.0,25.0,90.0,41.582897,-7.1443033,-2.6371202,70.96152,25.37918,89.091484,0.50569624
0.9916666666666667,41.353928,-6.8018513,-2.930426,70.0,25.0,90.0,41.582897,-7.1443033,-2.6371202,70.96152,25.37918,89.091484,0.50569624
0.9958333333333333,41.353928,-6.8018513,-2.930426,70.0,25.0,90.0,41.582897,-7.1443033,-2.6371202,70.96152,25.37918,89.091484,0.50569624
1.0,41.353928,-6.8018513,-2.930426,70.0,25.0,90.0,41.582897,-7.1443033,-2.6371202,70.96152,25.37918,89.091484,0.50569624
1.0041666666666667,41.353928,-6.8018513,-2.930426,70.0,25.0,90.0,41.582897,-7.1443033,-2.6371202,70.96152,25.37918,89.091484,0.50569624
1.0083333333333333,41.353928,-6.8018513,-2.930426,70.0,25.0,90.0,41.582897,-7.1443033,-2.6371202,70.96152,25.37918,89.091484,0.50569624
1.0125,41.353928,-6.8018513,-2.930426,70.0,25.0,90.0,41.582897,-7.1443033,-2.6371202,70.96152,25.37918,89.091484,0.50569624
1.0166666666666666,41.353928,-6.8018513,-2.930426,70.0,25.0,90.0,41.582897,-7.1443033,-2.6371202,70.96152,25.37918,89.091484,0.50569624
1.0208333333333333,41.353928,-6.8018513,-2.930426,70.0,25.0,90.0,41.582897,-7.1443033,-2.6371202,70.96152,25.37918,89.091484,0.50569624
1.025,41.353928,-6.8018513,-2.930426,70.0,25.0,90.0,41.582897,-7.1443033,-2.6371202,70.96152,25.37918,89.091484,0.50569624
1.0291666666666666,41.353928,-6.8018513,-2.930426,70.0,25.0,90.0,41.582897,-7.1443033,-2.6371202,70.96152,25.37918,89.091484,0.50569624
1.0333333333333334,41.353928,-6.8018513,-2.930426,70.0,25.0,90.0,41.582897,-7.1443033,-2.6371202,70.96152,25.37918,89.091484,0.50569624
1.0375,41.353928,-6.8018513,-2.930426,70.0,25.0,90.0,41.582897,-7.1443033,-2.6371202,70.96152,25.37918,89.091484,0.50569624
1.0416666666666667,41.353928,-6.8018513,-2.930426,70.0,25.0,90.0,41.582897,-7.1443033,-2.6371202,70.96152,25.37918,89.091484,0.50569624
1.0458333333333334,41.353928,-6.8018513,-2.930426,70.0,25.0,90.0,41.582897,-7.1443033,-2.6371202,70.96152,25.37918,89.091484,0.50569624
1.05,41.353928,-6.8018513,-2.930426,70.0,25.0,90.0,41.582897,-7.1443033,-2.6371202,70.96152,25.37918,89.091484,0.50569624
1.0541666666666667,41.353928,-6.8018513,-2.930426,70.0,25.0,90.0,41.582897,-7.1443033,-2.6371202,70.96152,25.37918,89.091484,0.50569624
1.0583333333333333,41.353928,-6.8018513,-2.930426,70.0,25.0,90.0,41.582897,-7.1443033,-2.6371202,70.96152,25.37918,89.091484,0.50569624
1.0625,41.353928,-6.8018513,-2.930426,70.0,25.0,90.0,41.582897,-7.1443033,-2.6371202,70.96152,25.37918,89.091484,0.50569624
1.0666666666666667,41.353928,-6.8018513,-2.930426,70.0,25.0,90.0,41.582897,-7.1443033,-2.6371202,70.96152,25.37918,89.091484,0.50569624
1.0708333333333333,41.353928,-6.8018513,-2.930426,70.0,25.0,90.0,41.582897,-7.1443033,-2.6371202,70.96152,25.37918,89.091484,0.50569624
1.075,41.353928,-6.8018513,-2.930426,70.0,25.0,90.0,41.582897,-7.1443033,-2.6371202,70.96152,25.37918,89.091484,0.50569624
1.0791666666666666,41.353928,-6.8018513,-2.930426,70.0,25.0,90.0,41.582897,-7.1443033,-2.6371202,70.96152,25.37918,89.091484,0.50569624
1.0833333333333333,41.353928,-6.8018513,-2.930426,70.0,25.0,90.0,41.582897,-7.1443033,-2.6371202,70.96152,25.37918,89.091484,0.50569624
1.0875,41.353928,-6.8018513,-2.930426,70.0,25.0,90.0,41.582897,-7.1443033,-2.6371202,70.96152,25.37918,89.091484,0.50569624
1.0916666666666666,41.353928,-6.8018513,-2.930426,70.0,25.0,90.0,41.582897,-7.1443033,-2.6371202,70.96152,25.37918,89.091484,0.50569624
1.0958333333333334,41.353928,-6.8018513,-2.930426,70.0,25.0,90.0,41.582897,-7.1443033,-2.6371202,70.96152,25.37918,89.091484,0.50569624
1.1,41.353928,-6.8018513,-2.930426,70.0,25.0,90.0,41.582897,-7.1443033,-2.6371202,70.96152,25.37918,89.091484,0.50569624
1.1041666666666667,41.353928,-6.8018513,-2.930426,70.0,25.0,90.0,41.582897,-7.1443033,-2.6371202,70.96152,25.37918,89.091484,0.50569624
1.1083333333333334,41.353928,-6.8018513,-2.930426,70.0,25.0,90.0,41.582897,-7.1443033,-2.6371202,70.96152,25.37918,89.091484,0.50569624
1.1125,41.353928,-6.8018513,-2.930426,70.0,25.0,90.0,41.582897,-7.1443033,-2.6371202,70.96152,25.37918,89.091484,0.50569624
1.1166666666666667,41.353928,-6.8018513,-2.930426,70.0,25.0,90.0,41.582897,-7.1443033,-2.6371202,70.96152,25.37918,89.091484,0.50569624
1.1208333333333333,41.353928,-6.8018513,-2.930426,70.0,25.0,90.0,41.582897,-7.1443033,-2.6371202,70.96152,25.37918,89.091484,0.50569624
1.125,41.353928,-6.8018513,-2.930426,70.0,25.0,90.0,41.582897,-7.1443033,-2.6371202,70.96152,25.37918,89.091484,0.50569624
1.1291666666666667,41.353928,-6.8018513,-2.930426,70.0,25.0,90.0,41.582897,-7.1443033,-2.6371202,70.96152,25.37918,89.091484,0.50569624
1.1333333333333333,41.353928,-6.8018513,-2.930426,70.0,25.0,90.0,41.582897,-7.1443033,-2.6371202,70.96152,25.37918,89.091484,0.50569624
1.1375,41.353928,-6.8018513,-2.930426,70.0,25.0,90.0,41.582897,-7.1443033,-2.6371202,70.96152,25.37918,89.091484,0.50569624
1.1416666666666666,41.353928,-6.8018513,-2.930426,70.0,25.0,90.0,41.582897,-7.1443033,-2.6371202,70.96152,25.37918,89.091484,0.50569624
1.1458333333333333,41.353928,-6.8018513,-2.930426,70.0,25.0,90.0,41.582897,-7.1443033,-2.6371202,70.96152,25.37918,89.091484,0.50569624
1.15,41.353928,-6.8018513,-2.930426,70.0,25.0,90.0,41.582897,-7.1443033,-2.6371202,70.96152,25.37918,89.091484,0.50569624
1.1541666666666666,41.353928,-6.8018513,-2.930426,70.0,25.0,90.0,41.582897,-7.1443033,-2.6371202,70.96152,25.37918,89.091484,0.50569624
1.1583333333333334,41.353928,-6.8018513,-2.930426,70.0,25.0,90.0,41.582897,-7.1443033,-2.6371202,70.96152,25.37918,89.091484,0.50569624
1.1625,41.353928,-6.8018513,-2.930426,70.0,25.0,90.0,41.582897,-7.1443033,-2.6371202,70.96152,25.37918,89.091484,0.50569624
1.1666666666666667,41.353928,-6.8018513,-2.930426,70.0,25.0,90.0,41.582897,-7.1443033,-2.6371202,70.96152,25.37918,89.091484,0.50569624
1.1708333333333334,41.353928,-6.8018513,-2.930426,70.0,25.0,90.0,41.582897,-7.1443033,-2.6371202,70.96152,25.37918,89.091484,0.50569624
1.175,41.353928,-6.8018513,-2.930426,70.0,25.0,90.0,41.582897,-7.1443033,-2.6371202,70.96152,25.37918,89.091484,0.50569624
1.1791666666666667,41.353928,-6.8018513,-2.930426,70.0,25.0,90.0,41.582897,-7.1443033,-2.6371202,70.96152,25.37918,89.091484,0.50569624
1.1833333333333333,41.353928,-6.8018513,-2.930426,70.0,25.0,90.0,41.582897,-7.1443033,-2.6371202,70.96152,25.37918,89.091484,0.50569624
1.1875,41.353928,-6.8018513,-2.930426,70.0,25.0,90.0,41.582897,-7.1443033,-2.6371202,70.96152,25.37918,89.091484,0.50569624
1.1916666666666667,41.353928,-6.8018513,-2.930426,70.0,25.0,90.0,41.582897,-7.1443033,-2.6371202,70.96152,25.37918,89.091484,0.50569624
1.1958333333333333,41.353928,-6.8018513,-2.930426,70.0,25.0,90.0,41.582897,-7.1443033,-2.6371202,70.96152,25.37918,89.091484,0.50569624
1.2,41.353928,-6.8018513,-2.930426,70.0,25.0,90.0,41.582897,-7.1443033,-2.6371202,70.96152,25.37918,89.091484,0.50569624
1.2041666666666666,41.353928,-6.8018513,-2.930426,70.0,25.0,90.0,41.582897,-7.1443033,-2.6371202,70.96152,25.37918,89.091484,0.50569624
1.2083333333333333,41.353928,-6.8018513,-2.930426,70.0,25.0,90.0,41.582897,-7.1443033,-2.6371202,70.96152,25.37918,89.091484,0.50569624
1.2125,41.353928,-6.8018513,-2.930426,70.0,25.0,90.0,41.582897,-7.1443033,-2.6371202,70.96152,25.37918,89.091484,0.50569624
1.2166666666666666,41.353928,-6.8018513,-2.930426,70.0,25.0,90.0,41.582897,-7.1443033,-2.6371202,70.96152,25.37918,89.091484,0.50569624
1.2208333333333334,41.353928,-6.8018513,-2.930426,70.0,25.0,90.0,41.582897,-7.1443033,-2.6371202,70.96152,25.37918,89.091484,0.50569624
1.225,41.353928,-6.8018513,-2.930426,70.0,25.0,90.0,41.582897,-7.1443033,-2.6371202,70.96152,25.37918,89.091484,0.50569624
1.2291666666666667,41.353928,-6.8018513,-2.930426,70.0,25.0,90.0,41.582897,-7.1443033,-2.6371202,70.96152,25.37918,89.091484,0.50569624
1.2333333333333334,41.353928,-6.8018513,-2.930426,70.0,25.0,90.0,41.582897,-7.1443033,-2.6371202,70.96152,25.37918,89.091484,0.50569624
1.2375,41.353928,-6.8018513,-2.930426,70.0,25.0,90.0,41.582897,-7.1443033,-2.6371202,70.96152,25.37918,89.091484,0.50569624
1.2416666666666667,41.353928,-6.8018513,-2.930426,70.0,25.0,90.0,41.582897,-7.1443033,-2.6371202,70.96152,25.37918,89.091484,0.50569624
1.2458333333333333,41.353928,-6.8018513,-2.930426,70.0,25.0,90.0,41.582897,-7.1443033,-2.6371202,70.96152,25.37918,89.091484,0.50569624
1.25,41.353928,-6.8018513,-2.930426,70.0,25.0,90.0,41.582897,-7.1443033,-2.6371202,70.96152,25.37918,89.091484,0.50569624
1.2541666666666667,41.353928,-6.8018513,-2.930426,70.0,25.0,90.0,41.582897,-7.1443033,-2.6371202,70.96152,25.37918,89.091484,0.50569624
1.2583333333333333,41.353928,-6.8018513,-2.930426,70.0,25.0,90.0,41.582897,-7.1443033,-2.6371202,70.96152,25.37918,89.091484,0.50569624
1.2625,41.353928,-6.8018513,-2.930426,70.0,25.0,90.0,41.582897,-7.1443033,-2.6371202,70.96152,25.37918,89.091484,0.50569624
1.2666666666666666,41.353928,-6.8018513,-2.930426,70.0,25.0,90.0,41.582897,-7.1443033,-2.6371202,70.96152,25.37918,89.091484,0.50569624
1.2708333333333333,41.353928,-6.8018513,-2.930426,70.0,25.0,90.0,41.582897,-7.1443033,-2.6371202,70.96152,25.37918,89.091484,0.50569624
1.275,41.353928,-6.8018513,-2.930426,70.0,25.0,90.0,41.582897,-7.1443033,-2.6371202,70.96152,25.37918,89.091484,0.50569624
1.2791666666666666,41.353928,-6.8018513,-2.930426,70.0,25.0,90.0,41.582897,-7.1443033,-2.6371202,70.96152,25.37918,89.091484,0.50569624
1.2833333333333334,41.353928,-6.8018513,-2.930426,70.0,25.0,90.0,41.582897,-7.1443033,-2.6371202,70.96152,25.37918,89.091484,0.50569624
1.2875,41.353928,-6.8018513,-2.930426,70.0,25.0,90.0,41.582897,-7.1443033,-2.6371202,70.96152,25.37918,89.091484,0.50569624
1.2916666666666667,41.353928,-6.8018513,-2.930426,70.0,25.0,90.0,41.582897,-7.1443033,-2.6371202,70.96152,25.37918,89.091484,0.50569624
1.2958333333333334,41.353928,-6.8018513,-2.930426,70.0,25.0,90.0,41.582897,-7.1443033,-2.6371202,70.96152,25.37918,89.091484,0.50569624
1.3,41.353928,-6.8018513,-2.930426,70.0,25.0,90.0,41.582897,-7.1443033,-2.6371202,70.96152,25.37918,89.091484,0.50569624
1.3041666666666667,41.353928,-6.8018513,-2.930426,70.0,25.0,90.0,41.582897,-7.1443033,-2.6371202,70.96152,25.37918,89.091484,0.50569624
1.3083333333333333,41.353928,-6.8018513,-2.930426,70.0,25.0,90.0,41.582897,-7.1443033,-2.6371202,70.96152,25.37918,89.091484,0.50569624
1.3125,41.353928,-6.8018513,-2.930426,70.0,25.0,90.0,41.582897,-7.1443033,-2.6371202,70.96152,25.37918,89.091484,0.50569624
1.3166666666666667,41.353928,-6.8018513,-2.930426,70.0,25.0,90.0,41.582897,-7.1443033,-2.6371202,70.96152,25.37918,89.091484,0.50569624
1.3208333333333333,41.353928,-6.8018513,-2.930426,70.0,25.0,90.0,41.582897,-7.1443033,-2.6371202,70.96152,25.37918,89.091484,0.50569624
1.325,41.353928,-6.8018513,-2.930426,70.0,25.0,90.0,41.582897,-7.1443033,-2.6371202,70.96152,25.37918,89.091484,0.50569624
1.3291666666666666,41.353928,-6.8018513,-2.930426,70.0,25.0,90.0,41.582897,-7.1443033,-2.6371202,70.96152,25.37918,89.091484,0.50569624
1.3333333333333333,41.353928,-6.8018513,-2.930426,70.0,25.0,90.0,41.582897,-7.1443033,-2.6371202,70.96152,25.37918,89.091484,0.50569624
1.3375,41.353928,-6.8018513,-2.930426,70.0,25.0,90.0,41.582897,-7.1443033,-2.6371202,70.96152,25.37918,89.091484,0.50569624
1.3416666666666666,41.353928,-6.8018513,-2.930426,70.0,25.0,90.0,41.582897,-7.1443033,-2.6371202,70.96152,25.37918,89.091484,0.50569624
1.3458333333333334,41.353928,-6.8018513,-2.930426,70.0,25.0,90.0,41.582897,-7.1443033,-2.6371202,70.96152,25.37918,89.091484,0.50569624
1.35,41.353928,-6.8018513,-2.930426,70.0,25.0,90.0,41.582897,-7.1443033,-2.6371202,70.96152,25.37918,89.091484,0.50569624
1.3541666666666667,41.353928,-6.8018513,-2.930426,70.0,25.0,90.0,41.582897,-7.1443033,-2.6371202,70.96152,25.37918,89.091484,0.50569624
1.3583333333333334,41.353928,-6.8018513,-2.930426,70.0,25.0,90.0,41.582897,-7.1443033,-2.6371202,70.96152,25.37918,89.091484,0.50569624
1.3625,41.353928,-6.8018513,-2.930426,70.0,25.0,90.0,41.582897,-7.1443033,-2.6371202,70.96152,25.37918,89.091484,0.50569624
1.3666666666666667,41.353928,-6.8018513,-2.930426,70.0,25.0,90.0,41.582897,-7.1443033,-2.6371202,70.96152,25.37918,89.091484,0.50569624
1.3708333333333333,41.353928,-6.8018513,-2.930426,70.0,25.0,90.0,41.582897,-7.1443033,-2.6371202,70.96152,25.37918,89.091484,0.50569624
1.375,41.353928,-6.8018513,-2.930426,70.0,25.0,90.0,41.582897,-7.1443033,-2.6371202,70.96152,25.37918,89.091484,0.50569624
1.3791666666666667,41.353928,-6.8018513,-2.930426,70.0,25.0,90.0,41.582897,-7.1443033,-2.6371202,70.96152,25.37918,89.091484,0.50569624
1.3833333333333333,41.353928,-6.8018513,-2.930426,70.0,25.0,90.0,41.582897,-7.1443033,-2.6371202,70.96152,25.37918,89.091484,0.50569624
1.3875,41.353928,-6.8018513,-2.930426,70.0,25.0,90.0,41.582897,-7.1443033,-2.6371202,70.96152,25.37918,89.091484,0.50569624
1.3916666666666666,41.353928,-6.8018513,-2.930426,70.0,25.0,90.0,41.582897,-7.1443033,-2.6371202,70.96152,25.37918,89.091484,0.50569624
1.3958333333333333,41.353928,-6.8018513,-2.930426,70.0,25.0,90.0,41.582897,-7.1443033,-2.6371202,70.96152,25.37918,89.091484,0.50569624
1.4,41.353928,-6.8018513,-2.930426,70.0,25.0,90.0,41.582897,-7.1443033,-2.6371202,70.96152,25.37918,89.091484,0.50569624
1.4041666666666666,41.353928,-6.8018513,-2.930426,70.0,25.0,90.0,41.582897,-7.1443033,-2.6371202,70.96152,25.37918,89.091484,0.50569624
1.4083333333333334,41.353928,-6.8018513,-2.930426,70.0,25.0,90.0,41.582897,-7.1443033,-2.6371202,70.96152,25.37918,89.091484,0.50569624
1.4125,41.353928,-6.8018513,-2.930426,70.0,25.0,90.0,41.582897,-7.1443033,-2.6371202,70.96152,25.37918,89.091484,0.50569624
1.4166666666666667,41.353928,-6.8018513,-2.930426,70.0,25.0,90.0,41.582897,-7.1443033,-2.6371202,70.96152,25.37918,89.091484,0.50569624
1.4208333333333334,41.353928,-6.8018513,-2.930426,70.0,25.0,90.0,41.582897,-7.1443033,-2.6371202,70.96152,25.37918,89.091484,0.50569624
1.425,41.353928,-6.8018513,-2.930426,70.0,25.0,90.0,41.582897,-7.1443033,-2.6371202,70.96152,25.37918,89.091484,0.50569624
1.4291666666666667,41.353928,-6.8018513,-2.930426,70.0,25.0,90.0,41.582897,-7.1443033,-2.6371202,70.96152,25.37918,89.091484,0.50569624
1.4333333333333333,41.353928,-6.8018513,-2.930426,70.0,25.0,90.0,41.582897,-7.1443033,-2.6371202,70.96152,25.37918,89.091484,0.50569624
1.4375,41.353928,-6.8018513,-2.930426,70.0,25.0,90.0,41.582897,-7.1443033,-2.6371202,70.96152,25.37918,89.091484,0.50569624
1.4416666666666667,41.353928,-6.8018513,-2.930426,70.0,25.0,90.0,41.582897,-7.1443033,-2.6371202,70.96152,25.37918,89.091484,0.50569624
1.4458333333333333,41.353928,-6.8018513,-2.930426,70.0,25.0,90.0,41.582897,-7.1443033,-2.6371202,70.96152,25.37918,89.091484,0.50569624
1.45,41.353928,-6.8018513,-2.930426,70.0,25.0,90.0,41.582897,-7.1443033,-2.6371202,70.96152,25.37918,89.091484,0.50569624
1.4541666666666666,41.353928,-6.8018513,-2.930426,70.0,25.0,90.0,41.582897,-7.1443033,-2.6371202,70.96152,25.37918,89.091484,0.50569624
1.4583333333333333,41.353928,-6.8018513,-2.930426,70.0,25.0,90.0,41.582897,-7.1443033,-2.6371202,70.96152,25.37918,89.091484,0.50569624
1.4625,41.353928,-6.8018513,-2.930426,70.0,25.0,90.0,41.582897,-7.1443033,-2.6371202,70.96152,25.37918,89.091484,0.50569624
1.4666666666666666,41.353928,-6.8018513,-2.930426,70.0,25.0,90.0,41.582897,-7.1443033,-2.6371202,70.96152,25.37918,89.091484,0.50569624
1.4708333333333334,41.353928,-6.8018513,-2.930426,70.0,25.0,90.0,41.582897,-7.1443033,-2.6371202,70.96152,25.37918,89.091484,0.50569624
1.475,41.353928,-6.8018513,-2.930426,70.0,25.0,90.0,41.582897,-7.1443033,-2.6371202,70.96152,25.37918,89.091484,0.50569624
1.4791666666666667,41.353928,-6.8018513,-2.930426,70.0,25.0,90.0,41.582897,-7.1443033,-2.6371202,70.96152,25.37918,89.091484,0.50569624
1.4833333333333334,41.353928,-6.8018513,-2.930426,70.0,25.0,90.0,41.582897,-7.1443033,-2.6371202,70.96152,25.37918,89.091484,0.50569624
1.4875,41.353928,-6.8018513,-2.930426,70.0,25.0,90.0,41.582897,-7.1443033,-2.6371202,70.96152,25.37918,89.091484,0.50569624
1.4916666666666667,41.353928,-6.8018513,-2.930426,70.0,25.0,90.0,41.582897,-7.1443033,-2.6371202,70.96152,25.37918,89.091484,0.50569624
1.4958333333333333,41.353928,-6.8018513,-2.930426,70.0,25.0,90.0,41.582897,-7.1443033,-2.6371202,70.96152,25.37918,89.091484,0.50569624
1.5,41.353928,-6.8018513,-2.930426,70.0,25.0,90.0,41.582897,-7.1443033,-2.6371202,70.96152,25.37918,89.091484,0.50569624
1.5041666666666667,41.353928,-6.8018513,-2.930426,70.0,25.0,90.0,41.582897,-7.1443033,-2.6371202,70.96152,25.37918,89.091484,0.50569624
1.5083333333333333,41.353928,-6.8018513,-2.930426,70.0,25.0,90.0,41.582897,-7.1443033,-2.6371202,70.96152,25.37918,89.091484,0.50569624
1.5125,41.353928,-6.8018513,-2.930426,70.0,25.0,90.0,41.582897,-7.1443033,-2.6371202,70.96152,25.37918,89.091484,0.50569624
1.5166666666666666,41.353928,-6.8018513,-2.930426,70.0,25.0,90.0,41.582897,-7.1443033,-2.6371202,70.96152,25.37918,89.091484,0.50569624
1.5208333333333333,41.353928,-6.8018513,-2.930426,70.0,25.0,90.0,41.582897,-7.1443033,-2.6371202,70.96152,25.37918,89.091484,0.50569624
1.525,41.353928,-6.8018513,-2.930426,70.0,25.0,90.0,41.582897,-7.1443033,-2.6371202,70.96152,25.37918,89.091484,0.50569624
1.5291666666666666,41.353928,-6.8018513,-2.930426,70.0,25.0,90.0,41.582897,-7.1443033,-2.6371202,70.96152,25.37918,89.091484,0.50569624
1.5333333333333334,41.353928,-6.8018513,-2.930426,70.0,25.0,90.0,41.582893,-7.1442995,-2.6371183,70.96152,25.379177,89.09149,0.505693
1.5375,41.353928,-6.8018513,-2.930426,70.0,25.0,90.0,41.58289,-7.1443024,-2.6371107,70.961525,25.37917,89.0915,0.5056976
1.5416666666666667,41.353928,-6.8018513,-2.930426,70.0,25.0,90.0,41.582882,-7.1442986,-2.6370716,70.96157,25.379154,89.09152,0.5057143
1.5458333333333334,41.353928,-6.8018513,-2.930426,70.0,25.0,90.0,41.582882,-7.1442423,-2.6369925,70.961716,25.379246,89.09152,0.5057221
1.55,41.353928,-6.8018513,-2.930426,70.0,25.0,90.0,41.58289,-7.144085,-2.6368437,70.962036,25.379509,89.0914,0.5057054
1.5541666666666667,41.353928,-6.8018513,-2.930426,70.0,25.0,90.0,41.58291,-7.143778,-2.636611,70.96273,25.380165,89.09108,0.50564146
1.5583333333333333,41.353928,-6.8018513,-2.930426,70.0,25.0,90.0,41.58294,-7.1432705,-2.6361713,70.96408,25.381336,89.0905,0.5055681
1.5625,41.353928,-6.8018513,-2.930426,70.0,25.0,90.0,41.58293,-7.142477,-2.6353865,70.96639,25.383167,89.089645,0.50548685
1.5666666666666667,41.353928,-6.8018513,-2.930426,70.0,25.0,90.0,41.582848,-7.1412535,-2.6341848,70.970024,25.385944,89.08842,0.5053286
1.5708333333333333,41.353928,-6.8018513,-2.930426,70.0,25.0,90.0,41.58276,-7.1394644,-2.6326027,70.9751,25.389854,89.086586,0.50502026
1.575,41.353928,-6.8018513,-2.930426,70.0,25.0,90.0,41.582783,-7.137063,-2.6306343,70.98194,25.394814,89.083885,0.50459546
1.5791666666666666,41.353928,-6.8018513,-2.930426,70.0,25.0,90.0,41.58293,-7.133913,-2.6282673,70.99066,25.400715,89.08018,0.5039917
1.5833333333333333,41.353928,-6.8018513,-2.930426,70.0,25.0,90.0,41.583138,-7.129819,-2.625658,71.00112,25.407356,89.07542,0.50297457
1.5875,41.353928,-6.8018513,-2.930426,70.0,25.0,90.0,41.583134,-7.1247625,-2.6232605,71.01304,25.415504,89.06867,0.5011564
1.5916666666666666,41.353928,-6.8018513,-2.930426,70.0,25.0,90.0,41.582806,-7.118326,-2.621601,71.02519,25.425182,89.060326,0.49790987
1.5958333333333334,41.353928,-6.8018513,-2.930426,70.0,25.0,90.0,41.582306,-7.11057,-2.6213608,71.03649,25.437065,89.05064,0.4929352
1.6,41.353928,-6.8018513,-2.930426,70.0,25.0,90.0,41.58105,-7.101635,-2.6224232,71.04613,25.450165,89.04265,0.4861285
1.6041666666666667,41.353928,-6.8018513,-2.930426,70.0,25.0,90.0,41.57789,-7.091646,-2.624979,71.054886,25.46453,89.037094,0.47690392
1.6083333333333334,41.353928,-6.8018513,-2.930426,70.0,25.0,90.0,41.573822,-7.08097,-2.6282597,71.06298,25.478336,89.0345,0.4664388
1.6125,41.353928,-6.8018513,-2.930426,70.0,25.0,90.0,41.568047,-7.0697727,-2.6342354,71.06933,25.49339,89.033676,0.45316404
1.6166666666666667,41.353928,-6.8018513,-2.930426,70.0,25.0,90.0,41.558205,-7.0594797,-2.6402931,71.07454,25.506882,89.04374,0.43849576
1.6208333333333333,41.353928,-6.8018513,-2.930426,70.0,25.0,90.0,41.54308,-7.048382,-2.6446161,71.07495,25.507866,89.06653,0.42218825
1.625,41.353928,-6.8018513,-2.930426,70.0,25.0,90.0,41.52558,-7.0386286,-2.6528835,71.070114,25.495758,89.10233,0.40318513
1.6291666666666667,41.353928,-6.8018513,-2.930426,70.0,25.0,90.0,41.512695,-7.0273,-2.6759424,71.05463,25.485527,89.15139,0.37522805
1.6333333333333333,41.353928,-6.8018513,-2.930426,70.0,25.0,90.0,41.504383,-7.0147266,-2.7114868,71.02494,25.475079,89.210686,0.34042192
1.6375,41.353928,-6.8018513,-2.930426,70.0,25.0,90.0,41.49492,-6.999671,-2.7558403,70.98419,25.46954,89.28542,0.29915094
1.6416666666666666,41.353928,-6.8018513,-2.930426,70.0,25.0,90.0,41.48865,-6.9803524,-2.8024597,70.93591,25.465298,89.37266,0.25765958
1.6458333333333333,41.353928,-6.8018513,-2.930426,70.0,25.0,90.0,41.4888,-6.9560213,-2.858757,70.87457,25.46753,89.46472,0.21701474
1.65,41.353928,-6.8018513,-2.930426,70.0,25.0,90.0,41.487354,-6.926882,-2.9145555,70.805046,25.46001,89.57042,0.18354066
1.6541666666666666,41.35389,-6.8018756,-2.9304245,70.000046,25.0,90.0001,41.49104,-6.8910484,-2.962844,70.74032,25.446365,89.68649,0.16677196
1.6583333333333334,41.353607,-6.8020396,-2.9304261,70.00034,25.0,90.0008,41.498665,-6.851679,-3.001562,70.687775,25.43718,89.80616,0.16901512
1.6625,41.352863,-6.8024716,-2.93043,70.00113,25.0,90.00266,41.510757,-6.805026,-3.0354424,70.64826,25.453049,89.925415,0.18964359
1.6666666666666667,41.35143,-6.803295,-2.930428,70.00265,25.0,90.00625,41.528973,-6.7529354,-3.0752163,70.60981,25.474167,90.045364,0.2345666
1.6708333333333334,41.34911,-6.8046355,-2.9304254,70.00511,25.0,90.01204,41.54538,-6.7230473,-3.1261768,70.60071,25.47245,90.17681,0.2889588
1.675,41.345707,-6.8065977,-2.9304247,70.00872,25.0,90.020546,41.554947,-6.6942415,-3.1921835,70.60774,25.498566,90.30617,0.3534444
1.6791666666666667,41.34104,-6.809291,-2.9304245,70.01367,25.0,90.0322,41.56652,-6.6619053,-3.2785325,70.61011,25.534058,90.41842,0.44016197
1.6833333333333333,41.334946,-6.8128123,-2.9304283,70.02014,25.0,90.047424,41.5833,-6.6368628,-3.382802,70.6046,25.551392,90.51334,0.5452347
1.6875,41.327255,-6.8172517,-2.9304254,70.02832,25.0,90.066635,41.60565,-6.6111813,-3.507288,70.5946,25.576103,90.5762,0.67285967
1.6916666666666667,41.31783,-6.8227005,-2.9304295,70.03835,25.0,90.090164,41.578827,-6.605851,-3.6246767,70.55025,25.598408,90.66869,0.77273715
1.6958333333333333,41.306515,-6.8292265,-2.9304254,70.05041,25.0,90.1184,41.511074,-6.60145,-3.7415257,70.500336,25.635529,90.75366,0.8669546
1.7,41.293198,-6.836916,-2.9304247,70.06462,25.0,90.15162,41.428375,-6.5804358,-3.8716688,70.43707,25.705486,90.83859,0.98488355
1.7041666666666666,41.27776,-6.845829,-2.9304264,70.08112,25.0,90.19011,41.326527,-6.504794,-3.996863,70.386345,25.780205,90.89793,1.1207006
1.7083333333333333,41.260086,-6.856033,-2.9304252,70.10006,25.0,90.234146,41.213753,-6.44384,-4.1200576,70.38419,25.842163,90.9298,1.259871
1.7125,41.240086,-6.8675804,-2.9304256,70.12154,25.0,90.28395,41.088867,-6.3996925,-4.251441,70.42244,25.937965,90.96847,1.409563
1.7166666666666666,41.217667,-6.8805223,-2.930424,70.145676,25.0,90.33974,40.956497,-6.351218,-4.388753,70.485374,26.069317,91.01832,1.5732436
1.7208333333333334,41.19275,-6.8949075,-2.9304268,70.17258,25.0,90.40169,40.820892,-6.273881,-4.504735,70.56039,26.197784,91.08455,1.7327428
1.725,41.165268,-6.9107757,-2.9304245,70.202354,25.0,90.46994,40.673145,-6.192979,-4.6239057,70.68544,26.359371,91.18549,1.9040209
1.7291666666666667,41.13516,-6.9281607,-2.9304276,70.235085,25.0,90.54465,40.532425,-6.1067514,-4.751622,70.832954,26.555439,91.28855,2.0868042
1.7333333333333334,41.102367,-6.947091,-2.930425,70.270874,25.0,90.62592,40.38764,-6.021884,-4.871711,70.99316,26.78424,91.40127,2.266149
1.7375,41.066853,-6.967596,-2.9304264,70.30979,25.0,90.71384,40.25151,-5.9435062,-4.9783354,71.15011,27.009418,91.52397,2.4305296
1.7416666666666667,41.02858,-6.9896927,-2.9304256,70.35192,25.0,90.80846,40.128086,-5.872962,-5.0928526,71.28948,27.242203,91.67702,2.595008
1.7458333333333333,40.98752,-7.0134006,-2.930428,70.39733,25.0,90.90983,40.009483,-5.810399,-5.201467,71.42804,27.503578,91.849335,2.7497969
1.75,40.94365,-7.038727,-2.9304247,70.4461,25.0,91.017975,39.88565,-5.7338266,-5.286548,71.58053,27.766605,92.03977,2.8936903
1.7541666666666667,40.89696,-7.065681,-2.9304264,70.49827,25.0,91.13288,39.770348,-5.6785355,-5.3817368,71.73402,28.082088,92.25843,3.033538
1.7583333333333333,40.84745,-7.094267,-2.9304256,70.55391,25.0,91.254524,39.672516,-5.6263666,-5.4543657,71.86457,28.41243,92.506294,3.1472967
1.7625,40.795116,-7.1244826,-2.9304314,70.61306,25.0,91.38287,39.583942,-5.584202,-5.5110083,72.00068,28.727444,92.741684,3.2401829
1.7666666666666666,40.73997,-7.1563206,-2.9304266,70.67579,25.0,91.51786,39.524517,-5.545164,-5.5343313,72.13716,28.980186,92.97318,3.294461
1.7708333333333333,40.68203,-7.189773,-2.9304242,70.74212,25.0,91.65942,39.474216,-5.523219,-5.542622,72.30935,29.201145,93.18457,3.3256269
1.775,40.621315,-7.224827,-2.9304252,70.81208,25.0,91.80743,39.401672,-5.527136,-5.5692906,72.50699,29.404572,93.37491,3.3664958
1.7791666666666666,40.557858,-7.2614646,-2.9304252,70.88571,25.0,91.96179,39.31906,-5.556058,-5.5823274,72.708694,29.584377,93.56606,3.3875673
1.7833333333333334,40.49169,-7.2996626,-2.9304256,70.96303,25.0,92.12238,39.19998,-5.5924587,-5.634057,72.91933,29.937855,93.745995,3.448577
1.7875,40.42286,-7.3394046,-2.9304276,71.04405,25.0,92.28904,39.073654,-5.6320925,-5.692727,73.12963,30.354977,93.92952,3.516471
1.7916666666666667,40.351406,-7.3806577,-2.9304261,71.1288,25.0,92.461624,38.94302,-5.6825266,-5.7305894,73.32216,30.695091,94.1191,3.5648444
1.7958333333333334,40.277386,-7.4233923,-2.9304273,71.21726,25.0,92.639946,38.813023,-5.722471,-5.7493887,73.49026,30.94466,94.30169,3.6033368
1.8,40.20086,-7.4675765,-2.9304264,71.30945,25.0,92.82382,38.71343,-5.774849,-5.743972,73.66401,31.111774,94.49995,3.6046934
1.8041666666666667,40.121883,-7.513173,-2.9304278,71.40534,25.0,93.01306,38.63755,-5.855794,-5.718382,73.82783,31.15839,94.68531,3.5669088
1.8083333333333333,40.04053,-7.560142,-2.9304252,71.50494,25.0,93.20746,38.582817,-5.930979,-5.69732,73.97632,31.153023,94.84389,3.5263026
1.8125,39.956875,-7.608442,-2.9304264,71.60819,25.0,93.40678,38.545353,-5.9988317,-5.702805,74.09245,31.120792,94.96538,3.5027592
1.8166666666666667,39.87099,-7.658025,-2.9304254,71.71509,25.0,93.6108,38.526627,-6.052495,-5.715155,74.19638,31.059582,95.07068,3.484216
1.8208333333333333,39.78296,-7.7088494,-2.930426,71.825584,25.0,93.81929,38.51897,-6.1012325,-5.7172017,74.304634,30.999187,95.178505,3.4566195
1.825,39.69287,-7.760868,-2.9304268,71.93964,25.0,94.03198,38.518005,-6.148982,-5.7264104,74.41333,30.959145,95.279045,3.434532
1.8291666666666666,39.600807,-7.8140225,-2.9304252,72.05719,25.0,94.24865,38.504314,-6.202636,-5.73178,74.528946,30.960304,95.36901,3.41269
1.8333333333333333,39.50686,-7.8682604,-2.93043,72.17817,25.0,94.46903,38.455654,-6.262376,-5.7571115,74.66509,31.061493,95.45745,3.4167273
1.8375,39.411137,-7.923522,-2.9304247,72.30252,25.0,94.69284,38.398655,-6.326474,-5.78438,74.79573,31.161198,95.553154,3.4235568
1.8416666666666666,39.31373,-7.9797606,-2.9304264,72.43015,25.0,94.919815,38.33845,-6.3904276,-5.812465,74.93128,31.27375,95.66908,3.4326801
1.8458333333333334,39.214745,-8.036912,-2.9304273,72.56098,25.0,95.14967,38.27533,-6.455847,-5.8349223,75.07443,31.382961,95.80074,3.4377842
1.85,39.11429,-8.094908,-2.9304254,72.69491,25.0,95.38215,38.212036,-6.5159645,-5.8539495,75.216644,31.479774,95.952675,3.4429805
1.8541666666666667,39.012463,-8.153699,-2.9304254,72.83183,25.0,95.61695,38.14907,-6.5753765,-5.883117,75.34349,31.553078,96.11944,3.457591
1.8583333333333334,38.909386,-8.21321,-2.9304247,72.971634,25.0,95.8538,38.088154,-6.634183,-5.911315,75.47635,31.623348,96.29333,3.4718087
1.8625,38.805164,-8.27338,-2.9304256,73.11419,25.0,96.09241,38.024178,-6.6941557,-5.940317,75.61327,31.68851,96.47665,3.4875977
1.8666666666666667,38.699917,-8.334147,-2.9304264,73.25938,25.0,96.33248,37.95259,-6.7586555,-5.968329,75.77151,31.755772,96.67581,3.5027878
1.8708333333333333,38.59376,-8.395435,-2.9304266,73.40704,25.0,96.57374,37.879063,-6.8280153,-5.980443,75.93068,31.808334,96.88176,3.5028844
1.875,38.486813,-8.457183,-2.930425,73.55706,25.0,96.815895,37.803955,-6.9031334,-5.9838824,76.08607,31.842815,97.0849,3.4935608
1.8791666666666667,38.37919,-8.519317,-2.9304247,73.70926,25.0,97.05867,37.732533,-6.9773836,-5.9846087,76.24002,31.881535,97.29467,3.4819193
1.8833333333333333,38.271015,-8.581774,-2.9304314,73.86347,25.0,97.30176,37.66462,-7.045725,-5.9782453,76.39108,31.918072,97.52027,3.466458
1.8875,38.162415,-8.644473,-2.9304247,74.019554,25.0,97.54489,37.596455,-7.1111603,-5.9732046,76.537186,31.959156,97.753265,3.4539642
1.8916666666666666,38.0535,-8.707354,-2.9304256,74.17731,25.0,97.78779,37.528973,-7.1751566,-5.9680195,76.681755,31.996807,97.987686,3.4423442
1.8958333333333333,37.944405,-8.77034,-2.9304252,74.336555,25.0,98.030174,37.458893,-7.2373657,-5.961657,76.81873,32.010445,98.22304,3.4313407
1.9,37.835247,-8.833362,-2.930424,74.49711,25.0,98.27177,37.388363,-7.3044415,-5.943681,76.95155,31.984558,98.469925,3.4083748
1.9041666666666666,37.72615,-8.896349,-2.9304256,74.65877,25.0,98.5123,37.30451,-7.37434,-5.920562,77.09276,31.93126,98.74653,3.3815982
1.9083333333333334,37.61724,-8.9592285,-2.9304268,74.821335,25.0,98.751495,37.21067,-7.4400606,-5.893098,77.22865,31.856995,99.04522,3.3541899
1.9125,37.508636,-9.021932,-2.9304261,74.98461,25.0,98.98911,37.1093,-7.5002394,-5.863906,77.35382,31.768654,99.355896,3.3287117
1.9166666666666667,37.400463,-9.084384,-2.9304242,75.148384,25.0,99.22489,37.006985,-7.556735,-5.8263235,77.466354,31.677021,99.68482,3.2976916
1.9208333333333334,37.292843,-9.146521,-2.9304268,75.31243,25.0,99.458565,36.9039,-7.6103315,-5.7755656,77.58484,31.581123,100.02161,3.2566805
1.925,37.185894,-9.208268,-2.930427,75.47655,25.0,99.6899,36.80427,-7.6556196,-5.7106233,77.70932,31.489338,100.352554,3.207155
1.9291666666666667,37.07974,-9.269559,-2.9304273,75.64051,25.0,99.91866,36.709553,-7.6981573,-5.6487484,77.834366,31.384449,100.66178,3.1615834
1.9333333333333333,36.97449,-9.330321,-2.9304252,75.8041,25.0,100.144615,36.6184,-7.7348223,-5.599579,77.956665,31.272057,100.951744,3.129984
1.9375,36.87027,-9.390495,-2.930426,75.967094,25.0,100.36753,36.52679,-7.7685957,-5.5506124,78.09474,31.153233,101.23351,3.1006312
1.9416666666666667,36.767193,-9.450005,-2.930426,76.129265,25.0,100.5872,36.427834,-7.7908,-5.4905,78.2508,31.010548,101.497604,3.0695446
1.9458333333333333,36.665367,-9.508794,-2.9304261,76.2904,25.0,100.8034,36.318,-7.817972,-5.4340396,78.41351,30.8539,101.727356,3.04099
1.95,36.56491,-9.566793,-2.930425,76.450264,25.0,101.01592,36.21325,-7.84756,-5.3652344,78.59918,30.721733,101.9559,3.0012875
1.9541666666666666,36.465923,-9.623945,-2.93043,76.60864,25.0,101.224594,36.11619,-7.8821487,-5.289184,78.78659,30.610378,102.15982,2.9529457
1.9583333333333333,36.36852,-9.680178,-2.9304261,76.76532,25.0,101.429214,36.021866,-7.921668,-5.218496,78.98722,30.511791,102.33617,2.9065077
1.9625,36.272793,-9.735448,-2.9304261,76.92008,25.0,101.6296,35.9319,-7.967704,-5.1523438,79.185646,30.405537,102.46913,2.859728
1.9666666666666666,36.178852,-9.789682,-2.9304266,77.0727,25.0,101.82559,35.852776,-8.021592,-5.1062455,79.34493,30.327187,102.55203,2.8225267
1.9708333333333334,36.08679,-9.842836,-2.930425,77.222984,25.0,102.01701,35.776234,-8.077476,-5.063244,79.503975,30.26144,102.61045,2.7860115
1.975,35.996696,-9.894853,-2.9304273,77.37071,25.0,102.20372,35.719612,-8.175661,-5.013323,79.64764,30.110477,102.66191,2.7149308
1.9791666666666667,35.908665,-9.945679,-2.9304278,77.5157,25.0,102.385574,35.65605,-8.295583,-4.986249,79.764244,29.922356,102.69816,2.648213
1.9833333333333334,35.822777,-9.995262,-2.930426,77.65775,25.0,102.56245,35.60341,-8.423288,-4.979615,79.86515,29.72197,102.71884,2.5919878
1.9875,35.73912,-10.043562,-2.930425,77.79668,25.0,102.734184,35.556427,-8.5601015,-4.973756,79.96353,29.493114,102.74212,2.5316463
1.9916666666666667,35.65777,-10.09053,-2.9304256,77.93229,25.0,102.90069,35.52887,-8.720431,-4.9670286,80.06541,29.249329,102.74843,2.4579542
1.9958333333333333,35.578796,-10.136126,-2.9304237,78.06443,25.0,103.06185,35.523674,-8.889378,-4.9664564,80.12826,29.014534,102.7505,2.3880637
2.0,35.50227,-10.180311,-2.9304242,78.19293,25.0,103.21758,35.513676,-9.043352,-4.9575305,80.16727,28.797115,102.76247,2.324213
2.004166666666667,35.42825,-10.223046,-2.9304261,78.317635,25.0,103.3678,35.508472,-9.19454,-4.9212255,80.22153,28.54803,102.77627,2.2422183
2.0083333333333333,35.356796,-10.2642975,-2.930426,78.4384,25.0,103.51241,35.522408,-9.310953,-4.869424,80.30461,28.274353,102.79186,2.167027
2.0125,35.287964,-10.304038,-2.9304273,78.55509,25.0,103.65137,35.553593,-9.401122,-4.814261,80.34728,28.020103,102.81317,2.1058598
2.0166666666666666,35.221798,-10.342239,-2.9304256,78.667595,25.0,103.78461,35.598686,-9.488554,-4.7482066,80.377426,27.780685,102.82241,2.0433187
2.0208333333333335,35.15834,-10.378877,-2.9304254,78.77579,25.0,103.91209,35.658173,-9.5739975,-4.6434035,80.40169,27.4883,102.81583,1.9575384
2.025,35.097626,-10.413929,-2.930424,78.87957,25.0,104.033775,35.691315,-9.654038,-4.5220494,80.42399,27.151615,102.79514,1.8609599
2.029166666666667,35.039684,-10.447382,-2.9304266,78.97885,25.0,104.14965,35.71187,-9.730205,-4.4084826,80.4511,26.74501,102.767426,1.7750561
2.033333333333333,34.98454,-10.479222,-2.930427,79.07356,25.0,104.2597,35.69162,-9.810044,-4.2820106,80.48863,26.36713,102.76019,1.6656952
2.0375,34.932205,-10.509436,-2.9304247,79.16364,25.0,104.36393,35.653625,-9.894296,-4.1411343,80.52721,26.014042,102.762436,1.5377458
2.0416666666666665,34.882694,-10.538021,-2.9304264,79.24903,25.0,104.46235,35.618324,-9.969083,-3.980504,80.55328,25.68892,102.777,1.402678
2.0458333333333334,34.836006,-10.564975,-2.9304245,79.32971,25.0,104.555,35.58514,-10.028532,-3.8153348,80.573814,25.356571,102.79555,1.2775128
2.05,34.792137,-10.590303,-2.9304268,79.40565,25.0,104.6419,35.569023,-10.083014,-3.648851,80.61251,25.06018,102.82985,1.1734684
2.0541666666666667,34.751076,-10.614011,-2.9304273,79.476845,25.0,104.723114,35.514915,-10.155073,-3.501957,80.642136,24.826756,102.89112,1.0586411
2.058333333333333,34.712803,-10.63611,-2.9304264,79.54331,25.0,104.79869,35.434498,-10.2266245,-3.3809428,80.67677,24.651321,102.969864,0.9441861
2.0625,34.677288,-10.656612,-2.9304252,79.60507,25.0,104.86874,35.34997,-10.282314,-3.2826724,80.71662,24.524944,103.08241,0.84656984
2.066666666666667,34.644497,-10.675546,-2.9304254,79.66217,25.0,104.93332,35.267105,-10.328759,-3.188675,80.75922,24.412445,103.20307,0.7580202
2.0708333333333333,34.614388,-10.692929,-2.930425,79.71466,25.0,104.99255,35.18917,-10.37122,-3.1093006,80.78978,24.30915,103.3242,0.6825463
2.075,34.586903,-10.708793,-2.9304261,79.76262,25.0,105.04657,35.136635,-10.405144,-3.0439615,80.80655,24.245853,103.44028,0.6381994
2.0791666666666666,34.56199,-10.723181,-2.9304256,79.806145,25.0,105.095474,35.08418,-10.44491,-2.998106,80.84235,24.23523,103.54843,0.595565
2.0833333333333335,34.53957,-10.736124,-2.9304245,79.845345,25.0,105.13945,35.021637,-10.512043,-2.971528,80.89358,24.266361,103.63199,0.533189
2.0875,34.51957,-10.74767,-2.9304242,79.88034,25.0,105.17865,34.960175,-10.578797,-2.9518242,80.93642,24.307476,103.69464,0.47234404
2.091666666666667,34.501896,-10.757874,-2.9304245,79.911285,25.0,105.213264,34.919277,-10.645209,-2.9258213,80.97905,24.31509,103.75465,0.43234426
2.095833333333333,34.486458,-10.7667885,-2.930426,79.93833,25.0,105.24348,34.886784,-10.710304,-2.9111223,81.014656,24.322174,103.82429,0.40475157
2.1,34.47314,-10.774476,-2.9304247,79.96168,25.0,105.26953,34.858204,-10.777957,-2.9086132,81.04277,24.338276,103.88368,0.3856961
2.1041666666666665,34.46183,-10.781007,-2.9304276,79.98151,25.0,105.29164,34.83011,-10.846018,-2.9147396,81.06287,24.357021,103.93727,0.3743015
2.1083333333333334,34.4524,-10.786451,-2.930426,79.998055,25.0,105.310074,34.801773,-10.91029,-2.927621,81.06798,24.379921,103.99091,0.37068212
2.1125,34.44471,-10.79089,-2.9304254,80.01155,25.0,105.3251,34.774498,-10.962928,-2.941883,81.070816,24.41518,104.045135,0.37214062
2.1166666666666667,34.438614,-10.794413,-2.9304252,80.022255,25.0,105.337006,34.748535,-11.006162,-2.964509,81.0656,24.434986,104.110565,0.376896
2.120833333333333,34.43395,-10.797103,-2.930426,80.03044,25.0,105.34612,34.728245,-11.044487,-2.9951143,81.053055,24.457996,104.17894,0.3898638
2.125,34.430546,-10.7990675,-2.9304261,80.036415,25.0,105.35277,34.71228,-11.080893,-3.0426846,81.02649,24.477356,104.23847,0.4140068
2.129166666666667,34.428226,-10.800408,-2.9304268,80.04049,25.0,105.35729,34.694313,-11.103859,-3.088297,80.98417,24.479836,104.31312,0.43336737
2.1333333333333333,34.426792,-10.801235,-2.9304261,80.04301,25.0,105.36009,34.676105,-11.123962,-3.126008,80.94325,24.458237,104.38587,0.45228562
2.1375,34.426044,-10.801664,-2.930426,80.04432,25.0,105.36156,34.663834,-11.140964,-3.1571379,80.90886,24.42284,104.44846,0.4722986
2.1416666666666666,34.425766,-10.801827,-2.9304273,80.04481,25.0,105.3621,34.656326,-11.154699,-3.1891394,80.872215,24.390491,104.506485,0.49457917
2.1458333333333335,34.425724,-10.801851,-2.9304264,80.04488,25.0,105.36218,34.653297,-11.163143,-3.2185369,80.83422,24.362335,104.55792,0.51510113
2.15,34.425724,-10.801851,-2.9304264,80.04488,25.0,105.36218,34.65819,-11.168542,-3.2482257,80.7957,24.343456,104.59956,0.5380517
2.154166666666667,34.425724,-10.801851,-2.9304264,80.04488,25.0,105.36218,34.671165,-11.17131,-3.2752976,80.75622,24.3302,104.63047,0.5618521
2.158333333333333,34.425724,-10.801851,-2.9304264,80.04488,25.0,105.36218,34.684456,-11.171648,-3.2972832,80.71819,24.318703,104.6546,0.58161473
2.1625,34.425724,-10.801851,-2.9304264,80.04488,25.0,105.36218,34.69904,-11.170235,-3.3164148,80.68012,24.307167,104.671715,0.5994954
2.1666666666666665,34.425724,-10.801851,-2.9304264,80.04488,25.0,105.36218,34.71612,-11.167391,-3.3340864,80.644714,24.300953,104.68514,0.61716396
2.1708333333333334,34.425724,-10.801851,-2.9304264,80.04488,25.0,105.36218,34.732296,-11.164095,-3.3494854,80.61429,24.300144,104.695175,0.63310134
2.175,34.425724,-10.801851,-2.9304264,80.04488,25.0,105.36218,34.74691,-11.160267,-3.3636336,80.58735,24.3074,104.70013,0.6475267
2.1791666666666667,34.425724,-10.801851,-2.9304264,80.04488,25.0,105.36218,34.759754,-11.156414,-3.377133,80.56259,24.316116,104.70188,0.6609369
2.183333333333333,34.425724,-10.801851,-2.9304264,80.04488,25.0,105.36218,34.767555,-11.154486,-3.3908153,80.54176,24.328213,104.7047,0.6731698
2.1875,34.425724,-10.801851,-2.9304264,80.04488,25.0,105.36218,34.773758,-11.152792,-3.4032989,80.523186,24.342476,104.70589,0.6840288
2.191666666666667,34.425724,-10.801851,-2.9304264,80.04488,25.0,105.36218,34.778923,-11.150936,-3.415804,80.50652,24.358974,104.70465,0.69440705
2.1958333333333333,34.425724,-10.801851,-2.9304264,80.04488,25.0,105.36218,34.7835,-11.149342,-3.4279795,80.49257,24.377106,104.70216,0.70449466
2.2,34.425724,-10.801851,-2.9304264,80.04488,25.0,105.36218,34.786827,-11.148168,-3.439402,80.48126,24.396362,104.69953,0.71371335
2.2041666666666666,34.425724,-10.801851,-2.9304264,80.04488,25.0,105.36218,34.78906,-11.146627,-3.4504948,80.47048,24.417412,104.69769,0.72204834
2.2083333333333335,34.425724,-10.801851,-2.9304264,80.04488,25.0,105.36218,34.790653,-11.145149,-3.4607468,80.461754,24.439034,104.69612,0.729566
2.2125,34.425724,-10.801851,-2.9304264,80.04488,25.0,105.36218,34.791645,-11.143968,-3.4699244,80.45547,24.459927,104.69463,0.7362065
2.216666666666667,34.425724,-10.801851,-2.9304264,80.04488,25.0,105.36218,34.79204,-11.1430435,-3.4779577,80.45092,24.479237,104.6931,0.7418837
2.220833333333333,34.425724,-10.801851,-2.9304264,80.04488,25.0,105.36218,34.792076,-11.142279,-3.4847088,80.44754,24.49599,104.691696,0.7465479
2.225,34.425724,-10.801851,-2.9304264,80.04488,25.0,105.36218,34.791916,-11.141714,-3.4901514,80.44518,24.509834,104.69046,0.7502635
2.2291666666666665,34.425724,-10.801851,-2.9304264,80.04488,25.0,105.36218,34.7917,-11.141274,-3.4943004,80.443634,24.520702,104.68934,0.7530599
2.2333333333333334,34.425724,-10.801851,-2.9304264,80.04488,25.0,105.36218,34.79147,-11.141041,-3.4973202,80.442795,24.528587,104.68836,0.7551079
2.2375,34.425724,-10.801851,-2.9304264,80.04488,25.0,105.36218,34.791256,-11.140985,-3.4993038,80.44242,24.533756,104.6875,0.7564698
2.2416666666666667,34.425724,-10.801851,-2.9304264,80.04488,25.0,105.36218,34.791103,-11.14103,-3.5004396,80.44228,24.5368,104.686775,0.7572712
2.245833333333333,34.425724,-10.801851,-2.9304264,80.04488,25.0,105.36218,34.791023,-11.141092,-3.5010042,80.44226,24.53838,104.68619,0.75768536
2.25,34.425724,-10.801851,-2.9304264,80.04488,25.0,105.36218,34.791008,-11.141123,-3.5012598,80.44226,24.539093,104.68582,0.75788414
2.254166666666667,34.425724,-10.801851,-2.9304264,80.04488,25.0,105.36218,34.79102,-11.141138,-3.5013647,80.44226,24.539402,104.68558,0.7579755
2.2583333333333333,34.425724,-10.801851,-2.9304264,80.04488,25.0,105.36218,34.791035,-11.141146,-3.5013971,80.442276,24.539505,104.6855,0.7580107
2.2625,34.425724,-10.801851,-2.9304264,80.04488,25.0,105.36218,34.791042,-11.141151,-3.5014105,80.44226,24.539536,104.68547,0.758027
2.2666666666666666,34.425724,-10.801851,-2.9304264,80.04488,25.0,105.36218,34.79104,-11.141152,-3.5014114,80.44226,24.539536,104.68547,0.7580263
2.2708333333333335,34.425724,-10.801851,-2.9304264,80.04488,25.0,105.36218,34.79104,-11.141153,-3.5014138,80.44226,24.539536,104.68547,0.7580285
2.275,34.425724,-10.801851,-2.9304264,80.04488,25.0,105.36218,34.79104,-11.141155,-3.5014076,80.44226,24.53954,104.68546,0.7580247
2.279166666666667,34.425724,-10.801851,-2.9304264,80.04488,25.0,105.36218,34.791042,-11.141153,-3.5014114,80.44226,24.53954,104.68546,0.75802857
2.283333333333333,34.425724,-10.801851,-2.9304264,80.04488,25.0,105.36218,34.79104,-11.141155,-3.5014095,80.44225,24.539536,104.68547,0.7580262
2.2875,34.425724,-10.801851,-2.9304264,80.04488,25.0,105.36218,34.79104,-11.141153,-3.5014095,80.44225,24.539532,104.68546,0.7580253
2.2916666666666665,34.425724,-10.801851,-2.9304264,80.04488,25.0,105.36218,34.79104,-11.141155,-3.5014138,80.44226,24.539532,104.68546,0.7580294
2.2958333333333334,34.425724,-10.801851,-2.9304264,80.04488,25.0,105.36218,34.79104,-11.141153,-3.5014138,80.44225,24.539532,104.68547,0.7580285
2.3,34.425724,-10.801851,-2.9304264,80.04488,25.0,105.36218,34.79104,-11.141156,-3.5014138,80.44225,24.539532,104.68546,0.75802976
2.3041666666666667,34.425724,-10.801851,-2.9304264,80.04488,25.0,105.36218,34.79104,-11.141155,-3.5014138,80.44225,24.539536,104.68546,0.7580294
2.308333333333333,34.425724,-10.801851,-2.9304264,80.04488,25.0,105.36218,34.79104,-11.141156,-3.5014148,80.44225,24.539536,104.68546,0.75803053
2.3125,34.425724,-10.801851,-2.9304264,80.04488,25.0,105.36218,34.79104,-11.141155,-3.5014157,80.44225,24.539536,104.68547,0.75803083
2.316666666666667,34.425724,-10.801851,-2.9304264,80.04488,25.0,105.36218,34.79104,-11.141157,-3.5014138,80.44225,24.539536,104.68547,0.75803024
2.3208333333333333,34.425724,-10.801851,-2.9304264,80.04488,25.0,105.36218,34.79104,-11.141157,-3.5014138,80.44225,24.539536,104.68547,0.75803024
2.325,34.425724,-10.801851,-2.9304264,80.04488,25.0,105.36218,34.79104,-11.141157,-3.5014138,80.44225,24.539536,104.68547,0.75803024
2.3291666666666666,34.425724,-10.801851,-2.9304264,80.04488,25.0,105.36218,34.79104,-11.141157,-3.5014138,80.44225,24.539536,104.68547,0.75803024
2.3333333333333335,34.425724,-10.801851,-2.9304264,80.04488,25.0,105.36218,34.79104,-11.141157,-3.5014138,80.44225,24.539536,104.68547,0.75803024
2.3375,34.425724,-10.801851,-2.9304264,80.04488,25.0,105.36218,34.79104,-11.141157,-3.5014138,80.44225,24.539536,104.68547,0.75803024
2.341666666666667,34.425724,-10.801851,-2.9304264,80.04488,25.0,105.36218,34.79104,-11.141157,-3.5014138,80.44225,24.539536,104.68547,0.75803024
2.345833333333333,34.425724,-10.801851,-2.9304264,80.04488,25.0,105.36218,34.79104,-11.141157,-3.5014138,80.44225,24.539536,104.68547,0.75803024
2.35,34.425724,-10.801851,-2.9304264,80.04488,25.0,105.36218,34.79104,-11.141157,-3.5014138,80.44225,24.539536,104.68547,0.75803024
2.3541666666666665,34.425724,-10.801851,-2.9304264,80.04488,25.0,105.36218,34.79104,-11.141157,-3.5014138,80.44225,24.539536,104.68547,0.75803024
2.3583333333333334,34.425724,-10.801851,-2.9304264,80.04488,25.0,105.36218,34.79104,-11.141157,-3.5014138,80.44225,24.539536,104.68547,0.75803024
2.3625,34.425724,-10.801851,-2.9304264,80.04488,25.0,105.36218,34.79104,-11.141157,-3.5014138,80.44225,24.539536,104.68547,0.75803024
2.3666666666666667,34.425724,-10.801851,-2.9304264,80.04488,25.0,105.36218,34.79104,-11.141157,-3.5014138,80.44225,24.539536,104.68547,0.75803024
2.370833333333333,34.425724,-10.801851,-2.9304264,80.04488,25.0,105.36218,34.79104,-11.141157,-3.5014138,80.44225,24.539536,104.68547,0.75803024
2.375,34.425724,-10.801851,-2.9304264,80.04488,25.0,105.36218,34.79104,-11.141157,-3.5014138,80.44225,24.539536,104.68547,0.75803024
2.379166666666667,34.425724,-10.801851,-2.9304264,80.04488,25.0,105.36218,34.79104,-11.141157,-3.5014138,80.44225,24.539536,104.68547,0.75803024
2.3833333333333333,34.425724,-10.801851,-2.9304264,80.04488,25.0,105.36218,34.79104,-11.141157,-3.5014138,80.44225,24.539536,104.68547,0.75803024
2.3875,34.425724,-10.801851,-2.9304264,80.04488,25.0,105.36218,34.79104,-11.141157,-3.5014138,80.44225,24.539536,104.68547,0.75803024
2.3916666666666666,34.425724,-10.801851,-2.9304264,80.04488,25.0,105.36218,34.79104,-11.141157,-3.5014138,80.44225,24.539536,104.68547,0.75803024
2.3958333333333335,34.425724,-10.801851,-2.9304264,80.04488,25.0,105.36218,34.79104,-11.141157,-3.5014138,80.44225,24.539536,104.68547,0.75803024
2.4,34.425724,-10.801851,-2.9304264,80.04488,25.0,105.36218,34.79104,-11.141157,-3.5014138,80.44225,24.539536,104.68547,0.75803024
2.404166666666667,34.425724,-10.801851,-2.9304264,80.04488,25.0,105.36218,34.79104,-11.141157,-3.5014138,80.44225,24.539536,104.68547,0.75803024
2.408333333333333,34.425724,-10.801851,-2.9304264,80.04488,25.0,105.36218,34.79104,-11.141157,-3.5014138,80.44225,24.539536,104.68547,0.75803024
2.4125,34.425724,-10.801851,-2.9304264,80.04488,25.0,105.36218,34.79104,-11.141157,-3.5014138,80.44225,24.539536,104.68547,0.75803024
2.4166666666666665,34.425724,-10.801851,-2.9304264,80.04488,25.0,105.36218,34.79104,-11.141157,-3.5014138,80.44225,24.539536,104.68547,0.75803024
2.4208333333333334,34.425724,-10.801851,-2.9304264,80.04488,25.0,105.36218,34.79104,-11.141157,-3.5014138,80.44225,24.539536,104.68547,0.75803024
2.425,34.425724,-10.801851,-2.9304264,80.04488,25.0,105.36218,34.79104,-11.141157,-3.5014138,80.44225,24.539536,104.68547,0.75803024
2.4291666666666667,34.425724,-10.801851,-2.9304264,80.04488,25.0,105.36218,34.79104,-11.141157,-3.5014138,80.44225,24.539536,104.68547,0.75803024
2.433333333333333,34.425724,-10.801851,-2.9304264,80.04488,25.0,105.36218,34.79104,-11.141157,-3.5014138,80.44225,24.539536,104.68547,0.75803024
2.4375,34.425724,-10.801851,-2.9304264,80.04488,25.0,105.36218,34.79104,-11.141157,-3.5014138,80.44225,24.539536,104.68547,0.75803024
2.441666666666667,34.425724,-10.801851,-2.9304264,80.04488,25.0,105.36218,34.79104,-11.141157,-3.5014138,80.44225,24.539536,104.68547,0.75803024
2.4458333333333333,34.425724,-10.801851,-2.9304264,80.04488,25.0,105.36218,34.79104,-11.141157,-3.5014138,80.44225,24.539536,104.68547,0.75803024
2.45,34.425724,-10.801851,-2.9304264,80.04488,25.0,105.36218,34.79104,-11.141157,-3.5014138,80.44225,24.539536,104.68547,0.75803024
2.4541666666666666,34.425724,-10.801851,-2.9304264,80.04488,25.0,105.36218,34.79104,-11.141157,-3.5014138,80.44225,24.539536,104.68547,0.75803024
2.4583333333333335,34.425724,-10.801851,-2.9304264,80.04488,25.0,105.36218,34.79104,-11.141157,-3.5014138,80.44225,24.539536,104.68547,0.75803024
2.4625,34.425724,-10.801851,-2.9304264,80.04488,25.0,105.36218,34.79104,-11.141157,-3.5014138,80.44225,24.539536,104.68547,0.75803024
2.466666666666667,34.425724,-10.801851,-2.9304264,80.04488,25.0,105.36218,34.79104,-11.141157,-3.5014138,80.44225,24.539536,104.68547,0.75803024
2.470833333333333,34.425724,-10.801851,-2.9304264,80.04488,25.0,105.36218,34.79104,-11.141157,-3.5014138,80.44225,24.539536,104.68547,0.75803024
2.475,34.425724,-10.801851,-2.9304264,80.04488,25.0,105.36218,34.79104,-11.141157,-3.5014138,80.44225,24.539536,104.68547,0.75803024
2.4791666666666665,34.425724,-10.801851,-2.9304264,80.04488,25.0,105.36218,34.79104,-11.141157,-3.5014138,80.44225,24.539536,104.68547,0.75803024
2.4833333333333334,34.425724,-10.801851,-2.9304264,80.04488,25.0,105.36218,34.79104,-11.141157,-3.5014138,80.44225,24.539536,104.68547,0.75803024
2.4875,34.425724,-10.801851,-2.9304264,80.04488,25.0,105.36218,34.79104,-11.141157,-3.5014138,80.44225,24.539536,104.68547,0.75803024
2.4916666666666667,34.425724,-10.801851,-2.9304264,80.04488,25.0,105.36218,34.79104,-11.141157,-3.5014138,80.44225,24.539536,104.68547,0.75803024
2.495833333333333,34.425724,-10.801851,-2.9304264,80.04488,25.0,105.36218,34.79104,-11.141157,-3.5014138,80.44225,24.539536,104.68547,0.75803024
2.5,34.425724,-10.801851,-2.9304264,80.04488,25.0,105.36218,34.79104,-11.141157,-3.5014138,80.44225,24.539536,104.68547,0.75803024
2.504166666666667,34.425724,-10.801851,-2.9304264,80.04488,25.0,105.36218,34.79104,-11.141157,-3.5014138,80.44225,24.539536,104.68547,0.75803024
2.5083333333333333,34.425724,-10.801851,-2.9304264,80.04488,25.0,105.36218,34.79104,-11.141157,-3.5014138,80.44225,24.539536,104.68547,0.75803024
2.5125,34.425724,-10.801851,-2.9304264,80.04488,25.0,105.36218,34.79104,-11.141157,-3.5014138,80.44225,24.539536,104.68547,0.75803024
2.5166666666666666,34.425724,-10.801851,-2.9304264,80.04488,25.0,105.36218,34.79104,-11.141157,-3.5014138,80.44225,24.539536,104.68547,0.75803024
2.5208333333333335,34.425724,-10.801851,-2.9304264,80.04488,25.0,105.36218,34.79104,-11.141157,-3.5014138,80.44225,24.539536,104.68547,0.75803024
2.525,34.425724,-10.801851,-2.9304264,80.04488,25.0,105.36218,34.79104,-11.141157,-3.5014138,80.44225,24.539536,104.68547,0.75803024
2.529166666666667,34.425724,-10.801851,-2.9304264,80.04488,25.0,105.36218,34.79104,-11.141157,-3.5014138,80.44225,24.539536,104.68547,0.75803024
2.533333333333333,34.425724,-10.801851,-2.9304264,80.04488,25.0,105.36218,34.791042,-11.141157,-3.5014114,80.44226,24.539532,104.685455,0.75803024
2.5375,34.425724,-10.801851,-2.9304264,80.04488,25.0,105.36218,34.791046,-11.141155,-3.5014057,80.44225,24.539528,104.685455,0.75802696
2.5416666666666665,34.425724,-10.801851,-2.9304264,80.04488,25.0,105.36218,34.791054,-11.141184,-3.501388,80.44224,24.539455,104.685425,0.7580302
2.5458333333333334,34.425724,-10.801851,-2.9304264,80.04488,25.0,105.36218,34.79106,-11.141279,-3.5013447,80.4422,24.539154,104.685425,0.7580439
2.55,34.425724,-10.801851,-2.9304264,80.04488,25.0,105.36218,34.791023,-11.14151,-3.5012317,80.44203,24.538383,104.68549,0.7580437
2.5541666666666667,34.425724,-10.801851,-2.9304264,80.04488,25.0,105.36218,34.7909,-11.141952,-3.5010147,80.44174,24.536896,104.68582,0.7580195
2.558333333333333,34.425724,-10.801851,-2.9304264,80.04488,25.0,105.36218,34.79065,-11.142648,-3.5006433,80.44108,24.534363,104.686516,0.7579314
2.5625,34.425724,-10.801851,-2.9304264,80.04488,25.0,105.36218,34.79018,-11.1437025,-3.5000725,80.439835,24.53048,104.68772,0.75775146
2.566666666666667,34.425724,-10.801851,-2.9304264,80.04488,25.0,105.36218,34.789444,-11.145254,-3.4991484,80.43793,24.524754,104.68954,0.7574051
2.5708333333333333,34.425724,-10.801851,-2.9304264,80.04488,25.0,105.36218,34.788292,-11.147397,-3.4977622,80.43519,24.517002,104.692154,0.7567875
2.575,34.425724,-10.801851,-2.9304264,80.04488,25.0,105.36218,34.78636,-11.150349,-3.4960928,80.43138,24.507542,104.69591,0.7559686
2.5791666666666666,34.425724,-10.801851,-2.9304264,80.04488,25.0,105.36218,34.78348,-11.154041,-3.4937468,80.426476,24.496204,104.701035,0.75455827
2.5833333333333335,34.425724,-10.801851,-2.9304264,80.04488,25.0,105.36218,34.77974,-11.158356,-3.490408,80.420204,24.482197,104.70769,0.75233084
2.5875,34.425724,-10.801851,-2.9304264,80.04488,25.0,105.36218,34.77486,-11.162825,-3.4861865,80.41176,24.466518,104.71604,0.74904424
2.591666666666667,34.425724,-10.801851,-2.9304264,80.04488,25.0,105.36218,34.768448,-11.166945,-3.4814663,80.40064,24.450718,104.72589,0.7445794
2.595833333333333,34.425724,-10.801851,-2.9304264,80.04488,25.0,105.36218,34.760643,-11.170063,-3.475626,80.38676,24.436306,104.73691,0.7382366
2.6,34.425724,-10.801851,-2.9304264,80.04488,25.0,105.36218,34.75175,-11.173067,-3.4697523,80.368866,24.423267,104.74826,0.7314145
2.6041666666666665,34.425724,-10.801851,-2.9304264,80.04488,25.0,105.36218,34.741985,-11.174206,-3.4620934,80.34696,24.412258,104.76019,0.72203803
2.6083333333333334,34.425724,-10.801851,-2.9304264,80.04488,25.0,105.36218,34.73411,-11.171913,-3.4495974,80.3207,24.403728,104.76991,0.7082283
2.6125,34.425724,-10.801851,-2.9304264,80.04488,25.0,105.36218,34.725872,-11.165168,-3.434867,80.289505,24.40794,104.7751,0.69032454
2.6166666666666667,34.425724,-10.801851,-2.9304264,80.04488,25.0,105.36218,34.716812,-11.156385,-3.4186153,80.256004,24.420704,104.776855,0.66989195
2.620833333333333,34.425724,-10.801851,-2.9304264,80.04488,25.0,105.36218,34.709034,-11.142733,-3.3985915,80.21793,24.438133,104.77731,0.644704
2.625,34.425724,-10.801851,-2.9304264,80.04488,25.0,105.36218,34.702484,-11.122645,-3.3732553,80.175156,24.45884,104.77893,0.61286414
2.629166666666667,34.425724,-10.801851,-2.9304264,80.04488,25.0,105.36218,34.69683,-11.099036,-3.3430457,80.1295,24.482014,104.780396,0.5762573
2.6333333333333333,34.425724,-10.801851,-2.9304264,80.04488,25.0,105.36218,34.69256,-11.072403,-3.3168473,80.07504,24.509754,104.777054,0.5419593
2.6375,34.425724,-10.801851,-2.9304264,80.04488,25.0,105.36218,34.68611,-11.042757,-3.2880912,80.01068,24.535442,104.77562,0.5037473
2.6416666666666666,34.425724,-10.801851,-2.9304264,80.04488,25.0,105.36218,34.676823,-11.010044,-3.256535,79.93421,24.57048,104.775375,0.46123925
2.6458333333333335,34.425724,-10.801851,-2.9304264,80.04488,25.0,105.36218,34.67108,-10.975806,-3.2369895,79.83425,24.611176,104.77585,0.42946663
2.65,34.425724,-10.801851,-2.9304264,80.04488,25.0,105.36218,34.6505,-10.939648,-3.2221932,79.72922,24.670849,104.7767,0.39324364
2.654166666666667,34.425766,-10.801827,-2.9304273,80.04481,25.0,105.3621,34.618805,-10.889259,-3.2066875,79.61673,24.739487,104.785324,0.34817818
2.658333333333333,34.426044,-10.801664,-2.930426,80.04432,25.0,105.36156,34.584606,-10.827457,-3.1850748,79.49859,24.82671,104.79866,0.30108666
2.6625,34.426792,-10.801235,-2.9304261,80.04301,25.0,105.36009,34.537193,-10.755932,-3.1544962,79.399925,24.917183,104.8262,0.25386652
2.6666666666666665,34.428226,-10.800408,-2.9304268,80.04049,25.0,105.35729,34.484493,-10.678192,-3.1383486,79.29921,25.00101,104.836235,0.24765743
2.6708333333333334,34.430546,-10.7990675,-2.9304261,80.036415,25.0,105.35277,34.42269,-10.5950365,-3.1211367,79.207306,25.085445,104.85635,0.27939373
2.675,34.43395,-10.797103,-2.930426,80.03044,25.0,105.34612,34.340206,-10.5198965,-3.0937986,79.16173,25.17252,104.877556,0.33514428
2.6791666666666667,34.438614,-10.794413,-2.9304252,80.022255,25.0,105.337006,34.24714,-10.46163,-3.0453959,79.136536,25.235573,104.90667,0.4007808
2.683333333333333,34.44471,-10.79089,-2.9304254,80.01155,25.0,105.3251,34.151154,-10.409384,-2.9841557,79.13612,25.285282,104.955246,0.48436454
2.6875,34.4524,-10.786451,-2.930426,79.998055,25.0,105.310074,34.04178,-10.354317,-2.9289608,79.14602,25.298012,105.02208,0.59611464
2.691666666666667,34.46183,-10.781007,-2.9304276,79.98151,25.0,105.29164,33.938957,-10.293713,-2.8923397,79.16943,25.297272,105.100464,0.715753
2.6958333333333333,34.47314,-10.774476,-2.9304247,79.96168,25.0,105.26953,33.85145,-10.244642,-2.8692055,79.20987,25.304688,105.191154,0.8191268
2.7,34.486458,-10.7667885,-2.930426,79.93833,25.0,105.24348,33.7452,-10.180365,-2.853366,79.2451,25.32883,105.322716,0.9483105
2.7041666666666666,34.501896,-10.757874,-2.9304245,79.911285,25.0,105.213264,33.635223,-10.106741,-2.8666105,79.30335,25.406925,105.51318,1.0858946
2.7083333333333335,34.51957,-10.74767,-2.9304242,79.88034,25.0,105.17865,33.552727,-10.047787,-2.9017792,79.352516,25.498493,105.60312,1.1939188
2.7125,34.53957,-10.736124,-2.9304245,79.845345,25.0,105.13945,33.494034,-10.015412,-2.9518166,79.40648,25.619797,105.637375,1.2700506
2.716666666666667,34.56199,-10.723181,-2.9304256,79.806145,25.0,105.095474,33.479347,-10.002178,-3.016655,79.45035,25.762531,105.63283,1.3036077
2.720833333333333,34.586903,-10.708793,-2.9304261,79.76262,25.0,105.04657,33.454056,-10.000204,-3.1061277,79.44031,25.997272,105.60515,1.3477057
2.725,34.614388,-10.692929,-2.930425,79.71466,25.0,104.99255,33.441677,-10.009553,-3.2084942,79.37629,26.316803,105.51569,1.3854874
2.7291666666666665,34.644497,-10.675546,-2.9304254,79.66217,25.0,104.93332,33.417805,-10.030783,-3.3270655,79.2787,26.698483,105.35803,1.4414634
2.7333333333333334,34.677288,-10.656612,-2.9304252,79.60507,25.0,104.86874,33.397484,-10.081064,-3.4127994,79.190765,27.110786,105.242775,1.4838597
2.7375,34.712803,-10.63611,-2.9304264,79.54331,25.0,104.79869,33.3769,-10.132727,-3.4983025,79.081566,27.478374,105.19061,1.536397
2.7416666666666667,34.751076,-10.614011,-2.9304273,79.476845,25.0,104.723114,33.34319,-10.174228,-3.5844588,78.959465,27.797016,105.16147,1.6134778
2.745833333333333,34.792137,-10.590303,-2.9304268,79.40565,25.0,104.6419,33.299683,-10.222495,-3.6386561,78.844345,28.038895,105.114075,1.692422
2.75,34.836006,-10.564975,-2.9304245,79.32971,25.0,104.555,33.253937,-10.303328,-3.6703897,78.77671,28.259563,105.15253,1.7660553
2.754166666666667,34.882694,-10.538021,-2.9304264,79.24903,25.0,104.46235,33.224155,-10.367947,-3.6988807,78.72888,28.419014,105.20852,1.8358101
2.7583333333333333,34.932205,-10.509436,-2.9304247,79.16364,25.0,104.36393,33.185814,-10.455305,-3.7478242,78.70235,28.548061,105.220436,1.9289777
2.7625,34.98454,-10.479222,-2.930427,79.07356,25.0,104.2597,33.12876,-10.544794,-3.7835155,78.66739,28.63078,105.28259,2.0435193
2.7666666666666666,35.039684,-10.447382,-2.9304266,78.97885,25.0,104.14965,33.066208,-10.621382,-3.8156552,78.66153,28.70187,105.37785,2.1699111
2.7708333333333335,35.097626,-10.413929,-2.930424,78.87957,25.0,104.033775,33.002766,-10.696258,-3.855492,78.68105,28.762764,105.47628,2.3073575
2.775,35.15834,-10.378877,-2.9304254,78.77579,25.0,103.91209,32.93194,-10.775454,-3.9000626,78.724525,28.806553,105.55577,2.460556
2.779166666666667,35.221798,-10.342239,-2.9304256,78.667595,25.0,103.78461,32.853306,-10.858042,-3.9590888,78.74999,28.819603,105.61507,2.6332405
2.783333333333333,35.287964,-10.304038,-2.9304273,78.55509,25.0,103.65137,32.790592,-10.914854,-4.033052,78.722466,28.792828,105.63865,2.797453
2.7875,35.356796,-10.2642975,-2.930426,78.4384,25.0,103.51241,32.749916,-10.976284,-4.1208405,78.68703,28.758755,105.5906,2.952937
2.7916666666666665,35.42825,-10.223046,-2.9304261,78.317635,25.0,103.3678,32.739197,-11.049992,-4.2249413,78.64325,28.68969,105.43765,3.0968711
2.7958333333333334,35.50227,-10.180311,-2.9304242,78.19293,25.0,103.21758,32.75,-11.123167,-4.3300824,78.57036,28.604446,105.22839,3.2284687
2.8,35.578796,-10.136126,-2.9304237,78.06443,25.0,103.06185,32.749123,-11.185236,-4.390074,78.43737,28.464321,105.02894,3.352352
2.8041666666666667,35.65777,-10.09053,-2.9304256,77.93229,25.0,102.90069,32.735783,-11.230458,-4.411167,78.26988,28.260864,104.86,3.4684336
2.808333333333333,35.73912,-10.043562,-2.930425,77.79668,25.0,102.734184,32.72462,-11.264456,-4.432971,78.0632,27.990902,104.69089,3.5826573
2.8125,35.822777,-9.995262,-2.930426,77.65775,25.0,102.56245,32.746933,-11.29372,-4.4672947,77.83486,27.720577,104.50038,3.6754284
2.816666666666667,35.908665,-9.945679,-2.9304278,77.5157,25.0,102.385574,32.815742,-11.305841,-4.4974,77.58327,27.438442,104.275635,3.7244613
2.8208333333333333,35.996696,-9.894853,-2.9304273,77.37071,25.0,102.20372,32.89739,-11.311184,-4.4875693,77.32634,27.142944,104.02947,3.7465177
2.825,36.08679,-9.842836,-2.930425,77.222984,25.0,102.01701,32.993584,-11.310329,-4.467145,77.040016,26.832813,103.76377,3.7527268
2.8291666666666666,36.178852,-9.789682,-2.9304266,77.0727,25.0,101.82559,33.106945,-11.284204,-4.435791,76.74843,26.485271,103.50402,3.733139
2.8333333333333335,36.272793,-9.735448,-2.9304261,76.92008,25.0,101.6296,33.234673,-11.242805,-4.4034057,76.43791,26.124317,103.23911,3.6975625
2.8375,36.36852,-9.680178,-2.9304261,76.76532,25.0,101.429214,33.374065,-11.18976,-4.3806434,76.11127,25.792046,102.98963,3.6535902
2.841666666666667,36.465923,-9.623945,-2.93043,76.60864,25.0,101.224594,33.522774,-11.118929,-4.3632784,75.78831,25.501915,102.74255,3.5986333
2.845833333333333,36.56491,-9.566793,-2.930425,76.450264,25.0,101.01592,33.674156,-11.030934,-4.345913,75.47204,25.24281,102.50293,3.536068
2.85,36.665367,-9.508794,-2.9304261,76.2904,25.0,100.8034,33.82178,-10.935698,-4.319833,75.157394,25.007938,102.28354,3.4716692
2.8541666666666665,36.767193,-9.450005,-2.930426,76.129265,25.0,100.5872,33.962868,-10.833298,-4.284951,74.83954,24.80222,102.1051,3.4077086
2.8583333333333334,36.87027,-9.390495,-2.930426,75.967094,25.0,100.36753,34.102547,-10.725864,-4.2487187,74.530266,24.626316,101.94055,3.3438597
2.8625,36.97449,-9.330321,-2.9304252,75.8041,25.0,100.144615,34.217186,-10.612273,-4.229757,74.24182,24.531208,101.80581,3.3067195
2.8666666666666667,37.07974,-9.269559,-2.9304273,75.64051,25.0,99.91866,34.31978,-10.49275,-4.225343,73.97438,24.500431,101.69232,3.284872
2.870833333333333,37.185894,-9.208268,-2.930427,75.47655,25.0,99.6899,34.420273,-10.387606,-4.227829,73.7171,24.512356,101.56617,3.274561
2.875,37.292843,-9.146521,-2.9304268,75.31243,25.0,99.458565,34.523468,-10.282935,-4.227675,73.47021,24.55069,101.4312,3.2624726
2.879166666666667,37.400463,-9.084384,-2.9304242,75.148384,25.0,99.22489,34.618225,-10.183573,-4.2317886,73.23407,24.595516,101.28725,3.262302
2.8833333333333333,37.508636,-9.021932,-2.9304261,74.98461,25.0,98.98911,34.711517,-10.080444,-4.2348638,73.005486,24.647884,101.14429,3.2628028
2.8875,37.61724,-8.9592285,-2.9304268,74.821335,25.0,98.751495,34.807545,-9.972486,-4.242295,72.786736,24.715775,101.00003,3.2622201
2.8916666666666666,37.72615,-8.896349,-2.9304256,74.65877,25.0,98.5123,34.906166,-9.863415,-4.252271,72.57631,24.797848,100.85546,3.2611046
2.8958333333333335,37.835247,-8.833362,-2.930424,74.49711,25.0,98.27177,35.010353,-9.754918,-4.2634335,72.365486,24.873516,100.70052,3.2567172
2.9,37.944405,-8.77034,-2.9304252,74.336555,25.0,98.030174,35.118416,-9.642334,-4.281397,72.15366,24.942165,100.55126,3.2514167
2.904166666666667,38.0535,-8.707354,-2.9304256,74.17731,25.0,97.78779,35.22025,-9.533997,-4.305366,71.966156,25.020035,100.410225,3.2559354
2.908333333333333,38.162415,-8.644473,-2.9304247,74.019554,25.0,97.54489,35.3274,-9.419904,-4.332763,71.790695,25.107399,100.258514,3.2565553
2.9125,38.271015,-8.581774,-2.9304314,73.86347,25.0,97.30176,35.441708,-9.302225,-4.3769526,71.615555,25.215038,100.09135,3.2582903
2.9166666666666665,38.37919,-8.519317,-2.9304247,73.70926,25.0,97.05867,35.56929,-9.188687,-4.4211287,71.45042,25.322712,99.917725,3.2505052
2.9208333333333334,38.486813,-8.457183,-2.930425,73.55706,25.0,96.815895,35.711735,-9.072624,-4.466887,71.29026,25.455639,99.73821,3.2311826
2.925,38.59376,-8.395435,-2.9304266,73.40704,25.0,96.57374,35.86698,-8.955204,-4.510539,71.144165,25.611137,99.55446,3.2008476
2.9291666666666667,38.699917,-8.334147,-2.9304264,73.25938,25.0,96.33248,36.025333,-8.83529,-4.5460353,71.022095,25.796085,99.35315,3.164606
2.933333333333333,38.805164,-8.27338,-2.9304256,73.11419,25.0,96.09241,36.182117,-8.704635,-4.5949173,70.91004,26.013783,99.14032,3.1363811
2.9375,38.909386,-8.21321,-2.9304247,72.971634,25.0,95.8538,36.352013,-8.562034,-4.6481876,70.80427,26.259338,98.92029,3.1004102
2.941666666666667,39.012463,-8.153699,-2.9304254,72.83183,25.0,95.61695,36.53341,-8.411132,-4.6994824,70.707214,26.531403,98.69594,3.0563936
2.9458333333333333,39.11429,-8.094908,-2.9304254,72.69491,25.0,95.38215,36.73993,-8.255978,-4.750355,70.6269,26.831413,98.46689,2.9959419
2.95,39.214745,-8.036912,-2.9304273,72.56098,25.0,95.14967,36.95199,-8.118387,-4.800473,70.56438,27.148193,98.23825,2.9366264
2.9541666666666666,39.31373,-7.9797606,-2.9304264,72.43015,25.0,94.919815,37.162876,-7.9790115,-4.838926,70.495,27.466454,98.00786,2.8755062
2.9583333333333335,39.411137,-7.923522,-2.9304247,72.30252,25.0,94.69284,37.380882,-7.8336306,-4.855872,70.44272,27.77322,97.77241,2.7995288
2.9625,39.50686,-7.8682604,-2.93043,72.17817,25.0,94.46903,37.617348,-7.6884155,-4.86352,70.427055,28.09024,97.507095,2.709139
2.966666666666667,39.600807,-7.8140225,-2.9304252,72.05719,25.0,94.24865,37.85747,-7.5497036,-4.869745,70.40663,28.418583,97.230965,2.621077
2.970833333333333,39.69287,-7.760868,-2.9304268,71.93964,25.0,94.03198,38.107224,-7.415065,-4.866019,70.378845,28.712196,96.94959,2.5259402
2.975,39.78296,-7.7088494,-2.930426,71.825584,25.0,93.81929,38.340275,-7.282362,-4.8590198,70.37088,28.933083,96.740135,2.4459565
2.9791666666666665,39.87099,-7.658025,-2.9304254,71.71509,25.0,93.6108,38.573486,-7.137682,-4.848057,70.349464,29.103924,96.53229,2.373096
2.9833333333333334,39.956875,-7.608442,-2.9304264,71.60819,25.0,93.40678,38.825954,-7.015774,-4.83289,70.3093,29.180279,96.3348,2.2912016
2.9875,40.04053,-7.560142,-2.9304252,71.50494,25.0,93.20746,39.090748,-6.8968096,-4.8141074,70.25627,29.207794,96.14233,2.211415
2.9916666666666667,40.121883,-7.513173,-2.9304278,71.40534,25.0,93.01306,39.347042,-6.8069077,-4.790522,70.185036,29.169983,95.925705,2.1352146
2.995833333333333,40.20086,-7.4675765,-2.9304264,71.30945,25.0,92.82382,39.56882,-6.734727,-4.744248,70.10693,29.09768,95.69044,2.0558429
3.0,40.277386,-7.4233923,-2.9304273,71.21726,25.0,92.639946,39.78653,-6.7012434,-4.6920643,70.05402,28.994484,95.44185,1.9661647
3.004166666666667,40.351406,-7.3806577,-2.9304261,71.1288,25.0,92.461624,40.001266,-6.6764927,-4.6343307,69.98692,28.823036,95.19339,1.8766292
3.0083333333333333,40.42286,-7.3394046,-2.9304276,71.04405,25.0,92.28904,40.211113,-6.6607122,-4.551477,69.90459,28.589184,94.9329,1.770102
3.0125,40.49169,-7.2996626,-2.9304256,70.96303,25.0,92.12238,40.43468,-6.6527376,-4.4609556,69.83896,28.314907,94.62686,1.6626136
3.0166666666666666,40.557858,-7.2614646,-2.9304252,70.88571,25.0,91.96179,40.64525,-6.631955,-4.379325,69.74861,28.039581,94.333176,1.5821598
3.0208333333333335,40.621315,-7.224827,-2.9304252,70.81208,25.0,91.80743,40.826996,-6.5872955,-4.2960706,69.65468,27.750942,94.07035,1.5210977
3.025,40.68203,-7.189773,-2.9304242,70.74212,25.0,91.65942,40.991524,-6.560359,-4.1888165,69.629425,27.388065,93.83398,1.4406595
3.029166666666667,40.73997,-7.1563206,-2.9304266,70.67579,25.0,91.51786,41.113556,-6.550376,-4.07956,69.62697,26.983604,93.57829,1.351755
3.033333333333333,40.795116,-7.1244826,-2.9304314,70.61306,25.0,91.38287,41.19439,-6.535984,-4.0136027,69.60943,26.598675,93.32661,1.2957661
3.0375,40.84745,-7.094267,-2.9304256,70.55391,25.0,91.254524,41.256203,-6.4959555,-3.9813228,69.55512,26.25877,93.10245,1.2764951
3.0416666666666665,40.89696,-7.065681,-2.9304264,70.49827,25.0,91.13288,41.29142,-6.456567,-3.9697847,69.49014,26.042942,92.889725,1.2676291
3.0458333333333334,40.94365,-7.038727,-2.9304247,70.4461,25.0,91.017975,41.311493,-6.4476175,-3.9548893,69.46764,25.849796,92.72097,1.2386472
3.05,40.98752,-7.0134006,-2.930428,70.39733,25.0,90.90983,41.306076,-6.4513006,-3.916368,69.459854,25.636322,92.590096,1.178776
3.0541666666666667,41.02858,-6.9896927,-2.9304256,70.35192,25.0,90.80846,41.301064,-6.4950447,-3.8563719,69.48914,25.43063,92.44646,1.0845739
3.058333333333333,41.066853,-6.967596,-2.9304264,70.30979,25.0,90.71384,41.28949,-6.548812,-3.78023,69.53029,25.229744,92.33001,0.9731977
3.0625,41.102367,-6.947091,-2.930425,70.270874,25.0,90.62592,41.26379,-6.5939198,-3.682888,69.56867,25.06107,92.18998,0.84675145
3.066666666666667,41.13516,-6.9281607,-2.9304276,70.235085,25.0,90.54465,41.227448,-6.620837,-3.564734,69.62885,24.895905,92.03744,0.7108513
3.0708333333333333,41.165268,-6.9107757,-2.9304245,70.202354,25.0,90.46994,41.197292,-6.6502047,-3.4532046,69.69485,24.75468,91.856995,0.58499736
3.075,41.19275,-6.8949075,-2.9304268,70.17258,25.0,90.40169,41.16311,-6.685466,-3.3389673,69.75316,24.602764,91.672264,0.460054
3.0791666666666666,41.217667,-6.8805223,-2.930424,70.145676,25.0,90.33974,41.124653,-6.7294064,-3.231175,69.81375,24.450245,91.46888,0.34919724
3.0833333333333335,41.240086,-6.8675804,-2.9304256,70.12154,25.0,90.28395,41.090054,-6.767618,-3.133997,69.890274,24.333096,91.270226,0.27192527
3.0875,41.260086,-6.856033,-2.9304252,70.10006,25.0,90.234146,41.074493,-6.8023615,-3.0508108,69.980545,24.271687,91.069855,0.22763558
3.091666666666667,41.27776,-6.845829,-2.9304264,70.08112,25.0,90.19011,41.049084,-6.855611,-2.9879522,70.04971,24.269852,90.86103,0.2360033
3.095833333333333,41.293198,-6.836916,-2.9304247,70.06462,25.0,90.15162,41.035645,-6.907585,-2.927415,70.12052,24.294151,90.65381,0.2670895
3.1,41.306515,-6.8292265,-2.9304254,70.05041,25.0,90.1184,41.04187,-6.950651,-2.888688,70.18174,24.336723,90.44249,0.29414746
3.1041666666666665,41.31783,-6.8227005,-2.9304295,70.03835,25.0,90.090164,41.044647,-6.9954824,-2.8787298,70.23021,24.414131,90.23601,0.3273451
3.1083333333333334,41.327255,-6.8172517,-2.9304254,70.02832,25.0,90.066635,41.053764,-7.030896,-2.890462,70.27978,24.514484,90.04054,0.34933984
3.1125,41.334946,-6.8128123,-2.9304283,70.02014,25.0,90.047424,41.059875,-7.057063,-2.9051008,70.31333,24.615417,89.87897,0.36873233
3.1166666666666667,41.34104,-6.809291,-2.9304245,70.01367,25.0,90.0322,41.072468,-7.0754976,-2.926155,70.339005,24.72039,89.73837,0.37817472
3.120833333333333,41.345707,-6.8065977,-2.9304247,70.00872,25.0,90.020546,41.096558,-7.089409,-2.9576683,70.34914,24.812847,89.609406,0.37788853
3.125,41.34911,-6.8046355,-2.9304254,70.00511,25.0,90.01204,41.13059,-7.0979605,-2.9854374,70.362274,24.915237,89.498985,0.36988825
3.129166666666667,41.35143,-6.803295,-2.930428,70.00265,25.0,90.00625,41.177216,-7.107129,-3.0084038,70.38629,25.004044,89.40597,0.35881138
3.1333333333333333,41.352863,-6.8024716,-2.93043,70.00113,25.0,90.00266,41.22878,-7.115266,-3.0308075,70.41554,25.100739,89.31866,0.35115927
3.1375,41.353607,-6.8020396,-2.9304261,70.00034,25.0,90.0008,41.27867,-7.1207724,-3.050703,70.45549,25.19822,89.23842,0.34881583
3.1416666666666666,41.35389,-6.8018756,-2.9304245,70.000046,25.0,90.0001,41.331436,-7.127633,-3.0596237,70.50676,25.275898,89.17058,0.35116172
3.1458333333333335,41.353928,-6.8018513,-2.930426,70.0,25.0,90.0,41.382576,-7.135153,-3.0615644,70.55721,25.337276,89.11138,0.35931596
3.15,41.353928,-6.8018513,-2.930426,70.0,25.0,90.0,41.42861,-7.1430597,-3.0541134,70.603134,25.393208,89.06547,0.37053952
3.154166666666667,41.353928,-6.8018513,-2.930426,70.0,25.0,90.0,41.468353,-7.154546,-3.0332632,70.641335,25.430466,89.026054,0.38478848
3.158333333333333,41.353928,-6.8018513,-2.930426,70.0,25.0,90.0,41.49963,-7.163784,-3.009965,70.67461,25.45095,88.99807,0.3981846
3.1625,41.353928,-6.8018513,-2.930426,70.0,25.0,90.0,41.52588,-7.168871,-2.9841719,70.70544,25.466362,88.978065,0.4088512
3.1666666666666665,41.353928,-6.8018513,-2.930426,70.0,25.0,90.0,41.54602,-7.172224,-2.9559326,70.73455,25.477264,88.97502,0.41800272
3.1708333333333334,41.353928,-6.8018513,-2.930426,70.0,25.0,90.0,41.561646,-7.175091,-2.9270353,70.76052,25.481346,88.98174,0.42716035
3.175,41.353928,-6.8018513,-2.930426,70.0,25.0,90.0,41.57088,-7.1734695,-2.896762,70.78393,25.484604,88.99896,0.4316273
3.1791666666666667,41.353928,-6.8018513,-2.930426,70.0,25.0,90.0,41.5767,-7.169059,-2.8663836,70.805405,25.485626,89.0205,0.43424597
3.183333333333333,41.353928,-6.8018513,-2.930426,70.0,25.0,90.0,41.58011,-7.164571,-2.8377457,70.82752,25.48595,89.039024,0.43739337
3.1875,41.353928,-6.8018513,-2.930426,70.0,25.0,90.0,41.582024,-7.160636,-2.8097124,70.849556,25.48254,89.053925,0.44195697
3.191666666666667,41.353928,-6.8018513,-2.930426,70.0,25.0,90.0,41.582943,-7.157737,-2.7830782,70.8701,25.476242,89.06467,0.4481226
3.1958333333333333,41.353928,-6.8018513,-2.930426,70.0,25.0,90.0,41.583427,-7.155631,-2.7572937,70.88864,25.467354,89.07276,0.4558564
3.2,41.353928,-6.8018513,-2.930426,70.0,25.0,90.0,41.5839,-7.1535854,-2.7337894,70.90492,25.456902,89.07823,0.46397233
3.2041666666666666,41.353928,-6.8018513,-2.930426,70.0,25.0,90.0,41.58399,-7.151675,-2.712696,70.9191,25.444962,89.08232,0.4719226
3.2083333333333335,41.353928,-6.8018513,-2.930426,70.0,25.0,90.0,41.584,-7.150013,-2.694625,70.930954,25.431965,89.085205,0.4793243
3.2125,41.353928,-6.8018513,-2.930426,70.0,25.0,90.0,41.583927,-7.148736,-2.6795626,70.94015,25.419785,89.087006,0.4859642
3.216666666666667,41.353928,-6.8018513,-2.930426,70.0,25.0,90.0,41.583794,-7.1477566,-2.6673164,70.94724,25.409119,89.08825,0.49164566
3.220833333333333,41.353928,-6.8018513,-2.930426,70.0,25.0,90.0,41.58354,-7.147089,-2.6578112,70.95245,25.400093,89.08919,0.49621627
3.225,41.353928,-6.8018513,-2.930426,70.0,25.0,90.0,41.58322,-7.146534,-2.6507196,70.95605,25.392849,89.08989,0.49961725
3.2291666666666665,41.353928,-6.8018513,-2.930426,70.0,25.0,90.0,41.582947,-7.146003,-2.64563,70.958405,25.387554,89.09033,0.5019948
3.2333333333333334,41.353928,-6.8018513,-2.930426,70.0,25.0,90.0,41.582848,-7.1454954,-2.6421547,70.95981,25.38396,89.09058,0.50358313
3.2375,41.353928,-6.8018513,-2.930426,70.0,25.0,90.0,41.58288,-7.1450777,-2.6399164,70.96053,25.381645,89.09075,0.5045973
3.2416666666666667,41.353928,-6.8018513,-2.930426,70.0,25.0,90.0,41.582928,-7.1447678,-2.6385765,70.96097,25.380287,89.09094,0.50518197
3.245833333333333,41.353928,-6.8018513,-2.930426,70.0,25.0,90.0,41.58294,-7.1445236,-2.637807,70.96124,25.379585,89.091156,0.50546664
3.25,41.353928,-6.8018513,-2.930426,70.0,25.0,90.0,41.582924,-7.144397,-2.6374063,70.961395,25.37931,89.09135,0.50560576
3.254166666666667,41.353928,-6.8018513,-2.930426,70.0,25.0,90.0,41.5829,-7.144329,-2.6372175,70.96147,25.379208,89.09145,0.505659
3.2583333333333333,41.353928,-6.8018513,-2.930426,70.0,25.0,90.0,41.582893,-7.144308,-2.6371365,70.9615,25.379196,89.091484,0.5056883
3.2625,41.353928,-6.8018513,-2.930426,70.0,25.0,90.0,41.582893,-7.1443005,-2.6371164,70.96151,25.379185,89.091484,0.50569475
3.2666666666666666,41.353928,-6.8018513,-2.930426,70.0,25.0,90.0,41.58289,-7.1443005,-2.6371174,70.96152,25.379185,89.091484,0.5056925
3.2708333333333335,41.353928,-6.8018513,-2.930426,70.0,25.0,90.0,41.58289,-7.1443005,-2.6371174,70.96152,25.379185,89.091484,0.5056925
3.275,41.353928,-6.8018513,-2.930426,70.0,25.0,90.0,41.58289,-7.1443005,-2.6371174,70.96152,25.379185,89.091484,0.5056925
3.279166666666667,41.353928,-6.8018513,-2.930426,70.0,25.0,90.0,41.58289,-7.1443005,-2.6371174,70.96152,25.379185,89.091484,0.5056925
3.283333333333333,41.353928,-6.8018513,-2.930426,70.0,25.0,90.0,41.58289,-7.1443005,-2.6371174,70.96152,25.379185,89.091484,0.5056925
3.2875,41.353928,-6.8018513,-2.930426,70.0,25.0,90.0,41.582893,-7.1443005,-2.6371155,70.96152,25.37918,89.091484,0.50569534
3.2916666666666665,41.353928,-6.8018513,-2.930426,70.0,25.0,90.0,41.58289,-7.1442986,-2.6371155,70.96151,25.379185,89.091484,0.5056923
3.2958333333333334,41.353928,-6.8018513,-2.930426,70.0,25.0,90.0,41.582893,-7.1442986,-2.6371155,70.96152,25.379185,89.091484,0.50569403
3.3,41.353928,-6.8018513,-2.930426,70.0,25.0,90.0,41.582893,-7.1442986,-2.6371155,70.96152,25.379185,89.091484,0.50569403
3.3041666666666667,41.353928,-6.8018513,-2.930426,70.0,25.0,90.0,41.582893,-7.1442986,-2.6371155,70.96151,25.379185,89.09149,0.50569403
3.308333333333333,41.353928,-6.8018513,-2.930426,70.0,25.0,90.0,41.58289,-7.1442986,-2.6371164,70.96152,25.379185,89.091484,0.5056917
3.3125,41.353928,-6.8018513,-2.930426,70.0,25.0,90.0,41.582893,-7.1443005,-2.6371183,70.96151,25.379185,89.09149,0.5056937
3.316666666666667,41.353928,-6.8018513,-2.930426,70.0,25.0,90.0,41.582893,-7.1443014,-2.6371183,70.96152,25.379185,89.09149,0.50569427
3.3208333333333333,41.353928,-6.8018513,-2.930426,70.0,25.0,90.0,41.582893,-7.1443014,-2.6371155,70.96151,25.379185,89.09149,0.505696
3.325,41.353928,-6.8018513,-2.930426,70.0,25.0,90.0,41.582893,-7.1443005,-2.6371202,70.96151,25.379189,89.09149,0.50569254
3.3291666666666666,41.353928,-6.8018513,-2.930426,70.0,25.0,90.0,41.582893,-7.1443005,-2.6371183,70.96151,25.37918,89.0915,0.5056937
3.3333333333333335,41.353928,-6.8018513,-2.930426,70.0,25.0,90.0,41.582893,-7.1442976,-2.6371202,70.96151,25.379185,89.0915,0.50569063
3.3375,41.353928,-6.8018513,-2.930426,70.0,25.0,90.0,41.582893,-7.1442986,-2.6371193,70.96151,25.379189,89.0915,0.5056918
3.341666666666667,41.353928,-6.8018513,-2.930426,70.0,25.0,90.0,41.582893,-7.1442986,-2.6371164,70.96151,25.379185,89.0915,0.5056935
3.345833333333333,41.353928,-6.8018513,-2.930426,70.0,25.0,90.0,41.58289,-7.1442976,-2.6371183,70.96151,25.379189,89.0915,0.50569
3.35,41.353928,-6.8018513,-2.930426,70.0,25.0,90.0,41.582893,-7.1443005,-2.6371164,70.96152,25.379192,89.0915,0.50569475
3.3541666666666665,41.353928,-6.8018513,-2.930426,70.0,25.0,90.0,41.582897,-7.1442986,-2.6371164,70.96152,25.379189,89.0915,0.5056952
3.3583333333333334,41.353928,-6.8018513,-2.930426,70.0,25.0,90.0,41.582893,-7.1442976,-2.6371174,70.96152,25.379185,89.0915,0.50569224
3.3625,41.353928,-6.8018513,-2.930426,70.0,25.0,90.0,41.58289,-7.1442986,-2.6371174,70.96151,25.379189,89.09149,0.50569123
3.3666666666666667,41.353928,-6.8018513,-2.930426,70.0,25.0,90.0,41.582893,-7.1443005,-2.6371174,70.96152,25.379189,89.09149,0.5056942
3.370833333333333,41.353928,-6.8018513,-2.930426,70.0,25.0,90.0,41.58289,-7.1442976,-2.6371174,70.96152,25.379192,89.09149,0.5056906
3.375,41.353928,-6.8018513,-2.930426,70.0,25.0,90.0,41.58289,-7.1443005,-2.6371193,70.96152,25.379189,89.09149,0.5056914
3.379166666666667,41.353928,-6.8018513,-2.930426,70.0,25.0,90.0,41.58289,-7.1443005,-2.6371183,70.96151,25.379189,89.09149,0.50569195
3.3833333333333333,41.353928,-6.8018513,-2.930426,70.0,25.0,90.0,41.58289,-7.1442986,-2.6371164,70.96151,25.379185,89.09149,0.5056917
3.3875,41.353928,-6.8018513,-2.930426,70.0,25.0,90.0,41.58289,-7.1442986,-2.6371136,70.96152,25.379189,89.09149,0.50569344
3.3916666666666666,41.353928,-6.8018513,-2.930426,70.0,25.0,90.0,41.58289,-7.1442986,-2.6371164,70.96152,25.379192,89.0915,0.5056917
3.3958333333333335,41.353928,-6.8018513,-2.930426,70.0,25.0,90.0,41.58289,-7.1442986,-2.6371164,70.96152,25.379192,89.09149,0.5056917
3.4,41.353928,-6.8018513,-2.930426,70.0,25.0,90.0,41.58289,-7.1442986,-2.6371164,70.96152,25.379189,89.09149,0.5056917
3.404166666666667,41.353928,-6.8018513,-2.930426,70.0,25.0,90.0,41.58289,-7.1442986,-2.6371164,70.96152,25.379189,89.09149,0.5056917
3.408333333333333,41.353928,-6.8018513,-2.930426,70.0,25.0,90.0,41.58289,-7.1442986,-2.6371164,70.96152,25.379189,89.09149,0.5056917
3.4125,41.353928,-6.8018513,-2.930426,70.0,25.0,90.0,41.58289,-7.1442986,-2.6371164,70.96152,25.379189,89.09149,0.5056917
3.4166666666666665,41.353928,-6.8018513,-2.930426,70.0,25.0,90.0,41.58289,-7.1442986,-2.6371164,70.96152,25.379189,89.09149,0.5056917
3.4208333333333334,41.353928,-6.8018513,-2.930426,70.0,25.0,90.0,41.58289,-7.1442986,-2.6371164,70.96152,25.379189,89.09149,0.5056917
3.425,41.353928,-6.8018513,-2.930426,70.0,25.0,90.0,41.58289,-7.1443005,-2.6371136,70.96152,25.379192,89.09149,0.5056947
3.4291666666666667,41.353928,-6.8018513,-2.930426,70.0,25.0,90.0,41.58289,-7.1442986,-2.6371174,70.96152,25.379192,89.09149,0.50569123
3.433333333333333,41.353928,-6.8018513,-2.930426,70.0,25.0,90.0,41.58289,-7.1443014,-2.6371174,70.96152,25.379189,89.09149,0.50569314
3.4375,41.353928,-6.8018513,-2.930426,70.0,25.0,90.0,41.582893,-7.1443014,-2.6371174,70.96152,25.379192,89.09149,0.50569487
3.441666666666667,41.353928,-6.8018513,-2.930426,70.0,25.0,90.0,41.582893,-7.1443005,-2.6371136,70.96151,25.379189,89.09149,0.5056964
3.4458333333333333,41.353928,-6.8018513,-2.930426,70.0,25.0,90.0,41.582893,-7.1443014,-2.6371155,70.96151,25.379192,89.09149,0.505696
3.45,41.353928,-6.8018513,-2.930426,70.0,25.0,90.0,41.582893,-7.1443005,-2.6371193,70.96152,25.379189,89.09149,0.5056931
3.4541666666666666,41.353928,-6.8018513,-2.930426,70.0,25.0,90.0,41.58289,-7.1443005,-2.6371193,70.96152,25.379189,89.09149,0.5056914
3.4583333333333335,41.353928,-6.8018513,-2.930426,70.0,25.0,90.0,41.58289,-7.1442986,-2.6371117,70.96152,25.379192,89.09149,0.5056945
3.4625,41.353928,-6.8018513,-2.930426,70.0,25.0,90.0,41.582893,-7.1442976,-2.6371126,70.96151,25.379189,89.09149,0.50569504
3.466666666666667,41.353928,-6.8018513,-2.930426,70.0,25.0,90.0,41.582893,-7.1442976,-2.6371164,70.96151,25.379189,89.091484,0.50569284
3.470833333333333,41.353928,-6.8018513,-2.930426,70.0,25.0,90.0,41.582893,-7.1442976,-2.6371174,70.96152,25.379189,89.091484,0.50569224
3.475,41.353928,-6.8018513,-2.930426,70.0,25.0,90.0,41.58289,-7.1442986,-2.6371183,70.96152,25.379185,89.091484,0.50569063
3.4791666666666665,41.353928,-6.8018513,-2.930426,70.0,25.0,90.0,41.582893,-7.1443005,-2.6371183,70.96152,25.37918,89.091484,0.5056937
3.4833333333333334,41.353928,-6.8018513,-2.930426,70.0,25.0,90.0,41.58289,-7.1442976,-2.6371174,70.96151,25.379192,89.091484,0.5056906
3.4875,41.353928,-6.8018513,-2.930426,70.0,25.0,90.0,41.582893,-7.1442976,-2.6371193,70.96152,25.379189,89.091484,0.5056912
3.4916666666666667,41.353928,-6.8018513,-2.930426,70.0,25.0,90.0,41.582893,-7.1443014,-2.6371164,70.96152,25.379185,89.091484,0.5056954
3.495833333333333,41.353928,-6.8018513,-2.930426,70.0,25.0,90.0,41.582893,-7.1442986,-2.6371183,70.96152,25.379185,89.091484,0.50569236
3.5,41.353928,-6.8018513,-2.930426,70.0,25.0,90.0,41.58289,-7.1443014,-2.6371183,70.96152,25.379185,89.091484,0.5056926
3.504166666666667,41.353928,-6.8018513,-2.930426,70.0,25.0,90.0,41.58289,-7.1442986,-2.6371174,70.96152,25.379185,89.091484,0.50569123
3.5083333333333333,41.353928,-6.8018513,-2.930426,70.0,25.0,90.0,41.58289,-7.1443014,-2.6371183,70.96152,25.379185,89.091484,0.5056926
3.5125,41.353928,-6.8018513,-2.930426,70.0,25.0,90.0,41.58289,-7.1443005,-2.6371174,70.96152,25.379192,89.091484,0.5056925
3.5166666666666666,41.353928,-6.8018513,-2.930426,70.0,25.0,90.0,41.582893,-7.1443014,-2.6371193,70.96151,25.379189,89.091484,0.50569373
3.5208333333333335,41.353928,-6.8018513,-2.930426,70.0,25.0,90.0,41.58289,-7.1442986,-2.6371183,70.96152,25.379189,89.091484,0.50569063
3.525,41.353928,-6.8018513,-2.930426,70.0,25.0,90.0,41.58289,-7.1443005,-2.6371174,70.96152,25.379185,89.091484,0.5056925
3.529166666666667,41.353928,-6.8018513,-2.930426,70.0,25.0,90.0,41.58289,-7.1443005,-2.6371174,70.96152,25.379185,89.091484,0.5056925
3.533333333333333,41.353928,-6.8018513,-2.930426,70.0,25.0,90.0,41.58289,-7.1443005,-2.6371174,70.96152,25.379185,89.091484,0.5056925
3.5375,41.353928,-6.8018513,-2.930426,70.0,25.0,90.0,41.58289,-7.1443005,-2.6371174,70.96152,25.379185,89.091484,0.5056925
3.5416666666666665,41.353928,-6.8018513,-2.930426,70.0,25.0,90.0,41.58289,-7.1443005,-2.6371174,70.96152,25.379185,89.091484,0.5056925
3.5458333333333334,41.353928,-6.8018513,-2.930426,70.0,25.0,90.0,41.58289,-7.1443005,-2.6371174,70.96152,25.379185,89.091484,0.5056925
3.55,41.353928,-6.8018513,-2.930426,70.0,25.0,90.0,41.58289,-7.1443005,-2.6371174,70.96152,25.379185,89.091484,0.5056925
3.5541666666666667,41.353928,-6.8018513,-2.930426,70.0,25.0,90.0,41.58289,-7.1443005,-2.6371174,70.96152,25.379185,89.091484,0.5056925
3.558333333333333,41.353928,-6.8018513,-2.930426,70.0,25.0,90.0,41.58289,-7.1443005,-2.6371174,70.96152,25.379185,89.091484,0.5056925
3.5625,41.353928,-6.8018513,-2.930426,70.0,25.0,90.0,41.58289,-7.1443005,-2.6371174,70.96152,25.379185,89.091484,0.5056925
3.566666666666667,41.353928,-6.8018513,-2.930426,70.0,25.0,90.0,41.58289,-7.1443005,-2.6371174,70.96152,25.379185,89.091484,0.5056925
3.5708333333333333,41.353928,-6.8018513,-2.930426,70.0,25.0,90.0,41.58289,-7.1443005,-2.6371174,70.96152,25.379185,89.091484,0.5056925
3.575,41.353928,-6.8018513,-2.930426,70.0,25.0,90.0,41.58289,-7.1443005,-2.6371174,70.96152,25.379185,89.091484,0.5056925
3.5791666666666666,41.353928,-6.8018513,-2.930426,70.0,25.0,90.0,41.58289,-7.1443005,-2.6371174,70.96152,25.379185,89.091484,0.5056925
3.5833333333333335,41.353928,-6.8018513,-2.930426,70.0,25.0,90.0,41.58289,-7.1443005,-2.6371174,70.96152,25.379185,89.091484,0.5056925
3.5875,41.353928,-6.8018513,-2.930426,70.0,25.0,90.0,41.58289,-7.1443005,-2.6371174,70.96152,25.379185,89.091484,0.5056925
3.591666666666667,41.353928,-6.8018513,-2.930426,70.0,25.0,90.0,41.58289,-7.1443005,-2.6371174,70.96152,25.379185,89.091484,0.5056925
3.595833333333333,41.353928,-6.8018513,-2.930426,70.0,25.0,90.0,41.58289,-7.1443005,-2.6371174,70.96152,25.379185,89.091484,0.5056925
3.6,41.353928,-6.8018513,-2.930426,70.0,25.0,90.0,41.58289,-7.1443005,-2.6371174,70.96152,25.379185,89.091484,0.5056925
3.6041666666666665,41.353928,-6.8018513,-2.930426,70.0,25.0,90.0,41.58289,-7.1443005,-2.6371174,70.96152,25.379185,89.091484,0.5056925
3.6083333333333334,41.353928,-6.8018513,-2.930426,70.0,25.0,90.0,41.58289,-7.1443005,-2.6371174,70.96152,25.379185,89.091484,0.5056925
3.6125,41.353928,-6.8018513,-2.930426,70.0,25.0,90.0,41.58289,-7.1443005,-2.6371174,70.96152,25.379185,89.091484,0.5056925
3.6166666666666667,41.353928,-6.8018513,-2.930426,70.0,25.0,90.0,41.58289,-7.1443005,-2.6371174,70.96152,25.379185,89.091484,0.5056925
3.620833333333333,41.353928,-6.8018513,-2.930426,70.0,25.0,90.0,41.58289,-7.1443005,-2.6371174,70.96152,25.379185,89.091484,0.5056925
3.625,41.353928,-6.8018513,-2.930426,70.0,25.0,90.0,41.58289,-7.1443005,-2.6371174,70.96152,25.379185,89.091484,0.5056925
3.629166666666667,41.353928,-6.8018513,-2.930426,70.0,25.0,90.0,41.58289,-7.1443005,-2.6371174,70.96152,25.379185,89.091484,0.5056925
3.6333333333333333,41.353928,-6.8018513,-2.930426,70.0,25.0,90.0,41.58289,-7.1443005,-2.6371174,70.96152,25.379185,89.091484,0.5056925
3.6375,41.353928,-6.8018513,-2.930426,70.0,25.0,90.0,41.58289,-7.1443005,-2.6371174,70.96152,25.379185,89.091484,0.5056925
3.6416666666666666,41.353928,-6.8018513,-2.930426,70.0,25.0,90.0,41.58289,-7.1443005,-2.6371174,70.96152,25.379185,89.091484,0.5056925
3.6458333333333335,41.353928,-6.8018513,-2.930426,70.0,25.0,90.0,41.58289,-7.1443005,-2.6371174,70.96152,25.379185,89.091484,0.5056925
3.65,41.353928,-6.8018513,-2.930426,70.0,25.0,90.0,41.58289,-7.1443005,-2.6371174,70.96152,25.379185,89.091484,0.5056925
3.654166666666667,41.353928,-6.8018513,-2.930426,70.0,25.0,90.0,41.58289,-7.1443005,-2.6371174,70.96152,25.379185,89.091484,0.5056925
3.658333333333333,41.353928,-6.8018513,-2.930426,70.0,25.0,90.0,41.58289,-7.1443005,-2.6371174,70.96152,25.379185,89.091484,0.5056925
3.6625,41.353928,-6.8018513,-2.930426,70.0,25.0,90.0,41.58289,-7.1443005,-2.6371174,70.96152,25.379185,89.091484,0.5056925
3.6666666666666665,41.353928,-6.8018513,-2.930426,70.0,25.0,90.0,41.58289,-7.1443005,-2.6371174,70.96152,25.379185,89.091484,0.5056925
3.6708333333333334,41.353928,-6.8018513,-2.930426,70.0,25.0,90.0,41.58289,-7.1443005,-2.6371174,70.96152,25.379185,89.091484,0.5056925
3.675,41.353928,-6.8018513,-2.930426,70.0,25.0,90.0,41.58289,-7.1443005,-2.6371174,70.96152,25.379185,89.091484,0.5056925
3.6791666666666667,41.353928,-6.8018513,-2.930426,70.0,25.0,90.0,41.58289,-7.1443005,-2.6371174,70.96152,25.379185,89.091484,0.5056925
3.683333333333333,41.353928,-6.8018513,-2.930426,70.0,25.0,90.0,41.582893,-7.1443005,-2.6371155,70.96152,25.37918,89.091484,0.50569534
3.6875,41.353928,-6.8018513,-2.930426,70.0,25.0,90.0,41.58289,-7.1442986,-2.6371155,70.96151,25.379185,89.091484,0.5056923
3.691666666666667,41.353928,-6.8018513,-2.930426,70.0,25.0,90.0,41.582893,-7.1442986,-2.6371155,70.96152,25.379185,89.091484,0.50569403
3.6958333333333333,41.353928,-6.8018513,-2.930426,70.0,25.0,90.0,41.582893,-7.1442986,-2.6371155,70.96152,25.379185,89.091484,0.50569403
3.7,41.353928,-6.8018513,-2.930426,70.0,25.0,90.0,41.582893,-7.1442986,-2.6371155,70.96151,25.379185,89.09149,0.50569403
3.7041666666666666,41.353928,-6.8018513,-2.930426,70.0,25.0,90.0,41.58289,-7.1442986,-2.6371164,70.96152,25.379185,89.091484,0.5056917
3.7083333333333335,41.353928,-6.8018513,-2.930426,70.0,25.0,90.0,41.582893,-7.1443005,-2.6371183,70.96151,25.379185,89.09149,0.5056937
3.7125,41.353928,-6.8018513,-2.930426,70.0,25.0,90.0,41.582893,-7.1443014,-2.6371183,70.96152,25.379185,89.09149,0.50569427
3.716666666666667,41.353928,-6.8018513,-2.930426,70.0,25.0,90.0,41.582893,-7.1443014,-2.6371155,70.96151,25.379185,89.09149,0.505696
3.720833333333333,41.353928,-6.8018513,-2.930426,70.0,25.0,90.0,41.582893,-7.1443005,-2.6371202,70.96151,25.379189,89.09149,0.50569254
3.725,41.353928,-6.8018513,-2.930426,70.0,25.0,90.0,41.582893,-7.1443005,-2.6371183,70.96151,25.37918,89.0915,0.5056937
3.7291666666666665,41.353928,-6.8018513,-2.930426,70.0,25.0,90.0,41.582893,-7.1442976,-2.6371202,70.96151,25.379185,89.0915,0.50569063
3.7333333333333334,41.353928,-6.8018513,-2.930426,70.0,25.0,90.0,41.582893,-7.1442986,-2.6371193,70.96151,25.379189,89.0915,0.5056918
3.7375,41.353928,-6.8018513,-2.930426,70.0,25.0,90.0,41.582893,-7.1442986,-2.6371164,70.96151,25.379185,89.0915,0.5056935
3.7416666666666667,41.353928,-6.8018513,-2.930426,70.0,25.0,90.0,41.58289,-7.1442976,-2.6371183,70.96151,25.379189,89.0915,0.50569
3.745833333333333,41.353928,-6.8018513,-2.930426,70.0,25.0,90.0,41.582893,-7.1443005,-2.6371164,70.96152,25.379192,89.0915,0.50569475
3.75,41.353928,-6.8018513,-2.930426,70.0,25.0,90.0,41.582897,-7.1442986,-2.6371164,70.96152,25.379189,89.0915,0.5056952
3.754166666666667,41.353928,-6.8018513,-2.930426,70.0,25.0,90.0,41.582893,-7.1442976,-2.6371174,70.96152,25.379185,89.0915,0.50569224
3.7583333333333333,41.353928,-6.8018513,-2.930426,70.0,25.0,90.0,41.58289,-7.1443005,-2.6371183,70.96151,25.379185,89.0915,0.50569195
3.7625,41.353928,-6.8018513,-2.930426,70.0,25.0,90.0,41.582893,-7.1443005,-2.6371164,70.96152,25.379189,89.09149,0.50569475
3.7666666666666666,41.353928,-6.8018513,-2.930426,70.0,25.0,90.0,41.58289,-7.1443005,-2.6371174,70.96152,25.379192,89.09149,0.5056925
3.7708333333333335,41.353928,-6.8018513,-2.930426,70.0,25.0,90.0,41.58289,-7.1442986,-2.6371193,70.96152,25.379185,89.09149,0.5056901
3.775,41.353928,-6.8018513,-2.930426,70.0,25.0,90.0,41.582893,-7.1443005,-2.6371174,70.96151,25.379192,89.09149,0.5056942
3.779166666666667,41.353928,-6.8018513,-2.930426,70.0,25.0,90.0,41.582893,-7.1443005,-2.6371155,70.96151,25.379189,89.09149,0.50569534
3.783333333333333,41.353928,-6.8018513,-2.930426,70.0,25.0,90.0,41.58289,-7.1443005,-2.6371174,70.96151,25.379189,89.09149,0.5056925
3.7875,41.353928,-6.8018513,-2.930426,70.0,25.0,90.0,41.58289,-7.1443005,-2.6371183,70.96152,25.379192,89.09149,0.50569195
3.7916666666666665,41.353928,-6.8018513,-2.930426,70.0,25.0,90.0,41.58289,-7.1442986,-2.6371183,70.96151,25.379192,89.09149,0.50569063
3.7958333333333334,41.353928,-6.8018513,-2.930426,70.0,25.0,90.0,41.58289,-7.1442986,-2.6371164,70.96152,25.379189,89.09149,0.5056917
3.8,41.353928,-6.8018513,-2.930426,70.0,25.0,90.0,41.58289,-7.1443005,-2.6371174,70.96152,25.379185,89.09149,0.5056925
3.8041666666666667,41.353928,-6.8018513,-2.930426,70.0,25.0,90.0,41.58289,-7.1442986,-2.6371164,70.96152,25.379185,89.09149,0.5056917
3.808333333333333,41.353928,-6.8018513,-2.930426,70.0,25.0,90.0,41.58289,-7.1442986,-2.6371164,70.96151,25.379185,89.09149,0.5056917
3.8125,41.353928,-6.8018513,-2.930426,70.0,25.0,90.0,41.58289,-7.1442986,-2.6371164,70.96152,25.379185,89.09149,0.5056917
3.816666666666667,41.353928,-6.8018513,-2.930426,70.0,25.0,90.0,41.58289,-7.1443005,-2.6371155,70.96152,25.37918,89.09149,0.5056936
3.8208333333333333,41.353928,-6.8018513,-2.930426,70.0,25.0,90.0,41.58289,-7.1443005,-2.6371164,70.96151,25.379189,89.09149,0.505693
3.825,41.353928,-6.8018513,-2.930426,70.0,25.0,90.0,41.58289,-7.1442986,-2.6371183,70.96151,25.379189,89.09149,0.50569063
3.8291666666666666,41.353928,-6.8018513,-2.930426,70.0,25.0,90.0,41.58289,-7.1443005,-2.6371164,70.96151,25.379185,89.09149,0.505693
3.8333333333333335,41.353928,-6.8018513,-2.930426,70.0,25.0,90.0,41.58289,-7.1443014,-2.6371136,70.96152,25.379185,89.09149,0.50569534
3.8375,41.353928,-6.8018513,-2.930426,70.0,25.0,90.0,41.58289,-7.1443033,-2.6371107,70.96152,25.379185,89.09149,0.50569826
3.841666666666667,41.353928,-6.8018513,-2.930426,70.0,25.0,90.0,41.582886,-7.1443014,-2.6371155,70.96152,25.379192,89.09149,0.5056925
3.845833333333333,41.353928,-6.8018513,-2.930426,70.0,25.0,90.0,41.582893,-7.1443005,-2.6371155,70.96152,25.379185,89.09149,0.50569534
3.85,41.353928,-6.8018513,-2.930426,70.0,25.0,90.0,41.582893,-7.1443005,-2.6371155,70.96152,25.379185,89.09149,0.50569534
3.8541666666666665,41.353928,-6.8018513,-2.930426,70.0,25.0,90.0,41.58289,-7.1442976,-2.6371107,70.96152,25.379192,89.09149,0.5056944
3.8583333333333334,41.353928,-6.8018513,-2.930426,70.0,25.0,90.0,41.58289,-7.1442976,-2.6371117,70.96151,25.379192,89.09149,0.50569385
3.8625,41.353928,-6.8018513,-2.930426,70.0,25.0,90.0,41.582893,-7.1442957,-2.6371136,70.96151,25.379185,89.09149,0.5056932
3.8666666666666667,41.353928,-6.8018513,-2.930426,70.0,25.0,90.0,41.582893,-7.1443005,-2.6371183,70.96152,25.379189,89.091484,0.5056937
3.870833333333333,41.353928,-6.8018513,-2.930426,70.0,25.0,90.0,41.58289,-7.1443014,-2.6371183,70.96152,25.379185,89.091484,0.5056926
3.875,41.353928,-6.8018513,-2.930426,70.0,25.0,90.0,41.58289,-7.1442976,-2.6371183,70.96151,25.379185,89.091484,0.50569
3.879166666666667,41.353928,-6.8018513,-2.930426,70.0,25.0,90.0,41.582893,-7.1442957,-2.6371183,70.96152,25.379189,89.091484,0.50569046
3.8833333333333333,41.353928,-6.8018513,-2.930426,70.0,25.0,90.0,41.58289,-7.1442976,-2.6371174,70.96152,25.379185,89.091484,0.5056906
3.8875,41.353928,-6.8018513,-2.930426,70.0,25.0,90.0,41.58289,-7.1442957,-2.6371164,70.96152,25.379185,89.091484,0.5056898
3.8916666666666666,41.353928,-6.8018513,-2.930426,70.0,25.0,90.0,41.582893,-7.1442986,-2.6371174,70.96152,25.379189,89.091484,0.5056929
3.8958333333333335,41.353928,-6.8018513,-2.930426,70.0,25.0,90.0,41.58289,-7.1443005,-2.6371183,70.96152,25.37918,89.09149,0.50569195
3.9,41.353928,-6.8018513,-2.930426,70.0,25.0,90.0,41.58289,-7.1442986,-2.6371164,70.96152,25.379185,89.091484,0.5056917
3.904166666666667,41.353928,-6.8018513,-2.930426,70.0,25.0,90.0,41.582893,-7.1442976,-2.6371126,70.96152,25.379189,89.091484,0.50569504
3.908333333333333,41.353928,-6.8018513,-2.930426,70.0,25.0,90.0,41.58289,-7.1442976,-2.6371136,70.96152,25.379185,89.09149,0.5056928
3.9125,41.353928,-6.8018513,-2.930426,70.0,25.0,90.0,41.58289,-7.1442976,-2.6371136,70.96152,25.379185,89.091484,0.5056928
3.9166666666666665,41.353928,-6.8018513,-2.930426,70.0,25.0,90.0,41.582893,-7.1442986,-2.6371164,70.96152,25.379185,89.09149,0.5056935
3.9208333333333334,41.353928,-6.8018513,-2.930426,70.0,25.0,90.0,41.582893,-7.1443005,-2.6371174,70.96151,25.379185,89.09149,0.5056942
3.925,41.353928,-6.8018513,-2.930426,70.0,25.0,90.0,41.582893,-7.1442986,-2.6371164,70.96152,25.379185,89.09149,0.5056935
3.9291666666666667,41.353928,-6.8018513,-2.930426,70.0,25.0,90.0,41.582893,-7.1442986,-2.6371164,70.96152,25.379185,89.09149,0.5056935
3.933333333333333,41.353928,-6.8018513,-2.930426,70.0,25.0,90.0,41.582893,-7.1442986,-2.6371164,70.96152,25.379185,89.09149,0.5056935
3.9375,41.353928,-6.8018513,-2.930426,70.0,25.0,90.0,41.582893,-7.1442986,-2.6371164,70.96152,25.379185,89.09149,0.5056935
3.941666666666667,41.353928,-6.8018513,-2.930426,70.0,25.0,90.0,41.582893,-7.1442986,-2.6371164,70.96152,25.379185,89.09149,0.5056935
3.9458333333333333,41.353928,-6.8018513,-2.930426,70.0,25.0,90.0,41.582893,-7.1442986,-2.6371164,70.96152,25.379185,89.09149,0.5056935
3.95,41.353928,-6.8018513,-2.930426,70.0,25.0,90.0,41.582893,-7.1442986,-2.6371164,70.96152,25.379185,89.09149,0.5056935
3.9541666666666666,41.353928,-6.8018513,-2.930426,70.0,25.0,90.0,41.582893,-7.1442986,-2.6371164,70.96152,25.379185,89.09149,0.5056935
3.9583333333333335,41.353928,-6.8018513,-2.930426,70.0,25.0,90.0,41.582893,-7.1442986,-2.6371164,70.96152,25.379185,89.09149,0.5056935
3.9625,41.353928,-6.8018513,-2.930426,70.0,25.0,90.0,41.582893,-7.1442986,-2.6371164,70.96152,25.379185,89.09149,0.5056935
3.966666666666667,41.353928,-6.8018513,-2.930426,70.0,25.0,90.0,41.582893,-7.1442986,-2.6371164,70.96152,25.379185,89.09149,0.5056935
3.970833333333333,41.353928,-6.8018513,-2.930426,70.0,25.0,90.0,41.582893,-7.1442986,-2.6371164,70.96152,25.379185,89.09149,0.5056935
3.975,41.353928,-6.8018513,-2.930426,70.0,25.0,90.0,41.582893,-7.1442986,-2.6371164,70.96152,25.379185,89.09149,0.5056935
3.9791666666666665,41.353928,-6.8018513,-2.930426,70.0,25.0,90.0,41.582893,-7.1442986,-2.6371164,70.96152,25.379185,89.09149,0.5056935
3.9833333333333334,41.353928,-6.8018513,-2.930426,70.0,25.0,90.0,41.582893,-7.1442986,-2.6371164,70.96152,25.379185,89.09149,0.5056935
3.9875,41.353928,-6.8018513,-2.930426,70.0,25.0,90.0,41.582893,-7.1442986,-2.6371164,70.96152,25.379185,89.09149,0.5056935
3.9916666666666667,41.353928,-6.8018513,-2.930426,70.0,25.0,90.0,41.582893,-7.1442986,-2.6371164,70.96152,25.379185,89.09149,0.5056935
3.995833333333333,41.353928,-6.8018513,-2.930426,70.0,25.0,90.0,41.582893,-7.1442986,-2.6371164,70.96152,25.379185,89.09149,0.5056935
4.0,41.353928,-6.8018513,-2.930426,70.0,25.0,90.0,41.582893,-7.1442986,-2.6371164,70.96152,25.379185,89.09149,0.5056935
4.004166666666666,41.353928,-6.8018513,-2.930426,70.0,25.0,90.0,41.582893,-7.1442986,-2.6371164,70.96152,25.379185,89.09149,0.5056935
4.008333333333334,41.353928,-6.8018513,-2.930426,70.0,25.0,90.0,41.582893,-7.1442986,-2.6371164,70.96152,25.379185,89.09149,0.5056935
4.0125,41.353928,-6.8018513,-2.930426,70.0,25.0,90.0,41.582893,-7.1442986,-2.6371164,70.96152,25.379185,89.09149,0.5056935
4.016666666666667,41.353928,-6.8018513,-2.930426,70.0,25.0,90.0,41.582893,-7.1442986,-2.6371164,70.96152,25.379185,89.09149,0.5056935
4.020833333333333,41.353928,-6.8018513,-2.930426,70.0,25.0,90.0,41.582893,-7.1442986,-2.6371164,70.96152,25.379185,89.09149,0.5056935
4.025,41.353928,-6.8018513,-2.930426,70.0,25.0,90.0,41.582893,-7.1442986,-2.6371164,70.96152,25.379185,89.09149,0.5056935
4.029166666666667,41.353928,-6.8018513,-2.930426,70.0,25.0,90.0,41.582893,-7.1442986,-2.6371164,70.96152,25.379185,89.09149,0.5056935
4.033333333333333,41.353928,-6.8018513,-2.930426,70.0,25.0,90.0,41.582893,-7.1442986,-2.6371164,70.96152,25.379185,89.09149,0.5056935
4.0375,41.353928,-6.8018513,-2.930426,70.0,25.0,90.0,41.582893,-7.1442986,-2.6371164,70.96152,25.379185,89.09149,0.5056935
4.041666666666667,41.353928,-6.8018513,-2.930426,70.0,25.0,90.0,41.582893,-7.1442986,-2.6371164,70.96152,25.379185,89.09149,0.5056935
4.045833333333333,41.353928,-6.8018513,-2.930426,70.0,25.0,90.0,41.582893,-7.1442986,-2.6371164,70.96152,25.379185,89.09149,0.5056935
4.05,41.353928,-6.8018513,-2.930426,70.0,25.0,90.0,41.582893,-7.1442986,-2.6371164,70.96152,25.379185,89.09149,0.5056935
4.054166666666666,41.353928,-6.8018513,-2.930426,70.0,25.0,90.0,41.582893,-7.1442986,-2.6371164,70.96152,25.379185,89.09149,0.5056935
4.058333333333334,41.353928,-6.8018513,-2.930426,70.0,25.0,90.0,41.582893,-7.1442986,-2.6371164,70.96152,25.379185,89.09149,0.5056935
4.0625,41.353928,-6.8018513,-2.930426,70.0,25.0,90.0,41.582893,-7.1442986,-2.6371164,70.96152,25.379185,89.09149,0.5056935
4.066666666666666,41.353928,-6.8018513,-2.930426,70.0,25.0,90.0,41.582893,-7.1442986,-2.6371164,70.96152,25.379185,89.09149,0.5056935
4.070833333333334,41.353928,-6.8018513,-2.930426,70.0,25.0,90.0,41.582893,-7.1442986,-2.6371164,70.96152,25.379185,89.09149,0.5056935
4.075,41.353928,-6.8018513,-2.930426,70.0,25.0,90.0,41.582893,-7.1442986,-2.6371164,70.96152,25.379185,89.09149,0.5056935
4.079166666666667,41.353928,-6.8018513,-2.930426,70.0,25.0,90.0,41.582893,-7.1442986,-2.6371155,70.96152,25.379185,89.091484,0.50569403
4.083333333333333,41.353928,-6.8018513,-2.930426,70.0,25.0,90.0,41.582893,-7.1443005,-2.6371164,70.96152,25.379189,89.091484,0.50569475
4.0875,41.353928,-6.8018513,-2.930426,70.0,25.0,90.0,41.58289,-7.1442986,-2.6371174,70.96151,25.379185,89.091484,0.50569123
4.091666666666667,41.353928,-6.8018513,-2.930426,70.0,25.0,90.0,41.582893,-7.1443005,-2.6371193,70.96151,25.379192,89.09149,0.5056931
4.095833333333333,41.353928,-6.8018513,-2.930426,70.0,25.0,90.0,41.582893,-7.1443005,-2.6371202,70.96151,25.379192,89.09149,0.50569254
4.1,41.353928,-6.8018513,-2.930426,70.0,25.0,90.0,41.582893,-7.1442976,-2.6371174,70.96151,25.379189,89.09149,0.50569224
4.104166666666667,41.353928,-6.8018513,-2.930426,70.0,25.0,90.0,41.58289,-7.1442986,-2.6371183,70.96151,25.379189,89.09149,0.50569063
4.108333333333333,41.353928,-6.8018513,-2.930426,70.0,25.0,90.0,41.582893,-7.1443005,-2.6371174,70.96151,25.379189,89.09149,0.5056942
4.1125,41.353928,-6.8018513,-2.930426,70.0,25.0,90.0,41.582893,-7.1442986,-2.6371174,70.96151,25.379189,89.09149,0.5056929
4.116666666666666,41.353928,-6.8018513,-2.930426,70.0,25.0,90.0,41.58289,-7.1442976,-2.6371174,70.96151,25.379185,89.09149,0.5056906
4.120833333333334,41.353928,-6.8018513,-2.930426,70.0,25.0,90.0,41.582893,-7.1442957,-2.6371174,70.96151,25.379185,89.0915,0.505691
4.125,41.353928,-6.8018513,-2.930426,70.0,25.0,90.0,41.582893,-7.1442957,-2.6371183,70.96151,25.379189,89.0915,0.50569046
4.129166666666666,41.353928,-6.8018513,-2.930426,70.0,25.0,90.0,41.582893,-7.1443005,-2.6371183,70.96151,25.379185,89.0915,0.5056937
4.133333333333334,41.353928,-6.8018513,-2.930426,70.0,25.0,90.0,41.58289,-7.1442986,-2.6371164,70.96152,25.379185,89.0915,0.5056917
4.1375,41.353928,-6.8018513,-2.930426,70.0,25.0,90.0,41.58289,-7.1442976,-2.6371183,70.96152,25.379192,89.0915,0.50569
4.141666666666667,41.353928,-6.8018513,-2.930426,70.0,25.0,90.0,41.582893,-7.1442976,-2.6371164,70.96152,25.379189,89.0915,0.50569284
4.145833333333333,41.353928,-6.8018513,-2.930426,70.0,25.0,90.0,41.582893,-7.1442976,-2.6371164,70.96152,25.379185,89.0915,0.50569284
4.15,41.353928,-6.8018513,-2.930426,70.0,25.0,90.0,41.582893,-7.1442986,-2.6371183,70.96152,25.379185,89.0915,0.50569236
4.154166666666667,41.353928,-6.8018513,-2.930426,70.0,25.0,90.0,41.58289,-7.1443005,-2.6371155,70.96152,25.37918,89.0915,0.5056936
4.158333333333333,41.353928,-6.8018513,-2.930426,70.0,25.0,90.0,41.58289,-7.1443005,-2.6371164,70.96151,25.379192,89.0915,0.505693
4.1625,41.353928,-6.8018513,-2.930426,70.0,25.0,90.0,41.58289,-7.1443005,-2.6371174,70.96151,25.379189,89.0915,0.5056925
4.166666666666667,41.353928,-6.8018513,-2.930426,70.0,25.0,90.0,41.58289,-7.1443005,-2.6371164,70.96152,25.379189,89.0915,0.505693
4.170833333333333,41.353928,-6.8018513,-2.930426,70.0,25.0,90.0,41.58289,-7.1442986,-2.6371164,70.96151,25.379185,89.09149,0.5056917
4.175,41.353928,-6.8018513,-2.930426,70.0,25.0,90.0,41.582893,-7.1442986,-2.6371164,70.96152,25.379185,89.0915,0.5056935
4.179166666666666,41.353928,-6.8018513,-2.930426,70.0,25.0,90.0,41.58289,-7.1442976,-2.6371155,70.96152,25.379185,89.0915,0.50569165
4.183333333333334,41.353928,-6.8018513,-2.930426,70.0,25.0,90.0,41.58289,-7.1442986,-2.6371164,70.96152,25.379185,89.0915,0.5056917
4.1875,41.353928,-6.8018513,-2.930426,70.0,25.0,90.0,41.58289,-7.1442976,-2.6371136,70.96152,25.379189,89.0915,0.5056928
4.191666666666666,41.353928,-6.8018513,-2.930426,70.0,25.0,90.0,41.582893,-7.1442976,-2.6371155,70.96152,25.379189,89.0915,0.5056934
4.195833333333334,41.353928,-6.8018513,-2.930426,70.0,25.0,90.0,41.58289,-7.1442986,-2.6371164,70.96152,25.379189,89.0915,0.5056917
4.2,41.353928,-6.8018513,-2.930426,70.0,25.0,90.0,41.58289,-7.1442976,-2.6371155,70.96152,25.379185,89.0915,0.50569165
4.204166666666667,41.353928,-6.8018513,-2.930426,70.0,25.0,90.0,41.582893,-7.1442957,-2.6371126,70.96152,25.379189,89.0915,0.50569373
4.208333333333333,41.353928,-6.8018513,-2.930426,70.0,25.0,90.0,41.582886,-7.1442957,-2.6371155,70.96152,25.379185,89.0915,0.50568867
4.2125,41.353928,-6.8018513,-2.930426,70.0,25.0,90.0,41.58289,-7.1442986,-2.6371155,70.96152,25.379177,89.0915,0.5056923
4.216666666666667,41.353928,-6.8018513,-2.930426,70.0,25.0,90.0,41.58289,-7.1442976,-2.6371155,70.96152,25.379185,89.0915,0.50569165
4.220833333333333,41.353928,-6.8018513,-2.930426,70.0,25.0,90.0,41.58289,-7.1442986,-2.6371174,70.96152,25.37918,89.0915,0.50569123
4.225,41.353928,-6.8018513,-2.930426,70.0,25.0,90.0,41.58289,-7.1443005,-2.6371155,70.96152,25.379185,89.0915,0.5056936
4.229166666666667,41.353928,-6.8018513,-2.930426,70.0,25.0,90.0,41.58289,-7.1443005,-2.6371117,70.96152,25.379185,89.0915,0.5056958
4.233333333333333,41.353928,-6.8018513,-2.930426,70.0,25.0,90.0,41.58289,-7.1443005,-2.6371098,70.96152,25.379192,89.0915,0.5056969
4.2375,41.353928,-6.8018513,-2.930426,70.0,25.0,90.0,41.58289,-7.1443014,-2.6371126,70.96151,25.379189,89.09149,0.50569594
4.241666666666666,41.353928,-6.8018513,-2.930426,70.0,25.0,90.0,41.58289,-7.1442986,-2.6371174,70.96151,25.379189,89.09149,0.50569123
4.245833333333334,41.353928,-6.8018513,-2.930426,70.0,25.0,90.0,41.582893,-7.1443005,-2.6371136,70.96152,25.379189,89.09149,0.5056964
4.25,41.353928,-6.8018513,-2.930426,70.0,25.0,90.0,41.58289,-7.1442976,-2.6371117,70.96152,25.379189,89.09149,0.50569385
4.254166666666666,41.353928,-6.8018513,-2.930426,70.0,25.0,90.0,41.58289,-7.1442957,-2.6371098,70.96151,25.379189,89.09149,0.5056937
4.258333333333334,41.353928,-6.8018513,-2.930426,70.0,25.0,90.0,41.58289,-7.1442957,-2.6371136,70.96151,25.379185,89.091484,0.50569147
4.2625,41.353928,-6.8018513,-2.930426,70.0,25.0,90.0,41.58289,-7.1443005,-2.6371164,70.96152,25.379189,89.091484,0.505693
4.266666666666667,41.353928,-6.8018513,-2.930426,70.0,25.0,90.0,41.582893,-7.1443005,-2.6371183,70.96152,25.379185,89.091484,0.5056937
4.270833333333333,41.353928,-6.8018513,-2.930426,70.0,25.0,90.0,41.58289,-7.1443005,-2.6371174,70.96151,25.379185,89.091484,0.5056925
4.275,41.353928,-6.8018513,-2.930426,70.0,25.0,90.0,41.58289,-7.1442976,-2.6371183,70.96152,25.379189,89.091484,0.50569
4.279166666666667,41.353928,-6.8018513,-2.930426,70.0,25.0,90.0,41.58289,-7.1442976,-2.6371164,70.96152,25.379189,89.091484,0.5056911
4.283333333333333,41.353928,-6.8018513,-2.930426,70.0,25.0,90.0,41.58289,-7.1442986,-2.6371164,70.96151,25.379189,89.091484,0.5056917
4.2875,41.353928,-6.8018513,-2.930426,70.0,25.0,90.0,41.582893,-7.1443005,-2.6371164,70.96151,25.379189,89.091484,0.50569475
4.291666666666667,41.353928,-6.8018513,-2.930426,70.0,25.0,90.0,41.582893,-7.1443014,-2.6371174,70.96152,25.379189,89.091484,0.50569487
4.295833333333333,41.353928,-6.8018513,-2.930426,70.0,25.0,90.0,41.58289,-7.1442976,-2.6371183,70.96151,25.379189,89.091484,0.50569
4.3,41.353928,-6.8018513,-2.930426,70.0,25.0,90.0,41.58289,-7.1442986,-2.6371155,70.96152,25.379189,89.09149,0.5056923
4.304166666666666,41.353928,-6.8018513,-2.930426,70.0,25.0,90.0,41.58289,-7.1443005,-2.6371155,70.96152,25.379185,89.091484,0.5056936
4.308333333333334,41.353928,-6.8018513,-2.930426,70.0,25.0,90.0,41.582893,-7.1443005,-2.6371155,70.96151,25.379189,89.091484,0.50569534
4.3125,41.353928,-6.8018513,-2.930426,70.0,25.0,90.0,41.582893,-7.1442986,-2.6371155,70.96151,25.379185,89.09149,0.50569403
4.316666666666666,41.353928,-6.8018513,-2.930426,70.0,25.0,90.0,41.58289,-7.1443005,-2.6371164,70.96151,25.379185,89.091484,0.505693
4.320833333333334,41.353928,-6.8018513,-2.930426,70.0,25.0,90.0,41.58289,-7.1442986,-2.6371155,70.96151,25.379185,89.091484,0.5056923
4.325,41.353928,-6.8018513,-2.930426,70.0,25.0,90.0,41.58289,-7.1442986,-2.6371155,70.96151,25.379185,89.091484,0.5056923
4.329166666666667,41.353928,-6.8018513,-2.930426,70.0,25.0,90.0,41.58289,-7.1442986,-2.6371155,70.96151,25.379185,89.091484,0.5056923
4.333333333333333,41.353928,-6.8018513,-2.930426,70.0,25.0,90.0,41.58289,-7.1442986,-2.6371155,70.96151,25.379185,89.091484,0.5056923
4.3375,41.353928,-6.8018513,-2.930426,70.0,25.0,90.0,41.58289,-7.1442986,-2.6371155,70.96151,25.379185,89.091484,0.5056923
4.341666666666667,41.353928,-6.8018513,-2.930426,70.0,25.0,90.0,41.58289,-7.1442986,-2.6371155,70.96151,25.379185,89.091484,0.5056923
4.345833333333333,41.353928,-6.8018513,-2.930426,70.0,25.0,90.0,41.58289,-7.1442986,-2.6371155,70.96151,25.379185,89.091484,0.5056923
4.35,41.353928,-6.8018513,-2.930426,70.0,25.0,90.0,41.58289,-7.1442986,-2.6371155,70.96151,25.379185,89.091484,0.5056923
4.354166666666667,41.353928,-6.8018513,-2.930426,70.0,25.0,90.0,41.58289,-7.1442986,-2.6371155,70.96151,25.379185,89.091484,0.5056923
4.358333333333333,41.353928,-6.8018513,-2.930426,70.0,25.0,90.0,41.58289,-7.1442986,-2.6371155,70.96151,25.379185,89.091484,0.5056923
4.3625,41.353928,-6.8018513,-2.930426,70.0,25.0,90.0,41.58289,-7.1442986,-2.6371155,70.96151,25.379185,89.091484,0.5056923
4.366666666666666,41.353928,-6.8018513,-2.930426,70.0,25.0,90.0,41.58289,-7.1442986,-2.6371155,70.96151,25.379185,89.091484,0.5056923
4.370833333333334,41.353928,-6.8018513,-2.930426,70.0,25.0,90.0,41.58289,-7.1442986,-2.6371155,70.96151,25.379185,89.091484,0.5056923
4.375,41.353928,-6.8018513,-2.930426,70.0,25.0,90.0,41.58289,-7.1442986,-2.6371155,70.96151,25.379185,89.091484,0.5056923
4.379166666666666,41.353928,-6.8018513,-2.930426,70.0,25.0,90.0,41.58289,-7.1442986,-2.6371155,70.96151,25.379185,89.091484,0.5056923
4.383333333333334,41.353928,-6.8018513,-2.930426,70.0,25.0,90.0,41.58289,-7.1442986,-2.6371155,70.96151,25.379185,89.091484,0.5056923
4.3875,41.353928,-6.8018513,-2.930426,70.0,25.0,90.0,41.58289,-7.1442986,-2.6371155,70.96151,25.379185,89.091484,0.5056923
4.391666666666667,41.353928,-6.8018513,-2.930426,70.0,25.0,90.0,41.58289,-7.1442986,-2.6371155,70.96151,25.379185,89.091484,0.5056923
4.395833333333333,41.353928,-6.8018513,-2.930426,70.0,25.0,90.0,41.58289,-7.1442986,-2.6371155,70.96151,25.379185,89.091484,0.5056923
4.4,41.353928,-6.8018513,-2.930426,70.0,25.0,90.0,41.58289,-7.1442986,-2.6371155,70.96151,25.379185,89.091484,0.5056923
4.404166666666667,41.353928,-6.8018513,-2.930426,70.0,25.0,90.0,41.58289,-7.1442986,-2.6371155,70.96151,25.379185,89.091484,0.5056923
4.408333333333333,41.353928,-6.8018513,-2.930426,70.0,25.0,90.0,41.58289,-7.1442986,-2.6371155,70.96151,25.379185,89.091484,0.5056923
4.4125,41.353928,-6.8018513,-2.930426,70.0,25.0,90.0,41.58289,-7.1442986,-2.6371155,70.96151,25.379185,89.091484,0.5056923
4.416666666666667,41.353928,-6.8018513,-2.930426,70.0,25.0,90.0,41.58289,-7.1442986,-2.6371155,70.96151,25.379185,89.091484,0.5056923
4.420833333333333,41.353928,-6.8018513,-2.930426,70.0,25.0,90.0,41.58289,-7.1442986,-2.6371155,70.96151,25.379185,89.091484,0.5056923
4.425,41.353928,-6.8018513,-2.930426,70.0,25.0,90.0,41.58289,-7.1442986,-2.6371155,70.96151,25.379185,89.091484,0.5056923
4.429166666666666,41.353928,-6.8018513,-2.930426,70.0,25.0,90.0,41.58289,-7.1442986,-2.6371155,70.96151,25.379185,89.091484,0.5056923
4.433333333333334,41.353928,-6.8018513,-2.930426,70.0,25.0,90.0,41.58289,-7.1442986,-2.6371155,70.96151,25.379185,89.091484,0.5056923
4.4375,41.353928,-6.8018513,-2.930426,70.0,25.0,90.0,41.58289,-7.1442986,-2.6371155,70.96151,25.379185,89.091484,0.5056923
4.441666666666666,41.353928,-6.8018513,-2.930426,70.0,25.0,90.0,41.58289,-7.1442986,-2.6371155,70.96151,25.379185,89.091484,0.5056923
4.445833333333334,41.353928,-6.8018513,-2.930426,70.0,25.0,90.0,41.58289,-7.1442986,-2.6371155,70.96151,25.379185,89.091484,0.5056923
4.45,41.353928,-6.8018513,-2.930426,70.0,25.0,90.0,41.58289,-7.1442986,-2.6371155,70.96151,25.379185,89.091484,0.5056923
4.454166666666667,41.353928,-6.8018513,-2.930426,70.0,25.0,90.0,41.58289,-7.1442986,-2.6371155,70.96151,25.379185,89.091484,0.5056923
4.458333333333333,41.353928,-6.8018513,-2.930426,70.0,25.0,90.0,41.58289,-7.1442986,-2.6371155,70.96151,25.379185,89.091484,0.5056923
4.4625,41.353928,-6.8018513,-2.930426,70.0,25.0,90.0,41.58289,-7.1442986,-2.6371155,70.96151,25.379185,89.091484,0.5056923
4.466666666666667,41.353928,-6.8018513,-2.930426,70.0,25.0,90.0,41.58289,-7.1442986,-2.6371155,70.96151,25.379185,89.091484,0.5056923
4.470833333333333,41.353928,-6.8018513,-2.930426,70.0,25.0,90.0,41.58289,-7.1443005,-2.6371155,70.96151,25.379185,89.091484,0.5056936
4.475,41.353928,-6.8018513,-2.930426,70.0,25.0,90.0,41.58289,-7.1443005,-2.6371174,70.96151,25.379189,89.091484,0.5056925
4.479166666666667,41.353928,-6.8018513,-2.930426,70.0,25.0,90.0,41.58289,-7.1443014,-2.6371164,70.96152,25.379189,89.091484,0.5056937
4.483333333333333,41.353928,-6.8018513,-2.930426,70.0,25.0,90.0,41.582893,-7.1443005,-2.6371164,70.96152,25.379189,89.09149,0.50569475
4.4875,41.353928,-6.8018513,-2.930426,70.0,25.0,90.0,41.582893,-7.1443005,-2.6371164,70.96151,25.379189,89.09149,0.50569475
4.491666666666666,41.353928,-6.8018513,-2.930426,70.0,25.0,90.0,41.582893,-7.1443005,-2.6371174,70.96151,25.379185,89.09149,0.5056942
4.495833333333334,41.353928,-6.8018513,-2.930426,70.0,25.0,90.0,41.582893,-7.1443005,-2.6371193,70.96151,25.379185,89.09149,0.5056931
4.5,41.353928,-6.8018513,-2.930426,70.0,25.0,90.0,41.582893,-7.1442976,-2.6371164,70.96151,25.379185,89.09149,0.50569284
4.504166666666666,41.353928,-6.8018513,-2.930426,70.0,25.0,90.0,41.582893,-7.1442986,-2.6371193,70.96151,25.379189,89.0915,0.5056918
4.508333333333334,41.353928,-6.8018513,-2.930426,70.0,25.0,90.0,41.582893,-7.1442976,-2.6371174,70.96151,25.379185,89.0915,0.50569224
4.5125,41.353928,-6.8018513,-2.930426,70.0,25.0,90.0,41.582893,-7.1443005,-2.6371164,70.96151,25.379189,89.0915,0.50569475
4.516666666666667,41.353928,-6.8018513,-2.930426,70.0,25.0,90.0,41.582897,-7.1442976,-2.6371212,70.96151,25.379189,89.0915,0.50569177
4.520833333333333,41.353928,-6.8018513,-2.930426,70.0,25.0,90.0,41.582893,-7.1442976,-2.6371193,70.96151,25.379185,89.0915,0.5056912
4.525,41.353928,-6.8018513,-2.930426,70.0,25.0,90.0,41.58289,-7.1442976,-2.6371136,70.96151,25.379189,89.0915,0.5056928
4.529166666666667,41.353928,-6.8018513,-2.930426,70.0,25.0,90.0,41.58289,-7.1442957,-2.6371183,70.96152,25.379192,89.0915,0.5056887
4.533333333333333,41.353928,-6.8018513,-2.930426,70.0,25.0,90.0,41.582893,-7.1442976,-2.6371183,70.96152,25.379192,89.0915,0.5056917
4.5375,41.353928,-6.8018513,-2.930426,70.0,25.0,90.0,41.582893,-7.1442976,-2.6371136,70.96151,25.379189,89.0915,0.5056945
4.541666666666667,41.353928,-6.8018513,-2.930426,70.0,25.0,90.0,41.58289,-7.1442957,-2.6371155,70.96152,25.379189,89.0915,0.5056904
4.545833333333333,41.353928,-6.8018513,-2.930426,70.0,25.0,90.0,41.58289,-7.1442976,-2.6371117,70.96152,25.379185,89.0915,0.50569385
4.55,41.353928,-6.8018513,-2.930426,70.0,25.0,90.0,41.58289,-7.1442976,-2.6371155,70.96152,25.379192,89.0915,0.50569165
4.554166666666666,41.353928,-6.8018513,-2.930426,70.0,25.0,90.0,41.58289,-7.1442986,-2.6371164,70.96152,25.379192,89.0915,0.5056917
4.558333333333334,41.353928,-6.8018513,-2.930426,70.0,25.0,90.0,41.58289,-7.1443005,-2.6371155,70.96152,25.379185,89.0915,0.5056936
4.5625,41.353928,-6.8018513,-2.930426,70.0,25.0,90.0,41.582893,-7.1442986,-2.6371136,70.96151,25.379189,89.0915,0.50569516
4.566666666666666,41.353928,-6.8018513,-2.930426,70.0,25.0,90.0,41.58289,-7.1442986,-2.6371136,70.96152,25.379185,89.0915,0.50569344
4.570833333333334,41.353928,-6.8018513,-2.930426,70.0,25.0,90.0,41.58289,-7.1442976,-2.6371155,70.96152,25.379185,89.0915,0.50569165
4.575,41.353928,-6.8018513,-2.930426,70.0,25.0,90.0,41.58289,-7.1442976,-2.6371164,70.96152,25.37918,89.0915,0.5056911
4.579166666666667,41.353928,-6.8018513,-2.930426,70.0,25.0,90.0,41.582893,-7.1442986,-2.6371174,70.96152,25.379185,89.0915,0.5056929
4.583333333333333,41.353928,-6.8018513,-2.930426,70.0,25.0,90.0,41.58289,-7.1442986,-2.6371136,70.96151,25.379185,89.0915,0.50569344
4.5875,41.353928,-6.8018513,-2.930426,70.0,25.0,90.0,41.58289,-7.1443005,-2.6371174,70.96152,25.379185,89.0915,0.5056925
4.591666666666667,41.353928,-6.8018513,-2.930426,70.0,25.0,90.0,41.58289,-7.1442986,-2.6371174,70.96152,25.379185,89.0915,0.50569123
4.595833333333333,41.353928,-6.8018513,-2.930426,70.0,25.0,90.0,41.58289,-7.1443005,-2.6371164,70.96152,25.37918,89.0915,0.505693
4.6,41.353928,-6.8018513,-2.930426,70.0,25.0,90.0,41.58289,-7.1442986,-2.6371155,70.96152,25.379185,89.0915,0.5056923
4.604166666666667,41.353928,-6.8018513,-2.930426,70.0,25.0,90.0,41.58289,-7.1443005,-2.6371136,70.96152,25.379185,89.0915,0.5056947
4.608333333333333,41.353928,-6.8018513,-2.930426,70.0,25.0,90.0,41.58289,-7.1442986,-2.6371126,70.96152,25.37918,89.0915,0.505694
4.6125,41.353928,-6.8018513,-2.930426,70.0,25.0,90.0,41.58289,-7.1443005,-2.6371155,70.96152,25.37918,89.0915,0.5056936
4.616666666666666,41.353928,-6.8018513,-2.930426,70.0,25.0,90.0,41.582893,-7.1443005,-2.6371155,70.96152,25.37918,89.0915,0.50569534
4.620833333333334,41.353928,-6.8018513,-2.930426,70.0,25.0,90.0,41.58289,-7.1442986,-2.6371155,70.96152,25.379185,89.0915,0.5056923
4.625,41.353928,-6.8018513,-2.930426,70.0,25.0,90.0,41.58289,-7.1443014,-2.6371126,70.96152,25.379192,89.0915,0.50569594
4.629166666666666,41.353928,-6.8018513,-2.930426,70.0,25.0,90.0,41.582893,-7.1443005,-2.6371117,70.96152,25.379189,89.0915,0.50569755
4.633333333333334,41.353928,-6.8018513,-2.930426,70.0,25.0,90.0,41.58289,-7.1442986,-2.6371155,70.96152,25.379185,89.09149,0.5056923
4.6375,41.353928,-6.8018513,-2.930426,70.0,25.0,90.0,41.582893,-7.1442976,-2.6371136,70.96152,25.379189,89.09149,0.5056945
4.641666666666667,41.353928,-6.8018513,-2.930426,70.0,25.0,90.0,41.582893,-7.1442957,-2.6371098,70.96152,25.379185,89.09149,0.5056954
4.645833333333333,41.353928,-6.8018513,-2.930426,70.0,25.0,90.0,41.58289,-7.1442976,-2.6371136,70.96152,25.379189,89.09149,0.5056928
4.65,41.353928,-6.8018513,-2.930426,70.0,25.0,90.0,41.58289,-7.1442957,-2.6371136,70.96152,25.379189,89.09149,0.50569147
4.654166666666667,41.353928,-6.8018513,-2.930426,70.0,25.0,90.0,41.58289,-7.1442986,-2.6371174,70.96152,25.379189,89.091484,0.50569123
4.658333333333333,41.353928,-6.8018513,-2.930426,70.0,25.0,90.0,41.58289,-7.1442986,-2.6371174,70.96152,25.379185,89.091484,0.50569123
4.6625,41.353928,-6.8018513,-2.930426,70.0,25.0,90.0,41.58289,-7.1442976,-2.6371183,70.96152,25.379189,89.09149,0.50569
4.666666666666667,41.353928,-6.8018513,-2.930426,70.0,25.0,90.0,41.58289,-7.1442947,-2.6371183,70.96152,25.379192,89.091484,0.5056881
4.670833333333333,41.353928,-6.8018513,-2.930426,70.0,25.0,90.0,41.58289,-7.1442957,-2.6371155,70.96152,25.379192,89.09149,0.5056904
4.675,41.353928,-6.8018513,-2.930426,70.0,25.0,90.0,41.58289,-7.1442986,-2.6371155,70.96151,25.379185,89.091484,0.5056923
4.679166666666666,41.353928,-6.8018513,-2.930426,70.0,25.0,90.0,41.58289,-7.1442986,-2.6371164,70.96152,25.379185,89.091484,0.5056917
4.683333333333334,41.353928,-6.8018513,-2.930426,70.0,25.0,90.0,41.582893,-7.1443005,-2.6371174,70.96152,25.37918,89.09149,0.5056942
4.6875,41.353928,-6.8018513,-2.930426,70.0,25.0,90.0,41.582893,-7.1443005,-2.6371174,70.96152,25.379189,89.091484,0.5056942
4.691666666666666,41.353928,-6.8018513,-2.930426,70.0,25.0,90.0,41.582893,-7.1443005,-2.6371183,70.96151,25.379185,89.09149,0.5056937
4.695833333333334,41.353928,-6.8018513,-2.930426,70.0,25.0,90.0,41.582893,-7.1443014,-2.6371155,70.96152,25.37918,89.09149,0.505696
4.7,41.353928,-6.8018513,-2.930426,70.0,25.0,90.0,41.582893,-7.1443014,-2.6371183,70.96151,25.379185,89.091484,0.50569427
4.704166666666667,41.353928,-6.8018513,-2.930426,70.0,25.0,90.0,41.582893,-7.1443014,-2.6371164,70.96152,25.379185,89.09149,0.5056954
4.708333333333333,41.353928,-6.8018513,-2.930426,70.0,25.0,90.0,41.582893,-7.1443033,-2.6371174,70.96151,25.379185,89.09149,0.5056962
4.7125,41.353928,-6.8018513,-2.930426,70.0,25.0,90.0,41.582893,-7.1443043,-2.6371164,70.96152,25.379185,89.09149,0.5056973
4.716666666666667,41.353928,-6.8018513,-2.930426,70.0,25.0,90.0,41.582893,-7.1443043,-2.6371164,70.96152,25.379185,89.09149,0.5056973
4.720833333333333,41.353928,-6.8018513,-2.930426,70.0,25.0,90.0,41.582893,-7.1443043,-2.6371164,70.96152,25.379185,89.09149,0.5056973
4.725,41.353928,-6.8018513,-2.930426,70.0,25.0,90.0,41.582893,-7.1443043,-2.6371164,70.96152,25.379185,89.09149,0.5056973
4.729166666666667,41.353928,-6.8018513,-2.930426,70.0,25.0,90.0,41.582893,-7.1443043,-2.6371164,70.96152,25.379185,89.09149,0.5056973
4.733333333333333,41.353928,-6.8018513,-2.930426,70.0,25.0,90.0,41.582893,-7.1443043,-2.6371164,70.96152,25.379185,89.09149,0.5056973
4.7375,41.353928,-6.8018513,-2.930426,70.0,25.0,90.0,41.582893,-7.1443043,-2.6371164,70.96152,25.379185,89.09149,0.5056973
4.741666666666666,41.353928,-6.8018513,-2.930426,70.0,25.0,90.0,41.582893,-7.1443043,-2.6371164,70.96152,25.379185,89.09149,0.5056973
4.745833333333334,41.353928,-6.8018513,-2.930426,70.0,25.0,90.0,41.582893,-7.1443043,-2.6371164,70.96152,25.379185,89.09149,0.5056973
4.75,41.353928,-6.8018513,-2.930426,70.0,25.0,90.0,41.58249,-7.135603,-2.6442165,70.957825,25.399426,89.089485,0.49552625
4.754166666666666,41.353928,-6.8018513,-2.930426,70.0,25.0,90.0,41.5695,-7.140809,-2.6824884,70.884056,25.396313,89.101006,0.4720559
4.758333333333334,41.353928,-6.8018513,-2.930426,70.0,25.0,90.0,41.53275,-7.159939,-2.7424927,70.71078,25.30769,89.17009,0.44217953
4.7625,41.353928,-6.8018513,-2.930426,70.0,25.0,90.0,41.462086,-7.302685,-2.79288,70.425156,25.075344,89.262405,0.5305198
4.766666666666667,41.353928,-6.8018513,-2.930426,70.0,25.0,90.0,41.35063,-7.331729,-2.604745,70.4487,24.765388,89.49631,0.62197214
4.770833333333333,41.353928,-6.8018513,-2.930426,70.0,25.0,90.0,41.262287,-7.4250174,-2.579877,70.411064,24.690136,89.36118,0.7208457
4.775,41.353928,-6.8018513,-2.930426,70.0,25.0,90.0,41.033257,-6.878401,-2.0866709,70.46061,25.224293,89.71038,0.9058765
4.779166666666667,41.353928,-6.8018513,-2.930426,70.0,25.0,90.0,40.26732,-6.6499662,-2.025117,70.43915,24.420914,90.6797,1.4224529
4.783333333333333,41.353928,-6.8018513,-2.930426,70.0,25.0,90.0,39.88155,-6.532687,-2.101035,70.493706,24.383633,91.28328,1.7112085
4.7875,41.353928,-6.8018513,-2.930426,70.0,25.0,90.0,40.017445,-5.500022,-0.47198772,72.44566,29.16006,91.27529,3.086238
4.791666666666667,41.353928,-6.8018513,-2.930426,70.0,25.0,90.0,39.75212,-6.3505993,-1.2481651,72.406296,28.399948,91.02472,2.366308
4.795833333333333,41.353928,-6.8018513,-2.930426,70.0,25.0,90.0,40.340347,-6.77429,-2.8457708,71.45058,25.321175,91.725624,1.0174828
