time_s,true_wrist_X_cm,true_wrist_Y_cm,true_wrist_Z_cm,true_shoulder_elv_deg,true_shoulder_rot_deg,true_elbow_flexion_deg,pred_wrist_X_cm,pred_wrist_Y_cm,pred_wrist_Z_cm,pred_shoulder_elv_deg,pred_shoulder_rot_deg,pred_elbow_flexion_deg,l2_distance_cm
0.0,41.353928,-6.8018513,-2.930426,70.0,25.0,90.0,41.178886,-7.8620396,-0.61142445,71.07296,24.050495,91.51744,2.5558572
0.004166666666666667,41.353928,-6.8018513,-2.930426,70.0,25.0,90.0,41.515434,-8.22654,-1.1671019,70.4871,23.887936,91.23073,2.2726927
0.008333333333333333,41.353928,-6.8018513,-2.930426,70.0,25.0,90.0,41.761364,-8.212545,-1.9326992,69.63223,24.072144,91.20416,1.7752523
0.0125,41.353928,-6.8018513,-2.930426,70.0,25.0,90.0,41.33349,-7.4738426,-2.565133,71.1171,25.549149,90.14719,0.76513326
0.016666666666666666,41.353928,-6.8018513,-2.930426,70.0,25.0,90.0,41.16352,-6.717907,-2.197194,72.188446,27.131435,88.94326,0.7621878
0.020833333333333332,41.353928,-6.8018513,-2.930426,70.0,25.0,90.0,40.70733,-7.2275763,-3.4144359,70.2,26.69706,88.70735,0.91301554
0.025,41.353928,-6.8018513,-2.930426,70.0,25.0,90.0,41.270546,-7.934642,-3.0466013,70.03527,24.7947,89.04822,1.141781
0.029166666666666667,41.353928,-6.8018513,-2.930426,70.0,25.0,90.0,41.369682,-7.613902,-2.8339128,70.49307,25.185017,89.095726,0.81791776
0.03333333333333333,41.353928,-6.8018513,-2.930426,70.0,25.0,90.0,41.4775,-7.3937025,-2.7218857,70.70821,25.383495,89.06029,0.63956803
0.0375,41.353928,-6.8018513,-2.930426,70.0,25.0,90.0,41.53075,-7.297126,-2.6457548,70.886826,25.361942,89.02619,0.5979973
0.041666666666666664,41.353928,-6.8018513,-2.930426,70.0,25.0,90.0,41.573883,-7.2100887,-2.6328974,70.94031,25.396301,89.0529,0.55096406
0.04583333333333333,41.353928,-6.8018513,-2.930426,70.0,25.0,90.0,41.59041,-7.156764,-2.6476011,70.922615,25.37772,89.068794,0.51173824
0.05,41.353928,-6.8018513,-2.930426,70.0,25.0,90.0,41.582916,-7.144331,-2.6371403,70.961494,25.37917,89.091415,0.505712
0.05416666666666667,41.353928,-6.8018513,-2.930426,70.0,25.0,90.0,41.582916,-7.144331,-2.6371403,70.961494,25.37917,89.091415,0.505712
0.058333333333333334,41.353928,-6.8018513,-2.930426,70.0,25.0,90.0,41.582916,-7.144331,-2.6371403,70.961494,25.37917,89.091415,0.505712
0.0625,41.353928,-6.8018513,-2.930426,70.0,25.0,90.0,41.582916,-7.144331,-2.6371403,70.961494,25.37917,89.091415,0.505712
0.06666666666666667,41.353928,-6.8018513,-2.930426,70.0,25.0,90.0,41.582916,-7.144331,-2.6371403,70.961494,25.37917,89.091415,0.505712
0.07083333333333333,41.353928,-6.8018513,-2.930426,70.0,25.0,90.0,41.582916,-7.144331,-2.6371403,70.961494,25.37917,89.091415,0.505712
0.075,41.353928,-6.8018513,-2.930426,70.0,25.0,90.0,41.582916,-7.144331,-2.6371403,70.961494,25.37917,89.091415,0.505712
0.07916666666666666,41.353928,-6.8018513,-2.930426,70.0,25.0,90.0,41.582916,-7.144331,-2.6371403,70.961494,25.37917,89.091415,0.505712
0.08333333333333333,41.353928,-6.8018513,-2.930426,70.0,25.0,90.0,41.582916,-7.144331,-2.6371403,70.961494,25.37917,89.091415,0.505712
0.0875,41.353928,-6.8018513,-2.930426,70.0,25.0,90.0,41.582916,-7.144331,-2.6371403,70.961494,25.37917,89.091415,0.505712
0.09166666666666666,41.353928,-6.8018513,-2.930426,70.0,25.0,90.0,41.582916,-7.144333,-2.6371422,70.961494,25.37917,89.091415,0.50571215
0.09583333333333334,41.353928,-6.8018513,-2.930426,70.0,25.0,90.0,41.582916,-7.144333,-2.6371403,70.961494,25.37917,89.091415,0.5057132
0.1,41.353928,-6.8018513,-2.930426,70.0,25.0,90.0,41.582916,-7.144331,-2.6371403,70.9615,25.37917,89.091415,0.505712
0.10416666666666667,41.353928,-6.8018513,-2.930426,70.0,25.0,90.0,41.582916,-7.14433,-2.6371422,70.9615,25.37917,89.091415,0.50571024
0.10833333333333334,41.353928,-6.8018513,-2.930426,70.0,25.0,90.0,41.582916,-7.14433,-2.6371403,70.961494,25.37917,89.091415,0.5057113
0.1125,41.353928,-6.8018513,-2.930426,70.0,25.0,90.0,41.582916,-7.144328,-2.6371431,70.961494,25.37917,89.091415,0.5057084
0.11666666666666667,41.353928,-6.8018513,-2.930426,70.0,25.0,90.0,41.582924,-7.14433,-2.637144,70.9615,25.37917,89.091415,0.50571257
0.12083333333333333,41.353928,-6.8018513,-2.930426,70.0,25.0,90.0,41.582916,-7.144328,-2.6371403,70.961494,25.37917,89.091415,0.50571
0.125,41.353928,-6.8018513,-2.930426,70.0,25.0,90.0,41.582916,-7.144328,-2.6371422,70.961494,25.37917,89.09142,0.50570893
0.12916666666666668,41.353928,-6.8018513,-2.930426,70.0,25.0,90.0,41.582916,-7.144327,-2.6371431,70.961494,25.37917,89.09142,0.50570774
0.13333333333333333,41.353928,-6.8018513,-2.930426,70.0,25.0,90.0,41.582916,-7.14433,-2.6371422,70.96149,25.379166,89.09142,0.50571024
0.1375,41.353928,-6.8018513,-2.930426,70.0,25.0,90.0,41.582912,-7.144328,-2.637144,70.961494,25.37917,89.09142,0.50570613
0.14166666666666666,41.353928,-6.8018513,-2.930426,70.0,25.0,90.0,41.582916,-7.144328,-2.6371403,70.961494,25.37917,89.09142,0.50571
0.14583333333333334,41.353928,-6.8018513,-2.930426,70.0,25.0,90.0,41.582916,-7.144327,-2.6371403,70.961494,25.379177,89.09142,0.5057094
0.15,41.353928,-6.8018513,-2.930426,70.0,25.0,90.0,41.582916,-7.144328,-2.6371365,70.961494,25.379173,89.09142,0.5057123
0.15416666666666667,41.353928,-6.8018513,-2.930426,70.0,25.0,90.0,41.582916,-7.1443243,-2.6371393,70.961494,25.379173,89.09143,0.505708
0.15833333333333333,41.353928,-6.8018513,-2.930426,70.0,25.0,90.0,41.582916,-7.1443243,-2.6371403,70.9615,25.37917,89.09142,0.50570744
0.1625,41.353928,-6.8018513,-2.930426,70.0,25.0,90.0,41.582916,-7.1443243,-2.6371393,70.961494,25.379173,89.09142,0.505708
0.16666666666666666,41.353928,-6.8018513,-2.930426,70.0,25.0,90.0,41.58292,-7.144327,-2.6371422,70.961494,25.379173,89.09142,0.50571
0.17083333333333334,41.353928,-6.8018513,-2.930426,70.0,25.0,90.0,41.582916,-7.1443253,-2.6371422,70.9615,25.379177,89.09142,0.505707
0.175,41.353928,-6.8018513,-2.930426,70.0,25.0,90.0,41.582916,-7.144327,-2.6371403,70.9615,25.379177,89.09142,0.5057094
0.17916666666666667,41.353928,-6.8018513,-2.930426,70.0,25.0,90.0,41.582916,-7.144327,-2.6371393,70.9615,25.379177,89.09143,0.50570995
0.18333333333333332,41.353928,-6.8018513,-2.930426,70.0,25.0,90.0,41.582916,-7.144327,-2.6371431,70.9615,25.379173,89.09142,0.50570774
0.1875,41.353928,-6.8018513,-2.930426,70.0,25.0,90.0,41.582916,-7.144327,-2.637144,70.9615,25.379173,89.09142,0.5057072
0.19166666666666668,41.353928,-6.8018513,-2.930426,70.0,25.0,90.0,41.58292,-7.1443243,-2.6371431,70.9615,25.379173,89.09142,0.5057075
0.19583333333333333,41.353928,-6.8018513,-2.930426,70.0,25.0,90.0,41.582916,-7.1443253,-2.6371422,70.9615,25.379173,89.09142,0.505707
0.2,41.353928,-6.8018513,-2.930426,70.0,25.0,90.0,41.582916,-7.144327,-2.6371431,70.9615,25.37917,89.09142,0.50570774
0.20416666666666666,41.353928,-6.8018513,-2.930426,70.0,25.0,90.0,41.582916,-7.1443253,-2.6371431,70.9615,25.379173,89.09142,0.5057064
0.20833333333333334,41.353928,-6.8018513,-2.930426,70.0,25.0,90.0,41.582916,-7.144327,-2.6371422,70.9615,25.379177,89.09142,0.5057083
0.2125,41.353928,-6.8018513,-2.930426,70.0,25.0,90.0,41.582916,-7.1443253,-2.637145,70.9615,25.379173,89.09142,0.5057053
0.21666666666666667,41.353928,-6.8018513,-2.930426,70.0,25.0,90.0,41.582916,-7.1443243,-2.637144,70.9615,25.379173,89.09142,0.50570524
0.22083333333333333,41.353928,-6.8018513,-2.930426,70.0,25.0,90.0,41.582916,-7.1443253,-2.637145,70.9615,25.379173,89.09142,0.5057053
0.225,41.353928,-6.8018513,-2.930426,70.0,25.0,90.0,41.582916,-7.1443253,-2.637147,70.9615,25.37917,89.09142,0.5057042
0.22916666666666666,41.353928,-6.8018513,-2.930426,70.0,25.0,90.0,41.582916,-7.1443243,-2.637144,70.9615,25.379173,89.09142,0.50570524
0.23333333333333334,41.353928,-6.8018513,-2.930426,70.0,25.0,90.0,41.582916,-7.1443253,-2.6371431,70.9615,25.379173,89.09142,0.5057064
0.2375,41.353928,-6.8018513,-2.930426,70.0,25.0,90.0,41.58292,-7.144327,-2.637146,70.9615,25.379173,89.09142,0.5057078
0.24166666666666667,41.353928,-6.8018513,-2.930426,70.0,25.0,90.0,41.58292,-7.1443253,-2.6371403,70.9615,25.37917,89.09142,0.5057098
0.24583333333333332,41.353928,-6.8018513,-2.930426,70.0,25.0,90.0,41.582916,-7.144327,-2.637144,70.9615,25.37917,89.09142,0.5057072
0.25,41.353928,-6.8018513,-2.930426,70.0,25.0,90.0,41.582916,-7.14433,-2.637144,70.9615,25.379177,89.09142,0.5057091
0.25416666666666665,41.353928,-6.8018513,-2.930426,70.0,25.0,90.0,41.582916,-7.14433,-2.637145,70.9615,25.379177,89.091415,0.5057086
0.25833333333333336,41.353928,-6.8018513,-2.930426,70.0,25.0,90.0,41.582916,-7.14433,-2.637146,70.9615,25.379177,89.091415,0.505708
0.2625,41.353928,-6.8018513,-2.930426,70.0,25.0,90.0,41.582916,-7.144327,-2.637146,70.9615,25.379173,89.091415,0.5057061
0.26666666666666666,41.353928,-6.8018513,-2.930426,70.0,25.0,90.0,41.582916,-7.14433,-2.6371422,70.9615,25.37917,89.091415,0.50571024
0.2708333333333333,41.353928,-6.8018513,-2.930426,70.0,25.0,90.0,41.582916,-7.144328,-2.6371422,70.9615,25.37918,89.091415,0.50570893
0.275,41.353928,-6.8018513,-2.930426,70.0,25.0,90.0,41.582916,-7.14433,-2.6371393,70.9615,25.379173,89.09141,0.5057119
0.2791666666666667,41.353928,-6.8018513,-2.930426,70.0,25.0,90.0,41.582916,-7.144328,-2.637144,70.9615,25.37917,89.091415,0.5057078
0.2833333333333333,41.353928,-6.8018513,-2.930426,70.0,25.0,90.0,41.582916,-7.144327,-2.6371422,70.9615,25.37917,89.091415,0.5057083
0.2875,41.353928,-6.8018513,-2.930426,70.0,25.0,90.0,41.582916,-7.14433,-2.6371431,70.9615,25.37917,89.091415,0.5057097
0.2916666666666667,41.353928,-6.8018513,-2.930426,70.0,25.0,90.0,41.582916,-7.14433,-2.6371422,70.961494,25.379166,89.091415,0.50571024
0.29583333333333334,41.353928,-6.8018513,-2.930426,70.0,25.0,90.0,41.582924,-7.144331,-2.6371393,70.961494,25.37917,89.091415,0.50571597
0.3,41.353928,-6.8018513,-2.930426,70.0,25.0,90.0,41.58292,-7.144328,-2.6371422,70.9615,25.37917,89.091415,0.50571066
0.30416666666666664,41.353928,-6.8018513,-2.930426,70.0,25.0,90.0,41.58292,-7.144331,-2.6371422,70.9615,25.37917,89.091415,0.50571257
0.30833333333333335,41.353928,-6.8018513,-2.930426,70.0,25.0,90.0,41.582924,-7.14433,-2.6371431,70.961494,25.37917,89.091415,0.5057131
0.3125,41.353928,-6.8018513,-2.930426,70.0,25.0,90.0,41.582924,-7.14433,-2.6371422,70.9615,25.37917,89.091415,0.50571364
0.31666666666666665,41.353928,-6.8018513,-2.930426,70.0,25.0,90.0,41.58292,-7.14433,-2.6371403,70.961494,25.379173,89.091415,0.50571305
0.32083333333333336,41.353928,-6.8018513,-2.930426,70.0,25.0,90.0,41.582916,-7.14433,-2.6371422,70.961494,25.379173,89.091415,0.50571024
0.325,41.353928,-6.8018513,-2.930426,70.0,25.0,90.0,41.58292,-7.144331,-2.6371422,70.961494,25.379173,89.091415,0.50571257
0.32916666666666666,41.353928,-6.8018513,-2.930426,70.0,25.0,90.0,41.582924,-7.144331,-2.6371403,70.961494,25.379173,89.091415,0.5057154
0.3333333333333333,41.353928,-6.8018513,-2.930426,70.0,25.0,90.0,41.582924,-7.14433,-2.6371422,70.961494,25.37917,89.091415,0.50571364
0.3375,41.353928,-6.8018513,-2.930426,70.0,25.0,90.0,41.582924,-7.14433,-2.6371422,70.961494,25.37917,89.091415,0.50571364
0.3416666666666667,41.353928,-6.8018513,-2.930426,70.0,25.0,90.0,41.582924,-7.14433,-2.6371422,70.961494,25.37917,89.091415,0.50571364
0.3458333333333333,41.353928,-6.8018513,-2.930426,70.0,25.0,90.0,41.582924,-7.14433,-2.6371422,70.961494,25.37917,89.091415,0.50571364
0.35,41.353928,-6.8018513,-2.930426,70.0,25.0,90.0,41.582924,-7.14433,-2.6371422,70.961494,25.37917,89.091415,0.50571364
0.3541666666666667,41.353928,-6.8018513,-2.930426,70.0,25.0,90.0,41.582924,-7.14433,-2.6371422,70.961494,25.37917,89.091415,0.50571364
0.35833333333333334,41.353928,-6.8018513,-2.930426,70.0,25.0,90.0,41.582924,-7.14433,-2.6371422,70.961494,25.37917,89.091415,0.50571364
0.3625,41.353928,-6.8018513,-2.930426,70.0,25.0,90.0,41.582924,-7.14433,-2.6371422,70.961494,25.37917,89.091415,0.50571364
0.36666666666666664,41.353928,-6.8018513,-2.930426,70.0,25.0,90.0,41.582924,-7.14433,-2.6371422,70.961494,25.37917,89.091415,0.50571364
0.37083333333333335,41.353928,-6.8018513,-2.930426,70.0,25.0,90.0,41.582924,-7.14433,-2.6371422,70.961494,25.37917,89.091415,0.50571364
0.375,41.353928,-6.8018513,-2.930426,70.0,25.0,90.0,41.582924,-7.14433,-2.6371422,70.961494,25.37917,89.091415,0.50571364
0.37916666666666665,41.353928,-6.8018513,-2.930426,70.0,25.0,90.0,41.582924,-7.14433,-2.6371422,70.961494,25.37917,89.091415,0.50571364
0.38333333333333336,41.353928,-6.8018513,-2.930426,70.0,25.0,90.0,41.582924,-7.14433,-2.6371422,70.961494,25.37917,89.091415,0.50571364
0.3875,41.353928,-6.8018513,-2.930426,70.0,25.0,90.0,41.582924,-7.14433,-2.6371422,70.961494,25.37917,89.091415,0.50571364
0.39166666666666666,41.353928,-6.8018513,-2.930426,70.0,25.0,90.0,41.582924,-7.14433,-2.6371422,70.961494,25.37917,89.091415,0.50571364
0.3958333333333333,41.353928,-6.8018513,-2.930426,70.0,25.0,90.0,41.582924,-7.14433,-2.6371422,70.961494,25.37917,89.091415,0.50571364
0.4,41.353928,-6.8018513,-2.930426,70.0,25.0,90.0,41.582924,-7.14433,-2.6371422,70.961494,25.37917,89.091415,0.50571364
0.4041666666666667,41.353928,-6.8018513,-2.930426,70.0,25.0,90.0,41.582924,-7.14433,-2.6371422,70.961494,25.37917,89.091415,0.50571364
0.4083333333333333,41.353928,-6.8018513,-2.930426,70.0,25.0,90.0,41.582924,-7.14433,-2.6371422,70.961494,25.37917,89.091415,0.50571364
0.4125,41.353928,-6.8018513,-2.930426,70.0,25.0,90.0,41.582924,-7.14433,-2.6371422,70.961494,25.37917,89.091415,0.50571364
0.4166666666666667,41.353928,-6.8018513,-2.930426,70.0,25.0,90.0,41.582924,-7.14433,-2.6371422,70.961494,25.37917,89.091415,0.50571364
0.42083333333333334,41.353928,-6.8018513,-2.930426,70.0,25.0,90.0,41.582924,-7.14433,-2.6371422,70.961494,25.37917,89.091415,0.50571364
0.425,41.353928,-6.8018513,-2.930426,70.0,25.0,90.0,41.582924,-7.14433,-2.6371422,70.961494,25.37917,89.091415,0.50571364
0.42916666666666664,41.353928,-6.8018513,-2.930426,70.0,25.0,90.0,41.582924,-7.14433,-2.6371422,70.961494,25.37917,89.091415,0.50571364
0.43333333333333335,41.353928,-6.8018513,-2.930426,70.0,25.0,90.0,41.582924,-7.14433,-2.6371422,70.961494,25.37917,89.091415,0.50571364
0.4375,41.353928,-6.8018513,-2.930426,70.0,25.0,90.0,41.582924,-7.14433,-2.6371422,70.961494,25.37917,89.091415,0.50571364
0.44166666666666665,41.353928,-6.8018513,-2.930426,70.0,25.0,90.0,41.582924,-7.14433,-2.6371422,70.961494,25.37917,89.091415,0.50571364
0.44583333333333336,41.353928,-6.8018513,-2.930426,70.0,25.0,90.0,41.582924,-7.14433,-2.6371422,70.961494,25.37917,89.091415,0.50571364
0.45,41.353928,-6.8018513,-2.930426,70.0,25.0,90.0,41.582924,-7.14433,-2.6371422,70.961494,25.37917,89.091415,0.50571364
0.45416666666666666,41.353928,-6.8018513,-2.930426,70.0,25.0,90.0,41.582924,-7.14433,-2.6371422,70.961494,25.37917,89.091415,0.50571364
0.4583333333333333,41.353928,-6.8018513,-2.930426,70.0,25.0,90.0,41.582924,-7.14433,-2.6371422,70.961494,25.37917,89.091415,0.50571364
0.4625,41.353928,-6.8018513,-2.930426,70.0,25.0,90.0,41.582924,-7.14433,-2.6371422,70.961494,25.37917,89.091415,0.50571364
0.4666666666666667,41.353928,-6.8018513,-2.930426,70.0,25.0,90.0,41.582924,-7.14433,-2.6371422,70.961494,25.37917,89.091415,0.50571364
0.4708333333333333,41.353928,-6.8018513,-2.930426,70.0,25.0,90.0,41.582924,-7.14433,-2.6371422,70.961494,25.37917,89.091415,0.50571364
0.475,41.353928,-6.8018513,-2.930426,70.0,25.0,90.0,41.582924,-7.14433,-2.6371422,70.961494,25.37917,89.091415,0.50571364
0.4791666666666667,41.353928,-6.8018513,-2.930426,70.0,25.0,90.0,41.582924,-7.14433,-2.6371422,70.961494,25.37917,89.091415,0.50571364
0.48333333333333334,41.353928,-6.8018513,-2.930426,70.0,25.0,90.0,41.582924,-7.14433,-2.6371422,70.961494,25.37917,89.091415,0.50571364
0.4875,41.353928,-6.8018513,-2.930426,70.0,25.0,90.0,41.582924,-7.14433,-2.6371422,70.961494,25.37917,89.091415,0.50571364
0.49166666666666664,41.353928,-6.8018513,-2.930426,70.0,25.0,90.0,41.582924,-7.14433,-2.6371403,70.9615,25.379173,89.091415,0.5057148
0.49583333333333335,41.353928,-6.8018513,-2.930426,70.0,25.0,90.0,41.58292,-7.14433,-2.6371403,70.961494,25.379173,89.091415,0.50571305
0.5,41.353928,-6.8018513,-2.930426,70.0,25.0,90.0,41.582924,-7.144327,-2.6371393,70.961494,25.37917,89.091415,0.5057134
0.5041666666666667,41.353928,-6.8018513,-2.930426,70.0,25.0,90.0,41.58292,-7.144328,-2.6371403,70.961494,25.37917,89.091415,0.5057118
0.5083333333333333,41.353928,-6.8018513,-2.930426,70.0,25.0,90.0,41.58292,-7.14433,-2.6371422,70.961494,25.37917,89.091415,0.505712
0.5125,41.353928,-6.8018513,-2.930426,70.0,25.0,90.0,41.58292,-7.144328,-2.637144,70.961494,25.37917,89.091415,0.5057095
0.5166666666666667,41.353928,-6.8018513,-2.930426,70.0,25.0,90.0,41.582916,-7.144327,-2.6371422,70.9615,25.37917,89.09142,0.5057083
0.5208333333333334,41.353928,-6.8018513,-2.930426,70.0,25.0,90.0,41.582916,-7.144327,-2.6371403,70.961494,25.37917,89.09142,0.5057094
0.525,41.353928,-6.8018513,-2.930426,70.0,25.0,90.0,41.582916,-7.144328,-2.6371422,70.961494,25.37917,89.09142,0.50570893
0.5291666666666667,41.353928,-6.8018513,-2.930426,70.0,25.0,90.0,41.582916,-7.144328,-2.6371403,70.961494,25.37917,89.09142,0.50571
0.5333333333333333,41.353928,-6.8018513,-2.930426,70.0,25.0,90.0,41.582916,-7.14433,-2.6371403,70.961494,25.37917,89.09142,0.5057113
0.5375,41.353928,-6.8018513,-2.930426,70.0,25.0,90.0,41.582916,-7.144327,-2.6371422,70.9615,25.37917,89.09143,0.5057083
0.5416666666666666,41.353928,-6.8018513,-2.930426,70.0,25.0,90.0,41.582916,-7.144327,-2.6371393,70.961494,25.37918,89.09143,0.50570995
0.5458333333333333,41.353928,-6.8018513,-2.930426,70.0,25.0,90.0,41.582912,-7.144327,-2.6371374,70.961494,25.379173,89.09143,0.50570935
0.55,41.353928,-6.8018513,-2.930426,70.0,25.0,90.0,41.582916,-7.1443253,-2.6371403,70.961494,25.379177,89.09142,0.5057081
0.5541666666666667,41.353928,-6.8018513,-2.930426,70.0,25.0,90.0,41.582916,-7.1443224,-2.6371393,70.9615,25.379173,89.09142,0.5057067
0.5583333333333333,41.353928,-6.8018513,-2.930426,70.0,25.0,90.0,41.582916,-7.1443253,-2.6371393,70.961494,25.37917,89.09142,0.50570863
0.5625,41.353928,-6.8018513,-2.930426,70.0,25.0,90.0,41.582916,-7.1443224,-2.637146,70.961494,25.379173,89.09142,0.50570285
0.5666666666666667,41.353928,-6.8018513,-2.930426,70.0,25.0,90.0,41.582916,-7.1443243,-2.637144,70.9615,25.379173,89.09142,0.50570524
0.5708333333333333,41.353928,-6.8018513,-2.930426,70.0,25.0,90.0,41.582916,-7.1443253,-2.6371403,70.961494,25.379173,89.09142,0.5057081
0.575,41.353928,-6.8018513,-2.930426,70.0,25.0,90.0,41.582916,-7.1443243,-2.6371403,70.9615,25.379177,89.09142,0.50570744
0.5791666666666667,41.353928,-6.8018513,-2.930426,70.0,25.0,90.0,41.582912,-7.144327,-2.637144,70.9615,25.379173,89.09142,0.5057055
0.5833333333333334,41.353928,-6.8018513,-2.930426,70.0,25.0,90.0,41.582916,-7.1443253,-2.6371431,70.9615,25.37918,89.09142,0.5057064
0.5875,41.353928,-6.8018513,-2.930426,70.0,25.0,90.0,41.582916,-7.1443253,-2.637144,70.9615,25.379173,89.09142,0.5057059
0.5916666666666667,41.353928,-6.8018513,-2.930426,70.0,25.0,90.0,41.582916,-7.1443253,-2.6371422,70.9615,25.379173,89.09142,0.505707
0.5958333333333333,41.353928,-6.8018513,-2.930426,70.0,25.0,90.0,41.582916,-7.1443253,-2.6371431,70.9615,25.379177,89.09142,0.5057064
0.6,41.353928,-6.8018513,-2.930426,70.0,25.0,90.0,41.582916,-7.1443253,-2.6371422,70.9615,25.379173,89.09142,0.505707
0.6041666666666666,41.353928,-6.8018513,-2.930426,70.0,25.0,90.0,41.582916,-7.1443253,-2.6371431,70.9615,25.379173,89.09142,0.5057064
0.6083333333333333,41.353928,-6.8018513,-2.930426,70.0,25.0,90.0,41.582916,-7.1443253,-2.6371422,70.9615,25.379173,89.09142,0.505707
0.6125,41.353928,-6.8018513,-2.930426,70.0,25.0,90.0,41.582916,-7.144327,-2.6371422,70.9615,25.379173,89.09142,0.5057083
0.6166666666666667,41.353928,-6.8018513,-2.930426,70.0,25.0,90.0,41.582912,-7.1443253,-2.6371403,70.961494,25.379173,89.09142,0.50570637
0.6208333333333333,41.353928,-6.8018513,-2.930426,70.0,25.0,90.0,41.582912,-7.1443253,-2.6371403,70.961494,25.379173,89.09142,0.50570637
0.625,41.353928,-6.8018513,-2.930426,70.0,25.0,90.0,41.582916,-7.1443253,-2.6371393,70.9615,25.37917,89.09142,0.50570863
0.6291666666666667,41.353928,-6.8018513,-2.930426,70.0,25.0,90.0,41.582916,-7.1443253,-2.6371422,70.9615,25.37917,89.09142,0.505707
0.6333333333333333,41.353928,-6.8018513,-2.930426,70.0,25.0,90.0,41.582916,-7.1443253,-2.6371403,70.9615,25.37917,89.09142,0.5057081
0.6375,41.353928,-6.8018513,-2.930426,70.0,25.0,90.0,41.582916,-7.144327,-2.637144,70.9615,25.379173,89.09142,0.5057072
0.6416666666666667,41.353928,-6.8018513,-2.930426,70.0,25.0,90.0,41.582916,-7.144327,-2.637144,70.9615,25.379173,89.09142,0.5057072
0.6458333333333334,41.353928,-6.8018513,-2.930426,70.0,25.0,90.0,41.582916,-7.144328,-2.6371431,70.9615,25.37917,89.091415,0.5057084
0.65,41.353928,-6.8018513,-2.930426,70.0,25.0,90.0,41.58292,-7.144327,-2.6371431,70.9615,25.379177,89.091415,0.50570947
0.6541666666666667,41.353928,-6.8018513,-2.930426,70.0,25.0,90.0,41.582916,-7.144328,-2.637145,70.9615,25.379173,89.091415,0.50570726
0.6583333333333333,41.353928,-6.8018513,-2.930426,70.0,25.0,90.0,41.58292,-7.144327,-2.6371431,70.9615,25.37917,89.091415,0.50570947
0.6625,41.353928,-6.8018513,-2.930426,70.0,25.0,90.0,41.582916,-7.144327,-2.6371422,70.9615,25.379173,89.091415,0.5057083
0.6666666666666666,41.353928,-6.8018513,-2.930426,70.0,25.0,90.0,41.58292,-7.14433,-2.6371431,70.9615,25.379173,89.091415,0.5057114
0.6708333333333333,41.353928,-6.8018513,-2.930426,70.0,25.0,90.0,41.58292,-7.144331,-2.6371431,70.9615,25.379173,89.091415,0.50571203
0.675,41.353928,-6.8018513,-2.930426,70.0,25.0,90.0,41.582916,-7.14433,-2.6371403,70.9615,25.37917,89.091415,0.5057113
0.6791666666666667,41.353928,-6.8018513,-2.930426,70.0,25.0,90.0,41.582916,-7.14433,-2.6371403,70.9615,25.37917,89.091415,0.5057113
0.6833333333333333,41.353928,-6.8018513,-2.930426,70.0,25.0,90.0,41.582916,-7.144331,-2.6371403,70.9615,25.379173,89.091415,0.505712
0.6875,41.353928,-6.8018513,-2.930426,70.0,25.0,90.0,41.58292,-7.144328,-2.6371393,70.9615,25.37917,89.091415,0.50571233
0.6916666666666667,41.353928,-6.8018513,-2.930426,70.0,25.0,90.0,41.58292,-7.144331,-2.6371403,70.9615,25.37917,89.091415,0.5057137
0.6958333333333333,41.353928,-6.8018513,-2.930426,70.0,25.0,90.0,41.582924,-7.144328,-2.6371422,70.9615,25.37917,89.091415,0.5057124
0.7,41.353928,-6.8018513,-2.930426,70.0,25.0,90.0,41.58292,-7.14433,-2.6371403,70.9615,25.37917,89.091415,0.50571305
0.7041666666666667,41.353928,-6.8018513,-2.930426,70.0,25.0,90.0,41.582916,-7.144331,-2.6371422,70.9615,25.379173,89.091415,0.5057109
0.7083333333333334,41.353928,-6.8018513,-2.930426,70.0,25.0,90.0,41.582916,-7.14433,-2.6371393,70.9615,25.37917,89.091415,0.5057119
0.7125,41.353928,-6.8018513,-2.930426,70.0,25.0,90.0,41.582916,-7.144331,-2.6371422,70.9615,25.37917,89.091415,0.5057109
0.7166666666666667,41.353928,-6.8018513,-2.930426,70.0,25.0,90.0,41.58292,-7.144333,-2.6371403,70.961494,25.379173,89.091415,0.505715
0.7208333333333333,41.353928,-6.8018513,-2.930426,70.0,25.0,90.0,41.58292,-7.144333,-2.6371431,70.961494,25.37917,89.091415,0.50571334
0.725,41.353928,-6.8018513,-2.930426,70.0,25.0,90.0,41.58292,-7.144333,-2.6371403,70.961494,25.37917,89.091415,0.505715
0.7291666666666666,41.353928,-6.8018513,-2.930426,70.0,25.0,90.0,41.582916,-7.144331,-2.6371422,70.961494,25.37917,89.091415,0.5057109
0.7333333333333333,41.353928,-6.8018513,-2.930426,70.0,25.0,90.0,41.582916,-7.144331,-2.6371422,70.961494,25.37917,89.091415,0.5057109
0.7375,41.353928,-6.8018513,-2.930426,70.0,25.0,90.0,41.582916,-7.144331,-2.6371422,70.961494,25.37917,89.091415,0.5057109
0.7416666666666667,41.353928,-6.8018513,-2.930426,70.0,25.0,90.0,41.582916,-7.144331,-2.6371422,70.961494,25.37917,89.091415,0.5057109
0.7458333333333333,41.353928,-6.8018513,-2.930426,70.0,25.0,90.0,41.582916,-7.144331,-2.6371422,70.961494,25.37917,89.091415,0.5057109
0.75,41.353928,-6.8018513,-2.930426,70.0,25.0,90.0,41.582916,-7.144331,-2.6371422,70.961494,25.37917,89.091415,0.5057109
0.7541666666666667,41.353928,-6.8018513,-2.930426,70.0,25.0,90.0,41.582916,-7.144331,-2.6371422,70.961494,25.37917,89.091415,0.5057109
0.7583333333333333,41.353928,-6.8018513,-2.930426,70.0,25.0,90.0,41.582916,-7.144331,-2.6371422,70.961494,25.37917,89.091415,0.5057109
0.7625,41.353928,-6.8018513,-2.930426,70.0,25.0,90.0,41.582916,-7.144331,-2.6371422,70.961494,25.37917,89.091415,0.5057109
0.7666666666666667,41.353928,-6.8018513,-2.930426,70.0,25.0,90.0,41.582916,-7.144331,-2.6371422,70.961494,25.37917,89.091415,0.5057109
0.7708333333333334,41.353928,-6.8018513,-2.930426,70.0,25.0,90.0,41.582916,-7.144331,-2.6371422,70.961494,25.37917,89.091415,0.5057109
0.775,41.353928,-6.8018513,-2.930426,70.0,25.0,90.0,41.582916,-7.144331,-2.6371422,70.961494,25.37917,89.091415,0.5057109
0.7791666666666667,41.353928,-6.8018513,-2.930426,70.0,25.0,90.0,41.582916,-7.144331,-2.6371422,70.961494,25.37917,89.091415,0.5057109
0.7833333333333333,41.353928,-6.8018513,-2.930426,70.0,25.0,90.0,41.582916,-7.144331,-2.6371422,70.961494,25.37917,89.091415,0.5057109
0.7875,41.353928,-6.8018513,-2.930426,70.0,25.0,90.0,41.582916,-7.144331,-2.6371422,70.961494,25.37917,89.091415,0.5057109
0.7916666666666666,41.353928,-6.8018513,-2.930426,70.0,25.0,90.0,41.582916,-7.144331,-2.6371422,70.961494,25.37917,89.091415,0.5057109
0.7958333333333333,41.353928,-6.8018513,-2.930426,70.0,25.0,90.0,41.582916,-7.144331,-2.6371422,70.961494,25.37917,89.091415,0.5057109
0.8,41.353928,-6.8018513,-2.930426,70.0,25.0,90.0,41.582916,-7.144331,-2.6371422,70.961494,25.37917,89.091415,0.5057109
0.8041666666666667,41.353928,-6.8018513,-2.930426,70.0,25.0,90.0,41.582916,-7.144331,-2.6371422,70.961494,25.37917,89.091415,0.5057109
0.8083333333333333,41.353928,-6.8018513,-2.930426,70.0,25.0,90.0,41.582916,-7.144331,-2.6371422,70.961494,25.37917,89.091415,0.5057109
0.8125,41.353928,-6.8018513,-2.930426,70.0,25.0,90.0,41.582916,-7.144331,-2.6371422,70.961494,25.37917,89.091415,0.5057109
0.8166666666666667,41.353928,-6.8018513,-2.930426,70.0,25.0,90.0,41.582916,-7.144331,-2.6371422,70.961494,25.37917,89.091415,0.5057109
0.8208333333333333,41.353928,-6.8018513,-2.930426,70.0,25.0,90.0,41.582916,-7.144331,-2.6371422,70.961494,25.37917,89.091415,0.5057109
0.825,41.353928,-6.8018513,-2.930426,70.0,25.0,90.0,41.582916,-7.144331,-2.6371422,70.961494,25.37917,89.091415,0.5057109
0.8291666666666667,41.353928,-6.8018513,-2.930426,70.0,25.0,90.0,41.582916,-7.144331,-2.6371422,70.961494,25.37917,89.091415,0.5057109
0.8333333333333334,41.353928,-6.8018513,-2.930426,70.0,25.0,90.0,41.582916,-7.144331,-2.6371422,70.961494,25.37917,89.091415,0.5057109
0.8375,41.353928,-6.8018513,-2.930426,70.0,25.0,90.0,41.582916,-7.144331,-2.6371422,70.961494,25.37917,89.091415,0.5057109
0.8416666666666667,41.353928,-6.8018513,-2.930426,70.0,25.0,90.0,41.582916,-7.144331,-2.6371422,70.961494,25.37917,89.091415,0.5057109
0.8458333333333333,41.353928,-6.8018513,-2.930426,70.0,25.0,90.0,41.582916,-7.144331,-2.6371422,70.961494,25.37917,89.091415,0.5057109
0.85,41.353928,-6.8018513,-2.930426,70.0,25.0,90.0,41.582916,-7.144331,-2.6371422,70.961494,25.37917,89.091415,0.5057109
0.8541666666666666,41.353928,-6.8018513,-2.930426,70.0,25.0,90.0,41.582916,-7.144331,-2.6371422,70.961494,25.37917,89.091415,0.5057109
0.8583333333333333,41.353928,-6.8018513,-2.930426,70.0,25.0,90.0,41.582916,-7.144331,-2.6371422,70.961494,25.37917,89.091415,0.5057109
0.8625,41.353928,-6.8018513,-2.930426,70.0,25.0,90.0,41.582916,-7.144331,-2.6371422,70.961494,25.37917,89.091415,0.5057109
0.8666666666666667,41.353928,-6.8018513,-2.930426,70.0,25.0,90.0,41.582916,-7.144331,-2.6371422,70.961494,25.37917,89.091415,0.5057109
0.8708333333333333,41.353928,-6.8018513,-2.930426,70.0,25.0,90.0,41.582916,-7.144331,-2.6371422,70.961494,25.37917,89.091415,0.5057109
0.875,41.353928,-6.8018513,-2.930426,70.0,25.0,90.0,41.582916,-7.144331,-2.6371422,70.961494,25.37917,89.091415,0.5057109
0.8791666666666667,41.353928,-6.8018513,-2.930426,70.0,25.0,90.0,41.582916,-7.144331,-2.6371422,70.961494,25.37917,89.091415,0.5057109
0.8833333333333333,41.353928,-6.8018513,-2.930426,70.0,25.0,90.0,41.582916,-7.144333,-2.6371422,70.961494,25.37917,89.091415,0.50571215
0.8875,41.353928,-6.8018513,-2.930426,70.0,25.0,90.0,41.582916,-7.144331,-2.6371422,70.961494,25.379173,89.091415,0.5057109
0.8916666666666667,41.353928,-6.8018513,-2.930426,70.0,25.0,90.0,41.58292,-7.144333,-2.6371431,70.961494,25.379173,89.091415,0.50571334
0.8958333333333334,41.353928,-6.8018513,-2.930426,70.0,25.0,90.0,41.58292,-7.14433,-2.6371403,70.961494,25.37917,89.091415,0.50571305
0.9,41.353928,-6.8018513,-2.930426,70.0,25.0,90.0,41.582916,-7.14433,-2.6371393,70.961494,25.37917,89.091415,0.5057119
0.9041666666666667,41.353928,-6.8018513,-2.930426,70.0,25.0,90.0,41.582916,-7.14433,-2.6371431,70.961494,25.37917,89.091415,0.5057097
0.9083333333333333,41.353928,-6.8018513,-2.930426,70.0,25.0,90.0,41.582916,-7.14433,-2.6371431,70.961494,25.379173,89.091415,0.5057097
0.9125,41.353928,-6.8018513,-2.930426,70.0,25.0,90.0,41.582916,-7.144327,-2.6371422,70.9615,25.37917,89.09142,0.5057083
0.9166666666666666,41.353928,-6.8018513,-2.930426,70.0,25.0,90.0,41.582916,-7.144328,-2.6371431,70.961494,25.379173,89.09142,0.5057084
0.9208333333333333,41.353928,-6.8018513,-2.930426,70.0,25.0,90.0,41.582916,-7.144328,-2.6371431,70.961494,25.37917,89.09142,0.5057084
0.925,41.353928,-6.8018513,-2.930426,70.0,25.0,90.0,41.582916,-7.144328,-2.6371403,70.96149,25.37917,89.09142,0.50571
0.9291666666666667,41.353928,-6.8018513,-2.930426,70.0,25.0,90.0,41.582912,-7.144327,-2.6371403,70.961494,25.37917,89.09143,0.5057076
0.9333333333333333,41.353928,-6.8018513,-2.930426,70.0,25.0,90.0,41.582916,-7.144328,-2.6371393,70.961494,25.379173,89.09143,0.5057106
0.9375,41.353928,-6.8018513,-2.930426,70.0,25.0,90.0,41.582916,-7.144328,-2.6371403,70.961494,25.37918,89.09143,0.50571
0.9416666666666667,41.353928,-6.8018513,-2.930426,70.0,25.0,90.0,41.582916,-7.144328,-2.6371374,70.961494,25.379173,89.09143,0.5057117
0.9458333333333333,41.353928,-6.8018513,-2.930426,70.0,25.0,90.0,41.582916,-7.1443243,-2.6371384,70.961494,25.37918,89.09142,0.5057085
0.95,41.353928,-6.8018513,-2.930426,70.0,25.0,90.0,41.582916,-7.1443224,-2.6371384,70.9615,25.379177,89.09142,0.50570726
0.9541666666666667,41.353928,-6.8018513,-2.930426,70.0,25.0,90.0,41.582916,-7.1443224,-2.6371365,70.961494,25.379173,89.09142,0.5057084
0.9583333333333334,41.353928,-6.8018513,-2.930426,70.0,25.0,90.0,41.582916,-7.1443243,-2.6371422,70.961494,25.379173,89.09142,0.50570637
0.9625,41.353928,-6.8018513,-2.930426,70.0,25.0,90.0,41.582916,-7.1443224,-2.6371403,70.961494,25.37917,89.09142,0.5057062
0.9666666666666667,41.353928,-6.8018513,-2.930426,70.0,25.0,90.0,41.582916,-7.144327,-2.6371384,70.961494,25.379177,89.09143,0.5057105
0.9708333333333333,41.353928,-6.8018513,-2.930426,70.0,25.0,90.0,41.582916,-7.1443253,-2.6371431,70.961494,25.37917,89.09142,0.5057064
0.975,41.353928,-6.8018513,-2.930426,70.0,25.0,90.0,41.582916,-7.1443243,-2.6371422,70.9615,25.379173,89.09142,0.50570637
0.9791666666666666,41.353928,-6.8018513,-2.930426,70.0,25.0,90.0,41.582916,-7.1443224,-2.6371393,70.9615,25.379173,89.09142,0.5057067
0.9833333333333333,41.353928,-6.8018513,-2.930426,70.0,25.0,90.0,41.582916,-7.1443224,-2.6371403,70.9615,25.37917,89.09142,0.5057062
0.9875,41.353928,-6.8018513,-2.930426,70.0,25.0,90.0,41.582916,-7.1443243,-2.6371422,70.9615,25.379173,89.09142,0.50570637
0.9916666666666667,41.353928,-6.8018513,-2.930426,70.0,25.0,90.0,41.582916,-7.1443243,-2.6371422,70.961494,25.37917,89.09142,0.50570637
0.9958333333333333,41.353928,-6.8018513,-2.930426,70.0,25.0,90.0,41.582916,-7.1443243,-2.6371431,70.9615,25.379166,89.09142,0.5057058
1.0,41.353928,-6.8018513,-2.930426,70.0,25.0,90.0,41.582916,-7.1443253,-2.6371393,70.9615,25.37917,89.09142,0.50570863
1.0041666666666667,41.353928,-6.8018513,-2.930426,70.0,25.0,90.0,41.582916,-7.1443243,-2.6371431,70.9615,25.379177,89.09143,0.5057058
1.0083333333333333,41.353928,-6.8018513,-2.930426,70.0,25.0,90.0,41.582916,-7.144327,-2.6371422,70.9615,25.37917,89.09143,0.5057083
1.0125,41.353928,-6.8018513,-2.930426,70.0,25.0,90.0,41.582916,-7.1443253,-2.6371365,70.9615,25.379173,89.09143,0.5057103
1.0166666666666666,41.353928,-6.8018513,-2.930426,70.0,25.0,90.0,41.582916,-7.1443243,-2.6371403,70.9615,25.379173,89.09142,0.50570744
1.0208333333333333,41.353928,-6.8018513,-2.930426,70.0,25.0,90.0,41.582916,-7.1443224,-2.6371422,70.9615,25.379173,89.09142,0.50570506
1.025,41.353928,-6.8018513,-2.930426,70.0,25.0,90.0,41.582916,-7.1443253,-2.6371403,70.9615,25.37917,89.09142,0.5057081
1.0291666666666666,41.353928,-6.8018513,-2.930426,70.0,25.0,90.0,41.582916,-7.144327,-2.6371393,70.9615,25.37917,89.09142,0.50570995
1.0333333333333334,41.353928,-6.8018513,-2.930426,70.0,25.0,90.0,41.582916,-7.1443224,-2.6371374,70.9615,25.379173,89.09142,0.5057078
1.0375,41.353928,-6.8018513,-2.930426,70.0,25.0,90.0,41.582916,-7.144327,-2.6371403,70.9615,25.379173,89.09142,0.5057094
1.0416666666666667,41.353928,-6.8018513,-2.930426,70.0,25.0,90.0,41.58292,-7.144327,-2.637144,70.9615,25.379173,89.09142,0.5057089
1.0458333333333334,41.353928,-6.8018513,-2.930426,70.0,25.0,90.0,41.58292,-7.144327,-2.6371422,70.9615,25.379177,89.091415,0.50571
1.05,41.353928,-6.8018513,-2.930426,70.0,25.0,90.0,41.582916,-7.14433,-2.6371422,70.9615,25.37917,89.09142,0.50571024
1.0541666666666667,41.353928,-6.8018513,-2.930426,70.0,25.0,90.0,41.582916,-7.1443253,-2.6371384,70.9615,25.379177,89.091415,0.5057092
1.0583333333333333,41.353928,-6.8018513,-2.930426,70.0,25.0,90.0,41.582916,-7.144331,-2.6371393,70.9615,25.379173,89.091415,0.50571257
1.0625,41.353928,-6.8018513,-2.930426,70.0,25.0,90.0,41.582916,-7.14433,-2.6371422,70.9615,25.379173,89.091415,0.50571024
1.0666666666666667,41.353928,-6.8018513,-2.930426,70.0,25.0,90.0,41.58292,-7.14433,-2.6371422,70.9615,25.37917,89.091415,0.505712
1.0708333333333333,41.353928,-6.8018513,-2.930426,70.0,25.0,90.0,41.58292,-7.14433,-2.6371431,70.9615,25.379173,89.091415,0.5057114
1.075,41.353928,-6.8018513,-2.930426,70.0,25.0,90.0,41.58292,-7.144328,-2.6371431,70.9615,25.37917,89.091415,0.50571007
1.0791666666666666,41.353928,-6.8018513,-2.930426,70.0,25.0,90.0,41.582916,-7.144328,-2.6371422,70.9615,25.37917,89.091415,0.50570893
1.0833333333333333,41.353928,-6.8018513,-2.930426,70.0,25.0,90.0,41.582916,-7.144331,-2.6371403,70.9615,25.379173,89.091415,0.505712
1.0875,41.353928,-6.8018513,-2.930426,70.0,25.0,90.0,41.582916,-7.144331,-2.6371422,70.9615,25.37917,89.091415,0.5057109
1.0916666666666666,41.353928,-6.8018513,-2.930426,70.0,25.0,90.0,41.58292,-7.144335,-2.6371431,70.9615,25.379173,89.091415,0.50571465
1.0958333333333334,41.353928,-6.8018513,-2.930426,70.0,25.0,90.0,41.58292,-7.144333,-2.637144,70.9615,25.379177,89.091415,0.50571275
1.1,41.353928,-6.8018513,-2.930426,70.0,25.0,90.0,41.58292,-7.144331,-2.637145,70.9615,25.379173,89.091415,0.50571096
1.1041666666666667,41.353928,-6.8018513,-2.930426,70.0,25.0,90.0,41.582916,-7.144331,-2.6371431,70.9615,25.37917,89.091415,0.5057103
1.1083333333333334,41.353928,-6.8018513,-2.930426,70.0,25.0,90.0,41.582916,-7.144333,-2.6371431,70.961494,25.379173,89.091415,0.5057116
1.1125,41.353928,-6.8018513,-2.930426,70.0,25.0,90.0,41.58292,-7.144331,-2.6371422,70.961494,25.379173,89.091415,0.50571257
1.1166666666666667,41.353928,-6.8018513,-2.930426,70.0,25.0,90.0,41.58292,-7.144331,-2.6371431,70.961494,25.37917,89.091415,0.50571203
1.1208333333333333,41.353928,-6.8018513,-2.930426,70.0,25.0,90.0,41.58292,-7.144331,-2.6371422,70.961494,25.379173,89.091415,0.50571257
1.125,41.353928,-6.8018513,-2.930426,70.0,25.0,90.0,41.58292,-7.144331,-2.6371422,70.961494,25.379173,89.091415,0.50571257
1.1291666666666667,41.353928,-6.8018513,-2.930426,70.0,25.0,90.0,41.58292,-7.144331,-2.6371422,70.961494,25.379173,89.091415,0.50571257
1.1333333333333333,41.353928,-6.8018513,-2.930426,70.0,25.0,90.0,41.58292,-7.144331,-2.6371422,70.961494,25.379173,89.091415,0.50571257
1.1375,41.353928,-6.8018513,-2.930426,70.0,25.0,90.0,41.58292,-7.144331,-2.6371422,70.961494,25.379173,89.091415,0.50571257
1.1416666666666666,41.353928,-6.8018513,-2.930426,70.0,25.0,90.0,41.58292,-7.144331,-2.6371422,70.961494,25.379173,89.091415,0.50571257
1.1458333333333333,41.353928,-6.8018513,-2.930426,70.0,25.0,90.0,41.58292,-7.144331,-2.6371422,70.961494,25.379173,89.091415,0.50571257
1.15,41.353928,-6.8018513,-2.930426,70.0,25.0,90.0,41.58292,-7.144331,-2.6371422,70.961494,25.379173,89.091415,0.50571257
1.1541666666666666,41.353928,-6.8018513,-2.930426,70.0,25.0,90.0,41.58292,-7.144331,-2.6371422,70.961494,25.379173,89.091415,0.50571257
1.1583333333333334,41.353928,-6.8018513,-2.930426,70.0,25.0,90.0,41.58292,-7.144331,-2.6371422,70.961494,25.379173,89.091415,0.50571257
1.1625,41.353928,-6.8018513,-2.930426,70.0,25.0,90.0,41.58292,-7.144331,-2.6371422,70.961494,25.379173,89.091415,0.50571257
1.1666666666666667,41.353928,-6.8018513,-2.930426,70.0,25.0,90.0,41.58292,-7.144331,-2.6371422,70.961494,25.379173,89.091415,0.50571257
1.1708333333333334,41.353928,-6.8018513,-2.930426,70.0,25.0,90.0,41.58292,-7.144331,-2.6371422,70.961494,25.379173,89.091415,0.50571257
1.175,41.353928,-6.8018513,-2.930426,70.0,25.0,90.0,41.58292,-7.144331,-2.6371422,70.961494,25.379173,89.091415,0.50571257
1.1791666666666667,41.353928,-6.8018513,-2.930426,70.0,25.0,90.0,41.58292,-7.144331,-2.6371422,70.961494,25.379173,89.091415,0.50571257
1.1833333333333333,41.353928,-6.8018513,-2.930426,70.0,25.0,90.0,41.58292,-7.144331,-2.6371422,70.961494,25.379173,89.091415,0.50571257
1.1875,41.353928,-6.8018513,-2.930426,70.0,25.0,90.0,41.58292,-7.144331,-2.6371422,70.961494,25.379173,89.091415,0.50571257
1.1916666666666667,41.353928,-6.8018513,-2.930426,70.0,25.0,90.0,41.58292,-7.144331,-2.6371422,70.961494,25.379173,89.091415,0.50571257
1.1958333333333333,41.353928,-6.8018513,-2.930426,70.0,25.0,90.0,41.58292,-7.144331,-2.6371422,70.961494,25.379173,89.091415,0.50571257
1.2,41.353928,-6.8018513,-2.930426,70.0,25.0,90.0,41.58292,-7.144331,-2.6371422,70.961494,25.379173,89.091415,0.50571257
1.2041666666666666,41.353928,-6.8018513,-2.930426,70.0,25.0,90.0,41.58292,-7.144331,-2.6371422,70.961494,25.379173,89.091415,0.50571257
1.2083333333333333,41.353928,-6.8018513,-2.930426,70.0,25.0,90.0,41.58292,-7.144331,-2.6371422,70.961494,25.379173,89.091415,0.50571257
1.2125,41.353928,-6.8018513,-2.930426,70.0,25.0,90.0,41.58292,-7.144331,-2.6371422,70.961494,25.379173,89.091415,0.50571257
1.2166666666666666,41.353928,-6.8018513,-2.930426,70.0,25.0,90.0,41.58292,-7.144331,-2.6371422,70.961494,25.379173,89.091415,0.50571257
1.2208333333333334,41.353928,-6.8018513,-2.930426,70.0,25.0,90.0,41.58292,-7.144331,-2.6371422,70.961494,25.379173,89.091415,0.50571257
1.225,41.353928,-6.8018513,-2.930426,70.0,25.0,90.0,41.58292,-7.144331,-2.6371422,70.961494,25.379173,89.091415,0.50571257
1.2291666666666667,41.353928,-6.8018513,-2.930426,70.0,25.0,90.0,41.58292,-7.144331,-2.6371422,70.961494,25.379173,89.091415,0.50571257
1.2333333333333334,41.353928,-6.8018513,-2.930426,70.0,25.0,90.0,41.58292,-7.144331,-2.6371422,70.961494,25.379173,89.091415,0.50571257
1.2375,41.353928,-6.8018513,-2.930426,70.0,25.0,90.0,41.58292,-7.144331,-2.6371422,70.961494,25.379173,89.091415,0.50571257
1.2416666666666667,41.353928,-6.8018513,-2.930426,70.0,25.0,90.0,41.58292,-7.144331,-2.6371422,70.961494,25.379173,89.091415,0.50571257
1.2458333333333333,41.353928,-6.8018513,-2.930426,70.0,25.0,90.0,41.58292,-7.144331,-2.6371422,70.961494,25.379173,89.091415,0.50571257
1.25,41.353928,-6.8018513,-2.930426,70.0,25.0,90.0,41.58292,-7.144331,-2.6371422,70.961494,25.379173,89.091415,0.50571257
1.2541666666666667,41.353928,-6.8018513,-2.930426,70.0,25.0,90.0,41.58292,-7.144331,-2.6371422,70.961494,25.379173,89.091415,0.50571257
1.2583333333333333,41.353928,-6.8018513,-2.930426,70.0,25.0,90.0,41.58292,-7.144331,-2.6371422,70.961494,25.379173,89.091415,0.50571257
1.2625,41.353928,-6.8018513,-2.930426,70.0,25.0,90.0,41.58292,-7.144331,-2.6371422,70.961494,25.379173,89.091415,0.50571257
1.2666666666666666,41.353928,-6.8018513,-2.930426,70.0,25.0,90.0,41.58292,-7.144331,-2.6371422,70.961494,25.379173,89.091415,0.50571257
1.2708333333333333,41.353928,-6.8018513,-2.930426,70.0,25.0,90.0,41.58292,-7.144331,-2.6371422,70.961494,25.379173,89.091415,0.50571257
1.275,41.353928,-6.8018513,-2.930426,70.0,25.0,90.0,41.58292,-7.144331,-2.6371422,70.961494,25.379173,89.091415,0.50571257
1.2791666666666666,41.353928,-6.8018513,-2.930426,70.0,25.0,90.0,41.58292,-7.144331,-2.6371393,70.9615,25.379173,89.091415,0.50571424
1.2833333333333334,41.353928,-6.8018513,-2.930426,70.0,25.0,90.0,41.58292,-7.144331,-2.6371393,70.961494,25.379173,89.091415,0.50571424
1.2875,41.353928,-6.8018513,-2.930426,70.0,25.0,90.0,41.582916,-7.144328,-2.6371393,70.961494,25.37917,89.091415,0.5057106
1.2916666666666667,41.353928,-6.8018513,-2.930426,70.0,25.0,90.0,41.58292,-7.14433,-2.6371403,70.961494,25.379173,89.091415,0.50571305
1.2958333333333334,41.353928,-6.8018513,-2.930426,70.0,25.0,90.0,41.582916,-7.14433,-2.6371393,70.961494,25.379173,89.091415,0.5057119
1.3,41.353928,-6.8018513,-2.930426,70.0,25.0,90.0,41.582916,-7.144328,-2.6371431,70.9615,25.379173,89.091415,0.5057084
1.3041666666666667,41.353928,-6.8018513,-2.930426,70.0,25.0,90.0,41.582916,-7.144328,-2.6371393,70.961494,25.379177,89.09142,0.5057106
1.3083333333333333,41.353928,-6.8018513,-2.930426,70.0,25.0,90.0,41.582916,-7.144327,-2.6371422,70.961494,25.37917,89.09142,0.5057083
1.3125,41.353928,-6.8018513,-2.930426,70.0,25.0,90.0,41.582916,-7.14433,-2.6371403,70.961494,25.37917,89.09142,0.5057113
1.3166666666666667,41.353928,-6.8018513,-2.930426,70.0,25.0,90.0,41.582916,-7.144327,-2.6371384,70.96149,25.37917,89.09142,0.5057105
1.3208333333333333,41.353928,-6.8018513,-2.930426,70.0,25.0,90.0,41.582916,-7.144328,-2.6371393,70.961494,25.37917,89.09143,0.5057106
1.325,41.353928,-6.8018513,-2.930426,70.0,25.0,90.0,41.582916,-7.1443253,-2.6371374,70.961494,25.379173,89.09143,0.50570977
1.3291666666666666,41.353928,-6.8018513,-2.930426,70.0,25.0,90.0,41.582916,-7.144327,-2.6371393,70.961494,25.379177,89.09143,0.50570995
1.3333333333333333,41.353928,-6.8018513,-2.930426,70.0,25.0,90.0,41.582916,-7.1443243,-2.6371355,70.961494,25.379177,89.09143,0.5057102
1.3375,41.353928,-6.8018513,-2.930426,70.0,25.0,90.0,41.582916,-7.1443243,-2.6371393,70.961494,25.379173,89.09142,0.505708
1.3416666666666666,41.353928,-6.8018513,-2.930426,70.0,25.0,90.0,41.582916,-7.1443253,-2.6371393,70.961494,25.379173,89.09142,0.50570863
1.3458333333333334,41.353928,-6.8018513,-2.930426,70.0,25.0,90.0,41.582916,-7.1443253,-2.6371393,70.961494,25.379173,89.09142,0.50570863
1.35,41.353928,-6.8018513,-2.930426,70.0,25.0,90.0,41.582916,-7.1443243,-2.6371403,70.961494,25.379173,89.09142,0.50570744
1.3541666666666667,41.353928,-6.8018513,-2.930426,70.0,25.0,90.0,41.582916,-7.1443224,-2.6371393,70.961494,25.379173,89.09142,0.5057067
1.3583333333333334,41.353928,-6.8018513,-2.930426,70.0,25.0,90.0,41.582916,-7.144327,-2.6371403,70.9615,25.379177,89.09143,0.5057094
1.3625,41.353928,-6.8018513,-2.930426,70.0,25.0,90.0,41.582916,-7.1443253,-2.6371403,70.9615,25.379177,89.09142,0.5057081
1.3666666666666667,41.353928,-6.8018513,-2.930426,70.0,25.0,90.0,41.582916,-7.1443243,-2.6371393,70.961494,25.37917,89.09142,0.505708
1.3708333333333333,41.353928,-6.8018513,-2.930426,70.0,25.0,90.0,41.582916,-7.1443243,-2.6371431,70.961494,25.37917,89.09142,0.5057058
1.375,41.353928,-6.8018513,-2.930426,70.0,25.0,90.0,41.582916,-7.1443253,-2.6371431,70.961494,25.37917,89.09142,0.5057064
1.3791666666666667,41.353928,-6.8018513,-2.930426,70.0,25.0,90.0,41.582916,-7.1443243,-2.6371384,70.9615,25.379173,89.09142,0.5057085
1.3833333333333333,41.353928,-6.8018513,-2.930426,70.0,25.0,90.0,41.582916,-7.1443224,-2.6371393,70.9615,25.37917,89.09143,0.5057067
1.3875,41.353928,-6.8018513,-2.930426,70.0,25.0,90.0,41.582916,-7.1443243,-2.6371403,70.9615,25.37917,89.09143,0.50570744
1.3916666666666666,41.353928,-6.8018513,-2.930426,70.0,25.0,90.0,41.582916,-7.1443243,-2.6371403,70.9615,25.37917,89.09143,0.50570744
1.3958333333333333,41.353928,-6.8018513,-2.930426,70.0,25.0,90.0,41.582916,-7.1443243,-2.6371403,70.9615,25.37917,89.09143,0.50570744
1.4,41.353928,-6.8018513,-2.930426,70.0,25.0,90.0,41.582916,-7.1443243,-2.6371403,70.9615,25.37917,89.09143,0.50570744
1.4041666666666666,41.353928,-6.8018513,-2.930426,70.0,25.0,90.0,41.582916,-7.1443243,-2.6371422,70.9615,25.379173,89.09143,0.50570637
1.4083333333333334,41.353928,-6.8018513,-2.930426,70.0,25.0,90.0,41.582916,-7.1443243,-2.6371422,70.9615,25.379173,89.09143,0.50570637
1.4125,41.353928,-6.8018513,-2.930426,70.0,25.0,90.0,41.582916,-7.1443243,-2.6371393,70.9615,25.379173,89.09143,0.505708
1.4166666666666667,41.353928,-6.8018513,-2.930426,70.0,25.0,90.0,41.582916,-7.1443243,-2.6371393,70.9615,25.37917,89.09142,0.505708
1.4208333333333334,41.353928,-6.8018513,-2.930426,70.0,25.0,90.0,41.582916,-7.1443253,-2.6371393,70.9615,25.379177,89.09142,0.50570863
1.425,41.353928,-6.8018513,-2.930426,70.0,25.0,90.0,41.582916,-7.1443224,-2.6371384,70.9615,25.37917,89.09142,0.50570726
1.4291666666666667,41.353928,-6.8018513,-2.930426,70.0,25.0,90.0,41.582916,-7.1443253,-2.6371393,70.9615,25.37917,89.09142,0.50570863
1.4333333333333333,41.353928,-6.8018513,-2.930426,70.0,25.0,90.0,41.58292,-7.144327,-2.6371422,70.9615,25.379173,89.09142,0.50571
1.4375,41.353928,-6.8018513,-2.930426,70.0,25.0,90.0,41.58292,-7.144327,-2.6371431,70.9615,25.379177,89.091415,0.50570947
1.4416666666666667,41.353928,-6.8018513,-2.930426,70.0,25.0,90.0,41.582916,-7.14433,-2.6371422,70.9615,25.37917,89.09142,0.50571024
1.4458333333333333,41.353928,-6.8018513,-2.930426,70.0,25.0,90.0,41.582916,-7.1443253,-2.6371384,70.9615,25.379177,89.091415,0.5057092
1.45,41.353928,-6.8018513,-2.930426,70.0,25.0,90.0,41.582916,-7.144331,-2.6371393,70.9615,25.379173,89.091415,0.50571257
1.4541666666666666,41.353928,-6.8018513,-2.930426,70.0,25.0,90.0,41.582916,-7.14433,-2.6371422,70.9615,25.379173,89.091415,0.50571024
1.4583333333333333,41.353928,-6.8018513,-2.930426,70.0,25.0,90.0,41.58292,-7.14433,-2.6371422,70.9615,25.37917,89.091415,0.505712
1.4625,41.353928,-6.8018513,-2.930426,70.0,25.0,90.0,41.58292,-7.14433,-2.6371431,70.9615,25.379173,89.091415,0.5057114
1.4666666666666666,41.353928,-6.8018513,-2.930426,70.0,25.0,90.0,41.58292,-7.144328,-2.6371431,70.9615,25.37917,89.091415,0.50571007
1.4708333333333334,41.353928,-6.8018513,-2.930426,70.0,25.0,90.0,41.582916,-7.144328,-2.6371422,70.9615,25.37917,89.091415,0.50570893
1.475,41.353928,-6.8018513,-2.930426,70.0,25.0,90.0,41.582916,-7.144331,-2.6371403,70.9615,25.379173,89.091415,0.505712
1.4791666666666667,41.353928,-6.8018513,-2.930426,70.0,25.0,90.0,41.582916,-7.144331,-2.6371422,70.9615,25.37917,89.091415,0.5057109
1.4833333333333334,41.353928,-6.8018513,-2.930426,70.0,25.0,90.0,41.58292,-7.144335,-2.6371431,70.9615,25.379173,89.091415,0.50571465
1.4875,41.353928,-6.8018513,-2.930426,70.0,25.0,90.0,41.58292,-7.144333,-2.637144,70.9615,25.379177,89.091415,0.50571275
1.4916666666666667,41.353928,-6.8018513,-2.930426,70.0,25.0,90.0,41.58292,-7.144331,-2.637145,70.9615,25.379173,89.091415,0.50571096
1.4958333333333333,41.353928,-6.8018513,-2.930426,70.0,25.0,90.0,41.582916,-7.144331,-2.6371431,70.9615,25.37917,89.091415,0.5057103
1.5,41.353928,-6.8018513,-2.930426,70.0,25.0,90.0,41.582916,-7.144333,-2.6371431,70.961494,25.379173,89.091415,0.5057116
1.5041666666666667,41.353928,-6.8018513,-2.930426,70.0,25.0,90.0,41.58292,-7.144331,-2.6371422,70.961494,25.379173,89.091415,0.50571257
1.5083333333333333,41.353928,-6.8018513,-2.930426,70.0,25.0,90.0,41.58292,-7.144331,-2.6371431,70.961494,25.37917,89.091415,0.50571203
1.5125,41.353928,-6.8018513,-2.930426,70.0,25.0,90.0,41.58292,-7.144331,-2.6371422,70.961494,25.379173,89.091415,0.50571257
1.5166666666666666,41.353928,-6.8018513,-2.930426,70.0,25.0,90.0,41.58292,-7.144331,-2.6371422,70.961494,25.379173,89.091415,0.50571257
1.5208333333333333,41.353928,-6.8018513,-2.930426,70.0,25.0,90.0,41.58292,-7.144331,-2.6371422,70.961494,25.379173,89.091415,0.50571257
1.525,41.353928,-6.8018513,-2.930426,70.0,25.0,90.0,41.58292,-7.144331,-2.6371422,70.961494,25.379173,89.091415,0.50571257
1.5291666666666666,41.353928,-6.8018513,-2.930426,70.0,25.0,90.0,41.58292,-7.144331,-2.6371422,70.961494,25.379173,89.091415,0.50571257
1.5333333333333334,41.353928,-6.8018513,-2.930426,70.0,25.0,90.0,41.58292,-7.144335,-2.6371422,70.9615,25.379177,89.091415,0.5057152
1.5375,41.353928,-6.8018513,-2.930426,70.0,25.0,90.0,41.582924,-7.144326,-2.6371431,70.9615,25.37918,89.09143,0.50571054
1.5416666666666667,41.353928,-6.8018513,-2.930426,70.0,25.0,90.0,41.582916,-7.144332,-2.6371431,70.961525,25.379189,89.09147,0.50571096
1.5458333333333334,41.353928,-6.8018513,-2.930426,70.0,25.0,90.0,41.582916,-7.1443644,-2.6371317,70.96163,25.379307,89.09151,0.50573957
1.55,41.353928,-6.8018513,-2.930426,70.0,25.0,90.0,41.582893,-7.1444855,-2.6370955,70.96199,25.379543,89.09149,0.50583225
1.5541666666666667,41.353928,-6.8018513,-2.930426,70.0,25.0,90.0,41.5828,-7.144684,-2.637042,70.96274,25.380032,89.09136,0.5059562
1.5583333333333333,41.353928,-6.8018513,-2.930426,70.0,25.0,90.0,41.582565,-7.144968,-2.63688,70.96399,25.38086,89.091125,0.5061359
1.5625,41.353928,-6.8018513,-2.930426,70.0,25.0,90.0,41.582146,-7.145302,-2.6365213,70.96589,25.382019,89.09076,0.5063809
1.5666666666666667,41.353928,-6.8018513,-2.930426,70.0,25.0,90.0,41.581547,-7.145606,-2.6359596,70.96859,25.383568,89.09019,0.50664407
1.5708333333333333,41.353928,-6.8018513,-2.930426,70.0,25.0,90.0,41.580746,-7.145858,-2.6352587,70.9722,25.385567,89.08922,0.50686353
1.575,41.353928,-6.8018513,-2.930426,70.0,25.0,90.0,41.579803,-7.1459694,-2.6344194,70.97687,25.387997,89.08751,0.5070079
1.5791666666666666,41.353928,-6.8018513,-2.930426,70.0,25.0,90.0,41.57866,-7.145668,-2.6333714,70.98259,25.390812,89.08519,0.5069079
1.5833333333333333,41.353928,-6.8018513,-2.930426,70.0,25.0,90.0,41.577255,-7.144785,-2.631937,70.98937,25.39383,89.0821,0.50653166
1.5875,41.353928,-6.8018513,-2.930426,70.0,25.0,90.0,41.575905,-7.143223,-2.6302366,70.99669,25.397564,89.07735,0.5058873
1.5916666666666666,41.353928,-6.8018513,-2.930426,70.0,25.0,90.0,41.574024,-7.1412296,-2.6280565,71.004,25.40152,89.07179,0.50502217
1.5958333333333334,41.353928,-6.8018513,-2.930426,70.0,25.0,90.0,41.571472,-7.1385746,-2.6248083,71.01197,25.405716,89.06745,0.5040936
1.6,41.353928,-6.8018513,-2.930426,70.0,25.0,90.0,41.567852,-7.135112,-2.620061,71.02051,25.411114,89.06709,0.5031428
1.6041666666666667,41.353928,-6.8018513,-2.930426,70.0,25.0,90.0,41.562977,-7.131344,-2.6152706,71.029816,25.417744,89.06914,0.5015873
1.6083333333333334,41.353928,-6.8018513,-2.930426,70.0,25.0,90.0,41.5569,-7.127033,-2.6111078,71.038864,25.425312,89.07364,0.49890393
1.6125,41.353928,-6.8018513,-2.930426,70.0,25.0,90.0,41.54995,-7.122692,-2.6058903,71.04831,25.434216,89.083755,0.4966758
1.6166666666666667,41.353928,-6.8018513,-2.930426,70.0,25.0,90.0,41.54175,-7.118539,-2.5994701,71.05904,25.442177,89.099144,0.49507645
1.6208333333333333,41.353928,-6.8018513,-2.930426,70.0,25.0,90.0,41.52985,-7.1116543,-2.5885754,71.06811,25.44199,89.12331,0.4937493
1.625,41.353928,-6.8018513,-2.930426,70.0,25.0,90.0,41.51538,-7.1022844,-2.5795069,71.07599,25.435234,89.16126,0.48935813
1.6291666666666667,41.353928,-6.8018513,-2.930426,70.0,25.0,90.0,41.505478,-7.0941763,-2.5755796,71.07883,25.425285,89.20399,0.48408395
1.6333333333333333,41.353928,-6.8018513,-2.930426,70.0,25.0,90.0,41.50271,-7.0874996,-2.5746727,71.075874,25.401733,89.25608,0.47988647
1.6375,41.353928,-6.8018513,-2.930426,70.0,25.0,90.0,41.50371,-7.077344,-2.5747452,71.0711,25.375305,89.32308,0.47417322
1.6416666666666666,41.353928,-6.8018513,-2.930426,70.0,25.0,90.0,41.50491,-7.0654144,-2.5819807,71.048485,25.345821,89.39638,0.46225005
1.6458333333333333,41.353928,-6.8018513,-2.930426,70.0,25.0,90.0,41.501354,-7.0546513,-2.5936203,71.01226,25.308918,89.47423,0.4461843
1.65,41.353928,-6.8018513,-2.930426,70.0,25.0,90.0,41.49369,-7.0412045,-2.6124468,70.96203,25.26369,89.55762,0.4218226
1.6541666666666666,41.35389,-6.801828,-2.9304266,69.999985,25.0,90.00012,41.48306,-7.0261774,-2.633298,70.89438,25.213703,89.648155,0.3940849
1.6583333333333334,41.353607,-6.801668,-2.9304276,69.99989,25.0,90.00097,41.473103,-7.0083513,-2.654252,70.811874,25.15377,89.74234,0.3650616
1.6625,41.35286,-6.8012342,-2.9304242,69.99965,25.0,90.003235,41.47315,-6.9940147,-2.6811619,70.71937,25.101353,89.8174,0.33729133
1.6666666666666667,41.35143,-6.8004103,-2.930425,69.999176,25.0,90.00755,41.48002,-6.981557,-2.7133484,70.62001,25.039978,89.8992,0.31059882
1.6708333333333334,41.34911,-6.799068,-2.930425,69.998405,25.0,90.01457,41.485138,-6.966996,-2.7543726,70.53255,24.975918,89.99144,0.27874362
1.675,41.345707,-6.797105,-2.9304278,69.99728,25.0,90.02486,41.493557,-6.9615307,-2.820778,70.44968,24.909557,90.05783,0.24681692
1.6791666666666667,41.34104,-6.7944098,-2.930425,69.995735,25.0,90.03896,41.50654,-6.9505186,-2.8997316,70.35746,24.851688,90.08804,0.22956754
1.6833333333333333,41.334946,-6.7908897,-2.9304261,69.99371,25.0,90.05739,41.510357,-6.93983,-2.9845333,70.28186,24.802689,90.1383,0.23638916
1.6875,41.327255,-6.7864523,-2.9304276,69.991165,25.0,90.08062,41.50457,-6.9293814,-3.085535,70.22434,24.792767,90.18084,0.2755496
1.6916666666666667,41.317825,-6.781007,-2.9304323,69.98803,25.0,90.10911,41.516956,-6.9133444,-3.1551723,70.17076,24.79546,90.213875,0.32813787
1.6958333333333333,41.306515,-6.774475,-2.9304264,69.98428,25.0,90.14327,41.521538,-6.8979063,-3.2143383,70.12724,24.786533,90.22926,0.3769299
1.7,41.293198,-6.7667894,-2.9304245,69.979866,25.0,90.18347,41.523598,-6.8740425,-3.2598863,70.130165,24.791008,90.23823,0.41609195
1.7041666666666666,41.27776,-6.757872,-2.9304261,69.974724,25.0,90.230064,41.51413,-6.841385,-3.284412,70.19799,24.807613,90.25303,0.43376392
1.7083333333333333,41.260086,-6.747671,-2.9304252,69.96884,25.0,90.28337,41.49437,-6.8061514,-3.2787967,70.296936,24.83377,90.28922,0.4238766
1.7125,41.240086,-6.736123,-2.9304273,69.962166,25.0,90.343666,41.475037,-6.7774324,-3.2683706,70.38224,24.816895,90.32016,0.41365942
1.7166666666666666,41.217667,-6.723181,-2.930428,69.95467,25.0,90.4112,41.44763,-6.7417307,-3.265398,70.46453,24.770206,90.35832,0.40673456
1.7208333333333334,41.19275,-6.7087946,-2.9304254,69.946335,25.0,90.48622,41.41749,-6.696661,-3.249804,70.55151,24.714993,90.43128,0.3907142
1.725,41.165268,-6.692929,-2.9304268,69.93711,25.0,90.56889,41.37156,-6.6414423,-3.2242393,70.62113,24.655502,90.536835,0.3626744
1.7291666666666667,41.13516,-6.675543,-2.9304268,69.92698,25.0,90.6594,41.327232,-6.59892,-3.1890287,70.66729,24.625328,90.65976,0.33111686
1.7333333333333334,41.102367,-6.6566114,-2.9304235,69.915924,25.0,90.75787,41.288643,-6.5761423,-3.1615276,70.683304,24.617382,90.79704,0.30754343
1.7375,41.066853,-6.6361084,-2.930425,69.90391,25.0,90.86442,41.234104,-6.546541,-3.1105042,70.643936,24.654312,90.9603,0.26157963
1.7416666666666667,41.02858,-6.614011,-2.930426,69.890915,25.0,90.97912,41.174835,-6.519863,-3.045865,70.579605,24.707207,91.157135,0.20875981
1.7458333333333333,40.98752,-6.590304,-2.930425,69.87693,25.0,91.102036,41.1127,-6.508521,-2.977131,70.485756,24.710651,91.38209,0.15665467
1.75,40.94365,-6.564976,-2.9304256,69.86193,25.0,91.2332,41.042225,-6.4979897,-2.9262877,70.376724,24.711742,91.61283,0.11925381
1.7541666666666667,40.89696,-6.538021,-2.930426,69.8459,25.0,91.372604,40.978157,-6.462948,-2.8941584,70.25427,24.740261,91.85907,0.116379075
1.7583333333333333,40.84745,-6.509435,-2.9304264,69.82883,25.0,91.52024,40.918083,-6.4557114,-2.835288,70.12659,24.74973,92.11775,0.1301021
1.7625,40.795116,-6.479222,-2.930425,69.8107,25.0,91.67606,40.84965,-6.473092,-2.8041286,69.97128,24.735775,92.367744,0.13770397
1.7666666666666666,40.739975,-6.4473844,-2.930425,69.7915,25.0,91.840004,40.789375,-6.509675,-2.794613,69.79463,24.673092,92.54469,0.15737036
1.7708333333333333,40.68203,-6.4139304,-2.930425,69.77121,25.0,92.01199,40.716103,-6.535242,-2.781395,69.59977,24.563255,92.71262,0.19515997
1.775,40.62132,-6.378878,-2.9304252,69.74983,25.0,92.1919,40.610558,-6.557971,-2.7591724,69.39395,24.44769,92.886925,0.24802734
1.7791666666666666,40.557858,-6.342238,-2.930425,69.72735,25.0,92.37962,40.52196,-6.477474,-2.680748,69.20872,24.521893,93.003235,0.28620964
1.7833333333333334,40.49169,-6.3040395,-2.9304256,69.70376,25.0,92.57499,40.430283,-6.4019356,-2.6279688,69.01794,24.603146,93.15582,0.32378212
1.7875,40.42286,-6.2642994,-2.9304268,69.67905,25.0,92.77785,40.312073,-6.3331842,-2.6040401,68.85158,24.696785,93.328,0.35149258
1.7916666666666667,40.351406,-6.2230463,-2.930426,69.65321,25.0,92.98802,40.172314,-6.2798166,-2.6020803,68.70761,24.798458,93.515724,0.37829587
1.7958333333333334,40.277386,-6.180309,-2.9304273,69.62624,25.0,93.205315,40.025284,-6.237962,-2.6219692,68.58926,24.909985,93.71065,0.40252408
1.8,40.20086,-6.1361246,-2.9304256,69.598145,25.0,93.4295,39.88256,-6.22001,-2.6581717,68.48075,24.997192,93.88438,0.42716834
1.8041666666666667,40.121883,-6.090531,-2.9304252,69.56891,25.0,93.660355,39.750767,-6.1876526,-2.7142,68.36073,25.0699,94.01055,0.4403561
1.8083333333333333,40.04053,-6.043563,-2.9304245,69.53853,25.0,93.897644,39.62932,-6.156271,-2.7761822,68.24201,25.12798,94.13841,0.4534202
1.8125,39.956875,-5.9952636,-2.930428,69.506996,25.0,94.141106,39.519104,-6.1218033,-2.827839,68.1292,25.170021,94.279686,0.46709755
1.8166666666666667,39.87099,-5.9456773,-2.930426,69.47433,25.0,94.39048,39.42103,-6.0870657,-2.8691845,68.01822,25.183563,94.43439,0.4756128
1.8208333333333333,39.78296,-5.8948526,-2.930424,69.44051,25.0,94.64549,39.322388,-6.058264,-2.8934116,67.91278,25.176609,94.61293,0.49010104
1.825,39.692867,-5.8428364,-2.9304256,69.40555,25.0,94.90585,39.22794,-6.0300922,-2.9065418,67.80629,25.159817,94.81011,0.50178975
1.8291666666666666,39.600803,-5.789683,-2.9304254,69.369446,25.0,95.17127,39.130196,-5.9989967,-2.9103918,67.70514,25.133492,95.029724,0.5154467
1.8333333333333333,39.50686,-5.7354455,-2.9304247,69.33221,25.0,95.44144,39.033432,-5.9633646,-2.9073038,67.60393,25.104973,95.256935,0.52594167
1.8375,39.411137,-5.68018,-2.9304256,69.29383,25.0,95.716034,38.924225,-5.9321327,-2.9037561,67.51944,25.08831,95.4864,0.54888475
1.8416666666666666,39.31373,-5.6239414,-2.9304268,69.254326,25.0,95.99476,38.804234,-5.903761,-2.8970642,67.44326,25.070866,95.72546,0.58223444
1.8458333333333334,39.214745,-5.5667925,-2.9304256,69.21371,25.0,96.27727,38.68802,-5.875887,-2.8867874,67.375114,25.047611,95.97616,0.6122775
1.85,39.11429,-5.5087934,-2.9304268,69.171974,25.0,96.56323,38.53531,-5.8581457,-2.881071,67.330925,25.010101,96.25457,0.678012
1.8541666666666667,39.012463,-5.450006,-2.930425,69.12915,25.0,96.85234,38.38845,-5.839096,-2.8723488,67.29754,24.975693,96.53729,0.7376686
1.8583333333333334,38.909386,-5.3904943,-2.9304268,69.085236,25.0,97.14424,38.25028,-5.8122263,-2.8548908,67.26534,24.952965,96.840454,0.7861208
1.8625,38.805164,-5.330321,-2.9304307,69.040245,25.0,97.4386,38.11553,-5.7792835,-2.834837,67.23298,24.9412,97.15214,0.8284345
1.8666666666666667,38.699917,-5.269557,-2.9304245,68.994225,25.0,97.73506,37.98617,-5.745508,-2.811592,67.1992,24.927948,97.46721,0.8660732
1.8708333333333333,38.59376,-5.208267,-2.9304261,68.94716,25.0,98.03329,37.855762,-5.716359,-2.7809153,67.17489,24.907345,97.78264,0.9083795
1.875,38.486813,-5.1465206,-2.9304237,68.89909,25.0,98.33293,37.725155,-5.6846666,-2.7521114,67.15599,24.88805,98.09747,0.94948345
1.8791666666666667,38.37919,-5.0843854,-2.9304278,68.85004,25.0,98.63367,37.593224,-5.6463356,-2.7289572,67.14414,24.8777,98.42682,0.98697484
1.8833333333333333,38.271015,-5.021934,-2.9304287,68.80003,25.0,98.93512,37.459274,-5.6043634,-2.7096796,67.13641,24.883537,98.762276,1.0231702
1.8875,38.162415,-4.959229,-2.9304261,68.74911,25.0,99.23696,37.323776,-5.5562983,-2.693572,67.132484,24.916313,99.10324,1.0563644
1.8916666666666666,38.0535,-4.896349,-2.9304254,68.697296,25.0,99.53886,37.187164,-5.499317,-2.6780548,67.124306,24.96534,99.45162,1.0852654
1.8958333333333333,37.944405,-4.8333635,-2.9304283,68.64463,25.0,99.840454,37.052444,-5.4355164,-2.6704044,67.112595,25.037556,99.79219,1.1071556
1.9,37.835247,-4.770341,-2.9304264,68.59116,25.0,100.14142,36.917637,-5.364416,-2.6749105,67.09769,25.127316,100.12999,1.1225961
1.9041666666666666,37.72615,-4.7073545,-2.930425,68.536934,25.0,100.44142,36.78849,-5.288086,-2.69131,67.078964,25.224152,100.46425,1.1285529
1.9083333333333334,37.61724,-4.6444726,-2.9304266,68.48198,25.0,100.74013,36.66282,-5.209531,-2.7172203,67.05532,25.322117,100.79363,1.1294552
1.9125,37.508636,-4.5817714,-2.9304273,68.42637,25.0,101.03721,36.54252,-5.1279573,-2.7519865,67.029724,25.42598,101.10953,1.1240747
1.9166666666666667,37.400463,-4.5193176,-2.930424,68.370155,25.0,101.33235,36.430305,-5.039446,-2.7942486,66.99856,25.549065,101.4028,1.1091812
1.9208333333333334,37.292843,-4.457182,-2.930425,68.313385,25.0,101.62524,36.32032,-4.9635572,-2.8474264,66.97415,25.659088,101.69228,1.0995932
1.925,37.185894,-4.3954353,-2.9304276,68.25613,25.0,101.91555,36.213425,-4.8974743,-2.9193707,66.947716,25.769474,101.97205,1.0944688
1.9291666666666667,37.079735,-4.3341455,-2.9304252,68.198456,25.0,102.202995,36.11499,-4.8218584,-3.0004702,66.91337,25.89344,102.23986,1.0832831
1.9333333333333333,36.974495,-4.2733836,-2.9304278,68.14043,25.0,102.48725,36.02002,-4.7407217,-3.0815506,66.87828,26.019417,102.5004,1.0734366
1.9375,36.87027,-4.2132087,-2.9304261,68.08212,25.0,102.768074,35.926163,-4.650572,-3.1561394,66.856064,26.152912,102.76585,1.064693
1.9416666666666667,36.767193,-4.153699,-2.9304256,68.02362,25.0,103.04513,35.833427,-4.5530806,-3.2296119,66.84366,26.294044,103.0327,1.0587426
1.9458333333333333,36.665367,-4.0949097,-2.9304278,67.96499,25.0,103.31818,35.745758,-4.4567137,-3.3116574,66.837585,26.442875,103.29381,1.0592068
1.95,36.56491,-4.036909,-2.9304245,67.90633,25.0,103.58693,35.667336,-4.363758,-3.4037762,66.83334,26.586681,103.53379,1.0660833
1.9541666666666666,36.465923,-3.9797614,-2.9304273,67.8477,25.0,103.851135,35.591785,-4.273735,-3.490466,66.82429,26.719326,103.78187,1.0789722
1.9583333333333333,36.36852,-3.9235234,-2.9304254,67.789215,25.0,104.110535,35.518223,-4.1930532,-3.5806494,66.807655,26.824043,104.04186,1.1038301
1.9625,36.272793,-3.8682566,-2.9304256,67.73095,25.0,104.36491,35.454216,-4.1292276,-3.6701236,66.78313,26.900944,104.310684,1.1337227
1.9666666666666666,36.178852,-3.814019,-2.9304261,67.673,25.0,104.61399,35.387093,-4.07975,-3.7581959,66.75197,26.938766,104.5858,1.1758822
1.9708333333333334,36.08679,-3.760866,-2.930426,67.615456,25.0,104.85759,35.322815,-4.0332594,-3.8420668,66.72263,26.971405,104.856125,1.2202222
1.975,35.996696,-3.7088506,-2.9304242,67.55842,25.0,105.095474,35.28453,-3.9807062,-3.8933582,66.712456,27.039349,105.07945,1.2281399
1.9791666666666667,35.908665,-3.6580274,-2.9304266,67.501976,25.0,105.32745,35.258324,-3.935504,-3.9264603,66.7129,27.09518,105.28817,1.2214826
1.9833333333333334,35.822777,-3.6084409,-2.9304278,67.44623,25.0,105.553345,35.24157,-3.889103,-3.9460626,66.71879,27.136425,105.49228,1.203365
1.9875,35.73912,-3.560141,-2.930427,67.39127,25.0,105.77295,35.23618,-3.8320503,-3.9566832,66.73544,27.179497,105.659546,1.1747706
1.9916666666666667,35.65777,-3.5131733,-2.9304283,67.337204,25.0,105.98611,35.230793,-3.774435,-3.9553666,66.76545,27.221035,105.81667,1.1406419
1.9958333333333333,35.578796,-3.4675767,-2.9304261,67.28412,25.0,106.192665,35.219246,-3.7191744,-3.9371657,66.796455,27.256012,105.96672,1.098227
2.0,35.502266,-3.4233937,-2.9304254,67.23211,25.0,106.39249,35.21096,-3.6681538,-3.923233,66.82769,27.296124,106.08269,1.0632184
2.004166666666667,35.42825,-3.3806581,-2.9304264,67.18126,25.0,106.58543,35.202938,-3.6296206,-3.895515,66.867325,27.292908,106.20798,1.0218334
2.0083333333333333,35.356796,-3.3394053,-2.930426,67.13167,25.0,106.77138,35.188843,-3.6001692,-3.8529873,66.91561,27.2571,106.34975,0.9733066
2.0125,35.287964,-3.2996662,-2.930426,67.08342,25.0,106.95023,35.1436,-3.5734577,-3.8157687,67.015076,27.226635,106.5377,0.9378883
2.0166666666666666,35.221798,-3.2614634,-2.9304256,67.03659,25.0,107.12191,35.10278,-3.5280628,-3.7739224,67.101746,27.181213,106.749695,0.89259595
2.0208333333333335,35.15834,-3.2248263,-2.930427,66.991264,25.0,107.28632,35.062603,-3.4827766,-3.7456684,67.1812,27.116932,106.943985,0.8604199
2.025,35.097626,-3.189774,-2.9304278,66.94752,25.0,107.44341,35.01379,-3.428506,-3.7128081,67.262436,27.031643,107.13797,0.8222775
2.029166666666667,35.039684,-3.1563215,-2.9304264,66.90542,25.0,107.59313,34.972828,-3.3705406,-3.6746774,67.343124,26.949097,107.34742,0.77734756
2.033333333333333,34.98454,-3.1244812,-2.930424,66.86503,25.0,107.73546,34.936302,-3.3282232,-3.6489968,67.408264,26.85841,107.54051,0.74845475
2.0375,34.932205,-3.094268,-2.9304268,66.8264,25.0,107.87036,34.834385,-3.2627687,-3.5966878,67.45746,26.778137,107.804306,0.69416493
2.0416666666666665,34.882698,-3.0656834,-2.9304261,66.7896,25.0,107.99784,34.723118,-3.2123337,-3.5508623,67.48218,26.695877,108.050224,0.65720105
2.0458333333333334,34.836006,-3.0387266,-2.9304245,66.754654,25.0,108.11794,34.64199,-3.1564827,-3.5243797,67.47694,26.594288,108.241264,0.6358391
2.05,34.792137,-3.013399,-2.930427,66.7216,25.0,108.23067,34.565056,-3.104207,-3.490768,67.440865,26.478764,108.41655,0.6113869
2.0541666666666667,34.751076,-2.9896924,-2.930426,66.69049,25.0,108.33609,34.491653,-3.0368052,-3.4577413,67.36891,26.368446,108.56837,0.58956003
2.058333333333333,34.712803,-2.9675953,-2.930426,66.66132,25.0,108.43426,34.431637,-2.9607668,-3.4262705,67.2733,26.25497,108.7193,0.5700551
2.0625,34.677288,-2.947091,-2.9304261,66.63412,25.0,108.52528,34.37979,-2.8703861,-3.3844829,67.15673,26.139797,108.88766,0.54822946
2.066666666666667,34.644497,-2.9281597,-2.9304256,66.60888,25.0,108.60927,34.32907,-2.7888842,-3.3310843,67.03639,26.049347,109.05077,0.52860045
2.0708333333333333,34.614388,-2.9107752,-2.9304276,66.585594,25.0,108.68633,34.31331,-2.7201633,-3.2946472,66.920944,25.981583,109.150345,0.50954616
2.075,34.586903,-2.894907,-2.9304254,66.56426,25.0,108.75664,34.31335,-2.6561508,-3.265524,66.80432,25.916298,109.236435,0.49409127
2.0791666666666666,34.56199,-2.8805237,-2.9304276,66.544846,25.0,108.82032,34.31831,-2.6052332,-3.2408977,66.71125,25.827915,109.34233,0.4812027
2.0833333333333335,34.53957,-2.867579,-2.930426,66.52732,25.0,108.87761,34.327152,-2.5723896,-3.2052374,66.64204,25.754566,109.43942,0.45582822
2.0875,34.51957,-2.8560305,-2.930426,66.511635,25.0,108.92869,34.331264,-2.5479279,-3.1672707,66.59335,25.701988,109.51374,0.43183494
2.091666666666667,34.5019,-2.8458314,-2.9304287,66.49774,25.0,108.97379,34.34677,-2.527073,-3.1306524,66.56701,25.653309,109.5622,0.407138
2.095833333333333,34.486458,-2.8369145,-2.930427,66.48557,25.0,109.0132,34.351425,-2.51307,-3.0971537,66.58502,25.627022,109.62216,0.38846722
2.1,34.47314,-2.8292265,-2.9304264,66.47506,25.0,109.04717,34.347763,-2.5104866,-3.066824,66.622055,25.605423,109.675026,0.3686719
2.1041666666666665,34.46183,-2.8226988,-2.9304261,66.46612,25.0,109.07602,34.34741,-2.5143766,-3.0412426,66.657616,25.590912,109.706665,0.3470378
2.1083333333333334,34.4524,-2.8172512,-2.9304264,66.45864,25.0,109.10007,34.357864,-2.526125,-3.0313683,66.691246,25.597767,109.69716,0.3223054
2.1125,34.44471,-2.8128116,-2.930425,66.452545,25.0,109.119675,34.371002,-2.5427933,-3.0309725,66.72627,25.616028,109.64719,0.29740968
2.1166666666666667,34.438614,-2.8092918,-2.9304273,66.4477,25.0,109.135216,34.3787,-2.5588274,-3.031413,66.76686,25.642746,109.57796,0.27662286
2.120833333333333,34.43395,-2.8065991,-2.9304247,66.444,25.0,109.1471,34.393707,-2.5748844,-3.0352345,66.806435,25.672195,109.499825,0.2574804
2.125,34.430546,-2.8046339,-2.930426,66.44129,25.0,109.15578,34.414055,-2.5934162,-3.025403,66.84608,25.694092,109.42752,0.23217557
2.129166666666667,34.428226,-2.8032954,-2.9304268,66.439445,25.0,109.16168,34.42624,-2.619028,-3.0174065,66.88115,25.69905,109.373665,0.20377399
2.1333333333333333,34.426792,-2.8024678,-2.9304256,66.43831,25.0,109.165344,34.43875,-2.6424103,-3.0146532,66.90637,25.705456,109.338806,0.18126146
2.1375,34.426044,-2.8020368,-2.930426,66.43771,25.0,109.167244,34.451458,-2.6580124,-3.0095673,66.926895,25.71289,109.30917,0.16628957
2.1416666666666666,34.425766,-2.8018749,-2.930425,66.43749,25.0,109.16795,34.4606,-2.6698666,-3.0026493,66.94479,25.71719,109.28723,0.15445416
2.1458333333333335,34.425724,-2.8018517,-2.9304245,66.43746,25.0,109.16806,34.47287,-2.677575,-2.9920511,66.96021,25.722126,109.26344,0.14651027
2.15,34.425724,-2.8018517,-2.9304245,66.43746,25.0,109.16806,34.489788,-2.6798325,-2.9789715,66.97338,25.725136,109.24059,0.14611544
2.154166666666667,34.425724,-2.8018517,-2.9304245,66.43746,25.0,109.16806,34.50836,-2.6783895,-2.9653893,66.98574,25.726307,109.22242,0.15262522
2.158333333333333,34.425724,-2.8018517,-2.9304245,66.43746,25.0,109.16806,34.52707,-2.6738644,-2.9549112,66.99457,25.725742,109.208984,0.16507936
2.1625,34.425724,-2.8018517,-2.9304245,66.43746,25.0,109.16806,34.5474,-2.6700745,-2.9443054,66.99885,25.724419,109.19659,0.17989808
2.1666666666666665,34.425724,-2.8018517,-2.9304245,66.43746,25.0,109.16806,34.567986,-2.664197,-2.9332018,67.002426,25.718292,109.18899,0.19797699
2.1708333333333334,34.425724,-2.8018517,-2.9304245,66.43746,25.0,109.16806,34.58689,-2.6567755,-2.924326,67.00465,25.710007,109.17707,0.21693125
2.175,34.425724,-2.8018517,-2.9304245,66.43746,25.0,109.16806,34.601376,-2.6490192,-2.9180384,67.00684,25.70086,109.16282,0.2331623
2.1791666666666667,34.425724,-2.8018517,-2.9304245,66.43746,25.0,109.16806,34.61602,-2.641285,-2.9129286,67.00724,25.694176,109.148056,0.24960056
2.183333333333333,34.425724,-2.8018517,-2.9304245,66.43746,25.0,109.16806,34.630505,-2.63443,-2.9080772,67.00632,25.689243,109.13348,0.2654516
2.1875,34.425724,-2.8018517,-2.9304245,66.43746,25.0,109.16806,34.64414,-2.6284094,-2.9035435,67.00309,25.683754,109.11914,0.28019574
2.191666666666667,34.425724,-2.8018517,-2.9304245,66.43746,25.0,109.16806,34.6566,-2.6233854,-2.8990517,66.99913,25.67772,109.10523,0.29349384
2.1958333333333333,34.425724,-2.8018517,-2.9304245,66.43746,25.0,109.16806,34.667797,-2.6193905,-2.8948011,66.99481,25.671959,109.092186,0.30522206
2.2,34.425724,-2.8018517,-2.9304245,66.43746,25.0,109.16806,34.677124,-2.6165638,-2.890832,66.99056,25.665833,109.08107,0.31480336
2.2041666666666666,34.425724,-2.8018517,-2.9304245,66.43746,25.0,109.16806,34.68454,-2.6147757,-2.8872633,66.986694,25.659504,109.07227,0.32225138
2.2083333333333335,34.425724,-2.8018517,-2.9304245,66.43746,25.0,109.16806,34.690117,-2.614027,-2.8840704,66.98338,25.653145,109.06596,0.3276132
2.2125,34.425724,-2.8018517,-2.9304245,66.43746,25.0,109.16806,34.694057,-2.6139488,-2.8813047,66.980675,25.64695,109.061775,0.33124477
2.216666666666667,34.425724,-2.8018517,-2.9304245,66.43746,25.0,109.16806,34.696575,-2.6144009,-2.8789473,66.978645,25.64112,109.05939,0.33338878
2.220833333333333,34.425724,-2.8018517,-2.9304245,66.43746,25.0,109.16806,34.697998,-2.6151457,-2.8770466,66.97719,25.635883,109.05825,0.33442712
2.225,34.425724,-2.8018517,-2.9304245,66.43746,25.0,109.16806,34.69858,-2.6160297,-2.8754826,66.976326,25.631401,109.05792,0.33466363
2.2291666666666665,34.425724,-2.8018517,-2.9304245,66.43746,25.0,109.16806,34.698647,-2.6168766,-2.8742924,66.975945,25.627762,109.05794,0.3344448
2.2333333333333334,34.425724,-2.8018517,-2.9304245,66.43746,25.0,109.16806,34.698452,-2.6175337,-2.8734522,66.975876,25.625118,109.0582,0.33406517
2.2375,34.425724,-2.8018517,-2.9304245,66.43746,25.0,109.16806,34.698223,-2.618001,-2.8728495,66.975914,25.623352,109.05844,0.33372405
2.2416666666666667,34.425724,-2.8018517,-2.9304245,66.43746,25.0,109.16806,34.698074,-2.6183138,-2.872425,66.97596,25.622246,109.058624,0.33350384
2.245833333333333,34.425724,-2.8018517,-2.9304245,66.43746,25.0,109.16806,34.69801,-2.6184902,-2.8721352,66.97595,25.621643,109.0587,0.33340436
2.25,34.425724,-2.8018517,-2.9304245,66.43746,25.0,109.16806,34.698025,-2.6185837,-2.8719769,66.97595,25.62136,109.058624,0.33339313
2.254166666666667,34.425724,-2.8018517,-2.9304245,66.43746,25.0,109.16806,34.698044,-2.618637,-2.8719149,66.97595,25.621235,109.05858,0.33339024
2.2583333333333333,34.425724,-2.8018517,-2.9304245,66.43746,25.0,109.16806,34.69805,-2.6186476,-2.8718987,66.975945,25.621178,109.05855,0.33339354
2.2625,34.425724,-2.8018517,-2.9304245,66.43746,25.0,109.16806,34.69806,-2.6186457,-2.871893,66.97595,25.62119,109.05854,0.33340186
2.2666666666666666,34.425724,-2.8018517,-2.9304245,66.43746,25.0,109.16806,34.698055,-2.6186447,-2.871893,66.97595,25.621185,109.05854,0.33339927
2.2708333333333335,34.425724,-2.8018517,-2.9304245,66.43746,25.0,109.16806,34.698055,-2.6186447,-2.871893,66.97595,25.621185,109.05854,0.33339927
2.275,34.425724,-2.8018517,-2.9304245,66.43746,25.0,109.16806,34.698055,-2.6186447,-2.871893,66.97595,25.621185,109.05854,0.33339927
2.279166666666667,34.425724,-2.8018517,-2.9304245,66.43746,25.0,109.16806,34.698055,-2.6186447,-2.871893,66.97595,25.621185,109.05854,0.33339927
2.283333333333333,34.425724,-2.8018517,-2.9304245,66.43746,25.0,109.16806,34.698055,-2.6186447,-2.871893,66.97595,25.621185,109.05854,0.33339927
2.2875,34.425724,-2.8018517,-2.9304245,66.43746,25.0,109.16806,34.698055,-2.6186447,-2.871893,66.97595,25.621185,109.05854,0.33339927
2.2916666666666665,34.425724,-2.8018517,-2.9304245,66.43746,25.0,109.16806,34.698055,-2.6186447,-2.871893,66.97595,25.621185,109.05854,0.33339927
2.2958333333333334,34.425724,-2.8018517,-2.9304245,66.43746,25.0,109.16806,34.698055,-2.6186447,-2.871893,66.97595,25.621185,109.05854,0.33339927
2.3,34.425724,-2.8018517,-2.9304245,66.43746,25.0,109.16806,34.698055,-2.6186447,-2.871893,66.97595,25.621185,109.05854,0.33339927
2.3041666666666667,34.425724,-2.8018517,-2.9304245,66.43746,25.0,109.16806,34.698055,-2.6186447,-2.871893,66.97595,25.621185,109.05854,0.33339927
2.308333333333333,34.425724,-2.8018517,-2.9304245,66.43746,25.0,109.16806,34.698055,-2.6186447,-2.871893,66.97595,25.621185,109.05854,0.33339927
2.3125,34.425724,-2.8018517,-2.9304245,66.43746,25.0,109.16806,34.698055,-2.6186447,-2.871893,66.97595,25.621185,109.05854,0.33339927
2.316666666666667,34.425724,-2.8018517,-2.9304245,66.43746,25.0,109.16806,34.698055,-2.6186447,-2.871893,66.97595,25.621185,109.05854,0.33339927
2.3208333333333333,34.425724,-2.8018517,-2.9304245,66.43746,25.0,109.16806,34.698055,-2.6186447,-2.871893,66.97595,25.621185,109.05854,0.33339927
2.325,34.425724,-2.8018517,-2.9304245,66.43746,25.0,109.16806,34.698055,-2.6186447,-2.871893,66.97595,25.621185,109.05854,0.33339927
2.3291666666666666,34.425724,-2.8018517,-2.9304245,66.43746,25.0,109.16806,34.698055,-2.6186447,-2.871893,66.97595,25.621185,109.05854,0.33339927
2.3333333333333335,34.425724,-2.8018517,-2.9304245,66.43746,25.0,109.16806,34.698055,-2.6186447,-2.871893,66.97595,25.621185,109.05854,0.33339927
2.3375,34.425724,-2.8018517,-2.9304245,66.43746,25.0,109.16806,34.698055,-2.6186447,-2.871893,66.97595,25.621185,109.05854,0.33339927
2.341666666666667,34.425724,-2.8018517,-2.9304245,66.43746,25.0,109.16806,34.698055,-2.6186447,-2.871893,66.97595,25.621185,109.05854,0.33339927
2.345833333333333,34.425724,-2.8018517,-2.9304245,66.43746,25.0,109.16806,34.698055,-2.6186447,-2.871893,66.97595,25.621185,109.05854,0.33339927
2.35,34.425724,-2.8018517,-2.9304245,66.43746,25.0,109.16806,34.698055,-2.6186447,-2.871893,66.97595,25.621185,109.05854,0.33339927
2.3541666666666665,34.425724,-2.8018517,-2.9304245,66.43746,25.0,109.16806,34.698055,-2.6186447,-2.871893,66.97595,25.621185,109.05854,0.33339927
2.3583333333333334,34.425724,-2.8018517,-2.9304245,66.43746,25.0,109.16806,34.698055,-2.6186447,-2.871893,66.97595,25.621185,109.05854,0.33339927
2.3625,34.425724,-2.8018517,-2.9304245,66.43746,25.0,109.16806,34.698055,-2.6186447,-2.871893,66.97595,25.621185,109.05854,0.33339927
2.3666666666666667,34.425724,-2.8018517,-2.9304245,66.43746,25.0,109.16806,34.698055,-2.6186447,-2.871893,66.97595,25.621185,109.05854,0.33339927
2.370833333333333,34.425724,-2.8018517,-2.9304245,66.43746,25.0,109.16806,34.698055,-2.6186447,-2.871893,66.97595,25.621185,109.05854,0.33339927
2.375,34.425724,-2.8018517,-2.9304245,66.43746,25.0,109.16806,34.698055,-2.6186447,-2.871893,66.97595,25.621185,109.05854,0.33339927
2.379166666666667,34.425724,-2.8018517,-2.9304245,66.43746,25.0,109.16806,34.698055,-2.6186447,-2.871893,66.97595,25.621185,109.05854,0.33339927
2.3833333333333333,34.425724,-2.8018517,-2.9304245,66.43746,25.0,109.16806,34.698055,-2.6186447,-2.871893,66.97595,25.621185,109.05854,0.33339927
2.3875,34.425724,-2.8018517,-2.9304245,66.43746,25.0,109.16806,34.698055,-2.6186447,-2.871893,66.97595,25.621185,109.05854,0.33339927
2.3916666666666666,34.425724,-2.8018517,-2.9304245,66.43746,25.0,109.16806,34.698055,-2.6186447,-2.871893,66.97595,25.621185,109.05854,0.33339927
2.3958333333333335,34.425724,-2.8018517,-2.9304245,66.43746,25.0,109.16806,34.698055,-2.6186447,-2.871893,66.97595,25.621185,109.05854,0.33339927
2.4,34.425724,-2.8018517,-2.9304245,66.43746,25.0,109.16806,34.698055,-2.6186447,-2.871893,66.97595,25.621185,109.05854,0.33339927
2.404166666666667,34.425724,-2.8018517,-2.9304245,66.43746,25.0,109.16806,34.698055,-2.6186447,-2.871893,66.97595,25.621185,109.05854,0.33339927
2.408333333333333,34.425724,-2.8018517,-2.9304245,66.43746,25.0,109.16806,34.698055,-2.6186447,-2.871893,66.97595,25.621185,109.05854,0.33339927
2.4125,34.425724,-2.8018517,-2.9304245,66.43746,25.0,109.16806,34.698055,-2.6186447,-2.871893,66.97595,25.621185,109.05854,0.33339927
2.4166666666666665,34.425724,-2.8018517,-2.9304245,66.43746,25.0,109.16806,34.698055,-2.6186447,-2.871893,66.97595,25.621185,109.05854,0.33339927
2.4208333333333334,34.425724,-2.8018517,-2.9304245,66.43746,25.0,109.16806,34.698055,-2.6186447,-2.871893,66.97595,25.621185,109.05854,0.33339927
2.425,34.425724,-2.8018517,-2.9304245,66.43746,25.0,109.16806,34.698055,-2.6186447,-2.871893,66.97595,25.621185,109.05854,0.33339927
2.4291666666666667,34.425724,-2.8018517,-2.9304245,66.43746,25.0,109.16806,34.698055,-2.6186447,-2.871893,66.97595,25.621185,109.05854,0.33339927
2.433333333333333,34.425724,-2.8018517,-2.9304245,66.43746,25.0,109.16806,34.698055,-2.6186447,-2.871893,66.97595,25.621185,109.05854,0.33339927
2.4375,34.425724,-2.8018517,-2.9304245,66.43746,25.0,109.16806,34.698055,-2.6186447,-2.871893,66.97595,25.621185,109.05854,0.33339927
2.441666666666667,34.425724,-2.8018517,-2.9304245,66.43746,25.0,109.16806,34.698055,-2.6186447,-2.871893,66.97595,25.621185,109.05854,0.33339927
2.4458333333333333,34.425724,-2.8018517,-2.9304245,66.43746,25.0,109.16806,34.698055,-2.6186447,-2.871893,66.97595,25.621185,109.05854,0.33339927
2.45,34.425724,-2.8018517,-2.9304245,66.43746,25.0,109.16806,34.698055,-2.6186447,-2.871893,66.97595,25.621185,109.05854,0.33339927
2.4541666666666666,34.425724,-2.8018517,-2.9304245,66.43746,25.0,109.16806,34.698055,-2.6186447,-2.871893,66.97595,25.621185,109.05854,0.33339927
2.4583333333333335,34.425724,-2.8018517,-2.9304245,66.43746,25.0,109.16806,34.698055,-2.6186447,-2.871893,66.97595,25.621185,109.05854,0.33339927
2.4625,34.425724,-2.8018517,-2.9304245,66.43746,25.0,109.16806,34.698055,-2.6186447,-2.871893,66.97595,25.621185,109.05854,0.33339927
2.466666666666667,34.425724,-2.8018517,-2.9304245,66.43746,25.0,109.16806,34.698055,-2.6186447,-2.871893,66.97595,25.621185,109.05854,0.33339927
2.470833333333333,34.425724,-2.8018517,-2.9304245,66.43746,25.0,109.16806,34.698055,-2.6186447,-2.871893,66.97595,25.621185,109.05854,0.33339927
2.475,34.425724,-2.8018517,-2.9304245,66.43746,25.0,109.16806,34.698055,-2.6186447,-2.871893,66.97595,25.621185,109.05854,0.33339927
2.4791666666666665,34.425724,-2.8018517,-2.9304245,66.43746,25.0,109.16806,34.698055,-2.6186447,-2.871893,66.97595,25.621185,109.05854,0.33339927
2.4833333333333334,34.425724,-2.8018517,-2.9304245,66.43746,25.0,109.16806,34.698055,-2.6186447,-2.871893,66.97595,25.621185,109.05854,0.33339927
2.4875,34.425724,-2.8018517,-2.9304245,66.43746,25.0,109.16806,34.698055,-2.6186447,-2.871893,66.97595,25.621185,109.05854,0.33339927
2.4916666666666667,34.425724,-2.8018517,-2.9304245,66.43746,25.0,109.16806,34.698055,-2.6186447,-2.871893,66.97595,25.621185,109.05854,0.33339927
2.495833333333333,34.425724,-2.8018517,-2.9304245,66.43746,25.0,109.16806,34.698055,-2.6186447,-2.871893,66.97595,25.621185,109.05854,0.33339927
2.5,34.425724,-2.8018517,-2.9304245,66.43746,25.0,109.16806,34.698055,-2.6186447,-2.871893,66.97595,25.621185,109.05854,0.33339927
2.504166666666667,34.425724,-2.8018517,-2.9304245,66.43746,25.0,109.16806,34.698055,-2.6186447,-2.871893,66.97595,25.621185,109.05854,0.33339927
2.5083333333333333,34.425724,-2.8018517,-2.9304245,66.43746,25.0,109.16806,34.698055,-2.6186447,-2.871893,66.97595,25.621185,109.05854,0.33339927
2.5125,34.425724,-2.8018517,-2.9304245,66.43746,25.0,109.16806,34.698055,-2.6186447,-2.871893,66.97595,25.621185,109.05854,0.33339927
2.5166666666666666,34.425724,-2.8018517,-2.9304245,66.43746,25.0,109.16806,34.698055,-2.6186447,-2.871893,66.97595,25.621185,109.05854,0.33339927
2.5208333333333335,34.425724,-2.8018517,-2.9304245,66.43746,25.0,109.16806,34.698055,-2.6186447,-2.871893,66.97595,25.621185,109.05854,0.33339927
2.525,34.425724,-2.8018517,-2.9304245,66.43746,25.0,109.16806,34.698055,-2.618641,-2.871892,66.97595,25.62119,109.05854,0.3334015
2.529166666666667,34.425724,-2.8018517,-2.9304245,66.43746,25.0,109.16806,34.698055,-2.6186447,-2.871892,66.97595,25.621185,109.05853,0.33339942
2.533333333333333,34.425724,-2.8018517,-2.9304245,66.43746,25.0,109.16806,34.698055,-2.618641,-2.8718863,66.97595,25.621185,109.05855,0.3334025
2.5375,34.425724,-2.8018517,-2.9304245,66.43746,25.0,109.16806,34.69806,-2.618638,-2.871891,66.97595,25.62117,109.05852,0.33340636
2.5416666666666665,34.425724,-2.8018517,-2.9304245,66.43746,25.0,109.16806,34.698063,-2.6186228,-2.8718853,66.975945,25.621155,109.058495,0.33341888
2.5458333333333334,34.425724,-2.8018517,-2.9304245,66.43746,25.0,109.16806,34.698055,-2.6185284,-2.871873,66.97588,25.621094,109.05842,0.3334667
2.55,34.425724,-2.8018517,-2.9304245,66.43746,25.0,109.16806,34.698044,-2.6182709,-2.8718271,66.97566,25.620983,109.05841,0.33360705
2.5541666666666667,34.425724,-2.8018517,-2.9304245,66.43746,25.0,109.16806,34.698086,-2.6177645,-2.8717394,66.975044,25.620708,109.05849,0.3339356
2.558333333333333,34.425724,-2.8018517,-2.9304245,66.43746,25.0,109.16806,34.698284,-2.6169834,-2.8715944,66.97383,25.62025,109.05856,0.33455387
2.5625,34.425724,-2.8018517,-2.9304245,66.43746,25.0,109.16806,34.698723,-2.6159706,-2.8714247,66.97182,25.619637,109.05842,0.3355013
2.566666666666667,34.425724,-2.8018517,-2.9304245,66.43746,25.0,109.16806,34.699448,-2.614767,-2.871129,66.96889,25.618858,109.05798,0.33681038
2.5708333333333333,34.425724,-2.8018517,-2.9304245,66.43746,25.0,109.16806,34.70046,-2.61341,-2.870697,66.96492,25.617996,109.05717,0.33846226
2.575,34.425724,-2.8018517,-2.9304245,66.43746,25.0,109.16806,34.70174,-2.612133,-2.8700123,66.95982,25.617077,109.05597,0.34033483
2.5791666666666666,34.425724,-2.8018517,-2.9304245,66.43746,25.0,109.16806,34.70323,-2.6110897,-2.8690586,66.95338,25.616112,109.054596,0.3422959
2.5833333333333335,34.425724,-2.8018517,-2.9304245,66.43746,25.0,109.16806,34.70495,-2.6104183,-2.867732,66.945595,25.61499,109.053246,0.34430128
2.5875,34.425724,-2.8018517,-2.9304245,66.43746,25.0,109.16806,34.706947,-2.610198,-2.8661718,66.93644,25.613506,109.051994,0.34633234
2.591666666666667,34.425724,-2.8018517,-2.9304245,66.43746,25.0,109.16806,34.70918,-2.610611,-2.864272,66.92614,25.611805,109.05147,0.34827554
2.595833333333333,34.425724,-2.8018517,-2.9304245,66.43746,25.0,109.16806,34.711605,-2.611576,-2.8613768,66.91483,25.609623,109.0534,0.35028616
2.6,34.425724,-2.8018517,-2.9304245,66.43746,25.0,109.16806,34.714054,-2.6135845,-2.8580408,66.90329,25.606903,109.05706,0.35187808
2.6041666666666665,34.425724,-2.8018517,-2.9304245,66.43746,25.0,109.16806,34.7165,-2.6163054,-2.8545008,66.89185,25.604214,109.06294,0.35318854
2.6083333333333334,34.425724,-2.8018517,-2.9304245,66.43746,25.0,109.16806,34.71819,-2.6206627,-2.8516579,66.88115,25.601902,109.07176,0.3529441
2.6125,34.425724,-2.8018517,-2.9304245,66.43746,25.0,109.16806,34.71931,-2.6262722,-2.8494062,66.872,25.598576,109.08394,0.351547
2.6166666666666667,34.425724,-2.8018517,-2.9304245,66.43746,25.0,109.16806,34.720856,-2.6328144,-2.8458328,66.86684,25.5924,109.10318,0.3504741
2.620833333333333,34.425724,-2.8018517,-2.9304245,66.43746,25.0,109.16806,34.723133,-2.6414948,-2.8433485,66.86266,25.577217,109.126205,0.3489251
2.625,34.425724,-2.8018517,-2.9304245,66.43746,25.0,109.16806,34.718952,-2.6528435,-2.8430576,66.863,25.558193,109.155624,0.34032217
2.629166666666667,34.425724,-2.8018517,-2.9304245,66.43746,25.0,109.16806,34.7148,-2.6661406,-2.8438187,66.86429,25.53778,109.18504,0.3308837
2.6333333333333333,34.425724,-2.8018517,-2.9304245,66.43746,25.0,109.16806,34.707634,-2.6781263,-2.8487597,66.8691,25.521168,109.21196,0.31851268
2.6375,34.425724,-2.8018517,-2.9304245,66.43746,25.0,109.16806,34.699944,-2.6909647,-2.8560867,66.875854,25.505096,109.23667,0.30498913
2.6416666666666666,34.425724,-2.8018517,-2.9304245,66.43746,25.0,109.16806,34.68908,-2.7083616,-2.8629198,66.88484,25.484673,109.25967,0.2874948
2.6458333333333335,34.425724,-2.8018517,-2.9304245,66.43746,25.0,109.16806,34.679676,-2.7272997,-2.876585,66.88585,25.485058,109.25765,0.27008948
2.65,34.425724,-2.8018517,-2.9304245,66.43746,25.0,109.16806,34.670254,-2.7427063,-2.895339,66.8791,25.488525,109.250854,0.25401565
2.654166666666667,34.425766,-2.8018749,-2.930425,66.43749,25.0,109.16795,34.66355,-2.7595186,-2.915371,66.86948,25.487274,109.22815,0.24199699
2.658333333333333,34.426044,-2.8020368,-2.930426,66.43771,25.0,109.167244,34.664314,-2.784236,-2.9442291,66.86125,25.482971,109.192505,0.2393322
2.6625,34.426792,-2.8024678,-2.9304256,66.43831,25.0,109.165344,34.666054,-2.8106222,-2.9773455,66.85911,25.478634,109.15689,0.2439551
2.6666666666666665,34.428226,-2.8032954,-2.9304268,66.439445,25.0,109.16168,34.65327,-2.828333,-3.010912,66.85128,25.462173,109.16031,0.24031156
2.6708333333333334,34.430546,-2.8046339,-2.930426,66.44129,25.0,109.15578,34.617928,-2.8450203,-3.030445,66.82832,25.41595,109.19383,0.21621014
2.675,34.43395,-2.8065991,-2.9304247,66.444,25.0,109.1471,34.58713,-2.8657084,-3.0366917,66.80212,25.360031,109.2052,0.19558014
2.6791666666666667,34.438614,-2.8092918,-2.9304273,66.4477,25.0,109.135216,34.55311,-2.8885841,-3.0307932,66.777336,25.302742,109.201996,0.1716669
2.683333333333333,34.44471,-2.8128116,-2.930425,66.452545,25.0,109.119675,34.519352,-2.9175663,-3.016615,66.764175,25.248512,109.18025,0.15483446
2.6875,34.4524,-2.8172512,-2.9304264,66.45864,25.0,109.10007,34.487324,-2.95755,-3.0005121,66.76267,25.195099,109.11085,0.16067183
2.691666666666667,34.46183,-2.8226988,-2.9304261,66.46612,25.0,109.07602,34.463886,-2.9944773,-2.9779062,66.75723,25.152195,109.00192,0.17823137
2.6958333333333333,34.47314,-2.8292265,-2.9304264,66.47506,25.0,109.04717,34.426758,-3.0113115,-2.987543,66.77881,25.207645,108.88144,0.19638905
2.7,34.486458,-2.8369145,-2.930427,66.48557,25.0,109.0132,34.402565,-3.0204105,-3.0163088,66.81561,25.28862,108.70389,0.21928169
2.7041666666666666,34.5019,-2.8458314,-2.9304287,66.49774,25.0,108.97379,34.40418,-3.0181866,-3.030036,66.8338,25.379631,108.553024,0.2217596
2.7083333333333335,34.51957,-2.8560305,-2.930426,66.511635,25.0,108.92869,34.42064,-2.9981174,-3.026287,66.87413,25.492558,108.424866,0.19790223
2.7125,34.53957,-2.867579,-2.930426,66.52732,25.0,108.87761,34.426666,-2.971158,-3.0239058,66.9298,25.610462,108.35631,0.1794835
2.716666666666667,34.56199,-2.8805237,-2.9304276,66.544846,25.0,108.82032,34.42399,-2.9041672,-3.0272913,66.97389,25.723827,108.33298,0.17025198
2.720833333333333,34.586903,-2.894907,-2.9304254,66.56426,25.0,108.75664,34.440895,-2.8226442,-2.9815607,67.00349,25.817783,108.33101,0.17074814
2.725,34.614388,-2.9107752,-2.9304276,66.585594,25.0,108.68633,34.460297,-2.723339,-2.88873,67.00461,25.876602,108.30914,0.24620108
2.7291666666666665,34.644497,-2.9281597,-2.9304256,66.60888,25.0,108.60927,34.480045,-2.595889,-2.7935581,67.02663,25.959202,108.300575,0.3951972
2.7333333333333334,34.677288,-2.947091,-2.9304261,66.63412,25.0,108.52528,34.47507,-2.4568624,-2.6924753,67.05337,26.041653,108.3685,0.581237
2.7375,34.712803,-2.9675953,-2.930426,66.66132,25.0,108.43426,34.472687,-2.3160791,-2.5824347,67.07152,26.110271,108.45587,0.7766769
2.7416666666666667,34.751076,-2.9896924,-2.930426,66.69049,25.0,108.33609,34.466164,-2.1954365,-2.4545097,67.1076,26.164215,108.54913,0.96876913
2.745833333333333,34.792137,-3.013399,-2.930427,66.7216,25.0,108.23067,34.454964,-2.138483,-2.3830452,67.16646,26.185257,108.65402,1.0857213
2.75,34.836006,-3.0387266,-2.9304245,66.754654,25.0,108.11794,34.449986,-2.1328259,-2.3081226,67.258156,26.198387,108.74738,1.1648724
2.754166666666667,34.882698,-3.0656834,-2.9304261,66.7896,25.0,107.99784,34.4403,-2.136139,-2.2444715,67.34706,26.206154,108.83871,1.237054
2.7583333333333333,34.932205,-3.094268,-2.9304268,66.8264,25.0,107.87036,34.4328,-2.1411476,-2.1890345,67.4384,26.201973,108.958305,1.3067158
2.7625,34.98454,-3.1244812,-2.930424,66.86503,25.0,107.73546,34.425373,-2.1510992,-2.1343794,67.53096,26.160175,109.06597,1.3761635
2.7666666666666666,35.039684,-3.1563215,-2.9304264,66.90542,25.0,107.59313,34.43147,-2.1756172,-2.0861025,67.62542,26.10685,109.07794,1.4298915
2.7708333333333335,35.097626,-3.189774,-2.9304278,66.94752,25.0,107.44341,34.457794,-2.212964,-2.0957155,67.6895,26.03754,108.97726,1.4353698
2.775,35.15834,-3.2248263,-2.930427,66.991264,25.0,107.28632,34.490448,-2.2575083,-2.1114407,67.74947,25.952961,108.84515,1.4326631
2.779166666666667,35.221798,-3.2614634,-2.9304256,67.03659,25.0,107.12191,34.51907,-2.3044024,-2.1292896,67.787704,25.882603,108.685036,1.4323449
2.783333333333333,35.287964,-3.2996662,-2.930426,67.08342,25.0,106.95023,34.56864,-2.3700132,-2.1419678,67.82306,25.811485,108.46683,1.4153957
2.7875,35.356796,-3.3394053,-2.930426,67.13167,25.0,106.77138,34.648094,-2.4463224,-2.1549473,67.85153,25.751724,108.2056,1.3788483
2.7916666666666665,35.42825,-3.3806581,-2.9304264,67.18126,25.0,106.58543,34.74303,-2.5257587,-2.1545792,67.87338,25.65335,107.93059,1.3425039
2.7958333333333334,35.502266,-3.4233937,-2.9304254,67.23211,25.0,106.39249,34.860962,-2.6086988,-2.1400232,67.89773,25.522465,107.61452,1.3037386
2.8,35.578796,-3.4675767,-2.9304261,67.28412,25.0,106.192665,34.994125,-2.688304,-2.127821,67.930954,25.374348,107.26591,1.2622524
2.8041666666666667,35.65777,-3.5131733,-2.9304283,67.337204,25.0,105.98611,35.14339,-2.7861347,-2.0997057,67.96137,25.203583,106.88043,1.2178955
2.808333333333333,35.73912,-3.560141,-2.930427,67.39127,25.0,105.77295,35.298977,-2.882986,-2.0623655,67.99163,25.03548,106.48726,1.1856627
2.8125,35.822777,-3.6084409,-2.9304278,67.44623,25.0,105.553345,35.452065,-2.9660225,-2.0257816,68.01268,24.864853,106.14125,1.1698349
2.816666666666667,35.908665,-3.6580274,-2.9304266,67.501976,25.0,105.32745,35.60749,-3.0513115,-1.9847698,68.04205,24.702682,105.79129,1.1632183
2.8208333333333333,35.996696,-3.7088506,-2.9304242,67.55842,25.0,105.095474,35.7432,-3.1253595,-1.9258261,68.07045,24.537708,105.509026,1.1890923
2.825,36.08679,-3.760866,-2.930426,67.615456,25.0,104.85759,35.867287,-3.2138777,-1.86446,68.091,24.388058,105.2047,1.218056
2.8291666666666666,36.178852,-3.814019,-2.9304261,67.673,25.0,104.61399,35.988495,-3.304759,-1.7843866,68.10576,24.237644,104.88199,1.268459
2.8333333333333335,36.272793,-3.8682566,-2.9304256,67.73095,25.0,104.36491,36.116714,-3.3939219,-1.703229,68.1081,24.090298,104.54428,1.324902
2.8375,36.36852,-3.9235234,-2.9304254,67.789215,25.0,104.110535,36.25358,-3.4763317,-1.6330919,68.100624,23.939915,104.20651,1.3770497
2.841666666666667,36.465923,-3.9797614,-2.9304273,67.8477,25.0,103.851135,36.398743,-3.547289,-1.5711842,68.09268,23.785217,103.8754,1.4279662
2.845833333333333,36.56491,-4.036909,-2.9304245,67.90633,25.0,103.58693,36.55103,-3.6210651,-1.5198631,68.09518,23.627941,103.53148,1.4706469
2.85,36.665367,-4.0949097,-2.9304278,67.96499,25.0,103.31818,36.714096,-3.6990318,-1.4875765,68.10879,23.46611,103.154686,1.4969682
2.8541666666666665,36.767193,-4.153699,-2.9304256,68.02362,25.0,103.04513,36.84291,-3.7657976,-1.4952183,68.14258,23.407852,102.82852,1.4886305
2.8583333333333334,36.87027,-4.2132087,-2.9304261,68.08212,25.0,102.768074,36.961685,-3.832533,-1.5058365,68.17982,23.367287,102.499115,1.4774053
2.8625,36.974495,-4.2733836,-2.9304278,68.14043,25.0,102.48725,37.077377,-3.8987122,-1.5223808,68.208664,23.332638,102.16233,1.460671
2.8666666666666667,37.079735,-4.3341455,-2.9304252,68.198456,25.0,102.202995,37.199852,-3.9770603,-1.5338326,68.244385,23.312267,101.81395,1.4465162
2.870833333333333,37.185894,-4.3954353,-2.9304276,68.25613,25.0,101.91555,37.32455,-4.0594683,-1.540514,68.28422,23.296173,101.4664,1.4366486
2.875,37.292843,-4.457182,-2.930425,68.313385,25.0,101.62524,37.444096,-4.1371202,-1.5407934,68.33272,23.263489,101.1334,1.4340128
2.879166666666667,37.400463,-4.5193176,-2.930424,68.370155,25.0,101.33235,37.56288,-4.221468,-1.5356178,68.39004,23.228382,100.78745,1.4354714
2.8833333333333333,37.508636,-4.5817714,-2.9304273,68.42637,25.0,101.03721,37.674286,-4.3081007,-1.5317621,68.44915,23.191952,100.43516,1.4347821
2.8875,37.61724,-4.6444726,-2.9304266,68.48198,25.0,100.74013,37.773388,-4.398245,-1.5330305,68.49477,23.168373,100.09526,1.4274894
2.8916666666666666,37.72615,-4.7073545,-2.930425,68.536934,25.0,100.44142,37.86914,-4.4869785,-1.540453,68.53644,23.159424,99.761665,1.414579
2.8958333333333335,37.835247,-4.770341,-2.9304264,68.59116,25.0,100.14142,37.965027,-4.572915,-1.5515509,68.57702,23.167511,99.43272,1.3989701
2.9,37.944405,-4.8333635,-2.9304283,68.64463,25.0,99.840454,38.063725,-4.658103,-1.5636044,68.61413,23.18275,99.111084,1.3831706
2.904166666666667,38.0535,-4.896349,-2.9304254,68.697296,25.0,99.53886,38.16726,-4.7388268,-1.5793324,68.64899,23.202473,98.79521,1.3649932
2.908333333333333,38.162415,-4.959229,-2.9304261,68.74911,25.0,99.23696,38.272957,-4.816684,-1.6008825,68.68524,23.228962,98.49123,1.3417246
2.9125,38.271015,-5.021934,-2.9304287,68.80003,25.0,98.93512,38.378796,-4.8895483,-1.6265383,68.719345,23.25896,98.197266,1.3150182
2.9166666666666665,38.37919,-5.0843854,-2.9304278,68.85004,25.0,98.63367,38.47977,-4.959054,-1.6573553,68.75105,23.29189,97.912285,1.2831751
2.9208333333333334,38.486813,-5.1465206,-2.9304237,68.89909,25.0,98.33293,38.572845,-5.0240984,-1.6889353,68.78256,23.32079,97.64415,1.2504729
2.925,38.59376,-5.208267,-2.9304261,68.94716,25.0,98.03329,38.66008,-5.0841265,-1.7197256,68.81477,23.34676,97.39503,1.218854
2.9291666666666667,38.699917,-5.269557,-2.9304245,68.994225,25.0,97.73506,38.742157,-5.1386366,-1.7470036,68.85293,23.36729,97.170105,1.1913897
2.933333333333333,38.805164,-5.330321,-2.9304307,69.040245,25.0,97.4386,38.82222,-5.1873484,-1.7687235,68.89267,23.376213,96.96495,1.1705962
2.9375,38.909386,-5.3904943,-2.9304268,69.085236,25.0,97.14424,38.896072,-5.230382,-1.7841625,68.93721,23.379318,96.78023,1.1574693
2.941666666666667,39.012463,-5.450006,-2.930425,69.12915,25.0,96.85234,38.965874,-5.267208,-1.7997322,68.98173,23.379147,96.610565,1.1463209
2.9458333333333333,39.11429,-5.5087934,-2.9304268,69.171974,25.0,96.56323,39.035187,-5.2961407,-1.8242836,69.02438,23.3736,96.45457,1.1291728
2.95,39.214745,-5.5667925,-2.9304256,69.21371,25.0,96.27727,39.10898,-5.310135,-1.8550558,69.061356,23.359962,96.320595,1.1106213
2.9541666666666666,39.31373,-5.6239414,-2.9304268,69.254326,25.0,95.99476,39.186344,-5.3181314,-1.8893585,69.08053,23.341095,96.21072,1.0925062
2.9583333333333335,39.411137,-5.68018,-2.9304256,69.29383,25.0,95.716034,39.25492,-5.3239355,-1.9228659,69.08616,23.321,96.11665,1.0800418
2.9625,39.50686,-5.7354455,-2.9304247,69.33221,25.0,95.44144,39.32048,-5.329631,-1.9524031,69.08296,23.308128,96.025085,1.0751506
2.966666666666667,39.600803,-5.789683,-2.9304254,69.369446,25.0,95.17127,39.395435,-5.347248,-1.9863396,69.06158,23.291847,95.92521,1.0626489
2.970833333333333,39.692867,-5.8428364,-2.9304256,69.40555,25.0,94.90585,39.47653,-5.3693247,-2.0180283,69.032776,23.280014,95.812386,1.0504689
2.975,39.78296,-5.8948526,-2.930424,69.44051,25.0,94.64549,39.56565,-5.398074,-2.0561886,69.0036,23.283493,95.670845,1.0287367
2.9791666666666665,39.87099,-5.9456773,-2.930426,69.47433,25.0,94.39048,39.668518,-5.434782,-2.1117992,68.96959,23.310143,95.49086,0.98598105
2.9833333333333334,39.956875,-5.9952636,-2.930428,69.506996,25.0,94.141106,39.75408,-5.485611,-2.186346,68.95422,23.363686,95.2912,0.9244073
2.9875,40.04053,-6.043563,-2.9304245,69.53853,25.0,93.897644,39.830853,-5.5437717,-2.275998,68.94658,23.439457,95.070404,0.8497236
2.9916666666666667,40.121883,-6.090531,-2.9304252,69.56891,25.0,93.660355,39.908394,-5.6030626,-2.375678,68.94786,23.542915,94.82574,0.768731
2.995833333333333,40.20086,-6.1361246,-2.9304256,69.598145,25.0,93.4295,39.94907,-5.7040157,-2.490285,68.97865,23.62949,94.61226,0.6662129
3.0,40.277386,-6.180309,-2.9304273,69.62624,25.0,93.205315,39.994865,-5.815505,-2.59935,69.00808,23.700909,94.40121,0.5679012
3.004166666666667,40.351406,-6.2230463,-2.930426,69.65321,25.0,92.98802,40.041836,-5.94127,-2.7282534,69.05989,23.786503,94.175354,0.46487144
3.0083333333333333,40.42286,-6.2642994,-2.9304268,69.67905,25.0,92.77785,40.080235,-6.0728636,-2.8528814,69.09138,23.875942,93.95045,0.40006575
3.0125,40.49169,-6.3040395,-2.9304256,69.70376,25.0,92.57499,40.12101,-6.209978,-2.9717293,69.129875,23.983803,93.681885,0.38465375
3.0166666666666666,40.557858,-6.342238,-2.930425,69.72735,25.0,92.37962,40.171375,-6.3424244,-3.087553,69.17499,24.09063,93.3833,0.41720235
3.0208333333333335,40.62132,-6.378878,-2.9304252,69.74983,25.0,92.1919,40.22622,-6.462079,-3.1768093,69.24541,24.17194,93.10256,0.4730024
3.025,40.68203,-6.4139304,-2.930425,69.77121,25.0,92.01199,40.29982,-6.5558186,-3.2462478,69.34654,24.24068,92.797195,0.5157137
3.029166666666667,40.739975,-6.4473844,-2.930425,69.7915,25.0,91.840004,40.383514,-6.6192284,-3.2976012,69.44536,24.285152,92.53129,0.53982675
3.033333333333333,40.795116,-6.479222,-2.930425,69.8107,25.0,91.67606,40.488953,-6.64643,-3.3412094,69.53183,24.333176,92.25461,0.5389237
3.0375,40.84745,-6.509435,-2.9304264,69.82883,25.0,91.52024,40.60422,-6.6533394,-3.3810396,69.61215,24.407326,91.99065,0.5319032
3.0416666666666665,40.89696,-6.538021,-2.930426,69.8459,25.0,91.372604,40.70449,-6.6428823,-3.4166503,69.65596,24.458279,91.76188,0.5333432
3.0458333333333334,40.94365,-6.564976,-2.9304256,69.86193,25.0,91.2332,40.79688,-6.6430206,-3.435967,69.69046,24.50216,91.540794,0.53216964
3.05,40.98752,-6.590304,-2.930425,69.87693,25.0,91.102036,40.880875,-6.6412973,-3.4494252,69.71473,24.555405,91.322586,0.53229177
3.0541666666666667,41.02858,-6.614011,-2.930426,69.890915,25.0,90.97912,40.93119,-6.6670094,-3.4607468,69.73597,24.580425,91.18694,0.54178756
3.058333333333333,41.066853,-6.6361084,-2.930425,69.90391,25.0,90.86442,40.962902,-6.7013197,-3.4617333,69.75592,24.608913,91.07132,0.5452952
3.0625,41.102367,-6.6566114,-2.9304235,69.915924,25.0,90.75787,40.994804,-6.7360764,-3.4483733,69.76533,24.628548,90.95047,0.53493595
3.066666666666667,41.13516,-6.675543,-2.9304268,69.92698,25.0,90.6594,41.030037,-6.756482,-3.4234433,69.756805,24.636276,90.82069,0.51055557
3.0708333333333333,41.165268,-6.692929,-2.9304268,69.93711,25.0,90.56889,41.06479,-6.7629747,-3.3793535,69.73519,24.61697,90.68789,0.46533605
3.075,41.19275,-6.7087946,-2.9304254,69.946335,25.0,90.48622,41.09214,-6.781784,-3.3258324,69.71878,24.592953,90.5713,0.41448313
3.0791666666666666,41.217667,-6.723181,-2.930428,69.95467,25.0,90.4112,41.122803,-6.8143024,-3.282843,69.70631,24.561928,90.44167,0.37616315
3.0833333333333335,41.240086,-6.736123,-2.9304273,69.962166,25.0,90.343666,41.152775,-6.871788,-3.2158656,69.7209,24.520432,90.26489,0.32787675
3.0875,41.260086,-6.747671,-2.9304252,69.96884,25.0,90.28337,41.175907,-6.9375744,-3.1300964,69.76233,24.49258,90.09214,0.28812838
3.091666666666667,41.27776,-6.757872,-2.9304261,69.974724,25.0,90.230064,41.203808,-6.992734,-3.0467882,69.807785,24.476025,89.94503,0.27234003
3.095833333333333,41.293198,-6.7667894,-2.9304245,69.979866,25.0,90.18347,41.224934,-7.0282135,-2.987547,69.86554,24.470436,89.808525,0.2761621
3.1,41.306515,-6.774475,-2.9304264,69.98428,25.0,90.14327,41.24326,-7.0560036,-2.9526587,69.936356,24.485634,89.66761,0.28940246
3.1041666666666665,41.317825,-6.781007,-2.9304323,69.98803,25.0,90.10911,41.26405,-7.0807037,-2.9187326,70.00711,24.51064,89.53677,0.304708
3.1083333333333334,41.327255,-6.7864523,-2.9304276,69.991165,25.0,90.08062,41.284897,-7.10227,-2.884142,70.06672,24.552742,89.41157,0.3219899
3.1125,41.334946,-6.7908897,-2.9304261,69.99371,25.0,90.05739,41.29765,-7.114706,-2.8577242,70.12206,24.62209,89.29032,0.33396643
3.1166666666666667,41.34104,-6.7944098,-2.930425,69.995735,25.0,90.03896,41.305836,-7.124424,-2.8509855,70.17173,24.702904,89.16686,0.34126157
3.120833333333333,41.345707,-6.797105,-2.9304278,69.99728,25.0,90.02486,41.313755,-7.1334887,-2.8470612,70.23604,24.77906,89.079666,0.34803018
3.125,41.34911,-6.799068,-2.930425,69.998405,25.0,90.01457,41.32031,-7.150507,-2.8416996,70.28888,24.848358,89.01438,0.36360836
3.129166666666667,41.35143,-6.8004103,-2.930425,69.999176,25.0,90.00755,41.336258,-7.1651716,-2.8337126,70.338684,24.913853,88.96124,0.37766954
3.1333333333333333,41.35286,-6.8012342,-2.9304242,69.99965,25.0,90.003235,41.360203,-7.174037,-2.831544,70.391464,24.967728,88.92343,0.38576302
3.1375,41.353607,-6.801668,-2.9304276,69.99989,25.0,90.00097,41.39549,-7.180397,-2.8407183,70.43981,25.019142,88.884186,0.39145544
3.1416666666666666,41.35389,-6.801828,-2.9304266,69.999985,25.0,90.00012,41.433704,-7.1811743,-2.8477669,70.49599,25.078342,88.85266,0.39636692
3.1458333333333335,41.353928,-6.8018513,-2.930426,70.0,25.0,90.0,41.46556,-7.1756897,-2.8508358,70.55505,25.135963,88.83878,0.39818558
3.15,41.353928,-6.8018513,-2.930426,70.0,25.0,90.0,41.494564,-7.1687517,-2.8497458,70.613716,25.187351,88.832504,0.4011282
3.154166666666667,41.353928,-6.8018513,-2.930426,70.0,25.0,90.0,41.523705,-7.165942,-2.8414297,70.66205,25.225307,88.83149,0.41146895
3.158333333333333,41.353928,-6.8018513,-2.930426,70.0,25.0,90.0,41.55338,-7.165863,-2.8222218,70.70015,25.2529,88.83993,0.42894474
3.1625,41.353928,-6.8018513,-2.930426,70.0,25.0,90.0,41.57579,-7.1693687,-2.8042183,70.72951,25.27137,88.84825,0.4474601
3.1666666666666665,41.353928,-6.8018513,-2.930426,70.0,25.0,90.0,41.590733,-7.1728706,-2.7877998,70.754456,25.283382,88.85856,0.46268147
3.1708333333333334,41.353928,-6.8018513,-2.930426,70.0,25.0,90.0,41.6017,-7.17673,-2.7737627,70.7757,25.293629,88.883026,0.47588715
3.175,41.353928,-6.8018513,-2.930426,70.0,25.0,90.0,41.60881,-7.178173,-2.7587729,70.79647,25.302872,88.9163,0.48584783
3.1791666666666667,41.353928,-6.8018513,-2.930426,70.0,25.0,90.0,41.610302,-7.1764803,-2.7435703,70.81749,25.314217,88.95087,0.49090704
3.183333333333333,41.353928,-6.8018513,-2.930426,70.0,25.0,90.0,41.609596,-7.173278,-2.7272482,70.83912,25.322945,88.98539,0.49457592
3.1875,41.353928,-6.8018513,-2.930426,70.0,25.0,90.0,41.607445,-7.169923,-2.712267,70.86103,25.331436,89.01509,0.49733382
3.191666666666667,41.353928,-6.8018513,-2.930426,70.0,25.0,90.0,41.604187,-7.1669827,-2.6992483,70.88315,25.340542,89.03675,0.4993934
3.1958333333333333,41.353928,-6.8018513,-2.930426,70.0,25.0,90.0,41.600548,-7.1640778,-2.686572,70.90262,25.34766,89.05391,0.501492
3.2,41.353928,-6.8018513,-2.930426,70.0,25.0,90.0,41.597054,-7.161663,-2.675274,70.9192,25.35321,89.06637,0.50366384
3.2041666666666666,41.353928,-6.8018513,-2.930426,70.0,25.0,90.0,41.593887,-7.1592045,-2.6654816,70.93268,25.357914,89.07506,0.5054478
3.2083333333333335,41.353928,-6.8018513,-2.930426,70.0,25.0,90.0,41.591236,-7.1570263,-2.657319,70.943085,25.361748,89.08091,0.5070029
3.2125,41.353928,-6.8018513,-2.930426,70.0,25.0,90.0,41.58898,-7.155036,-2.650817,70.950584,25.365112,89.0845,0.5081053
3.216666666666667,41.353928,-6.8018513,-2.930426,70.0,25.0,90.0,41.58722,-7.1530733,-2.6459675,70.95566,25.36816,89.086716,0.50862414
3.220833333333333,41.353928,-6.8018513,-2.930426,70.0,25.0,90.0,41.585808,-7.1511583,-2.6425524,70.95884,25.370903,89.08822,0.5085814
3.225,41.353928,-6.8018513,-2.930426,70.0,25.0,90.0,41.584724,-7.1493845,-2.6403465,70.96061,25.373322,89.08928,0.5081265
3.2291666666666665,41.353928,-6.8018513,-2.930426,70.0,25.0,90.0,41.583942,-7.147869,-2.6389465,70.96152,25.375332,89.08991,0.50753856
3.2333333333333334,41.353928,-6.8018513,-2.930426,70.0,25.0,90.0,41.583496,-7.1466475,-2.6380978,70.961845,25.376888,89.09029,0.50699294
3.2375,41.353928,-6.8018513,-2.930426,70.0,25.0,90.0,41.583298,-7.1457434,-2.637642,70.961845,25.377949,89.09054,0.5065519
3.2416666666666667,41.353928,-6.8018513,-2.930426,70.0,25.0,90.0,41.583206,-7.1451035,-2.637454,70.96173,25.378616,89.09076,0.506185
3.245833333333333,41.353928,-6.8018513,-2.930426,70.0,25.0,90.0,41.5831,-7.144696,-2.6373453,70.96163,25.37896,89.09103,0.5059235
3.25,41.353928,-6.8018513,-2.930426,70.0,25.0,90.0,41.583004,-7.144452,-2.637267,70.961555,25.3791,89.09125,0.5057602
3.254166666666667,41.353928,-6.8018513,-2.930426,70.0,25.0,90.0,41.58294,-7.1443577,-2.6372051,70.96151,25.379158,89.09137,0.5057028
3.2583333333333333,41.353928,-6.8018513,-2.930426,70.0,25.0,90.0,41.58292,-7.144328,-2.6371555,70.961494,25.37918,89.091415,0.5057029
3.2625,41.353928,-6.8018513,-2.930426,70.0,25.0,90.0,41.58292,-7.144335,-2.6371431,70.9615,25.379177,89.091415,0.50571465
3.2666666666666666,41.353928,-6.8018513,-2.930426,70.0,25.0,90.0,41.58292,-7.144328,-2.6371403,70.961494,25.379177,89.091415,0.5057118
3.2708333333333335,41.353928,-6.8018513,-2.930426,70.0,25.0,90.0,41.58292,-7.144328,-2.6371403,70.961494,25.379177,89.091415,0.5057118
3.275,41.353928,-6.8018513,-2.930426,70.0,25.0,90.0,41.58292,-7.144328,-2.6371403,70.961494,25.379177,89.091415,0.5057118
3.279166666666667,41.353928,-6.8018513,-2.930426,70.0,25.0,90.0,41.58292,-7.144328,-2.6371403,70.961494,25.379177,89.091415,0.5057118
3.283333333333333,41.353928,-6.8018513,-2.930426,70.0,25.0,90.0,41.58292,-7.144328,-2.6371403,70.961494,25.379177,89.091415,0.5057118
3.2875,41.353928,-6.8018513,-2.930426,70.0,25.0,90.0,41.58292,-7.14433,-2.6371403,70.961494,25.37918,89.091415,0.50571305
3.2916666666666665,41.353928,-6.8018513,-2.930426,70.0,25.0,90.0,41.582916,-7.144328,-2.6371374,70.961494,25.379177,89.091415,0.5057117
3.2958333333333334,41.353928,-6.8018513,-2.930426,70.0,25.0,90.0,41.58292,-7.144331,-2.6371384,70.961494,25.379177,89.091415,0.50571483
3.3,41.353928,-6.8018513,-2.930426,70.0,25.0,90.0,41.582916,-7.144327,-2.6371393,70.961494,25.379177,89.09142,0.50570995
3.3041666666666667,41.353928,-6.8018513,-2.930426,70.0,25.0,90.0,41.58292,-7.144331,-2.6371393,70.961494,25.37918,89.091415,0.50571424
3.308333333333333,41.353928,-6.8018513,-2.930426,70.0,25.0,90.0,41.582916,-7.14433,-2.6371422,70.961494,25.379177,89.091415,0.50571024
3.3125,41.353928,-6.8018513,-2.930426,70.0,25.0,90.0,41.582916,-7.1443253,-2.6371403,70.961494,25.379177,89.09142,0.5057081
3.316666666666667,41.353928,-6.8018513,-2.930426,70.0,25.0,90.0,41.582916,-7.144328,-2.6371384,70.961494,25.37917,89.09142,0.50571114
3.3208333333333333,41.353928,-6.8018513,-2.930426,70.0,25.0,90.0,41.582916,-7.144328,-2.6371422,70.961494,25.379173,89.09143,0.50570893
3.325,41.353928,-6.8018513,-2.930426,70.0,25.0,90.0,41.582912,-7.144327,-2.6371422,70.961494,25.37917,89.09142,0.50570655
3.3291666666666666,41.353928,-6.8018513,-2.930426,70.0,25.0,90.0,41.582916,-7.144327,-2.6371403,70.96149,25.37917,89.09142,0.5057094
3.3333333333333335,41.353928,-6.8018513,-2.930426,70.0,25.0,90.0,41.582916,-7.144328,-2.637144,70.961494,25.379173,89.09143,0.5057078
3.3375,41.353928,-6.8018513,-2.930426,70.0,25.0,90.0,41.582916,-7.144328,-2.6371384,70.961494,25.379177,89.09143,0.50571114
3.341666666666667,41.353928,-6.8018513,-2.930426,70.0,25.0,90.0,41.582916,-7.1443243,-2.6371403,70.961494,25.379173,89.09143,0.50570744
3.345833333333333,41.353928,-6.8018513,-2.930426,70.0,25.0,90.0,41.582912,-7.144327,-2.6371346,70.961494,25.37918,89.09143,0.50571096
3.35,41.353928,-6.8018513,-2.930426,70.0,25.0,90.0,41.582916,-7.1443243,-2.6371346,70.961494,25.379173,89.09143,0.5057108
3.3541666666666665,41.353928,-6.8018513,-2.930426,70.0,25.0,90.0,41.582916,-7.1443214,-2.6371355,70.961494,25.379177,89.09143,0.5057083
3.3583333333333334,41.353928,-6.8018513,-2.930426,70.0,25.0,90.0,41.582916,-7.1443195,-2.6371365,70.9615,25.379177,89.09143,0.5057064
3.3625,41.353928,-6.8018513,-2.930426,70.0,25.0,90.0,41.582916,-7.1443214,-2.6371374,70.961494,25.379173,89.09143,0.5057072
3.3666666666666667,41.353928,-6.8018513,-2.930426,70.0,25.0,90.0,41.582916,-7.1443243,-2.6371355,70.961494,25.379177,89.09143,0.5057102
3.370833333333333,41.353928,-6.8018513,-2.930426,70.0,25.0,90.0,41.582916,-7.1443224,-2.6371374,70.9615,25.37918,89.09143,0.5057078
3.375,41.353928,-6.8018513,-2.930426,70.0,25.0,90.0,41.582916,-7.1443243,-2.6371374,70.9615,25.379177,89.09143,0.5057091
3.379166666666667,41.353928,-6.8018513,-2.930426,70.0,25.0,90.0,41.582916,-7.1443243,-2.6371393,70.9615,25.379177,89.09143,0.505708
3.3833333333333333,41.353928,-6.8018513,-2.930426,70.0,25.0,90.0,41.582916,-7.1443224,-2.6371384,70.9615,25.379177,89.09143,0.50570726
3.3875,41.353928,-6.8018513,-2.930426,70.0,25.0,90.0,41.582916,-7.1443214,-2.6371384,70.9615,25.379177,89.09143,0.5057066
3.3916666666666666,41.353928,-6.8018513,-2.930426,70.0,25.0,90.0,41.582916,-7.1443253,-2.6371403,70.961494,25.379177,89.09143,0.5057081
3.3958333333333335,41.353928,-6.8018513,-2.930426,70.0,25.0,90.0,41.582916,-7.1443253,-2.6371403,70.961494,25.379173,89.09143,0.5057081
3.4,41.353928,-6.8018513,-2.930426,70.0,25.0,90.0,41.582916,-7.1443253,-2.6371393,70.9615,25.379177,89.09143,0.50570863
3.404166666666667,41.353928,-6.8018513,-2.930426,70.0,25.0,90.0,41.582916,-7.1443253,-2.6371393,70.9615,25.379177,89.09143,0.50570863
3.408333333333333,41.353928,-6.8018513,-2.930426,70.0,25.0,90.0,41.582916,-7.1443243,-2.6371393,70.9615,25.379173,89.09143,0.505708
3.4125,41.353928,-6.8018513,-2.930426,70.0,25.0,90.0,41.582912,-7.144327,-2.6371422,70.9615,25.379177,89.09143,0.50570655
3.4166666666666665,41.353928,-6.8018513,-2.930426,70.0,25.0,90.0,41.582916,-7.1443253,-2.6371403,70.961494,25.379173,89.09143,0.5057081
3.4208333333333334,41.353928,-6.8018513,-2.930426,70.0,25.0,90.0,41.582916,-7.144327,-2.6371384,70.961494,25.379177,89.09143,0.5057105
3.425,41.353928,-6.8018513,-2.930426,70.0,25.0,90.0,41.582916,-7.1443243,-2.6371422,70.9615,25.37917,89.09143,0.50570637
3.4291666666666667,41.353928,-6.8018513,-2.930426,70.0,25.0,90.0,41.582912,-7.1443253,-2.6371422,70.961494,25.379177,89.09143,0.50570524
3.433333333333333,41.353928,-6.8018513,-2.930426,70.0,25.0,90.0,41.582916,-7.144328,-2.6371403,70.961494,25.379173,89.09143,0.50571
3.4375,41.353928,-6.8018513,-2.930426,70.0,25.0,90.0,41.582916,-7.144327,-2.6371384,70.9615,25.379173,89.09143,0.5057105
3.441666666666667,41.353928,-6.8018513,-2.930426,70.0,25.0,90.0,41.582916,-7.1443253,-2.6371384,70.9615,25.379173,89.09143,0.5057092
3.4458333333333333,41.353928,-6.8018513,-2.930426,70.0,25.0,90.0,41.58292,-7.144327,-2.6371403,70.9615,25.379177,89.09142,0.50571114
3.45,41.353928,-6.8018513,-2.930426,70.0,25.0,90.0,41.58292,-7.144327,-2.6371422,70.9615,25.379177,89.09142,0.50571
3.4541666666666666,41.353928,-6.8018513,-2.930426,70.0,25.0,90.0,41.582916,-7.144328,-2.6371374,70.9615,25.37918,89.09142,0.5057117
3.4583333333333335,41.353928,-6.8018513,-2.930426,70.0,25.0,90.0,41.582916,-7.144327,-2.6371393,70.9615,25.379173,89.09142,0.50570995
3.4625,41.353928,-6.8018513,-2.930426,70.0,25.0,90.0,41.582916,-7.144331,-2.6371374,70.9615,25.379177,89.09142,0.50571364
3.466666666666667,41.353928,-6.8018513,-2.930426,70.0,25.0,90.0,41.582916,-7.14433,-2.6371393,70.9615,25.379177,89.091415,0.5057119
3.470833333333333,41.353928,-6.8018513,-2.930426,70.0,25.0,90.0,41.582916,-7.144333,-2.6371365,70.9615,25.37918,89.091415,0.5057155
3.475,41.353928,-6.8018513,-2.930426,70.0,25.0,90.0,41.582916,-7.144327,-2.6371374,70.9615,25.379173,89.091415,0.505711
3.4791666666666665,41.353928,-6.8018513,-2.930426,70.0,25.0,90.0,41.582916,-7.144328,-2.6371403,70.9615,25.379173,89.091415,0.50571
3.4833333333333334,41.353928,-6.8018513,-2.930426,70.0,25.0,90.0,41.582916,-7.14433,-2.6371403,70.9615,25.379173,89.091415,0.5057113
3.4875,41.353928,-6.8018513,-2.930426,70.0,25.0,90.0,41.582916,-7.14433,-2.6371393,70.9615,25.37917,89.091415,0.5057119
3.4916666666666667,41.353928,-6.8018513,-2.930426,70.0,25.0,90.0,41.582916,-7.144335,-2.6371393,70.9615,25.379173,89.09142,0.50571513
3.495833333333333,41.353928,-6.8018513,-2.930426,70.0,25.0,90.0,41.582916,-7.144333,-2.6371365,70.9615,25.37917,89.09142,0.5057155
3.5,41.353928,-6.8018513,-2.930426,70.0,25.0,90.0,41.58292,-7.14433,-2.6371384,70.9615,25.379177,89.09142,0.5057142
3.504166666666667,41.353928,-6.8018513,-2.930426,70.0,25.0,90.0,41.582916,-7.144328,-2.6371403,70.9615,25.37917,89.091415,0.50571
3.5083333333333333,41.353928,-6.8018513,-2.930426,70.0,25.0,90.0,41.582916,-7.144331,-2.6371403,70.961494,25.37917,89.091415,0.505712
3.5125,41.353928,-6.8018513,-2.930426,70.0,25.0,90.0,41.582916,-7.144333,-2.6371365,70.961494,25.37917,89.09142,0.5057155
3.5166666666666666,41.353928,-6.8018513,-2.930426,70.0,25.0,90.0,41.582916,-7.14433,-2.6371374,70.961494,25.379173,89.091415,0.505713
3.5208333333333335,41.353928,-6.8018513,-2.930426,70.0,25.0,90.0,41.582916,-7.14433,-2.6371374,70.961494,25.379173,89.091415,0.505713
3.525,41.353928,-6.8018513,-2.930426,70.0,25.0,90.0,41.582916,-7.14433,-2.6371393,70.961494,25.379173,89.091415,0.5057119
3.529166666666667,41.353928,-6.8018513,-2.930426,70.0,25.0,90.0,41.582916,-7.14433,-2.6371403,70.961494,25.379173,89.091415,0.5057113
3.533333333333333,41.353928,-6.8018513,-2.930426,70.0,25.0,90.0,41.582916,-7.14433,-2.6371403,70.961494,25.379173,89.091415,0.5057113
3.5375,41.353928,-6.8018513,-2.930426,70.0,25.0,90.0,41.582916,-7.14433,-2.6371403,70.961494,25.379173,89.091415,0.5057113
3.5416666666666665,41.353928,-6.8018513,-2.930426,70.0,25.0,90.0,41.582916,-7.14433,-2.6371403,70.961494,25.379173,89.091415,0.5057113
3.5458333333333334,41.353928,-6.8018513,-2.930426,70.0,25.0,90.0,41.582916,-7.14433,-2.6371403,70.961494,25.379173,89.091415,0.5057113
3.55,41.353928,-6.8018513,-2.930426,70.0,25.0,90.0,41.582916,-7.14433,-2.6371403,70.961494,25.379173,89.091415,0.5057113
3.5541666666666667,41.353928,-6.8018513,-2.930426,70.0,25.0,90.0,41.582916,-7.14433,-2.6371403,70.961494,25.379173,89.091415,0.5057113
3.558333333333333,41.353928,-6.8018513,-2.930426,70.0,25.0,90.0,41.582916,-7.14433,-2.6371403,70.961494,25.379173,89.091415,0.5057113
3.5625,41.353928,-6.8018513,-2.930426,70.0,25.0,90.0,41.582916,-7.14433,-2.6371403,70.961494,25.379173,89.091415,0.5057113
3.566666666666667,41.353928,-6.8018513,-2.930426,70.0,25.0,90.0,41.582916,-7.14433,-2.6371403,70.961494,25.379173,89.091415,0.5057113
3.5708333333333333,41.353928,-6.8018513,-2.930426,70.0,25.0,90.0,41.582916,-7.14433,-2.6371403,70.961494,25.379173,89.091415,0.5057113
3.575,41.353928,-6.8018513,-2.930426,70.0,25.0,90.0,41.582916,-7.14433,-2.6371403,70.961494,25.379173,89.091415,0.5057113
3.5791666666666666,41.353928,-6.8018513,-2.930426,70.0,25.0,90.0,41.582916,-7.14433,-2.6371403,70.961494,25.379173,89.091415,0.5057113
3.5833333333333335,41.353928,-6.8018513,-2.930426,70.0,25.0,90.0,41.582916,-7.14433,-2.6371403,70.961494,25.379173,89.091415,0.5057113
3.5875,41.353928,-6.8018513,-2.930426,70.0,25.0,90.0,41.582916,-7.14433,-2.6371403,70.961494,25.379173,89.091415,0.5057113
3.591666666666667,41.353928,-6.8018513,-2.930426,70.0,25.0,90.0,41.582916,-7.14433,-2.6371403,70.961494,25.379173,89.091415,0.5057113
3.595833333333333,41.353928,-6.8018513,-2.930426,70.0,25.0,90.0,41.582916,-7.14433,-2.6371403,70.961494,25.379173,89.091415,0.5057113
3.6,41.353928,-6.8018513,-2.930426,70.0,25.0,90.0,41.582916,-7.14433,-2.6371403,70.961494,25.379173,89.091415,0.5057113
3.6041666666666665,41.353928,-6.8018513,-2.930426,70.0,25.0,90.0,41.582916,-7.14433,-2.6371403,70.961494,25.379173,89.091415,0.5057113
3.6083333333333334,41.353928,-6.8018513,-2.930426,70.0,25.0,90.0,41.582916,-7.14433,-2.6371403,70.961494,25.379173,89.091415,0.5057113
3.6125,41.353928,-6.8018513,-2.930426,70.0,25.0,90.0,41.582916,-7.14433,-2.6371403,70.961494,25.379173,89.091415,0.5057113
3.6166666666666667,41.353928,-6.8018513,-2.930426,70.0,25.0,90.0,41.582916,-7.14433,-2.6371403,70.961494,25.379173,89.091415,0.5057113
3.620833333333333,41.353928,-6.8018513,-2.930426,70.0,25.0,90.0,41.582916,-7.14433,-2.6371403,70.961494,25.379173,89.091415,0.5057113
3.625,41.353928,-6.8018513,-2.930426,70.0,25.0,90.0,41.582916,-7.14433,-2.6371403,70.961494,25.379173,89.091415,0.5057113
3.629166666666667,41.353928,-6.8018513,-2.930426,70.0,25.0,90.0,41.582916,-7.14433,-2.6371403,70.961494,25.379173,89.091415,0.5057113
3.6333333333333333,41.353928,-6.8018513,-2.930426,70.0,25.0,90.0,41.582916,-7.14433,-2.6371403,70.961494,25.379173,89.091415,0.5057113
3.6375,41.353928,-6.8018513,-2.930426,70.0,25.0,90.0,41.582916,-7.14433,-2.6371403,70.961494,25.379173,89.091415,0.5057113
3.6416666666666666,41.353928,-6.8018513,-2.930426,70.0,25.0,90.0,41.582916,-7.14433,-2.6371403,70.961494,25.379173,89.091415,0.5057113
3.6458333333333335,41.353928,-6.8018513,-2.930426,70.0,25.0,90.0,41.582916,-7.14433,-2.6371403,70.961494,25.379173,89.091415,0.5057113
3.65,41.353928,-6.8018513,-2.930426,70.0,25.0,90.0,41.582916,-7.14433,-2.6371403,70.961494,25.379173,89.091415,0.5057113
3.654166666666667,41.353928,-6.8018513,-2.930426,70.0,25.0,90.0,41.582916,-7.14433,-2.6371403,70.961494,25.379173,89.091415,0.5057113
3.658333333333333,41.353928,-6.8018513,-2.930426,70.0,25.0,90.0,41.582916,-7.14433,-2.6371403,70.961494,25.379173,89.091415,0.5057113
3.6625,41.353928,-6.8018513,-2.930426,70.0,25.0,90.0,41.582916,-7.14433,-2.6371403,70.961494,25.379173,89.091415,0.5057113
3.6666666666666665,41.353928,-6.8018513,-2.930426,70.0,25.0,90.0,41.582916,-7.14433,-2.6371403,70.961494,25.379173,89.091415,0.5057113
3.6708333333333334,41.353928,-6.8018513,-2.930426,70.0,25.0,90.0,41.582916,-7.14433,-2.6371403,70.961494,25.379173,89.091415,0.5057113
3.675,41.353928,-6.8018513,-2.930426,70.0,25.0,90.0,41.582916,-7.14433,-2.6371403,70.961494,25.379173,89.091415,0.5057113
3.6791666666666667,41.353928,-6.8018513,-2.930426,70.0,25.0,90.0,41.582916,-7.14433,-2.6371403,70.961494,25.379173,89.091415,0.5057113
3.683333333333333,41.353928,-6.8018513,-2.930426,70.0,25.0,90.0,41.582916,-7.14433,-2.6371393,70.961494,25.379173,89.091415,0.5057119
3.6875,41.353928,-6.8018513,-2.930426,70.0,25.0,90.0,41.582916,-7.144328,-2.6371374,70.961494,25.37917,89.091415,0.5057117
3.691666666666667,41.353928,-6.8018513,-2.930426,70.0,25.0,90.0,41.582916,-7.14433,-2.6371393,70.961494,25.37917,89.09142,0.5057119
3.6958333333333333,41.353928,-6.8018513,-2.930426,70.0,25.0,90.0,41.582916,-7.144328,-2.6371384,70.961494,25.379173,89.09142,0.50571114
3.7,41.353928,-6.8018513,-2.930426,70.0,25.0,90.0,41.582916,-7.144327,-2.6371374,70.961494,25.379173,89.09142,0.505711
3.7041666666666666,41.353928,-6.8018513,-2.930426,70.0,25.0,90.0,41.582916,-7.144328,-2.6371374,70.961494,25.379177,89.09142,0.5057117
3.7083333333333335,41.353928,-6.8018513,-2.930426,70.0,25.0,90.0,41.582916,-7.144328,-2.6371422,70.961494,25.379177,89.09142,0.50570893
3.7125,41.353928,-6.8018513,-2.930426,70.0,25.0,90.0,41.582916,-7.1443253,-2.6371384,70.961494,25.379173,89.09142,0.5057092
3.716666666666667,41.353928,-6.8018513,-2.930426,70.0,25.0,90.0,41.582916,-7.1443253,-2.6371403,70.961494,25.379173,89.09142,0.5057081
3.720833333333333,41.353928,-6.8018513,-2.930426,70.0,25.0,90.0,41.582916,-7.1443253,-2.6371393,70.961494,25.379173,89.09142,0.50570863
3.725,41.353928,-6.8018513,-2.930426,70.0,25.0,90.0,41.582916,-7.1443243,-2.6371393,70.961494,25.379173,89.09143,0.505708
3.7291666666666665,41.353928,-6.8018513,-2.930426,70.0,25.0,90.0,41.582916,-7.1443253,-2.6371393,70.961494,25.379173,89.09143,0.50570863
3.7333333333333334,41.353928,-6.8018513,-2.930426,70.0,25.0,90.0,41.582912,-7.144327,-2.6371374,70.961494,25.379177,89.09143,0.50570935
3.7375,41.353928,-6.8018513,-2.930426,70.0,25.0,90.0,41.582912,-7.1443253,-2.6371403,70.961494,25.379173,89.09143,0.50570637
3.7416666666666667,41.353928,-6.8018513,-2.930426,70.0,25.0,90.0,41.582916,-7.1443253,-2.6371336,70.961494,25.379177,89.09143,0.505712
3.745833333333333,41.353928,-6.8018513,-2.930426,70.0,25.0,90.0,41.582916,-7.1443224,-2.6371355,70.961494,25.37917,89.09143,0.50570893
3.75,41.353928,-6.8018513,-2.930426,70.0,25.0,90.0,41.582916,-7.1443214,-2.6371365,70.961494,25.37917,89.09143,0.50570774
3.754166666666667,41.353928,-6.8018513,-2.930426,70.0,25.0,90.0,41.582916,-7.1443224,-2.6371374,70.961494,25.379177,89.09143,0.5057078
3.7583333333333333,41.353928,-6.8018513,-2.930426,70.0,25.0,90.0,41.582916,-7.1443224,-2.6371403,70.961494,25.37917,89.09143,0.5057062
3.7625,41.353928,-6.8018513,-2.930426,70.0,25.0,90.0,41.582916,-7.1443243,-2.6371365,70.961494,25.379177,89.09143,0.50570965
3.7666666666666666,41.353928,-6.8018513,-2.930426,70.0,25.0,90.0,41.582912,-7.1443253,-2.6371355,70.961494,25.379177,89.09143,0.5057091
3.7708333333333335,41.353928,-6.8018513,-2.930426,70.0,25.0,90.0,41.582916,-7.1443243,-2.6371403,70.961494,25.379177,89.09143,0.50570744
3.775,41.353928,-6.8018513,-2.930426,70.0,25.0,90.0,41.582916,-7.1443243,-2.6371403,70.9615,25.379177,89.09143,0.50570744
3.779166666666667,41.353928,-6.8018513,-2.930426,70.0,25.0,90.0,41.582916,-7.1443243,-2.6371393,70.961494,25.379177,89.09143,0.505708
3.783333333333333,41.353928,-6.8018513,-2.930426,70.0,25.0,90.0,41.582916,-7.1443253,-2.6371393,70.961494,25.37917,89.09143,0.50570863
3.7875,41.353928,-6.8018513,-2.930426,70.0,25.0,90.0,41.582916,-7.1443253,-2.6371422,70.961494,25.379173,89.09143,0.505707
3.7916666666666665,41.353928,-6.8018513,-2.930426,70.0,25.0,90.0,41.582916,-7.1443253,-2.6371403,70.961494,25.379173,89.09143,0.5057081
3.7958333333333334,41.353928,-6.8018513,-2.930426,70.0,25.0,90.0,41.582916,-7.1443243,-2.6371403,70.961494,25.379173,89.09143,0.50570744
3.8,41.353928,-6.8018513,-2.930426,70.0,25.0,90.0,41.582916,-7.1443243,-2.6371403,70.961494,25.379173,89.09143,0.50570744
3.8041666666666667,41.353928,-6.8018513,-2.930426,70.0,25.0,90.0,41.582916,-7.1443243,-2.6371403,70.961494,25.379173,89.09143,0.50570744
3.808333333333333,41.353928,-6.8018513,-2.930426,70.0,25.0,90.0,41.582916,-7.1443243,-2.6371403,70.961494,25.379173,89.09143,0.50570744
3.8125,41.353928,-6.8018513,-2.930426,70.0,25.0,90.0,41.582916,-7.1443253,-2.6371403,70.961494,25.37917,89.09143,0.5057081
3.816666666666667,41.353928,-6.8018513,-2.930426,70.0,25.0,90.0,41.582916,-7.1443253,-2.6371422,70.961494,25.379173,89.09143,0.505707
3.8208333333333333,41.353928,-6.8018513,-2.930426,70.0,25.0,90.0,41.582916,-7.1443243,-2.6371403,70.961494,25.379173,89.09143,0.50570744
3.825,41.353928,-6.8018513,-2.930426,70.0,25.0,90.0,41.582916,-7.144327,-2.6371403,70.961494,25.379177,89.09143,0.5057094
3.8291666666666666,41.353928,-6.8018513,-2.930426,70.0,25.0,90.0,41.582916,-7.144327,-2.6371393,70.961494,25.379173,89.09142,0.50570995
3.8333333333333335,41.353928,-6.8018513,-2.930426,70.0,25.0,90.0,41.582916,-7.1443253,-2.6371384,70.961494,25.379173,89.09143,0.5057092
3.8375,41.353928,-6.8018513,-2.930426,70.0,25.0,90.0,41.58292,-7.1443243,-2.6371384,70.9615,25.379173,89.09143,0.5057103
3.841666666666667,41.353928,-6.8018513,-2.930426,70.0,25.0,90.0,41.58292,-7.144327,-2.6371403,70.9615,25.379173,89.09142,0.50571114
3.845833333333333,41.353928,-6.8018513,-2.930426,70.0,25.0,90.0,41.582916,-7.144327,-2.6371422,70.9615,25.37917,89.09142,0.5057083
3.85,41.353928,-6.8018513,-2.930426,70.0,25.0,90.0,41.582916,-7.144328,-2.6371384,70.9615,25.37918,89.09142,0.50571114
3.8541666666666665,41.353928,-6.8018513,-2.930426,70.0,25.0,90.0,41.582916,-7.144327,-2.6371393,70.9615,25.379173,89.09142,0.50570995
3.8583333333333334,41.353928,-6.8018513,-2.930426,70.0,25.0,90.0,41.582916,-7.144331,-2.6371374,70.9615,25.379177,89.09142,0.50571364
3.8625,41.353928,-6.8018513,-2.930426,70.0,25.0,90.0,41.582916,-7.14433,-2.6371393,70.9615,25.379177,89.091415,0.5057119
3.8666666666666667,41.353928,-6.8018513,-2.930426,70.0,25.0,90.0,41.582916,-7.144333,-2.6371365,70.9615,25.37918,89.091415,0.5057155
3.870833333333333,41.353928,-6.8018513,-2.930426,70.0,25.0,90.0,41.582916,-7.144327,-2.6371374,70.9615,25.379173,89.091415,0.505711
3.875,41.353928,-6.8018513,-2.930426,70.0,25.0,90.0,41.582916,-7.144328,-2.6371403,70.9615,25.379173,89.091415,0.50571
3.879166666666667,41.353928,-6.8018513,-2.930426,70.0,25.0,90.0,41.582916,-7.14433,-2.6371403,70.9615,25.379173,89.091415,0.5057113
3.8833333333333333,41.353928,-6.8018513,-2.930426,70.0,25.0,90.0,41.582916,-7.14433,-2.6371393,70.9615,25.37917,89.091415,0.5057119
3.8875,41.353928,-6.8018513,-2.930426,70.0,25.0,90.0,41.582916,-7.144335,-2.6371393,70.9615,25.379173,89.09142,0.50571513
3.8916666666666666,41.353928,-6.8018513,-2.930426,70.0,25.0,90.0,41.582916,-7.144333,-2.6371365,70.9615,25.37917,89.09142,0.5057155
3.8958333333333335,41.353928,-6.8018513,-2.930426,70.0,25.0,90.0,41.58292,-7.14433,-2.6371384,70.9615,25.379177,89.09142,0.5057142
3.9,41.353928,-6.8018513,-2.930426,70.0,25.0,90.0,41.582916,-7.144328,-2.6371403,70.9615,25.37917,89.091415,0.50571
3.904166666666667,41.353928,-6.8018513,-2.930426,70.0,25.0,90.0,41.582916,-7.144331,-2.6371403,70.961494,25.37917,89.091415,0.505712
3.908333333333333,41.353928,-6.8018513,-2.930426,70.0,25.0,90.0,41.582916,-7.144333,-2.6371365,70.961494,25.37917,89.09142,0.5057155
3.9125,41.353928,-6.8018513,-2.930426,70.0,25.0,90.0,41.582916,-7.14433,-2.6371374,70.961494,25.379173,89.091415,0.505713
3.9166666666666665,41.353928,-6.8018513,-2.930426,70.0,25.0,90.0,41.582916,-7.14433,-2.6371374,70.961494,25.379173,89.091415,0.505713
3.9208333333333334,41.353928,-6.8018513,-2.930426,70.0,25.0,90.0,41.582916,-7.14433,-2.6371393,70.961494,25.379173,89.091415,0.5057119
3.925,41.353928,-6.8018513,-2.930426,70.0,25.0,90.0,41.582916,-7.14433,-2.6371403,70.961494,25.379173,89.091415,0.5057113
3.9291666666666667,41.353928,-6.8018513,-2.930426,70.0,25.0,90.0,41.582916,-7.14433,-2.6371403,70.961494,25.379173,89.091415,0.5057113
3.933333333333333,41.353928,-6.8018513,-2.930426,70.0,25.0,90.0,41.582916,-7.14433,-2.6371403,70.961494,25.379173,89.091415,0.5057113
3.9375,41.353928,-6.8018513,-2.930426,70.0,25.0,90.0,41.582916,-7.14433,-2.6371403,70.961494,25.379173,89.091415,0.5057113
3.941666666666667,41.353928,-6.8018513,-2.930426,70.0,25.0,90.0,41.582916,-7.14433,-2.6371403,70.961494,25.379173,89.091415,0.5057113
3.9458333333333333,41.353928,-6.8018513,-2.930426,70.0,25.0,90.0,41.582916,-7.14433,-2.6371403,70.961494,25.379173,89.091415,0.5057113
3.95,41.353928,-6.8018513,-2.930426,70.0,25.0,90.0,41.582916,-7.14433,-2.6371403,70.961494,25.379173,89.091415,0.5057113
3.9541666666666666,41.353928,-6.8018513,-2.930426,70.0,25.0,90.0,41.582916,-7.14433,-2.6371403,70.961494,25.379173,89.091415,0.5057113
3.9583333333333335,41.353928,-6.8018513,-2.930426,70.0,25.0,90.0,41.582916,-7.14433,-2.6371403,70.961494,25.379173,89.091415,0.5057113
3.9625,41.353928,-6.8018513,-2.930426,70.0,25.0,90.0,41.582916,-7.14433,-2.6371403,70.961494,25.379173,89.091415,0.5057113
3.966666666666667,41.353928,-6.8018513,-2.930426,70.0,25.0,90.0,41.582916,-7.14433,-2.6371403,70.961494,25.379173,89.091415,0.5057113
3.970833333333333,41.353928,-6.8018513,-2.930426,70.0,25.0,90.0,41.582916,-7.14433,-2.6371403,70.961494,25.379173,89.091415,0.5057113
3.975,41.353928,-6.8018513,-2.930426,70.0,25.0,90.0,41.582916,-7.14433,-2.6371403,70.961494,25.379173,89.091415,0.5057113
3.9791666666666665,41.353928,-6.8018513,-2.930426,70.0,25.0,90.0,41.582916,-7.14433,-2.6371403,70.961494,25.379173,89.091415,0.5057113
3.9833333333333334,41.353928,-6.8018513,-2.930426,70.0,25.0,90.0,41.582916,-7.14433,-2.6371403,70.961494,25.379173,89.091415,0.5057113
3.9875,41.353928,-6.8018513,-2.930426,70.0,25.0,90.0,41.582916,-7.14433,-2.6371403,70.961494,25.379173,89.091415,0.5057113
3.9916666666666667,41.353928,-6.8018513,-2.930426,70.0,25.0,90.0,41.582916,-7.14433,-2.6371403,70.961494,25.379173,89.091415,0.5057113
3.995833333333333,41.353928,-6.8018513,-2.930426,70.0,25.0,90.0,41.582916,-7.14433,-2.6371403,70.961494,25.379173,89.091415,0.5057113
4.0,41.353928,-6.8018513,-2.930426,70.0,25.0,90.0,41.582916,-7.14433,-2.6371403,70.961494,25.379173,89.091415,0.5057113
4.004166666666666,41.353928,-6.8018513,-2.930426,70.0,25.0,90.0,41.582916,-7.14433,-2.6371403,70.961494,25.379173,89.091415,0.5057113
4.008333333333334,41.353928,-6.8018513,-2.930426,70.0,25.0,90.0,41.582916,-7.14433,-2.6371403,70.961494,25.379173,89.091415,0.5057113
4.0125,41.353928,-6.8018513,-2.930426,70.0,25.0,90.0,41.582916,-7.14433,-2.6371403,70.961494,25.379173,89.091415,0.5057113
4.016666666666667,41.353928,-6.8018513,-2.930426,70.0,25.0,90.0,41.582916,-7.14433,-2.6371403,70.961494,25.379173,89.091415,0.5057113
4.020833333333333,41.353928,-6.8018513,-2.930426,70.0,25.0,90.0,41.582916,-7.14433,-2.6371403,70.961494,25.379173,89.091415,0.5057113
4.025,41.353928,-6.8018513,-2.930426,70.0,25.0,90.0,41.582916,-7.14433,-2.6371403,70.961494,25.379173,89.091415,0.5057113
4.029166666666667,41.353928,-6.8018513,-2.930426,70.0,25.0,90.0,41.582916,-7.14433,-2.6371403,70.961494,25.379173,89.091415,0.5057113
4.033333333333333,41.353928,-6.8018513,-2.930426,70.0,25.0,90.0,41.582916,-7.14433,-2.6371403,70.961494,25.379173,89.091415,0.5057113
4.0375,41.353928,-6.8018513,-2.930426,70.0,25.0,90.0,41.582916,-7.14433,-2.6371403,70.961494,25.379173,89.091415,0.5057113
4.041666666666667,41.353928,-6.8018513,-2.930426,70.0,25.0,90.0,41.582916,-7.14433,-2.6371403,70.961494,25.379173,89.091415,0.5057113
4.045833333333333,41.353928,-6.8018513,-2.930426,70.0,25.0,90.0,41.582916,-7.14433,-2.6371403,70.961494,25.379173,89.091415,0.5057113
4.05,41.353928,-6.8018513,-2.930426,70.0,25.0,90.0,41.582916,-7.14433,-2.6371403,70.961494,25.379173,89.091415,0.5057113
4.054166666666666,41.353928,-6.8018513,-2.930426,70.0,25.0,90.0,41.582916,-7.14433,-2.6371403,70.961494,25.379173,89.091415,0.5057113
4.058333333333334,41.353928,-6.8018513,-2.930426,70.0,25.0,90.0,41.582916,-7.14433,-2.6371403,70.961494,25.379173,89.091415,0.5057113
4.0625,41.353928,-6.8018513,-2.930426,70.0,25.0,90.0,41.582916,-7.14433,-2.6371403,70.961494,25.379173,89.091415,0.5057113
4.066666666666666,41.353928,-6.8018513,-2.930426,70.0,25.0,90.0,41.582916,-7.14433,-2.6371403,70.961494,25.379173,89.091415,0.5057113
4.070833333333334,41.353928,-6.8018513,-2.930426,70.0,25.0,90.0,41.582916,-7.14433,-2.6371403,70.961494,25.379173,89.091415,0.5057113
4.075,41.353928,-6.8018513,-2.930426,70.0,25.0,90.0,41.582916,-7.14433,-2.6371403,70.961494,25.379173,89.091415,0.5057113
4.079166666666667,41.353928,-6.8018513,-2.930426,70.0,25.0,90.0,41.582916,-7.14433,-2.6371393,70.961494,25.379173,89.091415,0.5057119
4.083333333333333,41.353928,-6.8018513,-2.930426,70.0,25.0,90.0,41.582916,-7.144328,-2.6371374,70.961494,25.37917,89.091415,0.5057117
4.0875,41.353928,-6.8018513,-2.930426,70.0,25.0,90.0,41.582916,-7.14433,-2.6371393,70.961494,25.37917,89.09142,0.5057119
4.091666666666667,41.353928,-6.8018513,-2.930426,70.0,25.0,90.0,41.582916,-7.144328,-2.6371384,70.961494,25.379173,89.09142,0.50571114
4.095833333333333,41.353928,-6.8018513,-2.930426,70.0,25.0,90.0,41.582916,-7.144327,-2.6371374,70.961494,25.379173,89.09142,0.505711
4.1,41.353928,-6.8018513,-2.930426,70.0,25.0,90.0,41.582916,-7.144328,-2.6371374,70.961494,25.379177,89.09142,0.5057117
4.104166666666667,41.353928,-6.8018513,-2.930426,70.0,25.0,90.0,41.582916,-7.144328,-2.6371422,70.961494,25.379177,89.09142,0.50570893
4.108333333333333,41.353928,-6.8018513,-2.930426,70.0,25.0,90.0,41.582916,-7.1443253,-2.6371384,70.961494,25.379173,89.09142,0.5057092
4.1125,41.353928,-6.8018513,-2.930426,70.0,25.0,90.0,41.582916,-7.1443253,-2.6371403,70.961494,25.379173,89.09142,0.5057081
4.116666666666666,41.353928,-6.8018513,-2.930426,70.0,25.0,90.0,41.582916,-7.1443253,-2.6371393,70.961494,25.379173,89.09142,0.50570863
4.120833333333334,41.353928,-6.8018513,-2.930426,70.0,25.0,90.0,41.582916,-7.1443243,-2.6371393,70.961494,25.379173,89.09143,0.505708
4.125,41.353928,-6.8018513,-2.930426,70.0,25.0,90.0,41.582916,-7.1443253,-2.6371393,70.961494,25.379173,89.09143,0.50570863
4.129166666666666,41.353928,-6.8018513,-2.930426,70.0,25.0,90.0,41.582912,-7.144327,-2.6371374,70.961494,25.379177,89.09143,0.50570935
4.133333333333334,41.353928,-6.8018513,-2.930426,70.0,25.0,90.0,41.582912,-7.1443253,-2.6371403,70.961494,25.379173,89.09143,0.50570637
4.1375,41.353928,-6.8018513,-2.930426,70.0,25.0,90.0,41.582916,-7.1443253,-2.6371336,70.961494,25.379177,89.09143,0.505712
4.141666666666667,41.353928,-6.8018513,-2.930426,70.0,25.0,90.0,41.582916,-7.1443224,-2.6371355,70.961494,25.37917,89.09143,0.50570893
4.145833333333333,41.353928,-6.8018513,-2.930426,70.0,25.0,90.0,41.582916,-7.1443214,-2.6371365,70.961494,25.37917,89.09143,0.50570774
4.15,41.353928,-6.8018513,-2.930426,70.0,25.0,90.0,41.582916,-7.1443224,-2.6371374,70.961494,25.379177,89.09143,0.5057078
4.154166666666667,41.353928,-6.8018513,-2.930426,70.0,25.0,90.0,41.582916,-7.1443224,-2.6371384,70.961494,25.37917,89.09143,0.50570726
4.158333333333333,41.353928,-6.8018513,-2.930426,70.0,25.0,90.0,41.582916,-7.1443243,-2.6371365,70.961494,25.379177,89.09143,0.50570965
4.1625,41.353928,-6.8018513,-2.930426,70.0,25.0,90.0,41.582912,-7.1443253,-2.6371384,70.961494,25.379177,89.09143,0.50570744
4.166666666666667,41.353928,-6.8018513,-2.930426,70.0,25.0,90.0,41.582916,-7.1443253,-2.6371393,70.9615,25.37917,89.09143,0.50570863
4.170833333333333,41.353928,-6.8018513,-2.930426,70.0,25.0,90.0,41.582916,-7.1443253,-2.6371393,70.961494,25.379173,89.09143,0.50570863
4.175,41.353928,-6.8018513,-2.930426,70.0,25.0,90.0,41.582916,-7.144327,-2.6371403,70.961494,25.379173,89.09143,0.5057094
4.179166666666666,41.353928,-6.8018513,-2.930426,70.0,25.0,90.0,41.582916,-7.1443243,-2.6371393,70.961494,25.379177,89.09143,0.505708
4.183333333333334,41.353928,-6.8018513,-2.930426,70.0,25.0,90.0,41.582916,-7.1443243,-2.6371403,70.9615,25.379177,89.09143,0.50570744
4.1875,41.353928,-6.8018513,-2.930426,70.0,25.0,90.0,41.582916,-7.1443243,-2.6371393,70.961494,25.379173,89.09143,0.505708
4.191666666666666,41.353928,-6.8018513,-2.930426,70.0,25.0,90.0,41.582916,-7.1443253,-2.6371384,70.9615,25.37918,89.09143,0.5057092
4.195833333333334,41.353928,-6.8018513,-2.930426,70.0,25.0,90.0,41.582916,-7.1443243,-2.6371374,70.961494,25.379173,89.09143,0.5057091
4.2,41.353928,-6.8018513,-2.930426,70.0,25.0,90.0,41.582912,-7.144327,-2.6371374,70.961494,25.379173,89.09143,0.50570935
4.204166666666667,41.353928,-6.8018513,-2.930426,70.0,25.0,90.0,41.582916,-7.1443243,-2.6371393,70.961494,25.379173,89.09143,0.505708
4.208333333333333,41.353928,-6.8018513,-2.930426,70.0,25.0,90.0,41.582916,-7.144327,-2.6371403,70.961494,25.379177,89.09143,0.5057094
4.2125,41.353928,-6.8018513,-2.930426,70.0,25.0,90.0,41.582916,-7.1443243,-2.6371393,70.9615,25.379177,89.09143,0.505708
4.216666666666667,41.353928,-6.8018513,-2.930426,70.0,25.0,90.0,41.582916,-7.1443253,-2.6371403,70.961494,25.379173,89.09143,0.5057081
4.220833333333333,41.353928,-6.8018513,-2.930426,70.0,25.0,90.0,41.582912,-7.1443253,-2.6371393,70.961494,25.379177,89.09143,0.5057069
4.225,41.353928,-6.8018513,-2.930426,70.0,25.0,90.0,41.582916,-7.1443243,-2.6371403,70.961494,25.379173,89.09143,0.50570744
4.229166666666667,41.353928,-6.8018513,-2.930426,70.0,25.0,90.0,41.582916,-7.1443243,-2.6371384,70.961494,25.37918,89.09143,0.5057085
4.233333333333333,41.353928,-6.8018513,-2.930426,70.0,25.0,90.0,41.582916,-7.144327,-2.6371384,70.961494,25.379177,89.09142,0.5057105
4.2375,41.353928,-6.8018513,-2.930426,70.0,25.0,90.0,41.582916,-7.144328,-2.6371403,70.9615,25.379177,89.09142,0.50571
4.241666666666666,41.353928,-6.8018513,-2.930426,70.0,25.0,90.0,41.582916,-7.144327,-2.6371422,70.9615,25.37918,89.09142,0.5057083
4.245833333333334,41.353928,-6.8018513,-2.930426,70.0,25.0,90.0,41.582916,-7.144328,-2.6371384,70.9615,25.379177,89.09142,0.50571114
4.25,41.353928,-6.8018513,-2.930426,70.0,25.0,90.0,41.582916,-7.144328,-2.6371393,70.9615,25.379177,89.09142,0.5057106
4.254166666666666,41.353928,-6.8018513,-2.930426,70.0,25.0,90.0,41.582916,-7.144331,-2.6371384,70.9615,25.379173,89.091415,0.50571305
4.258333333333334,41.353928,-6.8018513,-2.930426,70.0,25.0,90.0,41.582916,-7.144328,-2.6371422,70.9615,25.37918,89.091415,0.50570893
4.2625,41.353928,-6.8018513,-2.930426,70.0,25.0,90.0,41.582916,-7.144335,-2.6371374,70.9615,25.379173,89.091415,0.5057162
4.266666666666667,41.353928,-6.8018513,-2.930426,70.0,25.0,90.0,41.582916,-7.144327,-2.6371374,70.9615,25.379177,89.091415,0.505711
4.270833333333333,41.353928,-6.8018513,-2.930426,70.0,25.0,90.0,41.582916,-7.144327,-2.6371403,70.9615,25.379177,89.091415,0.5057094
4.275,41.353928,-6.8018513,-2.930426,70.0,25.0,90.0,41.582916,-7.14433,-2.6371384,70.9615,25.379173,89.091415,0.50571245
4.279166666666667,41.353928,-6.8018513,-2.930426,70.0,25.0,90.0,41.58292,-7.14433,-2.6371393,70.9615,25.379173,89.091415,0.5057136
4.283333333333333,41.353928,-6.8018513,-2.930426,70.0,25.0,90.0,41.582916,-7.144331,-2.6371403,70.9615,25.379173,89.091415,0.505712
4.2875,41.353928,-6.8018513,-2.930426,70.0,25.0,90.0,41.582916,-7.14433,-2.6371403,70.9615,25.379177,89.09142,0.5057113
4.291666666666667,41.353928,-6.8018513,-2.930426,70.0,25.0,90.0,41.58292,-7.144331,-2.6371422,70.961494,25.37917,89.09142,0.50571257
4.295833333333333,41.353928,-6.8018513,-2.930426,70.0,25.0,90.0,41.58292,-7.144327,-2.6371422,70.961494,25.379177,89.091415,0.50571
4.3,41.353928,-6.8018513,-2.930426,70.0,25.0,90.0,41.58292,-7.1443253,-2.6371384,70.961494,25.379173,89.091415,0.50571096
4.304166666666666,41.353928,-6.8018513,-2.930426,70.0,25.0,90.0,41.58292,-7.1443253,-2.6371403,70.961494,25.379173,89.09142,0.5057098
4.308333333333334,41.353928,-6.8018513,-2.930426,70.0,25.0,90.0,41.58292,-7.1443253,-2.6371403,70.961494,25.379177,89.091415,0.5057098
4.3125,41.353928,-6.8018513,-2.930426,70.0,25.0,90.0,41.58292,-7.144327,-2.6371403,70.961494,25.379177,89.091415,0.50571114
4.316666666666666,41.353928,-6.8018513,-2.930426,70.0,25.0,90.0,41.582924,-7.144327,-2.6371393,70.961494,25.379177,89.09142,0.5057134
4.320833333333334,41.353928,-6.8018513,-2.930426,70.0,25.0,90.0,41.582924,-7.1443253,-2.6371393,70.961494,25.379173,89.09142,0.5057121
4.325,41.353928,-6.8018513,-2.930426,70.0,25.0,90.0,41.582924,-7.1443253,-2.6371393,70.961494,25.379173,89.09142,0.5057121
4.329166666666667,41.353928,-6.8018513,-2.930426,70.0,25.0,90.0,41.582924,-7.1443253,-2.6371393,70.961494,25.379173,89.09142,0.5057121
4.333333333333333,41.353928,-6.8018513,-2.930426,70.0,25.0,90.0,41.582924,-7.1443253,-2.6371393,70.961494,25.379173,89.09142,0.5057121
4.3375,41.353928,-6.8018513,-2.930426,70.0,25.0,90.0,41.582924,-7.1443253,-2.6371393,70.961494,25.379173,89.09142,0.5057121
4.341666666666667,41.353928,-6.8018513,-2.930426,70.0,25.0,90.0,41.582924,-7.1443253,-2.6371393,70.961494,25.379173,89.09142,0.5057121
4.345833333333333,41.353928,-6.8018513,-2.930426,70.0,25.0,90.0,41.582924,-7.1443253,-2.6371393,70.961494,25.379173,89.09142,0.5057121
4.35,41.353928,-6.8018513,-2.930426,70.0,25.0,90.0,41.582924,-7.1443253,-2.6371393,70.961494,25.379173,89.09142,0.5057121
4.354166666666667,41.353928,-6.8018513,-2.930426,70.0,25.0,90.0,41.582924,-7.1443253,-2.6371393,70.961494,25.379173,89.09142,0.5057121
4.358333333333333,41.353928,-6.8018513,-2.930426,70.0,25.0,90.0,41.582924,-7.1443253,-2.6371393,70.961494,25.379173,89.09142,0.5057121
4.3625,41.353928,-6.8018513,-2.930426,70.0,25.0,90.0,41.582924,-7.1443253,-2.6371393,70.961494,25.379173,89.09142,0.5057121
4.366666666666666,41.353928,-6.8018513,-2.930426,70.0,25.0,90.0,41.582924,-7.1443253,-2.6371393,70.961494,25.379173,89.09142,0.5057121
4.370833333333334,41.353928,-6.8018513,-2.930426,70.0,25.0,90.0,41.582924,-7.1443253,-2.6371393,70.961494,25.379173,89.09142,0.5057121
4.375,41.353928,-6.8018513,-2.930426,70.0,25.0,90.0,41.582924,-7.1443253,-2.6371393,70.961494,25.379173,89.09142,0.5057121
4.379166666666666,41.353928,-6.8018513,-2.930426,70.0,25.0,90.0,41.582924,-7.1443253,-2.6371393,70.961494,25.379173,89.09142,0.5057121
4.383333333333334,41.353928,-6.8018513,-2.930426,70.0,25.0,90.0,41.582924,-7.1443253,-2.6371393,70.961494,25.379173,89.09142,0.5057121
4.3875,41.353928,-6.8018513,-2.930426,70.0,25.0,90.0,41.582924,-7.1443253,-2.6371393,70.961494,25.379173,89.09142,0.5057121
4.391666666666667,41.353928,-6.8018513,-2.930426,70.0,25.0,90.0,41.582924,-7.1443253,-2.6371393,70.961494,25.379173,89.09142,0.5057121
4.395833333333333,41.353928,-6.8018513,-2.930426,70.0,25.0,90.0,41.582924,-7.1443253,-2.6371393,70.961494,25.379173,89.09142,0.5057121
4.4,41.353928,-6.8018513,-2.930426,70.0,25.0,90.0,41.582924,-7.1443253,-2.6371393,70.961494,25.379173,89.09142,0.5057121
4.404166666666667,41.353928,-6.8018513,-2.930426,70.0,25.0,90.0,41.582924,-7.1443253,-2.6371393,70.961494,25.379173,89.09142,0.5057121
4.408333333333333,41.353928,-6.8018513,-2.930426,70.0,25.0,90.0,41.582924,-7.1443253,-2.6371393,70.961494,25.379173,89.09142,0.5057121
4.4125,41.353928,-6.8018513,-2.930426,70.0,25.0,90.0,41.582924,-7.1443253,-2.6371393,70.961494,25.379173,89.09142,0.5057121
4.416666666666667,41.353928,-6.8018513,-2.930426,70.0,25.0,90.0,41.582924,-7.1443253,-2.6371393,70.961494,25.379173,89.09142,0.5057121
4.420833333333333,41.353928,-6.8018513,-2.930426,70.0,25.0,90.0,41.582924,-7.1443253,-2.6371393,70.961494,25.379173,89.09142,0.5057121
4.425,41.353928,-6.8018513,-2.930426,70.0,25.0,90.0,41.582924,-7.1443253,-2.6371393,70.961494,25.379173,89.09142,0.5057121
4.429166666666666,41.353928,-6.8018513,-2.930426,70.0,25.0,90.0,41.582924,-7.1443253,-2.6371393,70.961494,25.379173,89.09142,0.5057121
4.433333333333334,41.353928,-6.8018513,-2.930426,70.0,25.0,90.0,41.582924,-7.1443253,-2.6371393,70.961494,25.379173,89.09142,0.5057121
4.4375,41.353928,-6.8018513,-2.930426,70.0,25.0,90.0,41.582924,-7.1443253,-2.6371393,70.961494,25.379173,89.09142,0.5057121
4.441666666666666,41.353928,-6.8018513,-2.930426,70.0,25.0,90.0,41.582924,-7.1443253,-2.6371393,70.961494,25.379173,89.09142,0.5057121
4.445833333333334,41.353928,-6.8018513,-2.930426,70.0,25.0,90.0,41.582924,-7.1443253,-2.6371393,70.961494,25.379173,89.09142,0.5057121
4.45,41.353928,-6.8018513,-2.930426,70.0,25.0,90.0,41.582924,-7.1443253,-2.6371393,70.961494,25.379173,89.09142,0.5057121
4.454166666666667,41.353928,-6.8018513,-2.930426,70.0,25.0,90.0,41.582924,-7.1443253,-2.6371393,70.961494,25.379173,89.09142,0.5057121
4.458333333333333,41.353928,-6.8018513,-2.930426,70.0,25.0,90.0,41.582924,-7.1443253,-2.6371393,70.961494,25.379173,89.09142,0.5057121
4.4625,41.353928,-6.8018513,-2.930426,70.0,25.0,90.0,41.582924,-7.1443253,-2.6371393,70.961494,25.379173,89.09142,0.5057121
4.466666666666667,41.353928,-6.8018513,-2.930426,70.0,25.0,90.0,41.582924,-7.1443253,-2.6371393,70.961494,25.379173,89.09142,0.5057121
4.470833333333333,41.353928,-6.8018513,-2.930426,70.0,25.0,90.0,41.582924,-7.1443253,-2.6371393,70.961494,25.379173,89.09142,0.5057121
4.475,41.353928,-6.8018513,-2.930426,70.0,25.0,90.0,41.58292,-7.144327,-2.6371403,70.9615,25.379173,89.09142,0.50571114
4.479166666666667,41.353928,-6.8018513,-2.930426,70.0,25.0,90.0,41.582924,-7.144328,-2.6371393,70.961494,25.379177,89.09142,0.50571406
4.483333333333333,41.353928,-6.8018513,-2.930426,70.0,25.0,90.0,41.58292,-7.144328,-2.6371393,70.961494,25.379177,89.09142,0.50571233
4.4875,41.353928,-6.8018513,-2.930426,70.0,25.0,90.0,41.582916,-7.144328,-2.6371403,70.961494,25.379177,89.09142,0.50571
4.491666666666666,41.353928,-6.8018513,-2.930426,70.0,25.0,90.0,41.582916,-7.14433,-2.6371374,70.961494,25.37918,89.09142,0.505713
4.495833333333334,41.353928,-6.8018513,-2.930426,70.0,25.0,90.0,41.582916,-7.144328,-2.6371393,70.961494,25.37918,89.091415,0.5057106
4.5,41.353928,-6.8018513,-2.930426,70.0,25.0,90.0,41.582916,-7.144328,-2.6371422,70.961494,25.37918,89.09142,0.50570893
4.504166666666666,41.353928,-6.8018513,-2.930426,70.0,25.0,90.0,41.582916,-7.1443253,-2.6371393,70.9615,25.379173,89.09142,0.50570863
4.508333333333334,41.353928,-6.8018513,-2.930426,70.0,25.0,90.0,41.582916,-7.1443224,-2.6371403,70.961494,25.379173,89.09142,0.5057062
4.5125,41.353928,-6.8018513,-2.930426,70.0,25.0,90.0,41.582916,-7.1443253,-2.6371384,70.961494,25.379177,89.09142,0.5057092
4.516666666666667,41.353928,-6.8018513,-2.930426,70.0,25.0,90.0,41.582916,-7.1443243,-2.6371384,70.961494,25.379177,89.09143,0.5057085
4.520833333333333,41.353928,-6.8018513,-2.930426,70.0,25.0,90.0,41.582916,-7.1443253,-2.6371384,70.961494,25.379177,89.09143,0.5057092
4.525,41.353928,-6.8018513,-2.930426,70.0,25.0,90.0,41.582916,-7.1443243,-2.6371384,70.9615,25.379173,89.09143,0.5057085
4.529166666666667,41.353928,-6.8018513,-2.930426,70.0,25.0,90.0,41.582916,-7.1443224,-2.637144,70.961494,25.379177,89.09143,0.5057039
4.533333333333333,41.353928,-6.8018513,-2.930426,70.0,25.0,90.0,41.582912,-7.1443253,-2.6371384,70.961494,25.37918,89.09143,0.50570744
4.5375,41.353928,-6.8018513,-2.930426,70.0,25.0,90.0,41.582916,-7.1443214,-2.6371336,70.961494,25.37917,89.09143,0.5057094
4.541666666666667,41.353928,-6.8018513,-2.930426,70.0,25.0,90.0,41.582916,-7.1443214,-2.6371355,70.961494,25.379173,89.09143,0.5057083
4.545833333333333,41.353928,-6.8018513,-2.930426,70.0,25.0,90.0,41.582916,-7.1443224,-2.6371384,70.9615,25.37918,89.09143,0.50570726
4.55,41.353928,-6.8018513,-2.930426,70.0,25.0,90.0,41.582916,-7.1443243,-2.6371384,70.961494,25.379177,89.09143,0.5057085
4.554166666666666,41.353928,-6.8018513,-2.930426,70.0,25.0,90.0,41.582916,-7.1443243,-2.6371365,70.961494,25.379177,89.09143,0.50570965
4.558333333333334,41.353928,-6.8018513,-2.930426,70.0,25.0,90.0,41.582912,-7.1443253,-2.6371384,70.961494,25.37918,89.09143,0.50570744
4.5625,41.353928,-6.8018513,-2.930426,70.0,25.0,90.0,41.582916,-7.1443243,-2.6371374,70.9615,25.379177,89.09143,0.5057091
4.566666666666666,41.353928,-6.8018513,-2.930426,70.0,25.0,90.0,41.582916,-7.1443224,-2.6371374,70.961494,25.379177,89.09143,0.5057078
4.570833333333334,41.353928,-6.8018513,-2.930426,70.0,25.0,90.0,41.582916,-7.1443243,-2.6371384,70.9615,25.379173,89.09143,0.5057085
4.575,41.353928,-6.8018513,-2.930426,70.0,25.0,90.0,41.582916,-7.1443224,-2.6371384,70.961494,25.379177,89.09143,0.50570726
4.579166666666667,41.353928,-6.8018513,-2.930426,70.0,25.0,90.0,41.582916,-7.1443224,-2.6371384,70.961494,25.379173,89.09143,0.50570726
4.583333333333333,41.353928,-6.8018513,-2.930426,70.0,25.0,90.0,41.582916,-7.1443243,-2.6371374,70.961494,25.379177,89.09143,0.5057091
4.5875,41.353928,-6.8018513,-2.930426,70.0,25.0,90.0,41.582916,-7.1443253,-2.6371393,70.961494,25.37917,89.09143,0.50570863
4.591666666666667,41.353928,-6.8018513,-2.930426,70.0,25.0,90.0,41.582916,-7.1443224,-2.6371393,70.9615,25.379177,89.09143,0.5057067
4.595833333333333,41.353928,-6.8018513,-2.930426,70.0,25.0,90.0,41.582916,-7.1443224,-2.6371393,70.961494,25.379177,89.09143,0.5057067
4.6,41.353928,-6.8018513,-2.930426,70.0,25.0,90.0,41.582916,-7.1443243,-2.6371384,70.961494,25.379177,89.09143,0.5057085
4.604166666666667,41.353928,-6.8018513,-2.930426,70.0,25.0,90.0,41.582916,-7.1443253,-2.6371393,70.9615,25.379173,89.09143,0.50570863
4.608333333333333,41.353928,-6.8018513,-2.930426,70.0,25.0,90.0,41.582916,-7.144327,-2.6371384,70.9615,25.379177,89.09143,0.5057105
4.6125,41.353928,-6.8018513,-2.930426,70.0,25.0,90.0,41.58291,-7.1443224,-2.6371393,70.9615,25.37918,89.09143,0.5057033
4.616666666666666,41.353928,-6.8018513,-2.930426,70.0,25.0,90.0,41.582912,-7.144327,-2.6371384,70.961494,25.379177,89.09143,0.50570875
4.620833333333334,41.353928,-6.8018513,-2.930426,70.0,25.0,90.0,41.582916,-7.1443243,-2.6371393,70.961494,25.379177,89.09143,0.505708
4.625,41.353928,-6.8018513,-2.930426,70.0,25.0,90.0,41.582916,-7.1443224,-2.6371365,70.9615,25.379177,89.09143,0.5057084
4.629166666666666,41.353928,-6.8018513,-2.930426,70.0,25.0,90.0,41.582916,-7.144327,-2.6371384,70.9615,25.379173,89.09143,0.5057105
4.633333333333334,41.353928,-6.8018513,-2.930426,70.0,25.0,90.0,41.582916,-7.1443253,-2.6371403,70.9615,25.37918,89.09143,0.5057081
4.6375,41.353928,-6.8018513,-2.930426,70.0,25.0,90.0,41.582916,-7.144327,-2.6371403,70.9615,25.379177,89.09142,0.5057094
4.641666666666667,41.353928,-6.8018513,-2.930426,70.0,25.0,90.0,41.582916,-7.144327,-2.6371384,70.9615,25.37918,89.09142,0.5057105
4.645833333333333,41.353928,-6.8018513,-2.930426,70.0,25.0,90.0,41.582916,-7.144328,-2.6371384,70.9615,25.379173,89.09142,0.50571114
4.65,41.353928,-6.8018513,-2.930426,70.0,25.0,90.0,41.582916,-7.14433,-2.6371365,70.9615,25.37918,89.09142,0.5057135
4.654166666666667,41.353928,-6.8018513,-2.930426,70.0,25.0,90.0,41.582916,-7.144328,-2.6371384,70.9615,25.37918,89.09142,0.50571114
4.658333333333333,41.353928,-6.8018513,-2.930426,70.0,25.0,90.0,41.582916,-7.144333,-2.6371355,70.9615,25.37918,89.091415,0.505716
4.6625,41.353928,-6.8018513,-2.930426,70.0,25.0,90.0,41.582916,-7.144331,-2.6371374,70.9615,25.379173,89.091415,0.50571364
4.666666666666667,41.353928,-6.8018513,-2.930426,70.0,25.0,90.0,41.582916,-7.144328,-2.6371346,70.9615,25.379173,89.091415,0.50571334
4.670833333333333,41.353928,-6.8018513,-2.930426,70.0,25.0,90.0,41.58292,-7.14433,-2.6371393,70.9615,25.379173,89.091415,0.5057136
4.675,41.353928,-6.8018513,-2.930426,70.0,25.0,90.0,41.582916,-7.144328,-2.6371393,70.9615,25.37917,89.091415,0.5057106
4.679166666666666,41.353928,-6.8018513,-2.930426,70.0,25.0,90.0,41.582916,-7.144331,-2.6371393,70.9615,25.379177,89.091415,0.50571257
4.683333333333334,41.353928,-6.8018513,-2.930426,70.0,25.0,90.0,41.582916,-7.144331,-2.6371393,70.9615,25.379177,89.09142,0.50571257
4.6875,41.353928,-6.8018513,-2.930426,70.0,25.0,90.0,41.58292,-7.144331,-2.6371384,70.9615,25.379173,89.09142,0.50571483
4.691666666666666,41.353928,-6.8018513,-2.930426,70.0,25.0,90.0,41.582916,-7.144328,-2.6371403,70.961494,25.37917,89.09142,0.50571
4.695833333333334,41.353928,-6.8018513,-2.930426,70.0,25.0,90.0,41.582916,-7.14433,-2.6371393,70.961494,25.37917,89.09142,0.5057119
4.7,41.353928,-6.8018513,-2.930426,70.0,25.0,90.0,41.582916,-7.14433,-2.6371393,70.961494,25.379173,89.09142,0.5057119
4.704166666666667,41.353928,-6.8018513,-2.930426,70.0,25.0,90.0,41.582916,-7.144333,-2.6371422,70.961494,25.379173,89.09142,0.50571215
4.708333333333333,41.353928,-6.8018513,-2.930426,70.0,25.0,90.0,41.582916,-7.144331,-2.6371431,70.961494,25.379177,89.09142,0.5057103
4.7125,41.353928,-6.8018513,-2.930426,70.0,25.0,90.0,41.58292,-7.144331,-2.6371422,70.961494,25.379177,89.091415,0.50571257
4.716666666666667,41.353928,-6.8018513,-2.930426,70.0,25.0,90.0,41.58292,-7.144331,-2.6371431,70.961494,25.379173,89.091415,0.50571203
4.720833333333333,41.353928,-6.8018513,-2.930426,70.0,25.0,90.0,41.58292,-7.144331,-2.6371431,70.961494,25.379173,89.091415,0.50571203
4.725,41.353928,-6.8018513,-2.930426,70.0,25.0,90.0,41.58292,-7.144331,-2.6371431,70.961494,25.379173,89.091415,0.50571203
4.729166666666667,41.353928,-6.8018513,-2.930426,70.0,25.0,90.0,41.58292,-7.144331,-2.6371431,70.961494,25.379173,89.091415,0.50571203
4.733333333333333,41.353928,-6.8018513,-2.930426,70.0,25.0,90.0,41.58292,-7.144331,-2.6371431,70.961494,25.379173,89.091415,0.50571203
4.7375,41.353928,-6.8018513,-2.930426,70.0,25.0,90.0,41.58292,-7.144331,-2.6371431,70.961494,25.379173,89.091415,0.50571203
4.741666666666666,41.353928,-6.8018513,-2.930426,70.0,25.0,90.0,41.58292,-7.144331,-2.6371431,70.961494,25.379173,89.091415,0.50571203
4.745833333333334,41.353928,-6.8018513,-2.930426,70.0,25.0,90.0,41.58292,-7.144331,-2.6371431,70.961494,25.379173,89.091415,0.50571203
4.75,41.353928,-6.8018513,-2.930426,70.0,25.0,90.0,41.582516,-7.1356287,-2.6442404,70.95781,25.399422,89.08941,0.49554214
4.754166666666666,41.353928,-6.8018513,-2.930426,70.0,25.0,90.0,41.56953,-7.14083,-2.6825151,70.88403,25.396294,89.10093,0.4720709
4.758333333333334,41.353928,-6.8018513,-2.930426,70.0,25.0,90.0,41.532776,-7.1599627,-2.7425156,70.71076,25.30767,89.17002,0.4421999
4.7625,41.353928,-6.8018513,-2.930426,70.0,25.0,90.0,41.462112,-7.3027096,-2.7929049,70.42513,25.075325,89.26233,0.53054225
4.766666666666667,41.353928,-6.8018513,-2.930426,70.0,25.0,90.0,41.35065,-7.3317413,-2.6047611,70.448685,24.765377,89.49624,0.62197405
4.770833333333333,41.353928,-6.8018513,-2.930426,70.0,25.0,90.0,41.26231,-7.4250298,-2.579895,70.41106,24.690136,89.36112,0.7208447
4.775,41.353928,-6.8018513,-2.930426,70.0,25.0,90.0,41.033283,-6.8784094,-2.086689,70.4606,25.224281,89.71032,0.90585095
4.779166666666667,41.353928,-6.8018513,-2.930426,70.0,25.0,90.0,40.26735,-6.6499834,-2.0251436,70.43914,24.420898,90.67963,1.4224108
4.783333333333333,41.353928,-6.8018513,-2.930426,70.0,25.0,90.0,39.881577,-6.532708,-2.1010466,70.49369,24.383602,91.28321,1.7111766
4.7875,41.353928,-6.8018513,-2.930426,70.0,25.0,90.0,40.01747,-5.5000486,-0.47201157,72.44563,29.16005,91.275246,3.0861962
4.791666666666667,41.353928,-6.8018513,-2.930426,70.0,25.0,90.0,39.752144,-6.350623,-1.2482119,72.40628,28.39993,91.02468,2.3662548
4.795833333333333,41.353928,-6.8018513,-2.930426,70.0,25.0,90.0,40.34037,-6.7743073,-2.8458147,71.45058,25.321156,91.72559,1.0174558
