time_s,true_wrist_X_cm,true_wrist_Y_cm,true_wrist_Z_cm,true_shoulder_elv_deg,true_shoulder_rot_deg,true_elbow_flexion_deg,pred_wrist_X_cm,pred_wrist_Y_cm,pred_wrist_Z_cm,pred_shoulder_elv_deg,pred_shoulder_rot_deg,pred_elbow_flexion_deg,l2_distance_cm
0.0,41.353928,-6.8018513,-2.930426,70.0,25.0,90.0,41.178894,-7.862056,-0.61142635,71.07297,24.050472,91.5174,2.5558617
0.004166666666666667,41.353928,-6.8018513,-2.930426,70.0,25.0,90.0,41.51544,-8.226562,-1.167098,70.487114,23.887901,91.23068,2.2727103
0.008333333333333333,41.353928,-6.8018513,-2.930426,70.0,25.0,90.0,41.761375,-8.212572,-1.9327011,69.63223,24.072113,91.204094,1.7752751
0.0125,41.353928,-6.8018513,-2.930426,70.0,25.0,90.0,41.333515,-7.4738617,-2.5651484,71.11709,25.549126,90.14714,0.7651421
0.016666666666666666,41.353928,-6.8018513,-2.930426,70.0,25.0,90.0,41.163544,-6.717928,-2.1972132,72.18843,27.131424,88.9432,0.76216143
0.020833333333333332,41.353928,-6.8018513,-2.930426,70.0,25.0,90.0,40.707348,-7.2275963,-3.4144564,70.19998,26.697037,88.7073,0.9130223
0.025,41.353928,-6.8018513,-2.930426,70.0,25.0,90.0,41.27057,-7.934659,-3.0466232,70.03525,24.794697,89.04816,1.1417985
0.029166666666666667,41.353928,-6.8018513,-2.930426,70.0,25.0,90.0,41.369705,-7.613907,-2.8339367,70.49305,25.185009,89.09566,0.81792015
0.03333333333333333,41.353928,-6.8018513,-2.930426,70.0,25.0,90.0,41.477524,-7.393717,-2.7219105,70.7082,25.383484,89.06022,0.63957757
0.0375,41.353928,-6.8018513,-2.930426,70.0,25.0,90.0,41.530777,-7.297144,-2.6457787,70.88681,25.36193,89.02613,0.5980089
0.041666666666666664,41.353928,-6.8018513,-2.930426,70.0,25.0,90.0,41.57391,-7.2101097,-2.6329174,70.94029,25.396282,89.05284,0.5509795
0.04583333333333333,41.353928,-6.8018513,-2.930426,70.0,25.0,90.0,41.590435,-7.156786,-2.647622,70.92261,25.377686,89.068726,0.5117542
0.05,41.353928,-6.8018513,-2.930426,70.0,25.0,90.0,41.582943,-7.14435,-2.637166,70.96148,25.37915,89.09135,0.50572205
0.05416666666666667,41.353928,-6.8018513,-2.930426,70.0,25.0,90.0,41.582943,-7.14435,-2.637166,70.96148,25.37915,89.09135,0.50572205
0.058333333333333334,41.353928,-6.8018513,-2.930426,70.0,25.0,90.0,41.582943,-7.14435,-2.637166,70.96148,25.37915,89.09135,0.50572205
0.0625,41.353928,-6.8018513,-2.930426,70.0,25.0,90.0,41.582943,-7.14435,-2.637166,70.96148,25.37915,89.09135,0.50572205
0.06666666666666667,41.353928,-6.8018513,-2.930426,70.0,25.0,90.0,41.582943,-7.14435,-2.637166,70.96148,25.37915,89.09135,0.50572205
0.07083333333333333,41.353928,-6.8018513,-2.930426,70.0,25.0,90.0,41.582943,-7.14435,-2.637166,70.96148,25.37915,89.09135,0.50572205
0.075,41.353928,-6.8018513,-2.930426,70.0,25.0,90.0,41.582943,-7.14435,-2.637166,70.96148,25.37915,89.09135,0.50572205
0.07916666666666666,41.353928,-6.8018513,-2.930426,70.0,25.0,90.0,41.582943,-7.14435,-2.637166,70.96148,25.37915,89.09135,0.50572205
0.08333333333333333,41.353928,-6.8018513,-2.930426,70.0,25.0,90.0,41.582943,-7.14435,-2.637166,70.96148,25.37915,89.09135,0.50572205
0.0875,41.353928,-6.8018513,-2.930426,70.0,25.0,90.0,41.582943,-7.14435,-2.637166,70.96148,25.37915,89.09135,0.50572205
0.09166666666666666,41.353928,-6.8018513,-2.930426,70.0,25.0,90.0,41.582943,-7.14435,-2.637166,70.96148,25.37915,89.09135,0.50572205
0.09583333333333334,41.353928,-6.8018513,-2.930426,70.0,25.0,90.0,41.582943,-7.14435,-2.637166,70.96148,25.37915,89.09135,0.50572205
0.1,41.353928,-6.8018513,-2.930426,70.0,25.0,90.0,41.582943,-7.14435,-2.637166,70.96148,25.37915,89.09135,0.50572205
0.10416666666666667,41.353928,-6.8018513,-2.930426,70.0,25.0,90.0,41.582943,-7.14435,-2.637166,70.96148,25.37915,89.09135,0.50572205
0.10833333333333334,41.353928,-6.8018513,-2.930426,70.0,25.0,90.0,41.582943,-7.14435,-2.637166,70.96148,25.37915,89.09135,0.50572205
0.1125,41.353928,-6.8018513,-2.930426,70.0,25.0,90.0,41.582943,-7.14435,-2.637166,70.96148,25.37915,89.09135,0.50572205
0.11666666666666667,41.353928,-6.8018513,-2.930426,70.0,25.0,90.0,41.582943,-7.14435,-2.637166,70.96148,25.37915,89.09135,0.50572205
0.12083333333333333,41.353928,-6.8018513,-2.930426,70.0,25.0,90.0,41.582943,-7.14435,-2.637166,70.96148,25.37915,89.09135,0.50572205
0.125,41.353928,-6.8018513,-2.930426,70.0,25.0,90.0,41.582943,-7.14435,-2.637166,70.96148,25.37915,89.09135,0.50572205
0.12916666666666668,41.353928,-6.8018513,-2.930426,70.0,25.0,90.0,41.582943,-7.14435,-2.637166,70.96148,25.37915,89.09135,0.50572205
0.13333333333333333,41.353928,-6.8018513,-2.930426,70.0,25.0,90.0,41.582943,-7.14435,-2.637166,70.96148,25.37915,89.09135,0.50572205
0.1375,41.353928,-6.8018513,-2.930426,70.0,25.0,90.0,41.582943,-7.14435,-2.637166,70.96148,25.37915,89.09135,0.50572205
0.14166666666666666,41.353928,-6.8018513,-2.930426,70.0,25.0,90.0,41.582943,-7.14435,-2.637166,70.96148,25.37915,89.09135,0.50572205
0.14583333333333334,41.353928,-6.8018513,-2.930426,70.0,25.0,90.0,41.582943,-7.14435,-2.637166,70.96148,25.37915,89.09135,0.50572205
0.15,41.353928,-6.8018513,-2.930426,70.0,25.0,90.0,41.582943,-7.14435,-2.637166,70.96148,25.37915,89.09135,0.50572205
0.15416666666666667,41.353928,-6.8018513,-2.930426,70.0,25.0,90.0,41.582943,-7.14435,-2.637166,70.96148,25.37915,89.09135,0.50572205
0.15833333333333333,41.353928,-6.8018513,-2.930426,70.0,25.0,90.0,41.582943,-7.14435,-2.637166,70.96148,25.37915,89.09135,0.50572205
0.1625,41.353928,-6.8018513,-2.930426,70.0,25.0,90.0,41.582943,-7.14435,-2.637166,70.96148,25.37915,89.09135,0.50572205
0.16666666666666666,41.353928,-6.8018513,-2.930426,70.0,25.0,90.0,41.582943,-7.14435,-2.637166,70.96148,25.37915,89.09135,0.50572205
0.17083333333333334,41.353928,-6.8018513,-2.930426,70.0,25.0,90.0,41.582943,-7.14435,-2.637166,70.96148,25.37915,89.09135,0.50572205
0.175,41.353928,-6.8018513,-2.930426,70.0,25.0,90.0,41.582943,-7.14435,-2.637166,70.96148,25.37915,89.09135,0.50572205
0.17916666666666667,41.353928,-6.8018513,-2.930426,70.0,25.0,90.0,41.582943,-7.14435,-2.637166,70.96148,25.37915,89.09135,0.50572205
0.18333333333333332,41.353928,-6.8018513,-2.930426,70.0,25.0,90.0,41.582943,-7.14435,-2.637166,70.96148,25.37915,89.09135,0.50572205
0.1875,41.353928,-6.8018513,-2.930426,70.0,25.0,90.0,41.582943,-7.14435,-2.637166,70.96148,25.37915,89.09135,0.50572205
0.19166666666666668,41.353928,-6.8018513,-2.930426,70.0,25.0,90.0,41.582943,-7.14435,-2.637166,70.96148,25.37915,89.09135,0.50572205
0.19583333333333333,41.353928,-6.8018513,-2.930426,70.0,25.0,90.0,41.582943,-7.14435,-2.637166,70.96148,25.37915,89.09135,0.50572205
0.2,41.353928,-6.8018513,-2.930426,70.0,25.0,90.0,41.582943,-7.14435,-2.637166,70.96148,25.37915,89.09135,0.50572205
0.20416666666666666,41.353928,-6.8018513,-2.930426,70.0,25.0,90.0,41.582943,-7.14435,-2.637166,70.96148,25.37915,89.09135,0.50572205
0.20833333333333334,41.353928,-6.8018513,-2.930426,70.0,25.0,90.0,41.582943,-7.14435,-2.6371698,70.96148,25.37915,89.09135,0.50571984
0.2125,41.353928,-6.8018513,-2.930426,70.0,25.0,90.0,41.582947,-7.14435,-2.637169,70.96148,25.379154,89.09135,0.5057221
0.21666666666666667,41.353928,-6.8018513,-2.930426,70.0,25.0,90.0,41.582947,-7.14435,-2.637169,70.96148,25.379154,89.09135,0.5057221
0.22083333333333333,41.353928,-6.8018513,-2.930426,70.0,25.0,90.0,41.582943,-7.144349,-2.637169,70.96148,25.379147,89.09135,0.5057197
0.225,41.353928,-6.8018513,-2.930426,70.0,25.0,90.0,41.582943,-7.144347,-2.637169,70.96148,25.37915,89.09135,0.5057184
0.22916666666666666,41.353928,-6.8018513,-2.930426,70.0,25.0,90.0,41.582947,-7.144349,-2.637167,70.96148,25.37915,89.09134,0.5057226
0.23333333333333334,41.353928,-6.8018513,-2.930426,70.0,25.0,90.0,41.582943,-7.144347,-2.637169,70.96148,25.379154,89.09135,0.5057184
0.2375,41.353928,-6.8018513,-2.930426,70.0,25.0,90.0,41.582947,-7.14435,-2.637167,70.96147,25.379154,89.09135,0.5057232
0.24166666666666667,41.353928,-6.8018513,-2.930426,70.0,25.0,90.0,41.582947,-7.144347,-2.637169,70.96148,25.379147,89.09135,0.5057202
0.24583333333333332,41.353928,-6.8018513,-2.930426,70.0,25.0,90.0,41.582947,-7.144347,-2.637166,70.96147,25.37915,89.091354,0.5057218
0.25,41.353928,-6.8018513,-2.930426,70.0,25.0,90.0,41.582947,-7.144346,-2.6371698,70.96147,25.379147,89.091354,0.50571895
0.25416666666666665,41.353928,-6.8018513,-2.930426,70.0,25.0,90.0,41.582947,-7.144349,-2.6371708,70.96148,25.379147,89.091354,0.5057204
0.25833333333333336,41.353928,-6.8018513,-2.930426,70.0,25.0,90.0,41.582943,-7.14435,-2.637167,70.96147,25.379147,89.091354,0.5057215
0.2625,41.353928,-6.8018513,-2.930426,70.0,25.0,90.0,41.582943,-7.144347,-2.6371708,70.96148,25.379147,89.091354,0.50571734
0.26666666666666666,41.353928,-6.8018513,-2.930426,70.0,25.0,90.0,41.582947,-7.144349,-2.637167,70.96149,25.379147,89.091354,0.5057226
0.2708333333333333,41.353928,-6.8018513,-2.930426,70.0,25.0,90.0,41.582947,-7.14435,-2.637166,70.96148,25.379147,89.091354,0.5057238
0.275,41.353928,-6.8018513,-2.930426,70.0,25.0,90.0,41.582947,-7.144349,-2.6371698,70.96149,25.379147,89.091354,0.5057209
0.2791666666666667,41.353928,-6.8018513,-2.930426,70.0,25.0,90.0,41.582943,-7.14435,-2.637169,70.96149,25.37915,89.091354,0.5057204
0.2833333333333333,41.353928,-6.8018513,-2.930426,70.0,25.0,90.0,41.582943,-7.144349,-2.637167,70.96149,25.37915,89.091354,0.50572085
0.2875,41.353928,-6.8018513,-2.930426,70.0,25.0,90.0,41.582943,-7.144347,-2.637169,70.96148,25.379154,89.091354,0.5057184
0.2916666666666667,41.353928,-6.8018513,-2.930426,70.0,25.0,90.0,41.582943,-7.144349,-2.637167,70.96148,25.379154,89.091354,0.50572085
0.29583333333333334,41.353928,-6.8018513,-2.930426,70.0,25.0,90.0,41.582947,-7.14435,-2.637166,70.96148,25.379158,89.091354,0.5057238
0.3,41.353928,-6.8018513,-2.930426,70.0,25.0,90.0,41.582947,-7.144349,-2.6371698,70.96148,25.379154,89.091354,0.5057209
0.30416666666666664,41.353928,-6.8018513,-2.930426,70.0,25.0,90.0,41.582943,-7.14435,-2.6371698,70.96148,25.379147,89.09135,0.50571984
0.30833333333333335,41.353928,-6.8018513,-2.930426,70.0,25.0,90.0,41.582947,-7.14435,-2.637164,70.96148,25.37915,89.09135,0.5057249
0.3125,41.353928,-6.8018513,-2.930426,70.0,25.0,90.0,41.582947,-7.14435,-2.637166,70.96148,25.37915,89.09135,0.5057238
0.31666666666666665,41.353928,-6.8018513,-2.930426,70.0,25.0,90.0,41.582947,-7.14435,-2.637167,70.96148,25.37915,89.09135,0.5057232
0.32083333333333336,41.353928,-6.8018513,-2.930426,70.0,25.0,90.0,41.582947,-7.144352,-2.637165,70.96149,25.37915,89.091354,0.5057256
0.325,41.353928,-6.8018513,-2.930426,70.0,25.0,90.0,41.582947,-7.14435,-2.637167,70.96148,25.379154,89.09135,0.5057232
0.32916666666666666,41.353928,-6.8018513,-2.930426,70.0,25.0,90.0,41.582947,-7.144352,-2.637166,70.96148,25.379147,89.09135,0.5057251
0.3333333333333333,41.353928,-6.8018513,-2.930426,70.0,25.0,90.0,41.582947,-7.144352,-2.637165,70.96148,25.37915,89.091354,0.5057256
0.3375,41.353928,-6.8018513,-2.930426,70.0,25.0,90.0,41.582943,-7.14435,-2.637169,70.96148,25.379147,89.091354,0.5057204
0.3416666666666667,41.353928,-6.8018513,-2.930426,70.0,25.0,90.0,41.582947,-7.14435,-2.637165,70.96148,25.37915,89.091354,0.5057243
0.3458333333333333,41.353928,-6.8018513,-2.930426,70.0,25.0,90.0,41.582943,-7.14435,-2.637164,70.96148,25.379147,89.09135,0.5057231
0.35,41.353928,-6.8018513,-2.930426,70.0,25.0,90.0,41.582947,-7.14435,-2.6371632,70.96148,25.37915,89.09135,0.50572544
0.3541666666666667,41.353928,-6.8018513,-2.930426,70.0,25.0,90.0,41.582943,-7.14435,-2.637166,70.96148,25.37915,89.09135,0.50572205
0.35833333333333334,41.353928,-6.8018513,-2.930426,70.0,25.0,90.0,41.582943,-7.144349,-2.637166,70.96148,25.379147,89.091354,0.5057214
0.3625,41.353928,-6.8018513,-2.930426,70.0,25.0,90.0,41.582947,-7.144353,-2.637166,70.96148,25.37915,89.09135,0.5057257
0.36666666666666664,41.353928,-6.8018513,-2.930426,70.0,25.0,90.0,41.582947,-7.144349,-2.637166,70.96148,25.379154,89.09135,0.5057231
0.37083333333333335,41.353928,-6.8018513,-2.930426,70.0,25.0,90.0,41.582943,-7.144349,-2.637165,70.96148,25.379154,89.09135,0.505722
0.375,41.353928,-6.8018513,-2.930426,70.0,25.0,90.0,41.582943,-7.14435,-2.637167,70.96149,25.379154,89.09135,0.5057215
0.37916666666666665,41.353928,-6.8018513,-2.930426,70.0,25.0,90.0,41.582947,-7.144349,-2.637169,70.96148,25.379158,89.09135,0.50572145
0.38333333333333336,41.353928,-6.8018513,-2.930426,70.0,25.0,90.0,41.582943,-7.144349,-2.6371698,70.96148,25.379154,89.09135,0.5057192
0.3875,41.353928,-6.8018513,-2.930426,70.0,25.0,90.0,41.582943,-7.144347,-2.637165,70.96148,25.379154,89.09134,0.5057207
0.39166666666666666,41.353928,-6.8018513,-2.930426,70.0,25.0,90.0,41.582943,-7.14435,-2.637167,70.96149,25.379154,89.09134,0.5057215
0.3958333333333333,41.353928,-6.8018513,-2.930426,70.0,25.0,90.0,41.582947,-7.1443453,-2.6371698,70.96149,25.37915,89.09134,0.50571835
0.4,41.353928,-6.8018513,-2.930426,70.0,25.0,90.0,41.582943,-7.144349,-2.637166,70.96149,25.37915,89.09134,0.5057214
0.4041666666666667,41.353928,-6.8018513,-2.930426,70.0,25.0,90.0,41.58294,-7.144346,-2.6371698,70.96149,25.379158,89.09134,0.5057155
0.4083333333333333,41.353928,-6.8018513,-2.930426,70.0,25.0,90.0,41.582947,-7.144347,-2.637167,70.96149,25.37915,89.09134,0.5057213
0.4125,41.353928,-6.8018513,-2.930426,70.0,25.0,90.0,41.582947,-7.144349,-2.637167,70.96148,25.37915,89.09134,0.5057226
0.4166666666666667,41.353928,-6.8018513,-2.930426,70.0,25.0,90.0,41.582947,-7.144348,-2.6371708,70.96148,25.379147,89.09134,0.5057197
0.42083333333333334,41.353928,-6.8018513,-2.930426,70.0,25.0,90.0,41.582947,-7.144348,-2.6371708,70.96148,25.379147,89.09134,0.5057197
0.425,41.353928,-6.8018513,-2.930426,70.0,25.0,90.0,41.582947,-7.14435,-2.637169,70.96149,25.379147,89.09135,0.5057221
0.42916666666666664,41.353928,-6.8018513,-2.930426,70.0,25.0,90.0,41.582947,-7.144349,-2.637169,70.96148,25.37915,89.09135,0.50572145
0.43333333333333335,41.353928,-6.8018513,-2.930426,70.0,25.0,90.0,41.582947,-7.144349,-2.637169,70.96148,25.379147,89.09134,0.50572145
0.4375,41.353928,-6.8018513,-2.930426,70.0,25.0,90.0,41.582947,-7.144349,-2.637169,70.96148,25.379147,89.09134,0.50572145
0.44166666666666665,41.353928,-6.8018513,-2.930426,70.0,25.0,90.0,41.582947,-7.144348,-2.6371698,70.96148,25.379147,89.09134,0.50572026
0.44583333333333336,41.353928,-6.8018513,-2.930426,70.0,25.0,90.0,41.582947,-7.144349,-2.6371708,70.96148,25.37915,89.09134,0.5057204
0.45,41.353928,-6.8018513,-2.930426,70.0,25.0,90.0,41.582947,-7.144349,-2.6371708,70.96148,25.379154,89.09134,0.5057204
0.45416666666666666,41.353928,-6.8018513,-2.930426,70.0,25.0,90.0,41.582947,-7.144349,-2.6371708,70.96148,25.379154,89.09134,0.5057204
0.4583333333333333,41.353928,-6.8018513,-2.930426,70.0,25.0,90.0,41.582947,-7.144349,-2.6371708,70.96148,25.379154,89.09134,0.5057204
0.4625,41.353928,-6.8018513,-2.930426,70.0,25.0,90.0,41.582947,-7.144349,-2.6371708,70.96148,25.379154,89.09134,0.5057204
0.4666666666666667,41.353928,-6.8018513,-2.930426,70.0,25.0,90.0,41.582947,-7.144349,-2.6371708,70.96148,25.379154,89.09134,0.5057204
0.4708333333333333,41.353928,-6.8018513,-2.930426,70.0,25.0,90.0,41.582947,-7.144349,-2.6371708,70.96148,25.379154,89.09134,0.5057204
0.475,41.353928,-6.8018513,-2.930426,70.0,25.0,90.0,41.582947,-7.144349,-2.6371708,70.96148,25.379154,89.09134,0.5057204
0.4791666666666667,41.353928,-6.8018513,-2.930426,70.0,25.0,90.0,41.582947,-7.144349,-2.6371708,70.96148,25.379154,89.09134,0.5057204
0.48333333333333334,41.353928,-6.8018513,-2.930426,70.0,25.0,90.0,41.582947,-7.144349,-2.6371708,70.96148,25.379154,89.09134,0.5057204
0.4875,41.353928,-6.8018513,-2.930426,70.0,25.0,90.0,41.582947,-7.144349,-2.6371708,70.96148,25.379154,89.09134,0.5057204
0.49166666666666664,41.353928,-6.8018513,-2.930426,70.0,25.0,90.0,41.582947,-7.144349,-2.6371708,70.96148,25.379154,89.09134,0.5057204
0.49583333333333335,41.353928,-6.8018513,-2.930426,70.0,25.0,90.0,41.582947,-7.144349,-2.6371708,70.96148,25.379154,89.09134,0.5057204
0.5,41.353928,-6.8018513,-2.930426,70.0,25.0,90.0,41.582947,-7.144349,-2.6371708,70.96148,25.379154,89.09134,0.5057204
0.5041666666666667,41.353928,-6.8018513,-2.930426,70.0,25.0,90.0,41.582947,-7.144349,-2.6371708,70.96148,25.379154,89.09134,0.5057204
0.5083333333333333,41.353928,-6.8018513,-2.930426,70.0,25.0,90.0,41.582947,-7.144349,-2.6371708,70.96148,25.379154,89.09134,0.5057204
0.5125,41.353928,-6.8018513,-2.930426,70.0,25.0,90.0,41.582947,-7.144349,-2.6371708,70.96148,25.379154,89.09134,0.5057204
0.5166666666666667,41.353928,-6.8018513,-2.930426,70.0,25.0,90.0,41.582947,-7.144349,-2.6371708,70.96148,25.379154,89.09134,0.5057204
0.5208333333333334,41.353928,-6.8018513,-2.930426,70.0,25.0,90.0,41.582947,-7.144349,-2.6371708,70.96148,25.379154,89.09134,0.5057204
0.525,41.353928,-6.8018513,-2.930426,70.0,25.0,90.0,41.582947,-7.144349,-2.6371708,70.96148,25.379154,89.09134,0.5057204
0.5291666666666667,41.353928,-6.8018513,-2.930426,70.0,25.0,90.0,41.582947,-7.144349,-2.6371708,70.96148,25.379154,89.09134,0.5057204
0.5333333333333333,41.353928,-6.8018513,-2.930426,70.0,25.0,90.0,41.582947,-7.144349,-2.6371708,70.96148,25.379154,89.09134,0.5057204
0.5375,41.353928,-6.8018513,-2.930426,70.0,25.0,90.0,41.582947,-7.144349,-2.6371708,70.96148,25.379154,89.09134,0.5057204
0.5416666666666666,41.353928,-6.8018513,-2.930426,70.0,25.0,90.0,41.582947,-7.144349,-2.6371708,70.96148,25.379154,89.09134,0.5057204
0.5458333333333333,41.353928,-6.8018513,-2.930426,70.0,25.0,90.0,41.582947,-7.144349,-2.6371708,70.96148,25.379154,89.09134,0.5057204
0.55,41.353928,-6.8018513,-2.930426,70.0,25.0,90.0,41.582947,-7.144349,-2.6371708,70.96148,25.379154,89.09134,0.5057204
0.5541666666666667,41.353928,-6.8018513,-2.930426,70.0,25.0,90.0,41.582947,-7.144349,-2.6371708,70.96148,25.379154,89.09134,0.5057204
0.5583333333333333,41.353928,-6.8018513,-2.930426,70.0,25.0,90.0,41.582947,-7.144349,-2.6371708,70.96148,25.379154,89.09134,0.5057204
0.5625,41.353928,-6.8018513,-2.930426,70.0,25.0,90.0,41.582947,-7.144349,-2.6371708,70.96148,25.379154,89.09134,0.5057204
0.5666666666666667,41.353928,-6.8018513,-2.930426,70.0,25.0,90.0,41.582947,-7.144349,-2.6371708,70.96148,25.379154,89.09134,0.5057204
0.5708333333333333,41.353928,-6.8018513,-2.930426,70.0,25.0,90.0,41.582947,-7.144349,-2.6371708,70.96148,25.379154,89.09134,0.5057204
0.575,41.353928,-6.8018513,-2.930426,70.0,25.0,90.0,41.582947,-7.144349,-2.6371708,70.96148,25.379154,89.09134,0.5057204
0.5791666666666667,41.353928,-6.8018513,-2.930426,70.0,25.0,90.0,41.582947,-7.144349,-2.6371708,70.96148,25.379154,89.09134,0.5057204
0.5833333333333334,41.353928,-6.8018513,-2.930426,70.0,25.0,90.0,41.582947,-7.144349,-2.6371708,70.96148,25.379154,89.09134,0.5057204
0.5875,41.353928,-6.8018513,-2.930426,70.0,25.0,90.0,41.582947,-7.144349,-2.6371708,70.96148,25.379154,89.09134,0.5057204
0.5916666666666667,41.353928,-6.8018513,-2.930426,70.0,25.0,90.0,41.582947,-7.144349,-2.6371708,70.96148,25.379154,89.09134,0.5057204
0.5958333333333333,41.353928,-6.8018513,-2.930426,70.0,25.0,90.0,41.582947,-7.144349,-2.6371708,70.96148,25.379154,89.09134,0.5057204
0.6,41.353928,-6.8018513,-2.930426,70.0,25.0,90.0,41.582947,-7.144349,-2.6371708,70.96148,25.379154,89.09134,0.5057204
0.6041666666666666,41.353928,-6.8018513,-2.930426,70.0,25.0,90.0,41.582947,-7.144349,-2.6371708,70.96148,25.379147,89.09135,0.5057204
0.6083333333333333,41.353928,-6.8018513,-2.930426,70.0,25.0,90.0,41.582947,-7.144349,-2.6371708,70.96148,25.37915,89.09134,0.5057204
0.6125,41.353928,-6.8018513,-2.930426,70.0,25.0,90.0,41.582947,-7.144349,-2.637169,70.96148,25.379147,89.09135,0.50572145
0.6166666666666667,41.353928,-6.8018513,-2.930426,70.0,25.0,90.0,41.582947,-7.144347,-2.6371727,70.96148,25.37915,89.09135,0.50571793
0.6208333333333333,41.353928,-6.8018513,-2.930426,70.0,25.0,90.0,41.582947,-7.144347,-2.6371727,70.96148,25.379147,89.09135,0.50571793
0.625,41.353928,-6.8018513,-2.930426,70.0,25.0,90.0,41.58295,-7.144347,-2.6371698,70.96148,25.37915,89.09135,0.50572133
0.6291666666666667,41.353928,-6.8018513,-2.930426,70.0,25.0,90.0,41.58295,-7.1443443,-2.637166,70.96148,25.379147,89.09135,0.5057216
0.6333333333333333,41.353928,-6.8018513,-2.930426,70.0,25.0,90.0,41.582947,-7.14435,-2.637167,70.96148,25.379154,89.09135,0.5057232
0.6375,41.353928,-6.8018513,-2.930426,70.0,25.0,90.0,41.582947,-7.144349,-2.637166,70.96148,25.379147,89.09135,0.5057231
0.6416666666666667,41.353928,-6.8018513,-2.930426,70.0,25.0,90.0,41.582947,-7.14435,-2.6371717,70.96147,25.379154,89.09135,0.50572044
0.6458333333333334,41.353928,-6.8018513,-2.930426,70.0,25.0,90.0,41.582947,-7.144347,-2.637166,70.96147,25.37915,89.09135,0.5057218
0.65,41.353928,-6.8018513,-2.930426,70.0,25.0,90.0,41.582947,-7.144349,-2.637167,70.96148,25.379147,89.091354,0.5057226
0.6541666666666667,41.353928,-6.8018513,-2.930426,70.0,25.0,90.0,41.582943,-7.14435,-2.6371708,70.96148,25.37915,89.091354,0.5057193
0.6583333333333333,41.353928,-6.8018513,-2.930426,70.0,25.0,90.0,41.582943,-7.14435,-2.6371698,70.96148,25.37915,89.091354,0.50571984
0.6625,41.353928,-6.8018513,-2.930426,70.0,25.0,90.0,41.582943,-7.144349,-2.637165,70.96149,25.379147,89.091354,0.505722
0.6666666666666666,41.353928,-6.8018513,-2.930426,70.0,25.0,90.0,41.582947,-7.144353,-2.637165,70.96148,25.379147,89.091354,0.5057263
0.6708333333333333,41.353928,-6.8018513,-2.930426,70.0,25.0,90.0,41.582943,-7.144353,-2.637166,70.96149,25.379147,89.091354,0.50572395
0.675,41.353928,-6.8018513,-2.930426,70.0,25.0,90.0,41.582943,-7.14435,-2.637165,70.96149,25.37915,89.091354,0.50572264
0.6791666666666667,41.353928,-6.8018513,-2.930426,70.0,25.0,90.0,41.58294,-7.144349,-2.6371698,70.96148,25.37915,89.091354,0.50571746
0.6833333333333333,41.353928,-6.8018513,-2.930426,70.0,25.0,90.0,41.582947,-7.144346,-2.637164,70.96149,25.37915,89.091354,0.5057223
0.6875,41.353928,-6.8018513,-2.930426,70.0,25.0,90.0,41.582943,-7.144347,-2.637166,70.96148,25.379154,89.091354,0.50572014
0.6916666666666667,41.353928,-6.8018513,-2.930426,70.0,25.0,90.0,41.582943,-7.144347,-2.637165,70.96148,25.37915,89.091354,0.5057207
0.6958333333333333,41.353928,-6.8018513,-2.930426,70.0,25.0,90.0,41.582947,-7.14435,-2.637169,70.96148,25.37915,89.091354,0.5057221
0.7,41.353928,-6.8018513,-2.930426,70.0,25.0,90.0,41.582947,-7.144347,-2.637166,70.96148,25.379154,89.091354,0.5057218
0.7041666666666667,41.353928,-6.8018513,-2.930426,70.0,25.0,90.0,41.582943,-7.14435,-2.637166,70.96148,25.37915,89.091354,0.50572205
0.7083333333333334,41.353928,-6.8018513,-2.930426,70.0,25.0,90.0,41.582947,-7.144349,-2.637164,70.96148,25.379158,89.091354,0.50572425
0.7125,41.353928,-6.8018513,-2.930426,70.0,25.0,90.0,41.582947,-7.144352,-2.637165,70.96148,25.379154,89.091354,0.5057256
0.7166666666666667,41.353928,-6.8018513,-2.930426,70.0,25.0,90.0,41.582947,-7.144352,-2.637169,70.96148,25.379158,89.091354,0.5057234
0.7208333333333333,41.353928,-6.8018513,-2.930426,70.0,25.0,90.0,41.582947,-7.14435,-2.637167,70.96148,25.37915,89.091354,0.5057232
0.725,41.353928,-6.8018513,-2.930426,70.0,25.0,90.0,41.582947,-7.14435,-2.637167,70.96148,25.379154,89.091354,0.5057232
0.7291666666666666,41.353928,-6.8018513,-2.930426,70.0,25.0,90.0,41.582947,-7.14435,-2.637166,70.96148,25.379154,89.091354,0.5057238
0.7333333333333333,41.353928,-6.8018513,-2.930426,70.0,25.0,90.0,41.582943,-7.144349,-2.637166,70.96148,25.379154,89.091354,0.5057214
0.7375,41.353928,-6.8018513,-2.930426,70.0,25.0,90.0,41.582947,-7.144352,-2.637167,70.96148,25.37915,89.091354,0.5057245
0.7416666666666667,41.353928,-6.8018513,-2.930426,70.0,25.0,90.0,41.582947,-7.144352,-2.637169,70.96148,25.379158,89.091354,0.5057234
0.7458333333333333,41.353928,-6.8018513,-2.930426,70.0,25.0,90.0,41.582947,-7.14435,-2.637166,70.96148,25.379158,89.091354,0.5057238
0.75,41.353928,-6.8018513,-2.930426,70.0,25.0,90.0,41.582947,-7.14435,-2.637169,70.96148,25.37915,89.091354,0.5057221
0.7541666666666667,41.353928,-6.8018513,-2.930426,70.0,25.0,90.0,41.582943,-7.14435,-2.637164,70.96149,25.379158,89.091354,0.5057231
0.7583333333333333,41.353928,-6.8018513,-2.930426,70.0,25.0,90.0,41.582947,-7.14435,-2.637164,70.96148,25.379154,89.09135,0.5057249
0.7625,41.353928,-6.8018513,-2.930426,70.0,25.0,90.0,41.582947,-7.144349,-2.637164,70.96149,25.37915,89.09135,0.50572425
0.7666666666666667,41.353928,-6.8018513,-2.930426,70.0,25.0,90.0,41.582943,-7.144349,-2.637165,70.96149,25.379158,89.09135,0.505722
0.7708333333333334,41.353928,-6.8018513,-2.930426,70.0,25.0,90.0,41.582943,-7.14435,-2.637167,70.96149,25.379154,89.09135,0.5057215
0.775,41.353928,-6.8018513,-2.930426,70.0,25.0,90.0,41.582943,-7.144349,-2.637167,70.96148,25.379154,89.09135,0.50572085
0.7791666666666667,41.353928,-6.8018513,-2.930426,70.0,25.0,90.0,41.582947,-7.14435,-2.6371717,70.96149,25.37915,89.09135,0.50572044
0.7833333333333333,41.353928,-6.8018513,-2.930426,70.0,25.0,90.0,41.582943,-7.144349,-2.637166,70.96148,25.379158,89.09134,0.5057214
0.7875,41.353928,-6.8018513,-2.930426,70.0,25.0,90.0,41.582947,-7.14435,-2.637167,70.96149,25.379162,89.09134,0.5057232
0.7916666666666666,41.353928,-6.8018513,-2.930426,70.0,25.0,90.0,41.582947,-7.144347,-2.6371708,70.96149,25.379154,89.09134,0.50571907
0.7958333333333333,41.353928,-6.8018513,-2.930426,70.0,25.0,90.0,41.582943,-7.144348,-2.637169,70.96148,25.379158,89.09134,0.50571907
0.8,41.353928,-6.8018513,-2.930426,70.0,25.0,90.0,41.582943,-7.144347,-2.637166,70.96149,25.379158,89.09134,0.50572014
0.8041666666666667,41.353928,-6.8018513,-2.930426,70.0,25.0,90.0,41.582943,-7.144349,-2.637165,70.96148,25.379154,89.09135,0.505722
0.8083333333333333,41.353928,-6.8018513,-2.930426,70.0,25.0,90.0,41.582947,-7.144347,-2.637167,70.96148,25.37915,89.09134,0.5057213
0.8125,41.353928,-6.8018513,-2.930426,70.0,25.0,90.0,41.582943,-7.144346,-2.6371698,70.96149,25.37915,89.09135,0.5057173
0.8166666666666667,41.353928,-6.8018513,-2.930426,70.0,25.0,90.0,41.582947,-7.144351,-2.637169,70.96149,25.37915,89.09134,0.50572276
0.8208333333333333,41.353928,-6.8018513,-2.930426,70.0,25.0,90.0,41.582947,-7.144349,-2.637166,70.96149,25.379154,89.09135,0.5057231
0.825,41.353928,-6.8018513,-2.930426,70.0,25.0,90.0,41.582947,-7.14435,-2.637165,70.96148,25.379154,89.09135,0.5057243
0.8291666666666667,41.353928,-6.8018513,-2.930426,70.0,25.0,90.0,41.582947,-7.144351,-2.637166,70.96148,25.379147,89.09135,0.50572443
0.8333333333333334,41.353928,-6.8018513,-2.930426,70.0,25.0,90.0,41.582947,-7.144349,-2.6371698,70.96149,25.37915,89.09135,0.5057209
0.8375,41.353928,-6.8018513,-2.930426,70.0,25.0,90.0,41.582947,-7.14435,-2.6371698,70.96148,25.379154,89.09135,0.50572157
0.8416666666666667,41.353928,-6.8018513,-2.930426,70.0,25.0,90.0,41.582947,-7.144349,-2.637169,70.96148,25.37915,89.09135,0.50572145
0.8458333333333333,41.353928,-6.8018513,-2.930426,70.0,25.0,90.0,41.582947,-7.144351,-2.637169,70.96148,25.37915,89.09135,0.50572276
0.85,41.353928,-6.8018513,-2.930426,70.0,25.0,90.0,41.582947,-7.144351,-2.637169,70.96148,25.37915,89.09135,0.50572276
0.8541666666666666,41.353928,-6.8018513,-2.930426,70.0,25.0,90.0,41.582947,-7.144351,-2.637169,70.96148,25.37915,89.09135,0.50572276
0.8583333333333333,41.353928,-6.8018513,-2.930426,70.0,25.0,90.0,41.582947,-7.144351,-2.637169,70.96148,25.37915,89.09135,0.50572276
0.8625,41.353928,-6.8018513,-2.930426,70.0,25.0,90.0,41.582947,-7.144351,-2.637169,70.96148,25.37915,89.09135,0.50572276
0.8666666666666667,41.353928,-6.8018513,-2.930426,70.0,25.0,90.0,41.582947,-7.144351,-2.637169,70.96148,25.37915,89.09135,0.50572276
0.8708333333333333,41.353928,-6.8018513,-2.930426,70.0,25.0,90.0,41.582947,-7.144351,-2.637169,70.96148,25.37915,89.09135,0.50572276
0.875,41.353928,-6.8018513,-2.930426,70.0,25.0,90.0,41.582947,-7.144351,-2.637169,70.96148,25.37915,89.09135,0.50572276
0.8791666666666667,41.353928,-6.8018513,-2.930426,70.0,25.0,90.0,41.582947,-7.144351,-2.637169,70.96148,25.37915,89.09135,0.50572276
0.8833333333333333,41.353928,-6.8018513,-2.930426,70.0,25.0,90.0,41.582947,-7.144351,-2.637169,70.96148,25.37915,89.09135,0.50572276
0.8875,41.353928,-6.8018513,-2.930426,70.0,25.0,90.0,41.582947,-7.144351,-2.637169,70.96148,25.37915,89.09135,0.50572276
0.8916666666666667,41.353928,-6.8018513,-2.930426,70.0,25.0,90.0,41.582947,-7.144351,-2.637169,70.96148,25.37915,89.09135,0.50572276
0.8958333333333334,41.353928,-6.8018513,-2.930426,70.0,25.0,90.0,41.582947,-7.144351,-2.637169,70.96148,25.37915,89.09135,0.50572276
0.9,41.353928,-6.8018513,-2.930426,70.0,25.0,90.0,41.582947,-7.144351,-2.637169,70.96148,25.37915,89.09135,0.50572276
0.9041666666666667,41.353928,-6.8018513,-2.930426,70.0,25.0,90.0,41.582947,-7.144351,-2.637169,70.96148,25.37915,89.09135,0.50572276
0.9083333333333333,41.353928,-6.8018513,-2.930426,70.0,25.0,90.0,41.582947,-7.144351,-2.637169,70.96148,25.37915,89.09135,0.50572276
0.9125,41.353928,-6.8018513,-2.930426,70.0,25.0,90.0,41.582947,-7.144351,-2.637169,70.96148,25.37915,89.09135,0.50572276
0.9166666666666666,41.353928,-6.8018513,-2.930426,70.0,25.0,90.0,41.582947,-7.144351,-2.637169,70.96148,25.37915,89.09135,0.50572276
0.9208333333333333,41.353928,-6.8018513,-2.930426,70.0,25.0,90.0,41.582947,-7.144351,-2.637169,70.96148,25.37915,89.09135,0.50572276
0.925,41.353928,-6.8018513,-2.930426,70.0,25.0,90.0,41.582947,-7.144351,-2.637169,70.96148,25.37915,89.09135,0.50572276
0.9291666666666667,41.353928,-6.8018513,-2.930426,70.0,25.0,90.0,41.582947,-7.144351,-2.637169,70.96148,25.37915,89.09135,0.50572276
0.9333333333333333,41.353928,-6.8018513,-2.930426,70.0,25.0,90.0,41.582947,-7.144351,-2.637169,70.96148,25.37915,89.09135,0.50572276
0.9375,41.353928,-6.8018513,-2.930426,70.0,25.0,90.0,41.582947,-7.144351,-2.637169,70.96148,25.37915,89.09135,0.50572276
0.9416666666666667,41.353928,-6.8018513,-2.930426,70.0,25.0,90.0,41.582947,-7.144351,-2.637169,70.96148,25.37915,89.09135,0.50572276
0.9458333333333333,41.353928,-6.8018513,-2.930426,70.0,25.0,90.0,41.582947,-7.144351,-2.637169,70.96148,25.37915,89.09135,0.50572276
0.95,41.353928,-6.8018513,-2.930426,70.0,25.0,90.0,41.582947,-7.144351,-2.637169,70.96148,25.37915,89.09135,0.50572276
0.9541666666666667,41.353928,-6.8018513,-2.930426,70.0,25.0,90.0,41.582947,-7.144351,-2.637169,70.96148,25.37915,89.09135,0.50572276
0.9583333333333334,41.353928,-6.8018513,-2.930426,70.0,25.0,90.0,41.582947,-7.144351,-2.637169,70.96148,25.37915,89.09135,0.50572276
0.9625,41.353928,-6.8018513,-2.930426,70.0,25.0,90.0,41.582947,-7.144351,-2.637169,70.96148,25.37915,89.09135,0.50572276
0.9666666666666667,41.353928,-6.8018513,-2.930426,70.0,25.0,90.0,41.582947,-7.144351,-2.637169,70.96148,25.37915,89.09135,0.50572276
0.9708333333333333,41.353928,-6.8018513,-2.930426,70.0,25.0,90.0,41.582947,-7.144351,-2.637169,70.96148,25.37915,89.09135,0.50572276
0.975,41.353928,-6.8018513,-2.930426,70.0,25.0,90.0,41.582947,-7.144351,-2.637169,70.96148,25.37915,89.09135,0.50572276
0.9791666666666666,41.353928,-6.8018513,-2.930426,70.0,25.0,90.0,41.582947,-7.144351,-2.637169,70.96148,25.37915,89.09135,0.50572276
0.9833333333333333,41.353928,-6.8018513,-2.930426,70.0,25.0,90.0,41.582947,-7.144351,-2.637169,70.96148,25.37915,89.09135,0.50572276
0.9875,41.353928,-6.8018513,-2.930426,70.0,25.0,90.0,41.582947,-7.144351,-2.637169,70.96148,25.37915,89.09135,0.50572276
0.9916666666666667,41.353928,-6.8018513,-2.930426,70.0,25.0,90.0,41.582947,-7.144351,-2.637169,70.96148,25.37915,89.09135,0.50572276
0.9958333333333333,41.353928,-6.8018513,-2.930426,70.0,25.0,90.0,41.582947,-7.144351,-2.637169,70.96148,25.37915,89.09135,0.50572276
1.0,41.353928,-6.8018513,-2.930426,70.0,25.0,90.0,41.582947,-7.144349,-2.637169,70.96148,25.37915,89.09135,0.50572145
1.0041666666666667,41.353928,-6.8018513,-2.930426,70.0,25.0,90.0,41.582947,-7.144352,-2.637169,70.96148,25.37915,89.09135,0.5057234
1.0083333333333333,41.353928,-6.8018513,-2.930426,70.0,25.0,90.0,41.582947,-7.144349,-2.637169,70.96148,25.379154,89.09135,0.50572145
1.0125,41.353928,-6.8018513,-2.930426,70.0,25.0,90.0,41.582947,-7.14435,-2.637167,70.96148,25.37915,89.09135,0.5057232
1.0166666666666666,41.353928,-6.8018513,-2.930426,70.0,25.0,90.0,41.582947,-7.144349,-2.6371698,70.96148,25.37915,89.09135,0.5057209
1.0208333333333333,41.353928,-6.8018513,-2.930426,70.0,25.0,90.0,41.582947,-7.144347,-2.637169,70.96148,25.379154,89.09135,0.5057202
1.025,41.353928,-6.8018513,-2.930426,70.0,25.0,90.0,41.582947,-7.14435,-2.637169,70.96148,25.379154,89.09135,0.5057221
1.0291666666666666,41.353928,-6.8018513,-2.930426,70.0,25.0,90.0,41.582947,-7.144352,-2.6371698,70.96148,25.379158,89.09135,0.5057229
1.0333333333333334,41.353928,-6.8018513,-2.930426,70.0,25.0,90.0,41.582943,-7.144346,-2.6371698,70.96148,25.379154,89.091354,0.5057173
1.0375,41.353928,-6.8018513,-2.930426,70.0,25.0,90.0,41.582947,-7.144349,-2.6371698,70.96147,25.37915,89.091354,0.5057209
1.0416666666666667,41.353928,-6.8018513,-2.930426,70.0,25.0,90.0,41.582947,-7.14435,-2.6371698,70.96148,25.37915,89.091354,0.50572157
1.0458333333333334,41.353928,-6.8018513,-2.930426,70.0,25.0,90.0,41.582943,-7.144349,-2.637169,70.96148,25.37915,89.091354,0.5057197
1.05,41.353928,-6.8018513,-2.930426,70.0,25.0,90.0,41.582943,-7.14435,-2.637169,70.96148,25.37915,89.091354,0.5057204
1.0541666666666667,41.353928,-6.8018513,-2.930426,70.0,25.0,90.0,41.582943,-7.14435,-2.637166,70.96148,25.379147,89.091354,0.50572205
1.0583333333333333,41.353928,-6.8018513,-2.930426,70.0,25.0,90.0,41.582947,-7.14435,-2.637166,70.96149,25.37915,89.091354,0.5057238
1.0625,41.353928,-6.8018513,-2.930426,70.0,25.0,90.0,41.582947,-7.144349,-2.637164,70.96149,25.379147,89.091354,0.50572425
1.0666666666666667,41.353928,-6.8018513,-2.930426,70.0,25.0,90.0,41.582947,-7.144352,-2.637166,70.96149,25.379147,89.091354,0.5057251
1.0708333333333333,41.353928,-6.8018513,-2.930426,70.0,25.0,90.0,41.582943,-7.14435,-2.6371698,70.96149,25.37915,89.091354,0.50571984
1.075,41.353928,-6.8018513,-2.930426,70.0,25.0,90.0,41.58294,-7.14435,-2.637169,70.96149,25.37915,89.091354,0.50571865
1.0791666666666666,41.353928,-6.8018513,-2.930426,70.0,25.0,90.0,41.582943,-7.144346,-2.637166,70.96148,25.379158,89.091354,0.5057195
1.0833333333333333,41.353928,-6.8018513,-2.930426,70.0,25.0,90.0,41.582947,-7.144347,-2.637166,70.96148,25.379154,89.091354,0.5057218
1.0875,41.353928,-6.8018513,-2.930426,70.0,25.0,90.0,41.582947,-7.144349,-2.637166,70.96148,25.379158,89.091354,0.5057231
1.0916666666666666,41.353928,-6.8018513,-2.930426,70.0,25.0,90.0,41.582947,-7.144349,-2.637167,70.96147,25.379154,89.091354,0.5057226
1.0958333333333334,41.353928,-6.8018513,-2.930426,70.0,25.0,90.0,41.582947,-7.14435,-2.637167,70.96148,25.379154,89.091354,0.5057232
1.1,41.353928,-6.8018513,-2.930426,70.0,25.0,90.0,41.582947,-7.14435,-2.637167,70.96148,25.379154,89.091354,0.5057232
1.1041666666666667,41.353928,-6.8018513,-2.930426,70.0,25.0,90.0,41.582943,-7.144349,-2.637166,70.96148,25.379158,89.091354,0.5057214
1.1083333333333334,41.353928,-6.8018513,-2.930426,70.0,25.0,90.0,41.582947,-7.14435,-2.637165,70.96148,25.379158,89.091354,0.5057243
1.1125,41.353928,-6.8018513,-2.930426,70.0,25.0,90.0,41.582943,-7.144352,-2.637165,70.96148,25.379154,89.091354,0.5057239
1.1166666666666667,41.353928,-6.8018513,-2.930426,70.0,25.0,90.0,41.582943,-7.14435,-2.637166,70.96148,25.379158,89.091354,0.50572205
1.1208333333333333,41.353928,-6.8018513,-2.930426,70.0,25.0,90.0,41.582943,-7.144349,-2.637166,70.96149,25.379154,89.091354,0.5057214
1.125,41.353928,-6.8018513,-2.930426,70.0,25.0,90.0,41.582943,-7.144349,-2.6371698,70.96148,25.379154,89.091354,0.5057192
1.1291666666666667,41.353928,-6.8018513,-2.930426,70.0,25.0,90.0,41.582947,-7.144349,-2.637166,70.96148,25.379154,89.091354,0.5057231
1.1333333333333333,41.353928,-6.8018513,-2.930426,70.0,25.0,90.0,41.582943,-7.144352,-2.637164,70.96148,25.379154,89.091354,0.50572443
1.1375,41.353928,-6.8018513,-2.930426,70.0,25.0,90.0,41.582947,-7.14435,-2.637164,70.96148,25.37915,89.091354,0.5057249
1.1416666666666666,41.353928,-6.8018513,-2.930426,70.0,25.0,90.0,41.582947,-7.144352,-2.637165,70.96149,25.379158,89.091354,0.5057256
1.1458333333333333,41.353928,-6.8018513,-2.930426,70.0,25.0,90.0,41.582943,-7.14435,-2.637166,70.96148,25.37915,89.091354,0.50572205
1.15,41.353928,-6.8018513,-2.930426,70.0,25.0,90.0,41.582943,-7.144349,-2.637165,70.96149,25.37915,89.091354,0.505722
1.1541666666666666,41.353928,-6.8018513,-2.930426,70.0,25.0,90.0,41.582947,-7.14435,-2.6371632,70.96148,25.379154,89.091354,0.50572544
1.1583333333333334,41.353928,-6.8018513,-2.930426,70.0,25.0,90.0,41.582947,-7.14435,-2.6371622,70.96149,25.379158,89.09135,0.505726
1.1625,41.353928,-6.8018513,-2.930426,70.0,25.0,90.0,41.58294,-7.144349,-2.637167,70.96148,25.379154,89.09135,0.5057191
1.1666666666666667,41.353928,-6.8018513,-2.930426,70.0,25.0,90.0,41.582943,-7.144349,-2.637169,70.96149,25.379158,89.09135,0.5057197
1.1708333333333334,41.353928,-6.8018513,-2.930426,70.0,25.0,90.0,41.582943,-7.144349,-2.637164,70.96148,25.379154,89.09135,0.5057225
1.175,41.353928,-6.8018513,-2.930426,70.0,25.0,90.0,41.582943,-7.14435,-2.637169,70.96149,25.379154,89.09135,0.5057204
1.1791666666666667,41.353928,-6.8018513,-2.930426,70.0,25.0,90.0,41.582943,-7.144347,-2.637166,70.96148,25.379162,89.09134,0.50572014
1.1833333333333333,41.353928,-6.8018513,-2.930426,70.0,25.0,90.0,41.582947,-7.144352,-2.637166,70.96149,25.379158,89.09135,0.5057251
1.1875,41.353928,-6.8018513,-2.930426,70.0,25.0,90.0,41.582943,-7.144349,-2.6371717,70.96149,25.379158,89.09135,0.50571805
1.1916666666666667,41.353928,-6.8018513,-2.930426,70.0,25.0,90.0,41.582943,-7.144348,-2.637169,70.96148,25.379158,89.09135,0.50571907
1.1958333333333333,41.353928,-6.8018513,-2.930426,70.0,25.0,90.0,41.582943,-7.144347,-2.637167,70.96148,25.379158,89.09135,0.50571954
1.2,41.353928,-6.8018513,-2.930426,70.0,25.0,90.0,41.582943,-7.144347,-2.637165,70.96148,25.37915,89.09134,0.5057207
1.2041666666666666,41.353928,-6.8018513,-2.930426,70.0,25.0,90.0,41.582947,-7.144349,-2.637167,70.96149,25.37915,89.09135,0.5057226
1.2083333333333333,41.353928,-6.8018513,-2.930426,70.0,25.0,90.0,41.582947,-7.144346,-2.637165,70.96149,25.379147,89.09135,0.50572175
1.2125,41.353928,-6.8018513,-2.930426,70.0,25.0,90.0,41.582947,-7.144349,-2.6371698,70.96149,25.37915,89.09135,0.5057209
1.2166666666666666,41.353928,-6.8018513,-2.930426,70.0,25.0,90.0,41.582947,-7.144349,-2.637166,70.96149,25.379154,89.09135,0.5057231
1.2208333333333334,41.353928,-6.8018513,-2.930426,70.0,25.0,90.0,41.582947,-7.144346,-2.637169,70.96149,25.379147,89.09135,0.50571954
1.225,41.353928,-6.8018513,-2.930426,70.0,25.0,90.0,41.582943,-7.144347,-2.637167,70.96149,25.37915,89.09135,0.50571954
1.2291666666666667,41.353928,-6.8018513,-2.930426,70.0,25.0,90.0,41.582943,-7.144349,-2.6371698,70.96149,25.379147,89.09135,0.5057192
1.2333333333333334,41.353928,-6.8018513,-2.930426,70.0,25.0,90.0,41.582947,-7.144349,-2.6371698,70.96149,25.379147,89.09135,0.5057209
1.2375,41.353928,-6.8018513,-2.930426,70.0,25.0,90.0,41.582947,-7.144349,-2.6371708,70.96148,25.379147,89.09135,0.5057204
1.2416666666666667,41.353928,-6.8018513,-2.930426,70.0,25.0,90.0,41.582943,-7.14435,-2.6371708,70.96148,25.379147,89.09135,0.5057193
1.2458333333333333,41.353928,-6.8018513,-2.930426,70.0,25.0,90.0,41.582943,-7.14435,-2.6371708,70.96148,25.379147,89.09135,0.5057193
1.25,41.353928,-6.8018513,-2.930426,70.0,25.0,90.0,41.582943,-7.14435,-2.6371708,70.96148,25.379147,89.09135,0.5057193
1.2541666666666667,41.353928,-6.8018513,-2.930426,70.0,25.0,90.0,41.582943,-7.14435,-2.6371708,70.96148,25.379147,89.09135,0.5057193
1.2583333333333333,41.353928,-6.8018513,-2.930426,70.0,25.0,90.0,41.582943,-7.14435,-2.6371708,70.96148,25.379147,89.09135,0.5057193
1.2625,41.353928,-6.8018513,-2.930426,70.0,25.0,90.0,41.582943,-7.14435,-2.6371708,70.96148,25.379147,89.09135,0.5057193
1.2666666666666666,41.353928,-6.8018513,-2.930426,70.0,25.0,90.0,41.582943,-7.14435,-2.6371708,70.96148,25.379147,89.09135,0.5057193
1.2708333333333333,41.353928,-6.8018513,-2.930426,70.0,25.0,90.0,41.582943,-7.14435,-2.6371708,70.96148,25.379147,89.09135,0.5057193
1.275,41.353928,-6.8018513,-2.930426,70.0,25.0,90.0,41.582943,-7.14435,-2.6371708,70.96148,25.379147,89.09135,0.5057193
1.2791666666666666,41.353928,-6.8018513,-2.930426,70.0,25.0,90.0,41.582943,-7.14435,-2.6371708,70.96148,25.379147,89.09135,0.5057193
1.2833333333333334,41.353928,-6.8018513,-2.930426,70.0,25.0,90.0,41.582943,-7.14435,-2.6371708,70.96148,25.379147,89.09135,0.5057193
1.2875,41.353928,-6.8018513,-2.930426,70.0,25.0,90.0,41.582943,-7.14435,-2.6371708,70.96148,25.379147,89.09135,0.5057193
1.2916666666666667,41.353928,-6.8018513,-2.930426,70.0,25.0,90.0,41.582943,-7.14435,-2.6371708,70.96148,25.379147,89.09135,0.5057193
1.2958333333333334,41.353928,-6.8018513,-2.930426,70.0,25.0,90.0,41.582943,-7.14435,-2.6371708,70.96148,25.379147,89.09135,0.5057193
1.3,41.353928,-6.8018513,-2.930426,70.0,25.0,90.0,41.582943,-7.14435,-2.6371708,70.96148,25.379147,89.09135,0.5057193
1.3041666666666667,41.353928,-6.8018513,-2.930426,70.0,25.0,90.0,41.582943,-7.14435,-2.6371708,70.96148,25.379147,89.09135,0.5057193
1.3083333333333333,41.353928,-6.8018513,-2.930426,70.0,25.0,90.0,41.582943,-7.14435,-2.6371708,70.96148,25.379147,89.09135,0.5057193
1.3125,41.353928,-6.8018513,-2.930426,70.0,25.0,90.0,41.582943,-7.14435,-2.6371708,70.96148,25.379147,89.09135,0.5057193
1.3166666666666667,41.353928,-6.8018513,-2.930426,70.0,25.0,90.0,41.582943,-7.14435,-2.6371708,70.96148,25.379147,89.09135,0.5057193
1.3208333333333333,41.353928,-6.8018513,-2.930426,70.0,25.0,90.0,41.582943,-7.14435,-2.6371708,70.96148,25.379147,89.09135,0.5057193
1.325,41.353928,-6.8018513,-2.930426,70.0,25.0,90.0,41.582943,-7.14435,-2.6371708,70.96148,25.379147,89.09135,0.5057193
1.3291666666666666,41.353928,-6.8018513,-2.930426,70.0,25.0,90.0,41.582943,-7.14435,-2.6371708,70.96148,25.379147,89.09135,0.5057193
1.3333333333333333,41.353928,-6.8018513,-2.930426,70.0,25.0,90.0,41.582943,-7.14435,-2.6371708,70.96148,25.379147,89.09135,0.5057193
1.3375,41.353928,-6.8018513,-2.930426,70.0,25.0,90.0,41.582943,-7.14435,-2.6371708,70.96148,25.379147,89.09135,0.5057193
1.3416666666666666,41.353928,-6.8018513,-2.930426,70.0,25.0,90.0,41.582943,-7.14435,-2.6371708,70.96148,25.379147,89.09135,0.5057193
1.3458333333333334,41.353928,-6.8018513,-2.930426,70.0,25.0,90.0,41.582943,-7.14435,-2.6371708,70.96148,25.379147,89.09135,0.5057193
1.35,41.353928,-6.8018513,-2.930426,70.0,25.0,90.0,41.582943,-7.14435,-2.6371708,70.96148,25.379147,89.09135,0.5057193
1.3541666666666667,41.353928,-6.8018513,-2.930426,70.0,25.0,90.0,41.582943,-7.14435,-2.6371708,70.96148,25.379147,89.09135,0.5057193
1.3583333333333334,41.353928,-6.8018513,-2.930426,70.0,25.0,90.0,41.582943,-7.14435,-2.6371708,70.96148,25.379147,89.09135,0.5057193
1.3625,41.353928,-6.8018513,-2.930426,70.0,25.0,90.0,41.582943,-7.14435,-2.6371708,70.96148,25.379147,89.09135,0.5057193
1.3666666666666667,41.353928,-6.8018513,-2.930426,70.0,25.0,90.0,41.582943,-7.14435,-2.6371708,70.96148,25.379147,89.09135,0.5057193
1.3708333333333333,41.353928,-6.8018513,-2.930426,70.0,25.0,90.0,41.582943,-7.14435,-2.6371708,70.96148,25.379147,89.09135,0.5057193
1.375,41.353928,-6.8018513,-2.930426,70.0,25.0,90.0,41.582943,-7.14435,-2.6371708,70.96148,25.379147,89.09135,0.5057193
1.3791666666666667,41.353928,-6.8018513,-2.930426,70.0,25.0,90.0,41.582943,-7.14435,-2.6371708,70.96148,25.379147,89.09135,0.5057193
1.3833333333333333,41.353928,-6.8018513,-2.930426,70.0,25.0,90.0,41.582943,-7.14435,-2.6371708,70.96148,25.379147,89.09135,0.5057193
1.3875,41.353928,-6.8018513,-2.930426,70.0,25.0,90.0,41.582943,-7.14435,-2.6371708,70.96148,25.379147,89.09135,0.5057193
1.3916666666666666,41.353928,-6.8018513,-2.930426,70.0,25.0,90.0,41.582943,-7.14435,-2.6371708,70.96148,25.379147,89.09135,0.5057193
1.3958333333333333,41.353928,-6.8018513,-2.930426,70.0,25.0,90.0,41.582943,-7.14435,-2.6371717,70.96148,25.379147,89.09135,0.5057187
1.4,41.353928,-6.8018513,-2.930426,70.0,25.0,90.0,41.582943,-7.144349,-2.6371708,70.96149,25.37915,89.09135,0.50571865
1.4041666666666666,41.353928,-6.8018513,-2.930426,70.0,25.0,90.0,41.582947,-7.14435,-2.6371708,70.96148,25.37915,89.09135,0.50572103
1.4083333333333334,41.353928,-6.8018513,-2.930426,70.0,25.0,90.0,41.582943,-7.144347,-2.6371708,70.96149,25.37915,89.09135,0.50571734
1.4125,41.353928,-6.8018513,-2.930426,70.0,25.0,90.0,41.582947,-7.14435,-2.6371708,70.96148,25.37915,89.09135,0.50572103
1.4166666666666667,41.353928,-6.8018513,-2.930426,70.0,25.0,90.0,41.582947,-7.144347,-2.6371708,70.96148,25.37915,89.09135,0.50571907
1.4208333333333334,41.353928,-6.8018513,-2.930426,70.0,25.0,90.0,41.582943,-7.144347,-2.6371708,70.96148,25.37915,89.09135,0.50571734
1.425,41.353928,-6.8018513,-2.930426,70.0,25.0,90.0,41.582943,-7.14435,-2.637169,70.96148,25.37915,89.091354,0.5057204
1.4291666666666667,41.353928,-6.8018513,-2.930426,70.0,25.0,90.0,41.58294,-7.1443443,-2.637165,70.96149,25.379147,89.091354,0.505717
1.4333333333333333,41.353928,-6.8018513,-2.930426,70.0,25.0,90.0,41.582943,-7.144347,-2.6371698,70.96148,25.37915,89.091354,0.5057179
1.4375,41.353928,-6.8018513,-2.930426,70.0,25.0,90.0,41.582943,-7.144349,-2.6371708,70.96147,25.37915,89.091354,0.50571865
1.4416666666666667,41.353928,-6.8018513,-2.930426,70.0,25.0,90.0,41.58294,-7.14435,-2.637166,70.96148,25.379147,89.091354,0.5057203
1.4458333333333333,41.353928,-6.8018513,-2.930426,70.0,25.0,90.0,41.582947,-7.144349,-2.637166,70.96148,25.37915,89.091354,0.5057231
1.45,41.353928,-6.8018513,-2.930426,70.0,25.0,90.0,41.58294,-7.144349,-2.637169,70.96148,25.37915,89.091354,0.505718
1.4541666666666666,41.353928,-6.8018513,-2.930426,70.0,25.0,90.0,41.582943,-7.144349,-2.637166,70.96148,25.37915,89.091354,0.5057214
1.4583333333333333,41.353928,-6.8018513,-2.930426,70.0,25.0,90.0,41.582947,-7.14435,-2.637165,70.96148,25.37915,89.091354,0.5057243
1.4625,41.353928,-6.8018513,-2.930426,70.0,25.0,90.0,41.582947,-7.14435,-2.637166,70.96149,25.379147,89.091354,0.5057238
1.4666666666666666,41.353928,-6.8018513,-2.930426,70.0,25.0,90.0,41.582943,-7.14435,-2.637167,70.96149,25.37915,89.091354,0.5057215
1.4708333333333334,41.353928,-6.8018513,-2.930426,70.0,25.0,90.0,41.58294,-7.144349,-2.637167,70.96149,25.379147,89.091354,0.5057191
1.475,41.353928,-6.8018513,-2.930426,70.0,25.0,90.0,41.582943,-7.144346,-2.637166,70.96148,25.37915,89.091354,0.5057195
1.4791666666666667,41.353928,-6.8018513,-2.930426,70.0,25.0,90.0,41.58294,-7.144347,-2.637165,70.96148,25.379154,89.091354,0.50571895
1.4833333333333334,41.353928,-6.8018513,-2.930426,70.0,25.0,90.0,41.582947,-7.14435,-2.637165,70.96148,25.379154,89.091354,0.5057243
1.4875,41.353928,-6.8018513,-2.930426,70.0,25.0,90.0,41.582943,-7.144352,-2.637164,70.96148,25.37915,89.091354,0.50572443
1.4916666666666667,41.353928,-6.8018513,-2.930426,70.0,25.0,90.0,41.582947,-7.14435,-2.637165,70.96148,25.379158,89.091354,0.5057243
1.4958333333333333,41.353928,-6.8018513,-2.930426,70.0,25.0,90.0,41.582943,-7.14435,-2.637165,70.96148,25.379158,89.091354,0.50572264
1.5,41.353928,-6.8018513,-2.930426,70.0,25.0,90.0,41.582943,-7.144352,-2.637165,70.96148,25.379154,89.091354,0.5057239
1.5041666666666667,41.353928,-6.8018513,-2.930426,70.0,25.0,90.0,41.582943,-7.14435,-2.6371632,70.96148,25.379154,89.091354,0.5057237
1.5083333333333333,41.353928,-6.8018513,-2.930426,70.0,25.0,90.0,41.582943,-7.144352,-2.637164,70.96148,25.379154,89.091354,0.50572443
1.5125,41.353928,-6.8018513,-2.930426,70.0,25.0,90.0,41.582943,-7.144352,-2.637164,70.96148,25.379154,89.091354,0.50572443
1.5166666666666666,41.353928,-6.8018513,-2.930426,70.0,25.0,90.0,41.582943,-7.144352,-2.637164,70.96148,25.379154,89.091354,0.50572443
1.5208333333333333,41.353928,-6.8018513,-2.930426,70.0,25.0,90.0,41.582943,-7.144352,-2.637164,70.96148,25.379154,89.091354,0.50572443
1.525,41.353928,-6.8018513,-2.930426,70.0,25.0,90.0,41.582943,-7.144352,-2.637164,70.96148,25.379154,89.091354,0.50572443
1.5291666666666666,41.353928,-6.8018513,-2.930426,70.0,25.0,90.0,41.582943,-7.144353,-2.637164,70.96148,25.379158,89.091354,0.5057251
1.5333333333333334,41.353928,-6.8018513,-2.930426,70.0,25.0,90.0,41.58294,-7.144353,-2.637166,70.96148,25.379158,89.091354,0.5057223
1.5375,41.353928,-6.8018513,-2.930426,70.0,25.0,90.0,41.582947,-7.1443453,-2.6371899,70.961464,25.37918,89.09135,0.5057067
1.5416666666666667,41.353928,-6.8018513,-2.930426,70.0,25.0,90.0,41.582954,-7.1443634,-2.6372452,70.96141,25.379242,89.091354,0.5056904
1.5458333333333334,41.353928,-6.8018513,-2.930426,70.0,25.0,90.0,41.582962,-7.1445065,-2.6373758,70.96132,25.379238,89.0914,0.505715
1.55,41.353928,-6.8018513,-2.930426,70.0,25.0,90.0,41.582916,-7.144907,-2.6375809,70.96121,25.379036,89.091576,0.50584704
1.5541666666666667,41.353928,-6.8018513,-2.930426,70.0,25.0,90.0,41.58276,-7.145667,-2.6378994,70.96095,25.37857,89.091965,0.5061079
1.5583333333333333,41.353928,-6.8018513,-2.930426,70.0,25.0,90.0,41.582436,-7.1468697,-2.6384182,70.96025,25.377617,89.092636,0.5064801
1.5625,41.353928,-6.8018513,-2.930426,70.0,25.0,90.0,41.581932,-7.1486053,-2.63931,70.95866,25.375969,89.09362,0.506925
1.5666666666666667,41.353928,-6.8018513,-2.930426,70.0,25.0,90.0,41.581573,-7.1510115,-2.6406145,70.95612,25.373318,89.09504,0.50766736
1.5708333333333333,41.353928,-6.8018513,-2.930426,70.0,25.0,90.0,41.581207,-7.1544914,-2.6423912,70.95232,25.369583,89.097015,0.50889593
1.575,41.353928,-6.8018513,-2.930426,70.0,25.0,90.0,41.580967,-7.159012,-2.6448507,70.94736,25.364418,89.09984,0.51055235
1.5791666666666666,41.353928,-6.8018513,-2.930426,70.0,25.0,90.0,41.58053,-7.164344,-2.6484404,70.94033,25.358044,89.10383,0.5121177
1.5833333333333333,41.353928,-6.8018513,-2.930426,70.0,25.0,90.0,41.57998,-7.170246,-2.6530972,70.9306,25.350555,89.10911,0.5135418
1.5875,41.353928,-6.8018513,-2.930426,70.0,25.0,90.0,41.579193,-7.1766834,-2.658763,70.918175,25.342861,89.11583,0.5148247
1.5916666666666666,41.353928,-6.8018513,-2.930426,70.0,25.0,90.0,41.578697,-7.1831903,-2.6656818,70.902176,25.33548,89.12367,0.5157812
1.5958333333333334,41.353928,-6.8018513,-2.930426,70.0,25.0,90.0,41.578766,-7.1876717,-2.6725044,70.88259,25.329117,89.1328,0.515687
1.6,41.353928,-6.8018513,-2.930426,70.0,25.0,90.0,41.579292,-7.1891117,-2.6794367,70.856735,25.3266,89.143234,0.51357126
1.6041666666666667,41.353928,-6.8018513,-2.930426,70.0,25.0,90.0,41.578053,-7.1883535,-2.6880302,70.82306,25.331749,89.15669,0.5083027
1.6083333333333334,41.353928,-6.8018513,-2.930426,70.0,25.0,90.0,41.574265,-7.18824,-2.7022,70.77534,25.33635,89.17435,0.49993172
1.6125,41.353928,-6.8018513,-2.930426,70.0,25.0,90.0,41.56792,-7.187072,-2.719778,70.718216,25.347748,89.194115,0.48842642
1.6166666666666667,41.353928,-6.8018513,-2.930426,70.0,25.0,90.0,41.558624,-7.1843214,-2.7386227,70.64611,25.36116,89.22312,0.47431278
1.6208333333333333,41.353928,-6.8018513,-2.930426,70.0,25.0,90.0,41.543865,-7.1749773,-2.757102,70.57038,25.375687,89.25826,0.45314512
1.625,41.353928,-6.8018513,-2.930426,70.0,25.0,90.0,41.52724,-7.165655,-2.7726908,70.48375,25.383312,89.304794,0.43274826
1.6291666666666667,41.353928,-6.8018513,-2.930426,70.0,25.0,90.0,41.50406,-7.1621923,-2.7857533,70.37957,25.381607,89.36163,0.4163115
1.6333333333333333,41.353928,-6.8018513,-2.930426,70.0,25.0,90.0,41.473038,-7.158286,-2.7814245,70.276436,25.364483,89.42889,0.4042702
1.6375,41.353928,-6.8018513,-2.930426,70.0,25.0,90.0,41.432587,-7.164053,-2.769311,70.18031,25.339825,89.50374,0.40414765
1.6416666666666666,41.353928,-6.8018513,-2.930426,70.0,25.0,90.0,41.38041,-7.1766186,-2.7481337,70.09618,25.289505,89.58768,0.41759104
1.6458333333333333,41.353928,-6.8018513,-2.930426,70.0,25.0,90.0,41.32025,-7.187603,-2.7229786,70.028984,25.236687,89.68176,0.43928677
1.65,41.353928,-6.8018513,-2.930426,70.0,25.0,90.0,41.246265,-7.2075815,-2.6952372,69.96536,25.143723,89.7957,0.48116726
1.6541666666666666,41.353947,-6.801783,-2.9304276,69.99991,25.0,89.999985,41.12904,-7.1741314,-2.6606283,69.931305,25.089905,89.92166,0.51187694
1.6583333333333334,41.354073,-6.801315,-2.930428,69.9993,25.0,89.99985,40.97707,-7.1225405,-2.64571,69.90868,25.040329,90.05285,0.57129794
1.6625,41.35441,-6.8000636,-2.9304252,69.99767,25.0,89.99949,40.812847,-7.06223,-2.6519527,69.89717,25.024235,90.18539,0.6629982
1.6666666666666667,41.35505,-6.7976694,-2.9304268,69.99455,25.0,89.9988,40.653778,-7.011339,-2.658845,69.87657,25.031643,90.350395,0.78178805
1.6708333333333334,41.35609,-6.793787,-2.9304242,69.9895,25.0,89.99769,40.466328,-6.948556,-2.6862345,69.85994,25.047932,90.51799,0.9355533
1.675,41.357616,-6.7880955,-2.9304276,69.982086,25.0,89.996056,40.25949,-6.8687916,-2.7336025,69.84461,25.108482,90.64396,1.1185398
1.6791666666666667,41.359707,-6.7802906,-2.9304287,69.971924,25.0,89.99382,40.049667,-6.768159,-2.7797098,69.81419,25.178951,90.742805,1.3187369
1.6833333333333333,41.36244,-6.770091,-2.930427,69.95865,25.0,89.99089,39.84159,-6.657173,-2.7520065,69.77305,25.196087,90.844955,1.5354351
1.6875,41.365887,-6.7572255,-2.9304264,69.9419,25.0,89.987175,39.64385,-6.530471,-2.7064953,69.74612,25.270042,90.97251,1.7512791
1.6916666666666667,41.370113,-6.741445,-2.9304264,69.921364,25.0,89.98261,39.46186,-6.3637104,-2.6549578,69.748276,25.39104,91.09952,1.964687
1.6958333333333333,41.375187,-6.722527,-2.9304254,69.89674,25.0,89.977104,39.27726,-6.1730404,-2.5495605,69.78602,25.42302,91.23424,2.2018838
1.7,41.381153,-6.7002473,-2.9304261,69.86775,25.0,89.9706,39.12872,-5.971677,-2.4973269,69.8488,25.416088,91.36121,2.4066257
1.7041666666666666,41.388077,-6.674417,-2.9304276,69.834145,25.0,89.963,39.018147,-5.8162193,-2.400895,69.93381,25.431374,91.45506,2.5755537
1.7083333333333333,41.395996,-6.6448503,-2.9304252,69.79569,25.0,89.95426,38.932373,-5.680215,-2.3094454,70.03566,25.510708,91.52786,2.7176416
1.7125,41.404964,-6.611387,-2.9304264,69.752174,25.0,89.944275,38.877476,-5.581977,-2.2053223,70.13989,25.619781,91.584656,2.823767
1.7166666666666666,41.415012,-6.5738783,-2.9304261,69.703415,25.0,89.93301,38.87169,-5.473337,-2.0443792,70.25927,25.693562,91.66127,2.909427
1.7208333333333334,41.42618,-6.5321956,-2.9304254,69.64925,25.0,89.92035,38.87667,-5.3624763,-1.8595791,70.42301,25.77087,91.7781,3.0024924
1.725,41.438503,-6.486217,-2.9304256,69.589516,25.0,89.90624,38.916023,-5.261835,-1.6762457,70.56688,25.844673,91.89496,3.071642
1.7291666666666667,41.452,-6.435841,-2.930427,69.5241,25.0,89.890625,38.99479,-5.14824,-1.5336752,70.68055,25.903004,92.02831,3.1059163
1.7333333333333334,41.4667,-6.3809824,-2.9304256,69.4529,25.0,89.8734,39.09539,-5.0414476,-1.4418049,70.72664,25.938656,92.18289,3.103782
1.7375,41.48262,-6.3215623,-2.9304247,69.37583,25.0,89.854515,39.18086,-4.977915,-1.3831997,70.767876,25.950367,92.31834,3.0817852
1.7416666666666667,41.49978,-6.2575307,-2.9304266,69.29282,25.0,89.83386,39.267117,-4.917266,-1.328207,70.79578,25.908245,92.45285,3.0574822
1.7458333333333333,41.51819,-6.1888328,-2.9304264,69.203835,25.0,89.811386,39.35557,-4.8461523,-1.2943907,70.80773,25.882656,92.610405,3.0259404
1.75,41.537853,-6.115438,-2.9304242,69.10884,25.0,89.787,39.432564,-4.793782,-1.2872362,70.81955,25.910954,92.72874,2.9797792
1.7541666666666667,41.55878,-6.0373282,-2.930427,69.00783,25.0,89.760635,39.495068,-4.726136,-1.2944794,70.799164,25.947384,92.878174,2.9418466
1.7583333333333333,41.58098,-5.954494,-2.930425,68.90082,25.0,89.73218,39.54163,-4.6549606,-1.3399057,70.75856,26.00557,93.00137,2.894388
1.7625,41.60444,-5.866939,-2.9304285,68.78783,25.0,89.70158,39.56819,-4.5639324,-1.3856134,70.69648,26.089012,93.08106,2.8688993
1.7666666666666666,41.629158,-5.774678,-2.9304245,68.66892,25.0,89.66874,39.57401,-4.468297,-1.4522915,70.59207,26.15126,93.12437,2.8487096
1.7708333333333333,41.655132,-5.677741,-2.9304266,68.54415,25.0,89.633575,39.577602,-4.380583,-1.5185175,70.439285,26.158867,93.16757,2.8270545
1.775,41.68235,-5.576165,-2.930425,68.41361,25.0,89.59601,39.58432,-4.2858753,-1.591155,70.24028,26.14222,93.19939,2.8036087
1.7791666666666666,41.710796,-5.4699965,-2.9304235,68.2774,25.0,89.55596,39.59263,-4.209982,-1.6461821,70.07093,26.138836,93.23384,2.7791271
1.7833333333333334,41.74046,-5.3593016,-2.9304252,68.13563,25.0,89.51333,39.590836,-4.113283,-1.7066936,69.86208,26.129711,93.29414,2.7696505
1.7875,41.771317,-5.2441397,-2.9304264,67.988434,25.0,89.46806,39.586838,-4.013318,-1.7720709,69.634895,26.167751,93.36355,2.7620022
1.7916666666666667,41.80335,-5.1245985,-2.9304276,67.835976,25.0,89.42006,39.56836,-3.9275045,-1.8181334,69.40673,26.229538,93.40257,2.7686474
1.7958333333333334,41.83653,-5.000762,-2.930426,67.67842,25.0,89.36926,39.549217,-3.839939,-1.8312197,69.174034,26.259403,93.44713,2.7906199
1.8,41.870834,-4.8727293,-2.9304268,67.515945,25.0,89.31558,39.53771,-3.7489614,-1.8374414,68.907074,26.264324,93.47245,2.8108625
1.8041666666666667,41.90624,-4.740601,-2.9304273,67.34875,25.0,89.25896,39.532856,-3.6483784,-1.8537645,68.61957,26.243366,93.5042,2.8257914
1.8083333333333333,41.942707,-4.6044984,-2.9304261,67.17705,25.0,89.19932,39.527767,-3.549223,-1.8792648,68.31951,26.196438,93.5424,2.837337
1.8125,41.98021,-4.464535,-2.9304264,67.00106,25.0,89.13661,39.51715,-3.4550934,-1.9094172,67.998474,26.146656,93.5867,2.8509805
1.8166666666666667,42.01871,-4.3208485,-2.9304252,66.82104,25.0,89.07076,39.509384,-3.360344,-1.9462614,67.67156,26.076118,93.62957,2.8614452
1.8208333333333333,42.058174,-4.1735687,-2.9304292,66.637215,25.0,89.00174,39.50189,-3.2662287,-1.9999094,67.35571,26.005161,93.66205,2.8677046
1.825,42.098564,-4.022839,-2.930426,66.449875,25.0,88.92949,39.519974,-3.172658,-2.0623322,67.06507,25.925354,93.66097,2.8505301
1.8291666666666666,42.139835,-3.8688126,-2.9304237,66.259285,25.0,88.85398,39.548237,-3.084547,-2.132514,66.782646,25.818207,93.628815,2.8227851
1.8333333333333333,42.181946,-3.7116458,-2.9304252,66.06573,25.0,88.775185,39.59722,-2.9961767,-2.1857414,66.543106,25.672699,93.59332,2.7833884
1.8375,42.224857,-3.5514977,-2.9304261,65.8695,25.0,88.69306,39.657288,-2.9011126,-2.2355766,66.31766,25.545052,93.54426,2.7382898
1.8416666666666666,42.268524,-3.3885329,-2.930424,65.670906,25.0,88.60761,39.712196,-2.8081722,-2.2672777,66.12169,25.392078,93.50152,2.703959
1.8458333333333334,42.312897,-3.2229283,-2.930426,65.47025,25.0,88.51883,39.75962,-2.719715,-2.2775354,65.94163,25.220894,93.47542,2.6830406
1.85,42.357933,-3.0548563,-2.930426,65.26786,25.0,88.426704,39.794655,-2.6489162,-2.2682838,65.775566,25.028198,93.45218,2.6783605
1.8541666666666667,42.40358,-2.8845043,-2.9304252,65.06406,25.0,88.33126,39.813675,-2.5917063,-2.2517366,65.63895,24.849407,93.42454,2.6933167
1.8583333333333334,42.449787,-2.71205,-2.930426,64.85915,25.0,88.23253,39.830463,-2.5261745,-2.2330418,65.507965,24.67881,93.398964,2.7169378
1.8625,42.49651,-2.5376863,-2.9304278,64.65349,25.0,88.13052,39.8278,-2.4420424,-2.2143908,65.36236,24.531689,93.38423,2.7647538
1.8666666666666667,42.54369,-2.3616045,-2.9304254,64.447395,25.0,88.02531,39.81215,-2.3364515,-2.189909,65.19765,24.386784,93.36337,2.8302495
1.8708333333333333,42.591278,-2.1840003,-2.9304264,64.241196,25.0,87.916916,39.779686,-2.2091255,-2.1745405,64.9909,24.233082,93.32371,2.9115365
1.875,42.63922,-2.0050712,-2.930426,64.035225,25.0,87.805435,39.74858,-2.06641,-2.1643953,64.73726,24.09217,93.26472,2.9910476
1.8791666666666667,42.68747,-1.8250176,-2.9304292,63.829803,25.0,87.69091,39.725227,-1.9185486,-2.1842117,64.43434,23.965908,93.19128,3.056218
1.8833333333333333,42.735962,-1.6440382,-2.930425,63.625267,25.0,87.57346,39.697815,-1.753355,-2.222022,64.09198,23.858524,93.09578,3.1215577
1.8875,42.784645,-1.4623427,-2.9304264,63.42192,25.0,87.45318,39.677074,-1.5768757,-2.2700033,63.72159,23.758137,92.98425,3.1790364
1.8916666666666666,42.83347,-1.280129,-2.9304256,63.22008,25.0,87.33016,39.660683,-1.4058971,-2.3353748,63.30376,23.676464,92.86192,3.2305539
1.8958333333333333,42.882378,-1.0976095,-2.9304295,63.02005,25.0,87.20454,39.640408,-1.2337399,-2.430359,62.85898,23.619747,92.73156,3.2831345
1.9,42.93131,-0.91498315,-2.9304252,62.822132,25.0,87.076454,39.627354,-1.067913,-2.545309,62.40913,23.594513,92.595375,3.329838
1.9041666666666666,42.980217,-0.73246354,-2.93043,62.6266,25.0,86.94602,39.61307,-0.8917961,-2.684926,61.924362,23.581059,92.44755,3.3798416
1.9083333333333334,43.02904,-0.5502514,-2.9304254,62.433743,25.0,86.813416,39.60865,-0.70877457,-2.8361988,61.41423,23.58611,92.296616,3.4253588
1.9125,43.077724,-0.36855686,-2.9304268,62.24381,25.0,86.6788,39.619076,-0.52383804,-3.005455,60.890247,23.590317,92.13054,3.4629457
1.9166666666666667,43.126217,-0.18757913,-2.9304287,62.05705,25.0,86.54235,39.634407,-0.33366013,-3.19067,60.36134,23.578773,91.96392,3.50454
1.9208333333333334,43.174465,-0.0075231623,-2.9304266,61.873707,25.0,86.404236,39.66566,-0.14295769,-3.359499,59.83742,23.566666,91.814224,3.537535
1.925,43.22241,0.17140709,-2.930425,61.693996,25.0,86.26467,39.71502,0.0655365,-3.5262918,59.32694,23.554165,91.65228,3.5592196
1.9291666666666667,43.269997,0.3490118,-2.9304268,61.51812,25.0,86.12384,39.758385,0.29003143,-3.6731873,58.83412,23.564552,91.47289,3.5897896
1.9333333333333333,43.317177,0.5250926,-2.9304276,61.34627,25.0,85.981964,39.804302,0.51340103,-3.800074,58.373264,23.602615,91.29796,3.6189375
1.9375,43.3639,0.6994564,-2.9304242,61.178627,25.0,85.83925,39.871525,0.7342377,-3.91853,57.919697,23.628216,91.138565,3.629634
1.9416666666666667,43.410107,0.87190974,-2.9304235,61.01533,25.0,85.69593,39.95258,0.95098877,-4.018089,57.490707,23.64486,90.98267,3.625433
1.9458333333333333,43.455753,1.042262,-2.930428,60.85652,25.0,85.55223,40.033337,1.1543102,-4.1010027,57.08,23.676624,90.83683,3.6188033
1.95,43.500786,1.210334,-2.9304264,60.702328,25.0,85.408394,40.11398,1.3321285,-4.143841,56.71688,23.717945,90.68309,3.599676
1.9541666666666666,43.545162,1.3759413,-2.930422,60.552853,25.0,85.26465,40.184673,1.5075817,-4.157656,56.396755,23.772835,90.538795,3.5799887
1.9583333333333333,43.58883,1.5389043,-2.9304261,60.40817,25.0,85.12124,40.24256,1.6988678,-4.147762,56.11028,23.863628,90.400795,3.5644076
1.9625,43.631744,1.6990492,-2.9304292,60.26836,25.0,84.97842,40.29867,1.8737564,-4.106073,55.898457,23.91626,90.26635,3.5386486
1.9666666666666666,43.67385,1.8562229,-2.9304254,60.13347,25.0,84.83646,40.322712,2.0381088,-4.05829,55.748817,23.925385,90.11333,3.5405219
1.9708333333333334,43.715122,2.0102468,-2.9304256,60.00354,25.0,84.69556,40.358803,2.1839962,-3.9988155,55.65436,23.936504,89.94434,3.5265458
1.975,43.755512,2.160976,-2.9304228,59.87859,25.0,84.55599,40.40578,2.312317,-3.9112597,55.620193,23.981285,89.75655,3.493658
1.9791666666666667,43.794975,2.3082533,-2.9304252,59.758617,25.0,84.418015,40.455544,2.4374485,-3.8015084,55.63784,24.046272,89.58322,3.4535897
1.9833333333333334,43.833477,2.4519446,-2.9304254,59.643616,25.0,84.28187,40.50429,2.5428047,-3.6926832,55.692165,24.137852,89.399315,3.4165435
1.9875,43.87098,2.5919034,-2.930426,59.53357,25.0,84.14779,40.54113,2.6281815,-3.5971274,55.765675,24.241768,89.20451,3.3961308
1.9916666666666667,43.907448,2.7280102,-2.930425,59.428432,25.0,84.01603,40.584305,2.6972961,-3.510975,55.873055,24.33852,88.99572,3.3736124
1.9958333333333333,43.942852,2.8601348,-2.9304254,59.328163,25.0,83.88681,40.615925,2.7568665,-3.4230852,56.010155,24.456932,88.75846,3.3647916
2.0,43.977158,2.9881709,-2.9304254,59.232697,25.0,83.76037,40.66716,2.8034554,-3.338418,56.19238,24.575294,88.50164,3.340159
2.004166666666667,44.010338,3.112006,-2.9304268,59.141968,25.0,83.63692,40.713745,2.8323765,-3.2668462,56.41334,24.686607,88.26292,3.3254917
2.0083333333333333,44.04237,3.2315478,-2.9304247,59.0559,25.0,83.51667,40.7359,2.8476372,-3.2085953,56.622787,24.780018,88.04433,3.340285
2.0125,44.073227,3.3467083,-2.930424,58.9744,25.0,83.39983,40.75621,2.8614998,-3.1614275,56.81592,24.813908,87.83564,3.3602662
2.0166666666666666,44.102886,3.457404,-2.9304292,58.89737,25.0,83.2866,40.78705,2.8558674,-3.0795174,56.97827,24.795918,87.65896,3.3732557
2.0208333333333335,44.131336,3.5635712,-2.9304287,58.824722,25.0,83.17713,40.821785,2.7999954,-3.0012999,57.15238,24.778214,87.51168,3.3972342
2.025,44.158554,3.665147,-2.9304256,58.756348,25.0,83.07162,40.848022,2.738802,-2.9116383,57.3022,24.733906,87.36975,3.4377446
2.029166666666667,44.18453,3.7620864,-2.9304245,58.692123,25.0,82.970215,40.88067,2.6598167,-2.848095,57.38039,24.63586,87.22314,3.4838579
2.033333333333333,44.209248,3.8543465,-2.930424,58.631943,25.0,82.873055,40.92947,2.5821476,-2.8294659,57.44573,24.55996,87.10191,3.5193214
2.0375,44.232708,3.941901,-2.9304266,58.575684,25.0,82.78026,40.971256,2.5156975,-2.8220139,57.496277,24.513042,86.97619,3.561303
2.0416666666666665,44.254906,4.024736,-2.930427,58.52323,25.0,82.69193,41.005466,2.46237,-2.8446417,57.616882,24.456284,86.82908,3.60655
2.0458333333333334,44.275833,4.1028457,-2.9304285,58.474457,25.0,82.608185,41.038727,2.419157,-2.833867,57.720043,24.347103,86.677444,3.6500669
2.05,44.295498,4.176239,-2.9304295,58.42924,25.0,82.529076,41.086708,2.4071178,-2.8201752,57.789326,24.242088,86.58718,3.6658256
2.0541666666666667,44.313908,4.244938,-2.930421,58.38747,25.0,82.45466,41.114845,2.4221134,-2.8241768,57.85786,24.208633,86.53507,3.6834736
2.058333333333333,44.331066,4.308972,-2.9304285,58.348988,25.0,82.38497,41.098488,2.4592075,-2.8007202,57.92986,24.15572,86.43607,3.7266626
2.0625,44.346985,4.3683887,-2.9304256,58.313698,25.0,82.320045,41.09152,2.5433788,-2.742814,58.02,24.166954,86.32273,3.7368329
2.066666666666667,44.361687,4.4232483,-2.930425,58.281464,25.0,82.25986,41.150394,2.675684,-2.5905867,58.106785,24.145012,86.213974,3.6717665
2.0708333333333333,44.375183,4.4736214,-2.9304297,58.252155,25.0,82.20439,41.23163,2.801857,-2.4203959,58.21272,24.099552,86.10301,3.5967855
2.075,44.387505,4.519602,-2.930426,58.225662,25.0,82.153595,41.30013,2.9203434,-2.2419262,58.3001,24.13182,85.95664,3.5445094
2.0791666666666666,44.398674,4.5612855,-2.9304261,58.201843,25.0,82.107414,41.357117,3.0185223,-2.0560427,58.3828,24.235317,85.82069,3.520758
2.0833333333333335,44.408722,4.5987954,-2.930426,58.180576,25.0,82.06575,41.406036,3.1098366,-1.900281,58.439373,24.311714,85.68865,3.5063252
2.0875,44.41769,4.6322575,-2.9304242,58.161743,25.0,82.02848,41.46006,3.1985397,-1.7907648,58.506115,24.428642,85.557846,3.478785
2.091666666666667,44.42561,4.661821,-2.9304266,58.145203,25.0,81.99549,41.53762,3.2448692,-1.698225,58.59787,24.469841,85.456665,3.4447863
2.095833333333333,44.432533,4.6876535,-2.9304218,58.13084,25.0,81.966606,41.62008,3.2607098,-1.6359348,58.65038,24.399113,85.36955,3.409071
2.1,44.438503,4.7099314,-2.9304276,58.118504,25.0,81.94165,41.707474,3.2767448,-1.6099434,58.700226,24.351421,85.2621,3.3550298
2.1041666666666665,44.443573,4.7288547,-2.9304261,58.108074,25.0,81.92043,41.78402,3.3121395,-1.6173306,58.731792,24.337315,85.136345,3.287024
2.1083333333333334,44.4478,4.7446313,-2.930428,58.099407,25.0,81.90272,41.851078,3.3502388,-1.6525517,58.742016,24.342712,85.01757,3.2125165
2.1125,44.45125,4.7574987,-2.9304245,58.092365,25.0,81.88826,41.925865,3.3778286,-1.7081671,58.72936,24.345589,84.87286,3.1264935
2.1166666666666667,44.45398,4.7676983,-2.9304247,58.086792,25.0,81.87679,41.996475,3.3914757,-1.7817812,58.70362,24.356613,84.722885,3.0418248
2.120833333333333,44.45607,4.7755027,-2.9304256,58.082535,25.0,81.86801,42.065983,3.4197502,-1.903306,58.61182,24.390171,84.57488,2.9335227
2.125,44.457596,4.7811937,-2.9304278,58.079433,25.0,81.8616,42.125404,3.4335556,-2.0454721,58.5013,24.442493,84.44579,2.8352058
2.129166666666667,44.458637,4.785074,-2.9304285,58.077324,25.0,81.85722,42.183067,3.4453506,-2.1920404,58.376244,24.498516,84.331055,2.741951
2.1333333333333333,44.45928,4.787472,-2.930428,58.07602,25.0,81.85453,42.24111,3.4537525,-2.3395643,58.24873,24.545372,84.219955,2.6548426
2.1375,44.459614,4.788721,-2.9304264,58.075344,25.0,81.85312,42.29816,3.4566307,-2.4692268,58.159443,24.591686,84.122955,2.5805135
2.1416666666666666,44.45974,4.789192,-2.9304223,58.075092,25.0,81.85259,42.344093,3.4538078,-2.5847597,58.08797,24.635204,84.038376,2.5256076
2.1458333333333335,44.45976,4.7892585,-2.9304228,58.075058,25.0,81.85251,42.376263,3.452465,-2.6884098,58.01726,24.686253,83.97313,2.4872763
2.15,44.45976,4.7892585,-2.9304228,58.075058,25.0,81.85251,42.406487,3.453577,-2.771985,57.94357,24.712212,83.92628,2.4546027
2.154166666666667,44.45976,4.7892585,-2.9304228,58.075058,25.0,81.85251,42.4352,3.4705467,-2.8368254,57.8825,24.720753,83.90015,2.4179745
2.158333333333333,44.45976,4.7892585,-2.9304228,58.075058,25.0,81.85251,42.46006,3.4838886,-2.8939018,57.836475,24.732082,83.87792,2.3883297
2.1625,44.45976,4.7892585,-2.9304228,58.075058,25.0,81.85251,42.483932,3.5010872,-2.9355125,57.796265,24.747276,83.86186,2.358665
2.1666666666666665,44.45976,4.7892585,-2.9304228,58.075058,25.0,81.85251,42.50642,3.5282059,-2.966052,57.763443,24.769691,83.85188,2.3253074
2.1708333333333334,44.45976,4.7892585,-2.9304228,58.075058,25.0,81.85251,42.529274,3.5637035,-2.985118,57.740387,24.79155,83.84856,2.2873015
2.175,44.45976,4.7892585,-2.9304228,58.075058,25.0,81.85251,42.551434,3.599165,-2.991437,57.72939,24.808838,83.84856,2.2498333
2.1791666666666667,44.45976,4.7892585,-2.9304228,58.075058,25.0,81.85251,42.57099,3.631321,-2.991375,57.72398,24.823402,83.85073,2.2162979
2.183333333333333,44.45976,4.7892585,-2.9304228,58.075058,25.0,81.85251,42.588768,3.6617966,-2.9895878,57.71808,24.839577,83.85769,2.1852407
2.1875,44.45976,4.7892585,-2.9304228,58.075058,25.0,81.85251,42.60507,3.6881695,-2.9832172,57.71709,24.858585,83.865585,2.1575592
2.191666666666667,44.45976,4.7892585,-2.9304228,58.075058,25.0,81.85251,42.613396,3.713356,-2.9786654,57.72132,24.880314,83.87199,2.1375103
2.1958333333333333,44.45976,4.7892585,-2.9304228,58.075058,25.0,81.85251,42.617725,3.735714,-2.9739847,57.729,24.900497,83.876564,2.1224847
2.2,44.45976,4.7892585,-2.9304228,58.075058,25.0,81.85251,42.621277,3.7537766,-2.9708462,57.735283,24.918438,83.87766,2.11042
2.2041666666666666,44.45976,4.7892585,-2.9304228,58.075058,25.0,81.85251,42.623634,3.7681618,-2.9684649,57.739773,24.934319,83.877174,2.1012945
2.2083333333333335,44.45976,4.7892585,-2.9304228,58.075058,25.0,81.85251,42.625458,3.7801247,-2.9652166,57.744175,24.947594,83.87659,2.0938532
2.2125,44.45976,4.7892585,-2.9304228,58.075058,25.0,81.85251,42.62628,3.789219,-2.9623947,57.74751,24.9571,83.876236,2.0887172
2.216666666666667,44.45976,4.7892585,-2.9304228,58.075058,25.0,81.85251,42.626076,3.795496,-2.9600925,57.75023,24.963448,83.87626,2.0858662
2.220833333333333,44.45976,4.7892585,-2.9304228,58.075058,25.0,81.85251,42.625366,3.79982,-2.958292,57.752003,24.96708,83.87701,2.0844092
2.225,44.45976,4.7892585,-2.9304228,58.075058,25.0,81.85251,42.624397,3.80262,-2.9570436,57.752804,24.968712,83.87835,2.0839183
2.2291666666666665,44.45976,4.7892585,-2.9304228,58.075058,25.0,81.85251,42.623505,3.8043194,-2.9561644,57.75298,24.968964,83.87994,2.08389
2.2333333333333334,44.45976,4.7892585,-2.9304228,58.075058,25.0,81.85251,42.622814,3.8053036,-2.95547,57.75284,24.968498,83.88151,2.084025
2.2375,44.45976,4.7892585,-2.9304228,58.075058,25.0,81.85251,42.622322,3.8058376,-2.9548616,57.75266,24.967674,83.882904,2.0841997
2.2416666666666667,44.45976,4.7892585,-2.9304228,58.075058,25.0,81.85251,42.62199,3.8060417,-2.9543447,57.752586,24.966763,83.884,2.0843897
2.245833333333333,44.45976,4.7892585,-2.9304228,58.075058,25.0,81.85251,42.621765,3.806059,-2.9539328,57.752583,24.965992,83.88471,2.0845754
2.25,44.45976,4.7892585,-2.9304228,58.075058,25.0,81.85251,42.621628,3.8060284,-2.9536467,57.752617,24.965576,83.88506,2.0847077
2.254166666666667,44.45976,4.7892585,-2.9304228,58.075058,25.0,81.85251,42.621574,3.8060036,-2.9534998,57.75266,24.965412,83.88515,2.0847647
2.2583333333333333,44.45976,4.7892585,-2.9304228,58.075058,25.0,81.85251,42.621567,3.8059864,-2.9534454,57.75269,24.965378,83.88515,2.084779
2.2625,44.45976,4.7892585,-2.9304228,58.075058,25.0,81.85251,42.621574,3.8059788,-2.9534283,57.7527,24.965378,83.88513,2.0847757
2.2666666666666666,44.45976,4.7892585,-2.9304228,58.075058,25.0,81.85251,42.62157,3.805975,-2.9534264,57.752705,24.965374,83.88513,2.084781
2.2708333333333335,44.45976,4.7892585,-2.9304228,58.075058,25.0,81.85251,42.62157,3.805975,-2.9534264,57.752705,24.965374,83.88513,2.084781
2.275,44.45976,4.7892585,-2.9304228,58.075058,25.0,81.85251,42.62157,3.805975,-2.9534264,57.752705,24.965374,83.88513,2.084781
2.279166666666667,44.45976,4.7892585,-2.9304228,58.075058,25.0,81.85251,42.62157,3.805975,-2.9534264,57.752705,24.965374,83.88513,2.084781
2.283333333333333,44.45976,4.7892585,-2.9304228,58.075058,25.0,81.85251,42.62157,3.805975,-2.9534264,57.752705,24.965374,83.88513,2.084781
2.2875,44.45976,4.7892585,-2.9304228,58.075058,25.0,81.85251,42.62157,3.805975,-2.9534264,57.752705,24.965374,83.88513,2.084781
2.2916666666666665,44.45976,4.7892585,-2.9304228,58.075058,25.0,81.85251,42.62157,3.805975,-2.9534264,57.752705,24.965374,83.88513,2.084781
2.2958333333333334,44.45976,4.7892585,-2.9304228,58.075058,25.0,81.85251,42.62157,3.805975,-2.9534264,57.752705,24.965374,83.88513,2.084781
2.3,44.45976,4.7892585,-2.9304228,58.075058,25.0,81.85251,42.62157,3.805975,-2.9534264,57.752705,24.965374,83.88513,2.084781
2.3041666666666667,44.45976,4.7892585,-2.9304228,58.075058,25.0,81.85251,42.62157,3.805975,-2.9534264,57.752705,24.965374,83.88513,2.084781
2.308333333333333,44.45976,4.7892585,-2.9304228,58.075058,25.0,81.85251,42.62157,3.805975,-2.9534264,57.752705,24.965374,83.88513,2.084781
2.3125,44.45976,4.7892585,-2.9304228,58.075058,25.0,81.85251,42.62157,3.805975,-2.9534264,57.752705,24.965374,83.88513,2.084781
2.316666666666667,44.45976,4.7892585,-2.9304228,58.075058,25.0,81.85251,42.62157,3.805975,-2.9534264,57.752705,24.965374,83.88513,2.084781
2.3208333333333333,44.45976,4.7892585,-2.9304228,58.075058,25.0,81.85251,42.62157,3.805975,-2.9534264,57.752705,24.965374,83.88513,2.084781
2.325,44.45976,4.7892585,-2.9304228,58.075058,25.0,81.85251,42.62157,3.805975,-2.9534264,57.752705,24.965374,83.88513,2.084781
2.3291666666666666,44.45976,4.7892585,-2.9304228,58.075058,25.0,81.85251,42.62157,3.805975,-2.9534264,57.752705,24.965374,83.88513,2.084781
2.3333333333333335,44.45976,4.7892585,-2.9304228,58.075058,25.0,81.85251,42.62157,3.805975,-2.9534264,57.752705,24.965374,83.88513,2.084781
2.3375,44.45976,4.7892585,-2.9304228,58.075058,25.0,81.85251,42.62157,3.805975,-2.9534264,57.752705,24.965374,83.88513,2.084781
2.341666666666667,44.45976,4.7892585,-2.9304228,58.075058,25.0,81.85251,42.62157,3.805975,-2.9534264,57.752705,24.965374,83.88513,2.084781
2.345833333333333,44.45976,4.7892585,-2.9304228,58.075058,25.0,81.85251,42.62157,3.805975,-2.9534264,57.752705,24.965374,83.88513,2.084781
2.35,44.45976,4.7892585,-2.9304228,58.075058,25.0,81.85251,42.62157,3.805975,-2.9534264,57.752705,24.965374,83.88513,2.084781
2.3541666666666665,44.45976,4.7892585,-2.9304228,58.075058,25.0,81.85251,42.62157,3.805975,-2.9534264,57.752705,24.965374,83.88513,2.084781
2.3583333333333334,44.45976,4.7892585,-2.9304228,58.075058,25.0,81.85251,42.62157,3.805975,-2.9534264,57.752705,24.965374,83.88513,2.084781
2.3625,44.45976,4.7892585,-2.9304228,58.075058,25.0,81.85251,42.62157,3.805975,-2.9534264,57.752705,24.965374,83.88513,2.084781
2.3666666666666667,44.45976,4.7892585,-2.9304228,58.075058,25.0,81.85251,42.62157,3.805975,-2.9534264,57.752705,24.965374,83.88513,2.084781
2.370833333333333,44.45976,4.7892585,-2.9304228,58.075058,25.0,81.85251,42.62157,3.805975,-2.9534264,57.752705,24.965374,83.88513,2.084781
2.375,44.45976,4.7892585,-2.9304228,58.075058,25.0,81.85251,42.62157,3.805975,-2.9534264,57.752705,24.965374,83.88513,2.084781
2.379166666666667,44.45976,4.7892585,-2.9304228,58.075058,25.0,81.85251,42.62157,3.805975,-2.9534264,57.752705,24.965374,83.88513,2.084781
2.3833333333333333,44.45976,4.7892585,-2.9304228,58.075058,25.0,81.85251,42.62157,3.805975,-2.9534264,57.752705,24.965374,83.88513,2.084781
2.3875,44.45976,4.7892585,-2.9304228,58.075058,25.0,81.85251,42.62157,3.805975,-2.9534264,57.752705,24.965374,83.88513,2.084781
2.3916666666666666,44.45976,4.7892585,-2.9304228,58.075058,25.0,81.85251,42.62157,3.805975,-2.9534264,57.752705,24.965374,83.88513,2.084781
2.3958333333333335,44.45976,4.7892585,-2.9304228,58.075058,25.0,81.85251,42.62157,3.805975,-2.9534264,57.752705,24.965374,83.88513,2.084781
2.4,44.45976,4.7892585,-2.9304228,58.075058,25.0,81.85251,42.62157,3.805975,-2.9534264,57.752705,24.965374,83.88513,2.084781
2.404166666666667,44.45976,4.7892585,-2.9304228,58.075058,25.0,81.85251,42.62157,3.805975,-2.9534264,57.752705,24.965374,83.88513,2.084781
2.408333333333333,44.45976,4.7892585,-2.9304228,58.075058,25.0,81.85251,42.62157,3.805975,-2.9534264,57.752705,24.965374,83.88513,2.084781
2.4125,44.45976,4.7892585,-2.9304228,58.075058,25.0,81.85251,42.62157,3.805975,-2.9534264,57.752705,24.965374,83.88513,2.084781
2.4166666666666665,44.45976,4.7892585,-2.9304228,58.075058,25.0,81.85251,42.62157,3.805975,-2.9534264,57.752705,24.965374,83.88513,2.084781
2.4208333333333334,44.45976,4.7892585,-2.9304228,58.075058,25.0,81.85251,42.62157,3.805975,-2.9534264,57.752705,24.965374,83.88513,2.084781
2.425,44.45976,4.7892585,-2.9304228,58.075058,25.0,81.85251,42.62157,3.805975,-2.9534264,57.752705,24.965374,83.88513,2.084781
2.4291666666666667,44.45976,4.7892585,-2.9304228,58.075058,25.0,81.85251,42.62157,3.805975,-2.9534264,57.752705,24.965374,83.88513,2.084781
2.433333333333333,44.45976,4.7892585,-2.9304228,58.075058,25.0,81.85251,42.62157,3.805975,-2.9534264,57.752705,24.965374,83.88513,2.084781
2.4375,44.45976,4.7892585,-2.9304228,58.075058,25.0,81.85251,42.62157,3.805975,-2.9534264,57.752705,24.965374,83.88513,2.084781
2.441666666666667,44.45976,4.7892585,-2.9304228,58.075058,25.0,81.85251,42.62157,3.805975,-2.9534264,57.752705,24.965374,83.88513,2.084781
2.4458333333333333,44.45976,4.7892585,-2.9304228,58.075058,25.0,81.85251,42.62157,3.805975,-2.9534264,57.752705,24.965374,83.88513,2.084781
2.45,44.45976,4.7892585,-2.9304228,58.075058,25.0,81.85251,42.62157,3.805975,-2.9534264,57.752705,24.965374,83.88513,2.084781
2.4541666666666666,44.45976,4.7892585,-2.9304228,58.075058,25.0,81.85251,42.62157,3.805975,-2.9534264,57.752705,24.965374,83.88513,2.084781
2.4583333333333335,44.45976,4.7892585,-2.9304228,58.075058,25.0,81.85251,42.62157,3.805975,-2.9534264,57.752705,24.965374,83.88513,2.084781
2.4625,44.45976,4.7892585,-2.9304228,58.075058,25.0,81.85251,42.62157,3.805975,-2.9534264,57.752705,24.965374,83.88513,2.084781
2.466666666666667,44.45976,4.7892585,-2.9304228,58.075058,25.0,81.85251,42.62157,3.805975,-2.9534264,57.752705,24.965374,83.88513,2.084781
2.470833333333333,44.45976,4.7892585,-2.9304228,58.075058,25.0,81.85251,42.62157,3.805975,-2.9534264,57.752705,24.965374,83.88513,2.084781
2.475,44.45976,4.7892585,-2.9304228,58.075058,25.0,81.85251,42.62157,3.805975,-2.9534264,57.752705,24.965374,83.88513,2.084781
2.4791666666666665,44.45976,4.7892585,-2.9304228,58.075058,25.0,81.85251,42.62157,3.805975,-2.9534264,57.752705,24.965374,83.88513,2.084781
2.4833333333333334,44.45976,4.7892585,-2.9304228,58.075058,25.0,81.85251,42.62157,3.805975,-2.9534264,57.752705,24.965374,83.88513,2.084781
2.4875,44.45976,4.7892585,-2.9304228,58.075058,25.0,81.85251,42.62157,3.805975,-2.9534264,57.752705,24.965374,83.88513,2.084781
2.4916666666666667,44.45976,4.7892585,-2.9304228,58.075058,25.0,81.85251,42.62157,3.805975,-2.9534264,57.752705,24.965374,83.88513,2.084781
2.495833333333333,44.45976,4.7892585,-2.9304228,58.075058,25.0,81.85251,42.62157,3.805975,-2.9534264,57.752705,24.965374,83.88513,2.084781
2.5,44.45976,4.7892585,-2.9304228,58.075058,25.0,81.85251,42.62157,3.805975,-2.9534264,57.752705,24.965374,83.88513,2.084781
2.504166666666667,44.45976,4.7892585,-2.9304228,58.075058,25.0,81.85251,42.62157,3.805975,-2.9534264,57.752705,24.965374,83.88513,2.084781
2.5083333333333333,44.45976,4.7892585,-2.9304228,58.075058,25.0,81.85251,42.62157,3.805975,-2.9534264,57.752705,24.965374,83.88513,2.084781
2.5125,44.45976,4.7892585,-2.9304228,58.075058,25.0,81.85251,42.62157,3.805975,-2.9534264,57.752705,24.965374,83.88513,2.084781
2.5166666666666666,44.45976,4.7892585,-2.9304228,58.075058,25.0,81.85251,42.62157,3.805975,-2.9534264,57.752705,24.965374,83.88513,2.084781
2.5208333333333335,44.45976,4.7892585,-2.9304228,58.075058,25.0,81.85251,42.62157,3.805975,-2.9534264,57.752705,24.965374,83.88513,2.084781
2.525,44.45976,4.7892585,-2.9304228,58.075058,25.0,81.85251,42.62157,3.805975,-2.9534264,57.752705,24.965374,83.88513,2.084781
2.529166666666667,44.45976,4.7892585,-2.9304228,58.075058,25.0,81.85251,42.62157,3.805975,-2.9534264,57.752705,24.965374,83.88513,2.084781
2.533333333333333,44.45976,4.7892585,-2.9304228,58.075058,25.0,81.85251,42.62157,3.8059788,-2.9534235,57.75271,24.965378,83.88513,2.084779
2.5375,44.45976,4.7892585,-2.9304228,58.075058,25.0,81.85251,42.621548,3.8059711,-2.9534016,57.752743,24.96537,83.88515,2.0848026
2.5416666666666665,44.45976,4.7892585,-2.9304228,58.075058,25.0,81.85251,42.621475,3.8059635,-2.9532738,57.752888,24.965431,83.8852,2.0848687
2.5458333333333334,44.45976,4.7892585,-2.9304228,58.075058,25.0,81.85251,42.621304,3.806055,-2.9529295,57.753326,24.965702,83.88527,2.084973
2.55,44.45976,4.7892585,-2.9304228,58.075058,25.0,81.85251,42.62097,3.8062515,-2.952198,57.754265,24.966309,83.88534,2.0851655
2.5541666666666667,44.45976,4.7892585,-2.9304228,58.075058,25.0,81.85251,42.620316,3.8065472,-2.9509392,57.755966,24.967396,83.88543,2.085592
2.558333333333333,44.45976,4.7892585,-2.9304228,58.075058,25.0,81.85251,42.61906,3.8068562,-2.9490166,57.758762,24.969173,83.88561,2.0865355
2.5625,44.45976,4.7892585,-2.9304228,58.075058,25.0,81.85251,42.616905,3.8070087,-2.9462137,57.763123,24.971851,83.885864,2.0883422
2.566666666666667,44.45976,4.7892585,-2.9304228,58.075058,25.0,81.85251,42.613594,3.8067665,-2.9424133,57.769543,24.975658,83.88597,2.0913532
2.5708333333333333,44.45976,4.7892585,-2.9304228,58.075058,25.0,81.85251,42.60894,3.805891,-2.9376516,57.77838,24.980679,83.88556,2.0958517
2.575,44.45976,4.7892585,-2.9304228,58.075058,25.0,81.85251,42.6029,3.8040562,-2.9322205,57.789757,24.986961,83.8842,2.1020339
2.5791666666666666,44.45976,4.7892585,-2.9304228,58.075058,25.0,81.85251,42.595413,3.800848,-2.9265404,57.803738,24.99451,83.88166,2.110155
2.5833333333333335,44.45976,4.7892585,-2.9304228,58.075058,25.0,81.85251,42.586502,3.7967758,-2.920188,57.820744,25.002563,83.87802,2.119957
2.5875,44.45976,4.7892585,-2.9304228,58.075058,25.0,81.85251,42.576294,3.7941055,-2.911748,57.84264,25.014698,83.87229,2.130286
2.591666666666667,44.45976,4.7892585,-2.9304228,58.075058,25.0,81.85251,42.564747,3.792881,-2.9011326,57.869873,25.031319,83.86402,2.1411903
2.595833333333333,44.45976,4.7892585,-2.9304228,58.075058,25.0,81.85251,42.55056,3.791809,-2.8889837,57.901604,25.048866,83.854225,2.1544516
2.6,44.45976,4.7892585,-2.9304228,58.075058,25.0,81.85251,42.533005,3.7919598,-2.8754816,57.93657,25.067944,83.84309,2.1702542
2.6041666666666665,44.45976,4.7892585,-2.9304228,58.075058,25.0,81.85251,42.510918,3.7937584,-2.8598604,57.975002,25.092182,83.83087,2.189516
2.6083333333333334,44.45976,4.7892585,-2.9304228,58.075058,25.0,81.85251,42.484238,3.798172,-2.8401575,58.021614,25.124481,83.819176,2.2120316
2.6125,44.45976,4.7892585,-2.9304228,58.075058,25.0,81.85251,42.455826,3.805622,-2.814248,58.079952,25.16911,83.8064,2.2353487
2.6166666666666667,44.45976,4.7892585,-2.9304228,58.075058,25.0,81.85251,42.425514,3.8169937,-2.7835693,58.148087,25.229237,83.79885,2.259428
2.620833333333333,44.45976,4.7892585,-2.9304228,58.075058,25.0,81.85251,42.40076,3.836176,-2.7612743,58.217525,25.304832,83.79802,2.2751815
2.625,44.45976,4.7892585,-2.9304228,58.075058,25.0,81.85251,42.381706,3.8566132,-2.7444544,58.280697,25.398857,83.80839,2.2853258
2.629166666666667,44.45976,4.7892585,-2.9304228,58.075058,25.0,81.85251,42.358532,3.8705425,-2.740035,58.341545,25.513344,83.83092,2.3011823
2.6333333333333333,44.45976,4.7892585,-2.9304228,58.075058,25.0,81.85251,42.33638,3.8863487,-2.728033,58.40332,25.641472,83.86497,2.316235
2.6375,44.45976,4.7892585,-2.9304228,58.075058,25.0,81.85251,42.319145,3.896593,-2.7119732,58.477505,25.78276,83.90616,2.329549
2.6416666666666666,44.45976,4.7892585,-2.9304228,58.075058,25.0,81.85251,42.302574,3.9056778,-2.7064266,58.56002,25.952194,83.96046,2.3418655
2.6458333333333335,44.45976,4.7892585,-2.9304228,58.075058,25.0,81.85251,42.296387,3.9081287,-2.7443695,58.63895,26.184784,84.02245,2.3433275
2.65,44.45976,4.7892585,-2.9304228,58.075058,25.0,81.85251,42.28077,3.905672,-2.7969942,58.71841,26.428299,84.08374,2.3551056
2.654166666666667,44.45974,4.789192,-2.9304223,58.075092,25.0,81.85259,42.269875,3.910925,-2.872366,58.776527,26.679962,84.146355,2.3601341
2.658333333333333,44.459614,4.788721,-2.9304264,58.075344,25.0,81.85312,42.25937,3.901844,-2.975707,58.830566,26.936111,84.20914,2.3726945
2.6625,44.45928,4.787472,-2.930428,58.07602,25.0,81.85453,42.250988,3.863783,-3.1054096,58.85549,27.133823,84.277214,2.400076
2.6666666666666665,44.458637,4.785074,-2.9304285,58.077324,25.0,81.85722,42.23737,3.794384,-3.2778063,58.843765,27.304203,84.35503,2.4568615
2.6708333333333334,44.457596,4.7811937,-2.9304278,58.079433,25.0,81.8616,42.205605,3.684019,-3.498692,58.82663,27.449898,84.440636,2.5686924
2.675,44.45607,4.7755027,-2.9304256,58.082535,25.0,81.86801,42.145958,3.5253735,-3.7657547,58.795937,27.581047,84.5498,2.7563047
2.6791666666666667,44.45398,4.7676983,-2.9304247,58.086792,25.0,81.87679,42.088566,3.4023876,-4.055445,58.721527,27.665756,84.628914,2.9537985
2.683333333333333,44.45125,4.7574987,-2.9304245,58.092365,25.0,81.88826,42.049072,3.2394772,-4.3436594,58.662457,27.742657,84.700584,3.173653
2.6875,44.4478,4.7446313,-2.930428,58.099407,25.0,81.90272,41.993446,3.0807304,-4.6228113,58.598053,27.802708,84.78786,3.4141731
2.691666666666667,44.443573,4.7288547,-2.9304261,58.108074,25.0,81.92043,41.923862,2.924099,-4.8834457,58.558083,27.860447,84.888916,3.6633823
2.6958333333333333,44.438503,4.7099314,-2.9304276,58.118504,25.0,81.94165,41.883015,2.7702522,-5.1536884,58.47724,28.037418,84.98562,3.903302
2.7,44.432533,4.6876535,-2.9304218,58.13084,25.0,81.966606,41.85861,2.660921,-5.3795056,58.457962,28.312168,85.08047,4.0903234
2.7041666666666666,44.42561,4.661821,-2.9304266,58.145203,25.0,81.99549,41.813633,2.5846634,-5.6039796,58.489426,28.744812,85.17534,4.2760835
2.7083333333333335,44.41769,4.6322575,-2.9304242,58.161743,25.0,82.02848,41.739548,2.6742115,-5.8553843,58.626465,29.661228,85.228775,4.4228706
2.7125,44.408722,4.5987954,-2.930426,58.180576,25.0,82.06575,41.681213,2.8300934,-5.983959,58.899857,30.586334,85.31616,4.4600086
2.716666666666667,44.398674,4.5612855,-2.9304261,58.201843,25.0,82.107414,41.701035,3.0333958,-6.0450006,59.227673,31.403912,85.435425,4.3945737
2.720833333333333,44.387505,4.519602,-2.930426,58.225662,25.0,82.153595,41.760395,3.2360115,-6.0591106,59.544144,32.021145,85.58608,4.2822866
2.725,44.375183,4.4736214,-2.9304297,58.252155,25.0,82.20439,41.803894,3.4208584,-6.0539856,59.821606,32.45761,85.74926,4.180483
2.7291666666666665,44.361687,4.4232483,-2.930425,58.281464,25.0,82.25986,41.85668,3.530592,-5.9559097,60.071747,32.68101,85.96447,4.028082
2.7333333333333334,44.346985,4.3683887,-2.9304256,58.313698,25.0,82.320045,41.912373,3.5749607,-5.8557954,60.250885,32.779816,86.158585,3.8877568
2.7375,44.331066,4.308972,-2.9304285,58.348988,25.0,82.38497,41.978172,3.5883827,-5.7574825,60.39907,32.838898,86.347664,3.7480118
2.7416666666666667,44.313908,4.244938,-2.930421,58.38747,25.0,82.45466,42.0417,3.582077,-5.6625433,60.5449,32.82682,86.53153,3.6148043
2.745833333333333,44.295498,4.176239,-2.9304295,58.42924,25.0,82.529076,42.07799,3.5298862,-5.6099877,60.65977,32.857784,86.6792,3.5376742
2.75,44.275833,4.1028457,-2.9304285,58.474457,25.0,82.608185,42.09439,3.4249058,-5.6018057,60.744446,32.881252,86.84986,3.5149038
2.754166666666667,44.254906,4.024736,-2.930427,58.52323,25.0,82.69193,42.085888,3.3490639,-5.5739965,60.822075,32.914074,86.98382,3.485632
2.7583333333333333,44.232708,3.941901,-2.9304266,58.575684,25.0,82.78026,42.04911,3.3118305,-5.544116,60.90806,33.016483,87.109406,3.4635906
2.7625,44.209248,3.8543465,-2.930424,58.631943,25.0,82.873055,42.010307,3.2865868,-5.5152617,60.997097,33.13899,87.22896,3.4407957
2.7666666666666666,44.18453,3.7620864,-2.9304245,58.692123,25.0,82.970215,41.9804,3.2839832,-5.524164,61.096813,33.380325,87.341484,3.4371862
2.7708333333333335,44.158554,3.665147,-2.9304256,58.756348,25.0,83.07162,41.951805,3.277729,-5.5534225,61.20675,33.692642,87.45996,3.4496298
2.775,44.131336,3.5635712,-2.9304287,58.824722,25.0,83.17713,41.921654,3.262949,-5.5493774,61.352814,34.072086,87.6099,3.4397619
2.779166666666667,44.102886,3.457404,-2.9304292,58.89737,25.0,83.2866,41.885918,3.253727,-5.567291,61.51163,34.463913,87.77177,3.4510105
2.783333333333333,44.073227,3.3467083,-2.930424,58.9744,25.0,83.39983,41.846867,3.2130985,-5.6140428,61.67917,34.776978,87.9062,3.4894617
2.7875,44.04237,3.2315478,-2.9304247,59.0559,25.0,83.51667,41.846806,3.147606,-5.6752253,61.88407,34.97353,88.00919,3.5158894
2.7916666666666665,44.010338,3.112006,-2.9304268,59.141968,25.0,83.63692,41.858086,3.04887,-5.756435,62.128654,35.061333,88.11841,3.5528154
2.7958333333333334,43.977158,2.9881709,-2.9304254,59.232697,25.0,83.76037,41.86087,2.8780613,-5.864385,62.33893,34.972084,88.26216,3.6192424
2.8,43.942852,2.8601348,-2.9304254,59.328163,25.0,83.88681,41.838577,2.6704903,-5.9333134,62.540836,34.785297,88.42551,3.6716855
2.8041666666666667,43.907448,2.7280102,-2.930425,59.428432,25.0,84.01603,41.81554,2.442051,-5.9490666,62.774033,34.564907,88.59101,3.6837544
2.808333333333333,43.87098,2.5919034,-2.930426,59.53357,25.0,84.14779,41.75443,2.2592316,-5.980318,63.046413,34.560863,88.72905,3.7272375
2.8125,43.833477,2.4519446,-2.9304254,59.643616,25.0,84.28187,41.694973,2.0761852,-5.9715548,63.3161,34.57436,88.884705,3.7366912
2.816666666666667,43.794975,2.3082533,-2.9304252,59.758617,25.0,84.418015,41.635254,1.9022121,-5.8952537,63.631924,34.66335,89.035286,3.690457
2.8208333333333333,43.755512,2.160976,-2.9304228,59.87859,25.0,84.55599,41.544548,1.691082,-5.797427,63.953197,34.78547,89.20128,3.6508734
2.825,43.715122,2.0102468,-2.9304256,60.00354,25.0,84.69556,41.45244,1.4786663,-5.669324,64.28149,34.9223,89.37603,3.592197
2.8291666666666666,43.67385,1.8562229,-2.9304254,60.13347,25.0,84.83646,41.354595,1.2984715,-5.5099673,64.60394,35.054115,89.563446,3.513413
2.8333333333333335,43.631744,1.6990492,-2.9304292,60.26836,25.0,84.97842,41.256798,1.1249008,-5.356659,64.889,35.14198,89.75724,3.4433427
2.8375,43.58883,1.5389043,-2.9304261,60.40817,25.0,85.12124,41.14525,0.9795532,-5.2000613,65.175385,35.16519,89.97035,3.381598
2.841666666666667,43.545162,1.3759413,-2.930422,60.552853,25.0,85.26465,41.029427,0.8490162,-5.024836,65.45062,35.14907,90.20028,3.315591
2.845833333333333,43.500786,1.210334,-2.9304264,60.702328,25.0,85.408394,40.926807,0.7435684,-4.841653,65.71443,35.090096,90.421776,3.2397563
2.85,43.455753,1.042262,-2.930428,60.85652,25.0,85.55223,40.8127,0.6701889,-4.6507916,65.96593,34.992874,90.62172,3.1755044
2.8541666666666665,43.410107,0.87190974,-2.9304235,61.01533,25.0,85.69593,40.69607,0.596117,-4.491505,66.21593,34.89257,90.793655,3.1430914
2.8583333333333334,43.3639,0.6994564,-2.9304242,61.178627,25.0,85.83925,40.58429,0.5019722,-4.3518167,66.47456,34.825443,90.9421,3.1281922
2.8625,43.317177,0.5250926,-2.9304276,61.34627,25.0,85.981964,40.466877,0.39834213,-4.243834,66.75529,34.817593,91.064156,3.1409094
2.8666666666666667,43.269997,0.3490118,-2.9304268,61.51812,25.0,86.12384,40.34512,0.2954178,-4.167307,67.00319,34.79397,91.18468,3.1761062
2.870833333333333,43.22241,0.17140709,-2.930425,61.693996,25.0,86.26467,40.24781,0.20271873,-4.104723,67.244286,34.75855,91.29189,3.198154
2.875,43.174465,-0.0075231623,-2.9304266,61.873707,25.0,86.404236,40.16164,0.092954636,-4.0649233,67.47666,34.719715,91.38594,3.2209148
2.879166666666667,43.126217,-0.18757913,-2.9304287,62.05705,25.0,86.54235,40.071133,-0.0188694,-4.0306787,67.70326,34.688652,91.46448,3.2515464
2.8833333333333333,43.077724,-0.36855686,-2.9304268,62.24381,25.0,86.6788,39.981194,-0.13028336,-4.008647,67.92759,34.66843,91.54031,3.2875273
2.8875,43.02904,-0.5502514,-2.9304254,62.433743,25.0,86.813416,39.89691,-0.24737549,-3.9941754,68.14837,34.609535,91.60354,3.3216765
2.8916666666666666,42.980217,-0.73246354,-2.93043,62.6266,25.0,86.94602,39.843544,-0.3938942,-3.9957957,68.28302,34.454323,91.679245,3.3299174
2.8958333333333335,42.93131,-0.91498315,-2.9304252,62.822132,25.0,87.076454,39.812977,-0.56650734,-4.0097494,68.35075,34.248573,91.76551,3.3181877
2.9,42.882378,-1.0976095,-2.9304295,63.02005,25.0,87.20454,39.794548,-0.73353577,-4.0545197,68.34917,34.04676,91.84242,3.306179
2.904166666666667,42.83347,-1.280129,-2.9304256,63.22008,25.0,87.33016,39.786823,-0.88487244,-4.123809,68.30081,33.89872,91.90089,3.2958224
2.908333333333333,42.784645,-1.4623427,-2.9304264,63.42192,25.0,87.45318,39.796402,-1.0312157,-4.200091,68.23974,33.76237,91.92048,3.2752886
2.9125,42.735962,-1.6440382,-2.930425,63.625267,25.0,87.57346,39.827274,-1.1797123,-4.294777,68.14951,33.663177,91.92584,3.2461543
2.9166666666666665,42.68747,-1.8250176,-2.9304292,63.829803,25.0,87.69091,39.862637,-1.3158875,-4.4432077,68.05621,33.692844,91.90335,3.2445946
2.9208333333333334,42.63922,-2.0050712,-2.930426,64.035225,25.0,87.805435,39.902832,-1.4316959,-4.608962,67.97604,33.786327,91.856895,3.260992
2.925,42.591278,-2.1840003,-2.9304264,64.241196,25.0,87.916916,39.943222,-1.5357666,-4.7689457,67.90379,33.8858,91.80197,3.288246
2.9291666666666667,42.54369,-2.3616045,-2.9304254,64.447395,25.0,88.02531,39.988575,-1.6609039,-4.942239,67.834,33.983215,91.72988,3.326708
2.933333333333333,42.49651,-2.5376863,-2.9304278,64.65349,25.0,88.13052,40.052216,-1.7518806,-5.1225944,67.73696,34.039944,91.63768,3.376042
2.9375,42.449787,-2.71205,-2.930426,64.85915,25.0,88.23253,40.161217,-1.8188457,-5.2792377,67.632706,34.052197,91.519394,3.3988655
2.941666666666667,42.40358,-2.8845043,-2.9304252,65.06406,25.0,88.33126,40.304546,-1.8898239,-5.4453597,67.52511,34.062126,91.35733,3.4234817
2.9458333333333333,42.357933,-3.0548563,-2.930426,65.26786,25.0,88.426704,40.454033,-1.9549713,-5.6270137,67.41041,34.081406,91.1822,3.479392
2.95,42.312897,-3.2229283,-2.930426,65.47025,25.0,88.51883,40.595333,-2.0242558,-5.794709,67.281204,34.08593,91.005936,3.5483742
2.9541666666666666,42.268524,-3.3885329,-2.930424,65.670906,25.0,88.60761,40.740723,-2.082099,-5.9384108,67.16098,34.02727,90.84598,3.6178627
2.9583333333333335,42.224857,-3.5514977,-2.9304261,65.8695,25.0,88.69306,40.89734,-2.1400547,-6.063199,67.03483,33.94094,90.6972,3.6835775
2.9625,42.181946,-3.7116458,-2.9304252,66.06573,25.0,88.775185,41.057667,-2.2203655,-6.182021,66.9088,33.819065,90.54608,3.7497728
2.966666666666667,42.139835,-3.8688126,-2.9304237,66.259285,25.0,88.85398,41.200367,-2.314785,-6.3104353,66.790985,33.64272,90.383896,3.8369365
2.970833333333333,42.098564,-4.022839,-2.930426,66.449875,25.0,88.92949,41.34804,-2.3268204,-6.345558,66.77859,33.727882,90.22763,3.8862438
2.975,42.058174,-4.1735687,-2.9304292,66.637215,25.0,89.00174,41.473152,-2.3582373,-6.361746,66.757065,33.80672,90.103516,3.9257627
2.9791666666666665,42.01871,-4.3208485,-2.9304252,66.82104,25.0,89.07076,41.58748,-2.4310598,-6.3870263,66.73135,33.92979,90.034035,3.9629982
2.9833333333333334,41.98021,-4.464535,-2.9304264,67.00106,25.0,89.13661,41.718452,-2.5192022,-6.3996053,66.74791,34.0045,89.96392,3.9859803
2.9875,41.942707,-4.6044984,-2.9304261,67.17705,25.0,89.19932,41.870087,-2.6279955,-6.4236364,66.76274,34.024796,89.89816,4.0142694
2.9916666666666667,41.90624,-4.740601,-2.9304273,67.34875,25.0,89.25896,42.004124,-2.7851124,-6.46378,66.76586,33.967247,89.83725,4.0395665
2.995833333333333,41.870834,-4.8727293,-2.9304268,67.515945,25.0,89.31558,42.100178,-2.9535923,-6.503967,66.76827,33.88281,89.81814,4.062742
3.0,41.83653,-5.000762,-2.930426,67.67842,25.0,89.36926,42.201286,-3.1221867,-6.512523,66.85727,33.80194,89.78121,4.0612206
3.004166666666667,41.80335,-5.1245985,-2.9304276,67.835976,25.0,89.42006,42.25432,-3.3255415,-6.505269,66.9586,33.616005,89.740585,4.0273404
3.0083333333333333,41.771317,-5.2441397,-2.9304264,67.988434,25.0,89.46806,42.265938,-3.5599976,-6.483521,67.06988,33.33936,89.73513,3.9630122
3.0125,41.74046,-5.3593016,-2.9304252,68.13563,25.0,89.51333,42.219856,-3.8048449,-6.409761,67.215096,32.875607,89.73062,3.8408246
3.0166666666666666,41.710796,-5.4699965,-2.9304235,68.2774,25.0,89.55596,42.13916,-4.0403624,-6.3205004,67.40327,32.38214,89.73147,3.704048
3.0208333333333335,41.68235,-5.576165,-2.930425,68.41361,25.0,89.59601,42.072586,-4.3043375,-6.2275157,67.60474,31.838833,89.737564,3.5553675
3.025,41.655132,-5.677741,-2.9304266,68.54415,25.0,89.633575,42.028084,-4.529029,-6.1390696,67.855965,31.362354,89.73686,3.4284139
3.029166666666667,41.629158,-5.774678,-2.9304245,68.66892,25.0,89.66874,41.99986,-4.714226,-6.022852,68.15364,30.98772,89.75043,3.2901497
3.033333333333333,41.60444,-5.866939,-2.9304285,68.78783,25.0,89.70158,41.961407,-4.9158993,-5.9046426,68.44004,30.685108,89.793045,3.142905
3.0375,41.58098,-5.954494,-2.930425,68.90082,25.0,89.73218,41.908146,-5.1029005,-5.7833347,68.70827,30.449402,89.82268,2.9952202
3.0416666666666665,41.55878,-6.0373282,-2.930427,69.00783,25.0,89.760635,41.86841,-5.263257,-5.646585,68.94537,30.19909,89.81585,2.8412266
3.0458333333333334,41.537853,-6.115438,-2.9304242,69.10884,25.0,89.787,41.822033,-5.413166,-5.500152,69.164154,30.010178,89.79034,2.6790755
3.05,41.51819,-6.1888328,-2.9304264,69.203835,25.0,89.811386,41.757694,-5.543749,-5.3576064,69.3406,29.7742,89.78035,2.5228355
3.0541666666666667,41.49978,-6.2575307,-2.9304266,69.29282,25.0,89.83386,41.68345,-5.6033306,-5.1462603,69.53902,29.507889,89.77851,2.317678
3.058333333333333,41.48262,-6.3215623,-2.9304247,69.37583,25.0,89.854515,41.58939,-5.6480455,-4.8547506,69.77556,29.23074,89.78238,2.0415814
3.0625,41.4667,-6.3809824,-2.9304256,69.4529,25.0,89.8734,41.489876,-5.6997814,-4.542402,69.98576,28.920818,89.79429,1.7501539
3.066666666666667,41.452,-6.435841,-2.930427,69.5241,25.0,89.890625,41.412174,-5.7824144,-4.2558827,70.174835,28.659351,89.81353,1.4783049
3.0708333333333333,41.438503,-6.486217,-2.9304256,69.589516,25.0,89.90624,41.355667,-5.85668,-4.011323,70.353004,28.457653,89.84699,1.2536019
3.075,41.42618,-6.5321956,-2.9304254,69.64925,25.0,89.92035,41.320545,-5.932763,-3.7761831,70.5448,28.269749,89.88588,1.0420098
3.0791666666666666,41.415012,-6.5738783,-2.9304261,69.703415,25.0,89.93301,41.304955,-6.0148964,-3.5466223,70.727615,28.051685,89.918884,0.83920866
3.0833333333333335,41.404964,-6.611387,-2.9304264,69.752174,25.0,89.944275,41.30222,-6.11376,-3.3490233,70.85818,27.873352,89.93442,0.65834063
3.0875,41.395996,-6.6448503,-2.9304252,69.79569,25.0,89.95426,41.304413,-6.22896,-3.1653118,70.93989,27.683292,89.940384,0.4863372
3.091666666666667,41.388077,-6.674417,-2.9304276,69.834145,25.0,89.963,41.309013,-6.356082,-3.011508,70.974495,27.475883,89.9231,0.33787906
3.095833333333333,41.381153,-6.7002473,-2.9304261,69.86775,25.0,89.9706,41.315056,-6.4716005,-2.9158344,70.94971,27.249187,89.890854,0.23845567
3.1,41.375187,-6.722527,-2.9304254,69.89674,25.0,89.977104,41.321213,-6.588849,-2.873291,70.89461,27.047592,89.842964,0.15507206
3.1041666666666665,41.370113,-6.741445,-2.9304264,69.921364,25.0,89.98261,41.331337,-6.689184,-2.8288116,70.8618,26.85896,89.77578,0.12066631
3.1083333333333334,41.365887,-6.7572255,-2.9304264,69.9419,25.0,89.987175,41.348637,-6.750349,-2.770585,70.84593,26.691925,89.68852,0.1609164
3.1125,41.36244,-6.770091,-2.930427,69.95865,25.0,89.99089,41.373344,-6.8079967,-2.70858,70.83399,26.522331,89.60154,0.22532621
3.1166666666666667,41.359707,-6.7802906,-2.9304287,69.971924,25.0,89.99382,41.40006,-6.8681154,-2.6560612,70.82646,26.38432,89.51012,0.29089352
3.120833333333333,41.357616,-6.7880955,-2.9304276,69.982086,25.0,89.996056,41.42677,-6.9143248,-2.6225624,70.80758,26.26603,89.419304,0.33984834
3.125,41.35609,-6.793787,-2.9304242,69.9895,25.0,89.99769,41.459393,-6.9506254,-2.5978594,70.805115,26.164818,89.32824,0.38192794
3.129166666666667,41.35505,-6.7976694,-2.9304268,69.99455,25.0,89.9988,41.489758,-6.9862137,-2.574977,70.813354,26.065372,89.24495,0.42431113
3.1333333333333333,41.35441,-6.8000636,-2.9304252,69.99767,25.0,89.99949,41.52471,-7.0139275,-2.5597887,70.81959,25.951717,89.16783,0.4605566
3.1375,41.354073,-6.801315,-2.930428,69.9993,25.0,89.99985,41.562424,-7.0318613,-2.5507479,70.824234,25.839886,89.10178,0.49063113
3.1416666666666666,41.353947,-6.801783,-2.9304276,69.99991,25.0,89.999985,41.594852,-7.049385,-2.537428,70.828575,25.730366,89.052895,0.52325046
3.1458333333333335,41.353928,-6.8018513,-2.930426,70.0,25.0,90.0,41.615845,-7.064906,-2.518961,70.83662,25.625988,89.02281,0.5541677
3.15,41.353928,-6.8018513,-2.930426,70.0,25.0,90.0,41.63217,-7.0770016,-2.4937296,70.845314,25.51455,89.00218,0.5863711
3.154166666666667,41.353928,-6.8018513,-2.930426,70.0,25.0,90.0,41.642937,-7.0878735,-2.4676313,70.86098,25.408802,88.99225,0.61604685
3.158333333333333,41.353928,-6.8018513,-2.930426,70.0,25.0,90.0,41.644325,-7.0924644,-2.4523926,70.881805,25.33043,88.992065,0.6303195
3.1625,41.353928,-6.8018513,-2.930426,70.0,25.0,90.0,41.642982,-7.096401,-2.442603,70.90139,25.26381,89.00086,0.6389706
3.1666666666666665,41.353928,-6.8018513,-2.930426,70.0,25.0,90.0,41.63979,-7.100628,-2.4373446,70.92211,25.209293,89.01395,0.6435167
3.1708333333333334,41.353928,-6.8018513,-2.930426,70.0,25.0,90.0,41.635357,-7.1095724,-2.4367428,70.940125,25.1702,89.0269,0.6462335
3.175,41.353928,-6.8018513,-2.930426,70.0,25.0,90.0,41.629974,-7.1197186,-2.441059,70.95713,25.144001,89.03833,0.6455395
3.1791666666666667,41.353928,-6.8018513,-2.930426,70.0,25.0,90.0,41.626034,-7.131052,-2.4509993,70.96884,25.130615,89.04894,0.64207846
3.183333333333333,41.353928,-6.8018513,-2.930426,70.0,25.0,90.0,41.620598,-7.1403837,-2.463355,70.97662,25.127434,89.058586,0.63550955
3.1875,41.353928,-6.8018513,-2.930426,70.0,25.0,90.0,41.615685,-7.1458626,-2.4775038,70.98165,25.133163,89.06655,0.62609816
3.191666666666667,41.353928,-6.8018513,-2.930426,70.0,25.0,90.0,41.610523,-7.1485176,-2.4938297,70.98456,25.14824,89.07353,0.613706
3.1958333333333333,41.353928,-6.8018513,-2.930426,70.0,25.0,90.0,41.605602,-7.1495886,-2.5120192,70.98559,25.171951,89.07864,0.5994377
3.2,41.353928,-6.8018513,-2.930426,70.0,25.0,90.0,41.60074,-7.1499233,-2.5308132,70.985725,25.199947,89.08301,0.5846025
3.2041666666666666,41.353928,-6.8018513,-2.930426,70.0,25.0,90.0,41.596283,-7.1498203,-2.5496178,70.98442,25.230778,89.0858,0.5699416
3.2083333333333335,41.353928,-6.8018513,-2.930426,70.0,25.0,90.0,41.59228,-7.149231,-2.5673084,70.98178,25.26101,89.08809,0.55618286
3.2125,41.353928,-6.8018513,-2.930426,70.0,25.0,90.0,41.58917,-7.1487646,-2.5833015,70.97842,25.288403,89.08974,0.54422647
3.216666666666667,41.353928,-6.8018513,-2.930426,70.0,25.0,90.0,41.586967,-7.1481905,-2.597249,70.97497,25.312176,89.09068,0.5341023
3.220833333333333,41.353928,-6.8018513,-2.930426,70.0,25.0,90.0,41.585506,-7.147419,-2.6090183,70.971634,25.332253,89.09114,0.5256887
3.225,41.353928,-6.8018513,-2.930426,70.0,25.0,90.0,41.584644,-7.1466017,-2.6182518,70.968735,25.348183,89.091324,0.51916826
3.2291666666666665,41.353928,-6.8018513,-2.930426,70.0,25.0,90.0,41.584118,-7.14583,-2.6251116,70.96647,25.360153,89.0914,0.5143208
3.2333333333333334,41.353928,-6.8018513,-2.930426,70.0,25.0,90.0,41.583733,-7.1451902,-2.6299171,70.96475,25.368378,89.091446,0.5108791
3.2375,41.353928,-6.8018513,-2.930426,70.0,25.0,90.0,41.583435,-7.1447754,-2.6331024,70.963524,25.373573,89.09148,0.50859797
3.2416666666666667,41.353928,-6.8018513,-2.930426,70.0,25.0,90.0,41.58322,-7.1445303,-2.6351128,70.9627,25.376625,89.09145,0.5071631
3.245833333333333,41.353928,-6.8018513,-2.930426,70.0,25.0,90.0,41.583084,-7.144411,-2.6362638,70.96211,25.378216,89.091415,0.5063509
3.25,41.353928,-6.8018513,-2.930426,70.0,25.0,90.0,41.582993,-7.144367,-2.6368523,70.96176,25.378883,89.09137,0.5059381
3.254166666666667,41.353928,-6.8018513,-2.930426,70.0,25.0,90.0,41.58296,-7.144355,-2.637083,70.96157,25.379105,89.091354,0.5057803
3.2583333333333333,41.353928,-6.8018513,-2.930426,70.0,25.0,90.0,41.582947,-7.144355,-2.6371508,70.9615,25.379158,89.09135,0.5057359
3.2625,41.353928,-6.8018513,-2.930426,70.0,25.0,90.0,41.58294,-7.144348,-2.6371622,70.96149,25.37915,89.09135,0.5057212
3.2666666666666666,41.353928,-6.8018513,-2.930426,70.0,25.0,90.0,41.582943,-7.14435,-2.637169,70.96148,25.379154,89.09135,0.5057204
3.2708333333333335,41.353928,-6.8018513,-2.930426,70.0,25.0,90.0,41.582943,-7.14435,-2.637169,70.96148,25.379154,89.09135,0.5057204
3.275,41.353928,-6.8018513,-2.930426,70.0,25.0,90.0,41.582943,-7.14435,-2.637169,70.96148,25.379154,89.09135,0.5057204
3.279166666666667,41.353928,-6.8018513,-2.930426,70.0,25.0,90.0,41.582943,-7.14435,-2.637169,70.96148,25.379154,89.09135,0.5057204
3.283333333333333,41.353928,-6.8018513,-2.930426,70.0,25.0,90.0,41.582943,-7.14435,-2.637169,70.96148,25.379154,89.09135,0.5057204
3.2875,41.353928,-6.8018513,-2.930426,70.0,25.0,90.0,41.582943,-7.14435,-2.637169,70.96148,25.379154,89.09135,0.5057204
3.2916666666666665,41.353928,-6.8018513,-2.930426,70.0,25.0,90.0,41.582943,-7.14435,-2.637169,70.96148,25.379154,89.09135,0.5057204
3.2958333333333334,41.353928,-6.8018513,-2.930426,70.0,25.0,90.0,41.582943,-7.14435,-2.637169,70.96148,25.379154,89.09135,0.5057204
3.3,41.353928,-6.8018513,-2.930426,70.0,25.0,90.0,41.582943,-7.14435,-2.637169,70.96148,25.379154,89.09135,0.5057204
3.3041666666666667,41.353928,-6.8018513,-2.930426,70.0,25.0,90.0,41.582943,-7.14435,-2.637169,70.96148,25.379154,89.09135,0.5057204
3.308333333333333,41.353928,-6.8018513,-2.930426,70.0,25.0,90.0,41.582943,-7.14435,-2.637169,70.96148,25.379154,89.09135,0.5057204
3.3125,41.353928,-6.8018513,-2.930426,70.0,25.0,90.0,41.582943,-7.14435,-2.637169,70.96148,25.379154,89.09135,0.5057204
3.316666666666667,41.353928,-6.8018513,-2.930426,70.0,25.0,90.0,41.582943,-7.14435,-2.637169,70.96148,25.379154,89.09135,0.5057204
3.3208333333333333,41.353928,-6.8018513,-2.930426,70.0,25.0,90.0,41.582943,-7.14435,-2.637169,70.96148,25.379154,89.09135,0.5057204
3.325,41.353928,-6.8018513,-2.930426,70.0,25.0,90.0,41.582943,-7.14435,-2.637169,70.96148,25.379154,89.09135,0.5057204
3.3291666666666666,41.353928,-6.8018513,-2.930426,70.0,25.0,90.0,41.582943,-7.14435,-2.637169,70.96148,25.379154,89.09135,0.5057204
3.3333333333333335,41.353928,-6.8018513,-2.930426,70.0,25.0,90.0,41.582947,-7.14435,-2.637167,70.96148,25.37915,89.09135,0.5057232
3.3375,41.353928,-6.8018513,-2.930426,70.0,25.0,90.0,41.582943,-7.144349,-2.637167,70.96148,25.379154,89.09135,0.50572085
3.341666666666667,41.353928,-6.8018513,-2.930426,70.0,25.0,90.0,41.582943,-7.144349,-2.6371698,70.96148,25.379154,89.09135,0.5057192
3.345833333333333,41.353928,-6.8018513,-2.930426,70.0,25.0,90.0,41.582943,-7.144349,-2.637169,70.96148,25.37915,89.09135,0.5057197
3.35,41.353928,-6.8018513,-2.930426,70.0,25.0,90.0,41.582947,-7.144349,-2.6371708,70.96148,25.379154,89.09135,0.5057204
3.3541666666666665,41.353928,-6.8018513,-2.930426,70.0,25.0,90.0,41.582947,-7.14435,-2.6371698,70.96148,25.379154,89.09135,0.50572157
3.3583333333333334,41.353928,-6.8018513,-2.930426,70.0,25.0,90.0,41.582943,-7.144347,-2.6371708,70.96148,25.379147,89.09135,0.50571734
3.3625,41.353928,-6.8018513,-2.930426,70.0,25.0,90.0,41.582943,-7.144352,-2.637167,70.96148,25.37915,89.09135,0.5057228
3.3666666666666667,41.353928,-6.8018513,-2.930426,70.0,25.0,90.0,41.582943,-7.144349,-2.637169,70.96148,25.37915,89.091354,0.5057197
3.370833333333333,41.353928,-6.8018513,-2.930426,70.0,25.0,90.0,41.582943,-7.144347,-2.6371717,70.96148,25.37915,89.091354,0.5057168
3.375,41.353928,-6.8018513,-2.930426,70.0,25.0,90.0,41.58294,-7.144352,-2.6371698,70.96148,25.37915,89.091354,0.5057194
3.379166666666667,41.353928,-6.8018513,-2.930426,70.0,25.0,90.0,41.58294,-7.14435,-2.637169,70.96149,25.379147,89.091354,0.50571865
3.3833333333333333,41.353928,-6.8018513,-2.930426,70.0,25.0,90.0,41.58294,-7.14435,-2.637165,70.96148,25.37915,89.091354,0.50572085
3.3875,41.353928,-6.8018513,-2.930426,70.0,25.0,90.0,41.582943,-7.144352,-2.637169,70.96148,25.37915,89.091354,0.5057217
3.3916666666666666,41.353928,-6.8018513,-2.930426,70.0,25.0,90.0,41.582943,-7.14435,-2.637166,70.96148,25.379154,89.091354,0.50572205
3.3958333333333335,41.353928,-6.8018513,-2.930426,70.0,25.0,90.0,41.582943,-7.14435,-2.637165,70.96149,25.37915,89.091354,0.50572264
3.4,41.353928,-6.8018513,-2.930426,70.0,25.0,90.0,41.582943,-7.14435,-2.637164,70.96149,25.379147,89.091354,0.5057231
3.404166666666667,41.353928,-6.8018513,-2.930426,70.0,25.0,90.0,41.58294,-7.14435,-2.637166,70.96149,25.379147,89.091354,0.5057203
3.408333333333333,41.353928,-6.8018513,-2.930426,70.0,25.0,90.0,41.58294,-7.144349,-2.637167,70.96148,25.37915,89.091354,0.5057191
3.4125,41.353928,-6.8018513,-2.930426,70.0,25.0,90.0,41.582943,-7.14435,-2.637167,70.96149,25.379154,89.091354,0.5057215
3.4166666666666665,41.353928,-6.8018513,-2.930426,70.0,25.0,90.0,41.582943,-7.144349,-2.637167,70.96148,25.379154,89.091354,0.50572085
3.4208333333333334,41.353928,-6.8018513,-2.930426,70.0,25.0,90.0,41.582943,-7.14435,-2.637167,70.96148,25.379154,89.091354,0.5057215
3.425,41.353928,-6.8018513,-2.930426,70.0,25.0,90.0,41.582943,-7.144352,-2.637166,70.96149,25.379158,89.091354,0.5057233
3.4291666666666667,41.353928,-6.8018513,-2.930426,70.0,25.0,90.0,41.582943,-7.144352,-2.637165,70.96148,25.379158,89.091354,0.5057239
3.433333333333333,41.353928,-6.8018513,-2.930426,70.0,25.0,90.0,41.582943,-7.144349,-2.637167,70.96148,25.379158,89.091354,0.50572085
3.4375,41.353928,-6.8018513,-2.930426,70.0,25.0,90.0,41.58294,-7.144353,-2.637165,70.96148,25.379158,89.091354,0.5057228
3.441666666666667,41.353928,-6.8018513,-2.930426,70.0,25.0,90.0,41.582943,-7.144352,-2.637164,70.96148,25.379158,89.091354,0.50572443
3.4458333333333333,41.353928,-6.8018513,-2.930426,70.0,25.0,90.0,41.582943,-7.14435,-2.637164,70.96148,25.379158,89.091354,0.5057231
3.45,41.353928,-6.8018513,-2.930426,70.0,25.0,90.0,41.582943,-7.144349,-2.637166,70.96148,25.379158,89.091354,0.5057214
3.4541666666666666,41.353928,-6.8018513,-2.930426,70.0,25.0,90.0,41.58294,-7.14435,-2.637164,70.96148,25.379154,89.091354,0.50572145
3.4583333333333335,41.353928,-6.8018513,-2.930426,70.0,25.0,90.0,41.582943,-7.144349,-2.6371632,70.96148,25.379158,89.091354,0.50572306
3.4625,41.353928,-6.8018513,-2.930426,70.0,25.0,90.0,41.582943,-7.144349,-2.637165,70.96148,25.379154,89.091354,0.505722
3.466666666666667,41.353928,-6.8018513,-2.930426,70.0,25.0,90.0,41.582943,-7.14435,-2.637165,70.96148,25.379158,89.091354,0.50572264
3.470833333333333,41.353928,-6.8018513,-2.930426,70.0,25.0,90.0,41.582943,-7.14435,-2.637164,70.96149,25.379158,89.091354,0.5057231
3.475,41.353928,-6.8018513,-2.930426,70.0,25.0,90.0,41.58294,-7.144353,-2.6371632,70.96149,25.379158,89.091354,0.5057239
3.4791666666666665,41.353928,-6.8018513,-2.930426,70.0,25.0,90.0,41.58294,-7.14435,-2.637166,70.96149,25.379154,89.091354,0.5057203
3.4833333333333334,41.353928,-6.8018513,-2.930426,70.0,25.0,90.0,41.58294,-7.14435,-2.637165,70.96149,25.379158,89.091354,0.50572085
3.4875,41.353928,-6.8018513,-2.930426,70.0,25.0,90.0,41.582947,-7.14435,-2.637167,70.96148,25.379154,89.091354,0.5057232
3.4916666666666667,41.353928,-6.8018513,-2.930426,70.0,25.0,90.0,41.582943,-7.14435,-2.6371622,70.96149,25.379158,89.09135,0.50572425
3.495833333333333,41.353928,-6.8018513,-2.930426,70.0,25.0,90.0,41.58294,-7.144353,-2.637167,70.96149,25.379158,89.09135,0.5057217
3.5,41.353928,-6.8018513,-2.930426,70.0,25.0,90.0,41.582943,-7.144349,-2.637169,70.96149,25.379162,89.09135,0.5057197
3.504166666666667,41.353928,-6.8018513,-2.930426,70.0,25.0,90.0,41.58294,-7.14435,-2.637164,70.96149,25.379158,89.09135,0.50572145
3.5083333333333333,41.353928,-6.8018513,-2.930426,70.0,25.0,90.0,41.582943,-7.14435,-2.637169,70.96149,25.379158,89.09135,0.5057204
3.5125,41.353928,-6.8018513,-2.930426,70.0,25.0,90.0,41.582947,-7.14435,-2.637165,70.96148,25.379162,89.09135,0.5057243
3.5166666666666666,41.353928,-6.8018513,-2.930426,70.0,25.0,90.0,41.582943,-7.144349,-2.637164,70.96148,25.379154,89.09135,0.5057225
3.5208333333333335,41.353928,-6.8018513,-2.930426,70.0,25.0,90.0,41.58294,-7.144349,-2.637165,70.96149,25.379158,89.09135,0.50572026
3.525,41.353928,-6.8018513,-2.930426,70.0,25.0,90.0,41.582943,-7.144348,-2.637165,70.96148,25.379158,89.09135,0.50572133
3.529166666666667,41.353928,-6.8018513,-2.930426,70.0,25.0,90.0,41.58294,-7.144347,-2.637169,70.96148,25.379158,89.09135,0.50571674
3.533333333333333,41.353928,-6.8018513,-2.930426,70.0,25.0,90.0,41.582943,-7.144346,-2.637169,70.96148,25.37915,89.09135,0.5057178
3.5375,41.353928,-6.8018513,-2.930426,70.0,25.0,90.0,41.582943,-7.144347,-2.6371632,70.96148,25.37915,89.09135,0.50572175
3.5416666666666665,41.353928,-6.8018513,-2.930426,70.0,25.0,90.0,41.582943,-7.144348,-2.637164,70.96149,25.37915,89.09135,0.50572187
3.5458333333333334,41.353928,-6.8018513,-2.930426,70.0,25.0,90.0,41.582947,-7.144348,-2.637165,70.96149,25.379154,89.09135,0.505723
3.55,41.353928,-6.8018513,-2.930426,70.0,25.0,90.0,41.582947,-7.144346,-2.6371632,70.96149,25.379154,89.09135,0.5057229
3.5541666666666667,41.353928,-6.8018513,-2.930426,70.0,25.0,90.0,41.582943,-7.144347,-2.6371632,70.96148,25.379154,89.09135,0.50572175
3.558333333333333,41.353928,-6.8018513,-2.930426,70.0,25.0,90.0,41.582943,-7.144347,-2.637166,70.96149,25.37915,89.09135,0.50572014
3.5625,41.353928,-6.8018513,-2.930426,70.0,25.0,90.0,41.582943,-7.144347,-2.637167,70.96149,25.37915,89.09135,0.50571954
3.566666666666667,41.353928,-6.8018513,-2.930426,70.0,25.0,90.0,41.582943,-7.14435,-2.637166,70.96148,25.37915,89.09135,0.50572205
3.5708333333333333,41.353928,-6.8018513,-2.930426,70.0,25.0,90.0,41.582943,-7.144348,-2.637167,70.96148,25.379147,89.09135,0.5057202
3.575,41.353928,-6.8018513,-2.930426,70.0,25.0,90.0,41.582943,-7.144349,-2.637167,70.96148,25.379147,89.09135,0.50572085
3.5791666666666666,41.353928,-6.8018513,-2.930426,70.0,25.0,90.0,41.582943,-7.144349,-2.637167,70.96148,25.379147,89.09135,0.50572085
3.5833333333333335,41.353928,-6.8018513,-2.930426,70.0,25.0,90.0,41.582943,-7.144349,-2.637167,70.96148,25.379147,89.09135,0.50572085
3.5875,41.353928,-6.8018513,-2.930426,70.0,25.0,90.0,41.582943,-7.144349,-2.637167,70.96148,25.379147,89.09135,0.50572085
3.591666666666667,41.353928,-6.8018513,-2.930426,70.0,25.0,90.0,41.582943,-7.144349,-2.637167,70.96148,25.379147,89.09135,0.50572085
3.595833333333333,41.353928,-6.8018513,-2.930426,70.0,25.0,90.0,41.582943,-7.144349,-2.637167,70.96148,25.379147,89.09135,0.50572085
3.6,41.353928,-6.8018513,-2.930426,70.0,25.0,90.0,41.582943,-7.144349,-2.637167,70.96148,25.379147,89.09135,0.50572085
3.6041666666666665,41.353928,-6.8018513,-2.930426,70.0,25.0,90.0,41.582943,-7.144349,-2.637167,70.96148,25.379147,89.09135,0.50572085
3.6083333333333334,41.353928,-6.8018513,-2.930426,70.0,25.0,90.0,41.582943,-7.144349,-2.637167,70.96148,25.379147,89.09135,0.50572085
3.6125,41.353928,-6.8018513,-2.930426,70.0,25.0,90.0,41.582943,-7.144349,-2.637167,70.96148,25.379147,89.09135,0.50572085
3.6166666666666667,41.353928,-6.8018513,-2.930426,70.0,25.0,90.0,41.582943,-7.144349,-2.637167,70.96148,25.379147,89.09135,0.50572085
3.620833333333333,41.353928,-6.8018513,-2.930426,70.0,25.0,90.0,41.582943,-7.144349,-2.637167,70.96148,25.379147,89.09135,0.50572085
3.625,41.353928,-6.8018513,-2.930426,70.0,25.0,90.0,41.582943,-7.144349,-2.637167,70.96148,25.379147,89.09135,0.50572085
3.629166666666667,41.353928,-6.8018513,-2.930426,70.0,25.0,90.0,41.582943,-7.144349,-2.637167,70.96148,25.379147,89.09135,0.50572085
3.6333333333333333,41.353928,-6.8018513,-2.930426,70.0,25.0,90.0,41.582943,-7.144349,-2.637167,70.96148,25.379147,89.09135,0.50572085
3.6375,41.353928,-6.8018513,-2.930426,70.0,25.0,90.0,41.582943,-7.144349,-2.637167,70.96148,25.379147,89.09135,0.50572085
3.6416666666666666,41.353928,-6.8018513,-2.930426,70.0,25.0,90.0,41.582943,-7.144349,-2.637167,70.96148,25.379147,89.09135,0.50572085
3.6458333333333335,41.353928,-6.8018513,-2.930426,70.0,25.0,90.0,41.582943,-7.144349,-2.637167,70.96148,25.379147,89.09135,0.50572085
3.65,41.353928,-6.8018513,-2.930426,70.0,25.0,90.0,41.582943,-7.144349,-2.637167,70.96148,25.379147,89.09135,0.50572085
3.654166666666667,41.353928,-6.8018513,-2.930426,70.0,25.0,90.0,41.582943,-7.144349,-2.637167,70.96148,25.379147,89.09135,0.50572085
3.658333333333333,41.353928,-6.8018513,-2.930426,70.0,25.0,90.0,41.582943,-7.144349,-2.637167,70.96148,25.379147,89.09135,0.50572085
3.6625,41.353928,-6.8018513,-2.930426,70.0,25.0,90.0,41.582943,-7.144349,-2.637167,70.96148,25.379147,89.09135,0.50572085
3.6666666666666665,41.353928,-6.8018513,-2.930426,70.0,25.0,90.0,41.582943,-7.144349,-2.637167,70.96148,25.379147,89.09135,0.50572085
3.6708333333333334,41.353928,-6.8018513,-2.930426,70.0,25.0,90.0,41.582943,-7.144349,-2.637167,70.96148,25.379147,89.09135,0.50572085
3.675,41.353928,-6.8018513,-2.930426,70.0,25.0,90.0,41.582943,-7.144349,-2.637167,70.96148,25.379147,89.09135,0.50572085
3.6791666666666667,41.353928,-6.8018513,-2.930426,70.0,25.0,90.0,41.582943,-7.144349,-2.637167,70.96148,25.379147,89.09135,0.50572085
3.683333333333333,41.353928,-6.8018513,-2.930426,70.0,25.0,90.0,41.582943,-7.144349,-2.637167,70.96148,25.379147,89.09135,0.50572085
3.6875,41.353928,-6.8018513,-2.930426,70.0,25.0,90.0,41.582943,-7.144349,-2.637167,70.96148,25.379147,89.09135,0.50572085
3.691666666666667,41.353928,-6.8018513,-2.930426,70.0,25.0,90.0,41.582943,-7.144349,-2.637167,70.96148,25.379147,89.09135,0.50572085
3.6958333333333333,41.353928,-6.8018513,-2.930426,70.0,25.0,90.0,41.582943,-7.144349,-2.637167,70.96148,25.379147,89.09135,0.50572085
3.7,41.353928,-6.8018513,-2.930426,70.0,25.0,90.0,41.582943,-7.144349,-2.637167,70.96148,25.379147,89.09135,0.50572085
3.7041666666666666,41.353928,-6.8018513,-2.930426,70.0,25.0,90.0,41.582943,-7.144349,-2.637167,70.96148,25.379147,89.09135,0.50572085
3.7083333333333335,41.353928,-6.8018513,-2.930426,70.0,25.0,90.0,41.582943,-7.144349,-2.637167,70.96148,25.379147,89.09135,0.50572085
3.7125,41.353928,-6.8018513,-2.930426,70.0,25.0,90.0,41.582943,-7.144349,-2.637167,70.96148,25.379147,89.09135,0.50572085
3.716666666666667,41.353928,-6.8018513,-2.930426,70.0,25.0,90.0,41.582943,-7.144349,-2.637167,70.96148,25.379147,89.09135,0.50572085
3.720833333333333,41.353928,-6.8018513,-2.930426,70.0,25.0,90.0,41.582943,-7.144349,-2.637167,70.96148,25.379147,89.09135,0.50572085
3.725,41.353928,-6.8018513,-2.930426,70.0,25.0,90.0,41.582943,-7.144349,-2.637167,70.96148,25.379147,89.09135,0.50572085
3.7291666666666665,41.353928,-6.8018513,-2.930426,70.0,25.0,90.0,41.582943,-7.144349,-2.637167,70.96148,25.379147,89.09135,0.50572085
3.7333333333333334,41.353928,-6.8018513,-2.930426,70.0,25.0,90.0,41.582943,-7.144349,-2.637167,70.96148,25.379147,89.09135,0.50572085
3.7375,41.353928,-6.8018513,-2.930426,70.0,25.0,90.0,41.582943,-7.14435,-2.637166,70.96149,25.379147,89.09135,0.50572205
3.7416666666666667,41.353928,-6.8018513,-2.930426,70.0,25.0,90.0,41.582947,-7.144349,-2.637167,70.96148,25.37915,89.09135,0.5057226
3.745833333333333,41.353928,-6.8018513,-2.930426,70.0,25.0,90.0,41.582947,-7.144349,-2.637169,70.96148,25.379147,89.09135,0.50572145
3.75,41.353928,-6.8018513,-2.930426,70.0,25.0,90.0,41.582943,-7.144349,-2.637169,70.96149,25.379147,89.09135,0.5057197
3.754166666666667,41.353928,-6.8018513,-2.930426,70.0,25.0,90.0,41.582943,-7.144349,-2.637167,70.96148,25.37915,89.09135,0.50572085
3.7583333333333333,41.353928,-6.8018513,-2.930426,70.0,25.0,90.0,41.582943,-7.14435,-2.637167,70.96148,25.37915,89.09135,0.5057215
3.7625,41.353928,-6.8018513,-2.930426,70.0,25.0,90.0,41.582943,-7.144349,-2.637166,70.96148,25.379147,89.091354,0.5057214
3.7666666666666666,41.353928,-6.8018513,-2.930426,70.0,25.0,90.0,41.58294,-7.144352,-2.637165,70.96148,25.37915,89.091354,0.50572217
3.7708333333333335,41.353928,-6.8018513,-2.930426,70.0,25.0,90.0,41.58294,-7.144349,-2.637169,70.96148,25.379154,89.091354,0.505718
3.775,41.353928,-6.8018513,-2.930426,70.0,25.0,90.0,41.58294,-7.14435,-2.6371708,70.96148,25.379147,89.091354,0.5057176
3.779166666666667,41.353928,-6.8018513,-2.930426,70.0,25.0,90.0,41.582943,-7.14435,-2.637164,70.96148,25.379147,89.091354,0.5057231
3.783333333333333,41.353928,-6.8018513,-2.930426,70.0,25.0,90.0,41.582943,-7.144349,-2.637165,70.96148,25.379147,89.091354,0.505722
3.7875,41.353928,-6.8018513,-2.930426,70.0,25.0,90.0,41.582943,-7.144347,-2.637166,70.96148,25.379147,89.091354,0.50572014
3.7916666666666665,41.353928,-6.8018513,-2.930426,70.0,25.0,90.0,41.582943,-7.144352,-2.637166,70.96149,25.37915,89.09136,0.5057233
3.7958333333333334,41.353928,-6.8018513,-2.930426,70.0,25.0,90.0,41.582947,-7.14435,-2.6371622,70.96149,25.379147,89.091354,0.505726
3.8,41.353928,-6.8018513,-2.930426,70.0,25.0,90.0,41.582943,-7.14435,-2.6371622,70.96149,25.379147,89.091354,0.50572425
3.8041666666666667,41.353928,-6.8018513,-2.930426,70.0,25.0,90.0,41.582943,-7.14435,-2.637164,70.96149,25.379147,89.091354,0.5057231
3.808333333333333,41.353928,-6.8018513,-2.930426,70.0,25.0,90.0,41.582943,-7.14435,-2.637166,70.96148,25.379154,89.091354,0.50572205
3.8125,41.353928,-6.8018513,-2.930426,70.0,25.0,90.0,41.582943,-7.144349,-2.637166,70.96149,25.379158,89.091354,0.5057214
3.816666666666667,41.353928,-6.8018513,-2.930426,70.0,25.0,90.0,41.582943,-7.14435,-2.637169,70.96149,25.379154,89.091354,0.5057204
3.8208333333333333,41.353928,-6.8018513,-2.930426,70.0,25.0,90.0,41.582947,-7.14435,-2.637165,70.96149,25.379158,89.091354,0.5057243
3.825,41.353928,-6.8018513,-2.930426,70.0,25.0,90.0,41.582943,-7.14435,-2.637166,70.96148,25.379154,89.091354,0.50572205
3.8291666666666666,41.353928,-6.8018513,-2.930426,70.0,25.0,90.0,41.582943,-7.144352,-2.637165,70.96148,25.379154,89.091354,0.5057239
3.8333333333333335,41.353928,-6.8018513,-2.930426,70.0,25.0,90.0,41.582943,-7.14435,-2.637165,70.96148,25.379158,89.091354,0.50572264
3.8375,41.353928,-6.8018513,-2.930426,70.0,25.0,90.0,41.582943,-7.144352,-2.637165,70.96148,25.379158,89.091354,0.5057239
3.841666666666667,41.353928,-6.8018513,-2.930426,70.0,25.0,90.0,41.58294,-7.14435,-2.637164,70.96148,25.379158,89.091354,0.50572145
3.845833333333333,41.353928,-6.8018513,-2.930426,70.0,25.0,90.0,41.58294,-7.14435,-2.637165,70.96149,25.379158,89.091354,0.50572085
3.85,41.353928,-6.8018513,-2.930426,70.0,25.0,90.0,41.58294,-7.14435,-2.637165,70.96149,25.379158,89.091354,0.50572085
3.8541666666666665,41.353928,-6.8018513,-2.930426,70.0,25.0,90.0,41.58294,-7.14435,-2.637165,70.96149,25.379158,89.091354,0.50572085
3.8583333333333334,41.353928,-6.8018513,-2.930426,70.0,25.0,90.0,41.58294,-7.14435,-2.637165,70.96149,25.379158,89.091354,0.50572085
3.8625,41.353928,-6.8018513,-2.930426,70.0,25.0,90.0,41.58294,-7.14435,-2.637164,70.96148,25.379158,89.091354,0.50572145
3.8666666666666667,41.353928,-6.8018513,-2.930426,70.0,25.0,90.0,41.582943,-7.14435,-2.637164,70.96148,25.379158,89.091354,0.5057231
3.870833333333333,41.353928,-6.8018513,-2.930426,70.0,25.0,90.0,41.582943,-7.144352,-2.6371632,70.96149,25.379158,89.091354,0.50572497
3.875,41.353928,-6.8018513,-2.930426,70.0,25.0,90.0,41.58294,-7.144352,-2.637164,70.96149,25.379158,89.091354,0.5057227
3.879166666666667,41.353928,-6.8018513,-2.930426,70.0,25.0,90.0,41.582943,-7.144352,-2.637165,70.96148,25.379158,89.091354,0.5057239
3.8833333333333333,41.353928,-6.8018513,-2.930426,70.0,25.0,90.0,41.582943,-7.14435,-2.637166,70.96148,25.379158,89.091354,0.50572205
3.8875,41.353928,-6.8018513,-2.930426,70.0,25.0,90.0,41.582943,-7.14435,-2.637166,70.96148,25.379154,89.091354,0.50572205
3.8916666666666666,41.353928,-6.8018513,-2.930426,70.0,25.0,90.0,41.582943,-7.14435,-2.6371622,70.96149,25.379158,89.09135,0.50572425
3.8958333333333335,41.353928,-6.8018513,-2.930426,70.0,25.0,90.0,41.58294,-7.144352,-2.637169,70.96149,25.379158,89.09135,0.50571996
3.9,41.353928,-6.8018513,-2.930426,70.0,25.0,90.0,41.582943,-7.144349,-2.637169,70.96149,25.379162,89.09135,0.5057197
3.904166666666667,41.353928,-6.8018513,-2.930426,70.0,25.0,90.0,41.58294,-7.14435,-2.637164,70.96149,25.379158,89.09135,0.50572145
3.908333333333333,41.353928,-6.8018513,-2.930426,70.0,25.0,90.0,41.582943,-7.14435,-2.637169,70.96149,25.379158,89.09135,0.5057204
3.9125,41.353928,-6.8018513,-2.930426,70.0,25.0,90.0,41.582947,-7.14435,-2.637165,70.96148,25.379162,89.09135,0.5057243
3.9166666666666665,41.353928,-6.8018513,-2.930426,70.0,25.0,90.0,41.582943,-7.144349,-2.637164,70.96148,25.379154,89.09135,0.5057225
3.9208333333333334,41.353928,-6.8018513,-2.930426,70.0,25.0,90.0,41.58294,-7.144349,-2.637165,70.96149,25.379158,89.09135,0.50572026
3.925,41.353928,-6.8018513,-2.930426,70.0,25.0,90.0,41.582943,-7.144348,-2.637165,70.96148,25.379158,89.09135,0.50572133
3.9291666666666667,41.353928,-6.8018513,-2.930426,70.0,25.0,90.0,41.58294,-7.144347,-2.637169,70.96148,25.379158,89.09135,0.50571674
3.933333333333333,41.353928,-6.8018513,-2.930426,70.0,25.0,90.0,41.582943,-7.144346,-2.637169,70.96148,25.37915,89.09135,0.5057178
3.9375,41.353928,-6.8018513,-2.930426,70.0,25.0,90.0,41.582943,-7.144347,-2.6371632,70.96148,25.37915,89.09135,0.50572175
3.941666666666667,41.353928,-6.8018513,-2.930426,70.0,25.0,90.0,41.582943,-7.144348,-2.637164,70.96149,25.37915,89.09135,0.50572187
3.9458333333333333,41.353928,-6.8018513,-2.930426,70.0,25.0,90.0,41.582947,-7.144348,-2.637165,70.96149,25.379154,89.09135,0.505723
3.95,41.353928,-6.8018513,-2.930426,70.0,25.0,90.0,41.582947,-7.144346,-2.6371632,70.96149,25.379154,89.09135,0.5057229
3.9541666666666666,41.353928,-6.8018513,-2.930426,70.0,25.0,90.0,41.582943,-7.144347,-2.6371632,70.96148,25.379154,89.09135,0.50572175
3.9583333333333335,41.353928,-6.8018513,-2.930426,70.0,25.0,90.0,41.582943,-7.144347,-2.637166,70.96149,25.37915,89.09135,0.50572014
3.9625,41.353928,-6.8018513,-2.930426,70.0,25.0,90.0,41.582943,-7.144347,-2.637167,70.96149,25.37915,89.09135,0.50571954
3.966666666666667,41.353928,-6.8018513,-2.930426,70.0,25.0,90.0,41.582943,-7.14435,-2.637166,70.96148,25.37915,89.09135,0.50572205
3.970833333333333,41.353928,-6.8018513,-2.930426,70.0,25.0,90.0,41.582943,-7.144348,-2.637167,70.96148,25.379147,89.09135,0.5057202
3.975,41.353928,-6.8018513,-2.930426,70.0,25.0,90.0,41.582943,-7.144349,-2.637167,70.96148,25.379147,89.09135,0.50572085
3.9791666666666665,41.353928,-6.8018513,-2.930426,70.0,25.0,90.0,41.582943,-7.144349,-2.637167,70.96148,25.379147,89.09135,0.50572085
3.9833333333333334,41.353928,-6.8018513,-2.930426,70.0,25.0,90.0,41.582943,-7.144349,-2.637167,70.96148,25.379147,89.09135,0.50572085
3.9875,41.353928,-6.8018513,-2.930426,70.0,25.0,90.0,41.582943,-7.144349,-2.637167,70.96148,25.379147,89.09135,0.50572085
3.9916666666666667,41.353928,-6.8018513,-2.930426,70.0,25.0,90.0,41.582943,-7.144349,-2.637167,70.96148,25.379147,89.09135,0.50572085
3.995833333333333,41.353928,-6.8018513,-2.930426,70.0,25.0,90.0,41.582943,-7.144349,-2.637167,70.96148,25.379147,89.09135,0.50572085
4.0,41.353928,-6.8018513,-2.930426,70.0,25.0,90.0,41.582943,-7.144349,-2.637167,70.96148,25.379147,89.09135,0.50572085
4.004166666666666,41.353928,-6.8018513,-2.930426,70.0,25.0,90.0,41.582943,-7.144349,-2.637167,70.96148,25.379147,89.09135,0.50572085
4.008333333333334,41.353928,-6.8018513,-2.930426,70.0,25.0,90.0,41.582943,-7.144349,-2.637167,70.96148,25.379147,89.09135,0.50572085
4.0125,41.353928,-6.8018513,-2.930426,70.0,25.0,90.0,41.582943,-7.144349,-2.637167,70.96148,25.379147,89.09135,0.50572085
4.016666666666667,41.353928,-6.8018513,-2.930426,70.0,25.0,90.0,41.582943,-7.144349,-2.637167,70.96148,25.379147,89.09135,0.50572085
4.020833333333333,41.353928,-6.8018513,-2.930426,70.0,25.0,90.0,41.582943,-7.144349,-2.637167,70.96148,25.379147,89.09135,0.50572085
4.025,41.353928,-6.8018513,-2.930426,70.0,25.0,90.0,41.582943,-7.144349,-2.637167,70.96148,25.379147,89.09135,0.50572085
4.029166666666667,41.353928,-6.8018513,-2.930426,70.0,25.0,90.0,41.582943,-7.144349,-2.637167,70.96148,25.379147,89.09135,0.50572085
4.033333333333333,41.353928,-6.8018513,-2.930426,70.0,25.0,90.0,41.582943,-7.144349,-2.637167,70.96148,25.379147,89.09135,0.50572085
4.0375,41.353928,-6.8018513,-2.930426,70.0,25.0,90.0,41.582943,-7.144349,-2.637167,70.96148,25.379147,89.09135,0.50572085
4.041666666666667,41.353928,-6.8018513,-2.930426,70.0,25.0,90.0,41.582943,-7.144349,-2.637167,70.96148,25.379147,89.09135,0.50572085
4.045833333333333,41.353928,-6.8018513,-2.930426,70.0,25.0,90.0,41.582943,-7.144349,-2.637167,70.96148,25.379147,89.09135,0.50572085
4.05,41.353928,-6.8018513,-2.930426,70.0,25.0,90.0,41.582943,-7.144349,-2.637167,70.96148,25.379147,89.09135,0.50572085
4.054166666666666,41.353928,-6.8018513,-2.930426,70.0,25.0,90.0,41.582943,-7.144349,-2.637167,70.96148,25.379147,89.09135,0.50572085
4.058333333333334,41.353928,-6.8018513,-2.930426,70.0,25.0,90.0,41.582943,-7.144349,-2.637167,70.96148,25.379147,89.09135,0.50572085
4.0625,41.353928,-6.8018513,-2.930426,70.0,25.0,90.0,41.582943,-7.144349,-2.637167,70.96148,25.379147,89.09135,0.50572085
4.066666666666666,41.353928,-6.8018513,-2.930426,70.0,25.0,90.0,41.582943,-7.144349,-2.637167,70.96148,25.379147,89.09135,0.50572085
4.070833333333334,41.353928,-6.8018513,-2.930426,70.0,25.0,90.0,41.582943,-7.144349,-2.637167,70.96148,25.379147,89.09135,0.50572085
4.075,41.353928,-6.8018513,-2.930426,70.0,25.0,90.0,41.582943,-7.144349,-2.637167,70.96148,25.379147,89.09135,0.50572085
4.079166666666667,41.353928,-6.8018513,-2.930426,70.0,25.0,90.0,41.582943,-7.144349,-2.637167,70.96148,25.379147,89.09135,0.50572085
4.083333333333333,41.353928,-6.8018513,-2.930426,70.0,25.0,90.0,41.582943,-7.144349,-2.637167,70.96148,25.379147,89.09135,0.50572085
4.0875,41.353928,-6.8018513,-2.930426,70.0,25.0,90.0,41.582943,-7.144349,-2.637167,70.96148,25.379147,89.09135,0.50572085
4.091666666666667,41.353928,-6.8018513,-2.930426,70.0,25.0,90.0,41.582943,-7.144349,-2.637167,70.96148,25.379147,89.09135,0.50572085
4.095833333333333,41.353928,-6.8018513,-2.930426,70.0,25.0,90.0,41.582943,-7.144349,-2.637167,70.96148,25.379147,89.09135,0.50572085
4.1,41.353928,-6.8018513,-2.930426,70.0,25.0,90.0,41.582943,-7.144349,-2.637167,70.96148,25.379147,89.09135,0.50572085
4.104166666666667,41.353928,-6.8018513,-2.930426,70.0,25.0,90.0,41.582943,-7.144349,-2.637167,70.96148,25.379147,89.09135,0.50572085
4.108333333333333,41.353928,-6.8018513,-2.930426,70.0,25.0,90.0,41.582943,-7.144349,-2.637167,70.96148,25.379147,89.09135,0.50572085
4.1125,41.353928,-6.8018513,-2.930426,70.0,25.0,90.0,41.582943,-7.144349,-2.637167,70.96148,25.379147,89.09135,0.50572085
4.116666666666666,41.353928,-6.8018513,-2.930426,70.0,25.0,90.0,41.582943,-7.144349,-2.637167,70.96148,25.379147,89.09135,0.50572085
4.120833333333334,41.353928,-6.8018513,-2.930426,70.0,25.0,90.0,41.582943,-7.144349,-2.637167,70.96148,25.379147,89.09135,0.50572085
4.125,41.353928,-6.8018513,-2.930426,70.0,25.0,90.0,41.582943,-7.144349,-2.637167,70.96148,25.379147,89.09135,0.50572085
4.129166666666666,41.353928,-6.8018513,-2.930426,70.0,25.0,90.0,41.582943,-7.144349,-2.637167,70.96148,25.379147,89.09135,0.50572085
4.133333333333334,41.353928,-6.8018513,-2.930426,70.0,25.0,90.0,41.582943,-7.14435,-2.637166,70.96149,25.379147,89.09135,0.50572205
4.1375,41.353928,-6.8018513,-2.930426,70.0,25.0,90.0,41.582947,-7.144349,-2.637167,70.96148,25.37915,89.09135,0.5057226
4.141666666666667,41.353928,-6.8018513,-2.930426,70.0,25.0,90.0,41.582947,-7.144349,-2.637169,70.96148,25.379147,89.09135,0.50572145
4.145833333333333,41.353928,-6.8018513,-2.930426,70.0,25.0,90.0,41.582943,-7.144349,-2.637169,70.96149,25.379147,89.09135,0.5057197
4.15,41.353928,-6.8018513,-2.930426,70.0,25.0,90.0,41.582943,-7.144349,-2.637167,70.96148,25.37915,89.09135,0.50572085
4.154166666666667,41.353928,-6.8018513,-2.930426,70.0,25.0,90.0,41.582943,-7.14435,-2.637167,70.96148,25.37915,89.09135,0.5057215
4.158333333333333,41.353928,-6.8018513,-2.930426,70.0,25.0,90.0,41.582943,-7.144349,-2.637166,70.96148,25.379147,89.091354,0.5057214
4.1625,41.353928,-6.8018513,-2.930426,70.0,25.0,90.0,41.58294,-7.144352,-2.637165,70.96148,25.37915,89.091354,0.50572217
4.166666666666667,41.353928,-6.8018513,-2.930426,70.0,25.0,90.0,41.58294,-7.144349,-2.637169,70.96148,25.379154,89.091354,0.505718
4.170833333333333,41.353928,-6.8018513,-2.930426,70.0,25.0,90.0,41.58294,-7.14435,-2.6371708,70.96148,25.379147,89.091354,0.5057176
4.175,41.353928,-6.8018513,-2.930426,70.0,25.0,90.0,41.582943,-7.14435,-2.637164,70.96148,25.379147,89.091354,0.5057231
4.179166666666666,41.353928,-6.8018513,-2.930426,70.0,25.0,90.0,41.582943,-7.144349,-2.637165,70.96148,25.379147,89.091354,0.505722
4.183333333333334,41.353928,-6.8018513,-2.930426,70.0,25.0,90.0,41.582943,-7.144347,-2.637166,70.96148,25.379147,89.091354,0.50572014
4.1875,41.353928,-6.8018513,-2.930426,70.0,25.0,90.0,41.582943,-7.144352,-2.637166,70.96149,25.37915,89.09136,0.5057233
4.191666666666666,41.353928,-6.8018513,-2.930426,70.0,25.0,90.0,41.582947,-7.14435,-2.6371622,70.96149,25.379147,89.091354,0.505726
4.195833333333334,41.353928,-6.8018513,-2.930426,70.0,25.0,90.0,41.582943,-7.14435,-2.6371622,70.96149,25.379147,89.091354,0.50572425
4.2,41.353928,-6.8018513,-2.930426,70.0,25.0,90.0,41.582943,-7.14435,-2.637165,70.96149,25.37915,89.091354,0.50572264
4.204166666666667,41.353928,-6.8018513,-2.930426,70.0,25.0,90.0,41.582943,-7.144352,-2.637165,70.96148,25.379154,89.091354,0.5057239
4.208333333333333,41.353928,-6.8018513,-2.930426,70.0,25.0,90.0,41.58294,-7.144347,-2.637166,70.96149,25.379154,89.091354,0.50571835
4.2125,41.353928,-6.8018513,-2.930426,70.0,25.0,90.0,41.582943,-7.14435,-2.637164,70.96149,25.379158,89.091354,0.5057231
4.216666666666667,41.353928,-6.8018513,-2.930426,70.0,25.0,90.0,41.58294,-7.144349,-2.637167,70.96149,25.379158,89.091354,0.5057191
4.220833333333333,41.353928,-6.8018513,-2.930426,70.0,25.0,90.0,41.582947,-7.144349,-2.637167,70.96148,25.379154,89.091354,0.5057226
4.225,41.353928,-6.8018513,-2.930426,70.0,25.0,90.0,41.582943,-7.144349,-2.637165,70.96149,25.379154,89.091354,0.505722
4.229166666666667,41.353928,-6.8018513,-2.930426,70.0,25.0,90.0,41.582943,-7.144349,-2.637167,70.96148,25.379158,89.091354,0.50572085
4.233333333333333,41.353928,-6.8018513,-2.930426,70.0,25.0,90.0,41.58294,-7.144349,-2.637164,70.96148,25.379158,89.091354,0.5057208
4.2375,41.353928,-6.8018513,-2.930426,70.0,25.0,90.0,41.582947,-7.14435,-2.637166,70.96148,25.379158,89.091354,0.5057238
4.241666666666666,41.353928,-6.8018513,-2.930426,70.0,25.0,90.0,41.582943,-7.144349,-2.637166,70.96149,25.379158,89.091354,0.5057214
4.245833333333334,41.353928,-6.8018513,-2.930426,70.0,25.0,90.0,41.582943,-7.144347,-2.637165,70.96148,25.379158,89.091354,0.5057207
4.25,41.353928,-6.8018513,-2.930426,70.0,25.0,90.0,41.582943,-7.144347,-2.637166,70.96148,25.379158,89.091354,0.50572014
4.254166666666666,41.353928,-6.8018513,-2.930426,70.0,25.0,90.0,41.58294,-7.144349,-2.637165,70.96148,25.379154,89.091354,0.50572026
4.258333333333334,41.353928,-6.8018513,-2.930426,70.0,25.0,90.0,41.582943,-7.144349,-2.6371632,70.96148,25.379158,89.091354,0.50572306
4.2625,41.353928,-6.8018513,-2.930426,70.0,25.0,90.0,41.58294,-7.144352,-2.637165,70.96149,25.379158,89.091354,0.50572217
4.266666666666667,41.353928,-6.8018513,-2.930426,70.0,25.0,90.0,41.58294,-7.144352,-2.637165,70.96149,25.379158,89.091354,0.50572217
4.270833333333333,41.353928,-6.8018513,-2.930426,70.0,25.0,90.0,41.582943,-7.14435,-2.6371632,70.96149,25.379154,89.091354,0.5057237
4.275,41.353928,-6.8018513,-2.930426,70.0,25.0,90.0,41.58294,-7.144349,-2.637166,70.96148,25.379158,89.091354,0.50571966
4.279166666666667,41.353928,-6.8018513,-2.930426,70.0,25.0,90.0,41.582943,-7.144347,-2.637164,70.96148,25.379158,89.091354,0.5057212
4.283333333333333,41.353928,-6.8018513,-2.930426,70.0,25.0,90.0,41.58294,-7.144349,-2.6371632,70.96149,25.379154,89.091354,0.50572133
4.2875,41.353928,-6.8018513,-2.930426,70.0,25.0,90.0,41.58294,-7.14435,-2.6371613,70.96149,25.379158,89.09135,0.50572306
4.291666666666667,41.353928,-6.8018513,-2.930426,70.0,25.0,90.0,41.582943,-7.144349,-2.637165,70.96149,25.379154,89.09135,0.505722
4.295833333333333,41.353928,-6.8018513,-2.930426,70.0,25.0,90.0,41.58294,-7.14435,-2.637165,70.96149,25.379158,89.09135,0.50572085
4.3,41.353928,-6.8018513,-2.930426,70.0,25.0,90.0,41.58294,-7.144349,-2.637166,70.96149,25.379158,89.09135,0.50571966
4.304166666666666,41.353928,-6.8018513,-2.930426,70.0,25.0,90.0,41.582943,-7.144352,-2.637165,70.96149,25.379158,89.09135,0.5057239
4.308333333333334,41.353928,-6.8018513,-2.930426,70.0,25.0,90.0,41.582943,-7.144346,-2.637167,70.96148,25.379162,89.09135,0.5057189
4.3125,41.353928,-6.8018513,-2.930426,70.0,25.0,90.0,41.58294,-7.144352,-2.637165,70.96149,25.379158,89.09135,0.50572217
4.316666666666666,41.353928,-6.8018513,-2.930426,70.0,25.0,90.0,41.582943,-7.144349,-2.637166,70.96149,25.379158,89.09135,0.5057214
4.320833333333334,41.353928,-6.8018513,-2.930426,70.0,25.0,90.0,41.582943,-7.144348,-2.637165,70.96148,25.379158,89.09135,0.50572133
4.325,41.353928,-6.8018513,-2.930426,70.0,25.0,90.0,41.582943,-7.144349,-2.637165,70.96148,25.379158,89.09135,0.505722
4.329166666666667,41.353928,-6.8018513,-2.930426,70.0,25.0,90.0,41.582943,-7.144347,-2.637165,70.96148,25.37915,89.09135,0.5057207
4.333333333333333,41.353928,-6.8018513,-2.930426,70.0,25.0,90.0,41.582943,-7.144349,-2.637165,70.96149,25.379154,89.09135,0.505722
4.3375,41.353928,-6.8018513,-2.930426,70.0,25.0,90.0,41.582943,-7.144349,-2.637164,70.96148,25.379158,89.09135,0.5057225
4.341666666666667,41.353928,-6.8018513,-2.930426,70.0,25.0,90.0,41.582947,-7.144346,-2.637165,70.96148,25.379158,89.09135,0.50572175
4.345833333333333,41.353928,-6.8018513,-2.930426,70.0,25.0,90.0,41.582947,-7.144347,-2.637166,70.96148,25.379158,89.09135,0.5057218
4.35,41.353928,-6.8018513,-2.930426,70.0,25.0,90.0,41.582947,-7.144347,-2.637164,70.96148,25.379158,89.09135,0.50572294
4.354166666666667,41.353928,-6.8018513,-2.930426,70.0,25.0,90.0,41.582943,-7.144349,-2.637164,70.96148,25.379158,89.09135,0.5057225
4.358333333333333,41.353928,-6.8018513,-2.930426,70.0,25.0,90.0,41.582947,-7.144349,-2.637165,70.96148,25.379158,89.09135,0.50572366
4.3625,41.353928,-6.8018513,-2.930426,70.0,25.0,90.0,41.582943,-7.144348,-2.637165,70.96148,25.379158,89.09135,0.50572133
4.366666666666666,41.353928,-6.8018513,-2.930426,70.0,25.0,90.0,41.582943,-7.14435,-2.637165,70.96148,25.379158,89.09135,0.50572264
4.370833333333334,41.353928,-6.8018513,-2.930426,70.0,25.0,90.0,41.582943,-7.14435,-2.637165,70.96148,25.379154,89.09135,0.50572264
4.375,41.353928,-6.8018513,-2.930426,70.0,25.0,90.0,41.582943,-7.14435,-2.637165,70.96148,25.379154,89.09135,0.50572264
4.379166666666666,41.353928,-6.8018513,-2.930426,70.0,25.0,90.0,41.582943,-7.14435,-2.637165,70.96148,25.379154,89.09135,0.50572264
4.383333333333334,41.353928,-6.8018513,-2.930426,70.0,25.0,90.0,41.582943,-7.14435,-2.637165,70.96148,25.379154,89.09135,0.50572264
4.3875,41.353928,-6.8018513,-2.930426,70.0,25.0,90.0,41.582943,-7.14435,-2.637165,70.96148,25.379154,89.09135,0.50572264
4.391666666666667,41.353928,-6.8018513,-2.930426,70.0,25.0,90.0,41.582943,-7.14435,-2.637165,70.96148,25.379154,89.09135,0.50572264
4.395833333333333,41.353928,-6.8018513,-2.930426,70.0,25.0,90.0,41.582943,-7.14435,-2.637165,70.96148,25.379154,89.09135,0.50572264
4.4,41.353928,-6.8018513,-2.930426,70.0,25.0,90.0,41.582943,-7.14435,-2.637165,70.96148,25.379154,89.09135,0.50572264
4.404166666666667,41.353928,-6.8018513,-2.930426,70.0,25.0,90.0,41.582943,-7.14435,-2.637165,70.96148,25.379154,89.09135,0.50572264
4.408333333333333,41.353928,-6.8018513,-2.930426,70.0,25.0,90.0,41.582943,-7.14435,-2.637165,70.96148,25.379154,89.09135,0.50572264
4.4125,41.353928,-6.8018513,-2.930426,70.0,25.0,90.0,41.582943,-7.14435,-2.637165,70.96148,25.379154,89.09135,0.50572264
4.416666666666667,41.353928,-6.8018513,-2.930426,70.0,25.0,90.0,41.582943,-7.14435,-2.637165,70.96148,25.379154,89.09135,0.50572264
4.420833333333333,41.353928,-6.8018513,-2.930426,70.0,25.0,90.0,41.582943,-7.14435,-2.637165,70.96148,25.379154,89.09135,0.50572264
4.425,41.353928,-6.8018513,-2.930426,70.0,25.0,90.0,41.582943,-7.14435,-2.637165,70.96148,25.379154,89.09135,0.50572264
4.429166666666666,41.353928,-6.8018513,-2.930426,70.0,25.0,90.0,41.582943,-7.14435,-2.637165,70.96148,25.379154,89.09135,0.50572264
4.433333333333334,41.353928,-6.8018513,-2.930426,70.0,25.0,90.0,41.582943,-7.14435,-2.637165,70.96148,25.379154,89.09135,0.50572264
4.4375,41.353928,-6.8018513,-2.930426,70.0,25.0,90.0,41.582943,-7.14435,-2.637165,70.96148,25.379154,89.09135,0.50572264
4.441666666666666,41.353928,-6.8018513,-2.930426,70.0,25.0,90.0,41.582943,-7.14435,-2.637165,70.96148,25.379154,89.09135,0.50572264
4.445833333333334,41.353928,-6.8018513,-2.930426,70.0,25.0,90.0,41.582943,-7.14435,-2.637165,70.96148,25.379154,89.09135,0.50572264
4.45,41.353928,-6.8018513,-2.930426,70.0,25.0,90.0,41.582943,-7.14435,-2.637165,70.96148,25.379154,89.09135,0.50572264
4.454166666666667,41.353928,-6.8018513,-2.930426,70.0,25.0,90.0,41.582943,-7.14435,-2.637165,70.96148,25.379154,89.09135,0.50572264
4.458333333333333,41.353928,-6.8018513,-2.930426,70.0,25.0,90.0,41.582943,-7.14435,-2.637165,70.96148,25.379154,89.09135,0.50572264
4.4625,41.353928,-6.8018513,-2.930426,70.0,25.0,90.0,41.582943,-7.14435,-2.637165,70.96148,25.379154,89.09135,0.50572264
4.466666666666667,41.353928,-6.8018513,-2.930426,70.0,25.0,90.0,41.582943,-7.14435,-2.637165,70.96148,25.379154,89.09135,0.50572264
4.470833333333333,41.353928,-6.8018513,-2.930426,70.0,25.0,90.0,41.582943,-7.14435,-2.637165,70.96148,25.379154,89.09135,0.50572264
4.475,41.353928,-6.8018513,-2.930426,70.0,25.0,90.0,41.582943,-7.14435,-2.637165,70.96148,25.379154,89.09135,0.50572264
4.479166666666667,41.353928,-6.8018513,-2.930426,70.0,25.0,90.0,41.582943,-7.14435,-2.637165,70.96148,25.379154,89.09135,0.50572264
4.483333333333333,41.353928,-6.8018513,-2.930426,70.0,25.0,90.0,41.582943,-7.14435,-2.637165,70.96148,25.379154,89.09135,0.50572264
4.4875,41.353928,-6.8018513,-2.930426,70.0,25.0,90.0,41.582943,-7.14435,-2.637165,70.96148,25.379154,89.09135,0.50572264
4.491666666666666,41.353928,-6.8018513,-2.930426,70.0,25.0,90.0,41.582943,-7.14435,-2.637165,70.96148,25.379154,89.09135,0.50572264
4.495833333333334,41.353928,-6.8018513,-2.930426,70.0,25.0,90.0,41.582943,-7.14435,-2.637165,70.96148,25.379154,89.09135,0.50572264
4.5,41.353928,-6.8018513,-2.930426,70.0,25.0,90.0,41.582943,-7.14435,-2.637165,70.96148,25.379154,89.09135,0.50572264
4.504166666666666,41.353928,-6.8018513,-2.930426,70.0,25.0,90.0,41.582943,-7.14435,-2.637165,70.96148,25.379154,89.09135,0.50572264
4.508333333333334,41.353928,-6.8018513,-2.930426,70.0,25.0,90.0,41.582943,-7.14435,-2.637165,70.96148,25.379154,89.09135,0.50572264
4.5125,41.353928,-6.8018513,-2.930426,70.0,25.0,90.0,41.582943,-7.14435,-2.637165,70.96148,25.379154,89.09135,0.50572264
4.516666666666667,41.353928,-6.8018513,-2.930426,70.0,25.0,90.0,41.582943,-7.14435,-2.637165,70.96148,25.379154,89.09135,0.50572264
4.520833333333333,41.353928,-6.8018513,-2.930426,70.0,25.0,90.0,41.582943,-7.14435,-2.637165,70.96148,25.379154,89.09135,0.50572264
4.525,41.353928,-6.8018513,-2.930426,70.0,25.0,90.0,41.582947,-7.14435,-2.637165,70.96148,25.379154,89.09135,0.5057243
4.529166666666667,41.353928,-6.8018513,-2.930426,70.0,25.0,90.0,41.582947,-7.144352,-2.6371632,70.96148,25.379154,89.09135,0.50572675
4.533333333333333,41.353928,-6.8018513,-2.930426,70.0,25.0,90.0,41.582947,-7.14435,-2.637165,70.96148,25.379154,89.09135,0.5057243
4.5375,41.353928,-6.8018513,-2.930426,70.0,25.0,90.0,41.582943,-7.144352,-2.637165,70.96148,25.37915,89.091354,0.5057239
4.541666666666667,41.353928,-6.8018513,-2.930426,70.0,25.0,90.0,41.582943,-7.14435,-2.637165,70.96149,25.37915,89.09135,0.50572264
4.545833333333333,41.353928,-6.8018513,-2.930426,70.0,25.0,90.0,41.582943,-7.144349,-2.637166,70.96148,25.379154,89.091354,0.5057214
4.55,41.353928,-6.8018513,-2.930426,70.0,25.0,90.0,41.582943,-7.144347,-2.637167,70.96148,25.37915,89.091354,0.50571954
4.554166666666666,41.353928,-6.8018513,-2.930426,70.0,25.0,90.0,41.58294,-7.14435,-2.637166,70.96148,25.379154,89.091354,0.5057203
4.558333333333334,41.353928,-6.8018513,-2.930426,70.0,25.0,90.0,41.582943,-7.144349,-2.637165,70.96148,25.37915,89.091354,0.505722
4.5625,41.353928,-6.8018513,-2.930426,70.0,25.0,90.0,41.582943,-7.144347,-2.6371698,70.96148,25.379147,89.091354,0.5057179
4.566666666666666,41.353928,-6.8018513,-2.930426,70.0,25.0,90.0,41.582943,-7.14435,-2.6371698,70.96148,25.37915,89.091354,0.50571984
4.570833333333334,41.353928,-6.8018513,-2.930426,70.0,25.0,90.0,41.58294,-7.144347,-2.637164,70.96148,25.379143,89.091354,0.5057195
4.575,41.353928,-6.8018513,-2.930426,70.0,25.0,90.0,41.582943,-7.144347,-2.637164,70.96148,25.379147,89.091354,0.5057212
4.579166666666667,41.353928,-6.8018513,-2.930426,70.0,25.0,90.0,41.58294,-7.144349,-2.637169,70.96148,25.37915,89.09136,0.505718
4.583333333333333,41.353928,-6.8018513,-2.930426,70.0,25.0,90.0,41.58294,-7.144349,-2.637167,70.96148,25.379154,89.09136,0.5057191
4.5875,41.353928,-6.8018513,-2.930426,70.0,25.0,90.0,41.58294,-7.144349,-2.6371632,70.96149,25.37915,89.09136,0.50572133
4.591666666666667,41.353928,-6.8018513,-2.930426,70.0,25.0,90.0,41.58294,-7.14435,-2.637165,70.96149,25.37915,89.091354,0.50572085
4.595833333333333,41.353928,-6.8018513,-2.930426,70.0,25.0,90.0,41.582943,-7.144349,-2.637167,70.96149,25.379147,89.09136,0.50572085
4.6,41.353928,-6.8018513,-2.930426,70.0,25.0,90.0,41.58294,-7.14435,-2.637167,70.96148,25.37915,89.091354,0.5057198
4.604166666666667,41.353928,-6.8018513,-2.930426,70.0,25.0,90.0,41.58294,-7.144349,-2.637166,70.96149,25.379154,89.091354,0.50571966
4.608333333333333,41.353928,-6.8018513,-2.930426,70.0,25.0,90.0,41.58294,-7.144352,-2.637166,70.96149,25.379158,89.091354,0.5057216
4.6125,41.353928,-6.8018513,-2.930426,70.0,25.0,90.0,41.58294,-7.144347,-2.637164,70.96149,25.379162,89.091354,0.5057195
4.616666666666666,41.353928,-6.8018513,-2.930426,70.0,25.0,90.0,41.582947,-7.144347,-2.637166,70.96149,25.379158,89.091354,0.5057218
4.620833333333334,41.353928,-6.8018513,-2.930426,70.0,25.0,90.0,41.582943,-7.144349,-2.637164,70.96149,25.379158,89.091354,0.5057225
4.625,41.353928,-6.8018513,-2.930426,70.0,25.0,90.0,41.58294,-7.144352,-2.637164,70.96149,25.379158,89.091354,0.5057227
4.629166666666666,41.353928,-6.8018513,-2.930426,70.0,25.0,90.0,41.58294,-7.14435,-2.637164,70.96149,25.379162,89.091354,0.50572145
4.633333333333334,41.353928,-6.8018513,-2.930426,70.0,25.0,90.0,41.582943,-7.14435,-2.637165,70.96148,25.379162,89.091354,0.50572264
4.6375,41.353928,-6.8018513,-2.930426,70.0,25.0,90.0,41.58294,-7.144352,-2.637165,70.96149,25.379158,89.091354,0.50572217
4.641666666666667,41.353928,-6.8018513,-2.930426,70.0,25.0,90.0,41.582947,-7.144352,-2.637166,70.96148,25.379158,89.091354,0.5057251
4.645833333333333,41.353928,-6.8018513,-2.930426,70.0,25.0,90.0,41.582943,-7.144352,-2.637165,70.96148,25.379158,89.091354,0.5057239
4.65,41.353928,-6.8018513,-2.930426,70.0,25.0,90.0,41.582943,-7.144347,-2.637165,70.96149,25.379158,89.091354,0.5057207
4.654166666666667,41.353928,-6.8018513,-2.930426,70.0,25.0,90.0,41.582943,-7.14435,-2.637166,70.96149,25.379158,89.091354,0.50572205
4.658333333333333,41.353928,-6.8018513,-2.930426,70.0,25.0,90.0,41.582943,-7.144352,-2.637166,70.96149,25.379158,89.091354,0.5057233
4.6625,41.353928,-6.8018513,-2.930426,70.0,25.0,90.0,41.582943,-7.144352,-2.637164,70.96149,25.379158,89.091354,0.50572443
4.666666666666667,41.353928,-6.8018513,-2.930426,70.0,25.0,90.0,41.582943,-7.144347,-2.637166,70.96149,25.379154,89.091354,0.50572014
4.670833333333333,41.353928,-6.8018513,-2.930426,70.0,25.0,90.0,41.582943,-7.144349,-2.637164,70.96148,25.379154,89.091354,0.5057225
4.675,41.353928,-6.8018513,-2.930426,70.0,25.0,90.0,41.58294,-7.144349,-2.6371632,70.96148,25.379154,89.091354,0.50572133
4.679166666666666,41.353928,-6.8018513,-2.930426,70.0,25.0,90.0,41.58294,-7.144349,-2.637166,70.96149,25.37915,89.091354,0.50571966
4.683333333333334,41.353928,-6.8018513,-2.930426,70.0,25.0,90.0,41.582943,-7.144349,-2.6371622,70.96149,25.379154,89.091354,0.5057236
4.6875,41.353928,-6.8018513,-2.930426,70.0,25.0,90.0,41.582943,-7.14435,-2.637165,70.96149,25.379158,89.091354,0.50572264
4.691666666666666,41.353928,-6.8018513,-2.930426,70.0,25.0,90.0,41.58294,-7.144349,-2.637165,70.96149,25.379158,89.09135,0.50572026
4.695833333333334,41.353928,-6.8018513,-2.930426,70.0,25.0,90.0,41.58294,-7.144349,-2.637167,70.96149,25.379154,89.091354,0.5057191
4.7,41.353928,-6.8018513,-2.930426,70.0,25.0,90.0,41.582943,-7.144349,-2.637165,70.96149,25.379154,89.09135,0.505722
4.704166666666667,41.353928,-6.8018513,-2.930426,70.0,25.0,90.0,41.58294,-7.14435,-2.637165,70.96149,25.379158,89.09135,0.50572085
4.708333333333333,41.353928,-6.8018513,-2.930426,70.0,25.0,90.0,41.582943,-7.14435,-2.637169,70.96148,25.379154,89.09135,0.5057204
4.7125,41.353928,-6.8018513,-2.930426,70.0,25.0,90.0,41.582943,-7.144347,-2.637165,70.96148,25.379154,89.09135,0.5057207
4.716666666666667,41.353928,-6.8018513,-2.930426,70.0,25.0,90.0,41.582943,-7.144346,-2.6371698,70.96149,25.379158,89.09135,0.5057173
4.720833333333333,41.353928,-6.8018513,-2.930426,70.0,25.0,90.0,41.582943,-7.144347,-2.637165,70.96148,25.379158,89.09135,0.5057207
4.725,41.353928,-6.8018513,-2.930426,70.0,25.0,90.0,41.582943,-7.144347,-2.637164,70.96148,25.379154,89.09135,0.5057212
4.729166666666667,41.353928,-6.8018513,-2.930426,70.0,25.0,90.0,41.582943,-7.144349,-2.637165,70.96148,25.379154,89.09135,0.505722
4.733333333333333,41.353928,-6.8018513,-2.930426,70.0,25.0,90.0,41.582947,-7.144351,-2.637166,70.96148,25.379154,89.09135,0.50572443
4.7375,41.353928,-6.8018513,-2.930426,70.0,25.0,90.0,41.582943,-7.14435,-2.637166,70.96148,25.379154,89.09135,0.50572205
4.741666666666666,41.353928,-6.8018513,-2.930426,70.0,25.0,90.0,41.582943,-7.144347,-2.637166,70.96148,25.379154,89.09135,0.50572014
4.745833333333334,41.353928,-6.8018513,-2.930426,70.0,25.0,90.0,41.582943,-7.144349,-2.637165,70.96148,25.379158,89.09135,0.505722
4.75,41.353928,-6.8018513,-2.930426,70.0,25.0,90.0,41.582542,-7.135644,-2.6442518,70.957794,25.399399,89.08934,0.49555814
4.754166666666666,41.353928,-6.8018513,-2.930426,70.0,25.0,90.0,41.569557,-7.140855,-2.6825304,70.88402,25.396282,89.10087,0.4720929
4.758333333333334,41.353928,-6.8018513,-2.930426,70.0,25.0,90.0,41.5328,-7.1599865,-2.7425423,70.710754,25.307655,89.16995,0.4422171
4.7625,41.353928,-6.8018513,-2.930426,70.0,25.0,90.0,41.462147,-7.3027315,-2.792921,70.42512,25.075317,89.26226,0.53056574
4.766666666666667,41.353928,-6.8018513,-2.930426,70.0,25.0,90.0,41.350674,-7.331773,-2.6047764,70.44867,24.76535,89.49617,0.62199277
4.770833333333333,41.353928,-6.8018513,-2.930426,70.0,25.0,90.0,41.262333,-7.425041,-2.5799112,70.41104,24.690117,89.36106,0.7208438
4.775,41.353928,-6.8018513,-2.930426,70.0,25.0,90.0,41.033318,-6.8784323,-2.0867147,70.46059,25.224255,89.71025,0.90581673
4.779166666666667,41.353928,-6.8018513,-2.930426,70.0,25.0,90.0,40.267395,-6.6500006,-2.025157,70.439125,24.420876,90.67955,1.4223654
4.783333333333333,41.353928,-6.8018513,-2.930426,70.0,25.0,90.0,39.881615,-6.5327387,-2.101059,70.49368,24.383575,91.28313,1.7111331
4.7875,41.353928,-6.8018513,-2.930426,70.0,25.0,90.0,40.0175,-5.500078,-0.4720297,72.445595,29.160015,91.2752,3.086156
4.791666666666667,41.353928,-6.8018513,-2.930426,70.0,25.0,90.0,39.752163,-6.3506527,-1.2482615,72.406265,28.399906,91.024635,2.3662012
4.795833333333333,41.353928,-6.8018513,-2.930426,70.0,25.0,90.0,40.340393,-6.774333,-2.8458557,71.45058,25.321136,91.72555,1.0174289
