time_s,true_wrist_X_cm,true_wrist_Y_cm,true_wrist_Z_cm,true_shoulder_elv_deg,true_shoulder_rot_deg,true_elbow_flexion_deg,pred_wrist_X_cm,pred_wrist_Y_cm,pred_wrist_Z_cm,pred_shoulder_elv_deg,pred_shoulder_rot_deg,pred_elbow_flexion_deg,l2_distance_cm
0.0,41.353928,-6.8018513,-2.930426,70.0,25.0,90.0,41.178894,-7.862053,-0.6114235,71.07297,24.05048,91.51741,2.5558631
0.004166666666666667,41.353928,-6.8018513,-2.930426,70.0,25.0,90.0,41.51544,-8.226561,-1.1671028,70.487114,23.887905,91.2307,2.2727058
0.008333333333333333,41.353928,-6.8018513,-2.930426,70.0,25.0,90.0,41.761368,-8.212567,-1.9327011,69.63223,24.07212,91.20411,1.7752695
0.0125,41.353928,-6.8018513,-2.930426,70.0,25.0,90.0,41.33351,-7.4738607,-2.5651455,71.117096,25.549137,90.14715,0.7651427
0.016666666666666666,41.353928,-6.8018513,-2.930426,70.0,25.0,90.0,41.163536,-6.717924,-2.1972055,72.188446,27.131416,88.94321,0.7621711
0.020833333333333332,41.353928,-6.8018513,-2.930426,70.0,25.0,90.0,40.707348,-7.2275934,-3.4144483,70.199974,26.697037,88.707306,0.9130166
0.025,41.353928,-6.8018513,-2.930426,70.0,25.0,90.0,41.270565,-7.9346523,-3.0466204,70.03525,24.79469,89.04817,1.1417919
0.029166666666666667,41.353928,-6.8018513,-2.930426,70.0,25.0,90.0,41.3697,-7.6139116,-2.833929,70.49306,25.185005,89.095665,0.8179257
0.03333333333333333,41.353928,-6.8018513,-2.930426,70.0,25.0,90.0,41.477524,-7.393714,-2.7219114,70.708206,25.38348,89.06023,0.63957465
0.0375,41.353928,-6.8018513,-2.930426,70.0,25.0,90.0,41.53077,-7.297142,-2.6457787,70.88682,25.36193,89.02614,0.598005
0.041666666666666664,41.353928,-6.8018513,-2.930426,70.0,25.0,90.0,41.573902,-7.2101088,-2.6329126,70.9403,25.396286,89.05284,0.5509783
0.04583333333333333,41.353928,-6.8018513,-2.930426,70.0,25.0,90.0,41.59043,-7.156781,-2.6476202,70.92261,25.37769,89.06873,0.5117502
0.05,41.353928,-6.8018513,-2.930426,70.0,25.0,90.0,41.582943,-7.144347,-2.6371622,70.96149,25.379154,89.091354,0.50572234
0.05416666666666667,41.353928,-6.8018513,-2.930426,70.0,25.0,90.0,41.582943,-7.144347,-2.6371622,70.96149,25.379154,89.091354,0.50572234
0.058333333333333334,41.353928,-6.8018513,-2.930426,70.0,25.0,90.0,41.582943,-7.144347,-2.6371622,70.96149,25.379154,89.091354,0.50572234
0.0625,41.353928,-6.8018513,-2.930426,70.0,25.0,90.0,41.582943,-7.144347,-2.6371622,70.96149,25.379154,89.091354,0.50572234
0.06666666666666667,41.353928,-6.8018513,-2.930426,70.0,25.0,90.0,41.582943,-7.144347,-2.6371622,70.96149,25.379154,89.091354,0.50572234
0.07083333333333333,41.353928,-6.8018513,-2.930426,70.0,25.0,90.0,41.582943,-7.144347,-2.6371622,70.96149,25.379154,89.091354,0.50572234
0.075,41.353928,-6.8018513,-2.930426,70.0,25.0,90.0,41.582943,-7.144347,-2.6371622,70.96149,25.379154,89.091354,0.50572234
0.07916666666666666,41.353928,-6.8018513,-2.930426,70.0,25.0,90.0,41.582943,-7.144347,-2.6371622,70.96149,25.379154,89.091354,0.50572234
0.08333333333333333,41.353928,-6.8018513,-2.930426,70.0,25.0,90.0,41.582943,-7.144347,-2.6371622,70.96149,25.379154,89.091354,0.50572234
0.0875,41.353928,-6.8018513,-2.930426,70.0,25.0,90.0,41.582943,-7.144347,-2.6371622,70.96149,25.379154,89.091354,0.50572234
0.09166666666666666,41.353928,-6.8018513,-2.930426,70.0,25.0,90.0,41.582943,-7.144347,-2.6371622,70.96149,25.379154,89.091354,0.50572234
0.09583333333333334,41.353928,-6.8018513,-2.930426,70.0,25.0,90.0,41.582943,-7.144347,-2.6371622,70.96149,25.379154,89.091354,0.50572234
0.1,41.353928,-6.8018513,-2.930426,70.0,25.0,90.0,41.582943,-7.144347,-2.6371622,70.96149,25.379154,89.091354,0.50572234
0.10416666666666667,41.353928,-6.8018513,-2.930426,70.0,25.0,90.0,41.582943,-7.144347,-2.6371622,70.96149,25.379154,89.091354,0.50572234
0.10833333333333334,41.353928,-6.8018513,-2.930426,70.0,25.0,90.0,41.582943,-7.144347,-2.6371622,70.96149,25.379154,89.091354,0.50572234
0.1125,41.353928,-6.8018513,-2.930426,70.0,25.0,90.0,41.582943,-7.144347,-2.6371622,70.96149,25.379154,89.091354,0.50572234
0.11666666666666667,41.353928,-6.8018513,-2.930426,70.0,25.0,90.0,41.582943,-7.144347,-2.6371622,70.96149,25.379154,89.091354,0.50572234
0.12083333333333333,41.353928,-6.8018513,-2.930426,70.0,25.0,90.0,41.582943,-7.144347,-2.6371622,70.96149,25.379154,89.091354,0.50572234
0.125,41.353928,-6.8018513,-2.930426,70.0,25.0,90.0,41.582943,-7.144347,-2.6371622,70.96149,25.379154,89.091354,0.50572234
0.12916666666666668,41.353928,-6.8018513,-2.930426,70.0,25.0,90.0,41.582943,-7.144347,-2.6371622,70.96149,25.379154,89.091354,0.50572234
0.13333333333333333,41.353928,-6.8018513,-2.930426,70.0,25.0,90.0,41.582943,-7.144347,-2.6371622,70.96149,25.379154,89.091354,0.50572234
0.1375,41.353928,-6.8018513,-2.930426,70.0,25.0,90.0,41.582943,-7.144347,-2.6371622,70.96149,25.379154,89.091354,0.50572234
0.14166666666666666,41.353928,-6.8018513,-2.930426,70.0,25.0,90.0,41.582943,-7.144347,-2.6371622,70.96149,25.379154,89.091354,0.50572234
0.14583333333333334,41.353928,-6.8018513,-2.930426,70.0,25.0,90.0,41.582943,-7.144347,-2.6371622,70.96149,25.379154,89.091354,0.50572234
0.15,41.353928,-6.8018513,-2.930426,70.0,25.0,90.0,41.582943,-7.144347,-2.6371622,70.96149,25.379154,89.091354,0.50572234
0.15416666666666667,41.353928,-6.8018513,-2.930426,70.0,25.0,90.0,41.582943,-7.144347,-2.6371622,70.96149,25.379154,89.091354,0.50572234
0.15833333333333333,41.353928,-6.8018513,-2.930426,70.0,25.0,90.0,41.582943,-7.144347,-2.6371622,70.96149,25.379154,89.091354,0.50572234
0.1625,41.353928,-6.8018513,-2.930426,70.0,25.0,90.0,41.582943,-7.144347,-2.6371622,70.96149,25.379154,89.091354,0.50572234
0.16666666666666666,41.353928,-6.8018513,-2.930426,70.0,25.0,90.0,41.582943,-7.144347,-2.6371622,70.96149,25.379154,89.091354,0.50572234
0.17083333333333334,41.353928,-6.8018513,-2.930426,70.0,25.0,90.0,41.582943,-7.144347,-2.6371622,70.96149,25.379154,89.091354,0.50572234
0.175,41.353928,-6.8018513,-2.930426,70.0,25.0,90.0,41.582943,-7.144347,-2.6371622,70.96149,25.379154,89.091354,0.50572234
0.17916666666666667,41.353928,-6.8018513,-2.930426,70.0,25.0,90.0,41.582943,-7.144347,-2.6371622,70.96149,25.379154,89.091354,0.50572234
0.18333333333333332,41.353928,-6.8018513,-2.930426,70.0,25.0,90.0,41.582943,-7.144347,-2.6371622,70.96149,25.379154,89.091354,0.50572234
0.1875,41.353928,-6.8018513,-2.930426,70.0,25.0,90.0,41.582943,-7.144347,-2.6371622,70.96149,25.379154,89.091354,0.50572234
0.19166666666666668,41.353928,-6.8018513,-2.930426,70.0,25.0,90.0,41.582943,-7.144347,-2.6371622,70.96149,25.379154,89.091354,0.50572234
0.19583333333333333,41.353928,-6.8018513,-2.930426,70.0,25.0,90.0,41.582943,-7.144347,-2.6371622,70.96149,25.379154,89.091354,0.50572234
0.2,41.353928,-6.8018513,-2.930426,70.0,25.0,90.0,41.582943,-7.144347,-2.6371622,70.96149,25.379154,89.091354,0.50572234
0.20416666666666666,41.353928,-6.8018513,-2.930426,70.0,25.0,90.0,41.582943,-7.144347,-2.6371622,70.96149,25.379154,89.091354,0.50572234
0.20833333333333334,41.353928,-6.8018513,-2.930426,70.0,25.0,90.0,41.582943,-7.144347,-2.6371622,70.96149,25.379154,89.091354,0.50572234
0.2125,41.353928,-6.8018513,-2.930426,70.0,25.0,90.0,41.582943,-7.144347,-2.6371622,70.96149,25.379154,89.091354,0.50572234
0.21666666666666667,41.353928,-6.8018513,-2.930426,70.0,25.0,90.0,41.582943,-7.144347,-2.6371622,70.96149,25.379154,89.091354,0.50572234
0.22083333333333333,41.353928,-6.8018513,-2.930426,70.0,25.0,90.0,41.582943,-7.144347,-2.6371622,70.96149,25.379154,89.091354,0.50572234
0.225,41.353928,-6.8018513,-2.930426,70.0,25.0,90.0,41.582943,-7.144347,-2.6371622,70.96149,25.379154,89.091354,0.50572234
0.22916666666666666,41.353928,-6.8018513,-2.930426,70.0,25.0,90.0,41.582943,-7.144347,-2.6371622,70.96149,25.379154,89.091354,0.50572234
0.23333333333333334,41.353928,-6.8018513,-2.930426,70.0,25.0,90.0,41.58294,-7.144349,-2.6371632,70.96148,25.379158,89.091354,0.50572133
0.2375,41.353928,-6.8018513,-2.930426,70.0,25.0,90.0,41.582943,-7.144349,-2.6371632,70.96148,25.379154,89.091354,0.50572306
0.24166666666666667,41.353928,-6.8018513,-2.930426,70.0,25.0,90.0,41.58294,-7.144349,-2.637164,70.96149,25.379154,89.091354,0.5057208
0.24583333333333332,41.353928,-6.8018513,-2.930426,70.0,25.0,90.0,41.58294,-7.144346,-2.6371613,70.96149,25.379158,89.091354,0.5057205
0.25,41.353928,-6.8018513,-2.930426,70.0,25.0,90.0,41.582943,-7.144349,-2.6371613,70.96149,25.379154,89.091354,0.50572413
0.25416666666666665,41.353928,-6.8018513,-2.930426,70.0,25.0,90.0,41.58294,-7.144349,-2.6371622,70.96149,25.379158,89.091354,0.50572187
0.25833333333333336,41.353928,-6.8018513,-2.930426,70.0,25.0,90.0,41.58294,-7.144347,-2.637165,70.96149,25.379154,89.091354,0.50571895
0.2625,41.353928,-6.8018513,-2.930426,70.0,25.0,90.0,41.58294,-7.1443443,-2.6371613,70.96148,25.379154,89.091354,0.5057192
0.26666666666666666,41.353928,-6.8018513,-2.930426,70.0,25.0,90.0,41.58294,-7.144347,-2.6371622,70.96149,25.379154,89.09136,0.50572056
0.2708333333333333,41.353928,-6.8018513,-2.930426,70.0,25.0,90.0,41.58294,-7.14435,-2.6371622,70.96148,25.379158,89.09136,0.5057225
0.275,41.353928,-6.8018513,-2.930426,70.0,25.0,90.0,41.58294,-7.144347,-2.6371584,70.96149,25.379154,89.09136,0.5057228
0.2791666666666667,41.353928,-6.8018513,-2.930426,70.0,25.0,90.0,41.58294,-7.14435,-2.6371603,70.96148,25.37915,89.09136,0.50572366
0.2833333333333333,41.353928,-6.8018513,-2.930426,70.0,25.0,90.0,41.58294,-7.144346,-2.6371603,70.96148,25.37915,89.09136,0.50572103
0.2875,41.353928,-6.8018513,-2.930426,70.0,25.0,90.0,41.58294,-7.1443443,-2.6371632,70.96148,25.379158,89.09137,0.50571805
0.2916666666666667,41.353928,-6.8018513,-2.930426,70.0,25.0,90.0,41.58294,-7.144347,-2.6371603,70.96148,25.37915,89.09136,0.5057217
0.29583333333333334,41.353928,-6.8018513,-2.930426,70.0,25.0,90.0,41.582935,-7.144347,-2.6371584,70.96148,25.379147,89.09136,0.5057211
0.3,41.353928,-6.8018513,-2.930426,70.0,25.0,90.0,41.58294,-7.144347,-2.6371603,70.96148,25.37915,89.09137,0.5057217
0.30416666666666664,41.353928,-6.8018513,-2.930426,70.0,25.0,90.0,41.582935,-7.144349,-2.6371613,70.96148,25.379154,89.09137,0.5057207
0.30833333333333335,41.353928,-6.8018513,-2.930426,70.0,25.0,90.0,41.58294,-7.144347,-2.6371622,70.96149,25.379158,89.09137,0.50572056
0.3125,41.353928,-6.8018513,-2.930426,70.0,25.0,90.0,41.58294,-7.14435,-2.637165,70.96149,25.37915,89.09136,0.50572085
0.31666666666666665,41.353928,-6.8018513,-2.930426,70.0,25.0,90.0,41.582935,-7.144352,-2.6371622,70.96149,25.379154,89.09136,0.5057221
0.32083333333333336,41.353928,-6.8018513,-2.930426,70.0,25.0,90.0,41.582935,-7.14435,-2.6371632,70.96148,25.379154,89.09136,0.50572026
0.325,41.353928,-6.8018513,-2.930426,70.0,25.0,90.0,41.582935,-7.144347,-2.6371622,70.96148,25.379154,89.09136,0.5057189
0.32916666666666666,41.353928,-6.8018513,-2.930426,70.0,25.0,90.0,41.582935,-7.144347,-2.637164,70.96149,25.37915,89.09136,0.50571775
0.3333333333333333,41.353928,-6.8018513,-2.930426,70.0,25.0,90.0,41.582935,-7.144349,-2.6371632,70.96149,25.37915,89.09136,0.5057196
0.3375,41.353928,-6.8018513,-2.930426,70.0,25.0,90.0,41.58293,-7.144349,-2.6371632,70.96149,25.379158,89.09137,0.5057179
0.3416666666666667,41.353928,-6.8018513,-2.930426,70.0,25.0,90.0,41.582935,-7.144346,-2.6371603,70.96149,25.379154,89.09136,0.5057193
0.3458333333333333,41.353928,-6.8018513,-2.930426,70.0,25.0,90.0,41.58294,-7.144347,-2.637164,70.96149,25.379154,89.09136,0.5057195
0.35,41.353928,-6.8018513,-2.930426,70.0,25.0,90.0,41.582935,-7.144347,-2.6371622,70.96149,25.379154,89.09136,0.5057189
0.3541666666666667,41.353928,-6.8018513,-2.930426,70.0,25.0,90.0,41.582935,-7.144349,-2.637164,70.96149,25.379154,89.09136,0.50571907
0.35833333333333334,41.353928,-6.8018513,-2.930426,70.0,25.0,90.0,41.58294,-7.144347,-2.6371613,70.96149,25.37915,89.09136,0.50572115
0.3625,41.353928,-6.8018513,-2.930426,70.0,25.0,90.0,41.58294,-7.144349,-2.6371632,70.96149,25.379154,89.09136,0.50572133
0.36666666666666664,41.353928,-6.8018513,-2.930426,70.0,25.0,90.0,41.58294,-7.144347,-2.637167,70.96149,25.379154,89.09137,0.5057178
0.37083333333333335,41.353928,-6.8018513,-2.930426,70.0,25.0,90.0,41.58294,-7.144346,-2.637165,70.96149,25.379158,89.09136,0.5057183
0.375,41.353928,-6.8018513,-2.930426,70.0,25.0,90.0,41.58294,-7.144347,-2.637164,70.96149,25.379158,89.09136,0.5057195
0.37916666666666665,41.353928,-6.8018513,-2.930426,70.0,25.0,90.0,41.58294,-7.144347,-2.6371622,70.96149,25.379158,89.09136,0.50572056
0.38333333333333336,41.353928,-6.8018513,-2.930426,70.0,25.0,90.0,41.58294,-7.144349,-2.6371632,70.96149,25.379154,89.09136,0.50572133
0.3875,41.353928,-6.8018513,-2.930426,70.0,25.0,90.0,41.58294,-7.144349,-2.6371622,70.96149,25.379154,89.09136,0.50572187
0.39166666666666666,41.353928,-6.8018513,-2.930426,70.0,25.0,90.0,41.58294,-7.144349,-2.637164,70.96149,25.37915,89.09136,0.5057208
0.3958333333333333,41.353928,-6.8018513,-2.930426,70.0,25.0,90.0,41.58294,-7.144349,-2.6371613,70.96149,25.37915,89.09136,0.50572246
0.4,41.353928,-6.8018513,-2.930426,70.0,25.0,90.0,41.58294,-7.144347,-2.637164,70.96149,25.37915,89.09136,0.5057195
0.4041666666666667,41.353928,-6.8018513,-2.930426,70.0,25.0,90.0,41.58294,-7.144352,-2.6371632,70.96149,25.379158,89.091354,0.50572324
0.4083333333333333,41.353928,-6.8018513,-2.930426,70.0,25.0,90.0,41.58294,-7.14435,-2.6371613,70.96149,25.379158,89.091354,0.50572306
0.4125,41.353928,-6.8018513,-2.930426,70.0,25.0,90.0,41.582943,-7.14435,-2.6371622,70.96149,25.379154,89.091354,0.50572425
0.4166666666666667,41.353928,-6.8018513,-2.930426,70.0,25.0,90.0,41.582943,-7.144352,-2.6371622,70.96149,25.37915,89.091354,0.50572556
0.42083333333333334,41.353928,-6.8018513,-2.930426,70.0,25.0,90.0,41.582943,-7.14435,-2.6371613,70.96149,25.379154,89.091354,0.5057248
0.425,41.353928,-6.8018513,-2.930426,70.0,25.0,90.0,41.582943,-7.144349,-2.6371622,70.96149,25.379158,89.091354,0.5057236
0.42916666666666664,41.353928,-6.8018513,-2.930426,70.0,25.0,90.0,41.58294,-7.144347,-2.637165,70.96149,25.379154,89.091354,0.50571895
0.43333333333333335,41.353928,-6.8018513,-2.930426,70.0,25.0,90.0,41.58294,-7.144349,-2.637165,70.96149,25.379158,89.091354,0.50572026
0.4375,41.353928,-6.8018513,-2.930426,70.0,25.0,90.0,41.58294,-7.14435,-2.637164,70.96149,25.379147,89.091354,0.50572145
0.44166666666666665,41.353928,-6.8018513,-2.930426,70.0,25.0,90.0,41.582943,-7.144349,-2.6371613,70.96149,25.37915,89.091354,0.50572413
0.44583333333333336,41.353928,-6.8018513,-2.930426,70.0,25.0,90.0,41.58294,-7.14435,-2.6371622,70.96148,25.379147,89.091354,0.5057225
0.45,41.353928,-6.8018513,-2.930426,70.0,25.0,90.0,41.58294,-7.144346,-2.6371622,70.96149,25.379154,89.091354,0.50571996
0.45416666666666666,41.353928,-6.8018513,-2.930426,70.0,25.0,90.0,41.58294,-7.14435,-2.6371622,70.96149,25.379158,89.091354,0.5057225
0.4583333333333333,41.353928,-6.8018513,-2.930426,70.0,25.0,90.0,41.58294,-7.144349,-2.6371632,70.96149,25.379158,89.091354,0.50572133
0.4625,41.353928,-6.8018513,-2.930426,70.0,25.0,90.0,41.58294,-7.144349,-2.6371613,70.96149,25.379158,89.091354,0.50572246
0.4666666666666667,41.353928,-6.8018513,-2.930426,70.0,25.0,90.0,41.58294,-7.144349,-2.6371613,70.96149,25.379154,89.091354,0.50572246
0.4708333333333333,41.353928,-6.8018513,-2.930426,70.0,25.0,90.0,41.58294,-7.144349,-2.6371622,70.96149,25.379154,89.091354,0.50572187
0.475,41.353928,-6.8018513,-2.930426,70.0,25.0,90.0,41.58294,-7.144349,-2.6371622,70.96149,25.379154,89.091354,0.50572187
0.4791666666666667,41.353928,-6.8018513,-2.930426,70.0,25.0,90.0,41.58294,-7.144349,-2.6371622,70.96149,25.379154,89.091354,0.50572187
0.48333333333333334,41.353928,-6.8018513,-2.930426,70.0,25.0,90.0,41.58294,-7.144349,-2.6371622,70.96149,25.379154,89.091354,0.50572187
0.4875,41.353928,-6.8018513,-2.930426,70.0,25.0,90.0,41.58294,-7.144349,-2.6371622,70.96149,25.379154,89.091354,0.50572187
0.49166666666666664,41.353928,-6.8018513,-2.930426,70.0,25.0,90.0,41.58294,-7.144349,-2.6371622,70.96149,25.379154,89.091354,0.50572187
0.49583333333333335,41.353928,-6.8018513,-2.930426,70.0,25.0,90.0,41.58294,-7.144349,-2.6371622,70.96149,25.379154,89.091354,0.50572187
0.5,41.353928,-6.8018513,-2.930426,70.0,25.0,90.0,41.58294,-7.144349,-2.6371622,70.96149,25.379154,89.091354,0.50572187
0.5041666666666667,41.353928,-6.8018513,-2.930426,70.0,25.0,90.0,41.58294,-7.144349,-2.6371622,70.96149,25.379154,89.091354,0.50572187
0.5083333333333333,41.353928,-6.8018513,-2.930426,70.0,25.0,90.0,41.58294,-7.144349,-2.6371622,70.96149,25.379154,89.091354,0.50572187
0.5125,41.353928,-6.8018513,-2.930426,70.0,25.0,90.0,41.58294,-7.144349,-2.6371622,70.96149,25.379154,89.091354,0.50572187
0.5166666666666667,41.353928,-6.8018513,-2.930426,70.0,25.0,90.0,41.58294,-7.144349,-2.6371622,70.96149,25.379154,89.091354,0.50572187
0.5208333333333334,41.353928,-6.8018513,-2.930426,70.0,25.0,90.0,41.58294,-7.144349,-2.6371622,70.96149,25.379154,89.091354,0.50572187
0.525,41.353928,-6.8018513,-2.930426,70.0,25.0,90.0,41.58294,-7.144349,-2.6371622,70.96149,25.379154,89.091354,0.50572187
0.5291666666666667,41.353928,-6.8018513,-2.930426,70.0,25.0,90.0,41.58294,-7.144349,-2.6371622,70.96149,25.379154,89.091354,0.50572187
0.5333333333333333,41.353928,-6.8018513,-2.930426,70.0,25.0,90.0,41.58294,-7.144349,-2.6371622,70.96149,25.379154,89.091354,0.50572187
0.5375,41.353928,-6.8018513,-2.930426,70.0,25.0,90.0,41.58294,-7.144349,-2.6371622,70.96149,25.379154,89.091354,0.50572187
0.5416666666666666,41.353928,-6.8018513,-2.930426,70.0,25.0,90.0,41.58294,-7.144349,-2.6371622,70.96149,25.379154,89.091354,0.50572187
0.5458333333333333,41.353928,-6.8018513,-2.930426,70.0,25.0,90.0,41.58294,-7.144349,-2.6371622,70.96149,25.379154,89.091354,0.50572187
0.55,41.353928,-6.8018513,-2.930426,70.0,25.0,90.0,41.58294,-7.144349,-2.6371622,70.96149,25.379154,89.091354,0.50572187
0.5541666666666667,41.353928,-6.8018513,-2.930426,70.0,25.0,90.0,41.58294,-7.144349,-2.6371622,70.96149,25.379154,89.091354,0.50572187
0.5583333333333333,41.353928,-6.8018513,-2.930426,70.0,25.0,90.0,41.58294,-7.144349,-2.6371622,70.96149,25.379154,89.091354,0.50572187
0.5625,41.353928,-6.8018513,-2.930426,70.0,25.0,90.0,41.58294,-7.144349,-2.6371622,70.96149,25.379154,89.091354,0.50572187
0.5666666666666667,41.353928,-6.8018513,-2.930426,70.0,25.0,90.0,41.58294,-7.144349,-2.6371622,70.96149,25.379154,89.091354,0.50572187
0.5708333333333333,41.353928,-6.8018513,-2.930426,70.0,25.0,90.0,41.58294,-7.144349,-2.6371622,70.96149,25.379154,89.091354,0.50572187
0.575,41.353928,-6.8018513,-2.930426,70.0,25.0,90.0,41.58294,-7.144349,-2.6371622,70.96149,25.379154,89.091354,0.50572187
0.5791666666666667,41.353928,-6.8018513,-2.930426,70.0,25.0,90.0,41.58294,-7.144349,-2.6371622,70.96149,25.379154,89.091354,0.50572187
0.5833333333333334,41.353928,-6.8018513,-2.930426,70.0,25.0,90.0,41.58294,-7.144349,-2.6371622,70.96149,25.379154,89.091354,0.50572187
0.5875,41.353928,-6.8018513,-2.930426,70.0,25.0,90.0,41.58294,-7.144349,-2.6371622,70.96149,25.379154,89.091354,0.50572187
0.5916666666666667,41.353928,-6.8018513,-2.930426,70.0,25.0,90.0,41.58294,-7.144349,-2.6371622,70.96149,25.379154,89.091354,0.50572187
0.5958333333333333,41.353928,-6.8018513,-2.930426,70.0,25.0,90.0,41.58294,-7.144349,-2.6371622,70.96149,25.379154,89.091354,0.50572187
0.6,41.353928,-6.8018513,-2.930426,70.0,25.0,90.0,41.58294,-7.144349,-2.6371622,70.96149,25.379154,89.091354,0.50572187
0.6041666666666666,41.353928,-6.8018513,-2.930426,70.0,25.0,90.0,41.58294,-7.144349,-2.6371622,70.96149,25.379154,89.091354,0.50572187
0.6083333333333333,41.353928,-6.8018513,-2.930426,70.0,25.0,90.0,41.58294,-7.144349,-2.6371622,70.96149,25.379154,89.091354,0.50572187
0.6125,41.353928,-6.8018513,-2.930426,70.0,25.0,90.0,41.58294,-7.144349,-2.6371622,70.96149,25.379154,89.091354,0.50572187
0.6166666666666667,41.353928,-6.8018513,-2.930426,70.0,25.0,90.0,41.58294,-7.144349,-2.6371622,70.96149,25.379154,89.091354,0.50572187
0.6208333333333333,41.353928,-6.8018513,-2.930426,70.0,25.0,90.0,41.58294,-7.144349,-2.6371622,70.96149,25.379154,89.091354,0.50572187
0.625,41.353928,-6.8018513,-2.930426,70.0,25.0,90.0,41.58294,-7.144349,-2.6371622,70.96149,25.379154,89.091354,0.50572187
0.6291666666666667,41.353928,-6.8018513,-2.930426,70.0,25.0,90.0,41.58294,-7.144349,-2.6371622,70.96149,25.379154,89.091354,0.50572187
0.6333333333333333,41.353928,-6.8018513,-2.930426,70.0,25.0,90.0,41.58294,-7.144347,-2.637164,70.96149,25.379154,89.091354,0.5057195
0.6375,41.353928,-6.8018513,-2.930426,70.0,25.0,90.0,41.58294,-7.144346,-2.637164,70.96148,25.379158,89.091354,0.5057188
0.6416666666666667,41.353928,-6.8018513,-2.930426,70.0,25.0,90.0,41.58294,-7.144349,-2.6371632,70.96149,25.379154,89.091354,0.50572133
0.6458333333333334,41.353928,-6.8018513,-2.930426,70.0,25.0,90.0,41.58294,-7.144346,-2.637164,70.96149,25.379158,89.091354,0.5057188
0.65,41.353928,-6.8018513,-2.930426,70.0,25.0,90.0,41.58294,-7.144347,-2.637164,70.96149,25.379154,89.091354,0.5057195
0.6541666666666667,41.353928,-6.8018513,-2.930426,70.0,25.0,90.0,41.58294,-7.144346,-2.637164,70.96149,25.37915,89.091354,0.5057188
0.6583333333333333,41.353928,-6.8018513,-2.930426,70.0,25.0,90.0,41.58294,-7.144347,-2.6371632,70.96148,25.379154,89.09136,0.50572
0.6625,41.353928,-6.8018513,-2.930426,70.0,25.0,90.0,41.58294,-7.144346,-2.6371622,70.96148,25.379154,89.09136,0.50571996
0.6666666666666666,41.353928,-6.8018513,-2.930426,70.0,25.0,90.0,41.58294,-7.144349,-2.6371622,70.96149,25.379158,89.09136,0.50572187
0.6708333333333333,41.353928,-6.8018513,-2.930426,70.0,25.0,90.0,41.58294,-7.144347,-2.6371613,70.96149,25.379158,89.09136,0.50572115
0.675,41.353928,-6.8018513,-2.930426,70.0,25.0,90.0,41.58294,-7.144347,-2.6371622,70.96149,25.37915,89.09136,0.50572056
0.6791666666666667,41.353928,-6.8018513,-2.930426,70.0,25.0,90.0,41.58294,-7.144352,-2.6371632,70.96148,25.37915,89.09136,0.50572324
0.6833333333333333,41.353928,-6.8018513,-2.930426,70.0,25.0,90.0,41.58294,-7.144347,-2.6371584,70.96147,25.379147,89.09137,0.5057228
0.6875,41.353928,-6.8018513,-2.930426,70.0,25.0,90.0,41.58294,-7.144346,-2.6371622,70.96149,25.37915,89.09137,0.50571996
0.6916666666666667,41.353928,-6.8018513,-2.930426,70.0,25.0,90.0,41.582935,-7.144347,-2.6371622,70.96148,25.379158,89.09137,0.5057189
0.6958333333333333,41.353928,-6.8018513,-2.930426,70.0,25.0,90.0,41.58294,-7.144347,-2.6371584,70.96148,25.379147,89.09137,0.5057228
0.7,41.353928,-6.8018513,-2.930426,70.0,25.0,90.0,41.582935,-7.14435,-2.6371632,70.96148,25.37915,89.09137,0.50572026
0.7041666666666667,41.353928,-6.8018513,-2.930426,70.0,25.0,90.0,41.58294,-7.144347,-2.6371613,70.96149,25.37915,89.09137,0.50572115
0.7083333333333334,41.353928,-6.8018513,-2.930426,70.0,25.0,90.0,41.58294,-7.144349,-2.6371622,70.96148,25.37915,89.09137,0.50572187
0.7125,41.353928,-6.8018513,-2.930426,70.0,25.0,90.0,41.58294,-7.144349,-2.637165,70.96148,25.379154,89.09137,0.50572026
0.7166666666666667,41.353928,-6.8018513,-2.930426,70.0,25.0,90.0,41.58294,-7.14435,-2.637165,70.96148,25.379158,89.09136,0.50572085
0.7208333333333333,41.353928,-6.8018513,-2.930426,70.0,25.0,90.0,41.58294,-7.14435,-2.637164,70.96148,25.379154,89.09136,0.50572145
0.725,41.353928,-6.8018513,-2.930426,70.0,25.0,90.0,41.58294,-7.144349,-2.637164,70.96149,25.37915,89.09136,0.5057208
0.7291666666666666,41.353928,-6.8018513,-2.930426,70.0,25.0,90.0,41.58294,-7.144349,-2.6371622,70.96149,25.37915,89.09136,0.50572187
0.7333333333333333,41.353928,-6.8018513,-2.930426,70.0,25.0,90.0,41.58294,-7.144349,-2.6371632,70.96149,25.37915,89.09136,0.50572133
0.7375,41.353928,-6.8018513,-2.930426,70.0,25.0,90.0,41.58294,-7.144347,-2.637164,70.96149,25.379154,89.09136,0.5057195
0.7416666666666667,41.353928,-6.8018513,-2.930426,70.0,25.0,90.0,41.58294,-7.144349,-2.637164,70.96149,25.379158,89.09136,0.5057208
0.7458333333333333,41.353928,-6.8018513,-2.930426,70.0,25.0,90.0,41.58294,-7.144347,-2.6371613,70.96149,25.379154,89.09137,0.50572115
0.75,41.353928,-6.8018513,-2.930426,70.0,25.0,90.0,41.58294,-7.144347,-2.6371613,70.96149,25.379154,89.09137,0.50572115
0.7541666666666667,41.353928,-6.8018513,-2.930426,70.0,25.0,90.0,41.58294,-7.144347,-2.6371613,70.96149,25.379154,89.09137,0.50572115
0.7583333333333333,41.353928,-6.8018513,-2.930426,70.0,25.0,90.0,41.58294,-7.144347,-2.6371613,70.96149,25.379154,89.09137,0.50572115
0.7625,41.353928,-6.8018513,-2.930426,70.0,25.0,90.0,41.58294,-7.144347,-2.637164,70.96149,25.37915,89.09137,0.5057195
0.7666666666666667,41.353928,-6.8018513,-2.930426,70.0,25.0,90.0,41.58294,-7.144347,-2.637164,70.96149,25.379154,89.09136,0.5057195
0.7708333333333334,41.353928,-6.8018513,-2.930426,70.0,25.0,90.0,41.58294,-7.144347,-2.637165,70.96149,25.37915,89.09136,0.50571895
0.775,41.353928,-6.8018513,-2.930426,70.0,25.0,90.0,41.58294,-7.144347,-2.6371632,70.96149,25.379158,89.09136,0.50572
0.7791666666666667,41.353928,-6.8018513,-2.930426,70.0,25.0,90.0,41.58294,-7.144349,-2.6371632,70.96149,25.379154,89.09136,0.50572133
0.7833333333333333,41.353928,-6.8018513,-2.930426,70.0,25.0,90.0,41.58294,-7.14435,-2.6371622,70.96149,25.379154,89.09136,0.5057225
0.7875,41.353928,-6.8018513,-2.930426,70.0,25.0,90.0,41.58294,-7.144349,-2.6371613,70.96149,25.379154,89.09136,0.50572246
0.7916666666666666,41.353928,-6.8018513,-2.930426,70.0,25.0,90.0,41.58294,-7.14435,-2.6371622,70.96149,25.37915,89.09136,0.5057225
0.7958333333333333,41.353928,-6.8018513,-2.930426,70.0,25.0,90.0,41.58294,-7.144346,-2.6371613,70.96149,25.37915,89.09136,0.5057205
0.8,41.353928,-6.8018513,-2.930426,70.0,25.0,90.0,41.58294,-7.144346,-2.6371632,70.96149,25.37915,89.09136,0.50571936
0.8041666666666667,41.353928,-6.8018513,-2.930426,70.0,25.0,90.0,41.58294,-7.144352,-2.6371632,70.96149,25.379158,89.091354,0.50572324
0.8083333333333333,41.353928,-6.8018513,-2.930426,70.0,25.0,90.0,41.58294,-7.14435,-2.6371613,70.96149,25.379158,89.091354,0.50572306
0.8125,41.353928,-6.8018513,-2.930426,70.0,25.0,90.0,41.582943,-7.14435,-2.6371622,70.96149,25.379154,89.091354,0.50572425
0.8166666666666667,41.353928,-6.8018513,-2.930426,70.0,25.0,90.0,41.582943,-7.144352,-2.6371622,70.96149,25.37915,89.091354,0.50572556
0.8208333333333333,41.353928,-6.8018513,-2.930426,70.0,25.0,90.0,41.582943,-7.14435,-2.6371613,70.96149,25.379154,89.091354,0.5057248
0.825,41.353928,-6.8018513,-2.930426,70.0,25.0,90.0,41.582943,-7.144349,-2.6371622,70.96149,25.379158,89.091354,0.5057236
0.8291666666666667,41.353928,-6.8018513,-2.930426,70.0,25.0,90.0,41.58294,-7.144347,-2.637165,70.96149,25.379154,89.091354,0.50571895
0.8333333333333334,41.353928,-6.8018513,-2.930426,70.0,25.0,90.0,41.58294,-7.144349,-2.637165,70.96149,25.379158,89.091354,0.50572026
0.8375,41.353928,-6.8018513,-2.930426,70.0,25.0,90.0,41.58294,-7.14435,-2.637164,70.96149,25.379147,89.091354,0.50572145
0.8416666666666667,41.353928,-6.8018513,-2.930426,70.0,25.0,90.0,41.582943,-7.144349,-2.6371613,70.96149,25.37915,89.091354,0.50572413
0.8458333333333333,41.353928,-6.8018513,-2.930426,70.0,25.0,90.0,41.58294,-7.14435,-2.6371622,70.96148,25.379147,89.091354,0.5057225
0.85,41.353928,-6.8018513,-2.930426,70.0,25.0,90.0,41.58294,-7.144346,-2.6371622,70.96149,25.379154,89.091354,0.50571996
0.8541666666666666,41.353928,-6.8018513,-2.930426,70.0,25.0,90.0,41.58294,-7.14435,-2.6371622,70.96149,25.379158,89.091354,0.5057225
0.8583333333333333,41.353928,-6.8018513,-2.930426,70.0,25.0,90.0,41.58294,-7.144349,-2.6371632,70.96149,25.379158,89.091354,0.50572133
0.8625,41.353928,-6.8018513,-2.930426,70.0,25.0,90.0,41.58294,-7.144349,-2.6371613,70.96149,25.379158,89.091354,0.50572246
0.8666666666666667,41.353928,-6.8018513,-2.930426,70.0,25.0,90.0,41.58294,-7.144349,-2.6371613,70.96149,25.379154,89.091354,0.50572246
0.8708333333333333,41.353928,-6.8018513,-2.930426,70.0,25.0,90.0,41.58294,-7.144349,-2.6371622,70.96149,25.379154,89.091354,0.50572187
0.875,41.353928,-6.8018513,-2.930426,70.0,25.0,90.0,41.58294,-7.144349,-2.6371622,70.96149,25.379154,89.091354,0.50572187
0.8791666666666667,41.353928,-6.8018513,-2.930426,70.0,25.0,90.0,41.58294,-7.144349,-2.6371622,70.96149,25.379154,89.091354,0.50572187
0.8833333333333333,41.353928,-6.8018513,-2.930426,70.0,25.0,90.0,41.58294,-7.144349,-2.6371622,70.96149,25.379154,89.091354,0.50572187
0.8875,41.353928,-6.8018513,-2.930426,70.0,25.0,90.0,41.58294,-7.144349,-2.6371622,70.96149,25.379154,89.091354,0.50572187
0.8916666666666667,41.353928,-6.8018513,-2.930426,70.0,25.0,90.0,41.58294,-7.144349,-2.6371622,70.96149,25.379154,89.091354,0.50572187
0.8958333333333334,41.353928,-6.8018513,-2.930426,70.0,25.0,90.0,41.58294,-7.144349,-2.6371622,70.96149,25.379154,89.091354,0.50572187
0.9,41.353928,-6.8018513,-2.930426,70.0,25.0,90.0,41.58294,-7.144349,-2.6371622,70.96149,25.379154,89.091354,0.50572187
0.9041666666666667,41.353928,-6.8018513,-2.930426,70.0,25.0,90.0,41.58294,-7.144349,-2.6371622,70.96149,25.379154,89.091354,0.50572187
0.9083333333333333,41.353928,-6.8018513,-2.930426,70.0,25.0,90.0,41.58294,-7.144349,-2.6371622,70.96149,25.379154,89.091354,0.50572187
0.9125,41.353928,-6.8018513,-2.930426,70.0,25.0,90.0,41.58294,-7.144349,-2.6371622,70.96149,25.379154,89.091354,0.50572187
0.9166666666666666,41.353928,-6.8018513,-2.930426,70.0,25.0,90.0,41.58294,-7.144349,-2.6371622,70.96149,25.379154,89.091354,0.50572187
0.9208333333333333,41.353928,-6.8018513,-2.930426,70.0,25.0,90.0,41.58294,-7.144349,-2.6371622,70.96149,25.379154,89.091354,0.50572187
0.925,41.353928,-6.8018513,-2.930426,70.0,25.0,90.0,41.58294,-7.144349,-2.6371622,70.96149,25.379154,89.091354,0.50572187
0.9291666666666667,41.353928,-6.8018513,-2.930426,70.0,25.0,90.0,41.58294,-7.144349,-2.6371622,70.96149,25.379154,89.091354,0.50572187
0.9333333333333333,41.353928,-6.8018513,-2.930426,70.0,25.0,90.0,41.58294,-7.144349,-2.6371622,70.96149,25.379154,89.091354,0.50572187
0.9375,41.353928,-6.8018513,-2.930426,70.0,25.0,90.0,41.58294,-7.144349,-2.6371622,70.96149,25.379154,89.091354,0.50572187
0.9416666666666667,41.353928,-6.8018513,-2.930426,70.0,25.0,90.0,41.58294,-7.144349,-2.6371622,70.96149,25.379154,89.091354,0.50572187
0.9458333333333333,41.353928,-6.8018513,-2.930426,70.0,25.0,90.0,41.58294,-7.144349,-2.6371622,70.96149,25.379154,89.091354,0.50572187
0.95,41.353928,-6.8018513,-2.930426,70.0,25.0,90.0,41.58294,-7.144349,-2.6371622,70.96149,25.379154,89.091354,0.50572187
0.9541666666666667,41.353928,-6.8018513,-2.930426,70.0,25.0,90.0,41.58294,-7.144349,-2.6371622,70.96149,25.379154,89.091354,0.50572187
0.9583333333333334,41.353928,-6.8018513,-2.930426,70.0,25.0,90.0,41.58294,-7.144349,-2.6371622,70.96149,25.379154,89.091354,0.50572187
0.9625,41.353928,-6.8018513,-2.930426,70.0,25.0,90.0,41.58294,-7.144349,-2.6371622,70.96149,25.379154,89.091354,0.50572187
0.9666666666666667,41.353928,-6.8018513,-2.930426,70.0,25.0,90.0,41.58294,-7.144349,-2.6371622,70.96149,25.379154,89.091354,0.50572187
0.9708333333333333,41.353928,-6.8018513,-2.930426,70.0,25.0,90.0,41.58294,-7.144349,-2.6371622,70.96149,25.379154,89.091354,0.50572187
0.975,41.353928,-6.8018513,-2.930426,70.0,25.0,90.0,41.58294,-7.144349,-2.6371622,70.96149,25.379154,89.091354,0.50572187
0.9791666666666666,41.353928,-6.8018513,-2.930426,70.0,25.0,90.0,41.58294,-7.144349,-2.6371622,70.96149,25.379154,89.091354,0.50572187
0.9833333333333333,41.353928,-6.8018513,-2.930426,70.0,25.0,90.0,41.58294,-7.144349,-2.6371622,70.96149,25.379154,89.091354,0.50572187
0.9875,41.353928,-6.8018513,-2.930426,70.0,25.0,90.0,41.58294,-7.144349,-2.6371622,70.96149,25.379154,89.091354,0.50572187
0.9916666666666667,41.353928,-6.8018513,-2.930426,70.0,25.0,90.0,41.58294,-7.144349,-2.6371622,70.96149,25.379154,89.091354,0.50572187
0.9958333333333333,41.353928,-6.8018513,-2.930426,70.0,25.0,90.0,41.58294,-7.144349,-2.6371622,70.96149,25.379154,89.091354,0.50572187
1.0,41.353928,-6.8018513,-2.930426,70.0,25.0,90.0,41.58294,-7.144349,-2.6371622,70.96149,25.379154,89.091354,0.50572187
1.0041666666666667,41.353928,-6.8018513,-2.930426,70.0,25.0,90.0,41.58294,-7.144349,-2.6371622,70.96149,25.379154,89.091354,0.50572187
1.0083333333333333,41.353928,-6.8018513,-2.930426,70.0,25.0,90.0,41.58294,-7.144349,-2.6371622,70.96149,25.379154,89.091354,0.50572187
1.0125,41.353928,-6.8018513,-2.930426,70.0,25.0,90.0,41.58294,-7.144349,-2.6371622,70.96149,25.379154,89.091354,0.50572187
1.0166666666666666,41.353928,-6.8018513,-2.930426,70.0,25.0,90.0,41.58294,-7.144349,-2.6371622,70.96149,25.379154,89.091354,0.50572187
1.0208333333333333,41.353928,-6.8018513,-2.930426,70.0,25.0,90.0,41.58294,-7.144349,-2.6371622,70.96149,25.379154,89.091354,0.50572187
1.025,41.353928,-6.8018513,-2.930426,70.0,25.0,90.0,41.58294,-7.144349,-2.6371622,70.96149,25.379154,89.091354,0.50572187
1.0291666666666666,41.353928,-6.8018513,-2.930426,70.0,25.0,90.0,41.58294,-7.144347,-2.637164,70.96149,25.379154,89.091354,0.5057195
1.0333333333333334,41.353928,-6.8018513,-2.930426,70.0,25.0,90.0,41.58294,-7.144346,-2.637164,70.96148,25.379158,89.091354,0.5057188
1.0375,41.353928,-6.8018513,-2.930426,70.0,25.0,90.0,41.58294,-7.144349,-2.6371632,70.96149,25.379154,89.091354,0.50572133
1.0416666666666667,41.353928,-6.8018513,-2.930426,70.0,25.0,90.0,41.58294,-7.144346,-2.637164,70.96149,25.379158,89.091354,0.5057188
1.0458333333333334,41.353928,-6.8018513,-2.930426,70.0,25.0,90.0,41.58294,-7.144347,-2.637164,70.96149,25.379154,89.091354,0.5057195
1.05,41.353928,-6.8018513,-2.930426,70.0,25.0,90.0,41.58294,-7.144346,-2.637164,70.96149,25.37915,89.091354,0.5057188
1.0541666666666667,41.353928,-6.8018513,-2.930426,70.0,25.0,90.0,41.58294,-7.144347,-2.6371632,70.96148,25.379154,89.09136,0.50572
1.0583333333333333,41.353928,-6.8018513,-2.930426,70.0,25.0,90.0,41.58294,-7.144346,-2.6371622,70.96148,25.379154,89.09136,0.50571996
1.0625,41.353928,-6.8018513,-2.930426,70.0,25.0,90.0,41.58294,-7.144349,-2.6371622,70.96149,25.379158,89.09136,0.50572187
1.0666666666666667,41.353928,-6.8018513,-2.930426,70.0,25.0,90.0,41.58294,-7.144347,-2.6371613,70.96149,25.379158,89.09136,0.50572115
1.0708333333333333,41.353928,-6.8018513,-2.930426,70.0,25.0,90.0,41.58294,-7.144347,-2.6371622,70.96149,25.37915,89.09136,0.50572056
1.075,41.353928,-6.8018513,-2.930426,70.0,25.0,90.0,41.58294,-7.144352,-2.6371632,70.96148,25.37915,89.09136,0.50572324
1.0791666666666666,41.353928,-6.8018513,-2.930426,70.0,25.0,90.0,41.58294,-7.144347,-2.6371584,70.96147,25.379147,89.09137,0.5057228
1.0833333333333333,41.353928,-6.8018513,-2.930426,70.0,25.0,90.0,41.58294,-7.144346,-2.6371622,70.96149,25.37915,89.09137,0.50571996
1.0875,41.353928,-6.8018513,-2.930426,70.0,25.0,90.0,41.582935,-7.144347,-2.6371622,70.96148,25.379158,89.09137,0.5057189
1.0916666666666666,41.353928,-6.8018513,-2.930426,70.0,25.0,90.0,41.58294,-7.144347,-2.6371584,70.96148,25.379147,89.09137,0.5057228
1.0958333333333334,41.353928,-6.8018513,-2.930426,70.0,25.0,90.0,41.582935,-7.14435,-2.6371632,70.96148,25.37915,89.09137,0.50572026
1.1,41.353928,-6.8018513,-2.930426,70.0,25.0,90.0,41.58294,-7.144349,-2.6371622,70.96149,25.37915,89.09137,0.50572187
1.1041666666666667,41.353928,-6.8018513,-2.930426,70.0,25.0,90.0,41.58294,-7.144349,-2.637164,70.96149,25.37915,89.09136,0.5057208
1.1083333333333334,41.353928,-6.8018513,-2.930426,70.0,25.0,90.0,41.58294,-7.144349,-2.637164,70.96148,25.379154,89.09137,0.5057208
1.1125,41.353928,-6.8018513,-2.930426,70.0,25.0,90.0,41.58294,-7.144349,-2.637164,70.96148,25.379158,89.09136,0.5057208
1.1166666666666667,41.353928,-6.8018513,-2.930426,70.0,25.0,90.0,41.58294,-7.14435,-2.6371622,70.96148,25.37915,89.09136,0.5057225
1.1208333333333333,41.353928,-6.8018513,-2.930426,70.0,25.0,90.0,41.58294,-7.144349,-2.637164,70.96149,25.37915,89.09136,0.5057208
1.125,41.353928,-6.8018513,-2.930426,70.0,25.0,90.0,41.58294,-7.144346,-2.6371613,70.96149,25.379158,89.09136,0.5057205
1.1291666666666667,41.353928,-6.8018513,-2.930426,70.0,25.0,90.0,41.582935,-7.144349,-2.637164,70.96149,25.379154,89.09137,0.50571907
1.1333333333333333,41.353928,-6.8018513,-2.930426,70.0,25.0,90.0,41.58294,-7.144347,-2.6371622,70.96149,25.379154,89.09136,0.50572056
1.1375,41.353928,-6.8018513,-2.930426,70.0,25.0,90.0,41.58294,-7.144347,-2.6371622,70.96149,25.379154,89.09136,0.50572056
1.1416666666666666,41.353928,-6.8018513,-2.930426,70.0,25.0,90.0,41.58294,-7.144346,-2.6371613,70.96149,25.379154,89.09136,0.5057205
1.1458333333333333,41.353928,-6.8018513,-2.930426,70.0,25.0,90.0,41.58294,-7.144349,-2.6371613,70.96149,25.379154,89.09136,0.50572246
1.15,41.353928,-6.8018513,-2.930426,70.0,25.0,90.0,41.58294,-7.144347,-2.6371603,70.96149,25.379154,89.09136,0.5057217
1.1541666666666666,41.353928,-6.8018513,-2.930426,70.0,25.0,90.0,41.58294,-7.14435,-2.6371613,70.96149,25.37915,89.09136,0.50572306
1.1583333333333334,41.353928,-6.8018513,-2.930426,70.0,25.0,90.0,41.58294,-7.144347,-2.6371613,70.96148,25.37915,89.09136,0.50572115
1.1625,41.353928,-6.8018513,-2.930426,70.0,25.0,90.0,41.58294,-7.144347,-2.6371622,70.96148,25.379158,89.09136,0.50572056
1.1666666666666667,41.353928,-6.8018513,-2.930426,70.0,25.0,90.0,41.582935,-7.144346,-2.6371632,70.96149,25.37915,89.09136,0.5057177
1.1708333333333334,41.353928,-6.8018513,-2.930426,70.0,25.0,90.0,41.58294,-7.144346,-2.6371622,70.96148,25.379154,89.09136,0.50571996
1.175,41.353928,-6.8018513,-2.930426,70.0,25.0,90.0,41.58294,-7.144347,-2.6371613,70.96149,25.379154,89.09136,0.50572115
1.1791666666666667,41.353928,-6.8018513,-2.930426,70.0,25.0,90.0,41.58294,-7.144347,-2.637164,70.96149,25.379154,89.09136,0.5057195
1.1833333333333333,41.353928,-6.8018513,-2.930426,70.0,25.0,90.0,41.58294,-7.144349,-2.637165,70.96149,25.379158,89.09136,0.50572026
1.1875,41.353928,-6.8018513,-2.930426,70.0,25.0,90.0,41.582935,-7.144352,-2.6371613,70.96149,25.37915,89.09136,0.50572264
1.1916666666666667,41.353928,-6.8018513,-2.930426,70.0,25.0,90.0,41.58294,-7.144347,-2.6371632,70.96149,25.37915,89.09136,0.50572
1.1958333333333333,41.353928,-6.8018513,-2.930426,70.0,25.0,90.0,41.58294,-7.144349,-2.6371632,70.96149,25.379154,89.09136,0.50572133
1.2,41.353928,-6.8018513,-2.930426,70.0,25.0,90.0,41.58294,-7.14435,-2.6371622,70.96149,25.379154,89.09136,0.5057225
1.2041666666666666,41.353928,-6.8018513,-2.930426,70.0,25.0,90.0,41.58294,-7.144347,-2.6371622,70.96149,25.379158,89.091354,0.50572056
1.2083333333333333,41.353928,-6.8018513,-2.930426,70.0,25.0,90.0,41.58294,-7.144347,-2.637166,70.96149,25.379154,89.091354,0.50571835
1.2125,41.353928,-6.8018513,-2.930426,70.0,25.0,90.0,41.58294,-7.144347,-2.6371613,70.96149,25.37915,89.091354,0.50572115
1.2166666666666666,41.353928,-6.8018513,-2.930426,70.0,25.0,90.0,41.58294,-7.144352,-2.6371622,70.96149,25.37915,89.091354,0.50572383
1.2208333333333334,41.353928,-6.8018513,-2.930426,70.0,25.0,90.0,41.58294,-7.144347,-2.6371632,70.96149,25.379158,89.091354,0.50572
1.225,41.353928,-6.8018513,-2.930426,70.0,25.0,90.0,41.58294,-7.144347,-2.637166,70.96149,25.379154,89.091354,0.50571835
1.2291666666666667,41.353928,-6.8018513,-2.930426,70.0,25.0,90.0,41.58294,-7.144347,-2.637166,70.96149,25.379154,89.091354,0.50571835
1.2333333333333334,41.353928,-6.8018513,-2.930426,70.0,25.0,90.0,41.58294,-7.14435,-2.6371622,70.96149,25.379154,89.091354,0.5057225
1.2375,41.353928,-6.8018513,-2.930426,70.0,25.0,90.0,41.582943,-7.144347,-2.637164,70.96148,25.379154,89.091354,0.5057212
1.2416666666666667,41.353928,-6.8018513,-2.930426,70.0,25.0,90.0,41.582947,-7.144346,-2.6371622,70.96148,25.379158,89.091354,0.50572336
1.2458333333333333,41.353928,-6.8018513,-2.930426,70.0,25.0,90.0,41.58294,-7.144349,-2.6371632,70.96148,25.379154,89.091354,0.50572133
1.25,41.353928,-6.8018513,-2.930426,70.0,25.0,90.0,41.58294,-7.144349,-2.6371622,70.96148,25.379158,89.091354,0.50572187
1.2541666666666667,41.353928,-6.8018513,-2.930426,70.0,25.0,90.0,41.58294,-7.144349,-2.6371632,70.96149,25.379158,89.091354,0.50572133
1.2583333333333333,41.353928,-6.8018513,-2.930426,70.0,25.0,90.0,41.58294,-7.144349,-2.637166,70.96149,25.379158,89.091354,0.50571966
1.2625,41.353928,-6.8018513,-2.930426,70.0,25.0,90.0,41.58294,-7.144346,-2.637165,70.96149,25.379154,89.091354,0.5057183
1.2666666666666666,41.353928,-6.8018513,-2.930426,70.0,25.0,90.0,41.58294,-7.144349,-2.637165,70.96149,25.379158,89.091354,0.50572026
1.2708333333333333,41.353928,-6.8018513,-2.930426,70.0,25.0,90.0,41.58294,-7.144349,-2.637165,70.96149,25.379154,89.091354,0.50572026
1.275,41.353928,-6.8018513,-2.930426,70.0,25.0,90.0,41.58294,-7.144349,-2.637165,70.96149,25.379154,89.091354,0.50572026
1.2791666666666666,41.353928,-6.8018513,-2.930426,70.0,25.0,90.0,41.58294,-7.144349,-2.637165,70.96149,25.379154,89.091354,0.50572026
1.2833333333333334,41.353928,-6.8018513,-2.930426,70.0,25.0,90.0,41.58294,-7.144349,-2.637165,70.96149,25.379154,89.091354,0.50572026
1.2875,41.353928,-6.8018513,-2.930426,70.0,25.0,90.0,41.58294,-7.144349,-2.637165,70.96149,25.379154,89.091354,0.50572026
1.2916666666666667,41.353928,-6.8018513,-2.930426,70.0,25.0,90.0,41.58294,-7.144349,-2.637165,70.96149,25.379154,89.091354,0.50572026
1.2958333333333334,41.353928,-6.8018513,-2.930426,70.0,25.0,90.0,41.58294,-7.144349,-2.637165,70.96149,25.379154,89.091354,0.50572026
1.3,41.353928,-6.8018513,-2.930426,70.0,25.0,90.0,41.58294,-7.144349,-2.637165,70.96149,25.379154,89.091354,0.50572026
1.3041666666666667,41.353928,-6.8018513,-2.930426,70.0,25.0,90.0,41.58294,-7.144349,-2.637165,70.96149,25.379154,89.091354,0.50572026
1.3083333333333333,41.353928,-6.8018513,-2.930426,70.0,25.0,90.0,41.58294,-7.144349,-2.637165,70.96149,25.379154,89.091354,0.50572026
1.3125,41.353928,-6.8018513,-2.930426,70.0,25.0,90.0,41.58294,-7.144349,-2.637165,70.96149,25.379154,89.091354,0.50572026
1.3166666666666667,41.353928,-6.8018513,-2.930426,70.0,25.0,90.0,41.58294,-7.144349,-2.637165,70.96149,25.379154,89.091354,0.50572026
1.3208333333333333,41.353928,-6.8018513,-2.930426,70.0,25.0,90.0,41.58294,-7.144349,-2.637165,70.96149,25.379154,89.091354,0.50572026
1.325,41.353928,-6.8018513,-2.930426,70.0,25.0,90.0,41.58294,-7.144349,-2.637165,70.96149,25.379154,89.091354,0.50572026
1.3291666666666666,41.353928,-6.8018513,-2.930426,70.0,25.0,90.0,41.58294,-7.144349,-2.637165,70.96149,25.379154,89.091354,0.50572026
1.3333333333333333,41.353928,-6.8018513,-2.930426,70.0,25.0,90.0,41.58294,-7.144349,-2.637165,70.96149,25.379154,89.091354,0.50572026
1.3375,41.353928,-6.8018513,-2.930426,70.0,25.0,90.0,41.58294,-7.144349,-2.637165,70.96149,25.379154,89.091354,0.50572026
1.3416666666666666,41.353928,-6.8018513,-2.930426,70.0,25.0,90.0,41.58294,-7.144349,-2.637165,70.96149,25.379154,89.091354,0.50572026
1.3458333333333334,41.353928,-6.8018513,-2.930426,70.0,25.0,90.0,41.58294,-7.144349,-2.637165,70.96149,25.379154,89.091354,0.50572026
1.35,41.353928,-6.8018513,-2.930426,70.0,25.0,90.0,41.58294,-7.144349,-2.637165,70.96149,25.379154,89.091354,0.50572026
1.3541666666666667,41.353928,-6.8018513,-2.930426,70.0,25.0,90.0,41.58294,-7.144349,-2.637165,70.96149,25.379154,89.091354,0.50572026
1.3583333333333334,41.353928,-6.8018513,-2.930426,70.0,25.0,90.0,41.58294,-7.144349,-2.637165,70.96149,25.379154,89.091354,0.50572026
1.3625,41.353928,-6.8018513,-2.930426,70.0,25.0,90.0,41.58294,-7.144349,-2.637165,70.96149,25.379154,89.091354,0.50572026
1.3666666666666667,41.353928,-6.8018513,-2.930426,70.0,25.0,90.0,41.58294,-7.144349,-2.637165,70.96149,25.379154,89.091354,0.50572026
1.3708333333333333,41.353928,-6.8018513,-2.930426,70.0,25.0,90.0,41.58294,-7.144349,-2.637165,70.96149,25.379154,89.091354,0.50572026
1.375,41.353928,-6.8018513,-2.930426,70.0,25.0,90.0,41.58294,-7.144349,-2.637165,70.96149,25.379154,89.091354,0.50572026
1.3791666666666667,41.353928,-6.8018513,-2.930426,70.0,25.0,90.0,41.58294,-7.144349,-2.637165,70.96149,25.379154,89.091354,0.50572026
1.3833333333333333,41.353928,-6.8018513,-2.930426,70.0,25.0,90.0,41.58294,-7.144349,-2.637165,70.96149,25.379154,89.091354,0.50572026
1.3875,41.353928,-6.8018513,-2.930426,70.0,25.0,90.0,41.58294,-7.144349,-2.637165,70.96149,25.379154,89.091354,0.50572026
1.3916666666666666,41.353928,-6.8018513,-2.930426,70.0,25.0,90.0,41.58294,-7.144349,-2.637165,70.96149,25.379154,89.091354,0.50572026
1.3958333333333333,41.353928,-6.8018513,-2.930426,70.0,25.0,90.0,41.58294,-7.144349,-2.637165,70.96149,25.379154,89.091354,0.50572026
1.4,41.353928,-6.8018513,-2.930426,70.0,25.0,90.0,41.58294,-7.144349,-2.637165,70.96149,25.379154,89.091354,0.50572026
1.4041666666666666,41.353928,-6.8018513,-2.930426,70.0,25.0,90.0,41.58294,-7.144349,-2.637165,70.96149,25.379154,89.091354,0.50572026
1.4083333333333334,41.353928,-6.8018513,-2.930426,70.0,25.0,90.0,41.58294,-7.144349,-2.637165,70.96149,25.379154,89.091354,0.50572026
1.4125,41.353928,-6.8018513,-2.930426,70.0,25.0,90.0,41.58294,-7.144349,-2.637165,70.96149,25.379154,89.091354,0.50572026
1.4166666666666667,41.353928,-6.8018513,-2.930426,70.0,25.0,90.0,41.58294,-7.144349,-2.637165,70.96149,25.379154,89.091354,0.50572026
1.4208333333333334,41.353928,-6.8018513,-2.930426,70.0,25.0,90.0,41.58294,-7.144349,-2.637165,70.96149,25.379154,89.091354,0.50572026
1.425,41.353928,-6.8018513,-2.930426,70.0,25.0,90.0,41.58294,-7.14435,-2.637166,70.96149,25.379154,89.091354,0.5057203
1.4291666666666667,41.353928,-6.8018513,-2.930426,70.0,25.0,90.0,41.58294,-7.14435,-2.637165,70.96149,25.37915,89.091354,0.50572085
1.4333333333333333,41.353928,-6.8018513,-2.930426,70.0,25.0,90.0,41.58294,-7.14435,-2.637165,70.96149,25.37915,89.091354,0.50572085
1.4375,41.353928,-6.8018513,-2.930426,70.0,25.0,90.0,41.58294,-7.14435,-2.637166,70.96149,25.379154,89.091354,0.5057203
1.4416666666666667,41.353928,-6.8018513,-2.930426,70.0,25.0,90.0,41.58294,-7.144349,-2.6371632,70.96149,25.379154,89.091354,0.50572133
1.4458333333333333,41.353928,-6.8018513,-2.930426,70.0,25.0,90.0,41.58294,-7.144349,-2.637164,70.96149,25.379154,89.091354,0.5057208
1.45,41.353928,-6.8018513,-2.930426,70.0,25.0,90.0,41.58294,-7.144346,-2.637165,70.96148,25.379154,89.091354,0.5057183
1.4541666666666666,41.353928,-6.8018513,-2.930426,70.0,25.0,90.0,41.582943,-7.144346,-2.6371632,70.96149,25.379158,89.09136,0.5057211
1.4583333333333333,41.353928,-6.8018513,-2.930426,70.0,25.0,90.0,41.58294,-7.144347,-2.637164,70.96149,25.379154,89.09136,0.5057195
1.4625,41.353928,-6.8018513,-2.930426,70.0,25.0,90.0,41.58294,-7.144347,-2.6371632,70.96149,25.379154,89.09136,0.50572
1.4666666666666666,41.353928,-6.8018513,-2.930426,70.0,25.0,90.0,41.58294,-7.144347,-2.6371622,70.96149,25.37915,89.09137,0.50572056
1.4708333333333334,41.353928,-6.8018513,-2.930426,70.0,25.0,90.0,41.58294,-7.144349,-2.6371613,70.96148,25.37915,89.09136,0.50572246
1.475,41.353928,-6.8018513,-2.930426,70.0,25.0,90.0,41.58294,-7.144346,-2.6371632,70.96148,25.379154,89.09137,0.50571936
1.4791666666666667,41.353928,-6.8018513,-2.930426,70.0,25.0,90.0,41.582935,-7.144346,-2.6371613,70.96148,25.379154,89.09137,0.50571877
1.4833333333333334,41.353928,-6.8018513,-2.930426,70.0,25.0,90.0,41.582935,-7.144347,-2.6371632,70.96149,25.379158,89.09137,0.5057183
1.4875,41.353928,-6.8018513,-2.930426,70.0,25.0,90.0,41.58294,-7.144346,-2.6371574,70.96148,25.379147,89.09136,0.5057227
1.4916666666666667,41.353928,-6.8018513,-2.930426,70.0,25.0,90.0,41.58294,-7.144349,-2.6371622,70.96148,25.379147,89.09137,0.50572187
1.4958333333333333,41.353928,-6.8018513,-2.930426,70.0,25.0,90.0,41.58294,-7.144347,-2.6371622,70.96148,25.379154,89.09136,0.50572056
1.5,41.353928,-6.8018513,-2.930426,70.0,25.0,90.0,41.58294,-7.144346,-2.637165,70.96148,25.379154,89.09136,0.5057183
1.5041666666666667,41.353928,-6.8018513,-2.930426,70.0,25.0,90.0,41.58293,-7.144347,-2.637166,70.96148,25.379158,89.09136,0.50571495
1.5083333333333333,41.353928,-6.8018513,-2.930426,70.0,25.0,90.0,41.58294,-7.144349,-2.6371622,70.96149,25.379158,89.09136,0.50572187
1.5125,41.353928,-6.8018513,-2.930426,70.0,25.0,90.0,41.58294,-7.144346,-2.6371622,70.96148,25.37915,89.09136,0.50571996
1.5166666666666666,41.353928,-6.8018513,-2.930426,70.0,25.0,90.0,41.582935,-7.144346,-2.6371622,70.96148,25.37915,89.09136,0.50571823
1.5208333333333333,41.353928,-6.8018513,-2.930426,70.0,25.0,90.0,41.582935,-7.144347,-2.637164,70.96149,25.37915,89.09136,0.50571775
1.525,41.353928,-6.8018513,-2.930426,70.0,25.0,90.0,41.58294,-7.144347,-2.6371632,70.96148,25.379158,89.09136,0.50572
1.5291666666666666,41.353928,-6.8018513,-2.930426,70.0,25.0,90.0,41.58294,-7.144347,-2.637164,70.96149,25.379158,89.09136,0.5057195
1.5333333333333334,41.353928,-6.8018513,-2.930426,70.0,25.0,90.0,41.582935,-7.144349,-2.637164,70.96148,25.379154,89.09136,0.50571907
1.5375,41.353928,-6.8018513,-2.930426,70.0,25.0,90.0,41.582943,-7.144348,-2.6371746,70.961464,25.379173,89.09136,0.5057158
1.5416666666666667,41.353928,-6.8018513,-2.930426,70.0,25.0,90.0,41.582947,-7.144356,-2.637209,70.96143,25.379211,89.09138,0.50570273
1.5458333333333334,41.353928,-6.8018513,-2.930426,70.0,25.0,90.0,41.582947,-7.144456,-2.6372862,70.961426,25.37923,89.091415,0.5057258
1.55,41.353928,-6.8018513,-2.930426,70.0,25.0,90.0,41.582916,-7.1447134,-2.6374016,70.96145,25.37918,89.091515,0.5058196
1.5541666666666667,41.353928,-6.8018513,-2.930426,70.0,25.0,90.0,41.582787,-7.145232,-2.6375656,70.9615,25.379032,89.09172,0.5060178
1.5583333333333333,41.353928,-6.8018513,-2.930426,70.0,25.0,90.0,41.582535,-7.14602,-2.6378317,70.961426,25.378696,89.09206,0.5062852
1.5625,41.353928,-6.8018513,-2.930426,70.0,25.0,90.0,41.582123,-7.1471443,-2.638279,70.96098,25.378029,89.092545,0.5066065
1.5666666666666667,41.353928,-6.8018513,-2.930426,70.0,25.0,90.0,41.581593,-7.148695,-2.6389484,70.9601,25.376835,89.09323,0.5070414
1.5708333333333333,41.353928,-6.8018513,-2.930426,70.0,25.0,90.0,41.58114,-7.1508093,-2.63982,70.95883,25.375,89.09416,0.50778764
1.575,41.353928,-6.8018513,-2.930426,70.0,25.0,90.0,41.580612,-7.153619,-2.6409817,70.95693,25.372646,89.09534,0.5088263
1.5791666666666666,41.353928,-6.8018513,-2.930426,70.0,25.0,90.0,41.58014,-7.156969,-2.6426735,70.954384,25.369503,89.09686,0.5099821
1.5833333333333333,41.353928,-6.8018513,-2.930426,70.0,25.0,90.0,41.579582,-7.1607475,-2.6448927,70.950806,25.365635,89.09885,0.5111318
1.5875,41.353928,-6.8018513,-2.930426,70.0,25.0,90.0,41.57916,-7.1645756,-2.6477194,70.945656,25.361137,89.1013,0.5120752
1.5916666666666666,41.353928,-6.8018513,-2.930426,70.0,25.0,90.0,41.578587,-7.1685476,-2.6513586,70.938934,25.357086,89.104256,0.5126562
1.5958333333333334,41.353928,-6.8018513,-2.930426,70.0,25.0,90.0,41.57795,-7.172393,-2.65582,70.9299,25.353622,89.107834,0.51273316
1.6,41.353928,-6.8018513,-2.930426,70.0,25.0,90.0,41.577095,-7.175535,-2.6607199,70.919136,25.350647,89.1122,0.5120398
1.6041666666666667,41.353928,-6.8018513,-2.930426,70.0,25.0,90.0,41.576584,-7.1772356,-2.6655893,70.90617,25.348133,89.11698,0.510517
1.6083333333333334,41.353928,-6.8018513,-2.930426,70.0,25.0,90.0,41.576202,-7.1761312,-2.669608,70.88892,25.347267,89.12339,0.5074618
1.6125,41.353928,-6.8018513,-2.930426,70.0,25.0,90.0,41.5756,-7.1720686,-2.6740751,70.86602,25.351082,89.132484,0.5019114
1.6166666666666667,41.353928,-6.8018513,-2.930426,70.0,25.0,90.0,41.57376,-7.1679506,-2.681345,70.834145,25.352951,89.14526,0.494365
1.6208333333333333,41.353928,-6.8018513,-2.930426,70.0,25.0,90.0,41.56951,-7.1635437,-2.6901255,70.797035,25.355259,89.1613,0.4848114
1.625,41.353928,-6.8018513,-2.930426,70.0,25.0,90.0,41.56326,-7.1573734,-2.700016,70.753296,25.35736,89.1829,0.47255093
1.6291666666666667,41.353928,-6.8018513,-2.930426,70.0,25.0,90.0,41.555885,-7.149844,-2.7112446,70.70352,25.36132,89.209114,0.4581773
1.6333333333333333,41.353928,-6.8018513,-2.930426,70.0,25.0,90.0,41.55004,-7.141096,-2.7217655,70.64885,25.362278,89.24079,0.44394454
1.6375,41.353928,-6.8018513,-2.930426,70.0,25.0,90.0,41.54284,-7.1292543,-2.7316542,70.58675,25.364433,89.28048,0.427072
1.6416666666666666,41.353928,-6.8018513,-2.930426,70.0,25.0,90.0,41.535892,-7.1198616,-2.7361631,70.51714,25.352036,89.327095,0.41470447
1.6458333333333333,41.353928,-6.8018513,-2.930426,70.0,25.0,90.0,41.523384,-7.107604,-2.732359,70.44353,25.330238,89.38062,0.40178448
1.65,41.353928,-6.8018513,-2.930426,70.0,25.0,90.0,41.50126,-7.094185,-2.72093,70.36677,25.31392,89.444664,0.38865653
1.6541666666666666,41.353928,-6.801806,-2.930425,69.99995,25.0,90.00002,41.475918,-7.085973,-2.7018356,70.29382,25.286274,89.51659,0.38455877
1.6583333333333334,41.353928,-6.801482,-2.9304242,69.99956,25.0,90.00017,41.445385,-7.0798054,-2.6763134,70.22898,25.253841,89.59912,0.3878151
1.6625,41.353928,-6.800618,-2.9304276,69.99851,25.0,90.000565,41.39983,-7.078165,-2.651023,70.17666,25.204807,89.6968,0.39649242
1.6666666666666667,41.353928,-6.7989655,-2.930428,69.99652,25.0,90.00131,41.333397,-7.068531,-2.623868,70.14244,25.146969,89.81422,0.4087373
1.6708333333333334,41.353928,-6.7962837,-2.9304264,69.99329,25.0,90.00253,41.249634,-7.0657883,-2.5949755,70.09605,25.06623,89.94742,0.44276088
1.675,41.353928,-6.792357,-2.930426,69.98856,25.0,90.00431,41.14967,-7.0410185,-2.5552263,70.05987,24.999577,90.08655,0.49429604
1.6791666666666667,41.353928,-6.7869716,-2.930424,69.98208,25.0,90.00675,41.030346,-6.9935493,-2.5120707,70.05682,24.944763,90.22652,0.5678019
1.6833333333333333,41.353928,-6.779932,-2.9304247,69.973595,25.0,90.00994,40.89474,-6.9349833,-2.4853516,70.05486,24.90202,90.38385,0.65801466
1.6875,41.353928,-6.771052,-2.9304256,69.96289,25.0,90.01396,40.763695,-6.8634567,-2.4719496,70.042656,24.897747,90.57018,0.7530696
1.6916666666666667,41.353928,-6.760161,-2.9304264,69.94976,25.0,90.01888,40.615723,-6.789708,-2.4688587,70.02197,24.932262,90.75915,0.87112814
1.6958333333333333,41.35393,-6.7471027,-2.9304254,69.93401,25.0,90.024765,40.47278,-6.708681,-2.463584,69.99851,24.965431,90.95079,0.9979218
1.7,41.353928,-6.7317257,-2.9304278,69.91546,25.0,90.03169,40.330017,-6.622636,-2.49467,69.9877,25.022942,91.12444,1.1181136
1.7041666666666666,41.353928,-6.713897,-2.9304254,69.89394,25.0,90.039696,40.180923,-6.5306034,-2.525588,69.98114,25.11884,91.27596,1.2543639
1.7083333333333333,41.353928,-6.6934915,-2.9304256,69.8693,25.0,90.04883,40.042274,-6.439804,-2.544713,69.99704,25.23875,91.40615,1.390527
1.7125,41.35393,-6.6703978,-2.9304276,69.84139,25.0,90.05913,39.897766,-6.342185,-2.5496836,69.999306,25.369549,91.52219,1.5404892
1.7166666666666666,41.353928,-6.6445103,-2.930425,69.8101,25.0,90.07064,39.756397,-6.221553,-2.5332594,70.01908,25.522327,91.62149,1.6996284
1.7208333333333334,41.353928,-6.615738,-2.930424,69.77528,25.0,90.08338,39.604267,-6.114298,-2.5279264,70.03889,25.6563,91.71011,1.8640703
1.725,41.353928,-6.584006,-2.9304256,69.736855,25.0,90.09737,39.47359,-6.0243616,-2.5221033,70.04159,25.723633,91.8058,2.003895
1.7291666666666667,41.353928,-6.5492353,-2.930427,69.69471,25.0,90.11262,39.347225,-5.9451,-2.482994,70.08256,25.714958,91.86858,2.1429024
1.7333333333333334,41.353928,-6.5113735,-2.930424,69.64878,25.0,90.12913,39.25318,-5.88395,-2.436452,70.15129,25.65435,91.92705,2.247399
1.7375,41.353928,-6.4703636,-2.9304247,69.598976,25.0,90.146904,39.188957,-5.8434515,-2.3943834,70.239075,25.594643,91.9564,2.316777
1.7416666666666667,41.353928,-6.4261684,-2.9304256,69.54524,25.0,90.16593,39.131783,-5.830737,-2.3571215,70.319084,25.524517,91.97132,2.3708954
1.7458333333333333,41.353928,-6.3787565,-2.9304247,69.48753,25.0,90.1862,39.07219,-5.824773,-2.3265467,70.385284,25.43354,91.99807,2.4244373
1.75,41.353928,-6.3281,-2.9304254,69.4258,25.0,90.207695,39.037464,-5.818103,-2.2938337,70.48198,25.365887,92.03735,2.4558806
1.7541666666666667,41.353928,-6.27419,-2.9304254,69.36001,25.0,90.23038,39.006477,-5.8015404,-2.2214928,70.609055,25.283978,92.09585,2.4972997
1.7583333333333333,41.353928,-6.217017,-2.9304237,69.290146,25.0,90.25423,38.98796,-5.7711697,-2.1301994,70.743744,25.19516,92.171196,2.537112
1.7625,41.353928,-6.1565886,-2.9304245,69.216194,25.0,90.27919,38.99034,-5.7236586,-2.0328016,70.87837,25.136047,92.24345,2.5650918
1.7666666666666666,41.353928,-6.092912,-2.930424,69.13815,25.0,90.30524,39.001366,-5.6654596,-1.9318027,70.988235,25.122353,92.29778,2.5912368
1.7708333333333333,41.353928,-6.0260077,-2.9304261,69.05602,25.0,90.332306,39.02047,-5.6059523,-1.8254995,71.05272,25.089191,92.36652,2.6157858
1.775,41.353928,-5.955903,-2.9304283,68.969826,25.0,90.36035,39.02804,-5.549861,-1.7356691,71.07317,25.011803,92.44692,2.6461413
1.7791666666666666,41.35393,-5.882628,-2.930428,68.879585,25.0,90.38931,39.039368,-5.485261,-1.6575613,71.09449,24.914505,92.56429,2.6711974
1.7833333333333334,41.353928,-5.8062267,-2.9304252,68.78534,25.0,90.419136,39.06335,-5.416626,-1.588314,71.104866,24.839672,92.697235,2.683243
1.7875,41.353928,-5.7267456,-2.930426,68.68712,25.0,90.449745,39.095043,-5.3530016,-1.5445242,71.0742,24.767029,92.8377,2.676372
1.7916666666666667,41.353928,-5.6442375,-2.9304261,68.58498,25.0,90.48107,39.124954,-5.3006754,-1.51017,71.027596,24.695427,92.9795,2.6652362
1.7958333333333334,41.353928,-5.5587683,-2.9304245,68.47898,25.0,90.51305,39.154152,-5.2616415,-1.4985895,70.9682,24.59851,93.10812,2.6414862
1.8,41.353928,-5.470401,-2.9304256,68.36919,25.0,90.545586,39.167736,-5.2261286,-1.5088482,70.86872,24.499165,93.2345,2.6191573
1.8041666666666667,41.353928,-5.3792114,-2.9304283,68.25568,25.0,90.57862,39.17192,-5.185314,-1.5573044,70.74267,24.438095,93.34576,2.5853858
1.8083333333333333,41.353928,-5.2852716,-2.9304264,68.138535,25.0,90.612076,39.160534,-5.1439886,-1.6173077,70.598526,24.384327,93.43738,2.5603158
1.8125,41.353928,-5.188673,-2.9304247,68.01785,25.0,90.64586,39.132477,-5.087597,-1.68295,70.43832,24.328957,93.539825,2.5497553
1.8166666666666667,41.353928,-5.0895014,-2.9304268,67.89372,25.0,90.67989,39.101192,-5.013914,-1.7537718,70.276726,24.261509,93.65039,2.5426455
1.8208333333333333,41.35393,-4.9878545,-2.9304292,67.76626,25.0,90.71409,39.06199,-4.932577,-1.8147926,70.118835,24.19735,93.76005,2.5496473
1.825,41.35393,-4.883823,-2.9304276,67.635574,25.0,90.74838,39.02314,-4.8502655,-1.8743191,69.95021,24.125187,93.87035,2.559117
1.8291666666666666,41.353928,-4.777517,-2.9304256,67.50179,25.0,90.782684,39.00085,-4.768385,-1.9215603,69.79483,24.045685,93.98662,2.560247
1.8333333333333333,41.353928,-4.6690407,-2.930425,67.365036,25.0,90.8169,38.967846,-4.690648,-1.9604769,69.640076,23.963089,94.0943,2.5757818
1.8375,41.353928,-4.5585093,-2.9304278,67.22544,25.0,90.85096,38.93653,-4.6014977,-1.9906368,69.46757,23.890522,94.19863,2.5940049
1.8416666666666666,41.353928,-4.4460335,-2.9304283,67.08315,25.0,90.88478,38.916092,-4.501381,-2.0124922,69.26425,23.823502,94.31482,2.6055157
1.8458333333333334,41.353928,-4.331734,-2.9304261,66.938324,25.0,90.91829,38.90236,-4.3928366,-2.0410614,69.03743,23.771267,94.427895,2.6086187
1.85,41.353928,-4.2157364,-2.930425,66.79111,25.0,90.95139,38.887394,-4.27697,-2.0774574,68.78759,23.717468,94.531815,2.610573
1.8541666666666667,41.353928,-4.098161,-2.9304268,66.641655,25.0,90.98404,38.87659,-4.155756,-2.1145315,68.52709,23.653538,94.63216,2.6088696
1.8583333333333334,41.353928,-3.9791343,-2.9304235,66.49014,25.0,91.01614,38.8691,-4.0288553,-2.1579323,68.24798,23.586487,94.72075,2.6026123
1.8625,41.353928,-3.8587918,-2.930427,66.33673,25.0,91.047646,38.866325,-3.8984785,-2.198019,67.95427,23.508514,94.79157,2.5934844
1.8666666666666667,41.353928,-3.7372646,-2.9304266,66.18161,25.0,91.07847,38.86709,-3.7688627,-2.239377,67.64591,23.410385,94.848404,2.5812628
1.8708333333333333,41.353928,-3.6146839,-2.9304276,66.02495,25.0,91.10857,38.86888,-3.6370564,-2.2808971,67.33618,23.307281,94.90301,2.5686274
1.875,41.353928,-3.491191,-2.9304252,65.86694,25.0,91.13787,38.86836,-3.5020695,-2.3020859,67.02307,23.208832,94.963394,2.5637827
1.8791666666666667,41.353928,-3.3669186,-2.9304233,65.70777,25.0,91.166336,38.864357,-3.3707066,-2.319727,66.7091,23.108467,95.01857,2.5633817
1.8833333333333333,41.353928,-3.2420125,-2.930427,65.54762,25.0,91.1939,38.85637,-3.2378702,-2.3289242,66.40419,23.003693,95.06164,2.5689728
1.8875,41.353928,-3.116607,-2.930425,65.3867,25.0,91.220535,38.849167,-3.0996714,-2.3338184,66.10054,22.895805,95.10101,2.574889
1.8916666666666666,41.353928,-2.9908464,-2.9304268,65.2252,25.0,91.246185,38.84281,-2.9555073,-2.3413954,65.796005,22.79432,95.14055,2.5795176
1.8958333333333333,41.353928,-2.864873,-2.930424,65.06332,25.0,91.27082,38.84018,-2.8135672,-2.348631,65.48939,22.699982,95.17323,2.5807064
1.9,41.353928,-2.7388291,-2.930427,64.901245,25.0,91.29441,38.83965,-2.6695433,-2.3578243,65.18291,22.615387,95.20044,2.5795872
1.9041666666666666,41.353928,-2.6128561,-2.9304266,64.7392,25.0,91.316925,38.84468,-2.524516,-2.364421,64.88671,22.542458,95.22954,2.5738077
1.9083333333333334,41.353928,-2.4870954,-2.9304235,64.57737,25.0,91.33835,38.845676,-2.381979,-2.3697214,64.59605,22.481762,95.25766,2.5723064
1.9125,41.353928,-2.3616903,-2.9304256,64.415955,25.0,91.35866,38.846485,-2.2400875,-2.3703842,64.30425,22.416367,95.295364,2.5721006
1.9166666666666667,41.353928,-2.2367833,-2.930425,64.255165,25.0,91.37784,38.851727,-2.100851,-2.370926,64.0148,22.361362,95.32311,2.5675917
1.9208333333333334,41.353928,-2.1125128,-2.9304252,64.09519,25.0,91.39589,38.85865,-1.960556,-2.3717804,63.73,22.31213,95.345566,2.561559
1.925,41.35393,-1.9890225,-2.9304287,63.936234,25.0,91.412796,38.867012,-1.8169842,-2.3742638,63.44321,22.284023,95.3699,2.5541506
1.9291666666666667,41.353928,-1.8664426,-2.9304295,63.778484,25.0,91.42859,38.878666,-1.6708965,-2.3776245,63.15815,22.27024,95.386826,2.5437672
1.9333333333333333,41.353928,-1.74491,-2.9304261,63.62214,25.0,91.44325,38.892685,-1.5244694,-2.372201,62.886005,22.273235,95.39903,2.5333624
1.9375,41.353928,-1.6245675,-2.9304242,63.46739,25.0,91.456795,38.901688,-1.3780594,-2.3591595,62.628483,22.30574,95.41625,2.529939
1.9416666666666667,41.353928,-1.5055432,-2.9304261,63.314407,25.0,91.46924,38.91267,-1.2382812,-2.3368835,62.38397,22.368252,95.426094,2.526551
1.9458333333333333,41.353928,-1.3879672,-2.9304228,63.16339,25.0,91.4806,38.929573,-1.1067123,-2.318262,62.177567,22.460888,95.43538,2.5162153
1.95,41.353928,-1.2719681,-2.930425,63.0145,25.0,91.490906,38.94758,-0.9798107,-2.293065,61.98852,22.57291,95.439964,2.5064118
1.9541666666666666,41.353928,-1.1576697,-2.9304287,62.86791,25.0,91.50018,38.972267,-0.85909843,-2.2537222,61.821472,22.698624,95.43465,2.493869
1.9583333333333333,41.353928,-1.0451959,-2.9304254,62.7238,25.0,91.50845,38.9956,-0.7377434,-2.2152758,61.68679,22.834332,95.43422,2.4834788
1.9625,41.353928,-0.93466115,-2.9304242,62.582314,25.0,91.51577,39.019585,-0.6314144,-2.1837292,61.5581,22.996403,95.42445,2.4695485
1.9666666666666666,41.35393,-0.8261888,-2.9304261,62.44361,25.0,91.52214,39.05235,-0.5287533,-2.1432915,61.435726,23.1899,95.3983,2.4505775
1.9708333333333334,41.353928,-0.71988225,-2.9304276,62.307835,25.0,91.52763,39.08704,-0.41633606,-2.1045647,61.34478,23.411865,95.357994,2.43166
1.975,41.353928,-0.61585027,-2.930426,62.17513,25.0,91.53228,39.10253,-0.31181526,-2.0840988,61.26553,23.661926,95.32466,2.4243538
1.9791666666666667,41.353928,-0.5142003,-2.9304218,62.04563,25.0,91.53612,39.099026,-0.23365211,-2.0826006,61.18166,23.90923,95.27908,2.4253023
1.9833333333333334,41.353928,-0.41503003,-2.930426,61.91945,25.0,91.53919,39.08355,-0.19903755,-2.1125383,61.047203,24.14561,95.22889,2.4228516
1.9875,41.353928,-0.31843036,-2.930427,61.79671,25.0,91.54156,39.067398,-0.18615341,-2.1675186,60.89975,24.350452,95.16822,2.414072
1.9916666666666667,41.353928,-0.2244928,-2.9304261,61.67753,25.0,91.54326,39.0505,-0.17517853,-2.2408571,60.763958,24.53521,95.115776,2.4049368
1.9958333333333333,41.353928,-0.13330309,-2.930428,61.561996,25.0,91.54435,39.04699,-0.13835907,-2.3202724,60.65961,24.72126,95.07933,2.3862689
2.0,41.353928,-0.044936996,-2.9304304,61.450207,25.0,91.544876,39.043297,-0.11083603,-2.4136868,60.559036,24.820992,95.0147,2.3686242
2.004166666666667,41.353928,0.04053617,-2.9304256,61.34225,25.0,91.54489,39.036354,-0.082408905,-2.5023289,60.479485,24.83873,94.92854,2.3599849
2.0083333333333333,41.353928,0.123040006,-2.9304276,61.238194,25.0,91.54444,39.033585,-0.047966003,-2.577323,60.412766,24.812656,94.83015,2.3532782
2.0125,41.353928,0.2025231,-2.9304261,61.138103,25.0,91.54358,39.015762,0.008047104,-2.6212063,60.357086,24.756763,94.773056,2.3665278
2.0166666666666666,41.353928,0.27892464,-2.9304245,61.04204,25.0,91.54234,38.972282,0.07056618,-2.6430416,60.296215,24.666145,94.719215,2.4079525
2.0208333333333335,41.353928,0.35219797,-2.9304264,60.950047,25.0,91.5408,38.905323,0.14619827,-2.6415167,60.25283,24.537048,94.662674,2.4741805
2.025,41.353928,0.42230377,-2.9304261,60.862164,25.0,91.53899,38.840084,0.22431755,-2.6548624,60.22541,24.457405,94.60179,2.5366402
2.029166666666667,41.35393,0.4892072,-2.930426,60.77842,25.0,91.53694,38.76995,0.31869698,-2.6363745,60.200165,24.375084,94.54711,2.6062417
2.033333333333333,41.353928,0.5528869,-2.9304245,60.698826,25.0,91.53474,38.73802,0.41749382,-2.5975056,60.18395,24.33886,94.49202,2.6404788
2.0375,41.353928,0.6133148,-2.9304252,60.6234,25.0,91.53238,38.733128,0.50229836,-2.5526628,60.182972,24.301384,94.42468,2.6502118
2.0416666666666665,41.353928,0.67048687,-2.9304256,60.55214,25.0,91.52993,38.73342,0.56015205,-2.4876537,60.214283,24.253056,94.37079,2.6599386
2.0458333333333334,41.353928,0.72439843,-2.930423,60.485035,25.0,91.52742,38.726585,0.627306,-2.407154,60.257717,24.221294,94.33981,2.6807022
2.05,41.353928,0.77505195,-2.9304261,60.42206,25.0,91.52488,38.7285,0.6960468,-2.3273125,60.320885,24.209793,94.29826,2.6949687
2.0541666666666667,41.353928,0.82246715,-2.9304266,60.363182,25.0,91.522354,38.72964,0.757267,-2.2378368,60.36661,24.203846,94.27898,2.7149239
2.058333333333333,41.353928,0.8666616,-2.9304256,60.308372,25.0,91.51986,38.759876,0.8111744,-2.1521215,60.402935,24.214375,94.25097,2.708863
2.0625,41.353928,0.9076721,-2.930424,60.25757,25.0,91.517426,38.804543,0.8603058,-2.0849752,60.451984,24.229351,94.20207,2.6863341
2.066666666666667,41.353928,0.9455328,-2.9304287,60.210705,25.0,91.51508,38.85926,0.90091515,-2.0303326,60.52307,24.283352,94.12622,2.652457
2.0708333333333333,41.353928,0.98029983,-2.9304297,60.167717,25.0,91.51285,38.929707,0.9389076,-1.9837933,60.617973,24.304073,94.0401,2.6028218
2.075,41.353928,1.0120364,-2.9304273,60.128517,25.0,91.510735,38.996098,0.9648323,-1.956254,60.720955,24.33648,93.95653,2.5515885
2.0791666666666666,41.353928,1.0408062,-2.9304254,60.09301,25.0,91.508766,39.050484,0.9721565,-1.9407606,60.834625,24.380543,93.875496,2.5079877
2.0833333333333335,41.353928,1.0666921,-2.9304295,60.061077,25.0,91.50694,39.10201,0.972414,-1.94314,60.94243,24.428768,93.80135,2.4606435
2.0875,41.353928,1.0897865,-2.9304278,60.032616,25.0,91.50528,39.15132,0.9654331,-1.9599104,61.011913,24.490524,93.73512,2.4101539
2.091666666666667,41.353928,1.1101924,-2.930428,60.00748,25.0,91.50378,39.200706,0.9570255,-1.9778881,61.062954,24.542484,93.677414,2.3594816
2.095833333333333,41.353928,1.1280221,-2.9304256,59.985535,25.0,91.50244,39.255722,0.9478378,-1.9889078,61.08789,24.584919,93.620964,2.3068137
2.1,41.353928,1.1433997,-2.9304218,59.966618,25.0,91.50128,39.30867,0.9416275,-1.996378,61.10375,24.623508,93.57202,2.2574828
2.1041666666666665,41.353928,1.1564571,-2.9304266,59.95055,25.0,91.500275,39.35205,0.9369278,-2.006853,61.119038,24.652699,93.54291,2.2155566
2.1083333333333334,41.353928,1.1673476,-2.9304283,59.937157,25.0,91.49943,39.391956,0.9338684,-2.0234995,61.120716,24.67693,93.51204,2.17402
2.1125,41.353928,1.1762275,-2.9304223,59.92625,25.0,91.49873,39.42469,0.93208885,-2.0520687,61.092793,24.678741,93.49324,2.1337912
2.1166666666666667,41.353928,1.1832658,-2.930431,59.917587,25.0,91.49818,39.453663,0.93006706,-2.0934172,61.051277,24.688057,93.487495,2.0918193
2.120833333333333,41.353928,1.1886547,-2.9304285,59.91097,25.0,91.49776,39.477318,0.91664314,-2.155179,61.008797,24.706963,93.479065,2.0485768
2.125,41.353928,1.1925837,-2.9304252,59.906147,25.0,91.497444,39.497833,0.8965416,-2.2329836,60.969234,24.749992,93.45754,2.0047824
2.129166666666667,41.353928,1.1952641,-2.9304247,59.902855,25.0,91.49723,39.51402,0.8834934,-2.3083,60.930862,24.81078,93.43734,1.9671054
2.1333333333333333,41.353928,1.1969144,-2.9304266,59.900826,25.0,91.49709,39.53311,0.86992455,-2.3784075,60.892567,24.87284,93.41526,1.9305488
2.1375,41.353928,1.1977766,-2.93043,59.89976,25.0,91.497025,39.555275,0.8532772,-2.4486103,60.86195,24.940632,93.388466,1.8936687
2.1416666666666666,41.353928,1.1981014,-2.9304283,59.899364,25.0,91.497,39.58368,0.839201,-2.5179482,60.831947,25.005215,93.363884,1.8527625
2.1458333333333335,41.353928,1.1981469,-2.9304268,59.89931,25.0,91.496994,39.617493,0.8282795,-2.580801,60.803577,25.061226,93.34358,1.8094879
2.15,41.353928,1.1981469,-2.9304268,59.89931,25.0,91.496994,39.6572,0.8216858,-2.6343975,60.785065,25.11481,93.323006,1.7630205
2.154166666666667,41.353928,1.1981469,-2.9304268,59.89931,25.0,91.496994,39.699715,0.8145294,-2.677966,60.76993,25.158947,93.30233,1.7167759
2.158333333333333,41.353928,1.1981469,-2.9304268,59.89931,25.0,91.496994,39.7419,0.80537796,-2.7232485,60.745934,25.190529,93.28218,1.6720703
2.1625,41.353928,1.1981469,-2.9304268,59.89931,25.0,91.496994,39.781754,0.7980385,-2.7669153,60.71303,25.214527,93.26438,1.6305073
2.1666666666666665,41.353928,1.1981469,-2.9304268,59.89931,25.0,91.496994,39.818333,0.79413605,-2.8045158,60.681602,25.240772,93.247894,1.5928371
2.1708333333333334,41.353928,1.1981469,-2.9304268,59.89931,25.0,91.496994,39.851646,0.79371834,-2.8370667,60.65455,25.26715,93.23601,1.5585659
2.175,41.353928,1.1981469,-2.9304268,59.89931,25.0,91.496994,39.87966,0.79343796,-2.8649616,60.62853,25.283695,93.22779,1.5302076
2.1791666666666667,41.353928,1.1981469,-2.9304268,59.89931,25.0,91.496994,39.90279,0.79351807,-2.8869095,60.60279,25.292122,93.22163,1.5071225
2.183333333333333,41.353928,1.1981469,-2.9304268,59.89931,25.0,91.496994,39.92176,0.79810333,-2.8982315,60.58213,25.28899,93.215576,1.4873378
2.1875,41.353928,1.1981469,-2.9304268,59.89931,25.0,91.496994,39.937164,0.8059845,-2.904933,60.565792,25.287434,93.21135,1.4702584
2.191666666666667,41.353928,1.1981469,-2.9304268,59.89931,25.0,91.496994,39.947353,0.8150997,-2.9092646,60.5515,25.285564,93.20896,1.457952
2.1958333333333333,41.353928,1.1981469,-2.9304268,59.89931,25.0,91.496994,39.954002,0.82411194,-2.9122553,60.540497,25.282532,93.20788,1.4491457
2.2,41.353928,1.1981469,-2.9304268,59.89931,25.0,91.496994,39.958363,0.83286285,-2.913701,60.531345,25.280117,93.20763,1.442676
2.2041666666666666,41.353928,1.1981469,-2.9304268,59.89931,25.0,91.496994,39.961266,0.8405132,-2.9136095,60.52412,25.276707,93.20762,1.4379473
2.2083333333333335,41.353928,1.1981469,-2.9304268,59.89931,25.0,91.496994,39.963173,0.8474541,-2.9130516,60.517494,25.272625,93.20803,1.434394
2.2125,41.353928,1.1981469,-2.9304268,59.89931,25.0,91.496994,39.96399,0.8525791,-2.9121294,60.51217,25.26773,93.208824,1.4323689
2.216666666666667,41.353928,1.1981469,-2.9304268,59.89931,25.0,91.496994,39.964657,0.8563423,-2.9109516,60.508514,25.262539,93.20961,1.430833
2.220833333333333,41.353928,1.1981469,-2.9304268,59.89931,25.0,91.496994,39.96499,0.85870934,-2.9099522,60.50592,25.257679,93.2103,1.429961
2.225,41.353928,1.1981469,-2.9304268,59.89931,25.0,91.496994,39.965088,0.8598461,-2.9090366,60.50406,25.253483,93.21106,1.4296086
2.2291666666666665,41.353928,1.1981469,-2.9304268,59.89931,25.0,91.496994,39.965073,0.8603401,-2.9081078,60.50296,25.250153,93.21186,1.4295208
2.2333333333333334,41.353928,1.1981469,-2.9304268,59.89931,25.0,91.496994,39.964928,0.8604927,-2.9073868,60.502277,25.24762,93.21268,1.4296371
2.2375,41.353928,1.1981469,-2.9304268,59.89931,25.0,91.496994,39.96471,0.8604336,-2.9068594,60.50183,25.245682,93.21345,1.429871
2.2416666666666667,41.353928,1.1981469,-2.9304268,59.89931,25.0,91.496994,39.964493,0.86022377,-2.9065018,60.50155,25.244186,93.21408,1.4301376
2.245833333333333,41.353928,1.1981469,-2.9304268,59.89931,25.0,91.496994,39.96431,0.85995483,-2.9062529,60.501392,25.243122,93.21452,1.4303832
2.25,41.353928,1.1981469,-2.9304268,59.89931,25.0,91.496994,39.964214,0.8597336,-2.906104,60.501316,25.242508,93.21477,1.4305308
2.254166666666667,41.353928,1.1981469,-2.9304268,59.89931,25.0,91.496994,39.964172,0.85962677,-2.9060316,60.50129,25.242218,93.21487,1.430598
2.2583333333333333,41.353928,1.1981469,-2.9304268,59.89931,25.0,91.496994,39.96418,0.85959053,-2.9060097,60.501293,25.242146,93.214905,1.4305996
2.2625,41.353928,1.1981469,-2.9304268,59.89931,25.0,91.496994,39.964176,0.8596039,-2.906005,60.5013,25.242138,93.214905,1.4306003
2.2666666666666666,41.353928,1.1981469,-2.9304268,59.89931,25.0,91.496994,39.96418,0.85959816,-2.906004,60.501305,25.242142,93.214905,1.4305978
2.2708333333333335,41.353928,1.1981469,-2.9304268,59.89931,25.0,91.496994,39.964176,0.85959816,-2.906005,60.501305,25.242146,93.214905,1.4306016
2.275,41.353928,1.1981469,-2.9304268,59.89931,25.0,91.496994,39.964176,0.85959816,-2.906004,60.501305,25.242142,93.2149,1.4306016
2.279166666666667,41.353928,1.1981469,-2.9304268,59.89931,25.0,91.496994,39.96418,0.85959816,-2.906004,60.501305,25.242146,93.214905,1.4305978
2.283333333333333,41.353928,1.1981469,-2.9304268,59.89931,25.0,91.496994,39.964176,0.85959816,-2.906005,60.501305,25.242146,93.214905,1.4306016
2.2875,41.353928,1.1981469,-2.9304268,59.89931,25.0,91.496994,39.964172,0.85959816,-2.9060068,60.501305,25.242146,93.214905,1.4306052
2.2916666666666665,41.353928,1.1981469,-2.9304268,59.89931,25.0,91.496994,39.964176,0.85959435,-2.9060078,60.501305,25.242142,93.214905,1.4306024
2.2958333333333334,41.353928,1.1981469,-2.9304268,59.89931,25.0,91.496994,39.96418,0.85959053,-2.906004,60.501305,25.242134,93.2149,1.4305997
2.3,41.353928,1.1981469,-2.9304268,59.89931,25.0,91.496994,39.96418,0.85959816,-2.906005,60.501305,25.242142,93.214905,1.4305978
2.3041666666666667,41.353928,1.1981469,-2.9304268,59.89931,25.0,91.496994,39.96418,0.85960007,-2.906004,60.501305,25.242142,93.214905,1.4305974
2.308333333333333,41.353928,1.1981469,-2.9304268,59.89931,25.0,91.496994,39.96418,0.85960007,-2.9060068,60.501305,25.242138,93.2149,1.4305973
2.3125,41.353928,1.1981469,-2.9304268,59.89931,25.0,91.496994,39.964184,0.85959435,-2.9060059,60.5013,25.24213,93.2149,1.430595
2.316666666666667,41.353928,1.1981469,-2.9304268,59.89931,25.0,91.496994,39.964184,0.85959435,-2.906004,60.501305,25.242134,93.214905,1.430595
2.3208333333333333,41.353928,1.1981469,-2.9304268,59.89931,25.0,91.496994,39.964184,0.85959435,-2.9060078,60.501305,25.242134,93.214905,1.430595
2.325,41.353928,1.1981469,-2.9304268,59.89931,25.0,91.496994,39.96418,0.85959244,-2.906004,60.501305,25.242134,93.214905,1.4305992
2.3291666666666666,41.353928,1.1981469,-2.9304268,59.89931,25.0,91.496994,39.96418,0.85959435,-2.906004,60.501305,25.242142,93.214905,1.4305987
2.3333333333333335,41.353928,1.1981469,-2.9304268,59.89931,25.0,91.496994,39.96418,0.85959625,-2.906003,60.501305,25.242134,93.2149,1.4305983
2.3375,41.353928,1.1981469,-2.9304268,59.89931,25.0,91.496994,39.96418,0.85959435,-2.9059982,60.501305,25.242134,93.214905,1.4305989
2.341666666666667,41.353928,1.1981469,-2.9304268,59.89931,25.0,91.496994,39.96418,0.85959435,-2.9060001,60.501305,25.242134,93.214905,1.4305989
2.345833333333333,41.353928,1.1981469,-2.9304268,59.89931,25.0,91.496994,39.96418,0.85959053,-2.9060001,60.501305,25.242142,93.214905,1.4305997
2.35,41.353928,1.1981469,-2.9304268,59.89931,25.0,91.496994,39.96418,0.85959053,-2.906003,60.5013,25.242138,93.214905,1.4305997
2.3541666666666665,41.353928,1.1981469,-2.9304268,59.89931,25.0,91.496994,39.96418,0.85959435,-2.9060001,60.5013,25.242134,93.2149,1.4305989
2.3583333333333334,41.353928,1.1981469,-2.9304268,59.89931,25.0,91.496994,39.96418,0.85959435,-2.9060001,60.5013,25.242134,93.2149,1.4305989
2.3625,41.353928,1.1981469,-2.9304268,59.89931,25.0,91.496994,39.96418,0.85959435,-2.9060001,60.5013,25.242134,93.2149,1.4305989
2.3666666666666667,41.353928,1.1981469,-2.9304268,59.89931,25.0,91.496994,39.96418,0.85959435,-2.9060001,60.5013,25.242134,93.2149,1.4305989
2.370833333333333,41.353928,1.1981469,-2.9304268,59.89931,25.0,91.496994,39.96418,0.85959435,-2.9060001,60.5013,25.242134,93.2149,1.4305989
2.375,41.353928,1.1981469,-2.9304268,59.89931,25.0,91.496994,39.96418,0.85959435,-2.9060001,60.5013,25.242134,93.2149,1.4305989
2.379166666666667,41.353928,1.1981469,-2.9304268,59.89931,25.0,91.496994,39.96418,0.85959435,-2.9060001,60.5013,25.242134,93.2149,1.4305989
2.3833333333333333,41.353928,1.1981469,-2.9304268,59.89931,25.0,91.496994,39.96418,0.85959435,-2.9060001,60.5013,25.242134,93.2149,1.4305989
2.3875,41.353928,1.1981469,-2.9304268,59.89931,25.0,91.496994,39.96418,0.85959435,-2.9060001,60.5013,25.242134,93.2149,1.4305989
2.3916666666666666,41.353928,1.1981469,-2.9304268,59.89931,25.0,91.496994,39.96418,0.85959435,-2.9060001,60.5013,25.242134,93.2149,1.4305989
2.3958333333333335,41.353928,1.1981469,-2.9304268,59.89931,25.0,91.496994,39.96418,0.85959435,-2.9060001,60.5013,25.242134,93.2149,1.4305989
2.4,41.353928,1.1981469,-2.9304268,59.89931,25.0,91.496994,39.96418,0.85959435,-2.9060001,60.5013,25.242134,93.2149,1.4305989
2.404166666666667,41.353928,1.1981469,-2.9304268,59.89931,25.0,91.496994,39.96418,0.85959435,-2.9060001,60.5013,25.242134,93.2149,1.4305989
2.408333333333333,41.353928,1.1981469,-2.9304268,59.89931,25.0,91.496994,39.96418,0.85959435,-2.9060001,60.5013,25.242134,93.2149,1.4305989
2.4125,41.353928,1.1981469,-2.9304268,59.89931,25.0,91.496994,39.96418,0.85959435,-2.9060001,60.5013,25.242134,93.2149,1.4305989
2.4166666666666665,41.353928,1.1981469,-2.9304268,59.89931,25.0,91.496994,39.96418,0.85959435,-2.9060001,60.5013,25.242134,93.2149,1.4305989
2.4208333333333334,41.353928,1.1981469,-2.9304268,59.89931,25.0,91.496994,39.96418,0.85959435,-2.9060001,60.5013,25.242134,93.2149,1.4305989
2.425,41.353928,1.1981469,-2.9304268,59.89931,25.0,91.496994,39.96418,0.85959435,-2.9060001,60.5013,25.242134,93.2149,1.4305989
2.4291666666666667,41.353928,1.1981469,-2.9304268,59.89931,25.0,91.496994,39.96418,0.85959435,-2.9060001,60.5013,25.242134,93.2149,1.4305989
2.433333333333333,41.353928,1.1981469,-2.9304268,59.89931,25.0,91.496994,39.96418,0.85959435,-2.9060001,60.5013,25.242134,93.2149,1.4305989
2.4375,41.353928,1.1981469,-2.9304268,59.89931,25.0,91.496994,39.96418,0.85959435,-2.9060001,60.5013,25.242134,93.2149,1.4305989
2.441666666666667,41.353928,1.1981469,-2.9304268,59.89931,25.0,91.496994,39.96418,0.85959435,-2.9060001,60.5013,25.242134,93.2149,1.4305989
2.4458333333333333,41.353928,1.1981469,-2.9304268,59.89931,25.0,91.496994,39.96418,0.85959435,-2.9060001,60.5013,25.242134,93.2149,1.4305989
2.45,41.353928,1.1981469,-2.9304268,59.89931,25.0,91.496994,39.96418,0.85959435,-2.9060001,60.5013,25.242134,93.2149,1.4305989
2.4541666666666666,41.353928,1.1981469,-2.9304268,59.89931,25.0,91.496994,39.96418,0.85959435,-2.9060001,60.5013,25.242134,93.2149,1.4305989
2.4583333333333335,41.353928,1.1981469,-2.9304268,59.89931,25.0,91.496994,39.96418,0.85959435,-2.9060001,60.5013,25.242134,93.2149,1.4305989
2.4625,41.353928,1.1981469,-2.9304268,59.89931,25.0,91.496994,39.96418,0.85959435,-2.9060001,60.5013,25.242134,93.2149,1.4305989
2.466666666666667,41.353928,1.1981469,-2.9304268,59.89931,25.0,91.496994,39.96418,0.85959435,-2.9060001,60.5013,25.242134,93.2149,1.4305989
2.470833333333333,41.353928,1.1981469,-2.9304268,59.89931,25.0,91.496994,39.96418,0.85959435,-2.9060001,60.5013,25.242134,93.2149,1.4305989
2.475,41.353928,1.1981469,-2.9304268,59.89931,25.0,91.496994,39.96418,0.85959435,-2.9060001,60.5013,25.242134,93.2149,1.4305989
2.4791666666666665,41.353928,1.1981469,-2.9304268,59.89931,25.0,91.496994,39.96418,0.85959435,-2.9060001,60.5013,25.242134,93.2149,1.4305989
2.4833333333333334,41.353928,1.1981469,-2.9304268,59.89931,25.0,91.496994,39.96418,0.85959435,-2.9060001,60.5013,25.242134,93.2149,1.4305989
2.4875,41.353928,1.1981469,-2.9304268,59.89931,25.0,91.496994,39.96418,0.85959435,-2.9060001,60.5013,25.242134,93.2149,1.4305989
2.4916666666666667,41.353928,1.1981469,-2.9304268,59.89931,25.0,91.496994,39.96418,0.85959435,-2.9060001,60.5013,25.242134,93.2149,1.4305989
2.495833333333333,41.353928,1.1981469,-2.9304268,59.89931,25.0,91.496994,39.96418,0.85959435,-2.9060001,60.5013,25.242134,93.2149,1.4305989
2.5,41.353928,1.1981469,-2.9304268,59.89931,25.0,91.496994,39.96418,0.85959435,-2.9060001,60.5013,25.242134,93.2149,1.4305989
2.504166666666667,41.353928,1.1981469,-2.9304268,59.89931,25.0,91.496994,39.96418,0.85959435,-2.9060001,60.5013,25.242134,93.2149,1.4305989
2.5083333333333333,41.353928,1.1981469,-2.9304268,59.89931,25.0,91.496994,39.96418,0.85959435,-2.9060001,60.5013,25.242134,93.2149,1.4305989
2.5125,41.353928,1.1981469,-2.9304268,59.89931,25.0,91.496994,39.96418,0.85959435,-2.9060001,60.5013,25.242134,93.2149,1.4305989
2.5166666666666666,41.353928,1.1981469,-2.9304268,59.89931,25.0,91.496994,39.96418,0.85959435,-2.9060001,60.5013,25.242134,93.2149,1.4305989
2.5208333333333335,41.353928,1.1981469,-2.9304268,59.89931,25.0,91.496994,39.96418,0.85959435,-2.9060001,60.5013,25.242134,93.2149,1.4305989
2.525,41.353928,1.1981469,-2.9304268,59.89931,25.0,91.496994,39.96418,0.85959435,-2.9060001,60.5013,25.242134,93.2149,1.4305989
2.529166666666667,41.353928,1.1981469,-2.9304268,59.89931,25.0,91.496994,39.96418,0.85959435,-2.9060001,60.5013,25.242134,93.2149,1.4305989
2.533333333333333,41.353928,1.1981469,-2.9304268,59.89931,25.0,91.496994,39.96418,0.85959053,-2.9059992,60.50131,25.242138,93.2149,1.4305997
2.5375,41.353928,1.1981469,-2.9304268,59.89931,25.0,91.496994,39.964176,0.8595867,-2.9059992,60.50133,25.242134,93.2149,1.4306043
2.5416666666666665,41.353928,1.1981469,-2.9304268,59.89931,25.0,91.496994,39.96414,0.85959816,-2.9059544,60.50144,25.24218,93.21487,1.4306357
2.5458333333333334,41.353928,1.1981469,-2.9304268,59.89931,25.0,91.496994,39.964077,0.8596535,-2.9058514,60.50169,25.242413,93.21475,1.4306874
2.55,41.353928,1.1981469,-2.9304268,59.89931,25.0,91.496994,39.963978,0.85990715,-2.9056835,60.502155,25.243088,93.21448,1.4307268
2.5541666666666667,41.353928,1.1981469,-2.9304268,59.89931,25.0,91.496994,39.963852,0.8603096,-2.9054794,60.50289,25.244343,93.21391,1.4307574
2.558333333333333,41.353928,1.1981469,-2.9304268,59.89931,25.0,91.496994,39.96368,0.8608856,-2.905303,60.504063,25.246426,93.21294,1.4307914
2.5625,41.353928,1.1981469,-2.9304268,59.89931,25.0,91.496994,39.963448,0.86159325,-2.9052029,60.505955,25.249786,93.21133,1.4308527
2.566666666666667,41.353928,1.1981469,-2.9304268,59.89931,25.0,91.496994,39.96315,0.86247826,-2.9052935,60.508816,25.254955,93.20868,1.4309323
2.5708333333333333,41.353928,1.1981469,-2.9304268,59.89931,25.0,91.496994,39.962994,0.86385155,-2.905384,60.51288,25.262325,93.20436,1.4307613
2.575,41.353928,1.1981469,-2.9304268,59.89931,25.0,91.496994,39.963642,0.86655045,-2.9056187,60.518036,25.273655,93.19734,1.4294983
2.5791666666666666,41.353928,1.1981469,-2.9304268,59.89931,25.0,91.496994,39.96516,0.8704529,-2.9059134,60.525303,25.289257,93.18729,1.4271156
2.5833333333333335,41.353928,1.1981469,-2.9304268,59.89931,25.0,91.496994,39.967613,0.8752842,-2.9060583,60.535305,25.309189,93.17354,1.4236228
2.5875,41.353928,1.1981469,-2.9304268,59.89931,25.0,91.496994,39.97148,0.8809662,-2.906538,60.548626,25.33411,93.15504,1.418567
2.591666666666667,41.353928,1.1981469,-2.9304268,59.89931,25.0,91.496994,39.976284,0.8869858,-2.9081583,60.565327,25.363483,93.13198,1.4125222
2.595833333333333,41.353928,1.1981469,-2.9304268,59.89931,25.0,91.496994,39.981197,0.8937664,-2.9116611,60.585052,25.399433,93.10403,1.4061964
2.6,41.353928,1.1981469,-2.9304268,59.89931,25.0,91.496994,39.9856,0.89941025,-2.9159584,60.6078,25.437748,93.07118,1.4006337
2.6041666666666665,41.353928,1.1981469,-2.9304268,59.89931,25.0,91.496994,39.988327,0.90322685,-2.923397,60.631508,25.478004,93.03447,1.3971014
2.6083333333333334,41.353928,1.1981469,-2.9304268,59.89931,25.0,91.496994,39.989758,0.90545845,-2.9350595,60.657024,25.52274,92.992424,1.3952233
2.6125,41.353928,1.1981469,-2.9304268,59.89931,25.0,91.496994,39.989693,0.9080658,-2.9518795,60.686382,25.570934,92.942116,1.3948994
2.6166666666666667,41.353928,1.1981469,-2.9304268,59.89931,25.0,91.496994,39.98974,0.9104996,-2.970891,60.72044,25.620335,92.88418,1.3947725
2.620833333333333,41.353928,1.1981469,-2.9304268,59.89931,25.0,91.496994,39.99125,0.9079895,-2.9939823,60.756508,25.668762,92.819016,1.3946768
2.625,41.353928,1.1981469,-2.9304268,59.89931,25.0,91.496994,39.99444,0.89974403,-3.0233908,60.791634,25.709892,92.74306,1.3949546
2.629166666666667,41.353928,1.1981469,-2.9304268,59.89931,25.0,91.496994,40.000973,0.897171,-3.060565,60.836185,25.743332,92.6574,1.392124
2.6333333333333333,41.353928,1.1981469,-2.9304268,59.89931,25.0,91.496994,40.015053,0.8915348,-3.1030416,60.881203,25.763588,92.56781,1.3843383
2.6375,41.353928,1.1981469,-2.9304268,59.89931,25.0,91.496994,40.033806,0.88547325,-3.144576,60.931873,25.760216,92.47711,1.3734432
2.6416666666666666,41.353928,1.1981469,-2.9304268,59.89931,25.0,91.496994,40.05748,0.8685913,-3.191494,60.97996,25.747837,92.392685,1.3629159
2.6458333333333335,41.353928,1.1981469,-2.9304268,59.89931,25.0,91.496994,40.080643,0.848135,-3.255402,61.018044,25.746258,92.311485,1.3599161
2.65,41.353928,1.1981469,-2.9304268,59.89931,25.0,91.496994,40.09929,0.8203659,-3.3288727,61.035934,25.762848,92.239204,1.3695239
2.654166666666667,41.353928,1.1981014,-2.9304283,59.899364,25.0,91.497,40.11594,0.7806206,-3.4167829,61.032055,25.783352,92.178894,1.3940746
2.658333333333333,41.353928,1.1977766,-2.93043,59.89976,25.0,91.497025,40.135124,0.7402172,-3.5178914,61.02541,25.81929,92.12137,1.4282693
2.6625,41.353928,1.1969144,-2.9304266,59.900826,25.0,91.49709,40.12626,0.6803875,-3.6579285,60.983044,25.892403,92.0879,1.5176395
2.6666666666666665,41.353928,1.1952641,-2.9304247,59.902855,25.0,91.49723,40.10844,0.60998344,-3.812748,60.933132,25.966442,92.06665,1.6347129
2.6708333333333334,41.353928,1.1925837,-2.9304252,59.906147,25.0,91.497444,40.08058,0.515831,-3.9787488,60.89923,26.042877,92.054436,1.782803
2.675,41.353928,1.1886547,-2.9304285,59.91097,25.0,91.49776,40.059593,0.41332817,-4.1382356,60.87351,26.127277,92.057106,1.9326745
2.6791666666666667,41.353928,1.1832658,-2.930431,59.917587,25.0,91.49818,40.036606,0.29830742,-4.29053,60.837547,26.179165,92.08057,2.0900617
2.683333333333333,41.353928,1.1762275,-2.9304223,59.92625,25.0,91.49873,40.005222,0.22433472,-4.437538,60.796684,26.273628,92.10422,2.235286
2.6875,41.353928,1.1673476,-2.9304283,59.937157,25.0,91.49943,39.979095,0.14583015,-4.6011024,60.737118,26.392815,92.12916,2.3926582
2.691666666666667,41.353928,1.1564571,-2.9304266,59.95055,25.0,91.500275,39.967567,0.06453514,-4.76483,60.66961,26.489357,92.15281,2.5454516
2.6958333333333333,41.353928,1.1433997,-2.9304218,59.966618,25.0,91.50128,39.95293,-0.022098541,-4.9318666,60.583122,26.548428,92.18405,2.706836
2.7,41.353928,1.1280221,-2.9304256,59.985535,25.0,91.50244,39.935745,-0.08171654,-5.1350064,60.475826,26.628536,92.23312,2.88702
2.7041666666666666,41.353928,1.1101924,-2.930428,60.00748,25.0,91.50378,39.929115,-0.13149452,-5.322546,60.383644,26.75468,92.296326,3.0486236
2.7083333333333335,41.353928,1.0897865,-2.9304278,60.032616,25.0,91.50528,39.915207,-0.18786812,-5.4909825,60.29129,26.913052,92.37186,3.2029297
2.7125,41.353928,1.0666921,-2.9304295,60.061077,25.0,91.50694,39.89834,-0.23036766,-5.6503577,60.213875,27.073227,92.41604,3.3465078
2.716666666666667,41.353928,1.0408062,-2.9304254,60.09301,25.0,91.508766,39.884712,-0.25774193,-5.7590947,60.15983,27.177212,92.43732,3.4418297
2.720833333333333,41.353928,1.0120364,-2.9304273,60.128517,25.0,91.510735,39.879364,-0.25945473,-5.830338,60.126564,27.270348,92.46201,3.4929228
2.725,41.353928,0.98029983,-2.9304297,60.167717,25.0,91.51285,39.869125,-0.24879837,-5.8803687,60.12433,27.423634,92.48824,3.5238416
2.7291666666666665,41.353928,0.9455328,-2.9304287,60.210705,25.0,91.51508,39.847046,-0.23530388,-5.898739,60.163555,27.61961,92.52723,3.5321286
2.7333333333333334,41.353928,0.9076721,-2.930424,60.25757,25.0,91.517426,39.841675,-0.22119331,-5.8994493,60.23409,27.838287,92.57878,3.518005
2.7375,41.353928,0.8666616,-2.9304256,60.308372,25.0,91.51986,39.837074,-0.19924545,-5.891479,60.33909,28.06689,92.63932,3.4935427
2.7416666666666667,41.353928,0.82246715,-2.9304266,60.363182,25.0,91.522354,39.85205,-0.18658447,-5.8883767,60.459373,28.300507,92.68181,3.4674613
2.745833333333333,41.353928,0.77505195,-2.9304261,60.42206,25.0,91.52488,39.8805,-0.17420006,-5.8934584,60.587055,28.538025,92.68194,3.442619
2.75,41.353928,0.72439843,-2.930423,60.485035,25.0,91.52742,39.915676,-0.14025116,-5.914006,60.718098,28.761166,92.66199,3.4231498
2.754166666666667,41.353928,0.67048687,-2.9304256,60.55214,25.0,91.52993,39.95063,-0.10012627,-5.9291034,60.86629,28.99099,92.63069,3.3992877
2.7583333333333333,41.353928,0.6133148,-2.9304252,60.6234,25.0,91.53238,39.98697,-0.093034744,-5.952144,61.029594,29.239372,92.57674,3.390913
2.7625,41.353928,0.5528869,-2.9304245,60.698826,25.0,91.53474,40.00241,-0.10663986,-5.97316,61.209805,29.51424,92.50962,3.3940847
2.7666666666666666,41.35393,0.4892072,-2.930426,60.77842,25.0,91.53694,40.015022,-0.122392654,-6.0088263,61.381428,29.81697,92.44199,3.4122252
2.7708333333333335,41.353928,0.42230377,-2.9304261,60.862164,25.0,91.53899,40.022312,-0.13834953,-6.0355124,61.53852,30.147171,92.37087,3.4247763
2.775,41.353928,0.35219797,-2.9304264,60.950047,25.0,91.5408,40.022408,-0.16426468,-6.056836,61.709297,30.485683,92.28438,3.4371672
2.779166666666667,41.353928,0.27892464,-2.9304245,61.04204,25.0,91.54234,40.020485,-0.17780113,-6.0619617,61.87477,30.853367,92.18957,3.4341218
2.783333333333333,41.353928,0.2025231,-2.9304261,61.138103,25.0,91.54358,40.013557,-0.19149017,-6.0776677,62.05732,31.257103,92.10186,3.443395
2.7875,41.353928,0.123040006,-2.9304276,61.238194,25.0,91.54444,40.006603,-0.21672249,-6.097806,62.26412,31.668549,92.00433,3.458758
2.7916666666666665,41.353928,0.04053617,-2.9304256,61.34225,25.0,91.54489,39.99865,-0.2440052,-6.1144295,62.445816,32.069332,91.924614,3.4721208
2.7958333333333334,41.353928,-0.044936996,-2.9304304,61.450207,25.0,91.544876,39.992256,-0.2612095,-6.123233,62.621655,32.51153,91.845314,3.4777737
2.8,41.353928,-0.13330309,-2.930428,61.561996,25.0,91.54435,39.990993,-0.26423073,-6.1339655,62.8189,32.96262,91.7638,3.4838748
2.8041666666666667,41.353928,-0.2244928,-2.9304261,61.67753,25.0,91.54326,39.99902,-0.2742672,-6.148857,63.02345,33.40045,91.68629,3.492356
2.808333333333333,41.353928,-0.31843036,-2.930427,61.79671,25.0,91.54156,40.021236,-0.2791214,-6.1723895,63.21731,33.830612,91.59794,3.5054145
2.8125,41.353928,-0.41503003,-2.930426,61.91945,25.0,91.53919,40.053238,-0.28928375,-6.2118907,63.40866,34.224792,91.50874,3.5320837
2.816666666666667,41.353928,-0.5142003,-2.9304218,62.04563,25.0,91.53612,40.084335,-0.3242836,-6.2735877,63.581135,34.591698,91.41895,3.5811577
2.8208333333333333,41.353928,-0.61585027,-2.930426,62.17513,25.0,91.53228,40.107777,-0.37197685,-6.3153706,63.723175,34.903835,91.33413,3.6152756
2.825,41.353928,-0.71988225,-2.9304276,62.307835,25.0,91.52763,40.120773,-0.4242916,-6.339969,63.868626,35.15983,91.263664,3.6377215
2.8291666666666666,41.35393,-0.8261888,-2.9304261,62.44361,25.0,91.52214,40.131203,-0.49264908,-6.368438,64.00144,35.37882,91.203766,3.6641834
2.8333333333333335,41.353928,-0.93466115,-2.9304242,62.582314,25.0,91.51577,40.14091,-0.5783272,-6.4354367,64.13472,35.613518,91.1571,3.7260563
2.8375,41.353928,-1.0451959,-2.9304254,62.7238,25.0,91.50845,40.157867,-0.66959953,-6.49771,64.27641,35.82178,91.12929,3.7811577
2.841666666666667,41.353928,-1.1576697,-2.9304287,62.86791,25.0,91.50018,40.17396,-0.75954247,-6.5608616,64.405,36.012604,91.09236,3.8380811
2.845833333333333,41.353928,-1.2719681,-2.930425,63.0145,25.0,91.490906,40.19628,-0.84425354,-6.6213346,64.52687,36.159424,91.05939,3.8917732
2.85,41.353928,-1.3879672,-2.9304228,63.16339,25.0,91.4806,40.22568,-0.92048836,-6.662088,64.63365,36.260334,91.03545,3.9264233
2.8541666666666665,41.353928,-1.5055432,-2.9304261,63.314407,25.0,91.46924,40.25815,-0.99386024,-6.687428,64.73381,36.31503,91.01559,3.9468486
2.8583333333333334,41.353928,-1.6245675,-2.9304242,63.46739,25.0,91.456795,40.293987,-1.0705109,-6.712152,64.82036,36.35394,90.99006,3.9663482
2.8625,41.353928,-1.74491,-2.9304261,63.62214,25.0,91.44325,40.320343,-1.1383934,-6.7220645,64.90921,36.395386,90.962074,3.976516
2.8666666666666667,41.353928,-1.8664426,-2.9304295,63.778484,25.0,91.42859,40.347477,-1.2051907,-6.720519,64.99871,36.41413,90.923615,3.9768047
2.870833333333333,41.35393,-1.9890225,-2.9304287,63.936234,25.0,91.412796,40.3723,-1.2780952,-6.7227077,65.08213,36.4308,90.88194,3.981256
2.875,41.353928,-2.1125128,-2.9304252,64.09519,25.0,91.39589,40.396584,-1.356327,-6.7217727,65.16719,36.445858,90.83463,3.982793
2.879166666666667,41.353928,-2.2367833,-2.930425,64.255165,25.0,91.37784,40.425644,-1.4279633,-6.7225156,65.25562,36.464645,90.784996,3.9869602
2.8833333333333333,41.353928,-2.3616903,-2.9304256,64.415955,25.0,91.35866,40.456078,-1.5046482,-6.7253118,65.34952,36.477547,90.72768,3.9927204
2.8875,41.353928,-2.4870954,-2.9304235,64.57737,25.0,91.33835,40.48989,-1.5822525,-6.7294188,65.44826,36.49006,90.662544,3.9997082
2.8916666666666666,41.353928,-2.6128561,-2.9304266,64.7392,25.0,91.316925,40.528423,-1.6664944,-6.7368164,65.52762,36.489693,90.5929,4.008199
2.8958333333333335,41.353928,-2.7388291,-2.930427,64.901245,25.0,91.29441,40.571075,-1.757185,-6.7299504,65.61227,36.4853,90.51614,4.001607
2.9,41.353928,-2.864873,-2.930424,65.06332,25.0,91.27082,40.620384,-1.8534546,-6.7079988,65.719894,36.46798,90.43502,3.9788346
2.904166666666667,41.353928,-2.9908464,-2.9304268,65.2252,25.0,91.246185,40.669918,-1.9400635,-6.675102,65.84857,36.438232,90.349,3.9490008
2.908333333333333,41.353928,-3.116607,-2.930425,65.3867,25.0,91.220535,40.728355,-2.0242329,-6.643134,65.980194,36.40881,90.25734,3.92031
2.9125,41.353928,-3.2420125,-2.930427,65.54762,25.0,91.1939,40.78798,-2.1021929,-6.608972,66.10646,36.365845,90.160255,3.8924518
2.9166666666666665,41.353928,-3.3669186,-2.9304233,65.70777,25.0,91.166336,40.850452,-2.1832886,-6.5689387,66.22762,36.302853,90.06333,3.859179
2.9208333333333334,41.353928,-3.491191,-2.9304252,65.86694,25.0,91.13787,40.914658,-2.2656965,-6.5265226,66.33232,36.227573,89.97443,3.8244884
2.925,41.353928,-3.6146839,-2.9304276,66.02495,25.0,91.10857,40.972755,-2.3533154,-6.4768333,66.43994,36.143917,89.87891,3.783297
2.9291666666666667,41.353928,-3.7372646,-2.9304266,66.18161,25.0,91.07847,41.023964,-2.44421,-6.416721,66.54099,36.038208,89.77704,3.7329764
2.933333333333333,41.353928,-3.8587918,-2.930427,66.33673,25.0,91.047646,41.077705,-2.5421267,-6.3445334,66.65503,35.900677,89.68326,3.6696088
2.9375,41.353928,-3.9791343,-2.9304235,66.49014,25.0,91.01614,41.139206,-2.646387,-6.2703648,66.770065,35.724613,89.615715,3.6024337
2.941666666666667,41.353928,-4.098161,-2.9304268,66.641655,25.0,90.98404,41.199158,-2.754939,-6.1991706,66.887146,35.534035,89.56264,3.5373557
2.9458333333333333,41.353928,-4.2157364,-2.930425,66.79111,25.0,90.95139,41.256596,-2.8670645,-6.123844,67.017136,35.308697,89.51417,3.467898
2.95,41.353928,-4.331734,-2.9304261,66.938324,25.0,90.91829,41.30114,-2.9841204,-6.0512104,67.119705,35.047806,89.47224,3.399727
2.9541666666666666,41.353928,-4.4460335,-2.9304283,67.08315,25.0,90.88478,41.332787,-3.1106195,-5.979887,67.21849,34.770973,89.4424,3.3291104
2.9583333333333335,41.353928,-4.5585093,-2.9304278,67.22544,25.0,90.85096,41.362392,-3.242425,-5.9130945,67.32182,34.4889,89.418205,3.2601306
2.9625,41.353928,-4.6690407,-2.930425,67.365036,25.0,90.8169,41.38092,-3.3793917,-5.844041,67.39756,34.22309,89.405075,3.18639
2.966666666666667,41.353928,-4.777517,-2.9304256,67.50179,25.0,90.782684,41.382854,-3.5231361,-5.7749815,67.50774,33.921803,89.401474,3.1089878
2.970833333333333,41.35393,-4.883823,-2.9304276,67.635574,25.0,90.74838,41.385918,-3.6769266,-5.7112293,67.626274,33.599873,89.39965,3.0315804
2.975,41.35393,-4.9878545,-2.9304292,67.76626,25.0,90.71409,41.38129,-3.8259497,-5.6560063,67.75221,33.29302,89.39736,2.9630291
2.9791666666666665,41.353928,-5.0895014,-2.9304268,67.89372,25.0,90.67989,41.365826,-3.944807,-5.590711,67.88369,32.98723,89.381836,2.8961318
2.9833333333333334,41.353928,-5.188673,-2.9304247,68.01785,25.0,90.64586,41.34147,-4.081461,-5.515075,68.03468,32.649853,89.360306,2.8118486
2.9875,41.353928,-5.2852716,-2.9304264,68.138535,25.0,90.612076,41.31273,-4.213751,-5.442515,68.20918,32.31745,89.34381,2.7313812
2.9916666666666667,41.353928,-5.3792114,-2.9304283,68.25568,25.0,90.57862,41.30111,-4.3409376,-5.3705826,68.406425,31.977474,89.32007,2.6523867
2.995833333333333,41.353928,-5.470401,-2.9304256,68.36919,25.0,90.545586,41.29108,-4.4812117,-5.2970366,68.600655,31.646736,89.29103,2.5657928
3.0,41.353928,-5.5587683,-2.9304245,68.47898,25.0,90.51305,41.274063,-4.629198,-5.212422,68.79057,31.321396,89.25641,2.4653583
3.004166666666667,41.353928,-5.6442375,-2.9304261,68.58498,25.0,90.48107,41.25943,-4.7756615,-5.117701,68.967255,30.967003,89.22339,2.3553185
3.0083333333333333,41.353928,-5.7267456,-2.930426,68.68712,25.0,90.449745,41.22773,-4.936406,-5.011318,69.1357,30.600338,89.1842,2.2295012
3.0125,41.353928,-5.8062267,-2.9304252,68.78534,25.0,90.419136,41.192814,-5.091133,-4.8946714,69.290504,30.243206,89.134,2.0965638
3.0166666666666666,41.35393,-5.882628,-2.930428,68.879585,25.0,90.38931,41.16198,-5.239661,-4.779446,69.4039,29.872868,89.08966,1.9670078
3.0208333333333335,41.353928,-5.955903,-2.9304283,68.969826,25.0,90.36035,41.134155,-5.384242,-4.6740074,69.4929,29.535656,89.049515,1.8480163
3.025,41.353928,-6.0260077,-2.9304261,69.05602,25.0,90.332306,41.08904,-5.537696,-4.565913,69.56836,29.251839,89.03112,1.7272615
3.029166666666667,41.353928,-6.092912,-2.930424,69.13815,25.0,90.30524,41.052887,-5.6888847,-4.463008,69.654076,29.02324,89.02037,1.6132815
3.033333333333333,41.353928,-6.1565886,-2.9304245,69.216194,25.0,90.27919,41.029556,-5.824953,-4.337967,69.72628,28.805122,89.027084,1.482017
3.0375,41.353928,-6.217017,-2.9304237,69.290146,25.0,90.25423,41.010376,-5.9278183,-4.2127523,69.77558,28.573662,89.05733,1.358687
3.0416666666666665,41.353928,-6.27419,-2.9304254,69.36001,25.0,90.23038,41.004524,-6.029043,-4.108532,69.82558,28.367474,89.09157,1.2530422
3.0458333333333334,41.353928,-6.3281,-2.9304254,69.4258,25.0,90.207695,41.01936,-6.1411924,-4.0058722,69.86729,28.175331,89.11389,1.14169
3.05,41.353928,-6.3787565,-2.9304247,69.48753,25.0,90.1862,41.04354,-6.2408133,-3.8766599,69.91237,27.993286,89.14252,1.0053502
3.0541666666666667,41.353928,-6.4261684,-2.9304256,69.54524,25.0,90.16593,41.07425,-6.3465652,-3.7489243,69.961624,27.820564,89.14986,0.86861765
3.058333333333333,41.353928,-6.4703636,-2.9304247,69.598976,25.0,90.146904,41.10755,-6.4577417,-3.634975,70.01188,27.652237,89.143036,0.74649286
3.0625,41.353928,-6.5113735,-2.930424,69.64878,25.0,90.12913,41.146076,-6.571271,-3.5269384,70.09075,27.489395,89.127945,0.634523
3.066666666666667,41.353928,-6.5492353,-2.930427,69.69471,25.0,90.11262,41.18504,-6.6749735,-3.4188843,70.1533,27.33448,89.10833,0.5319057
3.0708333333333333,41.353928,-6.584006,-2.9304256,69.736855,25.0,90.09737,41.224586,-6.7643604,-3.314643,70.20763,27.18238,89.08768,0.4437114
3.075,41.353928,-6.615738,-2.930424,69.77528,25.0,90.08338,41.255264,-6.838398,-3.2303867,70.25419,27.025162,89.06765,0.38638014
3.0791666666666666,41.353928,-6.6445103,-2.930425,69.8101,25.0,90.07064,41.278305,-6.893937,-3.1740284,70.27945,26.88435,89.03696,0.35675645
3.0833333333333335,41.35393,-6.6703978,-2.9304276,69.84139,25.0,90.05913,41.30821,-6.9430943,-3.1279697,70.29513,26.752312,88.98836,0.3398189
3.0875,41.353928,-6.6934915,-2.9304256,69.8693,25.0,90.04883,41.339985,-6.9803057,-3.0798044,70.31773,26.625042,88.93101,0.3236832
3.091666666666667,41.353928,-6.713897,-2.9304254,69.89394,25.0,90.039696,41.3729,-7.0075207,-3.0393696,70.34296,26.504559,88.87236,0.31375697
3.095833333333333,41.353928,-6.7317257,-2.9304278,69.91546,25.0,90.03169,41.40188,-7.024583,-3.0035782,70.38005,26.395454,88.80686,0.30563962
3.1,41.35393,-6.7471027,-2.9304254,69.93401,25.0,90.024765,41.43121,-7.0453167,-2.9677753,70.42505,26.306618,88.74816,0.31032
3.1041666666666665,41.353928,-6.760161,-2.9304264,69.94976,25.0,90.01888,41.457264,-7.0668926,-2.9334888,70.47014,26.213093,88.70577,0.3236852
3.1083333333333334,41.353928,-6.771052,-2.9304256,69.96289,25.0,90.01396,41.490993,-7.082595,-2.9048023,70.50986,26.132225,88.66908,0.34132484
3.1125,41.353928,-6.779932,-2.9304247,69.973595,25.0,90.00994,41.53179,-7.099387,-2.8754272,70.56067,26.05275,88.64164,0.3697458
3.1166666666666667,41.353928,-6.7869716,-2.930424,69.98208,25.0,90.00675,41.568916,-7.112447,-2.8388004,70.61576,25.965485,88.62557,0.40068582
3.120833333333333,41.353928,-6.792357,-2.930426,69.98856,25.0,90.00431,41.60228,-7.1199102,-2.8007402,70.66291,25.882393,88.623215,0.4310316
3.125,41.353928,-6.7962837,-2.9304264,69.99329,25.0,90.00253,41.62552,-7.1261826,-2.7557573,70.701645,25.795624,88.632225,0.4616322
3.129166666666667,41.353928,-6.7989655,-2.930428,69.99652,25.0,90.00131,41.643208,-7.1257906,-2.7099667,70.73383,25.699795,88.65407,0.4889793
3.1333333333333333,41.353928,-6.800618,-2.9304276,69.99851,25.0,90.000565,41.651115,-7.12321,-2.66751,70.76382,25.60498,88.6813,0.5113821
3.1375,41.353928,-6.801482,-2.9304242,69.99956,25.0,90.00017,41.657288,-7.12278,-2.629609,70.79456,25.517498,88.71391,0.53455514
3.1416666666666666,41.353928,-6.801806,-2.930425,69.99995,25.0,90.00002,41.661217,-7.123723,-2.5958328,70.82158,25.431366,88.75191,0.5567846
3.1458333333333335,41.353928,-6.8018513,-2.930426,70.0,25.0,90.0,41.662754,-7.1248693,-2.5681229,70.84634,25.355213,88.79128,0.5753068
3.15,41.353928,-6.8018513,-2.930426,70.0,25.0,90.0,41.660194,-7.127016,-2.5476503,70.866486,25.289806,88.830154,0.5882589
3.154166666666667,41.353928,-6.8018513,-2.930426,70.0,25.0,90.0,41.657825,-7.1286993,-2.5322046,70.882965,25.23941,88.86592,0.5981335
3.158333333333333,41.353928,-6.8018513,-2.930426,70.0,25.0,90.0,41.654427,-7.1335106,-2.5215845,70.90058,25.206066,88.89805,0.60617554
3.1625,41.353928,-6.8018513,-2.930426,70.0,25.0,90.0,41.64933,-7.1392574,-2.515685,70.91441,25.18414,88.92899,0.6108318
3.1666666666666665,41.353928,-6.8018513,-2.930426,70.0,25.0,90.0,41.64364,-7.144121,-2.514762,70.925476,25.170612,88.95635,0.61143905
3.1708333333333334,41.353928,-6.8018513,-2.930426,70.0,25.0,90.0,41.63688,-7.1481113,-2.517377,70.93289,25.163994,88.982445,0.6087421
3.175,41.353928,-6.8018513,-2.930426,70.0,25.0,90.0,41.630363,-7.149829,-2.5221672,70.94001,25.165455,89.00603,0.6034736
3.1791666666666667,41.353928,-6.8018513,-2.930426,70.0,25.0,90.0,41.62425,-7.150441,-2.5293188,70.94668,25.17411,89.025696,0.5962174
3.183333333333333,41.353928,-6.8018513,-2.930426,70.0,25.0,90.0,41.6184,-7.1503496,-2.5384626,70.95215,25.188282,89.042114,0.5873944
3.1875,41.353928,-6.8018513,-2.930426,70.0,25.0,90.0,41.613155,-7.149829,-2.5485373,70.95758,25.205921,89.05534,0.57803667
3.191666666666667,41.353928,-6.8018513,-2.930426,70.0,25.0,90.0,41.60781,-7.1493435,-2.5592089,70.962364,25.225796,89.06613,0.5683394
3.1958333333333333,41.353928,-6.8018513,-2.930426,70.0,25.0,90.0,41.60298,-7.1490326,-2.5698652,70.96625,25.246841,89.07413,0.55907667
3.2,41.353928,-6.8018513,-2.930426,70.0,25.0,90.0,41.59833,-7.149086,-2.580284,70.96874,25.267136,89.07973,0.5503676
3.2041666666666666,41.353928,-6.8018513,-2.930426,70.0,25.0,90.0,41.59427,-7.14925,-2.5902061,70.969955,25.286785,89.083954,0.5424014
3.2083333333333335,41.353928,-6.8018513,-2.930426,70.0,25.0,90.0,41.590973,-7.149292,-2.599554,70.97006,25.305225,89.08698,0.5351464
3.2125,41.353928,-6.8018513,-2.930426,70.0,25.0,90.0,41.588448,-7.1490555,-2.6079836,70.96943,25.322094,89.08894,0.52869594
3.216666666666667,41.353928,-6.8018513,-2.930426,70.0,25.0,90.0,41.586605,-7.14855,-2.6153593,70.96847,25.33699,89.09008,0.5230734
3.220833333333333,41.353928,-6.8018513,-2.930426,70.0,25.0,90.0,41.585335,-7.1478167,-2.6215658,70.96723,25.349445,89.090675,0.51830095
3.225,41.353928,-6.8018513,-2.930426,70.0,25.0,90.0,41.5845,-7.146944,-2.6265602,70.9659,25.35947,89.09094,0.5143799
3.2291666666666665,41.353928,-6.8018513,-2.930426,70.0,25.0,90.0,41.583965,-7.146079,-2.6303625,70.964584,25.366997,89.091064,0.51132
3.2333333333333334,41.353928,-6.8018513,-2.930426,70.0,25.0,90.0,41.5836,-7.1454077,-2.63305,70.96356,25.372196,89.091156,0.5091291
3.2375,41.353928,-6.8018513,-2.930426,70.0,25.0,90.0,41.58335,-7.144949,-2.6348543,70.962814,25.375542,89.091225,0.50765514
3.2416666666666667,41.353928,-6.8018513,-2.930426,70.0,25.0,90.0,41.583183,-7.144655,-2.6360073,70.96227,25.377518,89.09126,0.50671
3.245833333333333,41.353928,-6.8018513,-2.930426,70.0,25.0,90.0,41.583073,-7.144477,-2.6366806,70.9619,25.378544,89.09131,0.5061483
3.25,41.353928,-6.8018513,-2.930426,70.0,25.0,90.0,41.582996,-7.144394,-2.6369982,70.96167,25.378979,89.09134,0.50587326
3.254166666666667,41.353928,-6.8018513,-2.930426,70.0,25.0,90.0,41.582947,-7.1443567,-2.637125,70.96155,25.379135,89.09136,0.5057521
3.2583333333333333,41.353928,-6.8018513,-2.930426,70.0,25.0,90.0,41.58294,-7.144353,-2.6371632,70.961494,25.37915,89.09137,0.5057239
3.2625,41.353928,-6.8018513,-2.930426,70.0,25.0,90.0,41.58293,-7.144348,-2.6371565,70.96149,25.379154,89.09137,0.5057211
3.2666666666666666,41.353928,-6.8018513,-2.930426,70.0,25.0,90.0,41.582935,-7.14435,-2.6371622,70.96148,25.379147,89.09137,0.5057208
3.2708333333333335,41.353928,-6.8018513,-2.930426,70.0,25.0,90.0,41.582935,-7.14435,-2.6371632,70.96148,25.37915,89.09137,0.50572026
3.275,41.353928,-6.8018513,-2.930426,70.0,25.0,90.0,41.58294,-7.144347,-2.6371613,70.96148,25.379154,89.09137,0.50572115
3.279166666666667,41.353928,-6.8018513,-2.930426,70.0,25.0,90.0,41.582935,-7.144352,-2.6371613,70.96148,25.37915,89.09137,0.50572264
3.283333333333333,41.353928,-6.8018513,-2.930426,70.0,25.0,90.0,41.582935,-7.14435,-2.6371632,70.96148,25.37915,89.09137,0.50572026
3.2875,41.353928,-6.8018513,-2.930426,70.0,25.0,90.0,41.582935,-7.144349,-2.6371613,70.96149,25.37915,89.09137,0.5057207
3.2916666666666665,41.353928,-6.8018513,-2.930426,70.0,25.0,90.0,41.582935,-7.144349,-2.6371632,70.96149,25.37915,89.09137,0.5057196
3.2958333333333334,41.353928,-6.8018513,-2.930426,70.0,25.0,90.0,41.582935,-7.144347,-2.6371613,70.96149,25.379154,89.09137,0.5057194
3.3,41.353928,-6.8018513,-2.930426,70.0,25.0,90.0,41.582935,-7.14435,-2.6371622,70.96148,25.379154,89.09137,0.5057208
3.3041666666666667,41.353928,-6.8018513,-2.930426,70.0,25.0,90.0,41.582935,-7.144347,-2.6371613,70.96149,25.379154,89.09136,0.5057194
3.308333333333333,41.353928,-6.8018513,-2.930426,70.0,25.0,90.0,41.58294,-7.144349,-2.6371613,70.96149,25.379154,89.09137,0.50572246
3.3125,41.353928,-6.8018513,-2.930426,70.0,25.0,90.0,41.58294,-7.144347,-2.6371622,70.96148,25.379154,89.09137,0.50572056
3.316666666666667,41.353928,-6.8018513,-2.930426,70.0,25.0,90.0,41.58294,-7.144349,-2.6371613,70.96149,25.37915,89.09136,0.50572246
3.3208333333333333,41.353928,-6.8018513,-2.930426,70.0,25.0,90.0,41.58294,-7.144349,-2.6371603,70.96148,25.379154,89.09137,0.505723
3.325,41.353928,-6.8018513,-2.930426,70.0,25.0,90.0,41.58294,-7.144347,-2.6371603,70.96149,25.37915,89.09137,0.5057217
3.3291666666666666,41.353928,-6.8018513,-2.930426,70.0,25.0,90.0,41.58294,-7.144347,-2.6371603,70.96149,25.379154,89.09136,0.5057217
3.3333333333333335,41.353928,-6.8018513,-2.930426,70.0,25.0,90.0,41.58294,-7.144349,-2.6371613,70.96149,25.379154,89.09137,0.50572246
3.3375,41.353928,-6.8018513,-2.930426,70.0,25.0,90.0,41.58294,-7.144349,-2.6371603,70.96148,25.37915,89.09136,0.505723
3.341666666666667,41.353928,-6.8018513,-2.930426,70.0,25.0,90.0,41.58294,-7.144349,-2.6371613,70.96148,25.379154,89.09136,0.50572246
3.345833333333333,41.353928,-6.8018513,-2.930426,70.0,25.0,90.0,41.58294,-7.144346,-2.6371622,70.96149,25.379154,89.09136,0.50571996
3.35,41.353928,-6.8018513,-2.930426,70.0,25.0,90.0,41.58294,-7.144347,-2.6371622,70.96148,25.37915,89.09137,0.50572056
3.3541666666666665,41.353928,-6.8018513,-2.930426,70.0,25.0,90.0,41.582935,-7.144349,-2.6371613,70.96149,25.37915,89.09136,0.5057207
3.3583333333333334,41.353928,-6.8018513,-2.930426,70.0,25.0,90.0,41.58294,-7.14435,-2.6371584,70.96149,25.37915,89.09136,0.5057247
3.3625,41.353928,-6.8018513,-2.930426,70.0,25.0,90.0,41.58294,-7.144349,-2.6371622,70.96149,25.379147,89.09136,0.50572187
3.3666666666666667,41.353928,-6.8018513,-2.930426,70.0,25.0,90.0,41.58294,-7.14435,-2.637164,70.96149,25.37915,89.09136,0.50572145
3.370833333333333,41.353928,-6.8018513,-2.930426,70.0,25.0,90.0,41.58294,-7.14435,-2.6371632,70.96149,25.379154,89.09136,0.505722
3.375,41.353928,-6.8018513,-2.930426,70.0,25.0,90.0,41.58294,-7.14435,-2.6371632,70.96149,25.379154,89.091354,0.505722
3.379166666666667,41.353928,-6.8018513,-2.930426,70.0,25.0,90.0,41.582935,-7.14435,-2.6371613,70.96149,25.37915,89.091354,0.50572133
3.3833333333333333,41.353928,-6.8018513,-2.930426,70.0,25.0,90.0,41.58294,-7.144355,-2.6371603,70.96149,25.37915,89.091354,0.5057269
3.3875,41.353928,-6.8018513,-2.930426,70.0,25.0,90.0,41.58294,-7.144352,-2.6371603,70.96149,25.379154,89.091354,0.5057249
3.3916666666666666,41.353928,-6.8018513,-2.930426,70.0,25.0,90.0,41.58294,-7.144352,-2.6371603,70.96149,25.379158,89.091354,0.5057249
3.3958333333333335,41.353928,-6.8018513,-2.930426,70.0,25.0,90.0,41.58294,-7.144346,-2.6371622,70.96149,25.379154,89.091354,0.50571996
3.4,41.353928,-6.8018513,-2.930426,70.0,25.0,90.0,41.582943,-7.14435,-2.637166,70.96148,25.379154,89.091354,0.50572205
3.404166666666667,41.353928,-6.8018513,-2.930426,70.0,25.0,90.0,41.58294,-7.14435,-2.6371632,70.96149,25.37915,89.091354,0.505722
3.408333333333333,41.353928,-6.8018513,-2.930426,70.0,25.0,90.0,41.58294,-7.144347,-2.6371622,70.96149,25.379154,89.091354,0.50572056
3.4125,41.353928,-6.8018513,-2.930426,70.0,25.0,90.0,41.58294,-7.144349,-2.6371622,70.96149,25.379154,89.091354,0.50572187
3.4166666666666665,41.353928,-6.8018513,-2.930426,70.0,25.0,90.0,41.58294,-7.144347,-2.6371632,70.96148,25.379154,89.091354,0.50572
3.4208333333333334,41.353928,-6.8018513,-2.930426,70.0,25.0,90.0,41.58294,-7.14435,-2.6371632,70.96149,25.379154,89.091354,0.505722
3.425,41.353928,-6.8018513,-2.930426,70.0,25.0,90.0,41.58294,-7.144352,-2.6371622,70.96148,25.379154,89.091354,0.50572383
3.4291666666666667,41.353928,-6.8018513,-2.930426,70.0,25.0,90.0,41.58294,-7.144349,-2.6371622,70.96149,25.379154,89.091354,0.50572187
3.433333333333333,41.353928,-6.8018513,-2.930426,70.0,25.0,90.0,41.58294,-7.14435,-2.6371632,70.96149,25.379154,89.09136,0.505722
3.4375,41.353928,-6.8018513,-2.930426,70.0,25.0,90.0,41.58294,-7.14435,-2.6371622,70.96149,25.379154,89.09136,0.5057225
3.441666666666667,41.353928,-6.8018513,-2.930426,70.0,25.0,90.0,41.58294,-7.14435,-2.6371622,70.96149,25.379158,89.09136,0.5057225
3.4458333333333333,41.353928,-6.8018513,-2.930426,70.0,25.0,90.0,41.58294,-7.14435,-2.6371622,70.96149,25.379158,89.09136,0.5057225
3.45,41.353928,-6.8018513,-2.930426,70.0,25.0,90.0,41.58294,-7.14435,-2.6371622,70.96149,25.379158,89.09136,0.5057225
3.4541666666666666,41.353928,-6.8018513,-2.930426,70.0,25.0,90.0,41.58294,-7.14435,-2.6371622,70.96149,25.379158,89.09136,0.5057225
3.4583333333333335,41.353928,-6.8018513,-2.930426,70.0,25.0,90.0,41.58294,-7.14435,-2.6371622,70.96149,25.379158,89.09136,0.5057225
3.4625,41.353928,-6.8018513,-2.930426,70.0,25.0,90.0,41.58294,-7.14435,-2.6371622,70.96149,25.379158,89.09136,0.5057225
3.466666666666667,41.353928,-6.8018513,-2.930426,70.0,25.0,90.0,41.58294,-7.14435,-2.6371622,70.96149,25.379158,89.09136,0.5057225
3.470833333333333,41.353928,-6.8018513,-2.930426,70.0,25.0,90.0,41.58294,-7.14435,-2.6371622,70.96149,25.379158,89.09136,0.5057225
3.475,41.353928,-6.8018513,-2.930426,70.0,25.0,90.0,41.58294,-7.14435,-2.6371622,70.96149,25.379158,89.09136,0.5057225
3.4791666666666665,41.353928,-6.8018513,-2.930426,70.0,25.0,90.0,41.58294,-7.14435,-2.6371622,70.96149,25.379158,89.09136,0.5057225
3.4833333333333334,41.353928,-6.8018513,-2.930426,70.0,25.0,90.0,41.58294,-7.14435,-2.6371622,70.96149,25.379158,89.09136,0.5057225
3.4875,41.353928,-6.8018513,-2.930426,70.0,25.0,90.0,41.58294,-7.14435,-2.6371622,70.96149,25.379158,89.09136,0.5057225
3.4916666666666667,41.353928,-6.8018513,-2.930426,70.0,25.0,90.0,41.58294,-7.14435,-2.6371622,70.96149,25.379158,89.09136,0.5057225
3.495833333333333,41.353928,-6.8018513,-2.930426,70.0,25.0,90.0,41.58294,-7.14435,-2.6371622,70.96149,25.379158,89.09136,0.5057225
3.5,41.353928,-6.8018513,-2.930426,70.0,25.0,90.0,41.58294,-7.14435,-2.6371622,70.96149,25.379158,89.09136,0.5057225
3.504166666666667,41.353928,-6.8018513,-2.930426,70.0,25.0,90.0,41.58294,-7.14435,-2.6371622,70.96149,25.379158,89.09136,0.5057225
3.5083333333333333,41.353928,-6.8018513,-2.930426,70.0,25.0,90.0,41.58294,-7.14435,-2.6371622,70.96149,25.379158,89.09136,0.5057225
3.5125,41.353928,-6.8018513,-2.930426,70.0,25.0,90.0,41.58294,-7.14435,-2.6371622,70.96149,25.379158,89.09136,0.5057225
3.5166666666666666,41.353928,-6.8018513,-2.930426,70.0,25.0,90.0,41.58294,-7.14435,-2.6371622,70.96149,25.379158,89.09136,0.5057225
3.5208333333333335,41.353928,-6.8018513,-2.930426,70.0,25.0,90.0,41.58294,-7.14435,-2.6371622,70.96149,25.379158,89.09136,0.5057225
3.525,41.353928,-6.8018513,-2.930426,70.0,25.0,90.0,41.58294,-7.14435,-2.6371622,70.96149,25.379158,89.09136,0.5057225
3.529166666666667,41.353928,-6.8018513,-2.930426,70.0,25.0,90.0,41.58294,-7.14435,-2.6371622,70.96149,25.379158,89.09136,0.5057225
3.533333333333333,41.353928,-6.8018513,-2.930426,70.0,25.0,90.0,41.58294,-7.14435,-2.6371622,70.96149,25.379158,89.09136,0.5057225
3.5375,41.353928,-6.8018513,-2.930426,70.0,25.0,90.0,41.58294,-7.14435,-2.6371622,70.96149,25.379158,89.09136,0.5057225
3.5416666666666665,41.353928,-6.8018513,-2.930426,70.0,25.0,90.0,41.58294,-7.14435,-2.6371622,70.96149,25.379158,89.09136,0.5057225
3.5458333333333334,41.353928,-6.8018513,-2.930426,70.0,25.0,90.0,41.58294,-7.14435,-2.6371622,70.96149,25.379158,89.09136,0.5057225
3.55,41.353928,-6.8018513,-2.930426,70.0,25.0,90.0,41.58294,-7.14435,-2.6371622,70.96149,25.379158,89.09136,0.5057225
3.5541666666666667,41.353928,-6.8018513,-2.930426,70.0,25.0,90.0,41.58294,-7.14435,-2.6371622,70.96149,25.379158,89.09136,0.5057225
3.558333333333333,41.353928,-6.8018513,-2.930426,70.0,25.0,90.0,41.58294,-7.14435,-2.6371622,70.96149,25.379158,89.09136,0.5057225
3.5625,41.353928,-6.8018513,-2.930426,70.0,25.0,90.0,41.58294,-7.14435,-2.6371622,70.96149,25.379158,89.09136,0.5057225
3.566666666666667,41.353928,-6.8018513,-2.930426,70.0,25.0,90.0,41.58294,-7.14435,-2.6371622,70.96149,25.379158,89.09136,0.5057225
3.5708333333333333,41.353928,-6.8018513,-2.930426,70.0,25.0,90.0,41.58294,-7.14435,-2.6371622,70.96149,25.379158,89.09136,0.5057225
3.575,41.353928,-6.8018513,-2.930426,70.0,25.0,90.0,41.58294,-7.14435,-2.6371622,70.96149,25.379158,89.09136,0.5057225
3.5791666666666666,41.353928,-6.8018513,-2.930426,70.0,25.0,90.0,41.58294,-7.14435,-2.6371622,70.96149,25.379158,89.09136,0.5057225
3.5833333333333335,41.353928,-6.8018513,-2.930426,70.0,25.0,90.0,41.58294,-7.14435,-2.6371622,70.96149,25.379158,89.09136,0.5057225
3.5875,41.353928,-6.8018513,-2.930426,70.0,25.0,90.0,41.58294,-7.14435,-2.6371622,70.96149,25.379158,89.09136,0.5057225
3.591666666666667,41.353928,-6.8018513,-2.930426,70.0,25.0,90.0,41.58294,-7.14435,-2.6371622,70.96149,25.379158,89.09136,0.5057225
3.595833333333333,41.353928,-6.8018513,-2.930426,70.0,25.0,90.0,41.58294,-7.144349,-2.6371622,70.96149,25.379154,89.09136,0.50572187
3.6,41.353928,-6.8018513,-2.930426,70.0,25.0,90.0,41.58294,-7.14435,-2.6371603,70.96149,25.379154,89.09136,0.50572366
3.6041666666666665,41.353928,-6.8018513,-2.930426,70.0,25.0,90.0,41.58294,-7.144352,-2.6371632,70.96148,25.379154,89.09136,0.50572324
3.6083333333333334,41.353928,-6.8018513,-2.930426,70.0,25.0,90.0,41.58294,-7.144353,-2.6371574,70.96148,25.379154,89.09136,0.50572723
3.6125,41.353928,-6.8018513,-2.930426,70.0,25.0,90.0,41.58294,-7.14435,-2.6371603,70.96149,25.37915,89.09136,0.50572366
3.6166666666666667,41.353928,-6.8018513,-2.930426,70.0,25.0,90.0,41.58294,-7.144349,-2.6371622,70.96149,25.379154,89.09136,0.50572187
3.620833333333333,41.353928,-6.8018513,-2.930426,70.0,25.0,90.0,41.58294,-7.144349,-2.637164,70.96148,25.37915,89.09136,0.5057208
3.625,41.353928,-6.8018513,-2.930426,70.0,25.0,90.0,41.582935,-7.14435,-2.6371613,70.96148,25.379154,89.09136,0.50572133
3.629166666666667,41.353928,-6.8018513,-2.930426,70.0,25.0,90.0,41.582935,-7.144349,-2.6371574,70.96148,25.379158,89.09137,0.50572294
3.6333333333333333,41.353928,-6.8018513,-2.930426,70.0,25.0,90.0,41.582935,-7.14435,-2.6371613,70.96148,25.37915,89.09137,0.50572133
3.6375,41.353928,-6.8018513,-2.930426,70.0,25.0,90.0,41.582935,-7.144347,-2.6371613,70.96149,25.37915,89.09137,0.5057194
3.6416666666666666,41.353928,-6.8018513,-2.930426,70.0,25.0,90.0,41.582935,-7.144347,-2.6371584,70.96149,25.37915,89.09136,0.5057211
3.6458333333333335,41.353928,-6.8018513,-2.930426,70.0,25.0,90.0,41.58294,-7.144347,-2.6371603,70.96148,25.37915,89.09137,0.5057217
3.65,41.353928,-6.8018513,-2.930426,70.0,25.0,90.0,41.58294,-7.1443443,-2.6371622,70.96148,25.379147,89.09137,0.50571865
3.654166666666667,41.353928,-6.8018513,-2.930426,70.0,25.0,90.0,41.58294,-7.144349,-2.6371632,70.96149,25.379147,89.09137,0.50572133
3.658333333333333,41.353928,-6.8018513,-2.930426,70.0,25.0,90.0,41.58294,-7.144347,-2.6371565,70.96148,25.379147,89.09137,0.5057239
3.6625,41.353928,-6.8018513,-2.930426,70.0,25.0,90.0,41.582935,-7.144347,-2.6371613,70.96148,25.379147,89.09137,0.5057194
3.6666666666666665,41.353928,-6.8018513,-2.930426,70.0,25.0,90.0,41.582935,-7.144347,-2.6371574,70.96149,25.37915,89.09137,0.5057216
3.6708333333333334,41.353928,-6.8018513,-2.930426,70.0,25.0,90.0,41.58294,-7.14435,-2.6371622,70.96148,25.379154,89.09137,0.5057225
3.675,41.353928,-6.8018513,-2.930426,70.0,25.0,90.0,41.58294,-7.144346,-2.637164,70.96148,25.379154,89.09137,0.5057188
3.6791666666666667,41.353928,-6.8018513,-2.930426,70.0,25.0,90.0,41.582935,-7.144349,-2.6371603,70.96148,25.379154,89.09137,0.5057213
3.683333333333333,41.353928,-6.8018513,-2.930426,70.0,25.0,90.0,41.582935,-7.144347,-2.6371622,70.96148,25.379154,89.09136,0.5057189
3.6875,41.353928,-6.8018513,-2.930426,70.0,25.0,90.0,41.582935,-7.144347,-2.6371632,70.96148,25.37915,89.09137,0.5057183
3.691666666666667,41.353928,-6.8018513,-2.930426,70.0,25.0,90.0,41.582935,-7.144346,-2.6371613,70.96149,25.379147,89.09137,0.50571877
3.6958333333333333,41.353928,-6.8018513,-2.930426,70.0,25.0,90.0,41.58294,-7.1443443,-2.6371622,70.96148,25.379154,89.09136,0.50571865
3.7,41.353928,-6.8018513,-2.930426,70.0,25.0,90.0,41.58294,-7.144346,-2.6371613,70.96149,25.379154,89.09137,0.5057205
3.7041666666666666,41.353928,-6.8018513,-2.930426,70.0,25.0,90.0,41.58294,-7.144349,-2.6371584,70.96149,25.37915,89.09137,0.5057241
3.7083333333333335,41.353928,-6.8018513,-2.930426,70.0,25.0,90.0,41.582935,-7.1443443,-2.6371584,70.96149,25.379147,89.09137,0.5057191
3.7125,41.353928,-6.8018513,-2.930426,70.0,25.0,90.0,41.58294,-7.1443443,-2.6371603,70.96149,25.379147,89.09137,0.5057198
3.716666666666667,41.353928,-6.8018513,-2.930426,70.0,25.0,90.0,41.58294,-7.144346,-2.6371584,70.96149,25.37915,89.09137,0.50572217
3.720833333333333,41.353928,-6.8018513,-2.930426,70.0,25.0,90.0,41.58294,-7.1443434,-2.6371622,70.96148,25.379147,89.09137,0.505718
3.725,41.353928,-6.8018513,-2.930426,70.0,25.0,90.0,41.58294,-7.144346,-2.6371584,70.96149,25.379147,89.09137,0.50572217
3.7291666666666665,41.353928,-6.8018513,-2.930426,70.0,25.0,90.0,41.58294,-7.144346,-2.6371584,70.96149,25.379154,89.09137,0.50572217
3.7333333333333334,41.353928,-6.8018513,-2.930426,70.0,25.0,90.0,41.58294,-7.144347,-2.6371622,70.96148,25.37915,89.09137,0.50572056
3.7375,41.353928,-6.8018513,-2.930426,70.0,25.0,90.0,41.58294,-7.144347,-2.6371622,70.96149,25.37915,89.09137,0.50572056
3.7416666666666667,41.353928,-6.8018513,-2.930426,70.0,25.0,90.0,41.58294,-7.144347,-2.6371622,70.96149,25.37915,89.09137,0.50572056
3.745833333333333,41.353928,-6.8018513,-2.930426,70.0,25.0,90.0,41.582935,-7.144349,-2.6371622,70.96149,25.37915,89.09137,0.50572014
3.75,41.353928,-6.8018513,-2.930426,70.0,25.0,90.0,41.58294,-7.144352,-2.6371603,70.96149,25.379147,89.09136,0.5057249
3.754166666666667,41.353928,-6.8018513,-2.930426,70.0,25.0,90.0,41.58294,-7.144347,-2.6371613,70.96149,25.37915,89.09136,0.50572115
3.7583333333333333,41.353928,-6.8018513,-2.930426,70.0,25.0,90.0,41.58294,-7.144349,-2.6371622,70.96149,25.37915,89.09136,0.50572187
3.7625,41.353928,-6.8018513,-2.930426,70.0,25.0,90.0,41.58294,-7.144349,-2.6371632,70.96149,25.379147,89.09136,0.50572133
3.7666666666666666,41.353928,-6.8018513,-2.930426,70.0,25.0,90.0,41.58294,-7.144349,-2.6371622,70.96148,25.379154,89.09136,0.50572187
3.7708333333333335,41.353928,-6.8018513,-2.930426,70.0,25.0,90.0,41.58294,-7.14435,-2.6371613,70.96149,25.379154,89.091354,0.50572306
3.775,41.353928,-6.8018513,-2.930426,70.0,25.0,90.0,41.582935,-7.144349,-2.6371603,70.96149,25.37915,89.091354,0.5057213
3.779166666666667,41.353928,-6.8018513,-2.930426,70.0,25.0,90.0,41.58294,-7.144353,-2.6371603,70.96149,25.37915,89.091354,0.50572556
3.783333333333333,41.353928,-6.8018513,-2.930426,70.0,25.0,90.0,41.58294,-7.144352,-2.6371632,70.96149,25.379154,89.091354,0.50572324
3.7875,41.353928,-6.8018513,-2.930426,70.0,25.0,90.0,41.58294,-7.144352,-2.6371622,70.96149,25.379154,89.091354,0.50572383
3.7916666666666665,41.353928,-6.8018513,-2.930426,70.0,25.0,90.0,41.58294,-7.144347,-2.637164,70.96149,25.37915,89.091354,0.5057195
3.7958333333333334,41.353928,-6.8018513,-2.930426,70.0,25.0,90.0,41.58294,-7.14435,-2.637167,70.96149,25.379154,89.091354,0.5057198
3.8,41.353928,-6.8018513,-2.930426,70.0,25.0,90.0,41.58294,-7.144349,-2.637164,70.96149,25.379154,89.091354,0.5057208
3.8041666666666667,41.353928,-6.8018513,-2.930426,70.0,25.0,90.0,41.58294,-7.144347,-2.6371603,70.96149,25.37915,89.09136,0.5057217
3.808333333333333,41.353928,-6.8018513,-2.930426,70.0,25.0,90.0,41.58294,-7.144346,-2.6371622,70.96148,25.379147,89.09136,0.50571996
3.8125,41.353928,-6.8018513,-2.930426,70.0,25.0,90.0,41.58294,-7.14435,-2.6371632,70.96148,25.37915,89.09136,0.505722
3.816666666666667,41.353928,-6.8018513,-2.930426,70.0,25.0,90.0,41.58294,-7.14435,-2.637164,70.96148,25.37915,89.091354,0.50572145
3.8208333333333333,41.353928,-6.8018513,-2.930426,70.0,25.0,90.0,41.58294,-7.144352,-2.6371622,70.96148,25.37915,89.09136,0.50572383
3.825,41.353928,-6.8018513,-2.930426,70.0,25.0,90.0,41.58294,-7.144349,-2.6371613,70.96148,25.37915,89.09136,0.50572246
3.8291666666666666,41.353928,-6.8018513,-2.930426,70.0,25.0,90.0,41.58294,-7.14435,-2.6371603,70.96148,25.379147,89.09136,0.50572366
3.8333333333333335,41.353928,-6.8018513,-2.930426,70.0,25.0,90.0,41.58294,-7.144349,-2.6371574,70.96148,25.379147,89.09136,0.50572467
3.8375,41.353928,-6.8018513,-2.930426,70.0,25.0,90.0,41.58294,-7.144349,-2.6371584,70.96148,25.379147,89.09136,0.5057241
3.841666666666667,41.353928,-6.8018513,-2.930426,70.0,25.0,90.0,41.58294,-7.144349,-2.6371584,70.96148,25.379147,89.09136,0.5057241
3.845833333333333,41.353928,-6.8018513,-2.930426,70.0,25.0,90.0,41.58294,-7.144349,-2.6371584,70.96148,25.379147,89.09136,0.5057241
3.85,41.353928,-6.8018513,-2.930426,70.0,25.0,90.0,41.58294,-7.144349,-2.6371584,70.96148,25.379147,89.09136,0.5057241
3.8541666666666665,41.353928,-6.8018513,-2.930426,70.0,25.0,90.0,41.58294,-7.144349,-2.6371584,70.96148,25.379147,89.09136,0.5057241
3.8583333333333334,41.353928,-6.8018513,-2.930426,70.0,25.0,90.0,41.58294,-7.144349,-2.6371584,70.96148,25.379147,89.09136,0.5057241
3.8625,41.353928,-6.8018513,-2.930426,70.0,25.0,90.0,41.58294,-7.144349,-2.6371584,70.96148,25.379147,89.09136,0.5057241
3.8666666666666667,41.353928,-6.8018513,-2.930426,70.0,25.0,90.0,41.58294,-7.144349,-2.6371584,70.96148,25.379147,89.09136,0.5057241
3.870833333333333,41.353928,-6.8018513,-2.930426,70.0,25.0,90.0,41.58294,-7.144349,-2.6371584,70.96148,25.379147,89.09136,0.5057241
3.875,41.353928,-6.8018513,-2.930426,70.0,25.0,90.0,41.58294,-7.144349,-2.6371584,70.96148,25.379147,89.09136,0.5057241
3.879166666666667,41.353928,-6.8018513,-2.930426,70.0,25.0,90.0,41.58294,-7.144349,-2.6371584,70.96148,25.379147,89.09136,0.5057241
3.8833333333333333,41.353928,-6.8018513,-2.930426,70.0,25.0,90.0,41.58294,-7.144349,-2.6371584,70.96148,25.379147,89.09136,0.5057241
3.8875,41.353928,-6.8018513,-2.930426,70.0,25.0,90.0,41.58294,-7.144349,-2.6371584,70.96148,25.379147,89.09136,0.5057241
3.8916666666666666,41.353928,-6.8018513,-2.930426,70.0,25.0,90.0,41.58294,-7.144349,-2.6371584,70.96148,25.379147,89.09136,0.5057241
3.8958333333333335,41.353928,-6.8018513,-2.930426,70.0,25.0,90.0,41.58294,-7.144349,-2.6371584,70.96148,25.379147,89.09136,0.5057241
3.9,41.353928,-6.8018513,-2.930426,70.0,25.0,90.0,41.58294,-7.144349,-2.6371584,70.96148,25.379147,89.09136,0.5057241
3.904166666666667,41.353928,-6.8018513,-2.930426,70.0,25.0,90.0,41.58294,-7.144349,-2.6371584,70.96148,25.379147,89.09136,0.5057241
3.908333333333333,41.353928,-6.8018513,-2.930426,70.0,25.0,90.0,41.58294,-7.144349,-2.6371584,70.96148,25.379147,89.09136,0.5057241
3.9125,41.353928,-6.8018513,-2.930426,70.0,25.0,90.0,41.58294,-7.144349,-2.6371584,70.96148,25.379147,89.09136,0.5057241
3.9166666666666665,41.353928,-6.8018513,-2.930426,70.0,25.0,90.0,41.58294,-7.144349,-2.6371584,70.96148,25.379147,89.09136,0.5057241
3.9208333333333334,41.353928,-6.8018513,-2.930426,70.0,25.0,90.0,41.58294,-7.144349,-2.6371584,70.96148,25.379147,89.09136,0.5057241
3.925,41.353928,-6.8018513,-2.930426,70.0,25.0,90.0,41.58294,-7.144349,-2.6371584,70.96148,25.379147,89.09136,0.5057241
3.9291666666666667,41.353928,-6.8018513,-2.930426,70.0,25.0,90.0,41.58294,-7.144349,-2.6371584,70.96148,25.379147,89.09136,0.5057241
3.933333333333333,41.353928,-6.8018513,-2.930426,70.0,25.0,90.0,41.58294,-7.144349,-2.6371584,70.96148,25.379147,89.09136,0.5057241
3.9375,41.353928,-6.8018513,-2.930426,70.0,25.0,90.0,41.58294,-7.144349,-2.6371584,70.96148,25.379147,89.09136,0.5057241
3.941666666666667,41.353928,-6.8018513,-2.930426,70.0,25.0,90.0,41.58294,-7.144349,-2.6371584,70.96148,25.379147,89.09136,0.5057241
3.9458333333333333,41.353928,-6.8018513,-2.930426,70.0,25.0,90.0,41.58294,-7.144349,-2.6371584,70.96148,25.379147,89.09136,0.5057241
3.95,41.353928,-6.8018513,-2.930426,70.0,25.0,90.0,41.58294,-7.144349,-2.6371584,70.96148,25.379147,89.09136,0.5057241
3.9541666666666666,41.353928,-6.8018513,-2.930426,70.0,25.0,90.0,41.58294,-7.144349,-2.6371584,70.96148,25.379147,89.09136,0.5057241
3.9583333333333335,41.353928,-6.8018513,-2.930426,70.0,25.0,90.0,41.58294,-7.144349,-2.6371584,70.96148,25.379147,89.09136,0.5057241
3.9625,41.353928,-6.8018513,-2.930426,70.0,25.0,90.0,41.58294,-7.144349,-2.6371584,70.96148,25.379147,89.09136,0.5057241
3.966666666666667,41.353928,-6.8018513,-2.930426,70.0,25.0,90.0,41.58294,-7.144349,-2.6371584,70.96148,25.379147,89.09136,0.5057241
3.970833333333333,41.353928,-6.8018513,-2.930426,70.0,25.0,90.0,41.58294,-7.144349,-2.6371584,70.96148,25.379147,89.09136,0.5057241
3.975,41.353928,-6.8018513,-2.930426,70.0,25.0,90.0,41.58294,-7.144349,-2.6371584,70.96148,25.379147,89.09136,0.5057241
3.9791666666666665,41.353928,-6.8018513,-2.930426,70.0,25.0,90.0,41.58294,-7.144349,-2.6371584,70.96148,25.379147,89.09136,0.5057241
3.9833333333333334,41.353928,-6.8018513,-2.930426,70.0,25.0,90.0,41.58294,-7.144349,-2.6371584,70.96148,25.379147,89.09136,0.5057241
3.9875,41.353928,-6.8018513,-2.930426,70.0,25.0,90.0,41.58294,-7.144349,-2.6371584,70.96148,25.379147,89.09136,0.5057241
3.9916666666666667,41.353928,-6.8018513,-2.930426,70.0,25.0,90.0,41.58294,-7.14435,-2.6371574,70.96148,25.379147,89.09136,0.5057253
3.995833333333333,41.353928,-6.8018513,-2.930426,70.0,25.0,90.0,41.58294,-7.14435,-2.6371574,70.96148,25.37915,89.09136,0.5057253
4.0,41.353928,-6.8018513,-2.930426,70.0,25.0,90.0,41.58294,-7.144349,-2.6371603,70.96149,25.379147,89.09136,0.505723
4.004166666666666,41.353928,-6.8018513,-2.930426,70.0,25.0,90.0,41.582935,-7.144347,-2.6371584,70.96148,25.37915,89.09136,0.5057211
4.008333333333334,41.353928,-6.8018513,-2.930426,70.0,25.0,90.0,41.58294,-7.144346,-2.6371574,70.96148,25.379147,89.09136,0.5057227
4.0125,41.353928,-6.8018513,-2.930426,70.0,25.0,90.0,41.582935,-7.144347,-2.6371622,70.96148,25.37915,89.09136,0.5057189
4.016666666666667,41.353928,-6.8018513,-2.930426,70.0,25.0,90.0,41.58293,-7.144347,-2.6371613,70.96148,25.37915,89.09136,0.5057177
4.020833333333333,41.353928,-6.8018513,-2.930426,70.0,25.0,90.0,41.582935,-7.14435,-2.6371603,70.96148,25.379158,89.09136,0.5057219
4.025,41.353928,-6.8018513,-2.930426,70.0,25.0,90.0,41.582935,-7.144349,-2.6371613,70.96148,25.37915,89.09136,0.5057207
4.029166666666667,41.353928,-6.8018513,-2.930426,70.0,25.0,90.0,41.582935,-7.144346,-2.6371613,70.96149,25.379147,89.09136,0.50571877
4.033333333333333,41.353928,-6.8018513,-2.930426,70.0,25.0,90.0,41.582935,-7.144346,-2.6371584,70.96148,25.379154,89.09137,0.50572044
4.0375,41.353928,-6.8018513,-2.930426,70.0,25.0,90.0,41.582935,-7.144349,-2.6371603,70.96148,25.379147,89.09137,0.5057213
4.041666666666667,41.353928,-6.8018513,-2.930426,70.0,25.0,90.0,41.582935,-7.144347,-2.6371603,70.96148,25.379158,89.09137,0.50571996
4.045833333333333,41.353928,-6.8018513,-2.930426,70.0,25.0,90.0,41.582935,-7.144346,-2.6371622,70.96148,25.37915,89.09137,0.50571823
4.05,41.353928,-6.8018513,-2.930426,70.0,25.0,90.0,41.582935,-7.144349,-2.6371632,70.96148,25.37915,89.09137,0.5057196
4.054166666666666,41.353928,-6.8018513,-2.930426,70.0,25.0,90.0,41.58294,-7.144347,-2.6371574,70.96148,25.379147,89.09137,0.50572336
4.058333333333334,41.353928,-6.8018513,-2.930426,70.0,25.0,90.0,41.58294,-7.144346,-2.6371613,70.96148,25.37915,89.09137,0.5057205
4.0625,41.353928,-6.8018513,-2.930426,70.0,25.0,90.0,41.582935,-7.144347,-2.6371622,70.96149,25.379147,89.09137,0.5057189
4.066666666666666,41.353928,-6.8018513,-2.930426,70.0,25.0,90.0,41.582935,-7.144346,-2.6371603,70.96148,25.37915,89.09137,0.5057193
4.070833333333334,41.353928,-6.8018513,-2.930426,70.0,25.0,90.0,41.58294,-7.144346,-2.6371574,70.96148,25.379158,89.09137,0.5057227
4.075,41.353928,-6.8018513,-2.930426,70.0,25.0,90.0,41.58294,-7.144347,-2.6371632,70.96148,25.379158,89.09137,0.50572
4.079166666666667,41.353928,-6.8018513,-2.930426,70.0,25.0,90.0,41.58294,-7.144347,-2.6371632,70.96148,25.379154,89.09137,0.50572
4.083333333333333,41.353928,-6.8018513,-2.930426,70.0,25.0,90.0,41.58294,-7.144346,-2.6371613,70.96148,25.37915,89.09137,0.5057205
4.0875,41.353928,-6.8018513,-2.930426,70.0,25.0,90.0,41.58294,-7.1443443,-2.6371584,70.96149,25.37915,89.09137,0.50572085
4.091666666666667,41.353928,-6.8018513,-2.930426,70.0,25.0,90.0,41.582935,-7.144346,-2.6371603,70.96149,25.379154,89.09137,0.5057193
4.095833333333333,41.353928,-6.8018513,-2.930426,70.0,25.0,90.0,41.58294,-7.1443434,-2.6371603,70.96149,25.37915,89.09137,0.5057191
4.1,41.353928,-6.8018513,-2.930426,70.0,25.0,90.0,41.58294,-7.144346,-2.6371613,70.96148,25.379154,89.09137,0.5057205
4.104166666666667,41.353928,-6.8018513,-2.930426,70.0,25.0,90.0,41.58294,-7.1443443,-2.6371613,70.96149,25.379147,89.09137,0.5057192
4.108333333333333,41.353928,-6.8018513,-2.930426,70.0,25.0,90.0,41.58294,-7.1443443,-2.6371622,70.96149,25.379154,89.09137,0.50571865
4.1125,41.353928,-6.8018513,-2.930426,70.0,25.0,90.0,41.58294,-7.1443443,-2.6371613,70.96148,25.37915,89.09137,0.5057192
4.116666666666666,41.353928,-6.8018513,-2.930426,70.0,25.0,90.0,41.58294,-7.1443443,-2.6371584,70.96148,25.37915,89.09137,0.50572085
4.120833333333334,41.353928,-6.8018513,-2.930426,70.0,25.0,90.0,41.58294,-7.144346,-2.6371613,70.96148,25.37915,89.09137,0.5057205
4.125,41.353928,-6.8018513,-2.930426,70.0,25.0,90.0,41.58294,-7.1443443,-2.6371603,70.96149,25.37915,89.09137,0.5057198
4.129166666666666,41.353928,-6.8018513,-2.930426,70.0,25.0,90.0,41.582935,-7.1443443,-2.6371613,70.96148,25.379154,89.09137,0.5057175
4.133333333333334,41.353928,-6.8018513,-2.930426,70.0,25.0,90.0,41.58294,-7.1443434,-2.6371613,70.96149,25.37915,89.09137,0.5057185
4.1375,41.353928,-6.8018513,-2.930426,70.0,25.0,90.0,41.58294,-7.144346,-2.6371613,70.96148,25.37915,89.09137,0.5057205
4.141666666666667,41.353928,-6.8018513,-2.930426,70.0,25.0,90.0,41.582935,-7.144347,-2.6371622,70.96148,25.379154,89.09137,0.5057189
4.145833333333333,41.353928,-6.8018513,-2.930426,70.0,25.0,90.0,41.58294,-7.144346,-2.6371603,70.96149,25.379154,89.09136,0.50572103
4.15,41.353928,-6.8018513,-2.930426,70.0,25.0,90.0,41.58294,-7.144346,-2.6371603,70.96148,25.37915,89.09136,0.50572103
4.154166666666667,41.353928,-6.8018513,-2.930426,70.0,25.0,90.0,41.58294,-7.144347,-2.6371574,70.96149,25.37915,89.09136,0.50572336
4.158333333333333,41.353928,-6.8018513,-2.930426,70.0,25.0,90.0,41.58294,-7.14435,-2.6371622,70.96149,25.37915,89.09136,0.5057225
4.1625,41.353928,-6.8018513,-2.930426,70.0,25.0,90.0,41.58294,-7.144347,-2.6371622,70.96149,25.379158,89.09136,0.50572056
4.166666666666667,41.353928,-6.8018513,-2.930426,70.0,25.0,90.0,41.58294,-7.14435,-2.6371584,70.96149,25.37915,89.09136,0.5057247
4.170833333333333,41.353928,-6.8018513,-2.930426,70.0,25.0,90.0,41.582935,-7.144347,-2.6371603,70.96149,25.37915,89.09136,0.50571996
4.175,41.353928,-6.8018513,-2.930426,70.0,25.0,90.0,41.58294,-7.144352,-2.6371613,70.96149,25.37915,89.091354,0.5057244
4.179166666666666,41.353928,-6.8018513,-2.930426,70.0,25.0,90.0,41.58294,-7.14435,-2.6371632,70.96149,25.37915,89.09136,0.505722
4.183333333333334,41.353928,-6.8018513,-2.930426,70.0,25.0,90.0,41.58294,-7.144349,-2.6371622,70.96149,25.37915,89.091354,0.50572187
4.1875,41.353928,-6.8018513,-2.930426,70.0,25.0,90.0,41.58294,-7.144347,-2.6371632,70.96149,25.379154,89.091354,0.50572
4.191666666666666,41.353928,-6.8018513,-2.930426,70.0,25.0,90.0,41.58294,-7.144349,-2.6371632,70.96149,25.379158,89.091354,0.50572133
4.195833333333334,41.353928,-6.8018513,-2.930426,70.0,25.0,90.0,41.58294,-7.144349,-2.6371632,70.96149,25.379154,89.09136,0.50572133
4.2,41.353928,-6.8018513,-2.930426,70.0,25.0,90.0,41.58294,-7.144349,-2.6371622,70.96149,25.379154,89.09136,0.50572187
4.204166666666667,41.353928,-6.8018513,-2.930426,70.0,25.0,90.0,41.58294,-7.144347,-2.637165,70.96149,25.37915,89.09136,0.50571895
4.208333333333333,41.353928,-6.8018513,-2.930426,70.0,25.0,90.0,41.582935,-7.14435,-2.637166,70.96148,25.379154,89.09136,0.5057186
4.2125,41.353928,-6.8018513,-2.930426,70.0,25.0,90.0,41.58294,-7.14435,-2.637164,70.96148,25.379154,89.09136,0.50572145
4.216666666666667,41.353928,-6.8018513,-2.930426,70.0,25.0,90.0,41.58294,-7.14435,-2.6371622,70.96148,25.379147,89.09136,0.5057225
4.220833333333333,41.353928,-6.8018513,-2.930426,70.0,25.0,90.0,41.58294,-7.144352,-2.637164,70.96148,25.37915,89.09136,0.5057227
4.225,41.353928,-6.8018513,-2.930426,70.0,25.0,90.0,41.58294,-7.14435,-2.6371622,70.96148,25.37915,89.09136,0.5057225
4.229166666666667,41.353928,-6.8018513,-2.930426,70.0,25.0,90.0,41.58294,-7.14435,-2.637164,70.96148,25.37915,89.09136,0.50572145
4.233333333333333,41.353928,-6.8018513,-2.930426,70.0,25.0,90.0,41.58294,-7.144352,-2.6371632,70.96148,25.379154,89.09136,0.50572324
4.2375,41.353928,-6.8018513,-2.930426,70.0,25.0,90.0,41.58294,-7.144352,-2.6371632,70.96148,25.379154,89.09136,0.50572324
4.241666666666666,41.353928,-6.8018513,-2.930426,70.0,25.0,90.0,41.58294,-7.144352,-2.6371632,70.96148,25.379154,89.09136,0.50572324
4.245833333333334,41.353928,-6.8018513,-2.930426,70.0,25.0,90.0,41.58294,-7.144352,-2.6371632,70.96148,25.379154,89.09136,0.50572324
4.25,41.353928,-6.8018513,-2.930426,70.0,25.0,90.0,41.58294,-7.144352,-2.6371632,70.96148,25.379154,89.09136,0.50572324
4.254166666666666,41.353928,-6.8018513,-2.930426,70.0,25.0,90.0,41.58294,-7.144352,-2.6371632,70.96148,25.379154,89.09136,0.50572324
4.258333333333334,41.353928,-6.8018513,-2.930426,70.0,25.0,90.0,41.58294,-7.144352,-2.6371632,70.96148,25.379154,89.09136,0.50572324
4.2625,41.353928,-6.8018513,-2.930426,70.0,25.0,90.0,41.58294,-7.144352,-2.6371632,70.96148,25.379154,89.09136,0.50572324
4.266666666666667,41.353928,-6.8018513,-2.930426,70.0,25.0,90.0,41.58294,-7.144352,-2.6371632,70.96148,25.379154,89.09136,0.50572324
4.270833333333333,41.353928,-6.8018513,-2.930426,70.0,25.0,90.0,41.58294,-7.144352,-2.6371632,70.96148,25.379154,89.09136,0.50572324
4.275,41.353928,-6.8018513,-2.930426,70.0,25.0,90.0,41.58294,-7.144352,-2.6371632,70.96148,25.379154,89.09136,0.50572324
4.279166666666667,41.353928,-6.8018513,-2.930426,70.0,25.0,90.0,41.58294,-7.144352,-2.6371632,70.96148,25.379154,89.09136,0.50572324
4.283333333333333,41.353928,-6.8018513,-2.930426,70.0,25.0,90.0,41.58294,-7.144352,-2.6371632,70.96148,25.379154,89.09136,0.50572324
4.2875,41.353928,-6.8018513,-2.930426,70.0,25.0,90.0,41.58294,-7.144352,-2.6371632,70.96148,25.379154,89.09136,0.50572324
4.291666666666667,41.353928,-6.8018513,-2.930426,70.0,25.0,90.0,41.58294,-7.144352,-2.6371632,70.96148,25.379154,89.09136,0.50572324
4.295833333333333,41.353928,-6.8018513,-2.930426,70.0,25.0,90.0,41.58294,-7.144352,-2.6371632,70.96148,25.379154,89.09136,0.50572324
4.3,41.353928,-6.8018513,-2.930426,70.0,25.0,90.0,41.58294,-7.144352,-2.6371632,70.96148,25.379154,89.09136,0.50572324
4.304166666666666,41.353928,-6.8018513,-2.930426,70.0,25.0,90.0,41.58294,-7.144352,-2.6371632,70.96148,25.379154,89.09136,0.50572324
4.308333333333334,41.353928,-6.8018513,-2.930426,70.0,25.0,90.0,41.58294,-7.144352,-2.6371632,70.96148,25.379154,89.09136,0.50572324
4.3125,41.353928,-6.8018513,-2.930426,70.0,25.0,90.0,41.58294,-7.144352,-2.6371632,70.96148,25.379154,89.09136,0.50572324
4.316666666666666,41.353928,-6.8018513,-2.930426,70.0,25.0,90.0,41.58294,-7.144352,-2.6371632,70.96148,25.379154,89.09136,0.50572324
4.320833333333334,41.353928,-6.8018513,-2.930426,70.0,25.0,90.0,41.58294,-7.144352,-2.6371632,70.96148,25.379154,89.09136,0.50572324
4.325,41.353928,-6.8018513,-2.930426,70.0,25.0,90.0,41.58294,-7.144352,-2.6371632,70.96148,25.379154,89.09136,0.50572324
4.329166666666667,41.353928,-6.8018513,-2.930426,70.0,25.0,90.0,41.58294,-7.144352,-2.6371632,70.96148,25.379154,89.09136,0.50572324
4.333333333333333,41.353928,-6.8018513,-2.930426,70.0,25.0,90.0,41.58294,-7.144352,-2.6371632,70.96148,25.379154,89.09136,0.50572324
4.3375,41.353928,-6.8018513,-2.930426,70.0,25.0,90.0,41.58294,-7.144352,-2.6371632,70.96148,25.379154,89.09136,0.50572324
4.341666666666667,41.353928,-6.8018513,-2.930426,70.0,25.0,90.0,41.58294,-7.144352,-2.6371632,70.96148,25.379154,89.09136,0.50572324
4.345833333333333,41.353928,-6.8018513,-2.930426,70.0,25.0,90.0,41.58294,-7.144352,-2.6371632,70.96148,25.379154,89.09136,0.50572324
4.35,41.353928,-6.8018513,-2.930426,70.0,25.0,90.0,41.58294,-7.144352,-2.6371632,70.96148,25.379154,89.09136,0.50572324
4.354166666666667,41.353928,-6.8018513,-2.930426,70.0,25.0,90.0,41.58294,-7.144352,-2.6371632,70.96148,25.379154,89.09136,0.50572324
4.358333333333333,41.353928,-6.8018513,-2.930426,70.0,25.0,90.0,41.58294,-7.144352,-2.6371632,70.96148,25.379154,89.09136,0.50572324
4.3625,41.353928,-6.8018513,-2.930426,70.0,25.0,90.0,41.58294,-7.144352,-2.6371632,70.96148,25.379154,89.09136,0.50572324
4.366666666666666,41.353928,-6.8018513,-2.930426,70.0,25.0,90.0,41.58294,-7.144352,-2.6371632,70.96148,25.379154,89.09136,0.50572324
4.370833333333334,41.353928,-6.8018513,-2.930426,70.0,25.0,90.0,41.58294,-7.144352,-2.6371632,70.96148,25.379154,89.09136,0.50572324
4.375,41.353928,-6.8018513,-2.930426,70.0,25.0,90.0,41.58294,-7.144352,-2.6371632,70.96148,25.379154,89.09136,0.50572324
4.379166666666666,41.353928,-6.8018513,-2.930426,70.0,25.0,90.0,41.58294,-7.144352,-2.6371632,70.96148,25.379154,89.09136,0.50572324
4.383333333333334,41.353928,-6.8018513,-2.930426,70.0,25.0,90.0,41.58294,-7.144352,-2.6371632,70.96148,25.379154,89.09136,0.50572324
4.3875,41.353928,-6.8018513,-2.930426,70.0,25.0,90.0,41.582935,-7.144352,-2.6371632,70.96148,25.379154,89.09136,0.50572157
4.391666666666667,41.353928,-6.8018513,-2.930426,70.0,25.0,90.0,41.58294,-7.14435,-2.637164,70.96148,25.379154,89.09136,0.50572145
4.395833333333333,41.353928,-6.8018513,-2.930426,70.0,25.0,90.0,41.58294,-7.144349,-2.6371622,70.96148,25.37915,89.09136,0.50572187
4.4,41.353928,-6.8018513,-2.930426,70.0,25.0,90.0,41.58294,-7.144347,-2.6371584,70.96148,25.37915,89.09136,0.5057228
4.404166666666667,41.353928,-6.8018513,-2.930426,70.0,25.0,90.0,41.582935,-7.144346,-2.6371613,70.96148,25.379147,89.09136,0.50571877
4.408333333333333,41.353928,-6.8018513,-2.930426,70.0,25.0,90.0,41.58294,-7.144346,-2.6371632,70.96148,25.37915,89.09136,0.50571936
4.4125,41.353928,-6.8018513,-2.930426,70.0,25.0,90.0,41.582935,-7.144347,-2.6371613,70.96148,25.37915,89.09136,0.5057194
4.416666666666667,41.353928,-6.8018513,-2.930426,70.0,25.0,90.0,41.582935,-7.144347,-2.6371565,70.96149,25.37915,89.09137,0.5057222
4.420833333333333,41.353928,-6.8018513,-2.930426,70.0,25.0,90.0,41.582935,-7.144346,-2.6371622,70.96148,25.379158,89.09137,0.50571823
4.425,41.353928,-6.8018513,-2.930426,70.0,25.0,90.0,41.582935,-7.1443434,-2.6371603,70.96148,25.37915,89.09137,0.5057174
4.429166666666666,41.353928,-6.8018513,-2.930426,70.0,25.0,90.0,41.58293,-7.144347,-2.6371584,70.96149,25.37915,89.09137,0.50571936
4.433333333333334,41.353928,-6.8018513,-2.930426,70.0,25.0,90.0,41.582935,-7.144349,-2.6371613,70.96148,25.379147,89.09137,0.5057207
4.4375,41.353928,-6.8018513,-2.930426,70.0,25.0,90.0,41.58294,-7.144347,-2.6371603,70.96148,25.37915,89.09137,0.5057217
4.441666666666666,41.353928,-6.8018513,-2.930426,70.0,25.0,90.0,41.58294,-7.144347,-2.6371613,70.96148,25.379147,89.09137,0.50572115
4.445833333333334,41.353928,-6.8018513,-2.930426,70.0,25.0,90.0,41.582935,-7.144347,-2.6371632,70.96148,25.379154,89.09137,0.5057183
4.45,41.353928,-6.8018513,-2.930426,70.0,25.0,90.0,41.582935,-7.1443443,-2.6371603,70.96148,25.379154,89.09137,0.505718
4.454166666666667,41.353928,-6.8018513,-2.930426,70.0,25.0,90.0,41.58294,-7.144349,-2.6371613,70.96148,25.379154,89.09137,0.50572246
4.458333333333333,41.353928,-6.8018513,-2.930426,70.0,25.0,90.0,41.582935,-7.144347,-2.6371613,70.96148,25.379147,89.09137,0.5057194
4.4625,41.353928,-6.8018513,-2.930426,70.0,25.0,90.0,41.582935,-7.144346,-2.6371622,70.96149,25.379154,89.09137,0.50571823
4.466666666666667,41.353928,-6.8018513,-2.930426,70.0,25.0,90.0,41.58294,-7.144347,-2.6371574,70.96148,25.379154,89.09137,0.50572336
4.470833333333333,41.353928,-6.8018513,-2.930426,70.0,25.0,90.0,41.58294,-7.144347,-2.6371603,70.96149,25.37915,89.09137,0.5057217
4.475,41.353928,-6.8018513,-2.930426,70.0,25.0,90.0,41.582935,-7.144347,-2.6371632,70.96149,25.379147,89.09137,0.5057183
4.479166666666667,41.353928,-6.8018513,-2.930426,70.0,25.0,90.0,41.582935,-7.144346,-2.6371622,70.96148,25.379147,89.09137,0.50571823
4.483333333333333,41.353928,-6.8018513,-2.930426,70.0,25.0,90.0,41.58294,-7.144346,-2.6371603,70.96148,25.379147,89.09137,0.50572103
4.4875,41.353928,-6.8018513,-2.930426,70.0,25.0,90.0,41.58294,-7.1443443,-2.6371603,70.96149,25.37915,89.09137,0.5057198
4.491666666666666,41.353928,-6.8018513,-2.930426,70.0,25.0,90.0,41.58294,-7.144346,-2.6371613,70.96148,25.379154,89.09137,0.5057205
4.495833333333334,41.353928,-6.8018513,-2.930426,70.0,25.0,90.0,41.58294,-7.1443443,-2.6371584,70.96148,25.37915,89.09137,0.50572085
4.5,41.353928,-6.8018513,-2.930426,70.0,25.0,90.0,41.58294,-7.1443434,-2.6371603,70.96149,25.379154,89.09137,0.5057191
4.504166666666666,41.353928,-6.8018513,-2.930426,70.0,25.0,90.0,41.58294,-7.1443415,-2.6371622,70.96149,25.37915,89.09137,0.50571674
4.508333333333334,41.353928,-6.8018513,-2.930426,70.0,25.0,90.0,41.58294,-7.1443434,-2.6371603,70.96148,25.37915,89.09137,0.5057191
4.5125,41.353928,-6.8018513,-2.930426,70.0,25.0,90.0,41.58294,-7.144346,-2.6371603,70.96149,25.37915,89.09137,0.50572103
4.516666666666667,41.353928,-6.8018513,-2.930426,70.0,25.0,90.0,41.582935,-7.1443434,-2.6371622,70.96149,25.37915,89.09137,0.50571626
4.520833333333333,41.353928,-6.8018513,-2.930426,70.0,25.0,90.0,41.58294,-7.1443434,-2.6371613,70.96149,25.37915,89.09137,0.5057185
4.525,41.353928,-6.8018513,-2.930426,70.0,25.0,90.0,41.58294,-7.1443443,-2.6371613,70.96148,25.37915,89.09137,0.5057192
4.529166666666667,41.353928,-6.8018513,-2.930426,70.0,25.0,90.0,41.58294,-7.144346,-2.6371603,70.96148,25.37915,89.09137,0.50572103
4.533333333333333,41.353928,-6.8018513,-2.930426,70.0,25.0,90.0,41.58294,-7.1443443,-2.6371613,70.96148,25.37915,89.09137,0.5057192
4.5375,41.353928,-6.8018513,-2.930426,70.0,25.0,90.0,41.58294,-7.144347,-2.6371584,70.96149,25.37915,89.09137,0.5057228
4.541666666666667,41.353928,-6.8018513,-2.930426,70.0,25.0,90.0,41.58294,-7.144347,-2.6371603,70.96149,25.379154,89.09137,0.5057217
4.545833333333333,41.353928,-6.8018513,-2.930426,70.0,25.0,90.0,41.58294,-7.144346,-2.6371584,70.96149,25.37915,89.09136,0.50572217
4.55,41.353928,-6.8018513,-2.930426,70.0,25.0,90.0,41.58294,-7.1443443,-2.6371584,70.96149,25.379154,89.09136,0.50572085
4.554166666666666,41.353928,-6.8018513,-2.930426,70.0,25.0,90.0,41.58294,-7.144349,-2.637165,70.96149,25.379154,89.09136,0.50572026
4.558333333333334,41.353928,-6.8018513,-2.930426,70.0,25.0,90.0,41.582935,-7.144349,-2.6371622,70.96149,25.379154,89.09136,0.50572014
4.5625,41.353928,-6.8018513,-2.930426,70.0,25.0,90.0,41.58294,-7.14435,-2.6371622,70.96149,25.37915,89.09136,0.5057225
4.566666666666666,41.353928,-6.8018513,-2.930426,70.0,25.0,90.0,41.582935,-7.144349,-2.6371613,70.96149,25.37915,89.091354,0.5057207
4.570833333333334,41.353928,-6.8018513,-2.930426,70.0,25.0,90.0,41.58294,-7.144349,-2.6371632,70.96149,25.37915,89.091354,0.50572133
4.575,41.353928,-6.8018513,-2.930426,70.0,25.0,90.0,41.58294,-7.14435,-2.6371622,70.96149,25.379154,89.091354,0.5057225
4.579166666666667,41.353928,-6.8018513,-2.930426,70.0,25.0,90.0,41.58294,-7.144347,-2.6371632,70.96149,25.37915,89.091354,0.50572
4.583333333333333,41.353928,-6.8018513,-2.930426,70.0,25.0,90.0,41.58294,-7.144349,-2.637165,70.96149,25.379154,89.091354,0.50572026
4.5875,41.353928,-6.8018513,-2.930426,70.0,25.0,90.0,41.58294,-7.144349,-2.6371622,70.96149,25.379154,89.091354,0.50572187
4.591666666666667,41.353928,-6.8018513,-2.930426,70.0,25.0,90.0,41.58294,-7.144346,-2.6371632,70.96148,25.37915,89.09136,0.50571936
4.595833333333333,41.353928,-6.8018513,-2.930426,70.0,25.0,90.0,41.582935,-7.144347,-2.6371584,70.96149,25.379154,89.09136,0.5057211
4.6,41.353928,-6.8018513,-2.930426,70.0,25.0,90.0,41.58294,-7.144349,-2.6371613,70.96148,25.37915,89.09136,0.50572246
4.604166666666667,41.353928,-6.8018513,-2.930426,70.0,25.0,90.0,41.58294,-7.144349,-2.637164,70.96149,25.37915,89.09136,0.5057208
4.608333333333333,41.353928,-6.8018513,-2.930426,70.0,25.0,90.0,41.58294,-7.14435,-2.6371622,70.96148,25.37915,89.09136,0.5057225
4.6125,41.353928,-6.8018513,-2.930426,70.0,25.0,90.0,41.582935,-7.144352,-2.6371622,70.96149,25.37915,89.09136,0.5057221
4.616666666666666,41.353928,-6.8018513,-2.930426,70.0,25.0,90.0,41.58294,-7.14435,-2.6371632,70.96148,25.379147,89.09136,0.505722
4.620833333333334,41.353928,-6.8018513,-2.930426,70.0,25.0,90.0,41.58294,-7.144349,-2.6371632,70.96149,25.37915,89.09136,0.50572133
4.625,41.353928,-6.8018513,-2.930426,70.0,25.0,90.0,41.58294,-7.144349,-2.6371622,70.96148,25.37915,89.09136,0.50572187
4.629166666666666,41.353928,-6.8018513,-2.930426,70.0,25.0,90.0,41.58294,-7.144347,-2.6371613,70.96149,25.37915,89.09136,0.50572115
4.633333333333334,41.353928,-6.8018513,-2.930426,70.0,25.0,90.0,41.58294,-7.144347,-2.6371613,70.96149,25.37915,89.09136,0.50572115
4.6375,41.353928,-6.8018513,-2.930426,70.0,25.0,90.0,41.58294,-7.144347,-2.6371613,70.96149,25.37915,89.09136,0.50572115
4.641666666666667,41.353928,-6.8018513,-2.930426,70.0,25.0,90.0,41.58294,-7.144347,-2.6371613,70.96149,25.37915,89.09136,0.50572115
4.645833333333333,41.353928,-6.8018513,-2.930426,70.0,25.0,90.0,41.58294,-7.144347,-2.6371613,70.96149,25.37915,89.09136,0.50572115
4.65,41.353928,-6.8018513,-2.930426,70.0,25.0,90.0,41.58294,-7.144347,-2.6371613,70.96149,25.37915,89.09136,0.50572115
4.654166666666667,41.353928,-6.8018513,-2.930426,70.0,25.0,90.0,41.58294,-7.144347,-2.6371613,70.96149,25.37915,89.09136,0.50572115
4.658333333333333,41.353928,-6.8018513,-2.930426,70.0,25.0,90.0,41.58294,-7.144347,-2.6371613,70.96149,25.37915,89.09136,0.50572115
4.6625,41.353928,-6.8018513,-2.930426,70.0,25.0,90.0,41.58294,-7.144347,-2.6371613,70.96149,25.37915,89.09136,0.50572115
4.666666666666667,41.353928,-6.8018513,-2.930426,70.0,25.0,90.0,41.58294,-7.144347,-2.6371613,70.96149,25.37915,89.09136,0.50572115
4.670833333333333,41.353928,-6.8018513,-2.930426,70.0,25.0,90.0,41.58294,-7.144347,-2.6371613,70.96149,25.37915,89.09136,0.50572115
4.675,41.353928,-6.8018513,-2.930426,70.0,25.0,90.0,41.58294,-7.144347,-2.6371613,70.96149,25.37915,89.09136,0.50572115
4.679166666666666,41.353928,-6.8018513,-2.930426,70.0,25.0,90.0,41.58294,-7.144347,-2.6371613,70.96149,25.37915,89.09136,0.50572115
4.683333333333334,41.353928,-6.8018513,-2.930426,70.0,25.0,90.0,41.58294,-7.144347,-2.6371613,70.96149,25.37915,89.09136,0.50572115
4.6875,41.353928,-6.8018513,-2.930426,70.0,25.0,90.0,41.58294,-7.144347,-2.6371613,70.96149,25.37915,89.09136,0.50572115
4.691666666666666,41.353928,-6.8018513,-2.930426,70.0,25.0,90.0,41.58294,-7.144347,-2.6371613,70.96149,25.37915,89.09136,0.50572115
4.695833333333334,41.353928,-6.8018513,-2.930426,70.0,25.0,90.0,41.58294,-7.144347,-2.6371613,70.96149,25.37915,89.09136,0.50572115
4.7,41.353928,-6.8018513,-2.930426,70.0,25.0,90.0,41.58294,-7.144347,-2.6371613,70.96149,25.37915,89.09136,0.50572115
4.704166666666667,41.353928,-6.8018513,-2.930426,70.0,25.0,90.0,41.58294,-7.144347,-2.6371613,70.96149,25.37915,89.09136,0.50572115
4.708333333333333,41.353928,-6.8018513,-2.930426,70.0,25.0,90.0,41.58294,-7.144347,-2.6371613,70.96149,25.37915,89.09136,0.50572115
4.7125,41.353928,-6.8018513,-2.930426,70.0,25.0,90.0,41.58294,-7.144347,-2.6371613,70.96149,25.37915,89.09136,0.50572115
4.716666666666667,41.353928,-6.8018513,-2.930426,70.0,25.0,90.0,41.58294,-7.144347,-2.6371613,70.96149,25.37915,89.09136,0.50572115
4.720833333333333,41.353928,-6.8018513,-2.930426,70.0,25.0,90.0,41.58294,-7.144347,-2.6371613,70.96149,25.37915,89.09136,0.50572115
4.725,41.353928,-6.8018513,-2.930426,70.0,25.0,90.0,41.58294,-7.144347,-2.6371613,70.96149,25.37915,89.09136,0.50572115
4.729166666666667,41.353928,-6.8018513,-2.930426,70.0,25.0,90.0,41.58294,-7.144347,-2.6371613,70.96149,25.37915,89.09136,0.50572115
4.733333333333333,41.353928,-6.8018513,-2.930426,70.0,25.0,90.0,41.58294,-7.144347,-2.6371613,70.96149,25.37915,89.09136,0.50572115
4.7375,41.353928,-6.8018513,-2.930426,70.0,25.0,90.0,41.58294,-7.144347,-2.6371613,70.96149,25.37915,89.09136,0.50572115
4.741666666666666,41.353928,-6.8018513,-2.930426,70.0,25.0,90.0,41.58294,-7.144347,-2.6371613,70.96149,25.37915,89.09136,0.50572115
4.745833333333334,41.353928,-6.8018513,-2.930426,70.0,25.0,90.0,41.58294,-7.144347,-2.6371613,70.96149,25.37915,89.09136,0.50572115
4.75,41.353928,-6.8018513,-2.930426,70.0,25.0,90.0,41.582542,-7.13564,-2.6442537,70.9578,25.399399,89.089355,0.49555448
4.754166666666666,41.353928,-6.8018513,-2.930426,70.0,25.0,90.0,41.56955,-7.140853,-2.6825275,70.884026,25.396282,89.100876,0.47208953
4.758333333333334,41.353928,-6.8018513,-2.930426,70.0,25.0,90.0,41.532795,-7.1599817,-2.7425346,70.710754,25.30766,89.16996,0.44221494
4.7625,41.353928,-6.8018513,-2.930426,70.0,25.0,90.0,41.46214,-7.3027315,-2.7929192,70.425125,25.075314,89.262276,0.53056467
4.766666666666667,41.353928,-6.8018513,-2.930426,70.0,25.0,90.0,41.35067,-7.3317604,-2.6047697,70.44867,24.76535,89.49618,0.62198573
4.770833333333333,41.353928,-6.8018513,-2.930426,70.0,25.0,90.0,41.26233,-7.4250383,-2.5799122,70.41104,24.690117,89.36107,0.72084135
4.775,41.353928,-6.8018513,-2.930426,70.0,25.0,90.0,41.03331,-6.878433,-2.08671,70.460594,25.224262,89.710266,0.90582395
4.779166666666667,41.353928,-6.8018513,-2.930426,70.0,25.0,90.0,40.26739,-6.649995,-2.0251503,70.43913,24.420876,90.679565,1.4223733
4.783333333333333,41.353928,-6.8018513,-2.930426,70.0,25.0,90.0,39.88161,-6.532735,-2.101058,70.49368,24.383587,91.28314,1.7111374
4.7875,41.353928,-6.8018513,-2.930426,70.0,25.0,90.0,40.017498,-5.5000772,-0.47203064,72.445595,29.160019,91.27521,3.0861573
4.791666666666667,41.353928,-6.8018513,-2.930426,70.0,25.0,90.0,39.75216,-6.350647,-1.2482414,72.406265,28.399902,91.02465,2.366219
4.795833333333333,41.353928,-6.8018513,-2.930426,70.0,25.0,90.0,40.340385,-6.7743273,-2.8458471,71.450584,25.321133,91.725555,1.0174373
