time_s,true_wrist_X_cm,true_wrist_Y_cm,true_wrist_Z_cm,true_shoulder_elv_deg,true_shoulder_rot_deg,true_elbow_flexion_deg,pred_wrist_X_cm,pred_wrist_Y_cm,pred_wrist_Z_cm,pred_shoulder_elv_deg,pred_shoulder_rot_deg,pred_elbow_flexion_deg,l2_distance_cm
0.0,41.353928,-6.8018513,-2.930426,70.0,25.0,90.0,41.178883,-7.8620415,-0.6114292,71.07297,24.050495,91.51744,2.555854
0.004166666666666667,41.353928,-6.8018513,-2.930426,70.0,25.0,90.0,41.515434,-8.226541,-1.1671057,70.4871,23.887943,91.23073,2.2726905
0.008333333333333333,41.353928,-6.8018513,-2.930426,70.0,25.0,90.0,41.76136,-8.212548,-1.9327021,69.63223,24.072147,91.204155,1.7752521
0.0125,41.353928,-6.8018513,-2.930426,70.0,25.0,90.0,41.333492,-7.4738436,-2.5651379,71.1171,25.549145,90.147194,0.7651317
0.016666666666666666,41.353928,-6.8018513,-2.930426,70.0,25.0,90.0,41.16352,-6.717908,-2.197196,72.188446,27.131443,88.94326,0.7621858
0.020833333333333332,41.353928,-6.8018513,-2.930426,70.0,25.0,90.0,40.707333,-7.227579,-3.4144392,70.2,26.69706,88.70735,0.91301596
0.025,41.353928,-6.8018513,-2.930426,70.0,25.0,90.0,41.27055,-7.934642,-3.0466032,70.03527,24.7947,89.04821,1.1417807
0.029166666666666667,41.353928,-6.8018513,-2.930426,70.0,25.0,90.0,41.369682,-7.6139,-2.8339195,70.49307,25.185013,89.09572,0.8179151
0.03333333333333333,41.353928,-6.8018513,-2.930426,70.0,25.0,90.0,41.4775,-7.3937025,-2.7218933,70.70821,25.383492,89.06028,0.6395655
0.0375,41.353928,-6.8018513,-2.930426,70.0,25.0,90.0,41.530754,-7.297122,-2.6457586,70.886826,25.36195,89.02619,0.59799343
0.041666666666666664,41.353928,-6.8018513,-2.930426,70.0,25.0,90.0,41.573883,-7.2100897,-2.6328983,70.94031,25.396297,89.0529,0.5509643
0.04583333333333333,41.353928,-6.8018513,-2.930426,70.0,25.0,90.0,41.590405,-7.156765,-2.647602,70.92262,25.377724,89.068794,0.51173663
0.05,41.353928,-6.8018513,-2.930426,70.0,25.0,90.0,41.58292,-7.144333,-2.637148,70.961494,25.37917,89.091415,0.50571054
0.05416666666666667,41.353928,-6.8018513,-2.930426,70.0,25.0,90.0,41.58292,-7.144331,-2.637147,70.961494,25.37917,89.091415,0.5057098
0.058333333333333334,41.353928,-6.8018513,-2.930426,70.0,25.0,90.0,41.58292,-7.14433,-2.637147,70.961494,25.37917,89.091415,0.5057092
0.0625,41.353928,-6.8018513,-2.930426,70.0,25.0,90.0,41.582916,-7.144331,-2.637147,70.961494,25.379173,89.091415,0.5057081
0.06666666666666667,41.353928,-6.8018513,-2.930426,70.0,25.0,90.0,41.582916,-7.14433,-2.637147,70.9615,25.37917,89.091415,0.50570744
0.07083333333333333,41.353928,-6.8018513,-2.930426,70.0,25.0,90.0,41.582916,-7.14433,-2.637147,70.9615,25.37917,89.091415,0.50570744
0.075,41.353928,-6.8018513,-2.930426,70.0,25.0,90.0,41.582916,-7.144331,-2.637146,70.961494,25.379166,89.091415,0.50570863
0.07916666666666666,41.353928,-6.8018513,-2.930426,70.0,25.0,90.0,41.582916,-7.144328,-2.637145,70.961494,25.37917,89.09141,0.50570726
0.08333333333333333,41.353928,-6.8018513,-2.930426,70.0,25.0,90.0,41.582916,-7.144331,-2.637144,70.961494,25.37917,89.091415,0.50570977
0.0875,41.353928,-6.8018513,-2.930426,70.0,25.0,90.0,41.582916,-7.144335,-2.637145,70.9615,25.37917,89.09141,0.5057118
0.09166666666666666,41.353928,-6.8018513,-2.930426,70.0,25.0,90.0,41.58292,-7.144333,-2.6371422,70.961494,25.379166,89.09141,0.5057139
0.09583333333333334,41.353928,-6.8018513,-2.930426,70.0,25.0,90.0,41.58292,-7.1443377,-2.6371422,70.961494,25.37917,89.09141,0.5057171
0.1,41.353928,-6.8018513,-2.930426,70.0,25.0,90.0,41.582916,-7.1443357,-2.637144,70.961494,25.37917,89.09141,0.505713
0.10416666666666667,41.353928,-6.8018513,-2.930426,70.0,25.0,90.0,41.58292,-7.144335,-2.637144,70.961494,25.379166,89.0914,0.50571406
0.10833333333333334,41.353928,-6.8018513,-2.930426,70.0,25.0,90.0,41.58292,-7.1443357,-2.637147,70.961494,25.37917,89.0914,0.50571305
0.1125,41.353928,-6.8018513,-2.930426,70.0,25.0,90.0,41.58292,-7.1443357,-2.637145,70.9615,25.37917,89.0914,0.5057142
0.11666666666666667,41.353928,-6.8018513,-2.930426,70.0,25.0,90.0,41.582924,-7.1443357,-2.637145,70.961494,25.379173,89.0914,0.5057159
0.12083333333333333,41.353928,-6.8018513,-2.930426,70.0,25.0,90.0,41.582916,-7.1443357,-2.637147,70.961494,25.37917,89.0914,0.5057113
0.125,41.353928,-6.8018513,-2.930426,70.0,25.0,90.0,41.58292,-7.1443357,-2.637147,70.961494,25.379166,89.0914,0.50571305
0.12916666666666668,41.353928,-6.8018513,-2.930426,70.0,25.0,90.0,41.58292,-7.1443377,-2.637148,70.961494,25.37917,89.0914,0.50571376
0.13333333333333333,41.353928,-6.8018513,-2.930426,70.0,25.0,90.0,41.58292,-7.1443357,-2.637145,70.961494,25.379177,89.0914,0.5057142
0.1375,41.353928,-6.8018513,-2.930426,70.0,25.0,90.0,41.582916,-7.144333,-2.637146,70.961494,25.37917,89.0914,0.50570995
0.14166666666666666,41.353928,-6.8018513,-2.930426,70.0,25.0,90.0,41.582924,-7.144333,-2.637145,70.9615,25.37917,89.0914,0.50571394
0.14583333333333334,41.353928,-6.8018513,-2.930426,70.0,25.0,90.0,41.582924,-7.144335,-2.637147,70.961494,25.37917,89.0914,0.5057141
0.15,41.353928,-6.8018513,-2.930426,70.0,25.0,90.0,41.582924,-7.1443357,-2.637147,70.961494,25.379166,89.0914,0.5057148
0.15416666666666667,41.353928,-6.8018513,-2.930426,70.0,25.0,90.0,41.582924,-7.1443357,-2.6371489,70.961494,25.379166,89.09141,0.5057137
0.15833333333333333,41.353928,-6.8018513,-2.930426,70.0,25.0,90.0,41.582924,-7.144333,-2.637147,70.961494,25.379166,89.09141,0.50571287
0.1625,41.353928,-6.8018513,-2.930426,70.0,25.0,90.0,41.582924,-7.1443357,-2.637147,70.961494,25.379166,89.0914,0.5057148
0.16666666666666666,41.353928,-6.8018513,-2.930426,70.0,25.0,90.0,41.582924,-7.1443357,-2.6371489,70.961494,25.37917,89.0914,0.5057137
0.17083333333333334,41.353928,-6.8018513,-2.930426,70.0,25.0,90.0,41.582924,-7.1443377,-2.637147,70.961494,25.37917,89.0914,0.5057161
0.175,41.353928,-6.8018513,-2.930426,70.0,25.0,90.0,41.582924,-7.1443357,-2.637148,70.961494,25.37917,89.0914,0.50571424
0.17916666666666667,41.353928,-6.8018513,-2.930426,70.0,25.0,90.0,41.582924,-7.1443357,-2.637148,70.96149,25.37917,89.0914,0.50571424
0.18333333333333332,41.353928,-6.8018513,-2.930426,70.0,25.0,90.0,41.582924,-7.1443357,-2.637148,70.96149,25.37917,89.0914,0.50571424
0.1875,41.353928,-6.8018513,-2.930426,70.0,25.0,90.0,41.582924,-7.1443357,-2.637148,70.96149,25.37917,89.0914,0.50571424
0.19166666666666668,41.353928,-6.8018513,-2.930426,70.0,25.0,90.0,41.582924,-7.1443357,-2.637148,70.96149,25.37917,89.0914,0.50571424
0.19583333333333333,41.353928,-6.8018513,-2.930426,70.0,25.0,90.0,41.582924,-7.1443357,-2.637148,70.96149,25.37917,89.0914,0.50571424
0.2,41.353928,-6.8018513,-2.930426,70.0,25.0,90.0,41.582924,-7.1443357,-2.637148,70.96149,25.37917,89.0914,0.50571424
0.20416666666666666,41.353928,-6.8018513,-2.930426,70.0,25.0,90.0,41.582924,-7.1443357,-2.637148,70.96149,25.37917,89.0914,0.50571424
0.20833333333333334,41.353928,-6.8018513,-2.930426,70.0,25.0,90.0,41.582924,-7.1443357,-2.637148,70.96149,25.37917,89.0914,0.50571424
0.2125,41.353928,-6.8018513,-2.930426,70.0,25.0,90.0,41.582924,-7.1443357,-2.637148,70.96149,25.37917,89.0914,0.50571424
0.21666666666666667,41.353928,-6.8018513,-2.930426,70.0,25.0,90.0,41.582924,-7.1443357,-2.637148,70.96149,25.37917,89.0914,0.50571424
0.22083333333333333,41.353928,-6.8018513,-2.930426,70.0,25.0,90.0,41.582924,-7.1443357,-2.637148,70.96149,25.37917,89.0914,0.50571424
0.225,41.353928,-6.8018513,-2.930426,70.0,25.0,90.0,41.582924,-7.1443357,-2.637148,70.96149,25.37917,89.0914,0.50571424
0.22916666666666666,41.353928,-6.8018513,-2.930426,70.0,25.0,90.0,41.582924,-7.1443357,-2.637148,70.96149,25.37917,89.0914,0.50571424
0.23333333333333334,41.353928,-6.8018513,-2.930426,70.0,25.0,90.0,41.582924,-7.1443357,-2.637148,70.96149,25.37917,89.0914,0.50571424
0.2375,41.353928,-6.8018513,-2.930426,70.0,25.0,90.0,41.582924,-7.1443357,-2.637148,70.96149,25.37917,89.0914,0.50571424
0.24166666666666667,41.353928,-6.8018513,-2.930426,70.0,25.0,90.0,41.582924,-7.1443357,-2.637148,70.96149,25.37917,89.0914,0.50571424
0.24583333333333332,41.353928,-6.8018513,-2.930426,70.0,25.0,90.0,41.582924,-7.1443357,-2.637148,70.96149,25.37917,89.0914,0.50571424
0.25,41.353928,-6.8018513,-2.930426,70.0,25.0,90.0,41.582924,-7.1443357,-2.637148,70.96149,25.37917,89.0914,0.50571424
0.25416666666666665,41.353928,-6.8018513,-2.930426,70.0,25.0,90.0,41.582924,-7.1443357,-2.637148,70.96149,25.37917,89.0914,0.50571424
0.25833333333333336,41.353928,-6.8018513,-2.930426,70.0,25.0,90.0,41.582924,-7.1443357,-2.637148,70.96149,25.37917,89.0914,0.50571424
0.2625,41.353928,-6.8018513,-2.930426,70.0,25.0,90.0,41.582924,-7.1443357,-2.637148,70.96149,25.37917,89.0914,0.50571424
0.26666666666666666,41.353928,-6.8018513,-2.930426,70.0,25.0,90.0,41.582924,-7.1443357,-2.637148,70.96149,25.37917,89.0914,0.50571424
0.2708333333333333,41.353928,-6.8018513,-2.930426,70.0,25.0,90.0,41.582924,-7.1443357,-2.637148,70.96149,25.37917,89.0914,0.50571424
0.275,41.353928,-6.8018513,-2.930426,70.0,25.0,90.0,41.582924,-7.1443357,-2.637148,70.96149,25.37917,89.0914,0.50571424
0.2791666666666667,41.353928,-6.8018513,-2.930426,70.0,25.0,90.0,41.582924,-7.1443357,-2.637148,70.96149,25.37917,89.0914,0.50571424
0.2833333333333333,41.353928,-6.8018513,-2.930426,70.0,25.0,90.0,41.582924,-7.1443357,-2.637148,70.96149,25.37917,89.0914,0.50571424
0.2875,41.353928,-6.8018513,-2.930426,70.0,25.0,90.0,41.582924,-7.1443357,-2.637148,70.96149,25.37917,89.0914,0.50571424
0.2916666666666667,41.353928,-6.8018513,-2.930426,70.0,25.0,90.0,41.582924,-7.1443357,-2.637148,70.96149,25.37917,89.0914,0.50571424
0.29583333333333334,41.353928,-6.8018513,-2.930426,70.0,25.0,90.0,41.582924,-7.1443357,-2.637148,70.96149,25.37917,89.0914,0.50571424
0.3,41.353928,-6.8018513,-2.930426,70.0,25.0,90.0,41.582924,-7.1443357,-2.637148,70.96149,25.37917,89.0914,0.50571424
0.30416666666666664,41.353928,-6.8018513,-2.930426,70.0,25.0,90.0,41.582924,-7.1443357,-2.637148,70.96149,25.37917,89.0914,0.50571424
0.30833333333333335,41.353928,-6.8018513,-2.930426,70.0,25.0,90.0,41.582924,-7.1443357,-2.637148,70.96149,25.37917,89.0914,0.50571424
0.3125,41.353928,-6.8018513,-2.930426,70.0,25.0,90.0,41.582924,-7.1443357,-2.637148,70.96149,25.37917,89.0914,0.50571424
0.31666666666666665,41.353928,-6.8018513,-2.930426,70.0,25.0,90.0,41.582924,-7.1443357,-2.637148,70.96149,25.37917,89.0914,0.50571424
0.32083333333333336,41.353928,-6.8018513,-2.930426,70.0,25.0,90.0,41.582924,-7.1443357,-2.637148,70.96149,25.37917,89.0914,0.50571424
0.325,41.353928,-6.8018513,-2.930426,70.0,25.0,90.0,41.582924,-7.1443357,-2.637148,70.96149,25.37917,89.0914,0.50571424
0.32916666666666666,41.353928,-6.8018513,-2.930426,70.0,25.0,90.0,41.582924,-7.1443357,-2.637148,70.961494,25.37917,89.0914,0.50571424
0.3333333333333333,41.353928,-6.8018513,-2.930426,70.0,25.0,90.0,41.582924,-7.1443357,-2.637148,70.961494,25.37917,89.0914,0.50571424
0.3375,41.353928,-6.8018513,-2.930426,70.0,25.0,90.0,41.582924,-7.144335,-2.6371489,70.961494,25.37917,89.0914,0.50571305
0.3416666666666667,41.353928,-6.8018513,-2.930426,70.0,25.0,90.0,41.58292,-7.144335,-2.637148,70.96149,25.37917,89.0914,0.50571185
0.3458333333333333,41.353928,-6.8018513,-2.930426,70.0,25.0,90.0,41.582924,-7.1443357,-2.637147,70.96149,25.379173,89.0914,0.5057148
0.35,41.353928,-6.8018513,-2.930426,70.0,25.0,90.0,41.582924,-7.1443357,-2.6371489,70.96149,25.37917,89.0914,0.5057137
0.3541666666666667,41.353928,-6.8018513,-2.930426,70.0,25.0,90.0,41.58292,-7.1443357,-2.6371489,70.96149,25.37917,89.0914,0.505712
0.35833333333333334,41.353928,-6.8018513,-2.930426,70.0,25.0,90.0,41.582924,-7.144335,-2.6371489,70.96149,25.37917,89.09141,0.50571305
0.3625,41.353928,-6.8018513,-2.930426,70.0,25.0,90.0,41.58292,-7.1443357,-2.6371527,70.96149,25.379166,89.09141,0.50570977
0.36666666666666664,41.353928,-6.8018513,-2.930426,70.0,25.0,90.0,41.582924,-7.1443357,-2.637145,70.961494,25.379166,89.09141,0.5057159
0.37083333333333335,41.353928,-6.8018513,-2.930426,70.0,25.0,90.0,41.58292,-7.144333,-2.637147,70.96149,25.37917,89.091415,0.50571114
0.375,41.353928,-6.8018513,-2.930426,70.0,25.0,90.0,41.582916,-7.144335,-2.6371517,70.96149,25.379166,89.091415,0.5057079
0.37916666666666665,41.353928,-6.8018513,-2.930426,70.0,25.0,90.0,41.58292,-7.144331,-2.637147,70.961494,25.379166,89.091415,0.5057098
0.38333333333333336,41.353928,-6.8018513,-2.930426,70.0,25.0,90.0,41.58292,-7.144335,-2.637148,70.961494,25.37917,89.091415,0.50571185
0.3875,41.353928,-6.8018513,-2.930426,70.0,25.0,90.0,41.582924,-7.144331,-2.6371508,70.961494,25.37917,89.091415,0.50570935
0.39166666666666666,41.353928,-6.8018513,-2.930426,70.0,25.0,90.0,41.582916,-7.144333,-2.637148,70.961494,25.379173,89.091415,0.5057088
0.3958333333333333,41.353928,-6.8018513,-2.930426,70.0,25.0,90.0,41.582916,-7.144333,-2.637146,70.961494,25.379166,89.09141,0.50570995
0.4,41.353928,-6.8018513,-2.930426,70.0,25.0,90.0,41.58292,-7.144331,-2.637144,70.96149,25.379166,89.091415,0.5057115
0.4041666666666667,41.353928,-6.8018513,-2.930426,70.0,25.0,90.0,41.582916,-7.144331,-2.637145,70.961494,25.37917,89.091415,0.50570923
0.4083333333333333,41.353928,-6.8018513,-2.930426,70.0,25.0,90.0,41.58292,-7.14433,-2.637147,70.961494,25.379166,89.091415,0.5057092
0.4125,41.353928,-6.8018513,-2.930426,70.0,25.0,90.0,41.582916,-7.144333,-2.637148,70.961494,25.37917,89.091415,0.5057088
0.4166666666666667,41.353928,-6.8018513,-2.930426,70.0,25.0,90.0,41.582916,-7.144333,-2.637148,70.961494,25.37917,89.091415,0.5057088
0.42083333333333334,41.353928,-6.8018513,-2.930426,70.0,25.0,90.0,41.58292,-7.14433,-2.6371489,70.961494,25.37917,89.091415,0.5057081
0.425,41.353928,-6.8018513,-2.930426,70.0,25.0,90.0,41.582916,-7.14433,-2.637148,70.9615,25.37917,89.091415,0.5057069
0.42916666666666664,41.353928,-6.8018513,-2.930426,70.0,25.0,90.0,41.582916,-7.14433,-2.637148,70.9615,25.37917,89.091415,0.5057069
0.43333333333333335,41.353928,-6.8018513,-2.930426,70.0,25.0,90.0,41.582916,-7.14433,-2.637148,70.961494,25.37917,89.091415,0.5057069
0.4375,41.353928,-6.8018513,-2.930426,70.0,25.0,90.0,41.58292,-7.14433,-2.637148,70.961494,25.37917,89.091415,0.50570863
0.44166666666666665,41.353928,-6.8018513,-2.930426,70.0,25.0,90.0,41.582916,-7.14433,-2.637144,70.961494,25.379166,89.091415,0.5057091
0.44583333333333336,41.353928,-6.8018513,-2.930426,70.0,25.0,90.0,41.582916,-7.14433,-2.637147,70.961494,25.37917,89.091415,0.50570744
0.45,41.353928,-6.8018513,-2.930426,70.0,25.0,90.0,41.582916,-7.144331,-2.637147,70.961494,25.379166,89.091415,0.5057081
0.45416666666666666,41.353928,-6.8018513,-2.930426,70.0,25.0,90.0,41.582916,-7.14433,-2.637147,70.961494,25.37917,89.091415,0.50570744
0.4583333333333333,41.353928,-6.8018513,-2.930426,70.0,25.0,90.0,41.58292,-7.14433,-2.637145,70.961494,25.37917,89.091415,0.5057103
0.4625,41.353928,-6.8018513,-2.930426,70.0,25.0,90.0,41.58292,-7.14433,-2.637147,70.961494,25.37917,89.091415,0.5057092
0.4666666666666667,41.353928,-6.8018513,-2.930426,70.0,25.0,90.0,41.582916,-7.14433,-2.637146,70.961494,25.379166,89.091415,0.505708
0.4708333333333333,41.353928,-6.8018513,-2.930426,70.0,25.0,90.0,41.58292,-7.14433,-2.637145,70.961494,25.379162,89.091415,0.5057103
0.475,41.353928,-6.8018513,-2.930426,70.0,25.0,90.0,41.582916,-7.144331,-2.637144,70.961494,25.379166,89.091415,0.50570977
0.4791666666666667,41.353928,-6.8018513,-2.930426,70.0,25.0,90.0,41.582916,-7.144331,-2.637144,70.961494,25.379166,89.091415,0.50570977
0.48333333333333334,41.353928,-6.8018513,-2.930426,70.0,25.0,90.0,41.582916,-7.14433,-2.637145,70.9615,25.379166,89.091415,0.5057086
0.4875,41.353928,-6.8018513,-2.930426,70.0,25.0,90.0,41.582924,-7.144335,-2.6371431,70.961494,25.379166,89.09141,0.5057163
0.49166666666666664,41.353928,-6.8018513,-2.930426,70.0,25.0,90.0,41.58292,-7.144333,-2.637146,70.9615,25.379166,89.09141,0.5057117
0.49583333333333335,41.353928,-6.8018513,-2.930426,70.0,25.0,90.0,41.58292,-7.144333,-2.6371431,70.961494,25.37917,89.09141,0.50571334
0.5,41.353928,-6.8018513,-2.930426,70.0,25.0,90.0,41.582924,-7.144333,-2.637147,70.961494,25.37917,89.09141,0.50571287
0.5041666666666667,41.353928,-6.8018513,-2.930426,70.0,25.0,90.0,41.582924,-7.144335,-2.637145,70.9615,25.379173,89.09141,0.50571525
0.5083333333333333,41.353928,-6.8018513,-2.930426,70.0,25.0,90.0,41.58292,-7.144335,-2.637145,70.9615,25.37917,89.0914,0.5057135
0.5125,41.353928,-6.8018513,-2.930426,70.0,25.0,90.0,41.582916,-7.1443377,-2.637146,70.9615,25.37917,89.0914,0.50571316
0.5166666666666667,41.353928,-6.8018513,-2.930426,70.0,25.0,90.0,41.58292,-7.1443357,-2.637146,70.9615,25.37917,89.0914,0.5057136
0.5208333333333334,41.353928,-6.8018513,-2.930426,70.0,25.0,90.0,41.58292,-7.144335,-2.6371489,70.961494,25.37917,89.0914,0.5057113
0.525,41.353928,-6.8018513,-2.930426,70.0,25.0,90.0,41.582924,-7.1443357,-2.637145,70.961494,25.379173,89.0914,0.5057159
0.5291666666666667,41.353928,-6.8018513,-2.930426,70.0,25.0,90.0,41.582924,-7.144331,-2.637145,70.961494,25.37917,89.0914,0.5057126
0.5333333333333333,41.353928,-6.8018513,-2.930426,70.0,25.0,90.0,41.582924,-7.144335,-2.637148,70.961494,25.379173,89.0914,0.5057136
0.5375,41.353928,-6.8018513,-2.930426,70.0,25.0,90.0,41.582924,-7.144335,-2.6371508,70.961494,25.379173,89.0914,0.5057119
0.5416666666666666,41.353928,-6.8018513,-2.930426,70.0,25.0,90.0,41.58292,-7.144333,-2.637148,70.961494,25.37917,89.0914,0.50571054
0.5458333333333333,41.353928,-6.8018513,-2.930426,70.0,25.0,90.0,41.58292,-7.1443357,-2.6371489,70.961494,25.37917,89.0914,0.505712
0.55,41.353928,-6.8018513,-2.930426,70.0,25.0,90.0,41.58292,-7.1443357,-2.637148,70.961494,25.379166,89.0914,0.5057125
0.5541666666666667,41.353928,-6.8018513,-2.930426,70.0,25.0,90.0,41.582924,-7.144333,-2.637148,70.961494,25.379173,89.0914,0.50571233
0.5583333333333333,41.353928,-6.8018513,-2.930426,70.0,25.0,90.0,41.582924,-7.144335,-2.6371489,70.961494,25.37917,89.0914,0.50571305
0.5625,41.353928,-6.8018513,-2.930426,70.0,25.0,90.0,41.58292,-7.1443357,-2.637148,70.96149,25.37917,89.0914,0.5057125
0.5666666666666667,41.353928,-6.8018513,-2.930426,70.0,25.0,90.0,41.58292,-7.1443377,-2.637148,70.961494,25.37917,89.0914,0.50571376
0.5708333333333333,41.353928,-6.8018513,-2.930426,70.0,25.0,90.0,41.58292,-7.1443377,-2.6371489,70.961494,25.379173,89.0914,0.5057132
0.575,41.353928,-6.8018513,-2.930426,70.0,25.0,90.0,41.58292,-7.1443377,-2.6371489,70.961494,25.379173,89.0914,0.5057132
0.5791666666666667,41.353928,-6.8018513,-2.930426,70.0,25.0,90.0,41.58292,-7.1443377,-2.6371489,70.961494,25.379173,89.0914,0.5057132
0.5833333333333334,41.353928,-6.8018513,-2.930426,70.0,25.0,90.0,41.58292,-7.1443377,-2.6371489,70.961494,25.379173,89.0914,0.5057132
0.5875,41.353928,-6.8018513,-2.930426,70.0,25.0,90.0,41.58292,-7.1443377,-2.6371489,70.961494,25.379173,89.0914,0.5057132
0.5916666666666667,41.353928,-6.8018513,-2.930426,70.0,25.0,90.0,41.58292,-7.1443377,-2.6371489,70.961494,25.379173,89.0914,0.5057132
0.5958333333333333,41.353928,-6.8018513,-2.930426,70.0,25.0,90.0,41.58292,-7.1443377,-2.6371489,70.961494,25.379173,89.0914,0.5057132
0.6,41.353928,-6.8018513,-2.930426,70.0,25.0,90.0,41.58292,-7.1443377,-2.6371489,70.961494,25.379173,89.0914,0.5057132
0.6041666666666666,41.353928,-6.8018513,-2.930426,70.0,25.0,90.0,41.58292,-7.1443377,-2.6371489,70.961494,25.379173,89.0914,0.5057132
0.6083333333333333,41.353928,-6.8018513,-2.930426,70.0,25.0,90.0,41.58292,-7.1443377,-2.6371489,70.961494,25.379173,89.0914,0.5057132
0.6125,41.353928,-6.8018513,-2.930426,70.0,25.0,90.0,41.58292,-7.1443377,-2.6371489,70.961494,25.379173,89.0914,0.5057132
0.6166666666666667,41.353928,-6.8018513,-2.930426,70.0,25.0,90.0,41.58292,-7.1443377,-2.6371489,70.961494,25.379173,89.0914,0.5057132
0.6208333333333333,41.353928,-6.8018513,-2.930426,70.0,25.0,90.0,41.58292,-7.1443377,-2.6371489,70.961494,25.379173,89.0914,0.5057132
0.625,41.353928,-6.8018513,-2.930426,70.0,25.0,90.0,41.58292,-7.1443377,-2.6371489,70.961494,25.379173,89.0914,0.5057132
0.6291666666666667,41.353928,-6.8018513,-2.930426,70.0,25.0,90.0,41.58292,-7.1443377,-2.6371489,70.961494,25.379173,89.0914,0.5057132
0.6333333333333333,41.353928,-6.8018513,-2.930426,70.0,25.0,90.0,41.58292,-7.1443377,-2.6371489,70.961494,25.379173,89.0914,0.5057132
0.6375,41.353928,-6.8018513,-2.930426,70.0,25.0,90.0,41.58292,-7.1443377,-2.6371489,70.961494,25.379173,89.0914,0.5057132
0.6416666666666667,41.353928,-6.8018513,-2.930426,70.0,25.0,90.0,41.58292,-7.1443377,-2.6371489,70.961494,25.379173,89.0914,0.5057132
0.6458333333333334,41.353928,-6.8018513,-2.930426,70.0,25.0,90.0,41.58292,-7.1443377,-2.6371489,70.961494,25.379173,89.0914,0.5057132
0.65,41.353928,-6.8018513,-2.930426,70.0,25.0,90.0,41.58292,-7.1443377,-2.6371489,70.961494,25.379173,89.0914,0.5057132
0.6541666666666667,41.353928,-6.8018513,-2.930426,70.0,25.0,90.0,41.58292,-7.1443377,-2.6371489,70.961494,25.379173,89.0914,0.5057132
0.6583333333333333,41.353928,-6.8018513,-2.930426,70.0,25.0,90.0,41.58292,-7.1443377,-2.6371489,70.961494,25.379173,89.0914,0.5057132
0.6625,41.353928,-6.8018513,-2.930426,70.0,25.0,90.0,41.58292,-7.1443377,-2.6371489,70.961494,25.379173,89.0914,0.5057132
0.6666666666666666,41.353928,-6.8018513,-2.930426,70.0,25.0,90.0,41.58292,-7.1443377,-2.6371489,70.961494,25.379173,89.0914,0.5057132
0.6708333333333333,41.353928,-6.8018513,-2.930426,70.0,25.0,90.0,41.58292,-7.1443377,-2.6371489,70.961494,25.379173,89.0914,0.5057132
0.675,41.353928,-6.8018513,-2.930426,70.0,25.0,90.0,41.58292,-7.1443377,-2.6371489,70.961494,25.379173,89.0914,0.5057132
0.6791666666666667,41.353928,-6.8018513,-2.930426,70.0,25.0,90.0,41.58292,-7.1443377,-2.6371489,70.961494,25.379173,89.0914,0.5057132
0.6833333333333333,41.353928,-6.8018513,-2.930426,70.0,25.0,90.0,41.58292,-7.1443377,-2.6371489,70.961494,25.379173,89.0914,0.5057132
0.6875,41.353928,-6.8018513,-2.930426,70.0,25.0,90.0,41.58292,-7.1443377,-2.6371489,70.961494,25.379173,89.0914,0.5057132
0.6916666666666667,41.353928,-6.8018513,-2.930426,70.0,25.0,90.0,41.58292,-7.1443377,-2.6371489,70.961494,25.379173,89.0914,0.5057132
0.6958333333333333,41.353928,-6.8018513,-2.930426,70.0,25.0,90.0,41.58292,-7.1443377,-2.6371489,70.961494,25.379173,89.0914,0.5057132
0.7,41.353928,-6.8018513,-2.930426,70.0,25.0,90.0,41.58292,-7.1443377,-2.6371489,70.961494,25.379173,89.0914,0.5057132
0.7041666666666667,41.353928,-6.8018513,-2.930426,70.0,25.0,90.0,41.58292,-7.1443377,-2.6371489,70.961494,25.379173,89.0914,0.5057132
0.7083333333333334,41.353928,-6.8018513,-2.930426,70.0,25.0,90.0,41.58292,-7.1443377,-2.6371489,70.961494,25.379173,89.0914,0.5057132
0.7125,41.353928,-6.8018513,-2.930426,70.0,25.0,90.0,41.58292,-7.1443377,-2.6371489,70.961494,25.379173,89.0914,0.5057132
0.7166666666666667,41.353928,-6.8018513,-2.930426,70.0,25.0,90.0,41.58292,-7.1443377,-2.6371489,70.961494,25.379173,89.0914,0.5057132
0.7208333333333333,41.353928,-6.8018513,-2.930426,70.0,25.0,90.0,41.58292,-7.1443377,-2.6371489,70.961494,25.379173,89.0914,0.5057132
0.725,41.353928,-6.8018513,-2.930426,70.0,25.0,90.0,41.58292,-7.1443357,-2.637148,70.961494,25.37917,89.0914,0.5057125
0.7291666666666666,41.353928,-6.8018513,-2.930426,70.0,25.0,90.0,41.58292,-7.1443357,-2.6371489,70.961494,25.37917,89.0914,0.505712
0.7333333333333333,41.353928,-6.8018513,-2.930426,70.0,25.0,90.0,41.582924,-7.1443357,-2.6371489,70.961494,25.37917,89.0914,0.5057137
0.7375,41.353928,-6.8018513,-2.930426,70.0,25.0,90.0,41.58292,-7.1443357,-2.6371489,70.961494,25.37917,89.0914,0.505712
0.7416666666666667,41.353928,-6.8018513,-2.930426,70.0,25.0,90.0,41.582924,-7.1443357,-2.6371489,70.96149,25.37917,89.0914,0.5057137
0.7458333333333333,41.353928,-6.8018513,-2.930426,70.0,25.0,90.0,41.58292,-7.1443357,-2.6371517,70.961494,25.37917,89.0914,0.5057103
0.75,41.353928,-6.8018513,-2.930426,70.0,25.0,90.0,41.582924,-7.1443357,-2.6371517,70.96149,25.37917,89.0914,0.50571203
0.7541666666666667,41.353928,-6.8018513,-2.930426,70.0,25.0,90.0,41.58292,-7.144333,-2.637148,70.96149,25.37917,89.09141,0.50571054
0.7583333333333333,41.353928,-6.8018513,-2.930426,70.0,25.0,90.0,41.58292,-7.144335,-2.637147,70.96149,25.37917,89.09141,0.50571245
0.7625,41.353928,-6.8018513,-2.930426,70.0,25.0,90.0,41.582916,-7.1443357,-2.637147,70.96149,25.37917,89.09141,0.5057113
0.7666666666666667,41.353928,-6.8018513,-2.930426,70.0,25.0,90.0,41.58292,-7.144333,-2.637145,70.96149,25.37917,89.091415,0.5057122
0.7708333333333334,41.353928,-6.8018513,-2.930426,70.0,25.0,90.0,41.58292,-7.144333,-2.6371489,70.961494,25.37917,89.091415,0.50571
0.775,41.353928,-6.8018513,-2.930426,70.0,25.0,90.0,41.58292,-7.144333,-2.6371489,70.96149,25.379166,89.091415,0.50571
0.7791666666666667,41.353928,-6.8018513,-2.930426,70.0,25.0,90.0,41.58292,-7.144333,-2.637147,70.961494,25.379173,89.091415,0.50571114
0.7833333333333333,41.353928,-6.8018513,-2.930426,70.0,25.0,90.0,41.58292,-7.14433,-2.6371489,70.961494,25.37917,89.091415,0.5057081
0.7875,41.353928,-6.8018513,-2.930426,70.0,25.0,90.0,41.58292,-7.144333,-2.637147,70.961494,25.37917,89.091415,0.50571114
0.7916666666666666,41.353928,-6.8018513,-2.930426,70.0,25.0,90.0,41.582916,-7.144333,-2.637148,70.96149,25.37917,89.091415,0.5057088
0.7958333333333333,41.353928,-6.8018513,-2.930426,70.0,25.0,90.0,41.582916,-7.144333,-2.637145,70.96149,25.37917,89.091415,0.5057105
0.8,41.353928,-6.8018513,-2.930426,70.0,25.0,90.0,41.58292,-7.144331,-2.6371431,70.961494,25.37917,89.091415,0.50571203
0.8041666666666667,41.353928,-6.8018513,-2.930426,70.0,25.0,90.0,41.582916,-7.14433,-2.637147,70.96149,25.379173,89.091415,0.50570744
0.8083333333333333,41.353928,-6.8018513,-2.930426,70.0,25.0,90.0,41.582916,-7.144331,-2.637145,70.96149,25.37917,89.091415,0.50570923
0.8125,41.353928,-6.8018513,-2.930426,70.0,25.0,90.0,41.58292,-7.144331,-2.637148,70.961494,25.37917,89.091415,0.5057093
0.8166666666666667,41.353928,-6.8018513,-2.930426,70.0,25.0,90.0,41.58292,-7.14433,-2.637147,70.961494,25.379166,89.091415,0.5057092
0.8208333333333333,41.353928,-6.8018513,-2.930426,70.0,25.0,90.0,41.58292,-7.144328,-2.637144,70.961494,25.37917,89.091415,0.5057095
0.825,41.353928,-6.8018513,-2.930426,70.0,25.0,90.0,41.58292,-7.14433,-2.637145,70.961494,25.37917,89.091415,0.5057103
0.8291666666666667,41.353928,-6.8018513,-2.930426,70.0,25.0,90.0,41.58292,-7.14433,-2.637146,70.96149,25.37917,89.091415,0.50570977
0.8333333333333334,41.353928,-6.8018513,-2.930426,70.0,25.0,90.0,41.58292,-7.144331,-2.637145,70.961494,25.37917,89.091415,0.50571096
0.8375,41.353928,-6.8018513,-2.930426,70.0,25.0,90.0,41.58292,-7.144331,-2.637145,70.961494,25.379166,89.091415,0.50571096
0.8416666666666667,41.353928,-6.8018513,-2.930426,70.0,25.0,90.0,41.58292,-7.144331,-2.637145,70.961494,25.379166,89.091415,0.50571096
0.8458333333333333,41.353928,-6.8018513,-2.930426,70.0,25.0,90.0,41.58292,-7.144331,-2.637145,70.961494,25.379166,89.091415,0.50571096
0.85,41.353928,-6.8018513,-2.930426,70.0,25.0,90.0,41.58292,-7.144331,-2.637145,70.961494,25.379166,89.091415,0.50571096
0.8541666666666666,41.353928,-6.8018513,-2.930426,70.0,25.0,90.0,41.58292,-7.144331,-2.637146,70.961494,25.379166,89.091415,0.50571036
0.8583333333333333,41.353928,-6.8018513,-2.930426,70.0,25.0,90.0,41.58292,-7.144328,-2.637146,70.961494,25.379166,89.091415,0.50570846
0.8625,41.353928,-6.8018513,-2.930426,70.0,25.0,90.0,41.58292,-7.144331,-2.637146,70.961494,25.37917,89.091415,0.50571036
0.8666666666666667,41.353928,-6.8018513,-2.930426,70.0,25.0,90.0,41.58292,-7.144331,-2.637146,70.961494,25.379166,89.091415,0.50571036
0.8708333333333333,41.353928,-6.8018513,-2.930426,70.0,25.0,90.0,41.58292,-7.144331,-2.637144,70.961494,25.379166,89.09141,0.5057115
0.875,41.353928,-6.8018513,-2.930426,70.0,25.0,90.0,41.582916,-7.14433,-2.637144,70.961494,25.379166,89.091415,0.5057091
0.8791666666666667,41.353928,-6.8018513,-2.930426,70.0,25.0,90.0,41.58292,-7.14433,-2.637144,70.961494,25.379166,89.091415,0.50571084
0.8833333333333333,41.353928,-6.8018513,-2.930426,70.0,25.0,90.0,41.58292,-7.144335,-2.637144,70.961494,25.379162,89.09141,0.50571406
0.8875,41.353928,-6.8018513,-2.930426,70.0,25.0,90.0,41.58292,-7.144335,-2.637146,70.9615,25.379166,89.09141,0.5057129
0.8916666666666667,41.353928,-6.8018513,-2.930426,70.0,25.0,90.0,41.58292,-7.144333,-2.637145,70.961494,25.37917,89.09141,0.5057122
0.8958333333333334,41.353928,-6.8018513,-2.930426,70.0,25.0,90.0,41.582924,-7.144333,-2.637147,70.961494,25.37917,89.09141,0.50571287
0.9,41.353928,-6.8018513,-2.930426,70.0,25.0,90.0,41.582924,-7.144335,-2.637145,70.9615,25.379173,89.09141,0.50571525
0.9041666666666667,41.353928,-6.8018513,-2.930426,70.0,25.0,90.0,41.58292,-7.144335,-2.637145,70.9615,25.37917,89.0914,0.5057135
0.9083333333333333,41.353928,-6.8018513,-2.930426,70.0,25.0,90.0,41.582916,-7.1443377,-2.637146,70.9615,25.37917,89.0914,0.50571316
0.9125,41.353928,-6.8018513,-2.930426,70.0,25.0,90.0,41.58292,-7.1443357,-2.637146,70.9615,25.37917,89.0914,0.5057136
0.9166666666666666,41.353928,-6.8018513,-2.930426,70.0,25.0,90.0,41.58292,-7.144335,-2.6371489,70.961494,25.37917,89.0914,0.5057113
0.9208333333333333,41.353928,-6.8018513,-2.930426,70.0,25.0,90.0,41.582924,-7.1443357,-2.637145,70.961494,25.379173,89.0914,0.5057159
0.925,41.353928,-6.8018513,-2.930426,70.0,25.0,90.0,41.582924,-7.144331,-2.637145,70.961494,25.37917,89.0914,0.5057126
0.9291666666666667,41.353928,-6.8018513,-2.930426,70.0,25.0,90.0,41.582924,-7.144335,-2.637148,70.961494,25.379173,89.0914,0.5057136
0.9333333333333333,41.353928,-6.8018513,-2.930426,70.0,25.0,90.0,41.582924,-7.144335,-2.6371508,70.961494,25.379173,89.0914,0.5057119
0.9375,41.353928,-6.8018513,-2.930426,70.0,25.0,90.0,41.58292,-7.144333,-2.637148,70.961494,25.37917,89.0914,0.50571054
0.9416666666666667,41.353928,-6.8018513,-2.930426,70.0,25.0,90.0,41.58292,-7.1443357,-2.6371489,70.961494,25.37917,89.0914,0.505712
0.9458333333333333,41.353928,-6.8018513,-2.930426,70.0,25.0,90.0,41.58292,-7.1443357,-2.637148,70.961494,25.379166,89.0914,0.5057125
0.95,41.353928,-6.8018513,-2.930426,70.0,25.0,90.0,41.582924,-7.144333,-2.637148,70.961494,25.379173,89.0914,0.50571233
0.9541666666666667,41.353928,-6.8018513,-2.930426,70.0,25.0,90.0,41.582924,-7.144335,-2.6371489,70.961494,25.37917,89.0914,0.50571305
0.9583333333333334,41.353928,-6.8018513,-2.930426,70.0,25.0,90.0,41.58292,-7.1443357,-2.637148,70.96149,25.37917,89.0914,0.5057125
0.9625,41.353928,-6.8018513,-2.930426,70.0,25.0,90.0,41.58292,-7.1443377,-2.637148,70.961494,25.37917,89.0914,0.50571376
0.9666666666666667,41.353928,-6.8018513,-2.930426,70.0,25.0,90.0,41.58292,-7.1443377,-2.6371489,70.961494,25.379173,89.0914,0.5057132
0.9708333333333333,41.353928,-6.8018513,-2.930426,70.0,25.0,90.0,41.58292,-7.1443377,-2.6371489,70.961494,25.379173,89.0914,0.5057132
0.975,41.353928,-6.8018513,-2.930426,70.0,25.0,90.0,41.58292,-7.1443377,-2.6371489,70.961494,25.379173,89.0914,0.5057132
0.9791666666666666,41.353928,-6.8018513,-2.930426,70.0,25.0,90.0,41.58292,-7.1443377,-2.6371489,70.961494,25.379173,89.0914,0.5057132
0.9833333333333333,41.353928,-6.8018513,-2.930426,70.0,25.0,90.0,41.58292,-7.1443377,-2.6371489,70.961494,25.379173,89.0914,0.5057132
0.9875,41.353928,-6.8018513,-2.930426,70.0,25.0,90.0,41.58292,-7.1443377,-2.6371489,70.961494,25.379173,89.0914,0.5057132
0.9916666666666667,41.353928,-6.8018513,-2.930426,70.0,25.0,90.0,41.58292,-7.1443377,-2.6371489,70.961494,25.379173,89.0914,0.5057132
0.9958333333333333,41.353928,-6.8018513,-2.930426,70.0,25.0,90.0,41.58292,-7.1443377,-2.6371489,70.961494,25.379173,89.0914,0.5057132
1.0,41.353928,-6.8018513,-2.930426,70.0,25.0,90.0,41.58292,-7.1443377,-2.6371489,70.961494,25.379173,89.0914,0.5057132
1.0041666666666667,41.353928,-6.8018513,-2.930426,70.0,25.0,90.0,41.58292,-7.1443377,-2.6371489,70.961494,25.379173,89.0914,0.5057132
1.0083333333333333,41.353928,-6.8018513,-2.930426,70.0,25.0,90.0,41.58292,-7.1443377,-2.6371489,70.961494,25.379173,89.0914,0.5057132
1.0125,41.353928,-6.8018513,-2.930426,70.0,25.0,90.0,41.58292,-7.1443377,-2.6371489,70.961494,25.379173,89.0914,0.5057132
1.0166666666666666,41.353928,-6.8018513,-2.930426,70.0,25.0,90.0,41.58292,-7.1443377,-2.6371489,70.961494,25.379173,89.0914,0.5057132
1.0208333333333333,41.353928,-6.8018513,-2.930426,70.0,25.0,90.0,41.58292,-7.1443377,-2.6371489,70.961494,25.379173,89.0914,0.5057132
1.025,41.353928,-6.8018513,-2.930426,70.0,25.0,90.0,41.58292,-7.1443377,-2.6371489,70.961494,25.379173,89.0914,0.5057132
1.0291666666666666,41.353928,-6.8018513,-2.930426,70.0,25.0,90.0,41.58292,-7.1443377,-2.6371489,70.961494,25.379173,89.0914,0.5057132
1.0333333333333334,41.353928,-6.8018513,-2.930426,70.0,25.0,90.0,41.58292,-7.1443377,-2.6371489,70.961494,25.379173,89.0914,0.5057132
1.0375,41.353928,-6.8018513,-2.930426,70.0,25.0,90.0,41.58292,-7.1443377,-2.6371489,70.961494,25.379173,89.0914,0.5057132
1.0416666666666667,41.353928,-6.8018513,-2.930426,70.0,25.0,90.0,41.58292,-7.1443377,-2.6371489,70.961494,25.379173,89.0914,0.5057132
1.0458333333333334,41.353928,-6.8018513,-2.930426,70.0,25.0,90.0,41.58292,-7.1443377,-2.6371489,70.961494,25.379173,89.0914,0.5057132
1.05,41.353928,-6.8018513,-2.930426,70.0,25.0,90.0,41.58292,-7.1443377,-2.6371489,70.961494,25.379173,89.0914,0.5057132
1.0541666666666667,41.353928,-6.8018513,-2.930426,70.0,25.0,90.0,41.58292,-7.1443377,-2.6371489,70.961494,25.379173,89.0914,0.5057132
1.0583333333333333,41.353928,-6.8018513,-2.930426,70.0,25.0,90.0,41.58292,-7.1443377,-2.6371489,70.961494,25.379173,89.0914,0.5057132
1.0625,41.353928,-6.8018513,-2.930426,70.0,25.0,90.0,41.58292,-7.1443377,-2.6371489,70.961494,25.379173,89.0914,0.5057132
1.0666666666666667,41.353928,-6.8018513,-2.930426,70.0,25.0,90.0,41.58292,-7.1443377,-2.6371489,70.961494,25.379173,89.0914,0.5057132
1.0708333333333333,41.353928,-6.8018513,-2.930426,70.0,25.0,90.0,41.58292,-7.1443377,-2.6371489,70.961494,25.379173,89.0914,0.5057132
1.075,41.353928,-6.8018513,-2.930426,70.0,25.0,90.0,41.58292,-7.1443377,-2.6371489,70.961494,25.379173,89.0914,0.5057132
1.0791666666666666,41.353928,-6.8018513,-2.930426,70.0,25.0,90.0,41.58292,-7.1443377,-2.6371489,70.961494,25.379173,89.0914,0.5057132
1.0833333333333333,41.353928,-6.8018513,-2.930426,70.0,25.0,90.0,41.58292,-7.1443377,-2.6371489,70.961494,25.379173,89.0914,0.5057132
1.0875,41.353928,-6.8018513,-2.930426,70.0,25.0,90.0,41.58292,-7.1443377,-2.6371489,70.961494,25.379173,89.0914,0.5057132
1.0916666666666666,41.353928,-6.8018513,-2.930426,70.0,25.0,90.0,41.58292,-7.1443377,-2.6371489,70.961494,25.379173,89.0914,0.5057132
1.0958333333333334,41.353928,-6.8018513,-2.930426,70.0,25.0,90.0,41.58292,-7.1443377,-2.6371489,70.961494,25.379173,89.0914,0.5057132
1.1,41.353928,-6.8018513,-2.930426,70.0,25.0,90.0,41.58292,-7.1443377,-2.6371489,70.961494,25.379173,89.0914,0.5057132
1.1041666666666667,41.353928,-6.8018513,-2.930426,70.0,25.0,90.0,41.58292,-7.1443377,-2.6371489,70.961494,25.379173,89.0914,0.5057132
1.1083333333333334,41.353928,-6.8018513,-2.930426,70.0,25.0,90.0,41.58292,-7.1443377,-2.6371489,70.961494,25.379173,89.0914,0.5057132
1.1125,41.353928,-6.8018513,-2.930426,70.0,25.0,90.0,41.58292,-7.1443377,-2.6371489,70.961494,25.379173,89.0914,0.5057132
1.1166666666666667,41.353928,-6.8018513,-2.930426,70.0,25.0,90.0,41.58292,-7.1443377,-2.6371489,70.961494,25.379173,89.0914,0.5057132
1.1208333333333333,41.353928,-6.8018513,-2.930426,70.0,25.0,90.0,41.58292,-7.1443357,-2.637148,70.961494,25.37917,89.0914,0.5057125
1.125,41.353928,-6.8018513,-2.930426,70.0,25.0,90.0,41.58292,-7.1443357,-2.6371489,70.961494,25.37917,89.0914,0.505712
1.1291666666666667,41.353928,-6.8018513,-2.930426,70.0,25.0,90.0,41.582924,-7.1443357,-2.6371489,70.961494,25.37917,89.0914,0.5057137
1.1333333333333333,41.353928,-6.8018513,-2.930426,70.0,25.0,90.0,41.58292,-7.1443357,-2.6371489,70.961494,25.37917,89.0914,0.505712
1.1375,41.353928,-6.8018513,-2.930426,70.0,25.0,90.0,41.582924,-7.1443357,-2.6371489,70.96149,25.37917,89.0914,0.5057137
1.1416666666666666,41.353928,-6.8018513,-2.930426,70.0,25.0,90.0,41.58292,-7.1443357,-2.6371517,70.961494,25.37917,89.0914,0.5057103
1.1458333333333333,41.353928,-6.8018513,-2.930426,70.0,25.0,90.0,41.582924,-7.1443357,-2.6371517,70.96149,25.37917,89.0914,0.50571203
1.15,41.353928,-6.8018513,-2.930426,70.0,25.0,90.0,41.58292,-7.144333,-2.637148,70.96149,25.37917,89.09141,0.50571054
1.1541666666666666,41.353928,-6.8018513,-2.930426,70.0,25.0,90.0,41.58292,-7.144335,-2.637147,70.96149,25.37917,89.09141,0.50571245
1.1583333333333334,41.353928,-6.8018513,-2.930426,70.0,25.0,90.0,41.582916,-7.1443357,-2.637147,70.96149,25.37917,89.09141,0.5057113
1.1625,41.353928,-6.8018513,-2.930426,70.0,25.0,90.0,41.58292,-7.144333,-2.637145,70.96149,25.37917,89.091415,0.5057122
1.1666666666666667,41.353928,-6.8018513,-2.930426,70.0,25.0,90.0,41.58292,-7.144333,-2.6371489,70.961494,25.37917,89.091415,0.50571
1.1708333333333334,41.353928,-6.8018513,-2.930426,70.0,25.0,90.0,41.58292,-7.144333,-2.6371489,70.96149,25.379166,89.091415,0.50571
1.175,41.353928,-6.8018513,-2.930426,70.0,25.0,90.0,41.58292,-7.144333,-2.637147,70.961494,25.379173,89.091415,0.50571114
1.1791666666666667,41.353928,-6.8018513,-2.930426,70.0,25.0,90.0,41.58292,-7.14433,-2.6371489,70.961494,25.37917,89.091415,0.5057081
1.1833333333333333,41.353928,-6.8018513,-2.930426,70.0,25.0,90.0,41.58292,-7.144333,-2.637147,70.961494,25.37917,89.091415,0.50571114
1.1875,41.353928,-6.8018513,-2.930426,70.0,25.0,90.0,41.582916,-7.144333,-2.637148,70.96149,25.37917,89.091415,0.5057088
1.1916666666666667,41.353928,-6.8018513,-2.930426,70.0,25.0,90.0,41.582916,-7.144333,-2.637146,70.96149,25.37917,89.091415,0.50570995
1.1958333333333333,41.353928,-6.8018513,-2.930426,70.0,25.0,90.0,41.58292,-7.144331,-2.6371431,70.961494,25.37917,89.091415,0.50571203
1.2,41.353928,-6.8018513,-2.930426,70.0,25.0,90.0,41.582916,-7.144328,-2.637147,70.96149,25.379166,89.091415,0.5057062
1.2041666666666666,41.353928,-6.8018513,-2.930426,70.0,25.0,90.0,41.582916,-7.144331,-2.637147,70.96149,25.379173,89.091415,0.5057081
1.2083333333333333,41.353928,-6.8018513,-2.930426,70.0,25.0,90.0,41.58292,-7.14433,-2.637148,70.961494,25.37917,89.091415,0.50570863
1.2125,41.353928,-6.8018513,-2.930426,70.0,25.0,90.0,41.582916,-7.14433,-2.637147,70.961494,25.379162,89.091415,0.50570744
1.2166666666666666,41.353928,-6.8018513,-2.930426,70.0,25.0,90.0,41.58292,-7.1443253,-2.637145,70.961494,25.37917,89.091415,0.5057071
1.2208333333333334,41.353928,-6.8018513,-2.930426,70.0,25.0,90.0,41.582916,-7.144328,-2.637145,70.961494,25.379166,89.091415,0.50570726
1.225,41.353928,-6.8018513,-2.930426,70.0,25.0,90.0,41.582916,-7.14433,-2.637145,70.961494,25.379166,89.091415,0.5057086
1.2291666666666667,41.353928,-6.8018513,-2.930426,70.0,25.0,90.0,41.582916,-7.144328,-2.6371422,70.961494,25.379166,89.091415,0.50570893
1.2333333333333334,41.353928,-6.8018513,-2.930426,70.0,25.0,90.0,41.582916,-7.144328,-2.637145,70.961494,25.37917,89.091415,0.50570726
1.2375,41.353928,-6.8018513,-2.930426,70.0,25.0,90.0,41.58292,-7.144328,-2.637145,70.961494,25.37917,89.091415,0.505709
1.2416666666666667,41.353928,-6.8018513,-2.930426,70.0,25.0,90.0,41.58292,-7.144328,-2.637145,70.961494,25.379166,89.091415,0.505709
1.2458333333333333,41.353928,-6.8018513,-2.930426,70.0,25.0,90.0,41.582916,-7.144328,-2.637144,70.961494,25.379166,89.091415,0.5057078
1.25,41.353928,-6.8018513,-2.930426,70.0,25.0,90.0,41.582916,-7.144328,-2.6371422,70.961494,25.379166,89.091415,0.50570893
1.2541666666666667,41.353928,-6.8018513,-2.930426,70.0,25.0,90.0,41.582924,-7.144327,-2.6371431,70.961494,25.37917,89.091415,0.5057112
1.2583333333333333,41.353928,-6.8018513,-2.930426,70.0,25.0,90.0,41.582916,-7.14433,-2.637145,70.961494,25.379166,89.091415,0.5057086
1.2625,41.353928,-6.8018513,-2.930426,70.0,25.0,90.0,41.582916,-7.14433,-2.637145,70.961494,25.37917,89.091415,0.5057086
1.2666666666666666,41.353928,-6.8018513,-2.930426,70.0,25.0,90.0,41.582916,-7.144331,-2.637144,70.961494,25.37917,89.09141,0.50570977
1.2708333333333333,41.353928,-6.8018513,-2.930426,70.0,25.0,90.0,41.58292,-7.14433,-2.6371431,70.9615,25.379166,89.091415,0.5057114
1.275,41.353928,-6.8018513,-2.930426,70.0,25.0,90.0,41.58292,-7.144331,-2.637144,70.961494,25.379166,89.091415,0.5057115
1.2791666666666666,41.353928,-6.8018513,-2.930426,70.0,25.0,90.0,41.582924,-7.144335,-2.637144,70.961494,25.379166,89.09141,0.5057158
1.2833333333333334,41.353928,-6.8018513,-2.930426,70.0,25.0,90.0,41.58292,-7.144333,-2.637145,70.961494,25.379166,89.09141,0.5057122
1.2875,41.353928,-6.8018513,-2.930426,70.0,25.0,90.0,41.582916,-7.144331,-2.637147,70.961494,25.37917,89.09141,0.5057081
1.2916666666666667,41.353928,-6.8018513,-2.930426,70.0,25.0,90.0,41.58292,-7.144335,-2.637145,70.9615,25.379166,89.09141,0.5057135
1.2958333333333334,41.353928,-6.8018513,-2.930426,70.0,25.0,90.0,41.582916,-7.144335,-2.637146,70.9615,25.379173,89.09141,0.50571126
1.3,41.353928,-6.8018513,-2.930426,70.0,25.0,90.0,41.582916,-7.144335,-2.637145,70.961494,25.379173,89.09141,0.5057118
1.3041666666666667,41.353928,-6.8018513,-2.930426,70.0,25.0,90.0,41.582916,-7.1443357,-2.637144,70.961494,25.379173,89.0914,0.505713
1.3083333333333333,41.353928,-6.8018513,-2.930426,70.0,25.0,90.0,41.58292,-7.1443357,-2.637145,70.961494,25.37917,89.0914,0.5057142
1.3125,41.353928,-6.8018513,-2.930426,70.0,25.0,90.0,41.582916,-7.1443357,-2.637146,70.961494,25.37917,89.0914,0.5057119
1.3166666666666667,41.353928,-6.8018513,-2.930426,70.0,25.0,90.0,41.582924,-7.144335,-2.637145,70.961494,25.379173,89.0914,0.50571525
1.3208333333333333,41.353928,-6.8018513,-2.930426,70.0,25.0,90.0,41.58292,-7.1443357,-2.6371489,70.961494,25.379173,89.0914,0.505712
1.325,41.353928,-6.8018513,-2.930426,70.0,25.0,90.0,41.582924,-7.144333,-2.637146,70.961494,25.379173,89.0914,0.5057134
1.3291666666666666,41.353928,-6.8018513,-2.930426,70.0,25.0,90.0,41.58292,-7.144335,-2.6371508,70.961494,25.37917,89.0914,0.5057102
1.3333333333333333,41.353928,-6.8018513,-2.930426,70.0,25.0,90.0,41.582924,-7.1443377,-2.6371489,70.961494,25.37917,89.0914,0.50571495
1.3375,41.353928,-6.8018513,-2.930426,70.0,25.0,90.0,41.582924,-7.1443357,-2.6371489,70.961494,25.379166,89.09141,0.5057137
1.3416666666666666,41.353928,-6.8018513,-2.930426,70.0,25.0,90.0,41.58292,-7.1443357,-2.637148,70.96149,25.37917,89.0914,0.5057125
1.3458333333333334,41.353928,-6.8018513,-2.930426,70.0,25.0,90.0,41.582924,-7.1443357,-2.637147,70.96149,25.37917,89.0914,0.5057148
1.35,41.353928,-6.8018513,-2.930426,70.0,25.0,90.0,41.582924,-7.1443357,-2.6371489,70.961494,25.379166,89.0914,0.5057137
1.3541666666666667,41.353928,-6.8018513,-2.930426,70.0,25.0,90.0,41.582924,-7.1443357,-2.637148,70.96149,25.379166,89.0914,0.50571424
1.3583333333333334,41.353928,-6.8018513,-2.930426,70.0,25.0,90.0,41.582924,-7.1443357,-2.637146,70.96149,25.379166,89.0914,0.5057153
1.3625,41.353928,-6.8018513,-2.930426,70.0,25.0,90.0,41.582924,-7.1443357,-2.637146,70.96149,25.37917,89.0914,0.5057153
1.3666666666666667,41.353928,-6.8018513,-2.930426,70.0,25.0,90.0,41.582924,-7.1443357,-2.637146,70.96149,25.37917,89.0914,0.5057153
1.3708333333333333,41.353928,-6.8018513,-2.930426,70.0,25.0,90.0,41.582924,-7.1443357,-2.637146,70.96149,25.37917,89.0914,0.5057153
1.375,41.353928,-6.8018513,-2.930426,70.0,25.0,90.0,41.582924,-7.1443357,-2.637146,70.96149,25.37917,89.0914,0.5057153
1.3791666666666667,41.353928,-6.8018513,-2.930426,70.0,25.0,90.0,41.582924,-7.1443357,-2.637146,70.96149,25.37917,89.0914,0.5057153
1.3833333333333333,41.353928,-6.8018513,-2.930426,70.0,25.0,90.0,41.582924,-7.1443357,-2.637146,70.96149,25.37917,89.0914,0.5057153
1.3875,41.353928,-6.8018513,-2.930426,70.0,25.0,90.0,41.582924,-7.1443357,-2.637146,70.96149,25.37917,89.0914,0.5057153
1.3916666666666666,41.353928,-6.8018513,-2.930426,70.0,25.0,90.0,41.582924,-7.1443357,-2.637146,70.96149,25.37917,89.0914,0.5057153
1.3958333333333333,41.353928,-6.8018513,-2.930426,70.0,25.0,90.0,41.582924,-7.1443357,-2.637146,70.96149,25.37917,89.0914,0.5057153
1.4,41.353928,-6.8018513,-2.930426,70.0,25.0,90.0,41.582924,-7.1443357,-2.637146,70.96149,25.37917,89.0914,0.5057153
1.4041666666666666,41.353928,-6.8018513,-2.930426,70.0,25.0,90.0,41.582924,-7.1443357,-2.637146,70.96149,25.37917,89.0914,0.5057153
1.4083333333333334,41.353928,-6.8018513,-2.930426,70.0,25.0,90.0,41.582924,-7.1443357,-2.637146,70.96149,25.37917,89.0914,0.5057153
1.4125,41.353928,-6.8018513,-2.930426,70.0,25.0,90.0,41.582924,-7.1443357,-2.637146,70.96149,25.37917,89.0914,0.5057153
1.4166666666666667,41.353928,-6.8018513,-2.930426,70.0,25.0,90.0,41.582924,-7.1443357,-2.637146,70.96149,25.37917,89.0914,0.5057153
1.4208333333333334,41.353928,-6.8018513,-2.930426,70.0,25.0,90.0,41.582924,-7.1443357,-2.637146,70.96149,25.37917,89.0914,0.5057153
1.425,41.353928,-6.8018513,-2.930426,70.0,25.0,90.0,41.582924,-7.1443357,-2.637146,70.96149,25.37917,89.0914,0.5057153
1.4291666666666667,41.353928,-6.8018513,-2.930426,70.0,25.0,90.0,41.582924,-7.1443357,-2.637146,70.96149,25.37917,89.0914,0.5057153
1.4333333333333333,41.353928,-6.8018513,-2.930426,70.0,25.0,90.0,41.582924,-7.1443357,-2.637146,70.96149,25.37917,89.0914,0.5057153
1.4375,41.353928,-6.8018513,-2.930426,70.0,25.0,90.0,41.582924,-7.1443357,-2.637146,70.96149,25.37917,89.0914,0.5057153
1.4416666666666667,41.353928,-6.8018513,-2.930426,70.0,25.0,90.0,41.582924,-7.1443357,-2.637146,70.96149,25.37917,89.0914,0.5057153
1.4458333333333333,41.353928,-6.8018513,-2.930426,70.0,25.0,90.0,41.582924,-7.1443357,-2.637146,70.96149,25.37917,89.0914,0.5057153
1.45,41.353928,-6.8018513,-2.930426,70.0,25.0,90.0,41.582924,-7.1443357,-2.637146,70.96149,25.37917,89.0914,0.5057153
1.4541666666666666,41.353928,-6.8018513,-2.930426,70.0,25.0,90.0,41.582924,-7.1443357,-2.637146,70.96149,25.37917,89.0914,0.5057153
1.4583333333333333,41.353928,-6.8018513,-2.930426,70.0,25.0,90.0,41.582924,-7.1443357,-2.637146,70.96149,25.37917,89.0914,0.5057153
1.4625,41.353928,-6.8018513,-2.930426,70.0,25.0,90.0,41.582924,-7.1443357,-2.637146,70.96149,25.37917,89.0914,0.5057153
1.4666666666666666,41.353928,-6.8018513,-2.930426,70.0,25.0,90.0,41.582924,-7.1443357,-2.637146,70.96149,25.37917,89.0914,0.5057153
1.4708333333333334,41.353928,-6.8018513,-2.930426,70.0,25.0,90.0,41.582924,-7.1443357,-2.637146,70.96149,25.37917,89.0914,0.5057153
1.475,41.353928,-6.8018513,-2.930426,70.0,25.0,90.0,41.582924,-7.1443357,-2.637146,70.96149,25.37917,89.0914,0.5057153
1.4791666666666667,41.353928,-6.8018513,-2.930426,70.0,25.0,90.0,41.582924,-7.1443357,-2.637146,70.96149,25.37917,89.0914,0.5057153
1.4833333333333334,41.353928,-6.8018513,-2.930426,70.0,25.0,90.0,41.582924,-7.1443357,-2.637146,70.96149,25.37917,89.0914,0.5057153
1.4875,41.353928,-6.8018513,-2.930426,70.0,25.0,90.0,41.582924,-7.1443357,-2.637146,70.96149,25.37917,89.0914,0.5057153
1.4916666666666667,41.353928,-6.8018513,-2.930426,70.0,25.0,90.0,41.582924,-7.1443357,-2.637146,70.96149,25.37917,89.0914,0.5057153
1.4958333333333333,41.353928,-6.8018513,-2.930426,70.0,25.0,90.0,41.582924,-7.1443357,-2.637146,70.96149,25.37917,89.0914,0.5057153
1.5,41.353928,-6.8018513,-2.930426,70.0,25.0,90.0,41.582924,-7.1443357,-2.637146,70.96149,25.37917,89.0914,0.5057153
1.5041666666666667,41.353928,-6.8018513,-2.930426,70.0,25.0,90.0,41.582924,-7.1443357,-2.637146,70.96149,25.37917,89.0914,0.5057153
1.5083333333333333,41.353928,-6.8018513,-2.930426,70.0,25.0,90.0,41.582924,-7.1443357,-2.637146,70.96149,25.37917,89.0914,0.5057153
1.5125,41.353928,-6.8018513,-2.930426,70.0,25.0,90.0,41.582924,-7.1443357,-2.637146,70.96149,25.37917,89.0914,0.5057153
1.5166666666666666,41.353928,-6.8018513,-2.930426,70.0,25.0,90.0,41.582924,-7.1443357,-2.637147,70.96149,25.379166,89.0914,0.5057148
1.5208333333333333,41.353928,-6.8018513,-2.930426,70.0,25.0,90.0,41.582924,-7.1443357,-2.637146,70.96149,25.379166,89.0914,0.5057153
1.525,41.353928,-6.8018513,-2.930426,70.0,25.0,90.0,41.582924,-7.1443357,-2.637148,70.96149,25.379166,89.0914,0.50571424
1.5291666666666666,41.353928,-6.8018513,-2.930426,70.0,25.0,90.0,41.582924,-7.1443357,-2.637148,70.96149,25.37917,89.0914,0.50571424
1.5333333333333334,41.353928,-6.8018513,-2.930426,70.0,25.0,90.0,41.582924,-7.1443357,-2.6371489,70.961494,25.379162,89.09141,0.5057137
1.5375,41.353928,-6.8018513,-2.930426,70.0,25.0,90.0,41.58293,-7.144331,-2.6371536,70.96149,25.379173,89.09142,0.50571114
1.5416666666666667,41.353928,-6.8018513,-2.930426,70.0,25.0,90.0,41.582928,-7.144348,-2.6371737,70.9615,25.379223,89.09147,0.5057094
1.5458333333333334,41.353928,-6.8018513,-2.930426,70.0,25.0,90.0,41.58292,-7.144432,-2.6371899,70.96163,25.37933,89.09154,0.5057534
1.55,41.353928,-6.8018513,-2.930426,70.0,25.0,90.0,41.58289,-7.1446867,-2.6371994,70.96209,25.379616,89.09156,0.5059066
1.5541666666666667,41.353928,-6.8018513,-2.930426,70.0,25.0,90.0,41.582718,-7.145157,-2.6372042,70.96302,25.380154,89.09151,0.5061449
1.5583333333333333,41.353928,-6.8018513,-2.930426,70.0,25.0,90.0,41.582314,-7.1458607,-2.6371183,70.96451,25.381016,89.09136,0.5064898
1.5625,41.353928,-6.8018513,-2.930426,70.0,25.0,90.0,41.581615,-7.1467667,-2.6368828,70.96664,25.382137,89.09113,0.5069279
1.5666666666666667,41.353928,-6.8018513,-2.930426,70.0,25.0,90.0,41.580643,-7.147847,-2.6365042,70.96954,25.383495,89.09074,0.50744736
1.5708333333333333,41.353928,-6.8018513,-2.930426,70.0,25.0,90.0,41.57939,-7.149128,-2.6360397,70.9734,25.38509,89.08994,0.5080337
1.575,41.353928,-6.8018513,-2.930426,70.0,25.0,90.0,41.57803,-7.1503773,-2.6354418,70.97827,25.387009,89.08871,0.5086332
1.5791666666666666,41.353928,-6.8018513,-2.930426,70.0,25.0,90.0,41.576454,-7.1513777,-2.6346197,70.98391,25.388832,89.08685,0.50910515
1.5833333333333333,41.353928,-6.8018513,-2.930426,70.0,25.0,90.0,41.57493,-7.151924,-2.6338348,70.99018,25.39114,89.08368,0.5092726
1.5875,41.353928,-6.8018513,-2.930426,70.0,25.0,90.0,41.573353,-7.151888,-2.6329317,70.99601,25.39344,89.08012,0.50909317
1.5916666666666666,41.353928,-6.8018513,-2.930426,70.0,25.0,90.0,41.570934,-7.1514006,-2.6310568,71.00245,25.396126,89.07746,0.50882065
1.5958333333333334,41.353928,-6.8018513,-2.930426,70.0,25.0,90.0,41.56765,-7.150255,-2.627369,71.009476,25.399944,89.07913,0.50882804
1.6,41.353928,-6.8018513,-2.930426,70.0,25.0,90.0,41.56315,-7.1486645,-2.6229172,71.01735,25.404701,89.08396,0.5085414
1.6041666666666667,41.353928,-6.8018513,-2.930426,70.0,25.0,90.0,41.556892,-7.1464195,-2.6186152,71.02423,25.410053,89.09233,0.50709754
1.6083333333333334,41.353928,-6.8018513,-2.930426,70.0,25.0,90.0,41.548786,-7.1438265,-2.6134777,71.0311,25.416779,89.10674,0.5053445
1.6125,41.353928,-6.8018513,-2.930426,70.0,25.0,90.0,41.539883,-7.139494,-2.6072092,71.038445,25.425053,89.12824,0.5030416
1.6166666666666667,41.353928,-6.8018513,-2.930426,70.0,25.0,90.0,41.527275,-7.131483,-2.5946283,71.044235,25.425049,89.1621,0.5014643
1.6208333333333333,41.353928,-6.8018513,-2.930426,70.0,25.0,90.0,41.51296,-7.1226835,-2.5862818,71.0464,25.416397,89.20943,0.4966481
1.625,41.353928,-6.8018513,-2.930426,70.0,25.0,90.0,41.501183,-7.1179466,-2.5779676,71.037506,25.392365,89.27309,0.49580956
1.6291666666666667,41.353928,-6.8018513,-2.930426,70.0,25.0,90.0,41.49804,-7.111472,-2.573801,71.02237,25.356987,89.3495,0.49377578
1.6333333333333333,41.353928,-6.8018513,-2.930426,70.0,25.0,90.0,41.49277,-7.1038284,-2.5709848,70.98523,25.313229,89.435616,0.48955652
1.6375,41.353928,-6.8018513,-2.930426,70.0,25.0,90.0,41.480186,-7.0951653,-2.5684166,70.938774,25.270638,89.53505,0.48272675
1.6416666666666666,41.353928,-6.8018513,-2.930426,70.0,25.0,90.0,41.46856,-7.08772,-2.5694246,70.869995,25.216522,89.639206,0.47453472
1.6458333333333333,41.353928,-6.8018513,-2.930426,70.0,25.0,90.0,41.457977,-7.0815315,-2.5717993,70.77914,25.149734,89.74144,0.4665409
1.65,41.353928,-6.8018513,-2.930426,70.0,25.0,90.0,41.4599,-7.0774345,-2.5778618,70.67798,25.084812,89.83274,0.45986703
1.6541666666666666,41.353878,-6.8018017,-2.9304235,69.99996,25.0,90.00016,41.479233,-7.0743256,-2.592493,70.56538,25.0261,89.92097,0.45186287
1.6583333333333334,41.353535,-6.80146,-2.9304256,69.99967,25.0,90.00127,41.494328,-7.0683594,-2.623063,70.451,24.960243,90.01317,0.43073165
1.6625,41.35262,-6.800542,-2.9304252,69.9989,25.0,90.00421,41.519257,-7.074033,-2.6694927,70.33006,24.877121,90.08839,0.41309932
1.6666666666666667,41.350872,-6.7987914,-2.930426,69.99743,25.0,90.009834,41.56607,-7.088296,-2.710579,70.211586,24.793518,90.111084,0.4224405
1.6708333333333334,41.348026,-6.7959476,-2.9304252,69.99504,25.0,90.01898,41.60009,-7.102195,-2.7667513,70.12631,24.716602,90.1412,0.4290835
1.675,41.343857,-6.791781,-2.9304252,69.99154,25.0,90.03238,41.616505,-7.1060963,-2.821744,70.05434,24.65681,90.19873,0.4300495
1.6791666666666667,41.338146,-6.7860684,-2.93043,69.986725,25.0,90.050735,41.61721,-7.0658436,-2.8993082,69.96749,24.632889,90.25401,0.39638302
1.6833333333333333,41.330677,-6.7786,-2.9304252,69.980446,25.0,90.07474,41.600018,-7.0185833,-2.967846,69.90586,24.593853,90.297325,0.3626796
1.6875,41.32126,-6.769182,-2.930428,69.9725,25.0,90.10499,41.55758,-6.964349,-3.0044956,69.889404,24.56395,90.35309,0.31531474
1.6916666666666667,41.309708,-6.7576323,-2.9304252,69.96276,25.0,90.142075,41.492302,-6.907284,-3.0434065,69.86866,24.517017,90.38296,0.26172704
1.6958333333333333,41.295856,-6.7437797,-2.9304256,69.95105,25.0,90.18652,41.41952,-6.853344,-3.0836658,69.856575,24.489162,90.448586,0.22534394
1.7,41.27955,-6.727471,-2.9304233,69.93724,25.0,90.23882,41.32263,-6.7942963,-3.1197853,69.85113,24.490997,90.557434,0.20537718
1.7041666666666666,41.26064,-6.708563,-2.9304285,69.92118,25.0,90.299416,41.21525,-6.73442,-3.1648874,69.84854,24.492146,90.70589,0.24020807
1.7083333333333333,41.238995,-6.6869173,-2.9304252,69.90276,25.0,90.36872,41.094322,-6.6602764,-3.1928363,69.79374,24.47248,90.896,0.30083123
1.7125,41.2145,-6.662422,-2.9304261,69.88185,25.0,90.447075,40.95544,-6.57327,-3.2234206,69.69433,24.458942,91.13783,0.40113086
1.7166666666666666,41.187042,-6.6349645,-2.9304237,69.85834,25.0,90.53481,40.83754,-6.4904146,-3.2145948,69.55341,24.51659,91.377014,0.47307494
1.7208333333333334,41.156525,-6.60445,-2.9304273,69.8321,25.0,90.63222,40.745693,-6.400056,-3.1938014,69.391785,24.62418,91.63495,0.5290798
1.725,41.122868,-6.5707893,-2.9304268,69.80304,25.0,90.739494,40.683655,-6.3451777,-3.1700315,69.203064,24.754524,91.885185,0.54883415
1.7291666666666667,41.08599,-6.5339127,-2.9304276,69.77106,25.0,90.856865,40.66479,-6.2689457,-3.1071959,68.92798,24.84642,92.16313,0.5280756
1.7333333333333334,41.04583,-6.4937525,-2.930428,69.73605,25.0,90.98448,40.646137,-6.1752043,-3.044116,68.6702,24.953568,92.38337,0.5235953
1.7375,41.00234,-6.450258,-2.9304283,69.69794,25.0,91.12245,40.64825,-6.0961704,-2.9965572,68.429146,25.053818,92.554276,0.50510305
1.7416666666666667,40.955456,-6.40338,-2.9304237,69.656624,25.0,91.2709,40.706917,-6.091716,-2.9620667,68.22429,25.132507,92.590454,0.39988422
1.7458333333333333,40.905167,-6.353091,-2.9304273,69.61201,25.0,91.42981,40.646477,-6.0877285,-2.903081,68.0562,25.207592,92.70889,0.37159845
1.75,40.85144,-6.2993627,-2.9304247,69.564026,25.0,91.59923,40.58431,-6.0431747,-2.8765478,67.90716,25.371666,92.7527,0.37402454
1.7541666666666667,40.79426,-6.2421813,-2.930428,69.51258,25.0,91.77914,40.51655,-5.963978,-2.8620462,67.82649,25.67377,92.71536,0.39899382
1.7583333333333333,40.73362,-6.181543,-2.9304266,69.45761,25.0,91.96946,40.46593,-5.9240704,-2.889207,67.76443,25.95805,92.680145,0.37369564
1.7625,40.669525,-6.1174464,-2.9304237,69.39903,25.0,92.17012,40.38447,-5.931095,-2.9419441,67.738266,26.158371,92.63794,0.34075633
1.7666666666666666,40.60199,-6.049911,-2.9304252,69.33677,25.0,92.38099,40.309402,-5.944727,-3.0222254,67.71343,26.289677,92.59323,0.32418865
1.7708333333333333,40.53102,-5.978946,-2.9304333,69.27074,25.0,92.601944,40.254593,-5.953829,-3.0943718,67.725044,26.435528,92.52801,0.32236513
1.775,40.456665,-5.904585,-2.930425,69.200905,25.0,92.83278,40.195107,-5.960291,-3.1664133,67.75763,26.559566,92.493065,0.35666025
1.7791666666666666,40.378944,-5.826866,-2.9304245,69.127174,25.0,93.07331,40.1356,-5.962574,-3.2490625,67.75376,26.643784,92.49466,0.42327634
1.7833333333333334,40.297913,-5.7458315,-2.9304264,69.049484,25.0,93.323296,40.07572,-5.9470444,-3.2835913,67.76805,26.658875,92.51159,0.46322873
1.7875,40.213604,-5.661528,-2.9304252,68.96778,25.0,93.58251,40.01276,-5.9387016,-3.295514,67.81583,26.678093,92.57951,0.5004531
1.7916666666666667,40.126095,-5.574018,-2.9304261,68.881996,25.0,93.85065,39.959892,-5.937461,-3.2826667,67.87709,26.683674,92.68698,0.53271705
1.7958333333333334,40.03544,-5.483364,-2.9304278,68.792076,25.0,94.127426,39.90588,-5.934083,-3.24822,67.942566,26.683197,92.81748,0.5665023
1.8,39.94171,-5.3896346,-2.9304273,68.69797,25.0,94.41254,39.848408,-5.8986244,-3.1678505,67.99999,26.673248,93.004456,0.5693382
1.8041666666666667,39.84499,-5.292912,-2.930424,68.599625,25.0,94.70563,39.782524,-5.8614626,-3.0907755,68.04664,26.644936,93.24619,0.5940238
1.8083333333333333,39.745354,-5.1932764,-2.930425,68.49699,25.0,95.00637,39.710052,-5.8174505,-3.0089312,68.09624,26.590397,93.50656,0.63008153
1.8125,39.642895,-5.090817,-2.9304266,68.390015,25.0,95.31439,39.62951,-5.7584963,-2.932148,68.1479,26.531624,93.77936,0.6678157
1.8166666666666667,39.53771,-4.98563,-2.9304245,68.27868,25.0,95.6293,39.54233,-5.6978045,-2.8553076,68.20366,26.470371,94.05808,0.71613985
1.8208333333333333,39.42989,-4.8778133,-2.930425,68.16293,25.0,95.95074,39.434013,-5.6441154,-2.8031054,68.25082,26.386337,94.357056,0.776818
1.825,39.31955,-4.7674727,-2.9304273,68.04275,25.0,96.27826,39.338123,-5.5877523,-2.7698536,68.299194,26.315311,94.66064,0.83605474
1.8291666666666666,39.206795,-4.6547194,-2.9304247,67.91811,25.0,96.61147,39.245533,-5.5244684,-2.745924,68.354,26.230263,94.95384,0.8899464
1.8333333333333333,39.09174,-4.539664,-2.930426,67.788994,25.0,96.94995,39.14933,-5.4393644,-2.7008476,68.3804,26.12479,95.28338,0.93031394
1.8375,38.974503,-4.422426,-2.9304261,67.65539,25.0,97.29327,39.054127,-5.3442917,-2.6535435,68.40686,26.025562,95.66185,0.9658364
1.8416666666666666,38.855206,-4.3031297,-2.9304247,67.517296,25.0,97.64098,39.001144,-5.1870728,-2.5930386,68.451866,26.052322,95.9943,0.9573311
1.8458333333333334,38.733974,-4.181896,-2.9304256,67.37471,25.0,97.99267,38.95238,-5.0118494,-2.5306673,68.4876,26.078247,96.33112,0.94674736
1.85,38.61094,-4.058862,-2.9304276,67.22765,25.0,98.34786,38.906734,-4.8293705,-2.4758434,68.50479,26.111778,96.68205,0.9422445
1.8541666666666667,38.48623,-3.934153,-2.9304268,67.07615,25.0,98.70614,38.864807,-4.648305,-2.4417238,68.52365,26.193722,97.06235,0.94454485
1.8583333333333334,38.359985,-3.8079088,-2.930426,66.92023,25.0,99.067024,38.8078,-4.477908,-2.4311724,68.510315,26.280472,97.458466,0.94799334
1.8625,38.23234,-3.6802654,-2.9304266,66.759926,25.0,99.430084,38.741253,-4.280594,-2.4416637,68.465775,26.38425,97.875885,0.9264307
1.8666666666666667,38.103443,-3.5513642,-2.9304254,66.59531,25.0,99.79487,38.672783,-4.049058,-2.4580164,68.39183,26.485146,98.30523,0.8916373
1.8708333333333333,37.973427,-3.42135,-2.9304273,66.42643,25.0,100.160934,38.601826,-3.8260317,-2.4784346,68.282005,26.605019,98.74965,0.87347007
1.875,37.84244,-3.290365,-2.930426,66.25338,25.0,100.52783,38.532135,-3.6015759,-2.4832954,68.13781,26.764359,99.20845,0.8788941
1.8791666666666667,37.710632,-3.158555,-2.9304256,66.07624,25.0,100.89513,38.44848,-3.3817368,-2.4734516,67.96794,26.934086,99.671394,0.896132
1.8833333333333333,37.578148,-3.0260718,-2.9304276,65.89512,25.0,101.26237,38.35601,-3.1635437,-2.4467,67.781944,27.073063,100.14073,0.9262618
1.8875,37.445137,-2.8930602,-2.930427,65.71014,25.0,101.629135,38.241737,-2.9500866,-2.4235706,67.562065,27.188812,100.63067,0.94590044
1.8916666666666666,37.31175,-2.7596707,-2.930426,65.52142,25.0,101.99501,38.116066,-2.7418365,-2.407898,67.32745,27.26992,101.1216,0.9593123
1.8958333333333333,37.178135,-2.6260555,-2.9304268,65.329124,25.0,102.35956,37.987015,-2.5444393,-2.404952,67.076614,27.340694,101.60388,0.96802455
1.9,37.04444,-2.4923663,-2.9304283,65.13341,25.0,102.72238,37.85044,-2.3540964,-2.4108438,66.80352,27.395184,102.082275,0.9688767
1.9041666666666666,36.910828,-2.3587515,-2.9304283,64.93445,25.0,103.08307,37.713005,-2.1700468,-2.4256248,66.512474,27.423584,102.54509,0.96639776
1.9083333333333334,36.77744,-2.2253633,-2.9304252,64.732445,25.0,103.44122,37.573433,-1.9882946,-2.4386587,66.21449,27.420212,102.96862,0.965216
1.9125,36.64443,-2.0923512,-2.9304283,64.52759,25.0,103.79646,37.41658,-1.8084908,-2.4611473,65.91052,27.39056,103.36077,0.9471114
1.9166666666666667,36.511944,-1.9598658,-2.930427,64.32012,25.0,104.148415,37.26321,-1.6459618,-2.49296,65.611824,27.363811,103.73194,0.9242914
1.9208333333333334,36.380135,-1.8280574,-2.9304242,64.11028,25.0,104.496704,37.112495,-1.4824085,-2.5339708,65.31188,27.348385,104.10766,0.9016656
1.925,36.24915,-1.6970727,-2.9304261,63.89831,25.0,104.84099,36.959576,-1.3276653,-2.577262,65.0075,27.344128,104.48613,0.87515277
1.9291666666666667,36.119133,-1.567056,-2.930426,63.684486,25.0,105.18092,36.80381,-1.1882439,-2.6207228,64.70855,27.35123,104.86194,0.8415446
1.9333333333333333,35.990234,-1.438156,-2.9304233,63.469097,25.0,105.51616,36.656864,-1.0685902,-2.661518,64.42235,27.372635,105.19699,0.80825996
1.9375,35.86259,-1.3105128,-2.9304256,63.252422,25.0,105.8464,36.515614,-0.94244576,-2.6998463,64.145195,27.404774,105.51092,0.7842697
1.9416666666666667,35.736347,-1.1842693,-2.9304273,63.034786,25.0,106.17131,36.38765,-0.8073902,-2.7494087,63.853592,27.460709,105.80042,0.77395105
1.9458333333333333,35.611637,-1.0595598,-2.930424,62.816513,25.0,106.49063,36.27304,-0.68566704,-2.8041515,63.558624,27.498505,106.081055,0.7701917
1.95,35.4886,-0.9365256,-2.9304247,62.597927,25.0,106.80405,36.162903,-0.56897926,-2.8589,63.26522,27.539474,106.3548,0.7712899
1.9541666666666666,35.36737,-0.81529266,-2.930426,62.379368,25.0,107.11131,36.05716,-0.45303726,-2.9123878,62.96982,27.587769,106.610085,0.77933496
1.9583333333333333,35.248074,-0.69599515,-2.9304247,62.1612,25.0,107.41216,35.95986,-0.34139824,-2.9621696,62.662666,27.627422,106.84833,0.7958575
1.9625,35.130836,-0.5787582,-2.930425,61.94378,25.0,107.70635,35.876648,-0.23117256,-3.0076036,62.329136,27.65305,107.07216,0.82644236
1.9666666666666666,35.01578,-0.46370375,-2.9304264,61.727467,25.0,107.99366,35.800575,-0.1476078,-3.0646534,61.979893,27.674252,107.25836,0.85664165
1.9708333333333334,34.903027,-0.35094744,-2.9304273,61.512634,25.0,108.27388,35.720207,-0.066417694,-3.1197405,61.616867,27.66795,107.41335,0.88576573
1.975,34.79269,-0.24060972,-2.93043,61.299664,25.0,108.54678,35.64011,0.015695572,-3.1641054,61.235157,27.640587,107.56068,0.9156511
1.9791666666666667,34.684868,-0.13279118,-2.9304254,61.088932,25.0,108.81224,35.556904,0.09346008,-3.189067,60.841797,27.576584,107.71753,0.93730026
1.9833333333333334,34.57968,-0.027604008,-2.9304273,60.880802,25.0,109.07002,35.506454,0.1737423,-3.2079701,60.458748,27.486237,107.87197,0.9881694
1.9875,34.477222,0.0748559,-2.9304247,60.675663,25.0,109.32001,35.458225,0.2847576,-3.233296,60.09249,27.352074,108.03763,1.0479295
1.9916666666666667,34.377586,0.17449085,-2.9304264,60.473873,25.0,109.56204,35.401825,0.40502357,-3.2593403,59.72464,27.19894,108.20823,1.1001792
1.9958333333333333,34.280865,0.27121323,-2.9304268,60.275806,25.0,109.79599,35.35933,0.5476818,-3.2418866,59.389988,27.070107,108.40895,1.1560829
2.0,34.187138,0.36494136,-2.930424,60.08182,25.0,110.02177,35.333187,0.7287369,-3.2029686,59.093903,27.008533,108.62224,1.2329061
2.004166666666667,34.09648,0.4555966,-2.9304252,59.892254,25.0,110.23926,35.333466,0.9451752,-3.1576881,58.80921,27.010517,108.84444,1.3496169
2.0083333333333333,34.008972,0.54310733,-2.9304261,59.70745,25.0,110.44838,35.36313,1.143547,-3.0888548,58.590702,27.032238,109.04265,1.4897542
2.0125,33.924667,0.62740904,-2.9304266,59.527737,25.0,110.64908,35.39767,1.3182602,-3.0489302,58.418888,27.06631,109.27896,1.6312748
2.0166666666666666,33.84363,0.7084446,-2.9304261,59.35342,25.0,110.841286,35.407467,1.4690819,-3.0526686,58.240147,27.069729,109.55153,1.7432994
2.0208333333333335,33.76591,0.7861639,-2.9304287,59.184784,25.0,111.02498,35.397163,1.5945625,-3.0478315,58.092995,27.04813,109.81563,1.8243562
2.025,33.691555,0.8605233,-2.9304268,59.022118,25.0,111.20013,35.33705,1.6226616,-3.0215158,57.91728,26.896935,110.13905,1.8157121
2.029166666666667,33.62059,0.93148655,-2.9304245,58.865665,25.0,111.36674,35.18477,1.6236057,-2.9905128,57.802006,26.681015,110.489815,1.711518
2.033333333333333,33.55305,0.99902487,-2.9304256,58.715652,25.0,111.52481,34.981976,1.6575584,-2.972021,57.70763,26.438152,110.833115,1.5739193
2.0375,33.488956,1.0631202,-2.9304268,58.57229,25.0,111.67437,34.732056,1.690443,-2.9719534,57.65544,26.254547,111.15951,1.3930377
2.0416666666666665,33.428318,1.1237608,-2.9304276,58.435757,25.0,111.81547,34.457317,1.7106647,-2.9367037,57.63738,26.018791,111.52036,1.1846244
2.0458333333333334,33.371136,1.1809415,-2.9304268,58.306217,25.0,111.948166,34.183567,1.7370586,-2.8676662,57.641792,25.80317,111.83911,0.9865343
2.05,33.31741,1.2346673,-2.9304285,58.183792,25.0,112.072525,33.918472,1.7435379,-2.7863398,57.693016,25.64333,112.08778,0.8006168
2.0541666666666667,33.26712,1.2849585,-2.930426,58.06858,25.0,112.18865,33.681458,1.701725,-2.705223,57.792362,25.478703,112.34012,0.6293536
2.058333333333333,33.22024,1.3318346,-2.9304261,57.960644,25.0,112.29667,33.4718,1.6324329,-2.6098166,57.910305,25.341534,112.54472,0.5063916
2.0625,33.176746,1.3753314,-2.9304268,57.86002,25.0,112.39667,33.292282,1.5555439,-2.4944868,58.032642,25.211964,112.69122,0.4856632
2.066666666666667,33.136585,1.4154905,-2.9304256,57.76672,25.0,112.48883,33.11076,1.5107021,-2.4085903,58.136593,25.120483,112.81417,0.53107846
2.0708333333333333,33.09971,1.4523683,-2.930426,57.680702,25.0,112.5733,32.864975,1.512928,-2.3235035,58.235508,25.070278,112.94137,0.6535458
2.075,33.06605,1.4860277,-2.9304254,57.60191,25.0,112.650276,32.648926,1.5270557,-2.2241993,58.3268,24.964115,112.99238,0.82123834
2.0791666666666666,33.035534,1.5165437,-2.9304261,57.53024,25.0,112.71996,32.48308,1.5393639,-2.1536627,58.387188,24.838764,112.9992,0.95345974
2.0833333333333335,33.008076,1.5440004,-2.9304264,57.465565,25.0,112.78258,32.375797,1.5817852,-2.1271057,58.41606,24.708973,113.00855,1.0229994
2.0875,32.98358,1.5684966,-2.9304273,57.40771,25.0,112.83836,32.317814,1.6455536,-2.1051931,58.419014,24.595852,113.00784,1.0631067
2.091666666666667,32.961937,1.5901396,-2.9304264,57.35648,25.0,112.8876,32.280766,1.6996078,-2.096139,58.42165,24.503159,113.01304,1.0825956
2.095833333333333,32.943027,1.6090498,-2.9304252,57.311626,25.0,112.93059,32.246834,1.7471275,-2.0939445,58.403442,24.420437,113.038605,1.0970191
2.1,32.92672,1.6253588,-2.9304268,57.27287,25.0,112.96762,32.225082,1.7593498,-2.130723,58.367943,24.37041,113.07599,1.0722755
2.1041666666666665,32.91287,1.6392106,-2.9304256,57.239906,25.0,112.99906,32.18243,1.7391472,-2.1742373,58.360104,24.300312,113.134636,1.0561005
2.1083333333333334,32.901318,1.6507609,-2.9304256,57.212383,25.0,113.02526,32.143536,1.7122517,-2.2219687,58.393894,24.222687,113.19892,1.039195
2.1125,32.8919,1.6601793,-2.9304252,57.18992,25.0,113.04661,32.09632,1.6896553,-2.2384062,58.467625,24.120205,113.28688,1.0548476
2.1166666666666667,32.88443,1.6676466,-2.930426,57.17209,25.0,113.06354,32.006073,1.6583328,-2.2387438,58.57655,24.077187,113.392395,1.1180437
2.120833333333333,32.87872,1.6733592,-2.930427,57.15844,25.0,113.07647,31.91669,1.6139698,-2.2496662,58.690727,24.078987,113.50256,1.1800259
2.125,32.87455,1.677526,-2.9304254,57.148483,25.0,113.085915,31.824173,1.5807934,-2.2644033,58.78935,24.101284,113.625465,1.2474911
2.129166666666667,32.871708,1.6803674,-2.9304254,57.14169,25.0,113.092354,31.7256,1.5613785,-2.2778215,58.866344,24.119495,113.749664,1.3242414
2.1333333333333333,32.869957,1.6821207,-2.9304273,57.137493,25.0,113.09631,31.644152,1.5370979,-2.2785387,58.92336,24.108276,113.872604,1.3959187
2.1375,32.86904,1.6830374,-2.930426,57.135303,25.0,113.09839,31.580341,1.5272713,-2.2764702,58.956093,24.082535,114.00249,1.4535024
2.1416666666666666,32.868702,1.683379,-2.9304273,57.134483,25.0,113.09916,31.527657,1.5278835,-2.2843342,58.9651,24.072906,114.10797,1.4966689
2.1458333333333335,32.86865,1.6834304,-2.930425,57.134365,25.0,113.09928,31.496912,1.5469818,-2.2942486,58.9495,24.072826,114.195244,1.5182225
2.15,32.86865,1.6834304,-2.930425,57.134365,25.0,113.09928,31.4836,1.5788021,-2.3098488,58.92031,24.103653,114.25889,1.5213217
2.154166666666667,32.86865,1.6834304,-2.930425,57.134365,25.0,113.09928,31.482483,1.6208191,-2.330535,58.877014,24.153347,114.29705,1.5117021
2.158333333333333,32.86865,1.6834304,-2.930425,57.134365,25.0,113.09928,31.498236,1.669569,-2.3570547,58.826168,24.209328,114.30864,1.4855897
2.1625,32.86865,1.6834304,-2.930425,57.134365,25.0,113.09928,31.519308,1.7168674,-2.3865376,58.777992,24.27647,114.30606,1.4552152
2.1666666666666665,32.86865,1.6834304,-2.930425,57.134365,25.0,113.09928,31.539818,1.7660007,-2.4154587,58.735004,24.348278,114.29567,1.427515
2.1708333333333334,32.86865,1.6834304,-2.930425,57.134365,25.0,113.09928,31.563572,1.8170376,-2.4371471,58.691887,24.418968,114.28119,1.4015701
2.175,32.86865,1.6834304,-2.930425,57.134365,25.0,113.09928,31.593765,1.8626194,-2.4549332,58.65423,24.487518,114.25806,1.372417
2.1791666666666667,32.86865,1.6834304,-2.930425,57.134365,25.0,113.09928,31.626043,1.9047337,-2.467475,58.619785,24.547245,114.233475,1.344383
2.183333333333333,32.86865,1.6834304,-2.930425,57.134365,25.0,113.09928,31.655624,1.942131,-2.4793282,58.587894,24.592896,114.21103,1.3197886
2.1875,32.86865,1.6834304,-2.930425,57.134365,25.0,113.09928,31.683952,1.9746723,-2.4901419,58.560062,24.627201,114.191055,1.2969873
2.191666666666667,32.86865,1.6834304,-2.930425,57.134365,25.0,113.09928,31.709959,2.00239,-2.4990149,58.535217,24.653198,114.17263,1.2768755
2.1958333333333333,32.86865,1.6834304,-2.930425,57.134365,25.0,113.09928,31.733517,2.0239067,-2.506133,58.51334,24.67072,114.15451,1.2587581
2.2,32.86865,1.6834304,-2.930425,57.134365,25.0,113.09928,31.754604,2.0406876,-2.5120163,58.49345,24.681786,114.13629,1.2424946
2.2041666666666666,32.86865,1.6834304,-2.930425,57.134365,25.0,113.09928,31.772608,2.0530434,-2.5162134,58.475838,24.689442,114.12037,1.2286131
2.2083333333333335,32.86865,1.6834304,-2.930425,57.134365,25.0,113.09928,31.786356,2.061758,-2.5184813,58.46068,24.691631,114.1073,1.218272
2.2125,32.86865,1.6834304,-2.930425,57.134365,25.0,113.09928,31.796139,2.0676994,-2.5189257,58.448093,24.688332,114.09799,1.2113098
2.216666666666667,32.86865,1.6834304,-2.930425,57.134365,25.0,113.09928,31.803188,2.071354,-2.5181131,58.437706,24.682442,114.091545,1.2065202
2.220833333333333,32.86865,1.6834304,-2.930425,57.134365,25.0,113.09928,31.80822,2.0731716,-2.517003,58.429337,24.67638,114.087456,1.2030481
2.225,32.86865,1.6834304,-2.930425,57.134365,25.0,113.09928,31.811417,2.0731926,-2.515027,58.42406,24.670574,114.08526,1.2009202
2.2291666666666665,32.86865,1.6834304,-2.930425,57.134365,25.0,113.09928,31.813166,2.072256,-2.513054,58.420704,24.665768,114.0843,1.1997616
2.2333333333333334,32.86865,1.6834304,-2.930425,57.134365,25.0,113.09928,31.81402,2.0711842,-2.511342,58.418583,24.661865,114.08419,1.19926
2.2375,32.86865,1.6834304,-2.930425,57.134365,25.0,113.09928,31.814316,2.0702267,-2.5099258,58.417126,24.658802,114.08452,1.1991866
2.2416666666666667,32.86865,1.6834304,-2.930425,57.134365,25.0,113.09928,31.814331,2.06946,-2.5087576,58.416145,24.656525,114.08504,1.1993363
2.245833333333333,32.86865,1.6834304,-2.930425,57.134365,25.0,113.09928,31.814241,2.06888,-2.5078459,58.415615,24.655056,114.08554,1.1995494
2.25,32.86865,1.6834304,-2.930425,57.134365,25.0,113.09928,31.814148,2.068531,-2.5072622,58.41541,24.654278,114.08586,1.1997253
2.254166666666667,32.86865,1.6834304,-2.930425,57.134365,25.0,113.09928,31.814095,2.0683746,-2.5069742,58.415363,24.653934,114.086044,1.1998236
2.2583333333333333,32.86865,1.6834304,-2.930425,57.134365,25.0,113.09928,31.814074,2.0683517,-2.5068703,58.415367,24.653831,114.08612,1.1998714
2.2625,32.86865,1.6834304,-2.930425,57.134365,25.0,113.09928,31.814068,2.0683537,-2.5068579,58.415375,24.653805,114.08615,1.1998814
2.2666666666666666,32.86865,1.6834304,-2.930425,57.134365,25.0,113.09928,31.814068,2.0683594,-2.506854,58.41538,24.653812,114.08616,1.1998845
2.2708333333333335,32.86865,1.6834304,-2.930425,57.134365,25.0,113.09928,31.814064,2.0683594,-2.506853,58.41538,24.653812,114.08617,1.1998882
2.275,32.86865,1.6834304,-2.930425,57.134365,25.0,113.09928,31.814064,2.0683556,-2.506854,58.415382,24.653812,114.08617,1.1998867
2.279166666666667,32.86865,1.6834304,-2.930425,57.134365,25.0,113.09928,31.814064,2.0683594,-2.506854,58.41538,24.653812,114.08617,1.1998879
2.283333333333333,32.86865,1.6834304,-2.930425,57.134365,25.0,113.09928,31.814064,2.0683594,-2.506856,58.41538,24.653816,114.08617,1.1998873
2.2875,32.86865,1.6834304,-2.930425,57.134365,25.0,113.09928,31.814064,2.0683594,-2.506853,58.415382,24.653816,114.08617,1.1998882
2.2916666666666665,32.86865,1.6834304,-2.930425,57.134365,25.0,113.09928,31.81406,2.0683594,-2.506855,58.415382,24.653812,114.086174,1.199891
2.2958333333333334,32.86865,1.6834304,-2.930425,57.134365,25.0,113.09928,31.81406,2.0683632,-2.506856,58.415382,24.653812,114.08617,1.1998918
2.3,32.86865,1.6834304,-2.930425,57.134365,25.0,113.09928,31.814062,2.0683632,-2.506854,58.415382,24.653816,114.08617,1.1998909
2.3041666666666667,32.86865,1.6834304,-2.930425,57.134365,25.0,113.09928,31.814062,2.0683632,-2.506856,58.415382,24.653816,114.08617,1.1998901
2.308333333333333,32.86865,1.6834304,-2.930425,57.134365,25.0,113.09928,31.814062,2.068365,-2.506853,58.415382,24.653812,114.08617,1.1998917
2.3125,32.86865,1.6834304,-2.930425,57.134365,25.0,113.09928,31.81406,2.0683613,-2.506857,58.415382,24.65382,114.08617,1.1998909
2.316666666666667,32.86865,1.6834304,-2.930425,57.134365,25.0,113.09928,31.81406,2.068365,-2.506855,58.415382,24.653816,114.08617,1.1998928
2.3208333333333333,32.86865,1.6834304,-2.930425,57.134365,25.0,113.09928,31.814062,2.068365,-2.506856,58.415382,24.653816,114.08617,1.1998907
2.325,32.86865,1.6834304,-2.930425,57.134365,25.0,113.09928,31.81406,2.0683613,-2.506854,58.415382,24.653812,114.08617,1.1998919
2.3291666666666666,32.86865,1.6834304,-2.930425,57.134365,25.0,113.09928,31.81406,2.0683594,-2.506855,58.415382,24.65382,114.08617,1.199891
2.3333333333333335,32.86865,1.6834304,-2.930425,57.134365,25.0,113.09928,31.81406,2.0683594,-2.5068512,58.415382,24.65382,114.08617,1.1998923
2.3375,32.86865,1.6834304,-2.930425,57.134365,25.0,113.09928,31.81406,2.0683613,-2.506856,58.415382,24.65382,114.08617,1.1998912
2.341666666666667,32.86865,1.6834304,-2.930425,57.134365,25.0,113.09928,31.81406,2.0683632,-2.506856,58.415386,24.65382,114.08617,1.1998918
2.345833333333333,32.86865,1.6834304,-2.930425,57.134365,25.0,113.09928,31.81406,2.0683613,-2.506857,58.415382,24.653816,114.08617,1.1998909
2.35,32.86865,1.6834304,-2.930425,57.134365,25.0,113.09928,31.81406,2.0683594,-2.506856,58.415382,24.653816,114.08617,1.1998906
2.3541666666666665,32.86865,1.6834304,-2.930425,57.134365,25.0,113.09928,31.81406,2.0683594,-2.5068579,58.415382,24.653816,114.08617,1.1998899
2.3583333333333334,32.86865,1.6834304,-2.930425,57.134365,25.0,113.09928,31.81406,2.0683594,-2.506856,58.415382,24.653816,114.08617,1.1998906
2.3625,32.86865,1.6834304,-2.930425,57.134365,25.0,113.09928,31.81406,2.0683556,-2.506856,58.415382,24.653812,114.08616,1.1998894
2.3666666666666667,32.86865,1.6834304,-2.930425,57.134365,25.0,113.09928,31.81406,2.0683556,-2.506854,58.415386,24.653812,114.08617,1.19989
2.370833333333333,32.86865,1.6834304,-2.930425,57.134365,25.0,113.09928,31.81406,2.0683556,-2.506857,58.415386,24.653816,114.08617,1.1998891
2.375,32.86865,1.6834304,-2.930425,57.134365,25.0,113.09928,31.814058,2.0683575,-2.506855,58.415386,24.653812,114.08617,1.199892
2.379166666666667,32.86865,1.6834304,-2.930425,57.134365,25.0,113.09928,31.814058,2.0683632,-2.506856,58.415382,24.653812,114.08617,1.1998935
2.3833333333333333,32.86865,1.6834304,-2.930425,57.134365,25.0,113.09928,31.81406,2.0683594,-2.506856,58.415382,24.653816,114.08617,1.1998906
2.3875,32.86865,1.6834304,-2.930425,57.134365,25.0,113.09928,31.81406,2.0683594,-2.506855,58.415382,24.653812,114.08617,1.199891
2.3916666666666666,32.86865,1.6834304,-2.930425,57.134365,25.0,113.09928,31.81406,2.0683594,-2.506854,58.415382,24.653809,114.08616,1.1998913
2.3958333333333335,32.86865,1.6834304,-2.930425,57.134365,25.0,113.09928,31.814058,2.0683594,-2.5068502,58.415382,24.653816,114.08617,1.1998943
2.4,32.86865,1.6834304,-2.930425,57.134365,25.0,113.09928,31.81406,2.0683556,-2.506853,58.415382,24.65382,114.08617,1.1998904
2.404166666666667,32.86865,1.6834304,-2.930425,57.134365,25.0,113.09928,31.81406,2.0683594,-2.5068512,58.41538,24.65382,114.08617,1.1998923
2.408333333333333,32.86865,1.6834304,-2.930425,57.134365,25.0,113.09928,31.81406,2.0683575,-2.506854,58.41538,24.65382,114.08617,1.1998906
2.4125,32.86865,1.6834304,-2.930425,57.134365,25.0,113.09928,31.81406,2.0683594,-2.506854,58.41538,24.65382,114.08617,1.1998913
2.4166666666666665,32.86865,1.6834304,-2.930425,57.134365,25.0,113.09928,31.814062,2.0683594,-2.506854,58.41538,24.65382,114.08616,1.1998897
2.4208333333333334,32.86865,1.6834304,-2.930425,57.134365,25.0,113.09928,31.814064,2.0683613,-2.5068512,58.41538,24.65382,114.08617,1.1998897
2.425,32.86865,1.6834304,-2.930425,57.134365,25.0,113.09928,31.814064,2.0683594,-2.5068512,58.41538,24.65382,114.08616,1.199889
2.4291666666666667,32.86865,1.6834304,-2.930425,57.134365,25.0,113.09928,31.814064,2.0683594,-2.506854,58.41538,24.653816,114.08614,1.1998879
2.433333333333333,32.86865,1.6834304,-2.930425,57.134365,25.0,113.09928,31.814064,2.0683594,-2.506855,58.41538,24.653812,114.08615,1.1998875
2.4375,32.86865,1.6834304,-2.930425,57.134365,25.0,113.09928,31.814064,2.0683594,-2.506854,58.41538,24.653812,114.08616,1.1998879
2.441666666666667,32.86865,1.6834304,-2.930425,57.134365,25.0,113.09928,31.814064,2.0683594,-2.506856,58.41538,24.653812,114.08616,1.1998873
2.4458333333333333,32.86865,1.6834304,-2.930425,57.134365,25.0,113.09928,31.814064,2.0683594,-2.506853,58.41538,24.653816,114.08616,1.1998882
2.45,32.86865,1.6834304,-2.930425,57.134365,25.0,113.09928,31.814066,2.0683594,-2.506854,58.41538,24.653816,114.08615,1.1998862
2.4541666666666666,32.86865,1.6834304,-2.930425,57.134365,25.0,113.09928,31.814066,2.0683594,-2.506853,58.41538,24.653812,114.08615,1.1998866
2.4583333333333335,32.86865,1.6834304,-2.930425,57.134365,25.0,113.09928,31.814064,2.0683594,-2.506853,58.41538,24.653812,114.08615,1.1998882
2.4625,32.86865,1.6834304,-2.930425,57.134365,25.0,113.09928,31.814064,2.0683594,-2.506855,58.41538,24.653816,114.08616,1.1998875
2.466666666666667,32.86865,1.6834304,-2.930425,57.134365,25.0,113.09928,31.814064,2.0683594,-2.506855,58.41538,24.653816,114.08616,1.1998875
2.470833333333333,32.86865,1.6834304,-2.930425,57.134365,25.0,113.09928,31.814064,2.0683594,-2.506855,58.41538,24.653816,114.08616,1.1998875
2.475,32.86865,1.6834304,-2.930425,57.134365,25.0,113.09928,31.814064,2.0683594,-2.506855,58.41538,24.653816,114.08616,1.1998875
2.4791666666666665,32.86865,1.6834304,-2.930425,57.134365,25.0,113.09928,31.814064,2.0683594,-2.506855,58.41538,24.653816,114.08616,1.1998875
2.4833333333333334,32.86865,1.6834304,-2.930425,57.134365,25.0,113.09928,31.814064,2.0683594,-2.506855,58.41538,24.653816,114.08616,1.1998875
2.4875,32.86865,1.6834304,-2.930425,57.134365,25.0,113.09928,31.814064,2.0683594,-2.506855,58.41538,24.653816,114.08616,1.1998875
2.4916666666666667,32.86865,1.6834304,-2.930425,57.134365,25.0,113.09928,31.814064,2.0683594,-2.506855,58.41538,24.653816,114.08616,1.1998875
2.495833333333333,32.86865,1.6834304,-2.930425,57.134365,25.0,113.09928,31.814064,2.0683594,-2.506855,58.41538,24.653816,114.08616,1.1998875
2.5,32.86865,1.6834304,-2.930425,57.134365,25.0,113.09928,31.814064,2.0683594,-2.506855,58.41538,24.653816,114.08616,1.1998875
2.504166666666667,32.86865,1.6834304,-2.930425,57.134365,25.0,113.09928,31.814064,2.0683594,-2.506855,58.41538,24.653816,114.08616,1.1998875
2.5083333333333333,32.86865,1.6834304,-2.930425,57.134365,25.0,113.09928,31.814066,2.0683594,-2.506854,58.41538,24.653812,114.08616,1.1998862
2.5125,32.86865,1.6834304,-2.930425,57.134365,25.0,113.09928,31.814064,2.0683594,-2.506855,58.41538,24.653812,114.08615,1.1998875
2.5166666666666666,32.86865,1.6834304,-2.930425,57.134365,25.0,113.09928,31.814066,2.0683594,-2.5068512,58.41538,24.653812,114.08615,1.1998873
2.5208333333333335,32.86865,1.6834304,-2.930425,57.134365,25.0,113.09928,31.814066,2.0683594,-2.506855,58.41538,24.653812,114.08615,1.1998858
2.525,32.86865,1.6834304,-2.930425,57.134365,25.0,113.09928,31.814068,2.0683556,-2.506857,58.41538,24.653816,114.08615,1.1998824
2.529166666666667,32.86865,1.6834304,-2.930425,57.134365,25.0,113.09928,31.814068,2.0683594,-2.506855,58.41538,24.65382,114.08615,1.1998842
2.533333333333333,32.86865,1.6834304,-2.930425,57.134365,25.0,113.09928,31.814066,2.0683594,-2.506854,58.415382,24.653809,114.08615,1.1998862
2.5375,32.86865,1.6834304,-2.930425,57.134365,25.0,113.09928,31.81406,2.0683517,-2.5068455,58.415405,24.653778,114.08614,1.1998918
2.5416666666666665,32.86865,1.6834304,-2.930425,57.134365,25.0,113.09928,31.814014,2.06839,-2.506793,58.415485,24.653767,114.086105,1.1999629
2.5458333333333334,32.86865,1.6834304,-2.930425,57.134365,25.0,113.09928,31.813847,2.068678,-2.5066357,58.415623,24.653938,114.08614,1.2002584
2.55,32.86865,1.6834304,-2.930425,57.134365,25.0,113.09928,31.81347,2.069458,-2.5062695,58.415775,24.654522,114.08644,1.2009685
2.5541666666666667,32.86865,1.6834304,-2.930425,57.134365,25.0,113.09928,31.812845,2.0709991,-2.505619,58.4159,24.65564,114.0871,1.2022438
2.558333333333333,32.86865,1.6834304,-2.930425,57.134365,25.0,113.09928,31.812027,2.073454,-2.5046978,58.416103,24.657627,114.08818,1.2040809
2.5625,32.86865,1.6834304,-2.930425,57.134365,25.0,113.09928,31.811104,2.077055,-2.503478,58.416607,24.660786,114.08947,1.2064928
2.566666666666667,32.86865,1.6834304,-2.930425,57.134365,25.0,113.09928,31.810139,2.0819836,-2.5017805,58.417793,24.665539,114.09078,1.2095551
2.5708333333333333,32.86865,1.6834304,-2.930425,57.134365,25.0,113.09928,31.809023,2.088646,-2.4998045,58.41968,24.672646,114.0919,1.2134414
2.575,32.86865,1.6834304,-2.930425,57.134365,25.0,113.09928,31.8078,2.0967789,-2.4974203,58.422546,24.681976,114.09263,1.2180923
2.5791666666666666,32.86865,1.6834304,-2.930425,57.134365,25.0,113.09928,31.806341,2.105919,-2.495267,58.426006,24.69374,114.09274,1.2232562
2.5833333333333335,32.86865,1.6834304,-2.930425,57.134365,25.0,113.09928,31.804428,2.1157799,-2.4937716,58.42943,24.708023,114.091965,1.2288846
2.5875,32.86865,1.6834304,-2.930425,57.134365,25.0,113.09928,31.802057,2.125885,-2.4927578,58.43344,24.724773,114.091774,1.2348828
2.591666666666667,32.86865,1.6834304,-2.930425,57.134365,25.0,113.09928,31.798588,2.1357899,-2.4936657,58.437756,24.742329,114.09172,1.2411356
2.595833333333333,32.86865,1.6834304,-2.930425,57.134365,25.0,113.09928,31.792944,2.145792,-2.4967632,58.442684,24.761524,114.09153,1.2485917
2.6,32.86865,1.6834304,-2.930425,57.134365,25.0,113.09928,31.78547,2.155323,-2.5033302,58.447258,24.783627,114.09106,1.256332
2.6041666666666665,32.86865,1.6834304,-2.930425,57.134365,25.0,113.09928,31.774889,2.1651936,-2.511281,58.450882,24.807777,114.093,1.2665256
2.6083333333333334,32.86865,1.6834304,-2.930425,57.134365,25.0,113.09928,31.765898,2.1746273,-2.523201,58.438072,24.825958,114.10477,1.274035
2.6125,32.86865,1.6834304,-2.930425,57.134365,25.0,113.09928,31.762821,2.1825104,-2.5406713,58.4089,24.843452,114.11871,1.2743009
2.6166666666666667,32.86865,1.6834304,-2.930425,57.134365,25.0,113.09928,31.755457,2.1863403,-2.564314,58.36184,24.864422,114.13533,1.2752063
2.620833333333333,32.86865,1.6834304,-2.930425,57.134365,25.0,113.09928,31.74125,2.1905384,-2.5898428,58.306953,24.890049,114.16519,1.2822574
2.625,32.86865,1.6834304,-2.930425,57.134365,25.0,113.09928,31.724777,2.2045574,-2.6308575,58.240166,24.944687,114.19931,1.2921902
2.629166666666667,32.86865,1.6834304,-2.930425,57.134365,25.0,113.09928,31.708633,2.22464,-2.688345,58.152847,25.004143,114.240555,1.3027453
2.6333333333333333,32.86865,1.6834304,-2.930425,57.134365,25.0,113.09928,31.68807,2.2542553,-2.7561808,58.049618,25.088257,114.280334,1.3228632
2.6375,32.86865,1.6834304,-2.930425,57.134365,25.0,113.09928,31.664825,2.27668,-2.8356104,57.941475,25.182594,114.311554,1.3454088
2.6416666666666666,32.86865,1.6834304,-2.930425,57.134365,25.0,113.09928,31.65165,2.2949543,-2.9085884,57.830933,25.269562,114.33103,1.3621765
2.6458333333333335,32.86865,1.6834304,-2.930425,57.134365,25.0,113.09928,31.648546,2.3069077,-2.9931316,57.700737,25.358376,114.329,1.371607
2.65,32.86865,1.6834304,-2.930425,57.134365,25.0,113.09928,31.653885,2.2951412,-3.0815973,57.57249,25.46294,114.321014,1.3684641
2.654166666666667,32.868702,1.683379,-2.9304273,57.134483,25.0,113.09916,31.634958,2.252348,-3.1849327,57.464714,25.545792,114.36174,1.3822525
2.658333333333333,32.86904,1.6830374,-2.930426,57.135303,25.0,113.09839,31.597305,2.1723862,-3.3130302,57.380524,25.653988,114.43075,1.4153308
2.6625,32.869957,1.6821207,-2.9304273,57.137493,25.0,113.09631,31.584639,2.0693703,-3.4702497,57.29806,25.769432,114.44287,1.4468634
2.6666666666666665,32.871708,1.6803674,-2.9304254,57.14169,25.0,113.092354,31.59045,1.9371147,-3.6374955,57.196728,25.831337,114.462006,1.4857619
2.6708333333333334,32.87455,1.677526,-2.9304254,57.148483,25.0,113.085915,31.609537,1.7815018,-3.7953877,57.137356,25.901215,114.45938,1.535978
2.675,32.87872,1.6733592,-2.930427,57.15844,25.0,113.07647,31.611504,1.6021576,-3.9748917,57.08583,26.012283,114.44319,1.6437188
2.6791666666666667,32.88443,1.6676466,-2.930426,57.17209,25.0,113.06354,31.603533,1.4304905,-4.141051,57.043873,26.10704,114.394714,1.7783569
2.683333333333333,32.8919,1.6601793,-2.9304252,57.18992,25.0,113.04661,31.625267,1.2668304,-4.2660275,56.99471,26.119442,114.32573,1.882263
2.6875,32.901318,1.6507609,-2.9304256,57.212383,25.0,113.02526,31.655918,1.1120033,-4.3623276,56.937767,26.094986,114.21458,1.9727196
2.691666666666667,32.91287,1.6392106,-2.9304256,57.239906,25.0,112.99906,31.689352,1.0044613,-4.4371367,56.85992,26.105091,114.09013,2.0420768
2.6958333333333333,32.92672,1.6253588,-2.9304268,57.27287,25.0,112.96762,31.725801,0.9287815,-4.508706,56.8152,26.139854,113.995255,2.1019967
2.7,32.943027,1.6090498,-2.9304252,57.311626,25.0,112.93059,31.782368,0.8759823,-4.5803404,56.77934,26.212418,113.9489,2.1463315
2.7041666666666666,32.961937,1.5901396,-2.9304264,57.35648,25.0,112.8876,31.870308,0.85881424,-4.602754,56.78304,26.317627,113.9241,2.1267748
2.7083333333333335,32.98358,1.5684966,-2.9304273,57.40771,25.0,112.83836,31.965267,0.8593941,-4.6227465,56.832573,26.510906,113.87721,2.0985076
2.7125,33.008076,1.5440004,-2.9304264,57.465565,25.0,112.78258,32.07412,0.8841572,-4.6400366,56.976463,26.814194,113.82497,2.056802
2.716666666666667,33.035534,1.5165437,-2.9304261,57.53024,25.0,112.71996,32.17548,0.9576359,-4.628116,57.18984,27.214558,113.79277,1.9834874
2.720833333333333,33.06605,1.4860277,-2.9304254,57.60191,25.0,112.650276,32.25413,1.0285778,-4.5710464,57.42568,27.623627,113.7881,1.8868258
2.725,33.09971,1.4523683,-2.930426,57.680702,25.0,112.5733,32.312706,1.1021652,-4.470975,57.684013,27.982162,113.83293,1.7650231
2.7291666666666665,33.136585,1.4154905,-2.9304256,57.76672,25.0,112.48883,32.374313,1.1648388,-4.32614,57.94306,28.31879,113.91109,1.6099389
2.7333333333333334,33.176746,1.3753314,-2.9304268,57.86002,25.0,112.39667,32.430862,1.1875286,-4.132884,58.089714,28.56736,114.038376,1.4274158
2.7375,33.22024,1.3318346,-2.9304261,57.960644,25.0,112.29667,32.469826,1.1843262,-3.9519968,58.28669,28.820156,114.138214,1.2761227
2.7416666666666667,33.26712,1.2849585,-2.930426,58.06858,25.0,112.18865,32.480675,1.1797905,-3.8168883,58.55791,29.098824,114.20382,1.1896943
2.745833333333333,33.31741,1.2346673,-2.9304285,58.183792,25.0,112.072525,32.442905,1.159174,-3.6894116,58.862576,29.407616,114.30571,1.1603931
2.75,33.371136,1.1809415,-2.9304268,58.306217,25.0,111.948166,32.42995,1.1019115,-3.545412,59.241344,29.62238,114.3595,1.1270678
2.754166666666667,33.428318,1.1237608,-2.9304276,58.435757,25.0,111.81547,32.45265,1.0851345,-3.4415216,59.66456,29.896854,114.36582,1.1021074
2.7583333333333333,33.488956,1.0631202,-2.9304268,58.57229,25.0,111.67437,32.492966,1.0427856,-3.396789,60.098457,30.211811,114.331215,1.0999568
2.7625,33.55305,0.99902487,-2.9304256,58.715652,25.0,111.52481,32.520283,0.97125053,-3.4162192,60.56728,30.49862,114.2276,1.1416554
2.7666666666666666,33.62059,0.93148655,-2.9304245,58.865665,25.0,111.36674,32.52095,0.9157028,-3.447558,61.046173,30.717613,114.10206,1.2152712
2.7708333333333335,33.691555,0.8605233,-2.9304268,59.022118,25.0,111.20013,32.52551,0.8630276,-3.51904,61.511185,30.935314,113.91759,1.3061912
2.775,33.76591,0.7861639,-2.9304287,59.184784,25.0,111.02498,32.546783,0.8282032,-3.608799,61.962585,31.165382,113.709366,1.3957886
2.779166666666667,33.84363,0.7084446,-2.9304261,59.35342,25.0,110.841286,32.57066,0.8031559,-3.6926627,62.40737,31.365185,113.4993,1.4867525
2.783333333333333,33.924667,0.62740904,-2.9304266,59.527737,25.0,110.64908,32.61132,0.7842083,-3.7878633,62.85764,31.613586,113.226685,1.5762815
2.7875,34.008972,0.54310733,-2.9304261,59.70745,25.0,110.44838,32.705204,0.73685646,-3.869893,63.336605,31.928764,112.84288,1.6186255
2.7916666666666665,34.09648,0.4555966,-2.9304252,59.892254,25.0,110.23926,32.860455,0.6702213,-3.9543662,63.7846,32.24167,112.3618,1.6193459
2.7958333333333334,34.187138,0.36494136,-2.930424,60.08182,25.0,110.02177,33.048954,0.58280945,-4.007603,64.06607,32.502075,111.82878,1.5821642
2.8,34.280865,0.27121323,-2.9304268,60.275806,25.0,109.79599,33.25815,0.50863266,-4.0522923,64.33636,32.74593,111.30107,1.5365219
2.8041666666666667,34.377586,0.17449085,-2.9304264,60.473873,25.0,109.56204,33.490097,0.45957756,-4.1122646,64.58518,32.987644,110.79037,1.5052088
2.808333333333333,34.477222,0.0748559,-2.9304247,60.675663,25.0,109.32001,33.723804,0.41608047,-4.19179,64.801956,33.211212,110.25369,1.5083486
2.8125,34.57968,-0.027604008,-2.9304273,60.880802,25.0,109.07002,33.885513,0.36597633,-4.24588,64.97159,33.461124,109.86124,1.5385678
2.816666666666667,34.684868,-0.13279118,-2.9304254,61.088932,25.0,108.81224,34.03316,0.29987335,-4.244881,65.12599,33.684982,109.53222,1.5296124
2.8208333333333333,34.79269,-0.24060972,-2.93043,61.299664,25.0,108.54678,34.190098,0.23645401,-4.2415295,65.27508,33.829662,109.161575,1.5197663
2.825,34.903027,-0.35094744,-2.9304273,61.512634,25.0,108.27388,34.37967,0.17326736,-4.2517023,65.42396,33.933228,108.74879,1.5147514
2.8291666666666666,35.01578,-0.46370375,-2.9304264,61.727467,25.0,107.99366,34.611362,0.09296036,-4.2590365,65.56782,33.995483,108.29812,1.4962068
2.8333333333333335,35.130836,-0.5787582,-2.930425,61.94378,25.0,107.70635,34.8355,0.020160675,-4.2446494,65.67918,33.95997,107.86545,1.4741486
2.8375,35.248074,-0.69599515,-2.9304247,62.1612,25.0,107.41216,35.06382,-0.07070351,-4.229533,65.77324,33.8026,107.40229,1.4534862
2.841666666666667,35.36737,-0.81529266,-2.930426,62.379368,25.0,107.11131,35.31191,-0.19836426,-4.2051125,65.83655,33.53556,106.91433,1.4172164
2.845833333333333,35.4886,-0.9365256,-2.9304247,62.597927,25.0,106.80405,35.558544,-0.30597305,-4.139666,65.88942,33.230614,106.44489,1.3655597
2.85,35.611637,-1.0595598,-2.930424,62.816513,25.0,106.49063,35.77111,-0.38562584,-4.0876074,65.93726,32.97821,106.04617,1.348589
2.8541666666666665,35.736347,-1.1842693,-2.9304273,63.034786,25.0,106.17131,35.985977,-0.47170448,-4.0106764,65.99508,32.74663,105.62503,1.3179536
2.8583333333333334,35.86259,-1.3105128,-2.9304256,63.252422,25.0,105.8464,36.196327,-0.5338917,-3.9548154,66.03045,32.585617,105.199425,1.328117
2.8625,35.990234,-1.438156,-2.9304233,63.469097,25.0,105.51616,36.387886,-0.60246277,-3.9266915,66.03727,32.45853,104.75328,1.3598017
2.8666666666666667,36.119133,-1.567056,-2.930426,63.684486,25.0,105.18092,36.560425,-0.67928123,-3.8896017,66.06172,32.336025,104.305664,1.3794566
2.870833333333333,36.24915,-1.6970727,-2.9304261,63.89831,25.0,104.84099,36.730568,-0.7538929,-3.8430667,66.101,32.18734,103.85983,1.3979503
2.875,36.380135,-1.8280574,-2.9304242,64.11028,25.0,104.496704,36.889572,-0.83416367,-3.8045988,66.14946,32.037163,103.41663,1.4182851
2.879166666666667,36.511944,-1.9598658,-2.930427,64.32012,25.0,104.148415,37.040558,-0.92580223,-3.7762594,66.17665,31.859634,102.967224,1.436716
2.8833333333333333,36.64443,-2.0923512,-2.9304283,64.52759,25.0,103.79646,37.180588,-1.0267792,-3.7435994,66.217926,31.63945,102.52414,1.4436613
2.8875,36.77744,-2.2253633,-2.9304252,64.732445,25.0,103.44122,37.317535,-1.1334076,-3.6812983,66.29426,31.332905,102.08658,1.4310422
2.8916666666666666,36.910828,-2.3587515,-2.9304283,64.93445,25.0,103.08307,37.45234,-1.257801,-3.6174397,66.35865,30.92986,101.637985,1.406169
2.8958333333333335,37.04444,-2.4923663,-2.9304283,65.13341,25.0,102.72238,37.599197,-1.3946667,-3.541822,66.42319,30.486301,101.17527,1.3734995
2.9,37.178135,-2.6260555,-2.9304268,65.329124,25.0,102.35956,37.76542,-1.5547352,-3.4536004,66.49566,30.011696,100.712,1.3290374
2.904166666666667,37.31175,-2.7596707,-2.930426,65.52142,25.0,101.99501,37.92885,-1.7395782,-3.3702807,66.5718,29.532784,100.23523,1.2707765
2.908333333333333,37.445137,-2.8930602,-2.930427,65.71014,25.0,101.629135,38.099243,-1.9511185,-3.3033004,66.618835,29.095577,99.759926,1.2058787
2.9125,37.578148,-3.0260718,-2.9304276,65.89512,25.0,101.26237,38.268803,-2.1694546,-3.2418246,66.66556,28.678543,99.291214,1.1435757
2.9166666666666665,37.710632,-3.158555,-2.9304256,66.07624,25.0,100.89513,38.41607,-2.4064188,-3.1778584,66.703125,28.290207,98.86128,1.0604588
2.9208333333333334,37.84244,-3.290365,-2.930426,66.25338,25.0,100.52783,38.560593,-2.6514301,-3.1355677,66.751656,27.92406,98.443115,0.98288447
2.925,37.973427,-3.42135,-2.9304273,66.42643,25.0,100.160934,38.69407,-2.8933315,-3.116128,66.81635,27.580162,98.03027,0.9124764
2.9291666666666667,38.103443,-3.5513642,-2.9304254,66.59531,25.0,99.79487,38.79419,-3.1404114,-3.1058693,66.92312,27.27182,97.61984,0.82267445
2.933333333333333,38.23234,-3.6802654,-2.9304266,66.759926,25.0,99.430084,38.867176,-3.3866224,-3.0981455,67.0419,26.946903,97.22287,0.71928465
2.9375,38.359985,-3.8079088,-2.930426,66.92023,25.0,99.067024,38.92836,-3.623065,-3.1023026,67.161354,26.678165,96.85609,0.6218991
2.941666666666667,38.48623,-3.934153,-2.9304268,67.07615,25.0,98.70614,38.98007,-3.8573847,-3.1078062,67.29783,26.446754,96.51944,0.53031504
2.9458333333333333,38.61094,-4.058862,-2.9304276,67.22765,25.0,98.34786,39.01609,-4.0930185,-3.1235743,67.45105,26.203022,96.17658,0.45013323
2.95,38.733974,-4.181896,-2.9304256,67.37471,25.0,97.99267,39.048676,-4.3060226,-3.140565,67.573456,26.006996,95.867,0.39824948
2.9541666666666666,38.855206,-4.3031297,-2.9304247,67.517296,25.0,97.64098,39.055195,-4.521118,-3.1644459,67.66037,25.830837,95.58228,0.37720105
2.9583333333333335,38.974503,-4.422426,-2.9304261,67.65539,25.0,97.29327,39.072872,-4.723734,-3.207944,67.73234,25.688522,95.31082,0.4212826
2.9625,39.09174,-4.539664,-2.930426,67.788994,25.0,96.94995,39.11378,-4.923629,-3.2755852,67.80706,25.602013,95.046814,0.5167687
2.966666666666667,39.206795,-4.6547194,-2.9304247,67.91811,25.0,96.61147,39.157974,-5.1060867,-3.3144855,67.87942,25.47203,94.79558,0.59465843
2.970833333333333,39.31955,-4.7674727,-2.9304273,68.04275,25.0,96.27826,39.20582,-5.2652197,-3.3498068,67.94275,25.394978,94.58193,0.66073143
2.975,39.42989,-4.8778133,-2.930425,68.16293,25.0,95.95074,39.27646,-5.3976316,-3.412397,67.99792,25.365479,94.39317,0.72529244
2.9791666666666665,39.53771,-4.98563,-2.9304245,68.27868,25.0,95.6293,39.36445,-5.531105,-3.4628286,68.0491,25.316422,94.213295,0.7816752
2.9833333333333334,39.642895,-5.090817,-2.9304266,68.390015,25.0,95.31439,39.455708,-5.653058,-3.4865112,68.08907,25.23389,94.05705,0.81264025
2.9875,39.745354,-5.1932764,-2.930425,68.49699,25.0,95.00637,39.54619,-5.754882,-3.5131617,68.09914,25.16159,93.916756,0.8334564
2.9916666666666667,39.84499,-5.292912,-2.930424,68.599625,25.0,94.70563,39.648132,-5.849718,-3.5540867,68.12365,25.086884,93.7238,0.85891855
2.995833333333333,39.94171,-5.3896346,-2.9304273,68.69797,25.0,94.41254,39.76361,-5.934414,-3.5885367,68.15186,25.03619,93.5323,0.872704
3.0,40.03544,-5.483364,-2.9304278,68.792076,25.0,94.127426,39.867863,-6.003482,-3.608676,68.18939,24.97644,93.35999,0.87099063
3.004166666666667,40.126095,-5.574018,-2.9304261,68.881996,25.0,93.85065,39.95765,-6.0589056,-3.614779,68.213806,24.892399,93.19598,0.8554699
3.0083333333333333,40.213604,-5.661528,-2.9304252,68.96778,25.0,93.58251,40.043713,-6.103733,-3.5932631,68.24106,24.801697,93.03911,0.81471616
3.0125,40.297913,-5.7458315,-2.9304264,69.049484,25.0,93.323296,40.09755,-6.170391,-3.578187,68.29212,24.705593,92.88343,0.7999938
3.0166666666666666,40.378944,-5.826866,-2.9304245,69.127174,25.0,93.07331,40.153652,-6.254058,-3.5463243,68.35826,24.598854,92.720985,0.7826761
3.0208333333333335,40.456665,-5.904585,-2.930425,69.200905,25.0,92.83278,40.226295,-6.343128,-3.521689,68.4404,24.509617,92.543015,0.77135175
3.025,40.53102,-5.978946,-2.9304333,69.27074,25.0,92.601944,40.263214,-6.4381046,-3.500311,68.537476,24.43475,92.44558,0.7792994
3.029166666666667,40.60199,-6.049911,-2.9304252,69.33677,25.0,92.38099,40.274487,-6.544052,-3.4820523,68.65994,24.377586,92.40041,0.8097693
3.033333333333333,40.669525,-6.1174464,-2.9304237,69.39903,25.0,92.17012,40.309696,-6.6584024,-3.465631,68.80662,24.348698,92.29633,0.8417584
3.0375,40.73362,-6.181543,-2.9304266,69.45761,25.0,91.96946,40.37348,-6.7510195,-3.455474,68.94692,24.372337,92.15538,0.8542117
3.0416666666666665,40.79426,-6.2421813,-2.930428,69.51258,25.0,91.77914,40.441917,-6.81291,-3.439499,69.08402,24.502903,91.987724,0.8420383
3.0458333333333334,40.85144,-6.2993627,-2.9304247,69.564026,25.0,91.59923,40.549118,-6.8521404,-3.4177961,69.22937,24.629745,91.761345,0.79655075
3.05,40.905167,-6.353091,-2.9304273,69.61201,25.0,91.42981,40.691814,-6.863201,-3.4075546,69.39241,24.741241,91.53769,0.7303302
3.0541666666666667,40.955456,-6.40338,-2.9304237,69.656624,25.0,91.2709,40.843376,-6.8345833,-3.411004,69.518845,24.830856,91.30091,0.65532863
3.058333333333333,41.00234,-6.450258,-2.9304283,69.69794,25.0,91.12245,40.97171,-6.806714,-3.4115252,69.59939,24.876034,91.0654,0.5995444
3.0625,41.04583,-6.4937525,-2.930428,69.73605,25.0,90.98448,41.043358,-6.78631,-3.4358459,69.633705,24.902683,90.84995,0.58398914
3.066666666666667,41.08599,-6.5339127,-2.9304276,69.77106,25.0,90.856865,41.087997,-6.7851934,-3.4719138,69.663414,24.947144,90.69189,0.59695345
3.0708333333333333,41.122868,-6.5707893,-2.9304268,69.80304,25.0,90.739494,41.118637,-6.7750673,-3.506279,69.65517,24.976326,90.56076,0.6110263
3.075,41.156525,-6.60445,-2.9304273,69.8321,25.0,90.63222,41.123146,-6.7526817,-3.5174117,69.61376,24.970623,90.48242,0.6063311
3.0791666666666666,41.187042,-6.6349645,-2.9304237,69.85834,25.0,90.53481,41.144726,-6.755764,-3.5083055,69.565094,24.960602,90.40596,0.5918873
3.0833333333333335,41.2145,-6.662422,-2.9304261,69.88185,25.0,90.447075,41.162476,-6.7670527,-3.4762635,69.51404,24.88197,90.33034,0.55820477
3.0875,41.238995,-6.6869173,-2.9304252,69.90276,25.0,90.36872,41.18869,-6.794482,-3.4264069,69.46448,24.778873,90.23561,0.5099986
3.091666666666667,41.26064,-6.708563,-2.9304285,69.92118,25.0,90.299416,41.217003,-6.854027,-3.3543134,69.433784,24.710636,90.09196,0.4502691
3.095833333333333,41.27955,-6.727471,-2.9304233,69.93724,25.0,90.23882,41.245956,-6.911315,-3.2708192,69.42245,24.647854,89.9583,0.3883252
3.1,41.295856,-6.7437797,-2.9304256,69.95105,25.0,90.18652,41.263817,-6.9449167,-3.162363,69.46033,24.575188,89.82091,0.30867073
3.1041666666666665,41.309708,-6.7576323,-2.9304252,69.96276,25.0,90.142075,41.277443,-6.98989,-3.049467,69.52576,24.514763,89.6797,0.2629747
3.1083333333333334,41.32126,-6.769182,-2.930428,69.9725,25.0,90.10499,41.296635,-7.0353575,-2.9462862,69.6215,24.476574,89.55487,0.2677818
3.1125,41.330677,-6.7786,-2.9304252,69.980446,25.0,90.07474,41.3262,-7.0817986,-2.8846188,69.70886,24.456123,89.41926,0.30667168
3.1166666666666667,41.338146,-6.7860684,-2.93043,69.986725,25.0,90.050735,41.35872,-7.1208086,-2.8353367,69.81808,24.460854,89.26666,0.3485928
3.120833333333333,41.343857,-6.791781,-2.9304252,69.99154,25.0,90.03238,41.38157,-7.1555204,-2.7785187,69.94924,24.484627,89.1294,0.3959851
3.125,41.348026,-6.7959476,-2.9304252,69.99504,25.0,90.01898,41.384026,-7.1773176,-2.744606,70.06149,24.544231,88.99927,0.4257556
3.129166666666667,41.350872,-6.7987914,-2.930426,69.99743,25.0,90.009834,41.39011,-7.181613,-2.7345352,70.15959,24.624485,88.904434,0.43181607
3.1333333333333333,41.35262,-6.800542,-2.9304252,69.9989,25.0,90.00421,41.390812,-7.191807,-2.7376556,70.234344,24.69329,88.83609,0.4378436
3.1375,41.353535,-6.80146,-2.9304256,69.99967,25.0,90.00127,41.405163,-7.201025,-2.7332754,70.30192,24.754864,88.796906,0.44853768
3.1416666666666666,41.353878,-6.8018017,-2.9304235,69.99996,25.0,90.00016,41.426258,-7.202815,-2.7374163,70.37125,24.812916,88.7766,0.45089066
3.1458333333333335,41.353928,-6.8018513,-2.930426,70.0,25.0,90.0,41.45905,-7.2035284,-2.7535372,70.43075,24.88203,88.75072,0.4513144
3.15,41.353928,-6.8018513,-2.930426,70.0,25.0,90.0,41.492847,-7.200987,-2.763999,70.49694,24.949154,88.73801,0.45420903
3.154166666666667,41.353928,-6.8018513,-2.930426,70.0,25.0,90.0,41.52098,-7.194175,-2.767044,70.56667,25.011879,88.739876,0.45663783
3.158333333333333,41.353928,-6.8018513,-2.930426,70.0,25.0,90.0,41.547573,-7.1846848,-2.7661047,70.631836,25.063583,88.7531,0.4594143
3.1625,41.353928,-6.8018513,-2.930426,70.0,25.0,90.0,41.57297,-7.1778774,-2.7550316,70.68257,25.105762,88.776276,0.46918973
3.1666666666666665,41.353928,-6.8018513,-2.930426,70.0,25.0,90.0,41.596783,-7.175702,-2.7379951,70.723434,25.137428,88.80675,0.48556423
3.1708333333333334,41.353928,-6.8018513,-2.930426,70.0,25.0,90.0,41.6115,-7.1772776,-2.72229,70.74982,25.156094,88.831116,0.5006085
3.175,41.353928,-6.8018513,-2.930426,70.0,25.0,90.0,41.62004,-7.1790276,-2.7105808,70.77331,25.174198,88.86393,0.5112828
3.1791666666666667,41.353928,-6.8018513,-2.930426,70.0,25.0,90.0,41.625347,-7.181031,-2.7003498,70.79602,25.19215,88.90424,0.51998174
3.183333333333333,41.353928,-6.8018513,-2.930426,70.0,25.0,90.0,41.624344,-7.1792374,-2.6885881,70.82123,25.212914,88.94706,0.5234794
3.1875,41.353928,-6.8018513,-2.930426,70.0,25.0,90.0,41.62181,-7.1764193,-2.6785812,70.84568,25.234596,88.98504,0.52486986
3.191666666666667,41.353928,-6.8018513,-2.930426,70.0,25.0,90.0,41.617565,-7.1735525,-2.6696005,70.86957,25.25547,89.01702,0.52506804
3.1958333333333333,41.353928,-6.8018513,-2.930426,70.0,25.0,90.0,41.61223,-7.1709204,-2.6626406,70.8935,25.276684,89.03945,0.5240613
3.2,41.353928,-6.8018513,-2.930426,70.0,25.0,90.0,41.606415,-7.1681194,-2.6558018,70.914,25.294472,89.056,0.5228007
3.2041666666666666,41.353928,-6.8018513,-2.930426,70.0,25.0,90.0,41.601032,-7.1654406,-2.6495218,70.93043,25.310078,89.06838,0.5216943
3.2083333333333335,41.353928,-6.8018513,-2.930426,70.0,25.0,90.0,41.596386,-7.1626472,-2.644454,70.942924,25.323696,89.07686,0.52032655
3.2125,41.353928,-6.8018513,-2.930426,70.0,25.0,90.0,41.59263,-7.1598845,-2.6406517,70.95192,25.335724,89.082,0.5187822
3.216666666666667,41.353928,-6.8018513,-2.930426,70.0,25.0,90.0,41.58963,-7.1571846,-2.6381721,70.95777,25.346443,89.08507,0.5169426
3.220833333333333,41.353928,-6.8018513,-2.930426,70.0,25.0,90.0,41.587418,-7.154498,-2.6368256,70.96097,25.355465,89.08704,0.5148577
3.225,41.353928,-6.8018513,-2.930426,70.0,25.0,90.0,41.585777,-7.1518745,-2.6363688,70.962364,25.362919,89.08844,0.5125819
3.2291666666666665,41.353928,-6.8018513,-2.930426,70.0,25.0,90.0,41.584606,-7.1495495,-2.6363554,70.96286,25.368828,89.08939,0.5104744
3.2333333333333334,41.353928,-6.8018513,-2.930426,70.0,25.0,90.0,41.583885,-7.1477184,-2.6365108,70.96281,25.373135,89.08991,0.50881296
3.2375,41.353928,-6.8018513,-2.930426,70.0,25.0,90.0,41.58354,-7.1463623,-2.6367407,70.9625,25.375992,89.09026,0.5076037
3.2416666666666667,41.353928,-6.8018513,-2.930426,70.0,25.0,90.0,41.58336,-7.145438,-2.6370153,70.96211,25.377678,89.090546,0.506735
3.245833333333333,41.353928,-6.8018513,-2.930426,70.0,25.0,90.0,41.583206,-7.144849,-2.6371927,70.96182,25.378605,89.09089,0.50616366
3.25,41.353928,-6.8018513,-2.930426,70.0,25.0,90.0,41.583054,-7.1445093,-2.6372309,70.96165,25.378994,89.091194,0.50584245
3.254166666666667,41.353928,-6.8018513,-2.930426,70.0,25.0,90.0,41.582954,-7.144376,-2.6371946,70.96153,25.379143,89.091354,0.50572807
3.2583333333333333,41.353928,-6.8018513,-2.930426,70.0,25.0,90.0,41.58292,-7.144335,-2.6371546,70.96151,25.379166,89.09141,0.505708
3.2625,41.353928,-6.8018513,-2.930426,70.0,25.0,90.0,41.582916,-7.144329,-2.637145,70.9615,25.37917,89.091415,0.5057079
3.2666666666666666,41.353928,-6.8018513,-2.930426,70.0,25.0,90.0,41.582916,-7.14433,-2.6371403,70.961494,25.37917,89.091415,0.5057113
3.2708333333333335,41.353928,-6.8018513,-2.930426,70.0,25.0,90.0,41.582916,-7.14433,-2.6371422,70.961494,25.379166,89.091415,0.50571024
3.275,41.353928,-6.8018513,-2.930426,70.0,25.0,90.0,41.582916,-7.144331,-2.6371431,70.961494,25.379166,89.091415,0.5057103
3.279166666666667,41.353928,-6.8018513,-2.930426,70.0,25.0,90.0,41.58292,-7.14433,-2.6371403,70.9615,25.37917,89.091415,0.50571305
3.283333333333333,41.353928,-6.8018513,-2.930426,70.0,25.0,90.0,41.582916,-7.144331,-2.6371403,70.961494,25.37917,89.091415,0.505712
3.2875,41.353928,-6.8018513,-2.930426,70.0,25.0,90.0,41.582916,-7.144331,-2.6371422,70.9615,25.37917,89.091415,0.5057109
3.2916666666666665,41.353928,-6.8018513,-2.930426,70.0,25.0,90.0,41.58292,-7.144333,-2.637144,70.961494,25.37917,89.091415,0.50571275
3.2958333333333334,41.353928,-6.8018513,-2.930426,70.0,25.0,90.0,41.58292,-7.144333,-2.6371431,70.9615,25.37917,89.09141,0.50571334
3.3,41.353928,-6.8018513,-2.930426,70.0,25.0,90.0,41.58292,-7.144331,-2.6371422,70.961494,25.379173,89.09141,0.50571257
3.3041666666666667,41.353928,-6.8018513,-2.930426,70.0,25.0,90.0,41.582916,-7.144335,-2.637145,70.961494,25.37917,89.09141,0.5057118
3.308333333333333,41.353928,-6.8018513,-2.930426,70.0,25.0,90.0,41.58292,-7.144331,-2.637145,70.9615,25.37917,89.09141,0.50571096
3.3125,41.353928,-6.8018513,-2.930426,70.0,25.0,90.0,41.58292,-7.144335,-2.6371431,70.961494,25.379173,89.09141,0.50571465
3.316666666666667,41.353928,-6.8018513,-2.930426,70.0,25.0,90.0,41.58292,-7.1443357,-2.6371431,70.961494,25.37917,89.09141,0.50571525
3.3208333333333333,41.353928,-6.8018513,-2.930426,70.0,25.0,90.0,41.58292,-7.144333,-2.637147,70.961494,25.379173,89.09141,0.50571114
3.325,41.353928,-6.8018513,-2.930426,70.0,25.0,90.0,41.58292,-7.144335,-2.637144,70.961494,25.379173,89.09141,0.50571406
3.3291666666666666,41.353928,-6.8018513,-2.930426,70.0,25.0,90.0,41.582916,-7.144335,-2.637146,70.961494,25.379173,89.09141,0.50571126
3.3333333333333335,41.353928,-6.8018513,-2.930426,70.0,25.0,90.0,41.58292,-7.144333,-2.6371431,70.9615,25.37917,89.09141,0.50571334
3.3375,41.353928,-6.8018513,-2.930426,70.0,25.0,90.0,41.58292,-7.144331,-2.637146,70.9615,25.37917,89.09141,0.50571036
3.341666666666667,41.353928,-6.8018513,-2.930426,70.0,25.0,90.0,41.582916,-7.1443357,-2.637147,70.961494,25.37917,89.09141,0.5057113
3.345833333333333,41.353928,-6.8018513,-2.930426,70.0,25.0,90.0,41.58292,-7.144335,-2.637144,70.961494,25.37917,89.09141,0.50571406
3.35,41.353928,-6.8018513,-2.930426,70.0,25.0,90.0,41.582916,-7.144335,-2.637146,70.961494,25.379173,89.09141,0.50571126
3.3541666666666665,41.353928,-6.8018513,-2.930426,70.0,25.0,90.0,41.582916,-7.144333,-2.637146,70.961494,25.37917,89.09141,0.50570995
3.3583333333333334,41.353928,-6.8018513,-2.930426,70.0,25.0,90.0,41.582916,-7.144335,-2.637148,70.961494,25.379166,89.09141,0.5057101
3.3625,41.353928,-6.8018513,-2.930426,70.0,25.0,90.0,41.582916,-7.144333,-2.637147,70.961494,25.37917,89.09141,0.5057094
3.3666666666666667,41.353928,-6.8018513,-2.930426,70.0,25.0,90.0,41.58292,-7.144333,-2.637148,70.961494,25.37917,89.09141,0.50571054
3.370833333333333,41.353928,-6.8018513,-2.930426,70.0,25.0,90.0,41.582916,-7.144333,-2.637146,70.961494,25.37917,89.09141,0.50570995
3.375,41.353928,-6.8018513,-2.930426,70.0,25.0,90.0,41.582916,-7.144333,-2.637146,70.961494,25.37917,89.09141,0.50570995
3.379166666666667,41.353928,-6.8018513,-2.930426,70.0,25.0,90.0,41.582916,-7.144333,-2.637146,70.961494,25.37917,89.09141,0.50570995
3.3833333333333333,41.353928,-6.8018513,-2.930426,70.0,25.0,90.0,41.582916,-7.144333,-2.637146,70.961494,25.37917,89.09141,0.50570995
3.3875,41.353928,-6.8018513,-2.930426,70.0,25.0,90.0,41.582916,-7.144333,-2.637146,70.961494,25.37917,89.09141,0.50570995
3.3916666666666666,41.353928,-6.8018513,-2.930426,70.0,25.0,90.0,41.582916,-7.144333,-2.637146,70.961494,25.37917,89.09141,0.50570995
3.3958333333333335,41.353928,-6.8018513,-2.930426,70.0,25.0,90.0,41.582916,-7.144333,-2.637146,70.961494,25.37917,89.09141,0.50570995
3.4,41.353928,-6.8018513,-2.930426,70.0,25.0,90.0,41.582916,-7.144333,-2.637146,70.961494,25.37917,89.09141,0.50570995
3.404166666666667,41.353928,-6.8018513,-2.930426,70.0,25.0,90.0,41.582916,-7.144333,-2.637146,70.961494,25.37917,89.09141,0.50570995
3.408333333333333,41.353928,-6.8018513,-2.930426,70.0,25.0,90.0,41.582916,-7.144333,-2.637146,70.961494,25.37917,89.09141,0.50570995
3.4125,41.353928,-6.8018513,-2.930426,70.0,25.0,90.0,41.582916,-7.144333,-2.637146,70.961494,25.37917,89.09141,0.50570995
3.4166666666666665,41.353928,-6.8018513,-2.930426,70.0,25.0,90.0,41.582916,-7.144333,-2.637146,70.961494,25.37917,89.09141,0.50570995
3.4208333333333334,41.353928,-6.8018513,-2.930426,70.0,25.0,90.0,41.582916,-7.144333,-2.637146,70.961494,25.37917,89.09141,0.50570995
3.425,41.353928,-6.8018513,-2.930426,70.0,25.0,90.0,41.582916,-7.144333,-2.637146,70.961494,25.37917,89.09141,0.50570995
3.4291666666666667,41.353928,-6.8018513,-2.930426,70.0,25.0,90.0,41.582916,-7.144333,-2.637146,70.961494,25.37917,89.09141,0.50570995
3.433333333333333,41.353928,-6.8018513,-2.930426,70.0,25.0,90.0,41.582916,-7.144333,-2.637146,70.961494,25.37917,89.09141,0.50570995
3.4375,41.353928,-6.8018513,-2.930426,70.0,25.0,90.0,41.582916,-7.144333,-2.637146,70.961494,25.37917,89.09141,0.50570995
3.441666666666667,41.353928,-6.8018513,-2.930426,70.0,25.0,90.0,41.582916,-7.144333,-2.637146,70.961494,25.37917,89.09141,0.50570995
3.4458333333333333,41.353928,-6.8018513,-2.930426,70.0,25.0,90.0,41.582916,-7.144333,-2.637146,70.961494,25.37917,89.09141,0.50570995
3.45,41.353928,-6.8018513,-2.930426,70.0,25.0,90.0,41.582916,-7.144333,-2.637146,70.961494,25.37917,89.09141,0.50570995
3.4541666666666666,41.353928,-6.8018513,-2.930426,70.0,25.0,90.0,41.582916,-7.144333,-2.637146,70.961494,25.37917,89.09141,0.50570995
3.4583333333333335,41.353928,-6.8018513,-2.930426,70.0,25.0,90.0,41.582916,-7.144333,-2.637146,70.961494,25.37917,89.09141,0.50570995
3.4625,41.353928,-6.8018513,-2.930426,70.0,25.0,90.0,41.582916,-7.144333,-2.637146,70.961494,25.37917,89.09141,0.50570995
3.466666666666667,41.353928,-6.8018513,-2.930426,70.0,25.0,90.0,41.582916,-7.144333,-2.637146,70.961494,25.37917,89.09141,0.50570995
3.470833333333333,41.353928,-6.8018513,-2.930426,70.0,25.0,90.0,41.582916,-7.144333,-2.637146,70.961494,25.37917,89.09141,0.50570995
3.475,41.353928,-6.8018513,-2.930426,70.0,25.0,90.0,41.582916,-7.144333,-2.637146,70.961494,25.37917,89.09141,0.50570995
3.4791666666666665,41.353928,-6.8018513,-2.930426,70.0,25.0,90.0,41.582916,-7.144333,-2.637146,70.961494,25.37917,89.09141,0.50570995
3.4833333333333334,41.353928,-6.8018513,-2.930426,70.0,25.0,90.0,41.582916,-7.144333,-2.637146,70.961494,25.37917,89.09141,0.50570995
3.4875,41.353928,-6.8018513,-2.930426,70.0,25.0,90.0,41.582916,-7.144333,-2.637146,70.961494,25.37917,89.09141,0.50570995
3.4916666666666667,41.353928,-6.8018513,-2.930426,70.0,25.0,90.0,41.582916,-7.144333,-2.637146,70.961494,25.37917,89.09141,0.50570995
3.495833333333333,41.353928,-6.8018513,-2.930426,70.0,25.0,90.0,41.582916,-7.144333,-2.637146,70.961494,25.37917,89.09141,0.50570995
3.5,41.353928,-6.8018513,-2.930426,70.0,25.0,90.0,41.582916,-7.144333,-2.637146,70.961494,25.37917,89.09141,0.50570995
3.504166666666667,41.353928,-6.8018513,-2.930426,70.0,25.0,90.0,41.582916,-7.144333,-2.637146,70.961494,25.37917,89.09141,0.50570995
3.5083333333333333,41.353928,-6.8018513,-2.930426,70.0,25.0,90.0,41.582916,-7.144333,-2.637146,70.961494,25.37917,89.09141,0.50570995
3.5125,41.353928,-6.8018513,-2.930426,70.0,25.0,90.0,41.582916,-7.144333,-2.637146,70.961494,25.37917,89.09141,0.50570995
3.5166666666666666,41.353928,-6.8018513,-2.930426,70.0,25.0,90.0,41.582916,-7.144333,-2.637146,70.961494,25.37917,89.09141,0.50570995
3.5208333333333335,41.353928,-6.8018513,-2.930426,70.0,25.0,90.0,41.582916,-7.144333,-2.637146,70.961494,25.37917,89.09141,0.50570995
3.525,41.353928,-6.8018513,-2.930426,70.0,25.0,90.0,41.582916,-7.144333,-2.637147,70.961494,25.37917,89.09141,0.5057094
3.529166666666667,41.353928,-6.8018513,-2.930426,70.0,25.0,90.0,41.58292,-7.144335,-2.6371489,70.961494,25.37917,89.09141,0.5057113
3.533333333333333,41.353928,-6.8018513,-2.930426,70.0,25.0,90.0,41.58292,-7.144335,-2.637146,70.961494,25.37917,89.09141,0.5057129
3.5375,41.353928,-6.8018513,-2.930426,70.0,25.0,90.0,41.58292,-7.144333,-2.637147,70.961494,25.379173,89.09141,0.50571114
3.5416666666666665,41.353928,-6.8018513,-2.930426,70.0,25.0,90.0,41.582916,-7.144333,-2.637147,70.96149,25.379173,89.09141,0.5057094
3.5458333333333334,41.353928,-6.8018513,-2.930426,70.0,25.0,90.0,41.582916,-7.144331,-2.6371489,70.961494,25.37917,89.09141,0.505707
3.55,41.353928,-6.8018513,-2.930426,70.0,25.0,90.0,41.582916,-7.144335,-2.637148,70.961494,25.379177,89.09141,0.5057101
3.5541666666666667,41.353928,-6.8018513,-2.930426,70.0,25.0,90.0,41.582924,-7.1443357,-2.637147,70.961494,25.379166,89.091415,0.5057148
3.558333333333333,41.353928,-6.8018513,-2.930426,70.0,25.0,90.0,41.58292,-7.1443357,-2.637145,70.96149,25.37917,89.091415,0.5057142
3.5625,41.353928,-6.8018513,-2.930426,70.0,25.0,90.0,41.582916,-7.144333,-2.637146,70.961494,25.37917,89.091415,0.50570995
3.566666666666667,41.353928,-6.8018513,-2.930426,70.0,25.0,90.0,41.582916,-7.144333,-2.637145,70.961494,25.379166,89.091415,0.5057105
3.5708333333333333,41.353928,-6.8018513,-2.930426,70.0,25.0,90.0,41.582916,-7.144333,-2.637144,70.96149,25.379162,89.091415,0.5057111
3.575,41.353928,-6.8018513,-2.930426,70.0,25.0,90.0,41.582916,-7.144331,-2.637145,70.961494,25.37917,89.091415,0.50570923
3.5791666666666666,41.353928,-6.8018513,-2.930426,70.0,25.0,90.0,41.582916,-7.14433,-2.637147,70.961494,25.37917,89.091415,0.50570744
3.5833333333333335,41.353928,-6.8018513,-2.930426,70.0,25.0,90.0,41.58292,-7.144331,-2.637146,70.961494,25.379173,89.091415,0.50571036
3.5875,41.353928,-6.8018513,-2.930426,70.0,25.0,90.0,41.582916,-7.144327,-2.637144,70.961494,25.37917,89.091415,0.5057072
3.591666666666667,41.353928,-6.8018513,-2.930426,70.0,25.0,90.0,41.58292,-7.14433,-2.637145,70.961494,25.37917,89.091415,0.5057103
3.595833333333333,41.353928,-6.8018513,-2.930426,70.0,25.0,90.0,41.582916,-7.144328,-2.637145,70.961494,25.37917,89.091415,0.50570726
3.6,41.353928,-6.8018513,-2.930426,70.0,25.0,90.0,41.582916,-7.144327,-2.637146,70.961494,25.37917,89.091415,0.5057061
3.6041666666666665,41.353928,-6.8018513,-2.930426,70.0,25.0,90.0,41.582916,-7.14433,-2.637145,70.96149,25.37917,89.091415,0.5057086
3.6083333333333334,41.353928,-6.8018513,-2.930426,70.0,25.0,90.0,41.582916,-7.144328,-2.637144,70.961494,25.37917,89.091415,0.5057078
3.6125,41.353928,-6.8018513,-2.930426,70.0,25.0,90.0,41.582916,-7.144328,-2.637144,70.961494,25.379173,89.091415,0.5057078
3.6166666666666667,41.353928,-6.8018513,-2.930426,70.0,25.0,90.0,41.582916,-7.14433,-2.6371431,70.961494,25.37917,89.091415,0.5057097
3.620833333333333,41.353928,-6.8018513,-2.930426,70.0,25.0,90.0,41.582916,-7.144328,-2.6371422,70.96149,25.37917,89.091415,0.50570893
3.625,41.353928,-6.8018513,-2.930426,70.0,25.0,90.0,41.582916,-7.144328,-2.6371431,70.961494,25.379166,89.09142,0.5057084
3.629166666666667,41.353928,-6.8018513,-2.930426,70.0,25.0,90.0,41.582916,-7.14433,-2.6371431,70.961494,25.37917,89.091415,0.5057097
3.6333333333333333,41.353928,-6.8018513,-2.930426,70.0,25.0,90.0,41.582916,-7.14433,-2.6371422,70.961494,25.37917,89.091415,0.50571024
3.6375,41.353928,-6.8018513,-2.930426,70.0,25.0,90.0,41.582916,-7.14433,-2.6371403,70.961494,25.37917,89.091415,0.5057113
3.6416666666666666,41.353928,-6.8018513,-2.930426,70.0,25.0,90.0,41.582916,-7.144328,-2.6371422,70.9615,25.379166,89.091415,0.50570893
3.6458333333333335,41.353928,-6.8018513,-2.930426,70.0,25.0,90.0,41.582916,-7.144328,-2.6371422,70.961494,25.37917,89.091415,0.50570893
3.65,41.353928,-6.8018513,-2.930426,70.0,25.0,90.0,41.582916,-7.14433,-2.6371422,70.961494,25.37917,89.091415,0.50571024
3.654166666666667,41.353928,-6.8018513,-2.930426,70.0,25.0,90.0,41.582916,-7.144331,-2.6371393,70.961494,25.37917,89.091415,0.50571257
3.658333333333333,41.353928,-6.8018513,-2.930426,70.0,25.0,90.0,41.582916,-7.14433,-2.6371422,70.9615,25.379173,89.091415,0.50571024
3.6625,41.353928,-6.8018513,-2.930426,70.0,25.0,90.0,41.582916,-7.144331,-2.6371431,70.961494,25.37917,89.091415,0.5057103
3.6666666666666665,41.353928,-6.8018513,-2.930426,70.0,25.0,90.0,41.582916,-7.14433,-2.6371431,70.961494,25.37917,89.091415,0.5057097
3.6708333333333334,41.353928,-6.8018513,-2.930426,70.0,25.0,90.0,41.582916,-7.144328,-2.6371422,70.9615,25.379162,89.091415,0.50570893
3.675,41.353928,-6.8018513,-2.930426,70.0,25.0,90.0,41.582916,-7.14433,-2.6371393,70.9615,25.37917,89.091415,0.5057119
3.6791666666666667,41.353928,-6.8018513,-2.930426,70.0,25.0,90.0,41.582916,-7.144331,-2.6371393,70.9615,25.37917,89.091415,0.50571257
3.683333333333333,41.353928,-6.8018513,-2.930426,70.0,25.0,90.0,41.582916,-7.144331,-2.6371422,70.9615,25.379173,89.091415,0.5057109
3.6875,41.353928,-6.8018513,-2.930426,70.0,25.0,90.0,41.582916,-7.14433,-2.6371422,70.961494,25.37917,89.09141,0.50571024
3.691666666666667,41.353928,-6.8018513,-2.930426,70.0,25.0,90.0,41.582916,-7.144333,-2.6371431,70.9615,25.379166,89.09141,0.5057116
3.6958333333333333,41.353928,-6.8018513,-2.930426,70.0,25.0,90.0,41.582916,-7.144333,-2.6371431,70.9615,25.37917,89.09141,0.5057116
3.7,41.353928,-6.8018513,-2.930426,70.0,25.0,90.0,41.58292,-7.144333,-2.6371431,70.9615,25.37917,89.09141,0.50571334
3.7041666666666666,41.353928,-6.8018513,-2.930426,70.0,25.0,90.0,41.582916,-7.144333,-2.6371422,70.9615,25.37917,89.09141,0.50571215
3.7083333333333335,41.353928,-6.8018513,-2.930426,70.0,25.0,90.0,41.582924,-7.144335,-2.637144,70.961494,25.379173,89.09141,0.5057158
3.7125,41.353928,-6.8018513,-2.930426,70.0,25.0,90.0,41.58292,-7.144335,-2.6371431,70.961494,25.379173,89.09141,0.50571465
3.716666666666667,41.353928,-6.8018513,-2.930426,70.0,25.0,90.0,41.58292,-7.144335,-2.637146,70.961494,25.379173,89.09141,0.5057129
3.720833333333333,41.353928,-6.8018513,-2.930426,70.0,25.0,90.0,41.58292,-7.144335,-2.6371431,70.961494,25.379173,89.09141,0.50571465
3.725,41.353928,-6.8018513,-2.930426,70.0,25.0,90.0,41.582916,-7.144335,-2.637145,70.961494,25.37917,89.09141,0.5057118
3.7291666666666665,41.353928,-6.8018513,-2.930426,70.0,25.0,90.0,41.582924,-7.144335,-2.637145,70.9615,25.37917,89.09141,0.50571525
3.7333333333333334,41.353928,-6.8018513,-2.930426,70.0,25.0,90.0,41.58292,-7.144335,-2.637145,70.961494,25.37917,89.09141,0.5057135
3.7375,41.353928,-6.8018513,-2.930426,70.0,25.0,90.0,41.58292,-7.144335,-2.6371431,70.9615,25.379173,89.09141,0.50571465
3.7416666666666667,41.353928,-6.8018513,-2.930426,70.0,25.0,90.0,41.58292,-7.1443357,-2.637146,70.961494,25.37917,89.091415,0.5057136
3.745833333333333,41.353928,-6.8018513,-2.930426,70.0,25.0,90.0,41.58292,-7.144335,-2.637145,70.961494,25.37917,89.091415,0.5057135
3.75,41.353928,-6.8018513,-2.930426,70.0,25.0,90.0,41.58292,-7.144335,-2.637145,70.961494,25.37917,89.09141,0.5057135
3.754166666666667,41.353928,-6.8018513,-2.930426,70.0,25.0,90.0,41.58292,-7.144335,-2.637146,70.961494,25.37917,89.09141,0.5057129
3.7583333333333333,41.353928,-6.8018513,-2.930426,70.0,25.0,90.0,41.58292,-7.1443357,-2.637145,70.961494,25.37917,89.09141,0.5057142
3.7625,41.353928,-6.8018513,-2.930426,70.0,25.0,90.0,41.58292,-7.1443357,-2.637146,70.961494,25.37917,89.09141,0.5057136
3.7666666666666666,41.353928,-6.8018513,-2.930426,70.0,25.0,90.0,41.58292,-7.1443357,-2.637145,70.961494,25.37917,89.091415,0.5057142
3.7708333333333335,41.353928,-6.8018513,-2.930426,70.0,25.0,90.0,41.58292,-7.1443357,-2.637145,70.961494,25.37917,89.091415,0.5057142
3.775,41.353928,-6.8018513,-2.930426,70.0,25.0,90.0,41.58292,-7.1443357,-2.637145,70.961494,25.37917,89.091415,0.5057142
3.779166666666667,41.353928,-6.8018513,-2.930426,70.0,25.0,90.0,41.58292,-7.1443357,-2.637145,70.961494,25.37917,89.091415,0.5057142
3.783333333333333,41.353928,-6.8018513,-2.930426,70.0,25.0,90.0,41.58292,-7.1443357,-2.637145,70.961494,25.37917,89.091415,0.5057142
3.7875,41.353928,-6.8018513,-2.930426,70.0,25.0,90.0,41.58292,-7.1443357,-2.637145,70.961494,25.37917,89.091415,0.5057142
3.7916666666666665,41.353928,-6.8018513,-2.930426,70.0,25.0,90.0,41.58292,-7.1443357,-2.637145,70.961494,25.37917,89.091415,0.5057142
3.7958333333333334,41.353928,-6.8018513,-2.930426,70.0,25.0,90.0,41.58292,-7.1443357,-2.637145,70.961494,25.37917,89.091415,0.5057142
3.8,41.353928,-6.8018513,-2.930426,70.0,25.0,90.0,41.58292,-7.1443357,-2.637145,70.961494,25.37917,89.091415,0.5057142
3.8041666666666667,41.353928,-6.8018513,-2.930426,70.0,25.0,90.0,41.58292,-7.1443357,-2.637145,70.961494,25.37917,89.091415,0.5057142
3.808333333333333,41.353928,-6.8018513,-2.930426,70.0,25.0,90.0,41.58292,-7.1443357,-2.637145,70.961494,25.37917,89.091415,0.5057142
3.8125,41.353928,-6.8018513,-2.930426,70.0,25.0,90.0,41.58292,-7.1443357,-2.637145,70.961494,25.37917,89.091415,0.5057142
3.816666666666667,41.353928,-6.8018513,-2.930426,70.0,25.0,90.0,41.58292,-7.1443357,-2.637145,70.961494,25.37917,89.091415,0.5057142
3.8208333333333333,41.353928,-6.8018513,-2.930426,70.0,25.0,90.0,41.58292,-7.1443357,-2.637145,70.961494,25.37917,89.091415,0.5057142
3.825,41.353928,-6.8018513,-2.930426,70.0,25.0,90.0,41.58292,-7.1443357,-2.637145,70.961494,25.37917,89.091415,0.5057142
3.8291666666666666,41.353928,-6.8018513,-2.930426,70.0,25.0,90.0,41.58292,-7.1443357,-2.637145,70.961494,25.37917,89.091415,0.5057142
3.8333333333333335,41.353928,-6.8018513,-2.930426,70.0,25.0,90.0,41.58292,-7.1443357,-2.637145,70.961494,25.37917,89.091415,0.5057142
3.8375,41.353928,-6.8018513,-2.930426,70.0,25.0,90.0,41.58292,-7.1443357,-2.637145,70.961494,25.37917,89.091415,0.5057142
3.841666666666667,41.353928,-6.8018513,-2.930426,70.0,25.0,90.0,41.58292,-7.1443357,-2.637145,70.961494,25.37917,89.091415,0.5057142
3.845833333333333,41.353928,-6.8018513,-2.930426,70.0,25.0,90.0,41.58292,-7.1443357,-2.637145,70.961494,25.37917,89.091415,0.5057142
3.85,41.353928,-6.8018513,-2.930426,70.0,25.0,90.0,41.58292,-7.1443357,-2.637145,70.961494,25.37917,89.091415,0.5057142
3.8541666666666665,41.353928,-6.8018513,-2.930426,70.0,25.0,90.0,41.58292,-7.1443357,-2.637145,70.961494,25.37917,89.091415,0.5057142
3.8583333333333334,41.353928,-6.8018513,-2.930426,70.0,25.0,90.0,41.58292,-7.1443357,-2.637145,70.961494,25.37917,89.091415,0.5057142
3.8625,41.353928,-6.8018513,-2.930426,70.0,25.0,90.0,41.58292,-7.1443357,-2.637145,70.961494,25.37917,89.091415,0.5057142
3.8666666666666667,41.353928,-6.8018513,-2.930426,70.0,25.0,90.0,41.58292,-7.1443357,-2.637145,70.961494,25.37917,89.091415,0.5057142
3.870833333333333,41.353928,-6.8018513,-2.930426,70.0,25.0,90.0,41.58292,-7.1443357,-2.637145,70.961494,25.37917,89.091415,0.5057142
3.875,41.353928,-6.8018513,-2.930426,70.0,25.0,90.0,41.58292,-7.1443357,-2.637145,70.961494,25.37917,89.091415,0.5057142
3.879166666666667,41.353928,-6.8018513,-2.930426,70.0,25.0,90.0,41.58292,-7.1443357,-2.637145,70.961494,25.37917,89.091415,0.5057142
3.8833333333333333,41.353928,-6.8018513,-2.930426,70.0,25.0,90.0,41.58292,-7.1443357,-2.637145,70.961494,25.37917,89.091415,0.5057142
3.8875,41.353928,-6.8018513,-2.930426,70.0,25.0,90.0,41.58292,-7.1443357,-2.637145,70.961494,25.37917,89.091415,0.5057142
3.8916666666666666,41.353928,-6.8018513,-2.930426,70.0,25.0,90.0,41.58292,-7.1443357,-2.637145,70.961494,25.37917,89.091415,0.5057142
3.8958333333333335,41.353928,-6.8018513,-2.930426,70.0,25.0,90.0,41.58292,-7.1443357,-2.637145,70.961494,25.37917,89.091415,0.5057142
3.9,41.353928,-6.8018513,-2.930426,70.0,25.0,90.0,41.58292,-7.1443357,-2.637145,70.961494,25.37917,89.091415,0.5057142
3.904166666666667,41.353928,-6.8018513,-2.930426,70.0,25.0,90.0,41.58292,-7.1443357,-2.637145,70.961494,25.37917,89.091415,0.5057142
3.908333333333333,41.353928,-6.8018513,-2.930426,70.0,25.0,90.0,41.58292,-7.1443357,-2.637145,70.961494,25.37917,89.091415,0.5057142
3.9125,41.353928,-6.8018513,-2.930426,70.0,25.0,90.0,41.58292,-7.1443357,-2.637145,70.961494,25.37917,89.091415,0.5057142
3.9166666666666665,41.353928,-6.8018513,-2.930426,70.0,25.0,90.0,41.58292,-7.1443357,-2.637145,70.961494,25.37917,89.091415,0.5057142
3.9208333333333334,41.353928,-6.8018513,-2.930426,70.0,25.0,90.0,41.582916,-7.1443357,-2.637145,70.961494,25.37917,89.09141,0.50571245
3.925,41.353928,-6.8018513,-2.930426,70.0,25.0,90.0,41.58292,-7.1443357,-2.637146,70.961494,25.37917,89.09141,0.5057136
3.9291666666666667,41.353928,-6.8018513,-2.930426,70.0,25.0,90.0,41.582916,-7.1443357,-2.637145,70.961494,25.37917,89.09141,0.50571245
3.933333333333333,41.353928,-6.8018513,-2.930426,70.0,25.0,90.0,41.582916,-7.144335,-2.637147,70.961494,25.37917,89.091415,0.50571066
3.9375,41.353928,-6.8018513,-2.930426,70.0,25.0,90.0,41.582916,-7.144335,-2.637147,70.96149,25.37917,89.09141,0.50571066
3.941666666666667,41.353928,-6.8018513,-2.930426,70.0,25.0,90.0,41.58292,-7.144333,-2.6371489,70.961494,25.379173,89.09141,0.50571
3.9458333333333333,41.353928,-6.8018513,-2.930426,70.0,25.0,90.0,41.582916,-7.1443357,-2.637147,70.96149,25.37917,89.09141,0.5057113
3.95,41.353928,-6.8018513,-2.930426,70.0,25.0,90.0,41.582916,-7.144335,-2.6371489,70.961494,25.37917,89.091415,0.5057096
3.9541666666666666,41.353928,-6.8018513,-2.930426,70.0,25.0,90.0,41.582916,-7.144335,-2.637145,70.961494,25.37917,89.091415,0.5057118
3.9583333333333335,41.353928,-6.8018513,-2.930426,70.0,25.0,90.0,41.58292,-7.144333,-2.637145,70.961494,25.37917,89.091415,0.5057122
3.9625,41.353928,-6.8018513,-2.930426,70.0,25.0,90.0,41.582916,-7.144333,-2.637145,70.961494,25.37917,89.091415,0.5057105
3.966666666666667,41.353928,-6.8018513,-2.930426,70.0,25.0,90.0,41.582912,-7.144333,-2.6371431,70.96149,25.379166,89.091415,0.5057099
3.970833333333333,41.353928,-6.8018513,-2.930426,70.0,25.0,90.0,41.582916,-7.144333,-2.637144,70.961494,25.37917,89.091415,0.5057111
3.975,41.353928,-6.8018513,-2.930426,70.0,25.0,90.0,41.582916,-7.144328,-2.637146,70.96149,25.379173,89.091415,0.5057067
3.9791666666666665,41.353928,-6.8018513,-2.930426,70.0,25.0,90.0,41.582916,-7.14433,-2.637145,70.961494,25.37917,89.091415,0.5057086
3.9833333333333334,41.353928,-6.8018513,-2.930426,70.0,25.0,90.0,41.582916,-7.144328,-2.637146,70.96149,25.37917,89.091415,0.5057067
3.9875,41.353928,-6.8018513,-2.930426,70.0,25.0,90.0,41.582916,-7.144328,-2.637144,70.961494,25.37917,89.091415,0.5057078
3.9916666666666667,41.353928,-6.8018513,-2.930426,70.0,25.0,90.0,41.582916,-7.144328,-2.637146,70.961494,25.37917,89.091415,0.5057067
3.995833333333333,41.353928,-6.8018513,-2.930426,70.0,25.0,90.0,41.582916,-7.144328,-2.637144,70.961494,25.37917,89.091415,0.5057078
4.0,41.353928,-6.8018513,-2.930426,70.0,25.0,90.0,41.582916,-7.14433,-2.637145,70.961494,25.37917,89.091415,0.5057086
4.004166666666666,41.353928,-6.8018513,-2.930426,70.0,25.0,90.0,41.582916,-7.144331,-2.6371431,70.961494,25.37917,89.091415,0.5057103
4.008333333333334,41.353928,-6.8018513,-2.930426,70.0,25.0,90.0,41.582916,-7.144327,-2.6371422,70.961494,25.37917,89.09142,0.5057083
4.0125,41.353928,-6.8018513,-2.930426,70.0,25.0,90.0,41.58292,-7.144331,-2.6371431,70.961494,25.37917,89.091415,0.50571203
4.016666666666667,41.353928,-6.8018513,-2.930426,70.0,25.0,90.0,41.582916,-7.144331,-2.6371431,70.961494,25.37917,89.091415,0.5057103
4.020833333333333,41.353928,-6.8018513,-2.930426,70.0,25.0,90.0,41.582916,-7.144331,-2.6371422,70.9615,25.379173,89.091415,0.5057109
4.025,41.353928,-6.8018513,-2.930426,70.0,25.0,90.0,41.582916,-7.144333,-2.637144,70.9615,25.37917,89.091415,0.5057111
4.029166666666667,41.353928,-6.8018513,-2.930426,70.0,25.0,90.0,41.582916,-7.144331,-2.6371431,70.9615,25.37917,89.091415,0.5057103
4.033333333333333,41.353928,-6.8018513,-2.930426,70.0,25.0,90.0,41.582916,-7.144331,-2.6371422,70.9615,25.37917,89.091415,0.5057109
4.0375,41.353928,-6.8018513,-2.930426,70.0,25.0,90.0,41.582916,-7.144331,-2.6371422,70.961494,25.37917,89.091415,0.5057109
4.041666666666667,41.353928,-6.8018513,-2.930426,70.0,25.0,90.0,41.582916,-7.144331,-2.6371431,70.9615,25.37917,89.091415,0.5057103
4.045833333333333,41.353928,-6.8018513,-2.930426,70.0,25.0,90.0,41.582916,-7.144333,-2.637144,70.9615,25.379166,89.091415,0.5057111
4.05,41.353928,-6.8018513,-2.930426,70.0,25.0,90.0,41.582916,-7.144331,-2.6371422,70.9615,25.37917,89.091415,0.5057109
4.054166666666666,41.353928,-6.8018513,-2.930426,70.0,25.0,90.0,41.582916,-7.14433,-2.6371431,70.9615,25.37917,89.091415,0.5057097
4.058333333333334,41.353928,-6.8018513,-2.930426,70.0,25.0,90.0,41.582916,-7.144328,-2.6371431,70.9615,25.37917,89.091415,0.5057084
4.0625,41.353928,-6.8018513,-2.930426,70.0,25.0,90.0,41.582916,-7.144331,-2.6371422,70.9615,25.37917,89.091415,0.5057109
4.066666666666666,41.353928,-6.8018513,-2.930426,70.0,25.0,90.0,41.582916,-7.14433,-2.6371431,70.9615,25.379166,89.091415,0.5057097
4.070833333333334,41.353928,-6.8018513,-2.930426,70.0,25.0,90.0,41.58292,-7.14433,-2.6371422,70.9615,25.379166,89.091415,0.505712
4.075,41.353928,-6.8018513,-2.930426,70.0,25.0,90.0,41.582916,-7.144328,-2.6371431,70.9615,25.37917,89.091415,0.5057084
4.079166666666667,41.353928,-6.8018513,-2.930426,70.0,25.0,90.0,41.582916,-7.144331,-2.637144,70.9615,25.37917,89.09141,0.50570977
4.083333333333333,41.353928,-6.8018513,-2.930426,70.0,25.0,90.0,41.582916,-7.144331,-2.6371431,70.9615,25.379166,89.09141,0.5057103
4.0875,41.353928,-6.8018513,-2.930426,70.0,25.0,90.0,41.582916,-7.144335,-2.637145,70.9615,25.37917,89.09141,0.5057118
4.091666666666667,41.353928,-6.8018513,-2.930426,70.0,25.0,90.0,41.582916,-7.144331,-2.637145,70.9615,25.37917,89.09141,0.50570923
4.095833333333333,41.353928,-6.8018513,-2.930426,70.0,25.0,90.0,41.582916,-7.144335,-2.6371422,70.9615,25.37917,89.09141,0.5057134
4.1,41.353928,-6.8018513,-2.930426,70.0,25.0,90.0,41.58292,-7.144335,-2.6371431,70.9615,25.379166,89.09141,0.50571465
4.104166666666667,41.353928,-6.8018513,-2.930426,70.0,25.0,90.0,41.58292,-7.144335,-2.6371422,70.961494,25.379173,89.09141,0.5057152
4.108333333333333,41.353928,-6.8018513,-2.930426,70.0,25.0,90.0,41.582924,-7.144335,-2.6371431,70.961494,25.37917,89.09141,0.5057163
4.1125,41.353928,-6.8018513,-2.930426,70.0,25.0,90.0,41.58292,-7.144331,-2.637144,70.961494,25.379173,89.09141,0.5057115
4.116666666666666,41.353928,-6.8018513,-2.930426,70.0,25.0,90.0,41.58292,-7.144333,-2.6371422,70.9615,25.379173,89.09141,0.5057139
4.120833333333334,41.353928,-6.8018513,-2.930426,70.0,25.0,90.0,41.582916,-7.144335,-2.6371431,70.9615,25.379173,89.09141,0.50571287
4.125,41.353928,-6.8018513,-2.930426,70.0,25.0,90.0,41.582916,-7.144335,-2.637146,70.9615,25.37917,89.09141,0.50571126
4.129166666666666,41.353928,-6.8018513,-2.930426,70.0,25.0,90.0,41.58292,-7.144333,-2.637145,70.961494,25.379173,89.09141,0.5057122
4.133333333333334,41.353928,-6.8018513,-2.930426,70.0,25.0,90.0,41.58292,-7.144333,-2.6371431,70.961494,25.37917,89.09141,0.50571334
4.1375,41.353928,-6.8018513,-2.930426,70.0,25.0,90.0,41.582924,-7.144331,-2.637147,70.961494,25.37917,89.09141,0.50571156
4.141666666666667,41.353928,-6.8018513,-2.930426,70.0,25.0,90.0,41.582916,-7.144333,-2.637145,70.961494,25.379173,89.09141,0.5057105
4.145833333333333,41.353928,-6.8018513,-2.930426,70.0,25.0,90.0,41.58292,-7.144333,-2.637147,70.961494,25.37917,89.09141,0.50571114
4.15,41.353928,-6.8018513,-2.930426,70.0,25.0,90.0,41.58292,-7.144335,-2.637146,70.961494,25.379173,89.09141,0.5057129
4.154166666666667,41.353928,-6.8018513,-2.930426,70.0,25.0,90.0,41.58292,-7.1443357,-2.637145,70.961494,25.37917,89.09141,0.5057142
4.158333333333333,41.353928,-6.8018513,-2.930426,70.0,25.0,90.0,41.58292,-7.1443357,-2.637145,70.961494,25.37917,89.09141,0.5057142
4.1625,41.353928,-6.8018513,-2.930426,70.0,25.0,90.0,41.58292,-7.1443357,-2.637145,70.961494,25.379173,89.09141,0.5057142
4.166666666666667,41.353928,-6.8018513,-2.930426,70.0,25.0,90.0,41.58292,-7.1443357,-2.637145,70.961494,25.379173,89.09141,0.5057142
4.170833333333333,41.353928,-6.8018513,-2.930426,70.0,25.0,90.0,41.58292,-7.1443357,-2.637145,70.961494,25.379173,89.09141,0.5057142
4.175,41.353928,-6.8018513,-2.930426,70.0,25.0,90.0,41.58292,-7.1443357,-2.637145,70.961494,25.379173,89.09141,0.5057142
4.179166666666666,41.353928,-6.8018513,-2.930426,70.0,25.0,90.0,41.58292,-7.1443357,-2.637145,70.961494,25.379173,89.09141,0.5057142
4.183333333333334,41.353928,-6.8018513,-2.930426,70.0,25.0,90.0,41.58292,-7.1443357,-2.637145,70.961494,25.379173,89.09141,0.5057142
4.1875,41.353928,-6.8018513,-2.930426,70.0,25.0,90.0,41.58292,-7.1443357,-2.637145,70.961494,25.379173,89.09141,0.5057142
4.191666666666666,41.353928,-6.8018513,-2.930426,70.0,25.0,90.0,41.58292,-7.1443357,-2.637145,70.961494,25.379173,89.09141,0.5057142
4.195833333333334,41.353928,-6.8018513,-2.930426,70.0,25.0,90.0,41.58292,-7.1443357,-2.637145,70.961494,25.379173,89.09141,0.5057142
4.2,41.353928,-6.8018513,-2.930426,70.0,25.0,90.0,41.58292,-7.1443357,-2.637145,70.961494,25.379173,89.09141,0.5057142
4.204166666666667,41.353928,-6.8018513,-2.930426,70.0,25.0,90.0,41.58292,-7.1443357,-2.637145,70.961494,25.379173,89.09141,0.5057142
4.208333333333333,41.353928,-6.8018513,-2.930426,70.0,25.0,90.0,41.58292,-7.1443357,-2.637145,70.961494,25.379173,89.09141,0.5057142
4.2125,41.353928,-6.8018513,-2.930426,70.0,25.0,90.0,41.58292,-7.1443357,-2.637145,70.961494,25.379173,89.09141,0.5057142
4.216666666666667,41.353928,-6.8018513,-2.930426,70.0,25.0,90.0,41.58292,-7.1443357,-2.637145,70.961494,25.379173,89.09141,0.5057142
4.220833333333333,41.353928,-6.8018513,-2.930426,70.0,25.0,90.0,41.58292,-7.1443357,-2.637145,70.961494,25.379173,89.09141,0.5057142
4.225,41.353928,-6.8018513,-2.930426,70.0,25.0,90.0,41.58292,-7.1443357,-2.637145,70.961494,25.379173,89.09141,0.5057142
4.229166666666667,41.353928,-6.8018513,-2.930426,70.0,25.0,90.0,41.58292,-7.1443357,-2.637145,70.961494,25.379173,89.09141,0.5057142
4.233333333333333,41.353928,-6.8018513,-2.930426,70.0,25.0,90.0,41.58292,-7.1443357,-2.637145,70.961494,25.379173,89.09141,0.5057142
4.2375,41.353928,-6.8018513,-2.930426,70.0,25.0,90.0,41.58292,-7.1443357,-2.637145,70.961494,25.379173,89.09141,0.5057142
4.241666666666666,41.353928,-6.8018513,-2.930426,70.0,25.0,90.0,41.58292,-7.1443357,-2.637145,70.961494,25.379173,89.09141,0.5057142
4.245833333333334,41.353928,-6.8018513,-2.930426,70.0,25.0,90.0,41.58292,-7.1443357,-2.637145,70.961494,25.379173,89.09141,0.5057142
4.25,41.353928,-6.8018513,-2.930426,70.0,25.0,90.0,41.58292,-7.1443357,-2.637145,70.961494,25.379173,89.09141,0.5057142
4.254166666666666,41.353928,-6.8018513,-2.930426,70.0,25.0,90.0,41.58292,-7.1443357,-2.637145,70.961494,25.379173,89.09141,0.5057142
4.258333333333334,41.353928,-6.8018513,-2.930426,70.0,25.0,90.0,41.58292,-7.1443357,-2.637145,70.961494,25.379173,89.09141,0.5057142
4.2625,41.353928,-6.8018513,-2.930426,70.0,25.0,90.0,41.58292,-7.1443357,-2.637145,70.961494,25.379173,89.09141,0.5057142
4.266666666666667,41.353928,-6.8018513,-2.930426,70.0,25.0,90.0,41.58292,-7.1443357,-2.637145,70.961494,25.379173,89.09141,0.5057142
4.270833333333333,41.353928,-6.8018513,-2.930426,70.0,25.0,90.0,41.58292,-7.1443357,-2.637145,70.961494,25.379173,89.09141,0.5057142
4.275,41.353928,-6.8018513,-2.930426,70.0,25.0,90.0,41.58292,-7.1443357,-2.637145,70.961494,25.379173,89.09141,0.5057142
4.279166666666667,41.353928,-6.8018513,-2.930426,70.0,25.0,90.0,41.58292,-7.1443357,-2.637145,70.961494,25.379173,89.09141,0.5057142
4.283333333333333,41.353928,-6.8018513,-2.930426,70.0,25.0,90.0,41.58292,-7.1443357,-2.637145,70.961494,25.379173,89.09141,0.5057142
4.2875,41.353928,-6.8018513,-2.930426,70.0,25.0,90.0,41.58292,-7.1443357,-2.637145,70.961494,25.379173,89.09141,0.5057142
4.291666666666667,41.353928,-6.8018513,-2.930426,70.0,25.0,90.0,41.58292,-7.1443357,-2.637145,70.961494,25.379173,89.09141,0.5057142
4.295833333333333,41.353928,-6.8018513,-2.930426,70.0,25.0,90.0,41.58292,-7.1443357,-2.637145,70.961494,25.379173,89.09141,0.5057142
4.3,41.353928,-6.8018513,-2.930426,70.0,25.0,90.0,41.58292,-7.1443357,-2.637145,70.961494,25.379173,89.09141,0.5057142
4.304166666666666,41.353928,-6.8018513,-2.930426,70.0,25.0,90.0,41.58292,-7.1443357,-2.637145,70.961494,25.379173,89.09141,0.5057142
4.308333333333334,41.353928,-6.8018513,-2.930426,70.0,25.0,90.0,41.58292,-7.1443357,-2.637145,70.961494,25.379173,89.09141,0.5057142
4.3125,41.353928,-6.8018513,-2.930426,70.0,25.0,90.0,41.58292,-7.1443357,-2.637145,70.961494,25.379173,89.09141,0.5057142
4.316666666666666,41.353928,-6.8018513,-2.930426,70.0,25.0,90.0,41.58292,-7.1443357,-2.637145,70.961494,25.37917,89.09141,0.5057142
4.320833333333334,41.353928,-6.8018513,-2.930426,70.0,25.0,90.0,41.58292,-7.1443357,-2.637144,70.961494,25.37917,89.09141,0.5057147
4.325,41.353928,-6.8018513,-2.930426,70.0,25.0,90.0,41.58292,-7.1443357,-2.637145,70.961494,25.379173,89.09141,0.5057142
4.329166666666667,41.353928,-6.8018513,-2.930426,70.0,25.0,90.0,41.58292,-7.144335,-2.637144,70.961494,25.379177,89.09141,0.50571406
4.333333333333333,41.353928,-6.8018513,-2.930426,70.0,25.0,90.0,41.582916,-7.144335,-2.637146,70.961494,25.379173,89.09141,0.50571126
4.3375,41.353928,-6.8018513,-2.930426,70.0,25.0,90.0,41.582916,-7.144335,-2.637147,70.961494,25.37917,89.09141,0.50571066
4.341666666666667,41.353928,-6.8018513,-2.930426,70.0,25.0,90.0,41.582916,-7.144335,-2.637148,70.961494,25.37917,89.09141,0.5057101
4.345833333333333,41.353928,-6.8018513,-2.930426,70.0,25.0,90.0,41.58292,-7.144335,-2.637145,70.961494,25.37917,89.091415,0.5057135
4.35,41.353928,-6.8018513,-2.930426,70.0,25.0,90.0,41.582916,-7.1443357,-2.637144,70.961494,25.37917,89.091415,0.505713
4.354166666666667,41.353928,-6.8018513,-2.930426,70.0,25.0,90.0,41.582916,-7.144333,-2.637144,70.961494,25.37917,89.091415,0.5057111
4.358333333333333,41.353928,-6.8018513,-2.930426,70.0,25.0,90.0,41.582916,-7.144333,-2.637144,70.961494,25.37917,89.091415,0.5057111
4.3625,41.353928,-6.8018513,-2.930426,70.0,25.0,90.0,41.582916,-7.14433,-2.637146,70.96149,25.379166,89.091415,0.505708
4.366666666666666,41.353928,-6.8018513,-2.930426,70.0,25.0,90.0,41.582916,-7.144331,-2.637145,70.96149,25.379166,89.091415,0.50570923
4.370833333333334,41.353928,-6.8018513,-2.930426,70.0,25.0,90.0,41.58292,-7.14433,-2.6371422,70.961494,25.379173,89.091415,0.505712
4.375,41.353928,-6.8018513,-2.930426,70.0,25.0,90.0,41.582916,-7.144328,-2.637144,70.961494,25.37917,89.091415,0.5057078
4.379166666666666,41.353928,-6.8018513,-2.930426,70.0,25.0,90.0,41.582916,-7.144327,-2.637145,70.96149,25.37917,89.091415,0.5057066
4.383333333333334,41.353928,-6.8018513,-2.930426,70.0,25.0,90.0,41.582916,-7.144328,-2.6371431,70.961494,25.37917,89.091415,0.5057084
4.3875,41.353928,-6.8018513,-2.930426,70.0,25.0,90.0,41.582916,-7.144327,-2.637145,70.9615,25.37917,89.09142,0.5057066
4.391666666666667,41.353928,-6.8018513,-2.930426,70.0,25.0,90.0,41.582916,-7.144328,-2.6371431,70.961494,25.37917,89.091415,0.5057084
4.395833333333333,41.353928,-6.8018513,-2.930426,70.0,25.0,90.0,41.582916,-7.144328,-2.637144,70.961494,25.37917,89.091415,0.5057078
4.4,41.353928,-6.8018513,-2.930426,70.0,25.0,90.0,41.582916,-7.14433,-2.637144,70.961494,25.37917,89.091415,0.5057091
4.404166666666667,41.353928,-6.8018513,-2.930426,70.0,25.0,90.0,41.582916,-7.144328,-2.6371403,70.961494,25.37917,89.091415,0.50571
4.408333333333333,41.353928,-6.8018513,-2.930426,70.0,25.0,90.0,41.582916,-7.144328,-2.6371431,70.961494,25.37917,89.091415,0.5057084
4.4125,41.353928,-6.8018513,-2.930426,70.0,25.0,90.0,41.582916,-7.14433,-2.6371422,70.9615,25.37917,89.091415,0.50571024
4.416666666666667,41.353928,-6.8018513,-2.930426,70.0,25.0,90.0,41.582916,-7.144328,-2.6371431,70.961494,25.379177,89.091415,0.5057084
4.420833333333333,41.353928,-6.8018513,-2.930426,70.0,25.0,90.0,41.582916,-7.144328,-2.6371431,70.961494,25.37917,89.091415,0.5057084
4.425,41.353928,-6.8018513,-2.930426,70.0,25.0,90.0,41.582916,-7.14433,-2.6371393,70.9615,25.37917,89.091415,0.5057119
4.429166666666666,41.353928,-6.8018513,-2.930426,70.0,25.0,90.0,41.582916,-7.14433,-2.6371403,70.9615,25.37917,89.091415,0.5057113
4.433333333333334,41.353928,-6.8018513,-2.930426,70.0,25.0,90.0,41.582916,-7.144331,-2.6371431,70.9615,25.379173,89.091415,0.5057103
4.4375,41.353928,-6.8018513,-2.930426,70.0,25.0,90.0,41.582916,-7.144327,-2.6371422,70.9615,25.379173,89.091415,0.5057083
4.441666666666666,41.353928,-6.8018513,-2.930426,70.0,25.0,90.0,41.582916,-7.14433,-2.637144,70.9615,25.37917,89.091415,0.5057091
4.445833333333334,41.353928,-6.8018513,-2.930426,70.0,25.0,90.0,41.582916,-7.144328,-2.6371422,70.9615,25.379173,89.091415,0.50570893
4.45,41.353928,-6.8018513,-2.930426,70.0,25.0,90.0,41.582916,-7.14433,-2.6371403,70.9615,25.37917,89.091415,0.5057113
4.454166666666667,41.353928,-6.8018513,-2.930426,70.0,25.0,90.0,41.582916,-7.14433,-2.6371403,70.961494,25.37917,89.091415,0.5057113
4.458333333333333,41.353928,-6.8018513,-2.930426,70.0,25.0,90.0,41.582916,-7.144331,-2.6371422,70.9615,25.37917,89.091415,0.5057109
4.4625,41.353928,-6.8018513,-2.930426,70.0,25.0,90.0,41.582916,-7.14433,-2.6371403,70.9615,25.37917,89.091415,0.5057113
4.466666666666667,41.353928,-6.8018513,-2.930426,70.0,25.0,90.0,41.582916,-7.14433,-2.6371422,70.9615,25.37917,89.091415,0.50571024
4.470833333333333,41.353928,-6.8018513,-2.930426,70.0,25.0,90.0,41.582916,-7.14433,-2.6371384,70.9615,25.379166,89.091415,0.50571245
4.475,41.353928,-6.8018513,-2.930426,70.0,25.0,90.0,41.582916,-7.144331,-2.6371403,70.9615,25.379166,89.09141,0.505712
4.479166666666667,41.353928,-6.8018513,-2.930426,70.0,25.0,90.0,41.582916,-7.144335,-2.6371393,70.9615,25.37917,89.09141,0.50571513
4.483333333333333,41.353928,-6.8018513,-2.930426,70.0,25.0,90.0,41.582916,-7.14433,-2.6371431,70.9615,25.37917,89.09141,0.5057097
4.4875,41.353928,-6.8018513,-2.930426,70.0,25.0,90.0,41.582916,-7.144331,-2.6371431,70.9615,25.37917,89.09141,0.5057103
4.491666666666666,41.353928,-6.8018513,-2.930426,70.0,25.0,90.0,41.582916,-7.144331,-2.637144,70.9615,25.379166,89.09141,0.50570977
4.495833333333334,41.353928,-6.8018513,-2.930426,70.0,25.0,90.0,41.582924,-7.14433,-2.6371431,70.9615,25.37917,89.09141,0.5057131
4.5,41.353928,-6.8018513,-2.930426,70.0,25.0,90.0,41.58292,-7.144335,-2.6371431,70.961494,25.37917,89.09141,0.50571465
4.504166666666666,41.353928,-6.8018513,-2.930426,70.0,25.0,90.0,41.58292,-7.144331,-2.6371422,70.961494,25.37917,89.09141,0.50571257
4.508333333333334,41.353928,-6.8018513,-2.930426,70.0,25.0,90.0,41.58292,-7.144333,-2.6371431,70.9615,25.379173,89.09141,0.50571334
4.5125,41.353928,-6.8018513,-2.930426,70.0,25.0,90.0,41.582916,-7.144331,-2.6371422,70.9615,25.37917,89.09141,0.5057109
4.516666666666667,41.353928,-6.8018513,-2.930426,70.0,25.0,90.0,41.58292,-7.144331,-2.637145,70.9615,25.379173,89.09141,0.50571096
4.520833333333333,41.353928,-6.8018513,-2.930426,70.0,25.0,90.0,41.582916,-7.144333,-2.637144,70.961494,25.37917,89.09141,0.5057111
4.525,41.353928,-6.8018513,-2.930426,70.0,25.0,90.0,41.58292,-7.144333,-2.637144,70.9615,25.37917,89.09141,0.50571275
4.529166666666667,41.353928,-6.8018513,-2.930426,70.0,25.0,90.0,41.58292,-7.144333,-2.637144,70.961494,25.37917,89.09141,0.50571275
4.533333333333333,41.353928,-6.8018513,-2.930426,70.0,25.0,90.0,41.582916,-7.144333,-2.637146,70.961494,25.379166,89.09141,0.50570995
4.5375,41.353928,-6.8018513,-2.930426,70.0,25.0,90.0,41.582916,-7.144333,-2.637146,70.9615,25.379166,89.09141,0.50570995
4.541666666666667,41.353928,-6.8018513,-2.930426,70.0,25.0,90.0,41.582916,-7.144333,-2.637144,70.961494,25.379166,89.09141,0.5057111
4.545833333333333,41.353928,-6.8018513,-2.930426,70.0,25.0,90.0,41.582916,-7.144333,-2.637148,70.961494,25.37917,89.09141,0.5057088
4.55,41.353928,-6.8018513,-2.930426,70.0,25.0,90.0,41.58292,-7.144333,-2.637147,70.961494,25.37917,89.09141,0.50571114
4.554166666666666,41.353928,-6.8018513,-2.930426,70.0,25.0,90.0,41.58292,-7.1443357,-2.637147,70.961494,25.37917,89.09141,0.50571305
4.558333333333334,41.353928,-6.8018513,-2.930426,70.0,25.0,90.0,41.58292,-7.1443357,-2.637147,70.961494,25.37917,89.09141,0.50571305
4.5625,41.353928,-6.8018513,-2.930426,70.0,25.0,90.0,41.58292,-7.1443357,-2.637147,70.961494,25.37917,89.09141,0.50571305
4.566666666666666,41.353928,-6.8018513,-2.930426,70.0,25.0,90.0,41.58292,-7.1443357,-2.637147,70.961494,25.37917,89.09141,0.50571305
4.570833333333334,41.353928,-6.8018513,-2.930426,70.0,25.0,90.0,41.58292,-7.1443357,-2.637147,70.961494,25.37917,89.09141,0.50571305
4.575,41.353928,-6.8018513,-2.930426,70.0,25.0,90.0,41.58292,-7.1443357,-2.637147,70.961494,25.37917,89.09141,0.50571305
4.579166666666667,41.353928,-6.8018513,-2.930426,70.0,25.0,90.0,41.58292,-7.1443357,-2.637147,70.961494,25.37917,89.09141,0.50571305
4.583333333333333,41.353928,-6.8018513,-2.930426,70.0,25.0,90.0,41.58292,-7.1443357,-2.637147,70.961494,25.37917,89.09141,0.50571305
4.5875,41.353928,-6.8018513,-2.930426,70.0,25.0,90.0,41.58292,-7.1443357,-2.637147,70.961494,25.37917,89.09141,0.50571305
4.591666666666667,41.353928,-6.8018513,-2.930426,70.0,25.0,90.0,41.58292,-7.1443357,-2.637147,70.961494,25.37917,89.09141,0.50571305
4.595833333333333,41.353928,-6.8018513,-2.930426,70.0,25.0,90.0,41.58292,-7.1443357,-2.637147,70.961494,25.37917,89.09141,0.50571305
4.6,41.353928,-6.8018513,-2.930426,70.0,25.0,90.0,41.58292,-7.1443357,-2.637147,70.961494,25.37917,89.09141,0.50571305
4.604166666666667,41.353928,-6.8018513,-2.930426,70.0,25.0,90.0,41.58292,-7.1443357,-2.637147,70.961494,25.37917,89.09141,0.50571305
4.608333333333333,41.353928,-6.8018513,-2.930426,70.0,25.0,90.0,41.58292,-7.1443357,-2.637147,70.961494,25.37917,89.09141,0.50571305
4.6125,41.353928,-6.8018513,-2.930426,70.0,25.0,90.0,41.58292,-7.1443357,-2.637147,70.961494,25.37917,89.09141,0.50571305
4.616666666666666,41.353928,-6.8018513,-2.930426,70.0,25.0,90.0,41.58292,-7.1443357,-2.637147,70.961494,25.37917,89.09141,0.50571305
4.620833333333334,41.353928,-6.8018513,-2.930426,70.0,25.0,90.0,41.58292,-7.1443357,-2.637147,70.961494,25.37917,89.09141,0.50571305
4.625,41.353928,-6.8018513,-2.930426,70.0,25.0,90.0,41.58292,-7.1443357,-2.637147,70.961494,25.37917,89.09141,0.50571305
4.629166666666666,41.353928,-6.8018513,-2.930426,70.0,25.0,90.0,41.58292,-7.1443357,-2.637147,70.961494,25.37917,89.09141,0.50571305
4.633333333333334,41.353928,-6.8018513,-2.930426,70.0,25.0,90.0,41.58292,-7.1443357,-2.637147,70.961494,25.37917,89.09141,0.50571305
4.6375,41.353928,-6.8018513,-2.930426,70.0,25.0,90.0,41.58292,-7.1443357,-2.637147,70.961494,25.37917,89.09141,0.50571305
4.641666666666667,41.353928,-6.8018513,-2.930426,70.0,25.0,90.0,41.58292,-7.1443357,-2.637147,70.961494,25.37917,89.09141,0.50571305
4.645833333333333,41.353928,-6.8018513,-2.930426,70.0,25.0,90.0,41.58292,-7.1443357,-2.637147,70.961494,25.37917,89.09141,0.50571305
4.65,41.353928,-6.8018513,-2.930426,70.0,25.0,90.0,41.58292,-7.1443357,-2.637147,70.961494,25.37917,89.09141,0.50571305
4.654166666666667,41.353928,-6.8018513,-2.930426,70.0,25.0,90.0,41.58292,-7.1443357,-2.637147,70.961494,25.37917,89.09141,0.50571305
4.658333333333333,41.353928,-6.8018513,-2.930426,70.0,25.0,90.0,41.58292,-7.1443357,-2.637147,70.961494,25.37917,89.09141,0.50571305
4.6625,41.353928,-6.8018513,-2.930426,70.0,25.0,90.0,41.58292,-7.1443357,-2.637147,70.961494,25.37917,89.09141,0.50571305
4.666666666666667,41.353928,-6.8018513,-2.930426,70.0,25.0,90.0,41.58292,-7.1443357,-2.637147,70.961494,25.37917,89.09141,0.50571305
4.670833333333333,41.353928,-6.8018513,-2.930426,70.0,25.0,90.0,41.58292,-7.1443357,-2.637147,70.961494,25.37917,89.09141,0.50571305
4.675,41.353928,-6.8018513,-2.930426,70.0,25.0,90.0,41.58292,-7.1443357,-2.637147,70.961494,25.37917,89.09141,0.50571305
4.679166666666666,41.353928,-6.8018513,-2.930426,70.0,25.0,90.0,41.58292,-7.1443357,-2.637147,70.961494,25.37917,89.09141,0.50571305
4.683333333333334,41.353928,-6.8018513,-2.930426,70.0,25.0,90.0,41.58292,-7.1443357,-2.637147,70.961494,25.37917,89.09141,0.50571305
4.6875,41.353928,-6.8018513,-2.930426,70.0,25.0,90.0,41.58292,-7.1443357,-2.637147,70.961494,25.37917,89.09141,0.50571305
4.691666666666666,41.353928,-6.8018513,-2.930426,70.0,25.0,90.0,41.58292,-7.1443357,-2.637147,70.961494,25.37917,89.09141,0.50571305
4.695833333333334,41.353928,-6.8018513,-2.930426,70.0,25.0,90.0,41.58292,-7.1443357,-2.637147,70.961494,25.37917,89.09141,0.50571305
4.7,41.353928,-6.8018513,-2.930426,70.0,25.0,90.0,41.58292,-7.1443357,-2.637147,70.961494,25.37917,89.09141,0.50571305
4.704166666666667,41.353928,-6.8018513,-2.930426,70.0,25.0,90.0,41.58292,-7.1443357,-2.637147,70.961494,25.37917,89.09141,0.50571305
4.708333333333333,41.353928,-6.8018513,-2.930426,70.0,25.0,90.0,41.58292,-7.1443357,-2.637147,70.961494,25.37917,89.09141,0.50571305
4.7125,41.353928,-6.8018513,-2.930426,70.0,25.0,90.0,41.58292,-7.1443357,-2.637147,70.961494,25.37917,89.09141,0.50571305
4.716666666666667,41.353928,-6.8018513,-2.930426,70.0,25.0,90.0,41.58292,-7.1443357,-2.637147,70.961494,25.37917,89.09141,0.50571305
4.720833333333333,41.353928,-6.8018513,-2.930426,70.0,25.0,90.0,41.58292,-7.1443357,-2.637147,70.961494,25.37917,89.09141,0.50571305
4.725,41.353928,-6.8018513,-2.930426,70.0,25.0,90.0,41.58292,-7.1443357,-2.637147,70.961494,25.37917,89.09141,0.50571305
4.729166666666667,41.353928,-6.8018513,-2.930426,70.0,25.0,90.0,41.58292,-7.1443357,-2.637147,70.961494,25.37917,89.09141,0.50571305
4.733333333333333,41.353928,-6.8018513,-2.930426,70.0,25.0,90.0,41.58292,-7.1443357,-2.637147,70.961494,25.37917,89.09141,0.50571305
4.7375,41.353928,-6.8018513,-2.930426,70.0,25.0,90.0,41.58292,-7.1443357,-2.637147,70.961494,25.37917,89.09141,0.50571305
4.741666666666666,41.353928,-6.8018513,-2.930426,70.0,25.0,90.0,41.58292,-7.1443357,-2.637147,70.961494,25.37917,89.09141,0.50571305
4.745833333333334,41.353928,-6.8018513,-2.930426,70.0,25.0,90.0,41.58292,-7.1443357,-2.637147,70.961494,25.37917,89.09141,0.50571305
4.75,41.353928,-6.8018513,-2.930426,70.0,25.0,90.0,41.58252,-7.135624,-2.6442404,70.9578,25.399414,89.0894,0.4955407
4.754166666666666,41.353928,-6.8018513,-2.930426,70.0,25.0,90.0,41.569534,-7.140832,-2.6825104,70.88403,25.396286,89.10093,0.47207654
4.758333333333334,41.353928,-6.8018513,-2.930426,70.0,25.0,90.0,41.532776,-7.1599636,-2.7425184,70.710754,25.307674,89.17001,0.44219944
4.7625,41.353928,-6.8018513,-2.930426,70.0,25.0,90.0,41.46212,-7.3027096,-2.7929049,70.425125,25.075329,89.26232,0.5305438
4.766666666666667,41.353928,-6.8018513,-2.930426,70.0,25.0,90.0,41.35065,-7.33175,-2.604764,70.448685,24.76537,89.49622,0.6219799
4.770833333333333,41.353928,-6.8018513,-2.930426,70.0,25.0,90.0,41.262314,-7.4250355,-2.579893,70.41106,24.690128,89.361115,0.7208501
4.775,41.353928,-6.8018513,-2.930426,70.0,25.0,90.0,41.03329,-6.878415,-2.0866928,70.4606,25.224277,89.710304,0.90584517
4.779166666666667,41.353928,-6.8018513,-2.930426,70.0,25.0,90.0,40.267357,-6.6499825,-2.0251436,70.439125,24.42089,90.67962,1.422405
4.783333333333333,41.353928,-6.8018513,-2.930426,70.0,25.0,90.0,39.881584,-6.532713,-2.1010466,70.49369,24.383602,91.283195,1.7111694
4.7875,41.353928,-6.8018513,-2.930426,70.0,25.0,90.0,40.01747,-5.500057,-0.47201443,72.44562,29.16005,91.27524,3.0861902
4.791666666666667,41.353928,-6.8018513,-2.930426,70.0,25.0,90.0,39.75214,-6.3506327,-1.2482224,72.40628,28.399925,91.02467,2.3662481
4.795833333333333,41.353928,-6.8018513,-2.930426,70.0,25.0,90.0,40.34037,-6.774314,-2.8458195,71.450584,25.321148,91.725586,1.0174553
