time_s,true_wrist_X_cm,true_wrist_Y_cm,true_wrist_Z_cm,true_shoulder_elv_deg,true_shoulder_rot_deg,true_elbow_flexion_deg,pred_wrist_X_cm,pred_wrist_Y_cm,pred_wrist_Z_cm,pred_shoulder_elv_deg,pred_shoulder_rot_deg,pred_elbow_flexion_deg,l2_distance_cm
0.0,41.353928,-6.8018513,-2.930426,70.0,25.0,90.0,41.178898,-7.862095,-0.61142063,71.07299,24.050426,91.517334,2.555883
0.004166666666666667,41.353928,-6.8018513,-2.930426,70.0,25.0,90.0,41.51544,-8.226607,-1.1671028,70.48712,23.887844,91.2306,2.272735
0.008333333333333333,41.353928,-6.8018513,-2.930426,70.0,25.0,90.0,41.76139,-8.212608,-1.9326982,69.63225,24.072056,91.20397,1.7753091
0.0125,41.353928,-6.8018513,-2.930426,70.0,25.0,90.0,41.33355,-7.473897,-2.5651703,71.11707,25.549088,90.14704,0.76516163
0.016666666666666666,41.353928,-6.8018513,-2.930426,70.0,25.0,90.0,41.163578,-6.717964,-2.1972637,72.188416,27.131378,88.94309,0.7621002
0.020833333333333332,41.353928,-6.8018513,-2.930426,70.0,25.0,90.0,40.707394,-7.22764,-3.4144897,70.19996,26.697018,88.7072,0.91302806
0.025,41.353928,-6.8018513,-2.930426,70.0,25.0,90.0,41.270607,-7.9346905,-3.0466576,70.035225,24.794682,89.04806,1.1418304
0.029166666666666667,41.353928,-6.8018513,-2.930426,70.0,25.0,90.0,41.36975,-7.6139545,-2.8339682,70.49303,25.184975,89.09556,0.8179647
0.03333333333333333,41.353928,-6.8018513,-2.930426,70.0,25.0,90.0,41.47757,-7.393755,-2.7219467,70.70817,25.38345,89.060104,0.63960993
0.0375,41.353928,-6.8018513,-2.930426,70.0,25.0,90.0,41.530827,-7.297185,-2.6458206,70.88678,25.361916,89.02601,0.5980375
0.041666666666666664,41.353928,-6.8018513,-2.930426,70.0,25.0,90.0,41.573963,-7.2101555,-2.6329527,70.94026,25.396255,89.05272,0.5510157
0.04583333333333333,41.353928,-6.8018513,-2.930426,70.0,25.0,90.0,41.59049,-7.15683,-2.647663,70.92258,25.377678,89.0686,0.51178664
0.05,41.353928,-6.8018513,-2.930426,70.0,25.0,90.0,41.583,-7.144396,-2.6372042,70.96146,25.379128,89.091225,0.50575686
0.05416666666666667,41.353928,-6.8018513,-2.930426,70.0,25.0,90.0,41.583,-7.144396,-2.6372042,70.96146,25.379128,89.091225,0.50575686
0.058333333333333334,41.353928,-6.8018513,-2.930426,70.0,25.0,90.0,41.583,-7.144396,-2.6372042,70.96146,25.379128,89.091225,0.50575686
0.0625,41.353928,-6.8018513,-2.930426,70.0,25.0,90.0,41.583,-7.144396,-2.6372042,70.96146,25.379128,89.091225,0.50575686
0.06666666666666667,41.353928,-6.8018513,-2.930426,70.0,25.0,90.0,41.583,-7.144396,-2.6372042,70.96146,25.379128,89.091225,0.50575686
0.07083333333333333,41.353928,-6.8018513,-2.930426,70.0,25.0,90.0,41.583,-7.144396,-2.6372042,70.96146,25.379128,89.091225,0.50575686
0.075,41.353928,-6.8018513,-2.930426,70.0,25.0,90.0,41.583,-7.144396,-2.6372042,70.96146,25.379128,89.091225,0.50575686
0.07916666666666666,41.353928,-6.8018513,-2.930426,70.0,25.0,90.0,41.583,-7.144396,-2.6372042,70.96146,25.379128,89.091225,0.50575686
0.08333333333333333,41.353928,-6.8018513,-2.930426,70.0,25.0,90.0,41.583,-7.144396,-2.6372042,70.96146,25.379128,89.091225,0.50575686
0.0875,41.353928,-6.8018513,-2.930426,70.0,25.0,90.0,41.583,-7.144396,-2.6372042,70.96146,25.379128,89.091225,0.50575686
0.09166666666666666,41.353928,-6.8018513,-2.930426,70.0,25.0,90.0,41.583,-7.144396,-2.6372042,70.96146,25.379128,89.091225,0.50575686
0.09583333333333334,41.353928,-6.8018513,-2.930426,70.0,25.0,90.0,41.583,-7.144396,-2.6372042,70.96146,25.379128,89.091225,0.50575686
0.1,41.353928,-6.8018513,-2.930426,70.0,25.0,90.0,41.583,-7.144396,-2.6372042,70.96146,25.379128,89.091225,0.50575686
0.10416666666666667,41.353928,-6.8018513,-2.930426,70.0,25.0,90.0,41.583,-7.144396,-2.6372042,70.96146,25.379128,89.091225,0.50575686
0.10833333333333334,41.353928,-6.8018513,-2.930426,70.0,25.0,90.0,41.583,-7.144396,-2.6372042,70.96146,25.379128,89.091225,0.50575686
0.1125,41.353928,-6.8018513,-2.930426,70.0,25.0,90.0,41.583,-7.144396,-2.6372042,70.96146,25.379128,89.091225,0.50575686
0.11666666666666667,41.353928,-6.8018513,-2.930426,70.0,25.0,90.0,41.583,-7.144396,-2.6372042,70.96146,25.379128,89.091225,0.50575686
0.12083333333333333,41.353928,-6.8018513,-2.930426,70.0,25.0,90.0,41.583,-7.144396,-2.6372042,70.96146,25.379128,89.091225,0.50575686
0.125,41.353928,-6.8018513,-2.930426,70.0,25.0,90.0,41.583,-7.144396,-2.6372042,70.96146,25.379128,89.091225,0.50575686
0.12916666666666668,41.353928,-6.8018513,-2.930426,70.0,25.0,90.0,41.583,-7.144396,-2.6372042,70.96146,25.379128,89.091225,0.50575686
0.13333333333333333,41.353928,-6.8018513,-2.930426,70.0,25.0,90.0,41.583,-7.144396,-2.6372042,70.96146,25.379128,89.091225,0.50575686
0.1375,41.353928,-6.8018513,-2.930426,70.0,25.0,90.0,41.583,-7.144396,-2.6372042,70.96146,25.379128,89.091225,0.50575686
0.14166666666666666,41.353928,-6.8018513,-2.930426,70.0,25.0,90.0,41.583,-7.144396,-2.6372042,70.96146,25.379128,89.091225,0.50575686
0.14583333333333334,41.353928,-6.8018513,-2.930426,70.0,25.0,90.0,41.583,-7.144396,-2.6372042,70.96146,25.379128,89.091225,0.50575686
0.15,41.353928,-6.8018513,-2.930426,70.0,25.0,90.0,41.583,-7.144396,-2.6372042,70.96146,25.379128,89.091225,0.50575686
0.15416666666666667,41.353928,-6.8018513,-2.930426,70.0,25.0,90.0,41.583,-7.144396,-2.6372042,70.96146,25.379128,89.091225,0.50575686
0.15833333333333333,41.353928,-6.8018513,-2.930426,70.0,25.0,90.0,41.583,-7.144396,-2.6372042,70.96146,25.379128,89.091225,0.50575686
0.1625,41.353928,-6.8018513,-2.930426,70.0,25.0,90.0,41.583,-7.144396,-2.6372042,70.96146,25.379128,89.091225,0.50575686
0.16666666666666666,41.353928,-6.8018513,-2.930426,70.0,25.0,90.0,41.583,-7.144394,-2.6372051,70.96145,25.379128,89.091225,0.505755
0.17083333333333334,41.353928,-6.8018513,-2.930426,70.0,25.0,90.0,41.583,-7.144397,-2.6372051,70.96146,25.379128,89.091225,0.5057569
0.175,41.353928,-6.8018513,-2.930426,70.0,25.0,90.0,41.583,-7.144397,-2.6372042,70.96145,25.379128,89.091225,0.5057575
0.17916666666666667,41.353928,-6.8018513,-2.930426,70.0,25.0,90.0,41.583,-7.144394,-2.6372051,70.96145,25.379128,89.091225,0.505755
0.18333333333333332,41.353928,-6.8018513,-2.930426,70.0,25.0,90.0,41.583,-7.144396,-2.637206,70.96145,25.379128,89.091225,0.5057557
0.1875,41.353928,-6.8018513,-2.930426,70.0,25.0,90.0,41.583,-7.144396,-2.6372051,70.96146,25.379128,89.091225,0.5057563
0.19166666666666668,41.353928,-6.8018513,-2.930426,70.0,25.0,90.0,41.583,-7.144396,-2.637206,70.96145,25.379128,89.091225,0.5057557
0.19583333333333333,41.353928,-6.8018513,-2.930426,70.0,25.0,90.0,41.583,-7.144394,-2.637207,70.96145,25.379131,89.091225,0.50575393
0.2,41.353928,-6.8018513,-2.930426,70.0,25.0,90.0,41.583,-7.1443987,-2.637209,70.96145,25.379124,89.091225,0.505756
0.20416666666666666,41.353928,-6.8018513,-2.930426,70.0,25.0,90.0,41.583,-7.144394,-2.637207,70.96145,25.379128,89.091225,0.50575393
0.20833333333333334,41.353928,-6.8018513,-2.930426,70.0,25.0,90.0,41.583004,-7.144394,-2.637209,70.96146,25.379124,89.09123,0.50575453
0.2125,41.353928,-6.8018513,-2.930426,70.0,25.0,90.0,41.583,-7.144396,-2.637209,70.96145,25.379128,89.09123,0.5057541
0.21666666666666667,41.353928,-6.8018513,-2.930426,70.0,25.0,90.0,41.583,-7.144396,-2.63721,70.96145,25.379124,89.09123,0.5057535
0.22083333333333333,41.353928,-6.8018513,-2.930426,70.0,25.0,90.0,41.583,-7.144393,-2.637207,70.96146,25.379124,89.09123,0.5057533
0.225,41.353928,-6.8018513,-2.930426,70.0,25.0,90.0,41.582996,-7.144393,-2.637206,70.96146,25.379124,89.09123,0.5057521
0.22916666666666666,41.353928,-6.8018513,-2.930426,70.0,25.0,90.0,41.582996,-7.14439,-2.637208,70.96145,25.379128,89.09123,0.505749
0.23333333333333334,41.353928,-6.8018513,-2.930426,70.0,25.0,90.0,41.583,-7.144391,-2.637207,70.96145,25.379128,89.09123,0.50575197
0.2375,41.353928,-6.8018513,-2.930426,70.0,25.0,90.0,41.583,-7.14439,-2.637207,70.96145,25.379124,89.09123,0.5057513
0.24166666666666667,41.353928,-6.8018513,-2.930426,70.0,25.0,90.0,41.583,-7.144393,-2.637206,70.96145,25.379128,89.09123,0.5057538
0.24583333333333332,41.353928,-6.8018513,-2.930426,70.0,25.0,90.0,41.582996,-7.144391,-2.6372051,70.96145,25.379128,89.091225,0.5057514
0.25,41.353928,-6.8018513,-2.930426,70.0,25.0,90.0,41.582996,-7.144391,-2.6372023,70.96145,25.379128,89.09123,0.505753
0.25416666666666665,41.353928,-6.8018513,-2.930426,70.0,25.0,90.0,41.583,-7.144391,-2.6372023,70.96145,25.379124,89.09123,0.5057547
0.25833333333333336,41.353928,-6.8018513,-2.930426,70.0,25.0,90.0,41.582996,-7.144393,-2.6372051,70.96145,25.379128,89.09123,0.5057526
0.2625,41.353928,-6.8018513,-2.930426,70.0,25.0,90.0,41.582996,-7.144393,-2.6372023,70.96145,25.379128,89.09123,0.5057543
0.26666666666666666,41.353928,-6.8018513,-2.930426,70.0,25.0,90.0,41.582993,-7.144391,-2.6372013,70.96146,25.379128,89.09123,0.50575185
0.2708333333333333,41.353928,-6.8018513,-2.930426,70.0,25.0,90.0,41.582996,-7.144391,-2.6372042,70.96145,25.379128,89.091225,0.5057519
0.275,41.353928,-6.8018513,-2.930426,70.0,25.0,90.0,41.583,-7.14439,-2.6372023,70.96145,25.379124,89.09123,0.5057541
0.2791666666666667,41.353928,-6.8018513,-2.930426,70.0,25.0,90.0,41.583,-7.14439,-2.6372042,70.96145,25.379128,89.09123,0.505753
0.2833333333333333,41.353928,-6.8018513,-2.930426,70.0,25.0,90.0,41.583,-7.144391,-2.637206,70.96145,25.379124,89.09123,0.5057525
0.2875,41.353928,-6.8018513,-2.930426,70.0,25.0,90.0,41.583,-7.144393,-2.6372051,70.96145,25.379128,89.09123,0.50575435
0.2916666666666667,41.353928,-6.8018513,-2.930426,70.0,25.0,90.0,41.583,-7.14439,-2.637206,70.96145,25.379124,89.09123,0.50575185
0.29583333333333334,41.353928,-6.8018513,-2.930426,70.0,25.0,90.0,41.583,-7.144394,-2.6372042,70.96146,25.379128,89.09123,0.50575554
0.3,41.353928,-6.8018513,-2.930426,70.0,25.0,90.0,41.583,-7.144391,-2.6372023,70.96146,25.379128,89.09123,0.5057547
0.30416666666666664,41.353928,-6.8018513,-2.930426,70.0,25.0,90.0,41.583,-7.144391,-2.6372023,70.96146,25.379128,89.09123,0.5057547
0.30833333333333335,41.353928,-6.8018513,-2.930426,70.0,25.0,90.0,41.583,-7.144394,-2.637207,70.96145,25.379128,89.091225,0.50575393
0.3125,41.353928,-6.8018513,-2.930426,70.0,25.0,90.0,41.583,-7.144391,-2.6372051,70.96146,25.379128,89.091225,0.50575304
0.31666666666666665,41.353928,-6.8018513,-2.930426,70.0,25.0,90.0,41.582996,-7.144391,-2.6372042,70.96146,25.379131,89.091225,0.5057519
0.32083333333333336,41.353928,-6.8018513,-2.930426,70.0,25.0,90.0,41.583,-7.144394,-2.637206,70.96146,25.379128,89.091225,0.5057544
0.325,41.353928,-6.8018513,-2.930426,70.0,25.0,90.0,41.583,-7.144396,-2.6372023,70.96145,25.379128,89.091225,0.5057579
0.32916666666666666,41.353928,-6.8018513,-2.930426,70.0,25.0,90.0,41.582996,-7.144396,-2.6372023,70.96145,25.37912,89.091225,0.5057562
0.3333333333333333,41.353928,-6.8018513,-2.930426,70.0,25.0,90.0,41.582996,-7.144394,-2.637208,70.96145,25.379124,89.091225,0.5057516
0.3375,41.353928,-6.8018513,-2.930426,70.0,25.0,90.0,41.582996,-7.144394,-2.6372051,70.96146,25.379128,89.09122,0.5057533
0.3416666666666667,41.353928,-6.8018513,-2.930426,70.0,25.0,90.0,41.583,-7.144394,-2.6372051,70.96146,25.379128,89.09122,0.505755
0.3458333333333333,41.353928,-6.8018513,-2.930426,70.0,25.0,90.0,41.582996,-7.144391,-2.6372051,70.96145,25.379128,89.09122,0.5057514
0.35,41.353928,-6.8018513,-2.930426,70.0,25.0,90.0,41.583,-7.144394,-2.6372051,70.96146,25.379124,89.09122,0.505755
0.3541666666666667,41.353928,-6.8018513,-2.930426,70.0,25.0,90.0,41.582996,-7.144391,-2.6372051,70.96146,25.379124,89.09122,0.5057514
0.35833333333333334,41.353928,-6.8018513,-2.930426,70.0,25.0,90.0,41.582996,-7.144396,-2.637208,70.96146,25.379128,89.09122,0.5057529
0.3625,41.353928,-6.8018513,-2.930426,70.0,25.0,90.0,41.582996,-7.144396,-2.637209,70.96146,25.379131,89.09122,0.5057523
0.36666666666666664,41.353928,-6.8018513,-2.930426,70.0,25.0,90.0,41.583,-7.144396,-2.637209,70.96145,25.379128,89.09122,0.5057541
0.37083333333333335,41.353928,-6.8018513,-2.930426,70.0,25.0,90.0,41.583,-7.144397,-2.637208,70.96146,25.379131,89.09122,0.50575525
0.375,41.353928,-6.8018513,-2.930426,70.0,25.0,90.0,41.583,-7.144393,-2.6372051,70.96146,25.379128,89.09122,0.50575435
0.37916666666666665,41.353928,-6.8018513,-2.930426,70.0,25.0,90.0,41.583,-7.144394,-2.6372042,70.96145,25.379128,89.09122,0.50575554
0.38333333333333336,41.353928,-6.8018513,-2.930426,70.0,25.0,90.0,41.583,-7.144396,-2.637206,70.96145,25.379128,89.09122,0.5057557
0.3875,41.353928,-6.8018513,-2.930426,70.0,25.0,90.0,41.583,-7.144394,-2.637207,70.96146,25.379124,89.09122,0.50575393
0.39166666666666666,41.353928,-6.8018513,-2.930426,70.0,25.0,90.0,41.583,-7.144396,-2.637206,70.96146,25.379128,89.09122,0.5057557
0.3958333333333333,41.353928,-6.8018513,-2.930426,70.0,25.0,90.0,41.583,-7.144396,-2.637207,70.96145,25.379128,89.09122,0.5057552
0.4,41.353928,-6.8018513,-2.930426,70.0,25.0,90.0,41.583,-7.144397,-2.637206,70.96145,25.379128,89.09122,0.5057564
0.4041666666666667,41.353928,-6.8018513,-2.930426,70.0,25.0,90.0,41.583,-7.144396,-2.637206,70.96145,25.379128,89.091225,0.5057557
0.4083333333333333,41.353928,-6.8018513,-2.930426,70.0,25.0,90.0,41.583,-7.144396,-2.637206,70.96145,25.379124,89.09122,0.5057557
0.4125,41.353928,-6.8018513,-2.930426,70.0,25.0,90.0,41.583,-7.144396,-2.637206,70.96145,25.379124,89.09122,0.5057557
0.4166666666666667,41.353928,-6.8018513,-2.930426,70.0,25.0,90.0,41.583,-7.144396,-2.637206,70.96145,25.379124,89.09122,0.5057557
0.42083333333333334,41.353928,-6.8018513,-2.930426,70.0,25.0,90.0,41.583,-7.144396,-2.637206,70.96145,25.379124,89.09122,0.5057557
0.425,41.353928,-6.8018513,-2.930426,70.0,25.0,90.0,41.583,-7.144396,-2.637206,70.96145,25.379124,89.09122,0.5057557
0.42916666666666664,41.353928,-6.8018513,-2.930426,70.0,25.0,90.0,41.583,-7.144396,-2.637206,70.96145,25.379124,89.09122,0.5057557
0.43333333333333335,41.353928,-6.8018513,-2.930426,70.0,25.0,90.0,41.583,-7.144396,-2.637206,70.96145,25.379124,89.09122,0.5057557
0.4375,41.353928,-6.8018513,-2.930426,70.0,25.0,90.0,41.583,-7.144396,-2.637206,70.96145,25.379124,89.09122,0.5057557
0.44166666666666665,41.353928,-6.8018513,-2.930426,70.0,25.0,90.0,41.583,-7.144396,-2.637206,70.96145,25.379124,89.09122,0.5057557
0.44583333333333336,41.353928,-6.8018513,-2.930426,70.0,25.0,90.0,41.583,-7.144396,-2.637206,70.96145,25.379124,89.09122,0.5057557
0.45,41.353928,-6.8018513,-2.930426,70.0,25.0,90.0,41.583,-7.144396,-2.637206,70.96145,25.379124,89.09122,0.5057557
0.45416666666666666,41.353928,-6.8018513,-2.930426,70.0,25.0,90.0,41.583,-7.144396,-2.637206,70.96145,25.379124,89.09122,0.5057557
0.4583333333333333,41.353928,-6.8018513,-2.930426,70.0,25.0,90.0,41.583,-7.144396,-2.637206,70.96145,25.379124,89.09122,0.5057557
0.4625,41.353928,-6.8018513,-2.930426,70.0,25.0,90.0,41.583,-7.144396,-2.637206,70.96145,25.379124,89.09122,0.5057557
0.4666666666666667,41.353928,-6.8018513,-2.930426,70.0,25.0,90.0,41.583,-7.144396,-2.637206,70.96145,25.379124,89.09122,0.5057557
0.4708333333333333,41.353928,-6.8018513,-2.930426,70.0,25.0,90.0,41.583,-7.144396,-2.637206,70.96145,25.379124,89.09122,0.5057557
0.475,41.353928,-6.8018513,-2.930426,70.0,25.0,90.0,41.583,-7.144396,-2.637206,70.96145,25.379124,89.09122,0.5057557
0.4791666666666667,41.353928,-6.8018513,-2.930426,70.0,25.0,90.0,41.583,-7.144396,-2.637206,70.96145,25.379124,89.09122,0.5057557
0.48333333333333334,41.353928,-6.8018513,-2.930426,70.0,25.0,90.0,41.583,-7.144396,-2.637206,70.96145,25.379124,89.09122,0.5057557
0.4875,41.353928,-6.8018513,-2.930426,70.0,25.0,90.0,41.583,-7.144396,-2.637206,70.96145,25.379124,89.09122,0.5057557
0.49166666666666664,41.353928,-6.8018513,-2.930426,70.0,25.0,90.0,41.583,-7.144396,-2.637206,70.96145,25.379124,89.09122,0.5057557
0.49583333333333335,41.353928,-6.8018513,-2.930426,70.0,25.0,90.0,41.583,-7.144396,-2.637206,70.96145,25.379124,89.09122,0.5057557
0.5,41.353928,-6.8018513,-2.930426,70.0,25.0,90.0,41.583,-7.144396,-2.637206,70.96145,25.379124,89.09122,0.5057557
0.5041666666666667,41.353928,-6.8018513,-2.930426,70.0,25.0,90.0,41.583,-7.144396,-2.637206,70.96145,25.379124,89.09122,0.5057557
0.5083333333333333,41.353928,-6.8018513,-2.930426,70.0,25.0,90.0,41.583,-7.144396,-2.637206,70.96145,25.379124,89.09122,0.5057557
0.5125,41.353928,-6.8018513,-2.930426,70.0,25.0,90.0,41.583,-7.144396,-2.637206,70.96145,25.379124,89.09122,0.5057557
0.5166666666666667,41.353928,-6.8018513,-2.930426,70.0,25.0,90.0,41.583,-7.144396,-2.637206,70.96145,25.379124,89.09122,0.5057557
0.5208333333333334,41.353928,-6.8018513,-2.930426,70.0,25.0,90.0,41.583,-7.144396,-2.637206,70.96145,25.379124,89.09122,0.5057557
0.525,41.353928,-6.8018513,-2.930426,70.0,25.0,90.0,41.583,-7.144396,-2.637206,70.96145,25.379124,89.09122,0.5057557
0.5291666666666667,41.353928,-6.8018513,-2.930426,70.0,25.0,90.0,41.583,-7.144396,-2.637206,70.96145,25.379124,89.09122,0.5057557
0.5333333333333333,41.353928,-6.8018513,-2.930426,70.0,25.0,90.0,41.583,-7.144396,-2.637206,70.96145,25.379124,89.09122,0.5057557
0.5375,41.353928,-6.8018513,-2.930426,70.0,25.0,90.0,41.583,-7.144396,-2.637206,70.96145,25.379124,89.09122,0.5057557
0.5416666666666666,41.353928,-6.8018513,-2.930426,70.0,25.0,90.0,41.583,-7.144396,-2.637206,70.96145,25.379124,89.09122,0.5057557
0.5458333333333333,41.353928,-6.8018513,-2.930426,70.0,25.0,90.0,41.583,-7.144396,-2.637206,70.96145,25.379124,89.09122,0.5057557
0.55,41.353928,-6.8018513,-2.930426,70.0,25.0,90.0,41.583,-7.144396,-2.637206,70.96145,25.379124,89.09122,0.5057557
0.5541666666666667,41.353928,-6.8018513,-2.930426,70.0,25.0,90.0,41.583,-7.144396,-2.637206,70.96145,25.379124,89.09122,0.5057557
0.5583333333333333,41.353928,-6.8018513,-2.930426,70.0,25.0,90.0,41.583,-7.144396,-2.637206,70.96145,25.379124,89.09122,0.5057557
0.5625,41.353928,-6.8018513,-2.930426,70.0,25.0,90.0,41.583,-7.144396,-2.637206,70.96145,25.379124,89.09122,0.5057557
0.5666666666666667,41.353928,-6.8018513,-2.930426,70.0,25.0,90.0,41.583,-7.144394,-2.6372051,70.96145,25.379128,89.091225,0.505755
0.5708333333333333,41.353928,-6.8018513,-2.930426,70.0,25.0,90.0,41.583,-7.144394,-2.6372042,70.96145,25.379128,89.091225,0.50575554
0.575,41.353928,-6.8018513,-2.930426,70.0,25.0,90.0,41.583,-7.144394,-2.6372051,70.96145,25.37912,89.091225,0.505755
0.5791666666666667,41.353928,-6.8018513,-2.930426,70.0,25.0,90.0,41.583,-7.144394,-2.637206,70.96145,25.379124,89.091225,0.5057544
0.5833333333333334,41.353928,-6.8018513,-2.930426,70.0,25.0,90.0,41.583,-7.144393,-2.6372051,70.96146,25.379124,89.091225,0.50575435
0.5875,41.353928,-6.8018513,-2.930426,70.0,25.0,90.0,41.583,-7.144394,-2.6372051,70.96145,25.37912,89.091225,0.505755
0.5916666666666667,41.353928,-6.8018513,-2.930426,70.0,25.0,90.0,41.583,-7.144397,-2.6372051,70.96145,25.379124,89.091225,0.5057569
0.5958333333333333,41.353928,-6.8018513,-2.930426,70.0,25.0,90.0,41.583004,-7.144393,-2.637207,70.96145,25.379128,89.091225,0.50575495
0.6,41.353928,-6.8018513,-2.930426,70.0,25.0,90.0,41.583,-7.144393,-2.637206,70.96145,25.379124,89.09123,0.5057538
0.6041666666666666,41.353928,-6.8018513,-2.930426,70.0,25.0,90.0,41.583004,-7.144393,-2.637209,70.96146,25.379124,89.09123,0.5057539
0.6083333333333333,41.353928,-6.8018513,-2.930426,70.0,25.0,90.0,41.583,-7.144396,-2.637207,70.96146,25.379124,89.09123,0.5057552
0.6125,41.353928,-6.8018513,-2.930426,70.0,25.0,90.0,41.583,-7.144394,-2.637208,70.96145,25.379128,89.09123,0.50575334
0.6166666666666667,41.353928,-6.8018513,-2.930426,70.0,25.0,90.0,41.583,-7.144388,-2.637208,70.96146,25.379128,89.09123,0.50574946
0.6208333333333333,41.353928,-6.8018513,-2.930426,70.0,25.0,90.0,41.582996,-7.144391,-2.637208,70.96145,25.379124,89.09123,0.50574964
0.625,41.353928,-6.8018513,-2.930426,70.0,25.0,90.0,41.583,-7.14439,-2.637207,70.96145,25.379128,89.09123,0.5057513
0.6291666666666667,41.353928,-6.8018513,-2.930426,70.0,25.0,90.0,41.583,-7.144391,-2.6372051,70.96145,25.379128,89.09123,0.50575304
0.6333333333333333,41.353928,-6.8018513,-2.930426,70.0,25.0,90.0,41.582996,-7.14439,-2.637207,70.96145,25.379128,89.09123,0.5057496
0.6375,41.353928,-6.8018513,-2.930426,70.0,25.0,90.0,41.582996,-7.144391,-2.6372042,70.96145,25.379128,89.09123,0.5057519
0.6416666666666667,41.353928,-6.8018513,-2.930426,70.0,25.0,90.0,41.582996,-7.144391,-2.637206,70.96145,25.379128,89.09123,0.5057508
0.6458333333333334,41.353928,-6.8018513,-2.930426,70.0,25.0,90.0,41.582996,-7.144393,-2.6372051,70.96145,25.379128,89.09123,0.5057526
0.65,41.353928,-6.8018513,-2.930426,70.0,25.0,90.0,41.583,-7.144393,-2.6372051,70.96146,25.379128,89.09123,0.50575435
0.6541666666666667,41.353928,-6.8018513,-2.930426,70.0,25.0,90.0,41.583,-7.144393,-2.6372013,70.96146,25.379128,89.091225,0.50575656
0.6583333333333333,41.353928,-6.8018513,-2.930426,70.0,25.0,90.0,41.582996,-7.144391,-2.6372051,70.96146,25.379128,89.09123,0.5057514
0.6625,41.353928,-6.8018513,-2.930426,70.0,25.0,90.0,41.582996,-7.14439,-2.6372042,70.96146,25.379128,89.09123,0.50575125
0.6666666666666666,41.353928,-6.8018513,-2.930426,70.0,25.0,90.0,41.582996,-7.14439,-2.6372042,70.96146,25.379128,89.09123,0.50575125
0.6708333333333333,41.353928,-6.8018513,-2.930426,70.0,25.0,90.0,41.583,-7.144391,-2.6372042,70.96146,25.379124,89.09123,0.50575364
0.675,41.353928,-6.8018513,-2.930426,70.0,25.0,90.0,41.582996,-7.144393,-2.6372042,70.96146,25.379124,89.09123,0.5057532
0.6791666666666667,41.353928,-6.8018513,-2.930426,70.0,25.0,90.0,41.582996,-7.144391,-2.6372042,70.96146,25.379128,89.09123,0.5057519
0.6833333333333333,41.353928,-6.8018513,-2.930426,70.0,25.0,90.0,41.582996,-7.14439,-2.6372013,70.96146,25.379124,89.09123,0.5057529
0.6875,41.353928,-6.8018513,-2.930426,70.0,25.0,90.0,41.582996,-7.144393,-2.6372042,70.96146,25.379128,89.09123,0.5057532
0.6916666666666667,41.353928,-6.8018513,-2.930426,70.0,25.0,90.0,41.582996,-7.144391,-2.6372042,70.96146,25.379124,89.09123,0.5057519
0.6958333333333333,41.353928,-6.8018513,-2.930426,70.0,25.0,90.0,41.582996,-7.144391,-2.6372042,70.96146,25.379128,89.09123,0.5057519
0.7,41.353928,-6.8018513,-2.930426,70.0,25.0,90.0,41.583,-7.144391,-2.637206,70.96146,25.379128,89.09123,0.5057525
0.7041666666666667,41.353928,-6.8018513,-2.930426,70.0,25.0,90.0,41.582996,-7.144391,-2.6372051,70.96146,25.379128,89.091225,0.5057514
0.7083333333333334,41.353928,-6.8018513,-2.930426,70.0,25.0,90.0,41.583,-7.144394,-2.6372013,70.96146,25.379124,89.091225,0.5057572
0.7125,41.353928,-6.8018513,-2.930426,70.0,25.0,90.0,41.583,-7.144391,-2.637208,70.96146,25.379128,89.091225,0.50575143
0.7166666666666667,41.353928,-6.8018513,-2.930426,70.0,25.0,90.0,41.582996,-7.144393,-2.6372051,70.96146,25.379124,89.091225,0.5057526
0.7208333333333333,41.353928,-6.8018513,-2.930426,70.0,25.0,90.0,41.582996,-7.144396,-2.6372042,70.96146,25.379128,89.091225,0.5057551
0.725,41.353928,-6.8018513,-2.930426,70.0,25.0,90.0,41.582996,-7.144397,-2.6372051,70.96146,25.37912,89.091225,0.5057552
0.7291666666666666,41.353928,-6.8018513,-2.930426,70.0,25.0,90.0,41.582996,-7.144396,-2.637208,70.96146,25.379128,89.091225,0.5057529
0.7333333333333333,41.353928,-6.8018513,-2.930426,70.0,25.0,90.0,41.582993,-7.144397,-2.6372023,70.96146,25.379128,89.091225,0.5057551
0.7375,41.353928,-6.8018513,-2.930426,70.0,25.0,90.0,41.582993,-7.144396,-2.637207,70.96146,25.379128,89.09122,0.5057517
0.7416666666666667,41.353928,-6.8018513,-2.930426,70.0,25.0,90.0,41.582996,-7.144394,-2.6372042,70.96146,25.379124,89.09122,0.5057539
0.7458333333333333,41.353928,-6.8018513,-2.930426,70.0,25.0,90.0,41.583,-7.144397,-2.637206,70.96145,25.379124,89.09122,0.5057564
0.75,41.353928,-6.8018513,-2.930426,70.0,25.0,90.0,41.583,-7.144396,-2.637206,70.96146,25.37912,89.09122,0.5057557
0.7541666666666667,41.353928,-6.8018513,-2.930426,70.0,25.0,90.0,41.583,-7.144394,-2.637206,70.96146,25.379124,89.09122,0.5057544
0.7583333333333333,41.353928,-6.8018513,-2.930426,70.0,25.0,90.0,41.582996,-7.144397,-2.637207,70.96145,25.379131,89.09122,0.5057541
0.7625,41.353928,-6.8018513,-2.930426,70.0,25.0,90.0,41.582996,-7.144396,-2.637207,70.96145,25.379124,89.09122,0.50575346
0.7666666666666667,41.353928,-6.8018513,-2.930426,70.0,25.0,90.0,41.582996,-7.144397,-2.637207,70.96146,25.379128,89.09122,0.5057541
0.7708333333333334,41.353928,-6.8018513,-2.930426,70.0,25.0,90.0,41.583,-7.144396,-2.6372051,70.96145,25.379128,89.091225,0.5057563
0.775,41.353928,-6.8018513,-2.930426,70.0,25.0,90.0,41.583,-7.144396,-2.637207,70.96145,25.379128,89.091225,0.5057552
0.7791666666666667,41.353928,-6.8018513,-2.930426,70.0,25.0,90.0,41.582996,-7.1443987,-2.637206,70.96145,25.379131,89.091225,0.50575596
0.7833333333333333,41.353928,-6.8018513,-2.930426,70.0,25.0,90.0,41.582996,-7.144394,-2.6372051,70.96145,25.379128,89.091225,0.5057533
0.7875,41.353928,-6.8018513,-2.930426,70.0,25.0,90.0,41.583,-7.1443987,-2.637206,70.96144,25.379128,89.091225,0.5057577
0.7916666666666666,41.353928,-6.8018513,-2.930426,70.0,25.0,90.0,41.583,-7.144397,-2.6372042,70.96144,25.379128,89.091225,0.5057575
0.7958333333333333,41.353928,-6.8018513,-2.930426,70.0,25.0,90.0,41.583,-7.1443987,-2.6372051,70.96145,25.379128,89.091225,0.5057582
0.8,41.353928,-6.8018513,-2.930426,70.0,25.0,90.0,41.583,-7.144397,-2.6372051,70.96145,25.379128,89.091225,0.5057569
0.8041666666666667,41.353928,-6.8018513,-2.930426,70.0,25.0,90.0,41.583,-7.144397,-2.637206,70.96145,25.379128,89.091225,0.5057564
0.8083333333333333,41.353928,-6.8018513,-2.930426,70.0,25.0,90.0,41.583,-7.144397,-2.637206,70.96145,25.379128,89.091225,0.5057564
0.8125,41.353928,-6.8018513,-2.930426,70.0,25.0,90.0,41.583,-7.144397,-2.637206,70.96145,25.379128,89.091225,0.5057564
0.8166666666666667,41.353928,-6.8018513,-2.930426,70.0,25.0,90.0,41.583,-7.144397,-2.637206,70.96145,25.379128,89.091225,0.5057564
0.8208333333333333,41.353928,-6.8018513,-2.930426,70.0,25.0,90.0,41.583,-7.144397,-2.637206,70.96145,25.379128,89.091225,0.5057564
0.825,41.353928,-6.8018513,-2.930426,70.0,25.0,90.0,41.583,-7.144397,-2.637206,70.96145,25.379128,89.091225,0.5057564
0.8291666666666667,41.353928,-6.8018513,-2.930426,70.0,25.0,90.0,41.583,-7.144397,-2.637206,70.96145,25.379128,89.091225,0.5057564
0.8333333333333334,41.353928,-6.8018513,-2.930426,70.0,25.0,90.0,41.583,-7.144397,-2.637206,70.96145,25.379128,89.091225,0.5057564
0.8375,41.353928,-6.8018513,-2.930426,70.0,25.0,90.0,41.583,-7.144397,-2.637206,70.96145,25.379128,89.091225,0.5057564
0.8416666666666667,41.353928,-6.8018513,-2.930426,70.0,25.0,90.0,41.583,-7.144397,-2.637206,70.96145,25.379128,89.091225,0.5057564
0.8458333333333333,41.353928,-6.8018513,-2.930426,70.0,25.0,90.0,41.583,-7.144397,-2.637206,70.96145,25.379128,89.091225,0.5057564
0.85,41.353928,-6.8018513,-2.930426,70.0,25.0,90.0,41.583,-7.144397,-2.637206,70.96145,25.379128,89.091225,0.5057564
0.8541666666666666,41.353928,-6.8018513,-2.930426,70.0,25.0,90.0,41.583,-7.144397,-2.637206,70.96145,25.379128,89.091225,0.5057564
0.8583333333333333,41.353928,-6.8018513,-2.930426,70.0,25.0,90.0,41.583,-7.144397,-2.637206,70.96145,25.379128,89.091225,0.5057564
0.8625,41.353928,-6.8018513,-2.930426,70.0,25.0,90.0,41.583,-7.144397,-2.637206,70.96145,25.379128,89.091225,0.5057564
0.8666666666666667,41.353928,-6.8018513,-2.930426,70.0,25.0,90.0,41.583,-7.144397,-2.637206,70.96145,25.379128,89.091225,0.5057564
0.8708333333333333,41.353928,-6.8018513,-2.930426,70.0,25.0,90.0,41.583,-7.144397,-2.637206,70.96145,25.379128,89.091225,0.5057564
0.875,41.353928,-6.8018513,-2.930426,70.0,25.0,90.0,41.583,-7.144397,-2.637206,70.96145,25.379128,89.091225,0.5057564
0.8791666666666667,41.353928,-6.8018513,-2.930426,70.0,25.0,90.0,41.583,-7.144397,-2.637206,70.96145,25.379128,89.091225,0.5057564
0.8833333333333333,41.353928,-6.8018513,-2.930426,70.0,25.0,90.0,41.583,-7.144397,-2.637206,70.96145,25.379128,89.091225,0.5057564
0.8875,41.353928,-6.8018513,-2.930426,70.0,25.0,90.0,41.583,-7.144397,-2.637206,70.96145,25.379128,89.091225,0.5057564
0.8916666666666667,41.353928,-6.8018513,-2.930426,70.0,25.0,90.0,41.583,-7.144397,-2.637206,70.96145,25.379128,89.091225,0.5057564
0.8958333333333334,41.353928,-6.8018513,-2.930426,70.0,25.0,90.0,41.583,-7.144397,-2.637206,70.96145,25.379128,89.091225,0.5057564
0.9,41.353928,-6.8018513,-2.930426,70.0,25.0,90.0,41.583,-7.144397,-2.637206,70.96145,25.379128,89.091225,0.5057564
0.9041666666666667,41.353928,-6.8018513,-2.930426,70.0,25.0,90.0,41.583,-7.144397,-2.637206,70.96145,25.379128,89.091225,0.5057564
0.9083333333333333,41.353928,-6.8018513,-2.930426,70.0,25.0,90.0,41.583,-7.144397,-2.637206,70.96145,25.379128,89.091225,0.5057564
0.9125,41.353928,-6.8018513,-2.930426,70.0,25.0,90.0,41.583,-7.144397,-2.637206,70.96145,25.379128,89.091225,0.5057564
0.9166666666666666,41.353928,-6.8018513,-2.930426,70.0,25.0,90.0,41.583,-7.144397,-2.637206,70.96145,25.379128,89.091225,0.5057564
0.9208333333333333,41.353928,-6.8018513,-2.930426,70.0,25.0,90.0,41.583,-7.144397,-2.637206,70.96145,25.379128,89.091225,0.5057564
0.925,41.353928,-6.8018513,-2.930426,70.0,25.0,90.0,41.583,-7.144397,-2.637206,70.96145,25.379128,89.091225,0.5057564
0.9291666666666667,41.353928,-6.8018513,-2.930426,70.0,25.0,90.0,41.583,-7.144397,-2.637206,70.96145,25.379128,89.091225,0.5057564
0.9333333333333333,41.353928,-6.8018513,-2.930426,70.0,25.0,90.0,41.583,-7.144397,-2.637206,70.96145,25.379128,89.091225,0.5057564
0.9375,41.353928,-6.8018513,-2.930426,70.0,25.0,90.0,41.583,-7.144397,-2.637206,70.96145,25.379128,89.091225,0.5057564
0.9416666666666667,41.353928,-6.8018513,-2.930426,70.0,25.0,90.0,41.583,-7.144397,-2.637206,70.96145,25.379128,89.091225,0.5057564
0.9458333333333333,41.353928,-6.8018513,-2.930426,70.0,25.0,90.0,41.583,-7.144397,-2.637206,70.96145,25.379128,89.091225,0.5057564
0.95,41.353928,-6.8018513,-2.930426,70.0,25.0,90.0,41.583,-7.144397,-2.637206,70.96145,25.379128,89.091225,0.5057564
0.9541666666666667,41.353928,-6.8018513,-2.930426,70.0,25.0,90.0,41.583,-7.144397,-2.637206,70.96145,25.379128,89.091225,0.5057564
0.9583333333333334,41.353928,-6.8018513,-2.930426,70.0,25.0,90.0,41.583,-7.144396,-2.6372051,70.96145,25.379131,89.091225,0.5057563
0.9625,41.353928,-6.8018513,-2.930426,70.0,25.0,90.0,41.583,-7.144396,-2.6372051,70.96145,25.379131,89.091225,0.5057563
0.9666666666666667,41.353928,-6.8018513,-2.930426,70.0,25.0,90.0,41.583,-7.144396,-2.6372042,70.96145,25.379131,89.091225,0.50575686
0.9708333333333333,41.353928,-6.8018513,-2.930426,70.0,25.0,90.0,41.583,-7.144393,-2.637206,70.96145,25.379128,89.091225,0.5057538
0.975,41.353928,-6.8018513,-2.930426,70.0,25.0,90.0,41.582996,-7.144394,-2.6372051,70.96145,25.379128,89.091225,0.5057533
0.9791666666666666,41.353928,-6.8018513,-2.930426,70.0,25.0,90.0,41.583,-7.144394,-2.637207,70.96145,25.379128,89.091225,0.50575393
0.9833333333333333,41.353928,-6.8018513,-2.930426,70.0,25.0,90.0,41.582996,-7.144393,-2.637207,70.96145,25.379128,89.091225,0.50575155
0.9875,41.353928,-6.8018513,-2.930426,70.0,25.0,90.0,41.583,-7.144393,-2.637209,70.96145,25.379128,89.091225,0.50575215
0.9916666666666667,41.353928,-6.8018513,-2.930426,70.0,25.0,90.0,41.583,-7.144391,-2.63721,70.96146,25.379128,89.091225,0.5057503
0.9958333333333333,41.353928,-6.8018513,-2.930426,70.0,25.0,90.0,41.583,-7.144393,-2.637208,70.96145,25.379124,89.091225,0.5057527
1.0,41.353928,-6.8018513,-2.930426,70.0,25.0,90.0,41.583,-7.144393,-2.637209,70.96145,25.379128,89.09123,0.50575215
1.0041666666666667,41.353928,-6.8018513,-2.930426,70.0,25.0,90.0,41.582996,-7.144394,-2.637208,70.96145,25.379128,89.09123,0.5057516
1.0083333333333333,41.353928,-6.8018513,-2.930426,70.0,25.0,90.0,41.583,-7.144393,-2.637208,70.96145,25.379124,89.09123,0.5057527
1.0125,41.353928,-6.8018513,-2.930426,70.0,25.0,90.0,41.582996,-7.144391,-2.637208,70.96146,25.379128,89.09123,0.50574964
1.0166666666666666,41.353928,-6.8018513,-2.930426,70.0,25.0,90.0,41.582996,-7.144391,-2.6372051,70.96145,25.379128,89.09123,0.5057514
1.0208333333333333,41.353928,-6.8018513,-2.930426,70.0,25.0,90.0,41.583,-7.144391,-2.637208,70.96145,25.379128,89.09123,0.50575143
1.025,41.353928,-6.8018513,-2.930426,70.0,25.0,90.0,41.583,-7.144391,-2.637207,70.96145,25.379124,89.09123,0.50575197
1.0291666666666666,41.353928,-6.8018513,-2.930426,70.0,25.0,90.0,41.582996,-7.14439,-2.6372042,70.96145,25.379124,89.09123,0.50575125
1.0333333333333334,41.353928,-6.8018513,-2.930426,70.0,25.0,90.0,41.582993,-7.144391,-2.637208,70.96145,25.379128,89.09123,0.505748
1.0375,41.353928,-6.8018513,-2.930426,70.0,25.0,90.0,41.582993,-7.144391,-2.637206,70.96145,25.379128,89.091225,0.50574905
1.0416666666666667,41.353928,-6.8018513,-2.930426,70.0,25.0,90.0,41.583,-7.144391,-2.6372042,70.96146,25.379124,89.09123,0.50575364
1.0458333333333334,41.353928,-6.8018513,-2.930426,70.0,25.0,90.0,41.583,-7.144394,-2.637206,70.96145,25.379128,89.09123,0.5057544
1.05,41.353928,-6.8018513,-2.930426,70.0,25.0,90.0,41.582996,-7.14439,-2.6372042,70.96146,25.379128,89.09123,0.50575125
1.0541666666666667,41.353928,-6.8018513,-2.930426,70.0,25.0,90.0,41.582993,-7.144391,-2.637206,70.96146,25.379128,89.09123,0.50574905
1.0583333333333333,41.353928,-6.8018513,-2.930426,70.0,25.0,90.0,41.582996,-7.144391,-2.6372013,70.96146,25.379131,89.09123,0.5057536
1.0625,41.353928,-6.8018513,-2.930426,70.0,25.0,90.0,41.582996,-7.144393,-2.6372042,70.96146,25.379128,89.09123,0.5057532
1.0666666666666667,41.353928,-6.8018513,-2.930426,70.0,25.0,90.0,41.582993,-7.144393,-2.637206,70.96146,25.379124,89.09123,0.50575036
1.0708333333333333,41.353928,-6.8018513,-2.930426,70.0,25.0,90.0,41.582996,-7.144391,-2.637206,70.96146,25.379124,89.09123,0.5057508
1.075,41.353928,-6.8018513,-2.930426,70.0,25.0,90.0,41.582993,-7.144396,-2.6372051,70.96146,25.379124,89.09123,0.50575286
1.0791666666666666,41.353928,-6.8018513,-2.930426,70.0,25.0,90.0,41.582996,-7.144393,-2.6372051,70.96146,25.379124,89.09123,0.5057526
1.0833333333333333,41.353928,-6.8018513,-2.930426,70.0,25.0,90.0,41.582993,-7.144393,-2.6372051,70.96146,25.379128,89.09123,0.5057509
1.0875,41.353928,-6.8018513,-2.930426,70.0,25.0,90.0,41.582993,-7.144394,-2.637207,70.96146,25.379128,89.09123,0.5057504
1.0916666666666666,41.353928,-6.8018513,-2.930426,70.0,25.0,90.0,41.582993,-7.144393,-2.6372051,70.96146,25.379128,89.09123,0.5057509
1.0958333333333334,41.353928,-6.8018513,-2.930426,70.0,25.0,90.0,41.582993,-7.144393,-2.637206,70.96146,25.379128,89.09123,0.50575036
1.1,41.353928,-6.8018513,-2.930426,70.0,25.0,90.0,41.582996,-7.144393,-2.6372023,70.96146,25.379128,89.09123,0.5057543
1.1041666666666667,41.353928,-6.8018513,-2.930426,70.0,25.0,90.0,41.583,-7.144393,-2.637206,70.96146,25.379124,89.09123,0.5057538
1.1083333333333334,41.353928,-6.8018513,-2.930426,70.0,25.0,90.0,41.582996,-7.144393,-2.6372042,70.96146,25.379128,89.09123,0.5057532
1.1125,41.353928,-6.8018513,-2.930426,70.0,25.0,90.0,41.582993,-7.144391,-2.6372051,70.96145,25.379128,89.09123,0.5057496
1.1166666666666667,41.353928,-6.8018513,-2.930426,70.0,25.0,90.0,41.582996,-7.144394,-2.6372023,70.96145,25.379124,89.091225,0.50575495
1.1208333333333333,41.353928,-6.8018513,-2.930426,70.0,25.0,90.0,41.582996,-7.144396,-2.6372023,70.96146,25.379124,89.091225,0.5057562
1.125,41.353928,-6.8018513,-2.930426,70.0,25.0,90.0,41.582993,-7.144396,-2.637207,70.96145,25.379124,89.091225,0.5057517
1.1291666666666667,41.353928,-6.8018513,-2.930426,70.0,25.0,90.0,41.582996,-7.144396,-2.637207,70.96145,25.379128,89.091225,0.50575346
1.1333333333333333,41.353928,-6.8018513,-2.930426,70.0,25.0,90.0,41.582993,-7.144394,-2.637207,70.96146,25.379128,89.091225,0.5057504
1.1375,41.353928,-6.8018513,-2.930426,70.0,25.0,90.0,41.583,-7.144394,-2.637206,70.96146,25.379128,89.09122,0.5057544
1.1416666666666666,41.353928,-6.8018513,-2.930426,70.0,25.0,90.0,41.583,-7.144397,-2.6372042,70.96146,25.37912,89.09122,0.5057575
1.1458333333333333,41.353928,-6.8018513,-2.930426,70.0,25.0,90.0,41.582996,-7.144397,-2.6372051,70.96146,25.37912,89.09122,0.5057552
1.15,41.353928,-6.8018513,-2.930426,70.0,25.0,90.0,41.582996,-7.144397,-2.637208,70.96146,25.379128,89.09122,0.5057536
1.1541666666666666,41.353928,-6.8018513,-2.930426,70.0,25.0,90.0,41.582996,-7.144394,-2.637208,70.96146,25.379128,89.09122,0.5057516
1.1583333333333334,41.353928,-6.8018513,-2.930426,70.0,25.0,90.0,41.583,-7.144397,-2.637208,70.96145,25.379128,89.09122,0.50575525
1.1625,41.353928,-6.8018513,-2.930426,70.0,25.0,90.0,41.583,-7.144396,-2.637206,70.96146,25.379128,89.09122,0.5057557
1.1666666666666667,41.353928,-6.8018513,-2.930426,70.0,25.0,90.0,41.583,-7.144394,-2.6372051,70.96146,25.379124,89.09122,0.505755
1.1708333333333334,41.353928,-6.8018513,-2.930426,70.0,25.0,90.0,41.583,-7.144396,-2.637208,70.96145,25.379128,89.09122,0.5057546
1.175,41.353928,-6.8018513,-2.930426,70.0,25.0,90.0,41.582996,-7.144396,-2.637206,70.96145,25.379124,89.09122,0.50575405
1.1791666666666667,41.353928,-6.8018513,-2.930426,70.0,25.0,90.0,41.582996,-7.144396,-2.6372051,70.96145,25.37912,89.09122,0.50575453
1.1833333333333333,41.353928,-6.8018513,-2.930426,70.0,25.0,90.0,41.582996,-7.144396,-2.637206,70.96145,25.37912,89.09122,0.50575405
1.1875,41.353928,-6.8018513,-2.930426,70.0,25.0,90.0,41.583,-7.144396,-2.6372051,70.96145,25.379124,89.09122,0.5057563
1.1916666666666667,41.353928,-6.8018513,-2.930426,70.0,25.0,90.0,41.582996,-7.144396,-2.637208,70.96145,25.37912,89.09122,0.5057529
1.1958333333333333,41.353928,-6.8018513,-2.930426,70.0,25.0,90.0,41.582996,-7.144396,-2.637207,70.96145,25.379124,89.09122,0.50575346
1.2,41.353928,-6.8018513,-2.930426,70.0,25.0,90.0,41.582996,-7.144396,-2.637208,70.96145,25.379124,89.091225,0.5057529
1.2041666666666666,41.353928,-6.8018513,-2.930426,70.0,25.0,90.0,41.582996,-7.144396,-2.637208,70.96145,25.379124,89.091225,0.5057529
1.2083333333333333,41.353928,-6.8018513,-2.930426,70.0,25.0,90.0,41.582996,-7.144396,-2.637208,70.96145,25.379124,89.091225,0.5057529
1.2125,41.353928,-6.8018513,-2.930426,70.0,25.0,90.0,41.582996,-7.144396,-2.637208,70.96145,25.379124,89.091225,0.5057529
1.2166666666666666,41.353928,-6.8018513,-2.930426,70.0,25.0,90.0,41.582996,-7.144396,-2.637208,70.96145,25.379124,89.091225,0.5057529
1.2208333333333334,41.353928,-6.8018513,-2.930426,70.0,25.0,90.0,41.582996,-7.144396,-2.637208,70.96145,25.379124,89.091225,0.5057529
1.225,41.353928,-6.8018513,-2.930426,70.0,25.0,90.0,41.582996,-7.144396,-2.637208,70.96145,25.379124,89.091225,0.5057529
1.2291666666666667,41.353928,-6.8018513,-2.930426,70.0,25.0,90.0,41.582996,-7.144396,-2.637208,70.96145,25.379124,89.091225,0.5057529
1.2333333333333334,41.353928,-6.8018513,-2.930426,70.0,25.0,90.0,41.582996,-7.144396,-2.637208,70.96145,25.379124,89.091225,0.5057529
1.2375,41.353928,-6.8018513,-2.930426,70.0,25.0,90.0,41.582996,-7.144396,-2.637208,70.96145,25.379124,89.091225,0.5057529
1.2416666666666667,41.353928,-6.8018513,-2.930426,70.0,25.0,90.0,41.582996,-7.144396,-2.637208,70.96145,25.379124,89.091225,0.5057529
1.2458333333333333,41.353928,-6.8018513,-2.930426,70.0,25.0,90.0,41.582996,-7.144396,-2.637208,70.96145,25.379124,89.091225,0.5057529
1.25,41.353928,-6.8018513,-2.930426,70.0,25.0,90.0,41.582996,-7.144396,-2.637208,70.96145,25.379124,89.091225,0.5057529
1.2541666666666667,41.353928,-6.8018513,-2.930426,70.0,25.0,90.0,41.582996,-7.144396,-2.637208,70.96145,25.379124,89.091225,0.5057529
1.2583333333333333,41.353928,-6.8018513,-2.930426,70.0,25.0,90.0,41.582996,-7.144396,-2.637208,70.96145,25.379124,89.091225,0.5057529
1.2625,41.353928,-6.8018513,-2.930426,70.0,25.0,90.0,41.582996,-7.144396,-2.637208,70.96145,25.379124,89.091225,0.5057529
1.2666666666666666,41.353928,-6.8018513,-2.930426,70.0,25.0,90.0,41.582996,-7.144396,-2.637208,70.96145,25.379124,89.091225,0.5057529
1.2708333333333333,41.353928,-6.8018513,-2.930426,70.0,25.0,90.0,41.582996,-7.144396,-2.637208,70.96145,25.379124,89.091225,0.5057529
1.275,41.353928,-6.8018513,-2.930426,70.0,25.0,90.0,41.582996,-7.144396,-2.637208,70.96145,25.379124,89.091225,0.5057529
1.2791666666666666,41.353928,-6.8018513,-2.930426,70.0,25.0,90.0,41.582996,-7.144396,-2.637208,70.96145,25.379124,89.091225,0.5057529
1.2833333333333334,41.353928,-6.8018513,-2.930426,70.0,25.0,90.0,41.582996,-7.144396,-2.637208,70.96145,25.379124,89.091225,0.5057529
1.2875,41.353928,-6.8018513,-2.930426,70.0,25.0,90.0,41.582996,-7.144396,-2.637208,70.96145,25.379124,89.091225,0.5057529
1.2916666666666667,41.353928,-6.8018513,-2.930426,70.0,25.0,90.0,41.582996,-7.144396,-2.637208,70.96145,25.379124,89.091225,0.5057529
1.2958333333333334,41.353928,-6.8018513,-2.930426,70.0,25.0,90.0,41.582996,-7.144396,-2.637208,70.96145,25.379124,89.091225,0.5057529
1.3,41.353928,-6.8018513,-2.930426,70.0,25.0,90.0,41.582996,-7.144396,-2.637208,70.96145,25.379124,89.091225,0.5057529
1.3041666666666667,41.353928,-6.8018513,-2.930426,70.0,25.0,90.0,41.582996,-7.144396,-2.637208,70.96145,25.379124,89.091225,0.5057529
1.3083333333333333,41.353928,-6.8018513,-2.930426,70.0,25.0,90.0,41.582996,-7.144396,-2.637208,70.96145,25.379124,89.091225,0.5057529
1.3125,41.353928,-6.8018513,-2.930426,70.0,25.0,90.0,41.582996,-7.144396,-2.637208,70.96145,25.379124,89.091225,0.5057529
1.3166666666666667,41.353928,-6.8018513,-2.930426,70.0,25.0,90.0,41.582996,-7.144396,-2.637208,70.96145,25.379124,89.091225,0.5057529
1.3208333333333333,41.353928,-6.8018513,-2.930426,70.0,25.0,90.0,41.582996,-7.144396,-2.637208,70.96145,25.379124,89.091225,0.5057529
1.325,41.353928,-6.8018513,-2.930426,70.0,25.0,90.0,41.582996,-7.144396,-2.637208,70.96145,25.379124,89.091225,0.5057529
1.3291666666666666,41.353928,-6.8018513,-2.930426,70.0,25.0,90.0,41.582996,-7.144396,-2.637208,70.96145,25.379124,89.091225,0.5057529
1.3333333333333333,41.353928,-6.8018513,-2.930426,70.0,25.0,90.0,41.582996,-7.144396,-2.637208,70.96145,25.379124,89.091225,0.5057529
1.3375,41.353928,-6.8018513,-2.930426,70.0,25.0,90.0,41.582996,-7.144396,-2.637208,70.96145,25.379124,89.091225,0.5057529
1.3416666666666666,41.353928,-6.8018513,-2.930426,70.0,25.0,90.0,41.582996,-7.144396,-2.637208,70.96145,25.379124,89.091225,0.5057529
1.3458333333333334,41.353928,-6.8018513,-2.930426,70.0,25.0,90.0,41.582996,-7.144396,-2.637208,70.96145,25.379124,89.091225,0.5057529
1.35,41.353928,-6.8018513,-2.930426,70.0,25.0,90.0,41.582996,-7.144396,-2.637208,70.96145,25.379124,89.091225,0.5057529
1.3541666666666667,41.353928,-6.8018513,-2.930426,70.0,25.0,90.0,41.582996,-7.144396,-2.637208,70.96145,25.379124,89.091225,0.5057529
1.3583333333333334,41.353928,-6.8018513,-2.930426,70.0,25.0,90.0,41.582996,-7.144394,-2.637208,70.96145,25.379124,89.09122,0.5057516
1.3625,41.353928,-6.8018513,-2.930426,70.0,25.0,90.0,41.582996,-7.144393,-2.637209,70.96145,25.379124,89.091225,0.5057504
1.3666666666666667,41.353928,-6.8018513,-2.930426,70.0,25.0,90.0,41.583,-7.144394,-2.637206,70.96145,25.379124,89.091225,0.5057544
1.3708333333333333,41.353928,-6.8018513,-2.930426,70.0,25.0,90.0,41.583,-7.144393,-2.637206,70.96145,25.379124,89.091225,0.5057538
1.375,41.353928,-6.8018513,-2.930426,70.0,25.0,90.0,41.583,-7.144394,-2.6372042,70.96145,25.379124,89.091225,0.50575554
1.3791666666666667,41.353928,-6.8018513,-2.930426,70.0,25.0,90.0,41.582996,-7.144393,-2.637206,70.96145,25.379124,89.091225,0.5057521
1.3833333333333333,41.353928,-6.8018513,-2.930426,70.0,25.0,90.0,41.582996,-7.144397,-2.637206,70.96145,25.379124,89.091225,0.50575465
1.3875,41.353928,-6.8018513,-2.930426,70.0,25.0,90.0,41.583,-7.144391,-2.6372051,70.96145,25.379124,89.091225,0.50575304
1.3916666666666666,41.353928,-6.8018513,-2.930426,70.0,25.0,90.0,41.583,-7.144394,-2.637206,70.96146,25.379124,89.091225,0.5057544
1.3958333333333333,41.353928,-6.8018513,-2.930426,70.0,25.0,90.0,41.583,-7.144393,-2.6372023,70.96145,25.379128,89.091225,0.505756
1.4,41.353928,-6.8018513,-2.930426,70.0,25.0,90.0,41.583,-7.144393,-2.637206,70.96145,25.379128,89.09123,0.5057538
1.4041666666666666,41.353928,-6.8018513,-2.930426,70.0,25.0,90.0,41.583,-7.144393,-2.637206,70.96146,25.379128,89.09123,0.5057538
1.4083333333333334,41.353928,-6.8018513,-2.930426,70.0,25.0,90.0,41.583,-7.144393,-2.63721,70.96146,25.379128,89.09123,0.5057516
1.4125,41.353928,-6.8018513,-2.930426,70.0,25.0,90.0,41.582996,-7.144394,-2.6372051,70.96146,25.379128,89.09123,0.5057533
1.4166666666666667,41.353928,-6.8018513,-2.930426,70.0,25.0,90.0,41.582996,-7.14439,-2.6372051,70.96146,25.379124,89.09123,0.5057507
1.4208333333333334,41.353928,-6.8018513,-2.930426,70.0,25.0,90.0,41.582996,-7.14439,-2.637207,70.96145,25.379128,89.09123,0.5057496
1.425,41.353928,-6.8018513,-2.930426,70.0,25.0,90.0,41.583,-7.144391,-2.6372051,70.96146,25.379124,89.09123,0.50575304
1.4291666666666667,41.353928,-6.8018513,-2.930426,70.0,25.0,90.0,41.582996,-7.144391,-2.637208,70.96146,25.379128,89.09123,0.50574964
1.4333333333333333,41.353928,-6.8018513,-2.930426,70.0,25.0,90.0,41.582996,-7.144391,-2.6372042,70.96146,25.379124,89.09123,0.5057519
1.4375,41.353928,-6.8018513,-2.930426,70.0,25.0,90.0,41.582993,-7.144391,-2.637207,70.96145,25.379128,89.09123,0.5057485
1.4416666666666667,41.353928,-6.8018513,-2.930426,70.0,25.0,90.0,41.583,-7.144393,-2.6372023,70.96146,25.379131,89.09123,0.505756
1.4458333333333333,41.353928,-6.8018513,-2.930426,70.0,25.0,90.0,41.582996,-7.144393,-2.6372051,70.96146,25.379128,89.09123,0.5057526
1.45,41.353928,-6.8018513,-2.930426,70.0,25.0,90.0,41.582996,-7.144393,-2.6372051,70.96146,25.379128,89.09123,0.5057526
1.4541666666666666,41.353928,-6.8018513,-2.930426,70.0,25.0,90.0,41.582996,-7.14439,-2.6372023,70.96146,25.379124,89.09123,0.5057523
1.4583333333333333,41.353928,-6.8018513,-2.930426,70.0,25.0,90.0,41.582996,-7.144388,-2.6372013,70.96146,25.379128,89.09123,0.5057516
1.4625,41.353928,-6.8018513,-2.930426,70.0,25.0,90.0,41.582996,-7.144393,-2.6372023,70.96146,25.379124,89.09123,0.5057543
1.4666666666666666,41.353928,-6.8018513,-2.930426,70.0,25.0,90.0,41.582996,-7.144391,-2.6372042,70.96146,25.379128,89.09123,0.5057519
1.4708333333333334,41.353928,-6.8018513,-2.930426,70.0,25.0,90.0,41.583,-7.144393,-2.6372023,70.96146,25.379128,89.09123,0.505756
1.475,41.353928,-6.8018513,-2.930426,70.0,25.0,90.0,41.582996,-7.144393,-2.6372042,70.96146,25.379128,89.09123,0.5057532
1.4791666666666667,41.353928,-6.8018513,-2.930426,70.0,25.0,90.0,41.582993,-7.144393,-2.637207,70.96146,25.379124,89.09123,0.50574976
1.4833333333333334,41.353928,-6.8018513,-2.930426,70.0,25.0,90.0,41.582996,-7.144393,-2.6372051,70.96146,25.379124,89.09123,0.5057526
1.4875,41.353928,-6.8018513,-2.930426,70.0,25.0,90.0,41.582996,-7.144391,-2.6372042,70.96146,25.379128,89.09123,0.5057519
1.4916666666666667,41.353928,-6.8018513,-2.930426,70.0,25.0,90.0,41.582996,-7.144394,-2.6372023,70.96146,25.379124,89.091225,0.50575495
1.4958333333333333,41.353928,-6.8018513,-2.930426,70.0,25.0,90.0,41.582996,-7.14439,-2.637206,70.96146,25.379128,89.091225,0.5057501
1.5,41.353928,-6.8018513,-2.930426,70.0,25.0,90.0,41.582996,-7.144391,-2.637206,70.96146,25.379128,89.091225,0.5057508
1.5041666666666667,41.353928,-6.8018513,-2.930426,70.0,25.0,90.0,41.582996,-7.144391,-2.637207,70.96146,25.379128,89.091225,0.50575024
1.5083333333333333,41.353928,-6.8018513,-2.930426,70.0,25.0,90.0,41.582996,-7.144391,-2.6372051,70.96146,25.379128,89.091225,0.5057514
1.5125,41.353928,-6.8018513,-2.930426,70.0,25.0,90.0,41.582996,-7.144393,-2.6372042,70.96146,25.379128,89.091225,0.5057532
1.5166666666666666,41.353928,-6.8018513,-2.930426,70.0,25.0,90.0,41.582996,-7.144391,-2.6372042,70.96146,25.379128,89.091225,0.5057519
1.5208333333333333,41.353928,-6.8018513,-2.930426,70.0,25.0,90.0,41.582996,-7.144396,-2.6372042,70.96146,25.379128,89.091225,0.5057551
1.525,41.353928,-6.8018513,-2.930426,70.0,25.0,90.0,41.582996,-7.144397,-2.637206,70.96146,25.379128,89.091225,0.50575465
1.5291666666666666,41.353928,-6.8018513,-2.930426,70.0,25.0,90.0,41.582996,-7.144396,-2.637206,70.96145,25.379128,89.091225,0.50575405
1.5333333333333334,41.353928,-6.8018513,-2.930426,70.0,25.0,90.0,41.582993,-7.144397,-2.6372013,70.96146,25.379124,89.091225,0.5057557
1.5375,41.353928,-6.8018513,-2.930426,70.0,25.0,90.0,41.58299,-7.1444006,-2.6371965,70.96147,25.379116,89.09124,0.50575936
1.5416666666666667,41.353928,-6.8018513,-2.930426,70.0,25.0,90.0,41.582985,-7.1444054,-2.6371698,70.96153,25.379131,89.09128,0.5057763
1.5458333333333334,41.353928,-6.8018513,-2.930426,70.0,25.0,90.0,41.58298,-7.144395,-2.6371021,70.96171,25.379253,89.09131,0.50580674
1.55,41.353928,-6.8018513,-2.930426,70.0,25.0,90.0,41.582966,-7.144346,-2.6369753,70.9622,25.379635,89.09122,0.5058405
1.5541666666666667,41.353928,-6.8018513,-2.930426,70.0,25.0,90.0,41.582916,-7.144271,-2.636755,70.96323,25.380451,89.09089,0.50589484
1.5583333333333333,41.353928,-6.8018513,-2.930426,70.0,25.0,90.0,41.58277,-7.1441164,-2.6363335,70.96512,25.38189,89.0903,0.5059696
1.5625,41.353928,-6.8018513,-2.930426,70.0,25.0,90.0,41.58246,-7.143772,-2.6355076,70.968155,25.384056,89.089424,0.5060761
1.5666666666666667,41.353928,-6.8018513,-2.930426,70.0,25.0,90.0,41.581978,-7.1431026,-2.6342402,70.97268,25.387192,89.08813,0.5061476
1.5708333333333333,41.353928,-6.8018513,-2.930426,70.0,25.0,90.0,41.581333,-7.141941,-2.6325684,70.978966,25.391487,89.08607,0.5060568
1.575,41.353928,-6.8018513,-2.930426,70.0,25.0,90.0,41.580555,-7.1400948,-2.6304598,70.98721,25.39692,89.083275,0.5057156
1.5791666666666666,41.353928,-6.8018513,-2.930426,70.0,25.0,90.0,41.57964,-7.1373253,-2.6277952,70.99761,25.403381,89.07952,0.50504845
1.5833333333333333,41.353928,-6.8018513,-2.930426,70.0,25.0,90.0,41.57876,-7.1335783,-2.6247625,71.00989,25.411362,89.073654,0.5040057
1.5875,41.353928,-6.8018513,-2.930426,70.0,25.0,90.0,41.577316,-7.1288986,-2.6214104,71.02285,25.41998,89.06634,0.5023476
1.5916666666666666,41.353928,-6.8018513,-2.930426,70.0,25.0,90.0,41.57534,-7.123124,-2.6173973,71.035904,25.428883,89.05984,0.5002267
1.5958333333333334,41.353928,-6.8018513,-2.930426,70.0,25.0,90.0,41.57173,-7.1159086,-2.6124983,71.04982,25.439999,89.055695,0.49714038
1.6,41.353928,-6.8018513,-2.930426,70.0,25.0,90.0,41.566082,-7.107834,-2.6088123,71.06407,25.453793,89.05244,0.4920062
1.6041666666666667,41.353928,-6.8018513,-2.930426,70.0,25.0,90.0,41.55807,-7.098568,-2.607624,71.0758,25.469109,89.050095,0.48364905
1.6083333333333334,41.353928,-6.8018513,-2.930426,70.0,25.0,90.0,41.548542,-7.088668,-2.6075096,71.08598,25.485939,89.05261,0.47372296
1.6125,41.353928,-6.8018513,-2.930426,70.0,25.0,90.0,41.53519,-7.075693,-2.6025982,71.095726,25.496208,89.06391,0.46402222
1.6166666666666667,41.353928,-6.8018513,-2.930426,70.0,25.0,90.0,41.517952,-7.058346,-2.6000986,71.10417,25.502113,89.088806,0.44923216
1.6208333333333333,41.353928,-6.8018513,-2.930426,70.0,25.0,90.0,41.50361,-7.04012,-2.6072197,71.10527,25.501545,89.123566,0.42853087
1.625,41.353928,-6.8018513,-2.930426,70.0,25.0,90.0,41.49269,-7.0249567,-2.6201668,71.094734,25.491264,89.17987,0.40656123
1.6291666666666667,41.353928,-6.8018513,-2.930426,70.0,25.0,90.0,41.48645,-7.0075626,-2.6451197,71.06855,25.471565,89.26082,0.37587103
1.6333333333333333,41.353928,-6.8018513,-2.930426,70.0,25.0,90.0,41.482605,-6.9861803,-2.6848593,71.02058,25.441338,89.35542,0.33292344
1.6375,41.353928,-6.8018513,-2.930426,70.0,25.0,90.0,41.478577,-6.957035,-2.7446985,70.9442,25.425629,89.45825,0.27223894
1.6416666666666666,41.353928,-6.8018513,-2.930426,70.0,25.0,90.0,41.474976,-6.9219475,-2.8154478,70.847244,25.411758,89.56702,0.2056591
1.6458333333333333,41.353928,-6.8018513,-2.930426,70.0,25.0,90.0,41.469162,-6.8828974,-2.8849974,70.73932,25.392834,89.68568,0.14802426
1.65,41.353928,-6.8018513,-2.930426,70.0,25.0,90.0,41.47363,-6.8453436,-2.9594412,70.62115,25.390633,89.80504,0.13062118
1.6541666666666666,41.35387,-6.8018527,-2.9304256,70.00002,25.0,90.00016,41.48823,-6.809499,-3.0375853,70.52557,25.38404,89.91104,0.1720308
1.6583333333333334,41.353466,-6.8018517,-2.9304264,70.00017,25.0,90.001274,41.506462,-6.787076,-3.1236715,70.44658,25.390633,90.02207,0.24692066
1.6625,41.352386,-6.8018517,-2.9304247,70.000565,25.0,90.00426,41.526047,-6.7661924,-3.2263918,70.38289,25.422642,90.10818,0.34500146
1.6666666666666667,41.35032,-6.801853,-2.9304247,70.00132,25.0,90.009964,41.556553,-6.7284813,-3.3287444,70.32442,25.469486,90.12708,0.45450467
1.6708333333333334,41.34697,-6.80185,-2.9304235,70.00254,25.0,90.01922,41.59063,-6.688752,-3.4304814,70.24559,25.523792,90.13205,0.5676435
1.675,41.34206,-6.8018513,-2.9304242,70.00433,25.0,90.03277,41.61292,-6.664276,-3.5260916,70.1932,25.600925,90.156586,0.6686636
1.6791666666666667,41.335327,-6.801851,-2.9304273,70.00679,25.0,90.05136,41.631104,-6.622635,-3.6191106,70.17589,25.69749,90.142876,0.77064043
1.6833333333333333,41.326527,-6.8018527,-2.9304247,70.01002,25.0,90.075645,41.671234,-6.5570145,-3.7308316,70.23334,25.817741,90.108154,0.90521836
1.6875,41.31543,-6.80185,-2.9304247,70.014084,25.0,90.10627,41.68134,-6.512947,-3.8569665,70.29357,25.995945,90.07449,1.0372244
1.6916666666666667,41.301815,-6.801853,-2.930426,70.01909,25.0,90.14382,41.660072,-6.46649,-3.9668322,70.38239,26.192432,90.06042,1.1467148
1.6958333333333333,41.285492,-6.801851,-2.9304264,70.0251,25.0,90.188835,41.628166,-6.4144926,-4.0548253,70.474915,26.387108,90.07232,1.2376369
1.7,41.26627,-6.8018494,-2.9304268,70.0322,25.0,90.24182,41.575493,-6.359296,-4.131072,70.53472,26.545265,90.11243,1.3164427
1.7041666666666666,41.243984,-6.8018517,-2.9304268,70.040474,25.0,90.303215,41.502514,-6.2926064,-4.2002673,70.5959,26.663929,90.180824,1.3923589
1.7083333333333333,41.21848,-6.801851,-2.930428,70.04997,25.0,90.37344,41.399597,-6.212324,-4.2574835,70.64349,26.717258,90.272224,1.4633597
1.7125,41.18961,-6.801851,-2.9304247,70.06078,25.0,90.45288,41.278233,-6.1556234,-4.339686,70.64741,26.72015,90.36036,1.5528945
1.7166666666666666,41.15725,-6.8018517,-2.9304242,70.07296,25.0,90.541855,41.152744,-6.093445,-4.400363,70.62331,26.684227,90.4673,1.6317415
1.7208333333333334,41.12129,-6.8018503,-2.930427,70.08656,25.0,90.640656,41.036713,-6.0751,-4.4469547,70.57939,26.676567,90.60775,1.6837978
1.725,41.08162,-6.8018503,-2.930424,70.10168,25.0,90.74954,40.938065,-6.0916023,-4.447673,70.54553,26.714294,90.75928,1.6813995
1.7291666666666667,41.03816,-6.8018503,-2.9304276,70.11834,25.0,90.86872,40.876743,-6.1308126,-4.4443703,70.5269,26.77605,90.88568,1.6638416
1.7333333333333334,40.99083,-6.801852,-2.9304245,70.136635,25.0,90.99836,40.822468,-6.17698,-4.4496517,70.51345,26.823551,91.01713,1.6513214
1.7375,40.93957,-6.8018517,-2.9304247,70.1566,25.0,91.13861,40.758236,-6.2509947,-4.4725122,70.52233,26.855473,91.15134,1.6475315
1.7416666666666667,40.884327,-6.801851,-2.9304242,70.17831,25.0,91.28957,40.654247,-6.3544607,-4.457058,70.5601,26.899345,91.31824,1.6073908
1.7458333333333333,40.825058,-6.8018517,-2.9304261,70.201805,25.0,91.45132,40.519707,-6.483369,-4.4387956,70.62227,27.006477,91.49187,1.5715754
1.75,40.76174,-6.8018503,-2.9304276,70.22715,25.0,91.62386,40.387943,-6.6574593,-4.434161,70.70994,27.102016,91.64312,1.5562097
1.7541666666666667,40.69435,-6.8018503,-2.9304237,70.25441,25.0,91.80723,40.255795,-6.8351164,-4.4520826,70.82954,27.17218,91.77826,1.5839459
1.7583333333333333,40.622887,-6.8018513,-2.9304276,70.283615,25.0,92.001366,40.114845,-7.008542,-4.5353074,70.93174,27.260048,91.91105,1.6960148
1.7625,40.54735,-6.8018513,-2.9304261,70.314835,25.0,92.20622,39.9859,-7.1684475,-4.6576815,71.05963,27.44133,92.075775,1.852844
1.7666666666666666,40.467754,-6.8018517,-2.9304276,70.34811,25.0,92.42171,39.8556,-7.329197,-4.795216,71.1787,27.655968,92.29611,2.0323052
1.7708333333333333,40.384125,-6.8018503,-2.9304266,70.383484,25.0,92.6477,39.69554,-7.4585705,-4.905399,71.28192,27.895287,92.600494,2.1922462
1.775,40.29649,-6.801851,-2.9304254,70.42101,25.0,92.88405,39.510437,-7.5164595,-4.963706,71.38065,28.13163,92.90525,2.2940738
1.7791666666666666,40.2049,-6.801852,-2.9304285,70.460724,25.0,93.13057,39.28618,-7.5583744,-5.016906,71.47878,28.33355,93.25617,2.4020326
1.7833333333333334,40.109398,-6.801852,-2.9304278,70.50267,25.0,93.387085,39.060867,-7.594676,-5.0693483,71.57612,28.504005,93.63284,2.510571
1.7875,40.010044,-6.8018503,-2.9304266,70.54688,25.0,93.65337,38.847992,-7.615451,-5.097121,71.67588,28.651306,94.02957,2.5897634
1.7916666666666667,39.906914,-6.8018527,-2.9304278,70.59339,25.0,93.92916,38.64145,-7.611765,-5.0912795,71.77748,28.77713,94.43404,2.6318507
1.7958333333333334,39.800076,-6.8018503,-2.930427,70.64223,25.0,94.21422,38.44947,-7.578678,-5.0363154,71.8847,28.876667,94.85178,2.6196108
1.8,39.689617,-6.8018503,-2.9304242,70.69342,25.0,94.50824,38.264618,-7.538706,-4.9640493,71.98306,28.958748,95.27971,2.5902143
1.8041666666666667,39.575626,-6.8018503,-2.9304256,70.74698,25.0,94.81093,38.09094,-7.495557,-4.874976,72.10012,29.029411,95.70112,2.5429912
1.8083333333333333,39.458206,-6.8018513,-2.9304264,70.802925,25.0,95.12195,37.933052,-7.4654417,-4.757982,72.244255,29.078056,96.10476,2.4711144
1.8125,39.337456,-6.8018517,-2.9304245,70.861275,25.0,95.44099,37.784805,-7.4414263,-4.6420345,72.37908,29.108925,96.499825,2.397788
1.8166666666666667,39.213493,-6.8018503,-2.9304242,70.92202,25.0,95.76768,37.651592,-7.4070187,-4.539676,72.509735,29.128265,96.886925,2.322812
1.8208333333333333,39.08643,-6.801851,-2.930425,70.98517,25.0,96.101654,37.52973,-7.363777,-4.4535728,72.64486,29.167534,97.24945,2.249233
1.825,38.95639,-6.8018513,-2.9304264,71.05071,25.0,96.44255,37.41877,-7.314766,-4.384623,72.76785,29.217567,97.59358,2.177624
1.8291666666666666,38.82351,-6.8018513,-2.9304264,71.11864,25.0,96.789955,37.323418,-7.2685003,-4.3312626,72.888855,29.288551,97.90228,2.1048462
1.8333333333333333,38.687916,-6.8018527,-2.9304268,71.18893,25.0,97.143486,37.236794,-7.228691,-4.3009577,73.01298,29.406918,98.18364,2.041152
1.8375,38.549747,-6.801851,-2.9304273,71.26155,25.0,97.50275,37.15866,-7.1943474,-4.2799697,73.131516,29.523102,98.45538,1.9774833
1.8416666666666666,38.409157,-6.801851,-2.9304268,71.33648,25.0,97.86728,37.07788,-7.1587486,-4.258878,73.24253,29.640545,98.72626,1.9142766
1.8458333333333334,38.266285,-6.80185,-2.9304254,71.41367,25.0,98.236694,36.984024,-7.1247253,-4.2434053,73.35769,29.748688,99.01093,1.8634264
1.85,38.121284,-6.8018517,-2.9304254,71.49309,25.0,98.61055,36.86991,-7.0804596,-4.2200747,73.50164,29.836498,99.30984,1.8184478
1.8541666666666667,37.974316,-6.801852,-2.930426,71.57466,25.0,98.98841,36.756485,-7.0328255,-4.198594,73.64885,29.915188,99.61879,1.7733332
1.8583333333333334,37.825535,-6.801852,-2.9304252,71.65834,25.0,99.36984,36.64471,-6.982156,-4.1794424,73.79589,29.990013,99.94201,1.7282648
1.8625,37.675106,-6.8018503,-2.9304266,71.74405,25.0,99.75441,36.53963,-6.9217052,-4.1608844,73.936615,30.058994,100.27873,1.6785992
1.8666666666666667,37.523193,-6.801851,-2.930425,71.831726,25.0,100.141655,36.43248,-6.8537903,-4.1405854,74.07465,30.11126,100.63327,1.6299822
1.8708333333333333,37.36997,-6.8018527,-2.9304283,71.92127,25.0,100.53113,36.32528,-6.779537,-4.113996,74.214806,30.15551,101.003876,1.5788306
1.875,37.215603,-6.801851,-2.9304273,72.01261,25.0,100.92239,36.228176,-6.6869936,-4.0727153,74.34707,30.189285,101.4051,1.5142739
1.8791666666666667,37.060265,-6.8018517,-2.930428,72.105644,25.0,101.315,36.11984,-6.5883503,-4.01937,74.466606,30.203701,101.82218,1.4545716
1.8833333333333333,36.90413,-6.8018527,-2.9304278,72.20027,25.0,101.70851,36.00154,-6.493944,-3.9606543,74.58298,30.204254,102.260925,1.4038658
1.8875,36.74737,-6.801852,-2.930425,72.29639,25.0,102.10248,35.869907,-6.3990965,-3.8976269,74.69585,30.190506,102.70807,1.3666146
1.8916666666666666,36.590176,-6.8018546,-2.9304285,72.39386,25.0,102.496445,35.736324,-6.334855,-3.8398418,74.82727,30.141022,103.18493,1.3319848
1.8958333333333333,36.432705,-6.801851,-2.9304245,72.49259,25.0,102.89001,35.598198,-6.2838078,-3.7767587,74.96182,30.072159,103.690384,1.296554
1.9,36.27515,-6.801851,-2.9304264,72.59244,25.0,103.28269,35.44743,-6.227213,-3.7053351,75.089455,29.989735,104.225235,1.2711467
1.9041666666666666,36.117683,-6.8018503,-2.9304264,72.69328,25.0,103.674095,35.286995,-6.173559,-3.6288123,75.2151,29.88478,104.7726,1.2540079
1.9083333333333334,35.960484,-6.8018517,-2.9304252,72.79499,25.0,104.063774,35.122112,-6.12076,-3.5364847,75.33804,29.751766,105.331505,1.238572
1.9125,35.80373,-6.8018513,-2.930427,72.89741,25.0,104.45132,34.945267,-6.074691,-3.436286,75.47201,29.617085,105.88841,1.2335376
1.9166666666666667,35.647594,-6.8018513,-2.9304254,73.00041,25.0,104.83632,34.761112,-6.0327644,-3.3399382,75.59244,29.476933,106.41883,1.2429988
1.9208333333333334,35.492256,-6.8018503,-2.930427,73.103836,25.0,105.21836,34.561413,-5.9668703,-3.255786,75.68657,29.366245,106.946495,1.2920988
1.925,35.337887,-6.8018517,-2.930427,73.20755,25.0,105.597046,34.349365,-5.8902082,-3.1782875,75.77015,29.287636,107.468506,1.3673711
1.9291666666666667,35.18466,-6.80185,-2.9304242,73.31139,25.0,105.971985,34.1249,-5.8172674,-3.111494,75.86008,29.239826,107.97225,1.4578348
1.9333333333333333,35.032753,-6.8018513,-2.9304261,73.41521,25.0,106.34278,33.903137,-5.7580357,-3.057475,75.94759,29.212852,108.44515,1.5432836
1.9375,34.882324,-6.8018527,-2.9304264,73.518845,25.0,106.70907,33.686604,-5.7094955,-3.0078697,76.03633,29.192806,108.887825,1.6214159
1.9416666666666667,34.733543,-6.8018527,-2.930427,73.62215,25.0,107.07049,33.471146,-5.677455,-2.9594183,76.12835,29.18219,109.30986,1.6907864
1.9458333333333333,34.586575,-6.8018513,-2.9304256,73.72496,25.0,107.426674,33.26366,-5.658848,-2.905076,76.22629,29.184296,109.69206,1.7484854
1.95,34.441574,-6.801852,-2.9304276,73.827126,25.0,107.77728,33.07202,-5.6520233,-2.8599987,76.31668,29.213715,110.025055,1.7896204
1.9541666666666666,34.298702,-6.8018513,-2.9304247,73.9285,25.0,108.12198,32.893703,-5.6602955,-2.8258514,76.40226,29.268082,110.312,1.8133137
1.9583333333333333,34.158108,-6.8018513,-2.9304266,74.02891,25.0,108.46044,32.73348,-5.6536007,-2.810711,76.47635,29.30777,110.53831,1.8336792
1.9625,34.019947,-6.8018537,-2.9304283,74.12821,25.0,108.792336,32.60318,-5.636614,-2.8261175,76.52154,29.337112,110.70221,1.8373605
1.9666666666666666,33.88435,-6.801851,-2.9304273,74.226265,25.0,109.1174,32.49955,-5.6369333,-2.8653383,76.55021,29.363144,110.81253,1.8107843
1.9708333333333334,33.751465,-6.8018503,-2.9304245,74.32292,25.0,109.43532,32.4211,-5.660637,-2.9123468,76.54415,29.346306,110.88715,1.7528731
1.975,33.62143,-6.8018527,-2.9304273,74.41802,25.0,109.745804,32.370888,-5.69057,-2.9572325,76.525185,29.283836,110.910194,1.6731774
1.9791666666666667,33.494366,-6.801851,-2.9304261,74.511444,25.0,110.04863,32.346714,-5.722147,-2.9847565,76.50636,29.178627,110.906265,1.5766473
1.9833333333333334,33.3704,-6.8018513,-2.930425,74.60305,25.0,110.34352,32.336784,-5.759366,-3.0270529,76.47168,29.065289,110.89661,1.4712147
1.9875,33.249653,-6.8018513,-2.930427,74.692696,25.0,110.63024,32.337276,-5.7905874,-3.0721521,76.394844,28.92315,110.87186,1.3693689
1.9916666666666667,33.132233,-6.8018513,-2.930426,74.78027,25.0,110.908585,32.356556,-5.827797,-3.1160507,76.3091,28.756466,110.82944,1.2589332
1.9958333333333333,33.01824,-6.8018513,-2.9304268,74.865654,25.0,111.178345,32.37954,-5.8838005,-3.1625252,76.22344,28.575104,110.780136,1.142203
2.0,32.907784,-6.801852,-2.930427,74.94873,25.0,111.43933,32.38453,-5.946226,-3.2026324,76.14418,28.396416,110.77261,1.0392241
2.004166666666667,32.80095,-6.801853,-2.930428,75.02939,25.0,111.69137,32.38239,-6.0082273,-3.2391672,76.08135,28.216412,110.81097,0.94887
2.0083333333333333,32.69781,-6.801851,-2.9304264,75.10754,25.0,111.93432,32.355797,-6.0703487,-3.2774134,76.05076,28.06065,110.8881,0.8789022
2.0125,32.59846,-6.801851,-2.9304252,75.183075,25.0,112.168015,32.326115,-6.1473675,-3.2946706,76.05558,27.90255,110.99141,0.7969917
2.0166666666666666,32.50296,-6.801852,-2.930425,75.25592,25.0,112.39235,32.309845,-6.2506237,-3.3025498,76.10928,27.777142,111.11331,0.6925484
2.0208333333333335,32.411366,-6.8018527,-2.9304252,75.326,25.0,112.60723,32.269135,-6.3696756,-3.331131,76.18785,27.680523,111.245186,0.60627705
2.025,32.323734,-6.801852,-2.9304256,75.39323,25.0,112.81256,32.224827,-6.4810333,-3.3550239,76.2908,27.5606,111.37712,0.5412865
2.029166666666667,32.2401,-6.8018527,-2.930428,75.45756,25.0,113.00829,32.16089,-6.5894556,-3.3630762,76.42994,27.41779,111.527115,0.48843786
2.033333333333333,32.160507,-6.8018513,-2.9304273,75.518936,25.0,113.19437,32.102142,-6.716898,-3.3989477,76.594696,27.259445,111.68549,0.47972378
2.0375,32.08497,-6.8018527,-2.9304276,75.577324,25.0,113.370766,32.048172,-6.8372917,-3.4513526,76.78201,27.087631,111.83929,0.52342415
2.0416666666666665,32.013504,-6.8018527,-2.9304261,75.63268,25.0,113.53749,31.974133,-6.9398203,-3.4887614,76.99121,26.929398,112.003624,0.5764751
2.0458333333333334,31.94612,-6.8018517,-2.9304252,75.68498,25.0,113.69455,31.82381,-7.01439,-3.5229554,77.16417,26.817406,112.24168,0.64126754
2.05,31.8828,-6.8018513,-2.9304256,75.734215,25.0,113.842,31.68576,-7.067566,-3.575952,77.29107,26.720604,112.43871,0.7253502
2.0541666666666667,31.823532,-6.8018513,-2.930427,75.78037,25.0,113.979904,31.584126,-7.09706,-3.644031,77.37615,26.645752,112.60049,0.8085137
2.058333333333333,31.768286,-6.80185,-2.930425,75.82347,25.0,114.10835,31.523483,-7.1150055,-3.7003784,77.41406,26.599392,112.77513,0.8665005
2.0625,31.717026,-6.8018517,-2.9304252,75.86352,25.0,114.22745,31.480326,-7.1469307,-3.7576652,77.44025,26.537125,112.941536,0.9270558
2.066666666666667,31.669699,-6.8018527,-2.9304268,75.900536,25.0,114.33733,31.45474,-7.159569,-3.8404012,77.424805,26.453346,113.10977,1.00111
2.0708333333333333,31.626238,-6.80185,-2.9304256,75.93457,25.0,114.43819,31.399002,-7.168006,-3.9053373,77.41932,26.376232,113.29582,1.0659077
2.075,31.586569,-6.801851,-2.9304268,75.96567,25.0,114.53018,31.356918,-7.19104,-3.9722862,77.410065,26.274452,113.48155,1.1356403
2.0791666666666666,31.550608,-6.801851,-2.9304266,75.99389,25.0,114.61354,31.319878,-7.2003794,-4.028071,77.365654,26.175854,113.68792,1.1903296
2.0833333333333335,31.518246,-6.8018513,-2.9304252,76.01931,25.0,114.68852,31.274902,-7.230159,-4.0482945,77.3009,26.044666,113.873665,1.2215954
2.0875,31.489382,-6.8018537,-2.9304261,76.042,25.0,114.75537,31.230486,-7.2637787,-4.045897,77.226204,25.898342,114.04645,1.2347782
2.091666666666667,31.463873,-6.8018527,-2.930428,76.06206,25.0,114.81443,31.19514,-7.2759666,-4.024804,77.13655,25.746555,114.211975,1.2225628
2.095833333333333,31.441586,-6.8018527,-2.930428,76.0796,25.0,114.86601,31.17548,-7.2785616,-3.9952598,77.04709,25.59304,114.366585,1.1966329
2.1,31.422367,-6.8018527,-2.9304266,76.094734,25.0,114.910484,31.167257,-7.294894,-3.933753,76.9978,25.461533,114.48483,1.1466625
2.1041666666666665,31.406044,-6.801854,-2.9304287,76.10759,25.0,114.94824,31.167192,-7.3056784,-3.8592057,76.952896,25.352596,114.55667,1.0832893
2.1083333333333334,31.392431,-6.8018527,-2.9304278,76.11832,25.0,114.97973,31.18016,-7.3139753,-3.7852883,76.907684,25.252808,114.61177,1.0188793
2.1125,31.38133,-6.801851,-2.9304264,76.12707,25.0,115.0054,31.191816,-7.327036,-3.7191887,76.88941,25.196278,114.65774,0.96637523
2.1166666666666667,31.372526,-6.80185,-2.9304247,76.13401,25.0,115.02576,31.214857,-7.3348246,-3.6683908,76.88192,25.16626,114.68986,0.923859
2.120833333333333,31.365797,-6.8018527,-2.9304256,76.13932,25.0,115.04131,31.228228,-7.334914,-3.6195846,76.87846,25.15953,114.70274,0.8820544
2.125,31.360888,-6.8018503,-2.9304254,76.14319,25.0,115.052666,31.25075,-7.337373,-3.5772138,76.871544,25.16177,114.691444,0.84690607
2.129166666666667,31.357536,-6.8018513,-2.930431,76.14582,25.0,115.06041,31.27242,-7.3472013,-3.5549169,76.87349,25.170795,114.67034,0.8334471
2.1333333333333333,31.355474,-6.8018546,-2.930428,76.14746,25.0,115.06518,31.293896,-7.3565807,-3.5442743,76.88067,25.180851,114.65084,0.8296507
2.1375,31.354391,-6.801852,-2.930426,76.148315,25.0,115.06768,31.309465,-7.36526,-3.5440092,76.88683,25.199562,114.63431,0.834225
2.1416666666666666,31.353987,-6.801852,-2.9304256,76.148636,25.0,115.06862,31.322859,-7.367944,-3.5498247,76.891594,25.216312,114.621086,0.8396927
2.1458333333333335,31.353933,-6.801854,-2.9304256,76.14868,25.0,115.06874,31.332417,-7.365057,-3.560834,76.89157,25.224808,114.60997,0.8456211
2.15,31.353933,-6.801854,-2.9304256,76.14868,25.0,115.06874,31.338274,-7.3614216,-3.5758314,76.892914,25.233261,114.60468,0.8543474
2.154166666666667,31.353933,-6.801854,-2.9304256,76.14868,25.0,115.06874,31.340313,-7.355336,-3.5928836,76.89352,25.24205,114.604324,0.863353
2.158333333333333,31.353933,-6.801854,-2.9304256,76.14868,25.0,115.06874,31.3373,-7.3484488,-3.6116629,76.89214,25.238842,114.61931,0.8735711
2.1625,31.353933,-6.801854,-2.9304256,76.14868,25.0,115.06874,31.328003,-7.349581,-3.6348586,76.89304,25.224255,114.6537,0.89269406
2.1666666666666665,31.353933,-6.801854,-2.9304256,76.14868,25.0,115.06874,31.321398,-7.349271,-3.6564813,76.895195,25.213715,114.68355,0.9098793
2.1708333333333334,31.353933,-6.801854,-2.9304256,76.14868,25.0,115.06874,31.317875,-7.345398,-3.6768398,76.89508,25.207516,114.70859,0.92405313
2.175,31.353933,-6.801854,-2.9304256,76.14868,25.0,115.06874,31.316433,-7.338952,-3.694487,76.891014,25.202023,114.72944,0.93470335
2.1791666666666667,31.353933,-6.801854,-2.9304256,76.14868,25.0,115.06874,31.314814,-7.3307657,-3.7089,76.88664,25.197968,114.747856,0.9419661
2.183333333333333,31.353933,-6.801854,-2.9304256,76.14868,25.0,115.06874,31.313448,-7.320093,-3.7192006,76.88095,25.191883,114.76787,0.9446569
2.1875,31.353933,-6.801854,-2.9304256,76.14868,25.0,115.06874,31.312307,-7.3090134,-3.7287898,76.874374,25.189545,114.78612,0.9467463
2.191666666666667,31.353933,-6.801854,-2.9304256,76.14868,25.0,115.06874,31.31157,-7.298483,-3.7372456,76.86671,25.189255,114.802956,0.9483634
2.1958333333333333,31.353933,-6.801854,-2.9304256,76.14868,25.0,115.06874,31.310722,-7.2892,-3.7447414,76.85942,25.191086,114.817986,0.94999117
2.2,31.353933,-6.801854,-2.9304256,76.14868,25.0,115.06874,31.30945,-7.281599,-3.751254,76.85286,25.195099,114.83155,0.95178425
2.2041666666666666,31.353933,-6.801854,-2.9304256,76.14868,25.0,115.06874,31.307558,-7.2753983,-3.7572274,76.847,25.201633,114.8433,0.95393705
2.2083333333333335,31.353933,-6.801854,-2.9304256,76.14868,25.0,115.06874,31.30555,-7.270275,-3.76256,76.84266,25.209225,114.85397,0.95614153
2.2125,31.353933,-6.801854,-2.9304256,76.14868,25.0,115.06874,31.302963,-7.266179,-3.7673001,76.83948,25.217293,114.86378,0.9584125
2.216666666666667,31.353933,-6.801854,-2.9304256,76.14868,25.0,115.06874,31.29974,-7.2630243,-3.771296,76.83763,25.22501,114.87273,0.9605612
2.220833333333333,31.353933,-6.801854,-2.9304256,76.14868,25.0,115.06874,31.296534,-7.2606525,-3.7745848,76.83674,25.23183,114.880295,0.9624943
2.225,31.353933,-6.801854,-2.9304256,76.14868,25.0,115.06874,31.293642,-7.258806,-3.7773366,76.836044,25.237644,114.88655,0.9642087
2.2291666666666665,31.353933,-6.801854,-2.9304256,76.14868,25.0,115.06874,31.29096,-7.257518,-3.7796655,76.83572,25.242348,114.891556,0.9658174
2.2333333333333334,31.353933,-6.801854,-2.9304256,76.14868,25.0,115.06874,31.288588,-7.2567453,-3.7812653,76.83598,25.245705,114.89536,0.9670181
2.2375,31.353933,-6.801854,-2.9304256,76.14868,25.0,115.06874,31.28669,-7.2563496,-3.7822866,76.83655,25.24799,114.898,0.967861
2.2416666666666667,31.353933,-6.801854,-2.9304256,76.14868,25.0,115.06874,31.28543,-7.256212,-3.7828565,76.83711,25.24937,114.89954,0.96838635
2.245833333333333,31.353933,-6.801854,-2.9304256,76.14868,25.0,115.06874,31.284739,-7.2561827,-3.783121,76.83754,25.250088,114.90019,0.9686547
2.25,31.353933,-6.801854,-2.9304256,76.14868,25.0,115.06874,31.284441,-7.256178,-3.783245,76.83781,25.250446,114.900375,0.9687829
2.254166666666667,31.353933,-6.801854,-2.9304256,76.14868,25.0,115.06874,31.28435,-7.2561903,-3.7833138,76.83792,25.250614,114.90035,0.9688557
2.2583333333333333,31.353933,-6.801854,-2.9304256,76.14868,25.0,115.06874,31.284336,-7.2561846,-3.7833424,76.837975,25.250656,114.90032,0.9688792
2.2625,31.353933,-6.801854,-2.9304256,76.14868,25.0,115.06874,31.284338,-7.256194,-3.783342,76.83799,25.25066,114.900314,0.9688831
2.2666666666666666,31.353933,-6.801854,-2.9304256,76.14868,25.0,115.06874,31.28434,-7.2561913,-3.7833428,76.838,25.250668,114.900314,0.96888244
2.2708333333333335,31.353933,-6.801854,-2.9304256,76.14868,25.0,115.06874,31.28434,-7.2561913,-3.7833428,76.838,25.250668,114.900314,0.96888244
2.275,31.353933,-6.801854,-2.9304256,76.14868,25.0,115.06874,31.28434,-7.2561913,-3.7833428,76.838,25.250668,114.900314,0.96888244
2.279166666666667,31.353933,-6.801854,-2.9304256,76.14868,25.0,115.06874,31.28434,-7.2561913,-3.7833428,76.838,25.250668,114.900314,0.96888244
2.283333333333333,31.353933,-6.801854,-2.9304256,76.14868,25.0,115.06874,31.28434,-7.2561913,-3.7833428,76.838,25.250668,114.900314,0.96888244
2.2875,31.353933,-6.801854,-2.9304256,76.14868,25.0,115.06874,31.28434,-7.2561913,-3.7833428,76.838,25.250668,114.900314,0.96888244
2.2916666666666665,31.353933,-6.801854,-2.9304256,76.14868,25.0,115.06874,31.28434,-7.2561913,-3.7833428,76.838,25.250668,114.900314,0.96888244
2.2958333333333334,31.353933,-6.801854,-2.9304256,76.14868,25.0,115.06874,31.28434,-7.2561913,-3.7833428,76.838,25.250668,114.900314,0.96888244
2.3,31.353933,-6.801854,-2.9304256,76.14868,25.0,115.06874,31.28434,-7.2561913,-3.7833428,76.838,25.250668,114.900314,0.96888244
2.3041666666666667,31.353933,-6.801854,-2.9304256,76.14868,25.0,115.06874,31.28434,-7.2561913,-3.7833428,76.838,25.250668,114.900314,0.96888244
2.308333333333333,31.353933,-6.801854,-2.9304256,76.14868,25.0,115.06874,31.28434,-7.2561913,-3.7833428,76.838,25.250668,114.900314,0.96888244
2.3125,31.353933,-6.801854,-2.9304256,76.14868,25.0,115.06874,31.28434,-7.2561913,-3.7833428,76.838,25.250668,114.900314,0.96888244
2.316666666666667,31.353933,-6.801854,-2.9304256,76.14868,25.0,115.06874,31.28434,-7.2561913,-3.7833428,76.838,25.250668,114.900314,0.96888244
2.3208333333333333,31.353933,-6.801854,-2.9304256,76.14868,25.0,115.06874,31.28434,-7.2561913,-3.7833428,76.838,25.250668,114.900314,0.96888244
2.325,31.353933,-6.801854,-2.9304256,76.14868,25.0,115.06874,31.28434,-7.2561913,-3.7833428,76.838,25.250668,114.900314,0.96888244
2.3291666666666666,31.353933,-6.801854,-2.9304256,76.14868,25.0,115.06874,31.28434,-7.2561913,-3.7833428,76.838,25.250668,114.900314,0.96888244
2.3333333333333335,31.353933,-6.801854,-2.9304256,76.14868,25.0,115.06874,31.28434,-7.2561913,-3.7833428,76.838,25.250668,114.900314,0.96888244
2.3375,31.353933,-6.801854,-2.9304256,76.14868,25.0,115.06874,31.28434,-7.2561913,-3.7833428,76.838,25.250668,114.900314,0.96888244
2.341666666666667,31.353933,-6.801854,-2.9304256,76.14868,25.0,115.06874,31.28434,-7.2561913,-3.7833428,76.838,25.250668,114.900314,0.96888244
2.345833333333333,31.353933,-6.801854,-2.9304256,76.14868,25.0,115.06874,31.28434,-7.2561913,-3.7833428,76.838,25.250668,114.900314,0.96888244
2.35,31.353933,-6.801854,-2.9304256,76.14868,25.0,115.06874,31.28434,-7.2561913,-3.7833428,76.838,25.250668,114.900314,0.96888244
2.3541666666666665,31.353933,-6.801854,-2.9304256,76.14868,25.0,115.06874,31.28434,-7.2561913,-3.7833428,76.838,25.250668,114.900314,0.96888244
2.3583333333333334,31.353933,-6.801854,-2.9304256,76.14868,25.0,115.06874,31.28434,-7.2561913,-3.7833428,76.838,25.250668,114.900314,0.96888244
2.3625,31.353933,-6.801854,-2.9304256,76.14868,25.0,115.06874,31.28434,-7.2561913,-3.7833428,76.838,25.250668,114.900314,0.96888244
2.3666666666666667,31.353933,-6.801854,-2.9304256,76.14868,25.0,115.06874,31.28434,-7.2561913,-3.7833428,76.838,25.250668,114.900314,0.96888244
2.370833333333333,31.353933,-6.801854,-2.9304256,76.14868,25.0,115.06874,31.28434,-7.2561913,-3.7833428,76.838,25.250668,114.900314,0.96888244
2.375,31.353933,-6.801854,-2.9304256,76.14868,25.0,115.06874,31.28434,-7.2561913,-3.7833428,76.838,25.250668,114.900314,0.96888244
2.379166666666667,31.353933,-6.801854,-2.9304256,76.14868,25.0,115.06874,31.28434,-7.2561913,-3.7833428,76.838,25.250668,114.900314,0.96888244
2.3833333333333333,31.353933,-6.801854,-2.9304256,76.14868,25.0,115.06874,31.28434,-7.2561913,-3.7833428,76.838,25.250668,114.900314,0.96888244
2.3875,31.353933,-6.801854,-2.9304256,76.14868,25.0,115.06874,31.28434,-7.2561913,-3.7833428,76.838,25.250668,114.900314,0.96888244
2.3916666666666666,31.353933,-6.801854,-2.9304256,76.14868,25.0,115.06874,31.28434,-7.2561913,-3.7833428,76.838,25.250668,114.900314,0.96888244
2.3958333333333335,31.353933,-6.801854,-2.9304256,76.14868,25.0,115.06874,31.28434,-7.2561913,-3.7833428,76.838,25.250668,114.900314,0.96888244
2.4,31.353933,-6.801854,-2.9304256,76.14868,25.0,115.06874,31.28434,-7.2561913,-3.7833428,76.838,25.250668,114.900314,0.96888244
2.404166666666667,31.353933,-6.801854,-2.9304256,76.14868,25.0,115.06874,31.28434,-7.2561913,-3.7833428,76.838,25.250668,114.900314,0.96888244
2.408333333333333,31.353933,-6.801854,-2.9304256,76.14868,25.0,115.06874,31.28434,-7.2561913,-3.7833428,76.838,25.250668,114.900314,0.96888244
2.4125,31.353933,-6.801854,-2.9304256,76.14868,25.0,115.06874,31.28434,-7.2561913,-3.7833428,76.838,25.250668,114.900314,0.96888244
2.4166666666666665,31.353933,-6.801854,-2.9304256,76.14868,25.0,115.06874,31.28434,-7.2561913,-3.7833428,76.838,25.250668,114.900314,0.96888244
2.4208333333333334,31.353933,-6.801854,-2.9304256,76.14868,25.0,115.06874,31.28434,-7.2561913,-3.7833428,76.838,25.250668,114.900314,0.96888244
2.425,31.353933,-6.801854,-2.9304256,76.14868,25.0,115.06874,31.28434,-7.2561913,-3.7833428,76.838,25.250668,114.900314,0.96888244
2.4291666666666667,31.353933,-6.801854,-2.9304256,76.14868,25.0,115.06874,31.28434,-7.2561913,-3.7833428,76.838,25.250668,114.900314,0.96888244
2.433333333333333,31.353933,-6.801854,-2.9304256,76.14868,25.0,115.06874,31.28434,-7.2561913,-3.7833428,76.838,25.250668,114.900314,0.96888244
2.4375,31.353933,-6.801854,-2.9304256,76.14868,25.0,115.06874,31.28434,-7.2561913,-3.7833428,76.838,25.250668,114.900314,0.96888244
2.441666666666667,31.353933,-6.801854,-2.9304256,76.14868,25.0,115.06874,31.28434,-7.2561913,-3.7833428,76.838,25.250668,114.900314,0.96888244
2.4458333333333333,31.353933,-6.801854,-2.9304256,76.14868,25.0,115.06874,31.28434,-7.2561913,-3.7833428,76.838,25.250668,114.900314,0.96888244
2.45,31.353933,-6.801854,-2.9304256,76.14868,25.0,115.06874,31.28434,-7.2561913,-3.7833428,76.838,25.250668,114.900314,0.96888244
2.4541666666666666,31.353933,-6.801854,-2.9304256,76.14868,25.0,115.06874,31.28434,-7.2561913,-3.7833428,76.838,25.250668,114.900314,0.96888244
2.4583333333333335,31.353933,-6.801854,-2.9304256,76.14868,25.0,115.06874,31.28434,-7.2561913,-3.7833428,76.838,25.250668,114.900314,0.96888244
2.4625,31.353933,-6.801854,-2.9304256,76.14868,25.0,115.06874,31.28434,-7.2561913,-3.7833428,76.838,25.250668,114.900314,0.96888244
2.466666666666667,31.353933,-6.801854,-2.9304256,76.14868,25.0,115.06874,31.28434,-7.2561913,-3.7833428,76.838,25.250668,114.900314,0.96888244
2.470833333333333,31.353933,-6.801854,-2.9304256,76.14868,25.0,115.06874,31.28434,-7.2561913,-3.7833428,76.838,25.250668,114.900314,0.96888244
2.475,31.353933,-6.801854,-2.9304256,76.14868,25.0,115.06874,31.28434,-7.2561913,-3.7833428,76.838,25.250668,114.900314,0.96888244
2.4791666666666665,31.353933,-6.801854,-2.9304256,76.14868,25.0,115.06874,31.28434,-7.2561913,-3.7833428,76.838,25.250668,114.900314,0.96888244
2.4833333333333334,31.353933,-6.801854,-2.9304256,76.14868,25.0,115.06874,31.28434,-7.2561913,-3.7833428,76.838,25.250668,114.900314,0.96888244
2.4875,31.353933,-6.801854,-2.9304256,76.14868,25.0,115.06874,31.28434,-7.2561913,-3.7833428,76.838,25.250668,114.900314,0.96888244
2.4916666666666667,31.353933,-6.801854,-2.9304256,76.14868,25.0,115.06874,31.28434,-7.2561913,-3.7833428,76.838,25.250668,114.900314,0.96888244
2.495833333333333,31.353933,-6.801854,-2.9304256,76.14868,25.0,115.06874,31.28434,-7.2561913,-3.7833428,76.838,25.250668,114.900314,0.96888244
2.5,31.353933,-6.801854,-2.9304256,76.14868,25.0,115.06874,31.28434,-7.2561913,-3.7833428,76.838,25.250668,114.900314,0.96888244
2.504166666666667,31.353933,-6.801854,-2.9304256,76.14868,25.0,115.06874,31.28434,-7.2561913,-3.7833428,76.838,25.250668,114.900314,0.96888244
2.5083333333333333,31.353933,-6.801854,-2.9304256,76.14868,25.0,115.06874,31.28434,-7.2561913,-3.7833428,76.838,25.250668,114.900314,0.96888244
2.5125,31.353933,-6.801854,-2.9304256,76.14868,25.0,115.06874,31.28434,-7.2561913,-3.7833428,76.838,25.250668,114.900314,0.96888244
2.5166666666666666,31.353933,-6.801854,-2.9304256,76.14868,25.0,115.06874,31.28434,-7.2561913,-3.7833428,76.838,25.250668,114.900314,0.96888244
2.5208333333333335,31.353933,-6.801854,-2.9304256,76.14868,25.0,115.06874,31.28434,-7.2561913,-3.7833428,76.838,25.250668,114.900314,0.96888244
2.525,31.353933,-6.801854,-2.9304256,76.14868,25.0,115.06874,31.28434,-7.2561913,-3.7833428,76.838,25.250668,114.900314,0.96888244
2.529166666666667,31.353933,-6.801854,-2.9304256,76.14868,25.0,115.06874,31.28434,-7.2561913,-3.7833428,76.838,25.250668,114.900314,0.96888244
2.533333333333333,31.353933,-6.801854,-2.9304256,76.14868,25.0,115.06874,31.28434,-7.256194,-3.7833447,76.838,25.250664,114.900314,0.9688855
2.5375,31.353933,-6.801854,-2.9304256,76.14868,25.0,115.06874,31.284357,-7.2561913,-3.7833457,76.837975,25.250671,114.90027,0.9688837
2.5416666666666665,31.353933,-6.801854,-2.9304256,76.14868,25.0,115.06874,31.28442,-7.2561646,-3.783317,76.837906,25.250591,114.90014,0.9688415
2.5458333333333334,31.353933,-6.801854,-2.9304256,76.14868,25.0,115.06874,31.284565,-7.256132,-3.7832537,76.83773,25.250374,114.89993,0.9687601
2.55,31.353933,-6.801854,-2.9304256,76.14868,25.0,115.06874,31.284815,-7.256078,-3.7830567,76.837364,25.249798,114.899734,0.96854335
2.5541666666666667,31.353933,-6.801854,-2.9304256,76.14868,25.0,115.06874,31.285238,-7.255986,-3.7826128,76.83664,25.248611,114.89944,0.9680795
2.558333333333333,31.353933,-6.801854,-2.9304256,76.14868,25.0,115.06874,31.285915,-7.255871,-3.7818122,76.83536,25.246536,114.899086,0.96727276
2.5625,31.353933,-6.801854,-2.9304256,76.14868,25.0,115.06874,31.286894,-7.2558117,-3.7805686,76.83316,25.243282,114.89844,0.9660822
2.566666666666667,31.353933,-6.801854,-2.9304256,76.14868,25.0,115.06874,31.28824,-7.255889,-3.7786345,76.82999,25.23862,114.89728,0.96432436
2.5708333333333333,31.353933,-6.801854,-2.9304256,76.14868,25.0,115.06874,31.289888,-7.256303,-3.7757516,76.82576,25.232418,114.89555,0.9618738
2.575,31.353933,-6.801854,-2.9304256,76.14868,25.0,115.06874,31.29175,-7.2573347,-3.7718062,76.82016,25.224976,114.89324,0.9587756
2.5791666666666666,31.353933,-6.801854,-2.9304256,76.14868,25.0,115.06874,31.29374,-7.2591085,-3.7666898,76.812775,25.21679,114.89025,0.9550092
2.5833333333333335,31.353933,-6.801854,-2.9304256,76.14868,25.0,115.06874,31.295752,-7.2614717,-3.759955,76.8028,25.207905,114.88692,0.9501328
2.5875,31.353933,-6.801854,-2.9304256,76.14868,25.0,115.06874,31.297834,-7.2644835,-3.7515674,76.79027,25.19862,114.88371,0.9441646
2.591666666666667,31.353933,-6.801854,-2.9304256,76.14868,25.0,115.06874,31.299212,-7.268196,-3.7411604,76.77613,25.18888,114.88227,0.9368885
2.595833333333333,31.353933,-6.801854,-2.9304256,76.14868,25.0,115.06874,31.299816,-7.2726526,-3.7284675,76.75941,25.178722,114.88364,0.9281437
2.6,31.353933,-6.801854,-2.9304256,76.14868,25.0,115.06874,31.301077,-7.276394,-3.7293196,76.751755,25.164608,114.888504,0.93070585
2.6041666666666665,31.353933,-6.801854,-2.9304256,76.14868,25.0,115.06874,31.301828,-7.2803383,-3.7354393,76.747986,25.148682,114.89708,0.937928
2.6083333333333334,31.353933,-6.801854,-2.9304256,76.14868,25.0,115.06874,31.301565,-7.283701,-3.7412348,76.745224,25.131393,114.91351,0.94463235
2.6125,31.353933,-6.801854,-2.9304256,76.14868,25.0,115.06874,31.299486,-7.2843513,-3.7425966,76.74057,25.11567,114.93575,0.9462504
2.6166666666666667,31.353933,-6.801854,-2.9304256,76.14868,25.0,115.06874,31.297562,-7.28302,-3.7323909,76.72735,25.090088,114.965775,0.9369347
2.620833333333333,31.353933,-6.801854,-2.9304256,76.14868,25.0,115.06874,31.29525,-7.2783623,-3.715938,76.70637,25.06334,115.00786,0.92061585
2.625,31.353933,-6.801854,-2.9304256,76.14868,25.0,115.06874,31.292343,-7.2697725,-3.6910877,76.6809,25.03846,115.058266,0.8951803
2.629166666666667,31.353933,-6.801854,-2.9304256,76.14868,25.0,115.06874,31.294481,-7.257388,-3.6576471,76.65444,25.008038,115.10681,0.86017257
2.6333333333333333,31.353933,-6.801854,-2.9304256,76.14868,25.0,115.06874,31.295078,-7.2479467,-3.6167455,76.61536,24.973309,115.15599,0.8206689
2.6375,31.353933,-6.801854,-2.9304256,76.14868,25.0,115.06874,31.289639,-7.236512,-3.5685902,76.57257,24.944717,115.20207,0.77480024
2.6416666666666666,31.353933,-6.801854,-2.9304256,76.14868,25.0,115.06874,31.265638,-7.2188044,-3.514523,76.53071,24.944767,115.24184,0.7230583
2.6458333333333335,31.353933,-6.801854,-2.9304256,76.14868,25.0,115.06874,31.247013,-7.196316,-3.44732,76.48198,24.934902,115.28204,0.6589474
2.65,31.353933,-6.801854,-2.9304256,76.14868,25.0,115.06874,31.228271,-7.168499,-3.3625188,76.42396,24.946178,115.3017,0.5804514
2.654166666666667,31.353987,-6.801852,-2.9304256,76.148636,25.0,115.06862,31.204983,-7.146179,-3.2696843,76.34713,24.970882,115.31916,0.50582576
2.658333333333333,31.354391,-6.801852,-2.930426,76.148315,25.0,115.06768,31.177124,-7.119357,-3.1853552,76.25635,25.000454,115.336395,0.44409674
2.6625,31.355474,-6.8018546,-2.930428,76.14746,25.0,115.06518,31.110779,-7.074294,-3.097453,76.134155,25.030392,115.438484,0.40248805
2.6666666666666665,31.357536,-6.8018513,-2.930431,76.14582,25.0,115.06041,31.028229,-7.0365295,-3.018136,76.01042,25.069447,115.54433,0.41377476
2.6708333333333334,31.360888,-6.8018503,-2.9304254,76.14319,25.0,115.052666,30.939169,-7.019517,-2.9525337,75.89312,25.121513,115.59807,0.4750938
2.675,31.365797,-6.8018527,-2.9304256,76.13932,25.0,115.04131,30.816116,-7.031144,-2.9031982,75.812225,25.283997,115.6548,0.5962087
2.6791666666666667,31.372526,-6.80185,-2.9304247,76.13401,25.0,115.02576,30.679192,-7.0493746,-2.833189,75.733826,25.425465,115.687065,0.74258745
2.683333333333333,31.38133,-6.801851,-2.9304264,76.12707,25.0,115.0054,30.539616,-7.084385,-2.7613544,75.63152,25.551464,115.67848,0.9038223
2.6875,31.392431,-6.8018527,-2.9304278,76.11832,25.0,114.97973,30.428497,-7.0916824,-2.7708788,75.57404,25.658787,115.613014,1.0191299
2.691666666666667,31.406044,-6.801854,-2.9304287,76.10759,25.0,114.94824,30.359304,-7.089922,-2.7914286,75.50486,25.79943,115.54151,1.0945172
2.6958333333333333,31.422367,-6.8018527,-2.9304266,76.094734,25.0,114.910484,30.325867,-7.066617,-2.8021517,75.415504,25.955967,115.49957,1.1352831
2.7,31.441586,-6.8018527,-2.930428,76.0796,25.0,114.86601,30.32408,-7.054846,-2.8534765,75.322876,26.15009,115.424934,1.1483669
2.7041666666666666,31.463873,-6.8018527,-2.930428,76.06206,25.0,114.81443,30.327682,-7.0560083,-2.9114542,75.23796,26.370316,115.279205,1.1644242
2.7083333333333335,31.489382,-6.8018537,-2.9304261,76.042,25.0,114.75537,30.264814,-7.0633383,-2.9771767,75.19683,26.842102,115.103775,1.2530463
2.7125,31.518246,-6.8018513,-2.9304252,76.01931,25.0,114.68852,30.256165,-7.065486,-3.0105934,75.08316,27.104195,114.99577,1.2918123
2.716666666666667,31.550608,-6.801851,-2.9304266,75.99389,25.0,114.61354,30.244133,-7.0460844,-3.0231848,74.934845,27.094612,114.920044,1.3323401
2.720833333333333,31.586569,-6.801851,-2.9304268,75.96567,25.0,114.53018,30.256,-6.998048,-2.9971237,74.7698,26.941975,114.90535,1.3466083
2.725,31.626238,-6.80185,-2.9304256,75.93457,25.0,114.43819,30.238705,-6.910286,-2.9261513,74.57433,26.779709,115.00527,1.3917705
2.7291666666666665,31.669699,-6.8018527,-2.9304268,75.900536,25.0,114.33733,30.19933,-6.7595053,-2.901476,74.417984,26.829964,115.133934,1.4712639
2.7333333333333334,31.717026,-6.8018517,-2.9304252,75.86352,25.0,114.22745,30.199165,-6.5618105,-2.9285526,74.26711,26.908989,115.30556,1.5367249
2.7375,31.768286,-6.80185,-2.930425,75.82347,25.0,114.10835,30.184525,-6.363058,-2.9841938,74.08889,26.941147,115.4881,1.644302
2.7416666666666667,31.823532,-6.8018513,-2.930427,75.78037,25.0,113.979904,30.170748,-6.23874,-3.0159721,73.94143,26.936577,115.622696,1.7481729
2.745833333333333,31.8828,-6.8018513,-2.9304256,75.734215,25.0,113.842,30.175516,-6.217613,-3.0825624,73.89807,26.919971,115.65256,1.8108824
2.75,31.94612,-6.8018517,-2.9304252,75.68498,25.0,113.69455,30.2002,-6.244238,-3.1570024,73.903275,26.959885,115.54942,1.846756
2.754166666666667,32.013504,-6.8018527,-2.9304261,75.63268,25.0,113.53749,30.254192,-6.3414593,-3.222046,73.926186,26.978909,115.343506,1.8417877
2.7583333333333333,32.08497,-6.8018527,-2.9304276,75.577324,25.0,113.370766,30.300274,-6.4676695,-3.295454,73.97319,27.0141,115.0922,1.8520415
2.7625,32.160507,-6.8018513,-2.9304273,75.518936,25.0,113.19437,30.356733,-6.604768,-3.3649979,74.04094,27.057484,114.8162,1.8658226
2.7666666666666666,32.2401,-6.8018527,-2.930428,75.45756,25.0,113.00829,30.436893,-6.7726097,-3.4053264,74.14692,27.07851,114.44868,1.8649237
2.7708333333333335,32.323734,-6.801852,-2.9304256,75.39323,25.0,112.81256,30.521605,-6.92677,-3.4021974,74.245895,27.058384,114.02031,1.8670417
2.775,32.411366,-6.8018527,-2.9304252,75.326,25.0,112.60723,30.632519,-7.086728,-3.3785853,74.338684,26.99936,113.523476,1.8564205
2.779166666666667,32.50296,-6.801852,-2.930425,75.25592,25.0,112.39235,30.768988,-7.2386036,-3.3330598,74.41831,26.882778,113.002846,1.8329014
2.783333333333333,32.59846,-6.801851,-2.9304252,75.183075,25.0,112.168015,30.909433,-7.3791704,-3.3058887,74.51203,26.760662,112.493126,1.82403
2.7875,32.69781,-6.801851,-2.9304264,75.10754,25.0,111.93432,31.04659,-7.5105333,-3.2863522,74.63105,26.584553,111.997025,1.8317868
2.7916666666666665,32.80095,-6.801853,-2.930428,75.02939,25.0,111.69137,31.138914,-7.6248465,-3.2676182,74.73553,26.363918,111.563416,1.8850399
2.7958333333333334,32.907784,-6.801852,-2.930427,74.94873,25.0,111.43933,31.23029,-7.7373486,-3.2426367,74.83286,26.123745,111.12843,1.9459225
2.8,33.01824,-6.8018513,-2.9304268,74.865654,25.0,111.178345,31.356554,-7.8433266,-3.1944423,74.92165,25.846931,110.68063,1.9787828
2.8041666666666667,33.132233,-6.8018513,-2.930426,74.78027,25.0,110.908585,31.535496,-7.938095,-3.139309,74.9653,25.58112,110.22212,1.9708502
2.808333333333333,33.249653,-6.8018513,-2.930427,74.692696,25.0,110.63024,31.755962,-8.022499,-3.0814238,74.951225,25.330215,109.75755,1.934914
2.8125,33.3704,-6.8018513,-2.930425,74.60305,25.0,110.34352,31.990986,-8.082126,-3.0338297,74.925316,25.114075,109.27002,1.8848281
2.816666666666667,33.494366,-6.801851,-2.9304261,74.511444,25.0,110.04863,32.196045,-8.118352,-3.058097,74.89638,25.099194,108.885605,1.8534055
2.8208333333333333,33.62143,-6.8018527,-2.9304273,74.41802,25.0,109.745804,32.415344,-8.14664,-3.0991764,74.83255,25.109863,108.53575,1.8142685
2.825,33.751465,-6.8018503,-2.9304245,74.32292,25.0,109.43532,32.619034,-8.169001,-3.1530542,74.71831,25.142159,108.212746,1.7891518
2.8291666666666666,33.88435,-6.801851,-2.9304273,74.226265,25.0,109.1174,32.815136,-8.194866,-3.2034435,74.59565,25.161995,107.88773,1.777146
2.8333333333333335,34.019947,-6.8018537,-2.9304283,74.12821,25.0,108.792336,33.00273,-8.218035,-3.2434177,74.47657,25.148552,107.568825,1.7715132
2.8375,34.158108,-6.8018513,-2.9304266,74.02891,25.0,108.46044,33.184017,-8.230615,-3.289412,74.34898,25.131569,107.25723,1.766094
2.841666666666667,34.298702,-6.8018513,-2.9304247,73.9285,25.0,108.12198,33.356453,-8.233916,-3.3378305,74.20767,25.117466,106.95571,1.7619942
2.845833333333333,34.441574,-6.801852,-2.9304276,73.827126,25.0,107.77728,33.52629,-8.22414,-3.3755555,74.055145,25.110325,106.67091,1.7489383
2.85,34.586575,-6.8018513,-2.9304256,73.72496,25.0,107.426674,33.68618,-8.200796,-3.4025278,73.888596,25.115635,106.39172,1.7293459
2.8541666666666665,34.733543,-6.8018527,-2.930427,73.62215,25.0,107.07049,33.852093,-8.1710415,-3.4385304,73.70125,25.121471,106.118515,1.7058142
2.8583333333333334,34.882324,-6.8018527,-2.9304264,73.518845,25.0,106.70907,34.02424,-8.121968,-3.4732833,73.50188,25.15768,105.84309,1.6654458
2.8625,35.032753,-6.8018513,-2.9304261,73.41521,25.0,106.34278,34.17909,-8.073277,-3.5098948,73.30767,25.192535,105.569214,1.6373917
2.8666666666666667,35.18466,-6.80185,-2.9304242,73.31139,25.0,105.971985,34.33665,-8.022579,-3.5458536,73.109085,25.219402,105.28372,1.6087437
2.870833333333333,35.337887,-6.8018517,-2.930427,73.20755,25.0,105.597046,34.500034,-7.9706078,-3.581469,72.90814,25.25253,104.982445,1.5785574
2.875,35.492256,-6.8018503,-2.930427,73.103836,25.0,105.21836,34.67174,-7.918498,-3.626711,72.70771,25.315487,104.65928,1.5507926
2.879166666666667,35.647594,-6.8018513,-2.9304254,73.00041,25.0,104.83632,34.84322,-7.8673935,-3.6776247,72.50517,25.374641,104.32663,1.5299366
2.8833333333333333,35.80373,-6.8018513,-2.930427,72.89741,25.0,104.45132,35.015747,-7.8135786,-3.7239814,72.30533,25.428696,103.987885,1.5080576
2.8875,35.960484,-6.8018517,-2.9304252,72.79499,25.0,104.063774,35.19163,-7.7581367,-3.7703075,72.103134,25.504799,103.64116,1.486949
2.8916666666666666,36.117683,-6.8018503,-2.9304264,72.69328,25.0,103.674095,35.37928,-7.6969547,-3.8184695,71.90776,25.599445,103.28603,1.4611886
2.8958333333333335,36.27515,-6.801851,-2.9304264,72.59244,25.0,103.28269,35.5718,-7.631955,-3.8673363,71.71144,25.697407,102.93237,1.4358184
2.9,36.432705,-6.801851,-2.9304245,72.49259,25.0,102.89001,35.770096,-7.570697,-3.914948,71.52008,25.80289,102.572495,1.4140232
2.904166666666667,36.590176,-6.8018546,-2.9304285,72.39386,25.0,102.496445,35.97782,-7.5162716,-3.957251,71.33868,25.920982,102.19034,1.3927433
2.908333333333333,36.74737,-6.801852,-2.930425,72.29639,25.0,102.10248,36.189674,-7.462721,-3.9991412,71.16259,26.050594,101.79196,1.3747466
2.9125,36.90413,-6.8018527,-2.9304278,72.20027,25.0,101.70851,36.404438,-7.409257,-4.0435834,70.99093,26.204285,101.3834,1.3629917
2.9166666666666665,37.060265,-6.8018517,-2.930428,72.105644,25.0,101.315,36.62335,-7.3516273,-4.095987,70.81313,26.379196,100.969246,1.3607632
2.9208333333333334,37.215603,-6.801851,-2.9304273,72.01261,25.0,100.92239,36.85067,-7.293565,-4.1480165,70.64484,26.571404,100.55747,1.3628948
2.925,37.36997,-6.8018527,-2.9304283,71.92127,25.0,100.53113,37.08172,-7.2357597,-4.198008,70.48777,26.769508,100.15353,1.3704458
2.9291666666666667,37.523193,-6.801851,-2.930425,71.831726,25.0,100.141655,37.292446,-7.1787405,-4.2463956,70.34006,26.955872,99.76946,1.3881891
2.933333333333333,37.675106,-6.8018503,-2.9304266,71.74405,25.0,99.75441,37.503265,-7.1200466,-4.28228,70.199036,27.104744,99.41228,1.3993876
2.9375,37.825535,-6.801852,-2.9304252,71.65834,25.0,99.36984,37.708466,-7.043648,-4.314215,70.05307,27.251965,99.09308,1.4096259
2.941666666666667,37.974316,-6.801852,-2.930426,71.57466,25.0,98.98841,37.919373,-6.9611893,-4.345406,69.901825,27.397781,98.796936,1.4249828
2.9458333333333333,38.121284,-6.8018517,-2.9304254,71.49309,25.0,98.61055,38.128136,-6.879593,-4.3572006,69.743546,27.512531,98.51874,1.428908
2.95,38.266285,-6.80185,-2.9304254,71.41367,25.0,98.236694,38.335133,-6.7825804,-4.352175,69.59452,27.6095,98.2516,1.4235462
2.9541666666666666,38.409157,-6.801851,-2.9304268,71.33648,25.0,97.86728,38.5549,-6.6611643,-4.319245,69.45187,27.676609,97.99725,1.4035133
2.9583333333333335,38.549747,-6.801851,-2.9304273,71.26155,25.0,97.50275,38.783314,-6.537507,-4.2955995,69.32407,27.764042,97.73823,1.4100091
2.9625,38.687916,-6.8018527,-2.9304268,71.18893,25.0,97.143486,39.004353,-6.415859,-4.259918,69.213356,27.880745,97.494026,1.4200952
2.966666666666667,38.82351,-6.8018513,-2.9304264,71.11864,25.0,96.789955,39.218575,-6.3101797,-4.218776,69.07564,27.957096,97.25243,1.4344556
2.970833333333333,38.95639,-6.8018513,-2.9304264,71.05071,25.0,96.44255,39.437023,-6.1905575,-4.149543,68.95685,27.982723,97.020355,1.4460058
2.975,39.08643,-6.801851,-2.930425,70.98517,25.0,96.101654,39.651024,-6.0791616,-4.0596304,68.86383,27.99284,96.76416,1.4546998
2.9791666666666665,39.213493,-6.8018503,-2.9304242,70.92202,25.0,95.76768,39.835,-5.983199,-3.9848309,68.79889,28.008926,96.49303,1.4724919
2.9833333333333334,39.337456,-6.8018517,-2.9304245,70.861275,25.0,95.44099,40.009537,-5.9022026,-3.9007015,68.76134,27.969322,96.228874,1.4840819
2.9875,39.458206,-6.8018513,-2.9304264,70.802925,25.0,95.12195,40.16302,-5.843709,-3.8278775,68.7255,27.918972,95.93912,1.49004
2.9916666666666667,39.575626,-6.8018503,-2.9304256,70.74698,25.0,94.81093,40.311058,-5.8022413,-3.7473712,68.69261,27.809898,95.63464,1.4857584
2.995833333333333,39.689617,-6.8018503,-2.9304242,70.69342,25.0,94.50824,40.428192,-5.803546,-3.6566086,68.658966,27.54367,95.36437,1.4385577
3.0,39.800076,-6.8018503,-2.930427,70.64223,25.0,94.21422,40.551228,-5.801509,-3.5878167,68.6075,27.231232,95.10514,1.4131784
3.004166666666667,39.906914,-6.8018527,-2.9304278,70.59339,25.0,93.92916,40.660133,-5.8093243,-3.5371046,68.58528,26.933872,94.852516,1.3858244
3.0083333333333333,40.010044,-6.8018503,-2.9304266,70.54688,25.0,93.65337,40.71553,-5.833476,-3.4984255,68.57681,26.601429,94.62645,1.325927
3.0125,40.109398,-6.801852,-2.9304278,70.50267,25.0,93.387085,40.751675,-5.850877,-3.4821754,68.57478,26.281517,94.38247,1.2733024
3.0166666666666666,40.2049,-6.801852,-2.9304285,70.460724,25.0,93.13057,40.785748,-5.9053144,-3.442141,68.61554,25.973152,94.16151,1.1844894
3.0208333333333335,40.29649,-6.801851,-2.9304254,70.42101,25.0,92.88405,40.794014,-5.99747,-3.395657,68.65039,25.641018,94.01153,1.0540396
3.025,40.384125,-6.8018503,-2.9304266,70.383484,25.0,92.6477,40.795208,-6.092269,-3.4053822,68.65599,25.356327,93.84385,0.94766974
3.029166666666667,40.467754,-6.8018517,-2.9304276,70.34811,25.0,92.42171,40.809715,-6.1911154,-3.416623,68.69251,25.119057,93.72835,0.85224545
3.033333333333333,40.54735,-6.8018513,-2.9304261,70.314835,25.0,92.20622,40.85992,-6.284832,-3.4462523,68.77625,24.934853,93.60205,0.79440844
3.0375,40.622887,-6.8018513,-2.9304276,70.283615,25.0,92.001366,40.910633,-6.3698597,-3.4706044,68.88461,24.792835,93.46511,0.7491367
3.0416666666666665,40.69435,-6.8018503,-2.9304237,70.25441,25.0,91.80723,40.96463,-6.453122,-3.5134683,68.99031,24.682209,93.29553,0.7311655
3.0458333333333334,40.76174,-6.8018503,-2.9304276,70.22715,25.0,91.62386,41.032066,-6.5117826,-3.5369716,69.10407,24.598412,93.13053,0.724645
3.05,40.825058,-6.8018517,-2.9304261,70.201805,25.0,91.45132,41.09627,-6.523014,-3.5200787,69.25328,24.530083,92.97984,0.7063974
3.0541666666666667,40.884327,-6.801851,-2.9304242,70.17831,25.0,91.28957,41.15077,-6.509822,-3.5098624,69.39985,24.456604,92.83787,0.70144176
3.058333333333333,40.93957,-6.8018517,-2.9304247,70.1566,25.0,91.13861,41.177467,-6.5195627,-3.5353003,69.51898,24.369678,92.715416,0.70862967
3.0625,40.99083,-6.801852,-2.9304245,70.136635,25.0,90.99836,41.199097,-6.542057,-3.5578508,69.60797,24.254478,92.579384,0.7103046
3.066666666666667,41.03816,-6.8018503,-2.9304276,70.11834,25.0,90.86872,41.219444,-6.5958033,-3.5339174,69.69919,24.155823,92.44209,0.66296303
3.0708333333333333,41.08162,-6.8018503,-2.930424,70.10168,25.0,90.74954,41.21392,-6.632571,-3.4857059,69.77314,24.110622,92.31795,0.5953965
3.075,41.12129,-6.8018503,-2.930427,70.08656,25.0,90.640656,41.19027,-6.664261,-3.4152226,69.82469,24.115047,92.19972,0.50864136
3.0791666666666666,41.15725,-6.8018517,-2.9304242,70.07296,25.0,90.541855,41.167336,-6.708827,-3.36649,69.85879,24.140476,92.07268,0.4459917
3.0833333333333335,41.18961,-6.801851,-2.9304247,70.06078,25.0,90.45288,41.132217,-6.7250423,-3.3043804,69.870094,24.145317,91.93246,0.38605216
3.0875,41.21848,-6.801851,-2.930428,70.04997,25.0,90.37344,41.104614,-6.742941,-3.248794,69.866516,24.148155,91.725044,0.34320918
3.091666666666667,41.243984,-6.8018517,-2.9304268,70.040474,25.0,90.303215,41.071815,-6.800082,-3.205923,69.82538,24.089188,91.44093,0.3248744
3.095833333333333,41.26627,-6.8018494,-2.9304268,70.0322,25.0,90.24182,41.05861,-6.828491,-3.165289,69.79639,24.100498,91.19217,0.31463143
3.1,41.285492,-6.801851,-2.9304264,70.0251,25.0,90.188835,41.061714,-6.8537636,-3.1390886,69.81078,24.165726,90.93846,0.31034073
3.1041666666666665,41.301815,-6.801853,-2.930426,70.01909,25.0,90.14382,41.07561,-6.92307,-3.1247616,69.83577,24.232208,90.62341,0.32191315
3.1083333333333334,41.31543,-6.80185,-2.9304247,70.014084,25.0,90.10627,41.09697,-6.976611,-3.0913162,69.866745,24.298382,90.336334,0.32272652
3.1125,41.326527,-6.8018527,-2.9304247,70.01002,25.0,90.075645,41.13745,-7.016844,-3.0868216,69.906906,24.401031,90.076065,0.32623717
3.1166666666666667,41.335327,-6.801851,-2.9304273,70.00679,25.0,90.05136,41.18332,-7.03022,-3.0902777,69.94205,24.503288,89.86467,0.31750762
3.120833333333333,41.34206,-6.8018513,-2.9304242,70.00433,25.0,90.03277,41.201286,-7.040802,-3.077773,69.9824,24.594032,89.67299,0.3140484
3.125,41.34697,-6.80185,-2.9304235,70.00254,25.0,90.01922,41.19513,-7.0669374,-3.0678768,70.04647,24.708134,89.501045,0.33499297
3.129166666666667,41.35032,-6.801853,-2.9304247,70.00132,25.0,90.009964,41.200348,-7.0982513,-3.058608,70.09822,24.812622,89.36401,0.3560536
3.1333333333333333,41.352386,-6.8018517,-2.9304247,70.000565,25.0,90.00426,41.21923,-7.119668,-3.0579624,70.14836,24.908516,89.24834,0.36742824
3.1375,41.353466,-6.8018517,-2.9304264,70.00017,25.0,90.001274,41.2516,-7.1363115,-3.0565825,70.20889,24.988636,89.167435,0.37169304
3.1416666666666666,41.35387,-6.8018527,-2.9304256,70.00002,25.0,90.00016,41.29062,-7.1516933,-3.0475502,70.27469,25.059402,89.110504,0.3743092
3.1458333333333335,41.353928,-6.8018513,-2.930426,70.0,25.0,90.0,41.333412,-7.1697845,-3.045063,70.33868,25.131824,89.04458,0.38592416
3.15,41.353928,-6.8018513,-2.930426,70.0,25.0,90.0,41.374226,-7.1781406,-3.0411797,70.4128,25.202415,88.9916,0.39277485
3.154166666666667,41.353928,-6.8018513,-2.930426,70.0,25.0,90.0,41.41637,-7.1744537,-3.0389261,70.48165,25.269356,88.95196,0.39306998
3.158333333333333,41.353928,-6.8018513,-2.930426,70.0,25.0,90.0,41.456806,-7.168624,-3.0264711,70.55071,25.326378,88.930885,0.39284968
3.1625,41.353928,-6.8018513,-2.930426,70.0,25.0,90.0,41.49426,-7.1663465,-3.0008154,70.61236,25.36354,88.92573,0.39686817
3.1666666666666665,41.353928,-6.8018513,-2.930426,70.0,25.0,90.0,41.52683,-7.168174,-2.967163,70.659904,25.389587,88.92772,0.40673903
3.1708333333333334,41.353928,-6.8018513,-2.930426,70.0,25.0,90.0,41.550983,-7.172535,-2.9341574,70.69722,25.402317,88.93039,0.41982293
3.175,41.353928,-6.8018513,-2.930426,70.0,25.0,90.0,41.56961,-7.174835,-2.901064,70.72985,25.408997,88.94168,0.43185446
3.1791666666666667,41.353928,-6.8018513,-2.930426,70.0,25.0,90.0,41.582733,-7.1764393,-2.8704758,70.75928,25.412449,88.9646,0.44301486
3.183333333333333,41.353928,-6.8018513,-2.930426,70.0,25.0,90.0,41.589294,-7.1749973,-2.841072,70.78713,25.418041,88.98979,0.4501329
3.1875,41.353928,-6.8018513,-2.930426,70.0,25.0,90.0,41.59281,-7.171631,-2.8123312,70.81269,25.421234,89.01542,0.45579475
3.191666666666667,41.353928,-6.8018513,-2.930426,70.0,25.0,90.0,41.593445,-7.168354,-2.7852697,70.83841,25.42321,89.037766,0.46126246
3.1958333333333333,41.353928,-6.8018513,-2.930426,70.0,25.0,90.0,41.593384,-7.1651564,-2.7594328,70.86481,25.422241,89.05464,0.4675131
3.2,41.353928,-6.8018513,-2.930426,70.0,25.0,90.0,41.592716,-7.162096,-2.7349386,70.88857,25.417389,89.067024,0.47435382
3.2041666666666666,41.353928,-6.8018513,-2.930426,70.0,25.0,90.0,41.591194,-7.1595764,-2.7127085,70.908875,25.411736,89.07488,0.4813144
3.2083333333333335,41.353928,-6.8018513,-2.930426,70.0,25.0,90.0,41.589508,-7.1571074,-2.6937017,70.92547,25.404999,89.08035,0.48758933
3.2125,41.353928,-6.8018513,-2.930426,70.0,25.0,90.0,41.5879,-7.154972,-2.6779394,70.93798,25.398273,89.08371,0.4931389
3.216666666666667,41.353928,-6.8018513,-2.930426,70.0,25.0,90.0,41.586464,-7.1531496,-2.6654654,70.94699,25.39252,89.085754,0.49768236
3.220833333333333,41.353928,-6.8018513,-2.930426,70.0,25.0,90.0,41.58534,-7.151473,-2.656086,70.95311,25.387848,89.08724,0.50104773
3.225,41.353928,-6.8018513,-2.930426,70.0,25.0,90.0,41.584435,-7.1498175,-2.6493912,70.95686,25.384468,89.08842,0.50318426
3.2291666666666665,41.353928,-6.8018513,-2.930426,70.0,25.0,90.0,41.583744,-7.148305,-2.644722,70.95917,25.38216,89.08924,0.50445265
3.2333333333333334,41.353928,-6.8018513,-2.930426,70.0,25.0,90.0,41.583332,-7.1470156,-2.6415854,70.96042,25.380768,89.08972,0.50516695
3.2375,41.353928,-6.8018513,-2.930426,70.0,25.0,90.0,41.58322,-7.1460266,-2.6396084,70.96097,25.379917,89.09006,0.505576
3.2416666666666667,41.353928,-6.8018513,-2.930426,70.0,25.0,90.0,41.583206,-7.1453123,-2.6384916,70.96119,25.379456,89.090324,0.50572693
3.245833333333333,41.353928,-6.8018513,-2.930426,70.0,25.0,90.0,41.58316,-7.1448317,-2.6378584,70.961334,25.379246,89.09068,0.50574595
3.25,41.353928,-6.8018513,-2.930426,70.0,25.0,90.0,41.583084,-7.144554,-2.637497,70.961395,25.379166,89.090996,0.5057325
3.254166666666667,41.353928,-6.8018513,-2.930426,70.0,25.0,90.0,41.58303,-7.1444397,-2.6373158,70.96143,25.379139,89.091156,0.5057357
3.2583333333333333,41.353928,-6.8018513,-2.930426,70.0,25.0,90.0,41.583,-7.1444025,-2.6372337,70.96144,25.379128,89.09122,0.5057442
3.2625,41.353928,-6.8018513,-2.930426,70.0,25.0,90.0,41.583,-7.144394,-2.6372042,70.96146,25.379128,89.091225,0.50575554
3.2666666666666666,41.353928,-6.8018513,-2.930426,70.0,25.0,90.0,41.583,-7.144391,-2.637206,70.96145,25.379124,89.091225,0.5057525
3.2708333333333335,41.353928,-6.8018513,-2.930426,70.0,25.0,90.0,41.583,-7.144396,-2.637206,70.96145,25.37912,89.091225,0.5057557
3.275,41.353928,-6.8018513,-2.930426,70.0,25.0,90.0,41.583,-7.144394,-2.637207,70.96146,25.379124,89.091225,0.50575393
3.279166666666667,41.353928,-6.8018513,-2.930426,70.0,25.0,90.0,41.583,-7.14439,-2.6372051,70.96146,25.379124,89.091225,0.5057524
3.283333333333333,41.353928,-6.8018513,-2.930426,70.0,25.0,90.0,41.583,-7.144394,-2.6372042,70.96145,25.379128,89.091225,0.50575554
3.2875,41.353928,-6.8018513,-2.930426,70.0,25.0,90.0,41.583,-7.144394,-2.637208,70.96145,25.379124,89.09123,0.50575334
3.2916666666666665,41.353928,-6.8018513,-2.930426,70.0,25.0,90.0,41.583,-7.144391,-2.637208,70.96145,25.379128,89.09123,0.50575143
3.2958333333333334,41.353928,-6.8018513,-2.930426,70.0,25.0,90.0,41.583,-7.144393,-2.637207,70.96146,25.379128,89.09123,0.5057533
3.3,41.353928,-6.8018513,-2.930426,70.0,25.0,90.0,41.582996,-7.144391,-2.637206,70.96146,25.379128,89.09123,0.5057508
3.3041666666666667,41.353928,-6.8018513,-2.930426,70.0,25.0,90.0,41.582993,-7.144394,-2.637207,70.96146,25.379124,89.09123,0.5057504
3.308333333333333,41.353928,-6.8018513,-2.930426,70.0,25.0,90.0,41.582996,-7.144388,-2.6372042,70.96145,25.379131,89.09123,0.50574994
3.3125,41.353928,-6.8018513,-2.930426,70.0,25.0,90.0,41.583,-7.144391,-2.637206,70.96146,25.379128,89.09123,0.5057525
3.316666666666667,41.353928,-6.8018513,-2.930426,70.0,25.0,90.0,41.582996,-7.144388,-2.6372051,70.96145,25.379128,89.09123,0.5057494
3.3208333333333333,41.353928,-6.8018513,-2.930426,70.0,25.0,90.0,41.582993,-7.144391,-2.6372051,70.96146,25.379128,89.09123,0.5057496
3.325,41.353928,-6.8018513,-2.930426,70.0,25.0,90.0,41.582993,-7.14439,-2.6372051,70.96145,25.379131,89.09123,0.505749
3.3291666666666666,41.353928,-6.8018513,-2.930426,70.0,25.0,90.0,41.582996,-7.144391,-2.6372042,70.96146,25.379131,89.09123,0.5057519
3.3333333333333335,41.353928,-6.8018513,-2.930426,70.0,25.0,90.0,41.582993,-7.144388,-2.637207,70.96146,25.379131,89.09123,0.50574654
3.3375,41.353928,-6.8018513,-2.930426,70.0,25.0,90.0,41.582993,-7.14439,-2.637206,70.96146,25.379124,89.09123,0.50574845
3.341666666666667,41.353928,-6.8018513,-2.930426,70.0,25.0,90.0,41.582996,-7.14439,-2.6372042,70.96146,25.379124,89.09123,0.50575125
3.345833333333333,41.353928,-6.8018513,-2.930426,70.0,25.0,90.0,41.582993,-7.144391,-2.637206,70.96146,25.379128,89.09123,0.50574905
3.35,41.353928,-6.8018513,-2.930426,70.0,25.0,90.0,41.582996,-7.144391,-2.637208,70.96146,25.379128,89.09123,0.50574964
3.3541666666666665,41.353928,-6.8018513,-2.930426,70.0,25.0,90.0,41.582996,-7.144391,-2.6372051,70.96146,25.379124,89.09123,0.5057514
3.3583333333333334,41.353928,-6.8018513,-2.930426,70.0,25.0,90.0,41.582993,-7.144391,-2.637208,70.96146,25.379128,89.09123,0.505748
3.3625,41.353928,-6.8018513,-2.930426,70.0,25.0,90.0,41.582993,-7.144391,-2.6372051,70.96146,25.379131,89.09123,0.5057496
3.3666666666666667,41.353928,-6.8018513,-2.930426,70.0,25.0,90.0,41.582993,-7.144391,-2.637206,70.96146,25.379131,89.09123,0.50574905
3.370833333333333,41.353928,-6.8018513,-2.930426,70.0,25.0,90.0,41.582993,-7.144391,-2.6372051,70.96146,25.379128,89.09123,0.5057496
3.375,41.353928,-6.8018513,-2.930426,70.0,25.0,90.0,41.582993,-7.144393,-2.6372042,70.96146,25.379128,89.09123,0.50575143
3.379166666666667,41.353928,-6.8018513,-2.930426,70.0,25.0,90.0,41.582993,-7.14439,-2.637207,70.96146,25.379128,89.09123,0.50574785
3.3833333333333333,41.353928,-6.8018513,-2.930426,70.0,25.0,90.0,41.582993,-7.144393,-2.637206,70.96146,25.379128,89.09123,0.50575036
3.3875,41.353928,-6.8018513,-2.930426,70.0,25.0,90.0,41.582993,-7.144391,-2.637206,70.96146,25.379128,89.09123,0.50574905
3.3916666666666666,41.353928,-6.8018513,-2.930426,70.0,25.0,90.0,41.582993,-7.144391,-2.637208,70.96145,25.379128,89.09123,0.505748
3.3958333333333335,41.353928,-6.8018513,-2.930426,70.0,25.0,90.0,41.582993,-7.144391,-2.637208,70.96146,25.379128,89.09123,0.505748
3.4,41.353928,-6.8018513,-2.930426,70.0,25.0,90.0,41.582996,-7.144391,-2.6372051,70.96146,25.379128,89.09123,0.5057514
3.404166666666667,41.353928,-6.8018513,-2.930426,70.0,25.0,90.0,41.582993,-7.144393,-2.6372042,70.96145,25.379124,89.091225,0.50575143
3.408333333333333,41.353928,-6.8018513,-2.930426,70.0,25.0,90.0,41.582996,-7.144396,-2.637208,70.96146,25.379124,89.091225,0.5057529
3.4125,41.353928,-6.8018513,-2.930426,70.0,25.0,90.0,41.582996,-7.144393,-2.637206,70.96146,25.379124,89.091225,0.5057521
3.4166666666666665,41.353928,-6.8018513,-2.930426,70.0,25.0,90.0,41.582996,-7.144396,-2.6372042,70.96145,25.379124,89.091225,0.5057551
3.4208333333333334,41.353928,-6.8018513,-2.930426,70.0,25.0,90.0,41.582996,-7.144394,-2.637207,70.96146,25.37912,89.091225,0.50575215
3.425,41.353928,-6.8018513,-2.930426,70.0,25.0,90.0,41.582996,-7.144391,-2.6372051,70.96145,25.379124,89.091225,0.5057514
3.4291666666666667,41.353928,-6.8018513,-2.930426,70.0,25.0,90.0,41.583,-7.144394,-2.637208,70.96145,25.37912,89.09122,0.50575334
3.433333333333333,41.353928,-6.8018513,-2.930426,70.0,25.0,90.0,41.583,-7.144396,-2.637206,70.96146,25.37912,89.09122,0.5057557
3.4375,41.353928,-6.8018513,-2.930426,70.0,25.0,90.0,41.582993,-7.144395,-2.637208,70.96146,25.379116,89.091225,0.50575054
3.441666666666667,41.353928,-6.8018513,-2.930426,70.0,25.0,90.0,41.583,-7.144393,-2.637206,70.96146,25.379128,89.091225,0.5057538
3.4458333333333333,41.353928,-6.8018513,-2.930426,70.0,25.0,90.0,41.583,-7.144393,-2.637207,70.96146,25.379128,89.091225,0.5057533
3.45,41.353928,-6.8018513,-2.930426,70.0,25.0,90.0,41.582996,-7.144394,-2.637207,70.96146,25.379124,89.091225,0.50575215
3.4541666666666666,41.353928,-6.8018513,-2.930426,70.0,25.0,90.0,41.582996,-7.144393,-2.637206,70.96145,25.37912,89.091225,0.5057521
3.4583333333333335,41.353928,-6.8018513,-2.930426,70.0,25.0,90.0,41.582996,-7.144391,-2.637206,70.96146,25.379124,89.091225,0.5057508
3.4625,41.353928,-6.8018513,-2.930426,70.0,25.0,90.0,41.582996,-7.144393,-2.637206,70.96145,25.379124,89.091225,0.5057521
3.466666666666667,41.353928,-6.8018513,-2.930426,70.0,25.0,90.0,41.582996,-7.144394,-2.6372042,70.96145,25.379124,89.091225,0.5057539
3.470833333333333,41.353928,-6.8018513,-2.930426,70.0,25.0,90.0,41.583,-7.144393,-2.6372023,70.96145,25.379124,89.091225,0.505756
3.475,41.353928,-6.8018513,-2.930426,70.0,25.0,90.0,41.583,-7.144391,-2.6372051,70.96145,25.379128,89.091225,0.50575304
3.4791666666666665,41.353928,-6.8018513,-2.930426,70.0,25.0,90.0,41.582996,-7.144393,-2.6372042,70.96146,25.379128,89.091225,0.5057532
3.4833333333333334,41.353928,-6.8018513,-2.930426,70.0,25.0,90.0,41.582996,-7.144393,-2.6372051,70.96146,25.379128,89.091225,0.5057526
3.4875,41.353928,-6.8018513,-2.930426,70.0,25.0,90.0,41.582996,-7.144394,-2.637206,70.96146,25.379128,89.091225,0.50575274
3.4916666666666667,41.353928,-6.8018513,-2.930426,70.0,25.0,90.0,41.582996,-7.144394,-2.637206,70.96146,25.379128,89.091225,0.50575274
3.495833333333333,41.353928,-6.8018513,-2.930426,70.0,25.0,90.0,41.582996,-7.144394,-2.637206,70.96146,25.379128,89.091225,0.50575274
3.5,41.353928,-6.8018513,-2.930426,70.0,25.0,90.0,41.582996,-7.144394,-2.637206,70.96146,25.379128,89.091225,0.50575274
3.504166666666667,41.353928,-6.8018513,-2.930426,70.0,25.0,90.0,41.582996,-7.144394,-2.637206,70.96146,25.379128,89.091225,0.50575274
3.5083333333333333,41.353928,-6.8018513,-2.930426,70.0,25.0,90.0,41.582996,-7.144394,-2.637206,70.96146,25.379128,89.091225,0.50575274
3.5125,41.353928,-6.8018513,-2.930426,70.0,25.0,90.0,41.582996,-7.144394,-2.637206,70.96146,25.379128,89.091225,0.50575274
3.5166666666666666,41.353928,-6.8018513,-2.930426,70.0,25.0,90.0,41.582996,-7.144394,-2.637206,70.96146,25.379128,89.091225,0.50575274
3.5208333333333335,41.353928,-6.8018513,-2.930426,70.0,25.0,90.0,41.582996,-7.144394,-2.637206,70.96146,25.379128,89.091225,0.50575274
3.525,41.353928,-6.8018513,-2.930426,70.0,25.0,90.0,41.582996,-7.144394,-2.637206,70.96146,25.379128,89.091225,0.50575274
3.529166666666667,41.353928,-6.8018513,-2.930426,70.0,25.0,90.0,41.582996,-7.144394,-2.637206,70.96146,25.379128,89.091225,0.50575274
3.533333333333333,41.353928,-6.8018513,-2.930426,70.0,25.0,90.0,41.582996,-7.144394,-2.637206,70.96146,25.379128,89.091225,0.50575274
3.5375,41.353928,-6.8018513,-2.930426,70.0,25.0,90.0,41.582996,-7.144394,-2.637206,70.96146,25.379128,89.091225,0.50575274
3.5416666666666665,41.353928,-6.8018513,-2.930426,70.0,25.0,90.0,41.582996,-7.144394,-2.637206,70.96146,25.379128,89.091225,0.50575274
3.5458333333333334,41.353928,-6.8018513,-2.930426,70.0,25.0,90.0,41.582996,-7.144394,-2.637206,70.96146,25.379128,89.091225,0.50575274
3.55,41.353928,-6.8018513,-2.930426,70.0,25.0,90.0,41.582996,-7.144394,-2.637206,70.96146,25.379128,89.091225,0.50575274
3.5541666666666667,41.353928,-6.8018513,-2.930426,70.0,25.0,90.0,41.582996,-7.144394,-2.637206,70.96146,25.379128,89.091225,0.50575274
3.558333333333333,41.353928,-6.8018513,-2.930426,70.0,25.0,90.0,41.582996,-7.144394,-2.637206,70.96146,25.379128,89.091225,0.50575274
3.5625,41.353928,-6.8018513,-2.930426,70.0,25.0,90.0,41.582996,-7.144394,-2.637206,70.96146,25.379128,89.091225,0.50575274
3.566666666666667,41.353928,-6.8018513,-2.930426,70.0,25.0,90.0,41.582996,-7.144394,-2.637206,70.96146,25.379128,89.091225,0.50575274
3.5708333333333333,41.353928,-6.8018513,-2.930426,70.0,25.0,90.0,41.582996,-7.144394,-2.637206,70.96146,25.379128,89.091225,0.50575274
3.575,41.353928,-6.8018513,-2.930426,70.0,25.0,90.0,41.582996,-7.144394,-2.637206,70.96146,25.379128,89.091225,0.50575274
3.5791666666666666,41.353928,-6.8018513,-2.930426,70.0,25.0,90.0,41.582996,-7.144394,-2.637206,70.96146,25.379128,89.091225,0.50575274
3.5833333333333335,41.353928,-6.8018513,-2.930426,70.0,25.0,90.0,41.582996,-7.144394,-2.637206,70.96146,25.379128,89.091225,0.50575274
3.5875,41.353928,-6.8018513,-2.930426,70.0,25.0,90.0,41.582996,-7.144394,-2.637206,70.96146,25.379128,89.091225,0.50575274
3.591666666666667,41.353928,-6.8018513,-2.930426,70.0,25.0,90.0,41.582996,-7.144394,-2.637206,70.96146,25.379128,89.091225,0.50575274
3.595833333333333,41.353928,-6.8018513,-2.930426,70.0,25.0,90.0,41.582996,-7.144394,-2.637206,70.96146,25.379128,89.091225,0.50575274
3.6,41.353928,-6.8018513,-2.930426,70.0,25.0,90.0,41.582996,-7.144394,-2.637206,70.96146,25.379128,89.091225,0.50575274
3.6041666666666665,41.353928,-6.8018513,-2.930426,70.0,25.0,90.0,41.582996,-7.144394,-2.637206,70.96146,25.379128,89.091225,0.50575274
3.6083333333333334,41.353928,-6.8018513,-2.930426,70.0,25.0,90.0,41.582996,-7.144394,-2.637206,70.96146,25.379128,89.091225,0.50575274
3.6125,41.353928,-6.8018513,-2.930426,70.0,25.0,90.0,41.582996,-7.144394,-2.637206,70.96146,25.379128,89.091225,0.50575274
3.6166666666666667,41.353928,-6.8018513,-2.930426,70.0,25.0,90.0,41.582996,-7.144394,-2.637206,70.96146,25.379128,89.091225,0.50575274
3.620833333333333,41.353928,-6.8018513,-2.930426,70.0,25.0,90.0,41.582996,-7.144394,-2.637206,70.96146,25.379128,89.091225,0.50575274
3.625,41.353928,-6.8018513,-2.930426,70.0,25.0,90.0,41.582996,-7.144394,-2.637206,70.96146,25.379128,89.091225,0.50575274
3.629166666666667,41.353928,-6.8018513,-2.930426,70.0,25.0,90.0,41.582996,-7.144394,-2.637206,70.96146,25.379128,89.091225,0.50575274
3.6333333333333333,41.353928,-6.8018513,-2.930426,70.0,25.0,90.0,41.582996,-7.144394,-2.637206,70.96146,25.379128,89.091225,0.50575274
3.6375,41.353928,-6.8018513,-2.930426,70.0,25.0,90.0,41.582996,-7.144394,-2.637206,70.96146,25.379128,89.091225,0.50575274
3.6416666666666666,41.353928,-6.8018513,-2.930426,70.0,25.0,90.0,41.582996,-7.144394,-2.6372042,70.96146,25.379128,89.091225,0.5057539
3.6458333333333335,41.353928,-6.8018513,-2.930426,70.0,25.0,90.0,41.582996,-7.144394,-2.637206,70.96146,25.379128,89.091225,0.50575274
3.65,41.353928,-6.8018513,-2.930426,70.0,25.0,90.0,41.583,-7.144393,-2.6372051,70.96145,25.379128,89.091225,0.50575435
3.654166666666667,41.353928,-6.8018513,-2.930426,70.0,25.0,90.0,41.583,-7.14439,-2.6372042,70.96145,25.379128,89.09123,0.505753
3.658333333333333,41.353928,-6.8018513,-2.930426,70.0,25.0,90.0,41.582996,-7.144393,-2.6372013,70.96145,25.379124,89.091225,0.5057548
3.6625,41.353928,-6.8018513,-2.930426,70.0,25.0,90.0,41.582996,-7.14439,-2.6372042,70.96145,25.379128,89.091225,0.50575125
3.6666666666666665,41.353928,-6.8018513,-2.930426,70.0,25.0,90.0,41.583,-7.144397,-2.6372042,70.96145,25.379128,89.09123,0.5057575
3.6708333333333334,41.353928,-6.8018513,-2.930426,70.0,25.0,90.0,41.583,-7.144393,-2.637206,70.96145,25.379131,89.091225,0.5057538
3.675,41.353928,-6.8018513,-2.930426,70.0,25.0,90.0,41.583,-7.144393,-2.6372042,70.96146,25.379128,89.09123,0.5057549
3.6791666666666667,41.353928,-6.8018513,-2.930426,70.0,25.0,90.0,41.583,-7.144391,-2.6372042,70.96146,25.379128,89.09123,0.50575364
3.683333333333333,41.353928,-6.8018513,-2.930426,70.0,25.0,90.0,41.582996,-7.14439,-2.637207,70.96145,25.379128,89.09123,0.5057496
3.6875,41.353928,-6.8018513,-2.930426,70.0,25.0,90.0,41.583,-7.14439,-2.637206,70.96145,25.379128,89.09123,0.50575185
3.691666666666667,41.353928,-6.8018513,-2.930426,70.0,25.0,90.0,41.583,-7.144391,-2.637207,70.96146,25.379128,89.09123,0.50575197
3.6958333333333333,41.353928,-6.8018513,-2.930426,70.0,25.0,90.0,41.582996,-7.144388,-2.6372051,70.96146,25.379128,89.09124,0.5057494
3.7,41.353928,-6.8018513,-2.930426,70.0,25.0,90.0,41.582993,-7.14439,-2.637206,70.96146,25.379124,89.09124,0.50574845
3.7041666666666666,41.353928,-6.8018513,-2.930426,70.0,25.0,90.0,41.582996,-7.14439,-2.6372051,70.96145,25.379128,89.09123,0.5057507
3.7083333333333335,41.353928,-6.8018513,-2.930426,70.0,25.0,90.0,41.583,-7.144388,-2.637207,70.96145,25.379128,89.09123,0.50575
3.7125,41.353928,-6.8018513,-2.930426,70.0,25.0,90.0,41.582996,-7.1443872,-2.637206,70.96145,25.379128,89.09123,0.5057482
3.716666666666667,41.353928,-6.8018513,-2.930426,70.0,25.0,90.0,41.582993,-7.144391,-2.6372023,70.96146,25.379128,89.09123,0.50575125
3.720833333333333,41.353928,-6.8018513,-2.930426,70.0,25.0,90.0,41.582996,-7.144391,-2.6372042,70.96145,25.379128,89.09123,0.5057519
3.725,41.353928,-6.8018513,-2.930426,70.0,25.0,90.0,41.582996,-7.14439,-2.637206,70.96145,25.379131,89.09123,0.5057501
3.7291666666666665,41.353928,-6.8018513,-2.930426,70.0,25.0,90.0,41.582996,-7.144393,-2.6372051,70.96145,25.379131,89.09123,0.5057526
3.7333333333333334,41.353928,-6.8018513,-2.930426,70.0,25.0,90.0,41.582993,-7.14439,-2.637206,70.96145,25.379128,89.09123,0.50574845
3.7375,41.353928,-6.8018513,-2.930426,70.0,25.0,90.0,41.582993,-7.14439,-2.637206,70.96146,25.379128,89.09123,0.50574845
3.7416666666666667,41.353928,-6.8018513,-2.930426,70.0,25.0,90.0,41.582996,-7.144393,-2.637208,70.96145,25.379128,89.09123,0.50575095
3.745833333333333,41.353928,-6.8018513,-2.930426,70.0,25.0,90.0,41.582996,-7.14439,-2.637206,70.96146,25.379131,89.09123,0.5057501
3.75,41.353928,-6.8018513,-2.930426,70.0,25.0,90.0,41.582993,-7.144393,-2.637207,70.96146,25.379128,89.09123,0.50574976
3.754166666666667,41.353928,-6.8018513,-2.930426,70.0,25.0,90.0,41.582996,-7.14439,-2.637208,70.96146,25.379128,89.09123,0.505749
3.7583333333333333,41.353928,-6.8018513,-2.930426,70.0,25.0,90.0,41.582993,-7.144393,-2.637206,70.96146,25.379128,89.09123,0.50575036
3.7625,41.353928,-6.8018513,-2.930426,70.0,25.0,90.0,41.582993,-7.144391,-2.6372051,70.96146,25.379128,89.09123,0.5057496
3.7666666666666666,41.353928,-6.8018513,-2.930426,70.0,25.0,90.0,41.582996,-7.144388,-2.637206,70.96146,25.379131,89.09123,0.50574887
3.7708333333333335,41.353928,-6.8018513,-2.930426,70.0,25.0,90.0,41.582996,-7.144391,-2.6372051,70.96146,25.379128,89.09123,0.5057514
3.775,41.353928,-6.8018513,-2.930426,70.0,25.0,90.0,41.582996,-7.144391,-2.6372042,70.96146,25.379128,89.09123,0.5057519
3.779166666666667,41.353928,-6.8018513,-2.930426,70.0,25.0,90.0,41.582996,-7.14439,-2.637206,70.96146,25.379128,89.09123,0.5057501
3.783333333333333,41.353928,-6.8018513,-2.930426,70.0,25.0,90.0,41.582996,-7.144391,-2.6372051,70.96146,25.379128,89.09123,0.5057514
3.7875,41.353928,-6.8018513,-2.930426,70.0,25.0,90.0,41.582996,-7.144391,-2.6372023,70.96146,25.379128,89.09123,0.505753
3.7916666666666665,41.353928,-6.8018513,-2.930426,70.0,25.0,90.0,41.582996,-7.144393,-2.6372023,70.96146,25.379128,89.09123,0.5057543
3.7958333333333334,41.353928,-6.8018513,-2.930426,70.0,25.0,90.0,41.582996,-7.144393,-2.6372051,70.96146,25.379128,89.09123,0.5057526
3.8,41.353928,-6.8018513,-2.930426,70.0,25.0,90.0,41.582996,-7.144391,-2.6372042,70.96146,25.379128,89.09123,0.5057519
3.8041666666666667,41.353928,-6.8018513,-2.930426,70.0,25.0,90.0,41.582996,-7.144393,-2.6372051,70.96146,25.379128,89.091225,0.5057526
3.808333333333333,41.353928,-6.8018513,-2.930426,70.0,25.0,90.0,41.582996,-7.144394,-2.637206,70.96146,25.37912,89.091225,0.50575274
3.8125,41.353928,-6.8018513,-2.930426,70.0,25.0,90.0,41.582996,-7.144394,-2.6372051,70.96146,25.379128,89.091225,0.5057533
3.816666666666667,41.353928,-6.8018513,-2.930426,70.0,25.0,90.0,41.582996,-7.144393,-2.637208,70.96145,25.379128,89.091225,0.50575095
3.8208333333333333,41.353928,-6.8018513,-2.930426,70.0,25.0,90.0,41.582993,-7.144393,-2.6372023,70.96145,25.379128,89.091225,0.50575256
3.825,41.353928,-6.8018513,-2.930426,70.0,25.0,90.0,41.582996,-7.144396,-2.637206,70.96146,25.37912,89.09122,0.50575405
3.8291666666666666,41.353928,-6.8018513,-2.930426,70.0,25.0,90.0,41.582996,-7.144397,-2.637208,70.96146,25.379128,89.09122,0.5057536
3.8333333333333335,41.353928,-6.8018513,-2.930426,70.0,25.0,90.0,41.582993,-7.144394,-2.637207,70.96146,25.379124,89.09122,0.5057504
3.8375,41.353928,-6.8018513,-2.930426,70.0,25.0,90.0,41.582996,-7.144391,-2.637207,70.96145,25.379124,89.091225,0.50575024
3.841666666666667,41.353928,-6.8018513,-2.930426,70.0,25.0,90.0,41.582996,-7.144394,-2.637208,70.96145,25.379128,89.091225,0.5057516
3.845833333333333,41.353928,-6.8018513,-2.930426,70.0,25.0,90.0,41.583,-7.144396,-2.6372051,70.96146,25.379128,89.091225,0.5057563
3.85,41.353928,-6.8018513,-2.930426,70.0,25.0,90.0,41.583,-7.144394,-2.637206,70.96146,25.379124,89.091225,0.5057544
3.8541666666666665,41.353928,-6.8018513,-2.930426,70.0,25.0,90.0,41.582996,-7.144391,-2.637208,70.96145,25.379124,89.091225,0.50574964
3.8583333333333334,41.353928,-6.8018513,-2.930426,70.0,25.0,90.0,41.583,-7.144393,-2.637206,70.96145,25.379124,89.091225,0.5057538
3.8625,41.353928,-6.8018513,-2.930426,70.0,25.0,90.0,41.582996,-7.144394,-2.637206,70.96145,25.379124,89.091225,0.50575274
3.8666666666666667,41.353928,-6.8018513,-2.930426,70.0,25.0,90.0,41.583,-7.1443987,-2.637206,70.96145,25.379124,89.091225,0.5057577
3.870833333333333,41.353928,-6.8018513,-2.930426,70.0,25.0,90.0,41.583,-7.144396,-2.637207,70.96145,25.379124,89.091225,0.5057552
3.875,41.353928,-6.8018513,-2.930426,70.0,25.0,90.0,41.583,-7.144394,-2.637206,70.96145,25.379124,89.091225,0.5057544
3.879166666666667,41.353928,-6.8018513,-2.930426,70.0,25.0,90.0,41.583,-7.144394,-2.6372051,70.96146,25.379124,89.091225,0.505755
3.8833333333333333,41.353928,-6.8018513,-2.930426,70.0,25.0,90.0,41.583,-7.144393,-2.6372042,70.96146,25.37912,89.091225,0.5057549
3.8875,41.353928,-6.8018513,-2.930426,70.0,25.0,90.0,41.583,-7.144393,-2.6372042,70.96146,25.37912,89.091225,0.5057549
3.8916666666666666,41.353928,-6.8018513,-2.930426,70.0,25.0,90.0,41.583,-7.144393,-2.6372042,70.96146,25.37912,89.091225,0.5057549
3.8958333333333335,41.353928,-6.8018513,-2.930426,70.0,25.0,90.0,41.583,-7.144393,-2.6372042,70.96146,25.37912,89.091225,0.5057549
3.9,41.353928,-6.8018513,-2.930426,70.0,25.0,90.0,41.583,-7.144393,-2.6372042,70.96146,25.37912,89.091225,0.5057549
3.904166666666667,41.353928,-6.8018513,-2.930426,70.0,25.0,90.0,41.583,-7.144393,-2.6372042,70.96146,25.37912,89.091225,0.5057549
3.908333333333333,41.353928,-6.8018513,-2.930426,70.0,25.0,90.0,41.583,-7.144393,-2.6372042,70.96146,25.37912,89.091225,0.5057549
3.9125,41.353928,-6.8018513,-2.930426,70.0,25.0,90.0,41.583,-7.144393,-2.6372042,70.96146,25.37912,89.091225,0.5057549
3.9166666666666665,41.353928,-6.8018513,-2.930426,70.0,25.0,90.0,41.583,-7.144393,-2.6372042,70.96146,25.37912,89.091225,0.5057549
3.9208333333333334,41.353928,-6.8018513,-2.930426,70.0,25.0,90.0,41.583,-7.144393,-2.6372042,70.96146,25.37912,89.091225,0.5057549
3.925,41.353928,-6.8018513,-2.930426,70.0,25.0,90.0,41.583,-7.144393,-2.6372042,70.96146,25.37912,89.091225,0.5057549
3.9291666666666667,41.353928,-6.8018513,-2.930426,70.0,25.0,90.0,41.583,-7.144393,-2.6372042,70.96146,25.37912,89.091225,0.5057549
3.933333333333333,41.353928,-6.8018513,-2.930426,70.0,25.0,90.0,41.583,-7.144393,-2.6372042,70.96146,25.37912,89.091225,0.5057549
3.9375,41.353928,-6.8018513,-2.930426,70.0,25.0,90.0,41.583,-7.144393,-2.6372042,70.96146,25.37912,89.091225,0.5057549
3.941666666666667,41.353928,-6.8018513,-2.930426,70.0,25.0,90.0,41.583,-7.144393,-2.6372042,70.96146,25.37912,89.091225,0.5057549
3.9458333333333333,41.353928,-6.8018513,-2.930426,70.0,25.0,90.0,41.583,-7.144393,-2.6372042,70.96146,25.37912,89.091225,0.5057549
3.95,41.353928,-6.8018513,-2.930426,70.0,25.0,90.0,41.583,-7.144393,-2.6372042,70.96146,25.37912,89.091225,0.5057549
3.9541666666666666,41.353928,-6.8018513,-2.930426,70.0,25.0,90.0,41.583,-7.144393,-2.6372042,70.96146,25.37912,89.091225,0.5057549
3.9583333333333335,41.353928,-6.8018513,-2.930426,70.0,25.0,90.0,41.583,-7.144393,-2.6372042,70.96146,25.37912,89.091225,0.5057549
3.9625,41.353928,-6.8018513,-2.930426,70.0,25.0,90.0,41.583,-7.144393,-2.6372042,70.96146,25.37912,89.091225,0.5057549
3.966666666666667,41.353928,-6.8018513,-2.930426,70.0,25.0,90.0,41.583,-7.144393,-2.6372042,70.96146,25.37912,89.091225,0.5057549
3.970833333333333,41.353928,-6.8018513,-2.930426,70.0,25.0,90.0,41.583,-7.144393,-2.6372042,70.96146,25.37912,89.091225,0.5057549
3.975,41.353928,-6.8018513,-2.930426,70.0,25.0,90.0,41.583,-7.144393,-2.6372042,70.96146,25.37912,89.091225,0.5057549
3.9791666666666665,41.353928,-6.8018513,-2.930426,70.0,25.0,90.0,41.583,-7.144393,-2.6372042,70.96146,25.37912,89.091225,0.5057549
3.9833333333333334,41.353928,-6.8018513,-2.930426,70.0,25.0,90.0,41.583,-7.144393,-2.6372042,70.96146,25.37912,89.091225,0.5057549
3.9875,41.353928,-6.8018513,-2.930426,70.0,25.0,90.0,41.583,-7.144393,-2.6372042,70.96146,25.37912,89.091225,0.5057549
3.9916666666666667,41.353928,-6.8018513,-2.930426,70.0,25.0,90.0,41.583,-7.144393,-2.6372042,70.96146,25.37912,89.091225,0.5057549
3.995833333333333,41.353928,-6.8018513,-2.930426,70.0,25.0,90.0,41.583,-7.144393,-2.6372042,70.96146,25.37912,89.091225,0.5057549
4.0,41.353928,-6.8018513,-2.930426,70.0,25.0,90.0,41.583,-7.144393,-2.6372042,70.96146,25.37912,89.091225,0.5057549
4.004166666666666,41.353928,-6.8018513,-2.930426,70.0,25.0,90.0,41.583,-7.144393,-2.6372042,70.96146,25.37912,89.091225,0.5057549
4.008333333333334,41.353928,-6.8018513,-2.930426,70.0,25.0,90.0,41.583,-7.144393,-2.6372042,70.96146,25.37912,89.091225,0.5057549
4.0125,41.353928,-6.8018513,-2.930426,70.0,25.0,90.0,41.583,-7.144393,-2.6372042,70.96146,25.37912,89.091225,0.5057549
4.016666666666667,41.353928,-6.8018513,-2.930426,70.0,25.0,90.0,41.583,-7.144393,-2.6372042,70.96146,25.37912,89.091225,0.5057549
4.020833333333333,41.353928,-6.8018513,-2.930426,70.0,25.0,90.0,41.583,-7.144393,-2.6372042,70.96146,25.37912,89.091225,0.5057549
4.025,41.353928,-6.8018513,-2.930426,70.0,25.0,90.0,41.583,-7.144393,-2.6372042,70.96146,25.37912,89.091225,0.5057549
4.029166666666667,41.353928,-6.8018513,-2.930426,70.0,25.0,90.0,41.583,-7.144393,-2.6372042,70.96146,25.37912,89.091225,0.5057549
4.033333333333333,41.353928,-6.8018513,-2.930426,70.0,25.0,90.0,41.583,-7.144393,-2.6372042,70.96146,25.37912,89.091225,0.5057549
4.0375,41.353928,-6.8018513,-2.930426,70.0,25.0,90.0,41.583,-7.144393,-2.6372042,70.96146,25.37912,89.091225,0.5057549
4.041666666666667,41.353928,-6.8018513,-2.930426,70.0,25.0,90.0,41.583,-7.144391,-2.637206,70.96146,25.379124,89.091225,0.5057525
4.045833333333333,41.353928,-6.8018513,-2.930426,70.0,25.0,90.0,41.582996,-7.144394,-2.637206,70.96145,25.37912,89.091225,0.50575274
4.05,41.353928,-6.8018513,-2.930426,70.0,25.0,90.0,41.583,-7.144394,-2.637206,70.96146,25.379128,89.091225,0.5057544
4.054166666666666,41.353928,-6.8018513,-2.930426,70.0,25.0,90.0,41.583,-7.144391,-2.637206,70.96146,25.37912,89.091225,0.5057525
4.058333333333334,41.353928,-6.8018513,-2.930426,70.0,25.0,90.0,41.582996,-7.144391,-2.6372042,70.96146,25.379116,89.091225,0.5057519
4.0625,41.353928,-6.8018513,-2.930426,70.0,25.0,90.0,41.583,-7.144394,-2.6372042,70.96145,25.379124,89.091225,0.50575554
4.066666666666666,41.353928,-6.8018513,-2.930426,70.0,25.0,90.0,41.583,-7.144393,-2.637208,70.96145,25.379128,89.091225,0.5057527
4.070833333333334,41.353928,-6.8018513,-2.930426,70.0,25.0,90.0,41.583,-7.14439,-2.637206,70.96145,25.379128,89.09123,0.50575185
4.075,41.353928,-6.8018513,-2.930426,70.0,25.0,90.0,41.583,-7.144393,-2.637206,70.96145,25.379128,89.09123,0.5057538
4.079166666666667,41.353928,-6.8018513,-2.930426,70.0,25.0,90.0,41.583,-7.144393,-2.6372051,70.96145,25.379128,89.091225,0.50575435
4.083333333333333,41.353928,-6.8018513,-2.930426,70.0,25.0,90.0,41.583,-7.144391,-2.6372051,70.96146,25.379128,89.09123,0.50575304
4.0875,41.353928,-6.8018513,-2.930426,70.0,25.0,90.0,41.583,-7.144391,-2.6372051,70.96145,25.379124,89.09123,0.50575304
4.091666666666667,41.353928,-6.8018513,-2.930426,70.0,25.0,90.0,41.583,-7.144388,-2.637206,70.96146,25.379128,89.09123,0.5057506
4.095833333333333,41.353928,-6.8018513,-2.930426,70.0,25.0,90.0,41.582996,-7.1443872,-2.6372051,70.96146,25.379124,89.09123,0.50574875
4.1,41.353928,-6.8018513,-2.930426,70.0,25.0,90.0,41.582996,-7.14439,-2.6372051,70.96146,25.379124,89.09123,0.5057507
4.104166666666667,41.353928,-6.8018513,-2.930426,70.0,25.0,90.0,41.582996,-7.144388,-2.637207,70.96145,25.379128,89.09123,0.5057483
4.108333333333333,41.353928,-6.8018513,-2.930426,70.0,25.0,90.0,41.582996,-7.144388,-2.637207,70.96146,25.379128,89.09123,0.5057483
4.1125,41.353928,-6.8018513,-2.930426,70.0,25.0,90.0,41.582996,-7.144388,-2.637207,70.96146,25.379124,89.09123,0.5057483
4.116666666666666,41.353928,-6.8018513,-2.930426,70.0,25.0,90.0,41.582993,-7.1443872,-2.6372042,70.96146,25.379128,89.09123,0.50574756
4.120833333333334,41.353928,-6.8018513,-2.930426,70.0,25.0,90.0,41.582993,-7.14439,-2.637206,70.96145,25.379131,89.09123,0.50574845
4.125,41.353928,-6.8018513,-2.930426,70.0,25.0,90.0,41.582993,-7.144391,-2.6372023,70.96146,25.379131,89.09123,0.50575125
4.129166666666666,41.353928,-6.8018513,-2.930426,70.0,25.0,90.0,41.582993,-7.144391,-2.637206,70.96146,25.379135,89.09123,0.50574905
4.133333333333334,41.353928,-6.8018513,-2.930426,70.0,25.0,90.0,41.582996,-7.14439,-2.6372051,70.96146,25.379131,89.09123,0.5057507
4.1375,41.353928,-6.8018513,-2.930426,70.0,25.0,90.0,41.582996,-7.144388,-2.637207,70.96146,25.379131,89.09123,0.5057483
4.141666666666667,41.353928,-6.8018513,-2.930426,70.0,25.0,90.0,41.582996,-7.144388,-2.6372051,70.96146,25.379128,89.09123,0.5057494
4.145833333333333,41.353928,-6.8018513,-2.930426,70.0,25.0,90.0,41.582996,-7.14439,-2.6372023,70.96146,25.379128,89.09123,0.5057523
4.15,41.353928,-6.8018513,-2.930426,70.0,25.0,90.0,41.582993,-7.144391,-2.6372042,70.96146,25.379131,89.09123,0.5057502
4.154166666666667,41.353928,-6.8018513,-2.930426,70.0,25.0,90.0,41.582996,-7.144391,-2.6372042,70.96146,25.379131,89.09123,0.5057519
4.158333333333333,41.353928,-6.8018513,-2.930426,70.0,25.0,90.0,41.582996,-7.144391,-2.6372042,70.96146,25.379131,89.09123,0.5057519
4.1625,41.353928,-6.8018513,-2.930426,70.0,25.0,90.0,41.582996,-7.144391,-2.6372042,70.96146,25.379131,89.09123,0.5057519
4.166666666666667,41.353928,-6.8018513,-2.930426,70.0,25.0,90.0,41.582996,-7.144391,-2.6372042,70.96146,25.379131,89.09123,0.5057519
4.170833333333333,41.353928,-6.8018513,-2.930426,70.0,25.0,90.0,41.582996,-7.144393,-2.6372042,70.96146,25.379128,89.09123,0.5057532
4.175,41.353928,-6.8018513,-2.930426,70.0,25.0,90.0,41.582996,-7.144388,-2.6372042,70.96146,25.379128,89.09123,0.50574994
4.179166666666666,41.353928,-6.8018513,-2.930426,70.0,25.0,90.0,41.582996,-7.14439,-2.6372051,70.96146,25.379128,89.09123,0.5057507
4.183333333333334,41.353928,-6.8018513,-2.930426,70.0,25.0,90.0,41.582993,-7.14439,-2.6372051,70.96146,25.379128,89.09123,0.505749
4.1875,41.353928,-6.8018513,-2.930426,70.0,25.0,90.0,41.582993,-7.144393,-2.6372051,70.96146,25.379128,89.09123,0.5057509
4.191666666666666,41.353928,-6.8018513,-2.930426,70.0,25.0,90.0,41.582993,-7.144393,-2.6372023,70.96146,25.379128,89.09123,0.50575256
4.195833333333334,41.353928,-6.8018513,-2.930426,70.0,25.0,90.0,41.582993,-7.14439,-2.6372042,70.96146,25.379128,89.09123,0.5057495
4.2,41.353928,-6.8018513,-2.930426,70.0,25.0,90.0,41.582993,-7.144393,-2.6372042,70.96146,25.379128,89.091225,0.50575143
4.204166666666667,41.353928,-6.8018513,-2.930426,70.0,25.0,90.0,41.582996,-7.144393,-2.637206,70.96146,25.379128,89.09123,0.5057521
4.208333333333333,41.353928,-6.8018513,-2.930426,70.0,25.0,90.0,41.582996,-7.144394,-2.637206,70.96146,25.37912,89.091225,0.50575274
4.2125,41.353928,-6.8018513,-2.930426,70.0,25.0,90.0,41.582996,-7.144394,-2.6372051,70.96146,25.379128,89.091225,0.5057533
4.216666666666667,41.353928,-6.8018513,-2.930426,70.0,25.0,90.0,41.582996,-7.144393,-2.637208,70.96145,25.379128,89.091225,0.50575095
4.220833333333333,41.353928,-6.8018513,-2.930426,70.0,25.0,90.0,41.582993,-7.144393,-2.6372023,70.96145,25.379128,89.091225,0.50575256
4.225,41.353928,-6.8018513,-2.930426,70.0,25.0,90.0,41.582996,-7.144396,-2.637206,70.96146,25.37912,89.09122,0.50575405
4.229166666666667,41.353928,-6.8018513,-2.930426,70.0,25.0,90.0,41.582996,-7.144397,-2.637208,70.96146,25.379128,89.09122,0.5057536
4.233333333333333,41.353928,-6.8018513,-2.930426,70.0,25.0,90.0,41.582993,-7.144394,-2.637207,70.96146,25.379124,89.09122,0.5057504
4.2375,41.353928,-6.8018513,-2.930426,70.0,25.0,90.0,41.582996,-7.144391,-2.637207,70.96145,25.379124,89.091225,0.50575024
4.241666666666666,41.353928,-6.8018513,-2.930426,70.0,25.0,90.0,41.582996,-7.144394,-2.637208,70.96145,25.379128,89.091225,0.5057516
4.245833333333334,41.353928,-6.8018513,-2.930426,70.0,25.0,90.0,41.583,-7.144396,-2.6372051,70.96146,25.379128,89.091225,0.5057563
4.25,41.353928,-6.8018513,-2.930426,70.0,25.0,90.0,41.583,-7.144394,-2.637206,70.96146,25.379124,89.091225,0.5057544
4.254166666666666,41.353928,-6.8018513,-2.930426,70.0,25.0,90.0,41.582996,-7.144391,-2.637208,70.96145,25.379124,89.091225,0.50574964
4.258333333333334,41.353928,-6.8018513,-2.930426,70.0,25.0,90.0,41.583,-7.144393,-2.637206,70.96145,25.379124,89.091225,0.5057538
4.2625,41.353928,-6.8018513,-2.930426,70.0,25.0,90.0,41.582996,-7.144394,-2.637206,70.96145,25.379124,89.091225,0.50575274
4.266666666666667,41.353928,-6.8018513,-2.930426,70.0,25.0,90.0,41.583,-7.1443987,-2.637206,70.96145,25.379124,89.091225,0.5057577
4.270833333333333,41.353928,-6.8018513,-2.930426,70.0,25.0,90.0,41.583,-7.144396,-2.637207,70.96145,25.379124,89.091225,0.5057552
4.275,41.353928,-6.8018513,-2.930426,70.0,25.0,90.0,41.583,-7.144394,-2.637206,70.96145,25.379124,89.091225,0.5057544
4.279166666666667,41.353928,-6.8018513,-2.930426,70.0,25.0,90.0,41.583,-7.144394,-2.6372051,70.96146,25.379124,89.091225,0.505755
4.283333333333333,41.353928,-6.8018513,-2.930426,70.0,25.0,90.0,41.583,-7.144393,-2.6372042,70.96146,25.37912,89.091225,0.5057549
4.2875,41.353928,-6.8018513,-2.930426,70.0,25.0,90.0,41.583,-7.144393,-2.6372042,70.96146,25.37912,89.091225,0.5057549
4.291666666666667,41.353928,-6.8018513,-2.930426,70.0,25.0,90.0,41.583,-7.144393,-2.6372042,70.96146,25.37912,89.091225,0.5057549
4.295833333333333,41.353928,-6.8018513,-2.930426,70.0,25.0,90.0,41.583,-7.144393,-2.6372042,70.96146,25.37912,89.091225,0.5057549
4.3,41.353928,-6.8018513,-2.930426,70.0,25.0,90.0,41.583,-7.144393,-2.6372042,70.96146,25.37912,89.091225,0.5057549
4.304166666666666,41.353928,-6.8018513,-2.930426,70.0,25.0,90.0,41.583,-7.144393,-2.6372042,70.96146,25.37912,89.091225,0.5057549
4.308333333333334,41.353928,-6.8018513,-2.930426,70.0,25.0,90.0,41.583,-7.144393,-2.6372042,70.96146,25.37912,89.091225,0.5057549
4.3125,41.353928,-6.8018513,-2.930426,70.0,25.0,90.0,41.583,-7.144393,-2.6372042,70.96146,25.37912,89.091225,0.5057549
4.316666666666666,41.353928,-6.8018513,-2.930426,70.0,25.0,90.0,41.583,-7.144393,-2.6372042,70.96146,25.37912,89.091225,0.5057549
4.320833333333334,41.353928,-6.8018513,-2.930426,70.0,25.0,90.0,41.583,-7.144393,-2.6372042,70.96146,25.37912,89.091225,0.5057549
4.325,41.353928,-6.8018513,-2.930426,70.0,25.0,90.0,41.583,-7.144393,-2.6372042,70.96146,25.37912,89.091225,0.5057549
4.329166666666667,41.353928,-6.8018513,-2.930426,70.0,25.0,90.0,41.583,-7.144393,-2.6372042,70.96146,25.37912,89.091225,0.5057549
4.333333333333333,41.353928,-6.8018513,-2.930426,70.0,25.0,90.0,41.583,-7.144393,-2.6372042,70.96146,25.37912,89.091225,0.5057549
4.3375,41.353928,-6.8018513,-2.930426,70.0,25.0,90.0,41.583,-7.144393,-2.6372042,70.96146,25.37912,89.091225,0.5057549
4.341666666666667,41.353928,-6.8018513,-2.930426,70.0,25.0,90.0,41.583,-7.144393,-2.6372042,70.96146,25.37912,89.091225,0.5057549
4.345833333333333,41.353928,-6.8018513,-2.930426,70.0,25.0,90.0,41.583,-7.144393,-2.6372042,70.96146,25.37912,89.091225,0.5057549
4.35,41.353928,-6.8018513,-2.930426,70.0,25.0,90.0,41.583,-7.144393,-2.6372042,70.96146,25.37912,89.091225,0.5057549
4.354166666666667,41.353928,-6.8018513,-2.930426,70.0,25.0,90.0,41.583,-7.144393,-2.6372042,70.96146,25.37912,89.091225,0.5057549
4.358333333333333,41.353928,-6.8018513,-2.930426,70.0,25.0,90.0,41.583,-7.144393,-2.6372042,70.96146,25.37912,89.091225,0.5057549
4.3625,41.353928,-6.8018513,-2.930426,70.0,25.0,90.0,41.583,-7.144393,-2.6372042,70.96146,25.37912,89.091225,0.5057549
4.366666666666666,41.353928,-6.8018513,-2.930426,70.0,25.0,90.0,41.583,-7.144393,-2.6372042,70.96146,25.37912,89.091225,0.5057549
4.370833333333334,41.353928,-6.8018513,-2.930426,70.0,25.0,90.0,41.583,-7.144393,-2.6372042,70.96146,25.37912,89.091225,0.5057549
4.375,41.353928,-6.8018513,-2.930426,70.0,25.0,90.0,41.583,-7.144393,-2.6372042,70.96146,25.37912,89.091225,0.5057549
4.379166666666666,41.353928,-6.8018513,-2.930426,70.0,25.0,90.0,41.583,-7.144393,-2.6372042,70.96146,25.37912,89.091225,0.5057549
4.383333333333334,41.353928,-6.8018513,-2.930426,70.0,25.0,90.0,41.583,-7.144393,-2.6372042,70.96146,25.37912,89.091225,0.5057549
4.3875,41.353928,-6.8018513,-2.930426,70.0,25.0,90.0,41.583,-7.144393,-2.6372042,70.96146,25.37912,89.091225,0.5057549
4.391666666666667,41.353928,-6.8018513,-2.930426,70.0,25.0,90.0,41.583,-7.144393,-2.6372042,70.96146,25.37912,89.091225,0.5057549
4.395833333333333,41.353928,-6.8018513,-2.930426,70.0,25.0,90.0,41.583,-7.144393,-2.6372042,70.96146,25.37912,89.091225,0.5057549
4.4,41.353928,-6.8018513,-2.930426,70.0,25.0,90.0,41.583,-7.144393,-2.6372042,70.96146,25.37912,89.091225,0.5057549
4.404166666666667,41.353928,-6.8018513,-2.930426,70.0,25.0,90.0,41.583,-7.144393,-2.6372042,70.96146,25.37912,89.091225,0.5057549
4.408333333333333,41.353928,-6.8018513,-2.930426,70.0,25.0,90.0,41.583,-7.144393,-2.6372042,70.96146,25.37912,89.091225,0.5057549
4.4125,41.353928,-6.8018513,-2.930426,70.0,25.0,90.0,41.583,-7.144393,-2.6372042,70.96146,25.37912,89.091225,0.5057549
4.416666666666667,41.353928,-6.8018513,-2.930426,70.0,25.0,90.0,41.583,-7.144393,-2.6372042,70.96146,25.37912,89.091225,0.5057549
4.420833333333333,41.353928,-6.8018513,-2.930426,70.0,25.0,90.0,41.583,-7.144393,-2.6372042,70.96146,25.37912,89.091225,0.5057549
4.425,41.353928,-6.8018513,-2.930426,70.0,25.0,90.0,41.583,-7.144393,-2.6372042,70.96146,25.37912,89.091225,0.5057549
4.429166666666666,41.353928,-6.8018513,-2.930426,70.0,25.0,90.0,41.583,-7.144393,-2.6372042,70.96146,25.37912,89.091225,0.5057549
4.433333333333334,41.353928,-6.8018513,-2.930426,70.0,25.0,90.0,41.583,-7.144393,-2.6372042,70.96146,25.37912,89.091225,0.5057549
4.4375,41.353928,-6.8018513,-2.930426,70.0,25.0,90.0,41.583,-7.144391,-2.637206,70.96146,25.379124,89.091225,0.5057525
4.441666666666666,41.353928,-6.8018513,-2.930426,70.0,25.0,90.0,41.582996,-7.144394,-2.637206,70.96145,25.37912,89.091225,0.50575274
4.445833333333334,41.353928,-6.8018513,-2.930426,70.0,25.0,90.0,41.583,-7.144394,-2.637206,70.96146,25.379128,89.091225,0.5057544
4.45,41.353928,-6.8018513,-2.930426,70.0,25.0,90.0,41.583,-7.144391,-2.637206,70.96146,25.37912,89.091225,0.5057525
4.454166666666667,41.353928,-6.8018513,-2.930426,70.0,25.0,90.0,41.582996,-7.144391,-2.6372042,70.96146,25.379116,89.091225,0.5057519
4.458333333333333,41.353928,-6.8018513,-2.930426,70.0,25.0,90.0,41.583,-7.144394,-2.6372042,70.96145,25.379124,89.091225,0.50575554
4.4625,41.353928,-6.8018513,-2.930426,70.0,25.0,90.0,41.583,-7.144393,-2.637208,70.96145,25.379128,89.091225,0.5057527
4.466666666666667,41.353928,-6.8018513,-2.930426,70.0,25.0,90.0,41.583,-7.14439,-2.637206,70.96145,25.379128,89.09123,0.50575185
4.470833333333333,41.353928,-6.8018513,-2.930426,70.0,25.0,90.0,41.583,-7.144393,-2.637206,70.96145,25.379128,89.09123,0.5057538
4.475,41.353928,-6.8018513,-2.930426,70.0,25.0,90.0,41.583,-7.144393,-2.6372051,70.96145,25.379128,89.091225,0.50575435
4.479166666666667,41.353928,-6.8018513,-2.930426,70.0,25.0,90.0,41.583,-7.144391,-2.6372051,70.96146,25.379128,89.09123,0.50575304
4.483333333333333,41.353928,-6.8018513,-2.930426,70.0,25.0,90.0,41.583,-7.144391,-2.6372051,70.96145,25.379124,89.09123,0.50575304
4.4875,41.353928,-6.8018513,-2.930426,70.0,25.0,90.0,41.583,-7.144388,-2.637206,70.96146,25.379128,89.09123,0.5057506
4.491666666666666,41.353928,-6.8018513,-2.930426,70.0,25.0,90.0,41.582996,-7.1443872,-2.6372051,70.96146,25.379124,89.09123,0.50574875
4.495833333333334,41.353928,-6.8018513,-2.930426,70.0,25.0,90.0,41.582996,-7.14439,-2.6372051,70.96146,25.379124,89.09123,0.5057507
4.5,41.353928,-6.8018513,-2.930426,70.0,25.0,90.0,41.582996,-7.144388,-2.637207,70.96145,25.379128,89.09123,0.5057483
4.504166666666666,41.353928,-6.8018513,-2.930426,70.0,25.0,90.0,41.582996,-7.144388,-2.637207,70.96146,25.379128,89.09123,0.5057483
4.508333333333334,41.353928,-6.8018513,-2.930426,70.0,25.0,90.0,41.582996,-7.144388,-2.637206,70.96146,25.379124,89.09123,0.50574887
4.5125,41.353928,-6.8018513,-2.930426,70.0,25.0,90.0,41.582993,-7.144388,-2.6372042,70.96146,25.379128,89.09123,0.5057482
4.516666666666667,41.353928,-6.8018513,-2.930426,70.0,25.0,90.0,41.582993,-7.14439,-2.6372051,70.96146,25.379131,89.09123,0.505749
4.520833333333333,41.353928,-6.8018513,-2.930426,70.0,25.0,90.0,41.582996,-7.14439,-2.637206,70.96146,25.379128,89.09123,0.5057501
4.525,41.353928,-6.8018513,-2.930426,70.0,25.0,90.0,41.582993,-7.14439,-2.637206,70.96146,25.379131,89.09123,0.50574845
4.529166666666667,41.353928,-6.8018513,-2.930426,70.0,25.0,90.0,41.583,-7.144388,-2.6372051,70.96146,25.379128,89.09123,0.50575113
4.533333333333333,41.353928,-6.8018513,-2.930426,70.0,25.0,90.0,41.582996,-7.144388,-2.637208,70.96146,25.379131,89.09123,0.50574774
4.5375,41.353928,-6.8018513,-2.930426,70.0,25.0,90.0,41.582996,-7.14439,-2.637206,70.96146,25.379128,89.09123,0.5057501
4.541666666666667,41.353928,-6.8018513,-2.930426,70.0,25.0,90.0,41.582993,-7.14439,-2.6372042,70.96146,25.379128,89.09123,0.5057495
4.545833333333333,41.353928,-6.8018513,-2.930426,70.0,25.0,90.0,41.582993,-7.144388,-2.6372042,70.96146,25.379124,89.09123,0.5057482
4.55,41.353928,-6.8018513,-2.930426,70.0,25.0,90.0,41.582993,-7.144391,-2.6372051,70.96146,25.379124,89.09123,0.5057496
4.554166666666666,41.353928,-6.8018513,-2.930426,70.0,25.0,90.0,41.582993,-7.14439,-2.6372051,70.96146,25.379128,89.09123,0.505749
4.558333333333334,41.353928,-6.8018513,-2.930426,70.0,25.0,90.0,41.582993,-7.144391,-2.637206,70.96146,25.379124,89.09123,0.50574905
4.5625,41.353928,-6.8018513,-2.930426,70.0,25.0,90.0,41.582993,-7.14439,-2.6372042,70.96146,25.379128,89.09123,0.5057495
4.566666666666666,41.353928,-6.8018513,-2.930426,70.0,25.0,90.0,41.582993,-7.14439,-2.6372042,70.96146,25.379128,89.09123,0.5057495
4.570833333333334,41.353928,-6.8018513,-2.930426,70.0,25.0,90.0,41.582993,-7.14439,-2.6372051,70.96146,25.379128,89.09123,0.505749
4.575,41.353928,-6.8018513,-2.930426,70.0,25.0,90.0,41.582993,-7.144391,-2.6372042,70.96146,25.379128,89.09123,0.5057502
4.579166666666667,41.353928,-6.8018513,-2.930426,70.0,25.0,90.0,41.582996,-7.144391,-2.637206,70.96146,25.379128,89.09123,0.5057508
4.583333333333333,41.353928,-6.8018513,-2.930426,70.0,25.0,90.0,41.582993,-7.14439,-2.6372042,70.96146,25.379124,89.09123,0.5057495
4.5875,41.353928,-6.8018513,-2.930426,70.0,25.0,90.0,41.582993,-7.144391,-2.6372051,70.96146,25.379128,89.09123,0.5057496
4.591666666666667,41.353928,-6.8018513,-2.930426,70.0,25.0,90.0,41.582993,-7.144391,-2.6372042,70.96146,25.379128,89.09123,0.5057502
4.595833333333333,41.353928,-6.8018513,-2.930426,70.0,25.0,90.0,41.582996,-7.144391,-2.637209,70.96146,25.379128,89.09123,0.5057491
4.6,41.353928,-6.8018513,-2.930426,70.0,25.0,90.0,41.582996,-7.144393,-2.637206,70.96146,25.379124,89.091225,0.5057521
4.604166666666667,41.353928,-6.8018513,-2.930426,70.0,25.0,90.0,41.582996,-7.144393,-2.637206,70.96146,25.379128,89.091225,0.5057521
4.608333333333333,41.353928,-6.8018513,-2.930426,70.0,25.0,90.0,41.582996,-7.144391,-2.637208,70.96146,25.379124,89.091225,0.50574964
4.6125,41.353928,-6.8018513,-2.930426,70.0,25.0,90.0,41.582996,-7.144393,-2.637207,70.96145,25.379124,89.091225,0.50575155
4.616666666666666,41.353928,-6.8018513,-2.930426,70.0,25.0,90.0,41.583,-7.144393,-2.6372042,70.96145,25.379124,89.091225,0.5057549
4.620833333333334,41.353928,-6.8018513,-2.930426,70.0,25.0,90.0,41.582996,-7.144393,-2.6372042,70.96145,25.37912,89.09122,0.5057532
4.625,41.353928,-6.8018513,-2.930426,70.0,25.0,90.0,41.582996,-7.144393,-2.637208,70.96146,25.379128,89.09122,0.50575095
4.629166666666666,41.353928,-6.8018513,-2.930426,70.0,25.0,90.0,41.582996,-7.144394,-2.637206,70.96146,25.379128,89.091225,0.50575274
4.633333333333334,41.353928,-6.8018513,-2.930426,70.0,25.0,90.0,41.582996,-7.144396,-2.637208,70.96146,25.37912,89.091225,0.5057529
4.6375,41.353928,-6.8018513,-2.930426,70.0,25.0,90.0,41.583,-7.144391,-2.637208,70.96146,25.379128,89.091225,0.50575143
4.641666666666667,41.353928,-6.8018513,-2.930426,70.0,25.0,90.0,41.583,-7.144396,-2.637206,70.96146,25.379124,89.091225,0.5057557
4.645833333333333,41.353928,-6.8018513,-2.930426,70.0,25.0,90.0,41.582996,-7.144393,-2.637209,70.96146,25.379124,89.091225,0.5057504
4.65,41.353928,-6.8018513,-2.930426,70.0,25.0,90.0,41.582996,-7.144394,-2.637207,70.96146,25.379128,89.091225,0.50575215
4.654166666666667,41.353928,-6.8018513,-2.930426,70.0,25.0,90.0,41.582996,-7.144393,-2.637208,70.96145,25.379124,89.091225,0.50575095
4.658333333333333,41.353928,-6.8018513,-2.930426,70.0,25.0,90.0,41.582996,-7.144394,-2.63721,70.96145,25.379128,89.091225,0.50575054
4.6625,41.353928,-6.8018513,-2.930426,70.0,25.0,90.0,41.582996,-7.144393,-2.637206,70.96146,25.379128,89.091225,0.5057521
4.666666666666667,41.353928,-6.8018513,-2.930426,70.0,25.0,90.0,41.583,-7.144394,-2.637207,70.96146,25.379128,89.091225,0.50575393
4.670833333333333,41.353928,-6.8018513,-2.930426,70.0,25.0,90.0,41.583,-7.144394,-2.637208,70.96146,25.379131,89.091225,0.50575334
4.675,41.353928,-6.8018513,-2.930426,70.0,25.0,90.0,41.583,-7.144396,-2.637207,70.96146,25.379128,89.091225,0.5057552
4.679166666666666,41.353928,-6.8018513,-2.930426,70.0,25.0,90.0,41.583,-7.144394,-2.637206,70.96146,25.379124,89.091225,0.5057544
4.683333333333334,41.353928,-6.8018513,-2.930426,70.0,25.0,90.0,41.583,-7.144394,-2.637206,70.96146,25.379124,89.091225,0.5057544
4.6875,41.353928,-6.8018513,-2.930426,70.0,25.0,90.0,41.583,-7.144394,-2.637206,70.96146,25.379124,89.091225,0.5057544
4.691666666666666,41.353928,-6.8018513,-2.930426,70.0,25.0,90.0,41.583,-7.144394,-2.637206,70.96146,25.379124,89.091225,0.5057544
4.695833333333334,41.353928,-6.8018513,-2.930426,70.0,25.0,90.0,41.583,-7.144394,-2.637206,70.96146,25.379124,89.091225,0.5057544
4.7,41.353928,-6.8018513,-2.930426,70.0,25.0,90.0,41.583,-7.144394,-2.637206,70.96146,25.379124,89.091225,0.5057544
4.704166666666667,41.353928,-6.8018513,-2.930426,70.0,25.0,90.0,41.583,-7.144394,-2.637206,70.96146,25.379124,89.091225,0.5057544
4.708333333333333,41.353928,-6.8018513,-2.930426,70.0,25.0,90.0,41.583,-7.144394,-2.637206,70.96146,25.379124,89.091225,0.5057544
4.7125,41.353928,-6.8018513,-2.930426,70.0,25.0,90.0,41.583,-7.144394,-2.637206,70.96146,25.379124,89.091225,0.5057544
4.716666666666667,41.353928,-6.8018513,-2.930426,70.0,25.0,90.0,41.583,-7.144394,-2.637206,70.96146,25.379124,89.091225,0.5057544
4.720833333333333,41.353928,-6.8018513,-2.930426,70.0,25.0,90.0,41.583,-7.144394,-2.637206,70.96146,25.379124,89.091225,0.5057544
4.725,41.353928,-6.8018513,-2.930426,70.0,25.0,90.0,41.583,-7.144394,-2.637206,70.96146,25.379124,89.091225,0.5057544
4.729166666666667,41.353928,-6.8018513,-2.930426,70.0,25.0,90.0,41.583,-7.144394,-2.637206,70.96146,25.379124,89.091225,0.5057544
4.733333333333333,41.353928,-6.8018513,-2.930426,70.0,25.0,90.0,41.583,-7.144394,-2.637206,70.96146,25.379124,89.091225,0.5057544
4.7375,41.353928,-6.8018513,-2.930426,70.0,25.0,90.0,41.583,-7.144394,-2.637206,70.96146,25.379124,89.091225,0.5057544
4.741666666666666,41.353928,-6.8018513,-2.930426,70.0,25.0,90.0,41.583,-7.144394,-2.637206,70.96146,25.379124,89.091225,0.5057544
4.745833333333334,41.353928,-6.8018513,-2.930426,70.0,25.0,90.0,41.583,-7.144394,-2.637206,70.96146,25.379124,89.091225,0.5057544
4.75,41.353928,-6.8018513,-2.930426,70.0,25.0,90.0,41.582596,-7.1356955,-2.6442986,70.95776,25.399376,89.08922,0.4955905
4.754166666666666,41.353928,-6.8018513,-2.930426,70.0,25.0,90.0,41.56961,-7.1408978,-2.6825714,70.884,25.39626,89.100746,0.47212657
4.758333333333334,41.353928,-6.8018513,-2.930426,70.0,25.0,90.0,41.532845,-7.1600285,-2.7425766,70.710724,25.307644,89.16983,0.44225502
4.7625,41.353928,-6.8018513,-2.930426,70.0,25.0,90.0,41.462193,-7.302779,-2.792962,70.4251,25.075294,89.26214,0.5306094
4.766666666666667,41.353928,-6.8018513,-2.930426,70.0,25.0,90.0,41.350723,-7.3317995,-2.6048155,70.44864,24.765331,89.496056,0.6219948
4.770833333333333,41.353928,-6.8018513,-2.930426,70.0,25.0,90.0,41.26237,-7.425082,-2.5799465,70.411026,24.690094,89.360954,0.72085726
4.775,41.353928,-6.8018513,-2.930426,70.0,25.0,90.0,41.033363,-6.878461,-2.086751,70.46058,25.22425,89.71014,0.90576917
4.779166666666667,41.353928,-6.8018513,-2.930426,70.0,25.0,90.0,40.267467,-6.650031,-2.0251875,70.4391,24.420826,90.67943,1.4222875
4.783333333333333,41.353928,-6.8018513,-2.930426,70.0,25.0,90.0,39.88168,-6.532792,-2.1010962,70.49365,24.383518,91.283,1.7110509
4.7875,41.353928,-6.8018513,-2.930426,70.0,25.0,90.0,40.017563,-5.5001345,-0.47207165,72.44553,29.159988,91.275116,3.0860724
4.791666666666667,41.353928,-6.8018513,-2.930426,70.0,25.0,90.0,39.75219,-6.3507032,-1.2483501,72.406235,28.399845,91.02457,2.3661103
4.795833333333333,41.353928,-6.8018513,-2.930426,70.0,25.0,90.0,40.340427,-6.7743645,-2.8459415,71.45056,25.321087,91.72548,1.0173868
