time_s,true_wrist_X_cm,true_wrist_Y_cm,true_wrist_Z_cm,true_shoulder_elv_deg,true_shoulder_rot_deg,true_elbow_flexion_deg,pred_wrist_X_cm,pred_wrist_Y_cm,pred_wrist_Z_cm,pred_shoulder_elv_deg,pred_shoulder_rot_deg,pred_elbow_flexion_deg,l2_distance_cm
0.0,41.353928,-6.8018513,-2.930426,70.0,25.0,90.0,41.178894,-7.8620806,-0.61142063,71.07298,24.050438,91.51736,2.5558772
0.004166666666666667,41.353928,-6.8018513,-2.930426,70.0,25.0,90.0,41.51544,-8.226601,-1.1670971,70.48713,23.887882,91.23063,2.2727354
0.008333333333333333,41.353928,-6.8018513,-2.930426,70.0,25.0,90.0,41.761375,-8.212598,-1.932703,69.63225,24.072086,91.204025,1.7752944
0.0125,41.353928,-6.8018513,-2.930426,70.0,25.0,90.0,41.333534,-7.473881,-2.565158,71.11709,25.549118,90.14708,0.76515377
0.016666666666666666,41.353928,-6.8018513,-2.930426,70.0,25.0,90.0,41.16355,-6.717951,-2.1972427,72.18844,27.131397,88.943146,0.76212853
0.020833333333333332,41.353928,-6.8018513,-2.930426,70.0,25.0,90.0,40.707367,-7.227619,-3.4144716,70.199974,26.697025,88.70725,0.9130275
0.025,41.353928,-6.8018513,-2.930426,70.0,25.0,90.0,41.270588,-7.934676,-3.0466394,70.035255,24.79469,89.04811,1.1418158
0.029166666666666667,41.353928,-6.8018513,-2.930426,70.0,25.0,90.0,41.36972,-7.6139364,-2.83395,70.49305,25.18499,89.095604,0.8179482
0.03333333333333333,41.353928,-6.8018513,-2.930426,70.0,25.0,90.0,41.47754,-7.3937416,-2.7219238,70.70819,25.383476,89.06016,0.63959914
0.0375,41.353928,-6.8018513,-2.930426,70.0,25.0,90.0,41.530796,-7.297168,-2.6457996,70.88681,25.361927,89.02606,0.59802425
0.041666666666666664,41.353928,-6.8018513,-2.930426,70.0,25.0,90.0,41.573936,-7.210142,-2.6329327,70.940285,25.39627,89.052765,0.5510059
0.04583333333333333,41.353928,-6.8018513,-2.930426,70.0,25.0,90.0,41.590458,-7.1568108,-2.647645,70.92261,25.377682,89.06866,0.51176935
0.05,41.353928,-6.8018513,-2.930426,70.0,25.0,90.0,41.58297,-7.1443768,-2.637187,70.96147,25.379131,89.09127,0.50574005
0.05416666666666667,41.353928,-6.8018513,-2.930426,70.0,25.0,90.0,41.582973,-7.144376,-2.637187,70.96147,25.379131,89.09127,0.5057412
0.058333333333333334,41.353928,-6.8018513,-2.930426,70.0,25.0,90.0,41.58297,-7.1443768,-2.6371841,70.96147,25.379131,89.09127,0.5057417
0.0625,41.353928,-6.8018513,-2.930426,70.0,25.0,90.0,41.582973,-7.144376,-2.637188,70.96147,25.379135,89.09127,0.5057406
0.06666666666666667,41.353928,-6.8018513,-2.930426,70.0,25.0,90.0,41.582973,-7.144376,-2.637186,70.96147,25.379135,89.09127,0.5057417
0.07083333333333333,41.353928,-6.8018513,-2.930426,70.0,25.0,90.0,41.582973,-7.144374,-2.6371841,70.96147,25.379131,89.09127,0.5057415
0.075,41.353928,-6.8018513,-2.930426,70.0,25.0,90.0,41.582973,-7.1443768,-2.637186,70.961464,25.379135,89.09126,0.5057423
0.07916666666666666,41.353928,-6.8018513,-2.930426,70.0,25.0,90.0,41.582973,-7.1443768,-2.637187,70.961464,25.379128,89.09126,0.5057418
0.08333333333333333,41.353928,-6.8018513,-2.930426,70.0,25.0,90.0,41.58297,-7.144376,-2.637188,70.961464,25.379139,89.09127,0.50573885
0.0875,41.353928,-6.8018513,-2.930426,70.0,25.0,90.0,41.582977,-7.144374,-2.637186,70.961464,25.379128,89.09126,0.50574213
0.09166666666666666,41.353928,-6.8018513,-2.930426,70.0,25.0,90.0,41.582977,-7.144376,-2.6371822,70.961464,25.379128,89.09126,0.50574565
0.09583333333333334,41.353928,-6.8018513,-2.930426,70.0,25.0,90.0,41.582973,-7.1443768,-2.6371832,70.961464,25.379131,89.09127,0.505744
0.1,41.353928,-6.8018513,-2.930426,70.0,25.0,90.0,41.58297,-7.1443768,-2.6371832,70.961464,25.379128,89.09127,0.50574225
0.10416666666666667,41.353928,-6.8018513,-2.930426,70.0,25.0,90.0,41.582973,-7.1443768,-2.637187,70.961464,25.379128,89.09127,0.5057418
0.10833333333333334,41.353928,-6.8018513,-2.930426,70.0,25.0,90.0,41.582973,-7.144376,-2.6371841,70.961464,25.379131,89.09127,0.5057428
0.1125,41.353928,-6.8018513,-2.930426,70.0,25.0,90.0,41.58297,-7.144376,-2.6371841,70.961464,25.379128,89.09127,0.5057411
0.11666666666666667,41.353928,-6.8018513,-2.930426,70.0,25.0,90.0,41.582973,-7.144376,-2.6371841,70.961464,25.379131,89.09127,0.5057428
0.12083333333333333,41.353928,-6.8018513,-2.930426,70.0,25.0,90.0,41.582973,-7.1443768,-2.6371841,70.961464,25.379131,89.09127,0.50574344
0.125,41.353928,-6.8018513,-2.930426,70.0,25.0,90.0,41.582973,-7.144376,-2.637186,70.961464,25.379131,89.09127,0.5057417
0.12916666666666668,41.353928,-6.8018513,-2.930426,70.0,25.0,90.0,41.582973,-7.144374,-2.637187,70.961464,25.379131,89.09127,0.50573987
0.13333333333333333,41.353928,-6.8018513,-2.930426,70.0,25.0,90.0,41.582973,-7.144374,-2.637187,70.96146,25.379131,89.09127,0.50573987
0.1375,41.353928,-6.8018513,-2.930426,70.0,25.0,90.0,41.582973,-7.144374,-2.637187,70.96146,25.379131,89.09127,0.50573987
0.14166666666666666,41.353928,-6.8018513,-2.930426,70.0,25.0,90.0,41.582973,-7.144374,-2.637187,70.96146,25.379131,89.09127,0.50573987
0.14583333333333334,41.353928,-6.8018513,-2.930426,70.0,25.0,90.0,41.582973,-7.144374,-2.637187,70.96146,25.379131,89.09127,0.50573987
0.15,41.353928,-6.8018513,-2.930426,70.0,25.0,90.0,41.582973,-7.144374,-2.637187,70.96146,25.379131,89.09127,0.50573987
0.15416666666666667,41.353928,-6.8018513,-2.930426,70.0,25.0,90.0,41.582973,-7.144374,-2.637187,70.96146,25.379131,89.09127,0.50573987
0.15833333333333333,41.353928,-6.8018513,-2.930426,70.0,25.0,90.0,41.582973,-7.144374,-2.637187,70.96146,25.379131,89.09127,0.50573987
0.1625,41.353928,-6.8018513,-2.930426,70.0,25.0,90.0,41.582973,-7.144374,-2.637187,70.96146,25.379131,89.09127,0.50573987
0.16666666666666666,41.353928,-6.8018513,-2.930426,70.0,25.0,90.0,41.582973,-7.144374,-2.637187,70.96146,25.379131,89.09127,0.50573987
0.17083333333333334,41.353928,-6.8018513,-2.930426,70.0,25.0,90.0,41.582973,-7.144374,-2.637187,70.96146,25.379131,89.09127,0.50573987
0.175,41.353928,-6.8018513,-2.930426,70.0,25.0,90.0,41.582973,-7.144374,-2.637187,70.96146,25.379131,89.09127,0.50573987
0.17916666666666667,41.353928,-6.8018513,-2.930426,70.0,25.0,90.0,41.582973,-7.144374,-2.637187,70.96146,25.379131,89.09127,0.50573987
0.18333333333333332,41.353928,-6.8018513,-2.930426,70.0,25.0,90.0,41.582973,-7.144374,-2.637187,70.96146,25.379131,89.09127,0.50573987
0.1875,41.353928,-6.8018513,-2.930426,70.0,25.0,90.0,41.582973,-7.144374,-2.637187,70.96146,25.379131,89.09127,0.50573987
0.19166666666666668,41.353928,-6.8018513,-2.930426,70.0,25.0,90.0,41.582973,-7.144374,-2.637187,70.96146,25.379131,89.09127,0.50573987
0.19583333333333333,41.353928,-6.8018513,-2.930426,70.0,25.0,90.0,41.582973,-7.144374,-2.637187,70.96146,25.379131,89.09127,0.50573987
0.2,41.353928,-6.8018513,-2.930426,70.0,25.0,90.0,41.582973,-7.144374,-2.637187,70.96146,25.379131,89.09127,0.50573987
0.20416666666666666,41.353928,-6.8018513,-2.930426,70.0,25.0,90.0,41.582973,-7.144374,-2.637187,70.96146,25.379131,89.09127,0.50573987
0.20833333333333334,41.353928,-6.8018513,-2.930426,70.0,25.0,90.0,41.582973,-7.144374,-2.637187,70.96146,25.379131,89.09127,0.50573987
0.2125,41.353928,-6.8018513,-2.930426,70.0,25.0,90.0,41.582973,-7.144374,-2.637187,70.96146,25.379131,89.09127,0.50573987
0.21666666666666667,41.353928,-6.8018513,-2.930426,70.0,25.0,90.0,41.582973,-7.144374,-2.637187,70.96146,25.379131,89.09127,0.50573987
0.22083333333333333,41.353928,-6.8018513,-2.930426,70.0,25.0,90.0,41.582973,-7.144374,-2.637187,70.96146,25.379131,89.09127,0.50573987
0.225,41.353928,-6.8018513,-2.930426,70.0,25.0,90.0,41.582973,-7.144374,-2.637187,70.96146,25.379131,89.09127,0.50573987
0.22916666666666666,41.353928,-6.8018513,-2.930426,70.0,25.0,90.0,41.582973,-7.144374,-2.637187,70.96146,25.379131,89.09127,0.50573987
0.23333333333333334,41.353928,-6.8018513,-2.930426,70.0,25.0,90.0,41.582973,-7.144374,-2.637187,70.96146,25.379131,89.09127,0.50573987
0.2375,41.353928,-6.8018513,-2.930426,70.0,25.0,90.0,41.582973,-7.144374,-2.637187,70.96146,25.379131,89.09127,0.50573987
0.24166666666666667,41.353928,-6.8018513,-2.930426,70.0,25.0,90.0,41.582973,-7.144374,-2.637187,70.96146,25.379131,89.09127,0.50573987
0.24583333333333332,41.353928,-6.8018513,-2.930426,70.0,25.0,90.0,41.582973,-7.144374,-2.637187,70.96146,25.379131,89.09127,0.50573987
0.25,41.353928,-6.8018513,-2.930426,70.0,25.0,90.0,41.582973,-7.144374,-2.637187,70.96146,25.379131,89.09127,0.50573987
0.25416666666666665,41.353928,-6.8018513,-2.930426,70.0,25.0,90.0,41.582973,-7.144374,-2.637187,70.96146,25.379131,89.09127,0.50573987
0.25833333333333336,41.353928,-6.8018513,-2.930426,70.0,25.0,90.0,41.582973,-7.144374,-2.637187,70.96146,25.379131,89.09127,0.50573987
0.2625,41.353928,-6.8018513,-2.930426,70.0,25.0,90.0,41.582973,-7.144374,-2.637187,70.96146,25.379131,89.09127,0.50573987
0.26666666666666666,41.353928,-6.8018513,-2.930426,70.0,25.0,90.0,41.582973,-7.144374,-2.637187,70.96146,25.379131,89.09127,0.50573987
0.2708333333333333,41.353928,-6.8018513,-2.930426,70.0,25.0,90.0,41.582973,-7.144374,-2.637187,70.96146,25.379131,89.09127,0.50573987
0.275,41.353928,-6.8018513,-2.930426,70.0,25.0,90.0,41.582973,-7.144374,-2.637187,70.96146,25.379131,89.09127,0.50573987
0.2791666666666667,41.353928,-6.8018513,-2.930426,70.0,25.0,90.0,41.582973,-7.144374,-2.637187,70.96146,25.379131,89.09127,0.50573987
0.2833333333333333,41.353928,-6.8018513,-2.930426,70.0,25.0,90.0,41.582973,-7.144374,-2.637187,70.96146,25.379131,89.09127,0.50573987
0.2875,41.353928,-6.8018513,-2.930426,70.0,25.0,90.0,41.582973,-7.144376,-2.637188,70.96146,25.379135,89.09127,0.5057406
0.2916666666666667,41.353928,-6.8018513,-2.930426,70.0,25.0,90.0,41.582973,-7.144374,-2.637186,70.961464,25.379135,89.09127,0.5057404
0.29583333333333334,41.353928,-6.8018513,-2.930426,70.0,25.0,90.0,41.58297,-7.144374,-2.637186,70.96146,25.379128,89.09127,0.5057387
0.3,41.353928,-6.8018513,-2.930426,70.0,25.0,90.0,41.582973,-7.144374,-2.637188,70.96146,25.379131,89.09127,0.5057393
0.30416666666666664,41.353928,-6.8018513,-2.930426,70.0,25.0,90.0,41.58297,-7.144373,-2.637187,70.96146,25.379131,89.09127,0.5057375
0.30833333333333335,41.353928,-6.8018513,-2.930426,70.0,25.0,90.0,41.58297,-7.144376,-2.637189,70.96146,25.379128,89.09127,0.5057383
0.3125,41.353928,-6.8018513,-2.930426,70.0,25.0,90.0,41.582973,-7.144371,-2.637189,70.96146,25.379128,89.09127,0.50573677
0.31666666666666665,41.353928,-6.8018513,-2.930426,70.0,25.0,90.0,41.58297,-7.144371,-2.637188,70.96146,25.379128,89.09128,0.50573564
0.32083333333333336,41.353928,-6.8018513,-2.930426,70.0,25.0,90.0,41.582973,-7.144371,-2.637187,70.96146,25.379128,89.09128,0.5057379
0.325,41.353928,-6.8018513,-2.930426,70.0,25.0,90.0,41.582973,-7.14437,-2.637187,70.96146,25.379128,89.09128,0.50573725
0.32916666666666666,41.353928,-6.8018513,-2.930426,70.0,25.0,90.0,41.582977,-7.144371,-2.637186,70.96146,25.379124,89.09128,0.5057402
0.3333333333333333,41.353928,-6.8018513,-2.930426,70.0,25.0,90.0,41.582977,-7.144371,-2.637188,70.96146,25.379128,89.09128,0.5057391
0.3375,41.353928,-6.8018513,-2.930426,70.0,25.0,90.0,41.582973,-7.144373,-2.637187,70.96146,25.379124,89.09128,0.5057392
0.3416666666666667,41.353928,-6.8018513,-2.930426,70.0,25.0,90.0,41.58297,-7.14437,-2.6371832,70.96146,25.379124,89.091286,0.5057378
0.3458333333333333,41.353928,-6.8018513,-2.930426,70.0,25.0,90.0,41.58297,-7.14437,-2.637188,70.96146,25.37912,89.091286,0.505735
0.35,41.353928,-6.8018513,-2.930426,70.0,25.0,90.0,41.582973,-7.144374,-2.6371841,70.96146,25.379124,89.09128,0.5057415
0.3541666666666667,41.353928,-6.8018513,-2.930426,70.0,25.0,90.0,41.582973,-7.144371,-2.6371832,70.96146,25.379128,89.09128,0.5057401
0.35833333333333334,41.353928,-6.8018513,-2.930426,70.0,25.0,90.0,41.58297,-7.144373,-2.6371832,70.96146,25.379131,89.09128,0.5057397
0.3625,41.353928,-6.8018513,-2.930426,70.0,25.0,90.0,41.58297,-7.14437,-2.637186,70.96146,25.379128,89.09128,0.50573605
0.36666666666666664,41.353928,-6.8018513,-2.930426,70.0,25.0,90.0,41.58297,-7.144373,-2.637187,70.961464,25.379128,89.09128,0.5057375
0.37083333333333335,41.353928,-6.8018513,-2.930426,70.0,25.0,90.0,41.58297,-7.144376,-2.6371841,70.961464,25.379128,89.09128,0.5057411
0.375,41.353928,-6.8018513,-2.930426,70.0,25.0,90.0,41.58297,-7.144376,-2.637187,70.961464,25.379128,89.09128,0.5057394
0.37916666666666665,41.353928,-6.8018513,-2.930426,70.0,25.0,90.0,41.58297,-7.144373,-2.637186,70.96146,25.379124,89.09128,0.505738
0.38333333333333336,41.353928,-6.8018513,-2.930426,70.0,25.0,90.0,41.58297,-7.144374,-2.637186,70.961464,25.379128,89.09128,0.5057387
0.3875,41.353928,-6.8018513,-2.930426,70.0,25.0,90.0,41.58297,-7.144376,-2.637186,70.961464,25.379128,89.09128,0.50574
0.39166666666666666,41.353928,-6.8018513,-2.930426,70.0,25.0,90.0,41.58297,-7.144374,-2.6371841,70.961464,25.379128,89.09128,0.5057398
0.3958333333333333,41.353928,-6.8018513,-2.930426,70.0,25.0,90.0,41.58297,-7.144373,-2.637186,70.961464,25.379128,89.09128,0.505738
0.4,41.353928,-6.8018513,-2.930426,70.0,25.0,90.0,41.58297,-7.144374,-2.637186,70.961464,25.379128,89.09128,0.5057387
0.4041666666666667,41.353928,-6.8018513,-2.930426,70.0,25.0,90.0,41.58297,-7.144374,-2.637186,70.961464,25.379128,89.09128,0.5057387
0.4083333333333333,41.353928,-6.8018513,-2.930426,70.0,25.0,90.0,41.58297,-7.144374,-2.637186,70.961464,25.379128,89.09128,0.5057387
0.4125,41.353928,-6.8018513,-2.930426,70.0,25.0,90.0,41.58297,-7.144374,-2.637186,70.961464,25.379124,89.09128,0.5057387
0.4166666666666667,41.353928,-6.8018513,-2.930426,70.0,25.0,90.0,41.58297,-7.144373,-2.637186,70.961464,25.379128,89.09128,0.505738
0.42083333333333334,41.353928,-6.8018513,-2.930426,70.0,25.0,90.0,41.58297,-7.144373,-2.637188,70.961464,25.379131,89.09128,0.50573695
0.425,41.353928,-6.8018513,-2.930426,70.0,25.0,90.0,41.58297,-7.144373,-2.637187,70.961464,25.379128,89.09128,0.5057375
0.42916666666666664,41.353928,-6.8018513,-2.930426,70.0,25.0,90.0,41.58297,-7.144374,-2.637186,70.961464,25.379128,89.09128,0.5057387
0.43333333333333335,41.353928,-6.8018513,-2.930426,70.0,25.0,90.0,41.58297,-7.14437,-2.637188,70.961464,25.379128,89.09128,0.505735
0.4375,41.353928,-6.8018513,-2.930426,70.0,25.0,90.0,41.58297,-7.144373,-2.637186,70.961464,25.379128,89.09128,0.505738
0.44166666666666665,41.353928,-6.8018513,-2.930426,70.0,25.0,90.0,41.58297,-7.144374,-2.6371822,70.961464,25.379128,89.09128,0.5057409
0.44583333333333336,41.353928,-6.8018513,-2.930426,70.0,25.0,90.0,41.58297,-7.144376,-2.6371832,70.961464,25.379128,89.09128,0.50574166
0.45,41.353928,-6.8018513,-2.930426,70.0,25.0,90.0,41.58297,-7.144374,-2.6371832,70.96146,25.379128,89.09128,0.50574034
0.45416666666666666,41.353928,-6.8018513,-2.930426,70.0,25.0,90.0,41.58297,-7.144374,-2.6371822,70.961464,25.379128,89.09128,0.5057409
0.4583333333333333,41.353928,-6.8018513,-2.930426,70.0,25.0,90.0,41.58297,-7.144376,-2.6371832,70.961464,25.379128,89.09127,0.50574166
0.4625,41.353928,-6.8018513,-2.930426,70.0,25.0,90.0,41.58297,-7.144376,-2.6371832,70.961464,25.379128,89.09127,0.50574166
0.4666666666666667,41.353928,-6.8018513,-2.930426,70.0,25.0,90.0,41.58297,-7.144376,-2.6371832,70.961464,25.379128,89.09127,0.50574166
0.4708333333333333,41.353928,-6.8018513,-2.930426,70.0,25.0,90.0,41.58297,-7.144374,-2.637187,70.961464,25.379124,89.09127,0.50573814
0.475,41.353928,-6.8018513,-2.930426,70.0,25.0,90.0,41.582973,-7.144374,-2.637186,70.961464,25.379131,89.09127,0.5057404
0.4791666666666667,41.353928,-6.8018513,-2.930426,70.0,25.0,90.0,41.582973,-7.1443768,-2.637188,70.961464,25.379128,89.09127,0.50574124
0.48333333333333334,41.353928,-6.8018513,-2.930426,70.0,25.0,90.0,41.58297,-7.144374,-2.6371841,70.96146,25.379135,89.09127,0.5057398
0.4875,41.353928,-6.8018513,-2.930426,70.0,25.0,90.0,41.582973,-7.144376,-2.6371841,70.96146,25.379128,89.09127,0.5057428
0.49166666666666664,41.353928,-6.8018513,-2.930426,70.0,25.0,90.0,41.582973,-7.144374,-2.6371832,70.961464,25.379128,89.09127,0.5057421
0.49583333333333335,41.353928,-6.8018513,-2.930426,70.0,25.0,90.0,41.58297,-7.1443768,-2.6371832,70.961464,25.379128,89.09127,0.50574225
0.5,41.353928,-6.8018513,-2.930426,70.0,25.0,90.0,41.58297,-7.144374,-2.637186,70.961464,25.379131,89.09127,0.5057387
0.5041666666666667,41.353928,-6.8018513,-2.930426,70.0,25.0,90.0,41.58297,-7.144376,-2.6371841,70.961464,25.379128,89.09127,0.5057411
0.5083333333333333,41.353928,-6.8018513,-2.930426,70.0,25.0,90.0,41.58297,-7.144376,-2.6371822,70.961464,25.379131,89.09127,0.5057422
0.5125,41.353928,-6.8018513,-2.930426,70.0,25.0,90.0,41.58297,-7.144376,-2.6371813,70.961464,25.379131,89.09127,0.5057427
0.5166666666666667,41.353928,-6.8018513,-2.930426,70.0,25.0,90.0,41.582977,-7.1443768,-2.6371841,70.96146,25.379135,89.09127,0.5057452
0.5208333333333334,41.353928,-6.8018513,-2.930426,70.0,25.0,90.0,41.582973,-7.144376,-2.6371841,70.961464,25.379135,89.09127,0.5057428
0.525,41.353928,-6.8018513,-2.930426,70.0,25.0,90.0,41.582973,-7.144376,-2.6371822,70.961464,25.379135,89.09127,0.5057439
0.5291666666666667,41.353928,-6.8018513,-2.930426,70.0,25.0,90.0,41.582973,-7.144374,-2.6371832,70.961464,25.379135,89.09127,0.5057421
0.5333333333333333,41.353928,-6.8018513,-2.930426,70.0,25.0,90.0,41.582973,-7.144374,-2.6371832,70.961464,25.379135,89.09127,0.5057421
0.5375,41.353928,-6.8018513,-2.930426,70.0,25.0,90.0,41.582973,-7.144374,-2.6371832,70.961464,25.379135,89.09127,0.5057421
0.5416666666666666,41.353928,-6.8018513,-2.930426,70.0,25.0,90.0,41.582973,-7.144374,-2.6371832,70.961464,25.379135,89.09127,0.5057421
0.5458333333333333,41.353928,-6.8018513,-2.930426,70.0,25.0,90.0,41.582973,-7.144374,-2.6371832,70.961464,25.379135,89.09127,0.5057421
0.55,41.353928,-6.8018513,-2.930426,70.0,25.0,90.0,41.582973,-7.144374,-2.6371832,70.961464,25.379135,89.09127,0.5057421
0.5541666666666667,41.353928,-6.8018513,-2.930426,70.0,25.0,90.0,41.582973,-7.144374,-2.6371832,70.961464,25.379135,89.09127,0.5057421
0.5583333333333333,41.353928,-6.8018513,-2.930426,70.0,25.0,90.0,41.582973,-7.144374,-2.6371832,70.961464,25.379135,89.09127,0.5057421
0.5625,41.353928,-6.8018513,-2.930426,70.0,25.0,90.0,41.582973,-7.144374,-2.6371832,70.961464,25.379135,89.09127,0.5057421
0.5666666666666667,41.353928,-6.8018513,-2.930426,70.0,25.0,90.0,41.582973,-7.144374,-2.6371832,70.961464,25.379135,89.09127,0.5057421
0.5708333333333333,41.353928,-6.8018513,-2.930426,70.0,25.0,90.0,41.582973,-7.144374,-2.6371832,70.961464,25.379135,89.09127,0.5057421
0.575,41.353928,-6.8018513,-2.930426,70.0,25.0,90.0,41.582973,-7.144374,-2.6371832,70.961464,25.379135,89.09127,0.5057421
0.5791666666666667,41.353928,-6.8018513,-2.930426,70.0,25.0,90.0,41.582973,-7.144374,-2.6371832,70.961464,25.379135,89.09127,0.5057421
0.5833333333333334,41.353928,-6.8018513,-2.930426,70.0,25.0,90.0,41.582973,-7.144374,-2.6371832,70.961464,25.379135,89.09127,0.5057421
0.5875,41.353928,-6.8018513,-2.930426,70.0,25.0,90.0,41.582973,-7.144374,-2.6371832,70.961464,25.379135,89.09127,0.5057421
0.5916666666666667,41.353928,-6.8018513,-2.930426,70.0,25.0,90.0,41.582973,-7.144374,-2.6371832,70.961464,25.379135,89.09127,0.5057421
0.5958333333333333,41.353928,-6.8018513,-2.930426,70.0,25.0,90.0,41.582973,-7.144374,-2.6371832,70.961464,25.379135,89.09127,0.5057421
0.6,41.353928,-6.8018513,-2.930426,70.0,25.0,90.0,41.582973,-7.144374,-2.6371832,70.961464,25.379135,89.09127,0.5057421
0.6041666666666666,41.353928,-6.8018513,-2.930426,70.0,25.0,90.0,41.582973,-7.144374,-2.6371832,70.961464,25.379135,89.09127,0.5057421
0.6083333333333333,41.353928,-6.8018513,-2.930426,70.0,25.0,90.0,41.582973,-7.144374,-2.6371832,70.961464,25.379135,89.09127,0.5057421
0.6125,41.353928,-6.8018513,-2.930426,70.0,25.0,90.0,41.582973,-7.144374,-2.6371832,70.961464,25.379135,89.09127,0.5057421
0.6166666666666667,41.353928,-6.8018513,-2.930426,70.0,25.0,90.0,41.582973,-7.144374,-2.6371832,70.961464,25.379135,89.09127,0.5057421
0.6208333333333333,41.353928,-6.8018513,-2.930426,70.0,25.0,90.0,41.582973,-7.144374,-2.6371832,70.961464,25.379135,89.09127,0.5057421
0.625,41.353928,-6.8018513,-2.930426,70.0,25.0,90.0,41.582973,-7.144374,-2.6371832,70.961464,25.379135,89.09127,0.5057421
0.6291666666666667,41.353928,-6.8018513,-2.930426,70.0,25.0,90.0,41.582973,-7.144374,-2.6371832,70.961464,25.379135,89.09127,0.5057421
0.6333333333333333,41.353928,-6.8018513,-2.930426,70.0,25.0,90.0,41.582973,-7.144374,-2.6371832,70.961464,25.379135,89.09127,0.5057421
0.6375,41.353928,-6.8018513,-2.930426,70.0,25.0,90.0,41.582973,-7.144374,-2.6371832,70.961464,25.379135,89.09127,0.5057421
0.6416666666666667,41.353928,-6.8018513,-2.930426,70.0,25.0,90.0,41.582973,-7.144374,-2.6371832,70.961464,25.379135,89.09127,0.5057421
0.6458333333333334,41.353928,-6.8018513,-2.930426,70.0,25.0,90.0,41.582973,-7.144374,-2.6371832,70.961464,25.379135,89.09127,0.5057421
0.65,41.353928,-6.8018513,-2.930426,70.0,25.0,90.0,41.582973,-7.144374,-2.6371832,70.961464,25.379135,89.09127,0.5057421
0.6541666666666667,41.353928,-6.8018513,-2.930426,70.0,25.0,90.0,41.582973,-7.144374,-2.6371832,70.961464,25.379135,89.09127,0.5057421
0.6583333333333333,41.353928,-6.8018513,-2.930426,70.0,25.0,90.0,41.582973,-7.144374,-2.6371832,70.961464,25.379135,89.09127,0.5057421
0.6625,41.353928,-6.8018513,-2.930426,70.0,25.0,90.0,41.582973,-7.144374,-2.6371832,70.961464,25.379135,89.09127,0.5057421
0.6666666666666666,41.353928,-6.8018513,-2.930426,70.0,25.0,90.0,41.582973,-7.144374,-2.6371832,70.961464,25.379135,89.09127,0.5057421
0.6708333333333333,41.353928,-6.8018513,-2.930426,70.0,25.0,90.0,41.582973,-7.144374,-2.6371832,70.961464,25.379135,89.09127,0.5057421
0.675,41.353928,-6.8018513,-2.930426,70.0,25.0,90.0,41.582973,-7.144374,-2.6371832,70.961464,25.379135,89.09127,0.5057421
0.6791666666666667,41.353928,-6.8018513,-2.930426,70.0,25.0,90.0,41.582973,-7.144374,-2.6371832,70.961464,25.379135,89.09127,0.5057421
0.6833333333333333,41.353928,-6.8018513,-2.930426,70.0,25.0,90.0,41.582973,-7.144374,-2.6371832,70.961464,25.379135,89.09127,0.5057421
0.6875,41.353928,-6.8018513,-2.930426,70.0,25.0,90.0,41.582973,-7.1443768,-2.6371832,70.961464,25.379135,89.09127,0.505744
0.6916666666666667,41.353928,-6.8018513,-2.930426,70.0,25.0,90.0,41.582973,-7.144374,-2.637186,70.961464,25.379131,89.09127,0.5057404
0.6958333333333333,41.353928,-6.8018513,-2.930426,70.0,25.0,90.0,41.582973,-7.144374,-2.6371841,70.96146,25.379131,89.09127,0.5057415
0.7,41.353928,-6.8018513,-2.930426,70.0,25.0,90.0,41.58297,-7.144373,-2.6371841,70.961464,25.379131,89.09127,0.50573915
0.7041666666666667,41.353928,-6.8018513,-2.930426,70.0,25.0,90.0,41.58297,-7.144373,-2.6371822,70.96146,25.379131,89.09127,0.5057402
0.7083333333333334,41.353928,-6.8018513,-2.930426,70.0,25.0,90.0,41.58297,-7.144374,-2.637186,70.96146,25.379131,89.09127,0.5057387
0.7125,41.353928,-6.8018513,-2.930426,70.0,25.0,90.0,41.58297,-7.144373,-2.637186,70.96146,25.379131,89.09127,0.505738
0.7166666666666667,41.353928,-6.8018513,-2.930426,70.0,25.0,90.0,41.582977,-7.144371,-2.637187,70.96146,25.379128,89.09128,0.5057396
0.7208333333333333,41.353928,-6.8018513,-2.930426,70.0,25.0,90.0,41.58297,-7.14437,-2.637188,70.96146,25.379128,89.09128,0.505735
0.725,41.353928,-6.8018513,-2.930426,70.0,25.0,90.0,41.582973,-7.144374,-2.6371832,70.96146,25.379128,89.09128,0.5057421
0.7291666666666666,41.353928,-6.8018513,-2.930426,70.0,25.0,90.0,41.582973,-7.144374,-2.637186,70.96146,25.379128,89.09128,0.5057404
0.7333333333333333,41.353928,-6.8018513,-2.930426,70.0,25.0,90.0,41.582973,-7.144373,-2.637187,70.96146,25.379128,89.09128,0.5057392
0.7375,41.353928,-6.8018513,-2.930426,70.0,25.0,90.0,41.582973,-7.144373,-2.6371841,70.96146,25.379128,89.091286,0.5057409
0.7416666666666667,41.353928,-6.8018513,-2.930426,70.0,25.0,90.0,41.582973,-7.144371,-2.6371822,70.96146,25.379128,89.091286,0.5057407
0.7458333333333333,41.353928,-6.8018513,-2.930426,70.0,25.0,90.0,41.58297,-7.14437,-2.637187,70.96146,25.379124,89.091286,0.5057355
0.75,41.353928,-6.8018513,-2.930426,70.0,25.0,90.0,41.582973,-7.144373,-2.637186,70.96146,25.37912,89.09128,0.50573975
0.7541666666666667,41.353928,-6.8018513,-2.930426,70.0,25.0,90.0,41.582973,-7.144374,-2.6371822,70.96146,25.379128,89.09128,0.5057426
0.7583333333333333,41.353928,-6.8018513,-2.930426,70.0,25.0,90.0,41.58297,-7.144373,-2.6371832,70.96146,25.379128,89.09128,0.5057397
0.7625,41.353928,-6.8018513,-2.930426,70.0,25.0,90.0,41.58297,-7.14437,-2.637188,70.96146,25.379131,89.09128,0.505735
0.7666666666666667,41.353928,-6.8018513,-2.930426,70.0,25.0,90.0,41.58297,-7.14437,-2.6371841,70.961464,25.379128,89.09128,0.5057372
0.7708333333333334,41.353928,-6.8018513,-2.930426,70.0,25.0,90.0,41.58297,-7.144374,-2.637186,70.961464,25.379128,89.09128,0.5057387
0.775,41.353928,-6.8018513,-2.930426,70.0,25.0,90.0,41.582973,-7.144373,-2.6371841,70.96146,25.379128,89.09128,0.5057409
0.7791666666666667,41.353928,-6.8018513,-2.930426,70.0,25.0,90.0,41.58297,-7.144373,-2.637186,70.96146,25.379128,89.09128,0.505738
0.7833333333333333,41.353928,-6.8018513,-2.930426,70.0,25.0,90.0,41.58297,-7.144371,-2.637187,70.961464,25.379128,89.09128,0.5057362
0.7875,41.353928,-6.8018513,-2.930426,70.0,25.0,90.0,41.58297,-7.14437,-2.637186,70.961464,25.379128,89.09128,0.50573605
0.7916666666666666,41.353928,-6.8018513,-2.930426,70.0,25.0,90.0,41.58297,-7.144373,-2.6371841,70.961464,25.379128,89.09128,0.50573915
0.7958333333333333,41.353928,-6.8018513,-2.930426,70.0,25.0,90.0,41.582973,-7.144371,-2.637188,70.961464,25.379131,89.09128,0.50573736
0.8,41.353928,-6.8018513,-2.930426,70.0,25.0,90.0,41.58297,-7.144371,-2.637187,70.961464,25.379128,89.091286,0.5057362
0.8041666666666667,41.353928,-6.8018513,-2.930426,70.0,25.0,90.0,41.58297,-7.144371,-2.637187,70.961464,25.379124,89.09128,0.5057362
0.8083333333333333,41.353928,-6.8018513,-2.930426,70.0,25.0,90.0,41.58297,-7.144371,-2.637186,70.961464,25.379128,89.09128,0.5057367
0.8125,41.353928,-6.8018513,-2.930426,70.0,25.0,90.0,41.58297,-7.14437,-2.637186,70.961464,25.379128,89.09128,0.50573605
0.8166666666666667,41.353928,-6.8018513,-2.930426,70.0,25.0,90.0,41.58297,-7.144373,-2.637187,70.961464,25.379128,89.09128,0.5057375
0.8208333333333333,41.353928,-6.8018513,-2.930426,70.0,25.0,90.0,41.58297,-7.144373,-2.637187,70.961464,25.379124,89.09128,0.5057375
0.825,41.353928,-6.8018513,-2.930426,70.0,25.0,90.0,41.58297,-7.144373,-2.637187,70.961464,25.379131,89.09128,0.5057375
0.8291666666666667,41.353928,-6.8018513,-2.930426,70.0,25.0,90.0,41.58297,-7.144374,-2.6371841,70.961464,25.379131,89.09128,0.5057398
0.8333333333333334,41.353928,-6.8018513,-2.930426,70.0,25.0,90.0,41.58297,-7.144374,-2.637188,70.961464,25.379131,89.09128,0.5057376
0.8375,41.353928,-6.8018513,-2.930426,70.0,25.0,90.0,41.58297,-7.144371,-2.6371822,70.961464,25.379128,89.09128,0.5057389
0.8416666666666667,41.353928,-6.8018513,-2.930426,70.0,25.0,90.0,41.58297,-7.144373,-2.6371822,70.961464,25.379128,89.09128,0.5057402
0.8458333333333333,41.353928,-6.8018513,-2.930426,70.0,25.0,90.0,41.58297,-7.144376,-2.6371803,70.961464,25.379128,89.09128,0.5057433
0.85,41.353928,-6.8018513,-2.930426,70.0,25.0,90.0,41.58297,-7.144374,-2.6371832,70.961464,25.379135,89.09128,0.50574034
0.8541666666666666,41.353928,-6.8018513,-2.930426,70.0,25.0,90.0,41.582966,-7.144374,-2.6371841,70.96147,25.379128,89.09128,0.5057381
0.8583333333333333,41.353928,-6.8018513,-2.930426,70.0,25.0,90.0,41.58297,-7.144374,-2.6371832,70.961464,25.379128,89.09128,0.50574034
0.8625,41.353928,-6.8018513,-2.930426,70.0,25.0,90.0,41.58297,-7.144376,-2.637188,70.961464,25.379128,89.09127,0.50573885
0.8666666666666667,41.353928,-6.8018513,-2.930426,70.0,25.0,90.0,41.58297,-7.1443768,-2.6371841,70.961464,25.379124,89.09127,0.5057417
0.8708333333333333,41.353928,-6.8018513,-2.930426,70.0,25.0,90.0,41.58297,-7.144374,-2.6371822,70.961464,25.379131,89.09127,0.5057409
0.875,41.353928,-6.8018513,-2.930426,70.0,25.0,90.0,41.58297,-7.144376,-2.637186,70.961464,25.379128,89.09127,0.50574
0.8791666666666667,41.353928,-6.8018513,-2.930426,70.0,25.0,90.0,41.58297,-7.144376,-2.6371832,70.961464,25.379135,89.09127,0.50574166
0.8833333333333333,41.353928,-6.8018513,-2.930426,70.0,25.0,90.0,41.58297,-7.144376,-2.6371841,70.961464,25.379135,89.09127,0.5057411
0.8875,41.353928,-6.8018513,-2.930426,70.0,25.0,90.0,41.582973,-7.144373,-2.637186,70.961464,25.379131,89.09127,0.50573975
0.8916666666666667,41.353928,-6.8018513,-2.930426,70.0,25.0,90.0,41.582973,-7.144376,-2.6371822,70.961464,25.379135,89.09127,0.5057439
0.8958333333333334,41.353928,-6.8018513,-2.930426,70.0,25.0,90.0,41.58297,-7.1443768,-2.6371832,70.96147,25.379128,89.09127,0.50574225
0.9,41.353928,-6.8018513,-2.930426,70.0,25.0,90.0,41.58297,-7.144376,-2.6371832,70.961464,25.379131,89.09127,0.50574166
0.9041666666666667,41.353928,-6.8018513,-2.930426,70.0,25.0,90.0,41.58297,-7.144373,-2.6371803,70.96147,25.379131,89.09127,0.50574136
0.9083333333333333,41.353928,-6.8018513,-2.930426,70.0,25.0,90.0,41.58297,-7.144376,-2.6371822,70.961464,25.379131,89.09127,0.5057422
0.9125,41.353928,-6.8018513,-2.930426,70.0,25.0,90.0,41.582973,-7.144376,-2.6371822,70.961464,25.379131,89.09127,0.5057439
0.9166666666666666,41.353928,-6.8018513,-2.930426,70.0,25.0,90.0,41.582973,-7.1443787,-2.6371822,70.961464,25.379128,89.09127,0.5057458
0.9208333333333333,41.353928,-6.8018513,-2.930426,70.0,25.0,90.0,41.582973,-7.1443787,-2.6371832,70.961464,25.379131,89.09127,0.5057453
0.925,41.353928,-6.8018513,-2.930426,70.0,25.0,90.0,41.582973,-7.1443768,-2.6371822,70.961464,25.379131,89.09127,0.5057445
0.9291666666666667,41.353928,-6.8018513,-2.930426,70.0,25.0,90.0,41.582973,-7.1443768,-2.6371822,70.961464,25.379131,89.09127,0.5057445
0.9333333333333333,41.353928,-6.8018513,-2.930426,70.0,25.0,90.0,41.582973,-7.1443768,-2.6371822,70.961464,25.379131,89.09127,0.5057445
0.9375,41.353928,-6.8018513,-2.930426,70.0,25.0,90.0,41.582973,-7.1443768,-2.6371822,70.961464,25.379131,89.09127,0.5057445
0.9416666666666667,41.353928,-6.8018513,-2.930426,70.0,25.0,90.0,41.582973,-7.1443768,-2.6371822,70.961464,25.379131,89.09127,0.5057445
0.9458333333333333,41.353928,-6.8018513,-2.930426,70.0,25.0,90.0,41.582973,-7.1443768,-2.6371822,70.961464,25.379131,89.09127,0.5057445
0.95,41.353928,-6.8018513,-2.930426,70.0,25.0,90.0,41.582973,-7.1443768,-2.6371822,70.961464,25.379131,89.09127,0.5057445
0.9541666666666667,41.353928,-6.8018513,-2.930426,70.0,25.0,90.0,41.582973,-7.1443768,-2.6371822,70.961464,25.379131,89.09127,0.5057445
0.9583333333333334,41.353928,-6.8018513,-2.930426,70.0,25.0,90.0,41.582973,-7.1443768,-2.6371822,70.961464,25.379131,89.09127,0.5057445
0.9625,41.353928,-6.8018513,-2.930426,70.0,25.0,90.0,41.582973,-7.1443768,-2.6371822,70.961464,25.379131,89.09127,0.5057445
0.9666666666666667,41.353928,-6.8018513,-2.930426,70.0,25.0,90.0,41.582973,-7.1443768,-2.6371822,70.961464,25.379131,89.09127,0.5057445
0.9708333333333333,41.353928,-6.8018513,-2.930426,70.0,25.0,90.0,41.582973,-7.1443768,-2.6371822,70.961464,25.379131,89.09127,0.5057445
0.975,41.353928,-6.8018513,-2.930426,70.0,25.0,90.0,41.582973,-7.1443768,-2.6371822,70.961464,25.379131,89.09127,0.5057445
0.9791666666666666,41.353928,-6.8018513,-2.930426,70.0,25.0,90.0,41.582973,-7.1443768,-2.6371822,70.961464,25.379131,89.09127,0.5057445
0.9833333333333333,41.353928,-6.8018513,-2.930426,70.0,25.0,90.0,41.582973,-7.1443768,-2.6371822,70.961464,25.379131,89.09127,0.5057445
0.9875,41.353928,-6.8018513,-2.930426,70.0,25.0,90.0,41.582973,-7.1443768,-2.6371822,70.961464,25.379131,89.09127,0.5057445
0.9916666666666667,41.353928,-6.8018513,-2.930426,70.0,25.0,90.0,41.582973,-7.1443768,-2.6371822,70.961464,25.379131,89.09127,0.5057445
0.9958333333333333,41.353928,-6.8018513,-2.930426,70.0,25.0,90.0,41.582973,-7.1443768,-2.6371822,70.961464,25.379131,89.09127,0.5057445
1.0,41.353928,-6.8018513,-2.930426,70.0,25.0,90.0,41.582973,-7.1443768,-2.6371822,70.961464,25.379131,89.09127,0.5057445
1.0041666666666667,41.353928,-6.8018513,-2.930426,70.0,25.0,90.0,41.582973,-7.1443768,-2.6371822,70.961464,25.379131,89.09127,0.5057445
1.0083333333333333,41.353928,-6.8018513,-2.930426,70.0,25.0,90.0,41.582973,-7.1443768,-2.6371822,70.961464,25.379131,89.09127,0.5057445
1.0125,41.353928,-6.8018513,-2.930426,70.0,25.0,90.0,41.582973,-7.1443768,-2.6371822,70.961464,25.379131,89.09127,0.5057445
1.0166666666666666,41.353928,-6.8018513,-2.930426,70.0,25.0,90.0,41.582973,-7.1443768,-2.6371822,70.961464,25.379131,89.09127,0.5057445
1.0208333333333333,41.353928,-6.8018513,-2.930426,70.0,25.0,90.0,41.582973,-7.1443768,-2.6371822,70.961464,25.379131,89.09127,0.5057445
1.025,41.353928,-6.8018513,-2.930426,70.0,25.0,90.0,41.582973,-7.1443768,-2.6371822,70.961464,25.379131,89.09127,0.5057445
1.0291666666666666,41.353928,-6.8018513,-2.930426,70.0,25.0,90.0,41.582973,-7.1443768,-2.6371822,70.961464,25.379131,89.09127,0.5057445
1.0333333333333334,41.353928,-6.8018513,-2.930426,70.0,25.0,90.0,41.582973,-7.1443768,-2.6371822,70.961464,25.379131,89.09127,0.5057445
1.0375,41.353928,-6.8018513,-2.930426,70.0,25.0,90.0,41.582973,-7.1443768,-2.6371822,70.961464,25.379131,89.09127,0.5057445
1.0416666666666667,41.353928,-6.8018513,-2.930426,70.0,25.0,90.0,41.582973,-7.1443768,-2.6371822,70.961464,25.379131,89.09127,0.5057445
1.0458333333333334,41.353928,-6.8018513,-2.930426,70.0,25.0,90.0,41.582973,-7.1443768,-2.6371822,70.961464,25.379131,89.09127,0.5057445
1.05,41.353928,-6.8018513,-2.930426,70.0,25.0,90.0,41.582973,-7.1443768,-2.6371822,70.961464,25.379131,89.09127,0.5057445
1.0541666666666667,41.353928,-6.8018513,-2.930426,70.0,25.0,90.0,41.582973,-7.1443768,-2.6371822,70.961464,25.379131,89.09127,0.5057445
1.0583333333333333,41.353928,-6.8018513,-2.930426,70.0,25.0,90.0,41.582973,-7.1443768,-2.6371822,70.961464,25.379131,89.09127,0.5057445
1.0625,41.353928,-6.8018513,-2.930426,70.0,25.0,90.0,41.582973,-7.1443768,-2.6371822,70.961464,25.379131,89.09127,0.5057445
1.0666666666666667,41.353928,-6.8018513,-2.930426,70.0,25.0,90.0,41.582973,-7.1443768,-2.6371822,70.961464,25.379131,89.09127,0.5057445
1.0708333333333333,41.353928,-6.8018513,-2.930426,70.0,25.0,90.0,41.582973,-7.1443768,-2.6371822,70.961464,25.379131,89.09127,0.5057445
1.075,41.353928,-6.8018513,-2.930426,70.0,25.0,90.0,41.582973,-7.1443768,-2.6371822,70.961464,25.379131,89.09127,0.5057445
1.0791666666666666,41.353928,-6.8018513,-2.930426,70.0,25.0,90.0,41.582973,-7.1443768,-2.6371822,70.961464,25.379131,89.09127,0.5057445
1.0833333333333333,41.353928,-6.8018513,-2.930426,70.0,25.0,90.0,41.582973,-7.1443787,-2.6371822,70.961464,25.379131,89.09127,0.5057458
1.0875,41.353928,-6.8018513,-2.930426,70.0,25.0,90.0,41.582973,-7.144376,-2.6371841,70.96146,25.379131,89.09127,0.5057428
1.0916666666666666,41.353928,-6.8018513,-2.930426,70.0,25.0,90.0,41.58297,-7.144376,-2.6371841,70.961464,25.379128,89.09127,0.5057411
1.0958333333333334,41.353928,-6.8018513,-2.930426,70.0,25.0,90.0,41.582973,-7.144374,-2.637186,70.961464,25.379128,89.09127,0.5057404
1.1,41.353928,-6.8018513,-2.930426,70.0,25.0,90.0,41.58297,-7.144373,-2.6371841,70.96146,25.379128,89.09127,0.50573915
1.1041666666666667,41.353928,-6.8018513,-2.930426,70.0,25.0,90.0,41.58297,-7.144376,-2.637187,70.96146,25.379131,89.09127,0.5057394
1.1083333333333334,41.353928,-6.8018513,-2.930426,70.0,25.0,90.0,41.58297,-7.144371,-2.637188,70.96146,25.379128,89.09127,0.50573564
1.1125,41.353928,-6.8018513,-2.930426,70.0,25.0,90.0,41.58297,-7.14437,-2.6371841,70.96146,25.379128,89.09128,0.5057372
1.1166666666666667,41.353928,-6.8018513,-2.930426,70.0,25.0,90.0,41.582973,-7.14437,-2.637187,70.96146,25.379131,89.09128,0.50573725
1.1208333333333333,41.353928,-6.8018513,-2.930426,70.0,25.0,90.0,41.582973,-7.144373,-2.6371822,70.96146,25.379124,89.09128,0.50574195
1.125,41.353928,-6.8018513,-2.930426,70.0,25.0,90.0,41.582973,-7.144373,-2.637186,70.96146,25.379124,89.09128,0.50573975
1.1291666666666667,41.353928,-6.8018513,-2.930426,70.0,25.0,90.0,41.582973,-7.144376,-2.6371841,70.96146,25.379124,89.09128,0.5057428
1.1333333333333333,41.353928,-6.8018513,-2.930426,70.0,25.0,90.0,41.582973,-7.144371,-2.637186,70.96146,25.379128,89.091286,0.5057385
1.1375,41.353928,-6.8018513,-2.930426,70.0,25.0,90.0,41.582973,-7.144371,-2.637188,70.96146,25.379124,89.091286,0.50573736
1.1416666666666666,41.353928,-6.8018513,-2.930426,70.0,25.0,90.0,41.58297,-7.144371,-2.637189,70.96146,25.379128,89.091286,0.5057351
1.1458333333333333,41.353928,-6.8018513,-2.930426,70.0,25.0,90.0,41.582973,-7.144373,-2.6371841,70.96146,25.379128,89.09128,0.5057409
1.15,41.353928,-6.8018513,-2.930426,70.0,25.0,90.0,41.582973,-7.144373,-2.637186,70.96146,25.379128,89.09128,0.50573975
1.1541666666666666,41.353928,-6.8018513,-2.930426,70.0,25.0,90.0,41.582973,-7.144374,-2.6371832,70.961464,25.379128,89.091286,0.5057421
1.1583333333333334,41.353928,-6.8018513,-2.930426,70.0,25.0,90.0,41.58297,-7.144371,-2.637187,70.961464,25.379128,89.09128,0.5057362
1.1625,41.353928,-6.8018513,-2.930426,70.0,25.0,90.0,41.582973,-7.14437,-2.637186,70.961464,25.379124,89.09128,0.50573784
1.1666666666666667,41.353928,-6.8018513,-2.930426,70.0,25.0,90.0,41.58297,-7.144374,-2.637186,70.961464,25.379128,89.09128,0.5057387
1.1708333333333334,41.353928,-6.8018513,-2.930426,70.0,25.0,90.0,41.58297,-7.144371,-2.6371841,70.961464,25.379128,89.09128,0.50573784
1.175,41.353928,-6.8018513,-2.930426,70.0,25.0,90.0,41.58297,-7.144371,-2.6371841,70.96146,25.379131,89.09128,0.50573784
1.1791666666666667,41.353928,-6.8018513,-2.930426,70.0,25.0,90.0,41.58297,-7.144368,-2.6371832,70.961464,25.379128,89.091286,0.5057365
1.1833333333333333,41.353928,-6.8018513,-2.930426,70.0,25.0,90.0,41.58297,-7.14437,-2.637186,70.961464,25.379128,89.09128,0.50573605
1.1875,41.353928,-6.8018513,-2.930426,70.0,25.0,90.0,41.58297,-7.144371,-2.637187,70.961464,25.379131,89.09128,0.5057362
1.1916666666666667,41.353928,-6.8018513,-2.930426,70.0,25.0,90.0,41.58297,-7.14437,-2.6371832,70.961464,25.379128,89.091286,0.5057378
1.1958333333333333,41.353928,-6.8018513,-2.930426,70.0,25.0,90.0,41.58297,-7.144373,-2.6371841,70.961464,25.379128,89.09128,0.50573915
1.2,41.353928,-6.8018513,-2.930426,70.0,25.0,90.0,41.58297,-7.144371,-2.6371841,70.961464,25.379128,89.09128,0.50573784
1.2041666666666666,41.353928,-6.8018513,-2.930426,70.0,25.0,90.0,41.58297,-7.144373,-2.6371841,70.961464,25.379128,89.091286,0.50573915
1.2083333333333333,41.353928,-6.8018513,-2.930426,70.0,25.0,90.0,41.58297,-7.144373,-2.6371832,70.961464,25.379131,89.09128,0.5057397
1.2125,41.353928,-6.8018513,-2.930426,70.0,25.0,90.0,41.58297,-7.144371,-2.637186,70.961464,25.379128,89.091286,0.5057367
1.2166666666666666,41.353928,-6.8018513,-2.930426,70.0,25.0,90.0,41.58297,-7.144374,-2.637187,70.961464,25.379131,89.09128,0.50573814
1.2208333333333334,41.353928,-6.8018513,-2.930426,70.0,25.0,90.0,41.58297,-7.144371,-2.6371832,70.961464,25.379128,89.091286,0.50573844
1.225,41.353928,-6.8018513,-2.930426,70.0,25.0,90.0,41.58297,-7.1443768,-2.6371832,70.961464,25.379128,89.09128,0.50574225
1.2291666666666667,41.353928,-6.8018513,-2.930426,70.0,25.0,90.0,41.58297,-7.144373,-2.637186,70.961464,25.379124,89.09128,0.505738
1.2333333333333334,41.353928,-6.8018513,-2.930426,70.0,25.0,90.0,41.58297,-7.144374,-2.6371822,70.96146,25.379128,89.09128,0.5057409
1.2375,41.353928,-6.8018513,-2.930426,70.0,25.0,90.0,41.58297,-7.144373,-2.6371813,70.961464,25.379128,89.09128,0.5057408
1.2416666666666667,41.353928,-6.8018513,-2.930426,70.0,25.0,90.0,41.582966,-7.144374,-2.6371832,70.961464,25.379124,89.09128,0.5057386
1.2458333333333333,41.353928,-6.8018513,-2.930426,70.0,25.0,90.0,41.58297,-7.144374,-2.6371832,70.961464,25.379128,89.09128,0.50574034
1.25,41.353928,-6.8018513,-2.930426,70.0,25.0,90.0,41.58297,-7.144374,-2.6371822,70.961464,25.379128,89.09128,0.5057409
1.2541666666666667,41.353928,-6.8018513,-2.930426,70.0,25.0,90.0,41.58297,-7.144374,-2.6371822,70.961464,25.379128,89.09128,0.5057409
1.2583333333333333,41.353928,-6.8018513,-2.930426,70.0,25.0,90.0,41.58297,-7.144373,-2.6371832,70.961464,25.379128,89.09127,0.5057397
1.2625,41.353928,-6.8018513,-2.930426,70.0,25.0,90.0,41.58297,-7.1443768,-2.637186,70.961464,25.379128,89.09127,0.50574064
1.2666666666666666,41.353928,-6.8018513,-2.930426,70.0,25.0,90.0,41.582973,-7.144374,-2.637186,70.961464,25.379131,89.09127,0.5057404
1.2708333333333333,41.353928,-6.8018513,-2.930426,70.0,25.0,90.0,41.58297,-7.144374,-2.6371841,70.961464,25.379128,89.09127,0.5057398
1.275,41.353928,-6.8018513,-2.930426,70.0,25.0,90.0,41.582973,-7.1443768,-2.637187,70.961464,25.379131,89.09127,0.5057418
1.2791666666666666,41.353928,-6.8018513,-2.930426,70.0,25.0,90.0,41.58297,-7.144376,-2.6371832,70.961464,25.379135,89.09127,0.50574166
1.2833333333333334,41.353928,-6.8018513,-2.930426,70.0,25.0,90.0,41.582973,-7.1443768,-2.6371832,70.961464,25.379128,89.09127,0.505744
1.2875,41.353928,-6.8018513,-2.930426,70.0,25.0,90.0,41.582973,-7.1443768,-2.6371822,70.961464,25.379131,89.09127,0.5057445
1.2916666666666667,41.353928,-6.8018513,-2.930426,70.0,25.0,90.0,41.582973,-7.1443768,-2.6371822,70.961464,25.379128,89.09127,0.5057445
1.2958333333333334,41.353928,-6.8018513,-2.930426,70.0,25.0,90.0,41.582973,-7.1443787,-2.637187,70.961464,25.379128,89.09127,0.5057431
1.3,41.353928,-6.8018513,-2.930426,70.0,25.0,90.0,41.582973,-7.144376,-2.637186,70.961464,25.379131,89.09127,0.5057417
1.3041666666666667,41.353928,-6.8018513,-2.930426,70.0,25.0,90.0,41.582973,-7.144376,-2.6371841,70.961464,25.379131,89.09127,0.5057428
1.3083333333333333,41.353928,-6.8018513,-2.930426,70.0,25.0,90.0,41.582973,-7.1443787,-2.6371832,70.961464,25.379131,89.09127,0.5057453
1.3125,41.353928,-6.8018513,-2.930426,70.0,25.0,90.0,41.58297,-7.1443768,-2.6371822,70.961464,25.379131,89.09127,0.50574285
1.3166666666666667,41.353928,-6.8018513,-2.930426,70.0,25.0,90.0,41.582973,-7.1443768,-2.6371841,70.961464,25.379131,89.09127,0.50574344
1.3208333333333333,41.353928,-6.8018513,-2.930426,70.0,25.0,90.0,41.582973,-7.144376,-2.6371832,70.96146,25.379131,89.09127,0.5057434
1.325,41.353928,-6.8018513,-2.930426,70.0,25.0,90.0,41.582973,-7.1443768,-2.6371841,70.961464,25.379131,89.09127,0.50574344
1.3291666666666666,41.353928,-6.8018513,-2.930426,70.0,25.0,90.0,41.582973,-7.1443768,-2.6371841,70.961464,25.379131,89.09127,0.50574344
1.3333333333333333,41.353928,-6.8018513,-2.930426,70.0,25.0,90.0,41.582973,-7.1443768,-2.6371841,70.961464,25.379131,89.09127,0.50574344
1.3375,41.353928,-6.8018513,-2.930426,70.0,25.0,90.0,41.582973,-7.1443768,-2.6371841,70.961464,25.379131,89.09127,0.50574344
1.3416666666666666,41.353928,-6.8018513,-2.930426,70.0,25.0,90.0,41.582973,-7.1443768,-2.6371841,70.961464,25.379131,89.09127,0.50574344
1.3458333333333334,41.353928,-6.8018513,-2.930426,70.0,25.0,90.0,41.582973,-7.1443768,-2.6371841,70.961464,25.379131,89.09127,0.50574344
1.35,41.353928,-6.8018513,-2.930426,70.0,25.0,90.0,41.582973,-7.1443768,-2.6371841,70.961464,25.379131,89.09127,0.50574344
1.3541666666666667,41.353928,-6.8018513,-2.930426,70.0,25.0,90.0,41.582973,-7.1443768,-2.6371841,70.961464,25.379131,89.09127,0.50574344
1.3583333333333334,41.353928,-6.8018513,-2.930426,70.0,25.0,90.0,41.582973,-7.1443768,-2.6371841,70.961464,25.379131,89.09127,0.50574344
1.3625,41.353928,-6.8018513,-2.930426,70.0,25.0,90.0,41.582973,-7.1443768,-2.6371841,70.961464,25.379131,89.09127,0.50574344
1.3666666666666667,41.353928,-6.8018513,-2.930426,70.0,25.0,90.0,41.582973,-7.1443768,-2.6371841,70.961464,25.379131,89.09127,0.50574344
1.3708333333333333,41.353928,-6.8018513,-2.930426,70.0,25.0,90.0,41.582973,-7.1443768,-2.6371841,70.961464,25.379131,89.09127,0.50574344
1.375,41.353928,-6.8018513,-2.930426,70.0,25.0,90.0,41.582973,-7.1443768,-2.6371841,70.961464,25.379131,89.09127,0.50574344
1.3791666666666667,41.353928,-6.8018513,-2.930426,70.0,25.0,90.0,41.582973,-7.1443768,-2.6371841,70.961464,25.379131,89.09127,0.50574344
1.3833333333333333,41.353928,-6.8018513,-2.930426,70.0,25.0,90.0,41.582973,-7.1443768,-2.6371841,70.961464,25.379131,89.09127,0.50574344
1.3875,41.353928,-6.8018513,-2.930426,70.0,25.0,90.0,41.582973,-7.1443768,-2.6371841,70.961464,25.379131,89.09127,0.50574344
1.3916666666666666,41.353928,-6.8018513,-2.930426,70.0,25.0,90.0,41.582973,-7.1443768,-2.6371841,70.961464,25.379131,89.09127,0.50574344
1.3958333333333333,41.353928,-6.8018513,-2.930426,70.0,25.0,90.0,41.582973,-7.1443768,-2.6371841,70.961464,25.379131,89.09127,0.50574344
1.4,41.353928,-6.8018513,-2.930426,70.0,25.0,90.0,41.582973,-7.1443768,-2.6371841,70.961464,25.379131,89.09127,0.50574344
1.4041666666666666,41.353928,-6.8018513,-2.930426,70.0,25.0,90.0,41.582973,-7.1443768,-2.6371841,70.961464,25.379131,89.09127,0.50574344
1.4083333333333334,41.353928,-6.8018513,-2.930426,70.0,25.0,90.0,41.582973,-7.1443768,-2.6371841,70.961464,25.379131,89.09127,0.50574344
1.4125,41.353928,-6.8018513,-2.930426,70.0,25.0,90.0,41.582973,-7.1443768,-2.6371841,70.961464,25.379131,89.09127,0.50574344
1.4166666666666667,41.353928,-6.8018513,-2.930426,70.0,25.0,90.0,41.582973,-7.1443768,-2.6371841,70.961464,25.379131,89.09127,0.50574344
1.4208333333333334,41.353928,-6.8018513,-2.930426,70.0,25.0,90.0,41.582973,-7.1443768,-2.6371841,70.961464,25.379131,89.09127,0.50574344
1.425,41.353928,-6.8018513,-2.930426,70.0,25.0,90.0,41.582973,-7.1443768,-2.6371841,70.961464,25.379131,89.09127,0.50574344
1.4291666666666667,41.353928,-6.8018513,-2.930426,70.0,25.0,90.0,41.582973,-7.1443768,-2.6371841,70.961464,25.379131,89.09127,0.50574344
1.4333333333333333,41.353928,-6.8018513,-2.930426,70.0,25.0,90.0,41.582973,-7.1443768,-2.6371841,70.961464,25.379131,89.09127,0.50574344
1.4375,41.353928,-6.8018513,-2.930426,70.0,25.0,90.0,41.582973,-7.1443768,-2.6371841,70.961464,25.379131,89.09127,0.50574344
1.4416666666666667,41.353928,-6.8018513,-2.930426,70.0,25.0,90.0,41.582973,-7.1443768,-2.6371841,70.961464,25.379131,89.09127,0.50574344
1.4458333333333333,41.353928,-6.8018513,-2.930426,70.0,25.0,90.0,41.582973,-7.1443768,-2.6371841,70.961464,25.379131,89.09127,0.50574344
1.45,41.353928,-6.8018513,-2.930426,70.0,25.0,90.0,41.582973,-7.1443768,-2.6371841,70.961464,25.379131,89.09127,0.50574344
1.4541666666666666,41.353928,-6.8018513,-2.930426,70.0,25.0,90.0,41.582973,-7.1443768,-2.6371841,70.961464,25.379131,89.09127,0.50574344
1.4583333333333333,41.353928,-6.8018513,-2.930426,70.0,25.0,90.0,41.582973,-7.1443768,-2.6371841,70.961464,25.379131,89.09127,0.50574344
1.4625,41.353928,-6.8018513,-2.930426,70.0,25.0,90.0,41.582973,-7.1443768,-2.6371841,70.961464,25.379131,89.09127,0.50574344
1.4666666666666666,41.353928,-6.8018513,-2.930426,70.0,25.0,90.0,41.582973,-7.1443768,-2.6371841,70.961464,25.379131,89.09127,0.50574344
1.4708333333333334,41.353928,-6.8018513,-2.930426,70.0,25.0,90.0,41.582973,-7.1443768,-2.6371841,70.961464,25.379131,89.09127,0.50574344
1.475,41.353928,-6.8018513,-2.930426,70.0,25.0,90.0,41.582973,-7.1443768,-2.6371841,70.961464,25.379131,89.09127,0.50574344
1.4791666666666667,41.353928,-6.8018513,-2.930426,70.0,25.0,90.0,41.582973,-7.1443768,-2.6371832,70.961464,25.379131,89.09127,0.505744
1.4833333333333334,41.353928,-6.8018513,-2.930426,70.0,25.0,90.0,41.582973,-7.144376,-2.6371841,70.961464,25.379131,89.09127,0.5057428
1.4875,41.353928,-6.8018513,-2.930426,70.0,25.0,90.0,41.58297,-7.144373,-2.637186,70.961464,25.379131,89.09127,0.505738
1.4916666666666667,41.353928,-6.8018513,-2.930426,70.0,25.0,90.0,41.582973,-7.144374,-2.637188,70.961464,25.379128,89.09127,0.5057393
1.4958333333333333,41.353928,-6.8018513,-2.930426,70.0,25.0,90.0,41.58297,-7.144373,-2.6371832,70.96146,25.379128,89.09127,0.5057397
1.5,41.353928,-6.8018513,-2.930426,70.0,25.0,90.0,41.582973,-7.144374,-2.637188,70.961464,25.379128,89.09127,0.5057393
1.5041666666666667,41.353928,-6.8018513,-2.930426,70.0,25.0,90.0,41.582973,-7.144373,-2.637187,70.96146,25.379131,89.09127,0.5057392
1.5083333333333333,41.353928,-6.8018513,-2.930426,70.0,25.0,90.0,41.582973,-7.144374,-2.637188,70.96146,25.379135,89.09128,0.5057393
1.5125,41.353928,-6.8018513,-2.930426,70.0,25.0,90.0,41.58297,-7.144371,-2.637187,70.96146,25.379128,89.09128,0.5057362
1.5166666666666666,41.353928,-6.8018513,-2.930426,70.0,25.0,90.0,41.58297,-7.14437,-2.637186,70.96146,25.379128,89.09128,0.50573605
1.5208333333333333,41.353928,-6.8018513,-2.930426,70.0,25.0,90.0,41.582973,-7.144371,-2.637186,70.96146,25.379124,89.09128,0.5057385
1.525,41.353928,-6.8018513,-2.930426,70.0,25.0,90.0,41.582973,-7.144373,-2.637188,70.96146,25.379128,89.09128,0.5057386
1.5291666666666666,41.353928,-6.8018513,-2.930426,70.0,25.0,90.0,41.582973,-7.144376,-2.637186,70.96146,25.379128,89.091286,0.5057417
1.5333333333333334,41.353928,-6.8018513,-2.930426,70.0,25.0,90.0,41.582973,-7.144371,-2.637186,70.96146,25.379135,89.09128,0.5057385
1.5375,41.353928,-6.8018513,-2.930426,70.0,25.0,90.0,41.582973,-7.144372,-2.6371975,70.96144,25.379139,89.09127,0.5057325
1.5416666666666667,41.353928,-6.8018513,-2.930426,70.0,25.0,90.0,41.582977,-7.1443844,-2.6372252,70.9614,25.379158,89.09123,0.5057266
1.5458333333333334,41.353928,-6.8018513,-2.930426,70.0,25.0,90.0,41.582985,-7.144414,-2.6372967,70.96125,25.379059,89.091225,0.5057086
1.55,41.353928,-6.8018513,-2.930426,70.0,25.0,90.0,41.582977,-7.144518,-2.6374245,70.96089,25.378757,89.09133,0.5057015
1.5541666666666667,41.353928,-6.8018513,-2.930426,70.0,25.0,90.0,41.58299,-7.144702,-2.6376333,70.960106,25.378078,89.09164,0.5057105
1.5583333333333333,41.353928,-6.8018513,-2.930426,70.0,25.0,90.0,41.583035,-7.145034,-2.6380377,70.95863,25.376877,89.09218,0.50572234
1.5625,41.353928,-6.8018513,-2.930426,70.0,25.0,90.0,41.583164,-7.1455965,-2.6387863,70.95616,25.375027,89.09298,0.505731
1.5666666666666667,41.353928,-6.8018513,-2.930426,70.0,25.0,90.0,41.583374,-7.1465235,-2.639965,70.95242,25.37233,89.09417,0.5057787
1.5708333333333333,41.353928,-6.8018513,-2.930426,70.0,25.0,90.0,41.583656,-7.147979,-2.6415539,70.94722,25.368633,89.09601,0.5059907
1.575,41.353928,-6.8018513,-2.930426,70.0,25.0,90.0,41.58414,-7.1500616,-2.6434946,70.9404,25.363907,89.09889,0.50653535
1.5791666666666666,41.353928,-6.8018513,-2.930426,70.0,25.0,90.0,41.58459,-7.1528893,-2.6459332,70.931526,25.358437,89.10314,0.5073158
1.5833333333333333,41.353928,-6.8018513,-2.930426,70.0,25.0,90.0,41.585087,-7.1563616,-2.649232,70.92022,25.352299,89.109215,0.5081163
1.5875,41.353928,-6.8018513,-2.930426,70.0,25.0,90.0,41.585594,-7.160265,-2.6533442,70.906494,25.34568,89.117546,0.50882614
1.5916666666666666,41.353928,-6.8018513,-2.930426,70.0,25.0,90.0,41.58619,-7.1645956,-2.6576853,70.89071,25.338299,89.12818,0.5098199
1.5958333333333334,41.353928,-6.8018513,-2.930426,70.0,25.0,90.0,41.58617,-7.169365,-2.6621246,70.87212,25.330315,89.14161,0.51087034
1.6,41.353928,-6.8018513,-2.930426,70.0,25.0,90.0,41.5861,-7.1743517,-2.6669092,70.85013,25.322186,89.15813,0.51195925
1.6041666666666667,41.353928,-6.8018513,-2.930426,70.0,25.0,90.0,41.586514,-7.178897,-2.6712046,70.8246,25.313663,89.17786,0.51327896
1.6083333333333334,41.353928,-6.8018513,-2.930426,70.0,25.0,90.0,41.587128,-7.1822777,-2.6736317,70.79425,25.30471,89.20147,0.5148299
1.6125,41.353928,-6.8018513,-2.930426,70.0,25.0,90.0,41.586826,-7.1825743,-2.6745605,70.75641,25.296417,89.230774,0.5144501
1.6166666666666667,41.353928,-6.8018513,-2.930426,70.0,25.0,90.0,41.583168,-7.1795254,-2.6745386,70.710144,25.291267,89.268295,0.5105558
1.6208333333333333,41.353928,-6.8018513,-2.930426,70.0,25.0,90.0,41.573586,-7.170228,-2.6744614,70.65833,25.293453,89.313644,0.49946856
1.625,41.353928,-6.8018513,-2.930426,70.0,25.0,90.0,41.55838,-7.1543694,-2.6773634,70.59332,25.301792,89.360054,0.4796983
1.6291666666666667,41.353928,-6.8018513,-2.930426,70.0,25.0,90.0,41.54142,-7.135291,-2.6861668,70.51043,25.319767,89.40962,0.45387006
1.6333333333333333,41.353928,-6.8018513,-2.930426,70.0,25.0,90.0,41.521317,-7.107319,-2.6990442,70.410645,25.336266,89.46484,0.418171
1.6375,41.353928,-6.8018513,-2.930426,70.0,25.0,90.0,41.49924,-7.074559,-2.7112255,70.29892,25.343716,89.532326,0.37885928
1.6416666666666666,41.353928,-6.8018513,-2.930426,70.0,25.0,90.0,41.476048,-7.0399218,-2.7223682,70.192535,25.352165,89.600464,0.33893776
1.6458333333333333,41.353928,-6.8018513,-2.930426,70.0,25.0,90.0,41.451653,-7.008795,-2.727624,70.08466,25.34845,89.66926,0.30578488
1.65,41.353928,-6.8018513,-2.930426,70.0,25.0,90.0,41.41684,-6.979289,-2.726633,69.96428,25.31718,89.74517,0.27744114
1.6541666666666666,41.353973,-6.8018384,-2.930425,69.99997,25.0,89.999886,41.38168,-6.966915,-2.7280474,69.834206,25.27573,89.83507,0.26263022
1.6583333333333334,41.354286,-6.8017573,-2.930426,69.999756,25.0,89.999054,41.356266,-6.965353,-2.723752,69.69976,25.223911,89.9431,0.26359352
1.6625,41.35512,-6.8015337,-2.930425,69.99918,25.0,89.99685,41.334118,-6.975875,-2.7049809,69.560265,25.1624,90.066025,0.28576398
1.6666666666666667,41.356716,-6.8011036,-2.930425,69.998085,25.0,89.992645,41.294224,-6.979189,-2.6891441,69.42893,25.111294,90.19969,0.30632678
1.6708333333333334,41.359306,-6.800412,-2.9304256,69.99631,25.0,89.9858,41.237663,-6.968855,-2.6758757,69.29861,25.058315,90.36271,0.32858133
1.675,41.3631,-6.7993927,-2.930427,69.9937,25.0,89.97579,41.16839,-6.9295197,-2.657073,69.17568,25.002018,90.56215,0.35995466
1.6791666666666667,41.3683,-6.7980003,-2.930424,69.990135,25.0,89.96205,41.07619,-6.8929005,-2.643896,69.10536,24.956219,90.76589,0.420039
1.6833333333333333,41.375103,-6.796178,-2.930428,69.985466,25.0,89.944084,40.96217,-6.8633146,-2.6746082,69.026924,24.917576,90.94534,0.4903724
1.6875,41.38368,-6.79388,-2.930425,69.9796,25.0,89.92143,40.822063,-6.7914467,-2.729659,68.96175,24.909336,91.04797,0.59642625
1.6916666666666667,41.3942,-6.7910624,-2.9304264,69.972404,25.0,89.89363,40.690224,-6.690445,-2.792204,68.92029,24.948921,91.09851,0.7244384
1.6958333333333333,41.406815,-6.78768,-2.9304266,69.96379,25.0,89.86029,40.574966,-6.5942984,-2.8707743,68.91782,25.053703,91.14118,0.8561111
1.7,41.421665,-6.7837005,-2.930431,69.95367,25.0,89.82102,40.464573,-6.5055113,-2.920906,68.94196,25.156296,91.198326,0.9967475
1.7041666666666666,41.438885,-6.779087,-2.930427,69.94197,25.0,89.775475,40.372276,-6.4183016,-2.9561243,69.000465,25.248493,91.20079,1.1262681
1.7083333333333333,41.458595,-6.773806,-2.9304273,69.92861,25.0,89.723305,40.267815,-6.311015,-2.9723816,69.07111,25.309124,91.21173,1.2782387
1.7125,41.480904,-6.7678294,-2.9304254,69.91354,25.0,89.66423,40.12246,-6.198945,-2.9838886,69.11557,25.350986,91.208855,1.4737227
1.7166666666666666,41.50591,-6.7611275,-2.930426,69.896706,25.0,89.59797,39.984642,-6.1324778,-2.9823713,69.17239,25.379341,91.194916,1.6468613
1.7208333333333334,41.5337,-6.75368,-2.9304268,69.87807,25.0,89.52428,39.866302,-6.0667944,-2.9720306,69.19637,25.385616,91.25219,1.8038166
1.725,41.564354,-6.7454686,-2.9304254,69.857605,25.0,89.44292,39.73407,-5.991683,-2.9742384,69.21209,25.431026,91.40336,1.9799122
1.7291666666666667,41.597935,-6.7364693,-2.9304276,69.83529,25.0,89.35372,39.626507,-5.9050407,-2.978055,69.225845,25.425297,91.58773,2.1401098
1.7333333333333334,41.63451,-6.7266707,-2.9304283,69.81112,25.0,89.25647,39.50289,-5.7995605,-2.9841728,69.16728,25.411377,91.77283,2.3251278
1.7375,41.67412,-6.716058,-2.9304292,69.785095,25.0,89.15104,39.35394,-5.7244654,-3.0056562,69.126205,25.366497,91.93176,2.5243144
1.7416666666666667,41.71681,-6.704617,-2.9304252,69.75723,25.0,89.0373,39.207767,-5.6615868,-3.051447,69.123535,25.356163,92.03812,2.7198977
1.7458333333333333,41.762608,-6.692344,-2.9304268,69.72754,25.0,88.915115,39.09867,-5.604697,-3.0970278,69.117805,25.343876,92.048836,2.882237
1.75,41.81154,-6.679234,-2.9304285,69.69605,25.0,88.7844,39.01272,-5.552474,-3.1197557,69.13373,25.314869,91.98676,3.0230496
1.7541666666666667,41.86361,-6.665283,-2.9304285,69.66282,25.0,88.6451,38.93586,-5.5122147,-3.1424875,69.166695,25.311,91.84827,3.1537683
1.7583333333333333,41.918835,-6.6504855,-2.930427,69.62788,25.0,88.49715,38.886387,-5.468729,-3.1557312,69.1977,25.211182,91.66255,3.262369
1.7625,41.977203,-6.634845,-2.9304252,69.591286,25.0,88.34052,38.84671,-5.4375706,-3.1439734,69.22496,25.074978,91.51678,3.3584306
1.7666666666666666,42.03871,-6.618364,-2.9304235,69.55311,25.0,88.17519,38.828415,-5.393114,-3.1308107,69.24767,24.934921,91.36649,3.4420047
1.7708333333333333,42.103336,-6.6010485,-2.9304254,69.51341,25.0,88.00118,38.832508,-5.3521004,-3.0964231,69.25033,24.80103,91.201385,3.5051026
1.775,42.171055,-6.5829034,-2.9304264,69.47228,25.0,87.8185,38.832375,-5.3225737,-3.057004,69.23103,24.654175,91.05647,3.5708876
1.7791666666666666,42.241833,-6.56394,-2.9304252,69.42981,25.0,87.62718,38.83796,-5.3109446,-3.009778,69.199066,24.48244,90.95055,3.6280365
1.7833333333333334,42.315628,-6.544164,-2.9304247,69.38608,25.0,87.42731,38.84665,-5.279684,-2.9467983,69.15873,24.322998,90.88802,3.6922884
1.7875,42.392403,-6.523595,-2.9304276,69.34119,25.0,87.21891,38.87756,-5.2460546,-2.8898315,69.091484,24.207497,90.81029,3.7400372
1.7916666666666667,42.472095,-6.5022388,-2.9304237,69.29525,25.0,87.00211,38.927925,-5.2318726,-2.8326435,69.00351,24.103836,90.7257,3.7662363
1.7958333333333334,42.554653,-6.4801183,-2.9304276,69.24836,25.0,86.776985,38.99795,-5.227192,-2.7824745,68.887024,24.028103,90.61309,3.7738364
1.8,42.64001,-6.4572473,-2.9304276,69.200645,25.0,86.54366,39.11087,-5.2413807,-2.736411,68.79721,24.00562,90.470055,3.737754
1.8041666666666667,42.728096,-6.4336452,-2.9304252,69.15222,25.0,86.30228,39.24484,-5.2716665,-2.6821394,68.72371,24.0238,90.31328,3.6803427
1.8083333333333333,42.818832,-6.40933,-2.9304235,69.1032,25.0,86.05298,39.38637,-5.2987165,-2.6182384,68.639435,24.03535,90.16037,3.6211474
1.8125,42.91214,-6.3843307,-2.9304283,69.05371,25.0,85.79591,39.525013,-5.3313503,-2.5678234,68.553696,24.065449,90.02651,3.5655124
1.8166666666666667,43.00793,-6.358662,-2.9304264,69.00388,25.0,85.53127,39.65921,-5.3602924,-2.5440664,68.44784,24.119102,89.892845,3.5156715
1.8208333333333333,43.106117,-6.332353,-2.9304242,68.95384,25.0,85.25923,39.81006,-5.375573,-2.5283642,68.333755,24.190666,89.764046,3.4555871
1.825,43.206604,-6.3054295,-2.9304247,68.90371,25.0,84.97998,39.963837,-5.3845234,-2.5221634,68.21515,24.258804,89.62499,3.3956275
1.8291666666666666,43.309288,-6.277915,-2.9304268,68.853615,25.0,84.693756,40.09045,-5.380492,-2.5342731,68.07784,24.331676,89.503395,3.3649995
1.8333333333333333,43.414066,-6.24984,-2.9304254,68.803696,25.0,84.40078,40.19644,-5.3563623,-2.5478392,67.93954,24.414051,89.41212,3.3612173
1.8375,43.520832,-6.22123,-2.9304268,68.75407,25.0,84.10128,40.300354,-5.319625,-2.5674353,67.80382,24.509373,89.322754,3.3639462
1.8416666666666666,43.629475,-6.1921215,-2.930428,68.704865,25.0,83.7955,40.399677,-5.257018,-2.5887632,67.6545,24.618301,89.22681,3.379755
1.8458333333333334,43.73988,-6.1625385,-2.9304256,68.65621,25.0,83.48371,40.492783,-5.178028,-2.611331,67.50195,24.748226,89.13201,3.4080377
1.85,43.851925,-6.132518,-2.9304283,68.60822,25.0,83.1662,40.57829,-5.0946445,-2.625185,67.3553,24.892086,89.01384,3.4477596
1.8541666666666667,43.965496,-6.1020837,-2.930427,68.56102,25.0,82.843216,40.666702,-5.0051947,-2.6350307,67.22148,25.033699,88.86725,3.488906
1.8583333333333334,44.080463,-6.071281,-2.9304261,68.514725,25.0,82.51508,40.74917,-4.912467,-2.646904,67.11075,25.167847,88.701935,3.5384688
1.8625,44.196705,-6.040132,-2.9304242,68.46944,25.0,82.18209,40.8269,-4.817766,-2.663742,67.013596,25.308228,88.517715,3.5945625
1.8666666666666667,44.314095,-6.0086756,-2.930429,68.425255,25.0,81.84455,40.904747,-4.724944,-2.6849222,66.93153,25.45655,88.315735,3.6512861
1.8708333333333333,44.432495,-5.9769516,-2.930424,68.38231,25.0,81.5028,40.97494,-4.633975,-2.7121897,66.879745,25.624779,88.10194,3.715628
1.875,44.551785,-5.94499,-2.9304242,68.34067,25.0,81.15716,41.030388,-4.557001,-2.7519016,66.82662,25.788742,87.86521,3.7892766
1.8791666666666667,44.671818,-5.912827,-2.9304273,68.30042,25.0,80.807976,41.08583,-4.4865246,-2.8011312,66.76541,25.926285,87.60234,3.8613937
1.8833333333333333,44.79247,-5.8804975,-2.930427,68.261665,25.0,80.455605,41.139744,-4.413286,-2.8525486,66.70975,26.058605,87.31542,3.9371533
1.8875,44.9136,-5.84804,-2.9304242,68.22447,25.0,80.1004,41.195366,-4.351904,-2.901597,66.65408,26.185024,86.99406,4.0080576
1.8916666666666666,45.035076,-5.815491,-2.9304287,68.188896,25.0,79.74273,41.25905,-4.2921457,-2.949235,66.59947,26.306236,86.65831,4.071771
1.8958333333333333,45.156757,-5.7828875,-2.930426,68.15502,25.0,79.382965,41.32289,-4.241415,-3.0030107,66.54642,26.443,86.29684,4.1327877
1.9,45.278507,-5.750264,-2.9304252,68.12289,25.0,79.0215,41.388405,-4.1785955,-3.0458202,66.49125,26.562134,85.91159,4.197184
1.9041666666666666,45.40019,-5.7176585,-2.9304266,68.09254,25.0,78.658714,41.456017,-4.121311,-3.098095,66.43771,26.697483,85.49911,4.258278
1.9083333333333334,45.521664,-5.68511,-2.9304268,68.06402,25.0,78.295,41.527912,-4.0817327,-3.17416,66.376785,26.838276,85.045685,4.3104844
1.9125,45.642796,-5.652655,-2.930425,68.03736,25.0,77.930756,41.612045,-4.03868,-3.250884,66.3265,27.002216,84.56855,4.353683
1.9166666666666667,45.763447,-5.620324,-2.930427,68.01257,25.0,77.56641,41.70198,-3.995861,-3.3280544,66.2671,27.131016,84.07215,4.3923225
1.9208333333333334,45.88348,-5.588161,-2.9304261,67.989685,25.0,77.20235,41.80469,-3.9530373,-3.4140768,66.207466,27.272697,83.568405,4.420867
1.925,46.00277,-5.5561986,-2.9304235,67.9687,25.0,76.838974,41.91362,-3.9041443,-3.481505,66.14864,27.416641,83.09594,4.4445605
1.9291666666666667,46.12117,-5.524472,-2.9304278,67.94959,25.0,76.476746,42.039993,-3.8640347,-3.5462193,66.091866,27.566826,82.62385,4.448849
1.9333333333333333,46.23856,-5.493019,-2.9304276,67.93238,25.0,76.116035,42.18171,-3.8274202,-3.6049829,66.043465,27.704903,82.14029,4.437035
1.9375,46.3548,-5.4618726,-2.9304237,67.91704,25.0,75.7573,42.32225,-3.796053,-3.654378,65.99992,27.81863,81.67712,4.422729
1.9416666666666667,46.469772,-5.431069,-2.9304268,67.90353,25.0,75.40095,42.465042,-3.7586994,-3.6773539,65.97765,27.937733,81.23088,4.4037013
1.9458333333333333,46.58334,-5.4006357,-2.9304242,67.89182,25.0,75.04741,42.599228,-3.7418022,-3.6961694,65.96944,28.045235,80.773186,4.383063
1.95,46.695385,-5.3706107,-2.930422,67.88188,25.0,74.697105,42.710938,-3.7317438,-3.7079515,65.955765,28.115944,80.320724,4.3779283
1.9541666666666666,46.80579,-5.341031,-2.9304338,67.87364,25.0,74.35043,42.806732,-3.708767,-3.7282653,65.96851,28.157196,79.89798,4.392412
1.9583333333333333,46.914433,-5.3119197,-2.9304287,67.86708,25.0,74.00784,42.898537,-3.7037039,-3.7437663,65.980225,28.1848,79.47424,4.4017377
1.9625,47.0212,-5.283313,-2.9304283,67.862114,25.0,73.66974,42.990814,-3.7017717,-3.7538753,66.00467,28.208336,79.071465,4.407191
1.9666666666666666,47.125977,-5.2552366,-2.930425,67.85868,25.0,73.33653,43.071884,-3.6911354,-3.742784,66.04833,28.22789,78.68578,4.4206343
1.9708333333333334,47.22866,-5.2277255,-2.930426,67.856705,25.0,73.00862,43.15067,-3.6814356,-3.728642,66.08566,28.22369,78.311455,4.4337544
1.975,47.329147,-5.2007976,-2.9304302,67.8561,25.0,72.68641,43.245087,-3.6798153,-3.7126641,66.14862,28.228306,77.95248,4.4277344
1.9791666666666667,47.427334,-5.1744895,-2.9304276,67.85681,25.0,72.37029,43.348305,-3.6870708,-3.680716,66.22889,28.214256,77.60092,4.406112
1.9833333333333334,47.523125,-5.148821,-2.9304247,67.858734,25.0,72.06065,43.475204,-3.667406,-3.6215816,66.32858,28.176102,77.25267,4.3655405
1.9875,47.616432,-5.12382,-2.9304266,67.86178,25.0,71.75786,43.609306,-3.6351213,-3.5580268,66.4421,28.054535,76.90203,4.3205514
1.9916666666666667,47.70717,-5.099505,-2.9304245,67.86586,25.0,71.46227,43.77037,-3.59332,-3.5141973,66.565506,27.942356,76.530754,4.255322
1.9958333333333333,47.795254,-5.075904,-2.9304264,67.87088,25.0,71.17423,43.927406,-3.571765,-3.4692755,66.687645,27.792004,76.16355,4.184858
2.0,47.880608,-5.0530343,-2.9304278,67.87675,25.0,70.89409,44.09082,-3.5538588,-3.4419508,66.83746,27.650242,75.78758,4.107514
2.004166666666667,47.963165,-5.0309095,-2.9304276,67.88336,25.0,70.622154,44.266724,-3.5540962,-3.4150991,67.013214,27.508087,75.36049,4.0099335
2.0083333333333333,48.042862,-5.0095577,-2.9304235,67.89064,25.0,70.35871,44.44907,-3.5706072,-3.364668,67.21405,27.341347,74.9337,3.8954444
2.0125,48.119633,-4.988987,-2.9304233,67.89847,25.0,70.10408,44.6192,-3.585637,-3.2985182,67.48609,27.238678,74.53075,3.7891822
2.0166666666666666,48.19343,-4.96921,-2.930426,67.90675,25.0,69.85849,44.74487,-3.6394691,-3.2060971,67.75165,27.111046,74.176796,3.7063174
2.0208333333333335,48.26421,-4.9502463,-2.9304261,67.91541,25.0,69.62221,44.879547,-3.672576,-3.0823145,67.988914,26.959034,73.84527,3.620974
2.025,48.33193,-4.932101,-2.9304278,67.92435,25.0,69.39543,45.00678,-3.7257948,-2.935255,68.20634,26.758015,73.520645,3.5372047
2.029166666666667,48.396553,-4.9147887,-2.9304302,67.93347,25.0,69.178375,45.11863,-3.832076,-2.794465,68.35782,26.520672,73.203255,3.4547846
2.033333333333333,48.45806,-4.898304,-2.9304247,67.9427,25.0,68.97121,45.260773,-3.95257,-2.655857,68.45995,26.316372,72.91631,3.3455124
2.0375,48.51643,-4.8826666,-2.9304276,67.95195,25.0,68.77407,45.38836,-4.03045,-2.4902496,68.54374,26.089989,72.79947,3.271828
2.0416666666666665,48.57165,-4.8678665,-2.9304247,67.96114,25.0,68.58708,45.513794,-4.1130295,-2.365593,68.58107,25.90691,72.72232,3.1998916
2.0458333333333334,48.623726,-4.853916,-2.930427,67.97021,25.0,68.41031,45.648834,-4.188443,-2.313838,68.5794,25.762112,72.70084,3.1101472
2.05,48.672657,-4.8408046,-2.9304283,67.97907,25.0,68.24383,45.802586,-4.2302713,-2.3172264,68.56841,25.613289,72.73101,2.9976788
2.0541666666666667,48.718452,-4.828533,-2.9304235,67.987686,25.0,68.08767,45.964607,-4.2708178,-2.301857,68.55016,25.424519,72.74628,2.8792024
2.058333333333333,48.761143,-4.817095,-2.9304254,67.99598,25.0,67.941795,46.12558,-4.318658,-2.2786942,68.509544,25.217823,72.74087,2.7603233
2.0625,48.800755,-4.8064814,-2.930428,68.00391,25.0,67.80618,46.29631,-4.346855,-2.3080091,68.4794,25.051434,72.68596,2.6212404
2.066666666666667,48.837326,-4.796678,-2.9304247,68.01143,25.0,67.680756,46.441395,-4.421199,-2.3756132,68.45029,24.951015,72.59441,2.4878278
2.0708333333333333,48.87091,-4.787681,-2.9304228,68.01851,25.0,67.565384,46.571205,-4.4858055,-2.4212713,68.430016,24.824638,72.50054,2.3746598
2.075,48.901566,-4.7794676,-2.9304245,68.02511,25.0,67.459915,46.688103,-4.559517,-2.4365082,68.493515,24.692432,72.36742,2.278541
2.0791666666666666,48.929356,-4.7720222,-2.930424,68.03121,25.0,67.36417,46.810852,-4.61831,-2.477829,68.5522,24.611504,72.2466,2.1717567
2.0833333333333335,48.954357,-4.7653213,-2.9304225,68.0368,25.0,67.27792,46.915367,-4.689335,-2.51756,68.60532,24.635536,72.154594,2.0817564
2.0875,48.97667,-4.7593446,-2.930426,68.041855,25.0,67.20087,46.95939,-4.759223,-2.4923973,68.66008,24.653175,72.034424,2.0642893
2.091666666666667,48.996376,-4.754064,-2.9304247,68.04639,25.0,67.13274,46.99408,-4.8126717,-2.4736195,68.69983,24.655586,71.896614,2.0545795
2.095833333333333,49.0136,-4.7494497,-2.930425,68.05039,25.0,67.07314,47.01593,-4.8920746,-2.515604,68.66251,24.659859,71.78321,2.0452628
2.1,49.02845,-4.745469,-2.9304254,68.05388,25.0,67.02172,47.038857,-4.970525,-2.5471125,68.574554,24.625603,71.70231,2.038642
2.1041666666666665,49.041065,-4.7420907,-2.930425,68.05687,25.0,66.978004,47.090935,-5.0120277,-2.5799675,68.537544,24.557476,71.55372,1.9996737
2.1083333333333334,49.051582,-4.739271,-2.9304233,68.05938,25.0,66.94154,47.097042,-5.0854826,-2.564065,68.52371,24.454868,71.35681,2.0184915
2.1125,49.06016,-4.7369733,-2.9304347,68.061424,25.0,66.91179,47.038452,-5.18421,-2.5567942,68.46947,24.353455,71.231735,2.1040287
2.1166666666666667,49.066963,-4.7351513,-2.930429,68.06307,25.0,66.88818,47.004593,-5.2658443,-2.6501865,68.359276,24.332062,71.11366,2.1479158
2.120833333333333,49.072163,-4.733758,-2.930428,68.06433,25.0,66.87014,47.0287,-5.32425,-2.7878294,68.24473,24.354664,70.989136,2.1318414
2.125,49.07596,-4.7327414,-2.9304266,68.065254,25.0,66.856964,47.04321,-5.3737774,-2.8454418,68.17439,24.307205,70.84605,2.133124
2.129166666666667,49.07855,-4.732046,-2.9304233,68.06589,25.0,66.84797,47.044537,-5.419489,-2.8847122,68.137054,24.161777,70.684784,2.1475267
2.1333333333333333,49.080143,-4.7316194,-2.930429,68.06627,25.0,66.84243,47.057587,-5.449683,-2.943244,68.091675,24.078411,70.56142,2.146279
2.1375,49.08098,-4.7313943,-2.9304261,68.066475,25.0,66.83953,47.07846,-5.4583216,-3.0260038,68.025894,24.064827,70.44326,2.1325185
2.1416666666666666,49.08129,-4.731308,-2.9304245,68.06655,25.0,66.83845,47.121017,-5.4500074,-3.0865774,67.98212,24.071602,70.322205,2.0937014
2.1458333333333335,49.081337,-4.7312956,-2.930421,68.06657,25.0,66.83829,47.16182,-5.4467382,-3.1211538,67.94776,24.0784,70.21597,2.057373
2.15,49.081337,-4.7312956,-2.930421,68.06657,25.0,66.83829,47.196995,-5.4457273,-3.150486,67.91481,24.078262,70.12195,2.0272117
2.154166666666667,49.081337,-4.7312956,-2.930421,68.06657,25.0,66.83829,47.23034,-5.4386444,-3.1840696,67.8845,24.076366,70.03608,1.997717
2.158333333333333,49.081337,-4.7312956,-2.930421,68.06657,25.0,66.83829,47.262985,-5.42795,-3.2174578,67.861374,24.086498,69.964325,1.9682785
2.1625,49.081337,-4.7312956,-2.930421,68.06657,25.0,66.83829,47.29431,-5.4137554,-3.2473779,67.84041,24.102947,69.90487,1.9389876
2.1666666666666665,49.081337,-4.7312956,-2.930421,68.06657,25.0,66.83829,47.324196,-5.3987284,-3.2725444,67.82379,24.122303,69.85,1.9105129
2.1708333333333334,49.081337,-4.7312956,-2.930421,68.06657,25.0,66.83829,47.352142,-5.381648,-3.2950969,67.809044,24.141052,69.795334,1.8830988
2.175,49.081337,-4.7312956,-2.930421,68.06657,25.0,66.83829,47.37777,-5.362692,-3.3154078,67.79563,24.158062,69.7428,1.8571533
2.1791666666666667,49.081337,-4.7312956,-2.930421,68.06657,25.0,66.83829,47.400696,-5.345437,-3.3293061,67.785355,24.17342,69.69434,1.8332577
2.183333333333333,49.081337,-4.7312956,-2.930421,68.06657,25.0,66.83829,47.420967,-5.3296757,-3.3382335,67.778366,24.18711,69.6523,1.8114077
2.1875,49.081337,-4.7312956,-2.930421,68.06657,25.0,66.83829,47.43911,-5.31549,-3.3450632,67.77281,24.19923,69.616974,1.791681
2.191666666666667,49.081337,-4.7312956,-2.930421,68.06657,25.0,66.83829,47.455013,-5.3021364,-3.349206,67.769554,24.209942,69.58718,1.7737442
2.1958333333333333,49.081337,-4.7312956,-2.930421,68.06657,25.0,66.83829,47.4684,-5.2897005,-3.3517108,67.76887,24.221355,69.56229,1.7580869
2.2,49.081337,-4.7312956,-2.930421,68.06657,25.0,66.83829,47.47905,-5.278453,-3.3518581,67.76907,24.232224,69.54367,1.7447965
2.2041666666666666,49.081337,-4.7312956,-2.930421,68.06657,25.0,66.83829,47.48748,-5.268036,-3.3498726,67.76984,24.24184,69.53028,1.7333232
2.2083333333333335,49.081337,-4.7312956,-2.930421,68.06657,25.0,66.83829,47.49409,-5.2586775,-3.346815,67.77116,24.25021,69.52136,1.7236198
2.2125,49.081337,-4.7312956,-2.930421,68.06657,25.0,66.83829,47.49923,-5.2508764,-3.3434763,67.77298,24.257355,69.515434,1.7157048
2.216666666666667,49.081337,-4.7312956,-2.930421,68.06657,25.0,66.83829,47.503082,-5.2445745,-3.3404784,67.77467,24.263206,69.51182,1.7095293
2.220833333333333,49.081337,-4.7312956,-2.930421,68.06657,25.0,66.83829,47.50585,-5.239582,-3.3378434,67.77617,24.267765,69.510086,1.7048465
2.225,49.081337,-4.7312956,-2.930421,68.06657,25.0,66.83829,47.507774,-5.235717,-3.3356514,67.77741,24.271221,69.50965,1.701397
2.2291666666666665,49.081337,-4.7312956,-2.930421,68.06657,25.0,66.83829,47.509125,-5.2328825,-3.3338513,67.77847,24.273788,69.509705,1.698881
2.2333333333333334,49.081337,-4.7312956,-2.930421,68.06657,25.0,66.83829,47.510063,-5.2309666,-3.3324876,67.77937,24.275742,69.50975,1.697124
2.2375,49.081337,-4.7312956,-2.930421,68.06657,25.0,66.83829,47.5107,-5.229746,-3.3315263,67.780106,24.2771,69.509735,1.6959475
2.2416666666666667,49.081337,-4.7312956,-2.930421,68.06657,25.0,66.83829,47.51109,-5.229002,-3.3308988,67.78063,24.278015,69.50975,1.6952202
2.245833333333333,49.081337,-4.7312956,-2.930421,68.06657,25.0,66.83829,47.51131,-5.2285547,-3.330471,67.78097,24.27853,69.50983,1.6947831
2.25,49.081337,-4.7312956,-2.930421,68.06657,25.0,66.83829,47.511383,-5.228286,-3.3301883,67.78114,24.27879,69.5099,1.6945703
2.254166666666667,49.081337,-4.7312956,-2.930421,68.06657,25.0,66.83829,47.5114,-5.2281694,-3.3300471,67.78122,24.278908,69.509926,1.6944886
2.2583333333333333,49.081337,-4.7312956,-2.930421,68.06657,25.0,66.83829,47.511383,-5.2281246,-3.3300018,67.78124,24.278938,69.50993,1.694479
2.2625,49.081337,-4.7312956,-2.930421,68.06657,25.0,66.83829,47.511375,-5.228114,-3.3299923,67.78125,24.278942,69.509926,1.6944808
2.2666666666666666,49.081337,-4.7312956,-2.930421,68.06657,25.0,66.83829,47.511383,-5.228116,-3.3299894,67.78125,24.278946,69.509926,1.6944735
2.2708333333333335,49.081337,-4.7312956,-2.930421,68.06657,25.0,66.83829,47.511383,-5.228116,-3.3299894,67.78125,24.278946,69.509926,1.6944735
2.275,49.081337,-4.7312956,-2.930421,68.06657,25.0,66.83829,47.511383,-5.228116,-3.3299894,67.78125,24.278946,69.509926,1.6944735
2.279166666666667,49.081337,-4.7312956,-2.930421,68.06657,25.0,66.83829,47.511383,-5.228116,-3.3299894,67.78125,24.278946,69.509926,1.6944735
2.283333333333333,49.081337,-4.7312956,-2.930421,68.06657,25.0,66.83829,47.511383,-5.228116,-3.3299894,67.78125,24.278946,69.509926,1.6944735
2.2875,49.081337,-4.7312956,-2.930421,68.06657,25.0,66.83829,47.511383,-5.228116,-3.3299894,67.78125,24.278946,69.509926,1.6944735
2.2916666666666665,49.081337,-4.7312956,-2.930421,68.06657,25.0,66.83829,47.511383,-5.228116,-3.3299894,67.78125,24.278946,69.509926,1.6944735
2.2958333333333334,49.081337,-4.7312956,-2.930421,68.06657,25.0,66.83829,47.511383,-5.228116,-3.3299894,67.78125,24.278946,69.509926,1.6944735
2.3,49.081337,-4.7312956,-2.930421,68.06657,25.0,66.83829,47.511383,-5.228116,-3.3299894,67.78125,24.278946,69.509926,1.6944735
2.3041666666666667,49.081337,-4.7312956,-2.930421,68.06657,25.0,66.83829,47.511383,-5.228116,-3.3299894,67.78125,24.278946,69.509926,1.6944735
2.308333333333333,49.081337,-4.7312956,-2.930421,68.06657,25.0,66.83829,47.511383,-5.228116,-3.3299894,67.78125,24.278946,69.509926,1.6944735
2.3125,49.081337,-4.7312956,-2.930421,68.06657,25.0,66.83829,47.511383,-5.228116,-3.3299894,67.78125,24.278946,69.509926,1.6944735
2.316666666666667,49.081337,-4.7312956,-2.930421,68.06657,25.0,66.83829,47.511383,-5.228116,-3.3299894,67.78125,24.278946,69.509926,1.6944735
2.3208333333333333,49.081337,-4.7312956,-2.930421,68.06657,25.0,66.83829,47.511383,-5.228116,-3.3299894,67.78125,24.278946,69.509926,1.6944735
2.325,49.081337,-4.7312956,-2.930421,68.06657,25.0,66.83829,47.511383,-5.228116,-3.3299894,67.78125,24.278946,69.509926,1.6944735
2.3291666666666666,49.081337,-4.7312956,-2.930421,68.06657,25.0,66.83829,47.511383,-5.228116,-3.3299894,67.78125,24.278946,69.509926,1.6944735
2.3333333333333335,49.081337,-4.7312956,-2.930421,68.06657,25.0,66.83829,47.511383,-5.228116,-3.3299894,67.78125,24.278946,69.509926,1.6944735
2.3375,49.081337,-4.7312956,-2.930421,68.06657,25.0,66.83829,47.511383,-5.228116,-3.3299894,67.78125,24.278946,69.509926,1.6944735
2.341666666666667,49.081337,-4.7312956,-2.930421,68.06657,25.0,66.83829,47.511383,-5.228116,-3.3299894,67.78125,24.278946,69.509926,1.6944735
2.345833333333333,49.081337,-4.7312956,-2.930421,68.06657,25.0,66.83829,47.511383,-5.228116,-3.3299894,67.78125,24.278946,69.509926,1.6944735
2.35,49.081337,-4.7312956,-2.930421,68.06657,25.0,66.83829,47.511383,-5.228116,-3.3299894,67.78125,24.278946,69.509926,1.6944735
2.3541666666666665,49.081337,-4.7312956,-2.930421,68.06657,25.0,66.83829,47.511383,-5.228116,-3.3299894,67.78125,24.278946,69.509926,1.6944735
2.3583333333333334,49.081337,-4.7312956,-2.930421,68.06657,25.0,66.83829,47.511383,-5.228116,-3.3299894,67.78125,24.278946,69.509926,1.6944735
2.3625,49.081337,-4.7312956,-2.930421,68.06657,25.0,66.83829,47.511383,-5.228116,-3.3299894,67.78125,24.278946,69.509926,1.6944735
2.3666666666666667,49.081337,-4.7312956,-2.930421,68.06657,25.0,66.83829,47.511383,-5.228116,-3.3299894,67.78125,24.278946,69.509926,1.6944735
2.370833333333333,49.081337,-4.7312956,-2.930421,68.06657,25.0,66.83829,47.511383,-5.228116,-3.3299894,67.78125,24.278946,69.509926,1.6944735
2.375,49.081337,-4.7312956,-2.930421,68.06657,25.0,66.83829,47.511383,-5.228116,-3.3299894,67.78125,24.278946,69.509926,1.6944735
2.379166666666667,49.081337,-4.7312956,-2.930421,68.06657,25.0,66.83829,47.511383,-5.228116,-3.3299894,67.78125,24.278946,69.509926,1.6944735
2.3833333333333333,49.081337,-4.7312956,-2.930421,68.06657,25.0,66.83829,47.511383,-5.228116,-3.3299894,67.78125,24.278946,69.509926,1.6944735
2.3875,49.081337,-4.7312956,-2.930421,68.06657,25.0,66.83829,47.511383,-5.228116,-3.3299894,67.78125,24.278946,69.509926,1.6944735
2.3916666666666666,49.081337,-4.7312956,-2.930421,68.06657,25.0,66.83829,47.511383,-5.228116,-3.3299894,67.78125,24.278946,69.509926,1.6944735
2.3958333333333335,49.081337,-4.7312956,-2.930421,68.06657,25.0,66.83829,47.511383,-5.228116,-3.3299894,67.78125,24.278946,69.509926,1.6944735
2.4,49.081337,-4.7312956,-2.930421,68.06657,25.0,66.83829,47.511383,-5.228116,-3.3299894,67.78125,24.278946,69.509926,1.6944735
2.404166666666667,49.081337,-4.7312956,-2.930421,68.06657,25.0,66.83829,47.511383,-5.228116,-3.3299894,67.78125,24.278946,69.509926,1.6944735
2.408333333333333,49.081337,-4.7312956,-2.930421,68.06657,25.0,66.83829,47.511383,-5.228116,-3.3299894,67.78125,24.278946,69.509926,1.6944735
2.4125,49.081337,-4.7312956,-2.930421,68.06657,25.0,66.83829,47.511383,-5.228116,-3.3299894,67.78125,24.278946,69.509926,1.6944735
2.4166666666666665,49.081337,-4.7312956,-2.930421,68.06657,25.0,66.83829,47.511383,-5.228116,-3.3299894,67.78125,24.278946,69.509926,1.6944735
2.4208333333333334,49.081337,-4.7312956,-2.930421,68.06657,25.0,66.83829,47.511383,-5.228116,-3.3299894,67.78125,24.278946,69.509926,1.6944735
2.425,49.081337,-4.7312956,-2.930421,68.06657,25.0,66.83829,47.511383,-5.228116,-3.3299894,67.78125,24.278946,69.509926,1.6944735
2.4291666666666667,49.081337,-4.7312956,-2.930421,68.06657,25.0,66.83829,47.511383,-5.228116,-3.3299894,67.78125,24.278946,69.509926,1.6944735
2.433333333333333,49.081337,-4.7312956,-2.930421,68.06657,25.0,66.83829,47.511383,-5.228116,-3.3299894,67.78125,24.278946,69.509926,1.6944735
2.4375,49.081337,-4.7312956,-2.930421,68.06657,25.0,66.83829,47.511383,-5.228116,-3.3299894,67.78125,24.278946,69.509926,1.6944735
2.441666666666667,49.081337,-4.7312956,-2.930421,68.06657,25.0,66.83829,47.511383,-5.228116,-3.3299894,67.78125,24.278946,69.509926,1.6944735
2.4458333333333333,49.081337,-4.7312956,-2.930421,68.06657,25.0,66.83829,47.511383,-5.228116,-3.3299894,67.78125,24.278946,69.509926,1.6944735
2.45,49.081337,-4.7312956,-2.930421,68.06657,25.0,66.83829,47.511383,-5.228116,-3.3299894,67.78125,24.278946,69.509926,1.6944735
2.4541666666666666,49.081337,-4.7312956,-2.930421,68.06657,25.0,66.83829,47.511383,-5.228116,-3.3299894,67.78125,24.278946,69.509926,1.6944735
2.4583333333333335,49.081337,-4.7312956,-2.930421,68.06657,25.0,66.83829,47.511383,-5.228116,-3.3299894,67.78125,24.278946,69.509926,1.6944735
2.4625,49.081337,-4.7312956,-2.930421,68.06657,25.0,66.83829,47.511383,-5.228116,-3.3299894,67.78125,24.278946,69.509926,1.6944735
2.466666666666667,49.081337,-4.7312956,-2.930421,68.06657,25.0,66.83829,47.511383,-5.228116,-3.3299894,67.78125,24.278946,69.509926,1.6944735
2.470833333333333,49.081337,-4.7312956,-2.930421,68.06657,25.0,66.83829,47.511383,-5.228116,-3.3299894,67.78125,24.278946,69.509926,1.6944735
2.475,49.081337,-4.7312956,-2.930421,68.06657,25.0,66.83829,47.511383,-5.228116,-3.3299894,67.78125,24.278946,69.509926,1.6944735
2.4791666666666665,49.081337,-4.7312956,-2.930421,68.06657,25.0,66.83829,47.511383,-5.228116,-3.3299894,67.78125,24.278946,69.509926,1.6944735
2.4833333333333334,49.081337,-4.7312956,-2.930421,68.06657,25.0,66.83829,47.511383,-5.228116,-3.3299894,67.78125,24.278946,69.509926,1.6944735
2.4875,49.081337,-4.7312956,-2.930421,68.06657,25.0,66.83829,47.511383,-5.228116,-3.3299894,67.78125,24.278946,69.509926,1.6944735
2.4916666666666667,49.081337,-4.7312956,-2.930421,68.06657,25.0,66.83829,47.511383,-5.228116,-3.3299894,67.78125,24.278946,69.509926,1.6944735
2.495833333333333,49.081337,-4.7312956,-2.930421,68.06657,25.0,66.83829,47.511383,-5.228116,-3.3299894,67.78125,24.278946,69.509926,1.6944735
2.5,49.081337,-4.7312956,-2.930421,68.06657,25.0,66.83829,47.511383,-5.228116,-3.3299894,67.78125,24.278946,69.509926,1.6944735
2.504166666666667,49.081337,-4.7312956,-2.930421,68.06657,25.0,66.83829,47.511383,-5.228116,-3.3299894,67.78125,24.278946,69.509926,1.6944735
2.5083333333333333,49.081337,-4.7312956,-2.930421,68.06657,25.0,66.83829,47.511383,-5.228116,-3.3299894,67.78125,24.278946,69.509926,1.6944735
2.5125,49.081337,-4.7312956,-2.930421,68.06657,25.0,66.83829,47.511383,-5.228116,-3.3299894,67.78125,24.278946,69.509926,1.6944735
2.5166666666666666,49.081337,-4.7312956,-2.930421,68.06657,25.0,66.83829,47.511383,-5.228116,-3.3299894,67.78125,24.278946,69.509926,1.6944735
2.5208333333333335,49.081337,-4.7312956,-2.930421,68.06657,25.0,66.83829,47.511383,-5.228116,-3.3299894,67.78125,24.278946,69.509926,1.6944735
2.525,49.081337,-4.7312956,-2.930421,68.06657,25.0,66.83829,47.511383,-5.228116,-3.3299894,67.78125,24.278946,69.509926,1.6944735
2.529166666666667,49.081337,-4.7312956,-2.930421,68.06657,25.0,66.83829,47.511383,-5.228116,-3.3299894,67.78125,24.278946,69.509926,1.6944735
2.533333333333333,49.081337,-4.7312956,-2.930421,68.06657,25.0,66.83829,47.51138,-5.228113,-3.3299918,67.78125,24.27895,69.50993,1.6944768
2.5375,49.081337,-4.7312956,-2.930421,68.06657,25.0,66.83829,47.511353,-5.228113,-3.3299732,67.781265,24.278954,69.50999,1.6944972
2.5416666666666665,49.081337,-4.7312956,-2.930421,68.06657,25.0,66.83829,47.511253,-5.2281036,-3.329907,67.7813,24.278969,69.51015,1.6945707
2.5458333333333334,49.081337,-4.7312956,-2.930421,68.06657,25.0,66.83829,47.51104,-5.2280693,-3.329794,67.781364,24.278984,69.51042,1.694732
2.55,49.081337,-4.7312956,-2.930421,68.06657,25.0,66.83829,47.51063,-5.2279854,-3.329671,67.78134,24.278976,69.51076,1.6950566
2.5541666666666667,49.081337,-4.7312956,-2.930421,68.06657,25.0,66.83829,47.50996,-5.2277517,-3.329578,67.781166,24.278881,69.51112,1.6955884
2.558333333333333,49.081337,-4.7312956,-2.930421,68.06657,25.0,66.83829,47.508915,-5.2272186,-3.3294826,67.78074,24.278587,69.511536,1.6963787
2.5625,49.081337,-4.7312956,-2.930421,68.06657,25.0,66.83829,47.507347,-5.2263412,-3.329311,67.779915,24.277977,69.51195,1.6975358
2.566666666666667,49.081337,-4.7312956,-2.930421,68.06657,25.0,66.83829,47.505165,-5.2250814,-3.329112,67.77842,24.276974,69.512054,1.6991459
2.5708333333333333,49.081337,-4.7312956,-2.930421,68.06657,25.0,66.83829,47.50241,-5.2233677,-3.32907,67.77606,24.275642,69.51154,1.7011948
2.575,49.081337,-4.7312956,-2.930421,68.06657,25.0,66.83829,47.4991,-5.2212677,-3.3294382,67.77274,24.274117,69.51,1.7037494
2.5791666666666666,49.081337,-4.7312956,-2.930421,68.06657,25.0,66.83829,47.49504,-5.2189465,-3.3304873,67.7683,24.2724,69.507324,1.7071004
2.5833333333333335,49.081337,-4.7312956,-2.930421,68.06657,25.0,66.83829,47.490223,-5.2167015,-3.332511,67.762596,24.270409,69.50329,1.7114143
2.5875,49.081337,-4.7312956,-2.930421,68.06657,25.0,66.83829,47.484707,-5.215028,-3.335843,67.75556,24.268326,69.498184,1.7168552
2.591666666666667,49.081337,-4.7312956,-2.930421,68.06657,25.0,66.83829,47.47843,-5.2143745,-3.340106,67.74727,24.265907,69.49379,1.7235174
2.595833333333333,49.081337,-4.7312956,-2.930421,68.06657,25.0,66.83829,47.470963,-5.2154436,-3.3450336,67.73786,24.26369,69.49198,1.7319379
2.6,49.081337,-4.7312956,-2.930421,68.06657,25.0,66.83829,47.462715,-5.2185717,-3.3498878,67.72746,24.261086,69.49182,1.741645
2.6041666666666665,49.081337,-4.7312956,-2.930421,68.06657,25.0,66.83829,47.454918,-5.2241936,-3.355237,67.71622,24.257324,69.49246,1.751758
2.6083333333333334,49.081337,-4.7312956,-2.930421,68.06657,25.0,66.83829,47.447166,-5.231777,-3.3621478,67.70522,24.26205,69.493576,1.7627771
2.6125,49.081337,-4.7312956,-2.930421,68.06657,25.0,66.83829,47.439842,-5.241124,-3.3710637,67.69511,24.274918,69.49409,1.7744284
2.6166666666666667,49.081337,-4.7312956,-2.930421,68.06657,25.0,66.83829,47.43327,-5.252057,-3.3861089,67.68264,24.291904,69.49348,1.787448
2.620833333333333,49.081337,-4.7312956,-2.930421,68.06657,25.0,66.83829,47.425507,-5.2665834,-3.4015522,67.66897,24.313072,69.49766,1.8028511
2.625,49.081337,-4.7312956,-2.930421,68.06657,25.0,66.83829,47.42176,-5.28419,-3.4240198,67.64435,24.3275,69.49771,1.8175604
2.629166666666667,49.081337,-4.7312956,-2.930421,68.06657,25.0,66.83829,47.42241,-5.3051977,-3.457096,67.615776,24.351665,69.4889,1.8327007
2.6333333333333333,49.081337,-4.7312956,-2.930421,68.06657,25.0,66.83829,47.431786,-5.3270426,-3.5017467,67.580215,24.393448,69.46661,1.8445452
2.6375,49.081337,-4.7312956,-2.930421,68.06657,25.0,66.83829,47.451576,-5.3531923,-3.5526648,67.54015,24.448353,69.440636,1.8520429
2.6416666666666666,49.081337,-4.7312956,-2.930421,68.06657,25.0,66.83829,47.46683,-5.385604,-3.601356,67.49422,24.502258,69.435936,1.8667892
2.6458333333333335,49.081337,-4.7312956,-2.930421,68.06657,25.0,66.83829,47.481194,-5.428834,-3.6639228,67.439026,24.552162,69.44472,1.893421
2.65,49.081337,-4.7312956,-2.930421,68.06657,25.0,66.83829,47.510925,-5.457576,-3.7264228,67.369064,24.641647,69.430664,1.9045458
2.654166666666667,49.08129,-4.731308,-2.9304245,68.06655,25.0,66.83845,47.5421,-5.491417,-3.787848,67.30122,24.731197,69.45613,1.9188678
2.658333333333333,49.08098,-4.7313943,-2.9304261,68.066475,25.0,66.83953,47.581436,-5.5149307,-3.8653226,67.20309,24.856796,69.51346,1.9330255
2.6625,49.080143,-4.7316194,-2.930429,68.06627,25.0,66.84243,47.604263,-5.5451193,-3.9483495,67.108086,24.963486,69.61812,1.9687979
2.6666666666666665,49.07855,-4.732046,-2.9304233,68.06589,25.0,66.84797,47.595665,-5.6027164,-4.0404644,67.03223,25.034828,69.75053,2.046754
2.6708333333333334,49.07596,-4.7327414,-2.9304266,68.065254,25.0,66.856964,47.5857,-5.688716,-4.108966,66.93915,25.033459,69.899925,2.1269014
2.675,49.072163,-4.733758,-2.930428,68.06433,25.0,66.87014,47.584976,-5.7254076,-4.1081166,66.901344,25.023037,69.98994,2.1405706
2.6791666666666667,49.066963,-4.7351513,-2.930429,68.06307,25.0,66.88818,47.594196,-5.778661,-4.1018276,66.919464,25.008091,70.0433,2.1517735
2.683333333333333,49.06016,-4.7369733,-2.9304347,68.061424,25.0,66.91179,47.599182,-5.815377,-4.1160655,66.95284,24.998264,70.1087,2.1686716
2.6875,49.051582,-4.739271,-2.9304233,68.05938,25.0,66.94154,47.562084,-5.8463926,-4.1306167,67.00143,25.094967,70.212906,2.2101552
2.691666666666667,49.041065,-4.7420907,-2.930425,68.05687,25.0,66.978004,47.54064,-5.8385897,-4.1276765,67.08706,25.187561,70.29064,2.210654
2.6958333333333333,49.02845,-4.745469,-2.9304254,68.05388,25.0,67.02172,47.51908,-5.8579235,-4.079047,67.18299,25.119244,70.31336,2.1988819
2.7,49.0136,-4.7494497,-2.930425,68.05039,25.0,67.07314,47.509727,-5.9070673,-4.1108646,67.209465,25.123116,70.27785,2.2349825
2.7041666666666666,48.996376,-4.754064,-2.9304247,68.04639,25.0,67.13274,47.537155,-5.915148,-4.2280765,67.27521,25.261284,70.283195,2.2718585
2.7083333333333335,48.97667,-4.7593446,-2.930426,68.041855,25.0,67.20087,47.538372,-5.8380117,-4.3499594,67.35323,25.388287,70.31525,2.290698
2.7125,48.954357,-4.7653213,-2.9304225,68.0368,25.0,67.27792,47.484352,-5.7787666,-4.4638715,67.343994,25.53347,70.349106,2.353604
2.716666666666667,48.929356,-4.7720222,-2.930424,68.03121,25.0,67.36417,47.439175,-5.74327,-4.509038,67.4223,25.734276,70.39944,2.378231
2.720833333333333,48.901566,-4.7794676,-2.9304245,68.02511,25.0,67.459915,47.444096,-5.6345596,-4.5822525,67.5192,25.994083,70.45697,2.3630354
2.725,48.87091,-4.787681,-2.9304228,68.01851,25.0,67.565384,47.433567,-5.5000887,-4.6588993,67.674164,26.295357,70.447296,2.358201
2.7291666666666665,48.837326,-4.796678,-2.9304247,68.01143,25.0,67.680756,47.34842,-5.3655777,-4.702915,67.74205,26.569862,70.52738,2.3837392
2.7333333333333334,48.800755,-4.8064814,-2.930428,68.00391,25.0,67.80618,47.232487,-5.2744665,-4.6124263,67.88553,26.781528,70.63985,2.346826
2.7375,48.761143,-4.817095,-2.9304254,67.99598,25.0,67.941795,47.171818,-5.24475,-4.501012,68.05801,26.89529,70.76634,2.2749913
2.7416666666666667,48.718452,-4.828533,-2.9304235,67.987686,25.0,68.08767,47.140022,-5.2295465,-4.4588037,68.160645,27.022408,70.89691,2.2334278
2.745833333333333,48.672657,-4.8408046,-2.9304283,67.97907,25.0,68.24383,47.10405,-5.2591867,-4.4240546,68.2792,27.193165,70.99837,2.2060127
2.75,48.623726,-4.853916,-2.930427,67.97021,25.0,68.41031,47.084053,-5.321699,-4.36671,68.399185,27.350319,71.076614,2.1569245
2.754166666666667,48.57165,-4.8678665,-2.9304247,67.96114,25.0,68.58708,47.087494,-5.420991,-4.2824483,68.503,27.457989,71.14965,2.0824597
2.7583333333333333,48.51643,-4.8826666,-2.9304276,67.95195,25.0,68.77407,47.10083,-5.549412,-4.220817,68.57481,27.502129,71.22275,2.0281954
2.7625,48.45806,-4.898304,-2.9304247,67.9427,25.0,68.97121,47.0863,-5.6490183,-4.1918674,68.57611,27.514233,71.30241,2.0091138
2.7666666666666666,48.396553,-4.9147887,-2.9304302,67.93347,25.0,69.178375,47.064697,-5.7697678,-4.1853714,68.56627,27.550804,71.28964,2.0198283
2.7708333333333335,48.33193,-4.932101,-2.9304278,67.92435,25.0,69.39543,47.0904,-5.94608,-4.2477307,68.55372,27.598137,71.22325,2.0748088
2.775,48.26421,-4.9502463,-2.9304261,67.91541,25.0,69.62221,47.141804,-6.1545916,-4.346477,68.583336,27.592022,71.15079,2.1715071
2.779166666666667,48.19343,-4.96921,-2.930426,67.90675,25.0,69.85849,47.14573,-6.317526,-4.382064,68.676346,27.642967,71.11648,2.2411802
2.783333333333333,48.119633,-4.988987,-2.9304233,67.89847,25.0,70.10408,47.053925,-6.4480066,-4.41987,68.72403,27.748363,71.1766,2.3415644
2.7875,48.042862,-5.0095577,-2.9304235,67.89064,25.0,70.35871,46.952755,-6.607848,-4.469363,68.77432,27.863873,71.24321,2.4720843
2.7916666666666665,47.963165,-5.0309095,-2.9304276,67.88336,25.0,70.622154,46.88732,-6.758566,-4.5399485,68.83895,27.977982,71.264435,2.5947628
2.7958333333333334,47.880608,-5.0530343,-2.9304278,67.87675,25.0,70.89409,46.817127,-6.87914,-4.6297493,68.91681,28.168007,71.30155,2.7117054
2.8,47.795254,-5.075904,-2.9304264,67.87088,25.0,71.17423,46.711525,-6.958706,-4.663598,69.015,28.375698,71.414314,2.7790818
2.8041666666666667,47.70717,-5.099505,-2.9304245,67.86586,25.0,71.46227,46.597725,-6.9984407,-4.638394,69.11335,28.54652,71.595856,2.7845974
2.808333333333333,47.616432,-5.12382,-2.9304266,67.86178,25.0,71.75786,46.52038,-7.0368557,-4.638865,69.22035,28.771786,71.77162,2.7892299
2.8125,47.523125,-5.148821,-2.9304247,67.858734,25.0,72.06065,46.431778,-7.0820312,-4.6692038,69.29581,29.013561,71.93941,2.8198745
2.816666666666667,47.427334,-5.1744895,-2.9304276,67.85681,25.0,72.37029,46.370327,-7.127513,-4.6826277,69.357445,29.20514,72.113625,2.82874
2.8208333333333333,47.329147,-5.2007976,-2.9304302,67.8561,25.0,72.68641,46.301254,-7.1635084,-4.6726627,69.42962,29.383469,72.35141,2.8185408
2.825,47.22866,-5.2277255,-2.930426,67.856705,25.0,73.00862,46.24801,-7.2058306,-4.6673384,69.54891,29.528996,72.60795,2.8091712
2.8291666666666666,47.125977,-5.2552366,-2.930425,67.85868,25.0,73.33653,46.154724,-7.209305,-4.646704,69.64075,29.663578,72.881905,2.7762077
2.8333333333333335,47.0212,-5.283313,-2.9304283,67.862114,25.0,73.66974,46.050026,-7.233444,-4.6492524,69.79276,29.7709,73.15541,2.7749856
2.8375,46.914433,-5.3119197,-2.9304287,67.86708,25.0,74.00784,45.973457,-7.2659407,-4.651576,69.91278,29.835262,73.43866,2.7687507
2.841666666666667,46.80579,-5.341031,-2.9304338,67.87364,25.0,74.35043,45.922874,-7.3024054,-4.628324,70.06729,29.906303,73.70767,2.7403212
2.845833333333333,46.695385,-5.3706107,-2.930422,67.88188,25.0,74.697105,45.879997,-7.316085,-4.6135216,70.17381,29.953163,74.01912,2.69862
2.85,46.58334,-5.4006357,-2.9304242,67.89182,25.0,75.04741,45.812332,-7.31843,-4.586616,70.27461,29.94891,74.356964,2.6486523
2.8541666666666665,46.469772,-5.431069,-2.9304268,67.90353,25.0,75.40095,45.748913,-7.341792,-4.5377374,70.374374,29.903996,74.72667,2.5988362
2.8583333333333334,46.3548,-5.4618726,-2.9304237,67.91704,25.0,75.7573,45.679306,-7.3690367,-4.503035,70.49146,29.847034,75.10127,2.5625525
2.8625,46.23856,-5.493019,-2.9304276,67.93238,25.0,76.116035,45.636917,-7.3863916,-4.466255,70.59974,29.807278,75.461914,2.5110955
2.8666666666666667,46.12117,-5.524472,-2.9304278,67.94959,25.0,76.476746,45.5791,-7.3990917,-4.4267373,70.718155,29.781136,75.831024,2.4590607
2.870833333333333,46.00277,-5.5561986,-2.9304235,67.9687,25.0,76.838974,45.51934,-7.4085445,-4.3745294,70.84183,29.731525,76.23657,2.3979847
2.875,45.88348,-5.588161,-2.9304261,67.989685,25.0,77.20235,45.46221,-7.4186487,-4.322546,70.93405,29.658161,76.65029,2.33798
2.879166666666667,45.763447,-5.620324,-2.930427,68.01257,25.0,77.56641,45.389866,-7.418151,-4.290539,71.00739,29.59657,77.069214,2.2850924
2.8833333333333333,45.642796,-5.652655,-2.930425,68.03736,25.0,77.930756,45.273323,-7.419544,-4.269457,71.06772,29.550865,77.47883,2.247535
2.8875,45.521664,-5.68511,-2.9304268,68.06402,25.0,78.295,45.16845,-7.4271793,-4.237801,71.1429,29.499172,77.896675,2.2065341
2.8916666666666666,45.40019,-5.7176585,-2.9304266,68.09254,25.0,78.658714,45.06962,-7.418704,-4.2014174,71.1914,29.436012,78.337685,2.1490114
2.8958333333333335,45.278507,-5.750264,-2.9304252,68.12289,25.0,79.0215,44.969788,-7.412017,-4.1693025,71.251755,29.359962,78.7512,2.0956018
2.9,45.156757,-5.7828875,-2.930426,68.15502,25.0,79.382965,44.836372,-7.368844,-4.1197405,71.27495,29.269447,79.188255,2.0080774
2.904166666666667,45.035076,-5.815491,-2.9304287,68.188896,25.0,79.74273,44.683807,-7.343049,-4.08155,71.30296,29.15945,79.61055,1.9447116
2.908333333333333,44.9136,-5.84804,-2.9304242,68.22447,25.0,80.1004,44.547123,-7.324794,-4.035549,71.30023,29.031376,80.03404,1.8805342
2.9125,44.79247,-5.8804975,-2.930427,68.261665,25.0,80.455605,44.424175,-7.3063326,-3.9840388,71.31673,28.92199,80.47228,1.8107302
2.9166666666666665,44.671818,-5.912827,-2.9304273,68.30042,25.0,80.807976,44.312515,-7.2651186,-3.9320426,71.30864,28.789135,80.923546,1.7207626
2.9208333333333334,44.551785,-5.94499,-2.9304242,68.34067,25.0,81.15716,44.176342,-7.217285,-3.892023,71.30961,28.643139,81.36466,1.6384029
2.925,44.432495,-5.9769516,-2.930424,68.38231,25.0,81.5028,44.03471,-7.1749105,-3.8412008,71.31329,28.510303,81.79252,1.5565517
2.9291666666666667,44.314095,-6.0086756,-2.930429,68.425255,25.0,81.84455,43.901375,-7.1418867,-3.7936797,71.32182,28.369251,82.2028,1.483141
2.933333333333333,44.196705,-6.040132,-2.9304242,68.46944,25.0,82.18209,43.781418,-7.098584,-3.7430606,71.305145,28.230518,82.60902,1.3975557
2.9375,44.080463,-6.071281,-2.9304261,68.514725,25.0,82.51508,43.654694,-7.055976,-3.6980848,71.29445,28.097492,83.007454,1.3191679
2.941666666666667,43.965496,-6.1020837,-2.930427,68.56102,25.0,82.843216,43.50637,-7.017144,-3.6367822,71.26788,27.977772,83.402985,1.2438124
2.9458333333333333,43.851925,-6.132518,-2.9304283,68.60822,25.0,83.1662,43.35795,-6.9867954,-3.5849118,71.23638,27.87357,83.77274,1.184125
2.95,43.73988,-6.1625385,-2.9304256,68.65621,25.0,83.48371,43.21351,-6.956147,-3.5539112,71.19126,27.788044,84.10612,1.138251
2.9541666666666666,43.629475,-6.1921215,-2.930428,68.704865,25.0,83.7955,43.08496,-6.90792,-3.5317159,71.145874,27.746021,84.41344,1.0818547
2.9583333333333335,43.520832,-6.22123,-2.9304268,68.75407,25.0,84.10128,42.964027,-6.8826275,-3.5725965,71.100586,27.678272,84.70945,1.076968
2.9625,43.414066,-6.24984,-2.9304254,68.803696,25.0,84.40078,42.84752,-6.865571,-3.6503906,71.05112,27.626167,84.979576,1.1038346
2.966666666666667,43.309288,-6.277915,-2.9304268,68.853615,25.0,84.693756,42.75509,-6.8316526,-3.7427726,70.99896,27.61496,85.226395,1.1285689
2.970833333333333,43.206604,-6.3054295,-2.9304247,68.90371,25.0,84.97998,42.65824,-6.777403,-3.8246574,70.95089,27.607727,85.466446,1.1502664
2.975,43.106117,-6.332353,-2.9304242,68.95384,25.0,85.25923,42.563545,-6.71206,-3.9034004,70.901085,27.593822,85.70412,1.176964
2.9791666666666665,43.00793,-6.358662,-2.9304264,69.00388,25.0,85.53127,42.475475,-6.6383286,-3.982716,70.84897,27.580036,85.94072,1.2120378
2.9833333333333334,42.91214,-6.3843307,-2.9304283,69.05371,25.0,85.79591,42.387222,-6.5726204,-4.0527415,70.79004,27.554455,86.17946,1.2532272
2.9875,42.818832,-6.40933,-2.9304235,69.1032,25.0,86.05298,42.30223,-6.529849,-4.112809,70.75092,27.548286,86.44115,1.2959312
2.9916666666666667,42.728096,-6.4336452,-2.9304252,69.15222,25.0,86.30228,42.224228,-6.491151,-4.154715,70.71077,27.517025,86.71658,1.32517
2.995833333333333,42.64001,-6.4572473,-2.9304276,69.200645,25.0,86.54366,42.168327,-6.449295,-4.1809134,70.674,27.457527,86.99695,1.3365117
3.0,42.554653,-6.4801183,-2.9304276,69.24836,25.0,86.776985,42.117546,-6.4004297,-4.16728,70.66116,27.367496,87.27826,1.3142364
3.004166666666667,42.472095,-6.5022388,-2.9304237,69.29525,25.0,87.00211,42.076427,-6.3662453,-4.1542716,70.640594,27.246452,87.52011,1.2933874
3.0083333333333333,42.392403,-6.523595,-2.9304276,69.34119,25.0,87.21891,42.040527,-6.343895,-4.1295476,70.62782,27.110516,87.733185,1.2625359
3.0125,42.315628,-6.544164,-2.9304247,69.38608,25.0,87.42731,41.99323,-6.3384457,-4.059237,70.642334,26.95354,87.938576,1.1918383
3.0166666666666666,42.241833,-6.56394,-2.9304252,69.42981,25.0,87.62718,41.983913,-6.308242,-3.9638963,70.62674,26.861687,88.13861,1.0954298
3.0208333333333335,42.171055,-6.5829034,-2.9304264,69.47228,25.0,87.8185,41.992344,-6.2777176,-3.8620381,70.60515,26.755234,88.32946,0.996482
3.025,42.103336,-6.6010485,-2.9304254,69.51341,25.0,88.00118,42.001553,-6.260337,-3.757187,70.61266,26.62524,88.47258,0.8999883
3.029166666666667,42.03871,-6.618364,-2.9304235,69.55311,25.0,88.17519,42.02911,-6.258361,-3.631322,70.709366,26.528969,88.6226,0.7880057
3.033333333333333,41.977203,-6.634845,-2.9304252,69.591286,25.0,88.34052,42.049816,-6.2637844,-3.5194411,70.84237,26.417683,88.74274,0.6999273
3.0375,41.918835,-6.6504855,-2.930427,69.62788,25.0,88.49715,42.07699,-6.2676477,-3.4325056,70.96305,26.329487,88.82869,0.65089184
3.0416666666666665,41.86361,-6.665283,-2.9304285,69.66282,25.0,88.6451,42.09478,-6.2748537,-3.3548255,71.04529,26.239109,88.92128,0.62127924
3.0458333333333334,41.81154,-6.679234,-2.9304285,69.69605,25.0,88.7844,42.09423,-6.2685165,-3.2771678,71.09331,26.16114,89.02402,0.6073152
3.05,41.762608,-6.692344,-2.9304268,69.72754,25.0,88.915115,42.08899,-6.2639704,-3.2125154,71.079666,26.130798,89.111946,0.60794985
3.0541666666666667,41.71681,-6.704617,-2.9304252,69.75723,25.0,89.0373,42.09398,-6.247587,-3.1592007,71.03225,26.102524,89.17032,0.63519454
3.058333333333333,41.67412,-6.716058,-2.9304292,69.785095,25.0,89.15104,42.09553,-6.2463465,-3.1221914,70.96069,26.043823,89.19539,0.6595358
3.0625,41.63451,-6.7266707,-2.9304283,69.81112,25.0,89.25647,42.069954,-6.2731094,-3.1003532,70.87423,26.008564,89.21931,0.65130925
3.066666666666667,41.597935,-6.7364693,-2.9304276,69.83529,25.0,89.35372,42.05946,-6.3099174,-3.083518,70.79079,25.967072,89.26236,0.64682955
3.0708333333333333,41.564354,-6.7454686,-2.9304254,69.857605,25.0,89.44292,42.028526,-6.369051,-3.061512,70.695755,25.908089,89.35913,0.61182505
3.075,41.5337,-6.75368,-2.9304268,69.87807,25.0,89.52428,41.963387,-6.398408,-3.0138597,70.60359,25.835903,89.48578,0.5637471
3.0791666666666666,41.50591,-6.7611275,-2.930426,69.896706,25.0,89.59797,41.899967,-6.4058313,-2.9743671,70.543625,25.798843,89.58002,0.5323984
3.0833333333333335,41.480904,-6.7678294,-2.9304254,69.91354,25.0,89.66423,41.846466,-6.425494,-2.9605417,70.52568,25.815678,89.57691,0.5017333
3.0875,41.458595,-6.773806,-2.9304273,69.92861,25.0,89.723305,41.78929,-6.4613924,-2.9493685,70.53518,25.845943,89.542244,0.45532516
3.091666666666667,41.438885,-6.779087,-2.930427,69.94197,25.0,89.775475,41.724464,-6.5221424,-2.9412947,70.557495,25.853458,89.54634,0.3843103
3.095833333333333,41.421665,-6.7837005,-2.930431,69.95367,25.0,89.82102,41.660015,-6.596636,-2.9225025,70.60929,25.844154,89.5692,0.30309525
3.1,41.406815,-6.78768,-2.9304266,69.96379,25.0,89.86029,41.616234,-6.6556034,-2.8853207,70.65825,25.827816,89.592545,0.2516649
3.1041666666666665,41.3942,-6.7910624,-2.9304264,69.972404,25.0,89.89363,41.580322,-6.7176847,-2.828557,70.727844,25.796627,89.619705,0.22450694
3.1083333333333334,41.38368,-6.79388,-2.930425,69.9796,25.0,89.92143,41.542137,-6.780691,-2.7594233,70.80609,25.756187,89.651276,0.2335052
3.1125,41.375103,-6.796178,-2.930428,69.985466,25.0,89.944084,41.509323,-6.8273573,-2.6909761,70.89645,25.704895,89.67539,0.27626872
3.1166666666666667,41.3683,-6.7980003,-2.930424,69.990135,25.0,89.96205,41.478752,-6.8618,-2.6301928,70.99127,25.664719,89.67904,0.32620326
3.120833333333333,41.3631,-6.7993927,-2.930427,69.9937,25.0,89.97579,41.46059,-6.8969975,-2.5660095,71.07275,25.628632,89.67602,0.3896557
3.125,41.359306,-6.800412,-2.9304256,69.99631,25.0,89.9858,41.44564,-6.922579,-2.5017452,71.149536,25.598164,89.687805,0.45403212
3.129166666666667,41.356716,-6.8011036,-2.930425,69.998085,25.0,89.992645,41.44131,-6.943218,-2.441143,71.21083,25.56889,89.694176,0.51647806
3.1333333333333333,41.35512,-6.8015337,-2.930425,69.99918,25.0,89.99685,41.440273,-6.9615736,-2.387456,71.254135,25.53666,89.693954,0.57243246
3.1375,41.354286,-6.8017573,-2.930426,69.999756,25.0,89.999054,41.440926,-6.9774733,-2.3532457,71.27269,25.50536,89.67097,0.6095239
3.1416666666666666,41.353973,-6.8018384,-2.930425,69.99997,25.0,89.999886,41.44864,-6.994439,-2.3298063,71.27203,25.475876,89.63822,0.6378082
3.1458333333333335,41.353928,-6.8018513,-2.930426,70.0,25.0,90.0,41.455315,-7.0113277,-2.3157005,71.259,25.43523,89.59819,0.6573028
3.15,41.353928,-6.8018513,-2.930426,70.0,25.0,90.0,41.464386,-7.0278397,-2.3094711,71.23584,25.390503,89.55429,0.6699676
3.154166666666667,41.353928,-6.8018513,-2.930426,70.0,25.0,90.0,41.476894,-7.043559,-2.3070574,71.21458,25.351097,89.51046,0.6798027
3.158333333333333,41.353928,-6.8018513,-2.930426,70.0,25.0,90.0,41.4896,-7.05746,-2.3082066,71.19689,25.318916,89.468124,0.6862215
3.1625,41.353928,-6.8018513,-2.930426,70.0,25.0,90.0,41.501343,-7.069479,-2.31629,71.17479,25.294746,89.426735,0.6859437
3.1666666666666665,41.353928,-6.8018513,-2.930426,70.0,25.0,90.0,41.515495,-7.078084,-2.337453,71.153946,25.27478,89.374596,0.67381424
3.1708333333333334,41.353928,-6.8018513,-2.930426,70.0,25.0,90.0,41.52788,-7.0846586,-2.3635101,71.13379,25.261448,89.323975,0.6569882
3.175,41.353928,-6.8018513,-2.930426,70.0,25.0,90.0,41.53559,-7.0898294,-2.393056,71.11297,25.258327,89.27758,0.63616
3.1791666666666667,41.353928,-6.8018513,-2.930426,70.0,25.0,90.0,41.544582,-7.096612,-2.4230232,71.091324,25.260456,89.23645,0.6170013
3.183333333333333,41.353928,-6.8018513,-2.930426,70.0,25.0,90.0,41.553474,-7.1040173,-2.451707,71.07156,25.267223,89.201904,0.60024583
3.1875,41.353928,-6.8018513,-2.930426,70.0,25.0,90.0,41.56068,-7.1110487,-2.479331,71.05322,25.276176,89.1732,0.5846677
3.191666666666667,41.353928,-6.8018513,-2.930426,70.0,25.0,90.0,41.566097,-7.117461,-2.504939,71.0369,25.28677,89.14966,0.5706703
3.1958333333333333,41.353928,-6.8018513,-2.930426,70.0,25.0,90.0,41.570183,-7.1231985,-2.528761,71.0221,25.298416,89.13122,0.558001
3.2,41.353928,-6.8018513,-2.930426,70.0,25.0,90.0,41.573215,-7.128071,-2.5502892,71.0085,25.310318,89.1176,0.5468184
3.2041666666666666,41.353928,-6.8018513,-2.930426,70.0,25.0,90.0,41.57544,-7.1320457,-2.569252,70.99657,25.32265,89.10808,0.53716147
3.2083333333333335,41.353928,-6.8018513,-2.930426,70.0,25.0,90.0,41.577293,-7.1352463,-2.5856628,70.9867,25.334438,89.101746,0.5290615
3.2125,41.353928,-6.8018513,-2.930426,70.0,25.0,90.0,41.5788,-7.137804,-2.5993748,70.978935,25.345161,89.09775,0.52251965
3.216666666666667,41.353928,-6.8018513,-2.930426,70.0,25.0,90.0,41.580013,-7.139612,-2.610424,70.973045,25.354473,89.09535,0.51729906
3.220833333333333,41.353928,-6.8018513,-2.930426,70.0,25.0,90.0,41.58104,-7.1408186,-2.619009,70.96875,25.362217,89.093864,0.51328266
3.225,41.353928,-6.8018513,-2.930426,70.0,25.0,90.0,41.581886,-7.1416416,-2.625371,70.96568,25.36826,89.09294,0.51037353
3.2291666666666665,41.353928,-6.8018513,-2.930426,70.0,25.0,90.0,41.582447,-7.1423225,-2.6298685,70.963715,25.372646,89.09248,0.5084059
3.2333333333333334,41.353928,-6.8018513,-2.930426,70.0,25.0,90.0,41.582714,-7.1429186,-2.632904,70.96262,25.375576,89.09225,0.50713843
3.2375,41.353928,-6.8018513,-2.930426,70.0,25.0,90.0,41.58282,-7.143402,-2.6348114,70.96209,25.37735,89.09206,0.5063961
3.2416666666666667,41.353928,-6.8018513,-2.930426,70.0,25.0,90.0,41.58285,-7.143791,-2.6359367,70.96183,25.378376,89.091866,0.5060167
3.245833333333333,41.353928,-6.8018513,-2.930426,70.0,25.0,90.0,41.582882,-7.144086,-2.6365786,70.96167,25.378857,89.091644,0.5058566
3.25,41.353928,-6.8018513,-2.930426,70.0,25.0,90.0,41.582912,-7.144266,-2.636919,70.96156,25.379063,89.09144,0.5057947
3.254166666666667,41.353928,-6.8018513,-2.930426,70.0,25.0,90.0,41.58295,-7.1443405,-2.6370983,70.96151,25.379139,89.091324,0.50575835
3.2583333333333333,41.353928,-6.8018513,-2.930426,70.0,25.0,90.0,41.582962,-7.144375,-2.6371717,70.96149,25.379143,89.091286,0.50574416
3.2625,41.353928,-6.8018513,-2.930426,70.0,25.0,90.0,41.582966,-7.144375,-2.6371803,70.96147,25.379139,89.09128,0.50574094
3.2666666666666666,41.353928,-6.8018513,-2.930426,70.0,25.0,90.0,41.58297,-7.144373,-2.637187,70.961464,25.379128,89.09128,0.5057375
3.2708333333333335,41.353928,-6.8018513,-2.930426,70.0,25.0,90.0,41.582966,-7.144376,-2.6371841,70.961464,25.379131,89.09128,0.50573933
3.275,41.353928,-6.8018513,-2.930426,70.0,25.0,90.0,41.582966,-7.144376,-2.6371841,70.961464,25.379131,89.09128,0.50573933
3.279166666666667,41.353928,-6.8018513,-2.930426,70.0,25.0,90.0,41.58297,-7.144374,-2.637187,70.961464,25.379131,89.09128,0.50573814
3.283333333333333,41.353928,-6.8018513,-2.930426,70.0,25.0,90.0,41.582966,-7.144374,-2.6371822,70.96147,25.379131,89.09128,0.50573915
3.2875,41.353928,-6.8018513,-2.930426,70.0,25.0,90.0,41.58297,-7.144376,-2.637188,70.96147,25.379131,89.09128,0.50573885
3.2916666666666665,41.353928,-6.8018513,-2.930426,70.0,25.0,90.0,41.58297,-7.144373,-2.6371841,70.961464,25.379131,89.09128,0.50573915
3.2958333333333334,41.353928,-6.8018513,-2.930426,70.0,25.0,90.0,41.58297,-7.144376,-2.637186,70.961464,25.379128,89.09127,0.50574
3.3,41.353928,-6.8018513,-2.930426,70.0,25.0,90.0,41.58297,-7.144374,-2.6371832,70.961464,25.379124,89.09127,0.50574034
3.3041666666666667,41.353928,-6.8018513,-2.930426,70.0,25.0,90.0,41.58297,-7.144374,-2.6371841,70.961464,25.379131,89.09127,0.5057398
3.308333333333333,41.353928,-6.8018513,-2.930426,70.0,25.0,90.0,41.58297,-7.144376,-2.6371813,70.961464,25.379135,89.09128,0.5057427
3.3125,41.353928,-6.8018513,-2.930426,70.0,25.0,90.0,41.582966,-7.144376,-2.6371832,70.961464,25.379135,89.09127,0.50573987
3.316666666666667,41.353928,-6.8018513,-2.930426,70.0,25.0,90.0,41.582973,-7.144371,-2.6371832,70.961464,25.379131,89.09127,0.5057401
3.3208333333333333,41.353928,-6.8018513,-2.930426,70.0,25.0,90.0,41.582973,-7.144374,-2.6371813,70.961464,25.379128,89.09128,0.5057432
3.325,41.353928,-6.8018513,-2.930426,70.0,25.0,90.0,41.582973,-7.144373,-2.6371832,70.96147,25.379128,89.09128,0.5057414
3.3291666666666666,41.353928,-6.8018513,-2.930426,70.0,25.0,90.0,41.582977,-7.14437,-2.637186,70.961464,25.379131,89.09127,0.50573957
3.3333333333333335,41.353928,-6.8018513,-2.930426,70.0,25.0,90.0,41.58297,-7.144374,-2.6371832,70.961464,25.379135,89.09128,0.50574034
3.3375,41.353928,-6.8018513,-2.930426,70.0,25.0,90.0,41.582973,-7.144376,-2.6371832,70.961464,25.379131,89.09128,0.5057434
3.341666666666667,41.353928,-6.8018513,-2.930426,70.0,25.0,90.0,41.582973,-7.144376,-2.6371832,70.961464,25.379131,89.09128,0.5057434
3.345833333333333,41.353928,-6.8018513,-2.930426,70.0,25.0,90.0,41.58297,-7.144376,-2.6371832,70.961464,25.379135,89.09128,0.50574166
3.35,41.353928,-6.8018513,-2.930426,70.0,25.0,90.0,41.58297,-7.144376,-2.6371832,70.961464,25.379131,89.09128,0.50574166
3.3541666666666665,41.353928,-6.8018513,-2.930426,70.0,25.0,90.0,41.58297,-7.144376,-2.6371841,70.961464,25.379131,89.09128,0.5057411
3.3583333333333334,41.353928,-6.8018513,-2.930426,70.0,25.0,90.0,41.58297,-7.144376,-2.6371841,70.961464,25.379131,89.09128,0.5057411
3.3625,41.353928,-6.8018513,-2.930426,70.0,25.0,90.0,41.58297,-7.144376,-2.6371841,70.961464,25.379131,89.09128,0.5057411
3.3666666666666667,41.353928,-6.8018513,-2.930426,70.0,25.0,90.0,41.58297,-7.144376,-2.6371841,70.961464,25.379131,89.09128,0.5057411
3.370833333333333,41.353928,-6.8018513,-2.930426,70.0,25.0,90.0,41.58297,-7.144376,-2.6371841,70.961464,25.379131,89.09128,0.5057411
3.375,41.353928,-6.8018513,-2.930426,70.0,25.0,90.0,41.58297,-7.144376,-2.6371841,70.961464,25.379131,89.09128,0.5057411
3.379166666666667,41.353928,-6.8018513,-2.930426,70.0,25.0,90.0,41.58297,-7.144376,-2.6371841,70.961464,25.379131,89.09128,0.5057411
3.3833333333333333,41.353928,-6.8018513,-2.930426,70.0,25.0,90.0,41.58297,-7.144376,-2.6371841,70.961464,25.379131,89.09128,0.5057411
3.3875,41.353928,-6.8018513,-2.930426,70.0,25.0,90.0,41.58297,-7.144376,-2.6371841,70.961464,25.379131,89.09128,0.5057411
3.3916666666666666,41.353928,-6.8018513,-2.930426,70.0,25.0,90.0,41.58297,-7.144376,-2.6371841,70.961464,25.379131,89.09128,0.5057411
3.3958333333333335,41.353928,-6.8018513,-2.930426,70.0,25.0,90.0,41.58297,-7.144376,-2.6371841,70.961464,25.379131,89.09128,0.5057411
3.4,41.353928,-6.8018513,-2.930426,70.0,25.0,90.0,41.58297,-7.144376,-2.6371841,70.961464,25.379131,89.09128,0.5057411
3.404166666666667,41.353928,-6.8018513,-2.930426,70.0,25.0,90.0,41.58297,-7.144376,-2.6371841,70.961464,25.379131,89.09128,0.5057411
3.408333333333333,41.353928,-6.8018513,-2.930426,70.0,25.0,90.0,41.58297,-7.144376,-2.6371841,70.961464,25.379131,89.09128,0.5057411
3.4125,41.353928,-6.8018513,-2.930426,70.0,25.0,90.0,41.58297,-7.144376,-2.6371841,70.961464,25.379131,89.09128,0.5057411
3.4166666666666665,41.353928,-6.8018513,-2.930426,70.0,25.0,90.0,41.58297,-7.144376,-2.6371841,70.961464,25.379131,89.09128,0.5057411
3.4208333333333334,41.353928,-6.8018513,-2.930426,70.0,25.0,90.0,41.58297,-7.144376,-2.6371841,70.961464,25.379131,89.09128,0.5057411
3.425,41.353928,-6.8018513,-2.930426,70.0,25.0,90.0,41.58297,-7.144376,-2.6371841,70.961464,25.379131,89.09128,0.5057411
3.4291666666666667,41.353928,-6.8018513,-2.930426,70.0,25.0,90.0,41.58297,-7.144376,-2.6371841,70.961464,25.379131,89.09128,0.5057411
3.433333333333333,41.353928,-6.8018513,-2.930426,70.0,25.0,90.0,41.58297,-7.144376,-2.6371841,70.961464,25.379131,89.09128,0.5057411
3.4375,41.353928,-6.8018513,-2.930426,70.0,25.0,90.0,41.58297,-7.144376,-2.6371841,70.961464,25.379131,89.09128,0.5057411
3.441666666666667,41.353928,-6.8018513,-2.930426,70.0,25.0,90.0,41.58297,-7.144376,-2.6371841,70.961464,25.379131,89.09128,0.5057411
3.4458333333333333,41.353928,-6.8018513,-2.930426,70.0,25.0,90.0,41.58297,-7.144376,-2.6371841,70.961464,25.379131,89.09128,0.5057411
3.45,41.353928,-6.8018513,-2.930426,70.0,25.0,90.0,41.58297,-7.144376,-2.6371841,70.961464,25.379131,89.09128,0.5057411
3.4541666666666666,41.353928,-6.8018513,-2.930426,70.0,25.0,90.0,41.58297,-7.144376,-2.6371841,70.961464,25.379131,89.09128,0.5057411
3.4583333333333335,41.353928,-6.8018513,-2.930426,70.0,25.0,90.0,41.58297,-7.144376,-2.6371841,70.961464,25.379131,89.09128,0.5057411
3.4625,41.353928,-6.8018513,-2.930426,70.0,25.0,90.0,41.58297,-7.144376,-2.6371841,70.961464,25.379131,89.09128,0.5057411
3.466666666666667,41.353928,-6.8018513,-2.930426,70.0,25.0,90.0,41.58297,-7.144376,-2.6371841,70.961464,25.379131,89.09128,0.5057411
3.470833333333333,41.353928,-6.8018513,-2.930426,70.0,25.0,90.0,41.58297,-7.144376,-2.6371841,70.961464,25.379131,89.09128,0.5057411
3.475,41.353928,-6.8018513,-2.930426,70.0,25.0,90.0,41.58297,-7.144376,-2.6371841,70.961464,25.379131,89.09128,0.5057411
3.4791666666666665,41.353928,-6.8018513,-2.930426,70.0,25.0,90.0,41.58297,-7.144376,-2.6371841,70.961464,25.379131,89.09128,0.5057411
3.4833333333333334,41.353928,-6.8018513,-2.930426,70.0,25.0,90.0,41.58297,-7.144376,-2.6371841,70.961464,25.379131,89.09128,0.5057411
3.4875,41.353928,-6.8018513,-2.930426,70.0,25.0,90.0,41.58297,-7.144376,-2.6371841,70.961464,25.379131,89.09128,0.5057411
3.4916666666666667,41.353928,-6.8018513,-2.930426,70.0,25.0,90.0,41.58297,-7.144376,-2.6371841,70.961464,25.379131,89.09128,0.5057411
3.495833333333333,41.353928,-6.8018513,-2.930426,70.0,25.0,90.0,41.58297,-7.144376,-2.6371841,70.961464,25.379131,89.09128,0.5057411
3.5,41.353928,-6.8018513,-2.930426,70.0,25.0,90.0,41.58297,-7.144376,-2.6371841,70.961464,25.379131,89.09128,0.5057411
3.504166666666667,41.353928,-6.8018513,-2.930426,70.0,25.0,90.0,41.58297,-7.144376,-2.6371841,70.961464,25.379131,89.09128,0.5057411
3.5083333333333333,41.353928,-6.8018513,-2.930426,70.0,25.0,90.0,41.58297,-7.144376,-2.6371841,70.961464,25.379131,89.09128,0.5057411
3.5125,41.353928,-6.8018513,-2.930426,70.0,25.0,90.0,41.58297,-7.144374,-2.6371841,70.961464,25.379131,89.09128,0.5057398
3.5166666666666666,41.353928,-6.8018513,-2.930426,70.0,25.0,90.0,41.582973,-7.144374,-2.6371841,70.96146,25.379131,89.09128,0.5057415
3.5208333333333335,41.353928,-6.8018513,-2.930426,70.0,25.0,90.0,41.58297,-7.144374,-2.6371841,70.96146,25.379128,89.09128,0.5057398
3.525,41.353928,-6.8018513,-2.930426,70.0,25.0,90.0,41.58297,-7.144374,-2.6371841,70.96146,25.379128,89.09128,0.5057398
3.529166666666667,41.353928,-6.8018513,-2.930426,70.0,25.0,90.0,41.58297,-7.144373,-2.6371832,70.96146,25.379128,89.09128,0.5057397
3.533333333333333,41.353928,-6.8018513,-2.930426,70.0,25.0,90.0,41.58297,-7.144374,-2.6371822,70.96146,25.379128,89.09128,0.5057409
3.5375,41.353928,-6.8018513,-2.930426,70.0,25.0,90.0,41.58297,-7.14437,-2.6371841,70.96146,25.379128,89.09128,0.5057372
3.5416666666666665,41.353928,-6.8018513,-2.930426,70.0,25.0,90.0,41.582973,-7.14437,-2.6371822,70.96146,25.379128,89.09128,0.50574005
3.5458333333333334,41.353928,-6.8018513,-2.930426,70.0,25.0,90.0,41.58297,-7.144368,-2.6371841,70.96146,25.379128,89.09128,0.50573593
3.55,41.353928,-6.8018513,-2.930426,70.0,25.0,90.0,41.58297,-7.144371,-2.6371832,70.96146,25.379128,89.09128,0.50573844
3.5541666666666667,41.353928,-6.8018513,-2.930426,70.0,25.0,90.0,41.58297,-7.14437,-2.637188,70.961464,25.379128,89.09128,0.505735
3.558333333333333,41.353928,-6.8018513,-2.930426,70.0,25.0,90.0,41.582973,-7.144374,-2.637189,70.96146,25.379128,89.091286,0.50573874
3.5625,41.353928,-6.8018513,-2.930426,70.0,25.0,90.0,41.58297,-7.144371,-2.6371841,70.961464,25.379128,89.091286,0.50573784
3.566666666666667,41.353928,-6.8018513,-2.930426,70.0,25.0,90.0,41.58297,-7.144368,-2.6371841,70.96146,25.379128,89.091286,0.50573593
3.5708333333333333,41.353928,-6.8018513,-2.930426,70.0,25.0,90.0,41.58297,-7.14437,-2.637186,70.96146,25.379128,89.091286,0.50573605
3.575,41.353928,-6.8018513,-2.930426,70.0,25.0,90.0,41.582973,-7.144371,-2.6371841,70.961464,25.379128,89.09128,0.50573957
3.5791666666666666,41.353928,-6.8018513,-2.930426,70.0,25.0,90.0,41.58297,-7.14437,-2.6371822,70.96146,25.379128,89.091286,0.5057383
3.5833333333333335,41.353928,-6.8018513,-2.930426,70.0,25.0,90.0,41.582973,-7.144373,-2.6371813,70.961464,25.379131,89.091286,0.50574255
3.5875,41.353928,-6.8018513,-2.930426,70.0,25.0,90.0,41.58297,-7.14437,-2.6371841,70.961464,25.379131,89.091286,0.5057372
3.591666666666667,41.353928,-6.8018513,-2.930426,70.0,25.0,90.0,41.582966,-7.144371,-2.637187,70.96146,25.379131,89.091286,0.50573444
3.595833333333333,41.353928,-6.8018513,-2.930426,70.0,25.0,90.0,41.58297,-7.144371,-2.6371841,70.961464,25.379131,89.09128,0.50573784
3.6,41.353928,-6.8018513,-2.930426,70.0,25.0,90.0,41.58297,-7.14437,-2.637186,70.961464,25.379135,89.09128,0.50573605
3.6041666666666665,41.353928,-6.8018513,-2.930426,70.0,25.0,90.0,41.58297,-7.144373,-2.6371832,70.961464,25.379131,89.09128,0.5057397
3.6083333333333334,41.353928,-6.8018513,-2.930426,70.0,25.0,90.0,41.58297,-7.14437,-2.637187,70.961464,25.379131,89.091286,0.5057355
3.6125,41.353928,-6.8018513,-2.930426,70.0,25.0,90.0,41.58297,-7.144373,-2.6371832,70.961464,25.379128,89.091286,0.5057397
3.6166666666666667,41.353928,-6.8018513,-2.930426,70.0,25.0,90.0,41.58297,-7.144371,-2.6371841,70.961464,25.379131,89.091286,0.50573784
3.620833333333333,41.353928,-6.8018513,-2.930426,70.0,25.0,90.0,41.58297,-7.144371,-2.6371832,70.961464,25.379131,89.091286,0.50573844
3.625,41.353928,-6.8018513,-2.930426,70.0,25.0,90.0,41.58297,-7.144373,-2.6371813,70.961464,25.379131,89.091286,0.5057408
3.629166666666667,41.353928,-6.8018513,-2.930426,70.0,25.0,90.0,41.582966,-7.144371,-2.6371822,70.961464,25.379131,89.091286,0.50573725
3.6333333333333333,41.353928,-6.8018513,-2.930426,70.0,25.0,90.0,41.582966,-7.144371,-2.6371841,70.961464,25.379131,89.091286,0.5057361
3.6375,41.353928,-6.8018513,-2.930426,70.0,25.0,90.0,41.58297,-7.144373,-2.6371832,70.961464,25.379131,89.091286,0.5057397
3.6416666666666666,41.353928,-6.8018513,-2.930426,70.0,25.0,90.0,41.58297,-7.144371,-2.6371841,70.961464,25.379128,89.091286,0.50573784
3.6458333333333335,41.353928,-6.8018513,-2.930426,70.0,25.0,90.0,41.58297,-7.144373,-2.637187,70.961464,25.379131,89.091286,0.5057375
3.65,41.353928,-6.8018513,-2.930426,70.0,25.0,90.0,41.58297,-7.144371,-2.6371832,70.961464,25.379131,89.091286,0.50573844
3.654166666666667,41.353928,-6.8018513,-2.930426,70.0,25.0,90.0,41.582966,-7.144374,-2.6371813,70.961464,25.379131,89.09128,0.5057397
3.658333333333333,41.353928,-6.8018513,-2.930426,70.0,25.0,90.0,41.58297,-7.144374,-2.6371832,70.961464,25.379124,89.09128,0.50574034
3.6625,41.353928,-6.8018513,-2.930426,70.0,25.0,90.0,41.58297,-7.144373,-2.637186,70.961464,25.379128,89.09128,0.505738
3.6666666666666665,41.353928,-6.8018513,-2.930426,70.0,25.0,90.0,41.582966,-7.144373,-2.6371832,70.961464,25.379131,89.09128,0.50573796
3.6708333333333334,41.353928,-6.8018513,-2.930426,70.0,25.0,90.0,41.58297,-7.144376,-2.637187,70.961464,25.379131,89.09128,0.5057394
3.675,41.353928,-6.8018513,-2.930426,70.0,25.0,90.0,41.582966,-7.144376,-2.6371841,70.961464,25.379131,89.09128,0.50573933
3.6791666666666667,41.353928,-6.8018513,-2.930426,70.0,25.0,90.0,41.582966,-7.144376,-2.6371832,70.961464,25.379135,89.09128,0.50573987
3.683333333333333,41.353928,-6.8018513,-2.930426,70.0,25.0,90.0,41.582966,-7.144376,-2.6371832,70.96147,25.379128,89.09128,0.50573987
3.6875,41.353928,-6.8018513,-2.930426,70.0,25.0,90.0,41.582966,-7.144374,-2.637186,70.961464,25.379131,89.09128,0.50573695
3.691666666666667,41.353928,-6.8018513,-2.930426,70.0,25.0,90.0,41.582966,-7.144374,-2.6371841,70.961464,25.379131,89.09127,0.5057381
3.6958333333333333,41.353928,-6.8018513,-2.930426,70.0,25.0,90.0,41.58297,-7.144374,-2.6371832,70.961464,25.379128,89.09127,0.50574034
3.7,41.353928,-6.8018513,-2.930426,70.0,25.0,90.0,41.58297,-7.144374,-2.637187,70.961464,25.379131,89.09127,0.50573814
3.7041666666666666,41.353928,-6.8018513,-2.930426,70.0,25.0,90.0,41.58297,-7.144374,-2.6371832,70.961464,25.379135,89.09127,0.50574034
3.7083333333333335,41.353928,-6.8018513,-2.930426,70.0,25.0,90.0,41.58297,-7.144373,-2.6371832,70.961464,25.379135,89.09127,0.5057397
3.7125,41.353928,-6.8018513,-2.930426,70.0,25.0,90.0,41.58297,-7.144373,-2.637186,70.961464,25.379128,89.09127,0.505738
3.716666666666667,41.353928,-6.8018513,-2.930426,70.0,25.0,90.0,41.58297,-7.144374,-2.6371832,70.961464,25.379124,89.09128,0.50574034
3.720833333333333,41.353928,-6.8018513,-2.930426,70.0,25.0,90.0,41.582973,-7.1443768,-2.6371822,70.961464,25.379128,89.09128,0.5057445
3.725,41.353928,-6.8018513,-2.930426,70.0,25.0,90.0,41.582973,-7.144371,-2.6371832,70.961464,25.379131,89.09128,0.5057401
3.7291666666666665,41.353928,-6.8018513,-2.930426,70.0,25.0,90.0,41.58297,-7.144373,-2.637186,70.961464,25.379128,89.09128,0.505738
3.7333333333333334,41.353928,-6.8018513,-2.930426,70.0,25.0,90.0,41.582973,-7.144376,-2.6371841,70.961464,25.379128,89.09128,0.5057428
3.7375,41.353928,-6.8018513,-2.930426,70.0,25.0,90.0,41.582973,-7.144376,-2.637186,70.96146,25.379128,89.09127,0.5057417
3.7416666666666667,41.353928,-6.8018513,-2.930426,70.0,25.0,90.0,41.582973,-7.144376,-2.6371841,70.961464,25.379131,89.09127,0.5057428
3.745833333333333,41.353928,-6.8018513,-2.930426,70.0,25.0,90.0,41.58297,-7.144376,-2.637187,70.961464,25.379131,89.09128,0.5057394
3.75,41.353928,-6.8018513,-2.930426,70.0,25.0,90.0,41.58297,-7.144376,-2.637187,70.961464,25.379131,89.09127,0.5057394
3.754166666666667,41.353928,-6.8018513,-2.930426,70.0,25.0,90.0,41.58297,-7.144374,-2.637187,70.961464,25.379131,89.09127,0.50573814
3.7583333333333333,41.353928,-6.8018513,-2.930426,70.0,25.0,90.0,41.58297,-7.144374,-2.637187,70.961464,25.379131,89.09127,0.50573814
3.7625,41.353928,-6.8018513,-2.930426,70.0,25.0,90.0,41.58297,-7.144374,-2.637187,70.961464,25.379131,89.09127,0.50573814
3.7666666666666666,41.353928,-6.8018513,-2.930426,70.0,25.0,90.0,41.58297,-7.144374,-2.637187,70.961464,25.379131,89.09127,0.50573814
3.7708333333333335,41.353928,-6.8018513,-2.930426,70.0,25.0,90.0,41.58297,-7.144374,-2.637187,70.961464,25.379131,89.09127,0.50573814
3.775,41.353928,-6.8018513,-2.930426,70.0,25.0,90.0,41.58297,-7.144374,-2.637187,70.961464,25.379131,89.09127,0.50573814
3.779166666666667,41.353928,-6.8018513,-2.930426,70.0,25.0,90.0,41.58297,-7.144374,-2.637187,70.961464,25.379131,89.09127,0.50573814
3.783333333333333,41.353928,-6.8018513,-2.930426,70.0,25.0,90.0,41.58297,-7.144374,-2.637187,70.961464,25.379131,89.09127,0.50573814
3.7875,41.353928,-6.8018513,-2.930426,70.0,25.0,90.0,41.58297,-7.144374,-2.637187,70.961464,25.379131,89.09127,0.50573814
3.7916666666666665,41.353928,-6.8018513,-2.930426,70.0,25.0,90.0,41.58297,-7.144374,-2.637187,70.961464,25.379131,89.09127,0.50573814
3.7958333333333334,41.353928,-6.8018513,-2.930426,70.0,25.0,90.0,41.58297,-7.144374,-2.637187,70.961464,25.379131,89.09127,0.50573814
3.8,41.353928,-6.8018513,-2.930426,70.0,25.0,90.0,41.58297,-7.144374,-2.637187,70.961464,25.379131,89.09127,0.50573814
3.8041666666666667,41.353928,-6.8018513,-2.930426,70.0,25.0,90.0,41.58297,-7.144374,-2.637187,70.961464,25.379131,89.09127,0.50573814
3.808333333333333,41.353928,-6.8018513,-2.930426,70.0,25.0,90.0,41.58297,-7.144374,-2.637187,70.961464,25.379131,89.09127,0.50573814
3.8125,41.353928,-6.8018513,-2.930426,70.0,25.0,90.0,41.58297,-7.144374,-2.637187,70.961464,25.379131,89.09127,0.50573814
3.816666666666667,41.353928,-6.8018513,-2.930426,70.0,25.0,90.0,41.58297,-7.144374,-2.637187,70.961464,25.379131,89.09127,0.50573814
3.8208333333333333,41.353928,-6.8018513,-2.930426,70.0,25.0,90.0,41.58297,-7.144374,-2.637187,70.961464,25.379131,89.09127,0.50573814
3.825,41.353928,-6.8018513,-2.930426,70.0,25.0,90.0,41.58297,-7.144374,-2.637187,70.961464,25.379131,89.09127,0.50573814
3.8291666666666666,41.353928,-6.8018513,-2.930426,70.0,25.0,90.0,41.58297,-7.144374,-2.637187,70.961464,25.379131,89.09127,0.50573814
3.8333333333333335,41.353928,-6.8018513,-2.930426,70.0,25.0,90.0,41.58297,-7.144374,-2.637187,70.961464,25.379131,89.09127,0.50573814
3.8375,41.353928,-6.8018513,-2.930426,70.0,25.0,90.0,41.58297,-7.144374,-2.637187,70.961464,25.379131,89.09127,0.50573814
3.841666666666667,41.353928,-6.8018513,-2.930426,70.0,25.0,90.0,41.58297,-7.144374,-2.637187,70.961464,25.379131,89.09127,0.50573814
3.845833333333333,41.353928,-6.8018513,-2.930426,70.0,25.0,90.0,41.58297,-7.144374,-2.637187,70.961464,25.379131,89.09127,0.50573814
3.85,41.353928,-6.8018513,-2.930426,70.0,25.0,90.0,41.58297,-7.144374,-2.637187,70.961464,25.379131,89.09127,0.50573814
3.8541666666666665,41.353928,-6.8018513,-2.930426,70.0,25.0,90.0,41.58297,-7.144374,-2.637187,70.961464,25.379131,89.09127,0.50573814
3.8583333333333334,41.353928,-6.8018513,-2.930426,70.0,25.0,90.0,41.58297,-7.144374,-2.637187,70.961464,25.379131,89.09127,0.50573814
3.8625,41.353928,-6.8018513,-2.930426,70.0,25.0,90.0,41.58297,-7.144374,-2.637187,70.961464,25.379131,89.09127,0.50573814
3.8666666666666667,41.353928,-6.8018513,-2.930426,70.0,25.0,90.0,41.58297,-7.144374,-2.637187,70.961464,25.379131,89.09127,0.50573814
3.870833333333333,41.353928,-6.8018513,-2.930426,70.0,25.0,90.0,41.58297,-7.144374,-2.637187,70.961464,25.379131,89.09127,0.50573814
3.875,41.353928,-6.8018513,-2.930426,70.0,25.0,90.0,41.58297,-7.144374,-2.637187,70.961464,25.379131,89.09127,0.50573814
3.879166666666667,41.353928,-6.8018513,-2.930426,70.0,25.0,90.0,41.58297,-7.144374,-2.637187,70.961464,25.379131,89.09127,0.50573814
3.8833333333333333,41.353928,-6.8018513,-2.930426,70.0,25.0,90.0,41.58297,-7.144374,-2.637187,70.961464,25.379131,89.09127,0.50573814
3.8875,41.353928,-6.8018513,-2.930426,70.0,25.0,90.0,41.58297,-7.144374,-2.637187,70.961464,25.379131,89.09127,0.50573814
3.8916666666666666,41.353928,-6.8018513,-2.930426,70.0,25.0,90.0,41.58297,-7.144374,-2.637187,70.961464,25.379131,89.09127,0.50573814
3.8958333333333335,41.353928,-6.8018513,-2.930426,70.0,25.0,90.0,41.58297,-7.144374,-2.637187,70.961464,25.379131,89.09127,0.50573814
3.9,41.353928,-6.8018513,-2.930426,70.0,25.0,90.0,41.58297,-7.144374,-2.637187,70.961464,25.379131,89.09127,0.50573814
3.904166666666667,41.353928,-6.8018513,-2.930426,70.0,25.0,90.0,41.58297,-7.144374,-2.637187,70.961464,25.379131,89.09127,0.50573814
3.908333333333333,41.353928,-6.8018513,-2.930426,70.0,25.0,90.0,41.58297,-7.144374,-2.637187,70.961464,25.379128,89.09128,0.50573814
3.9125,41.353928,-6.8018513,-2.930426,70.0,25.0,90.0,41.58297,-7.144376,-2.637187,70.961464,25.379131,89.09127,0.5057394
3.9166666666666665,41.353928,-6.8018513,-2.930426,70.0,25.0,90.0,41.582973,-7.144376,-2.637186,70.96146,25.379128,89.09128,0.5057417
3.9208333333333334,41.353928,-6.8018513,-2.930426,70.0,25.0,90.0,41.58297,-7.1443768,-2.6371841,70.96146,25.379128,89.09128,0.5057417
3.925,41.353928,-6.8018513,-2.930426,70.0,25.0,90.0,41.58297,-7.144374,-2.6371832,70.96146,25.379128,89.09128,0.50574034
3.9291666666666667,41.353928,-6.8018513,-2.930426,70.0,25.0,90.0,41.58297,-7.144376,-2.637187,70.96146,25.379128,89.09128,0.5057394
3.933333333333333,41.353928,-6.8018513,-2.930426,70.0,25.0,90.0,41.58297,-7.144371,-2.637187,70.961464,25.379128,89.09128,0.5057362
3.9375,41.353928,-6.8018513,-2.930426,70.0,25.0,90.0,41.58297,-7.14437,-2.637186,70.96146,25.379128,89.09128,0.50573605
3.941666666666667,41.353928,-6.8018513,-2.930426,70.0,25.0,90.0,41.58297,-7.14437,-2.637187,70.96146,25.379128,89.09128,0.5057355
3.9458333333333333,41.353928,-6.8018513,-2.930426,70.0,25.0,90.0,41.582973,-7.144371,-2.6371832,70.96146,25.379128,89.09128,0.5057401
3.95,41.353928,-6.8018513,-2.930426,70.0,25.0,90.0,41.582973,-7.144374,-2.637186,70.96146,25.379128,89.091286,0.5057404
3.9541666666666666,41.353928,-6.8018513,-2.930426,70.0,25.0,90.0,41.582973,-7.144374,-2.637188,70.961464,25.379124,89.091286,0.5057393
3.9583333333333335,41.353928,-6.8018513,-2.930426,70.0,25.0,90.0,41.58297,-7.144371,-2.6371832,70.961464,25.379128,89.091286,0.50573844
3.9625,41.353928,-6.8018513,-2.930426,70.0,25.0,90.0,41.58297,-7.14437,-2.637187,70.96146,25.379124,89.091286,0.5057355
3.966666666666667,41.353928,-6.8018513,-2.930426,70.0,25.0,90.0,41.58297,-7.14437,-2.637186,70.96146,25.379128,89.091286,0.50573605
3.970833333333333,41.353928,-6.8018513,-2.930426,70.0,25.0,90.0,41.58297,-7.144371,-2.6371832,70.961464,25.379128,89.091286,0.50573844
3.975,41.353928,-6.8018513,-2.930426,70.0,25.0,90.0,41.582966,-7.144371,-2.6371832,70.961464,25.379131,89.091286,0.50573665
3.9791666666666665,41.353928,-6.8018513,-2.930426,70.0,25.0,90.0,41.582973,-7.14437,-2.6371822,70.961464,25.379131,89.091286,0.50574005
3.9833333333333334,41.353928,-6.8018513,-2.930426,70.0,25.0,90.0,41.58297,-7.14437,-2.637186,70.961464,25.379128,89.091286,0.50573605
3.9875,41.353928,-6.8018513,-2.930426,70.0,25.0,90.0,41.58297,-7.144371,-2.637186,70.961464,25.379131,89.091286,0.5057367
3.9916666666666667,41.353928,-6.8018513,-2.930426,70.0,25.0,90.0,41.58297,-7.144373,-2.637187,70.96146,25.379131,89.091286,0.5057375
3.995833333333333,41.353928,-6.8018513,-2.930426,70.0,25.0,90.0,41.582966,-7.144374,-2.6371822,70.961464,25.379135,89.091286,0.50573915
4.0,41.353928,-6.8018513,-2.930426,70.0,25.0,90.0,41.58297,-7.144371,-2.6371822,70.961464,25.379131,89.091286,0.5057389
4.004166666666666,41.353928,-6.8018513,-2.930426,70.0,25.0,90.0,41.58297,-7.144371,-2.6371841,70.961464,25.379135,89.091286,0.50573784
4.008333333333334,41.353928,-6.8018513,-2.930426,70.0,25.0,90.0,41.58297,-7.144373,-2.6371832,70.961464,25.379135,89.091286,0.5057397
4.0125,41.353928,-6.8018513,-2.930426,70.0,25.0,90.0,41.58297,-7.144371,-2.6371841,70.961464,25.379131,89.091286,0.50573784
4.016666666666667,41.353928,-6.8018513,-2.930426,70.0,25.0,90.0,41.58297,-7.144371,-2.6371832,70.961464,25.379131,89.091286,0.50573844
4.020833333333333,41.353928,-6.8018513,-2.930426,70.0,25.0,90.0,41.58297,-7.144373,-2.6371841,70.961464,25.379131,89.09128,0.50573915
4.025,41.353928,-6.8018513,-2.930426,70.0,25.0,90.0,41.58297,-7.144373,-2.6371841,70.961464,25.379131,89.09128,0.50573915
4.029166666666667,41.353928,-6.8018513,-2.930426,70.0,25.0,90.0,41.58297,-7.144373,-2.6371841,70.961464,25.379131,89.09128,0.50573915
4.033333333333333,41.353928,-6.8018513,-2.930426,70.0,25.0,90.0,41.58297,-7.144373,-2.6371841,70.961464,25.379131,89.09128,0.50573915
4.0375,41.353928,-6.8018513,-2.930426,70.0,25.0,90.0,41.58297,-7.144371,-2.6371841,70.961464,25.379131,89.091286,0.50573784
4.041666666666667,41.353928,-6.8018513,-2.930426,70.0,25.0,90.0,41.58297,-7.144374,-2.6371822,70.961464,25.379135,89.091286,0.5057409
4.045833333333333,41.353928,-6.8018513,-2.930426,70.0,25.0,90.0,41.58297,-7.144371,-2.6371803,70.961464,25.379131,89.09128,0.50574005
4.05,41.353928,-6.8018513,-2.930426,70.0,25.0,90.0,41.582966,-7.144373,-2.6371803,70.961464,25.379131,89.09128,0.5057396
4.054166666666666,41.353928,-6.8018513,-2.930426,70.0,25.0,90.0,41.58297,-7.144371,-2.6371841,70.961464,25.379131,89.09128,0.50573784
4.058333333333334,41.353928,-6.8018513,-2.930426,70.0,25.0,90.0,41.58297,-7.144373,-2.6371841,70.961464,25.379131,89.091286,0.50573915
4.0625,41.353928,-6.8018513,-2.930426,70.0,25.0,90.0,41.582966,-7.144374,-2.6371813,70.961464,25.379131,89.091286,0.5057397
4.066666666666666,41.353928,-6.8018513,-2.930426,70.0,25.0,90.0,41.58297,-7.144376,-2.637187,70.961464,25.379131,89.09128,0.5057394
4.070833333333334,41.353928,-6.8018513,-2.930426,70.0,25.0,90.0,41.582966,-7.144374,-2.6371841,70.961464,25.379135,89.09128,0.5057381
4.075,41.353928,-6.8018513,-2.930426,70.0,25.0,90.0,41.582966,-7.144376,-2.6371822,70.961464,25.379135,89.09128,0.50574046
4.079166666666667,41.353928,-6.8018513,-2.930426,70.0,25.0,90.0,41.582966,-7.144376,-2.6371832,70.96147,25.379128,89.09128,0.50573987
4.083333333333333,41.353928,-6.8018513,-2.930426,70.0,25.0,90.0,41.582966,-7.144374,-2.637186,70.961464,25.379131,89.09128,0.50573695
4.0875,41.353928,-6.8018513,-2.930426,70.0,25.0,90.0,41.582966,-7.144374,-2.6371841,70.961464,25.379131,89.09127,0.5057381
4.091666666666667,41.353928,-6.8018513,-2.930426,70.0,25.0,90.0,41.58297,-7.144374,-2.6371832,70.961464,25.379128,89.09127,0.50574034
4.095833333333333,41.353928,-6.8018513,-2.930426,70.0,25.0,90.0,41.58297,-7.144374,-2.637187,70.961464,25.379131,89.09127,0.50573814
4.1,41.353928,-6.8018513,-2.930426,70.0,25.0,90.0,41.58297,-7.144374,-2.6371832,70.961464,25.379135,89.09127,0.50574034
4.104166666666667,41.353928,-6.8018513,-2.930426,70.0,25.0,90.0,41.58297,-7.144373,-2.6371832,70.961464,25.379135,89.09127,0.5057397
4.108333333333333,41.353928,-6.8018513,-2.930426,70.0,25.0,90.0,41.58297,-7.144373,-2.637186,70.961464,25.379128,89.09127,0.505738
4.1125,41.353928,-6.8018513,-2.930426,70.0,25.0,90.0,41.58297,-7.144374,-2.6371832,70.961464,25.379124,89.09128,0.50574034
4.116666666666666,41.353928,-6.8018513,-2.930426,70.0,25.0,90.0,41.582973,-7.1443768,-2.6371822,70.961464,25.379128,89.09128,0.5057445
4.120833333333334,41.353928,-6.8018513,-2.930426,70.0,25.0,90.0,41.582973,-7.144371,-2.6371832,70.961464,25.379131,89.09128,0.5057401
4.125,41.353928,-6.8018513,-2.930426,70.0,25.0,90.0,41.58297,-7.144373,-2.637186,70.961464,25.379128,89.09128,0.505738
4.129166666666666,41.353928,-6.8018513,-2.930426,70.0,25.0,90.0,41.582973,-7.144376,-2.6371841,70.961464,25.379128,89.09128,0.5057428
4.133333333333334,41.353928,-6.8018513,-2.930426,70.0,25.0,90.0,41.582973,-7.144376,-2.637186,70.96146,25.379128,89.09127,0.5057417
4.1375,41.353928,-6.8018513,-2.930426,70.0,25.0,90.0,41.582973,-7.144376,-2.6371841,70.961464,25.379131,89.09127,0.5057428
4.141666666666667,41.353928,-6.8018513,-2.930426,70.0,25.0,90.0,41.58297,-7.144376,-2.637187,70.961464,25.379131,89.09128,0.5057394
4.145833333333333,41.353928,-6.8018513,-2.930426,70.0,25.0,90.0,41.58297,-7.144376,-2.637187,70.961464,25.379131,89.09127,0.5057394
4.15,41.353928,-6.8018513,-2.930426,70.0,25.0,90.0,41.58297,-7.144374,-2.637187,70.961464,25.379131,89.09127,0.50573814
4.154166666666667,41.353928,-6.8018513,-2.930426,70.0,25.0,90.0,41.58297,-7.144374,-2.637187,70.961464,25.379131,89.09127,0.50573814
4.158333333333333,41.353928,-6.8018513,-2.930426,70.0,25.0,90.0,41.58297,-7.144374,-2.637187,70.961464,25.379131,89.09127,0.50573814
4.1625,41.353928,-6.8018513,-2.930426,70.0,25.0,90.0,41.58297,-7.144374,-2.637187,70.961464,25.379131,89.09127,0.50573814
4.166666666666667,41.353928,-6.8018513,-2.930426,70.0,25.0,90.0,41.58297,-7.144374,-2.637187,70.961464,25.379131,89.09127,0.50573814
4.170833333333333,41.353928,-6.8018513,-2.930426,70.0,25.0,90.0,41.58297,-7.144374,-2.637187,70.961464,25.379131,89.09127,0.50573814
4.175,41.353928,-6.8018513,-2.930426,70.0,25.0,90.0,41.58297,-7.144374,-2.637187,70.961464,25.379131,89.09127,0.50573814
4.179166666666666,41.353928,-6.8018513,-2.930426,70.0,25.0,90.0,41.58297,-7.144374,-2.637187,70.961464,25.379131,89.09127,0.50573814
4.183333333333334,41.353928,-6.8018513,-2.930426,70.0,25.0,90.0,41.58297,-7.144374,-2.637187,70.961464,25.379131,89.09127,0.50573814
4.1875,41.353928,-6.8018513,-2.930426,70.0,25.0,90.0,41.58297,-7.144374,-2.637187,70.961464,25.379131,89.09127,0.50573814
4.191666666666666,41.353928,-6.8018513,-2.930426,70.0,25.0,90.0,41.58297,-7.144374,-2.637187,70.961464,25.379131,89.09127,0.50573814
4.195833333333334,41.353928,-6.8018513,-2.930426,70.0,25.0,90.0,41.58297,-7.144374,-2.637187,70.961464,25.379131,89.09127,0.50573814
4.2,41.353928,-6.8018513,-2.930426,70.0,25.0,90.0,41.58297,-7.144374,-2.637187,70.961464,25.379131,89.09127,0.50573814
4.204166666666667,41.353928,-6.8018513,-2.930426,70.0,25.0,90.0,41.58297,-7.144374,-2.637187,70.961464,25.379131,89.09127,0.50573814
4.208333333333333,41.353928,-6.8018513,-2.930426,70.0,25.0,90.0,41.58297,-7.144374,-2.637187,70.961464,25.379131,89.09127,0.50573814
4.2125,41.353928,-6.8018513,-2.930426,70.0,25.0,90.0,41.58297,-7.144374,-2.637187,70.961464,25.379131,89.09127,0.50573814
4.216666666666667,41.353928,-6.8018513,-2.930426,70.0,25.0,90.0,41.58297,-7.144374,-2.637187,70.961464,25.379131,89.09127,0.50573814
4.220833333333333,41.353928,-6.8018513,-2.930426,70.0,25.0,90.0,41.58297,-7.144374,-2.637187,70.961464,25.379131,89.09127,0.50573814
4.225,41.353928,-6.8018513,-2.930426,70.0,25.0,90.0,41.58297,-7.144374,-2.637187,70.961464,25.379131,89.09127,0.50573814
4.229166666666667,41.353928,-6.8018513,-2.930426,70.0,25.0,90.0,41.58297,-7.144374,-2.637187,70.961464,25.379131,89.09127,0.50573814
4.233333333333333,41.353928,-6.8018513,-2.930426,70.0,25.0,90.0,41.58297,-7.144374,-2.637187,70.961464,25.379131,89.09127,0.50573814
4.2375,41.353928,-6.8018513,-2.930426,70.0,25.0,90.0,41.58297,-7.144374,-2.637187,70.961464,25.379131,89.09127,0.50573814
4.241666666666666,41.353928,-6.8018513,-2.930426,70.0,25.0,90.0,41.58297,-7.144374,-2.637187,70.961464,25.379131,89.09127,0.50573814
4.245833333333334,41.353928,-6.8018513,-2.930426,70.0,25.0,90.0,41.58297,-7.144374,-2.637187,70.961464,25.379131,89.09127,0.50573814
4.25,41.353928,-6.8018513,-2.930426,70.0,25.0,90.0,41.58297,-7.144374,-2.637187,70.961464,25.379131,89.09127,0.50573814
4.254166666666666,41.353928,-6.8018513,-2.930426,70.0,25.0,90.0,41.58297,-7.144374,-2.637187,70.961464,25.379131,89.09127,0.50573814
4.258333333333334,41.353928,-6.8018513,-2.930426,70.0,25.0,90.0,41.58297,-7.144374,-2.637187,70.961464,25.379131,89.09127,0.50573814
4.2625,41.353928,-6.8018513,-2.930426,70.0,25.0,90.0,41.58297,-7.144374,-2.637187,70.961464,25.379131,89.09127,0.50573814
4.266666666666667,41.353928,-6.8018513,-2.930426,70.0,25.0,90.0,41.58297,-7.144374,-2.637187,70.961464,25.379131,89.09127,0.50573814
4.270833333333333,41.353928,-6.8018513,-2.930426,70.0,25.0,90.0,41.58297,-7.144374,-2.637187,70.961464,25.379131,89.09127,0.50573814
4.275,41.353928,-6.8018513,-2.930426,70.0,25.0,90.0,41.58297,-7.144374,-2.637187,70.961464,25.379131,89.09127,0.50573814
4.279166666666667,41.353928,-6.8018513,-2.930426,70.0,25.0,90.0,41.58297,-7.144374,-2.637187,70.961464,25.379131,89.09127,0.50573814
4.283333333333333,41.353928,-6.8018513,-2.930426,70.0,25.0,90.0,41.58297,-7.144374,-2.637187,70.961464,25.379131,89.09127,0.50573814
4.2875,41.353928,-6.8018513,-2.930426,70.0,25.0,90.0,41.58297,-7.144374,-2.637187,70.961464,25.379131,89.09127,0.50573814
4.291666666666667,41.353928,-6.8018513,-2.930426,70.0,25.0,90.0,41.58297,-7.144374,-2.637187,70.961464,25.379131,89.09127,0.50573814
4.295833333333333,41.353928,-6.8018513,-2.930426,70.0,25.0,90.0,41.58297,-7.144374,-2.637187,70.961464,25.379131,89.09127,0.50573814
4.3,41.353928,-6.8018513,-2.930426,70.0,25.0,90.0,41.58297,-7.144374,-2.637187,70.961464,25.379131,89.09127,0.50573814
4.304166666666666,41.353928,-6.8018513,-2.930426,70.0,25.0,90.0,41.58297,-7.144374,-2.637187,70.961464,25.379128,89.09128,0.50573814
4.308333333333334,41.353928,-6.8018513,-2.930426,70.0,25.0,90.0,41.58297,-7.144376,-2.637187,70.961464,25.379131,89.09127,0.5057394
4.3125,41.353928,-6.8018513,-2.930426,70.0,25.0,90.0,41.582973,-7.144376,-2.637186,70.96146,25.379128,89.09128,0.5057417
4.316666666666666,41.353928,-6.8018513,-2.930426,70.0,25.0,90.0,41.58297,-7.1443768,-2.6371841,70.96146,25.379128,89.09128,0.5057417
4.320833333333334,41.353928,-6.8018513,-2.930426,70.0,25.0,90.0,41.58297,-7.144374,-2.6371832,70.96146,25.379128,89.09128,0.50574034
4.325,41.353928,-6.8018513,-2.930426,70.0,25.0,90.0,41.58297,-7.144376,-2.637187,70.96146,25.379128,89.09128,0.5057394
4.329166666666667,41.353928,-6.8018513,-2.930426,70.0,25.0,90.0,41.58297,-7.144371,-2.637187,70.961464,25.379128,89.09128,0.5057362
4.333333333333333,41.353928,-6.8018513,-2.930426,70.0,25.0,90.0,41.58297,-7.14437,-2.637186,70.96146,25.379128,89.09128,0.50573605
4.3375,41.353928,-6.8018513,-2.930426,70.0,25.0,90.0,41.58297,-7.14437,-2.637187,70.96146,25.379128,89.09128,0.5057355
4.341666666666667,41.353928,-6.8018513,-2.930426,70.0,25.0,90.0,41.582973,-7.144371,-2.6371832,70.96146,25.379128,89.09128,0.5057401
4.345833333333333,41.353928,-6.8018513,-2.930426,70.0,25.0,90.0,41.582973,-7.144374,-2.637186,70.96146,25.379128,89.091286,0.5057404
4.35,41.353928,-6.8018513,-2.930426,70.0,25.0,90.0,41.582973,-7.144374,-2.637188,70.961464,25.379124,89.091286,0.5057393
4.354166666666667,41.353928,-6.8018513,-2.930426,70.0,25.0,90.0,41.58297,-7.144371,-2.6371832,70.961464,25.379128,89.091286,0.50573844
4.358333333333333,41.353928,-6.8018513,-2.930426,70.0,25.0,90.0,41.58297,-7.14437,-2.637187,70.96146,25.379124,89.091286,0.5057355
4.3625,41.353928,-6.8018513,-2.930426,70.0,25.0,90.0,41.58297,-7.14437,-2.637186,70.96146,25.379128,89.091286,0.50573605
4.366666666666666,41.353928,-6.8018513,-2.930426,70.0,25.0,90.0,41.58297,-7.144371,-2.6371832,70.961464,25.379128,89.091286,0.50573844
4.370833333333334,41.353928,-6.8018513,-2.930426,70.0,25.0,90.0,41.582966,-7.144371,-2.6371832,70.961464,25.379131,89.091286,0.50573665
4.375,41.353928,-6.8018513,-2.930426,70.0,25.0,90.0,41.582973,-7.14437,-2.6371832,70.961464,25.379131,89.091286,0.50573945
4.379166666666666,41.353928,-6.8018513,-2.930426,70.0,25.0,90.0,41.58297,-7.14437,-2.637186,70.961464,25.379128,89.091286,0.50573605
4.383333333333334,41.353928,-6.8018513,-2.930426,70.0,25.0,90.0,41.582966,-7.144371,-2.637186,70.961464,25.379131,89.091286,0.50573504
4.3875,41.353928,-6.8018513,-2.930426,70.0,25.0,90.0,41.58297,-7.144373,-2.6371841,70.96146,25.379131,89.091286,0.50573915
4.391666666666667,41.353928,-6.8018513,-2.930426,70.0,25.0,90.0,41.582966,-7.144374,-2.6371832,70.961464,25.379131,89.091286,0.5057386
4.395833333333333,41.353928,-6.8018513,-2.930426,70.0,25.0,90.0,41.582966,-7.144373,-2.6371822,70.961464,25.379135,89.091286,0.50573856
4.4,41.353928,-6.8018513,-2.930426,70.0,25.0,90.0,41.582966,-7.144371,-2.6371813,70.961464,25.379131,89.09128,0.5057378
4.404166666666667,41.353928,-6.8018513,-2.930426,70.0,25.0,90.0,41.582966,-7.144373,-2.6371822,70.961464,25.379135,89.091286,0.50573856
4.408333333333333,41.353928,-6.8018513,-2.930426,70.0,25.0,90.0,41.582966,-7.144371,-2.637186,70.961464,25.379131,89.091286,0.50573504
4.4125,41.353928,-6.8018513,-2.930426,70.0,25.0,90.0,41.58297,-7.144371,-2.6371841,70.961464,25.379131,89.091286,0.50573784
4.416666666666667,41.353928,-6.8018513,-2.930426,70.0,25.0,90.0,41.58297,-7.144373,-2.637186,70.961464,25.379131,89.091286,0.505738
4.420833333333333,41.353928,-6.8018513,-2.930426,70.0,25.0,90.0,41.58297,-7.144373,-2.6371841,70.961464,25.379131,89.091286,0.50573915
4.425,41.353928,-6.8018513,-2.930426,70.0,25.0,90.0,41.582966,-7.14437,-2.6371822,70.961464,25.379131,89.091286,0.5057366
4.429166666666666,41.353928,-6.8018513,-2.930426,70.0,25.0,90.0,41.58297,-7.144373,-2.637186,70.961464,25.379131,89.09128,0.505738
4.433333333333334,41.353928,-6.8018513,-2.930426,70.0,25.0,90.0,41.582966,-7.144371,-2.6371813,70.961464,25.379128,89.091286,0.5057378
4.4375,41.353928,-6.8018513,-2.930426,70.0,25.0,90.0,41.58297,-7.144373,-2.6371832,70.961464,25.379131,89.091286,0.5057397
4.441666666666666,41.353928,-6.8018513,-2.930426,70.0,25.0,90.0,41.58297,-7.144374,-2.6371803,70.961464,25.379128,89.091286,0.505742
4.445833333333334,41.353928,-6.8018513,-2.930426,70.0,25.0,90.0,41.582966,-7.144373,-2.6371822,70.961464,25.379128,89.091286,0.50573856
4.45,41.353928,-6.8018513,-2.930426,70.0,25.0,90.0,41.582966,-7.144376,-2.6371803,70.961464,25.379135,89.091286,0.50574154
4.454166666666667,41.353928,-6.8018513,-2.930426,70.0,25.0,90.0,41.582966,-7.144373,-2.6371822,70.961464,25.379131,89.091286,0.50573856
4.458333333333333,41.353928,-6.8018513,-2.930426,70.0,25.0,90.0,41.582966,-7.144376,-2.6371832,70.961464,25.379131,89.091286,0.50573987
4.4625,41.353928,-6.8018513,-2.930426,70.0,25.0,90.0,41.58297,-7.144376,-2.6371832,70.961464,25.379128,89.09128,0.50574166
4.466666666666667,41.353928,-6.8018513,-2.930426,70.0,25.0,90.0,41.582966,-7.144374,-2.6371832,70.96147,25.379131,89.09128,0.5057386
4.470833333333333,41.353928,-6.8018513,-2.930426,70.0,25.0,90.0,41.582966,-7.144376,-2.6371822,70.961464,25.379131,89.09128,0.50574046
4.475,41.353928,-6.8018513,-2.930426,70.0,25.0,90.0,41.582966,-7.144373,-2.6371841,70.96147,25.379128,89.09128,0.5057374
4.479166666666667,41.353928,-6.8018513,-2.930426,70.0,25.0,90.0,41.582966,-7.144376,-2.6371822,70.961464,25.379131,89.09128,0.50574046
4.483333333333333,41.353928,-6.8018513,-2.930426,70.0,25.0,90.0,41.58297,-7.144374,-2.6371822,70.961464,25.379131,89.09128,0.5057409
4.4875,41.353928,-6.8018513,-2.930426,70.0,25.0,90.0,41.58297,-7.144374,-2.6371841,70.961464,25.379131,89.09128,0.5057398
4.491666666666666,41.353928,-6.8018513,-2.930426,70.0,25.0,90.0,41.58297,-7.144373,-2.637188,70.961464,25.379135,89.09128,0.50573695
4.495833333333334,41.353928,-6.8018513,-2.930426,70.0,25.0,90.0,41.58297,-7.144374,-2.637187,70.961464,25.379135,89.09128,0.50573814
4.5,41.353928,-6.8018513,-2.930426,70.0,25.0,90.0,41.58297,-7.144373,-2.637187,70.96147,25.379135,89.09128,0.5057375
4.504166666666666,41.353928,-6.8018513,-2.930426,70.0,25.0,90.0,41.58297,-7.144373,-2.637187,70.961464,25.379128,89.09127,0.5057375
4.508333333333334,41.353928,-6.8018513,-2.930426,70.0,25.0,90.0,41.58297,-7.144376,-2.637186,70.961464,25.379128,89.09128,0.50574
4.5125,41.353928,-6.8018513,-2.930426,70.0,25.0,90.0,41.58297,-7.144373,-2.6371832,70.961464,25.379128,89.09128,0.5057397
4.516666666666667,41.353928,-6.8018513,-2.930426,70.0,25.0,90.0,41.58297,-7.144376,-2.6371832,70.96147,25.379128,89.09128,0.50574166
4.520833333333333,41.353928,-6.8018513,-2.930426,70.0,25.0,90.0,41.58297,-7.144373,-2.637186,70.961464,25.379128,89.09128,0.505738
4.525,41.353928,-6.8018513,-2.930426,70.0,25.0,90.0,41.58297,-7.1443768,-2.6371832,70.961464,25.379131,89.09128,0.50574225
4.529166666666667,41.353928,-6.8018513,-2.930426,70.0,25.0,90.0,41.58297,-7.144376,-2.6371841,70.961464,25.379128,89.09128,0.5057411
4.533333333333333,41.353928,-6.8018513,-2.930426,70.0,25.0,90.0,41.58297,-7.1443768,-2.6371832,70.961464,25.379131,89.09128,0.50574225
4.5375,41.353928,-6.8018513,-2.930426,70.0,25.0,90.0,41.582973,-7.144376,-2.637186,70.961464,25.379131,89.09127,0.5057417
4.541666666666667,41.353928,-6.8018513,-2.930426,70.0,25.0,90.0,41.582973,-7.144376,-2.637186,70.961464,25.379128,89.09128,0.5057417
4.545833333333333,41.353928,-6.8018513,-2.930426,70.0,25.0,90.0,41.58297,-7.144374,-2.6371841,70.96146,25.379128,89.09128,0.5057398
4.55,41.353928,-6.8018513,-2.930426,70.0,25.0,90.0,41.58297,-7.144374,-2.6371841,70.96146,25.379128,89.09128,0.5057398
4.554166666666666,41.353928,-6.8018513,-2.930426,70.0,25.0,90.0,41.58297,-7.144374,-2.6371841,70.96146,25.379128,89.09128,0.5057398
4.558333333333334,41.353928,-6.8018513,-2.930426,70.0,25.0,90.0,41.58297,-7.144374,-2.6371841,70.96146,25.379128,89.09128,0.5057398
4.5625,41.353928,-6.8018513,-2.930426,70.0,25.0,90.0,41.58297,-7.144374,-2.6371841,70.96146,25.379128,89.09128,0.5057398
4.566666666666666,41.353928,-6.8018513,-2.930426,70.0,25.0,90.0,41.58297,-7.144374,-2.6371841,70.96146,25.379128,89.09128,0.5057398
4.570833333333334,41.353928,-6.8018513,-2.930426,70.0,25.0,90.0,41.58297,-7.144374,-2.6371841,70.96146,25.379128,89.09128,0.5057398
4.575,41.353928,-6.8018513,-2.930426,70.0,25.0,90.0,41.58297,-7.144374,-2.6371841,70.96146,25.379128,89.09128,0.5057398
4.579166666666667,41.353928,-6.8018513,-2.930426,70.0,25.0,90.0,41.58297,-7.144374,-2.6371841,70.96146,25.379128,89.09128,0.5057398
4.583333333333333,41.353928,-6.8018513,-2.930426,70.0,25.0,90.0,41.58297,-7.144374,-2.6371841,70.96146,25.379128,89.09128,0.5057398
4.5875,41.353928,-6.8018513,-2.930426,70.0,25.0,90.0,41.58297,-7.144374,-2.6371841,70.96146,25.379128,89.09128,0.5057398
4.591666666666667,41.353928,-6.8018513,-2.930426,70.0,25.0,90.0,41.58297,-7.144374,-2.6371841,70.96146,25.379128,89.09128,0.5057398
4.595833333333333,41.353928,-6.8018513,-2.930426,70.0,25.0,90.0,41.58297,-7.144374,-2.6371841,70.96146,25.379128,89.09128,0.5057398
4.6,41.353928,-6.8018513,-2.930426,70.0,25.0,90.0,41.58297,-7.144374,-2.6371841,70.96146,25.379128,89.09128,0.5057398
4.604166666666667,41.353928,-6.8018513,-2.930426,70.0,25.0,90.0,41.58297,-7.144374,-2.6371841,70.96146,25.379128,89.09128,0.5057398
4.608333333333333,41.353928,-6.8018513,-2.930426,70.0,25.0,90.0,41.58297,-7.144374,-2.6371841,70.96146,25.379128,89.09128,0.5057398
4.6125,41.353928,-6.8018513,-2.930426,70.0,25.0,90.0,41.58297,-7.144374,-2.6371841,70.96146,25.379128,89.09128,0.5057398
4.616666666666666,41.353928,-6.8018513,-2.930426,70.0,25.0,90.0,41.58297,-7.144374,-2.6371841,70.96146,25.379128,89.09128,0.5057398
4.620833333333334,41.353928,-6.8018513,-2.930426,70.0,25.0,90.0,41.58297,-7.144374,-2.6371841,70.96146,25.379128,89.09128,0.5057398
4.625,41.353928,-6.8018513,-2.930426,70.0,25.0,90.0,41.58297,-7.144374,-2.6371841,70.96146,25.379128,89.09128,0.5057398
4.629166666666666,41.353928,-6.8018513,-2.930426,70.0,25.0,90.0,41.58297,-7.144374,-2.6371841,70.96146,25.379128,89.09128,0.5057398
4.633333333333334,41.353928,-6.8018513,-2.930426,70.0,25.0,90.0,41.58297,-7.144374,-2.6371841,70.96146,25.379128,89.09128,0.5057398
4.6375,41.353928,-6.8018513,-2.930426,70.0,25.0,90.0,41.58297,-7.144374,-2.6371841,70.96146,25.379128,89.09128,0.5057398
4.641666666666667,41.353928,-6.8018513,-2.930426,70.0,25.0,90.0,41.58297,-7.144374,-2.6371841,70.96146,25.379128,89.09128,0.5057398
4.645833333333333,41.353928,-6.8018513,-2.930426,70.0,25.0,90.0,41.58297,-7.144374,-2.6371841,70.96146,25.379128,89.09128,0.5057398
4.65,41.353928,-6.8018513,-2.930426,70.0,25.0,90.0,41.58297,-7.144374,-2.6371841,70.96146,25.379128,89.09128,0.5057398
4.654166666666667,41.353928,-6.8018513,-2.930426,70.0,25.0,90.0,41.58297,-7.144374,-2.6371841,70.96146,25.379128,89.09128,0.5057398
4.658333333333333,41.353928,-6.8018513,-2.930426,70.0,25.0,90.0,41.58297,-7.144374,-2.6371841,70.96146,25.379128,89.09128,0.5057398
4.6625,41.353928,-6.8018513,-2.930426,70.0,25.0,90.0,41.58297,-7.144374,-2.6371841,70.96146,25.379128,89.09128,0.5057398
4.666666666666667,41.353928,-6.8018513,-2.930426,70.0,25.0,90.0,41.58297,-7.144374,-2.6371841,70.96146,25.379128,89.09128,0.5057398
4.670833333333333,41.353928,-6.8018513,-2.930426,70.0,25.0,90.0,41.58297,-7.144374,-2.6371841,70.96146,25.379128,89.09128,0.5057398
4.675,41.353928,-6.8018513,-2.930426,70.0,25.0,90.0,41.58297,-7.144374,-2.6371841,70.96146,25.379128,89.09128,0.5057398
4.679166666666666,41.353928,-6.8018513,-2.930426,70.0,25.0,90.0,41.58297,-7.144374,-2.6371841,70.96146,25.379128,89.09128,0.5057398
4.683333333333334,41.353928,-6.8018513,-2.930426,70.0,25.0,90.0,41.58297,-7.144374,-2.6371841,70.96146,25.379128,89.09128,0.5057398
4.6875,41.353928,-6.8018513,-2.930426,70.0,25.0,90.0,41.58297,-7.144374,-2.6371841,70.96146,25.379128,89.09128,0.5057398
4.691666666666666,41.353928,-6.8018513,-2.930426,70.0,25.0,90.0,41.58297,-7.144374,-2.6371841,70.96146,25.379128,89.09128,0.5057398
4.695833333333334,41.353928,-6.8018513,-2.930426,70.0,25.0,90.0,41.58297,-7.144374,-2.6371841,70.96146,25.379128,89.09128,0.5057398
4.7,41.353928,-6.8018513,-2.930426,70.0,25.0,90.0,41.58297,-7.144374,-2.6371841,70.96146,25.379128,89.09128,0.5057398
4.704166666666667,41.353928,-6.8018513,-2.930426,70.0,25.0,90.0,41.58297,-7.144374,-2.6371841,70.96146,25.379128,89.09128,0.5057398
4.708333333333333,41.353928,-6.8018513,-2.930426,70.0,25.0,90.0,41.58297,-7.144374,-2.6371841,70.96146,25.379128,89.09128,0.5057398
4.7125,41.353928,-6.8018513,-2.930426,70.0,25.0,90.0,41.58297,-7.144374,-2.6371841,70.96146,25.379128,89.09128,0.5057398
4.716666666666667,41.353928,-6.8018513,-2.930426,70.0,25.0,90.0,41.58297,-7.144374,-2.6371841,70.96146,25.379128,89.09128,0.5057398
4.720833333333333,41.353928,-6.8018513,-2.930426,70.0,25.0,90.0,41.58297,-7.144374,-2.6371841,70.96146,25.379128,89.09128,0.5057398
4.725,41.353928,-6.8018513,-2.930426,70.0,25.0,90.0,41.58297,-7.144374,-2.6371841,70.96146,25.379128,89.09128,0.5057398
4.729166666666667,41.353928,-6.8018513,-2.930426,70.0,25.0,90.0,41.58297,-7.144374,-2.6371841,70.96146,25.379128,89.09128,0.5057398
4.733333333333333,41.353928,-6.8018513,-2.930426,70.0,25.0,90.0,41.58297,-7.144374,-2.6371841,70.96146,25.379128,89.09128,0.5057398
4.7375,41.353928,-6.8018513,-2.930426,70.0,25.0,90.0,41.58297,-7.144374,-2.6371841,70.96146,25.379128,89.09128,0.5057398
4.741666666666666,41.353928,-6.8018513,-2.930426,70.0,25.0,90.0,41.58297,-7.144374,-2.6371841,70.96146,25.379128,89.09128,0.5057398
4.745833333333334,41.353928,-6.8018513,-2.930426,70.0,25.0,90.0,41.58297,-7.144374,-2.6371841,70.96146,25.379128,89.09128,0.5057398
4.75,41.353928,-6.8018513,-2.930426,70.0,25.0,90.0,41.582577,-7.1356792,-2.6442766,70.95778,25.399391,89.089264,0.49558344
4.754166666666666,41.353928,-6.8018513,-2.930426,70.0,25.0,90.0,41.569588,-7.1408854,-2.6825495,70.88402,25.39626,89.10079,0.47211874
4.758333333333334,41.353928,-6.8018513,-2.930426,70.0,25.0,90.0,41.53282,-7.160016,-2.7425613,70.71073,25.307648,89.169876,0.4422422
4.7625,41.353928,-6.8018513,-2.930426,70.0,25.0,90.0,41.46217,-7.302758,-2.7929478,70.42511,25.07531,89.262184,0.5305887
4.766666666666667,41.353928,-6.8018513,-2.930426,70.0,25.0,90.0,41.350693,-7.331786,-2.6048021,70.448654,24.765327,89.4961,0.62199056
4.770833333333333,41.353928,-6.8018513,-2.930426,70.0,25.0,90.0,41.26236,-7.425062,-2.5799265,70.41103,24.690105,89.361,0.7208511
4.775,41.353928,-6.8018513,-2.930426,70.0,25.0,90.0,41.033348,-6.8784475,-2.086729,70.46059,25.224243,89.71018,0.9057939
4.779166666666667,41.353928,-6.8018513,-2.930426,70.0,25.0,90.0,40.26744,-6.6500196,-2.0251722,70.43911,24.420841,90.67948,1.4223188
4.783333333333333,41.353928,-6.8018513,-2.930426,70.0,25.0,90.0,39.881657,-6.5327663,-2.1010828,70.493675,24.383537,91.28305,1.7110811
4.7875,41.353928,-6.8018513,-2.930426,70.0,25.0,90.0,40.01754,-5.500099,-0.4720583,72.44556,29.159988,91.275154,3.0861077
4.791666666666667,41.353928,-6.8018513,-2.930426,70.0,25.0,90.0,39.75218,-6.350683,-1.2483053,72.40625,28.399868,91.0246,2.3661537
4.795833333333333,41.353928,-6.8018513,-2.930426,70.0,25.0,90.0,40.340416,-6.7743473,-2.8458986,71.45057,25.32111,91.72552,1.0174022
