time_s,true_wrist_X_cm,true_wrist_Y_cm,true_wrist_Z_cm,true_shoulder_elv_deg,true_shoulder_rot_deg,true_elbow_flexion_deg,pred_wrist_X_cm,pred_wrist_Y_cm,pred_wrist_Z_cm,pred_shoulder_elv_deg,pred_shoulder_rot_deg,pred_elbow_flexion_deg,l2_distance_cm
0.0,41.353928,-6.8018513,-2.930426,70.0,25.0,90.0,41.178894,-7.862048,-0.61142063,71.07297,24.05048,91.517426,2.5558636
0.004166666666666667,41.353928,-6.8018513,-2.930426,70.0,25.0,90.0,41.515434,-8.226547,-1.1671028,70.48711,23.88792,91.23071,2.272697
0.008333333333333333,41.353928,-6.8018513,-2.930426,70.0,25.0,90.0,41.761368,-8.212559,-1.9327049,69.63223,24.072136,91.20413,1.7752606
0.0125,41.353928,-6.8018513,-2.930426,70.0,25.0,90.0,41.333504,-7.473853,-2.5651379,71.1171,25.549145,90.14717,0.7651398
0.016666666666666666,41.353928,-6.8018513,-2.930426,70.0,25.0,90.0,41.16353,-6.7179165,-2.1972027,72.188446,27.131435,88.94323,0.7621766
0.020833333333333332,41.353928,-6.8018513,-2.930426,70.0,25.0,90.0,40.70734,-7.2275867,-3.414443,70.19999,26.697048,88.70732,0.91301614
0.025,41.353928,-6.8018513,-2.930426,70.0,25.0,90.0,41.27056,-7.9346485,-3.0466137,70.03526,24.7947,89.04819,1.1417876
0.029166666666666667,41.353928,-6.8018513,-2.930426,70.0,25.0,90.0,41.369694,-7.613907,-2.8339205,70.493065,25.185013,89.09569,0.8179218
0.03333333333333333,41.353928,-6.8018513,-2.930426,70.0,25.0,90.0,41.477516,-7.393709,-2.721899,70.708206,25.383492,89.06025,0.6395728
0.0375,41.353928,-6.8018513,-2.930426,70.0,25.0,90.0,41.530766,-7.297138,-2.6457691,70.88682,25.361942,89.02616,0.59800524
0.041666666666666664,41.353928,-6.8018513,-2.930426,70.0,25.0,90.0,41.5739,-7.2100925,-2.632903,70.9403,25.396294,89.05287,0.5509699
0.04583333333333333,41.353928,-6.8018513,-2.930426,70.0,25.0,90.0,41.59042,-7.1567726,-2.6476088,70.922615,25.3777,89.068756,0.5117453
0.05,41.353928,-6.8018513,-2.930426,70.0,25.0,90.0,41.58293,-7.1443415,-2.6371546,70.96149,25.379158,89.09138,0.5057177
0.05416666666666667,41.353928,-6.8018513,-2.930426,70.0,25.0,90.0,41.58293,-7.1443415,-2.6371546,70.96149,25.379158,89.09138,0.5057177
0.058333333333333334,41.353928,-6.8018513,-2.930426,70.0,25.0,90.0,41.58293,-7.1443415,-2.6371546,70.96149,25.379158,89.09138,0.5057177
0.0625,41.353928,-6.8018513,-2.930426,70.0,25.0,90.0,41.58293,-7.1443415,-2.6371546,70.96149,25.379158,89.09138,0.5057177
0.06666666666666667,41.353928,-6.8018513,-2.930426,70.0,25.0,90.0,41.58293,-7.1443415,-2.6371546,70.96149,25.379158,89.09138,0.5057177
0.07083333333333333,41.353928,-6.8018513,-2.930426,70.0,25.0,90.0,41.58293,-7.1443415,-2.6371546,70.96149,25.379158,89.09138,0.5057177
0.075,41.353928,-6.8018513,-2.930426,70.0,25.0,90.0,41.58293,-7.1443415,-2.6371546,70.96149,25.379158,89.09138,0.5057177
0.07916666666666666,41.353928,-6.8018513,-2.930426,70.0,25.0,90.0,41.58293,-7.1443415,-2.6371546,70.96149,25.379158,89.09138,0.5057177
0.08333333333333333,41.353928,-6.8018513,-2.930426,70.0,25.0,90.0,41.58293,-7.1443415,-2.6371546,70.96149,25.379158,89.09138,0.5057177
0.0875,41.353928,-6.8018513,-2.930426,70.0,25.0,90.0,41.58293,-7.1443415,-2.6371546,70.96149,25.379158,89.09138,0.5057177
0.09166666666666666,41.353928,-6.8018513,-2.930426,70.0,25.0,90.0,41.58293,-7.1443415,-2.6371546,70.96149,25.379158,89.09138,0.5057177
0.09583333333333334,41.353928,-6.8018513,-2.930426,70.0,25.0,90.0,41.58293,-7.1443415,-2.6371546,70.96149,25.379158,89.09138,0.5057177
0.1,41.353928,-6.8018513,-2.930426,70.0,25.0,90.0,41.58293,-7.1443415,-2.6371546,70.96149,25.379158,89.09138,0.5057177
0.10416666666666667,41.353928,-6.8018513,-2.930426,70.0,25.0,90.0,41.58293,-7.1443415,-2.6371546,70.96149,25.379158,89.09138,0.5057177
0.10833333333333334,41.353928,-6.8018513,-2.930426,70.0,25.0,90.0,41.58293,-7.1443415,-2.6371546,70.96149,25.379158,89.09138,0.5057177
0.1125,41.353928,-6.8018513,-2.930426,70.0,25.0,90.0,41.58293,-7.1443415,-2.6371546,70.96149,25.379158,89.09138,0.5057177
0.11666666666666667,41.353928,-6.8018513,-2.930426,70.0,25.0,90.0,41.58293,-7.1443415,-2.6371546,70.96149,25.379158,89.09138,0.5057177
0.12083333333333333,41.353928,-6.8018513,-2.930426,70.0,25.0,90.0,41.58293,-7.1443415,-2.6371546,70.96149,25.379158,89.09138,0.5057177
0.125,41.353928,-6.8018513,-2.930426,70.0,25.0,90.0,41.58293,-7.1443415,-2.6371546,70.96149,25.379158,89.09138,0.5057177
0.12916666666666668,41.353928,-6.8018513,-2.930426,70.0,25.0,90.0,41.58293,-7.1443415,-2.6371546,70.96149,25.379158,89.09138,0.5057177
0.13333333333333333,41.353928,-6.8018513,-2.930426,70.0,25.0,90.0,41.58293,-7.1443415,-2.6371546,70.96149,25.379158,89.09138,0.5057177
0.1375,41.353928,-6.8018513,-2.930426,70.0,25.0,90.0,41.58293,-7.1443415,-2.6371546,70.96149,25.379158,89.09138,0.5057177
0.14166666666666666,41.353928,-6.8018513,-2.930426,70.0,25.0,90.0,41.58293,-7.1443415,-2.6371546,70.96149,25.379158,89.09138,0.5057177
0.14583333333333334,41.353928,-6.8018513,-2.930426,70.0,25.0,90.0,41.58293,-7.1443415,-2.6371546,70.96149,25.379158,89.09138,0.5057177
0.15,41.353928,-6.8018513,-2.930426,70.0,25.0,90.0,41.58293,-7.1443415,-2.6371546,70.96149,25.379158,89.09138,0.5057177
0.15416666666666667,41.353928,-6.8018513,-2.930426,70.0,25.0,90.0,41.58293,-7.1443415,-2.6371546,70.96149,25.379158,89.09138,0.5057177
0.15833333333333333,41.353928,-6.8018513,-2.930426,70.0,25.0,90.0,41.58293,-7.1443415,-2.6371546,70.96149,25.379158,89.09138,0.5057177
0.1625,41.353928,-6.8018513,-2.930426,70.0,25.0,90.0,41.58293,-7.1443415,-2.6371546,70.96149,25.379158,89.09138,0.5057177
0.16666666666666666,41.353928,-6.8018513,-2.930426,70.0,25.0,90.0,41.58293,-7.1443415,-2.6371546,70.96149,25.379158,89.09138,0.5057177
0.17083333333333334,41.353928,-6.8018513,-2.930426,70.0,25.0,90.0,41.58293,-7.1443415,-2.6371546,70.96149,25.379158,89.09138,0.5057177
0.175,41.353928,-6.8018513,-2.930426,70.0,25.0,90.0,41.58293,-7.1443415,-2.6371546,70.96149,25.379158,89.09138,0.5057177
0.17916666666666667,41.353928,-6.8018513,-2.930426,70.0,25.0,90.0,41.58293,-7.1443415,-2.6371546,70.96149,25.379158,89.09138,0.5057177
0.18333333333333332,41.353928,-6.8018513,-2.930426,70.0,25.0,90.0,41.58293,-7.1443415,-2.6371546,70.96149,25.379158,89.09138,0.5057177
0.1875,41.353928,-6.8018513,-2.930426,70.0,25.0,90.0,41.58293,-7.1443415,-2.6371546,70.96149,25.379158,89.09138,0.5057177
0.19166666666666668,41.353928,-6.8018513,-2.930426,70.0,25.0,90.0,41.58293,-7.1443415,-2.6371546,70.96149,25.379158,89.09138,0.5057177
0.19583333333333333,41.353928,-6.8018513,-2.930426,70.0,25.0,90.0,41.58293,-7.1443415,-2.6371546,70.96149,25.379158,89.09138,0.5057177
0.2,41.353928,-6.8018513,-2.930426,70.0,25.0,90.0,41.58293,-7.1443415,-2.6371546,70.96149,25.379158,89.09138,0.5057177
0.20416666666666666,41.353928,-6.8018513,-2.930426,70.0,25.0,90.0,41.58293,-7.1443415,-2.6371546,70.96149,25.379158,89.09138,0.5057177
0.20833333333333334,41.353928,-6.8018513,-2.930426,70.0,25.0,90.0,41.58293,-7.1443415,-2.6371546,70.96149,25.379158,89.09138,0.5057177
0.2125,41.353928,-6.8018513,-2.930426,70.0,25.0,90.0,41.58293,-7.1443415,-2.6371546,70.96149,25.379158,89.09138,0.5057177
0.21666666666666667,41.353928,-6.8018513,-2.930426,70.0,25.0,90.0,41.58293,-7.1443415,-2.6371546,70.96149,25.379158,89.09138,0.5057177
0.22083333333333333,41.353928,-6.8018513,-2.930426,70.0,25.0,90.0,41.58293,-7.1443415,-2.6371546,70.96149,25.379158,89.09138,0.5057177
0.225,41.353928,-6.8018513,-2.930426,70.0,25.0,90.0,41.58293,-7.1443415,-2.6371546,70.96149,25.379158,89.09138,0.5057177
0.22916666666666666,41.353928,-6.8018513,-2.930426,70.0,25.0,90.0,41.58293,-7.1443415,-2.6371546,70.96149,25.379158,89.09138,0.5057177
0.23333333333333334,41.353928,-6.8018513,-2.930426,70.0,25.0,90.0,41.58293,-7.1443415,-2.6371546,70.96149,25.379158,89.09138,0.5057177
0.2375,41.353928,-6.8018513,-2.930426,70.0,25.0,90.0,41.58293,-7.1443415,-2.6371546,70.96149,25.379158,89.09138,0.5057177
0.24166666666666667,41.353928,-6.8018513,-2.930426,70.0,25.0,90.0,41.58293,-7.1443415,-2.6371546,70.96149,25.379158,89.09138,0.5057177
0.24583333333333332,41.353928,-6.8018513,-2.930426,70.0,25.0,90.0,41.58293,-7.1443415,-2.6371546,70.96149,25.379158,89.09138,0.5057177
0.25,41.353928,-6.8018513,-2.930426,70.0,25.0,90.0,41.58293,-7.1443415,-2.6371546,70.96149,25.379158,89.09138,0.5057177
0.25416666666666665,41.353928,-6.8018513,-2.930426,70.0,25.0,90.0,41.58293,-7.1443415,-2.6371546,70.96149,25.379158,89.09138,0.5057177
0.25833333333333336,41.353928,-6.8018513,-2.930426,70.0,25.0,90.0,41.58293,-7.1443415,-2.6371546,70.96149,25.379158,89.09138,0.5057177
0.2625,41.353928,-6.8018513,-2.930426,70.0,25.0,90.0,41.58293,-7.1443415,-2.6371546,70.96149,25.379158,89.09138,0.5057177
0.26666666666666666,41.353928,-6.8018513,-2.930426,70.0,25.0,90.0,41.58293,-7.1443415,-2.6371546,70.96149,25.379158,89.09138,0.5057177
0.2708333333333333,41.353928,-6.8018513,-2.930426,70.0,25.0,90.0,41.58293,-7.1443415,-2.6371546,70.96149,25.379158,89.09138,0.5057177
0.275,41.353928,-6.8018513,-2.930426,70.0,25.0,90.0,41.58293,-7.1443415,-2.6371546,70.96149,25.379158,89.09138,0.5057177
0.2791666666666667,41.353928,-6.8018513,-2.930426,70.0,25.0,90.0,41.58293,-7.1443415,-2.6371546,70.96149,25.379158,89.09138,0.5057177
0.2833333333333333,41.353928,-6.8018513,-2.930426,70.0,25.0,90.0,41.58293,-7.1443415,-2.6371546,70.96149,25.379158,89.09138,0.5057177
0.2875,41.353928,-6.8018513,-2.930426,70.0,25.0,90.0,41.58293,-7.1443415,-2.6371546,70.96149,25.379158,89.09138,0.5057177
0.2916666666666667,41.353928,-6.8018513,-2.930426,70.0,25.0,90.0,41.58293,-7.1443415,-2.6371546,70.96149,25.379158,89.09138,0.5057177
0.29583333333333334,41.353928,-6.8018513,-2.930426,70.0,25.0,90.0,41.58293,-7.1443415,-2.6371546,70.96149,25.379158,89.09138,0.5057177
0.3,41.353928,-6.8018513,-2.930426,70.0,25.0,90.0,41.58293,-7.1443415,-2.6371546,70.96149,25.379158,89.09138,0.5057177
0.30416666666666664,41.353928,-6.8018513,-2.930426,70.0,25.0,90.0,41.58293,-7.1443415,-2.6371546,70.96149,25.379158,89.09138,0.5057177
0.30833333333333335,41.353928,-6.8018513,-2.930426,70.0,25.0,90.0,41.58293,-7.1443415,-2.6371546,70.96149,25.379158,89.09138,0.5057177
0.3125,41.353928,-6.8018513,-2.930426,70.0,25.0,90.0,41.58293,-7.1443415,-2.6371546,70.96149,25.379158,89.09138,0.5057177
0.31666666666666665,41.353928,-6.8018513,-2.930426,70.0,25.0,90.0,41.58293,-7.1443415,-2.6371546,70.96149,25.379158,89.09138,0.5057177
0.32083333333333336,41.353928,-6.8018513,-2.930426,70.0,25.0,90.0,41.58293,-7.1443415,-2.6371546,70.96149,25.379158,89.09138,0.5057177
0.325,41.353928,-6.8018513,-2.930426,70.0,25.0,90.0,41.58293,-7.1443415,-2.6371546,70.96149,25.379158,89.09138,0.5057177
0.32916666666666666,41.353928,-6.8018513,-2.930426,70.0,25.0,90.0,41.58293,-7.1443415,-2.6371546,70.96149,25.379158,89.09138,0.5057177
0.3333333333333333,41.353928,-6.8018513,-2.930426,70.0,25.0,90.0,41.58293,-7.1443415,-2.6371546,70.96149,25.379158,89.09138,0.5057177
0.3375,41.353928,-6.8018513,-2.930426,70.0,25.0,90.0,41.58293,-7.1443415,-2.6371546,70.96149,25.379158,89.09138,0.5057177
0.3416666666666667,41.353928,-6.8018513,-2.930426,70.0,25.0,90.0,41.58293,-7.1443415,-2.6371546,70.96149,25.379158,89.09138,0.5057177
0.3458333333333333,41.353928,-6.8018513,-2.930426,70.0,25.0,90.0,41.58293,-7.1443415,-2.6371546,70.96149,25.379158,89.09138,0.5057177
0.35,41.353928,-6.8018513,-2.930426,70.0,25.0,90.0,41.58293,-7.1443415,-2.6371546,70.96149,25.379158,89.09138,0.5057177
0.3541666666666667,41.353928,-6.8018513,-2.930426,70.0,25.0,90.0,41.58293,-7.1443415,-2.6371546,70.96149,25.379158,89.09138,0.5057177
0.35833333333333334,41.353928,-6.8018513,-2.930426,70.0,25.0,90.0,41.58293,-7.1443415,-2.6371546,70.96149,25.379158,89.09138,0.5057177
0.3625,41.353928,-6.8018513,-2.930426,70.0,25.0,90.0,41.58293,-7.1443415,-2.6371546,70.96149,25.379158,89.09138,0.5057177
0.36666666666666664,41.353928,-6.8018513,-2.930426,70.0,25.0,90.0,41.58293,-7.1443415,-2.6371546,70.96149,25.379158,89.09138,0.5057177
0.37083333333333335,41.353928,-6.8018513,-2.930426,70.0,25.0,90.0,41.58293,-7.1443415,-2.6371546,70.96149,25.379158,89.09138,0.5057177
0.375,41.353928,-6.8018513,-2.930426,70.0,25.0,90.0,41.58293,-7.1443415,-2.6371546,70.96149,25.379158,89.09138,0.5057177
0.37916666666666665,41.353928,-6.8018513,-2.930426,70.0,25.0,90.0,41.58293,-7.1443415,-2.6371546,70.96149,25.379158,89.09138,0.5057177
0.38333333333333336,41.353928,-6.8018513,-2.930426,70.0,25.0,90.0,41.58293,-7.1443415,-2.6371546,70.96149,25.379158,89.09138,0.5057177
0.3875,41.353928,-6.8018513,-2.930426,70.0,25.0,90.0,41.58293,-7.1443415,-2.6371546,70.96149,25.379158,89.09138,0.5057177
0.39166666666666666,41.353928,-6.8018513,-2.930426,70.0,25.0,90.0,41.58293,-7.1443415,-2.6371546,70.96149,25.379158,89.09138,0.5057177
0.3958333333333333,41.353928,-6.8018513,-2.930426,70.0,25.0,90.0,41.58293,-7.1443415,-2.6371546,70.96149,25.379158,89.09138,0.5057177
0.4,41.353928,-6.8018513,-2.930426,70.0,25.0,90.0,41.58293,-7.1443415,-2.6371546,70.96149,25.379158,89.09138,0.5057177
0.4041666666666667,41.353928,-6.8018513,-2.930426,70.0,25.0,90.0,41.58293,-7.1443415,-2.6371546,70.96149,25.379158,89.09138,0.5057177
0.4083333333333333,41.353928,-6.8018513,-2.930426,70.0,25.0,90.0,41.58293,-7.1443415,-2.6371546,70.96149,25.379158,89.09138,0.5057177
0.4125,41.353928,-6.8018513,-2.930426,70.0,25.0,90.0,41.58293,-7.1443415,-2.6371546,70.96149,25.379158,89.09138,0.5057177
0.4166666666666667,41.353928,-6.8018513,-2.930426,70.0,25.0,90.0,41.58293,-7.1443415,-2.6371546,70.96149,25.379158,89.09138,0.5057177
0.42083333333333334,41.353928,-6.8018513,-2.930426,70.0,25.0,90.0,41.58293,-7.1443415,-2.6371546,70.96149,25.379158,89.09138,0.5057177
0.425,41.353928,-6.8018513,-2.930426,70.0,25.0,90.0,41.58293,-7.1443415,-2.6371546,70.96149,25.379158,89.09138,0.5057177
0.42916666666666664,41.353928,-6.8018513,-2.930426,70.0,25.0,90.0,41.58293,-7.1443415,-2.6371546,70.96149,25.379158,89.09138,0.5057177
0.43333333333333335,41.353928,-6.8018513,-2.930426,70.0,25.0,90.0,41.58293,-7.1443415,-2.6371546,70.96149,25.379158,89.09138,0.5057177
0.4375,41.353928,-6.8018513,-2.930426,70.0,25.0,90.0,41.58293,-7.1443415,-2.6371546,70.96149,25.379158,89.09138,0.5057177
0.44166666666666665,41.353928,-6.8018513,-2.930426,70.0,25.0,90.0,41.58293,-7.1443415,-2.6371546,70.96149,25.379158,89.09138,0.5057177
0.44583333333333336,41.353928,-6.8018513,-2.930426,70.0,25.0,90.0,41.58293,-7.1443415,-2.6371546,70.96149,25.379158,89.09138,0.5057177
0.45,41.353928,-6.8018513,-2.930426,70.0,25.0,90.0,41.58293,-7.1443415,-2.6371546,70.96149,25.379158,89.09138,0.5057177
0.45416666666666666,41.353928,-6.8018513,-2.930426,70.0,25.0,90.0,41.58293,-7.1443415,-2.6371546,70.96149,25.379158,89.09138,0.5057177
0.4583333333333333,41.353928,-6.8018513,-2.930426,70.0,25.0,90.0,41.58293,-7.1443415,-2.6371546,70.96149,25.379158,89.09138,0.5057177
0.4625,41.353928,-6.8018513,-2.930426,70.0,25.0,90.0,41.58293,-7.1443415,-2.6371546,70.96149,25.379158,89.09138,0.5057177
0.4666666666666667,41.353928,-6.8018513,-2.930426,70.0,25.0,90.0,41.58293,-7.1443415,-2.6371546,70.96149,25.379158,89.09138,0.5057177
0.4708333333333333,41.353928,-6.8018513,-2.930426,70.0,25.0,90.0,41.58293,-7.1443415,-2.6371546,70.96149,25.379158,89.09138,0.5057177
0.475,41.353928,-6.8018513,-2.930426,70.0,25.0,90.0,41.58293,-7.1443415,-2.6371546,70.96149,25.379158,89.09138,0.5057177
0.4791666666666667,41.353928,-6.8018513,-2.930426,70.0,25.0,90.0,41.58293,-7.1443415,-2.6371546,70.96149,25.379158,89.09138,0.5057177
0.48333333333333334,41.353928,-6.8018513,-2.930426,70.0,25.0,90.0,41.58293,-7.1443415,-2.6371546,70.96149,25.379158,89.09138,0.5057177
0.4875,41.353928,-6.8018513,-2.930426,70.0,25.0,90.0,41.58293,-7.1443415,-2.6371546,70.96149,25.379158,89.09138,0.5057177
0.49166666666666664,41.353928,-6.8018513,-2.930426,70.0,25.0,90.0,41.58293,-7.1443415,-2.6371546,70.96149,25.379158,89.09138,0.5057177
0.49583333333333335,41.353928,-6.8018513,-2.930426,70.0,25.0,90.0,41.58293,-7.1443415,-2.6371546,70.96149,25.379158,89.09138,0.5057177
0.5,41.353928,-6.8018513,-2.930426,70.0,25.0,90.0,41.58293,-7.1443415,-2.6371546,70.96149,25.379158,89.09138,0.5057177
0.5041666666666667,41.353928,-6.8018513,-2.930426,70.0,25.0,90.0,41.58293,-7.1443415,-2.6371546,70.96149,25.379158,89.09138,0.5057177
0.5083333333333333,41.353928,-6.8018513,-2.930426,70.0,25.0,90.0,41.58293,-7.1443415,-2.6371546,70.96149,25.379158,89.09138,0.5057177
0.5125,41.353928,-6.8018513,-2.930426,70.0,25.0,90.0,41.58293,-7.1443415,-2.6371546,70.96149,25.379158,89.09138,0.5057177
0.5166666666666667,41.353928,-6.8018513,-2.930426,70.0,25.0,90.0,41.58293,-7.1443415,-2.6371546,70.96149,25.379158,89.09138,0.5057177
0.5208333333333334,41.353928,-6.8018513,-2.930426,70.0,25.0,90.0,41.58293,-7.1443415,-2.6371546,70.96149,25.379158,89.09138,0.5057177
0.525,41.353928,-6.8018513,-2.930426,70.0,25.0,90.0,41.58293,-7.1443415,-2.6371546,70.96149,25.379158,89.09138,0.5057177
0.5291666666666667,41.353928,-6.8018513,-2.930426,70.0,25.0,90.0,41.58293,-7.1443415,-2.6371546,70.96149,25.379158,89.09138,0.5057177
0.5333333333333333,41.353928,-6.8018513,-2.930426,70.0,25.0,90.0,41.58293,-7.1443415,-2.6371546,70.96149,25.379158,89.09138,0.5057177
0.5375,41.353928,-6.8018513,-2.930426,70.0,25.0,90.0,41.58293,-7.1443415,-2.6371546,70.96149,25.379158,89.09138,0.5057177
0.5416666666666666,41.353928,-6.8018513,-2.930426,70.0,25.0,90.0,41.58293,-7.1443415,-2.6371546,70.96149,25.379158,89.09138,0.5057177
0.5458333333333333,41.353928,-6.8018513,-2.930426,70.0,25.0,90.0,41.58293,-7.1443415,-2.6371546,70.96149,25.379158,89.09138,0.5057177
0.55,41.353928,-6.8018513,-2.930426,70.0,25.0,90.0,41.58293,-7.1443415,-2.6371546,70.96149,25.379158,89.09138,0.5057177
0.5541666666666667,41.353928,-6.8018513,-2.930426,70.0,25.0,90.0,41.58293,-7.1443415,-2.6371546,70.96149,25.379158,89.09138,0.5057177
0.5583333333333333,41.353928,-6.8018513,-2.930426,70.0,25.0,90.0,41.58293,-7.1443415,-2.6371546,70.96149,25.379158,89.09138,0.5057177
0.5625,41.353928,-6.8018513,-2.930426,70.0,25.0,90.0,41.58293,-7.1443415,-2.6371546,70.96149,25.379158,89.09138,0.5057177
0.5666666666666667,41.353928,-6.8018513,-2.930426,70.0,25.0,90.0,41.58293,-7.1443415,-2.6371546,70.96149,25.379158,89.09138,0.5057177
0.5708333333333333,41.353928,-6.8018513,-2.930426,70.0,25.0,90.0,41.58293,-7.1443415,-2.6371546,70.96149,25.379158,89.09138,0.5057177
0.575,41.353928,-6.8018513,-2.930426,70.0,25.0,90.0,41.58293,-7.1443415,-2.6371546,70.96149,25.379158,89.09138,0.5057177
0.5791666666666667,41.353928,-6.8018513,-2.930426,70.0,25.0,90.0,41.58293,-7.1443415,-2.6371546,70.96149,25.379158,89.09138,0.5057177
0.5833333333333334,41.353928,-6.8018513,-2.930426,70.0,25.0,90.0,41.58293,-7.1443415,-2.6371546,70.96149,25.379158,89.09138,0.5057177
0.5875,41.353928,-6.8018513,-2.930426,70.0,25.0,90.0,41.58293,-7.1443415,-2.6371546,70.96149,25.379158,89.09138,0.5057177
0.5916666666666667,41.353928,-6.8018513,-2.930426,70.0,25.0,90.0,41.58293,-7.1443415,-2.6371546,70.96149,25.379158,89.09138,0.5057177
0.5958333333333333,41.353928,-6.8018513,-2.930426,70.0,25.0,90.0,41.58293,-7.1443415,-2.6371546,70.96149,25.379158,89.09138,0.5057177
0.6,41.353928,-6.8018513,-2.930426,70.0,25.0,90.0,41.58293,-7.1443415,-2.6371546,70.96149,25.379158,89.09138,0.5057177
0.6041666666666666,41.353928,-6.8018513,-2.930426,70.0,25.0,90.0,41.58293,-7.1443415,-2.6371546,70.96149,25.379158,89.09138,0.5057177
0.6083333333333333,41.353928,-6.8018513,-2.930426,70.0,25.0,90.0,41.58293,-7.1443415,-2.6371546,70.96149,25.379158,89.09138,0.5057177
0.6125,41.353928,-6.8018513,-2.930426,70.0,25.0,90.0,41.58293,-7.1443415,-2.6371546,70.96149,25.379158,89.09138,0.5057177
0.6166666666666667,41.353928,-6.8018513,-2.930426,70.0,25.0,90.0,41.58293,-7.1443415,-2.6371546,70.96149,25.379158,89.09138,0.5057177
0.6208333333333333,41.353928,-6.8018513,-2.930426,70.0,25.0,90.0,41.58293,-7.1443415,-2.6371546,70.96149,25.379158,89.09138,0.5057177
0.625,41.353928,-6.8018513,-2.930426,70.0,25.0,90.0,41.58293,-7.1443415,-2.6371546,70.96149,25.379158,89.09138,0.5057177
0.6291666666666667,41.353928,-6.8018513,-2.930426,70.0,25.0,90.0,41.58293,-7.1443415,-2.6371546,70.96149,25.379158,89.09138,0.5057177
0.6333333333333333,41.353928,-6.8018513,-2.930426,70.0,25.0,90.0,41.58293,-7.1443415,-2.6371546,70.96149,25.379158,89.09138,0.5057177
0.6375,41.353928,-6.8018513,-2.930426,70.0,25.0,90.0,41.58293,-7.1443415,-2.6371546,70.96149,25.379158,89.09138,0.5057177
0.6416666666666667,41.353928,-6.8018513,-2.930426,70.0,25.0,90.0,41.58293,-7.1443415,-2.6371546,70.96149,25.379158,89.09138,0.5057177
0.6458333333333334,41.353928,-6.8018513,-2.930426,70.0,25.0,90.0,41.58293,-7.1443415,-2.6371546,70.96149,25.379158,89.09138,0.5057177
0.65,41.353928,-6.8018513,-2.930426,70.0,25.0,90.0,41.58293,-7.1443415,-2.6371546,70.96149,25.379158,89.09138,0.5057177
0.6541666666666667,41.353928,-6.8018513,-2.930426,70.0,25.0,90.0,41.58293,-7.1443415,-2.6371546,70.96149,25.379158,89.09138,0.5057177
0.6583333333333333,41.353928,-6.8018513,-2.930426,70.0,25.0,90.0,41.58293,-7.1443415,-2.6371546,70.96149,25.379158,89.09138,0.5057177
0.6625,41.353928,-6.8018513,-2.930426,70.0,25.0,90.0,41.58293,-7.1443415,-2.6371546,70.96149,25.379158,89.09138,0.5057177
0.6666666666666666,41.353928,-6.8018513,-2.930426,70.0,25.0,90.0,41.58293,-7.1443415,-2.6371546,70.96149,25.379158,89.09138,0.5057177
0.6708333333333333,41.353928,-6.8018513,-2.930426,70.0,25.0,90.0,41.58293,-7.1443415,-2.6371546,70.96149,25.379158,89.09138,0.5057177
0.675,41.353928,-6.8018513,-2.930426,70.0,25.0,90.0,41.58293,-7.1443415,-2.6371546,70.96149,25.379158,89.09138,0.5057177
0.6791666666666667,41.353928,-6.8018513,-2.930426,70.0,25.0,90.0,41.58293,-7.1443415,-2.6371546,70.96149,25.379158,89.09138,0.5057177
0.6833333333333333,41.353928,-6.8018513,-2.930426,70.0,25.0,90.0,41.58293,-7.1443415,-2.6371546,70.96149,25.379158,89.09138,0.5057177
0.6875,41.353928,-6.8018513,-2.930426,70.0,25.0,90.0,41.58293,-7.1443415,-2.6371546,70.96149,25.379158,89.09138,0.5057177
0.6916666666666667,41.353928,-6.8018513,-2.930426,70.0,25.0,90.0,41.58293,-7.1443415,-2.6371546,70.96149,25.379158,89.09138,0.5057177
0.6958333333333333,41.353928,-6.8018513,-2.930426,70.0,25.0,90.0,41.58293,-7.1443415,-2.6371546,70.96149,25.379158,89.09138,0.5057177
0.7,41.353928,-6.8018513,-2.930426,70.0,25.0,90.0,41.58293,-7.1443415,-2.6371546,70.96149,25.379158,89.09138,0.5057177
0.7041666666666667,41.353928,-6.8018513,-2.930426,70.0,25.0,90.0,41.58293,-7.1443415,-2.6371546,70.96149,25.379158,89.09138,0.5057177
0.7083333333333334,41.353928,-6.8018513,-2.930426,70.0,25.0,90.0,41.58293,-7.1443415,-2.6371546,70.96149,25.379158,89.09138,0.5057177
0.7125,41.353928,-6.8018513,-2.930426,70.0,25.0,90.0,41.58293,-7.1443415,-2.6371546,70.96149,25.379158,89.09138,0.5057177
0.7166666666666667,41.353928,-6.8018513,-2.930426,70.0,25.0,90.0,41.58293,-7.1443415,-2.6371546,70.96149,25.379158,89.09138,0.5057177
0.7208333333333333,41.353928,-6.8018513,-2.930426,70.0,25.0,90.0,41.58293,-7.1443415,-2.6371546,70.96149,25.379158,89.09138,0.5057177
0.725,41.353928,-6.8018513,-2.930426,70.0,25.0,90.0,41.58293,-7.1443415,-2.6371546,70.96149,25.379158,89.09138,0.5057177
0.7291666666666666,41.353928,-6.8018513,-2.930426,70.0,25.0,90.0,41.58293,-7.1443415,-2.6371546,70.96149,25.379158,89.09138,0.5057177
0.7333333333333333,41.353928,-6.8018513,-2.930426,70.0,25.0,90.0,41.58293,-7.1443415,-2.6371546,70.96149,25.379158,89.09138,0.5057177
0.7375,41.353928,-6.8018513,-2.930426,70.0,25.0,90.0,41.58293,-7.1443415,-2.6371546,70.96149,25.379158,89.09138,0.5057177
0.7416666666666667,41.353928,-6.8018513,-2.930426,70.0,25.0,90.0,41.58293,-7.1443415,-2.6371546,70.96149,25.379158,89.09138,0.5057177
0.7458333333333333,41.353928,-6.8018513,-2.930426,70.0,25.0,90.0,41.58293,-7.1443415,-2.6371546,70.96149,25.379158,89.09138,0.5057177
0.75,41.353928,-6.8018513,-2.930426,70.0,25.0,90.0,41.58293,-7.1443415,-2.6371546,70.96149,25.379158,89.09138,0.5057177
0.7541666666666667,41.353928,-6.8018513,-2.930426,70.0,25.0,90.0,41.58293,-7.1443415,-2.6371546,70.96149,25.379158,89.09138,0.5057177
0.7583333333333333,41.353928,-6.8018513,-2.930426,70.0,25.0,90.0,41.58293,-7.1443415,-2.6371546,70.96149,25.379158,89.09138,0.5057177
0.7625,41.353928,-6.8018513,-2.930426,70.0,25.0,90.0,41.58293,-7.1443415,-2.6371546,70.96149,25.379158,89.09138,0.5057177
0.7666666666666667,41.353928,-6.8018513,-2.930426,70.0,25.0,90.0,41.58293,-7.1443415,-2.6371546,70.96149,25.379158,89.09138,0.5057177
0.7708333333333334,41.353928,-6.8018513,-2.930426,70.0,25.0,90.0,41.58293,-7.1443415,-2.6371546,70.96149,25.379158,89.09138,0.5057177
0.775,41.353928,-6.8018513,-2.930426,70.0,25.0,90.0,41.58293,-7.1443415,-2.6371546,70.96149,25.379158,89.09138,0.5057177
0.7791666666666667,41.353928,-6.8018513,-2.930426,70.0,25.0,90.0,41.58293,-7.1443415,-2.6371546,70.96149,25.379158,89.09138,0.5057177
0.7833333333333333,41.353928,-6.8018513,-2.930426,70.0,25.0,90.0,41.58293,-7.1443415,-2.6371546,70.96149,25.379158,89.09138,0.5057177
0.7875,41.353928,-6.8018513,-2.930426,70.0,25.0,90.0,41.58293,-7.1443415,-2.6371546,70.96149,25.379158,89.09138,0.5057177
0.7916666666666666,41.353928,-6.8018513,-2.930426,70.0,25.0,90.0,41.58293,-7.1443415,-2.6371546,70.96149,25.379158,89.09138,0.5057177
0.7958333333333333,41.353928,-6.8018513,-2.930426,70.0,25.0,90.0,41.58293,-7.1443415,-2.6371546,70.96149,25.379158,89.09138,0.5057177
0.8,41.353928,-6.8018513,-2.930426,70.0,25.0,90.0,41.58293,-7.1443415,-2.6371546,70.96149,25.379158,89.09138,0.5057177
0.8041666666666667,41.353928,-6.8018513,-2.930426,70.0,25.0,90.0,41.58293,-7.1443415,-2.6371546,70.96149,25.379158,89.09138,0.5057177
0.8083333333333333,41.353928,-6.8018513,-2.930426,70.0,25.0,90.0,41.58293,-7.1443415,-2.6371546,70.96149,25.379158,89.09138,0.5057177
0.8125,41.353928,-6.8018513,-2.930426,70.0,25.0,90.0,41.58293,-7.1443415,-2.6371546,70.96149,25.379158,89.09138,0.5057177
0.8166666666666667,41.353928,-6.8018513,-2.930426,70.0,25.0,90.0,41.58293,-7.1443415,-2.6371546,70.96149,25.379158,89.09138,0.5057177
0.8208333333333333,41.353928,-6.8018513,-2.930426,70.0,25.0,90.0,41.58293,-7.1443415,-2.6371546,70.96149,25.379158,89.09138,0.5057177
0.825,41.353928,-6.8018513,-2.930426,70.0,25.0,90.0,41.58293,-7.1443415,-2.6371546,70.96149,25.379158,89.09138,0.5057177
0.8291666666666667,41.353928,-6.8018513,-2.930426,70.0,25.0,90.0,41.58293,-7.1443415,-2.6371546,70.96149,25.379158,89.09138,0.5057177
0.8333333333333334,41.353928,-6.8018513,-2.930426,70.0,25.0,90.0,41.58293,-7.1443415,-2.6371546,70.96149,25.379158,89.09138,0.5057177
0.8375,41.353928,-6.8018513,-2.930426,70.0,25.0,90.0,41.58293,-7.1443415,-2.6371546,70.96149,25.379158,89.09138,0.5057177
0.8416666666666667,41.353928,-6.8018513,-2.930426,70.0,25.0,90.0,41.58293,-7.1443415,-2.6371546,70.96149,25.379158,89.09138,0.5057177
0.8458333333333333,41.353928,-6.8018513,-2.930426,70.0,25.0,90.0,41.58293,-7.1443415,-2.6371546,70.96149,25.379158,89.09138,0.5057177
0.85,41.353928,-6.8018513,-2.930426,70.0,25.0,90.0,41.58293,-7.1443415,-2.6371546,70.96149,25.379158,89.09138,0.5057177
0.8541666666666666,41.353928,-6.8018513,-2.930426,70.0,25.0,90.0,41.58293,-7.1443415,-2.6371546,70.96149,25.379158,89.09138,0.5057177
0.8583333333333333,41.353928,-6.8018513,-2.930426,70.0,25.0,90.0,41.58293,-7.1443415,-2.6371546,70.96149,25.379158,89.09138,0.5057177
0.8625,41.353928,-6.8018513,-2.930426,70.0,25.0,90.0,41.58293,-7.1443415,-2.6371546,70.96149,25.379158,89.09138,0.5057177
0.8666666666666667,41.353928,-6.8018513,-2.930426,70.0,25.0,90.0,41.58293,-7.1443415,-2.6371546,70.96149,25.379158,89.09138,0.5057177
0.8708333333333333,41.353928,-6.8018513,-2.930426,70.0,25.0,90.0,41.58293,-7.1443415,-2.6371546,70.96149,25.379158,89.09138,0.5057177
0.875,41.353928,-6.8018513,-2.930426,70.0,25.0,90.0,41.58293,-7.1443415,-2.6371546,70.96149,25.379158,89.09138,0.5057177
0.8791666666666667,41.353928,-6.8018513,-2.930426,70.0,25.0,90.0,41.58293,-7.1443415,-2.6371546,70.96149,25.379158,89.09138,0.5057177
0.8833333333333333,41.353928,-6.8018513,-2.930426,70.0,25.0,90.0,41.58293,-7.1443415,-2.6371546,70.96149,25.379158,89.09138,0.5057177
0.8875,41.353928,-6.8018513,-2.930426,70.0,25.0,90.0,41.58293,-7.1443415,-2.6371546,70.96149,25.379158,89.09138,0.5057177
0.8916666666666667,41.353928,-6.8018513,-2.930426,70.0,25.0,90.0,41.58293,-7.1443415,-2.6371546,70.96149,25.379158,89.09138,0.5057177
0.8958333333333334,41.353928,-6.8018513,-2.930426,70.0,25.0,90.0,41.58293,-7.1443415,-2.6371546,70.96149,25.379158,89.09138,0.5057177
0.9,41.353928,-6.8018513,-2.930426,70.0,25.0,90.0,41.58293,-7.1443415,-2.6371546,70.96149,25.379158,89.09138,0.5057177
0.9041666666666667,41.353928,-6.8018513,-2.930426,70.0,25.0,90.0,41.58293,-7.1443415,-2.6371546,70.96149,25.379158,89.09138,0.5057177
0.9083333333333333,41.353928,-6.8018513,-2.930426,70.0,25.0,90.0,41.58293,-7.1443415,-2.6371546,70.96149,25.379158,89.09138,0.5057177
0.9125,41.353928,-6.8018513,-2.930426,70.0,25.0,90.0,41.58293,-7.1443415,-2.6371546,70.96149,25.379158,89.09138,0.5057177
0.9166666666666666,41.353928,-6.8018513,-2.930426,70.0,25.0,90.0,41.58293,-7.1443415,-2.6371546,70.96149,25.379158,89.09138,0.5057177
0.9208333333333333,41.353928,-6.8018513,-2.930426,70.0,25.0,90.0,41.58293,-7.1443415,-2.6371546,70.96149,25.379158,89.09138,0.5057177
0.925,41.353928,-6.8018513,-2.930426,70.0,25.0,90.0,41.58293,-7.1443415,-2.6371546,70.96149,25.379158,89.09138,0.5057177
0.9291666666666667,41.353928,-6.8018513,-2.930426,70.0,25.0,90.0,41.58293,-7.1443415,-2.6371546,70.96149,25.379158,89.09138,0.5057177
0.9333333333333333,41.353928,-6.8018513,-2.930426,70.0,25.0,90.0,41.58293,-7.1443415,-2.6371546,70.96149,25.379158,89.09138,0.5057177
0.9375,41.353928,-6.8018513,-2.930426,70.0,25.0,90.0,41.58293,-7.1443415,-2.6371546,70.96149,25.379158,89.09138,0.5057177
0.9416666666666667,41.353928,-6.8018513,-2.930426,70.0,25.0,90.0,41.58293,-7.1443415,-2.6371546,70.96149,25.379158,89.09138,0.5057177
0.9458333333333333,41.353928,-6.8018513,-2.930426,70.0,25.0,90.0,41.58293,-7.1443415,-2.6371546,70.96149,25.379158,89.09138,0.5057177
0.95,41.353928,-6.8018513,-2.930426,70.0,25.0,90.0,41.58293,-7.1443415,-2.6371546,70.96149,25.379158,89.09138,0.5057177
0.9541666666666667,41.353928,-6.8018513,-2.930426,70.0,25.0,90.0,41.58293,-7.1443415,-2.6371546,70.96149,25.379158,89.09138,0.5057177
0.9583333333333334,41.353928,-6.8018513,-2.930426,70.0,25.0,90.0,41.58293,-7.1443415,-2.6371546,70.96149,25.379158,89.09138,0.5057177
0.9625,41.353928,-6.8018513,-2.930426,70.0,25.0,90.0,41.58293,-7.1443415,-2.6371546,70.96149,25.379158,89.09138,0.5057177
0.9666666666666667,41.353928,-6.8018513,-2.930426,70.0,25.0,90.0,41.58293,-7.1443415,-2.6371546,70.96149,25.379158,89.09138,0.5057177
0.9708333333333333,41.353928,-6.8018513,-2.930426,70.0,25.0,90.0,41.58293,-7.1443415,-2.6371546,70.96149,25.379158,89.09138,0.5057177
0.975,41.353928,-6.8018513,-2.930426,70.0,25.0,90.0,41.58293,-7.1443415,-2.6371546,70.96149,25.379158,89.09138,0.5057177
0.9791666666666666,41.353928,-6.8018513,-2.930426,70.0,25.0,90.0,41.58293,-7.1443415,-2.6371546,70.96149,25.379158,89.09138,0.5057177
0.9833333333333333,41.353928,-6.8018513,-2.930426,70.0,25.0,90.0,41.58293,-7.1443415,-2.6371546,70.96149,25.379158,89.09138,0.5057177
0.9875,41.353928,-6.8018513,-2.930426,70.0,25.0,90.0,41.58293,-7.1443415,-2.6371546,70.96149,25.379158,89.09138,0.5057177
0.9916666666666667,41.353928,-6.8018513,-2.930426,70.0,25.0,90.0,41.58293,-7.1443415,-2.6371546,70.96149,25.379158,89.09138,0.5057177
0.9958333333333333,41.353928,-6.8018513,-2.930426,70.0,25.0,90.0,41.58293,-7.1443415,-2.6371546,70.96149,25.379158,89.09138,0.5057177
1.0,41.353928,-6.8018513,-2.930426,70.0,25.0,90.0,41.58293,-7.1443415,-2.6371546,70.96149,25.379158,89.09138,0.5057177
1.0041666666666667,41.353928,-6.8018513,-2.930426,70.0,25.0,90.0,41.58293,-7.1443415,-2.6371546,70.96149,25.379158,89.09138,0.5057177
1.0083333333333333,41.353928,-6.8018513,-2.930426,70.0,25.0,90.0,41.58293,-7.1443415,-2.6371546,70.96149,25.379158,89.09138,0.5057177
1.0125,41.353928,-6.8018513,-2.930426,70.0,25.0,90.0,41.58293,-7.1443415,-2.6371546,70.96149,25.379158,89.09138,0.5057177
1.0166666666666666,41.353928,-6.8018513,-2.930426,70.0,25.0,90.0,41.58293,-7.1443415,-2.6371546,70.96149,25.379158,89.09138,0.5057177
1.0208333333333333,41.353928,-6.8018513,-2.930426,70.0,25.0,90.0,41.58293,-7.1443415,-2.6371546,70.96149,25.379158,89.09138,0.5057177
1.025,41.353928,-6.8018513,-2.930426,70.0,25.0,90.0,41.58293,-7.1443415,-2.6371546,70.96149,25.379158,89.09138,0.5057177
1.0291666666666666,41.353928,-6.8018513,-2.930426,70.0,25.0,90.0,41.58293,-7.1443415,-2.6371546,70.96149,25.379158,89.09138,0.5057177
1.0333333333333334,41.353928,-6.8018513,-2.930426,70.0,25.0,90.0,41.58293,-7.1443415,-2.6371546,70.96149,25.379158,89.09138,0.5057177
1.0375,41.353928,-6.8018513,-2.930426,70.0,25.0,90.0,41.58293,-7.1443415,-2.6371546,70.96149,25.379158,89.09138,0.5057177
1.0416666666666667,41.353928,-6.8018513,-2.930426,70.0,25.0,90.0,41.58293,-7.1443415,-2.6371546,70.96149,25.379158,89.09138,0.5057177
1.0458333333333334,41.353928,-6.8018513,-2.930426,70.0,25.0,90.0,41.58293,-7.1443415,-2.6371546,70.96149,25.379158,89.09138,0.5057177
1.05,41.353928,-6.8018513,-2.930426,70.0,25.0,90.0,41.58293,-7.1443415,-2.6371546,70.96149,25.379158,89.09138,0.5057177
1.0541666666666667,41.353928,-6.8018513,-2.930426,70.0,25.0,90.0,41.58293,-7.1443415,-2.6371546,70.96149,25.379158,89.09138,0.5057177
1.0583333333333333,41.353928,-6.8018513,-2.930426,70.0,25.0,90.0,41.58293,-7.1443415,-2.6371546,70.96149,25.379158,89.09138,0.5057177
1.0625,41.353928,-6.8018513,-2.930426,70.0,25.0,90.0,41.58293,-7.1443415,-2.6371546,70.96149,25.379158,89.09138,0.5057177
1.0666666666666667,41.353928,-6.8018513,-2.930426,70.0,25.0,90.0,41.58293,-7.1443415,-2.6371546,70.96149,25.379158,89.09138,0.5057177
1.0708333333333333,41.353928,-6.8018513,-2.930426,70.0,25.0,90.0,41.58293,-7.1443415,-2.6371546,70.96149,25.379158,89.09138,0.5057177
1.075,41.353928,-6.8018513,-2.930426,70.0,25.0,90.0,41.58293,-7.1443415,-2.6371546,70.96149,25.379158,89.09138,0.5057177
1.0791666666666666,41.353928,-6.8018513,-2.930426,70.0,25.0,90.0,41.58293,-7.1443415,-2.6371546,70.96149,25.379158,89.09138,0.5057177
1.0833333333333333,41.353928,-6.8018513,-2.930426,70.0,25.0,90.0,41.58293,-7.1443415,-2.6371546,70.96149,25.379158,89.09138,0.5057177
1.0875,41.353928,-6.8018513,-2.930426,70.0,25.0,90.0,41.58293,-7.1443415,-2.6371546,70.96149,25.379158,89.09138,0.5057177
1.0916666666666666,41.353928,-6.8018513,-2.930426,70.0,25.0,90.0,41.58293,-7.1443415,-2.6371546,70.96149,25.379158,89.09138,0.5057177
1.0958333333333334,41.353928,-6.8018513,-2.930426,70.0,25.0,90.0,41.58293,-7.1443415,-2.6371546,70.96149,25.379158,89.09138,0.5057177
1.1,41.353928,-6.8018513,-2.930426,70.0,25.0,90.0,41.58293,-7.1443415,-2.6371546,70.96149,25.379158,89.09138,0.5057177
1.1041666666666667,41.353928,-6.8018513,-2.930426,70.0,25.0,90.0,41.58293,-7.1443415,-2.6371546,70.96149,25.379158,89.09138,0.5057177
1.1083333333333334,41.353928,-6.8018513,-2.930426,70.0,25.0,90.0,41.58293,-7.1443415,-2.6371546,70.96149,25.379158,89.09138,0.5057177
1.1125,41.353928,-6.8018513,-2.930426,70.0,25.0,90.0,41.58293,-7.1443415,-2.6371546,70.96149,25.379158,89.09138,0.5057177
1.1166666666666667,41.353928,-6.8018513,-2.930426,70.0,25.0,90.0,41.58293,-7.1443415,-2.6371546,70.96149,25.379158,89.09138,0.5057177
1.1208333333333333,41.353928,-6.8018513,-2.930426,70.0,25.0,90.0,41.58293,-7.1443415,-2.6371546,70.96149,25.379158,89.09138,0.5057177
1.125,41.353928,-6.8018513,-2.930426,70.0,25.0,90.0,41.58293,-7.1443415,-2.6371546,70.96149,25.379158,89.09138,0.5057177
1.1291666666666667,41.353928,-6.8018513,-2.930426,70.0,25.0,90.0,41.58293,-7.1443415,-2.6371546,70.96149,25.379158,89.09138,0.5057177
1.1333333333333333,41.353928,-6.8018513,-2.930426,70.0,25.0,90.0,41.58293,-7.1443415,-2.6371546,70.96149,25.379158,89.09138,0.5057177
1.1375,41.353928,-6.8018513,-2.930426,70.0,25.0,90.0,41.58293,-7.1443415,-2.6371546,70.96149,25.379158,89.09138,0.5057177
1.1416666666666666,41.353928,-6.8018513,-2.930426,70.0,25.0,90.0,41.58293,-7.1443415,-2.6371546,70.96149,25.379158,89.09138,0.5057177
1.1458333333333333,41.353928,-6.8018513,-2.930426,70.0,25.0,90.0,41.58293,-7.1443415,-2.6371546,70.96149,25.379158,89.09138,0.5057177
1.15,41.353928,-6.8018513,-2.930426,70.0,25.0,90.0,41.58293,-7.1443415,-2.6371546,70.96149,25.379158,89.09138,0.5057177
1.1541666666666666,41.353928,-6.8018513,-2.930426,70.0,25.0,90.0,41.58293,-7.1443415,-2.6371546,70.96149,25.379158,89.09138,0.5057177
1.1583333333333334,41.353928,-6.8018513,-2.930426,70.0,25.0,90.0,41.58293,-7.1443415,-2.6371546,70.96149,25.379158,89.09138,0.5057177
1.1625,41.353928,-6.8018513,-2.930426,70.0,25.0,90.0,41.58293,-7.1443415,-2.6371546,70.96149,25.379158,89.09138,0.5057177
1.1666666666666667,41.353928,-6.8018513,-2.930426,70.0,25.0,90.0,41.58293,-7.1443415,-2.6371546,70.96149,25.379158,89.09138,0.5057177
1.1708333333333334,41.353928,-6.8018513,-2.930426,70.0,25.0,90.0,41.58293,-7.1443415,-2.6371546,70.96149,25.379158,89.09138,0.5057177
1.175,41.353928,-6.8018513,-2.930426,70.0,25.0,90.0,41.58293,-7.1443415,-2.6371546,70.96149,25.379158,89.09138,0.5057177
1.1791666666666667,41.353928,-6.8018513,-2.930426,70.0,25.0,90.0,41.58293,-7.1443415,-2.6371546,70.96149,25.379158,89.09138,0.5057177
1.1833333333333333,41.353928,-6.8018513,-2.930426,70.0,25.0,90.0,41.58293,-7.1443415,-2.6371546,70.96149,25.379158,89.09138,0.5057177
1.1875,41.353928,-6.8018513,-2.930426,70.0,25.0,90.0,41.58293,-7.1443415,-2.6371546,70.96149,25.379158,89.09138,0.5057177
1.1916666666666667,41.353928,-6.8018513,-2.930426,70.0,25.0,90.0,41.58293,-7.1443415,-2.6371546,70.96149,25.379158,89.09138,0.5057177
1.1958333333333333,41.353928,-6.8018513,-2.930426,70.0,25.0,90.0,41.58293,-7.1443415,-2.6371546,70.96149,25.379158,89.09138,0.5057177
1.2,41.353928,-6.8018513,-2.930426,70.0,25.0,90.0,41.58293,-7.1443415,-2.6371546,70.96149,25.379158,89.09138,0.5057177
1.2041666666666666,41.353928,-6.8018513,-2.930426,70.0,25.0,90.0,41.58293,-7.1443415,-2.6371546,70.96149,25.379158,89.09138,0.5057177
1.2083333333333333,41.353928,-6.8018513,-2.930426,70.0,25.0,90.0,41.58293,-7.1443415,-2.6371546,70.96149,25.379158,89.09138,0.5057177
1.2125,41.353928,-6.8018513,-2.930426,70.0,25.0,90.0,41.58293,-7.1443415,-2.6371546,70.96149,25.379158,89.09138,0.5057177
1.2166666666666666,41.353928,-6.8018513,-2.930426,70.0,25.0,90.0,41.58293,-7.1443415,-2.6371546,70.96149,25.379158,89.09138,0.5057177
1.2208333333333334,41.353928,-6.8018513,-2.930426,70.0,25.0,90.0,41.58293,-7.1443415,-2.6371546,70.96149,25.379158,89.09138,0.5057177
1.225,41.353928,-6.8018513,-2.930426,70.0,25.0,90.0,41.58293,-7.1443415,-2.6371546,70.96149,25.379158,89.09138,0.5057177
1.2291666666666667,41.353928,-6.8018513,-2.930426,70.0,25.0,90.0,41.58293,-7.1443415,-2.6371546,70.96149,25.379158,89.09138,0.5057177
1.2333333333333334,41.353928,-6.8018513,-2.930426,70.0,25.0,90.0,41.58293,-7.1443415,-2.6371546,70.96149,25.379158,89.09138,0.5057177
1.2375,41.353928,-6.8018513,-2.930426,70.0,25.0,90.0,41.58293,-7.1443415,-2.6371546,70.96149,25.379158,89.09138,0.5057177
1.2416666666666667,41.353928,-6.8018513,-2.930426,70.0,25.0,90.0,41.58293,-7.1443415,-2.6371546,70.96149,25.379158,89.09138,0.5057177
1.2458333333333333,41.353928,-6.8018513,-2.930426,70.0,25.0,90.0,41.58293,-7.1443415,-2.6371546,70.96149,25.379158,89.09138,0.5057177
1.25,41.353928,-6.8018513,-2.930426,70.0,25.0,90.0,41.58293,-7.1443415,-2.6371546,70.96149,25.379158,89.09138,0.5057177
1.2541666666666667,41.353928,-6.8018513,-2.930426,70.0,25.0,90.0,41.58293,-7.1443415,-2.6371546,70.96149,25.379158,89.09138,0.5057177
1.2583333333333333,41.353928,-6.8018513,-2.930426,70.0,25.0,90.0,41.58293,-7.1443415,-2.6371546,70.96149,25.379158,89.09138,0.5057177
1.2625,41.353928,-6.8018513,-2.930426,70.0,25.0,90.0,41.58293,-7.1443415,-2.6371546,70.96149,25.379158,89.09138,0.5057177
1.2666666666666666,41.353928,-6.8018513,-2.930426,70.0,25.0,90.0,41.58293,-7.1443415,-2.6371546,70.96149,25.379158,89.09138,0.5057177
1.2708333333333333,41.353928,-6.8018513,-2.930426,70.0,25.0,90.0,41.58293,-7.1443415,-2.6371546,70.96149,25.379158,89.09138,0.5057177
1.275,41.353928,-6.8018513,-2.930426,70.0,25.0,90.0,41.58293,-7.1443415,-2.6371546,70.96149,25.379158,89.09138,0.5057177
1.2791666666666666,41.353928,-6.8018513,-2.930426,70.0,25.0,90.0,41.58293,-7.1443415,-2.6371546,70.96149,25.379158,89.09138,0.5057177
1.2833333333333334,41.353928,-6.8018513,-2.930426,70.0,25.0,90.0,41.58293,-7.1443415,-2.6371546,70.96149,25.379158,89.09138,0.5057177
1.2875,41.353928,-6.8018513,-2.930426,70.0,25.0,90.0,41.58293,-7.1443415,-2.6371546,70.96149,25.379158,89.09138,0.5057177
1.2916666666666667,41.353928,-6.8018513,-2.930426,70.0,25.0,90.0,41.58293,-7.1443415,-2.6371546,70.96149,25.379158,89.09138,0.5057177
1.2958333333333334,41.353928,-6.8018513,-2.930426,70.0,25.0,90.0,41.58293,-7.1443415,-2.6371546,70.96149,25.379158,89.09138,0.5057177
1.3,41.353928,-6.8018513,-2.930426,70.0,25.0,90.0,41.58293,-7.1443415,-2.6371546,70.96149,25.379158,89.09138,0.5057177
1.3041666666666667,41.353928,-6.8018513,-2.930426,70.0,25.0,90.0,41.58293,-7.1443415,-2.6371546,70.96149,25.379158,89.09138,0.5057177
1.3083333333333333,41.353928,-6.8018513,-2.930426,70.0,25.0,90.0,41.58293,-7.1443415,-2.6371546,70.96149,25.379158,89.09138,0.5057177
1.3125,41.353928,-6.8018513,-2.930426,70.0,25.0,90.0,41.58293,-7.1443415,-2.6371546,70.96149,25.379158,89.09138,0.5057177
1.3166666666666667,41.353928,-6.8018513,-2.930426,70.0,25.0,90.0,41.58293,-7.1443415,-2.6371546,70.96149,25.379158,89.09138,0.5057177
1.3208333333333333,41.353928,-6.8018513,-2.930426,70.0,25.0,90.0,41.58293,-7.1443415,-2.6371546,70.96149,25.379158,89.09138,0.5057177
1.325,41.353928,-6.8018513,-2.930426,70.0,25.0,90.0,41.58293,-7.1443415,-2.6371546,70.96149,25.379158,89.09138,0.5057177
1.3291666666666666,41.353928,-6.8018513,-2.930426,70.0,25.0,90.0,41.58293,-7.1443415,-2.6371546,70.96149,25.379158,89.09138,0.5057177
1.3333333333333333,41.353928,-6.8018513,-2.930426,70.0,25.0,90.0,41.58293,-7.1443415,-2.6371546,70.96149,25.379158,89.09138,0.5057177
1.3375,41.353928,-6.8018513,-2.930426,70.0,25.0,90.0,41.58293,-7.1443415,-2.6371546,70.96149,25.379158,89.09138,0.5057177
1.3416666666666666,41.353928,-6.8018513,-2.930426,70.0,25.0,90.0,41.58293,-7.1443415,-2.6371546,70.96149,25.379158,89.09138,0.5057177
1.3458333333333334,41.353928,-6.8018513,-2.930426,70.0,25.0,90.0,41.58293,-7.1443415,-2.6371546,70.96149,25.379158,89.09138,0.5057177
1.35,41.353928,-6.8018513,-2.930426,70.0,25.0,90.0,41.58293,-7.1443415,-2.6371546,70.96149,25.379158,89.09138,0.5057177
1.3541666666666667,41.353928,-6.8018513,-2.930426,70.0,25.0,90.0,41.58293,-7.1443415,-2.6371546,70.96149,25.379158,89.09138,0.5057177
1.3583333333333334,41.353928,-6.8018513,-2.930426,70.0,25.0,90.0,41.58293,-7.1443415,-2.6371546,70.96149,25.379158,89.09138,0.5057177
1.3625,41.353928,-6.8018513,-2.930426,70.0,25.0,90.0,41.58293,-7.1443415,-2.6371546,70.96149,25.379158,89.09138,0.5057177
1.3666666666666667,41.353928,-6.8018513,-2.930426,70.0,25.0,90.0,41.58293,-7.1443415,-2.6371546,70.96149,25.379158,89.09138,0.5057177
1.3708333333333333,41.353928,-6.8018513,-2.930426,70.0,25.0,90.0,41.58293,-7.1443415,-2.6371546,70.96149,25.379158,89.09138,0.5057177
1.375,41.353928,-6.8018513,-2.930426,70.0,25.0,90.0,41.58293,-7.1443415,-2.6371546,70.96149,25.379158,89.09138,0.5057177
1.3791666666666667,41.353928,-6.8018513,-2.930426,70.0,25.0,90.0,41.58293,-7.1443415,-2.6371546,70.96149,25.379158,89.09138,0.5057177
1.3833333333333333,41.353928,-6.8018513,-2.930426,70.0,25.0,90.0,41.58293,-7.1443415,-2.6371546,70.96149,25.379158,89.09138,0.5057177
1.3875,41.353928,-6.8018513,-2.930426,70.0,25.0,90.0,41.58293,-7.1443415,-2.6371546,70.96149,25.379158,89.09138,0.5057177
1.3916666666666666,41.353928,-6.8018513,-2.930426,70.0,25.0,90.0,41.58293,-7.1443415,-2.6371546,70.96149,25.379158,89.09138,0.5057177
1.3958333333333333,41.353928,-6.8018513,-2.930426,70.0,25.0,90.0,41.58293,-7.1443415,-2.6371546,70.96149,25.379158,89.09138,0.5057177
1.4,41.353928,-6.8018513,-2.930426,70.0,25.0,90.0,41.58293,-7.1443415,-2.6371546,70.96149,25.379158,89.09138,0.5057177
1.4041666666666666,41.353928,-6.8018513,-2.930426,70.0,25.0,90.0,41.58293,-7.1443415,-2.6371546,70.96149,25.379158,89.09138,0.5057177
1.4083333333333334,41.353928,-6.8018513,-2.930426,70.0,25.0,90.0,41.58293,-7.1443415,-2.6371546,70.96149,25.379158,89.09138,0.5057177
1.4125,41.353928,-6.8018513,-2.930426,70.0,25.0,90.0,41.58293,-7.1443415,-2.6371546,70.96149,25.379158,89.09138,0.5057177
1.4166666666666667,41.353928,-6.8018513,-2.930426,70.0,25.0,90.0,41.58293,-7.1443415,-2.6371546,70.96149,25.379158,89.09138,0.5057177
1.4208333333333334,41.353928,-6.8018513,-2.930426,70.0,25.0,90.0,41.58293,-7.1443415,-2.6371546,70.96149,25.379158,89.09138,0.5057177
1.425,41.353928,-6.8018513,-2.930426,70.0,25.0,90.0,41.58293,-7.1443415,-2.6371546,70.96149,25.379158,89.09138,0.5057177
1.4291666666666667,41.353928,-6.8018513,-2.930426,70.0,25.0,90.0,41.58293,-7.1443415,-2.6371546,70.96149,25.379158,89.09138,0.5057177
1.4333333333333333,41.353928,-6.8018513,-2.930426,70.0,25.0,90.0,41.58293,-7.1443415,-2.6371546,70.96149,25.379158,89.09138,0.5057177
1.4375,41.353928,-6.8018513,-2.930426,70.0,25.0,90.0,41.58293,-7.1443415,-2.6371546,70.96149,25.379158,89.09138,0.5057177
1.4416666666666667,41.353928,-6.8018513,-2.930426,70.0,25.0,90.0,41.58293,-7.1443415,-2.6371546,70.96149,25.379158,89.09138,0.5057177
1.4458333333333333,41.353928,-6.8018513,-2.930426,70.0,25.0,90.0,41.58293,-7.1443415,-2.6371546,70.96149,25.379158,89.09138,0.5057177
1.45,41.353928,-6.8018513,-2.930426,70.0,25.0,90.0,41.58293,-7.1443415,-2.6371546,70.96149,25.379158,89.09138,0.5057177
1.4541666666666666,41.353928,-6.8018513,-2.930426,70.0,25.0,90.0,41.58293,-7.1443415,-2.6371546,70.96149,25.379158,89.09138,0.5057177
1.4583333333333333,41.353928,-6.8018513,-2.930426,70.0,25.0,90.0,41.58293,-7.1443415,-2.6371546,70.96149,25.379158,89.09138,0.5057177
1.4625,41.353928,-6.8018513,-2.930426,70.0,25.0,90.0,41.58293,-7.1443415,-2.6371546,70.96149,25.379158,89.09138,0.5057177
1.4666666666666666,41.353928,-6.8018513,-2.930426,70.0,25.0,90.0,41.58293,-7.1443415,-2.6371546,70.96149,25.379158,89.09138,0.5057177
1.4708333333333334,41.353928,-6.8018513,-2.930426,70.0,25.0,90.0,41.58293,-7.1443415,-2.6371546,70.96149,25.379158,89.09138,0.5057177
1.475,41.353928,-6.8018513,-2.930426,70.0,25.0,90.0,41.58293,-7.1443415,-2.6371546,70.96149,25.379158,89.09138,0.5057177
1.4791666666666667,41.353928,-6.8018513,-2.930426,70.0,25.0,90.0,41.58293,-7.1443415,-2.6371546,70.96149,25.379158,89.09138,0.5057177
1.4833333333333334,41.353928,-6.8018513,-2.930426,70.0,25.0,90.0,41.58293,-7.1443415,-2.6371546,70.96149,25.379158,89.09138,0.5057177
1.4875,41.353928,-6.8018513,-2.930426,70.0,25.0,90.0,41.58293,-7.1443415,-2.6371546,70.96149,25.379158,89.09138,0.5057177
1.4916666666666667,41.353928,-6.8018513,-2.930426,70.0,25.0,90.0,41.58293,-7.1443415,-2.6371546,70.96149,25.379158,89.09138,0.5057177
1.4958333333333333,41.353928,-6.8018513,-2.930426,70.0,25.0,90.0,41.58293,-7.1443415,-2.6371546,70.96149,25.379158,89.09138,0.5057177
1.5,41.353928,-6.8018513,-2.930426,70.0,25.0,90.0,41.58293,-7.1443415,-2.6371546,70.96149,25.379158,89.09138,0.5057177
1.5041666666666667,41.353928,-6.8018513,-2.930426,70.0,25.0,90.0,41.58293,-7.1443415,-2.6371546,70.96149,25.379158,89.09138,0.5057177
1.5083333333333333,41.353928,-6.8018513,-2.930426,70.0,25.0,90.0,41.58293,-7.1443415,-2.6371546,70.96149,25.379158,89.09138,0.5057177
1.5125,41.353928,-6.8018513,-2.930426,70.0,25.0,90.0,41.58293,-7.1443415,-2.6371546,70.96149,25.379158,89.09138,0.5057177
1.5166666666666666,41.353928,-6.8018513,-2.930426,70.0,25.0,90.0,41.58293,-7.1443415,-2.6371546,70.96149,25.379158,89.09138,0.5057177
1.5208333333333333,41.353928,-6.8018513,-2.930426,70.0,25.0,90.0,41.58293,-7.1443415,-2.6371546,70.96149,25.379158,89.09138,0.5057177
1.525,41.353928,-6.8018513,-2.930426,70.0,25.0,90.0,41.58293,-7.1443415,-2.6371546,70.96149,25.379158,89.09138,0.5057177
1.5291666666666666,41.353928,-6.8018513,-2.930426,70.0,25.0,90.0,41.58293,-7.1443415,-2.6371546,70.96149,25.379158,89.09138,0.5057177
1.5333333333333334,41.353928,-6.8018513,-2.930426,70.0,25.0,90.0,41.58293,-7.1443434,-2.6371565,70.96149,25.379158,89.09138,0.5057179
1.5375,41.353928,-6.8018513,-2.930426,70.0,25.0,90.0,41.58293,-7.144346,-2.6371603,70.96148,25.379166,89.09138,0.50571764
1.5416666666666667,41.353928,-6.8018513,-2.930426,70.0,25.0,90.0,41.58293,-7.1443434,-2.6371775,70.96148,25.379192,89.09139,0.5057057
1.5458333333333334,41.353928,-6.8018513,-2.930426,70.0,25.0,90.0,41.582935,-7.1443834,-2.6371899,70.9615,25.379211,89.09142,0.5057274
1.55,41.353928,-6.8018513,-2.930426,70.0,25.0,90.0,41.582924,-7.1445,-2.637209,70.961624,25.379261,89.091446,0.50578994
1.5541666666666667,41.353928,-6.8018513,-2.930426,70.0,25.0,90.0,41.58285,-7.144705,-2.63725,70.96184,25.37936,89.09147,0.5058723
1.5583333333333333,41.353928,-6.8018513,-2.930426,70.0,25.0,90.0,41.58271,-7.145013,-2.6372805,70.96217,25.379509,89.09149,0.5059996
1.5625,41.353928,-6.8018513,-2.930426,70.0,25.0,90.0,41.582474,-7.1454296,-2.6372938,70.962616,25.379646,89.09154,0.50616777
1.5666666666666667,41.353928,-6.8018513,-2.930426,70.0,25.0,90.0,41.58214,-7.145978,-2.6373281,70.96313,25.379742,89.09157,0.5063706
1.5708333333333333,41.353928,-6.8018513,-2.930426,70.0,25.0,90.0,41.581707,-7.146654,-2.6373892,70.963776,25.379787,89.09155,0.5065994
1.575,41.353928,-6.8018513,-2.930426,70.0,25.0,90.0,41.581173,-7.147504,-2.637518,70.964554,25.379696,89.09139,0.50686413
1.5791666666666666,41.353928,-6.8018513,-2.930426,70.0,25.0,90.0,41.580578,-7.1484528,-2.6376991,70.96542,25.379498,89.09103,0.5071409
1.5833333333333333,41.353928,-6.8018513,-2.930426,70.0,25.0,90.0,41.579998,-7.1494446,-2.6379318,70.96634,25.37922,89.090385,0.50742656
1.5875,41.353928,-6.8018513,-2.930426,70.0,25.0,90.0,41.579372,-7.150487,-2.6382885,70.96715,25.378971,89.08939,0.5076578
1.5916666666666666,41.353928,-6.8018513,-2.930426,70.0,25.0,90.0,41.578766,-7.151431,-2.63877,70.9678,25.378479,89.08809,0.5077611
1.5958333333333334,41.353928,-6.8018513,-2.930426,70.0,25.0,90.0,41.57824,-7.152092,-2.639184,70.96834,25.377575,89.086624,0.50774616
1.6,41.353928,-6.8018513,-2.930426,70.0,25.0,90.0,41.57772,-7.1523657,-2.6395864,70.96852,25.376747,89.08502,0.5074753
1.6041666666666667,41.353928,-6.8018513,-2.930426,70.0,25.0,90.0,41.577065,-7.1522217,-2.6398087,70.96834,25.37574,89.08351,0.50695944
1.6083333333333334,41.353928,-6.8018513,-2.930426,70.0,25.0,90.0,41.576664,-7.1516666,-2.6400642,70.96731,25.375053,89.08231,0.50625306
1.6125,41.353928,-6.8018513,-2.930426,70.0,25.0,90.0,41.576015,-7.1504745,-2.6396885,70.96615,25.374039,89.08292,0.5053607
1.6166666666666667,41.353928,-6.8018513,-2.930426,70.0,25.0,90.0,41.57417,-7.148736,-2.638173,70.96534,25.37283,89.08652,0.5042291
1.6208333333333333,41.353928,-6.8018513,-2.930426,70.0,25.0,90.0,41.571583,-7.1468515,-2.635747,70.96469,25.371052,89.09301,0.50322425
1.625,41.353928,-6.8018513,-2.930426,70.0,25.0,90.0,41.568703,-7.1441336,-2.632763,70.963455,25.370499,89.10341,0.5018852
1.6291666666666667,41.353928,-6.8018513,-2.930426,70.0,25.0,90.0,41.56543,-7.1404276,-2.629753,70.96176,25.371712,89.11782,0.49977112
1.6333333333333333,41.353928,-6.8018513,-2.930426,70.0,25.0,90.0,41.56116,-7.135496,-2.6254482,70.959,25.3754,89.13672,0.4972685
1.6375,41.353928,-6.8018513,-2.930426,70.0,25.0,90.0,41.555817,-7.129883,-2.620204,70.95524,25.376541,89.16057,0.49457204
1.6416666666666666,41.353928,-6.8018513,-2.930426,70.0,25.0,90.0,41.549873,-7.124324,-2.613821,70.951,25.37629,89.1888,0.49256667
1.6458333333333333,41.353928,-6.8018513,-2.930426,70.0,25.0,90.0,41.54291,-7.1191797,-2.6073322,70.94462,25.374992,89.22159,0.4907156
1.65,41.353928,-6.8018513,-2.930426,70.0,25.0,90.0,41.535473,-7.113661,-2.6002293,70.93687,25.370895,89.25948,0.48909476
1.6541666666666666,41.353916,-6.801831,-2.9304278,69.99998,25.0,90.000046,41.527596,-7.1070433,-2.5930233,70.927345,25.367298,89.30035,0.48699176
1.6583333333333334,41.353836,-6.8016906,-2.930426,69.99984,25.0,90.00033,41.51973,-7.099375,-2.586135,70.9149,25.363056,89.34727,0.4844304
1.6625,41.35362,-6.8013163,-2.9304276,69.999466,25.0,90.0011,41.511826,-7.089595,-2.578745,70.90048,25.34732,89.40917,0.48147136
1.6666666666666667,41.353207,-6.8006005,-2.9304261,69.99876,25.0,90.00256,41.505287,-7.0773964,-2.5696373,70.883224,25.330883,89.4811,0.47949246
1.6708333333333334,41.352535,-6.7994413,-2.9304264,69.997604,25.0,90.004944,41.50087,-7.0654116,-2.5602894,70.86426,25.310162,89.55911,0.4793169
1.675,41.351555,-6.7977395,-2.9304268,69.99591,25.0,90.00842,41.49741,-7.0526876,-2.5484362,70.84114,25.281837,89.64189,0.48186004
1.6791666666666667,41.35021,-6.7954082,-2.9304278,69.99359,25.0,90.0132,41.494694,-7.042054,-2.533967,70.81024,25.24379,89.7235,0.48876518
1.6833333333333333,41.34845,-6.7923584,-2.9304245,69.99056,25.0,90.01944,41.48826,-7.032528,-2.5135336,70.777596,25.20008,89.81429,0.5010248
1.6875,41.34623,-6.7885137,-2.9304323,69.986725,25.0,90.02731,41.479805,-7.024494,-2.4916182,70.74006,25.15036,89.90633,0.51583624
1.6916666666666667,41.343506,-6.7837987,-2.9304273,69.98204,25.0,90.03697,41.46192,-7.0216236,-2.473281,70.698654,25.095173,89.99602,0.52873987
1.6958333333333333,41.34024,-6.778144,-2.930427,69.97641,25.0,90.048546,41.43628,-7.0199804,-2.453537,70.66033,25.029198,90.096466,0.543261
1.7,41.3364,-6.7714877,-2.93043,69.96977,25.0,90.06216,41.40915,-7.0171833,-2.4284716,70.62468,24.956573,90.20942,0.56357884
1.7041666666666666,41.33194,-6.7637663,-2.9304252,69.96208,25.0,90.07796,41.38227,-7.0166473,-2.4032536,70.58637,24.881592,90.33034,0.58684915
1.7083333333333333,41.32684,-6.7549295,-2.9304264,69.95326,25.0,90.09602,41.355247,-7.016756,-2.387951,70.551476,24.808224,90.42581,0.6030255
1.7125,41.321064,-6.744928,-2.9304256,69.943275,25.0,90.11647,41.332714,-7.018112,-2.37471,70.51276,24.728626,90.504845,0.6193425
1.7166666666666666,41.314594,-6.7337184,-2.9304264,69.93207,25.0,90.139366,41.31316,-7.018854,-2.360836,70.46835,24.640282,90.57869,0.63697535
1.7208333333333334,41.3074,-6.721262,-2.9304276,69.9196,25.0,90.16481,41.30209,-7.014656,-2.3478642,70.424805,24.556442,90.64819,0.65229475
1.725,41.299465,-6.707521,-2.9304247,69.90584,25.0,90.192856,41.304047,-7.008587,-2.3334064,70.38191,24.482529,90.70703,0.66864973
1.7291666666666667,41.290775,-6.6924653,-2.930425,69.89073,25.0,90.22356,41.312084,-7.002861,-2.3333445,70.33676,24.427769,90.7604,0.67327905
1.7333333333333334,41.28131,-6.6760697,-2.9304235,69.87426,25.0,90.256966,41.31534,-6.9894686,-2.3434458,70.28564,24.368443,90.819145,0.6662729
1.7375,41.271057,-6.6583123,-2.9304276,69.856384,25.0,90.29314,41.31696,-6.9603767,-2.366373,70.21885,24.324299,90.87689,0.64148843
1.7416666666666667,41.26001,-6.6391764,-2.9304252,69.8371,25.0,90.33208,41.317467,-6.91759,-2.3892078,70.16018,24.292633,90.93285,0.611336
1.7458333333333333,41.248154,-6.618646,-2.9304278,69.81636,25.0,90.373825,41.318108,-6.865967,-2.416316,70.10513,24.277485,90.9902,0.5747799
1.75,41.235493,-6.5967126,-2.930427,69.79417,25.0,90.41837,41.323814,-6.8084965,-2.445468,70.05188,24.2723,91.04172,0.5365058
1.7541666666666667,41.22201,-6.5733676,-2.930425,69.7705,25.0,90.46576,41.326717,-6.7525826,-2.4785233,70.00496,24.288143,91.078125,0.49728906
1.7583333333333333,41.20772,-6.548611,-2.9304264,69.74534,25.0,90.51594,41.325867,-6.6972294,-2.5157433,69.96254,24.316483,91.10828,0.45607862
1.7625,41.19261,-6.522444,-2.9304235,69.71869,25.0,90.56893,41.32238,-6.6400957,-2.5498724,69.92993,24.35073,91.137405,0.41892833
1.7666666666666666,41.176693,-6.494873,-2.9304278,69.69053,25.0,90.624695,41.31417,-6.5807667,-2.564271,69.91566,24.392761,91.160034,0.40043563
1.7708333333333333,41.15997,-6.465902,-2.9304242,69.66087,25.0,90.68321,41.305946,-6.524646,-2.5848036,69.90455,24.450397,91.19667,0.37975487
1.775,41.14244,-6.435546,-2.9304268,69.62971,25.0,90.74446,41.293,-6.468712,-2.604906,69.90202,24.524265,91.23753,0.36018273
1.7791666666666666,41.124123,-6.4038157,-2.9304237,69.597046,25.0,90.80839,41.27792,-6.4054794,-2.6241894,69.91175,24.617893,91.27866,0.3426891
1.7833333333333334,41.105022,-6.3707323,-2.9304264,69.56288,25.0,90.87495,41.261604,-6.342785,-2.6423893,69.93301,24.725544,91.326294,0.3290354
1.7875,41.08515,-6.336317,-2.9304254,69.52724,25.0,90.944084,41.238316,-6.279478,-2.6680574,69.951195,24.8362,91.383804,0.3090741
1.7916666666666667,41.064526,-6.300591,-2.9304276,69.49011,25.0,91.01575,41.20477,-6.20874,-2.7034235,69.9559,24.94796,91.455505,0.2821979
1.7958333333333334,41.04316,-6.263581,-2.9304261,69.45153,25.0,91.08986,41.16032,-6.1329403,-2.7398787,69.95424,25.059395,91.54927,0.25904042
1.8,41.021065,-6.2253165,-2.9304245,69.41151,25.0,91.166374,41.100807,-6.054332,-2.7735443,69.94479,25.167648,91.66603,0.24536915
1.8041666666666667,40.99827,-6.1858287,-2.9304266,69.37005,25.0,91.245186,41.030785,-5.9748497,-2.8097582,69.921196,25.273563,91.799644,0.24521485
1.8083333333333333,40.974785,-6.1451535,-2.930425,69.327194,25.0,91.326225,40.958153,-5.8916426,-2.8540754,69.88139,25.378658,91.94663,0.26528037
1.8125,40.950634,-6.103326,-2.930425,69.28296,25.0,91.40942,40.883766,-5.806984,-2.900961,69.83482,25.483547,92.10685,0.3052179
1.8166666666666667,40.925842,-6.0603824,-2.9304266,69.237366,25.0,91.49466,40.80712,-5.717065,-2.9497185,69.78845,25.588757,92.28984,0.36377707
1.8208333333333333,40.90043,-6.0163674,-2.9304276,69.19045,25.0,91.58187,40.728695,-5.624501,-3.0022907,69.7378,25.69117,92.4827,0.4338386
1.825,40.87442,-5.971321,-2.9304266,69.14225,25.0,91.67095,40.647568,-5.526946,-3.0608845,69.68286,25.789177,92.68394,0.51570386
1.8291666666666666,40.847843,-5.92529,-2.930427,69.09279,25.0,91.761795,40.567974,-5.422598,-3.122755,69.62199,25.886574,92.88457,0.6066434
1.8333333333333333,40.820724,-5.878318,-2.9304261,69.04211,25.0,91.8543,40.489998,-5.311017,-3.1822634,69.550156,25.985554,93.08114,0.703301
1.8375,40.793095,-5.8304563,-2.9304311,68.990234,25.0,91.94836,40.415306,-5.1985235,-3.2307835,69.47921,26.085499,93.274994,0.795157
1.8416666666666666,40.764973,-5.781752,-2.9304247,68.93724,25.0,92.043884,40.34218,-5.090068,-3.273427,69.40475,26.179718,93.46035,0.8802458
1.8458333333333334,40.7364,-5.73226,-2.9304245,68.88314,25.0,92.140724,40.27578,-4.98997,-3.3003416,69.33154,26.261711,93.630104,0.9486858
1.85,40.7074,-5.68203,-2.930425,68.82799,25.0,92.2388,40.214134,-4.8917084,-3.3235722,69.25174,26.33556,93.78825,1.0111804
1.8541666666666667,40.678005,-5.6311183,-2.9304254,68.771835,25.0,92.33799,40.15704,-4.7928905,-3.346951,69.166016,26.39463,93.937675,1.0712256
1.8583333333333334,40.64825,-5.5795803,-2.930427,68.71473,25.0,92.43816,40.104877,-4.6965723,-3.3683124,69.07688,26.448093,94.07704,1.1254781
1.8625,40.618164,-5.5274696,-2.9304242,68.65673,25.0,92.53922,40.05753,-4.6047993,-3.3874397,68.98383,26.497475,94.20253,1.1723886
1.8666666666666667,40.58778,-5.474846,-2.930424,68.597885,25.0,92.641045,40.012985,-4.517765,-3.4031029,68.890495,26.541237,94.31866,1.2123605
1.8708333333333333,40.557137,-5.4217668,-2.9304268,68.538246,25.0,92.74349,39.97157,-4.435726,-3.4191236,68.79593,26.58065,94.42544,1.2465913
1.875,40.526264,-5.3682933,-2.9304242,68.47789,25.0,92.84646,39.929714,-4.3616314,-3.4354115,68.70453,26.607971,94.52528,1.2744615
1.8791666666666667,40.495197,-5.314481,-2.930427,68.416855,25.0,92.94983,39.890892,-4.296652,-3.4472294,68.61865,26.625721,94.615814,1.2916056
1.8833333333333333,40.46397,-5.2603955,-2.9304268,68.355225,25.0,93.05348,39.856586,-4.2354984,-3.4568815,68.53447,26.641006,94.703735,1.3024913
1.8875,40.432617,-5.2060933,-2.9304268,68.29305,25.0,93.157295,39.824425,-4.178258,-3.4652576,68.45164,26.648602,94.79036,1.3085823
1.8916666666666666,40.401176,-5.151638,-2.9304268,68.23041,25.0,93.26115,39.796318,-4.125146,-3.4736161,68.369255,26.650047,94.874855,1.3094252
1.8958333333333333,40.369686,-5.0970902,-2.930426,68.16736,25.0,93.364914,39.771236,-4.0753555,-3.4790888,68.291374,26.647152,94.95976,1.3050344
1.9,40.338173,-5.0425105,-2.9304247,68.10397,25.0,93.4685,39.74942,-4.028082,-3.4816365,68.21729,26.639393,95.04526,1.2959667
1.9041666666666666,40.30668,-4.9879637,-2.930426,68.04032,25.0,93.57176,39.730145,-3.985198,-3.486257,68.14441,26.626564,95.1306,1.2833078
1.9083333333333334,40.275238,-4.933509,-2.930426,67.97648,25.0,93.6746,39.713505,-3.9456196,-3.4915423,68.073,26.606617,95.21486,1.2674073
1.9125,40.24389,-4.879207,-2.930426,67.91251,25.0,93.776886,39.699116,-3.9086208,-3.496203,68.002396,26.57965,95.29927,1.2485669
1.9166666666666667,40.21266,-4.8251176,-2.9304254,67.8485,25.0,93.87853,39.69054,-3.868369,-3.4971166,67.932045,26.553173,95.38225,1.2284614
1.9208333333333334,40.181595,-4.7713084,-2.9304273,67.78452,25.0,93.9794,39.68557,-3.826848,-3.492422,67.86311,26.520294,95.46579,1.2057713
1.925,40.150723,-4.7178335,-2.9304276,67.72065,25.0,94.0794,39.682796,-3.7882586,-3.4826064,67.794365,26.47614,95.55055,1.1781197
1.9291666666666667,40.120075,-4.664757,-2.9304256,67.65697,25.0,94.17842,39.680775,-3.7532225,-3.4720411,67.72772,26.421448,95.634895,1.1477052
1.9333333333333333,40.089695,-4.612131,-2.9304254,67.59354,25.0,94.27635,39.67907,-3.7142773,-3.4586434,67.657326,26.36351,95.71421,1.1197183
1.9375,40.05961,-4.560023,-2.9304252,67.53045,25.0,94.3731,39.677593,-3.6765366,-3.4403305,67.59002,26.296818,95.78881,1.0892599
1.9416666666666667,40.02985,-4.5084834,-2.930426,67.46777,25.0,94.46857,39.679363,-3.6396627,-3.417942,67.523506,26.22231,95.86135,1.0561072
1.9458333333333333,40.000458,-4.4575706,-2.9304242,67.405594,25.0,94.562645,39.68194,-3.6058264,-3.3895779,67.456406,26.139275,95.93296,1.0186977
1.95,39.97146,-4.407342,-2.9304273,67.34398,25.0,94.65524,39.685818,-3.575139,-3.3550167,67.391884,26.046455,96.000336,0.97694856
1.9541666666666666,39.942883,-4.3578496,-2.9304252,67.28302,25.0,94.74628,39.695534,-3.5487251,-3.3168573,67.32803,25.955269,96.0644,0.9301579
1.9583333333333333,39.914764,-4.3091464,-2.9304268,67.22278,25.0,94.83566,39.70872,-3.5275097,-3.2753692,67.26258,25.855522,96.12355,0.87886006
1.9625,39.88713,-4.2612867,-2.9304297,67.16334,25.0,94.9233,39.726196,-3.5099611,-3.2321305,67.19112,25.742554,96.17578,0.82547766
1.9666666666666666,39.860012,-4.2143135,-2.930427,67.104774,25.0,95.009125,39.74764,-3.4952393,-3.1841202,67.1192,25.617607,96.22561,0.77075016
1.9708333333333334,39.833435,-4.168282,-2.9304276,67.04716,25.0,95.093056,39.768974,-3.4750214,-3.1287432,67.053825,25.493088,96.27624,0.7239438
1.975,39.80743,-4.123234,-2.930424,66.99056,25.0,95.17501,39.781067,-3.4522305,-3.0670748,66.994804,25.35611,96.32357,0.68528384
1.9791666666666667,39.78202,-4.0792193,-2.9304264,66.93505,25.0,95.25492,39.797985,-3.429594,-3.002654,66.933655,25.216763,96.36982,0.6538232
1.9833333333333334,39.757225,-4.036278,-2.9304273,66.8807,25.0,95.33273,39.81239,-3.407506,-2.9435892,66.8702,25.0764,96.43826,0.63132423
1.9875,39.733074,-3.9944475,-2.930424,66.827576,25.0,95.40839,39.82081,-3.3860598,-2.882699,66.81796,24.940407,96.525185,0.6165311
1.9916666666666667,39.70959,-3.9537725,-2.9304252,66.775734,25.0,95.4818,39.82393,-3.3697853,-2.825552,66.76011,24.812767,96.615585,0.6042455
1.9958333333333333,39.68679,-3.9142847,-2.9304252,66.72524,25.0,95.55295,39.817017,-3.359352,-2.7609224,66.7088,24.68539,96.72416,0.59467655
2.0,39.6647,-3.8760211,-2.9304268,66.676155,25.0,95.62175,39.79932,-3.3521748,-2.6845102,66.66797,24.556087,96.85018,0.59414876
2.004166666666667,39.643333,-3.8390114,-2.9304266,66.62853,25.0,95.68819,39.7699,-3.3473063,-2.6236591,66.63844,24.43819,96.97699,0.59321135
2.0083333333333333,39.622707,-3.8032856,-2.9304245,66.58243,25.0,95.75221,39.73217,-3.3400183,-2.569747,66.61225,24.349068,97.0942,0.59723276
2.0125,39.602837,-3.7688699,-2.9304261,66.53788,25.0,95.81379,39.687122,-3.3352356,-2.523797,66.59174,24.285515,97.198616,0.6004082
2.0166666666666666,39.583736,-3.735787,-2.9304307,66.494934,25.0,95.87289,39.63044,-3.3280993,-2.482047,66.58381,24.2356,97.2967,0.6078143
2.0208333333333335,39.565414,-3.7040577,-2.9304266,66.45365,25.0,95.92949,39.565895,-3.3198042,-2.4469252,66.583954,24.205399,97.380936,0.61759585
2.025,39.54789,-3.673701,-2.9304264,66.41405,25.0,95.98355,39.503624,-3.314372,-2.4255285,66.59886,24.192482,97.45198,0.6212879
2.029166666666667,39.531162,-3.64473,-2.9304264,66.37616,25.0,96.03508,39.439507,-3.3087826,-2.4133415,66.62349,24.194935,97.50183,0.62340856
2.033333333333333,39.515244,-3.6171572,-2.9304252,66.34002,25.0,96.08405,39.37573,-3.3012772,-2.4018717,66.668144,24.219032,97.55538,0.6313584
2.0375,39.500137,-3.59099,-2.9304273,66.30564,25.0,96.13047,39.312756,-3.2891254,-2.3893204,66.72063,24.239666,97.61856,0.647326
2.0416666666666665,39.485844,-3.5662336,-2.9304256,66.273056,25.0,96.17434,39.24903,-3.2739277,-2.3764524,66.77715,24.267845,97.67743,0.6696337
2.0458333333333334,39.472366,-3.5428894,-2.9304273,66.24226,25.0,96.21565,39.188297,-3.265355,-2.3595304,66.86126,24.311176,97.7119,0.695445
2.05,39.4597,-3.5209553,-2.9304242,66.21329,25.0,96.25443,39.133343,-3.259572,-2.341236,66.95514,24.362804,97.72758,0.7224776
2.0541666666666667,39.44785,-3.500424,-2.930424,66.18611,25.0,96.29069,39.086487,-3.2643995,-2.3313017,67.04672,24.403702,97.73669,0.73840225
2.058333333333333,39.436806,-3.4812915,-2.9304304,66.160736,25.0,96.32444,39.04748,-3.2714481,-2.3259363,67.13306,24.443233,97.739265,0.7490131
2.0625,39.426548,-3.46353,-2.9304266,66.13716,25.0,96.35576,39.021164,-3.2793617,-2.32065,67.21234,24.481956,97.73228,0.7550375
2.066666666666667,39.417084,-3.4471345,-2.930426,66.115364,25.0,96.384636,39.004272,-3.287488,-2.3121805,67.2901,24.514835,97.70965,0.76034695
2.0708333333333333,39.40839,-3.4320803,-2.9304276,66.09532,25.0,96.41114,38.991013,-3.289607,-2.3063688,67.352905,24.530731,97.68992,0.7641674
2.075,39.400455,-3.4183404,-2.9304268,66.07701,25.0,96.43531,38.983448,-3.2891617,-2.302476,67.40209,24.546314,97.67595,0.7647906
2.0791666666666666,39.393265,-3.4058814,-2.930428,66.06039,25.0,96.45721,38.98404,-3.2875109,-2.2977982,67.43875,24.554165,97.658264,0.762691
2.0833333333333335,39.38679,-3.394671,-2.9304273,66.04542,25.0,96.476906,38.985203,-3.2857828,-2.297759,67.47029,24.571117,97.62936,0.7572311
2.0875,39.38102,-3.3846714,-2.9304283,66.03205,25.0,96.49446,38.9877,-3.2851639,-2.3032331,67.49095,24.590996,97.58925,0.74697703
2.091666666666667,39.375916,-3.3758345,-2.930423,66.02024,25.0,96.50998,38.990925,-3.2872915,-2.3148441,67.49782,24.624477,97.54399,0.7314336
2.095833333333333,39.37146,-3.3681169,-2.9304278,66.0099,25.0,96.52352,38.99741,-3.2905998,-2.3246908,67.498795,24.665798,97.49768,0.71612823
2.1,39.367615,-3.3614569,-2.9304276,66.000984,25.0,96.5352,39.009346,-3.2957554,-2.3337479,67.49766,24.705334,97.4491,0.6990707
2.1041666666666665,39.364353,-3.355803,-2.9304276,65.99341,25.0,96.545105,39.022808,-3.305685,-2.3423662,67.4958,24.740604,97.39904,0.6818952
2.1083333333333334,39.36163,-3.3510876,-2.9304256,65.98709,25.0,96.553375,39.03981,-3.3203468,-2.3555193,67.48608,24.767754,97.3472,0.659568
2.1125,39.35941,-3.3472435,-2.9304273,65.98193,25.0,96.56011,39.05535,-3.3389797,-2.3677387,67.4756,24.788692,97.29785,0.639639
2.1166666666666667,39.357647,-3.3441942,-2.9304273,65.977844,25.0,96.56546,39.069447,-3.3606558,-2.383686,67.4672,24.809433,97.25071,0.6182689
2.120833333333333,39.356308,-3.3418622,-2.9304266,65.97472,25.0,96.569534,39.08328,-3.3829489,-2.3984766,67.45941,24.828445,97.20364,0.5993362
2.125,39.35532,-3.34016,-2.9304252,65.972435,25.0,96.572525,39.0976,-3.4046679,-2.4142122,67.45128,24.847961,97.156296,0.5805662
2.129166666666667,39.354652,-3.3389988,-2.9304242,65.97088,25.0,96.574554,39.110607,-3.4194984,-2.4314795,67.4412,24.867878,97.109276,0.5612345
2.1333333333333333,39.354237,-3.338284,-2.9304256,65.96992,25.0,96.57581,39.124886,-3.4323864,-2.444089,67.42766,24.889767,97.0654,0.54587597
2.1375,39.354023,-3.3379095,-2.930426,65.96941,25.0,96.57646,39.139618,-3.4445906,-2.4543524,67.41331,24.910816,97.022575,0.5329131
2.1416666666666666,39.353943,-3.3377728,-2.930426,65.96923,25.0,96.576706,39.15467,-3.4557629,-2.4655266,67.39648,24.931042,96.97932,0.51938653
2.1458333333333335,39.353928,-3.3377488,-2.930425,65.9692,25.0,96.57675,39.170204,-3.4657087,-2.4748878,67.38052,24.94868,96.93711,0.5075846
2.15,39.353928,-3.3377488,-2.930425,65.9692,25.0,96.57675,39.184875,-3.4747229,-2.4832277,67.365555,24.965199,96.89717,0.49731869
2.154166666666667,39.353928,-3.3377488,-2.930425,65.9692,25.0,96.57675,39.19838,-3.482891,-2.490056,67.35147,24.979416,96.86021,0.48906672
2.158333333333333,39.353928,-3.3377488,-2.930425,65.9692,25.0,96.57675,39.21038,-3.4903564,-2.4951925,67.33797,24.990501,96.82612,0.48303425
2.1625,39.353928,-3.3377488,-2.930425,65.9692,25.0,96.57675,39.220787,-3.4973097,-2.4988813,67.32509,24.99961,96.79607,0.47897387
2.1666666666666665,39.353928,-3.3377488,-2.930425,65.9692,25.0,96.57675,39.22979,-3.5035477,-2.5015144,67.31277,25.00658,96.76946,0.47630212
2.1708333333333334,39.353928,-3.3377488,-2.930425,65.9692,25.0,96.57675,39.23742,-3.5088797,-2.503601,67.30016,25.011723,96.74476,0.47438234
2.175,39.353928,-3.3377488,-2.930425,65.9692,25.0,96.57675,39.24427,-3.5132856,-2.505104,67.28813,25.01569,96.72316,0.47300714
2.1791666666666667,39.353928,-3.3377488,-2.930425,65.9692,25.0,96.57675,39.250603,-3.51678,-2.5059261,67.27666,25.018234,96.70489,0.47215188
2.183333333333333,39.353928,-3.3377488,-2.930425,65.9692,25.0,96.57675,39.256485,-3.5195112,-2.5062475,67.2658,25.019531,96.68982,0.47165573
2.1875,39.353928,-3.3377488,-2.930425,65.9692,25.0,96.57675,39.26191,-3.5214748,-2.5063705,67.25595,25.020706,96.67736,0.4712162
2.191666666666667,39.353928,-3.3377488,-2.930425,65.9692,25.0,96.57675,39.26653,-3.52285,-2.5066223,67.24675,25.021496,96.66732,0.4706481
2.1958333333333333,39.353928,-3.3377488,-2.930425,65.9692,25.0,96.57675,39.270653,-3.523673,-2.5068226,67.23855,25.022358,96.65952,0.47004414
2.2,39.353928,-3.3377488,-2.930425,65.9692,25.0,96.57675,39.274353,-3.524397,-2.5070992,67.2314,25.0229,96.65364,0.4694405
2.2041666666666666,39.353928,-3.3377488,-2.930425,65.9692,25.0,96.57675,39.27771,-3.5252857,-2.507411,67.22607,25.023342,96.64857,0.46895632
2.2083333333333335,39.353928,-3.3377488,-2.930425,65.9692,25.0,96.57675,39.28062,-3.5260963,-2.5077076,67.22177,25.0233,96.64488,0.46854955
2.2125,39.353928,-3.3377488,-2.930425,65.9692,25.0,96.57675,39.283066,-3.5268698,-2.507924,67.21833,25.022678,96.64241,0.46828955
2.216666666666667,39.353928,-3.3377488,-2.930425,65.9692,25.0,96.57675,39.28511,-3.5277328,-2.5080175,67.215775,25.021557,96.64071,0.46824968
2.220833333333333,39.353928,-3.3377488,-2.930425,65.9692,25.0,96.57675,39.28665,-3.5286827,-2.5078955,67.21402,25.019909,96.63971,0.4685221
2.225,39.353928,-3.3377488,-2.930425,65.9692,25.0,96.57675,39.28773,-3.5296116,-2.507636,67.21286,25.018173,96.6392,0.4689816
2.2291666666666665,39.353928,-3.3377488,-2.930425,65.9692,25.0,96.57675,39.288437,-3.5304022,-2.5072994,67.212135,25.01648,96.63899,0.4695099
2.2333333333333334,39.353928,-3.3377488,-2.930425,65.9692,25.0,96.57675,39.288864,-3.530982,-2.5069504,67.21173,25.015102,96.63893,0.47000325
2.2375,39.353928,-3.3377488,-2.930425,65.9692,25.0,96.57675,39.289104,-3.5314074,-2.5066566,67.21152,25.014065,96.639015,0.47040966
2.2416666666666667,39.353928,-3.3377488,-2.930425,65.9692,25.0,96.57675,39.289215,-3.531663,-2.5064259,67.211426,25.013363,96.63913,0.4707076
2.245833333333333,39.353928,-3.3377488,-2.930425,65.9692,25.0,96.57675,39.28929,-3.531848,-2.5062695,67.211395,25.012985,96.63919,0.47091424
2.25,39.353928,-3.3377488,-2.930425,65.9692,25.0,96.57675,39.289333,-3.5319605,-2.5061932,67.21139,25.012775,96.639206,0.47102356
2.254166666666667,39.353928,-3.3377488,-2.930425,65.9692,25.0,96.57675,39.289364,-3.5320082,-2.506178,67.21139,25.012707,96.639206,0.4710528
2.2583333333333333,39.353928,-3.3377488,-2.930425,65.9692,25.0,96.57675,39.289375,-3.5320358,-2.506177,67.21139,25.012676,96.639206,0.4710635
2.2625,39.353928,-3.3377488,-2.930425,65.9692,25.0,96.57675,39.289375,-3.5320425,-2.5061836,67.211395,25.012672,96.63921,0.47106022
2.2666666666666666,39.353928,-3.3377488,-2.930425,65.9692,25.0,96.57675,39.289375,-3.5320454,-2.5061808,67.21139,25.012672,96.63921,0.471064
2.2708333333333335,39.353928,-3.3377488,-2.930425,65.9692,25.0,96.57675,39.289375,-3.5320454,-2.5061808,67.21139,25.012672,96.63921,0.471064
2.275,39.353928,-3.3377488,-2.930425,65.9692,25.0,96.57675,39.289375,-3.5320454,-2.5061808,67.21139,25.012672,96.63921,0.471064
2.279166666666667,39.353928,-3.3377488,-2.930425,65.9692,25.0,96.57675,39.289375,-3.5320454,-2.5061808,67.21139,25.012672,96.63921,0.471064
2.283333333333333,39.353928,-3.3377488,-2.930425,65.9692,25.0,96.57675,39.289375,-3.5320454,-2.5061808,67.21139,25.012672,96.63921,0.471064
2.2875,39.353928,-3.3377488,-2.930425,65.9692,25.0,96.57675,39.289375,-3.5320454,-2.5061808,67.21139,25.012672,96.63921,0.471064
2.2916666666666665,39.353928,-3.3377488,-2.930425,65.9692,25.0,96.57675,39.289375,-3.5320454,-2.5061808,67.21139,25.012672,96.63921,0.471064
2.2958333333333334,39.353928,-3.3377488,-2.930425,65.9692,25.0,96.57675,39.289375,-3.5320454,-2.5061808,67.21139,25.012672,96.63921,0.471064
2.3,39.353928,-3.3377488,-2.930425,65.9692,25.0,96.57675,39.289375,-3.5320454,-2.5061808,67.21139,25.012672,96.63921,0.471064
2.3041666666666667,39.353928,-3.3377488,-2.930425,65.9692,25.0,96.57675,39.289375,-3.5320454,-2.5061808,67.21139,25.012672,96.63921,0.471064
2.308333333333333,39.353928,-3.3377488,-2.930425,65.9692,25.0,96.57675,39.289375,-3.5320454,-2.5061808,67.21139,25.012672,96.63921,0.471064
2.3125,39.353928,-3.3377488,-2.930425,65.9692,25.0,96.57675,39.289375,-3.5320454,-2.5061808,67.21139,25.012672,96.63921,0.471064
2.316666666666667,39.353928,-3.3377488,-2.930425,65.9692,25.0,96.57675,39.289375,-3.5320454,-2.5061808,67.21139,25.012672,96.63921,0.471064
2.3208333333333333,39.353928,-3.3377488,-2.930425,65.9692,25.0,96.57675,39.289375,-3.5320454,-2.5061808,67.21139,25.012672,96.63921,0.471064
2.325,39.353928,-3.3377488,-2.930425,65.9692,25.0,96.57675,39.289375,-3.5320454,-2.5061808,67.21139,25.012672,96.63921,0.471064
2.3291666666666666,39.353928,-3.3377488,-2.930425,65.9692,25.0,96.57675,39.289375,-3.5320454,-2.5061808,67.21139,25.012672,96.63921,0.471064
2.3333333333333335,39.353928,-3.3377488,-2.930425,65.9692,25.0,96.57675,39.289375,-3.5320454,-2.5061808,67.21139,25.012672,96.63921,0.471064
2.3375,39.353928,-3.3377488,-2.930425,65.9692,25.0,96.57675,39.289375,-3.5320454,-2.5061808,67.21139,25.012672,96.63921,0.471064
2.341666666666667,39.353928,-3.3377488,-2.930425,65.9692,25.0,96.57675,39.289375,-3.5320454,-2.5061808,67.21139,25.012672,96.63921,0.471064
2.345833333333333,39.353928,-3.3377488,-2.930425,65.9692,25.0,96.57675,39.289375,-3.5320454,-2.5061808,67.21139,25.012672,96.63921,0.471064
2.35,39.353928,-3.3377488,-2.930425,65.9692,25.0,96.57675,39.289375,-3.5320454,-2.5061808,67.21139,25.012672,96.63921,0.471064
2.3541666666666665,39.353928,-3.3377488,-2.930425,65.9692,25.0,96.57675,39.289375,-3.5320454,-2.5061808,67.21139,25.012672,96.63921,0.471064
2.3583333333333334,39.353928,-3.3377488,-2.930425,65.9692,25.0,96.57675,39.289375,-3.5320454,-2.5061808,67.21139,25.012672,96.63921,0.471064
2.3625,39.353928,-3.3377488,-2.930425,65.9692,25.0,96.57675,39.289375,-3.5320454,-2.5061808,67.21139,25.012672,96.63921,0.471064
2.3666666666666667,39.353928,-3.3377488,-2.930425,65.9692,25.0,96.57675,39.289375,-3.5320454,-2.5061808,67.21139,25.012672,96.63921,0.471064
2.370833333333333,39.353928,-3.3377488,-2.930425,65.9692,25.0,96.57675,39.289375,-3.5320454,-2.5061808,67.21139,25.012672,96.63921,0.471064
2.375,39.353928,-3.3377488,-2.930425,65.9692,25.0,96.57675,39.289375,-3.5320454,-2.5061808,67.21139,25.012672,96.63921,0.471064
2.379166666666667,39.353928,-3.3377488,-2.930425,65.9692,25.0,96.57675,39.289375,-3.5320454,-2.5061808,67.21139,25.012672,96.63921,0.471064
2.3833333333333333,39.353928,-3.3377488,-2.930425,65.9692,25.0,96.57675,39.289375,-3.5320454,-2.5061808,67.21139,25.012672,96.63921,0.471064
2.3875,39.353928,-3.3377488,-2.930425,65.9692,25.0,96.57675,39.289375,-3.5320454,-2.5061808,67.21139,25.012672,96.63921,0.471064
2.3916666666666666,39.353928,-3.3377488,-2.930425,65.9692,25.0,96.57675,39.289375,-3.5320454,-2.5061808,67.21139,25.012672,96.63921,0.471064
2.3958333333333335,39.353928,-3.3377488,-2.930425,65.9692,25.0,96.57675,39.289375,-3.5320454,-2.5061808,67.21139,25.012672,96.63921,0.471064
2.4,39.353928,-3.3377488,-2.930425,65.9692,25.0,96.57675,39.289375,-3.5320454,-2.5061808,67.21139,25.012672,96.63921,0.471064
2.404166666666667,39.353928,-3.3377488,-2.930425,65.9692,25.0,96.57675,39.289375,-3.5320454,-2.5061808,67.21139,25.012672,96.63921,0.471064
2.408333333333333,39.353928,-3.3377488,-2.930425,65.9692,25.0,96.57675,39.289375,-3.5320454,-2.5061808,67.21139,25.012672,96.63921,0.471064
2.4125,39.353928,-3.3377488,-2.930425,65.9692,25.0,96.57675,39.289375,-3.5320454,-2.5061808,67.21139,25.012672,96.63921,0.471064
2.4166666666666665,39.353928,-3.3377488,-2.930425,65.9692,25.0,96.57675,39.289375,-3.5320454,-2.5061808,67.21139,25.012672,96.63921,0.471064
2.4208333333333334,39.353928,-3.3377488,-2.930425,65.9692,25.0,96.57675,39.289375,-3.5320454,-2.5061808,67.21139,25.012672,96.63921,0.471064
2.425,39.353928,-3.3377488,-2.930425,65.9692,25.0,96.57675,39.289375,-3.5320454,-2.5061808,67.21139,25.012672,96.63921,0.471064
2.4291666666666667,39.353928,-3.3377488,-2.930425,65.9692,25.0,96.57675,39.289375,-3.5320454,-2.5061808,67.21139,25.012672,96.63921,0.471064
2.433333333333333,39.353928,-3.3377488,-2.930425,65.9692,25.0,96.57675,39.289375,-3.5320454,-2.5061808,67.21139,25.012672,96.63921,0.471064
2.4375,39.353928,-3.3377488,-2.930425,65.9692,25.0,96.57675,39.289375,-3.5320454,-2.5061808,67.21139,25.012672,96.63921,0.471064
2.441666666666667,39.353928,-3.3377488,-2.930425,65.9692,25.0,96.57675,39.289375,-3.5320454,-2.5061808,67.21139,25.012672,96.63921,0.471064
2.4458333333333333,39.353928,-3.3377488,-2.930425,65.9692,25.0,96.57675,39.289375,-3.5320454,-2.5061808,67.21139,25.012672,96.63921,0.471064
2.45,39.353928,-3.3377488,-2.930425,65.9692,25.0,96.57675,39.289375,-3.5320454,-2.5061808,67.21139,25.012672,96.63921,0.471064
2.4541666666666666,39.353928,-3.3377488,-2.930425,65.9692,25.0,96.57675,39.289375,-3.5320454,-2.5061808,67.21139,25.012672,96.63921,0.471064
2.4583333333333335,39.353928,-3.3377488,-2.930425,65.9692,25.0,96.57675,39.289375,-3.5320454,-2.5061808,67.21139,25.012672,96.63921,0.471064
2.4625,39.353928,-3.3377488,-2.930425,65.9692,25.0,96.57675,39.289375,-3.5320454,-2.5061808,67.21139,25.012672,96.63921,0.471064
2.466666666666667,39.353928,-3.3377488,-2.930425,65.9692,25.0,96.57675,39.289375,-3.5320454,-2.5061808,67.21139,25.012672,96.63921,0.471064
2.470833333333333,39.353928,-3.3377488,-2.930425,65.9692,25.0,96.57675,39.289375,-3.5320454,-2.5061808,67.21139,25.012672,96.63921,0.471064
2.475,39.353928,-3.3377488,-2.930425,65.9692,25.0,96.57675,39.289375,-3.5320454,-2.5061808,67.21139,25.012672,96.63921,0.471064
2.4791666666666665,39.353928,-3.3377488,-2.930425,65.9692,25.0,96.57675,39.289375,-3.5320454,-2.5061808,67.21139,25.012672,96.63921,0.471064
2.4833333333333334,39.353928,-3.3377488,-2.930425,65.9692,25.0,96.57675,39.289375,-3.5320454,-2.5061808,67.21139,25.012672,96.63921,0.471064
2.4875,39.353928,-3.3377488,-2.930425,65.9692,25.0,96.57675,39.289375,-3.5320454,-2.5061808,67.21139,25.012672,96.63921,0.471064
2.4916666666666667,39.353928,-3.3377488,-2.930425,65.9692,25.0,96.57675,39.289375,-3.5320454,-2.5061808,67.21139,25.012672,96.63921,0.471064
2.495833333333333,39.353928,-3.3377488,-2.930425,65.9692,25.0,96.57675,39.289375,-3.5320454,-2.5061808,67.21139,25.012672,96.63921,0.471064
2.5,39.353928,-3.3377488,-2.930425,65.9692,25.0,96.57675,39.289375,-3.5320454,-2.5061808,67.21139,25.012672,96.63921,0.471064
2.504166666666667,39.353928,-3.3377488,-2.930425,65.9692,25.0,96.57675,39.289375,-3.5320454,-2.5061808,67.21139,25.012672,96.63921,0.471064
2.5083333333333333,39.353928,-3.3377488,-2.930425,65.9692,25.0,96.57675,39.289375,-3.5320454,-2.5061808,67.21139,25.012672,96.63921,0.471064
2.5125,39.353928,-3.3377488,-2.930425,65.9692,25.0,96.57675,39.289375,-3.5320454,-2.5061808,67.21139,25.012672,96.63921,0.471064
2.5166666666666666,39.353928,-3.3377488,-2.930425,65.9692,25.0,96.57675,39.289375,-3.5320454,-2.5061808,67.21139,25.012672,96.63921,0.471064
2.5208333333333335,39.353928,-3.3377488,-2.930425,65.9692,25.0,96.57675,39.289375,-3.5320454,-2.5061808,67.21139,25.012672,96.63921,0.471064
2.525,39.353928,-3.3377488,-2.930425,65.9692,25.0,96.57675,39.289375,-3.5320454,-2.5061808,67.21139,25.012672,96.63921,0.471064
2.529166666666667,39.353928,-3.3377488,-2.930425,65.9692,25.0,96.57675,39.289375,-3.5320454,-2.5061808,67.21139,25.012672,96.63921,0.471064
2.533333333333333,39.353928,-3.3377488,-2.930425,65.9692,25.0,96.57675,39.28938,-3.5320425,-2.5061817,67.211395,25.01268,96.63921,0.47106144
2.5375,39.353928,-3.3377488,-2.930425,65.9692,25.0,96.57675,39.28938,-3.5320415,-2.506177,67.211395,25.012669,96.6392,0.4710653
2.5416666666666665,39.353928,-3.3377488,-2.930425,65.9692,25.0,96.57675,39.28937,-3.5320177,-2.506177,67.21144,25.012672,96.639175,0.47105655
2.5458333333333334,39.353928,-3.3377488,-2.930425,65.9692,25.0,96.57675,39.289364,-3.5319967,-2.5061855,67.21148,25.012707,96.63913,0.4710412
2.55,39.353928,-3.3377488,-2.930425,65.9692,25.0,96.57675,39.289375,-3.5318575,-2.506198,67.21151,25.012794,96.63905,0.47097108
2.5541666666666667,39.353928,-3.3377488,-2.930425,65.9692,25.0,96.57675,39.289417,-3.5316095,-2.506258,67.21152,25.012978,96.63893,0.47080904
2.558333333333333,39.353928,-3.3377488,-2.930425,65.9692,25.0,96.57675,39.289543,-3.5312061,-2.5063639,67.21149,25.013268,96.63871,0.47053042
2.5625,39.353928,-3.3377488,-2.930425,65.9692,25.0,96.57675,39.289757,-3.5306501,-2.506589,67.21148,25.013737,96.638336,0.47006997
2.566666666666667,39.353928,-3.3377488,-2.930425,65.9692,25.0,96.57675,39.29008,-3.5298939,-2.5069437,67.21149,25.014458,96.637695,0.46939588
2.5708333333333333,39.353928,-3.3377488,-2.930425,65.9692,25.0,96.57675,39.29057,-3.528903,-2.5074997,67.2115,25.0155,96.63669,0.46842286
2.575,39.353928,-3.3377488,-2.930425,65.9692,25.0,96.57675,39.291275,-3.527691,-2.5082836,67.21158,25.016819,96.63527,0.46712595
2.5791666666666666,39.353928,-3.3377488,-2.930425,65.9692,25.0,96.57675,39.292236,-3.5262756,-2.509327,67.2118,25.018494,96.63339,0.4654801
2.5833333333333335,39.353928,-3.3377488,-2.930425,65.9692,25.0,96.57675,39.293617,-3.5247126,-2.5107021,67.21239,25.020496,96.631035,0.4634221
2.5875,39.353928,-3.3377488,-2.930425,65.9692,25.0,96.57675,39.29541,-3.5229921,-2.5124989,67.21341,25.022945,96.628174,0.46087047
2.591666666666667,39.353928,-3.3377488,-2.930425,65.9692,25.0,96.57675,39.29762,-3.5211477,-2.5147886,67.21488,25.025703,96.624794,0.45777658
2.595833333333333,39.353928,-3.3377488,-2.930425,65.9692,25.0,96.57675,39.300247,-3.5193195,-2.5176487,67.21762,25.029133,96.620125,0.45412964
2.6,39.353928,-3.3377488,-2.930425,65.9692,25.0,96.57675,39.30325,-3.5175533,-2.5213366,67.22149,25.033508,96.61403,0.44972354
2.6041666666666665,39.353928,-3.3377488,-2.930425,65.9692,25.0,96.57675,39.30685,-3.515398,-2.5256033,67.226105,25.03841,96.60736,0.4445853
2.6083333333333334,39.353928,-3.3377488,-2.930425,65.9692,25.0,96.57675,39.310947,-3.5131054,-2.5309582,67.23159,25.04369,96.59966,0.43837306
2.6125,39.353928,-3.3377488,-2.930425,65.9692,25.0,96.57675,39.31504,-3.510478,-2.5373297,67.2379,25.050125,96.59101,0.43112814
2.6166666666666667,39.353928,-3.3377488,-2.930425,65.9692,25.0,96.57675,39.3187,-3.5070915,-2.5447445,67.24464,25.059849,96.58124,0.4226907
2.620833333333333,39.353928,-3.3377488,-2.930425,65.9692,25.0,96.57675,39.322086,-3.5032997,-2.5536547,67.2516,25.071869,96.56985,0.41276726
2.625,39.353928,-3.3377488,-2.930425,65.9692,25.0,96.57675,39.325165,-3.499319,-2.564703,67.25868,25.086605,96.55723,0.4008551
2.629166666666667,39.353928,-3.3377488,-2.930425,65.9692,25.0,96.57675,39.325886,-3.4928036,-2.5771856,67.26549,25.10373,96.54395,0.3867898
2.6333333333333333,39.353928,-3.3377488,-2.930425,65.9692,25.0,96.57675,39.322594,-3.4852114,-2.5915432,67.27318,25.124737,96.530334,0.3709014
2.6375,39.353928,-3.3377488,-2.930425,65.9692,25.0,96.57675,39.31977,-3.4784727,-2.6084213,67.28039,25.146866,96.51558,0.3530669
2.6416666666666666,39.353928,-3.3377488,-2.930425,65.9692,25.0,96.57675,39.317703,-3.4717216,-2.6285305,67.28667,25.170826,96.498375,0.33226675
2.6458333333333335,39.353928,-3.3377488,-2.930425,65.9692,25.0,96.57675,39.31687,-3.4661903,-2.652398,67.29228,25.197681,96.47824,0.3084952
2.65,39.353928,-3.3377488,-2.930425,65.9692,25.0,96.57675,39.317642,-3.4621115,-2.6812296,67.29649,25.227623,96.45445,0.28085765
2.654166666666667,39.353943,-3.3377728,-2.930426,65.96923,25.0,96.576706,39.31952,-3.4580698,-2.7115402,67.303215,25.261108,96.42813,0.25212553
2.658333333333333,39.354023,-3.3379095,-2.930426,65.96941,25.0,96.57646,39.3231,-3.4539852,-2.7444696,67.3113,25.297256,96.40186,0.22138083
2.6625,39.354237,-3.338284,-2.9304256,65.96992,25.0,96.57581,39.32614,-3.4508648,-2.7800493,67.319275,25.334785,96.37487,0.18993896
2.6666666666666665,39.354652,-3.3389988,-2.9304242,65.97088,25.0,96.574554,39.32849,-3.4489336,-2.8171263,67.32382,25.370884,96.350136,0.16002029
2.6708333333333334,39.35532,-3.34016,-2.9304252,65.972435,25.0,96.572525,39.333897,-3.4507113,-2.8630648,67.319435,25.405613,96.327065,0.13121733
2.675,39.356308,-3.3418622,-2.9304266,65.97472,25.0,96.569534,39.33508,-3.4571266,-2.9105568,67.31693,25.433346,96.30468,0.11887538
2.6791666666666667,39.357647,-3.3441942,-2.9304273,65.977844,25.0,96.56546,39.33711,-3.4650517,-2.95922,67.31097,25.452717,96.290504,0.12592605
2.683333333333333,39.35941,-3.3472435,-2.9304273,65.98193,25.0,96.56011,39.3421,-3.4769468,-3.0060644,67.2923,25.480698,96.272575,0.15114094
2.6875,39.36163,-3.3510876,-2.9304256,65.98709,25.0,96.553375,39.347176,-3.487214,-3.053609,67.26907,25.509098,96.26023,0.18415606
2.691666666666667,39.364353,-3.355803,-2.9304276,65.99341,25.0,96.545105,39.351837,-3.4948072,-3.0983067,67.24153,25.53212,96.25779,0.2183168
2.6958333333333333,39.367615,-3.3614569,-2.9304276,66.000984,25.0,96.5352,39.355698,-3.5017576,-3.1429396,67.2087,25.55259,96.263245,0.2549268
2.7,39.37146,-3.3681169,-2.9304278,66.0099,25.0,96.52352,39.35578,-3.5065851,-3.1900253,67.1653,25.57077,96.28,0.29463562
2.7041666666666666,39.375916,-3.3758345,-2.930423,66.02024,25.0,96.50998,39.350853,-3.5147038,-3.2334247,67.115295,25.589596,96.30286,0.33424962
2.7083333333333335,39.38102,-3.3846714,-2.9304283,66.03205,25.0,96.49446,39.344585,-3.5279713,-3.26897,67.05916,25.606182,96.325516,0.36942226
2.7125,39.38679,-3.394671,-2.9304273,66.04542,25.0,96.476906,39.338127,-3.546977,-3.2975402,67.00272,25.628616,96.34798,0.4004213
2.716666666666667,39.393265,-3.4058814,-2.930428,66.06039,25.0,96.45721,39.33531,-3.5660086,-3.3186269,66.94714,25.657425,96.36395,0.42390752
2.720833333333333,39.400455,-3.4183404,-2.9304268,66.07701,25.0,96.43531,39.33029,-3.5787687,-3.3420386,66.88882,25.691216,96.37795,0.447308
2.725,39.40839,-3.4320803,-2.9304276,66.09532,25.0,96.41114,39.324966,-3.584609,-3.3633232,66.82926,25.737518,96.38982,0.466501
2.7291666666666665,39.417084,-3.4471345,-2.930426,66.115364,25.0,96.384636,39.31479,-3.5885267,-3.3750825,66.7714,25.780739,96.39925,0.47767723
2.7333333333333334,39.426548,-3.46353,-2.9304266,66.13716,25.0,96.35576,39.29889,-3.598381,-3.3784928,66.723885,25.815407,96.40541,0.48502052
2.7375,39.436806,-3.4812915,-2.9304304,66.160736,25.0,96.32444,39.28689,-3.609892,-3.37929,66.690125,25.860508,96.39814,0.49039614
2.7416666666666667,39.44785,-3.500424,-2.930424,66.18611,25.0,96.29069,39.27719,-3.6214886,-3.3789349,66.665634,25.915134,96.37627,0.49491704
2.745833333333333,39.4597,-3.5209553,-2.9304242,66.21329,25.0,96.25443,39.270096,-3.6323814,-3.3841267,66.65303,25.967533,96.32823,0.50419444
2.75,39.472366,-3.5428894,-2.9304273,66.24226,25.0,96.21565,39.261253,-3.6428146,-3.3898654,66.662636,26.016636,96.26101,0.51539993
2.754166666666667,39.485844,-3.5662336,-2.9304256,66.273056,25.0,96.17434,39.25442,-3.647915,-3.3882427,66.68749,26.054287,96.191055,0.51944643
2.7583333333333333,39.500137,-3.59099,-2.9304273,66.30564,25.0,96.13047,39.251293,-3.6507444,-3.3844218,66.717705,26.0872,96.11304,0.5211574
2.7625,39.515244,-3.6171572,-2.9304252,66.34002,25.0,96.08405,39.251408,-3.6513014,-3.3811893,66.76007,26.126194,96.0287,0.52341527
2.7666666666666666,39.531162,-3.64473,-2.9304264,66.37616,25.0,96.03508,39.25345,-3.6447868,-3.3724942,66.82584,26.155903,95.95155,0.5220622
2.7708333333333335,39.54789,-3.673701,-2.9304264,66.41405,25.0,95.98355,39.253136,-3.6650763,-3.3718224,66.91649,26.165943,95.89574,0.530834
2.775,39.565414,-3.7040577,-2.9304266,66.45365,25.0,95.92949,39.254234,-3.6881733,-3.3735123,67.00845,26.165802,95.83719,0.5416736
2.779166666666667,39.583736,-3.735787,-2.9304307,66.494934,25.0,95.87289,39.25376,-3.7135267,-3.380001,67.08299,26.152699,95.7757,0.55811524
2.783333333333333,39.602837,-3.7688699,-2.9304261,66.53788,25.0,95.81379,39.255135,-3.7479153,-3.3955946,67.14369,26.121769,95.70393,0.5811347
2.7875,39.622707,-3.8032856,-2.9304245,66.58243,25.0,95.75221,39.26225,-3.7908096,-3.4156604,67.19966,26.080162,95.64058,0.6045989
2.7916666666666665,39.643333,-3.8390114,-2.9304266,66.62853,25.0,95.68819,39.268715,-3.8375807,-3.434856,67.248024,26.029346,95.582306,0.6283232
2.7958333333333334,39.6647,-3.8760211,-2.9304268,66.676155,25.0,95.62175,39.275246,-3.8898687,-3.4548836,67.29831,25.983456,95.52415,0.6533919
2.8,39.68679,-3.9142847,-2.9304252,66.72524,25.0,95.55295,39.284477,-3.9502268,-3.4763618,67.34208,25.948517,95.453835,0.67911303
2.8041666666666667,39.70959,-3.9537725,-2.9304252,66.775734,25.0,95.4818,39.293903,-4.010331,-3.5039186,67.38508,25.92178,95.38138,0.710556
2.808333333333333,39.733074,-3.9944475,-2.930424,66.827576,25.0,95.40839,39.29946,-4.0701275,-3.526906,67.43256,25.901005,95.312485,0.74130857
2.8125,39.757225,-4.036278,-2.9304273,66.8807,25.0,95.33273,39.306732,-4.1310444,-3.547762,67.480774,25.880157,95.240715,0.7700822
2.816666666666667,39.78202,-4.0792193,-2.9304264,66.93505,25.0,95.25492,39.317642,-4.1930285,-3.5664272,67.52792,25.858414,95.1671,0.79567385
2.8208333333333333,39.80743,-4.123234,-2.930424,66.99056,25.0,95.17501,39.33316,-4.2541533,-3.5822382,67.57503,25.840744,95.09264,0.81666005
2.825,39.833435,-4.168282,-2.9304276,67.04716,25.0,95.093056,39.352978,-4.319474,-3.5989766,67.62947,25.828873,95.01788,0.83705205
2.8291666666666666,39.860012,-4.2143135,-2.930427,67.104774,25.0,95.009125,39.373608,-4.3864822,-3.6223779,67.687,25.82198,94.940346,0.8631496
2.8333333333333335,39.88713,-4.2612867,-2.9304297,67.16334,25.0,94.9233,39.39465,-4.4519234,-3.6465402,67.73847,25.815105,94.85137,0.88977206
2.8375,39.914764,-4.3091464,-2.9304268,67.22278,25.0,94.83566,39.423317,-4.5140247,-3.669159,67.784615,25.803596,94.76011,0.9106156
2.841666666666667,39.942883,-4.3578496,-2.9304252,67.28302,25.0,94.74628,39.455074,-4.581088,-3.6855502,67.83451,25.78516,94.66606,0.9262862
2.845833333333333,39.97146,-4.407342,-2.9304273,67.34398,25.0,94.65524,39.488266,-4.6503744,-3.6997547,67.88698,25.768364,94.56475,0.9404278
2.85,40.000458,-4.4575706,-2.9304242,67.405594,25.0,94.562645,39.524315,-4.7176027,-3.713678,67.940735,25.753761,94.45858,0.9527933
2.8541666666666665,40.02985,-4.5084834,-2.930426,67.46777,25.0,94.46857,39.562912,-4.781806,-3.7277288,67.993866,25.74107,94.3465,0.96354985
2.8583333333333334,40.05961,-4.560023,-2.9304252,67.53045,25.0,94.3731,39.59604,-4.848441,-3.7434354,68.04549,25.73611,94.23876,0.97931993
2.8625,40.089695,-4.612131,-2.9304254,67.59354,25.0,94.27635,39.62877,-4.9162493,-3.7614918,68.09769,25.733757,94.128395,0.9978036
2.8666666666666667,40.120075,-4.664757,-2.9304256,67.65697,25.0,94.17842,39.661774,-4.983906,-3.7777662,68.15081,25.73193,94.01612,1.0148312
2.870833333333333,40.150723,-4.7178335,-2.9304276,67.72065,25.0,94.0794,39.69377,-5.0515585,-3.795216,68.203674,25.729141,93.90341,1.0334582
2.875,40.181595,-4.7713084,-2.9304273,67.78452,25.0,93.9794,39.72451,-5.121255,-3.8131137,68.25598,25.727016,93.78956,1.053814
2.879166666666667,40.21266,-4.8251176,-2.9304254,67.8485,25.0,93.87853,39.75701,-5.1918764,-3.829485,68.304985,25.727608,93.67993,1.0725844
2.8833333333333333,40.24389,-4.879207,-2.930426,67.91251,25.0,93.776886,39.789944,-5.261319,-3.8461266,68.35093,25.729378,93.572556,1.0911386
2.8875,40.275238,-4.933509,-2.930426,67.97648,25.0,93.6746,39.821598,-5.329521,-3.8624535,68.39776,25.733944,93.466125,1.1096352
2.8916666666666666,40.30668,-4.9879637,-2.930426,68.04032,25.0,93.57176,39.853836,-5.3976126,-3.877345,68.44584,25.743614,93.360115,1.1267363
2.8958333333333335,40.338173,-5.0425105,-2.9304247,68.10397,25.0,93.4685,39.88652,-5.4639597,-3.8921943,68.49379,25.75679,93.25598,1.1430705
2.9,40.369686,-5.0970902,-2.930426,68.16736,25.0,93.364914,39.920544,-5.5269957,-3.9053297,68.53998,25.773674,93.1531,1.1562808
2.904166666666667,40.401176,-5.151638,-2.9304268,68.23041,25.0,93.26115,39.953255,-5.586562,-3.91648,68.58765,25.792915,93.05149,1.1670878
2.908333333333333,40.432617,-5.2060933,-2.9304268,68.29305,25.0,93.157295,39.985718,-5.644043,-3.923746,68.63941,25.814354,92.95039,1.1739686
2.9125,40.46397,-5.2603955,-2.9304268,68.355225,25.0,93.05348,40.01921,-5.6960917,-3.9276357,68.6965,25.842812,92.85097,1.1756136
2.9166666666666665,40.495197,-5.314481,-2.930427,68.416855,25.0,92.94983,40.05241,-5.7440042,-3.927074,68.755356,25.870785,92.752426,1.172116
2.9208333333333334,40.526264,-5.3682933,-2.9304242,68.47789,25.0,92.84646,40.08622,-5.7913218,-3.9229379,68.813805,25.89478,92.65467,1.1651933
2.925,40.557137,-5.4217668,-2.9304268,68.538246,25.0,92.74349,40.119175,-5.8339853,-3.9166617,68.86942,25.919052,92.55693,1.1551596
2.9291666666666667,40.58778,-5.474846,-2.930424,68.597885,25.0,92.641045,40.15242,-5.8731394,-3.9056206,68.923485,25.94445,92.459595,1.1398177
2.933333333333333,40.618164,-5.5274696,-2.9304242,68.65673,25.0,92.53922,40.187634,-5.9071846,-3.8914676,68.97856,25.977268,92.363525,1.1194392
2.9375,40.64825,-5.5795803,-2.930427,68.71473,25.0,92.43816,40.225594,-5.938325,-3.8714762,69.032646,26.010094,92.27047,1.0922042
2.941666666666667,40.678005,-5.6311183,-2.9304254,68.771835,25.0,92.33799,40.264248,-5.9674473,-3.8455791,69.08984,26.040104,92.178856,1.0591594
2.9458333333333333,40.7074,-5.68203,-2.930425,68.82799,25.0,92.2388,40.301716,-5.996541,-3.8193636,69.148315,26.072926,92.08863,1.0265037
2.95,40.7364,-5.73226,-2.9304245,68.88314,25.0,92.140724,40.33808,-6.0210533,-3.7897863,69.21547,26.108257,92.00079,0.9902336
2.9541666666666666,40.764973,-5.781752,-2.9304247,68.93724,25.0,92.043884,40.374996,-6.0445986,-3.759818,69.290146,26.147373,91.90893,0.9534481
2.9583333333333335,40.793095,-5.8304563,-2.9304311,68.990234,25.0,91.94836,40.4133,-6.061118,-3.7251992,69.3643,26.19043,91.81448,0.9105523
2.9625,40.820724,-5.878318,-2.9304261,69.04211,25.0,91.8543,40.451885,-6.069107,-3.683145,69.43634,26.24036,91.72216,0.8596678
2.966666666666667,40.847843,-5.92529,-2.930427,69.09279,25.0,91.761795,40.494,-6.07475,-3.637064,69.50661,26.284832,91.62616,0.8042881
2.970833333333333,40.87442,-5.971321,-2.9304266,69.14225,25.0,91.67095,40.540676,-6.087142,-3.5954943,69.57714,26.328114,91.53552,0.7530701
2.975,40.90043,-6.0163674,-2.9304276,69.19045,25.0,91.58187,40.58814,-6.0987988,-3.555663,69.6468,26.366829,91.44508,0.7037326
2.9791666666666665,40.925842,-6.0603824,-2.9304266,69.237366,25.0,91.49466,40.634506,-6.1107473,-3.5220423,69.70886,26.401344,91.35341,0.6613792
2.9833333333333334,40.950634,-6.103326,-2.930425,69.28296,25.0,91.40942,40.681046,-6.120058,-3.4926553,69.764915,26.427246,91.26167,0.6237474
2.9875,40.974785,-6.1451535,-2.930425,69.327194,25.0,91.326225,40.716846,-6.1286583,-3.4705396,69.812706,26.43583,91.18076,0.59877217
2.9916666666666667,40.99827,-6.1858287,-2.9304266,69.37005,25.0,91.245186,40.748535,-6.1337433,-3.4532895,69.85195,26.436138,91.10914,0.5817775
2.995833333333333,41.021065,-6.2253165,-2.9304245,69.41151,25.0,91.166374,40.77884,-6.1382933,-3.438614,69.885925,26.42604,91.03866,0.5696515
3.0,41.04316,-6.263581,-2.9304261,69.45153,25.0,91.08986,40.80717,-6.1520147,-3.4256735,69.91518,26.404972,90.96847,0.55982816
3.004166666666667,41.064526,-6.300591,-2.9304276,69.49011,25.0,91.01575,40.8334,-6.1777945,-3.4079351,69.94251,26.382809,90.88693,0.5445284
3.0083333333333333,41.08515,-6.336317,-2.9304254,69.52724,25.0,90.944084,40.85634,-6.2065287,-3.3799572,69.964455,26.351479,90.7955,0.5208448
3.0125,41.105022,-6.3707323,-2.9304264,69.56288,25.0,90.87495,40.874935,-6.239731,-3.346859,69.98378,26.312153,90.70491,0.49347508
3.0166666666666666,41.124123,-6.4038157,-2.9304237,69.597046,25.0,90.80839,40.891373,-6.2751293,-3.3096757,70.00037,26.268486,90.615486,0.46321136
3.0208333333333335,41.14244,-6.435546,-2.9304268,69.62971,25.0,90.74446,40.908516,-6.31001,-3.27384,70.01676,26.219463,90.525635,0.4340653
3.025,41.15997,-6.465902,-2.9304242,69.66087,25.0,90.68321,40.93049,-6.3544617,-3.2438045,70.03254,26.16853,90.42126,0.40408847
3.029166666666667,41.176693,-6.494873,-2.9304278,69.69053,25.0,90.624695,40.954487,-6.406908,-3.2250547,70.045876,26.11324,90.31042,0.37936583
3.033333333333333,41.19261,-6.522444,-2.9304235,69.71869,25.0,90.56893,40.972847,-6.4650507,-3.203547,70.05912,26.053371,90.19798,0.355228
3.0375,41.20772,-6.548611,-2.9304264,69.74534,25.0,90.51594,40.985313,-6.517976,-3.1770277,70.08091,25.990719,90.092834,0.33349094
3.0416666666666665,41.22201,-6.5733676,-2.930425,69.7705,25.0,90.46576,40.99658,-6.5621367,-3.1438847,70.106636,25.934566,89.99558,0.3106628
3.0458333333333334,41.235493,-6.5967126,-2.930427,69.79417,25.0,90.41837,41.00419,-6.6026487,-3.1049175,70.13506,25.879948,89.90562,0.28979954
3.05,41.248154,-6.618646,-2.9304278,69.81636,25.0,90.373825,41.013283,-6.6446323,-3.0587835,70.164925,25.815792,89.81802,0.26891416
3.0541666666666667,41.26001,-6.6391764,-2.9304252,69.8371,25.0,90.33208,41.02511,-6.686611,-3.0111008,70.204315,25.752464,89.73383,0.25285825
3.058333333333333,41.271057,-6.6583123,-2.9304276,69.856384,25.0,90.29314,41.040382,-6.728018,-2.965187,70.24609,25.693668,89.65149,0.24347056
3.0625,41.28131,-6.6760697,-2.9304235,69.87426,25.0,90.256966,41.055614,-6.772237,-2.9210567,70.28694,25.638199,89.55874,0.24550922
3.066666666666667,41.290775,-6.6924653,-2.930425,69.89073,25.0,90.22356,41.083183,-6.8197117,-2.8797598,70.33164,25.589836,89.46263,0.2487027
3.0708333333333333,41.299465,-6.707521,-2.9304247,69.90584,25.0,90.192856,41.11478,-6.861495,-2.8472452,70.37702,25.553322,89.36191,0.2544313
3.075,41.3074,-6.721262,-2.9304276,69.9196,25.0,90.16481,41.145687,-6.9001827,-2.8199558,70.42354,25.523071,89.27248,0.26526895
3.0791666666666666,41.314594,-6.7337184,-2.9304264,69.93207,25.0,90.139366,41.17975,-6.940296,-2.7947855,70.465225,25.485035,89.194824,0.28152475
3.0833333333333335,41.321064,-6.744928,-2.9304256,69.943275,25.0,90.11647,41.217644,-6.9746723,-2.7736301,70.50229,25.449814,89.12613,0.29675424
3.0875,41.32684,-6.7549295,-2.9304264,69.95326,25.0,90.09602,41.258575,-7.003049,-2.7531176,70.545425,25.422665,89.05804,0.31250855
3.091666666666667,41.33194,-6.7637663,-2.9304252,69.96208,25.0,90.07796,41.300003,-7.032483,-2.7367325,70.57925,25.393944,88.98341,0.3327845
3.095833333333333,41.3364,-6.7714877,-2.93043,69.96977,25.0,90.06216,41.338764,-7.061166,-2.7280483,70.61223,25.360798,88.91591,0.35337985
3.1,41.34024,-6.778144,-2.930427,69.97641,25.0,90.048546,41.37507,-7.087902,-2.7185898,70.647995,25.33279,88.85741,0.3768795
3.1041666666666665,41.343506,-6.7837987,-2.9304273,69.98204,25.0,90.03697,41.411148,-7.109312,-2.7148733,70.67817,25.313496,88.80697,0.39622965
3.1083333333333334,41.34623,-6.7885137,-2.9304323,69.986725,25.0,90.02731,41.44395,-7.1262293,-2.7157593,70.70633,25.30035,88.76723,0.41192934
3.1125,41.34845,-6.7923584,-2.9304245,69.99056,25.0,90.01944,41.476036,-7.140276,-2.715517,70.73309,25.285412,88.73741,0.4283808
3.1166666666666667,41.35021,-6.7954082,-2.9304278,69.99359,25.0,90.0132,41.50714,-7.152731,-2.7110195,70.75258,25.27192,88.71704,0.44771352
3.120833333333333,41.351555,-6.7977395,-2.9304268,69.99591,25.0,90.00842,41.536396,-7.16197,-2.7024603,70.77141,25.26355,88.70716,0.46775952
3.125,41.352535,-6.7994413,-2.9304264,69.997604,25.0,90.004944,41.56128,-7.168254,-2.6934528,70.790306,25.2589,88.70404,0.48554426
3.129166666666667,41.353207,-6.8006005,-2.9304261,69.99876,25.0,90.00256,41.581398,-7.1746883,-2.688264,70.80285,25.252598,88.70632,0.5006551
3.1333333333333333,41.35362,-6.8013163,-2.9304276,69.999466,25.0,90.0011,41.596943,-7.180252,-2.6843758,70.8107,25.245834,88.714745,0.51316714
3.1375,41.353836,-6.8016906,-2.930426,69.99984,25.0,90.00033,41.608757,-7.183812,-2.6804829,70.816605,25.241814,88.73442,0.5229466
3.1416666666666666,41.353916,-6.801831,-2.9304278,69.99998,25.0,90.000046,41.617523,-7.185914,-2.6770716,70.82222,25.240448,88.76157,0.53028107
3.1458333333333335,41.353928,-6.8018513,-2.930426,70.0,25.0,90.0,41.623543,-7.186244,-2.6746998,70.8286,25.241081,88.792946,0.5346456
3.15,41.353928,-6.8018513,-2.930426,70.0,25.0,90.0,41.62709,-7.184492,-2.671795,70.83554,25.243961,88.82821,0.5365836
3.154166666666667,41.353928,-6.8018513,-2.930426,70.0,25.0,90.0,41.62739,-7.18025,-2.6673937,70.84439,25.249851,88.86632,0.5358678
3.158333333333333,41.353928,-6.8018513,-2.930426,70.0,25.0,90.0,41.626373,-7.175165,-2.662407,70.854546,25.25644,88.90397,0.534251
3.1625,41.353928,-6.8018513,-2.930426,70.0,25.0,90.0,41.624092,-7.169608,-2.6569176,70.86556,25.263294,88.93935,0.53201574
3.1666666666666665,41.353928,-6.8018513,-2.930426,70.0,25.0,90.0,41.620987,-7.1644983,-2.651434,70.87697,25.270592,88.97045,0.529783
3.1708333333333334,41.353928,-6.8018513,-2.930426,70.0,25.0,90.0,41.616882,-7.1614313,-2.6472597,70.890015,25.280579,88.99463,0.52785045
3.175,41.353928,-6.8018513,-2.930426,70.0,25.0,90.0,41.61224,-7.1589117,-2.6434202,70.90219,25.290417,89.015175,0.5259179
3.1791666666666667,41.353928,-6.8018513,-2.930426,70.0,25.0,90.0,41.607628,-7.1569204,-2.640005,70.9133,25.299873,89.03266,0.5241967
3.183333333333333,41.353928,-6.8018513,-2.930426,70.0,25.0,90.0,41.603348,-7.155179,-2.6371984,70.92322,25.308819,89.047356,0.52252585
3.1875,41.353928,-6.8018513,-2.930426,70.0,25.0,90.0,41.599773,-7.1537657,-2.6350002,70.93218,25.317326,89.05904,0.5211144
3.191666666666667,41.353928,-6.8018513,-2.930426,70.0,25.0,90.0,41.59665,-7.1526537,-2.6333666,70.93995,25.32557,89.06815,0.51982725
3.1958333333333333,41.353928,-6.8018513,-2.930426,70.0,25.0,90.0,41.593872,-7.151716,-2.632348,70.94655,25.33347,89.075195,0.51848745
3.2,41.353928,-6.8018513,-2.930426,70.0,25.0,90.0,41.59144,-7.1508493,-2.6318016,70.95188,25.340843,89.08054,0.5170952
3.2041666666666666,41.353928,-6.8018513,-2.930426,70.0,25.0,90.0,41.589417,-7.1500216,-2.6317244,70.95602,25.347755,89.08441,0.5156551
3.2083333333333335,41.353928,-6.8018513,-2.930426,70.0,25.0,90.0,41.587753,-7.149252,-2.6320028,70.95897,25.354004,89.0871,0.5142159
3.2125,41.353928,-6.8018513,-2.930426,70.0,25.0,90.0,41.58643,-7.1485443,-2.632577,70.96085,25.359543,89.08882,0.5128033
3.216666666666667,41.353928,-6.8018513,-2.930426,70.0,25.0,90.0,41.58537,-7.147833,-2.6333027,70.961945,25.364414,89.08985,0.5114202
3.220833333333333,41.353928,-6.8018513,-2.930426,70.0,25.0,90.0,41.58454,-7.1471043,-2.6341238,70.962456,25.36861,89.09041,0.5100757
3.225,41.353928,-6.8018513,-2.930426,70.0,25.0,90.0,41.58397,-7.146393,-2.6349459,70.96258,25.37207,89.09072,0.50885797
3.2291666666666665,41.353928,-6.8018513,-2.930426,70.0,25.0,90.0,41.583572,-7.1457596,-2.6356602,70.96244,25.374722,89.09089,0.5078351
3.2333333333333334,41.353928,-6.8018513,-2.930426,70.0,25.0,90.0,41.58332,-7.14526,-2.6362066,70.962234,25.376614,89.09102,0.50706565
3.2375,41.353928,-6.8018513,-2.930426,70.0,25.0,90.0,41.58318,-7.144887,-2.6366177,70.96201,25.377846,89.09111,0.5065108
3.2416666666666667,41.353928,-6.8018513,-2.930426,70.0,25.0,90.0,41.58309,-7.1446476,-2.6369066,70.9618,25.378551,89.09118,0.50614136
3.245833333333333,41.353928,-6.8018513,-2.930426,70.0,25.0,90.0,41.583027,-7.144478,-2.6370735,70.961655,25.378937,89.09125,0.5059002
3.25,41.353928,-6.8018513,-2.930426,70.0,25.0,90.0,41.582973,-7.144388,-2.637146,70.961555,25.379097,89.091324,0.5057733
3.254166666666667,41.353928,-6.8018513,-2.930426,70.0,25.0,90.0,41.58293,-7.144352,-2.6371603,70.96152,25.379162,89.09137,0.50572145
3.2583333333333333,41.353928,-6.8018513,-2.930426,70.0,25.0,90.0,41.58293,-7.1443396,-2.6371565,70.961494,25.379158,89.09138,0.5057153
3.2625,41.353928,-6.8018513,-2.930426,70.0,25.0,90.0,41.58293,-7.1443405,-2.6371546,70.96149,25.379162,89.09138,0.50571704
3.2666666666666666,41.353928,-6.8018513,-2.930426,70.0,25.0,90.0,41.58293,-7.1443386,-2.6371565,70.96149,25.379162,89.09138,0.50571465
3.2708333333333335,41.353928,-6.8018513,-2.930426,70.0,25.0,90.0,41.58293,-7.1443386,-2.6371565,70.96149,25.379162,89.09138,0.50571465
3.275,41.353928,-6.8018513,-2.930426,70.0,25.0,90.0,41.58293,-7.1443386,-2.6371565,70.96149,25.379162,89.09138,0.50571465
3.279166666666667,41.353928,-6.8018513,-2.930426,70.0,25.0,90.0,41.58293,-7.1443386,-2.6371565,70.96149,25.379162,89.09138,0.50571465
3.283333333333333,41.353928,-6.8018513,-2.930426,70.0,25.0,90.0,41.58293,-7.1443386,-2.6371565,70.96149,25.379162,89.09138,0.50571465
3.2875,41.353928,-6.8018513,-2.930426,70.0,25.0,90.0,41.58293,-7.1443386,-2.6371565,70.96149,25.379162,89.09138,0.50571465
3.2916666666666665,41.353928,-6.8018513,-2.930426,70.0,25.0,90.0,41.58293,-7.1443386,-2.6371565,70.96149,25.379162,89.09138,0.50571465
3.2958333333333334,41.353928,-6.8018513,-2.930426,70.0,25.0,90.0,41.58293,-7.1443386,-2.6371565,70.96149,25.379162,89.09138,0.50571465
3.3,41.353928,-6.8018513,-2.930426,70.0,25.0,90.0,41.58293,-7.1443386,-2.6371565,70.96149,25.379162,89.09138,0.50571465
3.3041666666666667,41.353928,-6.8018513,-2.930426,70.0,25.0,90.0,41.58293,-7.1443386,-2.6371565,70.96149,25.379162,89.09138,0.50571465
3.308333333333333,41.353928,-6.8018513,-2.930426,70.0,25.0,90.0,41.58293,-7.1443386,-2.6371565,70.96149,25.379162,89.09138,0.50571465
3.3125,41.353928,-6.8018513,-2.930426,70.0,25.0,90.0,41.58293,-7.1443386,-2.6371565,70.96149,25.379162,89.09138,0.50571465
3.316666666666667,41.353928,-6.8018513,-2.930426,70.0,25.0,90.0,41.58293,-7.1443386,-2.6371565,70.96149,25.379162,89.09138,0.50571465
3.3208333333333333,41.353928,-6.8018513,-2.930426,70.0,25.0,90.0,41.58293,-7.1443386,-2.6371565,70.96149,25.379162,89.09138,0.50571465
3.325,41.353928,-6.8018513,-2.930426,70.0,25.0,90.0,41.58293,-7.1443386,-2.6371565,70.96149,25.379162,89.09138,0.50571465
3.3291666666666666,41.353928,-6.8018513,-2.930426,70.0,25.0,90.0,41.58293,-7.1443386,-2.6371565,70.96149,25.379162,89.09138,0.50571465
3.3333333333333335,41.353928,-6.8018513,-2.930426,70.0,25.0,90.0,41.58293,-7.1443386,-2.6371565,70.96149,25.379162,89.09138,0.50571465
3.3375,41.353928,-6.8018513,-2.930426,70.0,25.0,90.0,41.58293,-7.1443386,-2.6371565,70.96149,25.379162,89.09138,0.50571465
3.341666666666667,41.353928,-6.8018513,-2.930426,70.0,25.0,90.0,41.58293,-7.1443386,-2.6371565,70.96149,25.379162,89.09138,0.50571465
3.345833333333333,41.353928,-6.8018513,-2.930426,70.0,25.0,90.0,41.58293,-7.1443386,-2.6371565,70.96149,25.379162,89.09138,0.50571465
3.35,41.353928,-6.8018513,-2.930426,70.0,25.0,90.0,41.58293,-7.1443386,-2.6371565,70.96149,25.379162,89.09138,0.50571465
3.3541666666666665,41.353928,-6.8018513,-2.930426,70.0,25.0,90.0,41.58293,-7.1443386,-2.6371565,70.96149,25.379162,89.09138,0.50571465
3.3583333333333334,41.353928,-6.8018513,-2.930426,70.0,25.0,90.0,41.58293,-7.1443405,-2.6371565,70.96149,25.379162,89.09138,0.5057159
3.3625,41.353928,-6.8018513,-2.930426,70.0,25.0,90.0,41.58293,-7.1443405,-2.6371565,70.96149,25.379162,89.09138,0.5057159
3.3666666666666667,41.353928,-6.8018513,-2.930426,70.0,25.0,90.0,41.582928,-7.1443415,-2.6371565,70.96149,25.379162,89.09138,0.50571483
3.370833333333333,41.353928,-6.8018513,-2.930426,70.0,25.0,90.0,41.582928,-7.1443415,-2.6371546,70.96149,25.379162,89.09138,0.50571597
3.375,41.353928,-6.8018513,-2.930426,70.0,25.0,90.0,41.58293,-7.1443386,-2.6371546,70.96149,25.379162,89.09138,0.5057157
3.379166666666667,41.353928,-6.8018513,-2.930426,70.0,25.0,90.0,41.58293,-7.1443415,-2.6371555,70.96149,25.379162,89.09138,0.50571716
3.3833333333333333,41.353928,-6.8018513,-2.930426,70.0,25.0,90.0,41.58293,-7.1443386,-2.6371546,70.96149,25.379162,89.091385,0.5057157
3.3875,41.353928,-6.8018513,-2.930426,70.0,25.0,90.0,41.582928,-7.1443405,-2.6371565,70.96149,25.379162,89.091385,0.5057142
3.3916666666666666,41.353928,-6.8018513,-2.930426,70.0,25.0,90.0,41.582928,-7.1443386,-2.6371565,70.96149,25.379162,89.091385,0.5057129
3.3958333333333335,41.353928,-6.8018513,-2.930426,70.0,25.0,90.0,41.58293,-7.1443377,-2.6371536,70.96149,25.379158,89.091385,0.50571567
3.4,41.353928,-6.8018513,-2.930426,70.0,25.0,90.0,41.582928,-7.1443405,-2.6371555,70.96149,25.379154,89.091385,0.5057148
3.404166666666667,41.353928,-6.8018513,-2.930426,70.0,25.0,90.0,41.58293,-7.1443405,-2.6371584,70.96149,25.379166,89.091385,0.50571483
3.408333333333333,41.353928,-6.8018513,-2.930426,70.0,25.0,90.0,41.582928,-7.1443405,-2.6371574,70.96149,25.379162,89.091385,0.50571364
3.4125,41.353928,-6.8018513,-2.930426,70.0,25.0,90.0,41.582928,-7.1443405,-2.6371536,70.96149,25.379158,89.09139,0.50571585
3.4166666666666665,41.353928,-6.8018513,-2.930426,70.0,25.0,90.0,41.58293,-7.1443377,-2.6371546,70.96149,25.379158,89.09139,0.50571513
3.4208333333333334,41.353928,-6.8018513,-2.930426,70.0,25.0,90.0,41.582928,-7.1443377,-2.6371555,70.96149,25.379166,89.09139,0.5057128
3.425,41.353928,-6.8018513,-2.930426,70.0,25.0,90.0,41.582928,-7.1443405,-2.6371555,70.96149,25.379166,89.09139,0.5057148
3.4291666666666667,41.353928,-6.8018513,-2.930426,70.0,25.0,90.0,41.582924,-7.1443415,-2.6371574,70.961494,25.379162,89.09139,0.50571257
3.433333333333333,41.353928,-6.8018513,-2.930426,70.0,25.0,90.0,41.582928,-7.1443415,-2.6371555,70.96149,25.379158,89.09139,0.50571537
3.4375,41.353928,-6.8018513,-2.930426,70.0,25.0,90.0,41.582928,-7.1443405,-2.6371546,70.96149,25.379166,89.09139,0.5057153
3.441666666666667,41.353928,-6.8018513,-2.930426,70.0,25.0,90.0,41.582924,-7.1443405,-2.6371546,70.96149,25.379162,89.09139,0.5057136
3.4458333333333333,41.353928,-6.8018513,-2.930426,70.0,25.0,90.0,41.582928,-7.1443405,-2.6371527,70.96149,25.379162,89.09139,0.50571644
3.45,41.353928,-6.8018513,-2.930426,70.0,25.0,90.0,41.58293,-7.1443415,-2.6371527,70.96149,25.379166,89.09139,0.50571877
3.4541666666666666,41.353928,-6.8018513,-2.930426,70.0,25.0,90.0,41.58293,-7.1443405,-2.6371565,70.96149,25.379166,89.09139,0.5057159
3.4583333333333335,41.353928,-6.8018513,-2.930426,70.0,25.0,90.0,41.582928,-7.1443405,-2.6371536,70.96149,25.379166,89.09139,0.50571585
3.4625,41.353928,-6.8018513,-2.930426,70.0,25.0,90.0,41.582924,-7.1443405,-2.6371555,70.96149,25.379162,89.09139,0.50571305
3.466666666666667,41.353928,-6.8018513,-2.930426,70.0,25.0,90.0,41.582928,-7.1443434,-2.6371536,70.96149,25.379162,89.09139,0.5057178
3.470833333333333,41.353928,-6.8018513,-2.930426,70.0,25.0,90.0,41.582924,-7.1443386,-2.6371546,70.96149,25.379166,89.09139,0.50571233
3.475,41.353928,-6.8018513,-2.930426,70.0,25.0,90.0,41.582928,-7.1443405,-2.6371546,70.96149,25.379166,89.09139,0.5057153
3.4791666666666665,41.353928,-6.8018513,-2.930426,70.0,25.0,90.0,41.58293,-7.1443415,-2.6371555,70.96149,25.379166,89.09139,0.50571716
3.4833333333333334,41.353928,-6.8018513,-2.930426,70.0,25.0,90.0,41.58293,-7.1443386,-2.6371546,70.96149,25.379166,89.09139,0.5057157
3.4875,41.353928,-6.8018513,-2.930426,70.0,25.0,90.0,41.582928,-7.1443415,-2.6371527,70.96149,25.379162,89.09139,0.5057171
3.4916666666666667,41.353928,-6.8018513,-2.930426,70.0,25.0,90.0,41.58293,-7.1443386,-2.6371546,70.96149,25.379162,89.09139,0.5057157
3.495833333333333,41.353928,-6.8018513,-2.930426,70.0,25.0,90.0,41.58293,-7.1443405,-2.6371565,70.96149,25.379166,89.09139,0.5057159
3.5,41.353928,-6.8018513,-2.930426,70.0,25.0,90.0,41.58293,-7.1443377,-2.6371565,70.96149,25.379162,89.091385,0.505714
3.504166666666667,41.353928,-6.8018513,-2.930426,70.0,25.0,90.0,41.582928,-7.1443386,-2.6371555,70.96149,25.379162,89.091385,0.50571346
3.5083333333333333,41.353928,-6.8018513,-2.930426,70.0,25.0,90.0,41.58293,-7.1443386,-2.6371536,70.961494,25.379162,89.09139,0.5057163
3.5125,41.353928,-6.8018513,-2.930426,70.0,25.0,90.0,41.582928,-7.1443405,-2.6371536,70.96149,25.379162,89.09139,0.50571585
3.5166666666666666,41.353928,-6.8018513,-2.930426,70.0,25.0,90.0,41.582928,-7.1443377,-2.6371536,70.96149,25.379158,89.09139,0.50571394
3.5208333333333335,41.353928,-6.8018513,-2.930426,70.0,25.0,90.0,41.58293,-7.1443386,-2.6371565,70.96149,25.379158,89.091385,0.50571465
3.525,41.353928,-6.8018513,-2.930426,70.0,25.0,90.0,41.58293,-7.1443415,-2.6371555,70.961494,25.379166,89.091385,0.50571716
3.529166666666667,41.353928,-6.8018513,-2.930426,70.0,25.0,90.0,41.582928,-7.1443386,-2.6371536,70.96149,25.379162,89.091385,0.5057146
3.533333333333333,41.353928,-6.8018513,-2.930426,70.0,25.0,90.0,41.58293,-7.1443377,-2.6371527,70.961494,25.379166,89.091385,0.5057162
3.5375,41.353928,-6.8018513,-2.930426,70.0,25.0,90.0,41.58293,-7.1443405,-2.6371536,70.96149,25.379166,89.091385,0.5057176
3.5416666666666665,41.353928,-6.8018513,-2.930426,70.0,25.0,90.0,41.582928,-7.1443405,-2.6371565,70.96149,25.379166,89.09138,0.5057142
3.5458333333333334,41.353928,-6.8018513,-2.930426,70.0,25.0,90.0,41.58293,-7.1443415,-2.6371536,70.961494,25.379162,89.09138,0.50571823
3.55,41.353928,-6.8018513,-2.930426,70.0,25.0,90.0,41.58293,-7.1443405,-2.6371565,70.961494,25.379162,89.09138,0.5057159
3.5541666666666667,41.353928,-6.8018513,-2.930426,70.0,25.0,90.0,41.58293,-7.1443405,-2.6371555,70.961494,25.379162,89.091385,0.5057165
3.558333333333333,41.353928,-6.8018513,-2.930426,70.0,25.0,90.0,41.58293,-7.1443405,-2.6371565,70.96149,25.379166,89.09138,0.5057159
3.5625,41.353928,-6.8018513,-2.930426,70.0,25.0,90.0,41.582935,-7.1443415,-2.6371565,70.96149,25.379162,89.09138,0.5057183
3.566666666666667,41.353928,-6.8018513,-2.930426,70.0,25.0,90.0,41.58293,-7.1443443,-2.6371555,70.96149,25.379158,89.09138,0.50571907
3.5708333333333333,41.353928,-6.8018513,-2.930426,70.0,25.0,90.0,41.58293,-7.1443415,-2.6371555,70.96149,25.379162,89.09138,0.50571716
3.575,41.353928,-6.8018513,-2.930426,70.0,25.0,90.0,41.58293,-7.1443434,-2.6371565,70.96149,25.379162,89.09138,0.5057179
3.5791666666666666,41.353928,-6.8018513,-2.930426,70.0,25.0,90.0,41.58293,-7.1443415,-2.6371527,70.96149,25.379162,89.09138,0.50571877
3.5833333333333335,41.353928,-6.8018513,-2.930426,70.0,25.0,90.0,41.582935,-7.1443434,-2.6371536,70.96149,25.379158,89.09138,0.5057213
3.5875,41.353928,-6.8018513,-2.930426,70.0,25.0,90.0,41.58293,-7.1443415,-2.6371527,70.96149,25.379158,89.09138,0.50571877
3.591666666666667,41.353928,-6.8018513,-2.930426,70.0,25.0,90.0,41.58293,-7.1443434,-2.6371546,70.96149,25.379162,89.09138,0.50571895
3.595833333333333,41.353928,-6.8018513,-2.930426,70.0,25.0,90.0,41.58293,-7.1443405,-2.6371527,70.96149,25.379162,89.09138,0.5057181
3.6,41.353928,-6.8018513,-2.930426,70.0,25.0,90.0,41.58293,-7.1443405,-2.6371536,70.96149,25.379158,89.09138,0.5057176
3.6041666666666665,41.353928,-6.8018513,-2.930426,70.0,25.0,90.0,41.58293,-7.1443405,-2.6371536,70.96149,25.379158,89.09138,0.5057176
3.6083333333333334,41.353928,-6.8018513,-2.930426,70.0,25.0,90.0,41.58293,-7.1443405,-2.6371536,70.96149,25.379158,89.09138,0.5057176
3.6125,41.353928,-6.8018513,-2.930426,70.0,25.0,90.0,41.58293,-7.1443405,-2.6371536,70.96149,25.379158,89.09138,0.5057176
3.6166666666666667,41.353928,-6.8018513,-2.930426,70.0,25.0,90.0,41.58293,-7.1443405,-2.6371536,70.96149,25.379158,89.09138,0.5057176
3.620833333333333,41.353928,-6.8018513,-2.930426,70.0,25.0,90.0,41.58293,-7.1443405,-2.6371536,70.96149,25.379158,89.09138,0.5057176
3.625,41.353928,-6.8018513,-2.930426,70.0,25.0,90.0,41.58293,-7.1443405,-2.6371536,70.96149,25.379158,89.09138,0.5057176
3.629166666666667,41.353928,-6.8018513,-2.930426,70.0,25.0,90.0,41.58293,-7.1443405,-2.6371536,70.96149,25.379158,89.09138,0.5057176
3.6333333333333333,41.353928,-6.8018513,-2.930426,70.0,25.0,90.0,41.58293,-7.1443405,-2.6371536,70.96149,25.379158,89.09138,0.5057176
3.6375,41.353928,-6.8018513,-2.930426,70.0,25.0,90.0,41.58293,-7.1443405,-2.6371536,70.96149,25.379158,89.09138,0.5057176
3.6416666666666666,41.353928,-6.8018513,-2.930426,70.0,25.0,90.0,41.58293,-7.1443405,-2.6371536,70.96149,25.379158,89.09138,0.5057176
3.6458333333333335,41.353928,-6.8018513,-2.930426,70.0,25.0,90.0,41.58293,-7.1443405,-2.6371536,70.96149,25.379158,89.09138,0.5057176
3.65,41.353928,-6.8018513,-2.930426,70.0,25.0,90.0,41.58293,-7.1443405,-2.6371536,70.96149,25.379158,89.09138,0.5057176
3.654166666666667,41.353928,-6.8018513,-2.930426,70.0,25.0,90.0,41.58293,-7.1443405,-2.6371536,70.96149,25.379158,89.09138,0.5057176
3.658333333333333,41.353928,-6.8018513,-2.930426,70.0,25.0,90.0,41.58293,-7.1443405,-2.6371536,70.96149,25.379158,89.09138,0.5057176
3.6625,41.353928,-6.8018513,-2.930426,70.0,25.0,90.0,41.58293,-7.1443405,-2.6371536,70.96149,25.379158,89.09138,0.5057176
3.6666666666666665,41.353928,-6.8018513,-2.930426,70.0,25.0,90.0,41.58293,-7.1443405,-2.6371536,70.96149,25.379158,89.09138,0.5057176
3.6708333333333334,41.353928,-6.8018513,-2.930426,70.0,25.0,90.0,41.58293,-7.1443405,-2.6371536,70.96149,25.379158,89.09138,0.5057176
3.675,41.353928,-6.8018513,-2.930426,70.0,25.0,90.0,41.58293,-7.1443405,-2.6371536,70.96149,25.379158,89.09138,0.5057176
3.6791666666666667,41.353928,-6.8018513,-2.930426,70.0,25.0,90.0,41.58293,-7.1443405,-2.6371536,70.96149,25.379158,89.09138,0.5057176
3.683333333333333,41.353928,-6.8018513,-2.930426,70.0,25.0,90.0,41.58293,-7.1443405,-2.6371536,70.96149,25.379158,89.09138,0.5057176
3.6875,41.353928,-6.8018513,-2.930426,70.0,25.0,90.0,41.58293,-7.1443405,-2.6371536,70.96149,25.379158,89.09138,0.5057176
3.691666666666667,41.353928,-6.8018513,-2.930426,70.0,25.0,90.0,41.58293,-7.1443405,-2.6371536,70.96149,25.379158,89.09138,0.5057176
3.6958333333333333,41.353928,-6.8018513,-2.930426,70.0,25.0,90.0,41.58293,-7.1443405,-2.6371536,70.96149,25.379158,89.09138,0.5057176
3.7,41.353928,-6.8018513,-2.930426,70.0,25.0,90.0,41.58293,-7.1443405,-2.6371536,70.96149,25.379158,89.09138,0.5057176
3.7041666666666666,41.353928,-6.8018513,-2.930426,70.0,25.0,90.0,41.58293,-7.1443405,-2.6371536,70.96149,25.379158,89.09138,0.5057176
3.7083333333333335,41.353928,-6.8018513,-2.930426,70.0,25.0,90.0,41.58293,-7.1443405,-2.6371536,70.96149,25.379158,89.09138,0.5057176
3.7125,41.353928,-6.8018513,-2.930426,70.0,25.0,90.0,41.58293,-7.1443405,-2.6371536,70.96149,25.379158,89.09138,0.5057176
3.716666666666667,41.353928,-6.8018513,-2.930426,70.0,25.0,90.0,41.58293,-7.1443405,-2.6371536,70.96149,25.379158,89.09138,0.5057176
3.720833333333333,41.353928,-6.8018513,-2.930426,70.0,25.0,90.0,41.58293,-7.1443405,-2.6371536,70.96149,25.379158,89.09138,0.5057176
3.725,41.353928,-6.8018513,-2.930426,70.0,25.0,90.0,41.58293,-7.1443405,-2.6371536,70.96149,25.379158,89.09138,0.5057176
3.7291666666666665,41.353928,-6.8018513,-2.930426,70.0,25.0,90.0,41.58293,-7.1443405,-2.6371536,70.96149,25.379158,89.09138,0.5057176
3.7333333333333334,41.353928,-6.8018513,-2.930426,70.0,25.0,90.0,41.58293,-7.1443405,-2.6371536,70.96149,25.379158,89.09138,0.5057176
3.7375,41.353928,-6.8018513,-2.930426,70.0,25.0,90.0,41.58293,-7.1443405,-2.6371536,70.96149,25.379158,89.09138,0.5057176
3.7416666666666667,41.353928,-6.8018513,-2.930426,70.0,25.0,90.0,41.58293,-7.1443405,-2.6371536,70.96149,25.379158,89.09138,0.5057176
3.745833333333333,41.353928,-6.8018513,-2.930426,70.0,25.0,90.0,41.58293,-7.1443405,-2.6371536,70.96149,25.379158,89.09138,0.5057176
3.75,41.353928,-6.8018513,-2.930426,70.0,25.0,90.0,41.58293,-7.1443405,-2.6371536,70.96149,25.379158,89.09138,0.5057176
3.754166666666667,41.353928,-6.8018513,-2.930426,70.0,25.0,90.0,41.58293,-7.1443415,-2.6371546,70.96149,25.379158,89.09138,0.5057177
3.7583333333333333,41.353928,-6.8018513,-2.930426,70.0,25.0,90.0,41.58293,-7.1443405,-2.6371536,70.96149,25.379158,89.09138,0.5057176
3.7625,41.353928,-6.8018513,-2.930426,70.0,25.0,90.0,41.58293,-7.1443415,-2.6371546,70.96149,25.379158,89.09138,0.5057177
3.7666666666666666,41.353928,-6.8018513,-2.930426,70.0,25.0,90.0,41.58293,-7.1443434,-2.6371536,70.96149,25.379162,89.09138,0.50571954
3.7708333333333335,41.353928,-6.8018513,-2.930426,70.0,25.0,90.0,41.58293,-7.1443405,-2.6371546,70.96149,25.379158,89.09138,0.50571704
3.775,41.353928,-6.8018513,-2.930426,70.0,25.0,90.0,41.58293,-7.1443377,-2.6371555,70.96149,25.379158,89.091385,0.50571454
3.779166666666667,41.353928,-6.8018513,-2.930426,70.0,25.0,90.0,41.58293,-7.1443415,-2.6371565,70.96149,25.379162,89.091385,0.50571656
3.783333333333333,41.353928,-6.8018513,-2.930426,70.0,25.0,90.0,41.582928,-7.1443405,-2.6371527,70.96149,25.379166,89.091385,0.50571644
3.7875,41.353928,-6.8018513,-2.930426,70.0,25.0,90.0,41.582928,-7.1443405,-2.6371574,70.96149,25.379162,89.091385,0.50571364
3.7916666666666665,41.353928,-6.8018513,-2.930426,70.0,25.0,90.0,41.58293,-7.1443386,-2.6371536,70.96149,25.379158,89.091385,0.5057163
3.7958333333333334,41.353928,-6.8018513,-2.930426,70.0,25.0,90.0,41.58293,-7.1443377,-2.6371546,70.96149,25.379154,89.091385,0.50571513
3.8,41.353928,-6.8018513,-2.930426,70.0,25.0,90.0,41.582928,-7.1443405,-2.6371565,70.96149,25.379158,89.09139,0.5057142
3.8041666666666667,41.353928,-6.8018513,-2.930426,70.0,25.0,90.0,41.582928,-7.1443386,-2.6371555,70.96149,25.379158,89.09139,0.50571346
3.808333333333333,41.353928,-6.8018513,-2.930426,70.0,25.0,90.0,41.582928,-7.1443415,-2.6371546,70.96149,25.379158,89.09139,0.50571597
3.8125,41.353928,-6.8018513,-2.930426,70.0,25.0,90.0,41.58293,-7.1443386,-2.6371536,70.96148,25.379158,89.09139,0.5057163
3.816666666666667,41.353928,-6.8018513,-2.930426,70.0,25.0,90.0,41.58293,-7.1443377,-2.6371574,70.96149,25.379162,89.09139,0.50571346
3.8208333333333333,41.353928,-6.8018513,-2.930426,70.0,25.0,90.0,41.582928,-7.1443386,-2.6371565,70.96149,25.379158,89.09139,0.5057129
3.825,41.353928,-6.8018513,-2.930426,70.0,25.0,90.0,41.582928,-7.1443405,-2.6371565,70.96149,25.379162,89.09139,0.5057142
3.8291666666666666,41.353928,-6.8018513,-2.930426,70.0,25.0,90.0,41.58293,-7.1443386,-2.6371546,70.96149,25.379158,89.09139,0.5057157
3.8333333333333335,41.353928,-6.8018513,-2.930426,70.0,25.0,90.0,41.58293,-7.1443405,-2.6371565,70.96149,25.379166,89.09139,0.5057159
3.8375,41.353928,-6.8018513,-2.930426,70.0,25.0,90.0,41.582924,-7.1443386,-2.6371555,70.96149,25.379166,89.09139,0.50571173
3.841666666666667,41.353928,-6.8018513,-2.930426,70.0,25.0,90.0,41.582928,-7.1443405,-2.6371546,70.96149,25.379166,89.09139,0.5057153
3.845833333333333,41.353928,-6.8018513,-2.930426,70.0,25.0,90.0,41.582928,-7.1443415,-2.6371546,70.96149,25.379166,89.09139,0.50571597
3.85,41.353928,-6.8018513,-2.930426,70.0,25.0,90.0,41.582924,-7.1443415,-2.6371565,70.96149,25.379166,89.09139,0.5057131
3.8541666666666665,41.353928,-6.8018513,-2.930426,70.0,25.0,90.0,41.582928,-7.1443405,-2.6371546,70.96149,25.379166,89.09139,0.5057153
3.8583333333333334,41.353928,-6.8018513,-2.930426,70.0,25.0,90.0,41.582928,-7.1443405,-2.6371565,70.96149,25.37917,89.09139,0.5057142
3.8625,41.353928,-6.8018513,-2.930426,70.0,25.0,90.0,41.582928,-7.1443405,-2.6371555,70.96149,25.37917,89.09139,0.5057148
3.8666666666666667,41.353928,-6.8018513,-2.930426,70.0,25.0,90.0,41.582928,-7.1443405,-2.6371536,70.96149,25.379166,89.09139,0.50571585
3.870833333333333,41.353928,-6.8018513,-2.930426,70.0,25.0,90.0,41.582924,-7.1443405,-2.6371527,70.96149,25.379162,89.09139,0.5057147
3.875,41.353928,-6.8018513,-2.930426,70.0,25.0,90.0,41.582924,-7.1443405,-2.6371574,70.96149,25.37917,89.09139,0.5057119
3.879166666666667,41.353928,-6.8018513,-2.930426,70.0,25.0,90.0,41.582928,-7.1443405,-2.6371555,70.96149,25.379162,89.09139,0.5057148
3.8833333333333333,41.353928,-6.8018513,-2.930426,70.0,25.0,90.0,41.582928,-7.1443405,-2.6371536,70.96149,25.37917,89.09139,0.50571585
3.8875,41.353928,-6.8018513,-2.930426,70.0,25.0,90.0,41.582928,-7.1443415,-2.6371546,70.96149,25.379166,89.09139,0.50571597
3.8916666666666666,41.353928,-6.8018513,-2.930426,70.0,25.0,90.0,41.582924,-7.1443405,-2.6371555,70.96149,25.379162,89.09139,0.50571305
3.8958333333333335,41.353928,-6.8018513,-2.930426,70.0,25.0,90.0,41.58293,-7.1443405,-2.6371536,70.96149,25.379166,89.09139,0.5057176
3.9,41.353928,-6.8018513,-2.930426,70.0,25.0,90.0,41.58293,-7.1443405,-2.6371555,70.96149,25.379162,89.09139,0.5057165
3.904166666666667,41.353928,-6.8018513,-2.930426,70.0,25.0,90.0,41.58293,-7.1443405,-2.6371536,70.96149,25.379162,89.09139,0.5057176
3.908333333333333,41.353928,-6.8018513,-2.930426,70.0,25.0,90.0,41.58293,-7.1443405,-2.6371527,70.961494,25.379162,89.09139,0.5057181
3.9125,41.353928,-6.8018513,-2.930426,70.0,25.0,90.0,41.58293,-7.1443405,-2.6371555,70.96149,25.379162,89.09139,0.5057165
3.9166666666666665,41.353928,-6.8018513,-2.930426,70.0,25.0,90.0,41.58293,-7.1443386,-2.6371536,70.96149,25.379162,89.091385,0.5057163
3.9208333333333334,41.353928,-6.8018513,-2.930426,70.0,25.0,90.0,41.58293,-7.1443386,-2.6371555,70.961494,25.379162,89.091385,0.5057152
3.925,41.353928,-6.8018513,-2.930426,70.0,25.0,90.0,41.58293,-7.1443377,-2.6371574,70.961494,25.379162,89.091385,0.50571346
3.9291666666666667,41.353928,-6.8018513,-2.930426,70.0,25.0,90.0,41.58293,-7.1443386,-2.6371536,70.961494,25.379166,89.091385,0.5057163
3.933333333333333,41.353928,-6.8018513,-2.930426,70.0,25.0,90.0,41.58293,-7.1443415,-2.6371565,70.961494,25.379166,89.091385,0.50571656
3.9375,41.353928,-6.8018513,-2.930426,70.0,25.0,90.0,41.58293,-7.1443434,-2.6371555,70.96149,25.379162,89.091385,0.5057184
3.941666666666667,41.353928,-6.8018513,-2.930426,70.0,25.0,90.0,41.58293,-7.1443386,-2.6371489,70.961494,25.379166,89.09138,0.50571907
3.9458333333333333,41.353928,-6.8018513,-2.930426,70.0,25.0,90.0,41.58293,-7.1443405,-2.6371555,70.96149,25.379162,89.091385,0.5057165
3.95,41.353928,-6.8018513,-2.930426,70.0,25.0,90.0,41.58293,-7.1443405,-2.6371546,70.961494,25.379162,89.09138,0.50571704
3.9541666666666666,41.353928,-6.8018513,-2.930426,70.0,25.0,90.0,41.58293,-7.1443386,-2.6371536,70.96149,25.379162,89.09138,0.5057163
3.9583333333333335,41.353928,-6.8018513,-2.930426,70.0,25.0,90.0,41.58293,-7.1443415,-2.6371536,70.961494,25.379162,89.09138,0.50571823
3.9625,41.353928,-6.8018513,-2.930426,70.0,25.0,90.0,41.58293,-7.1443405,-2.6371555,70.961494,25.379162,89.09138,0.5057165
3.966666666666667,41.353928,-6.8018513,-2.930426,70.0,25.0,90.0,41.58293,-7.1443405,-2.6371555,70.96149,25.379162,89.09138,0.5057165
3.970833333333333,41.353928,-6.8018513,-2.930426,70.0,25.0,90.0,41.58293,-7.1443405,-2.6371565,70.96149,25.379166,89.09138,0.5057159
3.975,41.353928,-6.8018513,-2.930426,70.0,25.0,90.0,41.58293,-7.1443415,-2.6371536,70.96149,25.379166,89.09138,0.50571823
3.9791666666666665,41.353928,-6.8018513,-2.930426,70.0,25.0,90.0,41.58293,-7.1443415,-2.6371555,70.96149,25.379162,89.09138,0.50571716
3.9833333333333334,41.353928,-6.8018513,-2.930426,70.0,25.0,90.0,41.58293,-7.1443386,-2.6371546,70.96149,25.379162,89.09138,0.5057157
3.9875,41.353928,-6.8018513,-2.930426,70.0,25.0,90.0,41.58293,-7.1443415,-2.6371555,70.96149,25.379162,89.091385,0.50571716
3.9916666666666667,41.353928,-6.8018513,-2.930426,70.0,25.0,90.0,41.58293,-7.1443415,-2.6371546,70.96149,25.379162,89.09138,0.5057177
3.995833333333333,41.353928,-6.8018513,-2.930426,70.0,25.0,90.0,41.58293,-7.1443405,-2.6371574,70.96149,25.379158,89.09138,0.50571537
4.0,41.353928,-6.8018513,-2.930426,70.0,25.0,90.0,41.58293,-7.1443405,-2.6371574,70.96149,25.379158,89.09138,0.50571537
4.004166666666666,41.353928,-6.8018513,-2.930426,70.0,25.0,90.0,41.58293,-7.1443405,-2.6371574,70.96149,25.379158,89.09138,0.50571537
4.008333333333334,41.353928,-6.8018513,-2.930426,70.0,25.0,90.0,41.58293,-7.1443405,-2.6371574,70.96149,25.379158,89.09138,0.50571537
4.0125,41.353928,-6.8018513,-2.930426,70.0,25.0,90.0,41.58293,-7.1443405,-2.6371574,70.96149,25.379158,89.09138,0.50571537
4.016666666666667,41.353928,-6.8018513,-2.930426,70.0,25.0,90.0,41.58293,-7.1443405,-2.6371574,70.96149,25.379158,89.09138,0.50571537
4.020833333333333,41.353928,-6.8018513,-2.930426,70.0,25.0,90.0,41.58293,-7.1443405,-2.6371574,70.96149,25.379158,89.09138,0.50571537
4.025,41.353928,-6.8018513,-2.930426,70.0,25.0,90.0,41.58293,-7.1443405,-2.6371574,70.96149,25.379158,89.09138,0.50571537
4.029166666666667,41.353928,-6.8018513,-2.930426,70.0,25.0,90.0,41.58293,-7.1443405,-2.6371574,70.96149,25.379158,89.09138,0.50571537
4.033333333333333,41.353928,-6.8018513,-2.930426,70.0,25.0,90.0,41.58293,-7.1443405,-2.6371574,70.96149,25.379158,89.09138,0.50571537
4.0375,41.353928,-6.8018513,-2.930426,70.0,25.0,90.0,41.58293,-7.1443405,-2.6371574,70.96149,25.379158,89.09138,0.50571537
4.041666666666667,41.353928,-6.8018513,-2.930426,70.0,25.0,90.0,41.58293,-7.1443405,-2.6371574,70.96149,25.379158,89.09138,0.50571537
4.045833333333333,41.353928,-6.8018513,-2.930426,70.0,25.0,90.0,41.58293,-7.1443405,-2.6371574,70.96149,25.379158,89.09138,0.50571537
4.05,41.353928,-6.8018513,-2.930426,70.0,25.0,90.0,41.58293,-7.1443405,-2.6371574,70.96149,25.379158,89.09138,0.50571537
4.054166666666666,41.353928,-6.8018513,-2.930426,70.0,25.0,90.0,41.58293,-7.1443405,-2.6371574,70.96149,25.379158,89.09138,0.50571537
4.058333333333334,41.353928,-6.8018513,-2.930426,70.0,25.0,90.0,41.58293,-7.1443405,-2.6371574,70.96149,25.379158,89.09138,0.50571537
4.0625,41.353928,-6.8018513,-2.930426,70.0,25.0,90.0,41.58293,-7.1443405,-2.6371574,70.96149,25.379158,89.09138,0.50571537
4.066666666666666,41.353928,-6.8018513,-2.930426,70.0,25.0,90.0,41.58293,-7.1443405,-2.6371574,70.96149,25.379158,89.09138,0.50571537
4.070833333333334,41.353928,-6.8018513,-2.930426,70.0,25.0,90.0,41.58293,-7.1443405,-2.6371574,70.96149,25.379158,89.09138,0.50571537
4.075,41.353928,-6.8018513,-2.930426,70.0,25.0,90.0,41.58293,-7.1443405,-2.6371574,70.96149,25.379158,89.09138,0.50571537
4.079166666666667,41.353928,-6.8018513,-2.930426,70.0,25.0,90.0,41.58293,-7.1443405,-2.6371574,70.96149,25.379158,89.09138,0.50571537
4.083333333333333,41.353928,-6.8018513,-2.930426,70.0,25.0,90.0,41.58293,-7.1443405,-2.6371574,70.96149,25.379158,89.09138,0.50571537
4.0875,41.353928,-6.8018513,-2.930426,70.0,25.0,90.0,41.58293,-7.1443405,-2.6371574,70.96149,25.379158,89.09138,0.50571537
4.091666666666667,41.353928,-6.8018513,-2.930426,70.0,25.0,90.0,41.58293,-7.1443405,-2.6371574,70.96149,25.379158,89.09138,0.50571537
4.095833333333333,41.353928,-6.8018513,-2.930426,70.0,25.0,90.0,41.58293,-7.1443405,-2.6371574,70.96149,25.379158,89.09138,0.50571537
4.1,41.353928,-6.8018513,-2.930426,70.0,25.0,90.0,41.58293,-7.1443405,-2.6371574,70.96149,25.379158,89.09138,0.50571537
4.104166666666667,41.353928,-6.8018513,-2.930426,70.0,25.0,90.0,41.58293,-7.1443405,-2.6371574,70.96149,25.379158,89.09138,0.50571537
4.108333333333333,41.353928,-6.8018513,-2.930426,70.0,25.0,90.0,41.58293,-7.1443405,-2.6371574,70.96149,25.379158,89.09138,0.50571537
4.1125,41.353928,-6.8018513,-2.930426,70.0,25.0,90.0,41.58293,-7.1443405,-2.6371574,70.96149,25.379158,89.09138,0.50571537
4.116666666666666,41.353928,-6.8018513,-2.930426,70.0,25.0,90.0,41.58293,-7.1443405,-2.6371574,70.96149,25.379158,89.09138,0.50571537
4.120833333333334,41.353928,-6.8018513,-2.930426,70.0,25.0,90.0,41.58293,-7.1443405,-2.6371574,70.96149,25.379158,89.09138,0.50571537
4.125,41.353928,-6.8018513,-2.930426,70.0,25.0,90.0,41.58293,-7.1443405,-2.6371574,70.96149,25.379158,89.09138,0.50571537
4.129166666666666,41.353928,-6.8018513,-2.930426,70.0,25.0,90.0,41.58293,-7.1443405,-2.6371574,70.96149,25.379158,89.09138,0.50571537
4.133333333333334,41.353928,-6.8018513,-2.930426,70.0,25.0,90.0,41.58293,-7.1443405,-2.6371574,70.96149,25.379158,89.09138,0.50571537
4.1375,41.353928,-6.8018513,-2.930426,70.0,25.0,90.0,41.58293,-7.1443405,-2.6371574,70.96149,25.379158,89.09138,0.50571537
4.141666666666667,41.353928,-6.8018513,-2.930426,70.0,25.0,90.0,41.58293,-7.1443405,-2.6371574,70.96149,25.379158,89.09138,0.50571537
4.145833333333333,41.353928,-6.8018513,-2.930426,70.0,25.0,90.0,41.58293,-7.1443405,-2.6371574,70.96149,25.379158,89.09138,0.50571537
4.15,41.353928,-6.8018513,-2.930426,70.0,25.0,90.0,41.58293,-7.1443405,-2.6371546,70.96149,25.379158,89.09138,0.50571704
4.154166666666667,41.353928,-6.8018513,-2.930426,70.0,25.0,90.0,41.58293,-7.1443405,-2.6371565,70.96149,25.379158,89.09138,0.5057159
4.158333333333333,41.353928,-6.8018513,-2.930426,70.0,25.0,90.0,41.58293,-7.1443405,-2.6371546,70.96149,25.379158,89.091385,0.50571704
4.1625,41.353928,-6.8018513,-2.930426,70.0,25.0,90.0,41.58293,-7.1443386,-2.6371536,70.96149,25.379162,89.091385,0.5057163
4.166666666666667,41.353928,-6.8018513,-2.930426,70.0,25.0,90.0,41.58293,-7.1443405,-2.6371536,70.96149,25.379162,89.091385,0.5057176
4.170833333333333,41.353928,-6.8018513,-2.930426,70.0,25.0,90.0,41.58293,-7.1443405,-2.6371546,70.96149,25.379162,89.091385,0.50571704
4.175,41.353928,-6.8018513,-2.930426,70.0,25.0,90.0,41.58293,-7.1443405,-2.6371574,70.96149,25.379166,89.091385,0.50571537
4.179166666666666,41.353928,-6.8018513,-2.930426,70.0,25.0,90.0,41.58293,-7.1443405,-2.6371546,70.96149,25.379166,89.091385,0.50571704
4.183333333333334,41.353928,-6.8018513,-2.930426,70.0,25.0,90.0,41.58293,-7.1443405,-2.6371536,70.96149,25.379166,89.091385,0.5057176
4.1875,41.353928,-6.8018513,-2.930426,70.0,25.0,90.0,41.58293,-7.1443386,-2.6371536,70.96149,25.379162,89.091385,0.5057163
4.191666666666666,41.353928,-6.8018513,-2.930426,70.0,25.0,90.0,41.582928,-7.1443386,-2.6371555,70.96149,25.379154,89.09139,0.50571346
4.195833333333334,41.353928,-6.8018513,-2.930426,70.0,25.0,90.0,41.58293,-7.1443415,-2.6371565,70.96149,25.379162,89.09139,0.50571656
4.2,41.353928,-6.8018513,-2.930426,70.0,25.0,90.0,41.582928,-7.1443386,-2.6371555,70.96149,25.379158,89.09139,0.50571346
4.204166666666667,41.353928,-6.8018513,-2.930426,70.0,25.0,90.0,41.582928,-7.1443377,-2.6371536,70.96149,25.379162,89.09139,0.50571394
4.208333333333333,41.353928,-6.8018513,-2.930426,70.0,25.0,90.0,41.58293,-7.1443357,-2.6371536,70.96149,25.379162,89.09139,0.50571436
4.2125,41.353928,-6.8018513,-2.930426,70.0,25.0,90.0,41.58293,-7.1443377,-2.6371555,70.96149,25.379166,89.09139,0.50571454
4.216666666666667,41.353928,-6.8018513,-2.930426,70.0,25.0,90.0,41.58293,-7.1443405,-2.6371527,70.96149,25.379166,89.09139,0.5057181
4.220833333333333,41.353928,-6.8018513,-2.930426,70.0,25.0,90.0,41.58293,-7.1443386,-2.6371565,70.96149,25.379158,89.09139,0.50571465
4.225,41.353928,-6.8018513,-2.930426,70.0,25.0,90.0,41.582928,-7.1443415,-2.6371546,70.96149,25.379166,89.09139,0.50571597
4.229166666666667,41.353928,-6.8018513,-2.930426,70.0,25.0,90.0,41.582924,-7.1443405,-2.6371555,70.96149,25.379166,89.09139,0.50571305
4.233333333333333,41.353928,-6.8018513,-2.930426,70.0,25.0,90.0,41.58293,-7.1443405,-2.6371546,70.96149,25.379162,89.09139,0.50571704
4.2375,41.353928,-6.8018513,-2.930426,70.0,25.0,90.0,41.582928,-7.1443434,-2.6371536,70.96149,25.37917,89.09139,0.5057178
4.241666666666666,41.353928,-6.8018513,-2.930426,70.0,25.0,90.0,41.58293,-7.1443405,-2.6371517,70.96149,25.379166,89.09139,0.5057187
4.245833333333334,41.353928,-6.8018513,-2.930426,70.0,25.0,90.0,41.58293,-7.1443415,-2.6371555,70.96149,25.379166,89.09139,0.50571716
4.25,41.353928,-6.8018513,-2.930426,70.0,25.0,90.0,41.58293,-7.1443415,-2.6371527,70.96149,25.379162,89.09139,0.50571877
4.254166666666666,41.353928,-6.8018513,-2.930426,70.0,25.0,90.0,41.58293,-7.1443405,-2.6371527,70.96149,25.379166,89.09139,0.5057181
4.258333333333334,41.353928,-6.8018513,-2.930426,70.0,25.0,90.0,41.58293,-7.1443377,-2.6371546,70.96149,25.379166,89.09139,0.50571513
4.2625,41.353928,-6.8018513,-2.930426,70.0,25.0,90.0,41.582928,-7.1443386,-2.6371527,70.96149,25.379166,89.09139,0.50571513
4.266666666666667,41.353928,-6.8018513,-2.930426,70.0,25.0,90.0,41.582928,-7.1443386,-2.6371527,70.96149,25.379166,89.09139,0.50571513
4.270833333333333,41.353928,-6.8018513,-2.930426,70.0,25.0,90.0,41.582928,-7.1443415,-2.6371527,70.96149,25.37917,89.09139,0.5057171
4.275,41.353928,-6.8018513,-2.930426,70.0,25.0,90.0,41.582928,-7.1443405,-2.6371536,70.96149,25.37917,89.09139,0.50571585
4.279166666666667,41.353928,-6.8018513,-2.930426,70.0,25.0,90.0,41.582928,-7.1443405,-2.6371536,70.96149,25.37917,89.09139,0.50571585
4.283333333333333,41.353928,-6.8018513,-2.930426,70.0,25.0,90.0,41.582924,-7.1443415,-2.6371555,70.96149,25.379166,89.09139,0.5057137
4.2875,41.353928,-6.8018513,-2.930426,70.0,25.0,90.0,41.582928,-7.1443386,-2.6371555,70.96149,25.379166,89.09139,0.50571346
4.291666666666667,41.353928,-6.8018513,-2.930426,70.0,25.0,90.0,41.58293,-7.1443415,-2.6371546,70.96149,25.379166,89.091385,0.5057177
4.295833333333333,41.353928,-6.8018513,-2.930426,70.0,25.0,90.0,41.582928,-7.1443405,-2.6371527,70.96149,25.379166,89.09139,0.50571644
4.3,41.353928,-6.8018513,-2.930426,70.0,25.0,90.0,41.582928,-7.1443386,-2.6371527,70.96149,25.37917,89.09139,0.50571513
4.304166666666666,41.353928,-6.8018513,-2.930426,70.0,25.0,90.0,41.582928,-7.1443377,-2.6371527,70.96149,25.379166,89.09139,0.5057145
4.308333333333334,41.353928,-6.8018513,-2.930426,70.0,25.0,90.0,41.58293,-7.1443377,-2.6371555,70.961494,25.379166,89.091385,0.50571454
4.3125,41.353928,-6.8018513,-2.930426,70.0,25.0,90.0,41.58293,-7.1443405,-2.6371565,70.96149,25.379162,89.091385,0.5057159
4.316666666666666,41.353928,-6.8018513,-2.930426,70.0,25.0,90.0,41.58293,-7.1443405,-2.6371546,70.961494,25.379162,89.091385,0.50571704
4.320833333333334,41.353928,-6.8018513,-2.930426,70.0,25.0,90.0,41.58293,-7.1443386,-2.6371536,70.961494,25.379158,89.091385,0.5057163
4.325,41.353928,-6.8018513,-2.930426,70.0,25.0,90.0,41.58293,-7.1443386,-2.6371527,70.961494,25.379162,89.091385,0.50571686
4.329166666666667,41.353928,-6.8018513,-2.930426,70.0,25.0,90.0,41.58293,-7.1443405,-2.6371536,70.96149,25.37917,89.091385,0.5057176
4.333333333333333,41.353928,-6.8018513,-2.930426,70.0,25.0,90.0,41.58293,-7.1443405,-2.6371536,70.96149,25.379162,89.091385,0.5057176
4.3375,41.353928,-6.8018513,-2.930426,70.0,25.0,90.0,41.58293,-7.1443405,-2.6371517,70.961494,25.379166,89.09138,0.5057187
4.341666666666667,41.353928,-6.8018513,-2.930426,70.0,25.0,90.0,41.582928,-7.1443377,-2.6371555,70.96149,25.379162,89.091385,0.5057128
4.345833333333333,41.353928,-6.8018513,-2.930426,70.0,25.0,90.0,41.582928,-7.1443415,-2.6371555,70.96149,25.379162,89.09138,0.50571537
4.35,41.353928,-6.8018513,-2.930426,70.0,25.0,90.0,41.58293,-7.1443405,-2.6371527,70.961494,25.379158,89.09138,0.5057181
4.354166666666667,41.353928,-6.8018513,-2.930426,70.0,25.0,90.0,41.58293,-7.1443415,-2.6371527,70.961494,25.379166,89.09138,0.50571877
4.358333333333333,41.353928,-6.8018513,-2.930426,70.0,25.0,90.0,41.58293,-7.1443434,-2.6371546,70.96149,25.379158,89.09138,0.50571895
4.3625,41.353928,-6.8018513,-2.930426,70.0,25.0,90.0,41.58293,-7.1443405,-2.6371555,70.96149,25.379158,89.09138,0.5057165
4.366666666666666,41.353928,-6.8018513,-2.930426,70.0,25.0,90.0,41.58293,-7.1443405,-2.6371565,70.96149,25.379166,89.09138,0.5057159
4.370833333333334,41.353928,-6.8018513,-2.930426,70.0,25.0,90.0,41.58293,-7.1443434,-2.6371536,70.96149,25.379166,89.09138,0.50571954
4.375,41.353928,-6.8018513,-2.930426,70.0,25.0,90.0,41.58293,-7.1443405,-2.6371536,70.96149,25.379166,89.09138,0.5057176
4.379166666666666,41.353928,-6.8018513,-2.930426,70.0,25.0,90.0,41.58293,-7.1443405,-2.6371546,70.96149,25.379166,89.09138,0.50571704
4.383333333333334,41.353928,-6.8018513,-2.930426,70.0,25.0,90.0,41.58293,-7.1443405,-2.6371508,70.96149,25.379162,89.09138,0.50571924
4.3875,41.353928,-6.8018513,-2.930426,70.0,25.0,90.0,41.58293,-7.1443434,-2.6371517,70.96149,25.379166,89.09138,0.5057206
4.391666666666667,41.353928,-6.8018513,-2.930426,70.0,25.0,90.0,41.58293,-7.1443415,-2.6371517,70.96149,25.379162,89.09138,0.50571936
4.395833333333333,41.353928,-6.8018513,-2.930426,70.0,25.0,90.0,41.58293,-7.1443415,-2.6371517,70.96149,25.379162,89.09138,0.50571936
4.4,41.353928,-6.8018513,-2.930426,70.0,25.0,90.0,41.58293,-7.1443415,-2.6371517,70.96149,25.379162,89.09138,0.50571936
4.404166666666667,41.353928,-6.8018513,-2.930426,70.0,25.0,90.0,41.58293,-7.1443415,-2.6371517,70.96149,25.379162,89.09138,0.50571936
4.408333333333333,41.353928,-6.8018513,-2.930426,70.0,25.0,90.0,41.58293,-7.1443415,-2.6371517,70.96149,25.379162,89.09138,0.50571936
4.4125,41.353928,-6.8018513,-2.930426,70.0,25.0,90.0,41.58293,-7.1443415,-2.6371517,70.96149,25.379162,89.09138,0.50571936
4.416666666666667,41.353928,-6.8018513,-2.930426,70.0,25.0,90.0,41.58293,-7.1443415,-2.6371517,70.96149,25.379162,89.09138,0.50571936
4.420833333333333,41.353928,-6.8018513,-2.930426,70.0,25.0,90.0,41.58293,-7.1443415,-2.6371517,70.96149,25.379162,89.09138,0.50571936
4.425,41.353928,-6.8018513,-2.930426,70.0,25.0,90.0,41.58293,-7.1443415,-2.6371517,70.96149,25.379162,89.09138,0.50571936
4.429166666666666,41.353928,-6.8018513,-2.930426,70.0,25.0,90.0,41.58293,-7.1443415,-2.6371517,70.96149,25.379162,89.09138,0.50571936
4.433333333333334,41.353928,-6.8018513,-2.930426,70.0,25.0,90.0,41.58293,-7.1443415,-2.6371517,70.96149,25.379162,89.09138,0.50571936
4.4375,41.353928,-6.8018513,-2.930426,70.0,25.0,90.0,41.58293,-7.1443415,-2.6371517,70.96149,25.379162,89.09138,0.50571936
4.441666666666666,41.353928,-6.8018513,-2.930426,70.0,25.0,90.0,41.58293,-7.1443415,-2.6371517,70.96149,25.379162,89.09138,0.50571936
4.445833333333334,41.353928,-6.8018513,-2.930426,70.0,25.0,90.0,41.58293,-7.1443415,-2.6371517,70.96149,25.379162,89.09138,0.50571936
4.45,41.353928,-6.8018513,-2.930426,70.0,25.0,90.0,41.58293,-7.1443415,-2.6371517,70.96149,25.379162,89.09138,0.50571936
4.454166666666667,41.353928,-6.8018513,-2.930426,70.0,25.0,90.0,41.58293,-7.1443415,-2.6371517,70.96149,25.379162,89.09138,0.50571936
4.458333333333333,41.353928,-6.8018513,-2.930426,70.0,25.0,90.0,41.58293,-7.1443415,-2.6371517,70.96149,25.379162,89.09138,0.50571936
4.4625,41.353928,-6.8018513,-2.930426,70.0,25.0,90.0,41.58293,-7.1443415,-2.6371517,70.96149,25.379162,89.09138,0.50571936
4.466666666666667,41.353928,-6.8018513,-2.930426,70.0,25.0,90.0,41.58293,-7.1443415,-2.6371517,70.96149,25.379162,89.09138,0.50571936
4.470833333333333,41.353928,-6.8018513,-2.930426,70.0,25.0,90.0,41.58293,-7.1443415,-2.6371517,70.96149,25.379162,89.09138,0.50571936
4.475,41.353928,-6.8018513,-2.930426,70.0,25.0,90.0,41.58293,-7.1443415,-2.6371517,70.96149,25.379162,89.09138,0.50571936
4.479166666666667,41.353928,-6.8018513,-2.930426,70.0,25.0,90.0,41.58293,-7.1443415,-2.6371517,70.96149,25.379162,89.09138,0.50571936
4.483333333333333,41.353928,-6.8018513,-2.930426,70.0,25.0,90.0,41.58293,-7.1443415,-2.6371517,70.96149,25.379162,89.09138,0.50571936
4.4875,41.353928,-6.8018513,-2.930426,70.0,25.0,90.0,41.58293,-7.1443415,-2.6371517,70.96149,25.379162,89.09138,0.50571936
4.491666666666666,41.353928,-6.8018513,-2.930426,70.0,25.0,90.0,41.58293,-7.1443415,-2.6371517,70.96149,25.379162,89.09138,0.50571936
4.495833333333334,41.353928,-6.8018513,-2.930426,70.0,25.0,90.0,41.58293,-7.1443415,-2.6371517,70.96149,25.379162,89.09138,0.50571936
4.5,41.353928,-6.8018513,-2.930426,70.0,25.0,90.0,41.58293,-7.1443415,-2.6371517,70.96149,25.379162,89.09138,0.50571936
4.504166666666666,41.353928,-6.8018513,-2.930426,70.0,25.0,90.0,41.58293,-7.1443415,-2.6371517,70.96149,25.379162,89.09138,0.50571936
4.508333333333334,41.353928,-6.8018513,-2.930426,70.0,25.0,90.0,41.58293,-7.1443415,-2.6371517,70.96149,25.379162,89.09138,0.50571936
4.5125,41.353928,-6.8018513,-2.930426,70.0,25.0,90.0,41.58293,-7.1443415,-2.6371517,70.96149,25.379162,89.09138,0.50571936
4.516666666666667,41.353928,-6.8018513,-2.930426,70.0,25.0,90.0,41.58293,-7.1443415,-2.6371517,70.96149,25.379162,89.09138,0.50571936
4.520833333333333,41.353928,-6.8018513,-2.930426,70.0,25.0,90.0,41.58293,-7.1443415,-2.6371517,70.96149,25.379162,89.09138,0.50571936
4.525,41.353928,-6.8018513,-2.930426,70.0,25.0,90.0,41.58293,-7.1443415,-2.6371517,70.96149,25.379162,89.09138,0.50571936
4.529166666666667,41.353928,-6.8018513,-2.930426,70.0,25.0,90.0,41.58293,-7.1443415,-2.6371517,70.96149,25.379162,89.09138,0.50571936
4.533333333333333,41.353928,-6.8018513,-2.930426,70.0,25.0,90.0,41.58293,-7.1443415,-2.6371517,70.96149,25.379162,89.09138,0.50571936
4.5375,41.353928,-6.8018513,-2.930426,70.0,25.0,90.0,41.58293,-7.1443415,-2.6371517,70.96149,25.379162,89.09138,0.50571936
4.541666666666667,41.353928,-6.8018513,-2.930426,70.0,25.0,90.0,41.58293,-7.1443415,-2.6371517,70.96149,25.379162,89.09138,0.50571936
4.545833333333333,41.353928,-6.8018513,-2.930426,70.0,25.0,90.0,41.58293,-7.1443415,-2.6371536,70.96149,25.379162,89.09138,0.50571823
4.55,41.353928,-6.8018513,-2.930426,70.0,25.0,90.0,41.58293,-7.1443405,-2.6371527,70.96149,25.379162,89.09138,0.5057181
4.554166666666666,41.353928,-6.8018513,-2.930426,70.0,25.0,90.0,41.58293,-7.1443405,-2.6371517,70.96149,25.379162,89.091385,0.5057187
4.558333333333334,41.353928,-6.8018513,-2.930426,70.0,25.0,90.0,41.582928,-7.1443405,-2.6371527,70.96149,25.379162,89.091385,0.50571644
4.5625,41.353928,-6.8018513,-2.930426,70.0,25.0,90.0,41.582928,-7.1443386,-2.6371546,70.96149,25.379162,89.091385,0.505714
4.566666666666666,41.353928,-6.8018513,-2.930426,70.0,25.0,90.0,41.58293,-7.1443405,-2.6371555,70.96149,25.379162,89.091385,0.5057165
4.570833333333334,41.353928,-6.8018513,-2.930426,70.0,25.0,90.0,41.58293,-7.1443405,-2.6371555,70.96149,25.37917,89.091385,0.5057165
4.575,41.353928,-6.8018513,-2.930426,70.0,25.0,90.0,41.582928,-7.1443415,-2.6371546,70.96149,25.379162,89.091385,0.50571597
4.579166666666667,41.353928,-6.8018513,-2.930426,70.0,25.0,90.0,41.58293,-7.1443415,-2.6371546,70.96149,25.379166,89.091385,0.5057177
4.583333333333333,41.353928,-6.8018513,-2.930426,70.0,25.0,90.0,41.582928,-7.1443357,-2.6371546,70.96149,25.379162,89.091385,0.5057121
4.5875,41.353928,-6.8018513,-2.930426,70.0,25.0,90.0,41.58293,-7.1443405,-2.6371555,70.96149,25.379154,89.09139,0.5057165
4.591666666666667,41.353928,-6.8018513,-2.930426,70.0,25.0,90.0,41.582928,-7.1443377,-2.6371565,70.96149,25.379158,89.09139,0.5057123
4.595833333333333,41.353928,-6.8018513,-2.930426,70.0,25.0,90.0,41.58293,-7.1443405,-2.6371536,70.96149,25.379162,89.09139,0.5057176
4.6,41.353928,-6.8018513,-2.930426,70.0,25.0,90.0,41.58293,-7.1443377,-2.6371555,70.96149,25.379162,89.09139,0.50571454
4.604166666666667,41.353928,-6.8018513,-2.930426,70.0,25.0,90.0,41.58293,-7.1443386,-2.6371517,70.96149,25.379162,89.09139,0.5057174
4.608333333333333,41.353928,-6.8018513,-2.930426,70.0,25.0,90.0,41.58293,-7.1443357,-2.6371546,70.96149,25.379166,89.09139,0.5057138
4.6125,41.353928,-6.8018513,-2.930426,70.0,25.0,90.0,41.582928,-7.1443386,-2.6371546,70.96149,25.379166,89.09139,0.505714
4.616666666666666,41.353928,-6.8018513,-2.930426,70.0,25.0,90.0,41.58293,-7.1443377,-2.6371555,70.96149,25.379162,89.09139,0.50571454
4.620833333333334,41.353928,-6.8018513,-2.930426,70.0,25.0,90.0,41.582924,-7.1443405,-2.6371536,70.96149,25.379162,89.09139,0.5057141
4.625,41.353928,-6.8018513,-2.930426,70.0,25.0,90.0,41.58293,-7.1443415,-2.6371536,70.96149,25.379166,89.09139,0.50571823
4.629166666666666,41.353928,-6.8018513,-2.930426,70.0,25.0,90.0,41.582928,-7.1443386,-2.6371508,70.96149,25.37917,89.09139,0.50571626
4.633333333333334,41.353928,-6.8018513,-2.930426,70.0,25.0,90.0,41.582928,-7.1443405,-2.6371517,70.96149,25.379166,89.09139,0.505717
4.6375,41.353928,-6.8018513,-2.930426,70.0,25.0,90.0,41.582928,-7.1443415,-2.6371527,70.96149,25.379162,89.09139,0.5057171
4.641666666666667,41.353928,-6.8018513,-2.930426,70.0,25.0,90.0,41.582928,-7.1443415,-2.6371536,70.96149,25.37917,89.09139,0.5057165
4.645833333333333,41.353928,-6.8018513,-2.930426,70.0,25.0,90.0,41.582924,-7.1443405,-2.6371527,70.96149,25.37917,89.09139,0.5057147
4.65,41.353928,-6.8018513,-2.930426,70.0,25.0,90.0,41.582928,-7.1443405,-2.6371546,70.96149,25.379166,89.09139,0.5057153
4.654166666666667,41.353928,-6.8018513,-2.930426,70.0,25.0,90.0,41.582924,-7.1443415,-2.6371536,70.96149,25.379166,89.09139,0.5057148
4.658333333333333,41.353928,-6.8018513,-2.930426,70.0,25.0,90.0,41.582928,-7.1443434,-2.6371527,70.96149,25.379166,89.09139,0.50571835
4.6625,41.353928,-6.8018513,-2.930426,70.0,25.0,90.0,41.582924,-7.1443405,-2.6371508,70.96149,25.37917,89.09139,0.5057158
4.666666666666667,41.353928,-6.8018513,-2.930426,70.0,25.0,90.0,41.582928,-7.1443415,-2.6371555,70.96149,25.379166,89.09139,0.50571537
4.670833333333333,41.353928,-6.8018513,-2.930426,70.0,25.0,90.0,41.582924,-7.1443415,-2.6371536,70.96149,25.379166,89.09139,0.5057148
4.675,41.353928,-6.8018513,-2.930426,70.0,25.0,90.0,41.582928,-7.1443415,-2.6371527,70.96149,25.379166,89.09139,0.5057171
4.679166666666666,41.353928,-6.8018513,-2.930426,70.0,25.0,90.0,41.582928,-7.1443405,-2.6371536,70.96149,25.379166,89.09139,0.50571585
4.683333333333334,41.353928,-6.8018513,-2.930426,70.0,25.0,90.0,41.582924,-7.1443415,-2.6371546,70.96149,25.379162,89.09139,0.50571424
4.6875,41.353928,-6.8018513,-2.930426,70.0,25.0,90.0,41.58293,-7.1443405,-2.6371527,70.96149,25.379166,89.09139,0.5057181
4.691666666666666,41.353928,-6.8018513,-2.930426,70.0,25.0,90.0,41.582928,-7.1443415,-2.6371527,70.96149,25.379166,89.09139,0.5057171
4.695833333333334,41.353928,-6.8018513,-2.930426,70.0,25.0,90.0,41.582928,-7.1443405,-2.6371527,70.96149,25.379162,89.09139,0.50571644
4.7,41.353928,-6.8018513,-2.930426,70.0,25.0,90.0,41.582924,-7.1443415,-2.6371508,70.96149,25.379166,89.09139,0.50571644
4.704166666666667,41.353928,-6.8018513,-2.930426,70.0,25.0,90.0,41.582928,-7.1443386,-2.6371527,70.96149,25.379162,89.09139,0.50571513
4.708333333333333,41.353928,-6.8018513,-2.930426,70.0,25.0,90.0,41.58293,-7.1443405,-2.6371527,70.96149,25.37917,89.091385,0.5057181
4.7125,41.353928,-6.8018513,-2.930426,70.0,25.0,90.0,41.58293,-7.1443405,-2.6371546,70.961494,25.37917,89.091385,0.50571704
4.716666666666667,41.353928,-6.8018513,-2.930426,70.0,25.0,90.0,41.58293,-7.1443386,-2.6371536,70.9615,25.37917,89.091385,0.5057163
4.720833333333333,41.353928,-6.8018513,-2.930426,70.0,25.0,90.0,41.58293,-7.1443386,-2.6371517,70.961494,25.379162,89.091385,0.5057174
4.725,41.353928,-6.8018513,-2.930426,70.0,25.0,90.0,41.58293,-7.1443415,-2.6371527,70.961494,25.379166,89.091385,0.50571877
4.729166666666667,41.353928,-6.8018513,-2.930426,70.0,25.0,90.0,41.58293,-7.1443386,-2.6371508,70.961494,25.379162,89.091385,0.50571793
4.733333333333333,41.353928,-6.8018513,-2.930426,70.0,25.0,90.0,41.58293,-7.1443415,-2.6371527,70.961494,25.379166,89.091385,0.50571877
4.7375,41.353928,-6.8018513,-2.930426,70.0,25.0,90.0,41.582924,-7.1443405,-2.6371527,70.961494,25.37917,89.091385,0.5057147
4.741666666666666,41.353928,-6.8018513,-2.930426,70.0,25.0,90.0,41.582928,-7.1443405,-2.6371527,70.961494,25.379162,89.091385,0.50571644
4.745833333333334,41.353928,-6.8018513,-2.930426,70.0,25.0,90.0,41.582928,-7.1443415,-2.6371527,70.96149,25.379158,89.09138,0.5057171
4.75,41.353928,-6.8018513,-2.930426,70.0,25.0,90.0,41.582527,-7.1356344,-2.6442432,70.9578,25.399414,89.08937,0.49554965
4.754166666666666,41.353928,-6.8018513,-2.930426,70.0,25.0,90.0,41.569542,-7.1408463,-2.682519,70.884026,25.396286,89.1009,0.47208577
4.758333333333334,41.353928,-6.8018513,-2.930426,70.0,25.0,90.0,41.53279,-7.159975,-2.742527,70.71076,25.307667,89.16998,0.44221124
4.7625,41.353928,-6.8018513,-2.930426,70.0,25.0,90.0,41.462128,-7.302725,-2.7929087,70.42513,25.075325,89.2623,0.5305587
4.766666666666667,41.353928,-6.8018513,-2.930426,70.0,25.0,90.0,41.35066,-7.3317614,-2.6047668,70.44868,24.765358,89.4962,0.6219881
4.770833333333333,41.353928,-6.8018513,-2.930426,70.0,25.0,90.0,41.26232,-7.4250355,-2.5798998,70.41105,24.690125,89.36109,0.7208459
4.775,41.353928,-6.8018513,-2.930426,70.0,25.0,90.0,41.0333,-6.878419,-2.0866947,70.460594,25.224274,89.71028,0.905841
4.779166666666667,41.353928,-6.8018513,-2.930426,70.0,25.0,90.0,40.267376,-6.649988,-2.0251446,70.43913,24.42089,90.67959,1.4223893
4.783333333333333,41.353928,-6.8018513,-2.930426,70.0,25.0,90.0,39.881596,-6.5327187,-2.101056,70.493675,24.383583,91.28317,1.711154
4.7875,41.353928,-6.8018513,-2.930426,70.0,25.0,90.0,40.017487,-5.5000687,-0.47202587,72.44562,29.160042,91.27522,3.0861697
4.791666666666667,41.353928,-6.8018513,-2.930426,70.0,25.0,90.0,39.75215,-6.3506413,-1.2482252,72.40627,28.399921,91.024666,2.3662367
4.795833333333333,41.353928,-6.8018513,-2.930426,70.0,25.0,90.0,40.340378,-6.7743225,-2.8458319,71.45058,25.321148,91.72558,1.0174464
