time_s,true_wrist_X_cm,true_wrist_Y_cm,true_wrist_Z_cm,true_shoulder_elv_deg,true_shoulder_rot_deg,true_elbow_flexion_deg,pred_wrist_X_cm,pred_wrist_Y_cm,pred_wrist_Z_cm,pred_shoulder_elv_deg,pred_shoulder_rot_deg,pred_elbow_flexion_deg,l2_distance_cm
0.0,41.353928,-6.8018513,-2.930426,70.0,25.0,90.0,41.178883,-7.861993,-0.61143875,71.07295,24.05056,91.51752,2.5558252
0.004166666666666667,41.353928,-6.8018513,-2.930426,70.0,25.0,90.0,41.51542,-8.226487,-1.1670961,70.4871,23.888008,91.23085,2.2726634
0.008333333333333333,41.353928,-6.8018513,-2.930426,70.0,25.0,90.0,41.761345,-8.212488,-1.932683,69.63223,24.072205,91.204315,1.7752116
0.0125,41.353928,-6.8018513,-2.930426,70.0,25.0,90.0,41.333443,-7.4738054,-2.5651054,71.117134,25.549213,90.14732,0.7651151
0.016666666666666666,41.353928,-6.8018513,-2.930426,70.0,25.0,90.0,41.163467,-6.7178564,-2.1971521,72.18847,27.131481,88.943405,0.7622471
0.020833333333333332,41.353928,-6.8018513,-2.930426,70.0,25.0,90.0,40.70728,-7.22754,-3.4143925,70.200035,26.697083,88.70748,0.9130108
0.025,41.353928,-6.8018513,-2.930426,70.0,25.0,90.0,41.270485,-7.934601,-3.0465536,70.0353,24.794735,89.04835,1.1417398
0.029166666666666667,41.353928,-6.8018513,-2.930426,70.0,25.0,90.0,41.369617,-7.6138506,-2.8338614,70.49312,25.185043,89.09586,0.8178715
0.03333333333333333,41.353928,-6.8018513,-2.930426,70.0,25.0,90.0,41.477436,-7.393647,-2.721838,70.70825,25.383537,89.06043,0.6395199
0.0375,41.353928,-6.8018513,-2.930426,70.0,25.0,90.0,41.530685,-7.2970724,-2.6457033,70.88686,25.361965,89.02635,0.5979584
0.041666666666666664,41.353928,-6.8018513,-2.930426,70.0,25.0,90.0,41.573814,-7.210037,-2.632842,70.94035,25.396328,89.05307,0.5509284
0.04583333333333333,41.353928,-6.8018513,-2.930426,70.0,25.0,90.0,41.590343,-7.156705,-2.6475496,70.92266,25.377747,89.068954,0.51169574
0.05,41.353928,-6.8018513,-2.930426,70.0,25.0,90.0,41.58286,-7.144268,-2.6370935,70.961525,25.379196,89.091576,0.50567055
0.05416666666666667,41.353928,-6.8018513,-2.930426,70.0,25.0,90.0,41.582855,-7.144266,-2.6370935,70.961525,25.379196,89.091576,0.5056675
0.058333333333333334,41.353928,-6.8018513,-2.930426,70.0,25.0,90.0,41.582855,-7.144268,-2.6370945,70.961525,25.3792,89.091576,0.5056683
0.0625,41.353928,-6.8018513,-2.930426,70.0,25.0,90.0,41.582855,-7.144268,-2.6370926,70.961525,25.379204,89.091576,0.50566936
0.06666666666666667,41.353928,-6.8018513,-2.930426,70.0,25.0,90.0,41.582855,-7.144269,-2.6370935,70.961525,25.379196,89.091576,0.5056695
0.07083333333333333,41.353928,-6.8018513,-2.930426,70.0,25.0,90.0,41.582855,-7.144269,-2.6370935,70.961525,25.379196,89.091576,0.5056695
0.075,41.353928,-6.8018513,-2.930426,70.0,25.0,90.0,41.582855,-7.144269,-2.6370926,70.961525,25.379192,89.091576,0.50567
0.07916666666666666,41.353928,-6.8018513,-2.930426,70.0,25.0,90.0,41.58286,-7.144266,-2.6370935,70.961525,25.3792,89.091576,0.50566924
0.08333333333333333,41.353928,-6.8018513,-2.930426,70.0,25.0,90.0,41.582855,-7.144271,-2.6370945,70.961525,25.3792,89.091576,0.5056702
0.0875,41.353928,-6.8018513,-2.930426,70.0,25.0,90.0,41.582855,-7.144268,-2.6370916,70.96153,25.3792,89.091576,0.50566995
0.09166666666666666,41.353928,-6.8018513,-2.930426,70.0,25.0,90.0,41.58286,-7.144266,-2.6370897,70.96153,25.3792,89.091576,0.50567144
0.09583333333333334,41.353928,-6.8018513,-2.930426,70.0,25.0,90.0,41.58286,-7.144268,-2.6370916,70.961525,25.3792,89.09157,0.5056716
0.1,41.353928,-6.8018513,-2.930426,70.0,25.0,90.0,41.58286,-7.144266,-2.6370916,70.961525,25.3792,89.09157,0.50567037
0.10416666666666667,41.353928,-6.8018513,-2.930426,70.0,25.0,90.0,41.58286,-7.144266,-2.6370916,70.961525,25.3792,89.09157,0.50567037
0.10833333333333334,41.353928,-6.8018513,-2.930426,70.0,25.0,90.0,41.58286,-7.144266,-2.6370916,70.961525,25.3792,89.09157,0.50567037
0.1125,41.353928,-6.8018513,-2.930426,70.0,25.0,90.0,41.58286,-7.144269,-2.6370926,70.961525,25.3792,89.09157,0.50567174
0.11666666666666667,41.353928,-6.8018513,-2.930426,70.0,25.0,90.0,41.58286,-7.144267,-2.6370926,70.961525,25.3792,89.09157,0.5056705
0.12083333333333333,41.353928,-6.8018513,-2.930426,70.0,25.0,90.0,41.58286,-7.144268,-2.6370926,70.961525,25.3792,89.09157,0.5056711
0.125,41.353928,-6.8018513,-2.930426,70.0,25.0,90.0,41.58286,-7.144266,-2.6370916,70.961525,25.379196,89.09157,0.50567037
0.12916666666666668,41.353928,-6.8018513,-2.930426,70.0,25.0,90.0,41.582855,-7.144266,-2.6370926,70.961525,25.379196,89.09157,0.50566804
0.13333333333333333,41.353928,-6.8018513,-2.930426,70.0,25.0,90.0,41.582855,-7.144265,-2.6370916,70.961525,25.3792,89.091576,0.505668
0.1375,41.353928,-6.8018513,-2.930426,70.0,25.0,90.0,41.58286,-7.144268,-2.6370926,70.961525,25.3792,89.091576,0.5056711
0.14166666666666666,41.353928,-6.8018513,-2.930426,70.0,25.0,90.0,41.58286,-7.144268,-2.6370916,70.961525,25.379196,89.091576,0.5056716
0.14583333333333334,41.353928,-6.8018513,-2.930426,70.0,25.0,90.0,41.58286,-7.144269,-2.6370926,70.961525,25.3792,89.091576,0.50567174
0.15,41.353928,-6.8018513,-2.930426,70.0,25.0,90.0,41.58286,-7.144269,-2.6370916,70.961525,25.3792,89.091576,0.5056723
0.15416666666666667,41.353928,-6.8018513,-2.930426,70.0,25.0,90.0,41.58286,-7.144271,-2.6370935,70.961525,25.3792,89.091576,0.5056725
0.15833333333333333,41.353928,-6.8018513,-2.930426,70.0,25.0,90.0,41.58286,-7.144268,-2.6370926,70.961525,25.3792,89.091576,0.5056711
0.1625,41.353928,-6.8018513,-2.930426,70.0,25.0,90.0,41.582855,-7.144269,-2.6370945,70.961525,25.3792,89.091576,0.5056689
0.16666666666666666,41.353928,-6.8018513,-2.930426,70.0,25.0,90.0,41.582855,-7.144269,-2.6370945,70.961525,25.3792,89.091576,0.5056689
0.17083333333333334,41.353928,-6.8018513,-2.930426,70.0,25.0,90.0,41.582855,-7.144269,-2.6370945,70.961525,25.3792,89.091576,0.5056689
0.175,41.353928,-6.8018513,-2.930426,70.0,25.0,90.0,41.582855,-7.144269,-2.6370945,70.961525,25.3792,89.091576,0.5056689
0.17916666666666667,41.353928,-6.8018513,-2.930426,70.0,25.0,90.0,41.582855,-7.144269,-2.6370945,70.961525,25.3792,89.091576,0.5056689
0.18333333333333332,41.353928,-6.8018513,-2.930426,70.0,25.0,90.0,41.582855,-7.144269,-2.6370945,70.961525,25.3792,89.091576,0.5056689
0.1875,41.353928,-6.8018513,-2.930426,70.0,25.0,90.0,41.582855,-7.144269,-2.6370945,70.961525,25.3792,89.091576,0.5056689
0.19166666666666668,41.353928,-6.8018513,-2.930426,70.0,25.0,90.0,41.582855,-7.144269,-2.6370945,70.961525,25.3792,89.091576,0.5056689
0.19583333333333333,41.353928,-6.8018513,-2.930426,70.0,25.0,90.0,41.582855,-7.144269,-2.6370945,70.961525,25.3792,89.091576,0.5056689
0.2,41.353928,-6.8018513,-2.930426,70.0,25.0,90.0,41.582855,-7.144269,-2.6370945,70.961525,25.3792,89.091576,0.5056689
0.20416666666666666,41.353928,-6.8018513,-2.930426,70.0,25.0,90.0,41.582855,-7.144269,-2.6370945,70.961525,25.3792,89.091576,0.5056689
0.20833333333333334,41.353928,-6.8018513,-2.930426,70.0,25.0,90.0,41.582855,-7.144269,-2.6370945,70.961525,25.3792,89.091576,0.5056689
0.2125,41.353928,-6.8018513,-2.930426,70.0,25.0,90.0,41.582855,-7.144269,-2.6370945,70.961525,25.3792,89.091576,0.5056689
0.21666666666666667,41.353928,-6.8018513,-2.930426,70.0,25.0,90.0,41.582855,-7.144269,-2.6370945,70.961525,25.3792,89.091576,0.5056689
0.22083333333333333,41.353928,-6.8018513,-2.930426,70.0,25.0,90.0,41.582855,-7.144269,-2.6370945,70.961525,25.3792,89.091576,0.5056689
0.225,41.353928,-6.8018513,-2.930426,70.0,25.0,90.0,41.582855,-7.144269,-2.6370945,70.961525,25.3792,89.091576,0.5056689
0.22916666666666666,41.353928,-6.8018513,-2.930426,70.0,25.0,90.0,41.582855,-7.144269,-2.6370945,70.961525,25.3792,89.091576,0.5056689
0.23333333333333334,41.353928,-6.8018513,-2.930426,70.0,25.0,90.0,41.582855,-7.144269,-2.6370945,70.961525,25.3792,89.091576,0.5056689
0.2375,41.353928,-6.8018513,-2.930426,70.0,25.0,90.0,41.582855,-7.144269,-2.6370945,70.961525,25.3792,89.091576,0.5056689
0.24166666666666667,41.353928,-6.8018513,-2.930426,70.0,25.0,90.0,41.582855,-7.144269,-2.6370945,70.961525,25.3792,89.091576,0.5056689
0.24583333333333332,41.353928,-6.8018513,-2.930426,70.0,25.0,90.0,41.582855,-7.144269,-2.6370945,70.961525,25.3792,89.091576,0.5056689
0.25,41.353928,-6.8018513,-2.930426,70.0,25.0,90.0,41.582855,-7.144269,-2.6370945,70.961525,25.3792,89.091576,0.5056689
0.25416666666666665,41.353928,-6.8018513,-2.930426,70.0,25.0,90.0,41.582855,-7.144269,-2.6370945,70.961525,25.3792,89.091576,0.5056689
0.25833333333333336,41.353928,-6.8018513,-2.930426,70.0,25.0,90.0,41.582855,-7.144269,-2.6370945,70.961525,25.3792,89.091576,0.5056689
0.2625,41.353928,-6.8018513,-2.930426,70.0,25.0,90.0,41.582855,-7.144269,-2.6370945,70.961525,25.3792,89.091576,0.5056689
0.26666666666666666,41.353928,-6.8018513,-2.930426,70.0,25.0,90.0,41.582855,-7.144269,-2.6370945,70.961525,25.3792,89.091576,0.5056689
0.2708333333333333,41.353928,-6.8018513,-2.930426,70.0,25.0,90.0,41.582855,-7.144269,-2.6370945,70.961525,25.3792,89.091576,0.5056689
0.275,41.353928,-6.8018513,-2.930426,70.0,25.0,90.0,41.582855,-7.144269,-2.6370945,70.961525,25.3792,89.091576,0.5056689
0.2791666666666667,41.353928,-6.8018513,-2.930426,70.0,25.0,90.0,41.582855,-7.144269,-2.6370945,70.961525,25.3792,89.091576,0.5056689
0.2833333333333333,41.353928,-6.8018513,-2.930426,70.0,25.0,90.0,41.582855,-7.144269,-2.6370945,70.961525,25.3792,89.091576,0.5056689
0.2875,41.353928,-6.8018513,-2.930426,70.0,25.0,90.0,41.582855,-7.144269,-2.6370945,70.961525,25.3792,89.091576,0.5056689
0.2916666666666667,41.353928,-6.8018513,-2.930426,70.0,25.0,90.0,41.582855,-7.144269,-2.6370945,70.961525,25.3792,89.091576,0.5056689
0.29583333333333334,41.353928,-6.8018513,-2.930426,70.0,25.0,90.0,41.582855,-7.144269,-2.6370945,70.961525,25.3792,89.091576,0.5056689
0.3,41.353928,-6.8018513,-2.930426,70.0,25.0,90.0,41.582855,-7.144269,-2.6370945,70.961525,25.3792,89.091576,0.5056689
0.30416666666666664,41.353928,-6.8018513,-2.930426,70.0,25.0,90.0,41.582855,-7.144269,-2.6370945,70.961525,25.3792,89.091576,0.5056689
0.30833333333333335,41.353928,-6.8018513,-2.930426,70.0,25.0,90.0,41.582855,-7.144269,-2.6370945,70.961525,25.3792,89.091576,0.5056689
0.3125,41.353928,-6.8018513,-2.930426,70.0,25.0,90.0,41.582855,-7.144269,-2.6370945,70.961525,25.3792,89.091576,0.5056689
0.31666666666666665,41.353928,-6.8018513,-2.930426,70.0,25.0,90.0,41.58286,-7.144268,-2.6370926,70.961525,25.3792,89.091576,0.5056711
0.32083333333333336,41.353928,-6.8018513,-2.930426,70.0,25.0,90.0,41.58286,-7.144269,-2.6370926,70.961525,25.3792,89.091576,0.50567174
0.325,41.353928,-6.8018513,-2.930426,70.0,25.0,90.0,41.58286,-7.144269,-2.6370916,70.961525,25.3792,89.091576,0.5056723
0.32916666666666666,41.353928,-6.8018513,-2.930426,70.0,25.0,90.0,41.58286,-7.144269,-2.6370907,70.961525,25.3792,89.091576,0.5056729
0.3333333333333333,41.353928,-6.8018513,-2.930426,70.0,25.0,90.0,41.58286,-7.144268,-2.6370926,70.961525,25.3792,89.091576,0.5056711
0.3375,41.353928,-6.8018513,-2.930426,70.0,25.0,90.0,41.582855,-7.144271,-2.6370926,70.961525,25.379196,89.091576,0.5056713
0.3416666666666667,41.353928,-6.8018513,-2.930426,70.0,25.0,90.0,41.58286,-7.144268,-2.6370926,70.961525,25.379196,89.091576,0.5056711
0.3458333333333333,41.353928,-6.8018513,-2.930426,70.0,25.0,90.0,41.582855,-7.144265,-2.6370926,70.961525,25.3792,89.091576,0.50566745
0.35,41.353928,-6.8018513,-2.930426,70.0,25.0,90.0,41.58286,-7.144265,-2.6370916,70.961525,25.379196,89.09158,0.5056697
0.3541666666666667,41.353928,-6.8018513,-2.930426,70.0,25.0,90.0,41.58286,-7.1442633,-2.6370907,70.96153,25.3792,89.09158,0.50566894
0.35833333333333334,41.353928,-6.8018513,-2.930426,70.0,25.0,90.0,41.58286,-7.144266,-2.6370935,70.961525,25.3792,89.09158,0.50566924
0.3625,41.353928,-6.8018513,-2.930426,70.0,25.0,90.0,41.582863,-7.144268,-2.6370935,70.961525,25.379196,89.09158,0.5056723
0.36666666666666664,41.353928,-6.8018513,-2.930426,70.0,25.0,90.0,41.58286,-7.144267,-2.6370935,70.96152,25.379196,89.09158,0.5056699
0.37083333333333335,41.353928,-6.8018513,-2.930426,70.0,25.0,90.0,41.58286,-7.144269,-2.6370955,70.961525,25.379196,89.09158,0.5056701
0.375,41.353928,-6.8018513,-2.930426,70.0,25.0,90.0,41.582863,-7.144265,-2.6370935,70.961525,25.379196,89.091576,0.50567037
0.37916666666666665,41.353928,-6.8018513,-2.930426,70.0,25.0,90.0,41.58286,-7.144266,-2.6370916,70.961525,25.379196,89.09158,0.50567037
0.38333333333333336,41.353928,-6.8018513,-2.930426,70.0,25.0,90.0,41.582855,-7.144269,-2.6370935,70.96152,25.379192,89.09158,0.5056695
0.3875,41.353928,-6.8018513,-2.930426,70.0,25.0,90.0,41.582855,-7.144269,-2.6370926,70.96152,25.379192,89.09158,0.50567
0.39166666666666666,41.353928,-6.8018513,-2.930426,70.0,25.0,90.0,41.582855,-7.144266,-2.6370926,70.961525,25.379189,89.09158,0.50566804
0.3958333333333333,41.353928,-6.8018513,-2.930426,70.0,25.0,90.0,41.582855,-7.144266,-2.6370916,70.96152,25.379196,89.09158,0.50566864
0.4,41.353928,-6.8018513,-2.930426,70.0,25.0,90.0,41.582855,-7.144266,-2.6370926,70.96152,25.379192,89.09158,0.50566804
0.4041666666666667,41.353928,-6.8018513,-2.930426,70.0,25.0,90.0,41.582855,-7.144268,-2.6370935,70.961525,25.379192,89.09158,0.5056688
0.4083333333333333,41.353928,-6.8018513,-2.930426,70.0,25.0,90.0,41.582855,-7.144268,-2.6370945,70.961525,25.379192,89.09158,0.5056683
0.4125,41.353928,-6.8018513,-2.930426,70.0,25.0,90.0,41.582855,-7.144266,-2.6370907,70.961525,25.379192,89.09158,0.5056692
0.4166666666666667,41.353928,-6.8018513,-2.930426,70.0,25.0,90.0,41.58286,-7.144265,-2.6370945,70.961525,25.379196,89.09158,0.50566804
0.42083333333333334,41.353928,-6.8018513,-2.930426,70.0,25.0,90.0,41.582855,-7.144265,-2.6370926,70.961525,25.379192,89.09158,0.50566745
0.425,41.353928,-6.8018513,-2.930426,70.0,25.0,90.0,41.582855,-7.144265,-2.6370926,70.961525,25.3792,89.09158,0.50566745
0.42916666666666664,41.353928,-6.8018513,-2.930426,70.0,25.0,90.0,41.582855,-7.144266,-2.6370916,70.961525,25.379196,89.09158,0.50566864
0.43333333333333335,41.353928,-6.8018513,-2.930426,70.0,25.0,90.0,41.582855,-7.144266,-2.6370926,70.961525,25.379192,89.091576,0.50566804
0.4375,41.353928,-6.8018513,-2.930426,70.0,25.0,90.0,41.582855,-7.144269,-2.6370935,70.961525,25.379192,89.09158,0.5056695
0.44166666666666665,41.353928,-6.8018513,-2.930426,70.0,25.0,90.0,41.58286,-7.144266,-2.6370926,70.961525,25.379192,89.09158,0.50566983
0.44583333333333336,41.353928,-6.8018513,-2.930426,70.0,25.0,90.0,41.58286,-7.144268,-2.6370955,70.961525,25.379192,89.09158,0.5056694
0.45,41.353928,-6.8018513,-2.930426,70.0,25.0,90.0,41.582855,-7.144266,-2.6370945,70.961525,25.379196,89.091576,0.505667
0.45416666666666666,41.353928,-6.8018513,-2.930426,70.0,25.0,90.0,41.582855,-7.144268,-2.6370916,70.96153,25.379192,89.09158,0.50566995
0.4583333333333333,41.353928,-6.8018513,-2.930426,70.0,25.0,90.0,41.582855,-7.144268,-2.6370935,70.961525,25.379192,89.091576,0.5056688
0.4625,41.353928,-6.8018513,-2.930426,70.0,25.0,90.0,41.58286,-7.144269,-2.6370926,70.96153,25.379192,89.091576,0.50567174
0.4666666666666667,41.353928,-6.8018513,-2.930426,70.0,25.0,90.0,41.58286,-7.144271,-2.6370935,70.961525,25.379196,89.091576,0.5056725
0.4708333333333333,41.353928,-6.8018513,-2.930426,70.0,25.0,90.0,41.582855,-7.144271,-2.6370935,70.96153,25.379196,89.091576,0.5056707
0.475,41.353928,-6.8018513,-2.930426,70.0,25.0,90.0,41.58286,-7.144271,-2.6370935,70.961525,25.379196,89.091576,0.5056725
0.4791666666666667,41.353928,-6.8018513,-2.930426,70.0,25.0,90.0,41.582855,-7.144271,-2.6370907,70.961525,25.379192,89.091576,0.5056724
0.48333333333333334,41.353928,-6.8018513,-2.930426,70.0,25.0,90.0,41.582855,-7.144271,-2.6370926,70.96153,25.379196,89.091576,0.5056713
0.4875,41.353928,-6.8018513,-2.930426,70.0,25.0,90.0,41.582855,-7.144265,-2.6370916,70.96153,25.3792,89.091576,0.505668
0.49166666666666664,41.353928,-6.8018513,-2.930426,70.0,25.0,90.0,41.58286,-7.144266,-2.6370926,70.961525,25.3792,89.09157,0.50566983
0.49583333333333335,41.353928,-6.8018513,-2.930426,70.0,25.0,90.0,41.58286,-7.144269,-2.6370907,70.961525,25.379204,89.09157,0.5056729
0.5,41.353928,-6.8018513,-2.930426,70.0,25.0,90.0,41.58286,-7.14427,-2.6370926,70.961525,25.3792,89.09157,0.5056724
0.5041666666666667,41.353928,-6.8018513,-2.930426,70.0,25.0,90.0,41.582855,-7.144271,-2.6370935,70.961525,25.3792,89.09157,0.5056707
0.5083333333333333,41.353928,-6.8018513,-2.930426,70.0,25.0,90.0,41.58286,-7.144267,-2.6370926,70.961525,25.379196,89.09157,0.5056705
0.5125,41.353928,-6.8018513,-2.930426,70.0,25.0,90.0,41.58286,-7.144266,-2.6370916,70.961525,25.3792,89.09157,0.50567037
0.5166666666666667,41.353928,-6.8018513,-2.930426,70.0,25.0,90.0,41.582855,-7.144268,-2.6370945,70.961525,25.3792,89.09157,0.5056683
0.5208333333333334,41.353928,-6.8018513,-2.930426,70.0,25.0,90.0,41.58286,-7.144266,-2.6370955,70.961525,25.379196,89.09157,0.5056681
0.525,41.353928,-6.8018513,-2.930426,70.0,25.0,90.0,41.58286,-7.144269,-2.6370926,70.961525,25.379192,89.09157,0.50567174
0.5291666666666667,41.353928,-6.8018513,-2.930426,70.0,25.0,90.0,41.58286,-7.144266,-2.6370926,70.961525,25.379196,89.091576,0.50566983
0.5333333333333333,41.353928,-6.8018513,-2.930426,70.0,25.0,90.0,41.58286,-7.144268,-2.6370926,70.961525,25.379196,89.091576,0.5056711
0.5375,41.353928,-6.8018513,-2.930426,70.0,25.0,90.0,41.582855,-7.144265,-2.6370926,70.961525,25.379196,89.091576,0.50566745
0.5416666666666666,41.353928,-6.8018513,-2.930426,70.0,25.0,90.0,41.58286,-7.144269,-2.6370926,70.961525,25.379192,89.091576,0.50567174
0.5458333333333333,41.353928,-6.8018513,-2.930426,70.0,25.0,90.0,41.58286,-7.144266,-2.6370935,70.961525,25.3792,89.091576,0.50566924
0.55,41.353928,-6.8018513,-2.930426,70.0,25.0,90.0,41.58286,-7.144271,-2.6370935,70.961525,25.379189,89.091576,0.5056725
0.5541666666666667,41.353928,-6.8018513,-2.930426,70.0,25.0,90.0,41.582855,-7.144268,-2.6370935,70.961525,25.379192,89.091576,0.5056688
0.5583333333333333,41.353928,-6.8018513,-2.930426,70.0,25.0,90.0,41.582855,-7.144269,-2.6370916,70.961525,25.379192,89.091576,0.5056706
0.5625,41.353928,-6.8018513,-2.930426,70.0,25.0,90.0,41.582855,-7.144269,-2.6370916,70.961525,25.379192,89.091576,0.5056706
0.5666666666666667,41.353928,-6.8018513,-2.930426,70.0,25.0,90.0,41.582855,-7.144269,-2.6370916,70.961525,25.379192,89.091576,0.5056706
0.5708333333333333,41.353928,-6.8018513,-2.930426,70.0,25.0,90.0,41.582855,-7.144269,-2.6370916,70.961525,25.379192,89.091576,0.5056706
0.575,41.353928,-6.8018513,-2.930426,70.0,25.0,90.0,41.582855,-7.144269,-2.6370916,70.961525,25.379192,89.091576,0.5056706
0.5791666666666667,41.353928,-6.8018513,-2.930426,70.0,25.0,90.0,41.582855,-7.144269,-2.6370916,70.961525,25.379192,89.091576,0.5056706
0.5833333333333334,41.353928,-6.8018513,-2.930426,70.0,25.0,90.0,41.582855,-7.144269,-2.6370916,70.961525,25.379192,89.091576,0.5056706
0.5875,41.353928,-6.8018513,-2.930426,70.0,25.0,90.0,41.582855,-7.144269,-2.6370916,70.961525,25.379192,89.091576,0.5056706
0.5916666666666667,41.353928,-6.8018513,-2.930426,70.0,25.0,90.0,41.582855,-7.144269,-2.6370916,70.961525,25.379192,89.091576,0.5056706
0.5958333333333333,41.353928,-6.8018513,-2.930426,70.0,25.0,90.0,41.582855,-7.144269,-2.6370916,70.961525,25.379192,89.091576,0.5056706
0.6,41.353928,-6.8018513,-2.930426,70.0,25.0,90.0,41.582855,-7.144269,-2.6370916,70.961525,25.379192,89.091576,0.5056706
0.6041666666666666,41.353928,-6.8018513,-2.930426,70.0,25.0,90.0,41.582855,-7.144269,-2.6370916,70.961525,25.379192,89.091576,0.5056706
0.6083333333333333,41.353928,-6.8018513,-2.930426,70.0,25.0,90.0,41.582855,-7.144269,-2.6370916,70.961525,25.379192,89.091576,0.5056706
0.6125,41.353928,-6.8018513,-2.930426,70.0,25.0,90.0,41.582855,-7.144269,-2.6370916,70.961525,25.379192,89.091576,0.5056706
0.6166666666666667,41.353928,-6.8018513,-2.930426,70.0,25.0,90.0,41.582855,-7.144269,-2.6370916,70.961525,25.379192,89.091576,0.5056706
0.6208333333333333,41.353928,-6.8018513,-2.930426,70.0,25.0,90.0,41.582855,-7.144269,-2.6370916,70.961525,25.379192,89.091576,0.5056706
0.625,41.353928,-6.8018513,-2.930426,70.0,25.0,90.0,41.582855,-7.144269,-2.6370916,70.961525,25.379192,89.091576,0.5056706
0.6291666666666667,41.353928,-6.8018513,-2.930426,70.0,25.0,90.0,41.582855,-7.144269,-2.6370916,70.961525,25.379192,89.091576,0.5056706
0.6333333333333333,41.353928,-6.8018513,-2.930426,70.0,25.0,90.0,41.582855,-7.144269,-2.6370916,70.961525,25.379192,89.091576,0.5056706
0.6375,41.353928,-6.8018513,-2.930426,70.0,25.0,90.0,41.582855,-7.144269,-2.6370916,70.961525,25.379192,89.091576,0.5056706
0.6416666666666667,41.353928,-6.8018513,-2.930426,70.0,25.0,90.0,41.582855,-7.144269,-2.6370916,70.961525,25.379192,89.091576,0.5056706
0.6458333333333334,41.353928,-6.8018513,-2.930426,70.0,25.0,90.0,41.582855,-7.144269,-2.6370916,70.961525,25.379192,89.091576,0.5056706
0.65,41.353928,-6.8018513,-2.930426,70.0,25.0,90.0,41.582855,-7.144269,-2.6370916,70.961525,25.379192,89.091576,0.5056706
0.6541666666666667,41.353928,-6.8018513,-2.930426,70.0,25.0,90.0,41.582855,-7.144269,-2.6370916,70.961525,25.379192,89.091576,0.5056706
0.6583333333333333,41.353928,-6.8018513,-2.930426,70.0,25.0,90.0,41.582855,-7.144269,-2.6370916,70.961525,25.379192,89.091576,0.5056706
0.6625,41.353928,-6.8018513,-2.930426,70.0,25.0,90.0,41.582855,-7.144269,-2.6370916,70.961525,25.379192,89.091576,0.5056706
0.6666666666666666,41.353928,-6.8018513,-2.930426,70.0,25.0,90.0,41.582855,-7.144269,-2.6370916,70.961525,25.379192,89.091576,0.5056706
0.6708333333333333,41.353928,-6.8018513,-2.930426,70.0,25.0,90.0,41.582855,-7.144269,-2.6370916,70.961525,25.379192,89.091576,0.5056706
0.675,41.353928,-6.8018513,-2.930426,70.0,25.0,90.0,41.582855,-7.144269,-2.6370916,70.961525,25.379192,89.091576,0.5056706
0.6791666666666667,41.353928,-6.8018513,-2.930426,70.0,25.0,90.0,41.582855,-7.144269,-2.6370916,70.961525,25.379192,89.091576,0.5056706
0.6833333333333333,41.353928,-6.8018513,-2.930426,70.0,25.0,90.0,41.582855,-7.144269,-2.6370916,70.961525,25.379192,89.091576,0.5056706
0.6875,41.353928,-6.8018513,-2.930426,70.0,25.0,90.0,41.582855,-7.144269,-2.6370916,70.961525,25.379192,89.091576,0.5056706
0.6916666666666667,41.353928,-6.8018513,-2.930426,70.0,25.0,90.0,41.582855,-7.144269,-2.6370916,70.961525,25.379192,89.091576,0.5056706
0.6958333333333333,41.353928,-6.8018513,-2.930426,70.0,25.0,90.0,41.582855,-7.144269,-2.6370916,70.961525,25.379192,89.091576,0.5056706
0.7,41.353928,-6.8018513,-2.930426,70.0,25.0,90.0,41.582855,-7.144269,-2.6370916,70.961525,25.379192,89.091576,0.5056706
0.7041666666666667,41.353928,-6.8018513,-2.930426,70.0,25.0,90.0,41.582855,-7.144269,-2.6370916,70.961525,25.379192,89.091576,0.5056706
0.7083333333333334,41.353928,-6.8018513,-2.930426,70.0,25.0,90.0,41.58286,-7.144268,-2.6370926,70.961525,25.379192,89.091576,0.5056711
0.7125,41.353928,-6.8018513,-2.930426,70.0,25.0,90.0,41.58286,-7.144269,-2.6370926,70.961525,25.379192,89.091576,0.50567174
0.7166666666666667,41.353928,-6.8018513,-2.930426,70.0,25.0,90.0,41.58286,-7.144269,-2.6370926,70.961525,25.379196,89.091576,0.50567174
0.7208333333333333,41.353928,-6.8018513,-2.930426,70.0,25.0,90.0,41.58286,-7.144268,-2.6370926,70.961525,25.379192,89.091576,0.5056711
0.725,41.353928,-6.8018513,-2.930426,70.0,25.0,90.0,41.582855,-7.144268,-2.6370926,70.96153,25.379192,89.091576,0.50566936
0.7291666666666666,41.353928,-6.8018513,-2.930426,70.0,25.0,90.0,41.58286,-7.144269,-2.6370926,70.961525,25.379196,89.091576,0.50567174
0.7333333333333333,41.353928,-6.8018513,-2.930426,70.0,25.0,90.0,41.58286,-7.144271,-2.6370945,70.961525,25.379196,89.091576,0.5056719
0.7375,41.353928,-6.8018513,-2.930426,70.0,25.0,90.0,41.582855,-7.144266,-2.6370916,70.961525,25.379196,89.091576,0.50566864
0.7416666666666667,41.353928,-6.8018513,-2.930426,70.0,25.0,90.0,41.582855,-7.144265,-2.6370907,70.961525,25.379196,89.091576,0.5056685
0.7458333333333333,41.353928,-6.8018513,-2.930426,70.0,25.0,90.0,41.58286,-7.144266,-2.6370926,70.961525,25.3792,89.09158,0.50566983
0.75,41.353928,-6.8018513,-2.930426,70.0,25.0,90.0,41.58286,-7.144268,-2.6370955,70.961525,25.3792,89.09158,0.5056694
0.7541666666666667,41.353928,-6.8018513,-2.930426,70.0,25.0,90.0,41.58286,-7.144269,-2.6370926,70.96152,25.379196,89.09158,0.50567174
0.7583333333333333,41.353928,-6.8018513,-2.930426,70.0,25.0,90.0,41.58286,-7.144266,-2.6370897,70.961525,25.3792,89.09158,0.50567144
0.7625,41.353928,-6.8018513,-2.930426,70.0,25.0,90.0,41.58286,-7.144266,-2.6370945,70.961525,25.3792,89.09158,0.5056687
0.7666666666666667,41.353928,-6.8018513,-2.930426,70.0,25.0,90.0,41.58286,-7.144265,-2.6370907,70.961525,25.379196,89.09158,0.50567025
0.7708333333333334,41.353928,-6.8018513,-2.930426,70.0,25.0,90.0,41.58286,-7.144266,-2.6370945,70.961525,25.379192,89.09158,0.5056687
0.775,41.353928,-6.8018513,-2.930426,70.0,25.0,90.0,41.58286,-7.144271,-2.6370926,70.961525,25.379189,89.09158,0.50567305
0.7791666666666667,41.353928,-6.8018513,-2.930426,70.0,25.0,90.0,41.58286,-7.144268,-2.6370926,70.96152,25.379196,89.09158,0.5056711
0.7833333333333333,41.353928,-6.8018513,-2.930426,70.0,25.0,90.0,41.582855,-7.144266,-2.6370926,70.96152,25.379192,89.09158,0.50566804
0.7875,41.353928,-6.8018513,-2.930426,70.0,25.0,90.0,41.582855,-7.144268,-2.6370926,70.96152,25.379192,89.09158,0.50566936
0.7916666666666666,41.353928,-6.8018513,-2.930426,70.0,25.0,90.0,41.582855,-7.144266,-2.6370935,70.961525,25.379192,89.09158,0.5056675
0.7958333333333333,41.353928,-6.8018513,-2.930426,70.0,25.0,90.0,41.58286,-7.144268,-2.6370964,70.961525,25.379192,89.09158,0.5056689
0.8,41.353928,-6.8018513,-2.930426,70.0,25.0,90.0,41.582855,-7.144266,-2.6370945,70.961525,25.379192,89.09158,0.505667
0.8041666666666667,41.353928,-6.8018513,-2.930426,70.0,25.0,90.0,41.582855,-7.144268,-2.6370945,70.961525,25.379192,89.091576,0.5056683
0.8083333333333333,41.353928,-6.8018513,-2.930426,70.0,25.0,90.0,41.582855,-7.144268,-2.6370955,70.961525,25.379189,89.09158,0.50566775
0.8125,41.353928,-6.8018513,-2.930426,70.0,25.0,90.0,41.58286,-7.144266,-2.6370935,70.961525,25.379185,89.09158,0.50566924
0.8166666666666667,41.353928,-6.8018513,-2.930426,70.0,25.0,90.0,41.58286,-7.144266,-2.6370935,70.961525,25.379192,89.09158,0.50566924
0.8208333333333333,41.353928,-6.8018513,-2.930426,70.0,25.0,90.0,41.58286,-7.144269,-2.6370935,70.961525,25.379189,89.09158,0.5056712
0.825,41.353928,-6.8018513,-2.930426,70.0,25.0,90.0,41.58286,-7.144266,-2.6370926,70.961525,25.379192,89.09158,0.50566983
0.8291666666666667,41.353928,-6.8018513,-2.930426,70.0,25.0,90.0,41.58286,-7.144268,-2.6370926,70.961525,25.379192,89.09158,0.5056711
0.8333333333333334,41.353928,-6.8018513,-2.930426,70.0,25.0,90.0,41.582855,-7.144268,-2.6370935,70.961525,25.379192,89.09158,0.5056688
0.8375,41.353928,-6.8018513,-2.930426,70.0,25.0,90.0,41.58286,-7.144268,-2.6370926,70.961525,25.379196,89.091576,0.5056711
0.8416666666666667,41.353928,-6.8018513,-2.930426,70.0,25.0,90.0,41.582855,-7.144266,-2.6370935,70.961525,25.379196,89.09158,0.5056675
0.8458333333333333,41.353928,-6.8018513,-2.930426,70.0,25.0,90.0,41.58286,-7.144266,-2.6370935,70.961525,25.379196,89.09158,0.50566924
0.85,41.353928,-6.8018513,-2.930426,70.0,25.0,90.0,41.582855,-7.144269,-2.6370935,70.96153,25.379196,89.091576,0.5056695
0.8541666666666666,41.353928,-6.8018513,-2.930426,70.0,25.0,90.0,41.582855,-7.144269,-2.6370916,70.961525,25.379196,89.09158,0.5056706
0.8583333333333333,41.353928,-6.8018513,-2.930426,70.0,25.0,90.0,41.582855,-7.144266,-2.6370935,70.96153,25.3792,89.091576,0.5056675
0.8625,41.353928,-6.8018513,-2.930426,70.0,25.0,90.0,41.582855,-7.144271,-2.6370945,70.961525,25.3792,89.09158,0.5056702
0.8666666666666667,41.353928,-6.8018513,-2.930426,70.0,25.0,90.0,41.582855,-7.144269,-2.6370926,70.961525,25.379196,89.091576,0.50567
0.8708333333333333,41.353928,-6.8018513,-2.930426,70.0,25.0,90.0,41.58286,-7.144268,-2.6370897,70.961525,25.3792,89.091576,0.50567275
0.875,41.353928,-6.8018513,-2.930426,70.0,25.0,90.0,41.582855,-7.144266,-2.6370907,70.96153,25.3792,89.091576,0.5056692
0.8791666666666667,41.353928,-6.8018513,-2.930426,70.0,25.0,90.0,41.58286,-7.144268,-2.6370907,70.96153,25.3792,89.091576,0.5056722
0.8833333333333333,41.353928,-6.8018513,-2.930426,70.0,25.0,90.0,41.58286,-7.144269,-2.6370907,70.961525,25.3792,89.09157,0.5056729
0.8875,41.353928,-6.8018513,-2.930426,70.0,25.0,90.0,41.58286,-7.144266,-2.6370926,70.961525,25.379204,89.09157,0.50566983
0.8916666666666667,41.353928,-6.8018513,-2.930426,70.0,25.0,90.0,41.582855,-7.144266,-2.6370916,70.96153,25.3792,89.09157,0.50566864
0.8958333333333334,41.353928,-6.8018513,-2.930426,70.0,25.0,90.0,41.58286,-7.144268,-2.6370916,70.961525,25.379192,89.09157,0.5056716
0.9,41.353928,-6.8018513,-2.930426,70.0,25.0,90.0,41.58286,-7.144266,-2.6370916,70.961525,25.379192,89.09157,0.50567037
0.9041666666666667,41.353928,-6.8018513,-2.930426,70.0,25.0,90.0,41.58286,-7.144266,-2.6370916,70.961525,25.3792,89.09157,0.50567037
0.9083333333333333,41.353928,-6.8018513,-2.930426,70.0,25.0,90.0,41.58286,-7.144268,-2.6370955,70.961525,25.3792,89.09157,0.5056694
0.9125,41.353928,-6.8018513,-2.930426,70.0,25.0,90.0,41.58286,-7.144265,-2.6370916,70.961525,25.3792,89.09157,0.5056697
0.9166666666666666,41.353928,-6.8018513,-2.930426,70.0,25.0,90.0,41.58286,-7.144268,-2.6370926,70.961525,25.379192,89.09157,0.5056711
0.9208333333333333,41.353928,-6.8018513,-2.930426,70.0,25.0,90.0,41.58286,-7.144268,-2.6370916,70.961525,25.379192,89.091576,0.5056716
0.925,41.353928,-6.8018513,-2.930426,70.0,25.0,90.0,41.58286,-7.144266,-2.6370926,70.961525,25.379196,89.091576,0.50566983
0.9291666666666667,41.353928,-6.8018513,-2.930426,70.0,25.0,90.0,41.58286,-7.144271,-2.6370926,70.961525,25.379192,89.091576,0.50567305
0.9333333333333333,41.353928,-6.8018513,-2.930426,70.0,25.0,90.0,41.58286,-7.144271,-2.6370926,70.961525,25.379192,89.091576,0.50567305
0.9375,41.353928,-6.8018513,-2.930426,70.0,25.0,90.0,41.58286,-7.144268,-2.6370926,70.961525,25.379192,89.091576,0.5056711
0.9416666666666667,41.353928,-6.8018513,-2.930426,70.0,25.0,90.0,41.58286,-7.144271,-2.6370945,70.961525,25.379192,89.091576,0.5056719
0.9458333333333333,41.353928,-6.8018513,-2.930426,70.0,25.0,90.0,41.58286,-7.144269,-2.6370935,70.961525,25.379192,89.091576,0.5056712
0.95,41.353928,-6.8018513,-2.930426,70.0,25.0,90.0,41.58286,-7.144271,-2.6370935,70.961525,25.379192,89.091576,0.5056725
0.9541666666666667,41.353928,-6.8018513,-2.930426,70.0,25.0,90.0,41.58286,-7.144271,-2.6370935,70.961525,25.379192,89.091576,0.5056725
0.9583333333333334,41.353928,-6.8018513,-2.930426,70.0,25.0,90.0,41.58286,-7.144271,-2.6370935,70.961525,25.379192,89.091576,0.5056725
0.9625,41.353928,-6.8018513,-2.930426,70.0,25.0,90.0,41.58286,-7.144271,-2.6370935,70.961525,25.379192,89.091576,0.5056725
0.9666666666666667,41.353928,-6.8018513,-2.930426,70.0,25.0,90.0,41.58286,-7.144271,-2.6370935,70.961525,25.379192,89.091576,0.5056725
0.9708333333333333,41.353928,-6.8018513,-2.930426,70.0,25.0,90.0,41.58286,-7.144271,-2.6370935,70.961525,25.379192,89.091576,0.5056725
0.975,41.353928,-6.8018513,-2.930426,70.0,25.0,90.0,41.58286,-7.144271,-2.6370935,70.961525,25.379192,89.091576,0.5056725
0.9791666666666666,41.353928,-6.8018513,-2.930426,70.0,25.0,90.0,41.58286,-7.144271,-2.6370935,70.961525,25.379192,89.091576,0.5056725
0.9833333333333333,41.353928,-6.8018513,-2.930426,70.0,25.0,90.0,41.58286,-7.144271,-2.6370935,70.961525,25.379192,89.091576,0.5056725
0.9875,41.353928,-6.8018513,-2.930426,70.0,25.0,90.0,41.58286,-7.144271,-2.6370935,70.961525,25.379192,89.091576,0.5056725
0.9916666666666667,41.353928,-6.8018513,-2.930426,70.0,25.0,90.0,41.58286,-7.144271,-2.6370935,70.961525,25.379192,89.091576,0.5056725
0.9958333333333333,41.353928,-6.8018513,-2.930426,70.0,25.0,90.0,41.58286,-7.144271,-2.6370935,70.961525,25.379192,89.091576,0.5056725
1.0,41.353928,-6.8018513,-2.930426,70.0,25.0,90.0,41.58286,-7.144271,-2.6370935,70.961525,25.379192,89.091576,0.5056725
1.0041666666666667,41.353928,-6.8018513,-2.930426,70.0,25.0,90.0,41.58286,-7.144271,-2.6370935,70.961525,25.379192,89.091576,0.5056725
1.0083333333333333,41.353928,-6.8018513,-2.930426,70.0,25.0,90.0,41.58286,-7.144271,-2.6370935,70.961525,25.379192,89.091576,0.5056725
1.0125,41.353928,-6.8018513,-2.930426,70.0,25.0,90.0,41.58286,-7.144271,-2.6370935,70.961525,25.379192,89.091576,0.5056725
1.0166666666666666,41.353928,-6.8018513,-2.930426,70.0,25.0,90.0,41.58286,-7.144271,-2.6370935,70.961525,25.379192,89.091576,0.5056725
1.0208333333333333,41.353928,-6.8018513,-2.930426,70.0,25.0,90.0,41.58286,-7.144271,-2.6370935,70.961525,25.379192,89.091576,0.5056725
1.025,41.353928,-6.8018513,-2.930426,70.0,25.0,90.0,41.58286,-7.144271,-2.6370935,70.961525,25.379192,89.091576,0.5056725
1.0291666666666666,41.353928,-6.8018513,-2.930426,70.0,25.0,90.0,41.58286,-7.144271,-2.6370935,70.961525,25.379192,89.091576,0.5056725
1.0333333333333334,41.353928,-6.8018513,-2.930426,70.0,25.0,90.0,41.58286,-7.144271,-2.6370935,70.961525,25.379192,89.091576,0.5056725
1.0375,41.353928,-6.8018513,-2.930426,70.0,25.0,90.0,41.58286,-7.144271,-2.6370935,70.961525,25.379192,89.091576,0.5056725
1.0416666666666667,41.353928,-6.8018513,-2.930426,70.0,25.0,90.0,41.58286,-7.144271,-2.6370935,70.961525,25.379192,89.091576,0.5056725
1.0458333333333334,41.353928,-6.8018513,-2.930426,70.0,25.0,90.0,41.58286,-7.144271,-2.6370935,70.961525,25.379192,89.091576,0.5056725
1.05,41.353928,-6.8018513,-2.930426,70.0,25.0,90.0,41.58286,-7.144271,-2.6370935,70.961525,25.379192,89.091576,0.5056725
1.0541666666666667,41.353928,-6.8018513,-2.930426,70.0,25.0,90.0,41.58286,-7.144271,-2.6370935,70.961525,25.379192,89.091576,0.5056725
1.0583333333333333,41.353928,-6.8018513,-2.930426,70.0,25.0,90.0,41.58286,-7.144271,-2.6370935,70.961525,25.379192,89.091576,0.5056725
1.0625,41.353928,-6.8018513,-2.930426,70.0,25.0,90.0,41.58286,-7.144271,-2.6370935,70.961525,25.379192,89.091576,0.5056725
1.0666666666666667,41.353928,-6.8018513,-2.930426,70.0,25.0,90.0,41.58286,-7.144271,-2.6370935,70.961525,25.379192,89.091576,0.5056725
1.0708333333333333,41.353928,-6.8018513,-2.930426,70.0,25.0,90.0,41.58286,-7.144271,-2.6370935,70.961525,25.379192,89.091576,0.5056725
1.075,41.353928,-6.8018513,-2.930426,70.0,25.0,90.0,41.58286,-7.144271,-2.6370935,70.961525,25.379192,89.091576,0.5056725
1.0791666666666666,41.353928,-6.8018513,-2.930426,70.0,25.0,90.0,41.58286,-7.144271,-2.6370935,70.961525,25.379192,89.091576,0.5056725
1.0833333333333333,41.353928,-6.8018513,-2.930426,70.0,25.0,90.0,41.58286,-7.144271,-2.6370935,70.961525,25.379192,89.091576,0.5056725
1.0875,41.353928,-6.8018513,-2.930426,70.0,25.0,90.0,41.58286,-7.144271,-2.6370935,70.961525,25.379192,89.091576,0.5056725
1.0916666666666666,41.353928,-6.8018513,-2.930426,70.0,25.0,90.0,41.58286,-7.144271,-2.6370935,70.961525,25.379192,89.091576,0.5056725
1.0958333333333334,41.353928,-6.8018513,-2.930426,70.0,25.0,90.0,41.58286,-7.144271,-2.6370935,70.961525,25.379192,89.091576,0.5056725
1.1,41.353928,-6.8018513,-2.930426,70.0,25.0,90.0,41.58286,-7.144271,-2.6370935,70.961525,25.379192,89.091576,0.5056725
1.1041666666666667,41.353928,-6.8018513,-2.930426,70.0,25.0,90.0,41.58286,-7.144269,-2.6370935,70.961525,25.379192,89.091576,0.5056712
1.1083333333333334,41.353928,-6.8018513,-2.930426,70.0,25.0,90.0,41.58286,-7.144268,-2.6370916,70.96153,25.379192,89.091576,0.5056716
1.1125,41.353928,-6.8018513,-2.930426,70.0,25.0,90.0,41.58286,-7.144268,-2.6370935,70.961525,25.379192,89.091576,0.50567055
1.1166666666666667,41.353928,-6.8018513,-2.930426,70.0,25.0,90.0,41.58286,-7.144266,-2.6370935,70.961525,25.379196,89.091576,0.50566924
1.1208333333333333,41.353928,-6.8018513,-2.930426,70.0,25.0,90.0,41.58286,-7.144266,-2.6370916,70.961525,25.379196,89.09158,0.50567037
1.125,41.353928,-6.8018513,-2.930426,70.0,25.0,90.0,41.582863,-7.144268,-2.6370907,70.961525,25.379196,89.091576,0.50567394
1.1291666666666667,41.353928,-6.8018513,-2.930426,70.0,25.0,90.0,41.58286,-7.144268,-2.6370935,70.961525,25.379192,89.091576,0.50567055
1.1333333333333333,41.353928,-6.8018513,-2.930426,70.0,25.0,90.0,41.58286,-7.144264,-2.6370897,70.96153,25.3792,89.09158,0.5056702
1.1375,41.353928,-6.8018513,-2.930426,70.0,25.0,90.0,41.58286,-7.144265,-2.6370916,70.961525,25.379196,89.09158,0.5056697
1.1416666666666666,41.353928,-6.8018513,-2.930426,70.0,25.0,90.0,41.58286,-7.144265,-2.6370926,70.961525,25.3792,89.091576,0.5056692
1.1458333333333333,41.353928,-6.8018513,-2.930426,70.0,25.0,90.0,41.582863,-7.144267,-2.6370945,70.961525,25.3792,89.09158,0.505671
1.15,41.353928,-6.8018513,-2.930426,70.0,25.0,90.0,41.58286,-7.144267,-2.6370916,70.96152,25.379192,89.09158,0.50567096
1.1541666666666666,41.353928,-6.8018513,-2.930426,70.0,25.0,90.0,41.58286,-7.144265,-2.6370907,70.961525,25.379196,89.09158,0.50567025
1.1583333333333334,41.353928,-6.8018513,-2.930426,70.0,25.0,90.0,41.58286,-7.144266,-2.6370926,70.96152,25.379196,89.09158,0.50566983
1.1625,41.353928,-6.8018513,-2.930426,70.0,25.0,90.0,41.582863,-7.144268,-2.6370916,70.961525,25.379192,89.09158,0.50567335
1.1666666666666667,41.353928,-6.8018513,-2.930426,70.0,25.0,90.0,41.58286,-7.14427,-2.6370916,70.96152,25.379196,89.091576,0.50567293
1.1708333333333334,41.353928,-6.8018513,-2.930426,70.0,25.0,90.0,41.582855,-7.144268,-2.6370897,70.961525,25.379192,89.09158,0.505671
1.175,41.353928,-6.8018513,-2.930426,70.0,25.0,90.0,41.58286,-7.144268,-2.6370935,70.96152,25.379189,89.09158,0.50567055
1.1791666666666667,41.353928,-6.8018513,-2.930426,70.0,25.0,90.0,41.582855,-7.144266,-2.6370945,70.961525,25.379192,89.09158,0.505667
1.1833333333333333,41.353928,-6.8018513,-2.930426,70.0,25.0,90.0,41.582855,-7.144266,-2.6370935,70.961525,25.379192,89.09158,0.5056675
1.1875,41.353928,-6.8018513,-2.930426,70.0,25.0,90.0,41.582855,-7.144266,-2.6370935,70.961525,25.379192,89.09158,0.5056675
1.1916666666666667,41.353928,-6.8018513,-2.930426,70.0,25.0,90.0,41.582855,-7.144269,-2.6370935,70.961525,25.379196,89.09158,0.5056695
1.1958333333333333,41.353928,-6.8018513,-2.930426,70.0,25.0,90.0,41.582855,-7.144268,-2.6370926,70.961525,25.3792,89.09158,0.50566936
1.2,41.353928,-6.8018513,-2.930426,70.0,25.0,90.0,41.582855,-7.144268,-2.6370935,70.961525,25.379192,89.09158,0.5056688
1.2041666666666666,41.353928,-6.8018513,-2.930426,70.0,25.0,90.0,41.582855,-7.144266,-2.6370935,70.961525,25.3792,89.09158,0.5056675
1.2083333333333333,41.353928,-6.8018513,-2.930426,70.0,25.0,90.0,41.582855,-7.144268,-2.6370916,70.961525,25.379196,89.09158,0.50566995
1.2125,41.353928,-6.8018513,-2.930426,70.0,25.0,90.0,41.582855,-7.144269,-2.6370945,70.961525,25.379196,89.09158,0.5056689
1.2166666666666666,41.353928,-6.8018513,-2.930426,70.0,25.0,90.0,41.582855,-7.144268,-2.6370926,70.961525,25.379196,89.09158,0.50566936
1.2208333333333334,41.353928,-6.8018513,-2.930426,70.0,25.0,90.0,41.582855,-7.144268,-2.6370935,70.961525,25.379196,89.09158,0.5056688
1.225,41.353928,-6.8018513,-2.930426,70.0,25.0,90.0,41.582855,-7.144269,-2.6370945,70.961525,25.3792,89.09158,0.5056689
1.2291666666666667,41.353928,-6.8018513,-2.930426,70.0,25.0,90.0,41.582855,-7.144266,-2.6370945,70.961525,25.379196,89.09158,0.505667
1.2333333333333334,41.353928,-6.8018513,-2.930426,70.0,25.0,90.0,41.582855,-7.144268,-2.6370935,70.961525,25.379196,89.09158,0.5056688
1.2375,41.353928,-6.8018513,-2.930426,70.0,25.0,90.0,41.582855,-7.144266,-2.6370907,70.961525,25.379192,89.09158,0.5056692
1.2416666666666667,41.353928,-6.8018513,-2.930426,70.0,25.0,90.0,41.582855,-7.144266,-2.6370945,70.96153,25.379196,89.09158,0.505667
1.2458333333333333,41.353928,-6.8018513,-2.930426,70.0,25.0,90.0,41.58286,-7.144269,-2.6370926,70.961525,25.379196,89.09158,0.50567174
1.25,41.353928,-6.8018513,-2.930426,70.0,25.0,90.0,41.58286,-7.144268,-2.6370955,70.961525,25.379192,89.09158,0.5056694
1.2541666666666667,41.353928,-6.8018513,-2.930426,70.0,25.0,90.0,41.582855,-7.144268,-2.6370907,70.961525,25.379196,89.09158,0.5056705
1.2583333333333333,41.353928,-6.8018513,-2.930426,70.0,25.0,90.0,41.582855,-7.144269,-2.6370926,70.961525,25.3792,89.09158,0.50567
1.2625,41.353928,-6.8018513,-2.930426,70.0,25.0,90.0,41.582855,-7.144268,-2.6370916,70.961525,25.379196,89.091576,0.50566995
1.2666666666666666,41.353928,-6.8018513,-2.930426,70.0,25.0,90.0,41.582855,-7.144271,-2.6370916,70.961525,25.379196,89.091576,0.50567186
1.2708333333333333,41.353928,-6.8018513,-2.930426,70.0,25.0,90.0,41.582855,-7.144269,-2.6370907,70.96153,25.379192,89.091576,0.5056711
1.275,41.353928,-6.8018513,-2.930426,70.0,25.0,90.0,41.582855,-7.144269,-2.6370897,70.96153,25.379196,89.09157,0.5056717
1.2791666666666666,41.353928,-6.8018513,-2.930426,70.0,25.0,90.0,41.582855,-7.144271,-2.6370945,70.961525,25.3792,89.09157,0.5056702
1.2833333333333334,41.353928,-6.8018513,-2.930426,70.0,25.0,90.0,41.58286,-7.144266,-2.6370935,70.96153,25.3792,89.09157,0.50566924
1.2875,41.353928,-6.8018513,-2.930426,70.0,25.0,90.0,41.582855,-7.144268,-2.6370916,70.96153,25.3792,89.09157,0.50566995
1.2916666666666667,41.353928,-6.8018513,-2.930426,70.0,25.0,90.0,41.58286,-7.144268,-2.6370907,70.961525,25.379196,89.09157,0.5056722
1.2958333333333334,41.353928,-6.8018513,-2.930426,70.0,25.0,90.0,41.58286,-7.144266,-2.6370907,70.961525,25.3792,89.09157,0.5056709
1.3,41.353928,-6.8018513,-2.930426,70.0,25.0,90.0,41.58286,-7.144266,-2.6370926,70.96153,25.3792,89.09157,0.50566983
1.3041666666666667,41.353928,-6.8018513,-2.930426,70.0,25.0,90.0,41.58286,-7.144268,-2.6370926,70.961525,25.3792,89.091576,0.5056711
1.3083333333333333,41.353928,-6.8018513,-2.930426,70.0,25.0,90.0,41.582855,-7.144266,-2.6370935,70.961525,25.3792,89.091576,0.5056675
1.3125,41.353928,-6.8018513,-2.930426,70.0,25.0,90.0,41.582855,-7.144265,-2.6370907,70.961525,25.3792,89.091576,0.5056685
1.3166666666666667,41.353928,-6.8018513,-2.930426,70.0,25.0,90.0,41.58286,-7.144266,-2.6370907,70.961525,25.379196,89.091576,0.5056709
1.3208333333333333,41.353928,-6.8018513,-2.930426,70.0,25.0,90.0,41.58286,-7.144268,-2.6370916,70.961525,25.3792,89.091576,0.5056716
1.325,41.353928,-6.8018513,-2.930426,70.0,25.0,90.0,41.582855,-7.144268,-2.6370916,70.961525,25.379196,89.091576,0.50566995
1.3291666666666666,41.353928,-6.8018513,-2.930426,70.0,25.0,90.0,41.582855,-7.144268,-2.6370926,70.961525,25.379196,89.09158,0.50566936
1.3333333333333333,41.353928,-6.8018513,-2.930426,70.0,25.0,90.0,41.582855,-7.144268,-2.6370916,70.961525,25.3792,89.091576,0.50566995
1.3375,41.353928,-6.8018513,-2.930426,70.0,25.0,90.0,41.582855,-7.144271,-2.6370916,70.961525,25.379196,89.09158,0.50567186
1.3416666666666666,41.353928,-6.8018513,-2.930426,70.0,25.0,90.0,41.58286,-7.144268,-2.6370916,70.961525,25.379196,89.09158,0.5056716
1.3458333333333334,41.353928,-6.8018513,-2.930426,70.0,25.0,90.0,41.582855,-7.144269,-2.6370907,70.961525,25.379196,89.09158,0.5056711
1.35,41.353928,-6.8018513,-2.930426,70.0,25.0,90.0,41.582855,-7.144269,-2.6370907,70.961525,25.379196,89.09158,0.5056711
1.3541666666666667,41.353928,-6.8018513,-2.930426,70.0,25.0,90.0,41.582855,-7.144269,-2.6370907,70.961525,25.379196,89.09158,0.5056711
1.3583333333333334,41.353928,-6.8018513,-2.930426,70.0,25.0,90.0,41.582855,-7.144269,-2.6370907,70.961525,25.379196,89.09158,0.5056711
1.3625,41.353928,-6.8018513,-2.930426,70.0,25.0,90.0,41.582855,-7.144269,-2.6370907,70.961525,25.379196,89.09158,0.5056711
1.3666666666666667,41.353928,-6.8018513,-2.930426,70.0,25.0,90.0,41.582855,-7.144269,-2.6370907,70.961525,25.379196,89.09158,0.5056711
1.3708333333333333,41.353928,-6.8018513,-2.930426,70.0,25.0,90.0,41.582855,-7.144269,-2.6370907,70.961525,25.379196,89.09158,0.5056711
1.375,41.353928,-6.8018513,-2.930426,70.0,25.0,90.0,41.582855,-7.144269,-2.6370907,70.961525,25.379196,89.09158,0.5056711
1.3791666666666667,41.353928,-6.8018513,-2.930426,70.0,25.0,90.0,41.582855,-7.144269,-2.6370907,70.961525,25.379196,89.09158,0.5056711
1.3833333333333333,41.353928,-6.8018513,-2.930426,70.0,25.0,90.0,41.582855,-7.144269,-2.6370907,70.961525,25.379196,89.09158,0.5056711
1.3875,41.353928,-6.8018513,-2.930426,70.0,25.0,90.0,41.582855,-7.144269,-2.6370907,70.961525,25.379196,89.09158,0.5056711
1.3916666666666666,41.353928,-6.8018513,-2.930426,70.0,25.0,90.0,41.582855,-7.144269,-2.6370907,70.961525,25.379196,89.09158,0.5056711
1.3958333333333333,41.353928,-6.8018513,-2.930426,70.0,25.0,90.0,41.582855,-7.144269,-2.6370907,70.961525,25.379196,89.09158,0.5056711
1.4,41.353928,-6.8018513,-2.930426,70.0,25.0,90.0,41.582855,-7.144269,-2.6370907,70.961525,25.379196,89.09158,0.5056711
1.4041666666666666,41.353928,-6.8018513,-2.930426,70.0,25.0,90.0,41.582855,-7.144269,-2.6370907,70.961525,25.379196,89.09158,0.5056711
1.4083333333333334,41.353928,-6.8018513,-2.930426,70.0,25.0,90.0,41.582855,-7.144269,-2.6370907,70.961525,25.379196,89.09158,0.5056711
1.4125,41.353928,-6.8018513,-2.930426,70.0,25.0,90.0,41.582855,-7.144269,-2.6370907,70.961525,25.379196,89.09158,0.5056711
1.4166666666666667,41.353928,-6.8018513,-2.930426,70.0,25.0,90.0,41.582855,-7.144269,-2.6370907,70.961525,25.379196,89.09158,0.5056711
1.4208333333333334,41.353928,-6.8018513,-2.930426,70.0,25.0,90.0,41.582855,-7.144269,-2.6370907,70.961525,25.379196,89.09158,0.5056711
1.425,41.353928,-6.8018513,-2.930426,70.0,25.0,90.0,41.582855,-7.144269,-2.6370907,70.961525,25.379196,89.09158,0.5056711
1.4291666666666667,41.353928,-6.8018513,-2.930426,70.0,25.0,90.0,41.582855,-7.144269,-2.6370907,70.961525,25.379196,89.09158,0.5056711
1.4333333333333333,41.353928,-6.8018513,-2.930426,70.0,25.0,90.0,41.582855,-7.144269,-2.6370907,70.961525,25.379196,89.09158,0.5056711
1.4375,41.353928,-6.8018513,-2.930426,70.0,25.0,90.0,41.582855,-7.144269,-2.6370907,70.961525,25.379196,89.09158,0.5056711
1.4416666666666667,41.353928,-6.8018513,-2.930426,70.0,25.0,90.0,41.582855,-7.144269,-2.6370907,70.961525,25.379196,89.09158,0.5056711
1.4458333333333333,41.353928,-6.8018513,-2.930426,70.0,25.0,90.0,41.582855,-7.144269,-2.6370907,70.961525,25.379196,89.09158,0.5056711
1.45,41.353928,-6.8018513,-2.930426,70.0,25.0,90.0,41.582855,-7.144269,-2.6370907,70.961525,25.379196,89.09158,0.5056711
1.4541666666666666,41.353928,-6.8018513,-2.930426,70.0,25.0,90.0,41.582855,-7.144269,-2.6370907,70.961525,25.379196,89.09158,0.5056711
1.4583333333333333,41.353928,-6.8018513,-2.930426,70.0,25.0,90.0,41.582855,-7.144269,-2.6370907,70.961525,25.379196,89.09158,0.5056711
1.4625,41.353928,-6.8018513,-2.930426,70.0,25.0,90.0,41.582855,-7.144269,-2.6370907,70.961525,25.379196,89.09158,0.5056711
1.4666666666666666,41.353928,-6.8018513,-2.930426,70.0,25.0,90.0,41.582855,-7.144269,-2.6370907,70.961525,25.379196,89.09158,0.5056711
1.4708333333333334,41.353928,-6.8018513,-2.930426,70.0,25.0,90.0,41.582855,-7.144269,-2.6370907,70.961525,25.379196,89.09158,0.5056711
1.475,41.353928,-6.8018513,-2.930426,70.0,25.0,90.0,41.582855,-7.144269,-2.6370907,70.961525,25.379196,89.09158,0.5056711
1.4791666666666667,41.353928,-6.8018513,-2.930426,70.0,25.0,90.0,41.582855,-7.144269,-2.6370907,70.961525,25.379196,89.09158,0.5056711
1.4833333333333334,41.353928,-6.8018513,-2.930426,70.0,25.0,90.0,41.582855,-7.144269,-2.6370907,70.961525,25.379196,89.09158,0.5056711
1.4875,41.353928,-6.8018513,-2.930426,70.0,25.0,90.0,41.582855,-7.144269,-2.6370907,70.961525,25.379196,89.09158,0.5056711
1.4916666666666667,41.353928,-6.8018513,-2.930426,70.0,25.0,90.0,41.582855,-7.144269,-2.6370907,70.961525,25.379196,89.09158,0.5056711
1.4958333333333333,41.353928,-6.8018513,-2.930426,70.0,25.0,90.0,41.582855,-7.144269,-2.6370907,70.961525,25.379196,89.09158,0.5056711
1.5,41.353928,-6.8018513,-2.930426,70.0,25.0,90.0,41.58286,-7.144269,-2.6370916,70.961525,25.3792,89.09158,0.5056723
1.5041666666666667,41.353928,-6.8018513,-2.930426,70.0,25.0,90.0,41.58286,-7.144268,-2.6370916,70.961525,25.379196,89.09158,0.5056716
1.5083333333333333,41.353928,-6.8018513,-2.930426,70.0,25.0,90.0,41.58286,-7.144268,-2.6370907,70.961525,25.379196,89.09158,0.5056722
1.5125,41.353928,-6.8018513,-2.930426,70.0,25.0,90.0,41.58286,-7.144268,-2.6370878,70.961525,25.379196,89.09158,0.5056739
1.5166666666666666,41.353928,-6.8018513,-2.930426,70.0,25.0,90.0,41.58286,-7.144266,-2.6370907,70.961525,25.3792,89.09158,0.5056709
1.5208333333333333,41.353928,-6.8018513,-2.930426,70.0,25.0,90.0,41.58286,-7.144269,-2.6370935,70.961525,25.379196,89.09158,0.5056712
1.525,41.353928,-6.8018513,-2.930426,70.0,25.0,90.0,41.58286,-7.144268,-2.6370926,70.961525,25.379196,89.09158,0.5056711
1.5291666666666666,41.353928,-6.8018513,-2.930426,70.0,25.0,90.0,41.582855,-7.1442633,-2.6370897,70.961525,25.379196,89.09158,0.5056678
1.5333333333333334,41.353928,-6.8018513,-2.930426,70.0,25.0,90.0,41.58286,-7.144264,-2.6370869,70.96153,25.379192,89.09158,0.5056718
1.5375,41.353928,-6.8018513,-2.930426,70.0,25.0,90.0,41.582855,-7.144269,-2.637084,70.96153,25.379189,89.091576,0.505675
1.5416666666666667,41.353928,-6.8018513,-2.930426,70.0,25.0,90.0,41.582844,-7.1442633,-2.6370516,70.961555,25.379147,89.09155,0.50568473
1.5458333333333334,41.353928,-6.8018513,-2.930426,70.0,25.0,90.0,41.582848,-7.1441708,-2.6369925,70.96153,25.379108,89.091515,0.50565815
1.55,41.353928,-6.8018513,-2.930426,70.0,25.0,90.0,41.582867,-7.143937,-2.6369057,70.96141,25.379055,89.09144,0.505559
1.5541666666666667,41.353928,-6.8018513,-2.930426,70.0,25.0,90.0,41.582996,-7.1434565,-2.6367855,70.96115,25.379028,89.09132,0.5053625
1.5583333333333333,41.353928,-6.8018513,-2.930426,70.0,25.0,90.0,41.583282,-7.1427174,-2.6366081,70.96083,25.379074,89.09111,0.50509626
1.5625,41.353928,-6.8018513,-2.930426,70.0,25.0,90.0,41.58374,-7.1417093,-2.6363544,70.96064,25.379284,89.09081,0.5047726
1.5666666666666667,41.353928,-6.8018513,-2.930426,70.0,25.0,90.0,41.584366,-7.1403522,-2.6359806,70.96057,25.379791,89.09045,0.50436366
1.5708333333333333,41.353928,-6.8018513,-2.930426,70.0,25.0,90.0,41.585163,-7.1385536,-2.635459,70.960686,25.380764,89.09001,0.5038292
1.575,41.353928,-6.8018513,-2.930426,70.0,25.0,90.0,41.58624,-7.1362314,-2.6348667,70.961044,25.382328,89.08954,0.50312406
1.5791666666666666,41.353928,-6.8018513,-2.930426,70.0,25.0,90.0,41.58762,-7.1335173,-2.6341639,70.9619,25.384487,89.08921,0.5023799
1.5833333333333333,41.353928,-6.8018513,-2.930426,70.0,25.0,90.0,41.589222,-7.1304703,-2.6335,70.9634,25.387444,89.0892,0.50151646
1.5875,41.353928,-6.8018513,-2.930426,70.0,25.0,90.0,41.591125,-7.1271057,-2.6332216,70.96571,25.39088,89.08995,0.50038356
1.5916666666666666,41.353928,-6.8018513,-2.930426,70.0,25.0,90.0,41.59326,-7.1234674,-2.6337042,70.96915,25.394611,89.09182,0.49876
1.5958333333333334,41.353928,-6.8018513,-2.930426,70.0,25.0,90.0,41.595596,-7.1196947,-2.6349354,70.97341,25.398224,89.09468,0.49673218
1.6,41.353928,-6.8018513,-2.930426,70.0,25.0,90.0,41.598103,-7.1156034,-2.6377,70.97824,25.40401,89.097984,0.49371067
1.6041666666666667,41.353928,-6.8018513,-2.930426,70.0,25.0,90.0,41.600456,-7.111287,-2.6415644,70.98379,25.410385,89.10307,0.48986515
1.6083333333333334,41.353928,-6.8018513,-2.930426,70.0,25.0,90.0,41.601643,-7.106971,-2.646165,70.98912,25.416573,89.110886,0.4850412
1.6125,41.353928,-6.8018513,-2.930426,70.0,25.0,90.0,41.600777,-7.103464,-2.6497707,70.993774,25.420097,89.12357,0.48028335
1.6166666666666667,41.353928,-6.8018513,-2.930426,70.0,25.0,90.0,41.598003,-7.099931,-2.654768,70.99841,25.423637,89.13822,0.47372106
1.6208333333333333,41.353928,-6.8018513,-2.930426,70.0,25.0,90.0,41.59388,-7.0963526,-2.6611032,71.0022,25.42834,89.15526,0.4656637
1.625,41.353928,-6.8018513,-2.930426,70.0,25.0,90.0,41.59002,-7.094221,-2.6684237,71.00099,25.425201,89.17711,0.45810977
1.6291666666666667,41.353928,-6.8018513,-2.930426,70.0,25.0,90.0,41.583336,-7.092596,-2.6762629,70.99544,25.42075,89.204735,0.4491765
1.6333333333333333,41.353928,-6.8018513,-2.930426,70.0,25.0,90.0,41.57231,-7.0899353,-2.6910791,70.98282,25.425854,89.23694,0.43355593
1.6375,41.353928,-6.8018513,-2.930426,70.0,25.0,90.0,41.555523,-7.084319,-2.7121124,70.963875,25.435932,89.27193,0.4099872
1.6416666666666666,41.353928,-6.8018513,-2.930426,70.0,25.0,90.0,41.5363,-7.078991,-2.7374954,70.94033,25.448044,89.31025,0.38378182
1.6458333333333333,41.353928,-6.8018513,-2.930426,70.0,25.0,90.0,41.519413,-7.07438,-2.769105,70.910545,25.459286,89.35487,0.3573258
1.65,41.353928,-6.8018513,-2.930426,70.0,25.0,90.0,41.50224,-7.070821,-2.8083906,70.86907,25.482422,89.40257,0.33050498
1.6541666666666666,41.35394,-6.801896,-2.9304242,70.00005,25.0,89.999954,41.48258,-7.070159,-2.8516655,70.82134,25.511963,89.45793,0.30775958
1.6583333333333334,41.354023,-6.802208,-2.930425,70.0004,25.0,89.99958,41.46543,-7.0691414,-2.892784,70.77139,25.532269,89.51868,0.29168835
1.6625,41.354248,-6.8030457,-2.9304268,70.00132,25.0,89.99857,41.458122,-7.062296,-2.9196396,70.725494,25.53888,89.58017,0.27949393
1.6666666666666667,41.354675,-6.80464,-2.9304233,70.00309,25.0,89.99667,41.448822,-7.0508404,-2.9392738,70.69937,25.542831,89.64356,0.26373598
1.6708333333333334,41.35537,-6.8072286,-2.930425,70.00595,25.0,89.993576,41.437107,-7.0360146,-2.96344,70.66911,25.541893,89.72036,0.24518165
1.675,41.356384,-6.8110228,-2.9304261,70.01015,25.0,89.98905,41.41933,-7.0245037,-2.9822521,70.63462,25.524967,89.801254,0.22852197
1.6791666666666667,41.35778,-6.8162255,-2.9304266,70.0159,25.0,89.98283,41.404625,-7.0173407,-3.0115213,70.59944,25.50764,89.877625,0.22185142
1.6833333333333333,41.359604,-6.8230247,-2.930427,70.023415,25.0,89.97469,41.380566,-7.025879,-3.0503674,70.55931,25.48079,89.95858,0.2365901
1.6875,41.3619,-6.831602,-2.930424,70.0329,25.0,89.96444,41.35605,-7.051071,-3.0879831,70.52148,25.452263,90.00894,0.2702329
1.6916666666666667,41.36472,-6.8421206,-2.9304268,70.04451,25.0,89.95185,41.32453,-7.079732,-3.1155233,70.49,25.412067,90.03946,0.3038666
1.6958333333333333,41.3681,-6.8547363,-2.9304261,70.05843,25.0,89.936745,41.28018,-7.1138124,-3.1379967,70.46996,25.349754,90.073814,0.34341726
1.7,41.372078,-6.8695893,-2.9304254,70.074814,25.0,89.918945,41.220623,-7.1614504,-3.1754265,70.441086,25.262676,90.12111,0.4100573
1.7041666666666666,41.376694,-6.8868113,-2.930429,70.09378,25.0,89.898285,41.171722,-7.206002,-3.2434502,70.38508,25.156937,90.1533,0.49181134
1.7083333333333333,41.381973,-6.90652,-2.9304276,70.11547,25.0,89.87462,41.13359,-7.262597,-3.3144536,70.30633,25.041615,90.16761,0.5796213
1.7125,41.38795,-6.9288287,-2.930426,70.13999,25.0,89.84779,41.097164,-7.3148813,-3.36758,70.23095,24.917194,90.174904,0.651688
1.7166666666666666,41.394653,-6.953833,-2.930425,70.167435,25.0,89.81768,41.05924,-7.3336506,-3.3995204,70.17691,24.800034,90.1905,0.69051796
1.7208333333333334,41.4021,-6.9816217,-2.9304247,70.19788,25.0,89.784164,41.022697,-7.337569,-3.434527,70.15006,24.702255,90.19141,0.72440577
1.725,41.410313,-7.0122747,-2.9304276,70.23141,25.0,89.74713,41.00037,-7.3352194,-3.4616976,70.11832,24.631218,90.18483,0.7447107
1.7291666666666667,41.41931,-7.0458574,-2.9304242,70.268074,25.0,89.70648,40.990208,-7.325445,-3.4748535,70.07988,24.571,90.17287,0.7474642
1.7333333333333334,41.429115,-7.082434,-2.9304264,70.307915,25.0,89.66211,40.98528,-7.307749,-3.4694252,70.06284,24.497322,90.13726,0.73367363
1.7375,41.439724,-7.1220427,-2.9304242,70.35097,25.0,89.61397,40.980732,-7.3007603,-3.4730482,70.056305,24.45961,90.092545,0.73283994
1.7416666666666667,41.451164,-7.164732,-2.930428,70.39724,25.0,89.561935,40.970425,-7.3068466,-3.4864688,70.069016,24.426788,90.04114,0.74865776
1.7458333333333333,41.463432,-7.210531,-2.930426,70.44676,25.0,89.50599,40.95134,-7.322665,-3.4962816,70.09225,24.420841,89.99635,0.77136606
1.75,41.476543,-7.259461,-2.930425,70.49951,25.0,89.44604,40.932976,-7.3457146,-3.5089684,70.1253,24.432095,89.96294,0.79850984
1.7541666666666667,41.490498,-7.311534,-2.9304252,70.55547,25.0,89.38204,40.917206,-7.3786097,-3.5249734,70.169525,24.461086,89.92382,0.8286436
1.7583333333333333,41.505295,-7.3667564,-2.9304256,70.614624,25.0,89.31397,40.907875,-7.4177065,-3.5316448,70.22853,24.50681,89.87114,0.8491
1.7625,41.520935,-7.425127,-2.9304261,70.676926,25.0,89.241776,40.904316,-7.4606304,-3.5290365,70.29723,24.564964,89.805016,0.8601244
1.7666666666666666,41.537415,-7.486634,-2.9304256,70.74233,25.0,89.16544,40.899937,-7.503871,-3.5270581,70.38373,24.63821,89.72221,0.8732958
1.7708333333333333,41.554733,-7.551259,-2.9304256,70.81078,25.0,89.08494,40.892776,-7.5366936,-3.5235586,70.477646,24.727276,89.63031,0.88893515
1.775,41.572876,-7.6189747,-2.9304268,70.88221,25.0,89.000275,40.891968,-7.5686035,-3.5219212,70.568306,24.841625,89.52484,0.9033486
1.7791666666666666,41.591843,-7.689752,-2.9304252,70.95654,25.0,88.911415,40.88477,-7.5977154,-3.5258694,70.660065,24.979824,89.42794,0.92896557
1.7833333333333334,41.611614,-7.7635517,-2.9304276,71.03369,25.0,88.81839,40.873962,-7.627905,-3.509008,70.77069,25.127636,89.31818,0.94725156
1.7875,41.632187,-7.840327,-2.9304254,71.11357,25.0,88.72118,40.854645,-7.68384,-3.48358,70.8852,25.269543,89.202484,0.9669747
1.7916666666666667,41.65354,-7.920021,-2.930427,71.19607,25.0,88.619835,40.835403,-7.752347,-3.4522839,71.006805,25.407375,89.08055,0.98478377
1.7958333333333334,41.675663,-8.002581,-2.9304273,71.28109,25.0,88.514366,40.833733,-7.8186274,-3.4115295,71.14593,25.580616,88.95456,0.9869878
1.8,41.698532,-8.087934,-2.9304247,71.368515,25.0,88.40481,40.841827,-7.8849354,-3.3796172,71.28629,25.775063,88.82623,0.9883953
1.8041666666666667,41.722134,-8.176016,-2.9304266,71.45822,25.0,88.29119,40.863552,-7.956258,-3.3406954,71.42798,25.980259,88.68217,0.9766148
1.8083333333333333,41.74645,-8.266754,-2.9304276,71.550095,25.0,88.17355,40.889095,-8.037012,-3.3019018,71.56336,26.194511,88.5264,0.9622001
1.8125,41.77145,-8.360063,-2.930425,71.644005,25.0,88.05196,40.925037,-8.120683,-3.2626734,71.70174,26.390556,88.35835,0.9402692
1.8166666666666667,41.79712,-8.4558525,-2.9304252,71.73981,25.0,87.92648,40.968327,-8.213785,-3.2212086,71.84315,26.571068,88.17045,0.91107005
1.8208333333333333,41.823425,-8.554042,-2.930424,71.83738,25.0,87.79718,41.01368,-8.316593,-3.173644,71.99488,26.737549,87.96608,0.8781948
1.825,41.850353,-8.654525,-2.9304261,71.93656,25.0,87.66411,41.06649,-8.41607,-3.1200676,72.15367,26.9067,87.738655,0.840991
1.8291666666666666,41.877865,-8.757212,-2.9304264,72.03723,25.0,87.527374,41.12496,-8.508988,-3.0573902,72.32568,27.052769,87.526924,0.8028683
1.8333333333333333,41.90594,-8.861989,-2.930427,72.13923,25.0,87.387054,41.178974,-8.603638,-3.0015326,72.49017,27.184856,87.32617,0.7747788
1.8375,41.934547,-8.968755,-2.930427,72.24242,25.0,87.243256,41.240135,-8.70015,-2.9462395,72.64572,27.29144,87.12445,0.7447195
1.8416666666666666,41.96366,-9.077396,-2.9304266,72.34664,25.0,87.09606,41.31107,-8.791363,-2.9009,72.794235,27.361565,86.92602,0.713136
1.8458333333333334,41.99324,-9.1877985,-2.9304247,72.45176,25.0,86.94561,41.382317,-8.875206,-2.8642025,72.92786,27.408066,86.72822,0.68943983
1.85,42.023266,-9.299849,-2.9304256,72.55762,25.0,86.791985,41.449265,-8.955656,-2.8256283,73.05693,27.435074,86.54139,0.6774426
1.8541666666666667,42.053696,-9.41342,-2.9304256,72.66407,25.0,86.63534,41.515198,-9.027361,-2.7883673,73.175896,27.435257,86.36918,0.67764443
1.8583333333333334,42.084503,-9.528385,-2.9304242,72.770966,25.0,86.47579,41.578957,-9.103876,-2.7572756,73.28717,27.415482,86.202126,0.6824703
1.8625,42.11565,-9.644629,-2.9304276,72.87816,25.0,86.31349,41.629128,-9.194428,-2.7446365,73.38588,27.404469,86.04652,0.68840593
1.8666666666666667,42.147102,-9.762016,-2.930424,72.98552,25.0,86.14858,41.665558,-9.281697,-2.739993,73.47703,27.383099,85.9125,0.7062969
1.8708333333333333,42.17883,-9.880419,-2.9304264,73.09288,25.0,85.9812,41.697914,-9.363987,-2.7449198,73.54409,27.337654,85.773994,0.72965324
1.875,42.210793,-9.999706,-2.930428,73.20012,25.0,85.81152,41.725555,-9.448433,-2.7527447,73.600876,27.2738,85.634575,0.75559825
1.8791666666666667,42.242954,-10.119744,-2.9304283,73.3071,25.0,85.63972,41.751003,-9.533996,-2.7682133,73.63289,27.182243,85.494446,0.7819405
1.8833333333333333,42.275284,-10.240396,-2.9304295,73.41367,25.0,85.465935,41.774414,-9.624321,-2.7830257,73.662766,27.066845,85.357544,0.80755574
1.8875,42.30774,-10.361523,-2.9304247,73.51973,25.0,85.29039,41.795273,-9.71871,-2.7917833,73.68729,26.938675,85.22073,0.8336975
1.8916666666666666,42.34029,-10.482997,-2.930426,73.62512,25.0,85.11323,41.814987,-9.817864,-2.7967453,73.71014,26.803268,85.08101,0.85802966
1.8958333333333333,42.372894,-10.60468,-2.930424,73.729744,25.0,84.934654,41.837208,-9.923467,-2.7946177,73.735306,26.66372,84.93624,0.8771858
1.9,42.405518,-10.72643,-2.930428,73.83346,25.0,84.75487,41.863693,-10.035716,-2.7841063,73.75798,26.510258,84.787636,0.8899828
1.9041666666666666,42.43812,-10.848111,-2.9304245,73.93617,25.0,84.574066,41.887527,-10.155334,-2.772584,73.781685,26.350002,84.63432,0.8988922
1.9083333333333334,42.47067,-10.969587,-2.930427,74.03776,25.0,84.39246,41.911907,-10.286444,-2.7636127,73.80404,26.196465,84.47572,0.8981797
1.9125,42.503128,-11.090718,-2.9304276,74.138115,25.0,84.21024,41.940086,-10.4206505,-2.754795,73.81531,26.037544,84.32255,0.8926666
1.9166666666666667,42.535454,-11.211369,-2.9304233,74.23715,25.0,84.02766,41.97126,-10.563787,-2.7534246,73.82609,25.889263,84.16441,0.8769289
1.9208333333333334,42.56762,-11.331408,-2.9304276,74.334755,25.0,83.84489,42.005367,-10.714318,-2.7478542,73.85148,25.752022,83.99835,0.85455227
1.925,42.599583,-11.450691,-2.9304256,74.43085,25.0,83.66217,42.037937,-10.8702,-2.7376614,73.881615,25.61597,83.832855,0.83040565
1.9291666666666667,42.631306,-11.569096,-2.9304278,74.52534,25.0,83.47974,42.064598,-11.028805,-2.733282,73.90652,25.480259,83.6743,0.8074268
1.9333333333333333,42.66276,-11.6864805,-2.9304245,74.61815,25.0,83.2978,42.086823,-11.186171,-2.736082,73.92229,25.37239,83.516235,0.7872642
1.9375,42.69391,-11.802723,-2.9304261,74.7092,25.0,83.11659,42.107258,-11.343563,-2.7474518,73.93316,25.27209,83.35575,0.7671158
1.9416666666666667,42.724712,-11.917693,-2.9304247,74.79842,25.0,82.93635,42.12811,-11.500204,-2.768673,73.94568,25.172142,83.19422,0.7459198
1.9458333333333333,42.755146,-12.031262,-2.9304242,74.88575,25.0,82.75728,42.147007,-11.65406,-2.8049994,73.96142,25.088593,83.02916,0.72653
1.95,42.785168,-12.143307,-2.9304266,74.971115,25.0,82.57964,42.16471,-11.807846,-2.8525934,73.98507,25.023674,82.85546,0.7096185
1.9541666666666666,42.81475,-12.253712,-2.930427,75.054474,25.0,82.40365,42.183056,-11.963882,-2.920309,74.01714,24.981106,82.67971,0.6950839
1.9583333333333333,42.84386,-12.362356,-2.9304254,75.13577,25.0,82.22953,42.20654,-12.109697,-3.0008192,74.05689,24.93243,82.51335,0.68918097
1.9625,42.872467,-12.469122,-2.930425,75.21496,25.0,82.057526,42.231033,-12.244705,-3.0703173,74.1082,24.864037,82.33939,0.6938083
1.9666666666666666,42.900543,-12.573901,-2.9304278,75.291985,25.0,81.88784,42.255108,-12.361844,-3.1370764,74.1728,24.793026,82.17409,0.7101117
1.9708333333333334,42.928062,-12.676588,-2.930426,75.36683,25.0,81.7207,42.279724,-12.479657,-3.195128,74.257965,24.723003,82.0079,0.7274555
1.975,42.954983,-12.777069,-2.9304252,75.439445,25.0,81.55636,42.29963,-12.599285,-3.234737,74.368614,24.659824,81.85067,0.7441109
1.9791666666666667,42.981293,-12.875256,-2.9304247,75.50981,25.0,81.39499,42.325005,-12.723204,-3.2723737,74.47731,24.608242,81.700325,0.7554886
1.9833333333333334,43.006958,-12.971049,-2.9304283,75.577896,25.0,81.23682,42.357227,-12.847492,-3.3111348,74.58764,24.56231,81.55954,0.76312107
1.9875,43.031963,-13.064356,-2.9304285,75.643684,25.0,81.08203,42.39224,-12.9676895,-3.3403645,74.695465,24.511566,81.439865,0.765924
1.9916666666666667,43.056274,-13.15509,-2.930425,75.70717,25.0,80.93086,42.420677,-13.087135,-3.3565788,74.80538,24.471165,81.314835,0.7682505
1.9958333333333333,43.079876,-13.2431755,-2.9304273,75.76832,25.0,80.78347,42.43255,-13.191296,-3.364273,74.901596,24.434155,81.20674,0.7809907
2.0,43.10275,-13.32853,-2.9304273,75.82713,25.0,80.640045,42.437656,-13.288965,-3.355422,74.98831,24.40089,81.11717,0.79027456
2.004166666666667,43.12487,-13.41109,-2.930427,75.88361,25.0,80.50076,42.45088,-13.378609,-3.3419085,75.0763,24.367813,81.04286,0.79034
2.0083333333333333,43.14622,-13.490785,-2.930427,75.93775,25.0,80.3658,42.471832,-13.458885,-3.3169665,75.196365,24.360485,80.96932,0.7779657
2.0125,43.166794,-13.567558,-2.9304285,75.98955,25.0,80.23528,42.498962,-13.531821,-3.285738,75.32969,24.372028,80.91329,0.7573115
2.0166666666666666,43.18657,-13.641356,-2.9304252,76.03902,25.0,80.109375,42.525723,-13.612987,-3.2392216,75.47007,24.384033,80.8611,0.72998524
2.0208333333333335,43.205532,-13.712136,-2.9304254,76.08616,25.0,79.988205,42.556793,-13.701369,-3.176095,75.62285,24.412575,80.81178,0.69378066
2.025,43.22368,-13.779851,-2.9304278,76.13098,25.0,79.871895,42.59243,-13.794706,-3.1105099,75.78143,24.455223,80.72861,0.656601
2.029166666666667,43.240993,-13.844474,-2.9304256,76.173515,25.0,79.760544,42.636497,-13.902451,-3.04455,75.939644,24.497261,80.620186,0.61790055
2.033333333333333,43.257473,-13.905981,-2.9304276,76.21377,25.0,79.65425,42.69198,-14.019809,-2.9978085,76.09625,24.536678,80.48418,0.580759
2.0375,43.273113,-13.964354,-2.9304261,76.25177,25.0,79.55308,42.74993,-14.12884,-2.9642153,76.24304,24.561913,80.34053,0.5494697
2.0416666666666665,43.28791,-14.019577,-2.9304278,76.28754,25.0,79.45711,42.811058,-14.236572,-2.9501696,76.382324,24.582657,80.181816,0.5242756
2.0458333333333334,43.301865,-14.0716505,-2.930427,76.321106,25.0,79.36638,42.869007,-14.3601675,-2.9460468,76.50746,24.584507,80.03185,0.52043414
2.05,43.314976,-14.12058,-2.930424,76.35251,25.0,79.28092,42.932945,-14.479074,-2.9622145,76.60803,24.586342,79.88985,0.5248578
2.0541666666666667,43.327248,-14.166377,-2.9304278,76.38177,25.0,79.20076,42.99964,-14.593447,-2.9830132,76.69987,24.601158,79.746605,0.5408138
2.058333333333333,43.338684,-14.209067,-2.9304254,76.40894,25.0,79.125885,43.057312,-14.694638,-2.996479,76.7843,24.615623,79.604126,0.56507736
2.0625,43.3493,-14.248678,-2.930426,76.43406,25.0,79.05626,43.114395,-14.778079,-3.0242043,76.84806,24.632008,79.46068,0.58671975
2.066666666666667,43.3591,-14.285252,-2.9304278,76.45717,25.0,78.99187,43.152115,-14.848461,-3.0431433,76.90411,24.63681,79.31734,0.6105348
2.0708333333333333,43.3681,-14.318832,-2.930426,76.478325,25.0,78.93264,43.191,-14.912844,-3.0730715,76.9428,24.663567,79.16739,0.6360508
2.075,43.376312,-14.349487,-2.9304247,76.49758,25.0,78.878494,43.22654,-14.965995,-3.0962534,76.97058,24.67723,79.02944,0.65575343
2.0791666666666666,43.38376,-14.377275,-2.9304235,76.51499,25.0,78.829346,43.25595,-15.021674,-3.1044674,76.98842,24.672878,78.913925,0.6796144
2.0833333333333335,43.390457,-14.402282,-2.930426,76.53062,25.0,78.785065,43.28009,-15.066586,-3.1135845,76.993256,24.674454,78.8096,0.6978735
2.0875,43.396435,-14.42459,-2.930423,76.54453,25.0,78.745514,43.29949,-15.105811,-3.1206818,76.9944,24.690685,78.71887,0.7139036
2.091666666666667,43.40172,-14.444302,-2.9304283,76.55679,25.0,78.710526,43.30976,-15.141534,-3.1178017,77.00116,24.72469,78.63511,0.72780335
2.095833333333333,43.40633,-14.461523,-2.930428,76.5675,25.0,78.67995,43.31852,-15.173721,-3.1237764,77.01572,24.764015,78.54708,0.7431828
2.1,43.410313,-14.476375,-2.9304254,76.57671,25.0,78.653534,43.324226,-15.205241,-3.137251,77.03392,24.805489,78.45328,0.7625182
2.1041666666666665,43.413692,-14.488988,-2.9304287,76.584526,25.0,78.6311,43.327316,-15.239285,-3.150301,77.06156,24.853165,78.34929,0.78660727
2.1083333333333334,43.416508,-14.499507,-2.9304273,76.59104,25.0,78.61239,43.32906,-15.272334,-3.1579762,77.09061,24.899555,78.23962,0.8103625
2.1125,43.418804,-14.508086,-2.9304304,76.596344,25.0,78.597115,43.332825,-15.301598,-3.1640425,77.10431,24.939243,78.12715,0.8316414
2.1166666666666667,43.42063,-14.514886,-2.9304278,76.60055,25.0,78.58499,43.33506,-15.321536,-3.1664476,77.118546,24.978458,78.0262,0.84481496
2.120833333333333,43.422024,-14.520087,-2.930424,76.60377,25.0,78.57573,43.334877,-15.329872,-3.161004,77.1312,25.018524,77.95637,0.84647113
2.125,43.42304,-14.52388,-2.930425,76.60611,25.0,78.56898,43.33426,-15.330611,-3.1489134,77.14216,25.053097,77.914604,0.8404964
2.129166666666667,43.423733,-14.526467,-2.9304264,76.607704,25.0,78.56436,43.33344,-15.326002,-3.1346264,77.15222,25.080921,77.897354,0.8301244
2.1333333333333333,43.42416,-14.528066,-2.9304228,76.608696,25.0,78.561516,43.329647,-15.31624,-3.1175337,77.16015,25.100101,77.90054,0.81557494
2.1375,43.424385,-14.528897,-2.9304237,76.60921,25.0,78.56003,43.32113,-15.304134,-3.0977116,77.16706,25.112568,77.91522,0.7997747
2.1416666666666666,43.42447,-14.529213,-2.9304264,76.6094,25.0,78.55946,43.311363,-15.286774,-3.0743494,77.17484,25.116516,77.944084,0.77936196
2.1458333333333335,43.42448,-14.529258,-2.930425,76.60943,25.0,78.55939,43.30192,-15.266722,-3.0535946,77.17824,25.112778,77.97902,0.75765723
2.15,43.42448,-14.529258,-2.930425,76.60943,25.0,78.55939,43.293423,-15.244239,-3.0349798,77.18214,25.109684,78.017975,0.7343744
2.154166666666667,43.42448,-14.529258,-2.930425,76.60943,25.0,78.55939,43.28513,-15.22295,-3.018035,77.184944,25.10281,78.05866,0.7129538
2.158333333333333,43.42448,-14.529258,-2.930425,76.60943,25.0,78.55939,43.27702,-15.202105,-3.001587,77.187935,25.093796,78.09772,0.6924822
2.1625,43.42448,-14.529258,-2.930425,76.60943,25.0,78.55939,43.27108,-15.182037,-2.9852543,77.19135,25.085255,78.13454,0.67279947
2.1666666666666665,43.42448,-14.529258,-2.930425,76.60943,25.0,78.55939,43.265724,-15.162714,-2.9681015,77.194115,25.075768,78.17171,0.6541329
2.1708333333333334,43.42448,-14.529258,-2.930425,76.60943,25.0,78.55939,43.260365,-15.143484,-2.9507036,77.1976,25.063694,78.207596,0.6360969
2.175,43.42448,-14.529258,-2.930425,76.60943,25.0,78.55939,43.25534,-15.12628,-2.9340038,77.20212,25.050869,78.24086,0.6205292
2.1791666666666667,43.42448,-14.529258,-2.930425,76.60943,25.0,78.55939,43.250305,-15.11088,-2.9190044,77.20604,25.03833,78.27103,0.6072493
2.183333333333333,43.42448,-14.529258,-2.930425,76.60943,25.0,78.55939,43.244236,-15.096872,-2.9059896,77.20957,25.026958,78.29763,0.5960465
2.1875,43.42448,-14.529258,-2.930425,76.60943,25.0,78.55939,43.237793,-15.083717,-2.8941536,77.21197,25.015217,78.32025,0.5861683
2.191666666666667,43.42448,-14.529258,-2.930425,76.60943,25.0,78.55939,43.23266,-15.072809,-2.8847666,77.21303,25.006237,78.33782,0.57821155
2.1958333333333333,43.42448,-14.529258,-2.930425,76.60943,25.0,78.55939,43.229042,-15.06376,-2.8776093,77.213326,24.999157,78.351074,0.5715576
2.2,43.42448,-14.529258,-2.930425,76.60943,25.0,78.55939,43.22663,-15.056389,-2.8728008,77.21306,24.994488,78.36047,0.5659788
2.2041666666666666,43.42448,-14.529258,-2.930425,76.60943,25.0,78.55939,43.225105,-15.050453,-2.8700142,77.212616,24.992306,78.366776,0.5612883
2.2083333333333335,43.42448,-14.529258,-2.930425,76.60943,25.0,78.55939,43.224457,-15.046072,-2.8684692,77.212204,24.992012,78.370705,0.55762434
2.2125,43.42448,-14.529258,-2.930425,76.60943,25.0,78.55939,43.22441,-15.042911,-2.8679934,77.211624,24.993576,78.373,0.5547654
2.216666666666667,43.42448,-14.529258,-2.930425,76.60943,25.0,78.55939,43.224846,-15.040718,-2.8684473,77.210915,24.996227,78.373436,0.55252767
2.220833333333333,43.42448,-14.529258,-2.930425,76.60943,25.0,78.55939,43.22548,-15.039173,-2.869503,77.210175,24.999352,78.37265,0.55075103
2.225,43.42448,-14.529258,-2.930425,76.60943,25.0,78.55939,43.226204,-15.038012,-2.8706455,77.209564,25.002533,78.37165,0.5492882
2.2291666666666665,43.42448,-14.529258,-2.930425,76.60943,25.0,78.55939,43.226902,-15.037317,-2.8715105,77.209274,25.005314,78.37045,0.54829973
2.2333333333333334,43.42448,-14.529258,-2.930425,76.60943,25.0,78.55939,43.22753,-15.036962,-2.8721027,77.20922,25.007397,78.36923,0.54768014
2.2375,43.42448,-14.529258,-2.930425,76.60943,25.0,78.55939,43.228035,-15.036776,-2.8724718,77.209274,25.008793,78.368225,0.5472876
2.2416666666666667,43.42448,-14.529258,-2.930425,76.60943,25.0,78.55939,43.228413,-15.036664,-2.8727179,77.20937,25.009647,78.3675,0.54702264
2.245833333333333,43.42448,-14.529258,-2.930425,76.60943,25.0,78.55939,43.228645,-15.036612,-2.8728542,77.20952,25.010136,78.367004,0.54687625
2.25,43.42448,-14.529258,-2.930425,76.60943,25.0,78.55939,43.22878,-15.036597,-2.8728962,77.20964,25.010365,78.366714,0.54681075
2.254166666666667,43.42448,-14.529258,-2.930425,76.60943,25.0,78.55939,43.22884,-15.03661,-2.8728933,77.20969,25.010471,78.36658,0.54680073
2.2583333333333333,43.42448,-14.529258,-2.930425,76.60943,25.0,78.55939,43.22886,-15.036621,-2.87288,77.20972,25.010487,78.36652,0.5468059
2.2625,43.42448,-14.529258,-2.930425,76.60943,25.0,78.55939,43.228867,-15.036627,-2.8728743,77.20972,25.010502,78.36651,0.54680914
2.2666666666666666,43.42448,-14.529258,-2.930425,76.60943,25.0,78.55939,43.228867,-15.036629,-2.8728714,77.20972,25.010502,78.36651,0.54681116
2.2708333333333335,43.42448,-14.529258,-2.930425,76.60943,25.0,78.55939,43.228867,-15.03663,-2.8728704,77.209724,25.010498,78.36651,0.5468122
2.275,43.42448,-14.529258,-2.930425,76.60943,25.0,78.55939,43.228867,-15.03663,-2.8728704,77.209724,25.010498,78.36651,0.5468122
2.279166666666667,43.42448,-14.529258,-2.930425,76.60943,25.0,78.55939,43.228867,-15.03663,-2.8728704,77.209724,25.010498,78.36651,0.5468122
2.283333333333333,43.42448,-14.529258,-2.930425,76.60943,25.0,78.55939,43.228867,-15.03663,-2.8728704,77.209724,25.010498,78.36651,0.5468122
2.2875,43.42448,-14.529258,-2.930425,76.60943,25.0,78.55939,43.228867,-15.036628,-2.8728724,77.209724,25.010498,78.36651,0.5468102
2.2916666666666665,43.42448,-14.529258,-2.930425,76.60943,25.0,78.55939,43.228867,-15.036629,-2.8728714,77.20972,25.010502,78.36651,0.54681116
2.2958333333333334,43.42448,-14.529258,-2.930425,76.60943,25.0,78.55939,43.228867,-15.036627,-2.8728714,77.209724,25.010502,78.36651,0.54680943
2.3,43.42448,-14.529258,-2.930425,76.60943,25.0,78.55939,43.228867,-15.03663,-2.8728695,77.209724,25.010502,78.36651,0.5468123
2.3041666666666667,43.42448,-14.529258,-2.930425,76.60943,25.0,78.55939,43.228867,-15.036631,-2.8728714,77.209724,25.010502,78.3665,0.54681295
2.308333333333333,43.42448,-14.529258,-2.930425,76.60943,25.0,78.55939,43.228867,-15.036626,-2.8728714,77.209724,25.010502,78.3665,0.54680854
2.3125,43.42448,-14.529258,-2.930425,76.60943,25.0,78.55939,43.228867,-15.036627,-2.8728724,77.209724,25.010498,78.3665,0.5468093
2.316666666666667,43.42448,-14.529258,-2.930425,76.60943,25.0,78.55939,43.228867,-15.036628,-2.8728704,77.209724,25.010498,78.36651,0.54681045
2.3208333333333333,43.42448,-14.529258,-2.930425,76.60943,25.0,78.55939,43.228867,-15.036627,-2.8728704,77.20972,25.010498,78.36651,0.5468095
2.325,43.42448,-14.529258,-2.930425,76.60943,25.0,78.55939,43.228867,-15.036626,-2.8728743,77.20972,25.010494,78.36651,0.54680824
2.3291666666666666,43.42448,-14.529258,-2.930425,76.60943,25.0,78.55939,43.228867,-15.036627,-2.8728714,77.20972,25.010502,78.366516,0.54680943
2.3333333333333335,43.42448,-14.529258,-2.930425,76.60943,25.0,78.55939,43.228867,-15.036627,-2.8728695,77.20972,25.010494,78.366516,0.5468096
2.3375,43.42448,-14.529258,-2.930425,76.60943,25.0,78.55939,43.228867,-15.036628,-2.8728724,77.209724,25.01049,78.366516,0.5468102
2.341666666666667,43.42448,-14.529258,-2.930425,76.60943,25.0,78.55939,43.228867,-15.036628,-2.8728724,77.20972,25.010498,78.366516,0.5468102
2.345833333333333,43.42448,-14.529258,-2.930425,76.60943,25.0,78.55939,43.228867,-15.036627,-2.8728743,77.20972,25.010502,78.366516,0.54680914
2.35,43.42448,-14.529258,-2.930425,76.60943,25.0,78.55939,43.228867,-15.036628,-2.8728752,77.20972,25.010498,78.366516,0.5468099
2.3541666666666665,43.42448,-14.529258,-2.930425,76.60943,25.0,78.55939,43.22887,-15.036625,-2.8728743,77.209724,25.010502,78.366516,0.546806
2.3583333333333334,43.42448,-14.529258,-2.930425,76.60943,25.0,78.55939,43.228867,-15.036626,-2.8728743,77.209724,25.010502,78.366516,0.54680824
2.3625,43.42448,-14.529258,-2.930425,76.60943,25.0,78.55939,43.228867,-15.036627,-2.8728743,77.20973,25.010502,78.366516,0.54680914
2.3666666666666667,43.42448,-14.529258,-2.930425,76.60943,25.0,78.55939,43.228867,-15.036627,-2.8728752,77.20972,25.010498,78.366516,0.546809
2.370833333333333,43.42448,-14.529258,-2.930425,76.60943,25.0,78.55939,43.228867,-15.036629,-2.8728743,77.209724,25.010502,78.366516,0.54681087
2.375,43.42448,-14.529258,-2.930425,76.60943,25.0,78.55939,43.228867,-15.036627,-2.8728724,77.20973,25.010498,78.366516,0.5468093
2.379166666666667,43.42448,-14.529258,-2.930425,76.60943,25.0,78.55939,43.228867,-15.036629,-2.8728724,77.209724,25.010498,78.366516,0.54681104
2.3833333333333333,43.42448,-14.529258,-2.930425,76.60943,25.0,78.55939,43.228867,-15.036629,-2.8728714,77.209724,25.010498,78.36651,0.54681116
2.3875,43.42448,-14.529258,-2.930425,76.60943,25.0,78.55939,43.228867,-15.03663,-2.8728695,77.20973,25.010494,78.36651,0.5468123
2.3916666666666666,43.42448,-14.529258,-2.930425,76.60943,25.0,78.55939,43.22887,-15.036631,-2.8728724,77.209724,25.010494,78.36651,0.54681146
2.3958333333333335,43.42448,-14.529258,-2.930425,76.60943,25.0,78.55939,43.228867,-15.036629,-2.8728704,77.20973,25.010494,78.366516,0.5468113
2.4,43.42448,-14.529258,-2.930425,76.60943,25.0,78.55939,43.228867,-15.036629,-2.8728695,77.209724,25.010494,78.36651,0.5468114
2.404166666666667,43.42448,-14.529258,-2.930425,76.60943,25.0,78.55939,43.228867,-15.036629,-2.8728704,77.20973,25.010494,78.36651,0.5468113
2.408333333333333,43.42448,-14.529258,-2.930425,76.60943,25.0,78.55939,43.228867,-15.036631,-2.8728724,77.20973,25.010494,78.36651,0.54681283
2.4125,43.42448,-14.529258,-2.930425,76.60943,25.0,78.55939,43.228867,-15.036631,-2.8728704,77.20973,25.010498,78.366516,0.5468131
2.4166666666666665,43.42448,-14.529258,-2.930425,76.60943,25.0,78.55939,43.228867,-15.03663,-2.8728724,77.20973,25.010498,78.366516,0.546812
2.4208333333333334,43.42448,-14.529258,-2.930425,76.60943,25.0,78.55939,43.228867,-15.036631,-2.8728714,77.209724,25.010498,78.366516,0.54681295
2.425,43.42448,-14.529258,-2.930425,76.60943,25.0,78.55939,43.228867,-15.036631,-2.8728743,77.20973,25.010498,78.366516,0.54681265
2.4291666666666667,43.42448,-14.529258,-2.930425,76.60943,25.0,78.55939,43.228867,-15.036629,-2.8728724,77.20973,25.010494,78.366516,0.54681104
2.433333333333333,43.42448,-14.529258,-2.930425,76.60943,25.0,78.55939,43.228867,-15.036631,-2.8728685,77.20973,25.010494,78.36651,0.54681325
2.4375,43.42448,-14.529258,-2.930425,76.60943,25.0,78.55939,43.22887,-15.036629,-2.8728704,77.20973,25.010498,78.36651,0.5468099
2.441666666666667,43.42448,-14.529258,-2.930425,76.60943,25.0,78.55939,43.228867,-15.036628,-2.8728714,77.20973,25.010502,78.36651,0.5468103
2.4458333333333333,43.42448,-14.529258,-2.930425,76.60943,25.0,78.55939,43.22887,-15.036629,-2.8728714,77.20973,25.010502,78.36651,0.5468098
2.45,43.42448,-14.529258,-2.930425,76.60943,25.0,78.55939,43.228867,-15.036629,-2.8728743,77.20973,25.010502,78.36651,0.54681087
2.4541666666666666,43.42448,-14.529258,-2.930425,76.60943,25.0,78.55939,43.228867,-15.036631,-2.8728704,77.209724,25.010498,78.3665,0.5468131
2.4583333333333335,43.42448,-14.529258,-2.930425,76.60943,25.0,78.55939,43.228867,-15.036631,-2.8728714,77.209724,25.010502,78.3665,0.54681295
2.4625,43.42448,-14.529258,-2.930425,76.60943,25.0,78.55939,43.228867,-15.03663,-2.8728743,77.209724,25.010502,78.3665,0.54681176
2.466666666666667,43.42448,-14.529258,-2.930425,76.60943,25.0,78.55939,43.228867,-15.036629,-2.8728743,77.20973,25.010502,78.3665,0.54681087
2.470833333333333,43.42448,-14.529258,-2.930425,76.60943,25.0,78.55939,43.228867,-15.036631,-2.8728714,77.209724,25.010502,78.3665,0.54681295
2.475,43.42448,-14.529258,-2.930425,76.60943,25.0,78.55939,43.228867,-15.036631,-2.8728714,77.20973,25.010502,78.3665,0.54681295
2.4791666666666665,43.42448,-14.529258,-2.930425,76.60943,25.0,78.55939,43.228867,-15.036631,-2.8728704,77.20973,25.010498,78.3665,0.5468131
2.4833333333333334,43.42448,-14.529258,-2.930425,76.60943,25.0,78.55939,43.228867,-15.036631,-2.8728714,77.20973,25.010498,78.3665,0.54681295
2.4875,43.42448,-14.529258,-2.930425,76.60943,25.0,78.55939,43.22887,-15.036631,-2.8728695,77.209724,25.010502,78.3665,0.54681176
2.4916666666666667,43.42448,-14.529258,-2.930425,76.60943,25.0,78.55939,43.228867,-15.036631,-2.8728695,77.209724,25.010502,78.3665,0.54681313
2.495833333333333,43.42448,-14.529258,-2.930425,76.60943,25.0,78.55939,43.228867,-15.036631,-2.8728704,77.20973,25.010502,78.3665,0.5468131
2.5,43.42448,-14.529258,-2.930425,76.60943,25.0,78.55939,43.228867,-15.036628,-2.8728695,77.209724,25.010502,78.3665,0.5468105
2.504166666666667,43.42448,-14.529258,-2.930425,76.60943,25.0,78.55939,43.228863,-15.036629,-2.8728685,77.209724,25.010498,78.3665,0.54681283
2.5083333333333333,43.42448,-14.529258,-2.930425,76.60943,25.0,78.55939,43.228867,-15.03663,-2.8728695,77.209724,25.010502,78.3665,0.5468123
2.5125,43.42448,-14.529258,-2.930425,76.60943,25.0,78.55939,43.228867,-15.036628,-2.8728714,77.209724,25.010498,78.3665,0.5468103
2.5166666666666666,43.42448,-14.529258,-2.930425,76.60943,25.0,78.55939,43.228867,-15.036629,-2.8728714,77.209724,25.010502,78.3665,0.54681116
2.5208333333333335,43.42448,-14.529258,-2.930425,76.60943,25.0,78.55939,43.228867,-15.036628,-2.8728704,77.209724,25.010498,78.3665,0.54681045
2.525,43.42448,-14.529258,-2.930425,76.60943,25.0,78.55939,43.228867,-15.036629,-2.8728704,77.20972,25.010498,78.3665,0.5468113
2.529166666666667,43.42448,-14.529258,-2.930425,76.60943,25.0,78.55939,43.228867,-15.036629,-2.8728714,77.20972,25.010502,78.3665,0.54681116
2.533333333333333,43.42448,-14.529258,-2.930425,76.60943,25.0,78.55939,43.228867,-15.036629,-2.8728752,77.20972,25.010502,78.36651,0.54681075
2.5375,43.42448,-14.529258,-2.930425,76.60943,25.0,78.55939,43.228867,-15.036617,-2.8728895,77.20972,25.010506,78.36654,0.54679865
2.5416666666666665,43.42448,-14.529258,-2.930425,76.60943,25.0,78.55939,43.228844,-15.036604,-2.8729115,77.20969,25.010502,78.36667,0.54679215
2.5458333333333334,43.42448,-14.529258,-2.930425,76.60943,25.0,78.55939,43.228786,-15.036576,-2.8729496,77.20961,25.01054,78.36694,0.546783
2.55,43.42448,-14.529258,-2.930425,76.60943,25.0,78.55939,43.228683,-15.036549,-2.8730202,77.20953,25.010574,78.36742,0.5467868
2.5541666666666667,43.42448,-14.529258,-2.930425,76.60943,25.0,78.55939,43.228508,-15.036462,-2.8731318,77.20943,25.010612,78.36813,0.5467574
2.558333333333333,43.42448,-14.529258,-2.930425,76.60943,25.0,78.55939,43.228256,-15.036281,-2.8732529,77.20919,25.01049,78.36906,0.546667
2.5625,43.42448,-14.529258,-2.930425,76.60943,25.0,78.55939,43.227936,-15.035986,-2.8733635,77.20869,25.009983,78.37016,0.5464972
2.566666666666667,43.42448,-14.529258,-2.930425,76.60943,25.0,78.55939,43.227585,-15.035631,-2.8734503,77.20782,25.008759,78.37133,0.5462856
2.5708333333333333,43.42448,-14.529258,-2.930425,76.60943,25.0,78.55939,43.227314,-15.035371,-2.8734999,77.20651,25.006626,78.37241,0.54613686
2.575,43.42448,-14.529258,-2.930425,76.60943,25.0,78.55939,43.22719,-15.035317,-2.8735294,77.2048,25.003506,78.37312,0.54612976
2.5791666666666666,43.42448,-14.529258,-2.930425,76.60943,25.0,78.55939,43.227386,-15.035618,-2.873579,77.20275,24.999405,78.37301,0.5463314
2.5833333333333335,43.42448,-14.529258,-2.930425,76.60943,25.0,78.55939,43.22805,-15.036517,-2.873742,77.20028,24.994564,78.372025,0.54690933
2.5875,43.42448,-14.529258,-2.930425,76.60943,25.0,78.55939,43.229317,-15.038232,-2.874034,77.1974,24.989098,78.369865,0.54801774
2.591666666666667,43.42448,-14.529258,-2.930425,76.60943,25.0,78.55939,43.23085,-15.041263,-2.8742323,77.19398,24.983852,78.36604,0.550272
2.595833333333333,43.42448,-14.529258,-2.930425,76.60943,25.0,78.55939,43.232807,-15.046112,-2.8747787,77.189835,24.980476,78.3601,0.5540519
2.6,43.42448,-14.529258,-2.930425,76.60943,25.0,78.55939,43.234245,-15.051929,-2.8749657,77.18586,24.979172,78.352745,0.558973
2.6041666666666665,43.42448,-14.529258,-2.930425,76.60943,25.0,78.55939,43.234974,-15.058702,-2.8753548,77.18123,24.980778,78.34482,0.5650284
2.6083333333333334,43.42448,-14.529258,-2.930425,76.60943,25.0,78.55939,43.236294,-15.066497,-2.8772364,77.175415,24.98568,78.33463,0.57172465
2.6125,43.42448,-14.529258,-2.930425,76.60943,25.0,78.55939,43.23792,-15.074804,-2.8776665,77.1705,24.990643,78.32197,0.578973
2.6166666666666667,43.42448,-14.529258,-2.930425,76.60943,25.0,78.55939,43.24019,-15.083037,-2.8766327,77.16627,24.995491,78.30916,0.5861134
2.620833333333333,43.42448,-14.529258,-2.930425,76.60943,25.0,78.55939,43.243553,-15.090922,-2.8749752,77.16129,25.000145,78.296135,0.5926858
2.625,43.42448,-14.529258,-2.930425,76.60943,25.0,78.55939,43.24785,-15.097825,-2.8704376,77.15875,25.006054,78.283875,0.5983862
2.629166666666667,43.42448,-14.529258,-2.930425,76.60943,25.0,78.55939,43.252426,-15.103231,-2.8619099,77.15766,25.012497,78.273384,0.6031109
2.6333333333333333,43.42448,-14.529258,-2.930425,76.60943,25.0,78.55939,43.257645,-15.105853,-2.8515224,77.15643,25.015198,78.268845,0.6054106
2.6375,43.42448,-14.529258,-2.930425,76.60943,25.0,78.55939,43.267033,-15.103899,-2.834423,77.15246,25.012928,78.267044,0.6035054
2.6416666666666666,43.42448,-14.529258,-2.930425,76.60943,25.0,78.55939,43.27701,-15.091372,-2.8047209,77.14295,25.0047,78.2803,0.59457576
2.6458333333333335,43.42448,-14.529258,-2.930425,76.60943,25.0,78.55939,43.289364,-15.074456,-2.765955,77.13669,24.992287,78.30271,0.5852762
2.65,43.42448,-14.529258,-2.930425,76.60943,25.0,78.55939,43.30406,-15.054511,-2.71937,77.129265,24.976402,78.33352,0.5787364
2.654166666666667,43.42447,-14.529213,-2.9304264,76.6094,25.0,78.55946,43.323154,-15.026617,-2.6654654,77.124405,24.960426,78.36612,0.5726079
2.658333333333333,43.424385,-14.528897,-2.9304237,76.60921,25.0,78.56003,43.344643,-14.990724,-2.60717,77.12506,24.941143,78.40568,0.56932884
2.6625,43.42416,-14.528066,-2.9304228,76.608696,25.0,78.561516,43.363945,-14.948747,-2.5488148,77.13412,24.930698,78.45151,0.57115936
2.6666666666666665,43.423733,-14.526467,-2.9304264,76.607704,25.0,78.56436,43.38172,-14.916438,-2.5092325,77.13742,24.930504,78.50278,0.5755401
2.6708333333333334,43.42304,-14.52388,-2.930425,76.60611,25.0,78.56898,43.39296,-14.8897,-2.4760323,77.138794,24.936428,78.57202,0.5841247
2.675,43.422024,-14.520087,-2.930424,76.60377,25.0,78.57573,43.412823,-14.878495,-2.4257536,77.134766,24.93328,78.6435,0.61905825
2.6791666666666667,43.42063,-14.514886,-2.9304278,76.60055,25.0,78.58499,43.430794,-14.877394,-2.374179,77.11726,24.929028,78.71468,0.6640241
2.683333333333333,43.418804,-14.508086,-2.9304304,76.596344,25.0,78.597115,43.45111,-14.883919,-2.325611,77.08546,24.930027,78.79712,0.71281147
2.6875,43.416508,-14.499507,-2.9304273,76.59104,25.0,78.61239,43.469776,-14.889076,-2.2977743,77.03584,24.939648,78.87453,0.7448836
2.691666666666667,43.413692,-14.488988,-2.9304287,76.584526,25.0,78.6311,43.489853,-14.896315,-2.2727575,76.97595,24.94646,78.9512,0.77733314
2.6958333333333333,43.410313,-14.476375,-2.9304254,76.57671,25.0,78.653534,43.50767,-14.9078245,-2.2647314,76.90521,24.959427,79.03041,0.79923475
2.7,43.40633,-14.461523,-2.930428,76.5675,25.0,78.67995,43.528732,-14.92519,-2.2910767,76.81454,24.972454,79.07857,0.7992118
2.7041666666666666,43.40172,-14.444302,-2.9304283,76.55679,25.0,78.710526,43.54328,-14.927624,-2.3372345,76.720856,24.968655,79.12185,0.7781512
2.7083333333333335,43.396435,-14.42459,-2.930423,76.54453,25.0,78.745514,43.54904,-14.918432,-2.3968163,76.630356,24.965485,79.15802,0.7429032
2.7125,43.390457,-14.402282,-2.930426,76.53062,25.0,78.785065,43.544323,-14.901438,-2.4634142,76.537125,24.971188,79.192665,0.70066494
2.716666666666667,43.38376,-14.377275,-2.9304235,76.51499,25.0,78.829346,43.52818,-14.860605,-2.5331469,76.447235,24.980175,79.2363,0.64210105
2.720833333333333,43.376312,-14.349487,-2.9304247,76.49758,25.0,78.878494,43.498466,-14.804427,-2.6163263,76.34654,24.994999,79.28831,0.5661711
2.725,43.3681,-14.318832,-2.930426,76.478325,25.0,78.93264,43.442387,-14.74335,-2.6993523,76.241844,25.010986,79.36059,0.48900804
2.7291666666666665,43.3591,-14.285252,-2.9304278,76.45717,25.0,78.99187,43.36674,-14.665452,-2.7641802,76.12604,25.011856,79.47744,0.4150289
2.7333333333333334,43.3493,-14.248678,-2.930426,76.43406,25.0,79.05626,43.291157,-14.576582,-2.822999,76.008224,25.008736,79.62407,0.34991726
2.7375,43.338684,-14.209067,-2.9304254,76.40894,25.0,79.125885,43.207455,-14.476504,-2.854189,75.8988,25.005463,79.76314,0.3074991
2.7416666666666667,43.327248,-14.166377,-2.9304278,76.38177,25.0,79.20076,43.121513,-14.365008,-2.8859243,75.80095,25.004192,79.91256,0.28941584
2.745833333333333,43.314976,-14.12058,-2.930424,76.35251,25.0,79.28092,43.031307,-14.258177,-2.9042482,75.742966,25.018993,80.04718,0.31636366
2.75,43.301865,-14.0716505,-2.930427,76.321106,25.0,79.36638,42.93771,-14.148462,-2.9229374,75.71559,25.03672,80.20224,0.37224302
2.754166666666667,43.28791,-14.019577,-2.9304278,76.28754,25.0,79.45711,42.848694,-14.039196,-2.953683,75.69326,25.04919,80.39705,0.44026917
2.7583333333333333,43.273113,-13.964354,-2.9304261,76.25177,25.0,79.55308,42.766857,-13.927779,-2.9766464,75.69592,25.070301,80.63109,0.5096756
2.7625,43.257473,-13.905981,-2.9304276,76.21377,25.0,79.65425,42.684765,-13.810503,-2.9935722,75.72031,25.08324,80.886345,0.5840359
2.7666666666666666,43.240993,-13.844474,-2.9304256,76.173515,25.0,79.760544,42.60953,-13.666498,-3.0038967,75.77104,25.115173,81.135826,0.6601649
2.7708333333333335,43.22368,-13.779851,-2.9304278,76.13098,25.0,79.871895,42.547474,-13.499887,-3.0177536,75.82358,25.163208,81.38163,0.7370605
2.775,43.205532,-13.712136,-2.9304254,76.08616,25.0,79.988205,42.502403,-13.323331,-3.0398836,75.87466,25.226643,81.606895,0.81088895
2.779166666666667,43.18657,-13.641356,-2.9304252,76.03902,25.0,80.109375,42.47732,-13.148782,-3.0445995,75.915245,25.304562,81.79274,0.8710326
2.783333333333333,43.166794,-13.567558,-2.9304285,75.98955,25.0,80.23528,42.468918,-12.982588,-3.0227518,75.94498,25.38255,81.9644,0.91528404
2.7875,43.14622,-13.490785,-2.930427,75.93775,25.0,80.3658,42.460938,-12.814277,-3.0092611,75.95862,25.456367,82.13712,0.96617365
2.7916666666666665,43.12487,-13.41109,-2.930427,75.88361,25.0,80.50076,42.454704,-12.6512985,-3.0028687,75.94736,25.531857,82.283005,1.0157033
2.7958333333333334,43.10275,-13.32853,-2.9304273,75.82713,25.0,80.640045,42.448452,-12.50095,-3.0074377,75.91379,25.613396,82.402985,1.0577922
2.8,43.079876,-13.2431755,-2.9304273,75.76832,25.0,80.78347,42.42495,-12.360331,-2.997181,75.84885,25.680752,82.51107,1.1012719
2.8041666666666667,43.056274,-13.15509,-2.930425,75.70717,25.0,80.93086,42.392796,-12.228712,-3.0083055,75.75584,25.726688,82.6204,1.1421236
2.808333333333333,43.031963,-13.064356,-2.9304285,75.643684,25.0,81.08203,42.375385,-12.1080475,-3.0188866,75.653,25.758076,82.72879,1.1633766
2.8125,43.006958,-12.971049,-2.9304283,75.577896,25.0,81.23682,42.36519,-11.9932375,-3.0422125,75.547775,25.775436,82.828545,1.1749382
2.816666666666667,42.981293,-12.875256,-2.9304247,75.50981,25.0,81.39499,42.3645,-11.875286,-3.0742836,75.43345,25.777134,82.91933,1.183668
2.8208333333333333,42.954983,-12.777069,-2.9304252,75.439445,25.0,81.55636,42.370083,-11.757828,-3.1220102,75.30322,25.740555,83.00354,1.1906577
2.825,42.928062,-12.676588,-2.930426,75.36683,25.0,81.7207,42.37265,-11.644607,-3.1781406,75.17027,25.698345,83.09739,1.1978444
2.8291666666666666,42.900543,-12.573901,-2.9304278,75.291985,25.0,81.88784,42.370457,-11.523186,-3.2445455,75.01483,25.668255,83.20979,1.2180576
2.8333333333333335,42.872467,-12.469122,-2.930425,75.21496,25.0,82.057526,42.355713,-11.39682,-3.291144,74.86367,25.628292,83.33238,1.2437782
2.8375,42.84386,-12.362356,-2.9304254,75.13577,25.0,82.22953,42.32936,-11.280804,-3.3273544,74.72494,25.578041,83.43723,1.261752
2.841666666666667,42.81475,-12.253712,-2.930427,75.054474,25.0,82.40365,42.29071,-11.164987,-3.3766036,74.57037,25.532425,83.54937,1.2880272
2.845833333333333,42.785168,-12.143307,-2.9304266,74.971115,25.0,82.57964,42.241188,-11.048144,-3.4283767,74.40748,25.50079,83.678185,1.3203214
2.85,42.755146,-12.031262,-2.9304242,74.88575,25.0,82.75728,42.18843,-10.931099,-3.4847374,74.24465,25.474342,83.81541,1.3560195
2.8541666666666665,42.724712,-11.917693,-2.9304247,74.79842,25.0,82.93635,42.14056,-10.811991,-3.5446553,74.090775,25.45103,83.96097,1.3932304
2.8583333333333334,42.69391,-11.802723,-2.9304261,74.7092,25.0,83.11659,42.09958,-10.691418,-3.5994,73.93782,25.436409,84.10158,1.4267982
2.8625,42.66276,-11.6864805,-2.9304245,74.61815,25.0,83.2978,42.069088,-10.578362,-3.6431632,73.79687,25.431465,84.25643,1.4451196
2.8666666666666667,42.631306,-11.569096,-2.9304278,74.52534,25.0,83.47974,42.046158,-10.469091,-3.6867986,73.66448,25.430283,84.41294,1.4575678
2.870833333333333,42.599583,-11.450691,-2.9304256,74.43085,25.0,83.66217,42.02443,-10.357023,-3.7214432,73.535034,25.416492,84.57535,1.467181
2.875,42.56762,-11.331408,-2.9304276,74.334755,25.0,83.84489,42.00625,-10.24698,-3.749104,73.40555,25.392635,84.749,1.4701538
2.879166666666667,42.535454,-11.211369,-2.9304233,74.23715,25.0,84.02766,41.98539,-10.144941,-3.7757344,73.28244,25.375568,84.93026,1.4677835
2.8833333333333333,42.503128,-11.090718,-2.9304276,74.138115,25.0,84.21024,41.96391,-10.046181,-3.8021207,73.17044,25.369648,85.11994,1.4634428
2.8875,42.47067,-10.969587,-2.930427,74.03776,25.0,84.39246,41.943703,-9.9433565,-3.8289595,73.05832,25.368526,85.31266,1.4622597
2.8916666666666666,42.43812,-10.848111,-2.9304245,73.93617,25.0,84.574066,41.9222,-9.836241,-3.8564253,72.94606,25.375057,85.50966,1.4654472
2.8958333333333335,42.405518,-10.72643,-2.930428,73.83346,25.0,84.75487,41.901237,-9.724095,-3.8850632,72.83401,25.396996,85.70902,1.4731942
2.9,42.372894,-10.60468,-2.930424,73.729744,25.0,84.934654,41.88309,-9.6063175,-3.9160624,72.72242,25.433525,85.91227,1.4859737
2.904166666666667,42.34029,-10.482997,-2.930426,73.62512,25.0,85.11323,41.86607,-9.479127,-3.9500442,72.61632,25.490814,86.11946,1.5074022
2.908333333333333,42.30774,-10.361523,-2.9304247,73.51973,25.0,85.29039,41.853348,-9.343168,-3.986703,72.507385,25.559505,86.333595,1.5359821
2.9125,42.275284,-10.240396,-2.9304295,73.41367,25.0,85.465935,41.84521,-9.199259,-4.026987,72.394,25.64066,86.54675,1.5720582
2.9166666666666665,42.242954,-10.119744,-2.9304283,73.3071,25.0,85.63972,41.82585,-9.048876,-4.0623875,72.27505,25.719128,86.76164,1.613092
2.9208333333333334,42.210793,-9.999706,-2.930428,73.20012,25.0,85.81152,41.803185,-8.893034,-4.098244,72.1588,25.796959,86.97201,1.6597176
2.925,42.17883,-9.880419,-2.9304264,73.09288,25.0,85.9812,41.78251,-8.734105,-4.122352,72.05003,25.873508,87.17794,1.700527
2.9291666666666667,42.147102,-9.762016,-2.930424,72.98552,25.0,86.14858,41.76623,-8.578251,-4.132069,71.94591,25.941616,87.3781,1.7292525
2.933333333333333,42.11565,-9.644629,-2.9304276,72.87816,25.0,86.31349,41.750397,-8.418115,-4.1410623,71.84454,26.009666,87.57961,1.761642
2.9375,42.084503,-9.528385,-2.9304242,72.770966,25.0,86.47579,41.73633,-8.259326,-4.154683,71.745255,26.07714,87.782,1.7973722
2.941666666666667,42.053696,-9.41342,-2.9304256,72.66407,25.0,86.63534,41.723495,-8.1060295,-4.16,71.649475,26.149239,87.98002,1.824871
2.9458333333333333,42.023266,-9.299849,-2.9304256,72.55762,25.0,86.791985,41.71367,-7.9609156,-4.1618176,71.55769,26.216599,88.17292,1.845242
2.95,41.99324,-9.1877985,-2.9304247,72.45176,25.0,86.94561,41.711105,-7.8268166,-4.159244,71.46939,26.278149,88.36506,1.8552275
2.9541666666666666,41.96366,-9.077396,-2.9304266,72.34664,25.0,87.09606,41.69952,-7.6986713,-4.1613336,71.37449,26.33902,88.569176,1.8670257
2.9583333333333335,41.934547,-8.968755,-2.930427,72.24242,25.0,87.243256,41.68014,-7.580797,-4.165484,71.28638,26.395462,88.76765,1.8752371
2.9625,41.90594,-8.861989,-2.930427,72.13923,25.0,87.387054,41.655636,-7.4664373,-4.175596,71.192375,26.447914,88.96162,1.8869721
2.966666666666667,41.877865,-8.757212,-2.9304264,72.03723,25.0,87.527374,41.61913,-7.3562317,-4.1737137,71.091354,26.475193,89.158005,1.8908867
2.970833333333333,41.850353,-8.654525,-2.9304261,71.93656,25.0,87.66411,41.586407,-7.261816,-4.1711106,71.0006,26.467003,89.32897,1.8837738
2.975,41.823425,-8.554042,-2.930424,71.83738,25.0,87.79718,41.565838,-7.1967363,-4.1634774,70.913734,26.433773,89.48491,1.8517696
2.9791666666666665,41.79712,-8.4558525,-2.9304252,71.73981,25.0,87.92648,41.55251,-7.158288,-4.13906,70.84569,26.382553,89.625336,1.7900575
2.9833333333333334,41.77145,-8.360063,-2.930425,71.644005,25.0,88.05196,41.552002,-7.1361647,-4.104158,70.77679,26.288174,89.74384,1.7098926
2.9875,41.74645,-8.266754,-2.9304276,71.550095,25.0,88.17355,41.565422,-7.11915,-4.0695744,70.712105,26.165035,89.82637,1.6270897
2.9916666666666667,41.722134,-8.176016,-2.9304266,71.45822,25.0,88.29119,41.58914,-7.11043,-4.019175,70.66447,26.04332,89.89538,1.5292265
2.995833333333333,41.698532,-8.087934,-2.9304247,71.368515,25.0,88.40481,41.599945,-7.118229,-3.9546099,70.63277,25.89898,89.93602,1.4138606
3.0,41.675663,-8.002581,-2.9304273,71.28109,25.0,88.514366,41.60648,-7.143715,-3.87741,70.60922,25.734863,89.95568,1.2803174
3.004166666666667,41.65354,-7.920021,-2.930427,71.19607,25.0,88.619835,41.611416,-7.1778936,-3.7783017,70.599594,25.55024,89.98168,1.1275722
3.0083333333333333,41.632187,-7.840327,-2.9304254,71.11357,25.0,88.72118,41.61001,-7.2286873,-3.6437216,70.60887,25.306477,90.0088,0.9398863
3.0125,41.611614,-7.7635517,-2.9304276,71.03369,25.0,88.81839,41.603317,-7.287178,-3.4844856,70.63009,25.045021,90.01703,0.7307401
3.0166666666666666,41.591843,-7.689752,-2.9304252,70.95654,25.0,88.911415,41.599327,-7.329276,-3.328741,70.621666,24.762665,89.984146,0.5372658
3.0208333333333335,41.572876,-7.6189747,-2.9304268,70.88221,25.0,89.000275,41.587128,-7.378457,-3.1878748,70.60338,24.470486,89.98865,0.35260642
3.025,41.554733,-7.551259,-2.9304256,70.81078,25.0,89.08494,41.5811,-7.4328346,-3.061123,70.60704,24.18808,90.04601,0.1783293
3.029166666666667,41.537415,-7.486634,-2.9304256,70.74233,25.0,89.16544,41.572624,-7.4926863,-2.9390078,70.64359,23.935116,90.10008,0.036742415
3.033333333333333,41.520935,-7.425127,-2.9304261,70.676926,25.0,89.241776,41.530304,-7.5363493,-2.8347616,70.67235,23.750175,90.173454,0.14700294
3.0375,41.505295,-7.3667564,-2.9304256,70.614624,25.0,89.31397,41.47135,-7.5609255,-2.7528944,70.68259,23.61456,90.270645,0.2652755
3.0416666666666665,41.490498,-7.311534,-2.9304252,70.55547,25.0,89.38204,41.409008,-7.5569487,-2.6772537,70.683754,23.50462,90.39447,0.3618905
3.0458333333333334,41.476543,-7.259461,-2.930425,70.49951,25.0,89.44604,41.35129,-7.5341654,-2.6183157,70.723976,23.45961,90.508026,0.43423808
3.05,41.463432,-7.210531,-2.930426,70.44676,25.0,89.50599,41.305866,-7.489764,-2.587164,70.77275,23.449028,90.606415,0.46970937
3.0541666666666667,41.451164,-7.164732,-2.930428,70.39724,25.0,89.561935,41.267635,-7.437557,-2.5784092,70.81152,23.467243,90.66767,0.48169878
3.058333333333333,41.439724,-7.1220427,-2.9304242,70.35097,25.0,89.61397,41.240726,-7.3735104,-2.570405,70.84928,23.503521,90.71745,0.48213053
3.0625,41.429115,-7.082434,-2.9304264,70.307915,25.0,89.66211,41.218983,-7.2986526,-2.5741081,70.87025,23.571178,90.75741,0.4667642
3.066666666666667,41.41931,-7.0458574,-2.9304242,70.268074,25.0,89.70648,41.201225,-7.2307215,-2.585287,70.89015,23.681469,90.78657,0.44816956
3.0708333333333333,41.410313,-7.0122747,-2.9304276,70.23141,25.0,89.74713,41.17427,-7.187292,-2.5866585,70.93809,23.838043,90.776726,0.4522434
3.075,41.4021,-6.9816217,-2.9304247,70.19788,25.0,89.784164,41.16719,-7.1500635,-2.6110754,70.995285,24.029434,90.75426,0.4307422
3.0791666666666666,41.394653,-6.953833,-2.930425,70.167435,25.0,89.81768,41.16256,-7.11707,-2.6434107,71.04189,24.220879,90.72069,0.40359765
3.0833333333333335,41.38795,-6.9288287,-2.930426,70.13999,25.0,89.84779,41.15534,-7.0867186,-2.673335,71.077774,24.411373,90.67776,0.38096392
3.0875,41.381973,-6.90652,-2.9304276,70.11547,25.0,89.87462,41.155163,-7.0507956,-2.704731,71.09225,24.595089,90.62761,0.35099486
3.091666666666667,41.376694,-6.8868113,-2.930429,70.09378,25.0,89.898285,41.163193,-7.0038853,-2.7343626,71.09064,24.77681,90.576256,0.31261963
3.095833333333333,41.372078,-6.8695893,-2.9304254,70.074814,25.0,89.918945,41.178383,-6.960042,-2.7569323,71.090965,24.940918,90.51748,0.27531677
3.1,41.3681,-6.8547363,-2.9304261,70.05843,25.0,89.936745,41.19495,-6.930993,-2.767374,71.088005,25.0718,90.458,0.24976327
3.1041666666666665,41.36472,-6.8421206,-2.9304268,70.04451,25.0,89.95185,41.211235,-6.9106474,-2.7773695,71.07628,25.185162,90.398415,0.22733214
3.1083333333333334,41.3619,-6.831602,-2.930424,70.0329,25.0,89.96444,41.225544,-6.897807,-2.7772894,71.069855,25.285995,90.34177,0.21546778
3.1125,41.359604,-6.8230247,-2.930427,70.023415,25.0,89.97469,41.242607,-6.8942595,-2.7730083,71.067055,25.375492,90.28331,0.20867026
3.1166666666666667,41.35778,-6.8162255,-2.9304266,70.0159,25.0,89.98283,41.26354,-6.8968935,-2.7676878,71.06517,25.453197,90.21828,0.20462848
3.120833333333333,41.356384,-6.8110228,-2.9304261,70.01015,25.0,89.98905,41.28708,-6.905676,-2.7680826,71.05909,25.518414,90.13542,0.20029445
3.125,41.35537,-6.8072286,-2.930425,70.00595,25.0,89.993576,41.312317,-6.9194984,-2.7706861,71.05426,25.566063,90.04694,0.19993633
3.129166666666667,41.354675,-6.80464,-2.9304233,70.00309,25.0,89.99667,41.338287,-6.9361677,-2.768506,71.05118,25.597897,89.96259,0.20924945
3.1333333333333333,41.354248,-6.8030457,-2.9304268,70.00132,25.0,89.99857,41.3649,-6.9526653,-2.7639303,71.0514,25.621166,89.88037,0.2240994
3.1375,41.354023,-6.802208,-2.930425,70.0004,25.0,89.99958,41.388645,-6.9707737,-2.7578382,71.05136,25.637875,89.79721,0.24371965
3.1416666666666666,41.35394,-6.801896,-2.9304242,70.00005,25.0,89.999954,41.412033,-6.991948,-2.748477,71.05449,25.647514,89.71502,0.26944292
3.1458333333333335,41.353928,-6.8018513,-2.930426,70.0,25.0,90.0,41.43363,-7.0129185,-2.7412891,71.05707,25.651814,89.62945,0.2944059
3.15,41.353928,-6.8018513,-2.930426,70.0,25.0,90.0,41.454224,-7.0334873,-2.732895,71.057625,25.647057,89.55215,0.32051995
3.154166666666667,41.353928,-6.8018513,-2.930426,70.0,25.0,90.0,41.472298,-7.0510426,-2.726572,71.05399,25.638748,89.48018,0.3430221
3.158333333333333,41.353928,-6.8018513,-2.930426,70.0,25.0,90.0,41.48693,-7.0657883,-2.7225723,71.045555,25.626755,89.415695,0.3613249
3.1625,41.353928,-6.8018513,-2.930426,70.0,25.0,90.0,41.49997,-7.0794287,-2.7173805,71.03681,25.61375,89.35854,0.37916455
3.1666666666666665,41.353928,-6.8018513,-2.930426,70.0,25.0,90.0,41.51153,-7.091422,-2.7125864,71.02775,25.59927,89.30815,0.39515108
3.1708333333333334,41.353928,-6.8018513,-2.930426,70.0,25.0,90.0,41.520954,-7.101178,-2.7083302,71.01756,25.583775,89.26422,0.40843722
3.175,41.353928,-6.8018513,-2.930426,70.0,25.0,90.0,41.52967,-7.109915,-2.703085,71.00742,25.566269,89.22728,0.42127505
3.1791666666666667,41.353928,-6.8018513,-2.930426,70.0,25.0,90.0,41.537643,-7.1174755,-2.6978416,70.99755,25.54816,89.19582,0.43297297
3.183333333333333,41.353928,-6.8018513,-2.930426,70.0,25.0,90.0,41.544758,-7.1236076,-2.6924849,70.98852,25.530602,89.16923,0.44335005
3.1875,41.353928,-6.8018513,-2.930426,70.0,25.0,90.0,41.551308,-7.128072,-2.687272,70.98013,25.514065,89.1475,0.45221952
3.191666666666667,41.353928,-6.8018513,-2.930426,70.0,25.0,90.0,41.557278,-7.131113,-2.682166,70.97283,25.498764,89.13038,0.45977983
3.1958333333333333,41.353928,-6.8018513,-2.930426,70.0,25.0,90.0,41.56244,-7.133192,-2.677024,70.96681,25.483917,89.11767,0.46634352
3.2,41.353928,-6.8018513,-2.930426,70.0,25.0,90.0,41.56683,-7.1346455,-2.6716852,70.96236,25.4684,89.10859,0.47225627
3.2041666666666666,41.353928,-6.8018513,-2.930426,70.0,25.0,90.0,41.570667,-7.135701,-2.666419,70.95937,25.453358,89.102234,0.4776311
3.2083333333333335,41.353928,-6.8018513,-2.930426,70.0,25.0,90.0,41.573914,-7.1365614,-2.6614094,70.95748,25.439304,89.09791,0.4824879
3.2125,41.353928,-6.8018513,-2.930426,70.0,25.0,90.0,41.576485,-7.1374464,-2.65662,70.95664,25.426373,89.09518,0.48695523
3.216666666666667,41.353928,-6.8018513,-2.930426,70.0,25.0,90.0,41.578445,-7.1384583,-2.6521826,70.95666,25.414783,89.09365,0.49105176
3.220833333333333,41.353928,-6.8018513,-2.930426,70.0,25.0,90.0,41.57991,-7.1396275,-2.6482077,70.957184,25.404762,89.09288,0.4947808
3.225,41.353928,-6.8018513,-2.930426,70.0,25.0,90.0,41.580963,-7.14083,-2.6448307,70.958015,25.396488,89.09246,0.49801236
3.2291666666666665,41.353928,-6.8018513,-2.930426,70.0,25.0,90.0,41.581654,-7.1419296,-2.6421642,70.958916,25.390057,89.09222,0.50060683
3.2333333333333334,41.353928,-6.8018513,-2.930426,70.0,25.0,90.0,41.582108,-7.1427813,-2.640193,70.95968,25.385426,89.09205,0.5025281
3.2375,41.353928,-6.8018513,-2.930426,70.0,25.0,90.0,41.582394,-7.143382,-2.6388435,70.96032,25.382465,89.091934,0.5038455
3.2416666666666667,41.353928,-6.8018513,-2.930426,70.0,25.0,90.0,41.582577,-7.143798,-2.6379538,70.960815,25.380703,89.09184,0.5047255
3.245833333333333,41.353928,-6.8018513,-2.930426,70.0,25.0,90.0,41.58269,-7.1440563,-2.6374273,70.96116,25.37978,89.09174,0.50525755
3.25,41.353928,-6.8018513,-2.930426,70.0,25.0,90.0,41.582783,-7.1441946,-2.6371803,70.96137,25.37938,89.09166,0.50553596
3.254166666666667,41.353928,-6.8018513,-2.930426,70.0,25.0,90.0,41.58284,-7.1442566,-2.6371021,70.96149,25.37923,89.091606,0.5056492
3.2583333333333333,41.353928,-6.8018513,-2.930426,70.0,25.0,90.0,41.58285,-7.144265,-2.6370897,70.96152,25.379204,89.09158,0.5056674
3.2625,41.353928,-6.8018513,-2.930426,70.0,25.0,90.0,41.582855,-7.1442633,-2.6370907,70.961525,25.379192,89.09158,0.50566727
3.2666666666666666,41.353928,-6.8018513,-2.930426,70.0,25.0,90.0,41.582855,-7.144268,-2.6370926,70.961525,25.379192,89.09158,0.50566936
3.2708333333333335,41.353928,-6.8018513,-2.930426,70.0,25.0,90.0,41.582855,-7.144268,-2.6370935,70.961525,25.379196,89.09158,0.5056688
3.275,41.353928,-6.8018513,-2.930426,70.0,25.0,90.0,41.58286,-7.144269,-2.6370935,70.961525,25.379192,89.09158,0.5056712
3.279166666666667,41.353928,-6.8018513,-2.930426,70.0,25.0,90.0,41.582855,-7.144268,-2.6370916,70.961525,25.379196,89.09158,0.50566995
3.283333333333333,41.353928,-6.8018513,-2.930426,70.0,25.0,90.0,41.582855,-7.144266,-2.6370907,70.961525,25.379196,89.09158,0.5056692
3.2875,41.353928,-6.8018513,-2.930426,70.0,25.0,90.0,41.582855,-7.144266,-2.6370907,70.96153,25.3792,89.09158,0.5056692
3.2916666666666665,41.353928,-6.8018513,-2.930426,70.0,25.0,90.0,41.582855,-7.144268,-2.6370907,70.961525,25.379192,89.09158,0.5056705
3.2958333333333334,41.353928,-6.8018513,-2.930426,70.0,25.0,90.0,41.582855,-7.144268,-2.6370916,70.961525,25.379196,89.09158,0.50566995
3.3,41.353928,-6.8018513,-2.930426,70.0,25.0,90.0,41.582855,-7.144268,-2.6370916,70.961525,25.379196,89.09158,0.50566995
3.3041666666666667,41.353928,-6.8018513,-2.930426,70.0,25.0,90.0,41.582855,-7.144266,-2.6370907,70.961525,25.379196,89.09158,0.5056692
3.308333333333333,41.353928,-6.8018513,-2.930426,70.0,25.0,90.0,41.582855,-7.144269,-2.6370926,70.96153,25.379196,89.09158,0.50567
3.3125,41.353928,-6.8018513,-2.930426,70.0,25.0,90.0,41.582855,-7.144266,-2.6370907,70.961525,25.379196,89.09158,0.5056692
3.316666666666667,41.353928,-6.8018513,-2.930426,70.0,25.0,90.0,41.582855,-7.144271,-2.6370926,70.961525,25.379196,89.09158,0.5056713
3.3208333333333333,41.353928,-6.8018513,-2.930426,70.0,25.0,90.0,41.582855,-7.144269,-2.6370907,70.961525,25.3792,89.09158,0.5056711
3.325,41.353928,-6.8018513,-2.930426,70.0,25.0,90.0,41.582855,-7.144266,-2.6370926,70.961525,25.379196,89.09158,0.50566804
3.3291666666666666,41.353928,-6.8018513,-2.930426,70.0,25.0,90.0,41.582855,-7.144271,-2.6370935,70.961525,25.3792,89.09158,0.5056707
3.3333333333333335,41.353928,-6.8018513,-2.930426,70.0,25.0,90.0,41.582855,-7.144271,-2.6370935,70.961525,25.379196,89.09158,0.5056707
3.3375,41.353928,-6.8018513,-2.930426,70.0,25.0,90.0,41.582855,-7.144271,-2.6370935,70.96153,25.3792,89.09158,0.5056707
3.341666666666667,41.353928,-6.8018513,-2.930426,70.0,25.0,90.0,41.582855,-7.144271,-2.6370926,70.961525,25.3792,89.091576,0.5056713
3.345833333333333,41.353928,-6.8018513,-2.930426,70.0,25.0,90.0,41.582855,-7.144268,-2.6370935,70.961525,25.3792,89.091576,0.5056688
3.35,41.353928,-6.8018513,-2.930426,70.0,25.0,90.0,41.582855,-7.144271,-2.6370897,70.96153,25.379196,89.091576,0.505673
3.3541666666666665,41.353928,-6.8018513,-2.930426,70.0,25.0,90.0,41.582855,-7.144272,-2.6370897,70.961525,25.3792,89.091576,0.5056736
3.3583333333333334,41.353928,-6.8018513,-2.930426,70.0,25.0,90.0,41.582855,-7.144268,-2.6370916,70.961525,25.379196,89.091576,0.50566995
3.3625,41.353928,-6.8018513,-2.930426,70.0,25.0,90.0,41.582855,-7.144271,-2.6370935,70.961525,25.3792,89.091576,0.5056707
3.3666666666666667,41.353928,-6.8018513,-2.930426,70.0,25.0,90.0,41.58286,-7.144271,-2.6370916,70.96153,25.379196,89.09157,0.5056736
3.370833333333333,41.353928,-6.8018513,-2.930426,70.0,25.0,90.0,41.582855,-7.144268,-2.6370897,70.96153,25.379192,89.09157,0.505671
3.375,41.353928,-6.8018513,-2.930426,70.0,25.0,90.0,41.582855,-7.144269,-2.6370897,70.96153,25.379196,89.091576,0.5056717
3.379166666666667,41.353928,-6.8018513,-2.930426,70.0,25.0,90.0,41.582855,-7.144269,-2.6370916,70.961525,25.3792,89.09157,0.5056706
3.3833333333333333,41.353928,-6.8018513,-2.930426,70.0,25.0,90.0,41.582855,-7.144269,-2.6370935,70.961525,25.379204,89.091576,0.5056695
3.3875,41.353928,-6.8018513,-2.930426,70.0,25.0,90.0,41.58286,-7.144268,-2.6370926,70.96153,25.379196,89.091576,0.5056711
3.3916666666666666,41.353928,-6.8018513,-2.930426,70.0,25.0,90.0,41.582855,-7.144268,-2.6370926,70.961525,25.379192,89.091576,0.50566936
3.3958333333333335,41.353928,-6.8018513,-2.930426,70.0,25.0,90.0,41.582855,-7.144266,-2.6370916,70.961525,25.3792,89.091576,0.50566864
3.4,41.353928,-6.8018513,-2.930426,70.0,25.0,90.0,41.58286,-7.144268,-2.6370897,70.961525,25.3792,89.091576,0.50567275
3.404166666666667,41.353928,-6.8018513,-2.930426,70.0,25.0,90.0,41.582855,-7.144268,-2.6370897,70.961525,25.3792,89.09158,0.505671
3.408333333333333,41.353928,-6.8018513,-2.930426,70.0,25.0,90.0,41.582855,-7.144266,-2.6370926,70.961525,25.3792,89.091576,0.50566804
3.4125,41.353928,-6.8018513,-2.930426,70.0,25.0,90.0,41.582855,-7.144269,-2.6370916,70.961525,25.3792,89.091576,0.5056706
3.4166666666666665,41.353928,-6.8018513,-2.930426,70.0,25.0,90.0,41.582855,-7.144269,-2.6370935,70.961525,25.3792,89.09158,0.5056695
3.4208333333333334,41.353928,-6.8018513,-2.930426,70.0,25.0,90.0,41.58286,-7.144266,-2.6370926,70.961525,25.3792,89.09158,0.50566983
3.425,41.353928,-6.8018513,-2.930426,70.0,25.0,90.0,41.58286,-7.144268,-2.6370916,70.961525,25.379196,89.09158,0.5056716
3.4291666666666667,41.353928,-6.8018513,-2.930426,70.0,25.0,90.0,41.58286,-7.144268,-2.6370916,70.961525,25.379196,89.09158,0.5056716
3.433333333333333,41.353928,-6.8018513,-2.930426,70.0,25.0,90.0,41.58286,-7.144268,-2.6370916,70.961525,25.379196,89.09158,0.5056716
3.4375,41.353928,-6.8018513,-2.930426,70.0,25.0,90.0,41.58286,-7.144268,-2.6370916,70.961525,25.379196,89.09158,0.5056716
3.441666666666667,41.353928,-6.8018513,-2.930426,70.0,25.0,90.0,41.58286,-7.144268,-2.6370916,70.961525,25.379196,89.09158,0.5056716
3.4458333333333333,41.353928,-6.8018513,-2.930426,70.0,25.0,90.0,41.58286,-7.144268,-2.6370916,70.961525,25.379196,89.09158,0.5056716
3.45,41.353928,-6.8018513,-2.930426,70.0,25.0,90.0,41.58286,-7.144268,-2.6370916,70.961525,25.379196,89.09158,0.5056716
3.4541666666666666,41.353928,-6.8018513,-2.930426,70.0,25.0,90.0,41.58286,-7.144268,-2.6370916,70.961525,25.379196,89.09158,0.5056716
3.4583333333333335,41.353928,-6.8018513,-2.930426,70.0,25.0,90.0,41.58286,-7.144268,-2.6370916,70.961525,25.379196,89.09158,0.5056716
3.4625,41.353928,-6.8018513,-2.930426,70.0,25.0,90.0,41.58286,-7.144268,-2.6370916,70.961525,25.379196,89.09158,0.5056716
3.466666666666667,41.353928,-6.8018513,-2.930426,70.0,25.0,90.0,41.58286,-7.144268,-2.6370916,70.961525,25.379196,89.09158,0.5056716
3.470833333333333,41.353928,-6.8018513,-2.930426,70.0,25.0,90.0,41.58286,-7.144268,-2.6370916,70.961525,25.379196,89.09158,0.5056716
3.475,41.353928,-6.8018513,-2.930426,70.0,25.0,90.0,41.58286,-7.144268,-2.6370916,70.961525,25.379196,89.09158,0.5056716
3.4791666666666665,41.353928,-6.8018513,-2.930426,70.0,25.0,90.0,41.58286,-7.144268,-2.6370916,70.961525,25.379196,89.09158,0.5056716
3.4833333333333334,41.353928,-6.8018513,-2.930426,70.0,25.0,90.0,41.58286,-7.144268,-2.6370916,70.961525,25.379196,89.09158,0.5056716
3.4875,41.353928,-6.8018513,-2.930426,70.0,25.0,90.0,41.58286,-7.144268,-2.6370916,70.961525,25.379196,89.09158,0.5056716
3.4916666666666667,41.353928,-6.8018513,-2.930426,70.0,25.0,90.0,41.58286,-7.144268,-2.6370916,70.961525,25.379196,89.09158,0.5056716
3.495833333333333,41.353928,-6.8018513,-2.930426,70.0,25.0,90.0,41.58286,-7.144268,-2.6370916,70.961525,25.379196,89.09158,0.5056716
3.5,41.353928,-6.8018513,-2.930426,70.0,25.0,90.0,41.58286,-7.144268,-2.6370916,70.961525,25.379196,89.09158,0.5056716
3.504166666666667,41.353928,-6.8018513,-2.930426,70.0,25.0,90.0,41.58286,-7.144268,-2.6370916,70.961525,25.379196,89.09158,0.5056716
3.5083333333333333,41.353928,-6.8018513,-2.930426,70.0,25.0,90.0,41.58286,-7.144268,-2.6370916,70.961525,25.379196,89.09158,0.5056716
3.5125,41.353928,-6.8018513,-2.930426,70.0,25.0,90.0,41.58286,-7.144268,-2.6370916,70.961525,25.379196,89.09158,0.5056716
3.5166666666666666,41.353928,-6.8018513,-2.930426,70.0,25.0,90.0,41.58286,-7.144268,-2.6370916,70.961525,25.379196,89.09158,0.5056716
3.5208333333333335,41.353928,-6.8018513,-2.930426,70.0,25.0,90.0,41.58286,-7.144268,-2.6370916,70.961525,25.379196,89.09158,0.5056716
3.525,41.353928,-6.8018513,-2.930426,70.0,25.0,90.0,41.58286,-7.144268,-2.6370916,70.961525,25.379196,89.09158,0.5056716
3.529166666666667,41.353928,-6.8018513,-2.930426,70.0,25.0,90.0,41.58286,-7.144268,-2.6370916,70.961525,25.379196,89.09158,0.5056716
3.533333333333333,41.353928,-6.8018513,-2.930426,70.0,25.0,90.0,41.58286,-7.144268,-2.6370916,70.961525,25.379196,89.09158,0.5056716
3.5375,41.353928,-6.8018513,-2.930426,70.0,25.0,90.0,41.58286,-7.144268,-2.6370916,70.961525,25.379196,89.09158,0.5056716
3.5416666666666665,41.353928,-6.8018513,-2.930426,70.0,25.0,90.0,41.58286,-7.144268,-2.6370916,70.961525,25.379196,89.09158,0.5056716
3.5458333333333334,41.353928,-6.8018513,-2.930426,70.0,25.0,90.0,41.58286,-7.144268,-2.6370916,70.961525,25.379196,89.09158,0.5056716
3.55,41.353928,-6.8018513,-2.930426,70.0,25.0,90.0,41.58286,-7.144268,-2.6370916,70.961525,25.379196,89.09158,0.5056716
3.5541666666666667,41.353928,-6.8018513,-2.930426,70.0,25.0,90.0,41.58286,-7.144268,-2.6370916,70.961525,25.379196,89.09158,0.5056716
3.558333333333333,41.353928,-6.8018513,-2.930426,70.0,25.0,90.0,41.58286,-7.144268,-2.6370916,70.961525,25.379196,89.09158,0.5056716
3.5625,41.353928,-6.8018513,-2.930426,70.0,25.0,90.0,41.58286,-7.144268,-2.6370916,70.961525,25.379196,89.09158,0.5056716
3.566666666666667,41.353928,-6.8018513,-2.930426,70.0,25.0,90.0,41.58286,-7.144268,-2.6370916,70.961525,25.379196,89.09158,0.5056716
3.5708333333333333,41.353928,-6.8018513,-2.930426,70.0,25.0,90.0,41.58286,-7.144268,-2.6370916,70.961525,25.379196,89.09158,0.5056716
3.575,41.353928,-6.8018513,-2.930426,70.0,25.0,90.0,41.58286,-7.144268,-2.6370916,70.961525,25.379196,89.09158,0.5056716
3.5791666666666666,41.353928,-6.8018513,-2.930426,70.0,25.0,90.0,41.58286,-7.144266,-2.6370907,70.961525,25.3792,89.091576,0.5056709
3.5833333333333335,41.353928,-6.8018513,-2.930426,70.0,25.0,90.0,41.582855,-7.144266,-2.6370907,70.961525,25.3792,89.09158,0.5056692
3.5875,41.353928,-6.8018513,-2.930426,70.0,25.0,90.0,41.582855,-7.144268,-2.6370878,70.961525,25.379196,89.09158,0.50567216
3.591666666666667,41.353928,-6.8018513,-2.930426,70.0,25.0,90.0,41.582855,-7.144268,-2.6370907,70.961525,25.379196,89.09158,0.5056705
3.595833333333333,41.353928,-6.8018513,-2.930426,70.0,25.0,90.0,41.582855,-7.144268,-2.6370907,70.961525,25.379196,89.09158,0.5056705
3.6,41.353928,-6.8018513,-2.930426,70.0,25.0,90.0,41.582855,-7.144266,-2.6370916,70.961525,25.379196,89.09158,0.50566864
3.6041666666666665,41.353928,-6.8018513,-2.930426,70.0,25.0,90.0,41.582855,-7.144268,-2.6370869,70.96152,25.3792,89.09158,0.5056727
3.6083333333333334,41.353928,-6.8018513,-2.930426,70.0,25.0,90.0,41.582855,-7.1442604,-2.6370916,70.961525,25.379196,89.09158,0.50566477
3.6125,41.353928,-6.8018513,-2.930426,70.0,25.0,90.0,41.582855,-7.144265,-2.6370916,70.961525,25.3792,89.09158,0.505668
3.6166666666666667,41.353928,-6.8018513,-2.930426,70.0,25.0,90.0,41.58286,-7.144265,-2.6370935,70.961525,25.379196,89.09158,0.5056686
3.620833333333333,41.353928,-6.8018513,-2.930426,70.0,25.0,90.0,41.58286,-7.144269,-2.6370907,70.961525,25.379196,89.09158,0.5056729
3.625,41.353928,-6.8018513,-2.930426,70.0,25.0,90.0,41.582855,-7.144268,-2.6370897,70.96152,25.379196,89.09158,0.505671
3.629166666666667,41.353928,-6.8018513,-2.930426,70.0,25.0,90.0,41.58286,-7.144268,-2.6370869,70.961525,25.379196,89.09158,0.5056744
3.6333333333333333,41.353928,-6.8018513,-2.930426,70.0,25.0,90.0,41.58286,-7.144268,-2.6370897,70.961525,25.379192,89.09158,0.50567275
3.6375,41.353928,-6.8018513,-2.930426,70.0,25.0,90.0,41.58286,-7.144272,-2.6370907,70.96152,25.379192,89.09158,0.5056748
3.6416666666666666,41.353928,-6.8018513,-2.930426,70.0,25.0,90.0,41.582855,-7.144273,-2.6370907,70.961525,25.379192,89.09158,0.5056737
3.6458333333333335,41.353928,-6.8018513,-2.930426,70.0,25.0,90.0,41.582855,-7.144271,-2.6370907,70.96152,25.379192,89.09158,0.5056724
3.65,41.353928,-6.8018513,-2.930426,70.0,25.0,90.0,41.582855,-7.144268,-2.6370897,70.961525,25.379192,89.09158,0.505671
3.654166666666667,41.353928,-6.8018513,-2.930426,70.0,25.0,90.0,41.58286,-7.144266,-2.6370926,70.96152,25.379192,89.09158,0.50566983
3.658333333333333,41.353928,-6.8018513,-2.930426,70.0,25.0,90.0,41.582855,-7.144268,-2.6370935,70.961525,25.3792,89.09158,0.5056688
3.6625,41.353928,-6.8018513,-2.930426,70.0,25.0,90.0,41.582855,-7.144266,-2.6370935,70.961525,25.379192,89.09158,0.5056675
3.6666666666666665,41.353928,-6.8018513,-2.930426,70.0,25.0,90.0,41.582855,-7.144268,-2.6370935,70.961525,25.379192,89.09158,0.5056688
3.6708333333333334,41.353928,-6.8018513,-2.930426,70.0,25.0,90.0,41.582855,-7.144268,-2.6370935,70.961525,25.379196,89.09158,0.5056688
3.675,41.353928,-6.8018513,-2.930426,70.0,25.0,90.0,41.58286,-7.144269,-2.6370926,70.961525,25.3792,89.09158,0.50567174
3.6791666666666667,41.353928,-6.8018513,-2.930426,70.0,25.0,90.0,41.582855,-7.144268,-2.6370935,70.961525,25.379196,89.09158,0.5056688
3.683333333333333,41.353928,-6.8018513,-2.930426,70.0,25.0,90.0,41.582855,-7.144268,-2.6370916,70.961525,25.379196,89.09158,0.50566995
3.6875,41.353928,-6.8018513,-2.930426,70.0,25.0,90.0,41.582855,-7.144268,-2.6370916,70.961525,25.379196,89.09158,0.50566995
3.691666666666667,41.353928,-6.8018513,-2.930426,70.0,25.0,90.0,41.582855,-7.144268,-2.6370916,70.961525,25.379196,89.09158,0.50566995
3.6958333333333333,41.353928,-6.8018513,-2.930426,70.0,25.0,90.0,41.582855,-7.144268,-2.6370916,70.961525,25.379192,89.09158,0.50566995
3.7,41.353928,-6.8018513,-2.930426,70.0,25.0,90.0,41.582855,-7.144269,-2.6370926,70.961525,25.379196,89.09158,0.50567
3.7041666666666666,41.353928,-6.8018513,-2.930426,70.0,25.0,90.0,41.58286,-7.144268,-2.6370916,70.961525,25.379196,89.09158,0.5056716
3.7083333333333335,41.353928,-6.8018513,-2.930426,70.0,25.0,90.0,41.582855,-7.144268,-2.6370926,70.96153,25.379196,89.09158,0.50566936
3.7125,41.353928,-6.8018513,-2.930426,70.0,25.0,90.0,41.582855,-7.144269,-2.6370926,70.961525,25.3792,89.09158,0.50567
3.716666666666667,41.353928,-6.8018513,-2.930426,70.0,25.0,90.0,41.58286,-7.144271,-2.6370916,70.961525,25.379192,89.09158,0.5056736
3.720833333333333,41.353928,-6.8018513,-2.930426,70.0,25.0,90.0,41.582855,-7.144269,-2.6370935,70.96153,25.379196,89.09158,0.5056695
3.725,41.353928,-6.8018513,-2.930426,70.0,25.0,90.0,41.582855,-7.144268,-2.6370926,70.961525,25.379196,89.09158,0.50566936
3.7291666666666665,41.353928,-6.8018513,-2.930426,70.0,25.0,90.0,41.582855,-7.144269,-2.6370926,70.96153,25.379196,89.09158,0.50567
3.7333333333333334,41.353928,-6.8018513,-2.930426,70.0,25.0,90.0,41.582855,-7.144268,-2.6370935,70.96153,25.3792,89.09158,0.5056688
3.7375,41.353928,-6.8018513,-2.930426,70.0,25.0,90.0,41.582855,-7.144266,-2.6370935,70.961525,25.379204,89.091576,0.5056675
3.7416666666666667,41.353928,-6.8018513,-2.930426,70.0,25.0,90.0,41.582855,-7.144269,-2.6370926,70.961525,25.3792,89.091576,0.50567
3.745833333333333,41.353928,-6.8018513,-2.930426,70.0,25.0,90.0,41.582855,-7.144269,-2.6370916,70.96153,25.3792,89.091576,0.5056706
3.75,41.353928,-6.8018513,-2.930426,70.0,25.0,90.0,41.582855,-7.144269,-2.6370916,70.96153,25.3792,89.091576,0.5056706
3.754166666666667,41.353928,-6.8018513,-2.930426,70.0,25.0,90.0,41.582855,-7.144268,-2.6370907,70.961525,25.379204,89.091576,0.5056705
3.7583333333333333,41.353928,-6.8018513,-2.930426,70.0,25.0,90.0,41.582855,-7.144268,-2.6370916,70.961525,25.3792,89.09157,0.50566995
3.7625,41.353928,-6.8018513,-2.930426,70.0,25.0,90.0,41.582855,-7.144265,-2.6370916,70.961525,25.3792,89.09157,0.505668
3.7666666666666666,41.353928,-6.8018513,-2.930426,70.0,25.0,90.0,41.582855,-7.144269,-2.6370897,70.961525,25.379192,89.09157,0.5056717
3.7708333333333335,41.353928,-6.8018513,-2.930426,70.0,25.0,90.0,41.582855,-7.144269,-2.6370897,70.961525,25.3792,89.09157,0.5056717
3.775,41.353928,-6.8018513,-2.930426,70.0,25.0,90.0,41.582855,-7.144266,-2.6370926,70.96153,25.3792,89.091576,0.50566804
3.779166666666667,41.353928,-6.8018513,-2.930426,70.0,25.0,90.0,41.58286,-7.144266,-2.6370945,70.961525,25.3792,89.09157,0.5056687
3.783333333333333,41.353928,-6.8018513,-2.930426,70.0,25.0,90.0,41.58286,-7.1442633,-2.6370897,70.961525,25.3792,89.091576,0.50566953
3.7875,41.353928,-6.8018513,-2.930426,70.0,25.0,90.0,41.58286,-7.1442633,-2.6370935,70.961525,25.379192,89.091576,0.5056673
3.7916666666666665,41.353928,-6.8018513,-2.930426,70.0,25.0,90.0,41.582855,-7.144268,-2.6370897,70.961525,25.379196,89.091576,0.505671
3.7958333333333334,41.353928,-6.8018513,-2.930426,70.0,25.0,90.0,41.58286,-7.144266,-2.6370926,70.961525,25.3792,89.091576,0.50566983
3.8,41.353928,-6.8018513,-2.930426,70.0,25.0,90.0,41.582855,-7.144266,-2.6370935,70.961525,25.379196,89.091576,0.5056675
3.8041666666666667,41.353928,-6.8018513,-2.930426,70.0,25.0,90.0,41.582855,-7.144268,-2.6370916,70.961525,25.3792,89.09158,0.50566995
3.808333333333333,41.353928,-6.8018513,-2.930426,70.0,25.0,90.0,41.58286,-7.144268,-2.6370907,70.96152,25.3792,89.091576,0.5056722
3.8125,41.353928,-6.8018513,-2.930426,70.0,25.0,90.0,41.58286,-7.144268,-2.6370916,70.961525,25.3792,89.091576,0.5056716
3.816666666666667,41.353928,-6.8018513,-2.930426,70.0,25.0,90.0,41.58286,-7.144268,-2.6370878,70.961525,25.379196,89.091576,0.5056739
3.8208333333333333,41.353928,-6.8018513,-2.930426,70.0,25.0,90.0,41.58286,-7.144266,-2.6370869,70.961525,25.379196,89.091576,0.5056731
3.825,41.353928,-6.8018513,-2.930426,70.0,25.0,90.0,41.58286,-7.144266,-2.6370869,70.961525,25.379196,89.091576,0.5056731
3.8291666666666666,41.353928,-6.8018513,-2.930426,70.0,25.0,90.0,41.58286,-7.144266,-2.6370869,70.961525,25.379196,89.091576,0.5056731
3.8333333333333335,41.353928,-6.8018513,-2.930426,70.0,25.0,90.0,41.58286,-7.144266,-2.6370869,70.961525,25.379196,89.091576,0.5056731
3.8375,41.353928,-6.8018513,-2.930426,70.0,25.0,90.0,41.58286,-7.144266,-2.6370869,70.961525,25.379196,89.091576,0.5056731
3.841666666666667,41.353928,-6.8018513,-2.930426,70.0,25.0,90.0,41.58286,-7.144266,-2.6370869,70.961525,25.379196,89.091576,0.5056731
3.845833333333333,41.353928,-6.8018513,-2.930426,70.0,25.0,90.0,41.58286,-7.144266,-2.6370869,70.961525,25.379196,89.091576,0.5056731
3.85,41.353928,-6.8018513,-2.930426,70.0,25.0,90.0,41.58286,-7.144266,-2.6370869,70.961525,25.379196,89.091576,0.5056731
3.8541666666666665,41.353928,-6.8018513,-2.930426,70.0,25.0,90.0,41.58286,-7.144266,-2.6370869,70.961525,25.379196,89.091576,0.5056731
3.8583333333333334,41.353928,-6.8018513,-2.930426,70.0,25.0,90.0,41.58286,-7.144266,-2.6370869,70.961525,25.379196,89.091576,0.5056731
3.8625,41.353928,-6.8018513,-2.930426,70.0,25.0,90.0,41.58286,-7.144266,-2.6370869,70.961525,25.379196,89.091576,0.5056731
3.8666666666666667,41.353928,-6.8018513,-2.930426,70.0,25.0,90.0,41.58286,-7.144266,-2.6370869,70.961525,25.379196,89.091576,0.5056731
3.870833333333333,41.353928,-6.8018513,-2.930426,70.0,25.0,90.0,41.58286,-7.144266,-2.6370869,70.961525,25.379196,89.091576,0.5056731
3.875,41.353928,-6.8018513,-2.930426,70.0,25.0,90.0,41.58286,-7.144266,-2.6370869,70.961525,25.379196,89.091576,0.5056731
3.879166666666667,41.353928,-6.8018513,-2.930426,70.0,25.0,90.0,41.58286,-7.144266,-2.6370869,70.961525,25.379196,89.091576,0.5056731
3.8833333333333333,41.353928,-6.8018513,-2.930426,70.0,25.0,90.0,41.58286,-7.144266,-2.6370869,70.961525,25.379196,89.091576,0.5056731
3.8875,41.353928,-6.8018513,-2.930426,70.0,25.0,90.0,41.58286,-7.144266,-2.6370869,70.961525,25.379196,89.091576,0.5056731
3.8916666666666666,41.353928,-6.8018513,-2.930426,70.0,25.0,90.0,41.58286,-7.144266,-2.6370869,70.961525,25.379196,89.091576,0.5056731
3.8958333333333335,41.353928,-6.8018513,-2.930426,70.0,25.0,90.0,41.58286,-7.144266,-2.6370869,70.961525,25.379196,89.091576,0.5056731
3.9,41.353928,-6.8018513,-2.930426,70.0,25.0,90.0,41.58286,-7.144266,-2.6370869,70.961525,25.379196,89.091576,0.5056731
3.904166666666667,41.353928,-6.8018513,-2.930426,70.0,25.0,90.0,41.58286,-7.144266,-2.6370869,70.961525,25.379196,89.091576,0.5056731
3.908333333333333,41.353928,-6.8018513,-2.930426,70.0,25.0,90.0,41.58286,-7.144266,-2.6370869,70.961525,25.379196,89.091576,0.5056731
3.9125,41.353928,-6.8018513,-2.930426,70.0,25.0,90.0,41.58286,-7.144266,-2.6370869,70.961525,25.379196,89.091576,0.5056731
3.9166666666666665,41.353928,-6.8018513,-2.930426,70.0,25.0,90.0,41.58286,-7.144266,-2.6370869,70.961525,25.379196,89.091576,0.5056731
3.9208333333333334,41.353928,-6.8018513,-2.930426,70.0,25.0,90.0,41.58286,-7.144266,-2.6370869,70.961525,25.379196,89.091576,0.5056731
3.925,41.353928,-6.8018513,-2.930426,70.0,25.0,90.0,41.58286,-7.144266,-2.6370869,70.961525,25.379196,89.091576,0.5056731
3.9291666666666667,41.353928,-6.8018513,-2.930426,70.0,25.0,90.0,41.58286,-7.144266,-2.6370869,70.961525,25.379196,89.091576,0.5056731
3.933333333333333,41.353928,-6.8018513,-2.930426,70.0,25.0,90.0,41.58286,-7.144266,-2.6370869,70.961525,25.379196,89.091576,0.5056731
3.9375,41.353928,-6.8018513,-2.930426,70.0,25.0,90.0,41.58286,-7.144266,-2.6370869,70.961525,25.379196,89.091576,0.5056731
3.941666666666667,41.353928,-6.8018513,-2.930426,70.0,25.0,90.0,41.58286,-7.144266,-2.6370869,70.961525,25.379196,89.091576,0.5056731
3.9458333333333333,41.353928,-6.8018513,-2.930426,70.0,25.0,90.0,41.58286,-7.144266,-2.6370869,70.961525,25.379196,89.091576,0.5056731
3.95,41.353928,-6.8018513,-2.930426,70.0,25.0,90.0,41.58286,-7.144266,-2.6370869,70.961525,25.379196,89.091576,0.5056731
3.9541666666666666,41.353928,-6.8018513,-2.930426,70.0,25.0,90.0,41.58286,-7.144266,-2.6370869,70.961525,25.379196,89.091576,0.5056731
3.9583333333333335,41.353928,-6.8018513,-2.930426,70.0,25.0,90.0,41.58286,-7.144266,-2.6370869,70.961525,25.379196,89.091576,0.5056731
3.9625,41.353928,-6.8018513,-2.930426,70.0,25.0,90.0,41.58286,-7.144266,-2.6370869,70.961525,25.379196,89.091576,0.5056731
3.966666666666667,41.353928,-6.8018513,-2.930426,70.0,25.0,90.0,41.58286,-7.144266,-2.6370869,70.961525,25.379196,89.091576,0.5056731
3.970833333333333,41.353928,-6.8018513,-2.930426,70.0,25.0,90.0,41.58286,-7.144268,-2.6370907,70.961525,25.3792,89.09158,0.5056722
3.975,41.353928,-6.8018513,-2.930426,70.0,25.0,90.0,41.582855,-7.144268,-2.6370907,70.961525,25.3792,89.09158,0.5056705
3.9791666666666665,41.353928,-6.8018513,-2.930426,70.0,25.0,90.0,41.582855,-7.144266,-2.6370897,70.961525,25.3792,89.09158,0.5056698
3.9833333333333334,41.353928,-6.8018513,-2.930426,70.0,25.0,90.0,41.58286,-7.144268,-2.6370897,70.961525,25.379196,89.09158,0.50567275
3.9875,41.353928,-6.8018513,-2.930426,70.0,25.0,90.0,41.58286,-7.144266,-2.6370916,70.961525,25.379192,89.09158,0.50567037
3.9916666666666667,41.353928,-6.8018513,-2.930426,70.0,25.0,90.0,41.582855,-7.144268,-2.6370878,70.961525,25.379196,89.09158,0.50567216
3.995833333333333,41.353928,-6.8018513,-2.930426,70.0,25.0,90.0,41.582855,-7.144269,-2.6370916,70.961525,25.379192,89.09158,0.5056706
4.0,41.353928,-6.8018513,-2.930426,70.0,25.0,90.0,41.582855,-7.1442623,-2.6370916,70.961525,25.3792,89.09158,0.505666
4.004166666666666,41.353928,-6.8018513,-2.930426,70.0,25.0,90.0,41.58286,-7.144268,-2.6370907,70.96153,25.379196,89.09158,0.5056722
4.008333333333334,41.353928,-6.8018513,-2.930426,70.0,25.0,90.0,41.58286,-7.144269,-2.6370878,70.961525,25.379196,89.09158,0.50567454
4.0125,41.353928,-6.8018513,-2.930426,70.0,25.0,90.0,41.58286,-7.144269,-2.6370907,70.96152,25.3792,89.09158,0.5056729
4.016666666666667,41.353928,-6.8018513,-2.930426,70.0,25.0,90.0,41.582855,-7.144267,-2.6370907,70.96152,25.3792,89.09158,0.50566983
4.020833333333333,41.353928,-6.8018513,-2.930426,70.0,25.0,90.0,41.58286,-7.144268,-2.6370878,70.961525,25.379196,89.09158,0.5056739
4.025,41.353928,-6.8018513,-2.930426,70.0,25.0,90.0,41.582855,-7.144267,-2.6370869,70.961525,25.379192,89.09159,0.50567204
4.029166666666667,41.353928,-6.8018513,-2.930426,70.0,25.0,90.0,41.582855,-7.144268,-2.6370869,70.961525,25.379196,89.09158,0.5056727
4.033333333333333,41.353928,-6.8018513,-2.930426,70.0,25.0,90.0,41.582855,-7.14427,-2.6370907,70.961525,25.379192,89.09158,0.50567174
4.0375,41.353928,-6.8018513,-2.930426,70.0,25.0,90.0,41.582855,-7.144269,-2.6370907,70.961525,25.379192,89.09158,0.5056711
4.041666666666667,41.353928,-6.8018513,-2.930426,70.0,25.0,90.0,41.582855,-7.144271,-2.6370907,70.961525,25.379189,89.09159,0.5056724
4.045833333333333,41.353928,-6.8018513,-2.930426,70.0,25.0,90.0,41.582855,-7.144269,-2.6370907,70.961525,25.379192,89.09158,0.5056711
4.05,41.353928,-6.8018513,-2.930426,70.0,25.0,90.0,41.582855,-7.144268,-2.6370916,70.961525,25.379196,89.09158,0.50566995
4.054166666666666,41.353928,-6.8018513,-2.930426,70.0,25.0,90.0,41.582855,-7.144268,-2.6370935,70.961525,25.379192,89.09158,0.5056688
4.058333333333334,41.353928,-6.8018513,-2.930426,70.0,25.0,90.0,41.582855,-7.144269,-2.6370926,70.961525,25.379192,89.09158,0.50567
4.0625,41.353928,-6.8018513,-2.930426,70.0,25.0,90.0,41.582855,-7.144265,-2.6370926,70.961525,25.379196,89.09158,0.50566745
4.066666666666666,41.353928,-6.8018513,-2.930426,70.0,25.0,90.0,41.582855,-7.144268,-2.6370926,70.961525,25.379196,89.09158,0.50566936
4.070833333333334,41.353928,-6.8018513,-2.930426,70.0,25.0,90.0,41.582855,-7.144269,-2.6370935,70.961525,25.379192,89.09158,0.5056695
4.075,41.353928,-6.8018513,-2.930426,70.0,25.0,90.0,41.582855,-7.144268,-2.6370935,70.961525,25.379192,89.09158,0.5056688
4.079166666666667,41.353928,-6.8018513,-2.930426,70.0,25.0,90.0,41.582855,-7.144268,-2.6370926,70.961525,25.379196,89.09158,0.50566936
4.083333333333333,41.353928,-6.8018513,-2.930426,70.0,25.0,90.0,41.582855,-7.144268,-2.6370935,70.961525,25.3792,89.09158,0.5056688
4.0875,41.353928,-6.8018513,-2.930426,70.0,25.0,90.0,41.582855,-7.144268,-2.6370935,70.961525,25.3792,89.09158,0.5056688
4.091666666666667,41.353928,-6.8018513,-2.930426,70.0,25.0,90.0,41.582855,-7.144268,-2.6370935,70.961525,25.3792,89.09158,0.5056688
4.095833333333333,41.353928,-6.8018513,-2.930426,70.0,25.0,90.0,41.582855,-7.144268,-2.6370935,70.961525,25.3792,89.09158,0.5056688
4.1,41.353928,-6.8018513,-2.930426,70.0,25.0,90.0,41.582855,-7.144269,-2.6370926,70.961525,25.3792,89.09158,0.50567
4.104166666666667,41.353928,-6.8018513,-2.930426,70.0,25.0,90.0,41.582855,-7.144269,-2.6370935,70.961525,25.3792,89.09158,0.5056695
4.108333333333333,41.353928,-6.8018513,-2.930426,70.0,25.0,90.0,41.582855,-7.144268,-2.6370916,70.961525,25.3792,89.09158,0.50566995
4.1125,41.353928,-6.8018513,-2.930426,70.0,25.0,90.0,41.582855,-7.144269,-2.6370926,70.961525,25.3792,89.09158,0.50567
4.116666666666666,41.353928,-6.8018513,-2.930426,70.0,25.0,90.0,41.582855,-7.144271,-2.6370907,70.961525,25.379196,89.09158,0.5056724
4.120833333333334,41.353928,-6.8018513,-2.930426,70.0,25.0,90.0,41.582855,-7.144266,-2.6370926,70.961525,25.3792,89.09158,0.50566804
4.125,41.353928,-6.8018513,-2.930426,70.0,25.0,90.0,41.582855,-7.144268,-2.6370916,70.96153,25.379196,89.09158,0.50566995
4.129166666666666,41.353928,-6.8018513,-2.930426,70.0,25.0,90.0,41.582855,-7.144268,-2.6370935,70.96153,25.3792,89.091576,0.5056688
4.133333333333334,41.353928,-6.8018513,-2.930426,70.0,25.0,90.0,41.582855,-7.144269,-2.6370926,70.961525,25.3792,89.091576,0.50567
4.1375,41.353928,-6.8018513,-2.930426,70.0,25.0,90.0,41.582855,-7.144271,-2.6370916,70.96153,25.3792,89.091576,0.50567186
4.141666666666667,41.353928,-6.8018513,-2.930426,70.0,25.0,90.0,41.582855,-7.144269,-2.6370916,70.96153,25.3792,89.091576,0.5056706
4.145833333333333,41.353928,-6.8018513,-2.930426,70.0,25.0,90.0,41.582855,-7.144268,-2.6370907,70.961525,25.379204,89.091576,0.5056705
4.15,41.353928,-6.8018513,-2.930426,70.0,25.0,90.0,41.582855,-7.144268,-2.6370916,70.961525,25.3792,89.09157,0.50566995
4.154166666666667,41.353928,-6.8018513,-2.930426,70.0,25.0,90.0,41.582855,-7.144265,-2.6370916,70.961525,25.3792,89.09157,0.505668
4.158333333333333,41.353928,-6.8018513,-2.930426,70.0,25.0,90.0,41.582855,-7.144269,-2.6370897,70.961525,25.379192,89.09157,0.5056717
4.1625,41.353928,-6.8018513,-2.930426,70.0,25.0,90.0,41.582855,-7.144269,-2.6370897,70.961525,25.3792,89.09157,0.5056717
4.166666666666667,41.353928,-6.8018513,-2.930426,70.0,25.0,90.0,41.582855,-7.144266,-2.6370926,70.96153,25.3792,89.091576,0.50566804
4.170833333333333,41.353928,-6.8018513,-2.930426,70.0,25.0,90.0,41.58286,-7.144266,-2.6370945,70.961525,25.3792,89.09157,0.5056687
4.175,41.353928,-6.8018513,-2.930426,70.0,25.0,90.0,41.58286,-7.1442633,-2.6370897,70.961525,25.3792,89.091576,0.50566953
4.179166666666666,41.353928,-6.8018513,-2.930426,70.0,25.0,90.0,41.58286,-7.1442633,-2.6370935,70.961525,25.379192,89.091576,0.5056673
4.183333333333334,41.353928,-6.8018513,-2.930426,70.0,25.0,90.0,41.582855,-7.144268,-2.6370897,70.961525,25.379196,89.091576,0.505671
4.1875,41.353928,-6.8018513,-2.930426,70.0,25.0,90.0,41.58286,-7.144266,-2.6370926,70.961525,25.3792,89.091576,0.50566983
4.191666666666666,41.353928,-6.8018513,-2.930426,70.0,25.0,90.0,41.582855,-7.144266,-2.6370935,70.961525,25.379196,89.091576,0.5056675
4.195833333333334,41.353928,-6.8018513,-2.930426,70.0,25.0,90.0,41.582855,-7.144268,-2.6370916,70.961525,25.3792,89.09158,0.50566995
4.2,41.353928,-6.8018513,-2.930426,70.0,25.0,90.0,41.58286,-7.144268,-2.6370907,70.96152,25.3792,89.091576,0.5056722
4.204166666666667,41.353928,-6.8018513,-2.930426,70.0,25.0,90.0,41.58286,-7.144268,-2.6370916,70.961525,25.3792,89.091576,0.5056716
4.208333333333333,41.353928,-6.8018513,-2.930426,70.0,25.0,90.0,41.58286,-7.144268,-2.6370878,70.961525,25.379196,89.091576,0.5056739
4.2125,41.353928,-6.8018513,-2.930426,70.0,25.0,90.0,41.58286,-7.144266,-2.6370869,70.961525,25.379196,89.091576,0.5056731
4.216666666666667,41.353928,-6.8018513,-2.930426,70.0,25.0,90.0,41.58286,-7.144266,-2.6370869,70.961525,25.379196,89.091576,0.5056731
4.220833333333333,41.353928,-6.8018513,-2.930426,70.0,25.0,90.0,41.58286,-7.144266,-2.6370869,70.961525,25.379196,89.091576,0.5056731
4.225,41.353928,-6.8018513,-2.930426,70.0,25.0,90.0,41.58286,-7.144266,-2.6370869,70.961525,25.379196,89.091576,0.5056731
4.229166666666667,41.353928,-6.8018513,-2.930426,70.0,25.0,90.0,41.58286,-7.144266,-2.6370869,70.961525,25.379196,89.091576,0.5056731
4.233333333333333,41.353928,-6.8018513,-2.930426,70.0,25.0,90.0,41.58286,-7.144266,-2.6370869,70.961525,25.379196,89.091576,0.5056731
4.2375,41.353928,-6.8018513,-2.930426,70.0,25.0,90.0,41.58286,-7.144266,-2.6370869,70.961525,25.379196,89.091576,0.5056731
4.241666666666666,41.353928,-6.8018513,-2.930426,70.0,25.0,90.0,41.58286,-7.144266,-2.6370869,70.961525,25.379196,89.091576,0.5056731
4.245833333333334,41.353928,-6.8018513,-2.930426,70.0,25.0,90.0,41.58286,-7.144266,-2.6370869,70.961525,25.379196,89.091576,0.5056731
4.25,41.353928,-6.8018513,-2.930426,70.0,25.0,90.0,41.58286,-7.144266,-2.6370869,70.961525,25.379196,89.091576,0.5056731
4.254166666666666,41.353928,-6.8018513,-2.930426,70.0,25.0,90.0,41.58286,-7.144266,-2.6370869,70.961525,25.379196,89.091576,0.5056731
4.258333333333334,41.353928,-6.8018513,-2.930426,70.0,25.0,90.0,41.58286,-7.144266,-2.6370869,70.961525,25.379196,89.091576,0.5056731
4.2625,41.353928,-6.8018513,-2.930426,70.0,25.0,90.0,41.58286,-7.144266,-2.6370869,70.961525,25.379196,89.091576,0.5056731
4.266666666666667,41.353928,-6.8018513,-2.930426,70.0,25.0,90.0,41.58286,-7.144266,-2.6370869,70.961525,25.379196,89.091576,0.5056731
4.270833333333333,41.353928,-6.8018513,-2.930426,70.0,25.0,90.0,41.58286,-7.144266,-2.6370869,70.961525,25.379196,89.091576,0.5056731
4.275,41.353928,-6.8018513,-2.930426,70.0,25.0,90.0,41.58286,-7.144266,-2.6370869,70.961525,25.379196,89.091576,0.5056731
4.279166666666667,41.353928,-6.8018513,-2.930426,70.0,25.0,90.0,41.58286,-7.144266,-2.6370869,70.961525,25.379196,89.091576,0.5056731
4.283333333333333,41.353928,-6.8018513,-2.930426,70.0,25.0,90.0,41.58286,-7.144266,-2.6370869,70.961525,25.379196,89.091576,0.5056731
4.2875,41.353928,-6.8018513,-2.930426,70.0,25.0,90.0,41.58286,-7.144266,-2.6370869,70.961525,25.379196,89.091576,0.5056731
4.291666666666667,41.353928,-6.8018513,-2.930426,70.0,25.0,90.0,41.58286,-7.144266,-2.6370869,70.961525,25.379196,89.091576,0.5056731
4.295833333333333,41.353928,-6.8018513,-2.930426,70.0,25.0,90.0,41.58286,-7.144266,-2.6370869,70.961525,25.379196,89.091576,0.5056731
4.3,41.353928,-6.8018513,-2.930426,70.0,25.0,90.0,41.58286,-7.144266,-2.6370869,70.961525,25.379196,89.091576,0.5056731
4.304166666666666,41.353928,-6.8018513,-2.930426,70.0,25.0,90.0,41.58286,-7.144266,-2.6370869,70.961525,25.379196,89.091576,0.5056731
4.308333333333334,41.353928,-6.8018513,-2.930426,70.0,25.0,90.0,41.58286,-7.144266,-2.6370869,70.961525,25.379196,89.091576,0.5056731
4.3125,41.353928,-6.8018513,-2.930426,70.0,25.0,90.0,41.58286,-7.144266,-2.6370869,70.961525,25.379196,89.091576,0.5056731
4.316666666666666,41.353928,-6.8018513,-2.930426,70.0,25.0,90.0,41.58286,-7.144266,-2.6370869,70.961525,25.379196,89.091576,0.5056731
4.320833333333334,41.353928,-6.8018513,-2.930426,70.0,25.0,90.0,41.58286,-7.144266,-2.6370869,70.961525,25.379196,89.091576,0.5056731
4.325,41.353928,-6.8018513,-2.930426,70.0,25.0,90.0,41.58286,-7.144266,-2.6370869,70.961525,25.379196,89.091576,0.5056731
4.329166666666667,41.353928,-6.8018513,-2.930426,70.0,25.0,90.0,41.58286,-7.144266,-2.6370869,70.961525,25.379196,89.091576,0.5056731
4.333333333333333,41.353928,-6.8018513,-2.930426,70.0,25.0,90.0,41.58286,-7.144266,-2.6370869,70.961525,25.379196,89.091576,0.5056731
4.3375,41.353928,-6.8018513,-2.930426,70.0,25.0,90.0,41.58286,-7.144266,-2.6370869,70.961525,25.379196,89.091576,0.5056731
4.341666666666667,41.353928,-6.8018513,-2.930426,70.0,25.0,90.0,41.58286,-7.144266,-2.6370869,70.961525,25.379196,89.091576,0.5056731
4.345833333333333,41.353928,-6.8018513,-2.930426,70.0,25.0,90.0,41.58286,-7.144266,-2.6370869,70.961525,25.379196,89.091576,0.5056731
4.35,41.353928,-6.8018513,-2.930426,70.0,25.0,90.0,41.58286,-7.144266,-2.6370869,70.961525,25.379196,89.091576,0.5056731
4.354166666666667,41.353928,-6.8018513,-2.930426,70.0,25.0,90.0,41.58286,-7.144266,-2.6370869,70.961525,25.379196,89.091576,0.5056731
4.358333333333333,41.353928,-6.8018513,-2.930426,70.0,25.0,90.0,41.58286,-7.144266,-2.6370869,70.961525,25.379196,89.091576,0.5056731
4.3625,41.353928,-6.8018513,-2.930426,70.0,25.0,90.0,41.58286,-7.144266,-2.6370869,70.961525,25.379196,89.091576,0.5056731
4.366666666666666,41.353928,-6.8018513,-2.930426,70.0,25.0,90.0,41.58286,-7.144268,-2.6370907,70.961525,25.3792,89.09158,0.5056722
4.370833333333334,41.353928,-6.8018513,-2.930426,70.0,25.0,90.0,41.582855,-7.144268,-2.6370907,70.961525,25.3792,89.09158,0.5056705
4.375,41.353928,-6.8018513,-2.930426,70.0,25.0,90.0,41.582855,-7.144266,-2.6370897,70.961525,25.3792,89.09158,0.5056698
4.379166666666666,41.353928,-6.8018513,-2.930426,70.0,25.0,90.0,41.58286,-7.144268,-2.6370897,70.961525,25.379196,89.09158,0.50567275
4.383333333333334,41.353928,-6.8018513,-2.930426,70.0,25.0,90.0,41.58286,-7.144266,-2.6370916,70.961525,25.379192,89.09158,0.50567037
4.3875,41.353928,-6.8018513,-2.930426,70.0,25.0,90.0,41.582855,-7.144268,-2.6370878,70.961525,25.379196,89.09158,0.50567216
4.391666666666667,41.353928,-6.8018513,-2.930426,70.0,25.0,90.0,41.582855,-7.144269,-2.6370916,70.961525,25.379192,89.09158,0.5056706
4.395833333333333,41.353928,-6.8018513,-2.930426,70.0,25.0,90.0,41.582855,-7.1442623,-2.6370916,70.961525,25.3792,89.09158,0.505666
4.4,41.353928,-6.8018513,-2.930426,70.0,25.0,90.0,41.58286,-7.144268,-2.6370907,70.96153,25.379196,89.09158,0.5056722
4.404166666666667,41.353928,-6.8018513,-2.930426,70.0,25.0,90.0,41.58286,-7.144269,-2.6370878,70.961525,25.379196,89.09158,0.50567454
4.408333333333333,41.353928,-6.8018513,-2.930426,70.0,25.0,90.0,41.58286,-7.144269,-2.6370907,70.96152,25.3792,89.09158,0.5056729
4.4125,41.353928,-6.8018513,-2.930426,70.0,25.0,90.0,41.582855,-7.144267,-2.6370907,70.96152,25.3792,89.09158,0.50566983
4.416666666666667,41.353928,-6.8018513,-2.930426,70.0,25.0,90.0,41.58286,-7.144268,-2.6370878,70.961525,25.379196,89.09158,0.5056739
4.420833333333333,41.353928,-6.8018513,-2.930426,70.0,25.0,90.0,41.582855,-7.144267,-2.6370869,70.961525,25.379192,89.09159,0.50567204
4.425,41.353928,-6.8018513,-2.930426,70.0,25.0,90.0,41.582855,-7.144268,-2.6370869,70.961525,25.379196,89.09158,0.5056727
4.429166666666666,41.353928,-6.8018513,-2.930426,70.0,25.0,90.0,41.582855,-7.14427,-2.6370907,70.961525,25.379192,89.09158,0.50567174
4.433333333333334,41.353928,-6.8018513,-2.930426,70.0,25.0,90.0,41.582855,-7.144269,-2.6370907,70.961525,25.379192,89.09158,0.5056711
4.4375,41.353928,-6.8018513,-2.930426,70.0,25.0,90.0,41.582855,-7.144271,-2.6370907,70.961525,25.379189,89.09158,0.5056724
4.441666666666666,41.353928,-6.8018513,-2.930426,70.0,25.0,90.0,41.582855,-7.144269,-2.6370907,70.961525,25.379192,89.09158,0.5056711
4.445833333333334,41.353928,-6.8018513,-2.930426,70.0,25.0,90.0,41.582855,-7.144266,-2.6370926,70.961525,25.379196,89.09158,0.50566804
4.45,41.353928,-6.8018513,-2.930426,70.0,25.0,90.0,41.582855,-7.144269,-2.6370945,70.961525,25.379192,89.09158,0.5056689
4.454166666666667,41.353928,-6.8018513,-2.930426,70.0,25.0,90.0,41.582855,-7.144269,-2.6370907,70.961525,25.379196,89.09158,0.5056711
4.458333333333333,41.353928,-6.8018513,-2.930426,70.0,25.0,90.0,41.582855,-7.144269,-2.6370926,70.961525,25.3792,89.09158,0.50567
4.4625,41.353928,-6.8018513,-2.930426,70.0,25.0,90.0,41.582855,-7.144268,-2.6370926,70.961525,25.3792,89.09158,0.50566936
4.466666666666667,41.353928,-6.8018513,-2.930426,70.0,25.0,90.0,41.582855,-7.144268,-2.6370897,70.961525,25.379192,89.09158,0.505671
4.470833333333333,41.353928,-6.8018513,-2.930426,70.0,25.0,90.0,41.582855,-7.144268,-2.6370926,70.961525,25.379196,89.09158,0.50566936
4.475,41.353928,-6.8018513,-2.930426,70.0,25.0,90.0,41.582855,-7.144268,-2.6370916,70.96153,25.379196,89.09158,0.50566995
4.479166666666667,41.353928,-6.8018513,-2.930426,70.0,25.0,90.0,41.582855,-7.144266,-2.6370926,70.961525,25.379196,89.09158,0.50566804
4.483333333333333,41.353928,-6.8018513,-2.930426,70.0,25.0,90.0,41.582855,-7.144266,-2.6370945,70.961525,25.3792,89.09158,0.505667
4.4875,41.353928,-6.8018513,-2.930426,70.0,25.0,90.0,41.58286,-7.144268,-2.6370907,70.961525,25.3792,89.09158,0.5056722
4.491666666666666,41.353928,-6.8018513,-2.930426,70.0,25.0,90.0,41.582855,-7.144269,-2.6370926,70.961525,25.379192,89.09158,0.50567
4.495833333333334,41.353928,-6.8018513,-2.930426,70.0,25.0,90.0,41.582855,-7.144268,-2.6370897,70.961525,25.379196,89.09158,0.505671
4.5,41.353928,-6.8018513,-2.930426,70.0,25.0,90.0,41.582855,-7.144268,-2.6370926,70.961525,25.379192,89.09158,0.50566936
4.504166666666666,41.353928,-6.8018513,-2.930426,70.0,25.0,90.0,41.582855,-7.144272,-2.6370916,70.961525,25.379192,89.09158,0.5056725
4.508333333333334,41.353928,-6.8018513,-2.930426,70.0,25.0,90.0,41.582855,-7.144269,-2.6370935,70.961525,25.379192,89.09158,0.5056695
4.5125,41.353928,-6.8018513,-2.930426,70.0,25.0,90.0,41.582855,-7.144271,-2.6370935,70.96153,25.379192,89.09158,0.5056707
4.516666666666667,41.353928,-6.8018513,-2.930426,70.0,25.0,90.0,41.582855,-7.144271,-2.6370907,70.961525,25.379196,89.09158,0.5056724
4.520833333333333,41.353928,-6.8018513,-2.930426,70.0,25.0,90.0,41.582855,-7.144271,-2.6370926,70.96153,25.379192,89.09158,0.5056713
4.525,41.353928,-6.8018513,-2.930426,70.0,25.0,90.0,41.582855,-7.144269,-2.6370926,70.96153,25.379196,89.09158,0.50567
4.529166666666667,41.353928,-6.8018513,-2.930426,70.0,25.0,90.0,41.582855,-7.144271,-2.6370916,70.961525,25.379192,89.091576,0.50567186
4.533333333333333,41.353928,-6.8018513,-2.930426,70.0,25.0,90.0,41.582855,-7.144272,-2.6370916,70.96153,25.3792,89.091576,0.5056725
4.5375,41.353928,-6.8018513,-2.930426,70.0,25.0,90.0,41.582855,-7.144271,-2.6370916,70.961525,25.3792,89.091576,0.50567186
4.541666666666667,41.353928,-6.8018513,-2.930426,70.0,25.0,90.0,41.582855,-7.144271,-2.6370916,70.96153,25.379204,89.091576,0.50567186
4.545833333333333,41.353928,-6.8018513,-2.930426,70.0,25.0,90.0,41.582855,-7.144271,-2.6370897,70.961525,25.379196,89.091576,0.505673
4.55,41.353928,-6.8018513,-2.930426,70.0,25.0,90.0,41.582855,-7.144269,-2.6370916,70.961525,25.3792,89.09157,0.5056706
4.554166666666666,41.353928,-6.8018513,-2.930426,70.0,25.0,90.0,41.582855,-7.144268,-2.6370897,70.961525,25.379192,89.09157,0.505671
4.558333333333334,41.353928,-6.8018513,-2.930426,70.0,25.0,90.0,41.582855,-7.144271,-2.6370878,70.961525,25.379196,89.091576,0.50567406
4.5625,41.353928,-6.8018513,-2.930426,70.0,25.0,90.0,41.58286,-7.144268,-2.6370878,70.96153,25.3792,89.091576,0.5056739
4.566666666666666,41.353928,-6.8018513,-2.930426,70.0,25.0,90.0,41.582855,-7.144268,-2.6370926,70.961525,25.3792,89.09157,0.50566936
4.570833333333334,41.353928,-6.8018513,-2.930426,70.0,25.0,90.0,41.582855,-7.144266,-2.6370916,70.961525,25.379192,89.09157,0.50566864
4.575,41.353928,-6.8018513,-2.930426,70.0,25.0,90.0,41.58286,-7.144269,-2.6370945,70.961525,25.379192,89.091576,0.50567067
4.579166666666667,41.353928,-6.8018513,-2.930426,70.0,25.0,90.0,41.582855,-7.144268,-2.6370907,70.961525,25.379192,89.091576,0.5056705
4.583333333333333,41.353928,-6.8018513,-2.930426,70.0,25.0,90.0,41.582855,-7.144265,-2.6370926,70.961525,25.379196,89.091576,0.50566745
4.5875,41.353928,-6.8018513,-2.930426,70.0,25.0,90.0,41.58286,-7.144269,-2.6370926,70.961525,25.379196,89.091576,0.50567174
4.591666666666667,41.353928,-6.8018513,-2.930426,70.0,25.0,90.0,41.582855,-7.144269,-2.6370916,70.961525,25.379196,89.091576,0.5056706
4.595833333333333,41.353928,-6.8018513,-2.930426,70.0,25.0,90.0,41.582855,-7.144272,-2.6370935,70.961525,25.379204,89.091576,0.5056714
4.6,41.353928,-6.8018513,-2.930426,70.0,25.0,90.0,41.58286,-7.144269,-2.6370926,70.961525,25.3792,89.091576,0.50567174
4.604166666666667,41.353928,-6.8018513,-2.930426,70.0,25.0,90.0,41.582855,-7.144269,-2.6370926,70.961525,25.379204,89.091576,0.50567
4.608333333333333,41.353928,-6.8018513,-2.930426,70.0,25.0,90.0,41.582855,-7.144269,-2.6370907,70.961525,25.3792,89.091576,0.5056711
4.6125,41.353928,-6.8018513,-2.930426,70.0,25.0,90.0,41.582855,-7.144269,-2.6370907,70.961525,25.3792,89.091576,0.5056711
4.616666666666666,41.353928,-6.8018513,-2.930426,70.0,25.0,90.0,41.582855,-7.144269,-2.6370907,70.961525,25.3792,89.091576,0.5056711
4.620833333333334,41.353928,-6.8018513,-2.930426,70.0,25.0,90.0,41.582855,-7.144269,-2.6370907,70.961525,25.3792,89.091576,0.5056711
4.625,41.353928,-6.8018513,-2.930426,70.0,25.0,90.0,41.582855,-7.144269,-2.6370907,70.961525,25.3792,89.091576,0.5056711
4.629166666666666,41.353928,-6.8018513,-2.930426,70.0,25.0,90.0,41.582855,-7.144269,-2.6370907,70.961525,25.3792,89.091576,0.5056711
4.633333333333334,41.353928,-6.8018513,-2.930426,70.0,25.0,90.0,41.582855,-7.144269,-2.6370907,70.961525,25.3792,89.091576,0.5056711
4.6375,41.353928,-6.8018513,-2.930426,70.0,25.0,90.0,41.582855,-7.144269,-2.6370907,70.961525,25.3792,89.091576,0.5056711
4.641666666666667,41.353928,-6.8018513,-2.930426,70.0,25.0,90.0,41.582855,-7.144269,-2.6370907,70.961525,25.3792,89.091576,0.5056711
4.645833333333333,41.353928,-6.8018513,-2.930426,70.0,25.0,90.0,41.582855,-7.144269,-2.6370907,70.961525,25.3792,89.091576,0.5056711
4.65,41.353928,-6.8018513,-2.930426,70.0,25.0,90.0,41.582855,-7.144269,-2.6370907,70.961525,25.3792,89.091576,0.5056711
4.654166666666667,41.353928,-6.8018513,-2.930426,70.0,25.0,90.0,41.582855,-7.144269,-2.6370907,70.961525,25.3792,89.091576,0.5056711
4.658333333333333,41.353928,-6.8018513,-2.930426,70.0,25.0,90.0,41.582855,-7.144269,-2.6370907,70.961525,25.3792,89.091576,0.5056711
4.6625,41.353928,-6.8018513,-2.930426,70.0,25.0,90.0,41.582855,-7.144269,-2.6370907,70.961525,25.3792,89.091576,0.5056711
4.666666666666667,41.353928,-6.8018513,-2.930426,70.0,25.0,90.0,41.582855,-7.144269,-2.6370907,70.961525,25.3792,89.091576,0.5056711
4.670833333333333,41.353928,-6.8018513,-2.930426,70.0,25.0,90.0,41.582855,-7.144269,-2.6370907,70.961525,25.3792,89.091576,0.5056711
4.675,41.353928,-6.8018513,-2.930426,70.0,25.0,90.0,41.582855,-7.144269,-2.6370907,70.961525,25.3792,89.091576,0.5056711
4.679166666666666,41.353928,-6.8018513,-2.930426,70.0,25.0,90.0,41.582855,-7.144269,-2.6370907,70.961525,25.3792,89.091576,0.5056711
4.683333333333334,41.353928,-6.8018513,-2.930426,70.0,25.0,90.0,41.582855,-7.144269,-2.6370907,70.961525,25.3792,89.091576,0.5056711
4.6875,41.353928,-6.8018513,-2.930426,70.0,25.0,90.0,41.582855,-7.144269,-2.6370907,70.961525,25.3792,89.091576,0.5056711
4.691666666666666,41.353928,-6.8018513,-2.930426,70.0,25.0,90.0,41.582855,-7.144269,-2.6370907,70.961525,25.3792,89.091576,0.5056711
4.695833333333334,41.353928,-6.8018513,-2.930426,70.0,25.0,90.0,41.582855,-7.144269,-2.6370907,70.961525,25.3792,89.091576,0.5056711
4.7,41.353928,-6.8018513,-2.930426,70.0,25.0,90.0,41.582855,-7.144269,-2.6370907,70.961525,25.3792,89.091576,0.5056711
4.704166666666667,41.353928,-6.8018513,-2.930426,70.0,25.0,90.0,41.582855,-7.144269,-2.6370907,70.961525,25.3792,89.091576,0.5056711
4.708333333333333,41.353928,-6.8018513,-2.930426,70.0,25.0,90.0,41.582855,-7.144269,-2.6370907,70.961525,25.3792,89.091576,0.5056711
4.7125,41.353928,-6.8018513,-2.930426,70.0,25.0,90.0,41.582855,-7.144269,-2.6370907,70.961525,25.3792,89.091576,0.5056711
4.716666666666667,41.353928,-6.8018513,-2.930426,70.0,25.0,90.0,41.582855,-7.144269,-2.6370907,70.961525,25.3792,89.091576,0.5056711
4.720833333333333,41.353928,-6.8018513,-2.930426,70.0,25.0,90.0,41.582855,-7.144269,-2.6370907,70.961525,25.3792,89.091576,0.5056711
4.725,41.353928,-6.8018513,-2.930426,70.0,25.0,90.0,41.582855,-7.144269,-2.6370907,70.961525,25.3792,89.091576,0.5056711
4.729166666666667,41.353928,-6.8018513,-2.930426,70.0,25.0,90.0,41.582855,-7.144269,-2.6370907,70.961525,25.3792,89.091576,0.5056711
4.733333333333333,41.353928,-6.8018513,-2.930426,70.0,25.0,90.0,41.582855,-7.144269,-2.6370907,70.961525,25.3792,89.091576,0.5056711
4.7375,41.353928,-6.8018513,-2.930426,70.0,25.0,90.0,41.582855,-7.144269,-2.6370907,70.961525,25.3792,89.091576,0.5056711
4.741666666666666,41.353928,-6.8018513,-2.930426,70.0,25.0,90.0,41.582855,-7.144269,-2.6370907,70.961525,25.3792,89.091576,0.5056711
4.745833333333334,41.353928,-6.8018513,-2.930426,70.0,25.0,90.0,41.582855,-7.144269,-2.6370907,70.961525,25.3792,89.091576,0.5056711
4.75,41.353928,-6.8018513,-2.930426,70.0,25.0,90.0,41.58246,-7.1355724,-2.6441813,70.95784,25.399445,89.08957,0.49551204
4.754166666666666,41.353928,-6.8018513,-2.930426,70.0,25.0,90.0,41.569473,-7.1407757,-2.682458,70.88408,25.396324,89.10109,0.4720358
4.758333333333334,41.353928,-6.8018513,-2.930426,70.0,25.0,90.0,41.53271,-7.1598988,-2.742464,70.71079,25.307701,89.17018,0.4421438
4.7625,41.353928,-6.8018513,-2.930426,70.0,25.0,90.0,41.462055,-7.302655,-2.7928553,70.42516,25.075363,89.26249,0.53049207
4.766666666666667,41.353928,-6.8018513,-2.930426,70.0,25.0,90.0,41.350594,-7.331705,-2.6047125,70.448715,24.765419,89.49638,0.621969
4.770833333333333,41.353928,-6.8018513,-2.930426,70.0,25.0,90.0,41.262245,-7.4249907,-2.5798569,70.411064,24.690159,89.36126,0.72083765
4.775,41.353928,-6.8018513,-2.930426,70.0,25.0,90.0,41.033226,-6.878377,-2.0866547,70.46062,25.224316,89.710464,0.9059004
4.779166666666667,41.353928,-6.8018513,-2.930426,70.0,25.0,90.0,40.26727,-6.6499376,-2.0250998,70.43916,24.420944,90.67979,1.4225048
4.783333333333333,41.353928,-6.8018513,-2.930426,70.0,25.0,90.0,39.8815,-6.532654,-2.1010141,70.49371,24.383678,91.28338,1.7112666
4.7875,41.353928,-6.8018513,-2.930426,70.0,25.0,90.0,40.017403,-5.499979,-0.47196388,72.4457,29.160095,91.275345,3.0862932
4.791666666666667,41.353928,-6.8018513,-2.930426,70.0,25.0,90.0,39.752087,-6.3505707,-1.2481089,72.40633,28.399986,91.024765,2.3663769
4.795833333333333,41.353928,-6.8018513,-2.930426,70.0,25.0,90.0,40.340324,-6.7742634,-2.8457136,71.45058,25.321205,91.72567,1.017511
