time_s,true_wrist_X_cm,true_wrist_Y_cm,true_wrist_Z_cm,true_shoulder_elv_deg,true_shoulder_rot_deg,true_elbow_flexion_deg,pred_wrist_X_cm,pred_wrist_Y_cm,pred_wrist_Z_cm,pred_shoulder_elv_deg,pred_shoulder_rot_deg,pred_elbow_flexion_deg,l2_distance_cm
0.0,41.353928,-6.8018513,-2.930426,70.0,25.0,90.0,41.178886,-7.8620014,-0.61143875,71.072945,24.050537,91.51751,2.5558283
0.004166666666666667,41.353928,-6.8018513,-2.930426,70.0,25.0,90.0,41.515423,-8.226501,-1.1670961,70.48709,23.887985,91.230835,2.2726727
0.008333333333333333,41.353928,-6.8018513,-2.930426,70.0,25.0,90.0,41.761353,-8.212494,-1.9326897,69.63223,24.072178,91.204285,1.7752142
0.0125,41.353928,-6.8018513,-2.930426,70.0,25.0,90.0,41.333458,-7.473814,-2.565115,71.11713,25.549198,90.14729,0.76511765
0.016666666666666666,41.353928,-6.8018513,-2.930426,70.0,25.0,90.0,41.16349,-6.717868,-2.1971626,72.18845,27.131466,88.943375,0.76223004
0.020833333333333332,41.353928,-6.8018513,-2.930426,70.0,25.0,90.0,40.70729,-7.2275486,-3.4144058,70.20002,26.697083,88.70746,0.9130138
0.025,41.353928,-6.8018513,-2.930426,70.0,25.0,90.0,41.270504,-7.9346094,-3.046568,70.035286,24.794724,89.04832,1.1417484
0.029166666666666667,41.353928,-6.8018513,-2.930426,70.0,25.0,90.0,41.369637,-7.613863,-2.8338718,70.49311,25.18504,89.09583,0.81788296
0.03333333333333333,41.353928,-6.8018513,-2.930426,70.0,25.0,90.0,41.477455,-7.3936615,-2.7218485,70.708244,25.38353,89.0604,0.63953334
0.0375,41.353928,-6.8018513,-2.930426,70.0,25.0,90.0,41.5307,-7.297085,-2.6457157,70.88685,25.361965,89.02632,0.59796727
0.041666666666666664,41.353928,-6.8018513,-2.930426,70.0,25.0,90.0,41.573837,-7.210043,-2.6328535,70.94034,25.396317,89.05303,0.5509356
0.04583333333333333,41.353928,-6.8018513,-2.930426,70.0,25.0,90.0,41.59036,-7.156719,-2.6475592,70.92265,25.377739,89.068924,0.5117074
0.05,41.353928,-6.8018513,-2.930426,70.0,25.0,90.0,41.582874,-7.1442776,-2.637105,70.96152,25.379196,89.091545,0.5056773
0.05416666666666667,41.353928,-6.8018513,-2.930426,70.0,25.0,90.0,41.582874,-7.1442785,-2.637105,70.96152,25.379196,89.09154,0.50567794
0.058333333333333334,41.353928,-6.8018513,-2.930426,70.0,25.0,90.0,41.582874,-7.1442804,-2.6371012,70.96151,25.379196,89.091545,0.5056814
0.0625,41.353928,-6.8018513,-2.930426,70.0,25.0,90.0,41.582874,-7.1442785,-2.637103,70.96152,25.379192,89.091545,0.505679
0.06666666666666667,41.353928,-6.8018513,-2.930426,70.0,25.0,90.0,41.58287,-7.1442785,-2.637104,70.96152,25.379192,89.09154,0.50567675
0.07083333333333333,41.353928,-6.8018513,-2.930426,70.0,25.0,90.0,41.58287,-7.1442814,-2.637103,70.96152,25.379192,89.09154,0.50567925
0.075,41.353928,-6.8018513,-2.930426,70.0,25.0,90.0,41.58287,-7.1442804,-2.6371002,70.96151,25.379192,89.09154,0.50568026
0.07916666666666666,41.353928,-6.8018513,-2.930426,70.0,25.0,90.0,41.58287,-7.1442814,-2.6371021,70.96152,25.379192,89.091545,0.5056798
0.08333333333333333,41.353928,-6.8018513,-2.930426,70.0,25.0,90.0,41.58287,-7.1442804,-2.637103,70.96152,25.379189,89.09154,0.5056786
0.0875,41.353928,-6.8018513,-2.930426,70.0,25.0,90.0,41.58287,-7.1442804,-2.637105,70.96151,25.379189,89.09154,0.50567746
0.09166666666666666,41.353928,-6.8018513,-2.930426,70.0,25.0,90.0,41.58287,-7.1442804,-2.637104,70.96152,25.379192,89.091545,0.50567806
0.09583333333333334,41.353928,-6.8018513,-2.930426,70.0,25.0,90.0,41.58287,-7.1442785,-2.637104,70.96152,25.379196,89.091545,0.50567675
0.1,41.353928,-6.8018513,-2.930426,70.0,25.0,90.0,41.58287,-7.1442785,-2.637104,70.96152,25.379192,89.091545,0.50567675
0.10416666666666667,41.353928,-6.8018513,-2.930426,70.0,25.0,90.0,41.58287,-7.1442776,-2.637104,70.96152,25.379192,89.09154,0.5056761
0.10833333333333334,41.353928,-6.8018513,-2.930426,70.0,25.0,90.0,41.582874,-7.1442776,-2.637107,70.96152,25.379192,89.09154,0.50567615
0.1125,41.353928,-6.8018513,-2.930426,70.0,25.0,90.0,41.582874,-7.1442785,-2.637107,70.96152,25.379196,89.09154,0.5056768
0.11666666666666667,41.353928,-6.8018513,-2.930426,70.0,25.0,90.0,41.582874,-7.1442804,-2.637105,70.96152,25.379196,89.09154,0.5056792
0.12083333333333333,41.353928,-6.8018513,-2.930426,70.0,25.0,90.0,41.58287,-7.1442804,-2.6371021,70.96152,25.379192,89.09154,0.50567913
0.125,41.353928,-6.8018513,-2.930426,70.0,25.0,90.0,41.58287,-7.1442804,-2.637103,70.96152,25.379196,89.09154,0.5056786
0.12916666666666668,41.353928,-6.8018513,-2.930426,70.0,25.0,90.0,41.58287,-7.1442804,-2.637105,70.96152,25.379192,89.09154,0.50567746
0.13333333333333333,41.353928,-6.8018513,-2.930426,70.0,25.0,90.0,41.582874,-7.1442804,-2.637103,70.961525,25.379196,89.09154,0.5056803
0.1375,41.353928,-6.8018513,-2.930426,70.0,25.0,90.0,41.582874,-7.1442814,-2.637103,70.96152,25.379192,89.09154,0.505681
0.14166666666666666,41.353928,-6.8018513,-2.930426,70.0,25.0,90.0,41.582874,-7.1442842,-2.637104,70.96152,25.3792,89.09153,0.50568235
0.14583333333333334,41.353928,-6.8018513,-2.930426,70.0,25.0,90.0,41.582874,-7.1442833,-2.637107,70.96152,25.3792,89.09153,0.50568
0.15,41.353928,-6.8018513,-2.930426,70.0,25.0,90.0,41.58288,-7.1442842,-2.637105,70.96152,25.379196,89.09153,0.50568354
0.15416666666666667,41.353928,-6.8018513,-2.930426,70.0,25.0,90.0,41.582874,-7.144287,-2.637104,70.96152,25.379196,89.09153,0.50568426
0.15833333333333333,41.353928,-6.8018513,-2.930426,70.0,25.0,90.0,41.582874,-7.1442842,-2.6371088,70.96152,25.379192,89.09153,0.5056796
0.1625,41.353928,-6.8018513,-2.930426,70.0,25.0,90.0,41.582874,-7.1442842,-2.6371088,70.96152,25.379192,89.09153,0.5056796
0.16666666666666666,41.353928,-6.8018513,-2.930426,70.0,25.0,90.0,41.582874,-7.144286,-2.6371088,70.96152,25.379196,89.09153,0.5056809
0.17083333333333334,41.353928,-6.8018513,-2.930426,70.0,25.0,90.0,41.58288,-7.1442814,-2.6371088,70.96152,25.379189,89.09153,0.50567937
0.175,41.353928,-6.8018513,-2.930426,70.0,25.0,90.0,41.582874,-7.1442842,-2.637107,70.96152,25.379189,89.09153,0.5056807
0.17916666666666667,41.353928,-6.8018513,-2.930426,70.0,25.0,90.0,41.58288,-7.1442814,-2.6371078,70.961525,25.379192,89.09154,0.5056799
0.18333333333333332,41.353928,-6.8018513,-2.930426,70.0,25.0,90.0,41.582874,-7.1442833,-2.6371107,70.96152,25.379192,89.09154,0.5056778
0.1875,41.353928,-6.8018513,-2.930426,70.0,25.0,90.0,41.582874,-7.1442814,-2.637105,70.96152,25.379192,89.09154,0.50567985
0.19166666666666668,41.353928,-6.8018513,-2.930426,70.0,25.0,90.0,41.582874,-7.1442804,-2.637107,70.96152,25.379196,89.09154,0.5056781
0.19583333333333333,41.353928,-6.8018513,-2.930426,70.0,25.0,90.0,41.582874,-7.1442814,-2.637104,70.96152,25.379192,89.09154,0.5056804
0.2,41.353928,-6.8018513,-2.930426,70.0,25.0,90.0,41.582874,-7.1442814,-2.637105,70.96152,25.379189,89.09154,0.50567985
0.20416666666666666,41.353928,-6.8018513,-2.930426,70.0,25.0,90.0,41.582874,-7.1442814,-2.637105,70.96151,25.379192,89.09154,0.50567985
0.20833333333333334,41.353928,-6.8018513,-2.930426,70.0,25.0,90.0,41.582874,-7.1442814,-2.637107,70.96151,25.379192,89.09154,0.5056787
0.2125,41.353928,-6.8018513,-2.930426,70.0,25.0,90.0,41.582874,-7.1442814,-2.637107,70.96151,25.379192,89.09154,0.5056787
0.21666666666666667,41.353928,-6.8018513,-2.930426,70.0,25.0,90.0,41.582874,-7.1442814,-2.637107,70.96151,25.379192,89.09154,0.5056787
0.22083333333333333,41.353928,-6.8018513,-2.930426,70.0,25.0,90.0,41.582874,-7.1442814,-2.637107,70.96151,25.379192,89.09154,0.5056787
0.225,41.353928,-6.8018513,-2.930426,70.0,25.0,90.0,41.582874,-7.1442814,-2.637107,70.96151,25.379192,89.09154,0.5056787
0.22916666666666666,41.353928,-6.8018513,-2.930426,70.0,25.0,90.0,41.582874,-7.1442814,-2.637107,70.96151,25.379192,89.09154,0.5056787
0.23333333333333334,41.353928,-6.8018513,-2.930426,70.0,25.0,90.0,41.582874,-7.1442814,-2.637107,70.96151,25.379192,89.09154,0.5056787
0.2375,41.353928,-6.8018513,-2.930426,70.0,25.0,90.0,41.582874,-7.1442814,-2.637107,70.96151,25.379192,89.09154,0.5056787
0.24166666666666667,41.353928,-6.8018513,-2.930426,70.0,25.0,90.0,41.582874,-7.1442814,-2.637107,70.96151,25.379192,89.09154,0.5056787
0.24583333333333332,41.353928,-6.8018513,-2.930426,70.0,25.0,90.0,41.582874,-7.1442814,-2.637107,70.96151,25.379192,89.09154,0.5056787
0.25,41.353928,-6.8018513,-2.930426,70.0,25.0,90.0,41.582874,-7.1442814,-2.637107,70.96151,25.379192,89.09154,0.5056787
0.25416666666666665,41.353928,-6.8018513,-2.930426,70.0,25.0,90.0,41.582874,-7.1442814,-2.637107,70.96151,25.379192,89.09154,0.5056787
0.25833333333333336,41.353928,-6.8018513,-2.930426,70.0,25.0,90.0,41.582874,-7.1442814,-2.637107,70.96151,25.379192,89.09154,0.5056787
0.2625,41.353928,-6.8018513,-2.930426,70.0,25.0,90.0,41.582874,-7.1442814,-2.637107,70.96151,25.379192,89.09154,0.5056787
0.26666666666666666,41.353928,-6.8018513,-2.930426,70.0,25.0,90.0,41.582874,-7.1442814,-2.637107,70.96151,25.379192,89.09154,0.5056787
0.2708333333333333,41.353928,-6.8018513,-2.930426,70.0,25.0,90.0,41.582874,-7.1442814,-2.637107,70.96151,25.379192,89.09154,0.5056787
0.275,41.353928,-6.8018513,-2.930426,70.0,25.0,90.0,41.582874,-7.1442814,-2.637107,70.96151,25.379192,89.09154,0.5056787
0.2791666666666667,41.353928,-6.8018513,-2.930426,70.0,25.0,90.0,41.582874,-7.1442814,-2.637107,70.96151,25.379192,89.09154,0.5056787
0.2833333333333333,41.353928,-6.8018513,-2.930426,70.0,25.0,90.0,41.582874,-7.1442814,-2.637107,70.96151,25.379192,89.09154,0.5056787
0.2875,41.353928,-6.8018513,-2.930426,70.0,25.0,90.0,41.582874,-7.1442814,-2.637107,70.96151,25.379192,89.09154,0.5056787
0.2916666666666667,41.353928,-6.8018513,-2.930426,70.0,25.0,90.0,41.582874,-7.1442814,-2.637107,70.96151,25.379192,89.09154,0.5056787
0.29583333333333334,41.353928,-6.8018513,-2.930426,70.0,25.0,90.0,41.582874,-7.1442814,-2.637107,70.96151,25.379192,89.09154,0.5056787
0.3,41.353928,-6.8018513,-2.930426,70.0,25.0,90.0,41.582874,-7.1442814,-2.637107,70.96151,25.379192,89.09154,0.5056787
0.30416666666666664,41.353928,-6.8018513,-2.930426,70.0,25.0,90.0,41.582874,-7.1442814,-2.637107,70.96151,25.379192,89.09154,0.5056787
0.30833333333333335,41.353928,-6.8018513,-2.930426,70.0,25.0,90.0,41.582874,-7.1442814,-2.637107,70.96151,25.379192,89.09154,0.5056787
0.3125,41.353928,-6.8018513,-2.930426,70.0,25.0,90.0,41.582874,-7.1442814,-2.637107,70.96151,25.379192,89.09154,0.5056787
0.31666666666666665,41.353928,-6.8018513,-2.930426,70.0,25.0,90.0,41.582874,-7.1442814,-2.637107,70.96151,25.379192,89.09154,0.5056787
0.32083333333333336,41.353928,-6.8018513,-2.930426,70.0,25.0,90.0,41.582874,-7.1442814,-2.637107,70.96151,25.379192,89.09154,0.5056787
0.325,41.353928,-6.8018513,-2.930426,70.0,25.0,90.0,41.582874,-7.1442814,-2.637107,70.96151,25.379192,89.09154,0.5056787
0.32916666666666666,41.353928,-6.8018513,-2.930426,70.0,25.0,90.0,41.582874,-7.1442814,-2.637107,70.96151,25.379192,89.09154,0.5056787
0.3333333333333333,41.353928,-6.8018513,-2.930426,70.0,25.0,90.0,41.582874,-7.1442814,-2.637107,70.96151,25.379192,89.09154,0.5056787
0.3375,41.353928,-6.8018513,-2.930426,70.0,25.0,90.0,41.582874,-7.1442814,-2.637107,70.96151,25.379192,89.09154,0.5056787
0.3416666666666667,41.353928,-6.8018513,-2.930426,70.0,25.0,90.0,41.582874,-7.1442814,-2.637107,70.96151,25.379192,89.09154,0.5056787
0.3458333333333333,41.353928,-6.8018513,-2.930426,70.0,25.0,90.0,41.582874,-7.1442814,-2.637107,70.96151,25.379192,89.09154,0.5056787
0.35,41.353928,-6.8018513,-2.930426,70.0,25.0,90.0,41.582874,-7.1442814,-2.637107,70.96151,25.379192,89.09154,0.5056787
0.3541666666666667,41.353928,-6.8018513,-2.930426,70.0,25.0,90.0,41.582874,-7.1442814,-2.637107,70.96151,25.379192,89.09154,0.5056787
0.35833333333333334,41.353928,-6.8018513,-2.930426,70.0,25.0,90.0,41.582874,-7.1442814,-2.637107,70.96151,25.379192,89.09154,0.5056787
0.3625,41.353928,-6.8018513,-2.930426,70.0,25.0,90.0,41.582874,-7.1442833,-2.6371078,70.96151,25.379189,89.09154,0.5056795
0.36666666666666664,41.353928,-6.8018513,-2.930426,70.0,25.0,90.0,41.582874,-7.1442814,-2.6371078,70.96152,25.379189,89.09154,0.5056782
0.37083333333333335,41.353928,-6.8018513,-2.930426,70.0,25.0,90.0,41.582874,-7.1442814,-2.6371088,70.96152,25.379192,89.09154,0.50567764
0.375,41.353928,-6.8018513,-2.930426,70.0,25.0,90.0,41.582874,-7.1442833,-2.6371088,70.96152,25.379192,89.09154,0.50567895
0.37916666666666665,41.353928,-6.8018513,-2.930426,70.0,25.0,90.0,41.582874,-7.1442814,-2.637105,70.96152,25.379185,89.09154,0.50567985
0.38333333333333336,41.353928,-6.8018513,-2.930426,70.0,25.0,90.0,41.582874,-7.1442833,-2.6371078,70.96151,25.379189,89.09154,0.5056795
0.3875,41.353928,-6.8018513,-2.930426,70.0,25.0,90.0,41.582874,-7.1442814,-2.637107,70.96151,25.379189,89.09154,0.5056787
0.39166666666666666,41.353928,-6.8018513,-2.930426,70.0,25.0,90.0,41.582874,-7.1442804,-2.637107,70.96151,25.379185,89.09154,0.5056781
0.3958333333333333,41.353928,-6.8018513,-2.930426,70.0,25.0,90.0,41.58287,-7.1442833,-2.6371078,70.96151,25.379192,89.09154,0.50567776
0.4,41.353928,-6.8018513,-2.930426,70.0,25.0,90.0,41.58288,-7.1442814,-2.6371078,70.96151,25.379185,89.09154,0.5056799
0.4041666666666667,41.353928,-6.8018513,-2.930426,70.0,25.0,90.0,41.58288,-7.1442785,-2.637107,70.96151,25.379192,89.09154,0.50567853
0.4083333333333333,41.353928,-6.8018513,-2.930426,70.0,25.0,90.0,41.582874,-7.1442804,-2.6371078,70.96151,25.379185,89.091545,0.5056775
0.4125,41.353928,-6.8018513,-2.930426,70.0,25.0,90.0,41.582874,-7.1442785,-2.6371098,70.96151,25.379189,89.091545,0.50567514
0.4166666666666667,41.353928,-6.8018513,-2.930426,70.0,25.0,90.0,41.582874,-7.1442804,-2.6371078,70.96151,25.379192,89.091545,0.5056775
0.42083333333333334,41.353928,-6.8018513,-2.930426,70.0,25.0,90.0,41.582874,-7.1442785,-2.637104,70.96151,25.379189,89.091545,0.5056785
0.425,41.353928,-6.8018513,-2.930426,70.0,25.0,90.0,41.582874,-7.1442804,-2.6371021,70.96151,25.379185,89.091545,0.50568086
0.42916666666666664,41.353928,-6.8018513,-2.930426,70.0,25.0,90.0,41.582874,-7.1442785,-2.6371021,70.96151,25.379192,89.091545,0.5056796
0.43333333333333335,41.353928,-6.8018513,-2.930426,70.0,25.0,90.0,41.582874,-7.1442804,-2.6371078,70.96151,25.379192,89.091545,0.5056775
0.4375,41.353928,-6.8018513,-2.930426,70.0,25.0,90.0,41.582874,-7.1442804,-2.637103,70.96152,25.3792,89.091545,0.5056803
0.44166666666666665,41.353928,-6.8018513,-2.930426,70.0,25.0,90.0,41.582874,-7.1442804,-2.6371021,70.96152,25.379196,89.091545,0.50568086
0.44583333333333336,41.353928,-6.8018513,-2.930426,70.0,25.0,90.0,41.582874,-7.1442804,-2.6371021,70.96152,25.379196,89.091545,0.50568086
0.45,41.353928,-6.8018513,-2.930426,70.0,25.0,90.0,41.58287,-7.1442804,-2.637105,70.96151,25.379189,89.091545,0.50567746
0.45416666666666666,41.353928,-6.8018513,-2.930426,70.0,25.0,90.0,41.58287,-7.1442785,-2.637107,70.96152,25.379196,89.091545,0.5056751
0.4583333333333333,41.353928,-6.8018513,-2.930426,70.0,25.0,90.0,41.58287,-7.1442804,-2.637107,70.96152,25.379192,89.09154,0.5056763
0.4625,41.353928,-6.8018513,-2.930426,70.0,25.0,90.0,41.58287,-7.1442804,-2.637107,70.96152,25.379192,89.091545,0.5056763
0.4666666666666667,41.353928,-6.8018513,-2.930426,70.0,25.0,90.0,41.58287,-7.1442804,-2.637104,70.96152,25.379192,89.09154,0.50567806
0.4708333333333333,41.353928,-6.8018513,-2.930426,70.0,25.0,90.0,41.582874,-7.1442785,-2.637104,70.96152,25.379192,89.09154,0.5056785
0.475,41.353928,-6.8018513,-2.930426,70.0,25.0,90.0,41.58287,-7.1442804,-2.637104,70.96152,25.379189,89.091545,0.50567806
0.4791666666666667,41.353928,-6.8018513,-2.930426,70.0,25.0,90.0,41.58287,-7.1442804,-2.637104,70.96152,25.379189,89.091545,0.50567806
0.48333333333333334,41.353928,-6.8018513,-2.930426,70.0,25.0,90.0,41.58287,-7.1442804,-2.637103,70.96152,25.379196,89.091545,0.5056786
0.4875,41.353928,-6.8018513,-2.930426,70.0,25.0,90.0,41.582874,-7.1442804,-2.637104,70.96152,25.379189,89.091545,0.5056797
0.49166666666666664,41.353928,-6.8018513,-2.930426,70.0,25.0,90.0,41.58287,-7.1442804,-2.637104,70.96152,25.379189,89.091545,0.50567806
0.49583333333333335,41.353928,-6.8018513,-2.930426,70.0,25.0,90.0,41.58287,-7.1442804,-2.637104,70.96151,25.379189,89.09154,0.50567806
0.5,41.353928,-6.8018513,-2.930426,70.0,25.0,90.0,41.582874,-7.1442785,-2.637104,70.96151,25.379185,89.09154,0.5056785
0.5041666666666667,41.353928,-6.8018513,-2.930426,70.0,25.0,90.0,41.58287,-7.1442757,-2.637105,70.96151,25.379189,89.09154,0.50567424
0.5083333333333333,41.353928,-6.8018513,-2.930426,70.0,25.0,90.0,41.58287,-7.1442804,-2.637107,70.96151,25.379192,89.09154,0.5056763
0.5125,41.353928,-6.8018513,-2.930426,70.0,25.0,90.0,41.58287,-7.1442804,-2.637104,70.96152,25.379192,89.09154,0.50567806
0.5166666666666667,41.353928,-6.8018513,-2.930426,70.0,25.0,90.0,41.58287,-7.1442804,-2.6371021,70.96152,25.379192,89.09154,0.50567913
0.5208333333333334,41.353928,-6.8018513,-2.930426,70.0,25.0,90.0,41.58287,-7.1442804,-2.6371002,70.96152,25.379196,89.09154,0.50568026
0.525,41.353928,-6.8018513,-2.930426,70.0,25.0,90.0,41.582874,-7.1442814,-2.637103,70.96152,25.3792,89.09154,0.505681
0.5291666666666667,41.353928,-6.8018513,-2.930426,70.0,25.0,90.0,41.58287,-7.1442785,-2.6371021,70.96152,25.379196,89.09154,0.5056779
0.5333333333333333,41.353928,-6.8018513,-2.930426,70.0,25.0,90.0,41.582874,-7.1442804,-2.637105,70.96152,25.3792,89.09154,0.5056792
0.5375,41.353928,-6.8018513,-2.930426,70.0,25.0,90.0,41.58287,-7.1442814,-2.637104,70.96152,25.379204,89.09153,0.50567865
0.5416666666666666,41.353928,-6.8018513,-2.930426,70.0,25.0,90.0,41.582874,-7.1442814,-2.637107,70.96152,25.3792,89.09153,0.5056787
0.5458333333333333,41.353928,-6.8018513,-2.930426,70.0,25.0,90.0,41.58288,-7.1442842,-2.637107,70.961525,25.379196,89.09153,0.5056824
0.55,41.353928,-6.8018513,-2.930426,70.0,25.0,90.0,41.582874,-7.144286,-2.6371012,70.96152,25.379196,89.09153,0.5056853
0.5541666666666667,41.353928,-6.8018513,-2.930426,70.0,25.0,90.0,41.58287,-7.144286,-2.637107,70.961525,25.379192,89.09153,0.50568026
0.5583333333333333,41.353928,-6.8018513,-2.930426,70.0,25.0,90.0,41.582874,-7.1442842,-2.6371088,70.96152,25.379192,89.09153,0.5056796
0.5625,41.353928,-6.8018513,-2.930426,70.0,25.0,90.0,41.58288,-7.144286,-2.6371098,70.96152,25.379192,89.09153,0.50568205
0.5666666666666667,41.353928,-6.8018513,-2.930426,70.0,25.0,90.0,41.58288,-7.1442814,-2.6371078,70.96152,25.379192,89.09153,0.5056799
0.5708333333333333,41.353928,-6.8018513,-2.930426,70.0,25.0,90.0,41.58288,-7.1442814,-2.637105,70.96152,25.379192,89.09153,0.5056816
0.575,41.353928,-6.8018513,-2.930426,70.0,25.0,90.0,41.58288,-7.1442833,-2.6371078,70.96152,25.379192,89.09153,0.5056812
0.5791666666666667,41.353928,-6.8018513,-2.930426,70.0,25.0,90.0,41.582874,-7.1442833,-2.6371088,70.96152,25.379196,89.09154,0.50567895
0.5833333333333334,41.353928,-6.8018513,-2.930426,70.0,25.0,90.0,41.58288,-7.1442842,-2.6371078,70.96152,25.379192,89.09154,0.5056819
0.5875,41.353928,-6.8018513,-2.930426,70.0,25.0,90.0,41.582874,-7.1442833,-2.6371078,70.96152,25.379189,89.09154,0.5056795
0.5916666666666667,41.353928,-6.8018513,-2.930426,70.0,25.0,90.0,41.58288,-7.1442842,-2.637104,70.96152,25.379189,89.09153,0.5056841
0.5958333333333333,41.353928,-6.8018513,-2.930426,70.0,25.0,90.0,41.58288,-7.1442814,-2.637104,70.96152,25.379192,89.09154,0.5056821
0.6,41.353928,-6.8018513,-2.930426,70.0,25.0,90.0,41.582874,-7.1442833,-2.637107,70.96152,25.379192,89.09154,0.50568
0.6041666666666666,41.353928,-6.8018513,-2.930426,70.0,25.0,90.0,41.582874,-7.1442833,-2.637105,70.96152,25.379189,89.09154,0.50568116
0.6083333333333333,41.353928,-6.8018513,-2.930426,70.0,25.0,90.0,41.582874,-7.1442833,-2.637105,70.96152,25.379189,89.09154,0.50568116
0.6125,41.353928,-6.8018513,-2.930426,70.0,25.0,90.0,41.582874,-7.1442833,-2.637105,70.96152,25.379189,89.09154,0.50568116
0.6166666666666667,41.353928,-6.8018513,-2.930426,70.0,25.0,90.0,41.582874,-7.1442833,-2.637105,70.96152,25.379189,89.09154,0.50568116
0.6208333333333333,41.353928,-6.8018513,-2.930426,70.0,25.0,90.0,41.582874,-7.1442833,-2.637105,70.96152,25.379189,89.09154,0.50568116
0.625,41.353928,-6.8018513,-2.930426,70.0,25.0,90.0,41.582874,-7.1442833,-2.637105,70.96152,25.379189,89.09154,0.50568116
0.6291666666666667,41.353928,-6.8018513,-2.930426,70.0,25.0,90.0,41.582874,-7.1442833,-2.637105,70.96152,25.379189,89.09154,0.50568116
0.6333333333333333,41.353928,-6.8018513,-2.930426,70.0,25.0,90.0,41.582874,-7.1442833,-2.637105,70.96152,25.379189,89.09154,0.50568116
0.6375,41.353928,-6.8018513,-2.930426,70.0,25.0,90.0,41.582874,-7.1442833,-2.637105,70.96152,25.379189,89.09154,0.50568116
0.6416666666666667,41.353928,-6.8018513,-2.930426,70.0,25.0,90.0,41.582874,-7.1442833,-2.637105,70.96152,25.379189,89.09154,0.50568116
0.6458333333333334,41.353928,-6.8018513,-2.930426,70.0,25.0,90.0,41.582874,-7.1442833,-2.637105,70.96152,25.379189,89.09154,0.50568116
0.65,41.353928,-6.8018513,-2.930426,70.0,25.0,90.0,41.582874,-7.1442833,-2.637105,70.96152,25.379189,89.09154,0.50568116
0.6541666666666667,41.353928,-6.8018513,-2.930426,70.0,25.0,90.0,41.582874,-7.1442833,-2.637105,70.96152,25.379189,89.09154,0.50568116
0.6583333333333333,41.353928,-6.8018513,-2.930426,70.0,25.0,90.0,41.582874,-7.1442833,-2.637105,70.96152,25.379189,89.09154,0.50568116
0.6625,41.353928,-6.8018513,-2.930426,70.0,25.0,90.0,41.582874,-7.1442833,-2.637105,70.96152,25.379189,89.09154,0.50568116
0.6666666666666666,41.353928,-6.8018513,-2.930426,70.0,25.0,90.0,41.582874,-7.1442833,-2.637105,70.96152,25.379189,89.09154,0.50568116
0.6708333333333333,41.353928,-6.8018513,-2.930426,70.0,25.0,90.0,41.582874,-7.1442833,-2.637105,70.96152,25.379189,89.09154,0.50568116
0.675,41.353928,-6.8018513,-2.930426,70.0,25.0,90.0,41.582874,-7.1442833,-2.637105,70.96152,25.379189,89.09154,0.50568116
0.6791666666666667,41.353928,-6.8018513,-2.930426,70.0,25.0,90.0,41.582874,-7.1442833,-2.637105,70.96152,25.379189,89.09154,0.50568116
0.6833333333333333,41.353928,-6.8018513,-2.930426,70.0,25.0,90.0,41.582874,-7.1442833,-2.637105,70.96152,25.379189,89.09154,0.50568116
0.6875,41.353928,-6.8018513,-2.930426,70.0,25.0,90.0,41.582874,-7.1442833,-2.637105,70.96152,25.379189,89.09154,0.50568116
0.6916666666666667,41.353928,-6.8018513,-2.930426,70.0,25.0,90.0,41.582874,-7.1442833,-2.637105,70.96152,25.379189,89.09154,0.50568116
0.6958333333333333,41.353928,-6.8018513,-2.930426,70.0,25.0,90.0,41.582874,-7.1442833,-2.637105,70.96152,25.379189,89.09154,0.50568116
0.7,41.353928,-6.8018513,-2.930426,70.0,25.0,90.0,41.582874,-7.1442833,-2.637105,70.96152,25.379189,89.09154,0.50568116
0.7041666666666667,41.353928,-6.8018513,-2.930426,70.0,25.0,90.0,41.582874,-7.1442833,-2.637105,70.96152,25.379189,89.09154,0.50568116
0.7083333333333334,41.353928,-6.8018513,-2.930426,70.0,25.0,90.0,41.582874,-7.1442833,-2.637105,70.96152,25.379189,89.09154,0.50568116
0.7125,41.353928,-6.8018513,-2.930426,70.0,25.0,90.0,41.582874,-7.1442833,-2.637105,70.96152,25.379189,89.09154,0.50568116
0.7166666666666667,41.353928,-6.8018513,-2.930426,70.0,25.0,90.0,41.582874,-7.1442833,-2.637105,70.96152,25.379189,89.09154,0.50568116
0.7208333333333333,41.353928,-6.8018513,-2.930426,70.0,25.0,90.0,41.582874,-7.1442833,-2.637105,70.96152,25.379189,89.09154,0.50568116
0.725,41.353928,-6.8018513,-2.930426,70.0,25.0,90.0,41.582874,-7.1442833,-2.637105,70.96152,25.379189,89.09154,0.50568116
0.7291666666666666,41.353928,-6.8018513,-2.930426,70.0,25.0,90.0,41.582874,-7.1442833,-2.637105,70.96152,25.379189,89.09154,0.50568116
0.7333333333333333,41.353928,-6.8018513,-2.930426,70.0,25.0,90.0,41.582874,-7.1442833,-2.637105,70.96152,25.379189,89.09154,0.50568116
0.7375,41.353928,-6.8018513,-2.930426,70.0,25.0,90.0,41.582874,-7.1442833,-2.637105,70.96152,25.379189,89.09154,0.50568116
0.7416666666666667,41.353928,-6.8018513,-2.930426,70.0,25.0,90.0,41.582874,-7.1442833,-2.637105,70.96152,25.379189,89.09154,0.50568116
0.7458333333333333,41.353928,-6.8018513,-2.930426,70.0,25.0,90.0,41.582874,-7.1442833,-2.637105,70.96152,25.379189,89.09154,0.50568116
0.75,41.353928,-6.8018513,-2.930426,70.0,25.0,90.0,41.582874,-7.1442833,-2.637105,70.96152,25.379189,89.09154,0.50568116
0.7541666666666667,41.353928,-6.8018513,-2.930426,70.0,25.0,90.0,41.582874,-7.1442833,-2.637105,70.96152,25.379189,89.09154,0.50568116
0.7583333333333333,41.353928,-6.8018513,-2.930426,70.0,25.0,90.0,41.582874,-7.1442833,-2.637103,70.96152,25.379189,89.09154,0.50568223
0.7625,41.353928,-6.8018513,-2.930426,70.0,25.0,90.0,41.582874,-7.1442833,-2.637105,70.96152,25.379189,89.09154,0.50568116
0.7666666666666667,41.353928,-6.8018513,-2.930426,70.0,25.0,90.0,41.582874,-7.1442814,-2.637105,70.96152,25.379189,89.09154,0.50567985
0.7708333333333334,41.353928,-6.8018513,-2.930426,70.0,25.0,90.0,41.582874,-7.1442814,-2.637103,70.96152,25.379189,89.09154,0.505681
0.775,41.353928,-6.8018513,-2.930426,70.0,25.0,90.0,41.58288,-7.1442814,-2.637107,70.96151,25.379192,89.09154,0.5056805
0.7791666666666667,41.353928,-6.8018513,-2.930426,70.0,25.0,90.0,41.582874,-7.1442785,-2.6371078,70.96151,25.379189,89.09154,0.50567627
0.7833333333333333,41.353928,-6.8018513,-2.930426,70.0,25.0,90.0,41.582874,-7.1442804,-2.6371078,70.96151,25.379185,89.09154,0.5056775
0.7875,41.353928,-6.8018513,-2.930426,70.0,25.0,90.0,41.582874,-7.1442814,-2.6371078,70.96152,25.379185,89.09154,0.5056782
0.7916666666666666,41.353928,-6.8018513,-2.930426,70.0,25.0,90.0,41.582874,-7.1442833,-2.6371078,70.96151,25.379185,89.09154,0.5056795
0.7958333333333333,41.353928,-6.8018513,-2.930426,70.0,25.0,90.0,41.58288,-7.1442804,-2.6371098,70.96152,25.379185,89.09154,0.5056782
0.8,41.353928,-6.8018513,-2.930426,70.0,25.0,90.0,41.58287,-7.1442804,-2.637107,70.96151,25.379189,89.091545,0.5056763
0.8041666666666667,41.353928,-6.8018513,-2.930426,70.0,25.0,90.0,41.58288,-7.1442785,-2.637107,70.96151,25.379189,89.091545,0.50567853
0.8083333333333333,41.353928,-6.8018513,-2.930426,70.0,25.0,90.0,41.582874,-7.1442785,-2.637105,70.96151,25.379192,89.091545,0.50567794
0.8125,41.353928,-6.8018513,-2.930426,70.0,25.0,90.0,41.582874,-7.1442776,-2.637105,70.96151,25.379192,89.091545,0.5056773
0.8166666666666667,41.353928,-6.8018513,-2.930426,70.0,25.0,90.0,41.582874,-7.1442785,-2.637103,70.96151,25.379192,89.091545,0.505679
0.8208333333333333,41.353928,-6.8018513,-2.930426,70.0,25.0,90.0,41.582874,-7.1442814,-2.6371021,70.96151,25.379192,89.091545,0.5056815
0.825,41.353928,-6.8018513,-2.930426,70.0,25.0,90.0,41.582874,-7.1442814,-2.637103,70.96151,25.379192,89.091545,0.505681
0.8291666666666667,41.353928,-6.8018513,-2.930426,70.0,25.0,90.0,41.582874,-7.1442804,-2.637103,70.96152,25.379192,89.091545,0.5056803
0.8333333333333334,41.353928,-6.8018513,-2.930426,70.0,25.0,90.0,41.58287,-7.1442785,-2.637103,70.96151,25.379196,89.091545,0.5056773
0.8375,41.353928,-6.8018513,-2.930426,70.0,25.0,90.0,41.582874,-7.1442804,-2.637104,70.96151,25.379192,89.091545,0.5056797
0.8416666666666667,41.353928,-6.8018513,-2.930426,70.0,25.0,90.0,41.58287,-7.1442785,-2.637104,70.96151,25.379192,89.091545,0.50567675
0.8458333333333333,41.353928,-6.8018513,-2.930426,70.0,25.0,90.0,41.58287,-7.1442804,-2.637107,70.96152,25.379192,89.091545,0.5056763
0.85,41.353928,-6.8018513,-2.930426,70.0,25.0,90.0,41.58287,-7.1442804,-2.637103,70.96151,25.379192,89.091545,0.5056786
0.8541666666666666,41.353928,-6.8018513,-2.930426,70.0,25.0,90.0,41.58287,-7.1442814,-2.637104,70.96151,25.379192,89.091545,0.50567865
0.8583333333333333,41.353928,-6.8018513,-2.930426,70.0,25.0,90.0,41.582867,-7.1442804,-2.637107,70.96151,25.379192,89.091545,0.50567466
0.8625,41.353928,-6.8018513,-2.930426,70.0,25.0,90.0,41.58287,-7.1442814,-2.637107,70.96151,25.379189,89.091545,0.505677
0.8666666666666667,41.353928,-6.8018513,-2.930426,70.0,25.0,90.0,41.58287,-7.1442814,-2.637107,70.96151,25.379192,89.091545,0.505677
0.8708333333333333,41.353928,-6.8018513,-2.930426,70.0,25.0,90.0,41.58287,-7.1442804,-2.637107,70.96151,25.379185,89.091545,0.5056763
0.875,41.353928,-6.8018513,-2.930426,70.0,25.0,90.0,41.58287,-7.1442785,-2.637105,70.96151,25.379192,89.09154,0.50567615
0.8791666666666667,41.353928,-6.8018513,-2.930426,70.0,25.0,90.0,41.582874,-7.1442814,-2.637107,70.96151,25.379185,89.091545,0.5056787
0.8833333333333333,41.353928,-6.8018513,-2.930426,70.0,25.0,90.0,41.582874,-7.1442814,-2.637104,70.96152,25.379189,89.091545,0.5056804
0.8875,41.353928,-6.8018513,-2.930426,70.0,25.0,90.0,41.582874,-7.1442833,-2.637104,70.96151,25.379189,89.091545,0.5056817
0.8916666666666667,41.353928,-6.8018513,-2.930426,70.0,25.0,90.0,41.582874,-7.1442814,-2.637105,70.96152,25.379192,89.09154,0.50567985
0.8958333333333334,41.353928,-6.8018513,-2.930426,70.0,25.0,90.0,41.58287,-7.1442814,-2.637105,70.96151,25.379192,89.09154,0.5056781
0.9,41.353928,-6.8018513,-2.930426,70.0,25.0,90.0,41.582874,-7.1442833,-2.637107,70.96151,25.379196,89.091545,0.50568
0.9041666666666667,41.353928,-6.8018513,-2.930426,70.0,25.0,90.0,41.58287,-7.1442814,-2.637103,70.96152,25.379192,89.09154,0.50567925
0.9083333333333333,41.353928,-6.8018513,-2.930426,70.0,25.0,90.0,41.58287,-7.1442833,-2.6371021,70.96152,25.379192,89.09154,0.5056811
0.9125,41.353928,-6.8018513,-2.930426,70.0,25.0,90.0,41.58287,-7.1442842,-2.637105,70.96152,25.3792,89.09154,0.5056801
0.9166666666666666,41.353928,-6.8018513,-2.930426,70.0,25.0,90.0,41.582874,-7.1442814,-2.637104,70.96152,25.3792,89.09154,0.5056804
0.9208333333333333,41.353928,-6.8018513,-2.930426,70.0,25.0,90.0,41.58287,-7.1442833,-2.637107,70.96152,25.3792,89.09154,0.5056783
0.925,41.353928,-6.8018513,-2.930426,70.0,25.0,90.0,41.58287,-7.1442814,-2.637104,70.96152,25.379196,89.09153,0.50567865
0.9291666666666667,41.353928,-6.8018513,-2.930426,70.0,25.0,90.0,41.58287,-7.1442814,-2.637104,70.96152,25.379208,89.09154,0.50567865
0.9333333333333333,41.353928,-6.8018513,-2.930426,70.0,25.0,90.0,41.582874,-7.1442833,-2.637107,70.96152,25.379196,89.09153,0.50568
0.9375,41.353928,-6.8018513,-2.930426,70.0,25.0,90.0,41.58288,-7.144286,-2.637104,70.96152,25.379196,89.09153,0.5056854
0.9416666666666667,41.353928,-6.8018513,-2.930426,70.0,25.0,90.0,41.582874,-7.144286,-2.637104,70.96152,25.379196,89.09153,0.50568366
0.9458333333333333,41.353928,-6.8018513,-2.930426,70.0,25.0,90.0,41.58287,-7.1442842,-2.6371078,70.96152,25.379192,89.09153,0.5056784
0.95,41.353928,-6.8018513,-2.930426,70.0,25.0,90.0,41.582874,-7.144286,-2.6371078,70.96152,25.379189,89.09153,0.5056814
0.9541666666666667,41.353928,-6.8018513,-2.930426,70.0,25.0,90.0,41.58288,-7.1442842,-2.6371098,70.96152,25.379192,89.09153,0.50568074
0.9583333333333334,41.353928,-6.8018513,-2.930426,70.0,25.0,90.0,41.58288,-7.1442814,-2.637104,70.96152,25.379189,89.09153,0.5056821
0.9625,41.353928,-6.8018513,-2.930426,70.0,25.0,90.0,41.58288,-7.1442842,-2.637105,70.96152,25.379192,89.09153,0.50568354
0.9666666666666667,41.353928,-6.8018513,-2.930426,70.0,25.0,90.0,41.58288,-7.1442842,-2.637105,70.96152,25.379192,89.09153,0.50568354
0.9708333333333333,41.353928,-6.8018513,-2.930426,70.0,25.0,90.0,41.58288,-7.144286,-2.6371078,70.96152,25.379192,89.09154,0.5056832
0.975,41.353928,-6.8018513,-2.930426,70.0,25.0,90.0,41.58288,-7.1442842,-2.637104,70.96152,25.379185,89.09153,0.5056841
0.9791666666666666,41.353928,-6.8018513,-2.930426,70.0,25.0,90.0,41.58288,-7.1442842,-2.637103,70.96152,25.379192,89.09153,0.5056846
0.9833333333333333,41.353928,-6.8018513,-2.930426,70.0,25.0,90.0,41.58288,-7.1442833,-2.637105,70.96152,25.379192,89.09154,0.5056829
0.9875,41.353928,-6.8018513,-2.930426,70.0,25.0,90.0,41.58288,-7.1442833,-2.637104,70.96152,25.379192,89.09154,0.5056834
0.9916666666666667,41.353928,-6.8018513,-2.930426,70.0,25.0,90.0,41.58288,-7.1442842,-2.637105,70.96152,25.379192,89.09154,0.50568354
0.9958333333333333,41.353928,-6.8018513,-2.930426,70.0,25.0,90.0,41.58288,-7.1442842,-2.637105,70.96152,25.379192,89.09154,0.50568354
1.0,41.353928,-6.8018513,-2.930426,70.0,25.0,90.0,41.58288,-7.1442842,-2.637105,70.96152,25.379192,89.09154,0.50568354
1.0041666666666667,41.353928,-6.8018513,-2.930426,70.0,25.0,90.0,41.58288,-7.1442842,-2.637105,70.96152,25.379192,89.09154,0.50568354
1.0083333333333333,41.353928,-6.8018513,-2.930426,70.0,25.0,90.0,41.58288,-7.1442842,-2.637105,70.96152,25.379192,89.09154,0.50568354
1.0125,41.353928,-6.8018513,-2.930426,70.0,25.0,90.0,41.58288,-7.1442842,-2.637105,70.96152,25.379192,89.09154,0.50568354
1.0166666666666666,41.353928,-6.8018513,-2.930426,70.0,25.0,90.0,41.58288,-7.1442842,-2.637105,70.96152,25.379192,89.09154,0.50568354
1.0208333333333333,41.353928,-6.8018513,-2.930426,70.0,25.0,90.0,41.58288,-7.1442842,-2.637105,70.96152,25.379192,89.09154,0.50568354
1.025,41.353928,-6.8018513,-2.930426,70.0,25.0,90.0,41.58288,-7.1442842,-2.637105,70.96152,25.379192,89.09154,0.50568354
1.0291666666666666,41.353928,-6.8018513,-2.930426,70.0,25.0,90.0,41.58288,-7.1442842,-2.637105,70.96152,25.379192,89.09154,0.50568354
1.0333333333333334,41.353928,-6.8018513,-2.930426,70.0,25.0,90.0,41.58288,-7.1442842,-2.637105,70.96152,25.379192,89.09154,0.50568354
1.0375,41.353928,-6.8018513,-2.930426,70.0,25.0,90.0,41.58288,-7.1442842,-2.637105,70.96152,25.379192,89.09154,0.50568354
1.0416666666666667,41.353928,-6.8018513,-2.930426,70.0,25.0,90.0,41.58288,-7.1442842,-2.637105,70.96152,25.379192,89.09154,0.50568354
1.0458333333333334,41.353928,-6.8018513,-2.930426,70.0,25.0,90.0,41.58288,-7.1442842,-2.637105,70.96152,25.379192,89.09154,0.50568354
1.05,41.353928,-6.8018513,-2.930426,70.0,25.0,90.0,41.58288,-7.1442842,-2.637105,70.96152,25.379192,89.09154,0.50568354
1.0541666666666667,41.353928,-6.8018513,-2.930426,70.0,25.0,90.0,41.58288,-7.1442842,-2.637105,70.96152,25.379192,89.09154,0.50568354
1.0583333333333333,41.353928,-6.8018513,-2.930426,70.0,25.0,90.0,41.58288,-7.1442842,-2.637105,70.96152,25.379192,89.09154,0.50568354
1.0625,41.353928,-6.8018513,-2.930426,70.0,25.0,90.0,41.58288,-7.1442842,-2.637105,70.96152,25.379192,89.09154,0.50568354
1.0666666666666667,41.353928,-6.8018513,-2.930426,70.0,25.0,90.0,41.58288,-7.1442842,-2.637105,70.96152,25.379192,89.09154,0.50568354
1.0708333333333333,41.353928,-6.8018513,-2.930426,70.0,25.0,90.0,41.58288,-7.1442842,-2.637105,70.96152,25.379192,89.09154,0.50568354
1.075,41.353928,-6.8018513,-2.930426,70.0,25.0,90.0,41.58288,-7.1442842,-2.637105,70.96152,25.379192,89.09154,0.50568354
1.0791666666666666,41.353928,-6.8018513,-2.930426,70.0,25.0,90.0,41.58288,-7.1442842,-2.637105,70.96152,25.379192,89.09154,0.50568354
1.0833333333333333,41.353928,-6.8018513,-2.930426,70.0,25.0,90.0,41.58288,-7.1442842,-2.637105,70.96152,25.379192,89.09154,0.50568354
1.0875,41.353928,-6.8018513,-2.930426,70.0,25.0,90.0,41.58288,-7.1442842,-2.637105,70.96152,25.379192,89.09154,0.50568354
1.0916666666666666,41.353928,-6.8018513,-2.930426,70.0,25.0,90.0,41.58288,-7.1442842,-2.637105,70.96152,25.379192,89.09154,0.50568354
1.0958333333333334,41.353928,-6.8018513,-2.930426,70.0,25.0,90.0,41.58288,-7.1442842,-2.637105,70.96152,25.379192,89.09154,0.50568354
1.1,41.353928,-6.8018513,-2.930426,70.0,25.0,90.0,41.58288,-7.1442842,-2.637105,70.96152,25.379192,89.09154,0.50568354
1.1041666666666667,41.353928,-6.8018513,-2.930426,70.0,25.0,90.0,41.58288,-7.1442842,-2.637105,70.96152,25.379192,89.09154,0.50568354
1.1083333333333334,41.353928,-6.8018513,-2.930426,70.0,25.0,90.0,41.58288,-7.1442842,-2.637105,70.96152,25.379192,89.09154,0.50568354
1.1125,41.353928,-6.8018513,-2.930426,70.0,25.0,90.0,41.58288,-7.1442842,-2.637105,70.96152,25.379192,89.09154,0.50568354
1.1166666666666667,41.353928,-6.8018513,-2.930426,70.0,25.0,90.0,41.58288,-7.1442842,-2.637105,70.96152,25.379192,89.09154,0.50568354
1.1208333333333333,41.353928,-6.8018513,-2.930426,70.0,25.0,90.0,41.58288,-7.1442842,-2.637105,70.96152,25.379192,89.09154,0.50568354
1.125,41.353928,-6.8018513,-2.930426,70.0,25.0,90.0,41.58288,-7.1442842,-2.637105,70.96152,25.379192,89.09154,0.50568354
1.1291666666666667,41.353928,-6.8018513,-2.930426,70.0,25.0,90.0,41.58288,-7.1442842,-2.637105,70.96152,25.379192,89.09154,0.50568354
1.1333333333333333,41.353928,-6.8018513,-2.930426,70.0,25.0,90.0,41.58288,-7.1442842,-2.637105,70.96152,25.379192,89.09154,0.50568354
1.1375,41.353928,-6.8018513,-2.930426,70.0,25.0,90.0,41.58288,-7.1442842,-2.637105,70.96152,25.379192,89.09154,0.50568354
1.1416666666666666,41.353928,-6.8018513,-2.930426,70.0,25.0,90.0,41.58288,-7.1442842,-2.637105,70.96152,25.379192,89.09154,0.50568354
1.1458333333333333,41.353928,-6.8018513,-2.930426,70.0,25.0,90.0,41.58288,-7.1442842,-2.637105,70.96152,25.379192,89.09154,0.50568354
1.15,41.353928,-6.8018513,-2.930426,70.0,25.0,90.0,41.58288,-7.1442842,-2.637104,70.96152,25.379192,89.09154,0.5056841
1.1541666666666666,41.353928,-6.8018513,-2.930426,70.0,25.0,90.0,41.58288,-7.1442833,-2.637107,70.96152,25.379192,89.09154,0.50568175
1.1583333333333334,41.353928,-6.8018513,-2.930426,70.0,25.0,90.0,41.58288,-7.1442833,-2.637105,70.96152,25.379189,89.09154,0.5056829
1.1625,41.353928,-6.8018513,-2.930426,70.0,25.0,90.0,41.582874,-7.1442814,-2.637103,70.96152,25.379192,89.09154,0.505681
1.1666666666666667,41.353928,-6.8018513,-2.930426,70.0,25.0,90.0,41.58288,-7.1442814,-2.637107,70.96151,25.379189,89.09154,0.5056805
1.1708333333333334,41.353928,-6.8018513,-2.930426,70.0,25.0,90.0,41.58288,-7.1442814,-2.637107,70.96152,25.379189,89.09154,0.5056805
1.175,41.353928,-6.8018513,-2.930426,70.0,25.0,90.0,41.58288,-7.1442814,-2.6371078,70.96152,25.379185,89.09154,0.5056799
1.1791666666666667,41.353928,-6.8018513,-2.930426,70.0,25.0,90.0,41.58288,-7.1442804,-2.6371078,70.96151,25.379185,89.09154,0.50567925
1.1833333333333333,41.353928,-6.8018513,-2.930426,70.0,25.0,90.0,41.582874,-7.1442804,-2.6371078,70.96152,25.379192,89.09154,0.5056775
1.1875,41.353928,-6.8018513,-2.930426,70.0,25.0,90.0,41.582874,-7.1442814,-2.637105,70.96151,25.379185,89.09154,0.50567985
1.1916666666666667,41.353928,-6.8018513,-2.930426,70.0,25.0,90.0,41.58288,-7.1442814,-2.6371107,70.96151,25.379185,89.09154,0.5056783
1.1958333333333333,41.353928,-6.8018513,-2.930426,70.0,25.0,90.0,41.58288,-7.1442785,-2.6371078,70.96151,25.379185,89.091545,0.505678
1.2,41.353928,-6.8018513,-2.930426,70.0,25.0,90.0,41.582874,-7.1442814,-2.6371078,70.96151,25.379189,89.091545,0.5056782
1.2041666666666666,41.353928,-6.8018513,-2.930426,70.0,25.0,90.0,41.582874,-7.1442785,-2.637103,70.96151,25.379192,89.091545,0.505679
1.2083333333333333,41.353928,-6.8018513,-2.930426,70.0,25.0,90.0,41.582874,-7.1442785,-2.637105,70.96151,25.379192,89.091545,0.50567794
1.2125,41.353928,-6.8018513,-2.930426,70.0,25.0,90.0,41.582874,-7.1442785,-2.6371012,70.96151,25.379192,89.091545,0.50568014
1.2166666666666666,41.353928,-6.8018513,-2.930426,70.0,25.0,90.0,41.58287,-7.1442785,-2.6371021,70.96151,25.379189,89.091545,0.5056779
1.2208333333333334,41.353928,-6.8018513,-2.930426,70.0,25.0,90.0,41.582874,-7.1442785,-2.637107,70.96151,25.379189,89.091545,0.5056768
1.225,41.353928,-6.8018513,-2.930426,70.0,25.0,90.0,41.582874,-7.1442814,-2.637103,70.96152,25.379192,89.091545,0.505681
1.2291666666666667,41.353928,-6.8018513,-2.930426,70.0,25.0,90.0,41.582874,-7.1442804,-2.637107,70.96152,25.379192,89.091545,0.5056781
1.2333333333333334,41.353928,-6.8018513,-2.930426,70.0,25.0,90.0,41.582874,-7.1442814,-2.637104,70.96151,25.379192,89.091545,0.5056804
1.2375,41.353928,-6.8018513,-2.930426,70.0,25.0,90.0,41.582874,-7.1442833,-2.637104,70.96151,25.379189,89.091545,0.5056817
1.2416666666666667,41.353928,-6.8018513,-2.930426,70.0,25.0,90.0,41.582874,-7.1442814,-2.6371088,70.96151,25.379189,89.091545,0.50567764
1.2458333333333333,41.353928,-6.8018513,-2.930426,70.0,25.0,90.0,41.582874,-7.1442833,-2.6371088,70.96151,25.379192,89.091545,0.50567895
1.25,41.353928,-6.8018513,-2.930426,70.0,25.0,90.0,41.58287,-7.1442833,-2.637104,70.96151,25.379196,89.091545,0.50567997
1.2541666666666667,41.353928,-6.8018513,-2.930426,70.0,25.0,90.0,41.58287,-7.1442842,-2.637105,70.96151,25.379192,89.091545,0.5056801
1.2583333333333333,41.353928,-6.8018513,-2.930426,70.0,25.0,90.0,41.58287,-7.1442833,-2.637104,70.96151,25.379189,89.091545,0.50567997
1.2625,41.353928,-6.8018513,-2.930426,70.0,25.0,90.0,41.58287,-7.1442833,-2.637107,70.96151,25.379192,89.091545,0.5056783
1.2666666666666666,41.353928,-6.8018513,-2.930426,70.0,25.0,90.0,41.58287,-7.1442833,-2.637107,70.96151,25.379192,89.091545,0.5056783
1.2708333333333333,41.353928,-6.8018513,-2.930426,70.0,25.0,90.0,41.58287,-7.1442833,-2.637104,70.96151,25.379192,89.091545,0.50567997
1.275,41.353928,-6.8018513,-2.930426,70.0,25.0,90.0,41.58287,-7.1442814,-2.6371021,70.96151,25.379185,89.091545,0.5056798
1.2791666666666666,41.353928,-6.8018513,-2.930426,70.0,25.0,90.0,41.58287,-7.1442814,-2.637104,70.96152,25.379189,89.091545,0.50567865
1.2833333333333334,41.353928,-6.8018513,-2.930426,70.0,25.0,90.0,41.582867,-7.1442804,-2.637104,70.96152,25.379192,89.091545,0.50567627
1.2875,41.353928,-6.8018513,-2.930426,70.0,25.0,90.0,41.58287,-7.1442814,-2.6371021,70.96152,25.379192,89.091545,0.5056798
1.2916666666666667,41.353928,-6.8018513,-2.930426,70.0,25.0,90.0,41.58287,-7.1442804,-2.637103,70.96152,25.379192,89.091545,0.5056786
1.2958333333333334,41.353928,-6.8018513,-2.930426,70.0,25.0,90.0,41.58287,-7.1442814,-2.6371002,70.96151,25.379192,89.091545,0.5056809
1.3,41.353928,-6.8018513,-2.930426,70.0,25.0,90.0,41.58287,-7.1442814,-2.6371002,70.96152,25.379189,89.091545,0.5056809
1.3041666666666667,41.353928,-6.8018513,-2.930426,70.0,25.0,90.0,41.58287,-7.1442833,-2.6371012,70.96152,25.379196,89.091545,0.50568163
1.3083333333333333,41.353928,-6.8018513,-2.930426,70.0,25.0,90.0,41.58287,-7.1442833,-2.6371012,70.96152,25.379204,89.09154,0.50568163
1.3125,41.353928,-6.8018513,-2.930426,70.0,25.0,90.0,41.58287,-7.1442814,-2.637104,70.96152,25.3792,89.09154,0.50567865
1.3166666666666667,41.353928,-6.8018513,-2.930426,70.0,25.0,90.0,41.58287,-7.1442833,-2.637104,70.96152,25.379192,89.09154,0.50567997
1.3208333333333333,41.353928,-6.8018513,-2.930426,70.0,25.0,90.0,41.58287,-7.1442804,-2.637103,70.96152,25.3792,89.09154,0.5056786
1.325,41.353928,-6.8018513,-2.930426,70.0,25.0,90.0,41.58287,-7.1442804,-2.6371021,70.961525,25.379204,89.09153,0.50567913
1.3291666666666666,41.353928,-6.8018513,-2.930426,70.0,25.0,90.0,41.58288,-7.1442814,-2.637103,70.961525,25.3792,89.09153,0.5056827
1.3333333333333333,41.353928,-6.8018513,-2.930426,70.0,25.0,90.0,41.582874,-7.144286,-2.6371088,70.96152,25.379196,89.09153,0.5056809
1.3375,41.353928,-6.8018513,-2.930426,70.0,25.0,90.0,41.58287,-7.144286,-2.6371021,70.96152,25.379192,89.09153,0.505683
1.3416666666666666,41.353928,-6.8018513,-2.930426,70.0,25.0,90.0,41.582874,-7.144286,-2.637107,70.96152,25.379192,89.09153,0.505682
1.3458333333333334,41.353928,-6.8018513,-2.930426,70.0,25.0,90.0,41.582874,-7.1442833,-2.637107,70.96152,25.379192,89.09154,0.50568
1.35,41.353928,-6.8018513,-2.930426,70.0,25.0,90.0,41.58288,-7.1442833,-2.6371098,70.961525,25.379192,89.09153,0.5056801
1.3541666666666667,41.353928,-6.8018513,-2.930426,70.0,25.0,90.0,41.58288,-7.1442814,-2.637105,70.96152,25.379192,89.09154,0.5056816
1.3583333333333334,41.353928,-6.8018513,-2.930426,70.0,25.0,90.0,41.582874,-7.1442814,-2.6371078,70.96152,25.379192,89.09153,0.5056782
1.3625,41.353928,-6.8018513,-2.930426,70.0,25.0,90.0,41.58288,-7.144286,-2.637105,70.96152,25.379192,89.09154,0.5056848
1.3666666666666667,41.353928,-6.8018513,-2.930426,70.0,25.0,90.0,41.58288,-7.1442814,-2.637105,70.96152,25.379192,89.09154,0.5056816
1.3708333333333333,41.353928,-6.8018513,-2.930426,70.0,25.0,90.0,41.58288,-7.1442842,-2.637105,70.96152,25.379189,89.09154,0.50568354
1.375,41.353928,-6.8018513,-2.930426,70.0,25.0,90.0,41.58288,-7.1442842,-2.637105,70.96152,25.379189,89.09154,0.50568354
1.3791666666666667,41.353928,-6.8018513,-2.930426,70.0,25.0,90.0,41.582874,-7.1442842,-2.6371021,70.96152,25.379189,89.09154,0.5056835
1.3833333333333333,41.353928,-6.8018513,-2.930426,70.0,25.0,90.0,41.582874,-7.1442842,-2.637104,70.96152,25.379192,89.09154,0.50568235
1.3875,41.353928,-6.8018513,-2.930426,70.0,25.0,90.0,41.58288,-7.144286,-2.6371021,70.96152,25.379192,89.09154,0.50568646
1.3916666666666666,41.353928,-6.8018513,-2.930426,70.0,25.0,90.0,41.58288,-7.1442833,-2.637103,70.96152,25.379192,89.09154,0.50568396
1.3958333333333333,41.353928,-6.8018513,-2.930426,70.0,25.0,90.0,41.58288,-7.1442833,-2.637103,70.96152,25.379192,89.09154,0.50568396
1.4,41.353928,-6.8018513,-2.930426,70.0,25.0,90.0,41.58288,-7.1442833,-2.637103,70.96152,25.379192,89.09154,0.50568396
1.4041666666666666,41.353928,-6.8018513,-2.930426,70.0,25.0,90.0,41.58288,-7.1442833,-2.637103,70.96152,25.379192,89.09154,0.50568396
1.4083333333333334,41.353928,-6.8018513,-2.930426,70.0,25.0,90.0,41.58288,-7.1442833,-2.637103,70.96152,25.379192,89.09154,0.50568396
1.4125,41.353928,-6.8018513,-2.930426,70.0,25.0,90.0,41.58288,-7.1442833,-2.637103,70.96152,25.379192,89.09154,0.50568396
1.4166666666666667,41.353928,-6.8018513,-2.930426,70.0,25.0,90.0,41.58288,-7.1442833,-2.637103,70.96152,25.379192,89.09154,0.50568396
1.4208333333333334,41.353928,-6.8018513,-2.930426,70.0,25.0,90.0,41.58288,-7.1442833,-2.637103,70.96152,25.379192,89.09154,0.50568396
1.425,41.353928,-6.8018513,-2.930426,70.0,25.0,90.0,41.58288,-7.1442833,-2.637103,70.96152,25.379192,89.09154,0.50568396
1.4291666666666667,41.353928,-6.8018513,-2.930426,70.0,25.0,90.0,41.58288,-7.1442833,-2.637103,70.96152,25.379192,89.09154,0.50568396
1.4333333333333333,41.353928,-6.8018513,-2.930426,70.0,25.0,90.0,41.58288,-7.1442833,-2.637103,70.96152,25.379192,89.09154,0.50568396
1.4375,41.353928,-6.8018513,-2.930426,70.0,25.0,90.0,41.58288,-7.1442833,-2.637103,70.96152,25.379192,89.09154,0.50568396
1.4416666666666667,41.353928,-6.8018513,-2.930426,70.0,25.0,90.0,41.58288,-7.1442833,-2.637103,70.96152,25.379192,89.09154,0.50568396
1.4458333333333333,41.353928,-6.8018513,-2.930426,70.0,25.0,90.0,41.58288,-7.1442833,-2.637103,70.96152,25.379192,89.09154,0.50568396
1.45,41.353928,-6.8018513,-2.930426,70.0,25.0,90.0,41.58288,-7.1442833,-2.637103,70.96152,25.379192,89.09154,0.50568396
1.4541666666666666,41.353928,-6.8018513,-2.930426,70.0,25.0,90.0,41.58288,-7.1442833,-2.637103,70.96152,25.379192,89.09154,0.50568396
1.4583333333333333,41.353928,-6.8018513,-2.930426,70.0,25.0,90.0,41.58288,-7.1442833,-2.637103,70.96152,25.379192,89.09154,0.50568396
1.4625,41.353928,-6.8018513,-2.930426,70.0,25.0,90.0,41.58288,-7.1442833,-2.637103,70.96152,25.379192,89.09154,0.50568396
1.4666666666666666,41.353928,-6.8018513,-2.930426,70.0,25.0,90.0,41.58288,-7.1442833,-2.637103,70.96152,25.379192,89.09154,0.50568396
1.4708333333333334,41.353928,-6.8018513,-2.930426,70.0,25.0,90.0,41.58288,-7.1442833,-2.637103,70.96152,25.379192,89.09154,0.50568396
1.475,41.353928,-6.8018513,-2.930426,70.0,25.0,90.0,41.58288,-7.1442833,-2.637103,70.96152,25.379192,89.09154,0.50568396
1.4791666666666667,41.353928,-6.8018513,-2.930426,70.0,25.0,90.0,41.58288,-7.1442833,-2.637103,70.96152,25.379192,89.09154,0.50568396
1.4833333333333334,41.353928,-6.8018513,-2.930426,70.0,25.0,90.0,41.58288,-7.1442833,-2.637103,70.96152,25.379192,89.09154,0.50568396
1.4875,41.353928,-6.8018513,-2.930426,70.0,25.0,90.0,41.58288,-7.1442833,-2.637103,70.96152,25.379192,89.09154,0.50568396
1.4916666666666667,41.353928,-6.8018513,-2.930426,70.0,25.0,90.0,41.58288,-7.1442833,-2.637103,70.96152,25.379192,89.09154,0.50568396
1.4958333333333333,41.353928,-6.8018513,-2.930426,70.0,25.0,90.0,41.58288,-7.1442833,-2.637103,70.96152,25.379192,89.09154,0.50568396
1.5,41.353928,-6.8018513,-2.930426,70.0,25.0,90.0,41.58288,-7.1442833,-2.637103,70.96152,25.379192,89.09154,0.50568396
1.5041666666666667,41.353928,-6.8018513,-2.930426,70.0,25.0,90.0,41.58288,-7.1442833,-2.637103,70.96152,25.379192,89.09154,0.50568396
1.5083333333333333,41.353928,-6.8018513,-2.930426,70.0,25.0,90.0,41.58288,-7.1442833,-2.637103,70.96152,25.379192,89.09154,0.50568396
1.5125,41.353928,-6.8018513,-2.930426,70.0,25.0,90.0,41.58288,-7.1442833,-2.637103,70.96152,25.379192,89.09154,0.50568396
1.5166666666666666,41.353928,-6.8018513,-2.930426,70.0,25.0,90.0,41.58288,-7.1442833,-2.637103,70.96152,25.379192,89.09154,0.50568396
1.5208333333333333,41.353928,-6.8018513,-2.930426,70.0,25.0,90.0,41.58288,-7.1442833,-2.637103,70.96152,25.379192,89.09154,0.50568396
1.525,41.353928,-6.8018513,-2.930426,70.0,25.0,90.0,41.58288,-7.1442833,-2.637103,70.96152,25.379192,89.09154,0.50568396
1.5291666666666666,41.353928,-6.8018513,-2.930426,70.0,25.0,90.0,41.58288,-7.1442833,-2.637103,70.96152,25.379192,89.09154,0.50568396
1.5333333333333334,41.353928,-6.8018513,-2.930426,70.0,25.0,90.0,41.582874,-7.1442814,-2.6371012,70.96152,25.379192,89.09154,0.50568205
1.5375,41.353928,-6.8018513,-2.930426,70.0,25.0,90.0,41.582874,-7.144289,-2.6371002,70.961525,25.379177,89.09154,0.5056878
1.5416666666666667,41.353928,-6.8018513,-2.930426,70.0,25.0,90.0,41.58287,-7.1442795,-2.637084,70.96154,25.379173,89.09154,0.505689
1.5458333333333334,41.353928,-6.8018513,-2.930426,70.0,25.0,90.0,41.58286,-7.1442394,-2.6370316,70.96159,25.37917,89.09152,0.5056871
1.55,41.353928,-6.8018513,-2.930426,70.0,25.0,90.0,41.58288,-7.144109,-2.6369677,70.96161,25.379227,89.09147,0.5056444
1.5541666666666667,41.353928,-6.8018513,-2.930426,70.0,25.0,90.0,41.58293,-7.143853,-2.6368647,70.96169,25.37938,89.09134,0.50555545
1.5583333333333333,41.353928,-6.8018513,-2.930426,70.0,25.0,90.0,41.583046,-7.1434546,-2.636691,70.96194,25.379704,89.09111,0.50543857
1.5625,41.353928,-6.8018513,-2.930426,70.0,25.0,90.0,41.583202,-7.1428766,-2.6363964,70.96247,25.380264,89.09078,0.5052905
1.5666666666666667,41.353928,-6.8018513,-2.930426,70.0,25.0,90.0,41.58342,-7.142046,-2.6359253,70.96337,25.381157,89.090324,0.50510365
1.5708333333333333,41.353928,-6.8018513,-2.930426,70.0,25.0,90.0,41.583687,-7.1409073,-2.6353083,70.96471,25.382519,89.08968,0.50481945
1.575,41.353928,-6.8018513,-2.930426,70.0,25.0,90.0,41.58403,-7.139411,-2.6345215,70.96661,25.38438,89.08879,0.50443345
1.5791666666666666,41.353928,-6.8018513,-2.930426,70.0,25.0,90.0,41.584545,-7.137616,-2.633441,70.969345,25.38665,89.08762,0.5041057
1.5833333333333333,41.353928,-6.8018513,-2.930426,70.0,25.0,90.0,41.585266,-7.135563,-2.6322012,70.97301,25.389309,89.08613,0.50380445
1.5875,41.353928,-6.8018513,-2.930426,70.0,25.0,90.0,41.58616,-7.133253,-2.6309032,70.97762,25.39236,89.08429,0.5034603
1.5916666666666666,41.353928,-6.8018513,-2.930426,70.0,25.0,90.0,41.587074,-7.1307735,-2.6297207,70.98316,25.395699,89.082,0.50296205
1.5958333333333334,41.353928,-6.8018513,-2.930426,70.0,25.0,90.0,41.5881,-7.1281357,-2.6289597,70.989395,25.399227,89.07931,0.50217557
1.6,41.353928,-6.8018513,-2.930426,70.0,25.0,90.0,41.589344,-7.1254435,-2.6290455,70.99648,25.402458,89.07672,0.500962
1.6041666666666667,41.353928,-6.8018513,-2.930426,70.0,25.0,90.0,41.590607,-7.122589,-2.6309586,71.00365,25.407745,89.07367,0.49856836
1.6083333333333334,41.353928,-6.8018513,-2.930426,70.0,25.0,90.0,41.59197,-7.119478,-2.634532,71.01064,25.413887,89.070335,0.49507937
1.6125,41.353928,-6.8018513,-2.930426,70.0,25.0,90.0,41.5932,-7.1162224,-2.6400032,71.01712,25.420902,89.06665,0.49033266
1.6166666666666667,41.353928,-6.8018513,-2.930426,70.0,25.0,90.0,41.593746,-7.113036,-2.6478825,71.021904,25.428299,89.0631,0.48392123
1.6208333333333333,41.353928,-6.8018513,-2.930426,70.0,25.0,90.0,41.59319,-7.1101017,-2.6554499,71.02556,25.433327,89.062836,0.47736385
1.625,41.353928,-6.8018513,-2.930426,70.0,25.0,90.0,41.591534,-7.1073446,-2.6643896,71.02851,25.43842,89.06367,0.46963617
1.6291666666666667,41.353928,-6.8018513,-2.930426,70.0,25.0,90.0,41.58929,-7.1042233,-2.675665,71.03029,25.445702,89.065,0.4601388
1.6333333333333333,41.353928,-6.8018513,-2.930426,70.0,25.0,90.0,41.587574,-7.101672,-2.6896887,71.029015,25.452728,89.066414,0.44993067
1.6375,41.353928,-6.8018513,-2.930426,70.0,25.0,90.0,41.58529,-7.101506,-2.7067804,71.02328,25.456066,89.071144,0.43970272
1.6416666666666666,41.353928,-6.8018513,-2.930426,70.0,25.0,90.0,41.58168,-7.1030436,-2.7283564,71.01493,25.463947,89.0768,0.4282758
1.6458333333333333,41.353928,-6.8018513,-2.930426,70.0,25.0,90.0,41.57704,-7.1036158,-2.7553473,71.00456,25.481297,89.08179,0.41411856
1.65,41.353928,-6.8018513,-2.930426,70.0,25.0,90.0,41.573326,-7.1062536,-2.790472,70.98458,25.503857,89.08844,0.4004792
1.6541666666666666,41.353924,-6.801876,-2.9304261,70.00003,25.0,90.0,41.570915,-7.107896,-2.8295145,70.95642,25.524944,89.09932,0.3884798
1.6583333333333334,41.35388,-6.8020306,-2.9304278,70.00023,25.0,90.000046,41.566967,-7.1098976,-2.8704834,70.92404,25.548088,89.11316,0.3791843
1.6625,41.353767,-6.802448,-2.9304252,70.00078,25.0,90.000175,41.562805,-7.112467,-2.9137964,70.887886,25.576935,89.12825,0.37427944
1.6666666666666667,41.353554,-6.8032455,-2.930426,70.001816,25.0,90.000404,41.560246,-7.115844,-2.9629526,70.84892,25.618855,89.14438,0.376161
1.6708333333333334,41.353207,-6.804541,-2.9304261,70.0035,25.0,90.00077,41.558685,-7.1219893,-3.0117235,70.814514,25.660957,89.1603,0.38678685
1.675,41.3527,-6.806438,-2.9304247,70.005974,25.0,90.00131,41.556446,-7.1301003,-3.0581017,70.78258,25.70087,89.176094,0.4032015
1.6791666666666667,41.352,-6.8090377,-2.9304237,70.00936,25.0,90.00206,41.552944,-7.141403,-3.0969076,70.75604,25.73415,89.19535,0.42256573
1.6833333333333333,41.351093,-6.81244,-2.9304256,70.01379,25.0,90.00301,41.55024,-7.1532545,-3.1265144,70.73324,25.764057,89.21379,0.44075465
1.6875,41.34994,-6.8167253,-2.9304245,70.01937,25.0,90.00425,41.55095,-7.1657944,-3.1435623,70.72763,25.79071,89.229614,0.45572048
1.6916666666666667,41.348534,-6.821987,-2.9304287,70.026215,25.0,90.00574,41.548325,-7.1777983,-3.152956,70.73576,25.811386,89.24633,0.4647971
1.6958333333333333,41.346844,-6.828293,-2.9304256,70.03443,25.0,90.00753,41.546246,-7.1910048,-3.1666327,70.75135,25.827316,89.26229,0.4765656
1.7,41.344852,-6.835719,-2.9304245,70.044106,25.0,90.00964,41.544395,-7.200939,-3.1842623,70.7704,25.842194,89.27381,0.48747998
1.7041666666666666,41.34255,-6.84433,-2.9304278,70.05531,25.0,90.01207,41.542603,-7.21043,-3.2057934,70.78938,25.849709,89.27554,0.49987727
1.7083333333333333,41.339905,-6.854187,-2.9304273,70.06815,25.0,90.014854,41.539185,-7.218708,-3.2343163,70.80449,25.860485,89.27412,0.5147199
1.7125,41.336918,-6.865339,-2.930427,70.08268,25.0,90.018,41.53557,-7.225787,-3.2708588,70.80931,25.866718,89.2712,0.5341149
1.7166666666666666,41.33357,-6.877843,-2.9304261,70.09897,25.0,90.0215,41.530037,-7.2234354,-3.3195686,70.81652,25.885544,89.27236,0.5562966
1.7208333333333334,41.329845,-6.8917375,-2.9304292,70.117065,25.0,90.02539,41.527756,-7.2196665,-3.3762012,70.81663,25.900547,89.273506,0.5877232
1.725,41.325737,-6.9070616,-2.9304247,70.13704,25.0,90.02967,41.526985,-7.223566,-3.4397597,70.81647,25.917908,89.274605,0.6325331
1.7291666666666667,41.32124,-6.9238553,-2.9304247,70.15892,25.0,90.034325,41.51966,-7.235997,-3.5003824,70.8006,25.913933,89.27981,0.6794523
1.7333333333333334,41.316338,-6.9421415,-2.930427,70.18275,25.0,90.03938,41.509285,-7.2490854,-3.5698037,70.7657,25.89619,89.28529,0.7350141
1.7375,41.31103,-6.961946,-2.9304228,70.208565,25.0,90.04483,41.49878,-7.258173,-3.6474671,70.71362,25.881668,89.28701,0.7982182
1.7416666666666667,41.305317,-6.9832954,-2.9304276,70.23638,25.0,90.05065,41.490517,-7.2640085,-3.7277236,70.65451,25.870907,89.29195,0.8653206
1.7458333333333333,41.299175,-7.006192,-2.9304254,70.266235,25.0,90.05689,41.481503,-7.278097,-3.8034592,70.60917,25.87473,89.30205,0.93239665
1.75,41.29262,-7.0306573,-2.9304285,70.29813,25.0,90.0635,41.47039,-7.2935123,-3.8844705,70.57054,25.906868,89.301476,1.0054306
1.7541666666666667,41.285645,-7.0566926,-2.9304278,70.33208,25.0,90.070496,41.453815,-7.2976885,-3.9579067,70.53526,25.949142,89.297,1.0686784
1.7583333333333333,41.278244,-7.0843043,-2.9304266,70.36809,25.0,90.07786,41.429695,-7.301409,-4.026375,70.50447,25.9864,89.30724,1.1274637
1.7625,41.270424,-7.113489,-2.9304283,70.40615,25.0,90.08558,41.38939,-7.2935123,-4.1084595,70.46796,26.059723,89.32296,1.1976304
1.7666666666666666,41.262184,-7.1442432,-2.9304247,70.44627,25.0,90.09364,41.3395,-7.287097,-4.1817527,70.46777,26.186878,89.3277,1.2618268
1.7708333333333333,41.25353,-7.176556,-2.9304264,70.48843,25.0,90.102036,41.268723,-7.305258,-4.229125,70.48934,26.280407,89.34093,1.3051487
1.775,41.244453,-7.2104135,-2.9304297,70.5326,25.0,90.11077,41.210426,-7.3224144,-4.2596993,70.51102,26.358849,89.338745,1.3344136
1.7791666666666666,41.234974,-7.245802,-2.9304254,70.57879,25.0,90.1198,41.180622,-7.331547,-4.296527,70.5584,26.481102,89.31648,1.3698685
1.7833333333333334,41.225086,-7.2827015,-2.9304278,70.626945,25.0,90.12912,41.14209,-7.341069,-4.348076,70.64555,26.609955,89.316025,1.4212745
1.7875,41.214798,-7.3210883,-2.9304276,70.677055,25.0,90.138725,41.081642,-7.347872,-4.3919086,70.734406,26.734741,89.29987,1.4677789
1.7916666666666667,41.204124,-7.3609357,-2.930424,70.72908,25.0,90.14856,41.01298,-7.3640194,-4.4198923,70.81424,26.861538,89.290054,1.5016861
1.7958333333333334,41.19306,-7.402215,-2.9304264,70.782974,25.0,90.158646,40.97713,-7.3883867,-4.439457,70.90625,26.973625,89.29466,1.524464
1.8,41.181625,-7.4448934,-2.9304252,70.83871,25.0,90.168945,40.95759,-7.40217,-4.4690194,71.01006,27.102512,89.26615,1.5554067
1.8041666666666667,41.169827,-7.488935,-2.930428,70.89622,25.0,90.17943,40.930103,-7.4063807,-4.4969516,71.123276,27.24244,89.24616,1.5869085
1.8083333333333333,41.15767,-7.534301,-2.9304245,70.955475,25.0,90.190094,40.897537,-7.4281006,-4.519889,71.23657,27.384037,89.237305,1.6141078
1.8125,41.14517,-7.5809565,-2.9304316,71.0164,25.0,90.2009,40.86513,-7.462886,-4.5415573,71.335594,27.537495,89.227875,1.6395388
1.8166666666666667,41.132336,-7.6288543,-2.9304256,71.07898,25.0,90.21183,40.833923,-7.491661,-4.566435,71.43246,27.698196,89.22186,1.6686516
1.8208333333333333,41.11918,-7.677948,-2.930426,71.14311,25.0,90.22287,40.812313,-7.520607,-4.59753,71.529305,27.857105,89.21023,1.7023978
1.825,41.105717,-7.7281876,-2.9304237,71.20875,25.0,90.233986,40.793602,-7.555873,-4.619965,71.62916,28.002777,89.19989,1.7267478
1.8291666666666666,41.09196,-7.7795296,-2.930426,71.27582,25.0,90.245155,40.772854,-7.598633,-4.635044,71.730865,28.13292,89.19098,1.7436388
1.8333333333333333,41.077923,-7.831921,-2.9304266,71.34426,25.0,90.256355,40.752495,-7.6501465,-4.6511707,71.833725,28.256573,89.17812,1.7606549
1.8375,41.063618,-7.885303,-2.9304264,71.414,25.0,90.26758,40.732586,-7.7090864,-4.6650605,71.93746,28.363644,89.16359,1.7747084
1.8416666666666666,41.049065,-7.939623,-2.9304266,71.48496,25.0,90.27878,40.70721,-7.777485,-4.674716,72.03955,28.449463,89.15281,1.7848525
1.8458333333333334,41.03427,-7.994828,-2.9304273,71.557076,25.0,90.28995,40.682957,-7.8481617,-4.681547,72.1422,28.527397,89.13859,1.7920251
1.85,41.01926,-8.05085,-2.9304245,71.63026,25.0,90.30106,40.662148,-7.919345,-4.687827,72.24253,28.598412,89.121826,1.7981343
1.8541666666666667,41.004044,-8.107635,-2.9304247,71.70442,25.0,90.312096,40.639942,-7.983797,-4.695851,72.33333,28.65929,89.10518,1.8068302
1.8583333333333334,40.988644,-8.165118,-2.9304268,71.77949,25.0,90.32303,40.618767,-8.048229,-4.700591,72.42226,28.705433,89.08736,1.8121681
1.8625,40.97307,-8.22324,-2.9304245,71.855385,25.0,90.33385,40.60029,-8.114021,-4.700479,72.51137,28.740639,89.06654,1.8121773
1.8666666666666667,40.95734,-8.281934,-2.9304237,71.932014,25.0,90.34453,40.579967,-8.178861,-4.6879587,72.6011,28.769024,89.04529,1.8005453
1.8708333333333333,40.94148,-8.341136,-2.930427,72.009285,25.0,90.35504,40.559284,-8.2478485,-4.6754475,72.69014,28.791641,89.02536,1.7888184
1.875,40.9255,-8.40078,-2.9304276,72.08712,25.0,90.36538,40.54663,-8.316071,-4.6633058,72.77336,28.807457,89.00231,1.7758332
1.8791666666666667,40.909416,-8.460798,-2.9304278,72.16543,25.0,90.375534,40.543205,-8.380091,-4.651993,72.84316,28.80309,88.98092,1.7619337
1.8833333333333333,40.893257,-8.521125,-2.930427,72.24412,25.0,90.38547,40.534325,-8.445959,-4.646263,72.8988,28.796093,88.96034,1.754587
1.8875,40.87702,-8.581688,-2.9304276,72.3231,25.0,90.39521,40.518005,-8.517445,-4.642357,72.95917,28.797688,88.92645,1.750349
1.8916666666666666,40.86075,-8.642426,-2.9304283,72.402275,25.0,90.40469,40.510223,-8.596192,-4.623672,73.02982,28.773022,88.88448,1.7297628
1.8958333333333333,40.844448,-8.703265,-2.9304242,72.48157,25.0,90.413925,40.50714,-8.682339,-4.593476,73.08294,28.719688,88.85764,1.697043
1.9,40.828136,-8.764138,-2.9304264,72.56087,25.0,90.422905,40.508507,-8.761468,-4.5814204,73.13433,28.704659,88.8326,1.6816515
1.9041666666666666,40.811832,-8.82498,-2.9304278,72.6401,25.0,90.43162,40.508583,-8.83904,-4.5837746,73.197586,28.701324,88.80733,1.6809858
1.9083333333333334,40.79556,-8.885717,-2.9304235,72.71917,25.0,90.44004,40.49231,-8.921046,-4.5701838,73.24861,28.647217,88.78426,1.6679394
1.9125,40.77933,-8.946283,-2.9304264,72.79797,25.0,90.44818,40.476276,-9.008352,-4.535033,73.29137,28.564999,88.75186,1.6341536
1.9166666666666667,40.763165,-9.00661,-2.9304237,72.87644,25.0,90.45603,40.47784,-9.102387,-4.5085053,73.33122,28.470585,88.73001,1.6065257
1.9208333333333334,40.747086,-9.0666275,-2.930428,72.95446,25.0,90.46358,40.48333,-9.188415,-4.4870496,73.37034,28.377205,88.711555,1.5834993
1.925,40.731102,-9.12627,-2.9304256,73.03197,25.0,90.47083,40.476646,-9.263372,-4.4539013,73.41258,28.270672,88.67854,1.5506524
1.9291666666666667,40.71524,-9.185473,-2.9304261,73.10886,25.0,90.47777,40.46437,-9.347172,-4.423205,73.45304,28.14981,88.66747,1.5223241
1.9333333333333333,40.699512,-9.244166,-2.930424,73.18505,25.0,90.484406,40.45486,-9.445397,-4.3854194,73.49047,28.02565,88.667175,1.4890803
1.9375,40.683937,-9.302287,-2.930424,73.26046,25.0,90.49074,40.452232,-9.533399,-4.3437567,73.52351,27.905842,88.652885,1.4507271
1.9416666666666667,40.668537,-9.359772,-2.9304247,73.335,25.0,90.49675,40.4543,-9.607913,-4.310459,73.55981,27.795113,88.644196,1.4184381
1.9458333333333333,40.65332,-9.416557,-2.930426,73.40859,25.0,90.502464,40.45533,-9.689742,-4.275519,73.60408,27.682796,88.6318,1.3867607
1.95,40.63831,-9.472582,-2.930428,73.481155,25.0,90.50787,40.449585,-9.779315,-4.2338886,73.64878,27.55257,88.62314,1.3522987
1.9541666666666666,40.623516,-9.527782,-2.9304254,73.55262,25.0,90.51299,40.440567,-9.867145,-4.199065,73.69231,27.427498,88.61693,1.3259276
1.9583333333333333,40.608963,-9.582103,-2.930427,73.622894,25.0,90.51781,40.43641,-9.954064,-4.168191,73.737366,27.311699,88.60709,1.3039132
1.9625,40.594658,-9.635487,-2.930424,73.691925,25.0,90.52234,40.43624,-10.029683,-4.138478,73.77275,27.201942,88.60256,1.2805784
1.9666666666666666,40.58062,-9.687875,-2.9304256,73.75962,25.0,90.52659,40.4324,-10.101091,-4.110307,73.805466,27.086052,88.597824,1.2589034
1.9708333333333334,40.566864,-9.739217,-2.9304245,73.82593,25.0,90.530556,40.426468,-10.174604,-4.08448,73.837135,26.973896,88.59431,1.2414174
1.975,40.553402,-9.78946,-2.930427,73.89077,25.0,90.534256,40.422558,-10.245876,-4.052785,73.87111,26.859138,88.59682,1.2186563
1.9791666666666667,40.540245,-9.838554,-2.9304287,73.954094,25.0,90.537704,40.419678,-10.312064,-4.018947,73.91321,26.75373,88.600296,1.1931555
1.9833333333333334,40.527412,-9.886448,-2.9304261,74.01584,25.0,90.5409,40.419746,-10.373217,-3.9837623,73.958725,26.649002,88.60516,1.1653552
1.9875,40.51491,-9.933102,-2.9304261,74.07594,25.0,90.54385,40.421116,-10.430542,-3.9494267,74.009056,26.560879,88.6105,1.1378078
1.9916666666666667,40.502754,-9.978471,-2.9304245,74.13436,25.0,90.54658,40.425972,-10.486048,-3.912301,74.06602,26.482975,88.61775,1.1079763
1.9958333333333333,40.490955,-10.022513,-2.930424,74.19103,25.0,90.54907,40.430897,-10.530557,-3.8758187,74.12574,26.424416,88.62881,1.0749354
2.0,40.47952,-10.065191,-2.9304242,74.24592,25.0,90.55137,40.441837,-10.562943,-3.8388515,74.17915,26.38301,88.64465,1.036541
2.004166666666667,40.46846,-10.106472,-2.9304242,74.29897,25.0,90.55345,40.454277,-10.595249,-3.799499,74.23563,26.344917,88.6625,0.9971937
2.0083333333333333,40.457783,-10.146318,-2.9304333,74.35014,25.0,90.55536,40.467365,-10.628866,-3.752049,74.3012,26.30914,88.67565,0.95288855
2.0125,40.447495,-10.184706,-2.9304273,74.39944,25.0,90.55709,40.482258,-10.657309,-3.6974392,74.37444,26.278221,88.68444,0.90159255
2.0166666666666666,40.43761,-10.221603,-2.9304247,74.446785,25.0,90.55865,40.497025,-10.68099,-3.6402235,74.4586,26.249489,88.693184,0.84757334
2.0208333333333335,40.428127,-10.256992,-2.9304278,74.492165,25.0,90.56005,40.509594,-10.701061,-3.5747495,74.562164,26.228512,88.70023,0.7867557
2.025,40.419056,-10.290852,-2.930425,74.53557,25.0,90.56131,40.521084,-10.723244,-3.506577,74.67672,26.207745,88.70804,0.72754645
2.029166666666667,40.410397,-10.323165,-2.9304264,74.576965,25.0,90.56244,40.531765,-10.742427,-3.4411564,74.79045,26.187992,88.71684,0.67183036
2.033333333333333,40.402157,-10.353918,-2.9304242,74.61635,25.0,90.56344,40.54153,-10.755108,-3.3816204,74.89257,26.170185,88.72786,0.6196421
2.0375,40.394337,-10.383101,-2.9304245,74.6537,25.0,90.56433,40.545074,-10.775913,-3.3252196,74.99146,26.1619,88.73719,0.57696295
2.0416666666666665,40.386936,-10.410712,-2.9304256,74.689026,25.0,90.565125,40.550217,-10.801477,-3.2733736,75.08597,26.14888,88.74383,0.5449507
2.0458333333333334,40.37996,-10.436751,-2.9304285,74.72232,25.0,90.56581,40.553413,-10.829615,-3.2220578,75.17368,26.118694,88.7517,0.5191104
2.05,40.373405,-10.461214,-2.9304273,74.75359,25.0,90.566414,40.555573,-10.861337,-3.1762094,75.24621,26.072426,88.76728,0.5036783
2.0541666666666667,40.367268,-10.484115,-2.9304261,74.78286,25.0,90.56695,40.554836,-10.893808,-3.1362581,75.30783,26.014317,88.78647,0.49537638
2.058333333333333,40.36155,-10.50546,-2.9304242,74.81013,25.0,90.5674,40.553688,-10.925095,-3.0994358,75.36746,25.951225,88.81002,0.4915034
2.0625,40.356243,-10.525264,-2.9304273,74.83541,25.0,90.567795,40.552845,-10.953261,-3.0692215,75.42143,25.892117,88.83772,0.4910174
2.066666666666667,40.351345,-10.543551,-2.9304264,74.85876,25.0,90.56813,40.55027,-10.978843,-3.0476885,75.4612,25.832062,88.86854,0.4927475
2.0708333333333333,40.346844,-10.560343,-2.9304256,74.88019,25.0,90.56843,40.545296,-10.998453,-3.0281487,75.48784,25.76841,88.902855,0.49078882
2.075,40.34274,-10.575671,-2.930426,74.89974,25.0,90.568665,40.535484,-11.013498,-3.0139723,75.50529,25.70832,88.942055,0.4856164
2.0791666666666666,40.339016,-10.589564,-2.9304247,74.917465,25.0,90.56888,40.523823,-11.026846,-3.004076,75.52377,25.6529,88.9764,0.4804095
2.0833333333333335,40.335663,-10.602068,-2.9304254,74.93341,25.0,90.56906,40.51175,-11.037009,-2.9984913,75.537445,25.604118,89.00885,0.47414482
2.0875,40.332676,-10.613222,-2.9304254,74.94763,25.0,90.56921,40.498707,-11.042675,-2.9945965,75.54143,25.56232,89.04112,0.4648806
2.091666666666667,40.330036,-10.623076,-2.9304273,74.96019,25.0,90.56933,40.487236,-11.048552,-2.9956093,75.540955,25.53516,89.07055,0.45824617
2.095833333333333,40.32773,-10.631687,-2.9304256,74.97117,25.0,90.569435,40.47866,-11.050694,-2.9937506,75.5394,25.5154,89.09786,0.44984192
2.1,40.325737,-10.639113,-2.9304278,74.98063,25.0,90.56952,40.47428,-11.04976,-2.9868994,75.5352,25.496784,89.1223,0.44032368
2.1041666666666665,40.324047,-10.645421,-2.930426,74.98867,25.0,90.56959,40.472622,-11.044977,-2.9794502,75.527534,25.480183,89.144,0.42909557
2.1083333333333334,40.32264,-10.65068,-2.930426,74.99537,25.0,90.56964,40.473217,-11.035603,-2.9703522,75.51891,25.468231,89.16384,0.41525102
2.1125,40.32149,-10.654971,-2.9304283,75.00083,25.0,90.56968,40.474953,-11.022381,-2.9607782,75.50966,25.45996,89.182205,0.3993262
2.1166666666666667,40.32058,-10.658369,-2.930426,75.005165,25.0,90.56972,40.477276,-11.005456,-2.9511595,75.50418,25.458912,89.19877,0.38138294
2.120833333333333,40.31988,-10.660968,-2.9304268,75.00848,25.0,90.56975,40.480194,-10.9862385,-2.9414425,75.49972,25.460884,89.21493,0.36279815
2.125,40.319374,-10.662865,-2.9304252,75.010895,25.0,90.56976,40.483646,-10.965542,-2.9311628,75.4958,25.4654,89.230835,0.3443826
2.129166666666667,40.319027,-10.664161,-2.9304304,75.012535,25.0,90.56977,40.487217,-10.9448395,-2.9209547,75.49169,25.469875,89.24547,0.32735032
2.1333333333333333,40.318813,-10.664959,-2.9304276,75.01356,25.0,90.56978,40.49031,-10.9244995,-2.9110174,75.488174,25.473755,89.25937,0.31168798
2.1375,40.3187,-10.665376,-2.930427,75.01409,25.0,90.56979,40.493275,-10.904579,-2.902048,75.48428,25.476147,89.27294,0.29749012
2.1416666666666666,40.318657,-10.665531,-2.9304266,75.01429,25.0,90.56979,40.497124,-10.885776,-2.8924408,75.48045,25.475704,89.28744,0.2860086
2.1458333333333335,40.318653,-10.665556,-2.9304261,75.01432,25.0,90.569786,40.500835,-10.868561,-2.8834372,75.47626,25.473934,89.3019,0.2767839
2.15,40.318653,-10.665556,-2.9304261,75.01432,25.0,90.569786,40.5045,-10.852635,-2.8758812,75.47119,25.470085,89.31669,0.26928318
2.154166666666667,40.318653,-10.665556,-2.9304261,75.01432,25.0,90.569786,40.507652,-10.8382435,-2.8694534,75.46631,25.465729,89.33136,0.2631717
2.158333333333333,40.318653,-10.665556,-2.9304261,75.01432,25.0,90.569786,40.510254,-10.825486,-2.8639526,75.46171,25.461315,89.34558,0.2582775
2.1625,40.318653,-10.665556,-2.9304261,75.01432,25.0,90.569786,40.512398,-10.814207,-2.8589268,75.45677,25.456764,89.35893,0.25445294
2.1666666666666665,40.318653,-10.665556,-2.9304261,75.01432,25.0,90.569786,40.51373,-10.804874,-2.8554049,75.45193,25.45163,89.37133,0.25118214
2.1708333333333334,40.318653,-10.665556,-2.9304261,75.01432,25.0,90.569786,40.514576,-10.797131,-2.852745,75.44744,25.44645,89.38269,0.24845925
2.175,40.318653,-10.665556,-2.9304261,75.01432,25.0,90.569786,40.514977,-10.790881,-2.8509073,75.44342,25.44146,89.39293,0.24611485
2.1791666666666667,40.318653,-10.665556,-2.9304261,75.01432,25.0,90.569786,40.51506,-10.785984,-2.8498287,75.43989,25.43711,89.401985,0.24407929
2.183333333333333,40.318653,-10.665556,-2.9304261,75.01432,25.0,90.569786,40.514908,-10.782291,-2.8494463,75.43677,25.433609,89.409904,0.24228252
2.1875,40.318653,-10.665556,-2.9304261,75.01432,25.0,90.569786,40.514584,-10.779681,-2.8498526,75.43407,25.43105,89.41668,0.24063545
2.191666666666667,40.318653,-10.665556,-2.9304261,75.01432,25.0,90.569786,40.513985,-10.77796,-2.8510256,75.4321,25.43011,89.42219,0.23894246
2.1958333333333333,40.318653,-10.665556,-2.9304261,75.01432,25.0,90.569786,40.513344,-10.776918,-2.852892,75.43037,25.430485,89.42653,0.23731333
2.2,40.318653,-10.665556,-2.9304261,75.01432,25.0,90.569786,40.512726,-10.776278,-2.8553362,75.4287,25.43211,89.42991,0.23571591
2.2041666666666666,40.318653,-10.665556,-2.9304261,75.01432,25.0,90.569786,40.512157,-10.775871,-2.8581629,75.42718,25.43491,89.432434,0.23416954
2.2083333333333335,40.318653,-10.665556,-2.9304261,75.01432,25.0,90.569786,40.511673,-10.775562,-2.8612137,75.42578,25.438702,89.43423,0.23269814
2.2125,40.318653,-10.665556,-2.9304261,75.01432,25.0,90.569786,40.51125,-10.775295,-2.8643103,75.42451,25.443054,89.435455,0.23131669
2.216666666666667,40.318653,-10.665556,-2.9304261,75.01432,25.0,90.569786,40.510895,-10.774994,-2.8672647,75.42336,25.44754,89.43619,0.23004973
2.220833333333333,40.318653,-10.665556,-2.9304261,75.01432,25.0,90.569786,40.510597,-10.774632,-2.869936,75.422356,25.451725,89.43653,0.2289089
2.225,40.318653,-10.665556,-2.9304261,75.01432,25.0,90.569786,40.510376,-10.774271,-2.8721924,75.421486,25.455406,89.43668,0.22796446
2.2291666666666665,40.318653,-10.665556,-2.9304261,75.01432,25.0,90.569786,40.51023,-10.77396,-2.8739758,75.4208,25.458344,89.436745,0.22724481
2.2333333333333334,40.318653,-10.665556,-2.9304261,75.01432,25.0,90.569786,40.510124,-10.7737465,-2.8752756,75.42032,25.46045,89.436775,0.22673322
2.2375,40.318653,-10.665556,-2.9304261,75.01432,25.0,90.569786,40.51005,-10.773605,-2.8761835,75.42006,25.461807,89.43679,0.22638543
2.2416666666666667,40.318653,-10.665556,-2.9304261,75.01432,25.0,90.569786,40.51,-10.773521,-2.876748,75.41989,25.462627,89.436806,0.22616558
2.245833333333333,40.318653,-10.665556,-2.9304261,75.01432,25.0,90.569786,40.509956,-10.773478,-2.877077,75.41982,25.463058,89.43681,0.22603124
2.25,40.318653,-10.665556,-2.9304261,75.01432,25.0,90.569786,40.509933,-10.773434,-2.8772192,75.41977,25.463245,89.43682,0.22595742
2.254166666666667,40.318653,-10.665556,-2.9304261,75.01432,25.0,90.569786,40.509926,-10.773413,-2.8772697,75.41976,25.46333,89.43683,0.22592905
2.2583333333333333,40.318653,-10.665556,-2.9304261,75.01432,25.0,90.569786,40.509933,-10.773403,-2.877287,75.41976,25.463337,89.43683,0.22592692
2.2625,40.318653,-10.665556,-2.9304261,75.01432,25.0,90.569786,40.509933,-10.773405,-2.8772907,75.41976,25.463337,89.43683,0.22592694
2.2666666666666666,40.318653,-10.665556,-2.9304261,75.01432,25.0,90.569786,40.509937,-10.773403,-2.8772898,75.41976,25.463333,89.43683,0.22592948
2.2708333333333335,40.318653,-10.665556,-2.9304261,75.01432,25.0,90.569786,40.50994,-10.773405,-2.8772879,75.41977,25.463333,89.43683,0.22593407
2.275,40.318653,-10.665556,-2.9304261,75.01432,25.0,90.569786,40.50994,-10.773403,-2.8772888,75.41976,25.46334,89.43683,0.22593293
2.279166666666667,40.318653,-10.665556,-2.9304261,75.01432,25.0,90.569786,40.50994,-10.773404,-2.8772888,75.41977,25.46333,89.43683,0.22593339
2.283333333333333,40.318653,-10.665556,-2.9304261,75.01432,25.0,90.569786,40.50994,-10.773404,-2.8772898,75.41976,25.463333,89.43683,0.22593316
2.2875,40.318653,-10.665556,-2.9304261,75.01432,25.0,90.569786,40.50994,-10.773403,-2.8772888,75.41976,25.463333,89.43683,0.22593293
2.2916666666666665,40.318653,-10.665556,-2.9304261,75.01432,25.0,90.569786,40.509933,-10.773403,-2.8772879,75.41977,25.463333,89.43683,0.2259267
2.2958333333333334,40.318653,-10.665556,-2.9304261,75.01432,25.0,90.569786,40.509937,-10.773401,-2.8772888,75.41976,25.463337,89.43683,0.2259288
2.3,40.318653,-10.665556,-2.9304261,75.01432,25.0,90.569786,40.50994,-10.773404,-2.8772907,75.41976,25.463333,89.43683,0.22593296
2.3041666666666667,40.318653,-10.665556,-2.9304261,75.01432,25.0,90.569786,40.509937,-10.773404,-2.8772898,75.41976,25.46333,89.43683,0.22592995
2.308333333333333,40.318653,-10.665556,-2.9304261,75.01432,25.0,90.569786,40.50994,-10.773405,-2.8772907,75.41977,25.463333,89.43682,0.2259334
2.3125,40.318653,-10.665556,-2.9304261,75.01432,25.0,90.569786,40.50994,-10.773401,-2.8772898,75.41977,25.463333,89.43683,0.22593181
2.316666666666667,40.318653,-10.665556,-2.9304261,75.01432,25.0,90.569786,40.50994,-10.773403,-2.8772945,75.41977,25.463337,89.43682,0.22593158
2.3208333333333333,40.318653,-10.665556,-2.9304261,75.01432,25.0,90.569786,40.50994,-10.773403,-2.8772926,75.41976,25.463333,89.43682,0.22593203
2.325,40.318653,-10.665556,-2.9304261,75.01432,25.0,90.569786,40.50994,-10.7734,-2.8772936,75.41977,25.46333,89.43682,0.22593045
2.3291666666666666,40.318653,-10.665556,-2.9304261,75.01432,25.0,90.569786,40.50994,-10.773403,-2.8772945,75.41976,25.46333,89.43681,0.22593158
2.3333333333333335,40.318653,-10.665556,-2.9304261,75.01432,25.0,90.569786,40.50994,-10.773401,-2.8772945,75.41976,25.463337,89.43682,0.22593068
2.3375,40.318653,-10.665556,-2.9304261,75.01432,25.0,90.569786,40.509937,-10.773403,-2.8772936,75.41976,25.46334,89.43682,0.22592857
2.341666666666667,40.318653,-10.665556,-2.9304261,75.01432,25.0,90.569786,40.50994,-10.773401,-2.8772936,75.41976,25.463337,89.43682,0.2259309
2.345833333333333,40.318653,-10.665556,-2.9304261,75.01432,25.0,90.569786,40.50994,-10.773401,-2.8772955,75.41976,25.463333,89.43682,0.22593045
2.35,40.318653,-10.665556,-2.9304261,75.01432,25.0,90.569786,40.50994,-10.7734,-2.8772926,75.41976,25.463333,89.43682,0.22593068
2.3541666666666665,40.318653,-10.665556,-2.9304261,75.01432,25.0,90.569786,40.50994,-10.773403,-2.8772936,75.41976,25.46333,89.43682,0.22593181
2.3583333333333334,40.318653,-10.665556,-2.9304261,75.01432,25.0,90.569786,40.509937,-10.773404,-2.8772945,75.41976,25.463333,89.43682,0.22592881
2.3625,40.318653,-10.665556,-2.9304261,75.01432,25.0,90.569786,40.50994,-10.773403,-2.8772926,75.41976,25.463337,89.43682,0.22593203
2.3666666666666667,40.318653,-10.665556,-2.9304261,75.01432,25.0,90.569786,40.50994,-10.773403,-2.8772945,75.41976,25.463337,89.43682,0.22593158
2.370833333333333,40.318653,-10.665556,-2.9304261,75.01432,25.0,90.569786,40.50994,-10.773404,-2.8772955,75.419754,25.463337,89.43682,0.22593182
2.375,40.318653,-10.665556,-2.9304261,75.01432,25.0,90.569786,40.50994,-10.773403,-2.8772955,75.419754,25.463337,89.43682,0.22593136
2.379166666666667,40.318653,-10.665556,-2.9304261,75.01432,25.0,90.569786,40.50994,-10.773403,-2.8772936,75.419754,25.463337,89.43682,0.22593181
2.3833333333333333,40.318653,-10.665556,-2.9304261,75.01432,25.0,90.569786,40.50994,-10.773403,-2.8772945,75.41976,25.463337,89.43682,0.22593158
2.3875,40.318653,-10.665556,-2.9304261,75.01432,25.0,90.569786,40.50994,-10.773403,-2.8772945,75.41976,25.463337,89.43682,0.22593158
2.3916666666666666,40.318653,-10.665556,-2.9304261,75.01432,25.0,90.569786,40.50994,-10.773403,-2.8772945,75.41976,25.463337,89.43682,0.22593158
2.3958333333333335,40.318653,-10.665556,-2.9304261,75.01432,25.0,90.569786,40.50994,-10.773403,-2.8772945,75.41976,25.463337,89.43682,0.22593158
2.4,40.318653,-10.665556,-2.9304261,75.01432,25.0,90.569786,40.50994,-10.773403,-2.8772945,75.41976,25.463337,89.43682,0.22593158
2.404166666666667,40.318653,-10.665556,-2.9304261,75.01432,25.0,90.569786,40.50994,-10.773403,-2.8772945,75.41976,25.463337,89.43682,0.22593158
2.408333333333333,40.318653,-10.665556,-2.9304261,75.01432,25.0,90.569786,40.50994,-10.773403,-2.8772945,75.41976,25.463337,89.43682,0.22593158
2.4125,40.318653,-10.665556,-2.9304261,75.01432,25.0,90.569786,40.50994,-10.773403,-2.8772945,75.41976,25.463337,89.43682,0.22593158
2.4166666666666665,40.318653,-10.665556,-2.9304261,75.01432,25.0,90.569786,40.50994,-10.773403,-2.8772945,75.41976,25.463337,89.43682,0.22593158
2.4208333333333334,40.318653,-10.665556,-2.9304261,75.01432,25.0,90.569786,40.50994,-10.773403,-2.8772945,75.41976,25.463337,89.43682,0.22593158
2.425,40.318653,-10.665556,-2.9304261,75.01432,25.0,90.569786,40.50994,-10.773403,-2.8772945,75.41976,25.463337,89.43682,0.22593158
2.4291666666666667,40.318653,-10.665556,-2.9304261,75.01432,25.0,90.569786,40.50994,-10.773403,-2.8772945,75.41976,25.463337,89.43682,0.22593158
2.433333333333333,40.318653,-10.665556,-2.9304261,75.01432,25.0,90.569786,40.50994,-10.773403,-2.8772945,75.41976,25.463337,89.43682,0.22593158
2.4375,40.318653,-10.665556,-2.9304261,75.01432,25.0,90.569786,40.50994,-10.773403,-2.8772945,75.41976,25.463337,89.43682,0.22593158
2.441666666666667,40.318653,-10.665556,-2.9304261,75.01432,25.0,90.569786,40.50994,-10.773403,-2.8772945,75.41976,25.463337,89.43682,0.22593158
2.4458333333333333,40.318653,-10.665556,-2.9304261,75.01432,25.0,90.569786,40.50994,-10.773403,-2.8772945,75.41976,25.463337,89.43682,0.22593158
2.45,40.318653,-10.665556,-2.9304261,75.01432,25.0,90.569786,40.50994,-10.773403,-2.8772945,75.41976,25.463337,89.43682,0.22593158
2.4541666666666666,40.318653,-10.665556,-2.9304261,75.01432,25.0,90.569786,40.50994,-10.773403,-2.8772945,75.41976,25.463337,89.43682,0.22593158
2.4583333333333335,40.318653,-10.665556,-2.9304261,75.01432,25.0,90.569786,40.50994,-10.773403,-2.8772945,75.41976,25.463337,89.43682,0.22593158
2.4625,40.318653,-10.665556,-2.9304261,75.01432,25.0,90.569786,40.50994,-10.773403,-2.8772945,75.41976,25.463337,89.43682,0.22593158
2.466666666666667,40.318653,-10.665556,-2.9304261,75.01432,25.0,90.569786,40.50994,-10.773403,-2.8772945,75.41976,25.463337,89.43682,0.22593158
2.470833333333333,40.318653,-10.665556,-2.9304261,75.01432,25.0,90.569786,40.50994,-10.773403,-2.8772945,75.41976,25.463337,89.43682,0.22593158
2.475,40.318653,-10.665556,-2.9304261,75.01432,25.0,90.569786,40.50994,-10.773403,-2.8772945,75.41976,25.463337,89.43682,0.22593158
2.4791666666666665,40.318653,-10.665556,-2.9304261,75.01432,25.0,90.569786,40.50994,-10.773403,-2.8772945,75.41976,25.463337,89.43682,0.22593158
2.4833333333333334,40.318653,-10.665556,-2.9304261,75.01432,25.0,90.569786,40.50994,-10.773403,-2.8772945,75.41976,25.463337,89.43682,0.22593158
2.4875,40.318653,-10.665556,-2.9304261,75.01432,25.0,90.569786,40.50994,-10.773403,-2.8772945,75.41976,25.463337,89.43682,0.22593158
2.4916666666666667,40.318653,-10.665556,-2.9304261,75.01432,25.0,90.569786,40.50994,-10.773403,-2.8772945,75.41976,25.463337,89.43682,0.22593158
2.495833333333333,40.318653,-10.665556,-2.9304261,75.01432,25.0,90.569786,40.50994,-10.773403,-2.8772945,75.41976,25.463337,89.43682,0.22593158
2.5,40.318653,-10.665556,-2.9304261,75.01432,25.0,90.569786,40.50994,-10.773403,-2.8772945,75.41976,25.463337,89.43682,0.22593158
2.504166666666667,40.318653,-10.665556,-2.9304261,75.01432,25.0,90.569786,40.50994,-10.773403,-2.8772945,75.41976,25.463337,89.43682,0.22593158
2.5083333333333333,40.318653,-10.665556,-2.9304261,75.01432,25.0,90.569786,40.50994,-10.773403,-2.8772945,75.41976,25.463337,89.43682,0.22593158
2.5125,40.318653,-10.665556,-2.9304261,75.01432,25.0,90.569786,40.50994,-10.773403,-2.8772945,75.41976,25.463337,89.43682,0.22593158
2.5166666666666666,40.318653,-10.665556,-2.9304261,75.01432,25.0,90.569786,40.50994,-10.773403,-2.8772945,75.41976,25.463337,89.43682,0.22593158
2.5208333333333335,40.318653,-10.665556,-2.9304261,75.01432,25.0,90.569786,40.50994,-10.773403,-2.8772945,75.41976,25.463337,89.43682,0.22593158
2.525,40.318653,-10.665556,-2.9304261,75.01432,25.0,90.569786,40.50994,-10.773403,-2.8772945,75.41976,25.463337,89.43682,0.22593158
2.529166666666667,40.318653,-10.665556,-2.9304261,75.01432,25.0,90.569786,40.50994,-10.773403,-2.8772945,75.41976,25.463337,89.43682,0.22593158
2.533333333333333,40.318653,-10.665556,-2.9304261,75.01432,25.0,90.569786,40.50994,-10.773403,-2.8772955,75.419754,25.463345,89.43682,0.22593136
2.5375,40.318653,-10.665556,-2.9304261,75.01432,25.0,90.569786,40.50994,-10.773399,-2.8772936,75.419754,25.463352,89.43682,0.22592999
2.5416666666666665,40.318653,-10.665556,-2.9304261,75.01432,25.0,90.569786,40.50995,-10.773411,-2.877308,75.41973,25.463379,89.43682,0.22593854
2.5458333333333334,40.318653,-10.665556,-2.9304261,75.01432,25.0,90.569786,40.50995,-10.773448,-2.8773422,75.4197,25.463406,89.43683,0.22594823
2.55,40.318653,-10.665556,-2.9304261,75.01432,25.0,90.569786,40.509945,-10.773552,-2.8773727,75.419685,25.463394,89.436874,0.22598751
2.5541666666666667,40.318653,-10.665556,-2.9304261,75.01432,25.0,90.569786,40.509922,-10.773731,-2.8774004,75.41968,25.463337,89.43696,0.22604737
2.558333333333333,40.318653,-10.665556,-2.9304261,75.01432,25.0,90.569786,40.5099,-10.774019,-2.8774424,75.41964,25.463223,89.437096,0.22615616
2.5625,40.318653,-10.665556,-2.9304261,75.01432,25.0,90.569786,40.509884,-10.774441,-2.87751,75.41951,25.463013,89.43726,0.22632988
2.566666666666667,40.318653,-10.665556,-2.9304261,75.01432,25.0,90.569786,40.509903,-10.775038,-2.877637,75.41925,25.46267,89.43744,0.22660422
2.5708333333333333,40.318653,-10.665556,-2.9304261,75.01432,25.0,90.569786,40.50998,-10.775865,-2.87778,75.41894,25.462181,89.43758,0.22703592
2.575,40.318653,-10.665556,-2.9304261,75.01432,25.0,90.569786,40.510147,-10.7769165,-2.8779812,75.418564,25.461746,89.43765,0.22764356
2.5791666666666666,40.318653,-10.665556,-2.9304261,75.01432,25.0,90.569786,40.510464,-10.778165,-2.8782568,75.41809,25.461464,89.43756,0.22845943
2.5833333333333335,40.318653,-10.665556,-2.9304261,75.01432,25.0,90.569786,40.510998,-10.779516,-2.8785954,75.41749,25.461628,89.43719,0.22949912
2.5875,40.318653,-10.665556,-2.9304261,75.01432,25.0,90.569786,40.511795,-10.780904,-2.8790407,75.41663,25.46251,89.43644,0.23075831
2.591666666666667,40.318653,-10.665556,-2.9304261,75.01432,25.0,90.569786,40.51286,-10.782214,-2.8795462,75.41561,25.46453,89.43526,0.23219383
2.595833333333333,40.318653,-10.665556,-2.9304261,75.01432,25.0,90.569786,40.514263,-10.783411,-2.8801146,75.41453,25.467812,89.433525,0.23384687
2.6,40.318653,-10.665556,-2.9304261,75.01432,25.0,90.569786,40.51603,-10.784328,-2.8806248,75.41325,25.47256,89.43121,0.23567875
2.6041666666666665,40.318653,-10.665556,-2.9304261,75.01432,25.0,90.569786,40.517803,-10.784593,-2.8809824,75.41234,25.480297,89.428345,0.23722388
2.6083333333333334,40.318653,-10.665556,-2.9304261,75.01432,25.0,90.569786,40.519802,-10.784195,-2.8807878,75.41139,25.489368,89.42496,0.23874691
2.6125,40.318653,-10.665556,-2.9304261,75.01432,25.0,90.569786,40.522076,-10.783025,-2.8799706,75.410126,25.49921,89.42113,0.24026115
2.6166666666666667,40.318653,-10.665556,-2.9304261,75.01432,25.0,90.569786,40.52538,-10.780611,-2.8786364,75.40755,25.506752,89.41754,0.24218902
2.620833333333333,40.318653,-10.665556,-2.9304261,75.01432,25.0,90.569786,40.528774,-10.777957,-2.875392,75.40446,25.513695,89.41409,0.24456829
2.625,40.318653,-10.665556,-2.9304261,75.01432,25.0,90.569786,40.532448,-10.774351,-2.8699226,75.40025,25.520199,89.41129,0.24739692
2.629166666666667,40.318653,-10.665556,-2.9304261,75.01432,25.0,90.569786,40.53682,-10.769953,-2.8627815,75.39489,25.526024,89.408585,0.2511395
2.6333333333333333,40.318653,-10.665556,-2.9304261,75.01432,25.0,90.569786,40.541637,-10.765633,-2.8529787,75.38896,25.530067,89.405785,0.25638926
2.6375,40.318653,-10.665556,-2.9304261,75.01432,25.0,90.569786,40.545986,-10.761429,-2.8434658,75.38659,25.53516,89.40565,0.26159897
2.6416666666666666,40.318653,-10.665556,-2.9304261,75.01432,25.0,90.569786,40.549534,-10.756746,-2.8338757,75.38231,25.538246,89.40719,0.2663524
2.6458333333333335,40.318653,-10.665556,-2.9304261,75.01432,25.0,90.569786,40.551926,-10.751193,-2.822732,75.37807,25.539131,89.40909,0.27082804
2.65,40.318653,-10.665556,-2.9304261,75.01432,25.0,90.569786,40.551994,-10.74347,-2.810894,75.3757,25.53817,89.41129,0.2735081
2.654166666666667,40.318657,-10.665531,-2.9304266,75.01429,25.0,90.56979,40.551792,-10.731551,-2.800314,75.3728,25.539967,89.41277,0.27502725
2.658333333333333,40.3187,-10.665376,-2.930427,75.01409,25.0,90.56979,40.55126,-10.718383,-2.7891674,75.36861,25.538303,89.41573,0.27721763
2.6625,40.318813,-10.664959,-2.9304276,75.01356,25.0,90.56978,40.545547,-10.707365,-2.7789497,75.35527,25.531204,89.426186,0.27595684
2.6666666666666665,40.319027,-10.664161,-2.9304304,75.012535,25.0,90.56977,40.536972,-10.696646,-2.775115,75.33389,25.532959,89.43768,0.26958898
2.6708333333333334,40.319374,-10.662865,-2.9304252,75.010895,25.0,90.56976,40.52709,-10.684343,-2.7756233,75.30216,25.538734,89.45155,0.25994247
2.675,40.31988,-10.660968,-2.9304268,75.00848,25.0,90.56975,40.515656,-10.671698,-2.7784042,75.261734,25.543903,89.47105,0.24809976
2.6791666666666667,40.32058,-10.658369,-2.930426,75.005165,25.0,90.56972,40.504025,-10.659333,-2.7825356,75.2153,25.552563,89.491455,0.23563646
2.683333333333333,40.32149,-10.654971,-2.9304283,75.00083,25.0,90.56968,40.493477,-10.646828,-2.7884865,75.16024,25.56754,89.511215,0.2231431
2.6875,40.32264,-10.65068,-2.930426,74.99537,25.0,90.56964,40.487556,-10.632597,-2.7943563,75.1006,25.582905,89.533104,0.2145682
2.691666666666667,40.324047,-10.645421,-2.930426,74.98867,25.0,90.56959,40.483658,-10.621859,-2.8004513,75.03925,25.594368,89.55774,0.20718151
2.6958333333333333,40.325737,-10.639113,-2.9304278,74.98063,25.0,90.56952,40.479195,-10.613281,-2.8121634,74.96995,25.601433,89.58531,0.19545595
2.7,40.32773,-10.631687,-2.9304256,74.97117,25.0,90.569435,40.474583,-10.599805,-2.8210735,74.90018,25.605679,89.61781,0.18585096
2.7041666666666666,40.330036,-10.623076,-2.9304273,74.96019,25.0,90.56933,40.472775,-10.584186,-2.8236322,74.82701,25.59985,89.655304,0.18246074
2.7083333333333335,40.332676,-10.613222,-2.9304254,74.94763,25.0,90.56921,40.469326,-10.564356,-2.8273268,74.7516,25.591312,89.696075,0.17801821
2.7125,40.335663,-10.602068,-2.9304254,74.93341,25.0,90.56906,40.46146,-10.541439,-2.8300076,74.68153,25.57903,89.74147,0.17200163
2.716666666666667,40.339016,-10.589564,-2.9304247,74.917465,25.0,90.56888,40.44733,-10.509861,-2.8391771,74.61586,25.569859,89.797,0.16251391
2.720833333333333,40.34274,-10.575671,-2.930426,74.89974,25.0,90.568665,40.426033,-10.47183,-2.8484411,74.55456,25.563293,89.866516,0.15634032
2.725,40.346844,-10.560343,-2.9304256,74.88019,25.0,90.56843,40.398922,-10.434965,-2.8589115,74.492226,25.539433,89.94556,0.15344697
2.7291666666666665,40.351345,-10.543551,-2.9304264,74.85876,25.0,90.56813,40.369102,-10.3969345,-2.874381,74.42461,25.505894,90.03106,0.15796494
2.7333333333333334,40.356243,-10.525264,-2.9304273,74.83541,25.0,90.567795,40.317833,-10.358013,-2.9041595,74.348564,25.4654,90.12149,0.17360333
2.7375,40.36155,-10.50546,-2.9304242,74.81013,25.0,90.5674,40.26027,-10.31416,-2.9382915,74.26593,25.427086,90.21761,0.21659882
2.7416666666666667,40.367268,-10.484115,-2.9304261,74.78286,25.0,90.56695,40.198624,-10.270548,-2.9779615,74.181274,25.3886,90.318,0.27624476
2.745833333333333,40.373405,-10.461214,-2.9304273,74.75359,25.0,90.566414,40.13055,-10.230537,-3.0272837,74.09056,25.370602,90.419014,0.348671
2.75,40.37996,-10.436751,-2.9304285,74.72232,25.0,90.56581,40.062576,-10.204079,-3.0668411,74.0036,25.342274,90.51557,0.4165055
2.754166666666667,40.386936,-10.410712,-2.9304256,74.689026,25.0,90.565125,39.994125,-10.182068,-3.1070642,73.91707,25.313213,90.59864,0.4876267
2.7583333333333333,40.394337,-10.383101,-2.9304245,74.6537,25.0,90.56433,39.934155,-10.160482,-3.1625519,73.834984,25.293053,90.67824,0.5614357
2.7625,40.402157,-10.353918,-2.9304242,74.61635,25.0,90.56344,39.882553,-10.139666,-3.218577,73.75562,25.276577,90.7472,0.63160443
2.7666666666666666,40.410397,-10.323165,-2.9304264,74.576965,25.0,90.56244,39.84387,-10.115209,-3.277945,73.68287,25.261414,90.81505,0.6963974
2.7708333333333335,40.419056,-10.290852,-2.930425,74.53557,25.0,90.56131,39.801872,-10.082989,-3.341772,73.59774,25.259418,90.88245,0.77027863
2.775,40.428127,-10.256992,-2.9304278,74.492165,25.0,90.56005,39.75959,-10.045744,-3.4033337,73.51601,25.272358,90.94374,0.84569955
2.779166666666667,40.43761,-10.221603,-2.9304247,74.446785,25.0,90.55865,39.717854,-10.005518,-3.4717627,73.42981,25.288757,91.00127,0.9261695
2.783333333333333,40.447495,-10.184706,-2.9304273,74.39944,25.0,90.55709,39.677376,-9.966097,-3.5357246,73.35136,25.300007,91.059616,1.0036222
2.7875,40.457783,-10.146318,-2.9304333,74.35014,25.0,90.55536,39.640232,-9.909582,-3.5765924,73.305664,25.336071,91.10891,1.068623
2.7916666666666665,40.46846,-10.106472,-2.9304242,74.29897,25.0,90.55345,39.60902,-9.850612,-3.6113296,73.25989,25.372574,91.16543,1.1259367
2.7958333333333334,40.47952,-10.065191,-2.9304242,74.24592,25.0,90.55137,39.58467,-9.792012,-3.6419764,73.21776,25.41034,91.22209,1.1754514
2.8,40.490955,-10.022513,-2.930424,74.19103,25.0,90.54907,39.561913,-9.736192,-3.6798534,73.178856,25.461246,91.26981,1.2274954
2.8041666666666667,40.502754,-9.978471,-2.9304245,74.13436,25.0,90.54658,39.541027,-9.678616,-3.7030864,73.129326,25.508686,91.32241,1.2695822
2.808333333333333,40.51491,-9.933102,-2.9304261,74.07594,25.0,90.54385,39.52059,-9.621919,-3.7240553,73.068474,25.538578,91.37425,1.3097153
2.8125,40.527412,-9.886448,-2.9304261,74.01584,25.0,90.5409,39.501404,-9.56194,-3.7346435,73.00676,25.571548,91.422714,1.3434151
2.816666666666667,40.540245,-9.838554,-2.9304287,73.954094,25.0,90.537704,39.47899,-9.504159,-3.7468076,72.942154,25.607574,91.46028,1.3800579
2.8208333333333333,40.553402,-9.78946,-2.930427,73.89077,25.0,90.534256,39.454216,-9.454345,-3.7645202,72.877174,25.63432,91.4933,1.4199378
2.825,40.566864,-9.739217,-2.9304245,73.82593,25.0,90.530556,39.432335,-9.4068,-3.7796917,72.81244,25.652943,91.52546,1.4556483
2.8291666666666666,40.58062,-9.687875,-2.9304256,73.75962,25.0,90.52659,39.41483,-9.357054,-3.792148,72.74702,25.670635,91.55579,1.4869686
2.8333333333333335,40.594658,-9.635487,-2.930424,73.691925,25.0,90.52234,39.39915,-9.303319,-3.804213,72.67918,25.685844,91.58905,1.5175902
2.8375,40.608963,-9.582103,-2.930427,73.622894,25.0,90.51781,39.385654,-9.251708,-3.8142152,72.60977,25.701668,91.617004,1.5449032
2.841666666666667,40.623516,-9.527782,-2.9304254,73.55262,25.0,90.51299,39.37445,-9.200468,-3.8213735,72.53677,25.71611,91.64436,1.5687853
2.845833333333333,40.63831,-9.472582,-2.930428,73.481155,25.0,90.50787,39.362724,-9.148289,-3.8278298,72.46126,25.730137,91.66652,1.5929888
2.85,40.65332,-9.416557,-2.930426,73.40859,25.0,90.502464,39.352318,-9.094194,-3.839213,72.378006,25.750088,91.682014,1.6193885
2.8541666666666665,40.668537,-9.359772,-2.9304247,73.335,25.0,90.49675,39.348015,-9.035064,-3.8497024,72.290085,25.769924,91.69538,1.641428
2.8583333333333334,40.683937,-9.302287,-2.930424,73.26046,25.0,90.49074,39.347015,-8.9739685,-3.861044,72.1989,25.790596,91.70722,1.6616877
2.8625,40.699512,-9.244166,-2.930424,73.18505,25.0,90.484406,39.346725,-8.909282,-3.873313,72.10501,25.815811,91.71693,1.682623
2.8666666666666667,40.71524,-9.185473,-2.9304261,73.10886,25.0,90.47777,39.350212,-8.840773,-3.8837066,72.01679,25.847473,91.72406,1.7002543
2.870833333333333,40.731102,-9.12627,-2.9304256,73.03197,25.0,90.47083,39.357285,-8.771831,-3.8955169,71.92186,25.876766,91.729515,1.7159263
2.875,40.747086,-9.0666275,-2.930428,72.95446,25.0,90.46358,39.371147,-8.700372,-3.9098892,71.82136,25.91164,91.73252,1.7282054
2.879166666666667,40.763165,-9.00661,-2.9304237,72.87644,25.0,90.45603,39.38886,-8.628722,-3.92424,71.71923,25.945244,91.73749,1.7375807
2.8833333333333333,40.77933,-8.946283,-2.9304264,72.79797,25.0,90.44818,39.40844,-8.559439,-3.93713,71.614655,25.972385,91.740036,1.7442605
2.8875,40.79556,-8.885717,-2.9304235,72.71917,25.0,90.44004,39.431915,-8.490175,-3.9492307,71.511185,26.004059,91.73799,1.7475542
2.8916666666666666,40.811832,-8.82498,-2.9304278,72.6401,25.0,90.43162,39.45889,-8.4194765,-3.9620934,71.41067,26.042686,91.73288,1.7490634
2.8958333333333335,40.828136,-8.764138,-2.9304264,72.56087,25.0,90.422905,39.489708,-8.347583,-3.974843,71.315056,26.079994,91.72668,1.7480605
2.9,40.844448,-8.703265,-2.9304242,72.48157,25.0,90.413925,39.524773,-8.274531,-3.988708,71.22183,26.119598,91.71785,1.7450846
2.904166666666667,40.86075,-8.642426,-2.9304283,72.402275,25.0,90.40469,39.562386,-8.201521,-4.0030675,71.12901,26.161213,91.70941,1.7408899
2.908333333333333,40.87702,-8.581688,-2.9304276,72.3231,25.0,90.39521,39.60359,-8.126709,-4.0149126,71.03671,26.202213,91.70175,1.7334206
2.9125,40.893257,-8.521125,-2.930427,72.24412,25.0,90.38547,39.647606,-8.049999,-4.0252495,70.94765,26.244267,91.692505,1.7240193
2.9166666666666665,40.909416,-8.460798,-2.9304278,72.16543,25.0,90.375534,39.693237,-7.972993,-4.0351396,70.86074,26.28664,91.68292,1.7138941
2.9208333333333334,40.9255,-8.40078,-2.9304276,72.08712,25.0,90.36538,39.737045,-7.896616,-4.043161,70.77469,26.32069,91.67154,1.7043412
2.925,40.94148,-8.341136,-2.930427,72.009285,25.0,90.35504,39.78452,-7.8215027,-4.04971,70.68642,26.341084,91.662094,1.6915579
2.9291666666666667,40.95734,-8.281934,-2.9304237,71.932014,25.0,90.34453,39.832508,-7.749488,-4.055487,70.59958,26.355534,91.65103,1.6776513
2.933333333333333,40.97307,-8.22324,-2.9304245,71.855385,25.0,90.33385,39.878857,-7.680914,-4.059142,70.51364,26.362972,91.63979,1.6629552
2.9375,40.988644,-8.165118,-2.9304268,71.77949,25.0,90.32303,39.922997,-7.617566,-4.057736,70.42474,26.357174,91.63036,1.6450661
2.941666666666667,41.004044,-8.107635,-2.9304247,71.70442,25.0,90.312096,39.96789,-7.5588646,-4.050656,70.33797,26.336884,91.619446,1.6216279
2.9458333333333333,41.01926,-8.05085,-2.9304245,71.63026,25.0,90.30106,40.016193,-7.5025396,-4.0392942,70.260666,26.32122,91.60555,1.5926015
2.95,41.03427,-7.994828,-2.9304273,71.557076,25.0,90.28995,40.067886,-7.456416,-4.0183973,70.19142,26.284779,91.59191,1.551601
2.9541666666666666,41.049065,-7.939623,-2.9304266,71.48496,25.0,90.27878,40.115616,-7.4130983,-3.9973478,70.121605,26.234707,91.57527,1.512242
2.9583333333333335,41.063618,-7.885303,-2.9304264,71.414,25.0,90.26758,40.161587,-7.3797083,-3.9726558,70.06112,26.167137,91.556496,1.4681717
2.9625,41.077923,-7.831921,-2.9304266,71.34426,25.0,90.256355,40.205177,-7.357382,-3.9435515,70.008316,26.078526,91.5342,1.4189061
2.966666666666667,41.09196,-7.7795296,-2.930426,71.27582,25.0,90.245155,40.25009,-7.34488,-3.9072733,69.970726,25.9776,91.503456,1.3608434
2.970833333333333,41.105717,-7.7281876,-2.9304237,71.20875,25.0,90.233986,40.29457,-7.334385,-3.8616247,69.94178,25.8679,91.46995,1.2962149
2.975,41.11918,-7.677948,-2.930426,71.14311,25.0,90.22287,40.33915,-7.318223,-3.7934885,69.934326,25.756516,91.42943,1.2176719
2.9791666666666665,41.132336,-7.6288543,-2.9304256,71.07898,25.0,90.21183,40.384396,-7.307064,-3.7158647,69.94001,25.635616,91.375694,1.1313168
2.9833333333333334,41.14517,-7.5809565,-2.9304316,71.0164,25.0,90.2009,40.435165,-7.2984123,-3.6371794,69.94774,25.519447,91.30948,1.0408783
2.9875,41.15767,-7.534301,-2.9304245,70.955475,25.0,90.190094,40.47878,-7.2944565,-3.557209,69.96303,25.392673,91.246216,0.95460784
2.9916666666666667,41.169827,-7.488935,-2.930428,70.89622,25.0,90.17943,40.519684,-7.291217,-3.475275,69.98688,25.252838,91.18439,0.87099725
2.995833333333333,41.181625,-7.4448934,-2.9304252,70.83871,25.0,90.168945,40.55793,-7.287753,-3.3992543,70.01314,25.108772,91.127426,0.79592067
3.0,41.19306,-7.402215,-2.9304264,70.782974,25.0,90.158646,40.59818,-7.288478,-3.3236666,70.05259,24.980461,91.07282,0.72212166
3.004166666666667,41.204124,-7.3609357,-2.930424,70.72908,25.0,90.14856,40.63755,-7.2992954,-3.2497792,70.10781,24.86317,91.01502,0.6532944
3.0083333333333333,41.214798,-7.3210883,-2.9304276,70.677055,25.0,90.138725,40.670685,-7.3160915,-3.1766787,70.17471,24.760605,90.95647,0.5972635
3.0125,41.225086,-7.2827015,-2.9304278,70.626945,25.0,90.12912,40.70527,-7.3295813,-3.1023617,70.250206,24.672668,90.90135,0.5495171
3.0166666666666666,41.234974,-7.245802,-2.9304254,70.57879,25.0,90.1198,40.74191,-7.3395996,-3.0327425,70.32619,24.593937,90.84897,0.5122302
3.0208333333333335,41.244453,-7.2104135,-2.9304297,70.5326,25.0,90.11077,40.78739,-7.348095,-2.9640646,70.412445,24.51828,90.78642,0.47853208
3.025,41.25353,-7.176556,-2.9304264,70.48843,25.0,90.102036,40.841278,-7.3557215,-2.8953161,70.501045,24.433308,90.726654,0.45086965
3.029166666666667,41.262184,-7.1442432,-2.9304247,70.44627,25.0,90.09364,40.89299,-7.3586264,-2.8273706,70.59199,24.356895,90.66805,0.43918616
3.033333333333333,41.270424,-7.113489,-2.9304283,70.40615,25.0,90.08558,40.94016,-7.359212,-2.7776098,70.66369,24.294857,90.597115,0.43909925
3.0375,41.278244,-7.0843043,-2.9304266,70.36809,25.0,90.07786,40.982437,-7.351202,-2.7406635,70.70784,24.251553,90.51929,0.44130048
3.0416666666666665,41.285645,-7.0566926,-2.9304278,70.33208,25.0,90.070496,41.022846,-7.334749,-2.709299,70.74067,24.214401,90.43945,0.44190082
3.0458333333333334,41.29262,-7.0306573,-2.9304285,70.29813,25.0,90.0635,41.060905,-7.316147,-2.6791677,70.76412,24.184189,90.35297,0.44534102
3.05,41.299175,-7.006192,-2.9304254,70.266235,25.0,90.05689,41.093796,-7.301261,-2.6555758,70.77695,24.19321,90.258675,0.45253578
3.0541666666666667,41.305317,-6.9832954,-2.9304276,70.23638,25.0,90.05065,41.126534,-7.282857,-2.6596603,70.7928,24.245071,90.163925,0.44160557
3.058333333333333,41.31103,-6.961946,-2.9304228,70.208565,25.0,90.04483,41.16428,-7.2677174,-2.6594172,70.81626,24.321445,90.08163,0.4341384
3.0625,41.316338,-6.9421415,-2.930427,70.18275,25.0,90.03938,41.1929,-7.2550087,-2.657384,70.83893,24.403667,90.00693,0.43321458
3.066666666666667,41.32124,-6.9238553,-2.9304247,70.15892,25.0,90.034325,41.215687,-7.2435007,-2.66537,70.85264,24.49947,89.93355,0.428449
3.0708333333333333,41.325737,-6.9070616,-2.9304247,70.13704,25.0,90.02967,41.23526,-7.2306213,-2.6786566,70.860245,24.601425,89.86233,0.4198383
3.075,41.329845,-6.8917375,-2.9304292,70.117065,25.0,90.02539,41.25484,-7.2158175,-2.6911726,70.86103,24.705551,89.79661,0.40975267
3.0791666666666666,41.33357,-6.877843,-2.9304261,70.09897,25.0,90.0215,41.27508,-7.193885,-2.7113333,70.85405,24.819862,89.731384,0.38897932
3.0833333333333335,41.336918,-6.865339,-2.930427,70.08268,25.0,90.018,41.297726,-7.1732416,-2.730795,70.84879,24.929756,89.669266,0.3690436
3.0875,41.339905,-6.854187,-2.9304273,70.06815,25.0,90.014854,41.322952,-7.151408,-2.7476616,70.84644,25.02959,89.61463,0.34932956
3.091666666666667,41.34255,-6.84433,-2.9304278,70.05531,25.0,90.01207,41.34942,-7.1306763,-2.7682714,70.83786,25.119286,89.56274,0.3291446
3.095833333333333,41.344852,-6.835719,-2.9304245,70.044106,25.0,90.00964,41.37493,-7.1132154,-2.7877684,70.83096,25.201431,89.51353,0.31346408
3.1,41.346844,-6.828293,-2.9304256,70.03443,25.0,90.00753,41.400005,-7.0991335,-2.8047256,70.82719,25.273777,89.467064,0.3032842
3.1041666666666665,41.348534,-6.821987,-2.9304287,70.026215,25.0,90.00574,41.42454,-7.089284,-2.818056,70.827896,25.334885,89.42352,0.29975387
3.1083333333333334,41.34994,-6.8167253,-2.9304245,70.01937,25.0,90.00425,41.447575,-7.083068,-2.8293772,70.83143,25.383736,89.382576,0.30113325
3.1125,41.351093,-6.81244,-2.9304256,70.01379,25.0,90.00301,41.467567,-7.0804577,-2.8358355,70.83559,25.421051,89.34436,0.30715966
3.1166666666666667,41.352,-6.8090377,-2.9304237,70.00936,25.0,90.00206,41.485626,-7.0825596,-2.8374987,70.843445,25.449722,89.3092,0.31828436
3.120833333333333,41.3527,-6.806438,-2.9304247,70.005974,25.0,90.00131,41.50037,-7.086729,-2.8361416,70.85225,25.470058,89.277916,0.33054355
3.125,41.353207,-6.804541,-2.9304261,70.0035,25.0,90.00077,41.51179,-7.092431,-2.8316278,70.8642,25.48484,89.2508,0.34320664
3.129166666666667,41.353554,-6.8032455,-2.930426,70.001816,25.0,90.000404,41.52092,-7.0988607,-2.8244314,70.877464,25.492863,89.22744,0.3558575
3.1333333333333333,41.353767,-6.802448,-2.9304252,70.00078,25.0,90.000175,41.52892,-7.1040277,-2.8158026,70.88894,25.500309,89.20651,0.3671062
3.1375,41.35388,-6.8020306,-2.9304278,70.00023,25.0,90.000046,41.535744,-7.1092205,-2.807847,70.89909,25.506931,89.18697,0.37744594
3.1416666666666666,41.353924,-6.801876,-2.9304261,70.00003,25.0,90.0,41.541927,-7.114417,-2.7995758,70.90871,25.510708,89.1702,0.38749066
3.1458333333333335,41.353928,-6.8018513,-2.930426,70.0,25.0,90.0,41.546486,-7.1198635,-2.789981,70.91564,25.510406,89.15638,0.39741072
3.15,41.353928,-6.8018513,-2.930426,70.0,25.0,90.0,41.55034,-7.124612,-2.7800293,70.92177,25.509731,89.144936,0.40665814
3.154166666666667,41.353928,-6.8018513,-2.930426,70.0,25.0,90.0,41.55385,-7.129114,-2.770546,70.927216,25.507618,89.1353,0.4154887
3.158333333333333,41.353928,-6.8018513,-2.930426,70.0,25.0,90.0,41.557007,-7.132925,-2.76153,70.93186,25.504356,89.12735,0.42352906
3.1625,41.353928,-6.8018513,-2.930426,70.0,25.0,90.0,41.559845,-7.1356516,-2.7526493,70.93521,25.500835,89.12044,0.43061483
3.1666666666666665,41.353928,-6.8018513,-2.930426,70.0,25.0,90.0,41.562412,-7.137457,-2.7439432,70.937515,25.496952,89.11454,0.43688986
3.1708333333333334,41.353928,-6.8018513,-2.930426,70.0,25.0,90.0,41.564705,-7.138959,-2.735156,70.93929,25.491848,89.109474,0.44294348
3.175,41.353928,-6.8018513,-2.930426,70.0,25.0,90.0,41.56691,-7.140546,-2.7255907,70.94053,25.485035,89.1059,0.44948068
3.1791666666666667,41.353928,-6.8018513,-2.930426,70.0,25.0,90.0,41.569008,-7.141927,-2.7162657,70.94147,25.4781,89.10287,0.45582393
3.183333333333333,41.353928,-6.8018513,-2.930426,70.0,25.0,90.0,41.571053,-7.142809,-2.7071438,70.94247,25.470432,89.10015,0.46179026
3.1875,41.353928,-6.8018513,-2.930426,70.0,25.0,90.0,41.573063,-7.143218,-2.6982546,70.9435,25.462097,89.09769,0.46739176
3.191666666666667,41.353928,-6.8018513,-2.930426,70.0,25.0,90.0,41.574856,-7.1432724,-2.6895704,70.94502,25.453014,89.095856,0.47264045
3.1958333333333333,41.353928,-6.8018513,-2.930426,70.0,25.0,90.0,41.576447,-7.143197,-2.681344,70.94684,25.443394,89.094666,0.4775703
3.2,41.353928,-6.8018513,-2.930426,70.0,25.0,90.0,41.577953,-7.1430874,-2.6737022,70.94881,25.433987,89.093666,0.48222053
3.2041666666666666,41.353928,-6.8018513,-2.930426,70.0,25.0,90.0,41.579285,-7.1429224,-2.6667175,70.95085,25.424915,89.09283,0.48647448
3.2083333333333335,41.353928,-6.8018513,-2.930426,70.0,25.0,90.0,41.58033,-7.1427717,-2.6604843,70.95282,25.416153,89.0922,0.4902583
3.2125,41.353928,-6.8018513,-2.930426,70.0,25.0,90.0,41.58108,-7.1427317,-2.654992,70.95468,25.407944,89.09183,0.49362135
3.216666666666667,41.353928,-6.8018513,-2.930426,70.0,25.0,90.0,41.581665,-7.1428633,-2.6503153,70.95635,25.40067,89.09161,0.49660394
3.220833333333333,41.353928,-6.8018513,-2.930426,70.0,25.0,90.0,41.582077,-7.143121,-2.6464596,70.95778,25.39449,89.09152,0.49915317
3.225,41.353928,-6.8018513,-2.930426,70.0,25.0,90.0,41.58232,-7.1434746,-2.6434174,70.95895,25.389439,89.09151,0.50124246
3.2291666666666665,41.353928,-6.8018513,-2.930426,70.0,25.0,90.0,41.582478,-7.143792,-2.6411314,70.95985,25.385517,89.09149,0.5028419
3.2333333333333334,41.353928,-6.8018513,-2.930426,70.0,25.0,90.0,41.582603,-7.144006,-2.6395235,70.96044,25.382786,89.09149,0.50397074
3.2375,41.353928,-6.8018513,-2.930426,70.0,25.0,90.0,41.58271,-7.144148,-2.6384401,70.96086,25.381054,89.0915,0.50474167
3.2416666666666667,41.353928,-6.8018513,-2.930426,70.0,25.0,90.0,41.582783,-7.144228,-2.637786,70.96112,25.380032,89.09149,0.50520754
3.245833333333333,41.353928,-6.8018513,-2.930426,70.0,25.0,90.0,41.58282,-7.1442633,-2.6374025,70.96131,25.379501,89.09151,0.5054709
3.25,41.353928,-6.8018513,-2.930426,70.0,25.0,90.0,41.58285,-7.1442814,-2.637208,70.96143,25.379288,89.09153,0.50560975
3.254166666666667,41.353928,-6.8018513,-2.930426,70.0,25.0,90.0,41.582863,-7.144287,-2.6371298,70.9615,25.379215,89.09154,0.50566417
3.2583333333333333,41.353928,-6.8018513,-2.930426,70.0,25.0,90.0,41.582874,-7.144287,-2.6371098,70.96152,25.379192,89.09154,0.505681
3.2625,41.353928,-6.8018513,-2.930426,70.0,25.0,90.0,41.58288,-7.1442814,-2.637107,70.96152,25.379196,89.09154,0.5056805
3.2666666666666666,41.353928,-6.8018513,-2.930426,70.0,25.0,90.0,41.58288,-7.1442804,-2.637104,70.96152,25.379192,89.09154,0.50568146
3.2708333333333335,41.353928,-6.8018513,-2.930426,70.0,25.0,90.0,41.58288,-7.1442804,-2.637104,70.96152,25.379192,89.09154,0.50568146
3.275,41.353928,-6.8018513,-2.930426,70.0,25.0,90.0,41.58288,-7.1442804,-2.637104,70.96152,25.379192,89.09154,0.50568146
3.279166666666667,41.353928,-6.8018513,-2.930426,70.0,25.0,90.0,41.58288,-7.1442804,-2.637104,70.96152,25.379192,89.09154,0.50568146
3.283333333333333,41.353928,-6.8018513,-2.930426,70.0,25.0,90.0,41.58288,-7.1442804,-2.637104,70.96152,25.379192,89.09154,0.50568146
3.2875,41.353928,-6.8018513,-2.930426,70.0,25.0,90.0,41.58288,-7.1442804,-2.637104,70.96152,25.379192,89.09154,0.50568146
3.2916666666666665,41.353928,-6.8018513,-2.930426,70.0,25.0,90.0,41.58288,-7.1442804,-2.637104,70.96152,25.379192,89.09154,0.50568146
3.2958333333333334,41.353928,-6.8018513,-2.930426,70.0,25.0,90.0,41.58288,-7.1442804,-2.637104,70.96152,25.379192,89.09154,0.50568146
3.3,41.353928,-6.8018513,-2.930426,70.0,25.0,90.0,41.58288,-7.1442804,-2.637104,70.96152,25.379192,89.09154,0.50568146
3.3041666666666667,41.353928,-6.8018513,-2.930426,70.0,25.0,90.0,41.58288,-7.1442804,-2.637104,70.96152,25.379192,89.09154,0.50568146
3.308333333333333,41.353928,-6.8018513,-2.930426,70.0,25.0,90.0,41.58288,-7.1442804,-2.637104,70.96152,25.379192,89.09154,0.50568146
3.3125,41.353928,-6.8018513,-2.930426,70.0,25.0,90.0,41.58288,-7.1442804,-2.637105,70.96152,25.379192,89.09154,0.505681
3.316666666666667,41.353928,-6.8018513,-2.930426,70.0,25.0,90.0,41.58288,-7.1442833,-2.6371078,70.96152,25.379192,89.09154,0.5056812
3.3208333333333333,41.353928,-6.8018513,-2.930426,70.0,25.0,90.0,41.58288,-7.1442804,-2.6371078,70.96152,25.379192,89.09154,0.50567925
3.325,41.353928,-6.8018513,-2.930426,70.0,25.0,90.0,41.58288,-7.1442804,-2.637103,70.96152,25.379192,89.09154,0.50568205
3.3291666666666666,41.353928,-6.8018513,-2.930426,70.0,25.0,90.0,41.58288,-7.1442785,-2.637104,70.96152,25.379192,89.09154,0.5056802
3.3333333333333335,41.353928,-6.8018513,-2.930426,70.0,25.0,90.0,41.582874,-7.1442804,-2.637107,70.96151,25.379185,89.09154,0.5056781
3.3375,41.353928,-6.8018513,-2.930426,70.0,25.0,90.0,41.58288,-7.1442785,-2.637105,70.96151,25.379189,89.09154,0.50567967
3.341666666666667,41.353928,-6.8018513,-2.930426,70.0,25.0,90.0,41.58288,-7.1442785,-2.637104,70.96151,25.379192,89.091545,0.5056802
3.345833333333333,41.353928,-6.8018513,-2.930426,70.0,25.0,90.0,41.58288,-7.1442804,-2.637104,70.96151,25.379189,89.091545,0.50568146
3.35,41.353928,-6.8018513,-2.930426,70.0,25.0,90.0,41.58288,-7.1442785,-2.637105,70.96151,25.379192,89.091545,0.50567967
3.3541666666666665,41.353928,-6.8018513,-2.930426,70.0,25.0,90.0,41.582874,-7.1442776,-2.637103,70.96151,25.379185,89.091545,0.5056784
3.3583333333333334,41.353928,-6.8018513,-2.930426,70.0,25.0,90.0,41.582874,-7.1442785,-2.6371078,70.96151,25.379185,89.091545,0.50567627
3.3625,41.353928,-6.8018513,-2.930426,70.0,25.0,90.0,41.58288,-7.1442757,-2.637103,70.96151,25.379189,89.091545,0.50567883
3.3666666666666667,41.353928,-6.8018513,-2.930426,70.0,25.0,90.0,41.582874,-7.1442785,-2.637105,70.96151,25.379189,89.091545,0.50567794
3.370833333333333,41.353928,-6.8018513,-2.930426,70.0,25.0,90.0,41.582874,-7.1442785,-2.6371012,70.96151,25.379192,89.091545,0.50568014
3.375,41.353928,-6.8018513,-2.930426,70.0,25.0,90.0,41.58288,-7.1442804,-2.6371002,70.96151,25.379189,89.091545,0.5056837
3.379166666666667,41.353928,-6.8018513,-2.930426,70.0,25.0,90.0,41.582874,-7.1442776,-2.6371012,70.96151,25.379189,89.091545,0.5056795
3.3833333333333333,41.353928,-6.8018513,-2.930426,70.0,25.0,90.0,41.58287,-7.1442785,-2.637104,70.96152,25.379189,89.091545,0.50567675
3.3875,41.353928,-6.8018513,-2.930426,70.0,25.0,90.0,41.58287,-7.1442814,-2.637107,70.96152,25.379189,89.091545,0.505677
3.3916666666666666,41.353928,-6.8018513,-2.930426,70.0,25.0,90.0,41.58287,-7.1442785,-2.637104,70.96152,25.379192,89.091545,0.50567675
3.3958333333333335,41.353928,-6.8018513,-2.930426,70.0,25.0,90.0,41.58287,-7.1442833,-2.637104,70.96152,25.379189,89.091545,0.50567997
3.4,41.353928,-6.8018513,-2.930426,70.0,25.0,90.0,41.582867,-7.1442785,-2.637104,70.96152,25.379189,89.091545,0.505675
3.404166666666667,41.353928,-6.8018513,-2.930426,70.0,25.0,90.0,41.582867,-7.1442833,-2.637104,70.96152,25.379192,89.091545,0.50567824
3.408333333333333,41.353928,-6.8018513,-2.930426,70.0,25.0,90.0,41.58287,-7.1442814,-2.637107,70.96152,25.379189,89.091545,0.505677
3.4125,41.353928,-6.8018513,-2.930426,70.0,25.0,90.0,41.582867,-7.1442804,-2.6371021,70.96152,25.379189,89.091545,0.5056774
3.4166666666666665,41.353928,-6.8018513,-2.930426,70.0,25.0,90.0,41.582867,-7.1442814,-2.637103,70.96152,25.379189,89.091545,0.5056775
3.4208333333333334,41.353928,-6.8018513,-2.930426,70.0,25.0,90.0,41.58287,-7.1442785,-2.637104,70.96152,25.379189,89.091545,0.50567675
3.425,41.353928,-6.8018513,-2.930426,70.0,25.0,90.0,41.58287,-7.1442814,-2.637104,70.96152,25.379192,89.091545,0.50567865
3.4291666666666667,41.353928,-6.8018513,-2.930426,70.0,25.0,90.0,41.582867,-7.1442804,-2.6371021,70.96152,25.379192,89.091545,0.5056774
3.433333333333333,41.353928,-6.8018513,-2.930426,70.0,25.0,90.0,41.58287,-7.1442785,-2.637104,70.96152,25.379185,89.091545,0.50567675
3.4375,41.353928,-6.8018513,-2.930426,70.0,25.0,90.0,41.582867,-7.1442804,-2.6371021,70.96152,25.379189,89.091545,0.5056774
3.441666666666667,41.353928,-6.8018513,-2.930426,70.0,25.0,90.0,41.582867,-7.1442804,-2.6371021,70.96152,25.379189,89.091545,0.5056774
3.4458333333333333,41.353928,-6.8018513,-2.930426,70.0,25.0,90.0,41.582867,-7.1442804,-2.6371012,70.96152,25.379185,89.091545,0.505678
3.45,41.353928,-6.8018513,-2.930426,70.0,25.0,90.0,41.582867,-7.1442776,-2.637105,70.96152,25.379189,89.091545,0.5056738
3.4541666666666666,41.353928,-6.8018513,-2.930426,70.0,25.0,90.0,41.58287,-7.1442785,-2.6371012,70.96152,25.379192,89.091545,0.5056784
3.4583333333333335,41.353928,-6.8018513,-2.930426,70.0,25.0,90.0,41.582867,-7.1442804,-2.6371012,70.96152,25.379192,89.091545,0.505678
3.4625,41.353928,-6.8018513,-2.930426,70.0,25.0,90.0,41.58287,-7.1442804,-2.6371021,70.96152,25.379192,89.091545,0.50567913
3.466666666666667,41.353928,-6.8018513,-2.930426,70.0,25.0,90.0,41.58287,-7.1442785,-2.6370983,70.96152,25.379192,89.091545,0.5056801
3.470833333333333,41.353928,-6.8018513,-2.930426,70.0,25.0,90.0,41.58287,-7.1442814,-2.6371021,70.96152,25.379196,89.091545,0.5056798
3.475,41.353928,-6.8018513,-2.930426,70.0,25.0,90.0,41.58287,-7.1442804,-2.637104,70.96152,25.379196,89.09154,0.50567806
3.4791666666666665,41.353928,-6.8018513,-2.930426,70.0,25.0,90.0,41.58287,-7.1442785,-2.637107,70.96152,25.379196,89.09154,0.5056751
3.4833333333333334,41.353928,-6.8018513,-2.930426,70.0,25.0,90.0,41.58287,-7.1442804,-2.637103,70.961525,25.3792,89.09154,0.5056786
3.4875,41.353928,-6.8018513,-2.930426,70.0,25.0,90.0,41.58287,-7.1442804,-2.637104,70.96152,25.3792,89.09154,0.50567806
3.4916666666666667,41.353928,-6.8018513,-2.930426,70.0,25.0,90.0,41.582874,-7.1442842,-2.6371021,70.96152,25.3792,89.09154,0.5056835
3.495833333333333,41.353928,-6.8018513,-2.930426,70.0,25.0,90.0,41.582874,-7.144286,-2.637107,70.96152,25.379192,89.09153,0.505682
3.5,41.353928,-6.8018513,-2.930426,70.0,25.0,90.0,41.582874,-7.1442842,-2.637104,70.96152,25.379192,89.09153,0.50568235
3.504166666666667,41.353928,-6.8018513,-2.930426,70.0,25.0,90.0,41.582874,-7.1442842,-2.637103,70.961525,25.379192,89.09153,0.5056829
3.5083333333333333,41.353928,-6.8018513,-2.930426,70.0,25.0,90.0,41.582874,-7.1442833,-2.6371078,70.96152,25.379192,89.09154,0.5056795
3.5125,41.353928,-6.8018513,-2.930426,70.0,25.0,90.0,41.58288,-7.1442814,-2.6371088,70.96152,25.379196,89.09153,0.50567937
3.5166666666666666,41.353928,-6.8018513,-2.930426,70.0,25.0,90.0,41.58288,-7.1442814,-2.637105,70.96152,25.379189,89.09154,0.5056816
3.5208333333333335,41.353928,-6.8018513,-2.930426,70.0,25.0,90.0,41.582874,-7.1442833,-2.637105,70.96152,25.379192,89.09153,0.50568116
3.525,41.353928,-6.8018513,-2.930426,70.0,25.0,90.0,41.582874,-7.1442814,-2.637103,70.96152,25.379192,89.09154,0.505681
3.529166666666667,41.353928,-6.8018513,-2.930426,70.0,25.0,90.0,41.582874,-7.1442833,-2.6371021,70.96152,25.379192,89.09154,0.5056828
3.533333333333333,41.353928,-6.8018513,-2.930426,70.0,25.0,90.0,41.58288,-7.1442804,-2.637103,70.96151,25.379192,89.09154,0.50568205
3.5375,41.353928,-6.8018513,-2.930426,70.0,25.0,90.0,41.58288,-7.1442804,-2.637103,70.96151,25.379192,89.09154,0.50568205
3.5416666666666665,41.353928,-6.8018513,-2.930426,70.0,25.0,90.0,41.58288,-7.1442814,-2.637103,70.96151,25.379192,89.09154,0.5056827
3.5458333333333334,41.353928,-6.8018513,-2.930426,70.0,25.0,90.0,41.58288,-7.1442785,-2.637104,70.96151,25.379189,89.09154,0.5056802
3.55,41.353928,-6.8018513,-2.930426,70.0,25.0,90.0,41.58288,-7.1442785,-2.637103,70.96151,25.379192,89.09154,0.50568074
3.5541666666666667,41.353928,-6.8018513,-2.930426,70.0,25.0,90.0,41.58288,-7.1442785,-2.637104,70.96151,25.379192,89.09154,0.5056802
3.558333333333333,41.353928,-6.8018513,-2.930426,70.0,25.0,90.0,41.58288,-7.1442785,-2.637104,70.96151,25.379192,89.09154,0.5056802
3.5625,41.353928,-6.8018513,-2.930426,70.0,25.0,90.0,41.58288,-7.1442785,-2.637104,70.96151,25.379192,89.09154,0.5056802
3.566666666666667,41.353928,-6.8018513,-2.930426,70.0,25.0,90.0,41.58288,-7.1442785,-2.637104,70.96151,25.379192,89.09154,0.5056802
3.5708333333333333,41.353928,-6.8018513,-2.930426,70.0,25.0,90.0,41.58288,-7.1442785,-2.637104,70.96151,25.379192,89.09154,0.5056802
3.575,41.353928,-6.8018513,-2.930426,70.0,25.0,90.0,41.58288,-7.1442785,-2.637104,70.96151,25.379192,89.09154,0.5056802
3.5791666666666666,41.353928,-6.8018513,-2.930426,70.0,25.0,90.0,41.58288,-7.1442785,-2.637104,70.96151,25.379192,89.09154,0.5056802
3.5833333333333335,41.353928,-6.8018513,-2.930426,70.0,25.0,90.0,41.58288,-7.1442785,-2.637104,70.96151,25.379192,89.09154,0.5056802
3.5875,41.353928,-6.8018513,-2.930426,70.0,25.0,90.0,41.58288,-7.1442785,-2.637104,70.96151,25.379192,89.09154,0.5056802
3.591666666666667,41.353928,-6.8018513,-2.930426,70.0,25.0,90.0,41.58288,-7.1442785,-2.637104,70.96151,25.379192,89.09154,0.5056802
3.595833333333333,41.353928,-6.8018513,-2.930426,70.0,25.0,90.0,41.58288,-7.1442785,-2.637104,70.96151,25.379192,89.09154,0.5056802
3.6,41.353928,-6.8018513,-2.930426,70.0,25.0,90.0,41.58288,-7.1442785,-2.637104,70.96151,25.379192,89.09154,0.5056802
3.6041666666666665,41.353928,-6.8018513,-2.930426,70.0,25.0,90.0,41.58288,-7.1442785,-2.637104,70.96151,25.379192,89.09154,0.5056802
3.6083333333333334,41.353928,-6.8018513,-2.930426,70.0,25.0,90.0,41.58288,-7.1442785,-2.637104,70.96151,25.379192,89.09154,0.5056802
3.6125,41.353928,-6.8018513,-2.930426,70.0,25.0,90.0,41.58288,-7.1442785,-2.637104,70.96151,25.379192,89.09154,0.5056802
3.6166666666666667,41.353928,-6.8018513,-2.930426,70.0,25.0,90.0,41.58288,-7.1442785,-2.637104,70.96151,25.379192,89.09154,0.5056802
3.620833333333333,41.353928,-6.8018513,-2.930426,70.0,25.0,90.0,41.58288,-7.1442785,-2.637104,70.96151,25.379192,89.09154,0.5056802
3.625,41.353928,-6.8018513,-2.930426,70.0,25.0,90.0,41.58288,-7.1442785,-2.637104,70.96151,25.379192,89.09154,0.5056802
3.629166666666667,41.353928,-6.8018513,-2.930426,70.0,25.0,90.0,41.58288,-7.1442785,-2.637104,70.96151,25.379192,89.09154,0.5056802
3.6333333333333333,41.353928,-6.8018513,-2.930426,70.0,25.0,90.0,41.58288,-7.1442785,-2.637104,70.96151,25.379192,89.09154,0.5056802
3.6375,41.353928,-6.8018513,-2.930426,70.0,25.0,90.0,41.58288,-7.1442785,-2.637104,70.96151,25.379192,89.09154,0.5056802
3.6416666666666666,41.353928,-6.8018513,-2.930426,70.0,25.0,90.0,41.58288,-7.1442785,-2.637104,70.96151,25.379192,89.09154,0.5056802
3.6458333333333335,41.353928,-6.8018513,-2.930426,70.0,25.0,90.0,41.58288,-7.1442785,-2.637104,70.96151,25.379192,89.09154,0.5056802
3.65,41.353928,-6.8018513,-2.930426,70.0,25.0,90.0,41.58288,-7.1442785,-2.637104,70.96151,25.379192,89.09154,0.5056802
3.654166666666667,41.353928,-6.8018513,-2.930426,70.0,25.0,90.0,41.58288,-7.1442785,-2.637104,70.96151,25.379192,89.09154,0.5056802
3.658333333333333,41.353928,-6.8018513,-2.930426,70.0,25.0,90.0,41.58288,-7.1442785,-2.637104,70.96151,25.379192,89.09154,0.5056802
3.6625,41.353928,-6.8018513,-2.930426,70.0,25.0,90.0,41.58288,-7.1442785,-2.637104,70.96151,25.379192,89.09154,0.5056802
3.6666666666666665,41.353928,-6.8018513,-2.930426,70.0,25.0,90.0,41.58288,-7.1442785,-2.637104,70.96151,25.379192,89.09154,0.5056802
3.6708333333333334,41.353928,-6.8018513,-2.930426,70.0,25.0,90.0,41.58288,-7.1442785,-2.637104,70.96151,25.379192,89.09154,0.5056802
3.675,41.353928,-6.8018513,-2.930426,70.0,25.0,90.0,41.58288,-7.1442785,-2.637104,70.96151,25.379192,89.09154,0.5056802
3.6791666666666667,41.353928,-6.8018513,-2.930426,70.0,25.0,90.0,41.58288,-7.1442785,-2.637104,70.96151,25.379192,89.09154,0.5056802
3.683333333333333,41.353928,-6.8018513,-2.930426,70.0,25.0,90.0,41.58288,-7.1442785,-2.637104,70.96151,25.379192,89.09154,0.5056802
3.6875,41.353928,-6.8018513,-2.930426,70.0,25.0,90.0,41.58288,-7.1442785,-2.637104,70.96151,25.379192,89.09154,0.5056802
3.691666666666667,41.353928,-6.8018513,-2.930426,70.0,25.0,90.0,41.58288,-7.1442785,-2.637104,70.96151,25.379192,89.09154,0.5056802
3.6958333333333333,41.353928,-6.8018513,-2.930426,70.0,25.0,90.0,41.58288,-7.1442785,-2.637104,70.96151,25.379192,89.09154,0.5056802
3.7,41.353928,-6.8018513,-2.930426,70.0,25.0,90.0,41.58288,-7.1442785,-2.637104,70.96151,25.379192,89.09154,0.5056802
3.7041666666666666,41.353928,-6.8018513,-2.930426,70.0,25.0,90.0,41.58288,-7.1442785,-2.637104,70.96152,25.379192,89.09154,0.5056802
3.7083333333333335,41.353928,-6.8018513,-2.930426,70.0,25.0,90.0,41.58288,-7.1442785,-2.637105,70.96151,25.379192,89.09154,0.50567967
3.7125,41.353928,-6.8018513,-2.930426,70.0,25.0,90.0,41.58288,-7.1442804,-2.6371021,70.96152,25.379192,89.09154,0.5056826
3.716666666666667,41.353928,-6.8018513,-2.930426,70.0,25.0,90.0,41.582874,-7.1442785,-2.637104,70.96152,25.379192,89.09154,0.5056785
3.720833333333333,41.353928,-6.8018513,-2.930426,70.0,25.0,90.0,41.58288,-7.1442785,-2.6371021,70.96152,25.379189,89.09154,0.5056813
3.725,41.353928,-6.8018513,-2.930426,70.0,25.0,90.0,41.582874,-7.1442804,-2.637104,70.96151,25.379189,89.09154,0.5056797
3.7291666666666665,41.353928,-6.8018513,-2.930426,70.0,25.0,90.0,41.58288,-7.1442785,-2.6371078,70.96151,25.379192,89.09154,0.505678
3.7333333333333334,41.353928,-6.8018513,-2.930426,70.0,25.0,90.0,41.58288,-7.1442785,-2.637107,70.96151,25.379189,89.091545,0.50567853
3.7375,41.353928,-6.8018513,-2.930426,70.0,25.0,90.0,41.58288,-7.1442757,-2.637104,70.96152,25.379189,89.091545,0.5056783
3.7416666666666667,41.353928,-6.8018513,-2.930426,70.0,25.0,90.0,41.58288,-7.1442785,-2.6371078,70.96151,25.379185,89.091545,0.505678
3.745833333333333,41.353928,-6.8018513,-2.930426,70.0,25.0,90.0,41.58288,-7.1442785,-2.637105,70.96151,25.379189,89.091545,0.50567967
3.75,41.353928,-6.8018513,-2.930426,70.0,25.0,90.0,41.582874,-7.1442785,-2.6371088,70.96151,25.379185,89.091545,0.50567573
3.754166666666667,41.353928,-6.8018513,-2.930426,70.0,25.0,90.0,41.582874,-7.1442785,-2.637107,70.96151,25.379192,89.091545,0.5056768
3.7583333333333333,41.353928,-6.8018513,-2.930426,70.0,25.0,90.0,41.58288,-7.1442776,-2.637107,70.96152,25.379189,89.09155,0.5056779
3.7625,41.353928,-6.8018513,-2.930426,70.0,25.0,90.0,41.582874,-7.1442776,-2.637107,70.96151,25.379196,89.091545,0.50567615
3.7666666666666666,41.353928,-6.8018513,-2.930426,70.0,25.0,90.0,41.58288,-7.1442785,-2.6371021,70.96152,25.379185,89.091545,0.5056813
3.7708333333333335,41.353928,-6.8018513,-2.930426,70.0,25.0,90.0,41.582874,-7.1442785,-2.6371021,70.96151,25.379189,89.091545,0.5056796
3.775,41.353928,-6.8018513,-2.930426,70.0,25.0,90.0,41.58287,-7.1442785,-2.6371078,70.96152,25.379192,89.091545,0.50567454
3.779166666666667,41.353928,-6.8018513,-2.930426,70.0,25.0,90.0,41.58287,-7.1442814,-2.637104,70.96152,25.379189,89.09155,0.50567865
3.783333333333333,41.353928,-6.8018513,-2.930426,70.0,25.0,90.0,41.58287,-7.1442785,-2.637107,70.96152,25.379192,89.091545,0.5056751
3.7875,41.353928,-6.8018513,-2.930426,70.0,25.0,90.0,41.582867,-7.1442785,-2.637104,70.96152,25.379189,89.091545,0.505675
3.7916666666666665,41.353928,-6.8018513,-2.930426,70.0,25.0,90.0,41.582867,-7.1442814,-2.637105,70.96152,25.379192,89.091545,0.5056764
3.7958333333333334,41.353928,-6.8018513,-2.930426,70.0,25.0,90.0,41.58287,-7.1442804,-2.637105,70.96152,25.379192,89.091545,0.50567746
3.8,41.353928,-6.8018513,-2.930426,70.0,25.0,90.0,41.582867,-7.1442814,-2.6371078,70.96152,25.379189,89.09155,0.5056747
3.8041666666666667,41.353928,-6.8018513,-2.930426,70.0,25.0,90.0,41.582863,-7.1442776,-2.637103,70.96152,25.379189,89.09155,0.5056732
3.808333333333333,41.353928,-6.8018513,-2.930426,70.0,25.0,90.0,41.582867,-7.1442814,-2.637105,70.96152,25.379192,89.091545,0.5056764
3.8125,41.353928,-6.8018513,-2.930426,70.0,25.0,90.0,41.582867,-7.1442785,-2.637103,70.96152,25.379189,89.091545,0.50567555
3.816666666666667,41.353928,-6.8018513,-2.930426,70.0,25.0,90.0,41.582867,-7.1442814,-2.6371021,70.96152,25.379189,89.091545,0.50567806
3.8208333333333333,41.353928,-6.8018513,-2.930426,70.0,25.0,90.0,41.582867,-7.1442814,-2.6371021,70.96152,25.379189,89.091545,0.50567806
3.825,41.353928,-6.8018513,-2.930426,70.0,25.0,90.0,41.582867,-7.1442814,-2.637104,70.96152,25.379185,89.091545,0.5056769
3.8291666666666666,41.353928,-6.8018513,-2.930426,70.0,25.0,90.0,41.582867,-7.1442804,-2.637104,70.96152,25.379192,89.091545,0.50567627
3.8333333333333335,41.353928,-6.8018513,-2.930426,70.0,25.0,90.0,41.582867,-7.1442804,-2.6371021,70.96152,25.379189,89.091545,0.5056774
3.8375,41.353928,-6.8018513,-2.930426,70.0,25.0,90.0,41.582867,-7.1442804,-2.637103,70.96152,25.379189,89.091545,0.50567687
3.841666666666667,41.353928,-6.8018513,-2.930426,70.0,25.0,90.0,41.582867,-7.1442776,-2.637104,70.96152,25.379189,89.091545,0.50567436
3.845833333333333,41.353928,-6.8018513,-2.930426,70.0,25.0,90.0,41.58287,-7.1442804,-2.637104,70.96152,25.379192,89.091545,0.50567806
3.85,41.353928,-6.8018513,-2.930426,70.0,25.0,90.0,41.58287,-7.1442785,-2.637103,70.96152,25.379192,89.091545,0.5056773
3.8541666666666665,41.353928,-6.8018513,-2.930426,70.0,25.0,90.0,41.58287,-7.1442785,-2.637104,70.96152,25.379192,89.091545,0.50567675
3.8583333333333334,41.353928,-6.8018513,-2.930426,70.0,25.0,90.0,41.582867,-7.1442814,-2.637103,70.96152,25.379192,89.091545,0.5056775
3.8625,41.353928,-6.8018513,-2.930426,70.0,25.0,90.0,41.58287,-7.1442785,-2.637103,70.96152,25.3792,89.091545,0.5056773
3.8666666666666667,41.353928,-6.8018513,-2.930426,70.0,25.0,90.0,41.58287,-7.1442804,-2.6371021,70.96152,25.379192,89.091545,0.50567913
3.870833333333333,41.353928,-6.8018513,-2.930426,70.0,25.0,90.0,41.58287,-7.1442814,-2.637107,70.96152,25.379196,89.09154,0.505677
3.875,41.353928,-6.8018513,-2.930426,70.0,25.0,90.0,41.582867,-7.1442785,-2.637104,70.961525,25.379196,89.09154,0.505675
3.879166666666667,41.353928,-6.8018513,-2.930426,70.0,25.0,90.0,41.58287,-7.1442814,-2.637103,70.96152,25.3792,89.09154,0.50567925
3.8833333333333333,41.353928,-6.8018513,-2.930426,70.0,25.0,90.0,41.582874,-7.1442804,-2.637104,70.96152,25.3792,89.09153,0.5056797
3.8875,41.353928,-6.8018513,-2.930426,70.0,25.0,90.0,41.58288,-7.1442814,-2.637103,70.96152,25.379192,89.09154,0.5056827
3.8916666666666666,41.353928,-6.8018513,-2.930426,70.0,25.0,90.0,41.582874,-7.1442842,-2.637103,70.96152,25.379196,89.09154,0.5056829
3.8958333333333335,41.353928,-6.8018513,-2.930426,70.0,25.0,90.0,41.582874,-7.1442842,-2.637103,70.961525,25.379192,89.09154,0.5056829
3.9,41.353928,-6.8018513,-2.930426,70.0,25.0,90.0,41.58287,-7.1442833,-2.637104,70.961525,25.379192,89.09154,0.50567997
3.904166666666667,41.353928,-6.8018513,-2.930426,70.0,25.0,90.0,41.582874,-7.1442814,-2.637107,70.961525,25.379196,89.09153,0.5056787
3.908333333333333,41.353928,-6.8018513,-2.930426,70.0,25.0,90.0,41.58288,-7.1442814,-2.6371012,70.96152,25.379192,89.09154,0.50568384
3.9125,41.353928,-6.8018513,-2.930426,70.0,25.0,90.0,41.582874,-7.1442842,-2.637107,70.96152,25.379192,89.09154,0.5056807
3.9166666666666665,41.353928,-6.8018513,-2.930426,70.0,25.0,90.0,41.58288,-7.1442814,-2.6371021,70.96152,25.379192,89.09154,0.50568324
3.9208333333333334,41.353928,-6.8018513,-2.930426,70.0,25.0,90.0,41.582874,-7.1442814,-2.637103,70.96152,25.379196,89.09154,0.505681
3.925,41.353928,-6.8018513,-2.930426,70.0,25.0,90.0,41.582874,-7.1442804,-2.637103,70.96152,25.379192,89.09154,0.5056803
3.9291666666666667,41.353928,-6.8018513,-2.930426,70.0,25.0,90.0,41.582874,-7.1442814,-2.6371021,70.96152,25.379189,89.09154,0.5056815
3.933333333333333,41.353928,-6.8018513,-2.930426,70.0,25.0,90.0,41.582874,-7.1442814,-2.637104,70.96152,25.379192,89.09154,0.5056804
3.9375,41.353928,-6.8018513,-2.930426,70.0,25.0,90.0,41.582874,-7.1442804,-2.637105,70.96152,25.379192,89.09154,0.5056792
3.941666666666667,41.353928,-6.8018513,-2.930426,70.0,25.0,90.0,41.58287,-7.1442804,-2.637103,70.96152,25.379192,89.09154,0.5056786
3.9458333333333333,41.353928,-6.8018513,-2.930426,70.0,25.0,90.0,41.582874,-7.1442804,-2.637103,70.96152,25.379192,89.09154,0.5056803
3.95,41.353928,-6.8018513,-2.930426,70.0,25.0,90.0,41.582874,-7.1442804,-2.637103,70.96152,25.379192,89.09154,0.5056803
3.9541666666666666,41.353928,-6.8018513,-2.930426,70.0,25.0,90.0,41.582874,-7.1442804,-2.637103,70.96152,25.379192,89.09154,0.5056803
3.9583333333333335,41.353928,-6.8018513,-2.930426,70.0,25.0,90.0,41.582874,-7.1442804,-2.637103,70.96152,25.379192,89.09154,0.5056803
3.9625,41.353928,-6.8018513,-2.930426,70.0,25.0,90.0,41.582874,-7.1442804,-2.637103,70.96152,25.379192,89.09154,0.5056803
3.966666666666667,41.353928,-6.8018513,-2.930426,70.0,25.0,90.0,41.582874,-7.1442804,-2.637103,70.96152,25.379192,89.09154,0.5056803
3.970833333333333,41.353928,-6.8018513,-2.930426,70.0,25.0,90.0,41.582874,-7.1442804,-2.637103,70.96152,25.379192,89.09154,0.5056803
3.975,41.353928,-6.8018513,-2.930426,70.0,25.0,90.0,41.582874,-7.1442804,-2.637103,70.96152,25.379192,89.09154,0.5056803
3.9791666666666665,41.353928,-6.8018513,-2.930426,70.0,25.0,90.0,41.582874,-7.1442804,-2.637103,70.96152,25.379192,89.09154,0.5056803
3.9833333333333334,41.353928,-6.8018513,-2.930426,70.0,25.0,90.0,41.582874,-7.1442804,-2.637103,70.96152,25.379192,89.09154,0.5056803
3.9875,41.353928,-6.8018513,-2.930426,70.0,25.0,90.0,41.582874,-7.1442804,-2.637103,70.96152,25.379192,89.09154,0.5056803
3.9916666666666667,41.353928,-6.8018513,-2.930426,70.0,25.0,90.0,41.582874,-7.1442804,-2.637103,70.96152,25.379192,89.09154,0.5056803
3.995833333333333,41.353928,-6.8018513,-2.930426,70.0,25.0,90.0,41.582874,-7.1442804,-2.637103,70.96152,25.379192,89.09154,0.5056803
4.0,41.353928,-6.8018513,-2.930426,70.0,25.0,90.0,41.582874,-7.1442804,-2.637103,70.96152,25.379192,89.09154,0.5056803
4.004166666666666,41.353928,-6.8018513,-2.930426,70.0,25.0,90.0,41.582874,-7.1442804,-2.637103,70.96152,25.379192,89.09154,0.5056803
4.008333333333334,41.353928,-6.8018513,-2.930426,70.0,25.0,90.0,41.582874,-7.1442804,-2.637103,70.96152,25.379192,89.09154,0.5056803
4.0125,41.353928,-6.8018513,-2.930426,70.0,25.0,90.0,41.582874,-7.1442804,-2.637103,70.96152,25.379192,89.09154,0.5056803
4.016666666666667,41.353928,-6.8018513,-2.930426,70.0,25.0,90.0,41.582874,-7.1442804,-2.637103,70.96152,25.379192,89.09154,0.5056803
4.020833333333333,41.353928,-6.8018513,-2.930426,70.0,25.0,90.0,41.582874,-7.1442804,-2.637103,70.96152,25.379192,89.09154,0.5056803
4.025,41.353928,-6.8018513,-2.930426,70.0,25.0,90.0,41.582874,-7.1442804,-2.637103,70.96152,25.379192,89.09154,0.5056803
4.029166666666667,41.353928,-6.8018513,-2.930426,70.0,25.0,90.0,41.582874,-7.1442804,-2.637103,70.96152,25.379192,89.09154,0.5056803
4.033333333333333,41.353928,-6.8018513,-2.930426,70.0,25.0,90.0,41.582874,-7.1442804,-2.637103,70.96152,25.379192,89.09154,0.5056803
4.0375,41.353928,-6.8018513,-2.930426,70.0,25.0,90.0,41.582874,-7.1442804,-2.637103,70.96152,25.379192,89.09154,0.5056803
4.041666666666667,41.353928,-6.8018513,-2.930426,70.0,25.0,90.0,41.582874,-7.1442804,-2.637103,70.96152,25.379192,89.09154,0.5056803
4.045833333333333,41.353928,-6.8018513,-2.930426,70.0,25.0,90.0,41.582874,-7.1442804,-2.637103,70.96152,25.379192,89.09154,0.5056803
4.05,41.353928,-6.8018513,-2.930426,70.0,25.0,90.0,41.582874,-7.1442804,-2.637103,70.96152,25.379192,89.09154,0.5056803
4.054166666666666,41.353928,-6.8018513,-2.930426,70.0,25.0,90.0,41.582874,-7.1442804,-2.637103,70.96152,25.379192,89.09154,0.5056803
4.058333333333334,41.353928,-6.8018513,-2.930426,70.0,25.0,90.0,41.582874,-7.1442804,-2.637103,70.96152,25.379192,89.09154,0.5056803
4.0625,41.353928,-6.8018513,-2.930426,70.0,25.0,90.0,41.582874,-7.1442804,-2.637103,70.96152,25.379192,89.09154,0.5056803
4.066666666666666,41.353928,-6.8018513,-2.930426,70.0,25.0,90.0,41.582874,-7.1442804,-2.637103,70.96152,25.379192,89.09154,0.5056803
4.070833333333334,41.353928,-6.8018513,-2.930426,70.0,25.0,90.0,41.582874,-7.1442804,-2.637103,70.96152,25.379192,89.09154,0.5056803
4.075,41.353928,-6.8018513,-2.930426,70.0,25.0,90.0,41.582874,-7.1442804,-2.637103,70.96152,25.379192,89.09154,0.5056803
4.079166666666667,41.353928,-6.8018513,-2.930426,70.0,25.0,90.0,41.582874,-7.1442804,-2.637103,70.96152,25.379192,89.09154,0.5056803
4.083333333333333,41.353928,-6.8018513,-2.930426,70.0,25.0,90.0,41.582874,-7.1442804,-2.637103,70.96152,25.379192,89.09154,0.5056803
4.0875,41.353928,-6.8018513,-2.930426,70.0,25.0,90.0,41.582874,-7.1442804,-2.637103,70.96152,25.379192,89.09154,0.5056803
4.091666666666667,41.353928,-6.8018513,-2.930426,70.0,25.0,90.0,41.582874,-7.1442804,-2.637103,70.96152,25.379192,89.09154,0.5056803
4.095833333333333,41.353928,-6.8018513,-2.930426,70.0,25.0,90.0,41.582874,-7.1442804,-2.637103,70.96152,25.379192,89.09154,0.5056803
4.1,41.353928,-6.8018513,-2.930426,70.0,25.0,90.0,41.582874,-7.1442804,-2.637104,70.96152,25.379189,89.09154,0.5056797
4.104166666666667,41.353928,-6.8018513,-2.930426,70.0,25.0,90.0,41.582874,-7.1442814,-2.637104,70.96152,25.379189,89.09154,0.5056804
4.108333333333333,41.353928,-6.8018513,-2.930426,70.0,25.0,90.0,41.582874,-7.1442833,-2.637103,70.96152,25.379189,89.09154,0.50568223
4.1125,41.353928,-6.8018513,-2.930426,70.0,25.0,90.0,41.582874,-7.1442785,-2.637103,70.96152,25.379189,89.09154,0.505679
4.116666666666666,41.353928,-6.8018513,-2.930426,70.0,25.0,90.0,41.582874,-7.1442785,-2.6371021,70.96152,25.379192,89.09154,0.5056796
4.120833333333334,41.353928,-6.8018513,-2.930426,70.0,25.0,90.0,41.58288,-7.1442804,-2.637104,70.96152,25.379192,89.09154,0.50568146
4.125,41.353928,-6.8018513,-2.930426,70.0,25.0,90.0,41.58288,-7.1442804,-2.637105,70.96151,25.379192,89.09154,0.505681
4.129166666666666,41.353928,-6.8018513,-2.930426,70.0,25.0,90.0,41.58288,-7.1442785,-2.637107,70.96151,25.379192,89.091545,0.50567853
4.133333333333334,41.353928,-6.8018513,-2.930426,70.0,25.0,90.0,41.58288,-7.1442785,-2.637104,70.96152,25.379189,89.091545,0.5056802
4.1375,41.353928,-6.8018513,-2.930426,70.0,25.0,90.0,41.58288,-7.1442785,-2.637104,70.96151,25.379192,89.091545,0.5056802
4.141666666666667,41.353928,-6.8018513,-2.930426,70.0,25.0,90.0,41.58288,-7.1442804,-2.637104,70.96151,25.379192,89.091545,0.50568146
4.145833333333333,41.353928,-6.8018513,-2.930426,70.0,25.0,90.0,41.58287,-7.1442804,-2.637105,70.96151,25.379192,89.091545,0.50567746
4.15,41.353928,-6.8018513,-2.930426,70.0,25.0,90.0,41.58288,-7.1442776,-2.637107,70.96151,25.379185,89.091545,0.5056779
4.154166666666667,41.353928,-6.8018513,-2.930426,70.0,25.0,90.0,41.582874,-7.1442776,-2.637105,70.96151,25.379189,89.09155,0.5056773
4.158333333333333,41.353928,-6.8018513,-2.930426,70.0,25.0,90.0,41.582874,-7.1442785,-2.637105,70.96151,25.379196,89.09155,0.50567794
4.1625,41.353928,-6.8018513,-2.930426,70.0,25.0,90.0,41.58287,-7.1442776,-2.637103,70.96151,25.379185,89.091545,0.5056766
4.166666666666667,41.353928,-6.8018513,-2.930426,70.0,25.0,90.0,41.582874,-7.1442776,-2.637103,70.96151,25.379185,89.091545,0.5056784
4.170833333333333,41.353928,-6.8018513,-2.930426,70.0,25.0,90.0,41.58287,-7.1442776,-2.637104,70.96152,25.379192,89.09155,0.5056761
4.175,41.353928,-6.8018513,-2.930426,70.0,25.0,90.0,41.582867,-7.1442814,-2.637104,70.96152,25.379192,89.09155,0.5056769
4.179166666666666,41.353928,-6.8018513,-2.930426,70.0,25.0,90.0,41.58287,-7.1442785,-2.637107,70.96152,25.379192,89.091545,0.5056751
4.183333333333334,41.353928,-6.8018513,-2.930426,70.0,25.0,90.0,41.582867,-7.1442814,-2.637104,70.96152,25.379189,89.09155,0.5056769
4.1875,41.353928,-6.8018513,-2.930426,70.0,25.0,90.0,41.582867,-7.1442804,-2.637104,70.96152,25.379189,89.091545,0.50567627
4.191666666666666,41.353928,-6.8018513,-2.930426,70.0,25.0,90.0,41.582867,-7.1442785,-2.637104,70.96151,25.379189,89.091545,0.505675
4.195833333333334,41.353928,-6.8018513,-2.930426,70.0,25.0,90.0,41.582867,-7.1442804,-2.637105,70.96152,25.379192,89.091545,0.5056758
4.2,41.353928,-6.8018513,-2.930426,70.0,25.0,90.0,41.582867,-7.1442785,-2.637105,70.96152,25.379196,89.091545,0.5056745
4.204166666666667,41.353928,-6.8018513,-2.930426,70.0,25.0,90.0,41.582867,-7.1442776,-2.637104,70.96152,25.379192,89.091545,0.50567436
4.208333333333333,41.353928,-6.8018513,-2.930426,70.0,25.0,90.0,41.582863,-7.1442776,-2.637105,70.96152,25.379192,89.091545,0.5056721
4.2125,41.353928,-6.8018513,-2.930426,70.0,25.0,90.0,41.582863,-7.1442776,-2.637104,70.96152,25.379192,89.091545,0.50567263
4.216666666666667,41.353928,-6.8018513,-2.930426,70.0,25.0,90.0,41.582863,-7.1442776,-2.637104,70.96152,25.379192,89.091545,0.50567263
4.220833333333333,41.353928,-6.8018513,-2.930426,70.0,25.0,90.0,41.582863,-7.1442776,-2.637104,70.96152,25.379192,89.091545,0.50567263
4.225,41.353928,-6.8018513,-2.930426,70.0,25.0,90.0,41.582863,-7.1442776,-2.637104,70.96152,25.379192,89.091545,0.50567263
4.229166666666667,41.353928,-6.8018513,-2.930426,70.0,25.0,90.0,41.582863,-7.1442785,-2.637104,70.96152,25.379189,89.091545,0.5056733
4.233333333333333,41.353928,-6.8018513,-2.930426,70.0,25.0,90.0,41.582867,-7.1442776,-2.637104,70.96152,25.379192,89.091545,0.50567436
4.2375,41.353928,-6.8018513,-2.930426,70.0,25.0,90.0,41.582863,-7.1442785,-2.637103,70.96152,25.379192,89.091545,0.5056738
4.241666666666666,41.353928,-6.8018513,-2.930426,70.0,25.0,90.0,41.582867,-7.1442785,-2.637105,70.96152,25.379192,89.091545,0.5056745
4.245833333333334,41.353928,-6.8018513,-2.930426,70.0,25.0,90.0,41.582867,-7.1442776,-2.637103,70.96152,25.379192,89.091545,0.5056749
4.25,41.353928,-6.8018513,-2.930426,70.0,25.0,90.0,41.58287,-7.1442785,-2.637105,70.96152,25.379192,89.091545,0.50567615
4.254166666666666,41.353928,-6.8018513,-2.930426,70.0,25.0,90.0,41.582867,-7.1442804,-2.637103,70.961525,25.379192,89.091545,0.50567687
4.258333333333334,41.353928,-6.8018513,-2.930426,70.0,25.0,90.0,41.582867,-7.1442814,-2.637104,70.961525,25.379196,89.091545,0.5056769
4.2625,41.353928,-6.8018513,-2.930426,70.0,25.0,90.0,41.58287,-7.1442785,-2.637104,70.96152,25.379192,89.091545,0.50567675
4.266666666666667,41.353928,-6.8018513,-2.930426,70.0,25.0,90.0,41.58287,-7.1442804,-2.637107,70.96152,25.379196,89.09154,0.5056763
4.270833333333333,41.353928,-6.8018513,-2.930426,70.0,25.0,90.0,41.582867,-7.1442785,-2.637104,70.961525,25.379196,89.09154,0.505675
4.275,41.353928,-6.8018513,-2.930426,70.0,25.0,90.0,41.58287,-7.1442814,-2.637103,70.96152,25.3792,89.09154,0.50567925
4.279166666666667,41.353928,-6.8018513,-2.930426,70.0,25.0,90.0,41.582874,-7.1442804,-2.637104,70.96152,25.3792,89.09153,0.5056797
4.283333333333333,41.353928,-6.8018513,-2.930426,70.0,25.0,90.0,41.58288,-7.1442814,-2.637103,70.96152,25.379192,89.09154,0.5056827
4.2875,41.353928,-6.8018513,-2.930426,70.0,25.0,90.0,41.582874,-7.1442842,-2.637103,70.96152,25.379196,89.09154,0.5056829
4.291666666666667,41.353928,-6.8018513,-2.930426,70.0,25.0,90.0,41.582874,-7.1442842,-2.637103,70.961525,25.379192,89.09154,0.5056829
4.295833333333333,41.353928,-6.8018513,-2.930426,70.0,25.0,90.0,41.58287,-7.1442833,-2.637104,70.961525,25.379192,89.09154,0.50567997
4.3,41.353928,-6.8018513,-2.930426,70.0,25.0,90.0,41.582874,-7.1442814,-2.637107,70.961525,25.379196,89.09153,0.5056787
4.304166666666666,41.353928,-6.8018513,-2.930426,70.0,25.0,90.0,41.58288,-7.1442814,-2.6371012,70.96152,25.379192,89.09154,0.50568384
4.308333333333334,41.353928,-6.8018513,-2.930426,70.0,25.0,90.0,41.582874,-7.1442842,-2.637107,70.96152,25.379192,89.09154,0.5056807
4.3125,41.353928,-6.8018513,-2.930426,70.0,25.0,90.0,41.58288,-7.1442814,-2.6371021,70.96152,25.379192,89.09154,0.50568324
4.316666666666666,41.353928,-6.8018513,-2.930426,70.0,25.0,90.0,41.582874,-7.1442814,-2.637103,70.96152,25.379196,89.09154,0.505681
4.320833333333334,41.353928,-6.8018513,-2.930426,70.0,25.0,90.0,41.582874,-7.1442804,-2.637103,70.96152,25.379192,89.09154,0.5056803
4.325,41.353928,-6.8018513,-2.930426,70.0,25.0,90.0,41.582874,-7.1442814,-2.6371021,70.96152,25.379189,89.09154,0.5056815
4.329166666666667,41.353928,-6.8018513,-2.930426,70.0,25.0,90.0,41.582874,-7.1442814,-2.637104,70.96152,25.379192,89.09154,0.5056804
4.333333333333333,41.353928,-6.8018513,-2.930426,70.0,25.0,90.0,41.582874,-7.1442804,-2.637105,70.96152,25.379192,89.09154,0.5056792
4.3375,41.353928,-6.8018513,-2.930426,70.0,25.0,90.0,41.58287,-7.1442804,-2.637103,70.96152,25.379192,89.09154,0.5056786
4.341666666666667,41.353928,-6.8018513,-2.930426,70.0,25.0,90.0,41.582874,-7.1442804,-2.637103,70.96152,25.379192,89.09154,0.5056803
4.345833333333333,41.353928,-6.8018513,-2.930426,70.0,25.0,90.0,41.582874,-7.1442804,-2.637103,70.96152,25.379192,89.09154,0.5056803
4.35,41.353928,-6.8018513,-2.930426,70.0,25.0,90.0,41.582874,-7.1442804,-2.637103,70.96152,25.379192,89.09154,0.5056803
4.354166666666667,41.353928,-6.8018513,-2.930426,70.0,25.0,90.0,41.582874,-7.1442804,-2.637103,70.96152,25.379192,89.09154,0.5056803
4.358333333333333,41.353928,-6.8018513,-2.930426,70.0,25.0,90.0,41.582874,-7.1442804,-2.637103,70.96152,25.379192,89.09154,0.5056803
4.3625,41.353928,-6.8018513,-2.930426,70.0,25.0,90.0,41.582874,-7.1442804,-2.637103,70.96152,25.379192,89.09154,0.5056803
4.366666666666666,41.353928,-6.8018513,-2.930426,70.0,25.0,90.0,41.582874,-7.1442804,-2.637103,70.96152,25.379192,89.09154,0.5056803
4.370833333333334,41.353928,-6.8018513,-2.930426,70.0,25.0,90.0,41.582874,-7.1442804,-2.637103,70.96152,25.379192,89.09154,0.5056803
4.375,41.353928,-6.8018513,-2.930426,70.0,25.0,90.0,41.582874,-7.1442804,-2.637103,70.96152,25.379192,89.09154,0.5056803
4.379166666666666,41.353928,-6.8018513,-2.930426,70.0,25.0,90.0,41.582874,-7.1442804,-2.637103,70.96152,25.379192,89.09154,0.5056803
4.383333333333334,41.353928,-6.8018513,-2.930426,70.0,25.0,90.0,41.582874,-7.1442804,-2.637103,70.96152,25.379192,89.09154,0.5056803
4.3875,41.353928,-6.8018513,-2.930426,70.0,25.0,90.0,41.582874,-7.1442804,-2.637103,70.96152,25.379192,89.09154,0.5056803
4.391666666666667,41.353928,-6.8018513,-2.930426,70.0,25.0,90.0,41.582874,-7.1442804,-2.637103,70.96152,25.379192,89.09154,0.5056803
4.395833333333333,41.353928,-6.8018513,-2.930426,70.0,25.0,90.0,41.582874,-7.1442804,-2.637103,70.96152,25.379192,89.09154,0.5056803
4.4,41.353928,-6.8018513,-2.930426,70.0,25.0,90.0,41.582874,-7.1442804,-2.637103,70.96152,25.379192,89.09154,0.5056803
4.404166666666667,41.353928,-6.8018513,-2.930426,70.0,25.0,90.0,41.582874,-7.1442804,-2.637103,70.96152,25.379192,89.09154,0.5056803
4.408333333333333,41.353928,-6.8018513,-2.930426,70.0,25.0,90.0,41.582874,-7.1442804,-2.637103,70.96152,25.379192,89.09154,0.5056803
4.4125,41.353928,-6.8018513,-2.930426,70.0,25.0,90.0,41.582874,-7.1442804,-2.637103,70.96152,25.379192,89.09154,0.5056803
4.416666666666667,41.353928,-6.8018513,-2.930426,70.0,25.0,90.0,41.582874,-7.1442804,-2.637103,70.96152,25.379192,89.09154,0.5056803
4.420833333333333,41.353928,-6.8018513,-2.930426,70.0,25.0,90.0,41.582874,-7.1442804,-2.637103,70.96152,25.379192,89.09154,0.5056803
4.425,41.353928,-6.8018513,-2.930426,70.0,25.0,90.0,41.582874,-7.1442804,-2.637103,70.96152,25.379192,89.09154,0.5056803
4.429166666666666,41.353928,-6.8018513,-2.930426,70.0,25.0,90.0,41.582874,-7.1442804,-2.637103,70.96152,25.379192,89.09154,0.5056803
4.433333333333334,41.353928,-6.8018513,-2.930426,70.0,25.0,90.0,41.582874,-7.1442804,-2.637103,70.96152,25.379192,89.09154,0.5056803
4.4375,41.353928,-6.8018513,-2.930426,70.0,25.0,90.0,41.582874,-7.1442804,-2.637103,70.96152,25.379192,89.09154,0.5056803
4.441666666666666,41.353928,-6.8018513,-2.930426,70.0,25.0,90.0,41.582874,-7.1442804,-2.637103,70.96152,25.379192,89.09154,0.5056803
4.445833333333334,41.353928,-6.8018513,-2.930426,70.0,25.0,90.0,41.582874,-7.1442804,-2.637103,70.96152,25.379192,89.09154,0.5056803
4.45,41.353928,-6.8018513,-2.930426,70.0,25.0,90.0,41.582874,-7.1442804,-2.637103,70.96152,25.379192,89.09154,0.5056803
4.454166666666667,41.353928,-6.8018513,-2.930426,70.0,25.0,90.0,41.582874,-7.1442804,-2.637103,70.96152,25.379192,89.09154,0.5056803
4.458333333333333,41.353928,-6.8018513,-2.930426,70.0,25.0,90.0,41.582874,-7.1442804,-2.637103,70.96152,25.379192,89.09154,0.5056803
4.4625,41.353928,-6.8018513,-2.930426,70.0,25.0,90.0,41.582874,-7.1442804,-2.637103,70.96152,25.379192,89.09154,0.5056803
4.466666666666667,41.353928,-6.8018513,-2.930426,70.0,25.0,90.0,41.582874,-7.1442804,-2.637103,70.96152,25.379192,89.09154,0.5056803
4.470833333333333,41.353928,-6.8018513,-2.930426,70.0,25.0,90.0,41.582874,-7.1442804,-2.637103,70.96152,25.379192,89.09154,0.5056803
4.475,41.353928,-6.8018513,-2.930426,70.0,25.0,90.0,41.582874,-7.1442804,-2.637103,70.96152,25.379192,89.09154,0.5056803
4.479166666666667,41.353928,-6.8018513,-2.930426,70.0,25.0,90.0,41.582874,-7.1442804,-2.637103,70.96152,25.379192,89.09154,0.5056803
4.483333333333333,41.353928,-6.8018513,-2.930426,70.0,25.0,90.0,41.582874,-7.1442804,-2.637103,70.96152,25.379192,89.09154,0.5056803
4.4875,41.353928,-6.8018513,-2.930426,70.0,25.0,90.0,41.582874,-7.1442804,-2.637103,70.96152,25.379192,89.09154,0.5056803
4.491666666666666,41.353928,-6.8018513,-2.930426,70.0,25.0,90.0,41.582874,-7.1442804,-2.637103,70.96152,25.379192,89.09154,0.5056803
4.495833333333334,41.353928,-6.8018513,-2.930426,70.0,25.0,90.0,41.582874,-7.1442804,-2.637104,70.96152,25.379189,89.09154,0.5056797
4.5,41.353928,-6.8018513,-2.930426,70.0,25.0,90.0,41.582874,-7.1442814,-2.637104,70.96152,25.379189,89.09154,0.5056804
4.504166666666666,41.353928,-6.8018513,-2.930426,70.0,25.0,90.0,41.582874,-7.1442833,-2.637103,70.96152,25.379189,89.09154,0.50568223
4.508333333333334,41.353928,-6.8018513,-2.930426,70.0,25.0,90.0,41.582874,-7.1442785,-2.637103,70.96152,25.379189,89.09154,0.505679
4.5125,41.353928,-6.8018513,-2.930426,70.0,25.0,90.0,41.582874,-7.1442785,-2.6371021,70.96152,25.379192,89.09154,0.5056796
4.516666666666667,41.353928,-6.8018513,-2.930426,70.0,25.0,90.0,41.58288,-7.1442804,-2.637104,70.96152,25.379192,89.09154,0.50568146
4.520833333333333,41.353928,-6.8018513,-2.930426,70.0,25.0,90.0,41.58288,-7.1442804,-2.637105,70.96151,25.379192,89.09154,0.505681
4.525,41.353928,-6.8018513,-2.930426,70.0,25.0,90.0,41.58288,-7.1442785,-2.637107,70.96151,25.379192,89.091545,0.50567853
4.529166666666667,41.353928,-6.8018513,-2.930426,70.0,25.0,90.0,41.58288,-7.1442785,-2.637104,70.96152,25.379189,89.091545,0.5056802
4.533333333333333,41.353928,-6.8018513,-2.930426,70.0,25.0,90.0,41.58288,-7.1442785,-2.637104,70.96151,25.379192,89.091545,0.5056802
4.5375,41.353928,-6.8018513,-2.930426,70.0,25.0,90.0,41.58288,-7.1442804,-2.637104,70.96151,25.379192,89.091545,0.50568146
4.541666666666667,41.353928,-6.8018513,-2.930426,70.0,25.0,90.0,41.58287,-7.1442804,-2.637105,70.96151,25.379192,89.091545,0.50567746
4.545833333333333,41.353928,-6.8018513,-2.930426,70.0,25.0,90.0,41.58288,-7.1442776,-2.637107,70.96151,25.379185,89.091545,0.5056779
4.55,41.353928,-6.8018513,-2.930426,70.0,25.0,90.0,41.582874,-7.1442776,-2.637105,70.96151,25.379189,89.09155,0.5056773
4.554166666666666,41.353928,-6.8018513,-2.930426,70.0,25.0,90.0,41.582874,-7.1442785,-2.637105,70.96151,25.379196,89.09155,0.50567794
4.558333333333334,41.353928,-6.8018513,-2.930426,70.0,25.0,90.0,41.58287,-7.1442776,-2.637103,70.96151,25.379185,89.091545,0.5056766
4.5625,41.353928,-6.8018513,-2.930426,70.0,25.0,90.0,41.582874,-7.1442776,-2.637103,70.96151,25.379185,89.091545,0.5056784
4.566666666666666,41.353928,-6.8018513,-2.930426,70.0,25.0,90.0,41.58287,-7.1442776,-2.637105,70.96152,25.379192,89.091545,0.50567555
4.570833333333334,41.353928,-6.8018513,-2.930426,70.0,25.0,90.0,41.58287,-7.1442804,-2.637104,70.96152,25.379192,89.09155,0.50567806
4.575,41.353928,-6.8018513,-2.930426,70.0,25.0,90.0,41.58287,-7.1442785,-2.637107,70.96152,25.379192,89.091545,0.5056751
4.579166666666667,41.353928,-6.8018513,-2.930426,70.0,25.0,90.0,41.582867,-7.1442785,-2.637104,70.96152,25.379189,89.09155,0.505675
4.583333333333333,41.353928,-6.8018513,-2.930426,70.0,25.0,90.0,41.58287,-7.1442814,-2.637104,70.96152,25.379189,89.091545,0.50567865
4.5875,41.353928,-6.8018513,-2.930426,70.0,25.0,90.0,41.58287,-7.1442814,-2.637104,70.96152,25.379192,89.091545,0.50567865
4.591666666666667,41.353928,-6.8018513,-2.930426,70.0,25.0,90.0,41.582867,-7.1442804,-2.637107,70.96152,25.379189,89.091545,0.50567466
4.595833333333333,41.353928,-6.8018513,-2.930426,70.0,25.0,90.0,41.582863,-7.1442776,-2.6371021,70.96152,25.379192,89.09155,0.50567377
4.6,41.353928,-6.8018513,-2.930426,70.0,25.0,90.0,41.582867,-7.1442776,-2.637103,70.96152,25.379189,89.09155,0.5056749
4.604166666666667,41.353928,-6.8018513,-2.930426,70.0,25.0,90.0,41.58287,-7.1442776,-2.637103,70.96152,25.379192,89.09155,0.5056766
4.608333333333333,41.353928,-6.8018513,-2.930426,70.0,25.0,90.0,41.582867,-7.1442785,-2.6371012,70.96152,25.379189,89.09155,0.5056767
4.6125,41.353928,-6.8018513,-2.930426,70.0,25.0,90.0,41.582867,-7.1442776,-2.6371021,70.96152,25.379192,89.09155,0.5056755
4.616666666666666,41.353928,-6.8018513,-2.930426,70.0,25.0,90.0,41.582867,-7.1442785,-2.637103,70.96152,25.379189,89.09155,0.50567555
4.620833333333334,41.353928,-6.8018513,-2.930426,70.0,25.0,90.0,41.582867,-7.1442785,-2.637103,70.96152,25.379189,89.09155,0.50567555
4.625,41.353928,-6.8018513,-2.930426,70.0,25.0,90.0,41.582867,-7.1442785,-2.637107,70.96152,25.379192,89.09155,0.50567335
4.629166666666666,41.353928,-6.8018513,-2.930426,70.0,25.0,90.0,41.582867,-7.1442776,-2.6371021,70.96152,25.379192,89.09155,0.5056755
4.633333333333334,41.353928,-6.8018513,-2.930426,70.0,25.0,90.0,41.582863,-7.1442785,-2.637105,70.961525,25.379196,89.091545,0.50567275
4.6375,41.353928,-6.8018513,-2.930426,70.0,25.0,90.0,41.582867,-7.1442785,-2.6371021,70.96152,25.3792,89.09155,0.5056761
4.641666666666667,41.353928,-6.8018513,-2.930426,70.0,25.0,90.0,41.582863,-7.1442785,-2.6371002,70.96152,25.379192,89.09155,0.5056755
4.645833333333333,41.353928,-6.8018513,-2.930426,70.0,25.0,90.0,41.582867,-7.1442785,-2.637105,70.96152,25.379192,89.091545,0.5056745
4.65,41.353928,-6.8018513,-2.930426,70.0,25.0,90.0,41.582867,-7.1442804,-2.6371002,70.96152,25.379196,89.091545,0.50567853
4.654166666666667,41.353928,-6.8018513,-2.930426,70.0,25.0,90.0,41.582867,-7.1442785,-2.637104,70.96152,25.3792,89.091545,0.505675
4.658333333333333,41.353928,-6.8018513,-2.930426,70.0,25.0,90.0,41.58287,-7.1442804,-2.6371021,70.96152,25.379196,89.091545,0.50567913
4.6625,41.353928,-6.8018513,-2.930426,70.0,25.0,90.0,41.58287,-7.1442785,-2.637107,70.961525,25.379192,89.091545,0.5056751
4.666666666666667,41.353928,-6.8018513,-2.930426,70.0,25.0,90.0,41.58287,-7.1442804,-2.637103,70.96152,25.379196,89.09154,0.5056786
4.670833333333333,41.353928,-6.8018513,-2.930426,70.0,25.0,90.0,41.58287,-7.1442833,-2.6371021,70.961525,25.3792,89.09154,0.5056811
4.675,41.353928,-6.8018513,-2.930426,70.0,25.0,90.0,41.582874,-7.1442814,-2.6371021,70.96152,25.3792,89.09153,0.5056815
4.679166666666666,41.353928,-6.8018513,-2.930426,70.0,25.0,90.0,41.582874,-7.1442814,-2.6371012,70.96152,25.3792,89.09154,0.50568205
4.683333333333334,41.353928,-6.8018513,-2.930426,70.0,25.0,90.0,41.58287,-7.1442842,-2.637105,70.96152,25.379196,89.09154,0.5056801
4.6875,41.353928,-6.8018513,-2.930426,70.0,25.0,90.0,41.582874,-7.1442842,-2.6371021,70.96152,25.379189,89.09154,0.5056835
4.691666666666666,41.353928,-6.8018513,-2.930426,70.0,25.0,90.0,41.582874,-7.1442833,-2.637104,70.96152,25.379192,89.09154,0.5056817
4.695833333333334,41.353928,-6.8018513,-2.930426,70.0,25.0,90.0,41.58288,-7.1442814,-2.637107,70.96152,25.379196,89.09154,0.5056805
4.7,41.353928,-6.8018513,-2.930426,70.0,25.0,90.0,41.58288,-7.1442814,-2.6371012,70.96152,25.379192,89.09154,0.50568384
4.704166666666667,41.353928,-6.8018513,-2.930426,70.0,25.0,90.0,41.58288,-7.1442833,-2.637104,70.961525,25.379192,89.09154,0.5056834
4.708333333333333,41.353928,-6.8018513,-2.930426,70.0,25.0,90.0,41.582874,-7.1442814,-2.6371012,70.96152,25.379196,89.09154,0.50568205
4.7125,41.353928,-6.8018513,-2.930426,70.0,25.0,90.0,41.582874,-7.1442814,-2.6371021,70.96152,25.379189,89.09154,0.5056815
4.716666666666667,41.353928,-6.8018513,-2.930426,70.0,25.0,90.0,41.58288,-7.1442804,-2.6371021,70.96152,25.379189,89.09154,0.5056826
4.720833333333333,41.353928,-6.8018513,-2.930426,70.0,25.0,90.0,41.58288,-7.1442814,-2.637104,70.96151,25.379185,89.09154,0.5056821
4.725,41.353928,-6.8018513,-2.930426,70.0,25.0,90.0,41.58288,-7.1442804,-2.637103,70.96152,25.379189,89.09154,0.50568205
4.729166666666667,41.353928,-6.8018513,-2.930426,70.0,25.0,90.0,41.582874,-7.1442804,-2.637104,70.96151,25.379189,89.09154,0.5056797
4.733333333333333,41.353928,-6.8018513,-2.930426,70.0,25.0,90.0,41.582874,-7.1442804,-2.637103,70.96151,25.379192,89.09154,0.5056803
4.7375,41.353928,-6.8018513,-2.930426,70.0,25.0,90.0,41.582874,-7.1442804,-2.637103,70.96151,25.379192,89.09154,0.5056803
4.741666666666666,41.353928,-6.8018513,-2.930426,70.0,25.0,90.0,41.582874,-7.1442804,-2.637103,70.96151,25.379192,89.09154,0.5056803
4.745833333333334,41.353928,-6.8018513,-2.930426,70.0,25.0,90.0,41.582874,-7.1442804,-2.637103,70.96151,25.379192,89.09154,0.5056803
4.75,41.353928,-6.8018513,-2.930426,70.0,25.0,90.0,41.582478,-7.1355867,-2.6441936,70.95784,25.39943,89.08953,0.4955233
4.754166666666666,41.353928,-6.8018513,-2.930426,70.0,25.0,90.0,41.56949,-7.14079,-2.6824722,70.88406,25.39632,89.10105,0.4720455
4.758333333333334,41.353928,-6.8018513,-2.930426,70.0,25.0,90.0,41.53273,-7.15991,-2.7424755,70.710785,25.30769,89.17014,0.44215593
4.7625,41.353928,-6.8018513,-2.930426,70.0,25.0,90.0,41.462074,-7.3026686,-2.7928686,70.42516,25.075356,89.26245,0.5305051
4.766666666666667,41.353928,-6.8018513,-2.930426,70.0,25.0,90.0,41.350613,-7.3317146,-2.604724,70.448715,24.765404,89.49635,0.621971
4.770833333333333,41.353928,-6.8018513,-2.930426,70.0,25.0,90.0,41.262264,-7.425007,-2.5798588,70.411064,24.690151,89.36122,0.7208483
4.775,41.353928,-6.8018513,-2.930426,70.0,25.0,90.0,41.03324,-6.8783894,-2.0866623,70.46061,25.224308,89.71043,0.905889
4.779166666666667,41.353928,-6.8018513,-2.930426,70.0,25.0,90.0,40.26729,-6.64995,-2.0251093,70.439156,24.420929,90.679756,1.4224828
4.783333333333333,41.353928,-6.8018513,-2.930426,70.0,25.0,90.0,39.881523,-6.53267,-2.1010227,70.493706,24.383656,91.28334,1.7112402
4.7875,41.353928,-6.8018513,-2.930426,70.0,25.0,90.0,40.017418,-5.500005,-0.47197247,72.44568,29.160084,91.27532,3.0862687
4.791666666666667,41.353928,-6.8018513,-2.930426,70.0,25.0,90.0,39.752098,-6.350587,-1.2481337,72.40631,28.399971,91.02475,2.3663483
4.795833333333333,41.353928,-6.8018513,-2.930426,70.0,25.0,90.0,40.340332,-6.7742777,-2.8457394,71.450584,25.32119,91.725655,1.0175009
