time_s,true_wrist_X_cm,true_wrist_Y_cm,true_wrist_Z_cm,true_shoulder_elv_deg,true_shoulder_rot_deg,true_elbow_flexion_deg,pred_wrist_X_cm,pred_wrist_Y_cm,pred_wrist_Z_cm,pred_shoulder_elv_deg,pred_shoulder_rot_deg,pred_elbow_flexion_deg,l2_distance_cm
0.0,41.353928,-6.8018513,-2.930426,70.0,25.0,90.0,41.178886,-7.8620167,-0.61143017,71.072945,24.050526,91.51747,2.5558426
0.004166666666666667,41.353928,-6.8018513,-2.930426,70.0,25.0,90.0,41.515427,-8.226519,-1.167098,70.48709,23.887962,91.23078,2.2726822
0.008333333333333333,41.353928,-6.8018513,-2.930426,70.0,25.0,90.0,41.761353,-8.212518,-1.9326925,69.63223,24.072174,91.20423,1.7752315
0.0125,41.353928,-6.8018513,-2.930426,70.0,25.0,90.0,41.333473,-7.4738197,-2.5651217,71.11712,25.549183,90.147255,0.7651191
0.016666666666666666,41.353928,-6.8018513,-2.930426,70.0,25.0,90.0,41.163498,-6.7178745,-2.197175,72.18845,27.131462,88.94332,0.7622155
0.020833333333333332,41.353928,-6.8018513,-2.930426,70.0,25.0,90.0,40.707306,-7.227558,-3.4144168,70.200005,26.69709,88.70741,0.9130132
0.025,41.353928,-6.8018513,-2.930426,70.0,25.0,90.0,41.27052,-7.9346247,-3.0465832,70.03528,24.794712,89.04828,1.1417639
0.029166666666666667,41.353928,-6.8018513,-2.930426,70.0,25.0,90.0,41.36965,-7.613865,-2.83389,70.4931,25.185032,89.09579,0.81788296
0.03333333333333333,41.353928,-6.8018513,-2.930426,70.0,25.0,90.0,41.47747,-7.3936768,-2.7218714,70.70824,25.383514,89.06035,0.63954294
0.0375,41.353928,-6.8018513,-2.930426,70.0,25.0,90.0,41.530716,-7.297102,-2.645728,70.88683,25.36195,89.02626,0.5979801
0.041666666666666664,41.353928,-6.8018513,-2.930426,70.0,25.0,90.0,41.573853,-7.210059,-2.6328707,70.94033,25.396305,89.05298,0.55094445
0.04583333333333333,41.353928,-6.8018513,-2.930426,70.0,25.0,90.0,41.590385,-7.1567383,-2.6475782,70.922646,25.377728,89.06886,0.5117225
0.05,41.353928,-6.8018513,-2.930426,70.0,25.0,90.0,41.582893,-7.1443043,-2.6371164,70.96152,25.379185,89.09149,0.5056973
0.05416666666666667,41.353928,-6.8018513,-2.930426,70.0,25.0,90.0,41.582893,-7.1443043,-2.6371164,70.96152,25.379185,89.09149,0.5056973
0.058333333333333334,41.353928,-6.8018513,-2.930426,70.0,25.0,90.0,41.582893,-7.1443043,-2.6371164,70.96152,25.379185,89.09149,0.5056973
0.0625,41.353928,-6.8018513,-2.930426,70.0,25.0,90.0,41.582893,-7.1443043,-2.6371164,70.96152,25.379185,89.09149,0.5056973
0.06666666666666667,41.353928,-6.8018513,-2.930426,70.0,25.0,90.0,41.582893,-7.1443043,-2.6371164,70.96151,25.37918,89.09149,0.5056973
0.07083333333333333,41.353928,-6.8018513,-2.930426,70.0,25.0,90.0,41.582893,-7.1443014,-2.6371164,70.96152,25.379185,89.09149,0.5056954
0.075,41.353928,-6.8018513,-2.930426,70.0,25.0,90.0,41.582893,-7.1443005,-2.6371155,70.96152,25.379185,89.09149,0.50569534
0.07916666666666666,41.353928,-6.8018513,-2.930426,70.0,25.0,90.0,41.58289,-7.1443005,-2.6371164,70.96151,25.379189,89.09149,0.505693
0.08333333333333333,41.353928,-6.8018513,-2.930426,70.0,25.0,90.0,41.582893,-7.1443014,-2.6371174,70.96152,25.379185,89.09149,0.50569487
0.0875,41.353928,-6.8018513,-2.930426,70.0,25.0,90.0,41.582893,-7.1443005,-2.6371136,70.96151,25.379185,89.09149,0.5056964
0.09166666666666666,41.353928,-6.8018513,-2.930426,70.0,25.0,90.0,41.582893,-7.1442976,-2.6371193,70.96151,25.379185,89.09149,0.5056912
0.09583333333333334,41.353928,-6.8018513,-2.930426,70.0,25.0,90.0,41.582893,-7.1442986,-2.6371155,70.96151,25.37918,89.09149,0.50569403
0.1,41.353928,-6.8018513,-2.930426,70.0,25.0,90.0,41.582893,-7.1443005,-2.6371202,70.96151,25.379189,89.0915,0.50569254
0.10416666666666667,41.353928,-6.8018513,-2.930426,70.0,25.0,90.0,41.582897,-7.1442986,-2.6371193,70.96151,25.37918,89.0915,0.50569355
0.10833333333333334,41.353928,-6.8018513,-2.930426,70.0,25.0,90.0,41.582893,-7.1442957,-2.6371174,70.96151,25.37918,89.0915,0.505691
0.1125,41.353928,-6.8018513,-2.930426,70.0,25.0,90.0,41.582893,-7.1442976,-2.6371193,70.96151,25.379189,89.0915,0.5056912
0.11666666666666667,41.353928,-6.8018513,-2.930426,70.0,25.0,90.0,41.582893,-7.1442986,-2.6371193,70.96151,25.379189,89.0915,0.5056918
0.12083333333333333,41.353928,-6.8018513,-2.930426,70.0,25.0,90.0,41.582893,-7.1442986,-2.6371155,70.96151,25.379189,89.0915,0.50569403
0.125,41.353928,-6.8018513,-2.930426,70.0,25.0,90.0,41.582893,-7.1442976,-2.6371183,70.96151,25.379192,89.0915,0.5056917
0.12916666666666668,41.353928,-6.8018513,-2.930426,70.0,25.0,90.0,41.582893,-7.1442957,-2.6371183,70.96152,25.379189,89.0915,0.50569046
0.13333333333333333,41.353928,-6.8018513,-2.930426,70.0,25.0,90.0,41.582893,-7.1442957,-2.6371136,70.96152,25.379189,89.0915,0.5056932
0.1375,41.353928,-6.8018513,-2.930426,70.0,25.0,90.0,41.582893,-7.1442957,-2.6371136,70.96152,25.379185,89.09151,0.5056932
0.14166666666666666,41.353928,-6.8018513,-2.930426,70.0,25.0,90.0,41.582893,-7.1442986,-2.6371164,70.96152,25.379189,89.0915,0.5056935
0.14583333333333334,41.353928,-6.8018513,-2.930426,70.0,25.0,90.0,41.58289,-7.1442976,-2.6371164,70.96151,25.379185,89.0915,0.5056911
0.15,41.353928,-6.8018513,-2.930426,70.0,25.0,90.0,41.58289,-7.1443014,-2.6371117,70.96152,25.379189,89.0915,0.5056965
0.15416666666666667,41.353928,-6.8018513,-2.930426,70.0,25.0,90.0,41.58289,-7.1443005,-2.6371164,70.96152,25.379185,89.0915,0.505693
0.15833333333333333,41.353928,-6.8018513,-2.930426,70.0,25.0,90.0,41.58289,-7.1443005,-2.6371164,70.96152,25.37918,89.0915,0.505693
0.1625,41.353928,-6.8018513,-2.930426,70.0,25.0,90.0,41.582893,-7.1442986,-2.6371136,70.96152,25.37918,89.0915,0.50569516
0.16666666666666666,41.353928,-6.8018513,-2.930426,70.0,25.0,90.0,41.582886,-7.1442986,-2.6371126,70.96152,25.37918,89.0915,0.50569224
0.17083333333333334,41.353928,-6.8018513,-2.930426,70.0,25.0,90.0,41.582886,-7.1442986,-2.6371136,70.96151,25.37918,89.0915,0.50569165
0.175,41.353928,-6.8018513,-2.930426,70.0,25.0,90.0,41.582886,-7.1442986,-2.6371136,70.96152,25.379185,89.0915,0.50569165
0.17916666666666667,41.353928,-6.8018513,-2.930426,70.0,25.0,90.0,41.582886,-7.1443005,-2.6371136,70.96152,25.379185,89.0915,0.50569296
0.18333333333333332,41.353928,-6.8018513,-2.930426,70.0,25.0,90.0,41.582886,-7.1442986,-2.6371136,70.96151,25.379189,89.0915,0.50569165
0.1875,41.353928,-6.8018513,-2.930426,70.0,25.0,90.0,41.582886,-7.1442986,-2.6371136,70.96152,25.379185,89.0915,0.50569165
0.19166666666666668,41.353928,-6.8018513,-2.930426,70.0,25.0,90.0,41.582886,-7.1442986,-2.6371126,70.96152,25.37918,89.0915,0.50569224
0.19583333333333333,41.353928,-6.8018513,-2.930426,70.0,25.0,90.0,41.58289,-7.1442986,-2.6371136,70.96152,25.379185,89.0915,0.50569344
0.2,41.353928,-6.8018513,-2.930426,70.0,25.0,90.0,41.582886,-7.1442986,-2.6371164,70.96152,25.379185,89.0915,0.50569004
0.20416666666666666,41.353928,-6.8018513,-2.930426,70.0,25.0,90.0,41.582886,-7.1443005,-2.6371155,70.96152,25.379185,89.0915,0.5056918
0.20833333333333334,41.353928,-6.8018513,-2.930426,70.0,25.0,90.0,41.58289,-7.1442976,-2.6371117,70.96152,25.379189,89.0915,0.50569385
0.2125,41.353928,-6.8018513,-2.930426,70.0,25.0,90.0,41.582886,-7.1442986,-2.6371164,70.96152,25.379185,89.0915,0.50569004
0.21666666666666667,41.353928,-6.8018513,-2.930426,70.0,25.0,90.0,41.58289,-7.1443005,-2.6371126,70.96152,25.379185,89.0915,0.5056953
0.22083333333333333,41.353928,-6.8018513,-2.930426,70.0,25.0,90.0,41.58289,-7.1443005,-2.6371117,70.96152,25.379192,89.0915,0.5056958
0.225,41.353928,-6.8018513,-2.930426,70.0,25.0,90.0,41.582893,-7.1442986,-2.6371117,70.96151,25.379189,89.0915,0.50569624
0.22916666666666666,41.353928,-6.8018513,-2.930426,70.0,25.0,90.0,41.582893,-7.1443014,-2.6371126,70.96152,25.37918,89.0915,0.5056976
0.23333333333333334,41.353928,-6.8018513,-2.930426,70.0,25.0,90.0,41.582893,-7.1442986,-2.6371155,70.96152,25.379189,89.09149,0.50569403
0.2375,41.353928,-6.8018513,-2.930426,70.0,25.0,90.0,41.58289,-7.1442976,-2.6371107,70.96152,25.379185,89.09149,0.5056944
0.24166666666666667,41.353928,-6.8018513,-2.930426,70.0,25.0,90.0,41.58289,-7.1442976,-2.6371098,70.96152,25.379192,89.09149,0.505695
0.24583333333333332,41.353928,-6.8018513,-2.930426,70.0,25.0,90.0,41.582893,-7.1442957,-2.6371126,70.96151,25.379189,89.09149,0.50569373
0.25,41.353928,-6.8018513,-2.930426,70.0,25.0,90.0,41.582893,-7.1442986,-2.6371193,70.96152,25.379189,89.091484,0.5056918
0.25416666666666665,41.353928,-6.8018513,-2.930426,70.0,25.0,90.0,41.58289,-7.1443014,-2.6371183,70.96152,25.379189,89.091484,0.5056926
0.25833333333333336,41.353928,-6.8018513,-2.930426,70.0,25.0,90.0,41.58289,-7.1442986,-2.6371164,70.96151,25.379185,89.091484,0.5056917
0.2625,41.353928,-6.8018513,-2.930426,70.0,25.0,90.0,41.582893,-7.1442976,-2.6371164,70.96152,25.379192,89.091484,0.50569284
0.26666666666666666,41.353928,-6.8018513,-2.930426,70.0,25.0,90.0,41.58289,-7.1442976,-2.6371183,70.96152,25.379192,89.09149,0.50569
0.2708333333333333,41.353928,-6.8018513,-2.930426,70.0,25.0,90.0,41.58289,-7.1443014,-2.6371155,70.96152,25.379189,89.09149,0.50569427
0.275,41.353928,-6.8018513,-2.930426,70.0,25.0,90.0,41.582893,-7.1443014,-2.6371155,70.96152,25.379189,89.09149,0.505696
0.2791666666666667,41.353928,-6.8018513,-2.930426,70.0,25.0,90.0,41.582893,-7.1442986,-2.6371155,70.96152,25.379185,89.09149,0.50569403
0.2833333333333333,41.353928,-6.8018513,-2.930426,70.0,25.0,90.0,41.58289,-7.1443005,-2.6371155,70.96152,25.379185,89.09149,0.5056936
0.2875,41.353928,-6.8018513,-2.930426,70.0,25.0,90.0,41.58289,-7.1443005,-2.6371155,70.96152,25.379189,89.09149,0.5056936
0.2916666666666667,41.353928,-6.8018513,-2.930426,70.0,25.0,90.0,41.582893,-7.1442986,-2.6371126,70.96152,25.379189,89.09149,0.5056957
0.29583333333333334,41.353928,-6.8018513,-2.930426,70.0,25.0,90.0,41.58289,-7.1442986,-2.6371126,70.96152,25.379189,89.09149,0.505694
0.3,41.353928,-6.8018513,-2.930426,70.0,25.0,90.0,41.58289,-7.1442986,-2.6371126,70.96151,25.379189,89.09149,0.505694
0.30416666666666664,41.353928,-6.8018513,-2.930426,70.0,25.0,90.0,41.582893,-7.1442986,-2.6371136,70.96152,25.379189,89.09149,0.50569516
0.30833333333333335,41.353928,-6.8018513,-2.930426,70.0,25.0,90.0,41.582893,-7.1442986,-2.6371136,70.96151,25.379189,89.09149,0.50569516
0.3125,41.353928,-6.8018513,-2.930426,70.0,25.0,90.0,41.582893,-7.1442986,-2.6371136,70.96151,25.379189,89.09149,0.50569516
0.31666666666666665,41.353928,-6.8018513,-2.930426,70.0,25.0,90.0,41.582893,-7.1442986,-2.6371136,70.96151,25.379189,89.09149,0.50569516
0.32083333333333336,41.353928,-6.8018513,-2.930426,70.0,25.0,90.0,41.582893,-7.1442986,-2.6371136,70.96151,25.379189,89.09149,0.50569516
0.325,41.353928,-6.8018513,-2.930426,70.0,25.0,90.0,41.582893,-7.1442986,-2.6371136,70.96151,25.379189,89.09149,0.50569516
0.32916666666666666,41.353928,-6.8018513,-2.930426,70.0,25.0,90.0,41.582893,-7.1442986,-2.6371136,70.96151,25.379189,89.09149,0.50569516
0.3333333333333333,41.353928,-6.8018513,-2.930426,70.0,25.0,90.0,41.582893,-7.1442986,-2.6371136,70.96151,25.379189,89.09149,0.50569516
0.3375,41.353928,-6.8018513,-2.930426,70.0,25.0,90.0,41.582893,-7.1442986,-2.6371136,70.96151,25.379189,89.09149,0.50569516
0.3416666666666667,41.353928,-6.8018513,-2.930426,70.0,25.0,90.0,41.582893,-7.1442986,-2.6371136,70.96151,25.379189,89.09149,0.50569516
0.3458333333333333,41.353928,-6.8018513,-2.930426,70.0,25.0,90.0,41.582893,-7.1442986,-2.6371136,70.96151,25.379189,89.09149,0.50569516
0.35,41.353928,-6.8018513,-2.930426,70.0,25.0,90.0,41.582893,-7.1442986,-2.6371136,70.96151,25.379189,89.09149,0.50569516
0.3541666666666667,41.353928,-6.8018513,-2.930426,70.0,25.0,90.0,41.582893,-7.1442986,-2.6371136,70.96151,25.379189,89.09149,0.50569516
0.35833333333333334,41.353928,-6.8018513,-2.930426,70.0,25.0,90.0,41.582893,-7.1442986,-2.6371136,70.96151,25.379189,89.09149,0.50569516
0.3625,41.353928,-6.8018513,-2.930426,70.0,25.0,90.0,41.582893,-7.1442986,-2.6371136,70.96151,25.379189,89.09149,0.50569516
0.36666666666666664,41.353928,-6.8018513,-2.930426,70.0,25.0,90.0,41.582893,-7.1442986,-2.6371136,70.96151,25.379189,89.09149,0.50569516
0.37083333333333335,41.353928,-6.8018513,-2.930426,70.0,25.0,90.0,41.582893,-7.1442986,-2.6371136,70.96151,25.379189,89.09149,0.50569516
0.375,41.353928,-6.8018513,-2.930426,70.0,25.0,90.0,41.582893,-7.1442986,-2.6371136,70.96151,25.379189,89.09149,0.50569516
0.37916666666666665,41.353928,-6.8018513,-2.930426,70.0,25.0,90.0,41.582893,-7.1442986,-2.6371136,70.96151,25.379189,89.09149,0.50569516
0.38333333333333336,41.353928,-6.8018513,-2.930426,70.0,25.0,90.0,41.582893,-7.1442986,-2.6371136,70.96151,25.379189,89.09149,0.50569516
0.3875,41.353928,-6.8018513,-2.930426,70.0,25.0,90.0,41.582893,-7.1442986,-2.6371136,70.96151,25.379189,89.09149,0.50569516
0.39166666666666666,41.353928,-6.8018513,-2.930426,70.0,25.0,90.0,41.582893,-7.1442986,-2.6371136,70.96151,25.379189,89.09149,0.50569516
0.3958333333333333,41.353928,-6.8018513,-2.930426,70.0,25.0,90.0,41.582893,-7.1442986,-2.6371136,70.96151,25.379189,89.09149,0.50569516
0.4,41.353928,-6.8018513,-2.930426,70.0,25.0,90.0,41.582893,-7.1442986,-2.6371136,70.96151,25.379189,89.09149,0.50569516
0.4041666666666667,41.353928,-6.8018513,-2.930426,70.0,25.0,90.0,41.582893,-7.1442986,-2.6371136,70.96151,25.379189,89.09149,0.50569516
0.4083333333333333,41.353928,-6.8018513,-2.930426,70.0,25.0,90.0,41.582893,-7.1442986,-2.6371136,70.96151,25.379189,89.09149,0.50569516
0.4125,41.353928,-6.8018513,-2.930426,70.0,25.0,90.0,41.582893,-7.1442986,-2.6371136,70.96151,25.379189,89.09149,0.50569516
0.4166666666666667,41.353928,-6.8018513,-2.930426,70.0,25.0,90.0,41.582893,-7.1442986,-2.6371136,70.96151,25.379189,89.09149,0.50569516
0.42083333333333334,41.353928,-6.8018513,-2.930426,70.0,25.0,90.0,41.582893,-7.1442986,-2.6371136,70.96151,25.379189,89.09149,0.50569516
0.425,41.353928,-6.8018513,-2.930426,70.0,25.0,90.0,41.582893,-7.1442986,-2.6371136,70.96151,25.379189,89.09149,0.50569516
0.42916666666666664,41.353928,-6.8018513,-2.930426,70.0,25.0,90.0,41.582893,-7.1442986,-2.6371136,70.96151,25.379189,89.09149,0.50569516
0.43333333333333335,41.353928,-6.8018513,-2.930426,70.0,25.0,90.0,41.582893,-7.1442986,-2.6371136,70.96151,25.379189,89.09149,0.50569516
0.4375,41.353928,-6.8018513,-2.930426,70.0,25.0,90.0,41.582893,-7.1442986,-2.6371136,70.96151,25.379189,89.09149,0.50569516
0.44166666666666665,41.353928,-6.8018513,-2.930426,70.0,25.0,90.0,41.582893,-7.1442986,-2.6371136,70.96151,25.379189,89.09149,0.50569516
0.44583333333333336,41.353928,-6.8018513,-2.930426,70.0,25.0,90.0,41.582893,-7.1442986,-2.6371136,70.96151,25.379189,89.09149,0.50569516
0.45,41.353928,-6.8018513,-2.930426,70.0,25.0,90.0,41.582893,-7.1442986,-2.6371136,70.96151,25.379189,89.09149,0.50569516
0.45416666666666666,41.353928,-6.8018513,-2.930426,70.0,25.0,90.0,41.582893,-7.1442986,-2.6371136,70.96151,25.379189,89.09149,0.50569516
0.4583333333333333,41.353928,-6.8018513,-2.930426,70.0,25.0,90.0,41.582893,-7.1442986,-2.6371136,70.96151,25.379189,89.09149,0.50569516
0.4625,41.353928,-6.8018513,-2.930426,70.0,25.0,90.0,41.582893,-7.1442986,-2.6371126,70.96151,25.379185,89.09149,0.5056957
0.4666666666666667,41.353928,-6.8018513,-2.930426,70.0,25.0,90.0,41.582893,-7.1442986,-2.6371164,70.96152,25.379189,89.09149,0.5056935
0.4708333333333333,41.353928,-6.8018513,-2.930426,70.0,25.0,90.0,41.582893,-7.1442986,-2.6371136,70.96152,25.379189,89.09149,0.50569516
0.475,41.353928,-6.8018513,-2.930426,70.0,25.0,90.0,41.582893,-7.1442976,-2.6371155,70.96152,25.379185,89.091484,0.5056934
0.4791666666666667,41.353928,-6.8018513,-2.930426,70.0,25.0,90.0,41.58289,-7.1442976,-2.6371164,70.96152,25.379189,89.09149,0.5056911
0.48333333333333334,41.353928,-6.8018513,-2.930426,70.0,25.0,90.0,41.58289,-7.1443014,-2.6371164,70.96151,25.379185,89.09149,0.5056937
0.4875,41.353928,-6.8018513,-2.930426,70.0,25.0,90.0,41.58289,-7.1442976,-2.6371183,70.96151,25.379185,89.09149,0.50569
0.49166666666666664,41.353928,-6.8018513,-2.930426,70.0,25.0,90.0,41.582893,-7.1443005,-2.6371155,70.96151,25.379185,89.09149,0.50569534
0.49583333333333335,41.353928,-6.8018513,-2.930426,70.0,25.0,90.0,41.582893,-7.1443005,-2.6371183,70.96151,25.379189,89.09149,0.5056937
0.5,41.353928,-6.8018513,-2.930426,70.0,25.0,90.0,41.582893,-7.1442986,-2.6371174,70.96151,25.379185,89.0915,0.5056929
0.5041666666666667,41.353928,-6.8018513,-2.930426,70.0,25.0,90.0,41.582893,-7.1442976,-2.6371164,70.96151,25.379189,89.0915,0.50569284
0.5083333333333333,41.353928,-6.8018513,-2.930426,70.0,25.0,90.0,41.582893,-7.1442976,-2.6371183,70.96151,25.379189,89.0915,0.5056917
0.5125,41.353928,-6.8018513,-2.930426,70.0,25.0,90.0,41.582893,-7.1442976,-2.6371183,70.96151,25.379185,89.0915,0.5056917
0.5166666666666667,41.353928,-6.8018513,-2.930426,70.0,25.0,90.0,41.582893,-7.1442976,-2.6371174,70.96152,25.379189,89.0915,0.50569224
0.5208333333333334,41.353928,-6.8018513,-2.930426,70.0,25.0,90.0,41.582886,-7.1442986,-2.6371174,70.96151,25.379189,89.0915,0.50568944
0.525,41.353928,-6.8018513,-2.930426,70.0,25.0,90.0,41.582893,-7.1442957,-2.6371164,70.96151,25.379192,89.0915,0.5056915
0.5291666666666667,41.353928,-6.8018513,-2.930426,70.0,25.0,90.0,41.582897,-7.1442976,-2.6371136,70.96152,25.379185,89.0915,0.50569624
0.5333333333333333,41.353928,-6.8018513,-2.930426,70.0,25.0,90.0,41.582893,-7.1442976,-2.6371174,70.96152,25.379185,89.0915,0.50569224
0.5375,41.353928,-6.8018513,-2.930426,70.0,25.0,90.0,41.58289,-7.1442976,-2.6371136,70.96152,25.379185,89.0915,0.5056928
0.5416666666666666,41.353928,-6.8018513,-2.930426,70.0,25.0,90.0,41.58289,-7.1442976,-2.6371126,70.96152,25.379192,89.0915,0.5056933
0.5458333333333333,41.353928,-6.8018513,-2.930426,70.0,25.0,90.0,41.58289,-7.1442957,-2.6371136,70.96152,25.379189,89.0915,0.50569147
0.55,41.353928,-6.8018513,-2.930426,70.0,25.0,90.0,41.58289,-7.1442976,-2.6371164,70.96152,25.379189,89.0915,0.5056911
0.5541666666666667,41.353928,-6.8018513,-2.930426,70.0,25.0,90.0,41.58289,-7.1442986,-2.6371136,70.96151,25.37918,89.0915,0.50569344
0.5583333333333333,41.353928,-6.8018513,-2.930426,70.0,25.0,90.0,41.58289,-7.1442986,-2.6371126,70.96152,25.379189,89.0915,0.505694
0.5625,41.353928,-6.8018513,-2.930426,70.0,25.0,90.0,41.582886,-7.1442986,-2.6371117,70.96152,25.379189,89.0915,0.5056928
0.5666666666666667,41.353928,-6.8018513,-2.930426,70.0,25.0,90.0,41.58289,-7.1443005,-2.6371136,70.96152,25.379185,89.0915,0.5056947
0.5708333333333333,41.353928,-6.8018513,-2.930426,70.0,25.0,90.0,41.582886,-7.1442986,-2.6371164,70.96152,25.379185,89.0915,0.50569004
0.575,41.353928,-6.8018513,-2.930426,70.0,25.0,90.0,41.582886,-7.1442986,-2.6371136,70.96152,25.379185,89.0915,0.50569165
0.5791666666666667,41.353928,-6.8018513,-2.930426,70.0,25.0,90.0,41.582886,-7.1442986,-2.6371136,70.96152,25.379185,89.0915,0.50569165
0.5833333333333334,41.353928,-6.8018513,-2.930426,70.0,25.0,90.0,41.582886,-7.1442986,-2.6371136,70.96152,25.379185,89.0915,0.50569165
0.5875,41.353928,-6.8018513,-2.930426,70.0,25.0,90.0,41.582886,-7.1442986,-2.6371136,70.96152,25.379185,89.0915,0.50569165
0.5916666666666667,41.353928,-6.8018513,-2.930426,70.0,25.0,90.0,41.58289,-7.1442986,-2.6371136,70.96152,25.379185,89.0915,0.50569344
0.5958333333333333,41.353928,-6.8018513,-2.930426,70.0,25.0,90.0,41.58289,-7.1442986,-2.6371155,70.96152,25.379185,89.0915,0.5056923
0.6,41.353928,-6.8018513,-2.930426,70.0,25.0,90.0,41.582886,-7.1442986,-2.6371136,70.96152,25.379185,89.0915,0.50569165
0.6041666666666666,41.353928,-6.8018513,-2.930426,70.0,25.0,90.0,41.58289,-7.1442986,-2.6371155,70.96152,25.379185,89.0915,0.5056923
0.6083333333333333,41.353928,-6.8018513,-2.930426,70.0,25.0,90.0,41.582886,-7.1442986,-2.6371136,70.96152,25.379185,89.0915,0.50569165
0.6125,41.353928,-6.8018513,-2.930426,70.0,25.0,90.0,41.58289,-7.1443005,-2.6371117,70.96152,25.379185,89.0915,0.5056958
0.6166666666666667,41.353928,-6.8018513,-2.930426,70.0,25.0,90.0,41.58289,-7.1443005,-2.6371126,70.96152,25.379189,89.0915,0.5056953
0.6208333333333333,41.353928,-6.8018513,-2.930426,70.0,25.0,90.0,41.582893,-7.1442986,-2.6371107,70.96151,25.379189,89.0915,0.50569683
0.625,41.353928,-6.8018513,-2.930426,70.0,25.0,90.0,41.58289,-7.1443005,-2.6371164,70.96152,25.379185,89.0915,0.505693
0.6291666666666667,41.353928,-6.8018513,-2.930426,70.0,25.0,90.0,41.58289,-7.1442986,-2.6371155,70.96152,25.379189,89.09149,0.5056923
0.6333333333333333,41.353928,-6.8018513,-2.930426,70.0,25.0,90.0,41.58289,-7.1442976,-2.6371107,70.96152,25.379185,89.09149,0.5056944
0.6375,41.353928,-6.8018513,-2.930426,70.0,25.0,90.0,41.58289,-7.1442976,-2.6371098,70.96152,25.379192,89.09149,0.505695
0.6416666666666667,41.353928,-6.8018513,-2.930426,70.0,25.0,90.0,41.582893,-7.1442957,-2.6371126,70.96151,25.379189,89.09149,0.50569373
0.6458333333333334,41.353928,-6.8018513,-2.930426,70.0,25.0,90.0,41.582893,-7.1442986,-2.6371193,70.96152,25.379189,89.091484,0.5056918
0.65,41.353928,-6.8018513,-2.930426,70.0,25.0,90.0,41.58289,-7.1443014,-2.6371183,70.96152,25.379189,89.091484,0.5056926
0.6541666666666667,41.353928,-6.8018513,-2.930426,70.0,25.0,90.0,41.58289,-7.1442986,-2.6371164,70.96151,25.379185,89.091484,0.5056917
0.6583333333333333,41.353928,-6.8018513,-2.930426,70.0,25.0,90.0,41.582893,-7.1442976,-2.6371164,70.96152,25.379192,89.091484,0.50569284
0.6625,41.353928,-6.8018513,-2.930426,70.0,25.0,90.0,41.58289,-7.1442976,-2.6371183,70.96152,25.379192,89.09149,0.50569
0.6666666666666666,41.353928,-6.8018513,-2.930426,70.0,25.0,90.0,41.58289,-7.1443014,-2.6371155,70.96152,25.379189,89.09149,0.50569427
0.6708333333333333,41.353928,-6.8018513,-2.930426,70.0,25.0,90.0,41.582893,-7.1443014,-2.6371155,70.96152,25.379189,89.09149,0.505696
0.675,41.353928,-6.8018513,-2.930426,70.0,25.0,90.0,41.582893,-7.1442986,-2.6371155,70.96152,25.379185,89.09149,0.50569403
0.6791666666666667,41.353928,-6.8018513,-2.930426,70.0,25.0,90.0,41.58289,-7.1443005,-2.6371155,70.96152,25.379185,89.09149,0.5056936
0.6833333333333333,41.353928,-6.8018513,-2.930426,70.0,25.0,90.0,41.58289,-7.1443005,-2.6371155,70.96152,25.379189,89.09149,0.5056936
0.6875,41.353928,-6.8018513,-2.930426,70.0,25.0,90.0,41.582893,-7.1442986,-2.6371126,70.96152,25.379189,89.09149,0.5056957
0.6916666666666667,41.353928,-6.8018513,-2.930426,70.0,25.0,90.0,41.58289,-7.1442986,-2.6371126,70.96152,25.379189,89.09149,0.505694
0.6958333333333333,41.353928,-6.8018513,-2.930426,70.0,25.0,90.0,41.58289,-7.1442986,-2.6371126,70.96151,25.379189,89.09149,0.505694
0.7,41.353928,-6.8018513,-2.930426,70.0,25.0,90.0,41.582893,-7.1442986,-2.6371136,70.96152,25.379189,89.09149,0.50569516
0.7041666666666667,41.353928,-6.8018513,-2.930426,70.0,25.0,90.0,41.582893,-7.1442986,-2.6371136,70.96151,25.379189,89.09149,0.50569516
0.7083333333333334,41.353928,-6.8018513,-2.930426,70.0,25.0,90.0,41.582893,-7.1442986,-2.6371136,70.96151,25.379189,89.09149,0.50569516
0.7125,41.353928,-6.8018513,-2.930426,70.0,25.0,90.0,41.582893,-7.1442986,-2.6371136,70.96151,25.379189,89.09149,0.50569516
0.7166666666666667,41.353928,-6.8018513,-2.930426,70.0,25.0,90.0,41.582893,-7.1442986,-2.6371136,70.96151,25.379189,89.09149,0.50569516
0.7208333333333333,41.353928,-6.8018513,-2.930426,70.0,25.0,90.0,41.582893,-7.1442986,-2.6371136,70.96151,25.379189,89.09149,0.50569516
0.725,41.353928,-6.8018513,-2.930426,70.0,25.0,90.0,41.582893,-7.1442986,-2.6371136,70.96151,25.379189,89.09149,0.50569516
0.7291666666666666,41.353928,-6.8018513,-2.930426,70.0,25.0,90.0,41.582893,-7.1442986,-2.6371136,70.96151,25.379189,89.09149,0.50569516
0.7333333333333333,41.353928,-6.8018513,-2.930426,70.0,25.0,90.0,41.582893,-7.1442986,-2.6371136,70.96151,25.379189,89.09149,0.50569516
0.7375,41.353928,-6.8018513,-2.930426,70.0,25.0,90.0,41.582893,-7.1442986,-2.6371136,70.96151,25.379189,89.09149,0.50569516
0.7416666666666667,41.353928,-6.8018513,-2.930426,70.0,25.0,90.0,41.582893,-7.1442986,-2.6371136,70.96151,25.379189,89.09149,0.50569516
0.7458333333333333,41.353928,-6.8018513,-2.930426,70.0,25.0,90.0,41.582893,-7.1442986,-2.6371136,70.96151,25.379189,89.09149,0.50569516
0.75,41.353928,-6.8018513,-2.930426,70.0,25.0,90.0,41.582893,-7.1442986,-2.6371136,70.96151,25.379189,89.09149,0.50569516
0.7541666666666667,41.353928,-6.8018513,-2.930426,70.0,25.0,90.0,41.582893,-7.1442986,-2.6371136,70.96151,25.379189,89.09149,0.50569516
0.7583333333333333,41.353928,-6.8018513,-2.930426,70.0,25.0,90.0,41.582893,-7.1442986,-2.6371136,70.96151,25.379189,89.09149,0.50569516
0.7625,41.353928,-6.8018513,-2.930426,70.0,25.0,90.0,41.582893,-7.1442986,-2.6371136,70.96151,25.379189,89.09149,0.50569516
0.7666666666666667,41.353928,-6.8018513,-2.930426,70.0,25.0,90.0,41.582893,-7.1442986,-2.6371136,70.96151,25.379189,89.09149,0.50569516
0.7708333333333334,41.353928,-6.8018513,-2.930426,70.0,25.0,90.0,41.582893,-7.1442986,-2.6371136,70.96151,25.379189,89.09149,0.50569516
0.775,41.353928,-6.8018513,-2.930426,70.0,25.0,90.0,41.582893,-7.1442986,-2.6371136,70.96151,25.379189,89.09149,0.50569516
0.7791666666666667,41.353928,-6.8018513,-2.930426,70.0,25.0,90.0,41.582893,-7.1442986,-2.6371136,70.96151,25.379189,89.09149,0.50569516
0.7833333333333333,41.353928,-6.8018513,-2.930426,70.0,25.0,90.0,41.582893,-7.1442986,-2.6371136,70.96151,25.379189,89.09149,0.50569516
0.7875,41.353928,-6.8018513,-2.930426,70.0,25.0,90.0,41.582893,-7.1442986,-2.6371136,70.96151,25.379189,89.09149,0.50569516
0.7916666666666666,41.353928,-6.8018513,-2.930426,70.0,25.0,90.0,41.582893,-7.1442986,-2.6371136,70.96151,25.379189,89.09149,0.50569516
0.7958333333333333,41.353928,-6.8018513,-2.930426,70.0,25.0,90.0,41.582893,-7.1442986,-2.6371136,70.96151,25.379189,89.09149,0.50569516
0.8,41.353928,-6.8018513,-2.930426,70.0,25.0,90.0,41.582893,-7.1442986,-2.6371136,70.96151,25.379189,89.09149,0.50569516
0.8041666666666667,41.353928,-6.8018513,-2.930426,70.0,25.0,90.0,41.582893,-7.1442986,-2.6371136,70.96151,25.379189,89.09149,0.50569516
0.8083333333333333,41.353928,-6.8018513,-2.930426,70.0,25.0,90.0,41.582893,-7.1442986,-2.6371136,70.96151,25.379189,89.09149,0.50569516
0.8125,41.353928,-6.8018513,-2.930426,70.0,25.0,90.0,41.582893,-7.1442986,-2.6371136,70.96151,25.379189,89.09149,0.50569516
0.8166666666666667,41.353928,-6.8018513,-2.930426,70.0,25.0,90.0,41.582893,-7.1442986,-2.6371136,70.96151,25.379189,89.09149,0.50569516
0.8208333333333333,41.353928,-6.8018513,-2.930426,70.0,25.0,90.0,41.582893,-7.1442986,-2.6371136,70.96151,25.379189,89.09149,0.50569516
0.825,41.353928,-6.8018513,-2.930426,70.0,25.0,90.0,41.582893,-7.1442986,-2.6371136,70.96151,25.379189,89.09149,0.50569516
0.8291666666666667,41.353928,-6.8018513,-2.930426,70.0,25.0,90.0,41.582893,-7.1442986,-2.6371136,70.96151,25.379189,89.09149,0.50569516
0.8333333333333334,41.353928,-6.8018513,-2.930426,70.0,25.0,90.0,41.582893,-7.1442986,-2.6371136,70.96151,25.379189,89.09149,0.50569516
0.8375,41.353928,-6.8018513,-2.930426,70.0,25.0,90.0,41.582893,-7.1442986,-2.6371136,70.96151,25.379189,89.09149,0.50569516
0.8416666666666667,41.353928,-6.8018513,-2.930426,70.0,25.0,90.0,41.582893,-7.1442986,-2.6371136,70.96151,25.379189,89.09149,0.50569516
0.8458333333333333,41.353928,-6.8018513,-2.930426,70.0,25.0,90.0,41.582893,-7.1442986,-2.6371136,70.96151,25.379189,89.09149,0.50569516
0.85,41.353928,-6.8018513,-2.930426,70.0,25.0,90.0,41.582893,-7.1442986,-2.6371136,70.96151,25.379189,89.09149,0.50569516
0.8541666666666666,41.353928,-6.8018513,-2.930426,70.0,25.0,90.0,41.582893,-7.1442986,-2.6371136,70.96151,25.379189,89.09149,0.50569516
0.8583333333333333,41.353928,-6.8018513,-2.930426,70.0,25.0,90.0,41.582893,-7.1442986,-2.6371126,70.96151,25.379185,89.09149,0.5056957
0.8625,41.353928,-6.8018513,-2.930426,70.0,25.0,90.0,41.582893,-7.1442986,-2.6371164,70.96152,25.379189,89.09149,0.5056935
0.8666666666666667,41.353928,-6.8018513,-2.930426,70.0,25.0,90.0,41.582893,-7.1442986,-2.6371136,70.96152,25.379189,89.09149,0.50569516
0.8708333333333333,41.353928,-6.8018513,-2.930426,70.0,25.0,90.0,41.582893,-7.1442976,-2.6371155,70.96152,25.379185,89.091484,0.5056934
0.875,41.353928,-6.8018513,-2.930426,70.0,25.0,90.0,41.58289,-7.1442976,-2.6371164,70.96152,25.379189,89.09149,0.5056911
0.8791666666666667,41.353928,-6.8018513,-2.930426,70.0,25.0,90.0,41.58289,-7.1443014,-2.6371164,70.96151,25.379185,89.09149,0.5056937
0.8833333333333333,41.353928,-6.8018513,-2.930426,70.0,25.0,90.0,41.58289,-7.1442976,-2.6371183,70.96151,25.379185,89.09149,0.50569
0.8875,41.353928,-6.8018513,-2.930426,70.0,25.0,90.0,41.582893,-7.1443005,-2.6371155,70.96151,25.379185,89.09149,0.50569534
0.8916666666666667,41.353928,-6.8018513,-2.930426,70.0,25.0,90.0,41.582893,-7.1443005,-2.6371183,70.96151,25.379189,89.09149,0.5056937
0.8958333333333334,41.353928,-6.8018513,-2.930426,70.0,25.0,90.0,41.582893,-7.1442986,-2.6371174,70.96151,25.379185,89.0915,0.5056929
0.9,41.353928,-6.8018513,-2.930426,70.0,25.0,90.0,41.582893,-7.1442976,-2.6371164,70.96151,25.379189,89.0915,0.50569284
0.9041666666666667,41.353928,-6.8018513,-2.930426,70.0,25.0,90.0,41.582893,-7.1442976,-2.6371183,70.96151,25.379189,89.0915,0.5056917
0.9083333333333333,41.353928,-6.8018513,-2.930426,70.0,25.0,90.0,41.582893,-7.1442976,-2.6371183,70.96151,25.379185,89.0915,0.5056917
0.9125,41.353928,-6.8018513,-2.930426,70.0,25.0,90.0,41.582893,-7.1442976,-2.6371174,70.96152,25.379189,89.0915,0.50569224
0.9166666666666666,41.353928,-6.8018513,-2.930426,70.0,25.0,90.0,41.582886,-7.1442986,-2.6371174,70.96151,25.379189,89.0915,0.50568944
0.9208333333333333,41.353928,-6.8018513,-2.930426,70.0,25.0,90.0,41.582893,-7.1442957,-2.6371164,70.96151,25.379192,89.0915,0.5056915
0.925,41.353928,-6.8018513,-2.930426,70.0,25.0,90.0,41.582897,-7.1442976,-2.6371136,70.96152,25.379185,89.0915,0.50569624
0.9291666666666667,41.353928,-6.8018513,-2.930426,70.0,25.0,90.0,41.582893,-7.1442976,-2.6371183,70.96152,25.379185,89.0915,0.5056917
0.9333333333333333,41.353928,-6.8018513,-2.930426,70.0,25.0,90.0,41.58289,-7.1442976,-2.6371136,70.96152,25.379189,89.0915,0.5056928
0.9375,41.353928,-6.8018513,-2.930426,70.0,25.0,90.0,41.58289,-7.1442976,-2.6371136,70.96152,25.379192,89.0915,0.5056928
0.9416666666666667,41.353928,-6.8018513,-2.930426,70.0,25.0,90.0,41.582886,-7.1442976,-2.6371155,70.96152,25.379192,89.0915,0.5056899
0.9458333333333333,41.353928,-6.8018513,-2.930426,70.0,25.0,90.0,41.582893,-7.1442976,-2.6371155,70.96152,25.379185,89.0915,0.5056934
0.95,41.353928,-6.8018513,-2.930426,70.0,25.0,90.0,41.58289,-7.1442986,-2.6371136,70.96151,25.37918,89.0915,0.50569344
0.9541666666666667,41.353928,-6.8018513,-2.930426,70.0,25.0,90.0,41.58289,-7.1442976,-2.6371126,70.96151,25.379185,89.0915,0.5056933
0.9583333333333334,41.353928,-6.8018513,-2.930426,70.0,25.0,90.0,41.58289,-7.1443005,-2.6371136,70.96152,25.379185,89.0915,0.5056947
0.9625,41.353928,-6.8018513,-2.930426,70.0,25.0,90.0,41.58289,-7.1442986,-2.6371136,70.96152,25.379189,89.0915,0.50569344
0.9666666666666667,41.353928,-6.8018513,-2.930426,70.0,25.0,90.0,41.58289,-7.1442986,-2.6371126,70.96152,25.379185,89.0915,0.505694
0.9708333333333333,41.353928,-6.8018513,-2.930426,70.0,25.0,90.0,41.58289,-7.1443005,-2.6371126,70.96152,25.379185,89.0915,0.5056953
0.975,41.353928,-6.8018513,-2.930426,70.0,25.0,90.0,41.582886,-7.1442986,-2.6371126,70.96152,25.379185,89.0915,0.50569224
0.9791666666666666,41.353928,-6.8018513,-2.930426,70.0,25.0,90.0,41.58289,-7.1442986,-2.6371155,70.96152,25.379189,89.0915,0.5056923
0.9833333333333333,41.353928,-6.8018513,-2.930426,70.0,25.0,90.0,41.58289,-7.1442986,-2.6371136,70.96152,25.379185,89.0915,0.50569344
0.9875,41.353928,-6.8018513,-2.930426,70.0,25.0,90.0,41.582886,-7.1442976,-2.6371098,70.96152,25.379185,89.0915,0.50569326
0.9916666666666667,41.353928,-6.8018513,-2.930426,70.0,25.0,90.0,41.58289,-7.1442986,-2.6371136,70.96152,25.379185,89.0915,0.50569344
0.9958333333333333,41.353928,-6.8018513,-2.930426,70.0,25.0,90.0,41.582886,-7.1443005,-2.6371126,70.96152,25.37918,89.0915,0.50569355
1.0,41.353928,-6.8018513,-2.930426,70.0,25.0,90.0,41.582886,-7.1442986,-2.6371155,70.96152,25.379185,89.09151,0.5056906
1.0041666666666667,41.353928,-6.8018513,-2.930426,70.0,25.0,90.0,41.582886,-7.1442976,-2.6371136,70.96152,25.37918,89.0915,0.50569105
1.0083333333333333,41.353928,-6.8018513,-2.930426,70.0,25.0,90.0,41.58289,-7.1442986,-2.6371107,70.96152,25.37918,89.0915,0.50569504
1.0125,41.353928,-6.8018513,-2.930426,70.0,25.0,90.0,41.58289,-7.1443005,-2.6371098,70.96152,25.379185,89.0915,0.5056969
1.0166666666666666,41.353928,-6.8018513,-2.930426,70.0,25.0,90.0,41.582893,-7.1443014,-2.6371126,70.96151,25.379185,89.0915,0.5056976
1.0208333333333333,41.353928,-6.8018513,-2.930426,70.0,25.0,90.0,41.58289,-7.1443014,-2.6371136,70.96152,25.379189,89.0915,0.50569534
1.025,41.353928,-6.8018513,-2.930426,70.0,25.0,90.0,41.58289,-7.1442986,-2.6371136,70.96152,25.379192,89.09149,0.50569344
1.0291666666666666,41.353928,-6.8018513,-2.930426,70.0,25.0,90.0,41.58289,-7.1442976,-2.6371126,70.96152,25.379189,89.09149,0.5056933
1.0333333333333334,41.353928,-6.8018513,-2.930426,70.0,25.0,90.0,41.58289,-7.1442986,-2.6371126,70.96152,25.379192,89.09149,0.505694
1.0375,41.353928,-6.8018513,-2.930426,70.0,25.0,90.0,41.582893,-7.1442957,-2.6371126,70.96152,25.379196,89.09149,0.50569373
1.0416666666666667,41.353928,-6.8018513,-2.930426,70.0,25.0,90.0,41.58289,-7.1443005,-2.6371174,70.96151,25.379189,89.091484,0.5056925
1.0458333333333334,41.353928,-6.8018513,-2.930426,70.0,25.0,90.0,41.582886,-7.1443005,-2.6371174,70.96152,25.379185,89.091484,0.50569075
1.05,41.353928,-6.8018513,-2.930426,70.0,25.0,90.0,41.58289,-7.1442986,-2.6371183,70.96152,25.379185,89.09149,0.50569063
1.0541666666666667,41.353928,-6.8018513,-2.930426,70.0,25.0,90.0,41.582886,-7.1442976,-2.6371155,70.96152,25.379185,89.091484,0.5056899
1.0583333333333333,41.353928,-6.8018513,-2.930426,70.0,25.0,90.0,41.582893,-7.1443005,-2.6371126,70.96152,25.379189,89.091484,0.50569695
1.0625,41.353928,-6.8018513,-2.930426,70.0,25.0,90.0,41.582893,-7.1443014,-2.6371155,70.96152,25.379189,89.09149,0.505696
1.0666666666666667,41.353928,-6.8018513,-2.930426,70.0,25.0,90.0,41.58289,-7.1443014,-2.6371126,70.96152,25.379185,89.09149,0.50569594
1.0708333333333333,41.353928,-6.8018513,-2.930426,70.0,25.0,90.0,41.582893,-7.1442986,-2.6371136,70.96152,25.379185,89.09149,0.50569516
1.075,41.353928,-6.8018513,-2.930426,70.0,25.0,90.0,41.58289,-7.1442986,-2.6371136,70.96152,25.379185,89.09149,0.50569344
1.0791666666666666,41.353928,-6.8018513,-2.930426,70.0,25.0,90.0,41.582893,-7.1442986,-2.6371136,70.96152,25.379192,89.09149,0.50569516
1.0833333333333333,41.353928,-6.8018513,-2.930426,70.0,25.0,90.0,41.582893,-7.1442986,-2.6371136,70.96152,25.379185,89.09149,0.50569516
1.0875,41.353928,-6.8018513,-2.930426,70.0,25.0,90.0,41.582893,-7.1443005,-2.6371126,70.96152,25.379189,89.09149,0.50569695
1.0916666666666666,41.353928,-6.8018513,-2.930426,70.0,25.0,90.0,41.582893,-7.1443005,-2.6371155,70.96152,25.379192,89.09149,0.50569534
1.0958333333333334,41.353928,-6.8018513,-2.930426,70.0,25.0,90.0,41.582893,-7.1443005,-2.6371136,70.96152,25.379192,89.09149,0.5056964
1.1,41.353928,-6.8018513,-2.930426,70.0,25.0,90.0,41.582893,-7.1443005,-2.6371136,70.96152,25.379192,89.09149,0.5056964
1.1041666666666667,41.353928,-6.8018513,-2.930426,70.0,25.0,90.0,41.582893,-7.1443005,-2.6371136,70.96152,25.379192,89.09149,0.5056964
1.1083333333333334,41.353928,-6.8018513,-2.930426,70.0,25.0,90.0,41.582893,-7.1443005,-2.6371136,70.96152,25.379192,89.09149,0.5056964
1.1125,41.353928,-6.8018513,-2.930426,70.0,25.0,90.0,41.582893,-7.1443005,-2.6371136,70.96152,25.379192,89.09149,0.5056964
1.1166666666666667,41.353928,-6.8018513,-2.930426,70.0,25.0,90.0,41.582893,-7.1443005,-2.6371136,70.96152,25.379192,89.09149,0.5056964
1.1208333333333333,41.353928,-6.8018513,-2.930426,70.0,25.0,90.0,41.582893,-7.1443005,-2.6371136,70.96152,25.379192,89.09149,0.5056964
1.125,41.353928,-6.8018513,-2.930426,70.0,25.0,90.0,41.582893,-7.1443005,-2.6371136,70.96152,25.379192,89.09149,0.5056964
1.1291666666666667,41.353928,-6.8018513,-2.930426,70.0,25.0,90.0,41.582893,-7.1443005,-2.6371136,70.96152,25.379192,89.09149,0.5056964
1.1333333333333333,41.353928,-6.8018513,-2.930426,70.0,25.0,90.0,41.582893,-7.1443005,-2.6371136,70.96152,25.379192,89.09149,0.5056964
1.1375,41.353928,-6.8018513,-2.930426,70.0,25.0,90.0,41.582893,-7.1443005,-2.6371136,70.96152,25.379192,89.09149,0.5056964
1.1416666666666666,41.353928,-6.8018513,-2.930426,70.0,25.0,90.0,41.582893,-7.1443005,-2.6371136,70.96152,25.379192,89.09149,0.5056964
1.1458333333333333,41.353928,-6.8018513,-2.930426,70.0,25.0,90.0,41.582893,-7.1443005,-2.6371136,70.96152,25.379192,89.09149,0.5056964
1.15,41.353928,-6.8018513,-2.930426,70.0,25.0,90.0,41.582893,-7.1443005,-2.6371136,70.96152,25.379192,89.09149,0.5056964
1.1541666666666666,41.353928,-6.8018513,-2.930426,70.0,25.0,90.0,41.582893,-7.1443005,-2.6371136,70.96152,25.379192,89.09149,0.5056964
1.1583333333333334,41.353928,-6.8018513,-2.930426,70.0,25.0,90.0,41.582893,-7.1443005,-2.6371136,70.96152,25.379192,89.09149,0.5056964
1.1625,41.353928,-6.8018513,-2.930426,70.0,25.0,90.0,41.582893,-7.1443005,-2.6371136,70.96152,25.379192,89.09149,0.5056964
1.1666666666666667,41.353928,-6.8018513,-2.930426,70.0,25.0,90.0,41.582893,-7.1443005,-2.6371136,70.96152,25.379192,89.09149,0.5056964
1.1708333333333334,41.353928,-6.8018513,-2.930426,70.0,25.0,90.0,41.582893,-7.1443005,-2.6371136,70.96152,25.379192,89.09149,0.5056964
1.175,41.353928,-6.8018513,-2.930426,70.0,25.0,90.0,41.582893,-7.1443005,-2.6371136,70.96152,25.379192,89.09149,0.5056964
1.1791666666666667,41.353928,-6.8018513,-2.930426,70.0,25.0,90.0,41.582893,-7.1443005,-2.6371136,70.96152,25.379192,89.09149,0.5056964
1.1833333333333333,41.353928,-6.8018513,-2.930426,70.0,25.0,90.0,41.582893,-7.1443005,-2.6371136,70.96152,25.379192,89.09149,0.5056964
1.1875,41.353928,-6.8018513,-2.930426,70.0,25.0,90.0,41.582893,-7.1443005,-2.6371136,70.96152,25.379192,89.09149,0.5056964
1.1916666666666667,41.353928,-6.8018513,-2.930426,70.0,25.0,90.0,41.582893,-7.1443005,-2.6371136,70.96152,25.379192,89.09149,0.5056964
1.1958333333333333,41.353928,-6.8018513,-2.930426,70.0,25.0,90.0,41.582893,-7.1443005,-2.6371136,70.96152,25.379192,89.09149,0.5056964
1.2,41.353928,-6.8018513,-2.930426,70.0,25.0,90.0,41.582893,-7.1443005,-2.6371136,70.96152,25.379192,89.09149,0.5056964
1.2041666666666666,41.353928,-6.8018513,-2.930426,70.0,25.0,90.0,41.582893,-7.1443005,-2.6371136,70.96152,25.379192,89.09149,0.5056964
1.2083333333333333,41.353928,-6.8018513,-2.930426,70.0,25.0,90.0,41.582893,-7.1443005,-2.6371136,70.96152,25.379192,89.09149,0.5056964
1.2125,41.353928,-6.8018513,-2.930426,70.0,25.0,90.0,41.582893,-7.1443005,-2.6371136,70.96152,25.379192,89.09149,0.5056964
1.2166666666666666,41.353928,-6.8018513,-2.930426,70.0,25.0,90.0,41.582893,-7.1443005,-2.6371136,70.96152,25.379192,89.09149,0.5056964
1.2208333333333334,41.353928,-6.8018513,-2.930426,70.0,25.0,90.0,41.582893,-7.1443005,-2.6371136,70.96152,25.379192,89.09149,0.5056964
1.225,41.353928,-6.8018513,-2.930426,70.0,25.0,90.0,41.582893,-7.1443005,-2.6371136,70.96152,25.379192,89.09149,0.5056964
1.2291666666666667,41.353928,-6.8018513,-2.930426,70.0,25.0,90.0,41.582893,-7.1443005,-2.6371136,70.96152,25.379192,89.09149,0.5056964
1.2333333333333334,41.353928,-6.8018513,-2.930426,70.0,25.0,90.0,41.582893,-7.1443005,-2.6371136,70.96152,25.379192,89.09149,0.5056964
1.2375,41.353928,-6.8018513,-2.930426,70.0,25.0,90.0,41.582893,-7.1443005,-2.6371136,70.96152,25.379192,89.09149,0.5056964
1.2416666666666667,41.353928,-6.8018513,-2.930426,70.0,25.0,90.0,41.582893,-7.1443005,-2.6371136,70.96152,25.379192,89.09149,0.5056964
1.2458333333333333,41.353928,-6.8018513,-2.930426,70.0,25.0,90.0,41.582893,-7.1443005,-2.6371136,70.96152,25.379192,89.09149,0.5056964
1.25,41.353928,-6.8018513,-2.930426,70.0,25.0,90.0,41.582893,-7.1443014,-2.6371155,70.96152,25.379189,89.09149,0.505696
1.2541666666666667,41.353928,-6.8018513,-2.930426,70.0,25.0,90.0,41.582893,-7.1443005,-2.6371136,70.96151,25.379189,89.09149,0.5056964
1.2583333333333333,41.353928,-6.8018513,-2.930426,70.0,25.0,90.0,41.582893,-7.1443005,-2.6371155,70.96151,25.379192,89.09149,0.50569534
1.2625,41.353928,-6.8018513,-2.930426,70.0,25.0,90.0,41.582893,-7.1443005,-2.6371155,70.96151,25.379189,89.09149,0.50569534
1.2666666666666666,41.353928,-6.8018513,-2.930426,70.0,25.0,90.0,41.58289,-7.1442986,-2.6371155,70.96151,25.379189,89.09149,0.5056923
1.2708333333333333,41.353928,-6.8018513,-2.930426,70.0,25.0,90.0,41.582893,-7.1443005,-2.6371164,70.96151,25.379185,89.09149,0.50569475
1.275,41.353928,-6.8018513,-2.930426,70.0,25.0,90.0,41.582893,-7.1442957,-2.6371155,70.96151,25.379185,89.09149,0.50569206
1.2791666666666666,41.353928,-6.8018513,-2.930426,70.0,25.0,90.0,41.582893,-7.1443005,-2.6371174,70.96152,25.379189,89.09149,0.5056942
1.2833333333333334,41.353928,-6.8018513,-2.930426,70.0,25.0,90.0,41.582893,-7.1443005,-2.6371202,70.96151,25.379185,89.09149,0.50569254
1.2875,41.353928,-6.8018513,-2.930426,70.0,25.0,90.0,41.582897,-7.1442986,-2.6371183,70.96151,25.379185,89.0915,0.5056941
1.2916666666666667,41.353928,-6.8018513,-2.930426,70.0,25.0,90.0,41.582893,-7.1442986,-2.6371174,70.9615,25.379185,89.0915,0.5056929
1.2958333333333334,41.353928,-6.8018513,-2.930426,70.0,25.0,90.0,41.582893,-7.1442986,-2.6371193,70.96151,25.379192,89.0915,0.5056918
1.3,41.353928,-6.8018513,-2.930426,70.0,25.0,90.0,41.582893,-7.1442976,-2.6371174,70.96151,25.379189,89.0915,0.50569224
1.3041666666666667,41.353928,-6.8018513,-2.930426,70.0,25.0,90.0,41.58289,-7.1442976,-2.6371155,70.96151,25.379189,89.0915,0.50569165
1.3083333333333333,41.353928,-6.8018513,-2.930426,70.0,25.0,90.0,41.58289,-7.1442976,-2.6371164,70.96152,25.379189,89.0915,0.5056911
1.3125,41.353928,-6.8018513,-2.930426,70.0,25.0,90.0,41.582893,-7.1442986,-2.6371164,70.96152,25.379192,89.0915,0.5056935
1.3166666666666667,41.353928,-6.8018513,-2.930426,70.0,25.0,90.0,41.582893,-7.1442976,-2.6371174,70.96151,25.379189,89.0915,0.50569224
1.3208333333333333,41.353928,-6.8018513,-2.930426,70.0,25.0,90.0,41.58289,-7.1442957,-2.6371155,70.96151,25.379185,89.0915,0.5056904
1.325,41.353928,-6.8018513,-2.930426,70.0,25.0,90.0,41.582893,-7.1442976,-2.6371164,70.96152,25.37918,89.09151,0.50569284
1.3291666666666666,41.353928,-6.8018513,-2.930426,70.0,25.0,90.0,41.582886,-7.1442986,-2.6371155,70.96152,25.379189,89.0915,0.5056906
1.3333333333333333,41.353928,-6.8018513,-2.930426,70.0,25.0,90.0,41.582886,-7.1443005,-2.6371136,70.96152,25.379192,89.0915,0.50569296
1.3375,41.353928,-6.8018513,-2.930426,70.0,25.0,90.0,41.582886,-7.1443005,-2.6371126,70.96152,25.379192,89.0915,0.50569355
1.3416666666666666,41.353928,-6.8018513,-2.930426,70.0,25.0,90.0,41.58289,-7.1442986,-2.6371155,70.96152,25.379185,89.0915,0.5056923
1.3458333333333334,41.353928,-6.8018513,-2.930426,70.0,25.0,90.0,41.582893,-7.1442986,-2.6371107,70.96152,25.379185,89.0915,0.50569683
1.35,41.353928,-6.8018513,-2.930426,70.0,25.0,90.0,41.582886,-7.1442976,-2.6371117,70.96152,25.379189,89.0915,0.5056921
1.3541666666666667,41.353928,-6.8018513,-2.930426,70.0,25.0,90.0,41.582886,-7.1442986,-2.6371126,70.96152,25.379185,89.0915,0.50569224
1.3583333333333334,41.353928,-6.8018513,-2.930426,70.0,25.0,90.0,41.58289,-7.1442986,-2.6371117,70.96152,25.379185,89.0915,0.5056945
1.3625,41.353928,-6.8018513,-2.930426,70.0,25.0,90.0,41.582886,-7.1442986,-2.6371136,70.96152,25.379185,89.0915,0.50569165
1.3666666666666667,41.353928,-6.8018513,-2.930426,70.0,25.0,90.0,41.582886,-7.1442986,-2.6371136,70.96152,25.37918,89.0915,0.50569165
1.3708333333333333,41.353928,-6.8018513,-2.930426,70.0,25.0,90.0,41.582886,-7.1443005,-2.6371117,70.96152,25.379185,89.0915,0.5056941
1.375,41.353928,-6.8018513,-2.930426,70.0,25.0,90.0,41.582886,-7.1442976,-2.6371136,70.96152,25.379185,89.0915,0.50569105
1.3791666666666667,41.353928,-6.8018513,-2.930426,70.0,25.0,90.0,41.582886,-7.1442976,-2.6371126,70.96152,25.379185,89.0915,0.5056916
1.3833333333333333,41.353928,-6.8018513,-2.930426,70.0,25.0,90.0,41.582886,-7.1442986,-2.6371117,70.96152,25.379185,89.09151,0.5056928
1.3875,41.353928,-6.8018513,-2.930426,70.0,25.0,90.0,41.582886,-7.1442986,-2.6371126,70.96152,25.379189,89.0915,0.50569224
1.3916666666666666,41.353928,-6.8018513,-2.930426,70.0,25.0,90.0,41.582893,-7.1442986,-2.6371164,70.96152,25.379189,89.0915,0.5056935
1.3958333333333333,41.353928,-6.8018513,-2.930426,70.0,25.0,90.0,41.58289,-7.1442986,-2.6371155,70.96152,25.379189,89.0915,0.5056923
1.4,41.353928,-6.8018513,-2.930426,70.0,25.0,90.0,41.582886,-7.1442986,-2.6371117,70.96152,25.379189,89.0915,0.5056928
1.4041666666666666,41.353928,-6.8018513,-2.930426,70.0,25.0,90.0,41.58289,-7.1443005,-2.6371126,70.96152,25.379189,89.0915,0.5056953
1.4083333333333334,41.353928,-6.8018513,-2.930426,70.0,25.0,90.0,41.58289,-7.1443005,-2.6371126,70.96152,25.379192,89.0915,0.5056953
1.4125,41.353928,-6.8018513,-2.930426,70.0,25.0,90.0,41.58289,-7.1443005,-2.6371117,70.96152,25.379192,89.0915,0.5056958
1.4166666666666667,41.353928,-6.8018513,-2.930426,70.0,25.0,90.0,41.58289,-7.1443014,-2.6371155,70.96152,25.379189,89.09149,0.50569427
1.4208333333333334,41.353928,-6.8018513,-2.930426,70.0,25.0,90.0,41.582886,-7.1442976,-2.6371098,70.96152,25.379192,89.09149,0.50569326
1.425,41.353928,-6.8018513,-2.930426,70.0,25.0,90.0,41.58289,-7.1442976,-2.6371107,70.96151,25.379189,89.09149,0.5056944
1.4291666666666667,41.353928,-6.8018513,-2.930426,70.0,25.0,90.0,41.58289,-7.1442986,-2.6371136,70.96151,25.379192,89.09149,0.50569344
1.4333333333333333,41.353928,-6.8018513,-2.930426,70.0,25.0,90.0,41.582893,-7.1443005,-2.6371183,70.96151,25.379189,89.09149,0.5056937
1.4375,41.353928,-6.8018513,-2.930426,70.0,25.0,90.0,41.58289,-7.1443005,-2.6371174,70.96151,25.379192,89.091484,0.5056925
1.4416666666666667,41.353928,-6.8018513,-2.930426,70.0,25.0,90.0,41.58289,-7.1442986,-2.6371174,70.96152,25.379192,89.09149,0.50569123
1.4458333333333333,41.353928,-6.8018513,-2.930426,70.0,25.0,90.0,41.58289,-7.1442986,-2.6371164,70.96151,25.379192,89.09149,0.5056917
1.45,41.353928,-6.8018513,-2.930426,70.0,25.0,90.0,41.58289,-7.1442976,-2.6371183,70.96152,25.379192,89.091484,0.50569
1.4541666666666666,41.353928,-6.8018513,-2.930426,70.0,25.0,90.0,41.582893,-7.1442976,-2.6371155,70.96151,25.379192,89.09149,0.5056934
1.4583333333333333,41.353928,-6.8018513,-2.930426,70.0,25.0,90.0,41.582893,-7.1443005,-2.6371164,70.96152,25.379189,89.09149,0.50569475
1.4625,41.353928,-6.8018513,-2.930426,70.0,25.0,90.0,41.58289,-7.1443005,-2.6371155,70.96152,25.379189,89.09149,0.5056936
1.4666666666666666,41.353928,-6.8018513,-2.930426,70.0,25.0,90.0,41.58289,-7.1442986,-2.6371136,70.96152,25.379189,89.09149,0.50569344
1.4708333333333334,41.353928,-6.8018513,-2.930426,70.0,25.0,90.0,41.582893,-7.1442986,-2.6371155,70.96151,25.379189,89.09149,0.50569403
1.475,41.353928,-6.8018513,-2.930426,70.0,25.0,90.0,41.582893,-7.1442976,-2.6371117,70.96152,25.379189,89.09149,0.5056956
1.4791666666666667,41.353928,-6.8018513,-2.930426,70.0,25.0,90.0,41.582893,-7.1442986,-2.6371136,70.96152,25.379192,89.09149,0.50569516
1.4833333333333334,41.353928,-6.8018513,-2.930426,70.0,25.0,90.0,41.582893,-7.1442986,-2.6371136,70.96152,25.379189,89.09149,0.50569516
1.4875,41.353928,-6.8018513,-2.930426,70.0,25.0,90.0,41.58289,-7.1442976,-2.6371155,70.96152,25.379185,89.09149,0.50569165
1.4916666666666667,41.353928,-6.8018513,-2.930426,70.0,25.0,90.0,41.58289,-7.1442976,-2.6371126,70.96152,25.379185,89.09149,0.5056933
1.4958333333333333,41.353928,-6.8018513,-2.930426,70.0,25.0,90.0,41.58289,-7.1442976,-2.6371126,70.96152,25.379185,89.09149,0.5056933
1.5,41.353928,-6.8018513,-2.930426,70.0,25.0,90.0,41.58289,-7.1442976,-2.6371126,70.96152,25.379185,89.09149,0.5056933
1.5041666666666667,41.353928,-6.8018513,-2.930426,70.0,25.0,90.0,41.58289,-7.1442976,-2.6371126,70.96152,25.379185,89.09149,0.5056933
1.5083333333333333,41.353928,-6.8018513,-2.930426,70.0,25.0,90.0,41.58289,-7.1442976,-2.6371126,70.96152,25.379185,89.09149,0.5056933
1.5125,41.353928,-6.8018513,-2.930426,70.0,25.0,90.0,41.58289,-7.1442976,-2.6371126,70.96152,25.379185,89.09149,0.5056933
1.5166666666666666,41.353928,-6.8018513,-2.930426,70.0,25.0,90.0,41.58289,-7.1442976,-2.6371126,70.96152,25.379185,89.09149,0.5056933
1.5208333333333333,41.353928,-6.8018513,-2.930426,70.0,25.0,90.0,41.58289,-7.1442976,-2.6371126,70.96152,25.379185,89.09149,0.5056933
1.525,41.353928,-6.8018513,-2.930426,70.0,25.0,90.0,41.58289,-7.1442976,-2.6371126,70.96152,25.379185,89.09149,0.5056933
1.5291666666666666,41.353928,-6.8018513,-2.930426,70.0,25.0,90.0,41.58289,-7.1442976,-2.6371126,70.96152,25.379185,89.09149,0.5056933
1.5333333333333334,41.353928,-6.8018513,-2.930426,70.0,25.0,90.0,41.58289,-7.1442995,-2.6371117,70.96152,25.37918,89.09149,0.50569516
1.5375,41.353928,-6.8018513,-2.930426,70.0,25.0,90.0,41.58288,-7.1443043,-2.637103,70.96154,25.379166,89.09151,0.5056982
1.5416666666666667,41.353928,-6.8018513,-2.930426,70.0,25.0,90.0,41.582886,-7.1443033,-2.637041,70.96162,25.379154,89.091545,0.50573695
1.5458333333333334,41.353928,-6.8018513,-2.930426,70.0,25.0,90.0,41.582867,-7.1442156,-2.6369162,70.96183,25.379246,89.091545,0.5057414
1.55,41.353928,-6.8018513,-2.930426,70.0,25.0,90.0,41.582882,-7.1439734,-2.6366959,70.96231,25.37968,89.09137,0.50571233
1.5541666666666667,41.353928,-6.8018513,-2.930426,70.0,25.0,90.0,41.582916,-7.143503,-2.6363468,70.96334,25.380661,89.09088,0.5056128
1.5583333333333333,41.353928,-6.8018513,-2.930426,70.0,25.0,90.0,41.58297,-7.1427546,-2.635703,70.96536,25.382404,89.09002,0.5055065
1.5625,41.353928,-6.8018513,-2.930426,70.0,25.0,90.0,41.582924,-7.1415863,-2.6345406,70.9689,25.385185,89.08874,0.5053784
1.5666666666666667,41.353928,-6.8018513,-2.930426,70.0,25.0,90.0,41.582836,-7.139797,-2.6328,70.97424,25.389317,89.08692,0.50516105
1.5708333333333333,41.353928,-6.8018513,-2.930426,70.0,25.0,90.0,41.58279,-7.137231,-2.6304502,70.98183,25.395031,89.084274,0.5048198
1.575,41.353928,-6.8018513,-2.930426,70.0,25.0,90.0,41.58275,-7.1335936,-2.6276684,70.99162,25.40239,89.08071,0.5040575
1.5791666666666666,41.353928,-6.8018513,-2.930426,70.0,25.0,90.0,41.58278,-7.1285753,-2.6246338,71.003494,25.411148,89.07586,0.50262344
1.5833333333333333,41.353928,-6.8018513,-2.930426,70.0,25.0,90.0,41.582977,-7.121978,-2.6219006,71.01724,25.422665,89.06846,0.5001326
1.5875,41.353928,-6.8018513,-2.930426,70.0,25.0,90.0,41.58259,-7.1134043,-2.6198149,71.03203,25.437046,89.059074,0.49581262
1.5916666666666666,41.353928,-6.8018513,-2.930426,70.0,25.0,90.0,41.58197,-7.1028957,-2.6193037,71.04534,25.454147,89.04872,0.48931402
1.5958333333333334,41.353928,-6.8018513,-2.930426,70.0,25.0,90.0,41.57925,-7.090728,-2.6200266,71.057365,25.471611,89.0402,0.48017466
1.6,41.353928,-6.8018513,-2.930426,70.0,25.0,90.0,41.57419,-7.077072,-2.6207857,71.06999,25.4879,89.03484,0.469189
1.6041666666666667,41.353928,-6.8018513,-2.930426,70.0,25.0,90.0,41.566734,-7.0623007,-2.6225271,71.08225,25.502651,89.0324,0.45598492
1.6083333333333334,41.353928,-6.8018513,-2.930426,70.0,25.0,90.0,41.55551,-7.0465126,-2.6258936,71.09261,25.513622,89.03683,0.43958518
1.6125,41.353928,-6.8018513,-2.930426,70.0,25.0,90.0,41.53614,-7.0306625,-2.6261063,71.09645,25.506275,89.06021,0.42209777
1.6166666666666667,41.353928,-6.8018513,-2.930426,70.0,25.0,90.0,41.514717,-7.0141077,-2.6358843,71.09049,25.4861,89.10135,0.39706525
1.6208333333333333,41.353928,-6.8018513,-2.930426,70.0,25.0,90.0,41.50257,-6.995471,-2.6659384,71.06634,25.466217,89.160484,0.35991266
1.625,41.353928,-6.8018513,-2.930426,70.0,25.0,90.0,41.4946,-6.9736624,-2.7109737,71.02296,25.45045,89.23176,0.31219634
1.6291666666666667,41.353928,-6.8018513,-2.930426,70.0,25.0,90.0,41.48932,-6.944257,-2.765853,70.96609,25.442932,89.32464,0.25630915
1.6333333333333333,41.353928,-6.8018513,-2.930426,70.0,25.0,90.0,41.488552,-6.9111366,-2.82928,70.89631,25.43504,89.42592,0.2007425
1.6375,41.353928,-6.8018513,-2.930426,70.0,25.0,90.0,41.485252,-6.866975,-2.8981209,70.80652,25.425816,89.54483,0.15010291
1.6416666666666666,41.353928,-6.8018513,-2.930426,70.0,25.0,90.0,41.488663,-6.810643,-2.9521122,70.72248,25.40062,89.68403,0.13675211
1.6458333333333333,41.353928,-6.8018513,-2.930426,70.0,25.0,90.0,41.496124,-6.7465363,-2.9894342,70.66575,25.403145,89.8346,0.1635898
1.65,41.353928,-6.8018513,-2.930426,70.0,25.0,90.0,41.508198,-6.6770573,-3.0359716,70.60828,25.423313,89.99567,0.22475038
1.6541666666666666,41.353867,-6.801887,-2.9304285,70.00006,25.0,90.00015,41.520416,-6.6262445,-3.0943346,70.57503,25.427902,90.17232,0.29232565
1.6583333333333334,41.353447,-6.8021297,-2.9304256,70.00051,25.0,90.001205,41.535553,-6.5820417,-3.1803694,70.55728,25.467999,90.33152,0.37956977
1.6625,41.352325,-6.8027763,-2.9304242,70.0017,25.0,90.004005,41.53916,-6.5418663,-3.2847462,70.55249,25.52021,90.48322,0.4780438
1.6666666666666667,41.350178,-6.804017,-2.930427,70.003975,25.0,90.00938,41.538086,-6.5172844,-3.4103827,70.5645,25.532158,90.61083,0.58981574
1.6708333333333334,41.3467,-6.8060265,-2.9304256,70.00767,25.0,90.01807,41.544838,-6.488577,-3.52069,70.526115,25.562874,90.76112,0.69888866
1.675,41.341595,-6.808972,-2.9304247,70.013084,25.0,90.03082,41.48857,-6.485936,-3.6231656,70.48917,25.583893,90.89696,0.7783599
1.6791666666666667,41.3346,-6.813012,-2.9304247,70.020515,25.0,90.048294,41.395813,-6.474124,-3.7278032,70.44456,25.657925,91.02257,0.86856484
1.6833333333333333,41.32545,-6.8182926,-2.9304273,70.030235,25.0,90.07114,41.27407,-6.3980923,-3.8519268,70.39455,25.729816,91.09545,1.0140855
1.6875,41.31392,-6.824953,-2.9304247,70.04252,25.0,90.09992,41.140064,-6.29597,-3.9620385,70.41786,25.779469,91.12548,1.1722951
1.6916666666666667,41.29977,-6.8331175,-2.9304235,70.0576,25.0,90.13523,41.004272,-6.2451544,-4.0942497,70.47946,25.81593,91.146545,1.3369783
1.6958333333333333,41.282806,-6.8429155,-2.930428,70.07572,25.0,90.17753,40.873077,-6.173046,-4.220334,70.573364,25.89381,91.195786,1.5101193
1.7,41.262833,-6.854445,-2.9304237,70.097115,25.0,90.22731,40.725716,-6.0916452,-4.355655,70.70676,25.972187,91.25795,1.7034209
1.7041666666666666,41.239674,-6.8678174,-2.9304256,70.12198,25.0,90.28498,40.562904,-6.0266285,-4.517022,70.86923,26.111507,91.325096,1.9190893
1.7083333333333333,41.213165,-6.8831224,-2.9304261,70.15053,25.0,90.35093,40.40097,-5.9594746,-4.674466,71.04285,26.287075,91.39209,2.1341183
1.7125,41.183163,-6.900444,-2.9304266,70.18295,25.0,90.4255,40.249916,-5.906144,-4.838393,71.191986,26.49543,91.48689,2.3451903
1.7166666666666666,41.149536,-6.9198575,-2.9304276,70.21944,25.0,90.50899,40.115265,-5.8664494,-4.9761133,71.331436,26.784359,91.60465,2.5227396
1.7208333333333334,41.11216,-6.9414363,-2.930425,70.26017,25.0,90.60166,39.992138,-5.8411255,-5.070527,71.42649,27.125103,91.754486,2.654274
1.725,41.07094,-6.965236,-2.930426,70.305305,25.0,90.703735,39.85955,-5.809408,-5.17911,71.51293,27.503017,91.90364,2.8035653
1.7291666666666667,41.025772,-6.991311,-2.9304245,70.35502,25.0,90.8154,39.75582,-5.7511663,-5.195859,71.64461,27.76337,92.03205,2.8780077
1.7333333333333334,40.976585,-7.019711,-2.930426,70.40946,25.0,90.9368,39.666225,-5.692296,-5.215324,71.8048,28.042706,92.154495,2.949548
1.7375,40.923313,-7.050467,-2.9304245,70.46879,25.0,91.06805,39.584232,-5.6787653,-5.243251,72.001724,28.348724,92.28489,3.0039754
1.7416666666666667,40.865902,-7.0836134,-2.9304264,70.533134,25.0,91.20921,39.51073,-5.7044735,-5.2166443,72.24099,28.56364,92.43793,2.9942124
1.7458333333333333,40.80431,-7.1191726,-2.9304273,70.602646,25.0,91.360344,39.481102,-5.7589912,-5.097366,72.51721,28.721428,92.63807,2.8803809
1.75,40.738506,-7.1571646,-2.9304261,70.67746,25.0,91.52145,39.46364,-5.8225,-4.942079,72.793396,28.852127,92.87402,2.7300851
1.7541666666666667,40.668476,-7.1975975,-2.9304268,70.75769,25.0,91.69248,39.436966,-5.8641834,-4.801296,73.06001,28.950275,93.108734,2.6066766
1.7583333333333333,40.594208,-7.240475,-2.9304254,70.84347,25.0,91.87341,39.410835,-5.9388,-4.6541233,73.31317,29.036457,93.32584,2.4628973
1.7625,40.51571,-7.2857976,-2.9304256,70.9349,25.0,92.06413,39.36377,-6.0309067,-4.5350976,73.5748,29.178616,93.526215,2.3402324
1.7666666666666666,40.43299,-7.333556,-2.9304278,71.03209,25.0,92.264534,39.30838,-6.1412315,-4.486303,73.79616,29.330574,93.70757,2.259897
1.7708333333333333,40.346077,-7.383734,-2.930425,71.13515,25.0,92.47448,39.21443,-6.2667694,-4.4820666,73.94823,29.453373,93.88678,2.2216713
1.775,40.25501,-7.436313,-2.9304247,71.24415,25.0,92.69376,39.1297,-6.373968,-4.509611,74.014626,29.507034,94.05534,2.2110467
1.7791666666666666,40.15982,-7.4912705,-2.930426,71.359184,25.0,92.922226,39.063343,-6.4649563,-4.515613,74.06123,29.527092,94.24151,2.1836672
1.7833333333333334,40.060574,-7.5485716,-2.9304264,71.48032,25.0,93.159615,39.00396,-6.536663,-4.523011,74.0853,29.560562,94.44201,2.1625721
1.7875,39.957325,-7.6081824,-2.9304266,71.607635,25.0,93.40571,38.949284,-6.6041956,-4.5498257,74.06923,29.588444,94.66779,2.155595
1.7916666666666667,39.850147,-7.67006,-2.930427,71.741165,25.0,93.660225,38.89189,-6.635007,-4.5835814,74.009384,29.64795,94.887794,2.1731334
1.7958333333333334,39.739117,-7.734164,-2.9304264,71.88097,25.0,93.92288,38.82585,-6.648877,-4.612285,73.92269,29.6874,95.13031,2.200125
1.8,39.62433,-7.800441,-2.930428,72.027054,25.0,94.19336,38.772167,-6.638259,-4.6277785,73.86454,29.72995,95.398094,2.2266216
1.8041666666666667,39.505863,-7.868832,-2.9304273,72.17946,25.0,94.47137,38.708717,-6.6143656,-4.631834,73.82194,29.771214,95.66266,2.259184
1.8083333333333333,39.383835,-7.9392867,-2.9304276,72.33818,25.0,94.75653,38.62766,-6.5833244,-4.6476917,73.791595,29.82869,95.94175,2.3150446
1.8125,39.25835,-8.011735,-2.930425,72.50321,25.0,95.048515,38.519,-6.5576363,-4.6782436,73.77411,29.877003,96.20535,2.3907971
1.8166666666666667,39.12952,-8.086115,-2.9304285,72.67452,25.0,95.34695,38.398277,-6.548913,-4.7110167,73.76941,29.894695,96.48869,2.4633718
1.8208333333333333,38.997475,-8.162353,-2.9304245,72.85209,25.0,95.65144,38.262733,-6.547802,-4.7566442,73.78402,29.892994,96.78857,2.5459177
1.825,38.862335,-8.240373,-2.930427,73.035835,25.0,95.961624,38.1217,-6.5402384,-4.8083,73.8133,29.903854,97.09612,2.6392052
1.8291666666666666,38.72424,-8.320106,-2.930427,73.225716,25.0,96.27708,37.972946,-6.5392904,-4.86286,73.86734,29.905571,97.40966,2.7331376
1.8333333333333333,38.583324,-8.40146,-2.9304245,73.42163,25.0,96.59741,37.82428,-6.555355,-4.9248557,73.93456,29.902546,97.71643,2.821703
1.8375,38.43974,-8.484359,-2.9304261,73.623474,25.0,96.922195,37.673897,-6.5833406,-4.995474,74.00231,29.91166,98.02303,2.909434
1.8416666666666666,38.293633,-8.568715,-2.9304276,73.83113,25.0,97.25101,37.533363,-6.6014347,-5.0720744,74.07633,29.942558,98.32727,3.005803
1.8458333333333334,38.145153,-8.654439,-2.9304268,74.04447,25.0,97.58345,37.401974,-6.618103,-5.134461,74.14246,29.974785,98.63878,3.0913987
1.85,37.994465,-8.741438,-2.9304268,74.26333,25.0,97.91907,37.276585,-6.6345053,-5.191746,74.21904,30.00446,98.95103,3.1730242
1.8541666666666667,37.84173,-8.82962,-2.9304247,74.48754,25.0,98.25745,37.160137,-6.645344,-5.242104,74.305984,30.013844,99.25625,3.2526133
1.8583333333333334,37.68711,-8.918888,-2.930427,74.7169,25.0,98.598145,37.05453,-6.6564226,-5.279642,74.42406,30.013588,99.56287,3.3223062
1.8625,37.53078,-9.009145,-2.930426,74.951225,25.0,98.94074,36.946045,-6.672945,-5.3051963,74.55682,30.01778,99.86112,3.3822005
1.8666666666666667,37.372913,-9.100293,-2.9304285,75.19027,25.0,99.28479,36.841812,-6.711179,-5.3207207,74.703,29.994728,100.15368,3.4210281
1.8708333333333333,37.213676,-9.192228,-2.930425,75.433815,25.0,99.62989,36.730602,-6.7569485,-5.3289657,74.877785,29.96268,100.44369,3.4520931
1.875,37.053253,-9.284848,-2.9304261,75.68158,25.0,99.9756,36.626705,-6.802904,-5.3227463,75.05415,29.920116,100.73959,3.4734976
1.8791666666666667,36.89182,-9.378051,-2.9304247,75.93331,25.0,100.32151,36.51385,-6.8481503,-5.3197446,75.241806,29.870605,101.039,3.500301
1.8833333333333333,36.72956,-9.47173,-2.9304261,76.188705,25.0,100.66719,36.40133,-6.900258,-5.304585,75.44203,29.807514,101.34859,3.515229
1.8875,36.566654,-9.5657835,-2.9304247,76.44748,25.0,101.012245,36.26614,-6.9639387,-5.2836323,75.65622,29.727268,101.68475,3.521007
1.8916666666666666,36.40329,-9.660106,-2.9304273,76.7093,25.0,101.35625,36.084343,-7.048897,-5.2474213,75.90825,29.610653,102.05479,3.5055099
1.8958333333333333,36.239643,-9.754585,-2.9304252,76.973854,25.0,101.69884,35.872265,-7.142394,-5.208663,76.158844,29.499344,102.4536,3.4855242
1.9,36.07591,-9.849118,-2.9304245,77.24079,25.0,102.0396,35.624912,-7.258108,-5.1703095,76.42073,29.411705,102.86263,3.4545355
1.9041666666666666,35.912266,-9.943597,-2.9304264,77.50976,25.0,102.37815,35.353363,-7.416584,-5.134754,76.727005,29.375515,103.29874,3.3995922
1.9083333333333334,35.748898,-10.037919,-2.9304264,77.78041,25.0,102.714134,35.060696,-7.584687,-5.104604,77.04967,29.342342,103.73045,3.34948
1.9125,35.58599,-10.131972,-2.9304266,78.05237,25.0,103.04719,34.756794,-7.748499,-5.0683255,77.38464,29.323738,104.15348,3.3074348
1.9166666666666667,35.423733,-10.225652,-2.9304254,78.32526,25.0,103.37695,34.43869,-7.9198885,-5.023521,77.745926,29.320484,104.56757,3.2661755
1.9208333333333334,35.2623,-10.318856,-2.9304266,78.598694,25.0,103.70309,34.107994,-8.070804,-4.9540896,78.12749,29.31937,104.96481,3.2374945
1.925,35.101875,-10.411478,-2.9304278,78.87229,25.0,104.02526,33.75924,-8.201951,-4.881464,78.49652,29.329418,105.339134,3.2390158
1.9291666666666667,34.942642,-10.50341,-2.9304264,79.14566,25.0,104.343155,33.42298,-8.358917,-4.8114634,78.854225,29.341602,105.68274,3.2321079
1.9333333333333333,34.78477,-10.594557,-2.9304276,79.41841,25.0,104.65648,33.12986,-8.522624,-4.7257953,79.23244,29.335949,106.01614,3.2023401
1.9375,34.62844,-10.684816,-2.9304283,79.69015,25.0,104.96491,32.86598,-8.68616,-4.636653,79.606445,29.293972,106.33496,3.164191
1.9416666666666667,34.473824,-10.774081,-2.9304247,79.96048,25.0,105.268196,32.627743,-8.840137,-4.5592885,79.975075,29.26574,106.63249,3.1307113
1.9458333333333333,34.321087,-10.862266,-2.930428,80.229004,25.0,105.56604,32.41679,-8.98634,-4.488497,80.33762,29.247364,106.90709,3.0940301
1.95,34.1704,-10.949265,-2.9304264,80.495346,25.0,105.85821,32.241257,-9.121531,-4.4041915,80.722885,29.23264,107.16728,3.03878
1.9541666666666666,34.021923,-11.034988,-2.9304261,80.75911,25.0,106.14443,32.11914,-9.249867,-4.3532124,81.103264,29.2664,107.40822,2.971794
1.9583333333333333,33.875813,-11.119345,-2.9304273,81.01992,25.0,106.42451,32.031574,-9.359413,-4.312743,81.490234,29.342232,107.64961,2.8998916
1.9625,33.732227,-11.202244,-2.9304252,81.27741,25.0,106.698204,31.954536,-9.46,-4.2896953,81.87791,29.458797,107.883606,2.8360558
1.9666666666666666,33.591312,-11.283603,-2.9304256,81.53121,25.0,106.965324,31.883823,-9.592264,-4.269436,82.28475,29.531143,108.098495,2.7511985
1.9708333333333334,33.453217,-11.36333,-2.9304254,81.78096,25.0,107.22568,31.802982,-9.725887,-4.1999373,82.739815,29.54684,108.29646,2.648802
1.975,33.318077,-11.441352,-2.930425,82.02632,25.0,107.47909,31.736055,-9.831,-4.09267,83.16317,29.477627,108.476364,2.5390625
1.9791666666666667,33.18603,-11.5175905,-2.9304261,82.26695,25.0,107.72539,31.669239,-9.932298,-3.9602485,83.608215,29.339344,108.62024,2.423705
1.9833333333333334,33.057205,-11.591967,-2.9304256,82.50253,25.0,107.96444,31.617006,-10.041521,-3.845086,84.05762,29.217163,108.737274,2.305354
1.9875,32.931717,-11.664417,-2.9304254,82.732765,25.0,108.196106,31.575459,-10.208729,-3.769793,84.44766,29.041119,108.83549,2.159399
1.9916666666666667,32.80969,-11.73487,-2.9304252,82.957344,25.0,108.42027,31.545942,-10.382711,-3.7135844,84.82049,28.77409,108.93942,2.009658
1.9958333333333333,32.691227,-11.803265,-2.9304264,83.17599,25.0,108.63682,31.537546,-10.545916,-3.7034383,85.1494,28.454983,109.02789,1.8733535
2.0,32.576435,-11.86954,-2.930425,83.38844,25.0,108.845665,31.51115,-10.7481365,-3.7597246,85.43666,28.144966,109.0959,1.7550259
2.004166666666667,32.46541,-11.933641,-2.9304273,83.594444,25.0,109.04673,31.470024,-10.94545,-3.8655882,85.71358,27.87439,109.13335,1.6857753
2.0083333333333333,32.35823,-11.995522,-2.9304276,83.793785,25.0,109.23995,31.413723,-11.10059,-3.986722,85.98996,27.552177,109.15939,1.6759342
2.0125,32.254982,-12.055132,-2.930427,83.986244,25.0,109.42528,31.362156,-11.255964,-4.1061826,86.219376,27.263035,109.18085,1.678752
2.0166666666666666,32.15573,-12.112434,-2.9304256,84.17164,25.0,109.60268,31.303833,-11.431633,-4.224747,86.3909,26.93327,109.23439,1.6924803
2.0208333333333335,32.060547,-12.16739,-2.930426,84.34978,25.0,109.77212,31.234486,-11.58201,-4.3730426,86.50958,26.587696,109.28815,1.7624384
2.025,31.969475,-12.219969,-2.9304261,84.52052,25.0,109.93361,31.237259,-11.749853,-4.4500637,86.67628,26.271133,109.29277,1.7511274
2.029166666666667,31.882566,-12.27015,-2.9304278,84.68374,25.0,110.08713,31.241024,-11.879906,-4.4677606,86.843994,26.001091,109.288124,1.7109236
2.033333333333333,31.799845,-12.317904,-2.930425,84.839325,25.0,110.232735,31.254045,-12.008672,-4.442048,86.9818,25.738564,109.318085,1.6366204
2.0375,31.721344,-12.363229,-2.9304261,84.98718,25.0,110.37043,31.249416,-12.105987,-4.384031,87.089645,25.499016,109.35451,1.5497922
2.0416666666666665,31.647076,-12.406105,-2.9304252,85.12725,25.0,110.50028,31.24203,-12.1751995,-4.263197,87.26399,25.262161,109.402405,1.4119705
2.0458333333333334,31.577045,-12.446538,-2.9304264,85.25948,25.0,110.62234,31.231852,-12.228571,-4.1225963,87.420135,25.04322,109.472496,1.2601339
2.05,31.511242,-12.4845295,-2.930427,85.38387,25.0,110.736694,31.215555,-12.267051,-4.021415,87.53763,24.876144,109.52009,1.151079
2.0541666666666667,31.44965,-12.52009,-2.9304273,85.50042,25.0,110.84344,31.21399,-12.287051,-3.910945,87.61796,24.73669,109.58783,1.0350158
2.058333333333333,31.392239,-12.553236,-2.9304273,85.60915,25.0,110.94267,31.228773,-12.2779045,-3.7899141,87.64896,24.601944,109.66906,0.91719466
2.0625,31.338964,-12.583992,-2.9304264,85.71014,25.0,111.03454,31.24349,-12.268791,-3.6896133,87.65502,24.514866,109.762115,0.8275456
2.066666666666667,31.289782,-12.6123905,-2.9304278,85.80344,25.0,111.119156,31.244476,-12.263982,-3.6020036,87.67292,24.430264,109.85013,0.75792825
2.0708333333333333,31.244614,-12.638465,-2.9304268,85.889175,25.0,111.19671,31.23505,-12.239813,-3.537529,87.698105,24.394642,109.96877,0.7263525
2.075,31.203392,-12.662266,-2.930427,85.967476,25.0,111.26735,31.225945,-12.226707,-3.4601383,87.69827,24.367775,110.06462,0.68615866
2.0791666666666666,31.166018,-12.6838455,-2.9304273,86.038506,25.0,111.33128,31.226671,-12.232933,-3.3680673,87.692795,24.309029,110.14412,0.63129205
2.0833333333333335,31.13239,-12.703259,-2.9304264,86.10245,25.0,111.388725,31.237394,-12.237354,-3.291101,87.66987,24.246326,110.200745,0.59848136
2.0875,31.102388,-12.72058,-2.9304268,86.159515,25.0,111.439896,31.25143,-12.249922,-3.2556705,87.63817,24.19862,110.221725,0.591199
2.091666666666667,31.07588,-12.735884,-2.930426,86.20996,25.0,111.485054,31.27208,-12.262819,-3.2384677,87.59897,24.206905,110.225685,0.5976403
2.095833333333333,31.052721,-12.749261,-2.930426,86.25405,25.0,111.52445,31.281849,-12.288719,-3.241239,87.543495,24.251518,110.24014,0.6010018
2.1,31.032745,-12.760788,-2.9304252,86.29208,25.0,111.55842,31.291319,-12.307535,-3.2525392,87.47621,24.339584,110.25353,0.61323386
2.1041666666666665,31.015781,-12.770585,-2.930425,86.324394,25.0,111.58723,31.285751,-12.338812,-3.2685523,87.406876,24.436142,110.259186,0.6112626
2.1083333333333334,31.001637,-12.778753,-2.930426,86.35134,25.0,111.61124,31.274914,-12.380503,-3.2959561,87.343216,24.534252,110.26123,0.6057197
2.1125,30.990105,-12.785414,-2.9304264,86.373314,25.0,111.6308,31.272032,-12.421631,-3.316874,87.28591,24.645638,110.26313,0.6009681
2.1166666666666667,30.980953,-12.790692,-2.930425,86.39075,25.0,111.64632,31.276615,-12.46109,-3.341683,87.22754,24.740055,110.262596,0.6043068
2.120833333333333,30.973955,-12.79473,-2.930427,86.404076,25.0,111.65818,31.289955,-12.509753,-3.3631396,87.18496,24.815754,110.26558,0.6068838
2.125,30.968855,-12.797676,-2.9304252,86.4138,25.0,111.666824,31.306213,-12.560078,-3.3658266,87.14635,24.855877,110.27924,0.59986514
2.129166666666667,30.965374,-12.799686,-2.9304276,86.42043,25.0,111.67272,31.323124,-12.6083145,-3.3608599,87.11448,24.884926,110.30037,0.5915067
2.1333333333333333,30.963226,-12.800925,-2.9304254,86.42453,25.0,111.67636,31.342628,-12.635332,-3.3499236,87.083725,24.915123,110.32652,0.58936054
2.1375,30.962105,-12.801573,-2.9304264,86.42667,25.0,111.67826,31.363914,-12.657373,-3.3419113,87.063774,24.936272,110.35767,0.59292865
2.1416666666666666,30.961685,-12.801815,-2.9304254,86.42747,25.0,111.67897,31.38049,-12.676476,-3.3320107,87.0618,24.94017,110.39168,0.5936141
2.1458333333333335,30.961624,-12.801852,-2.9304266,86.42758,25.0,111.67907,31.39454,-12.69393,-3.326263,87.0564,24.935036,110.4191,0.59644824
2.15,30.961624,-12.801852,-2.9304266,86.42758,25.0,111.67907,31.411697,-12.708728,-3.3288655,87.04665,24.948273,110.43345,0.6082694
2.154166666666667,30.961624,-12.801852,-2.9304266,86.42758,25.0,111.67907,31.436037,-12.715137,-3.3302474,87.04422,24.962574,110.44702,0.6264534
2.158333333333333,30.961624,-12.801852,-2.9304266,86.42758,25.0,111.67907,31.461088,-12.720741,-3.331954,87.04593,24.972786,110.45788,0.64596254
2.1625,30.961624,-12.801852,-2.9304266,86.42758,25.0,111.67907,31.488186,-12.72492,-3.336658,87.043495,24.98206,110.46582,0.6694847
2.1666666666666665,30.961624,-12.801852,-2.9304266,86.42758,25.0,111.67907,31.513935,-12.724274,-3.3520198,87.028,25.001282,110.46772,0.6991471
2.1708333333333334,30.961624,-12.801852,-2.9304266,86.42758,25.0,111.67907,31.537271,-12.721628,-3.3697214,87.00552,25.008732,110.46551,0.7285504
2.175,30.961624,-12.801852,-2.9304266,86.42758,25.0,111.67907,31.557804,-12.719923,-3.3872938,86.97865,25.010674,110.46153,0.7555598
2.1791666666666667,30.961624,-12.801852,-2.9304266,86.42758,25.0,111.67907,31.580751,-12.719894,-3.4059267,86.94999,25.017544,110.4559,0.78494334
2.183333333333333,30.961624,-12.801852,-2.9304266,86.42758,25.0,111.67907,31.604208,-12.717886,-3.4251895,86.917366,25.026821,110.44809,0.8153249
2.1875,30.961624,-12.801852,-2.9304266,86.42758,25.0,111.67907,31.623806,-12.715783,-3.4474597,86.882774,25.03233,110.44243,0.8445211
2.191666666666667,30.961624,-12.801852,-2.9304266,86.42758,25.0,111.67907,31.639215,-12.71364,-3.4700675,86.84699,25.037922,110.438,0.870703
2.1958333333333333,30.961624,-12.801852,-2.9304266,86.42758,25.0,111.67907,31.65015,-12.711156,-3.4916406,86.81371,25.04581,110.43425,0.89289147
2.2,30.961624,-12.801852,-2.9304266,86.42758,25.0,111.67907,31.657608,-12.708506,-3.512394,86.7834,25.057522,110.42981,0.91202694
2.2041666666666666,30.961624,-12.801852,-2.9304266,86.42758,25.0,111.67907,31.662556,-12.706261,-3.5318193,86.75603,25.07045,110.42571,0.928502
2.2083333333333335,30.961624,-12.801852,-2.9304266,86.42758,25.0,111.67907,31.665949,-12.704336,-3.5495896,86.73246,25.084923,110.42214,0.9428391
2.2125,30.961624,-12.801852,-2.9304266,86.42758,25.0,111.67907,31.667894,-12.703048,-3.5652337,86.71288,25.100437,110.41912,0.95475656
2.216666666666667,30.961624,-12.801852,-2.9304266,86.42758,25.0,111.67907,31.668507,-12.701927,-3.5785427,86.6973,25.115238,110.41669,0.9642211
2.220833333333333,30.961624,-12.801852,-2.9304266,86.42758,25.0,111.67907,31.66821,-12.700893,-3.5897455,86.6845,25.12764,110.414825,0.9716771
2.225,30.961624,-12.801852,-2.9304266,86.42758,25.0,111.67907,31.667706,-12.699797,-3.598535,86.67437,25.137653,110.4136,0.9774125
2.2291666666666665,30.961624,-12.801852,-2.9304266,86.42758,25.0,111.67907,31.667307,-12.69898,-3.605166,86.66661,25.145264,110.41253,0.98175555
2.2333333333333334,30.961624,-12.801852,-2.9304266,86.42758,25.0,111.67907,31.666826,-12.6984415,-3.6097798,86.661446,25.150524,110.41154,0.9846444
2.2375,30.961624,-12.801852,-2.9304266,86.42758,25.0,111.67907,31.666502,-12.698023,-3.6125197,86.658516,25.153862,110.41052,0.98634905
2.2416666666666667,30.961624,-12.801852,-2.9304266,86.42758,25.0,111.67907,31.666227,-12.697864,-3.6139798,86.656845,25.155651,110.40968,0.98717993
2.245833333333333,30.961624,-12.801852,-2.9304266,86.42758,25.0,111.67907,31.66601,-12.697884,-3.6146903,86.65593,25.156448,110.40902,0.9875148
2.25,30.961624,-12.801852,-2.9304266,86.42758,25.0,111.67907,31.665894,-12.697941,-3.6150255,86.65546,25.156815,110.40852,0.98765814
2.254166666666667,30.961624,-12.801852,-2.9304266,86.42758,25.0,111.67907,31.665861,-12.69799,-3.615181,86.65523,25.156967,110.40825,0.9877376
2.2583333333333333,30.961624,-12.801852,-2.9304266,86.42758,25.0,111.67907,31.665863,-12.698024,-3.6152549,86.655136,25.157047,110.40812,0.9877867
2.2625,30.961624,-12.801852,-2.9304266,86.42758,25.0,111.67907,31.665865,-12.698025,-3.6152678,86.655136,25.157066,110.40811,0.9877969
2.2666666666666666,30.961624,-12.801852,-2.9304266,86.42758,25.0,111.67907,31.665867,-12.698029,-3.6152706,86.655136,25.157059,110.408104,0.9877998
2.2708333333333335,30.961624,-12.801852,-2.9304266,86.42758,25.0,111.67907,31.665867,-12.698029,-3.6152706,86.655136,25.157059,110.408104,0.9877998
2.275,30.961624,-12.801852,-2.9304266,86.42758,25.0,111.67907,31.665867,-12.698029,-3.6152706,86.655136,25.157059,110.408104,0.9877998
2.279166666666667,30.961624,-12.801852,-2.9304266,86.42758,25.0,111.67907,31.665867,-12.698029,-3.6152706,86.655136,25.157059,110.408104,0.9877998
2.283333333333333,30.961624,-12.801852,-2.9304266,86.42758,25.0,111.67907,31.665867,-12.698029,-3.6152706,86.655136,25.157059,110.408104,0.9877998
2.2875,30.961624,-12.801852,-2.9304266,86.42758,25.0,111.67907,31.665867,-12.698029,-3.6152706,86.655136,25.157059,110.408104,0.9877998
2.2916666666666665,30.961624,-12.801852,-2.9304266,86.42758,25.0,111.67907,31.665867,-12.698029,-3.6152706,86.655136,25.157059,110.408104,0.9877998
2.2958333333333334,30.961624,-12.801852,-2.9304266,86.42758,25.0,111.67907,31.665867,-12.698029,-3.6152706,86.655136,25.157059,110.408104,0.9877998
2.3,30.961624,-12.801852,-2.9304266,86.42758,25.0,111.67907,31.665867,-12.698029,-3.6152706,86.655136,25.157059,110.408104,0.9877998
2.3041666666666667,30.961624,-12.801852,-2.9304266,86.42758,25.0,111.67907,31.665867,-12.698029,-3.6152706,86.655136,25.157059,110.408104,0.9877998
2.308333333333333,30.961624,-12.801852,-2.9304266,86.42758,25.0,111.67907,31.665867,-12.698029,-3.6152706,86.655136,25.157059,110.408104,0.9877998
2.3125,30.961624,-12.801852,-2.9304266,86.42758,25.0,111.67907,31.665867,-12.698029,-3.6152706,86.655136,25.157059,110.408104,0.9877998
2.316666666666667,30.961624,-12.801852,-2.9304266,86.42758,25.0,111.67907,31.665867,-12.698029,-3.6152706,86.655136,25.157059,110.408104,0.9877998
2.3208333333333333,30.961624,-12.801852,-2.9304266,86.42758,25.0,111.67907,31.665867,-12.698029,-3.6152706,86.655136,25.157059,110.408104,0.9877998
2.325,30.961624,-12.801852,-2.9304266,86.42758,25.0,111.67907,31.665867,-12.698029,-3.6152706,86.655136,25.157059,110.408104,0.9877998
2.3291666666666666,30.961624,-12.801852,-2.9304266,86.42758,25.0,111.67907,31.665867,-12.698029,-3.6152706,86.655136,25.157059,110.408104,0.9877998
2.3333333333333335,30.961624,-12.801852,-2.9304266,86.42758,25.0,111.67907,31.665867,-12.698029,-3.6152706,86.655136,25.157059,110.408104,0.9877998
2.3375,30.961624,-12.801852,-2.9304266,86.42758,25.0,111.67907,31.665867,-12.698029,-3.6152706,86.655136,25.157059,110.408104,0.9877998
2.341666666666667,30.961624,-12.801852,-2.9304266,86.42758,25.0,111.67907,31.665867,-12.698029,-3.6152706,86.655136,25.157059,110.408104,0.9877998
2.345833333333333,30.961624,-12.801852,-2.9304266,86.42758,25.0,111.67907,31.665867,-12.698029,-3.6152706,86.655136,25.157059,110.408104,0.9877998
2.35,30.961624,-12.801852,-2.9304266,86.42758,25.0,111.67907,31.665867,-12.698029,-3.6152706,86.655136,25.157059,110.408104,0.9877998
2.3541666666666665,30.961624,-12.801852,-2.9304266,86.42758,25.0,111.67907,31.665867,-12.698029,-3.6152706,86.655136,25.157059,110.408104,0.9877998
2.3583333333333334,30.961624,-12.801852,-2.9304266,86.42758,25.0,111.67907,31.665867,-12.698029,-3.6152706,86.655136,25.157059,110.408104,0.9877998
2.3625,30.961624,-12.801852,-2.9304266,86.42758,25.0,111.67907,31.665867,-12.698029,-3.6152706,86.655136,25.157059,110.408104,0.9877998
2.3666666666666667,30.961624,-12.801852,-2.9304266,86.42758,25.0,111.67907,31.665867,-12.698029,-3.6152706,86.655136,25.157059,110.408104,0.9877998
2.370833333333333,30.961624,-12.801852,-2.9304266,86.42758,25.0,111.67907,31.665867,-12.698029,-3.6152706,86.655136,25.157059,110.408104,0.9877998
2.375,30.961624,-12.801852,-2.9304266,86.42758,25.0,111.67907,31.665867,-12.698029,-3.6152706,86.655136,25.157059,110.408104,0.9877998
2.379166666666667,30.961624,-12.801852,-2.9304266,86.42758,25.0,111.67907,31.665867,-12.698029,-3.6152706,86.655136,25.157059,110.408104,0.9877998
2.3833333333333333,30.961624,-12.801852,-2.9304266,86.42758,25.0,111.67907,31.665867,-12.698029,-3.6152706,86.655136,25.157059,110.408104,0.9877998
2.3875,30.961624,-12.801852,-2.9304266,86.42758,25.0,111.67907,31.665867,-12.698029,-3.6152706,86.655136,25.157059,110.408104,0.9877998
2.3916666666666666,30.961624,-12.801852,-2.9304266,86.42758,25.0,111.67907,31.665867,-12.698029,-3.6152706,86.655136,25.157059,110.408104,0.9877998
2.3958333333333335,30.961624,-12.801852,-2.9304266,86.42758,25.0,111.67907,31.665867,-12.698029,-3.6152706,86.655136,25.157059,110.408104,0.9877998
2.4,30.961624,-12.801852,-2.9304266,86.42758,25.0,111.67907,31.665867,-12.698029,-3.6152706,86.655136,25.157059,110.408104,0.9877998
2.404166666666667,30.961624,-12.801852,-2.9304266,86.42758,25.0,111.67907,31.665867,-12.698029,-3.6152706,86.655136,25.157059,110.408104,0.9877998
2.408333333333333,30.961624,-12.801852,-2.9304266,86.42758,25.0,111.67907,31.665867,-12.698029,-3.6152706,86.655136,25.157059,110.408104,0.9877998
2.4125,30.961624,-12.801852,-2.9304266,86.42758,25.0,111.67907,31.665867,-12.698029,-3.6152706,86.655136,25.157059,110.408104,0.9877998
2.4166666666666665,30.961624,-12.801852,-2.9304266,86.42758,25.0,111.67907,31.665867,-12.698029,-3.6152706,86.655136,25.157059,110.408104,0.9877998
2.4208333333333334,30.961624,-12.801852,-2.9304266,86.42758,25.0,111.67907,31.665867,-12.698029,-3.6152706,86.655136,25.157059,110.408104,0.9877998
2.425,30.961624,-12.801852,-2.9304266,86.42758,25.0,111.67907,31.665867,-12.698029,-3.6152706,86.655136,25.157059,110.408104,0.9877998
2.4291666666666667,30.961624,-12.801852,-2.9304266,86.42758,25.0,111.67907,31.665867,-12.698029,-3.6152706,86.655136,25.157059,110.408104,0.9877998
2.433333333333333,30.961624,-12.801852,-2.9304266,86.42758,25.0,111.67907,31.665867,-12.698029,-3.6152706,86.655136,25.157059,110.408104,0.9877998
2.4375,30.961624,-12.801852,-2.9304266,86.42758,25.0,111.67907,31.665867,-12.698029,-3.6152706,86.655136,25.157059,110.408104,0.9877998
2.441666666666667,30.961624,-12.801852,-2.9304266,86.42758,25.0,111.67907,31.665867,-12.698029,-3.6152706,86.655136,25.157059,110.408104,0.9877998
2.4458333333333333,30.961624,-12.801852,-2.9304266,86.42758,25.0,111.67907,31.665867,-12.698029,-3.6152706,86.655136,25.157059,110.408104,0.9877998
2.45,30.961624,-12.801852,-2.9304266,86.42758,25.0,111.67907,31.665867,-12.698029,-3.6152706,86.655136,25.157059,110.408104,0.9877998
2.4541666666666666,30.961624,-12.801852,-2.9304266,86.42758,25.0,111.67907,31.665867,-12.698029,-3.6152706,86.655136,25.157059,110.408104,0.9877998
2.4583333333333335,30.961624,-12.801852,-2.9304266,86.42758,25.0,111.67907,31.665867,-12.698029,-3.6152706,86.655136,25.157059,110.408104,0.9877998
2.4625,30.961624,-12.801852,-2.9304266,86.42758,25.0,111.67907,31.665867,-12.698029,-3.6152706,86.655136,25.157059,110.408104,0.9877998
2.466666666666667,30.961624,-12.801852,-2.9304266,86.42758,25.0,111.67907,31.665867,-12.698029,-3.6152706,86.655136,25.157059,110.408104,0.9877998
2.470833333333333,30.961624,-12.801852,-2.9304266,86.42758,25.0,111.67907,31.665867,-12.698029,-3.6152706,86.655136,25.157059,110.408104,0.9877998
2.475,30.961624,-12.801852,-2.9304266,86.42758,25.0,111.67907,31.665867,-12.698029,-3.6152706,86.655136,25.157059,110.408104,0.9877998
2.4791666666666665,30.961624,-12.801852,-2.9304266,86.42758,25.0,111.67907,31.665867,-12.698029,-3.6152706,86.655136,25.157059,110.408104,0.9877998
2.4833333333333334,30.961624,-12.801852,-2.9304266,86.42758,25.0,111.67907,31.665867,-12.698029,-3.6152706,86.655136,25.157059,110.408104,0.9877998
2.4875,30.961624,-12.801852,-2.9304266,86.42758,25.0,111.67907,31.665867,-12.698029,-3.6152706,86.655136,25.157059,110.408104,0.9877998
2.4916666666666667,30.961624,-12.801852,-2.9304266,86.42758,25.0,111.67907,31.665867,-12.698029,-3.6152706,86.655136,25.157059,110.408104,0.9877998
2.495833333333333,30.961624,-12.801852,-2.9304266,86.42758,25.0,111.67907,31.665867,-12.698029,-3.6152706,86.655136,25.157059,110.408104,0.9877998
2.5,30.961624,-12.801852,-2.9304266,86.42758,25.0,111.67907,31.665867,-12.698029,-3.6152706,86.655136,25.157059,110.408104,0.9877998
2.504166666666667,30.961624,-12.801852,-2.9304266,86.42758,25.0,111.67907,31.665867,-12.698029,-3.6152706,86.655136,25.157059,110.408104,0.9877998
2.5083333333333333,30.961624,-12.801852,-2.9304266,86.42758,25.0,111.67907,31.665867,-12.698029,-3.6152706,86.655136,25.157059,110.408104,0.9877998
2.5125,30.961624,-12.801852,-2.9304266,86.42758,25.0,111.67907,31.665867,-12.698029,-3.6152706,86.655136,25.157059,110.408104,0.9877998
2.5166666666666666,30.961624,-12.801852,-2.9304266,86.42758,25.0,111.67907,31.665867,-12.698029,-3.6152706,86.655136,25.157059,110.408104,0.9877998
2.5208333333333335,30.961624,-12.801852,-2.9304266,86.42758,25.0,111.67907,31.665867,-12.698029,-3.6152706,86.655136,25.157059,110.408104,0.9877998
2.525,30.961624,-12.801852,-2.9304266,86.42758,25.0,111.67907,31.665867,-12.698029,-3.6152706,86.655136,25.157059,110.408104,0.9877998
2.529166666666667,30.961624,-12.801852,-2.9304266,86.42758,25.0,111.67907,31.665867,-12.698029,-3.6152706,86.655136,25.157059,110.408104,0.9877998
2.533333333333333,30.961624,-12.801852,-2.9304266,86.42758,25.0,111.67907,31.665869,-12.6980295,-3.6152654,86.65513,25.157066,110.4081,0.98779744
2.5375,30.961624,-12.801852,-2.9304266,86.42758,25.0,111.67907,31.665878,-12.698036,-3.615261,86.655106,25.157028,110.40807,0.98780054
2.5416666666666665,30.961624,-12.801852,-2.9304266,86.42758,25.0,111.67907,31.665922,-12.698051,-3.6151876,86.65506,25.15689,110.40802,0.9877793
2.5458333333333334,30.961624,-12.801852,-2.9304266,86.42758,25.0,111.67907,31.66601,-12.698128,-3.6149926,86.654884,25.156307,110.40808,0.98769873
2.55,30.961624,-12.801852,-2.9304266,86.42758,25.0,111.67907,31.666153,-12.698275,-3.6145535,86.65462,25.154762,110.40843,0.987481
2.5541666666666667,30.961624,-12.801852,-2.9304266,86.42758,25.0,111.67907,31.66635,-12.698513,-3.6137495,86.65402,25.151669,110.4093,0.98703945
2.558333333333333,30.961624,-12.801852,-2.9304266,86.42758,25.0,111.67907,31.666567,-12.698884,-3.612556,86.65259,25.146347,110.41085,0.98633015
2.5625,30.961624,-12.801852,-2.9304266,86.42758,25.0,111.67907,31.666752,-12.699544,-3.6108127,86.64965,25.137707,110.413284,0.98518896
2.566666666666667,30.961624,-12.801852,-2.9304266,86.42758,25.0,111.67907,31.666801,-12.700706,-3.6082997,86.64461,25.124748,110.41684,0.98337054
2.5708333333333333,30.961624,-12.801852,-2.9304266,86.42758,25.0,111.67907,31.66646,-12.702389,-3.6048937,86.63681,25.106853,110.42179,0.9806082
2.575,30.961624,-12.801852,-2.9304266,86.42758,25.0,111.67907,31.665329,-12.704538,-3.6005068,86.625465,25.08368,110.42856,0.97656435
2.5791666666666666,30.961624,-12.801852,-2.9304266,86.42758,25.0,111.67907,31.66273,-12.707012,-3.595675,86.609085,25.055302,110.43726,0.9711326
2.5833333333333335,30.961624,-12.801852,-2.9304266,86.42758,25.0,111.67907,31.658585,-12.70941,-3.5934343,86.5887,25.02066,110.44869,0.966374
2.5875,30.961624,-12.801852,-2.9304266,86.42758,25.0,111.67907,31.652447,-12.711955,-3.593637,86.56283,24.980934,110.46294,0.9618552
2.591666666666667,30.961624,-12.801852,-2.9304266,86.42758,25.0,111.67907,31.643425,-12.714529,-3.5971537,86.530624,24.937737,110.48076,0.95760256
2.595833333333333,30.961624,-12.801852,-2.9304266,86.42758,25.0,111.67907,31.63128,-12.717581,-3.6039357,86.49184,24.890293,110.50221,0.95349693
2.6,30.961624,-12.801852,-2.9304266,86.42758,25.0,111.67907,31.615059,-12.720116,-3.613823,86.44515,24.840313,110.52989,0.9490461
2.6041666666666665,30.961624,-12.801852,-2.9304266,86.42758,25.0,111.67907,31.594393,-12.7221155,-3.6258059,86.39114,24.782341,110.56436,0.9435605
2.6083333333333334,30.961624,-12.801852,-2.9304266,86.42758,25.0,111.67907,31.568846,-12.724443,-3.6420226,86.3289,24.721672,110.605095,0.9386581
2.6125,30.961624,-12.801852,-2.9304266,86.42758,25.0,111.67907,31.53699,-12.727485,-3.6637993,86.25698,24.658218,110.650856,0.9350995
2.6166666666666667,30.961624,-12.801852,-2.9304266,86.42758,25.0,111.67907,31.49471,-12.728307,-3.6873221,86.17833,24.597141,110.70885,0.9286987
2.620833333333333,30.961624,-12.801852,-2.9304266,86.42758,25.0,111.67907,31.443111,-12.730152,-3.7111325,86.08839,24.534336,110.7743,0.9200395
2.625,30.961624,-12.801852,-2.9304266,86.42758,25.0,111.67907,31.386559,-12.73673,-3.731464,85.9908,24.468224,110.83903,0.90910447
2.629166666666667,30.961624,-12.801852,-2.9304266,86.42758,25.0,111.67907,31.33416,-12.743643,-3.7646103,85.86719,24.401134,110.89945,0.91544175
2.6333333333333333,30.961624,-12.801852,-2.9304266,86.42758,25.0,111.67907,31.273018,-12.750328,-3.8090734,85.72662,24.333736,110.952225,0.93361723
2.6375,30.961624,-12.801852,-2.9304266,86.42758,25.0,111.67907,31.208168,-12.756065,-3.865367,85.570915,24.262062,111.00623,0.9679844
2.6416666666666666,30.961624,-12.801852,-2.9304266,86.42758,25.0,111.67907,31.150545,-12.76291,-3.9284043,85.40447,24.214813,111.05617,1.0164484
2.6458333333333335,30.961624,-12.801852,-2.9304266,86.42758,25.0,111.67907,31.094336,-12.763087,-3.9814372,85.23067,24.213867,111.10083,1.0600653
2.65,30.961624,-12.801852,-2.9304266,86.42758,25.0,111.67907,31.038353,-12.751261,-4.007722,85.06236,24.246773,111.13484,1.0812086
2.654166666666667,30.961685,-12.801815,-2.9304254,86.42747,25.0,111.67897,30.99638,-12.758568,-4.0082703,84.911896,24.284962,111.146576,1.0792699
2.658333333333333,30.962105,-12.801573,-2.9304264,86.42667,25.0,111.67826,30.9443,-12.770265,-3.9616766,84.81701,24.325565,111.152954,1.031879
2.6625,30.963226,-12.800925,-2.9304254,86.42453,25.0,111.67636,30.89395,-12.767721,-3.8791037,84.73752,24.396118,111.16131,0.9517837
2.6666666666666665,30.965374,-12.799686,-2.9304276,86.42043,25.0,111.67272,30.841732,-12.757814,-3.7838707,84.70145,24.471111,111.175865,0.86336887
2.6708333333333334,30.968855,-12.797676,-2.9304252,86.4138,25.0,111.666824,30.772724,-12.747511,-3.702002,84.699974,24.54718,111.16789,0.7976934
2.675,30.973955,-12.79473,-2.930427,86.404076,25.0,111.65818,30.701689,-12.736163,-3.6254668,84.718765,24.622513,111.12219,0.7487585
2.6791666666666667,30.980953,-12.790692,-2.930425,86.39075,25.0,111.64632,30.582958,-12.724333,-3.5366764,84.77385,24.683647,111.167656,0.7282475
2.683333333333333,30.990105,-12.785414,-2.9304264,86.373314,25.0,111.6308,30.476772,-12.718648,-3.4344263,84.89639,24.728256,111.26719,0.7224844
2.6875,31.001637,-12.778753,-2.930426,86.35134,25.0,111.61124,30.408289,-12.682295,-3.3511705,85.07544,24.859425,111.311615,0.7337517
2.691666666666667,31.015781,-12.770585,-2.930425,86.324394,25.0,111.58723,30.310581,-12.622281,-3.300322,85.286385,25.141926,111.39931,0.81001556
2.6958333333333333,31.032745,-12.760788,-2.9304252,86.29208,25.0,111.55842,30.203722,-12.55005,-3.2935424,85.51236,25.625595,111.46188,0.9292709
2.7,31.052721,-12.749261,-2.930426,86.25405,25.0,111.52445,30.119076,-12.477098,-3.2744637,85.71433,26.136898,111.52566,1.0315657
2.7041666666666666,31.07588,-12.735884,-2.930426,86.20996,25.0,111.485054,30.094452,-12.420298,-3.2571368,85.901764,26.684353,111.52442,1.0814508
2.7083333333333335,31.102388,-12.72058,-2.9304268,86.159515,25.0,111.439896,30.09989,-12.373581,-3.27291,86.05182,27.317211,111.470795,1.1147676
2.7125,31.13239,-12.703259,-2.9304264,86.10245,25.0,111.388725,30.13177,-12.334634,-3.3467507,86.16948,28.021412,111.292915,1.1447493
2.716666666666667,31.166018,-12.6838455,-2.9304273,86.038506,25.0,111.33128,30.166061,-12.294199,-3.439024,86.2122,28.697159,110.98804,1.1876057
2.720833333333333,31.203392,-12.662266,-2.930427,85.967476,25.0,111.26735,30.089083,-12.2238865,-3.6143346,86.296425,29.837273,110.71692,1.378982
2.725,31.244614,-12.638465,-2.9304268,85.889175,25.0,111.19671,29.991156,-12.135399,-3.798267,86.37066,30.92487,110.536064,1.6054217
2.7291666666666665,31.289782,-12.6123905,-2.9304278,85.80344,25.0,111.119156,29.931873,-12.061338,-3.9230747,86.36828,31.720642,110.41807,1.770006
2.7333333333333334,31.338964,-12.583992,-2.9304264,85.71014,25.0,111.03454,29.8915,-12.0534,-3.9804854,86.30644,32.195515,110.39136,1.8652892
2.7375,31.392239,-12.553236,-2.9304273,85.60915,25.0,110.94267,29.888962,-12.112919,-4.0079784,86.20526,32.432484,110.36261,1.9012724
2.7416666666666667,31.44965,-12.52009,-2.9304273,85.50042,25.0,110.84344,29.909903,-12.195708,-4.0170903,86.110855,32.498764,110.33989,1.9122975
2.745833333333333,31.511242,-12.4845295,-2.930427,85.38387,25.0,110.736694,29.890602,-12.275597,-4.02481,86.04186,32.41476,110.314415,1.9666724
2.75,31.577045,-12.446538,-2.9304264,85.25948,25.0,110.62234,29.890554,-12.404907,-4.0036063,85.999794,32.185345,110.29294,1.9994249
2.754166666666667,31.647076,-12.406105,-2.9304252,85.12725,25.0,110.50028,29.9046,-12.526691,-3.992858,85.93628,31.826836,110.30576,2.0443888
2.7583333333333333,31.721344,-12.363229,-2.9304261,84.98718,25.0,110.37043,29.919943,-12.649728,-3.9936767,85.85233,31.360817,110.26023,2.11131
2.7625,31.799845,-12.317904,-2.930425,84.839325,25.0,110.232735,29.950905,-12.805091,-3.9833312,85.79027,30.887714,110.1575,2.182783
2.7666666666666666,31.882566,-12.27015,-2.9304278,84.68374,25.0,110.08713,29.983114,-12.973261,-3.9040198,85.77197,30.34861,110.04605,2.2472572
2.7708333333333335,31.969475,-12.219969,-2.9304261,84.52052,25.0,109.93361,29.96029,-13.125921,-3.7957745,85.75363,29.749912,109.954285,2.3677833
2.775,32.060547,-12.16739,-2.930426,84.34978,25.0,109.77212,29.96879,-13.258352,-3.6485343,85.69516,29.028622,109.83203,2.4660344
2.779166666666667,32.15573,-12.112434,-2.9304256,84.17164,25.0,109.60268,30.006905,-13.379284,-3.4754004,85.59646,28.212036,109.65394,2.553304
2.783333333333333,32.254982,-12.055132,-2.930427,83.986244,25.0,109.42528,30.01452,-13.482008,-3.3082633,85.51187,27.578575,109.42339,2.6829839
2.7875,32.35823,-11.995522,-2.9304276,83.793785,25.0,109.23995,30.000818,-13.558229,-3.1421852,85.451675,27.042809,109.16918,2.8362458
2.7916666666666665,32.46541,-11.933641,-2.9304273,83.594444,25.0,109.04673,29.999928,-13.616185,-2.9712782,85.39555,26.507816,108.92199,2.9851665
2.7958333333333334,32.576435,-11.86954,-2.930425,83.38844,25.0,108.845665,30.012646,-13.657819,-2.7755613,85.31489,25.955544,108.68016,3.1296868
2.8,32.691227,-11.803265,-2.9304264,83.17599,25.0,108.63682,30.027323,-13.692361,-2.5831375,85.235344,25.405693,108.36429,3.2841558
2.8041666666666667,32.80969,-11.73487,-2.9304252,82.957344,25.0,108.42027,30.06194,-13.7260685,-2.4046288,85.17072,24.897812,108.00748,3.4338696
2.808333333333333,32.931717,-11.664417,-2.9304254,82.732765,25.0,108.196106,30.069937,-13.735902,-2.2525911,85.09568,24.410542,107.815765,3.5972621
2.8125,33.057205,-11.591967,-2.9304256,82.50253,25.0,107.96444,30.103165,-13.717831,-2.110094,84.99741,23.93602,107.66609,3.7307637
2.816666666666667,33.18603,-11.5175905,-2.9304261,82.26695,25.0,107.72539,30.1607,-13.702813,-1.977397,84.8773,23.460052,107.531334,3.851765
2.8208333333333333,33.318077,-11.441352,-2.930425,82.02632,25.0,107.47909,30.189648,-13.675188,-1.8924761,84.762985,23.14291,107.47481,3.9817624
2.825,33.453217,-11.36333,-2.9304254,81.78096,25.0,107.22568,30.219955,-13.637516,-1.8426371,84.6176,22.876453,107.42727,4.0999002
2.8291666666666666,33.591312,-11.283603,-2.9304256,81.53121,25.0,106.965324,30.242771,-13.597469,-1.8102951,84.42554,22.624786,107.3975,4.22154
2.8333333333333335,33.732227,-11.202244,-2.9304252,81.27741,25.0,106.698204,30.296146,-13.537056,-1.7921057,84.21055,22.39207,107.34435,4.307409
2.8375,33.875813,-11.119345,-2.9304273,81.01992,25.0,106.42451,30.380257,-13.47057,-1.7881441,83.962746,22.172848,107.29842,4.3648577
2.841666666666667,34.021923,-11.034988,-2.9304261,80.75911,25.0,106.14443,30.478533,-13.398685,-1.7868061,83.670166,21.970234,107.24467,4.4102774
2.845833333333333,34.1704,-10.949265,-2.9304264,80.495346,25.0,105.85821,30.589293,-13.322677,-1.7830324,83.33536,21.801334,107.17139,4.446788
2.85,34.321087,-10.862266,-2.930428,80.229004,25.0,105.56604,30.716125,-13.247759,-1.7809048,82.97005,21.672024,107.04842,4.473
2.8541666666666665,34.473824,-10.774081,-2.9304247,79.96048,25.0,105.268196,30.860863,-13.160227,-1.7852192,82.58066,21.579063,106.90655,4.478691
2.8583333333333334,34.62844,-10.684816,-2.9304283,79.69015,25.0,104.96491,31.002409,-13.066826,-1.8084545,82.13795,21.529556,106.73619,4.481172
2.8625,34.78477,-10.594557,-2.9304276,79.41841,25.0,104.65648,31.151854,-12.958508,-1.8419151,81.66504,21.489338,106.54906,4.468916
2.8666666666666667,34.942642,-10.50341,-2.9304264,79.14566,25.0,104.343155,31.30955,-12.852312,-1.8731775,81.15437,21.466774,106.34232,4.453592
2.870833333333333,35.101875,-10.411478,-2.9304278,78.87229,25.0,104.02526,31.470224,-12.747506,-1.9018555,80.620804,21.44334,106.118225,4.438905
2.875,35.2623,-10.318856,-2.9304266,78.598694,25.0,103.70309,31.639977,-12.626488,-1.9283714,80.08844,21.449127,105.88164,4.4102716
2.879166666666667,35.423733,-10.225652,-2.9304254,78.32526,25.0,103.37695,31.795378,-12.492023,-1.9749231,79.53423,21.498287,105.63739,4.383422
2.8833333333333333,35.58599,-10.131972,-2.9304266,78.05237,25.0,103.04719,31.954231,-12.339909,-2.043889,78.97495,21.601173,105.39635,4.341729
2.8875,35.748898,-10.037919,-2.9304264,77.78041,25.0,102.714134,32.11848,-12.190764,-2.11137,78.420425,21.708862,105.155334,4.2994795
2.8916666666666666,35.912266,-9.943597,-2.9304264,77.50976,25.0,102.37815,32.27571,-12.045481,-2.171955,77.87463,21.812992,104.90823,4.268223
2.8958333333333335,36.07591,-9.849118,-2.9304245,77.24079,25.0,102.0396,32.43404,-11.903606,-2.2307758,77.34833,21.91542,104.6515,4.2395325
2.9,36.239643,-9.754585,-2.9304252,76.973854,25.0,101.69884,32.59527,-11.756176,-2.288989,76.834,22.040188,104.399574,4.2070503
2.904166666666667,36.40329,-9.660106,-2.9304273,76.7093,25.0,101.35625,32.755352,-11.604427,-2.3509169,76.33535,22.175694,104.15885,4.174167
2.908333333333333,36.566654,-9.5657835,-2.9304247,76.44748,25.0,101.012245,32.908623,-11.4478245,-2.4221153,75.86729,22.32343,103.928986,4.145076
2.9125,36.72956,-9.47173,-2.9304261,76.188705,25.0,100.66719,33.06006,-11.278357,-2.5200033,75.3932,22.485569,103.70655,4.110668
2.9166666666666665,36.89182,-9.378051,-2.9304247,75.93331,25.0,100.32151,33.2033,-11.096531,-2.640005,74.90165,22.647411,103.49777,4.079545
2.9208333333333334,37.053253,-9.284848,-2.9304261,75.68158,25.0,99.9756,33.337757,-10.902535,-2.784051,74.40912,22.8162,103.292854,4.0550275
2.925,37.213676,-9.192228,-2.930425,75.433815,25.0,99.62989,33.468693,-10.692043,-2.947425,73.92456,23.013378,103.08628,4.0341835
2.9291666666666667,37.372913,-9.100293,-2.9304285,75.19027,25.0,99.28479,33.595,-10.479443,-3.1237888,73.4626,23.22477,102.87561,4.0264206
2.933333333333333,37.53078,-9.009145,-2.930426,74.951225,25.0,98.94074,33.725903,-10.26786,-3.310824,73.02442,23.44571,102.67708,4.0256886
2.9375,37.68711,-8.918888,-2.930427,74.7169,25.0,98.598145,33.85774,-10.049233,-3.496828,72.60758,23.689236,102.46966,4.032689
2.941666666666667,37.84173,-8.82962,-2.9304247,74.48754,25.0,98.25745,33.983913,-9.832796,-3.6837244,72.24818,23.955196,102.265045,4.0566683
2.9458333333333333,37.994465,-8.741438,-2.9304268,74.26333,25.0,97.91907,34.11547,-9.610923,-3.861433,71.90427,24.250244,102.06318,4.082814
2.95,38.145153,-8.654439,-2.9304268,74.04447,25.0,97.58345,34.283516,-9.419855,-4.025468,71.585236,24.548542,101.84358,4.086223
2.9541666666666666,38.293633,-8.568715,-2.9304276,73.83113,25.0,97.25101,34.48759,-9.235843,-4.1824403,71.30138,24.874805,101.5954,4.0618405
2.9583333333333335,38.43974,-8.484359,-2.9304261,73.623474,25.0,96.922195,34.704987,-9.070263,-4.322946,71.0569,25.204987,101.33957,4.0287433
2.9625,38.583324,-8.40146,-2.9304245,73.42163,25.0,96.59741,34.91368,-8.886079,-4.4117393,70.888435,25.553024,101.063385,3.9869077
2.966666666666667,38.72424,-8.320106,-2.930427,73.225716,25.0,96.27708,35.13818,-8.699983,-4.4582267,70.78963,25.894794,100.76813,3.9164143
2.970833333333333,38.862335,-8.240373,-2.930427,73.035835,25.0,95.961624,35.387016,-8.508153,-4.486508,70.72973,26.219692,100.47197,3.8171895
2.975,38.997475,-8.162353,-2.9304245,72.85209,25.0,95.65144,35.64345,-8.295972,-4.5237784,70.74032,26.612019,100.16479,3.7156563
2.9791666666666665,39.12952,-8.086115,-2.9304285,72.67452,25.0,95.34695,35.940266,-8.060498,-4.560651,70.792915,27.067299,99.830414,3.5818467
2.9833333333333334,39.25835,-8.011735,-2.930425,72.50321,25.0,95.048515,36.260548,-7.8411007,-4.603486,70.87587,27.562366,99.453926,3.4373057
2.9875,39.383835,-7.9392867,-2.9304276,72.33818,25.0,94.75653,36.601994,-7.6331186,-4.6316185,70.99611,28.066666,99.040665,3.2751231
2.9916666666666667,39.505863,-7.868832,-2.9304273,72.17946,25.0,94.47137,36.93437,-7.4433165,-4.661831,71.10442,28.59879,98.59296,3.1291227
2.995833333333333,39.62433,-7.800441,-2.930428,72.027054,25.0,94.19336,37.26481,-7.283742,-4.676449,71.23252,29.14941,98.10805,2.9804196
3.0,39.739117,-7.734164,-2.9304264,71.88097,25.0,93.92288,37.639297,-7.1553946,-4.6814303,71.34225,29.673622,97.61399,2.794679
3.004166666666667,39.850147,-7.67006,-2.930427,71.741165,25.0,93.660225,38.03792,-7.060564,-4.667092,71.42822,30.12463,97.10671,2.582954
3.0083333333333333,39.957325,-7.6081824,-2.9304266,71.607635,25.0,93.40571,38.46903,-6.9768934,-4.617194,71.48757,30.444077,96.61322,2.336394
3.0125,40.060574,-7.5485716,-2.9304264,71.48032,25.0,93.159615,38.895687,-6.860606,-4.5630097,71.50647,30.684505,96.17189,2.1202796
3.0166666666666666,40.15982,-7.4912705,-2.930426,71.359184,25.0,92.922226,39.29559,-6.772805,-4.505263,71.50655,30.810776,95.7461,1.934735
3.0208333333333335,40.25501,-7.436313,-2.9304247,71.24415,25.0,92.69376,39.67138,-6.7366695,-4.4586997,71.504875,30.9254,95.327774,1.7792552
3.025,40.346077,-7.383734,-2.930425,71.13515,25.0,92.47448,40.02137,-6.715475,-4.430848,71.44729,30.941677,94.9845,1.6742983
3.029166666666667,40.43299,-7.333556,-2.9304278,71.03209,25.0,92.264534,40.333103,-6.722727,-4.377437,71.37852,30.80613,94.66457,1.5738254
3.033333333333333,40.51571,-7.2857976,-2.9304256,70.9349,25.0,92.06413,40.608814,-6.7528677,-4.339935,71.28112,30.621868,94.32486,1.5097679
3.0375,40.594208,-7.240475,-2.9304254,70.84347,25.0,91.87341,40.847538,-6.7669096,-4.28872,71.12508,30.33508,94.04046,1.460618
3.0416666666666665,40.668476,-7.1975975,-2.9304268,70.75769,25.0,91.69248,41.060635,-6.763279,-4.272312,70.98175,29.983482,93.81741,1.4639252
3.0458333333333334,40.738506,-7.1571646,-2.9304261,70.67746,25.0,91.52145,41.27453,-6.7356443,-4.2286186,70.85989,29.570004,93.655945,1.4663911
3.05,40.80431,-7.1191726,-2.9304273,70.602646,25.0,91.360344,41.446926,-6.691492,-4.168328,70.72285,29.115673,93.53518,1.458857
3.0541666666666667,40.865902,-7.0836134,-2.9304264,70.533134,25.0,91.20921,41.590073,-6.641638,-4.096122,70.545685,28.575863,93.4076,1.441739
3.058333333333333,40.923313,-7.050467,-2.9304245,70.46879,25.0,91.06805,41.695187,-6.558447,-4.0284996,70.32356,27.967632,93.23813,1.42956
3.0625,40.976585,-7.019711,-2.930426,70.40946,25.0,90.9368,41.759975,-6.5120373,-3.941997,70.15956,27.326653,93.04304,1.3764843
3.066666666666667,41.025772,-6.991311,-2.9304245,70.35502,25.0,90.8154,41.808067,-6.477585,-3.8486376,70.034004,26.765648,92.85546,1.3111124
3.0708333333333333,41.07094,-6.965236,-2.930426,70.305305,25.0,90.703735,41.805603,-6.4405003,-3.7754564,69.9061,26.282318,92.710815,1.2365909
3.075,41.11216,-6.9414363,-2.930425,70.26017,25.0,90.60166,41.784668,-6.4384527,-3.7065344,69.79649,25.821732,92.598404,1.1435059
3.0791666666666666,41.149536,-6.9198575,-2.9304276,70.21944,25.0,90.50899,41.74228,-6.4768286,-3.6280212,69.73241,25.494541,92.497375,1.0169836
3.0833333333333335,41.183163,-6.900444,-2.9304266,70.18295,25.0,90.4255,41.643238,-6.5105553,-3.5494986,69.67297,25.230003,92.3672,0.8642527
3.0875,41.213165,-6.8831224,-2.9304261,70.15053,25.0,90.35093,41.539383,-6.5282345,-3.4672394,69.63747,25.001858,92.21451,0.72147894
3.091666666666667,41.239674,-6.8678174,-2.9304256,70.12198,25.0,90.28498,41.47072,-6.5537376,-3.3764586,69.63113,24.807835,91.99321,0.59242994
3.095833333333333,41.262833,-6.854445,-2.9304237,70.097115,25.0,90.22731,41.39596,-6.5928774,-3.3046188,69.63054,24.620552,91.71227,0.4755659
3.1,41.282806,-6.8429155,-2.930428,70.07572,25.0,90.17753,41.324467,-6.656394,-3.2479124,69.64642,24.461987,91.40507,0.3705701
3.1041666666666665,41.29977,-6.8331175,-2.9304235,70.0576,25.0,90.13523,41.2672,-6.750572,-3.1915455,69.716896,24.383911,91.07063,0.27578834
3.1083333333333334,41.31392,-6.824953,-2.9304247,70.04252,25.0,90.09992,41.237198,-6.8452587,-3.151822,69.80896,24.397617,90.769394,0.23519199
3.1125,41.32545,-6.8182926,-2.9304273,70.030235,25.0,90.07114,41.22722,-6.906708,-3.1121511,69.89488,24.448124,90.510574,0.22470061
3.1166666666666667,41.3346,-6.813012,-2.9304247,70.020515,25.0,90.048294,41.2196,-6.9711657,-3.0882254,69.97868,24.515217,90.25668,0.25127298
3.120833333333333,41.341595,-6.808972,-2.9304247,70.013084,25.0,90.03082,41.199913,-7.025998,-3.0743532,70.071205,24.609993,90.02815,0.29646164
3.125,41.3467,-6.8060265,-2.9304256,70.00767,25.0,90.01807,41.177746,-7.0662575,-3.0753803,70.148865,24.70937,89.86137,0.3424575
3.129166666666667,41.350178,-6.804017,-2.930427,70.003975,25.0,90.00938,41.156025,-7.099104,-3.0740871,70.235374,24.80851,89.72705,0.38132635
3.1333333333333333,41.352325,-6.8027763,-2.9304242,70.0017,25.0,90.004005,41.15166,-7.120222,-3.085517,70.29103,24.89001,89.60115,0.4063149
3.1375,41.353447,-6.8021297,-2.9304256,70.00051,25.0,90.001205,41.169933,-7.1338644,-3.0979528,70.332695,24.975174,89.4974,0.4144762
3.1416666666666666,41.353867,-6.801887,-2.9304285,70.00006,25.0,90.00015,41.206482,-7.1445,-3.104638,70.38135,25.059364,89.4097,0.41164878
3.1458333333333335,41.353928,-6.8018513,-2.930426,70.0,25.0,90.0,41.24919,-7.1527824,-3.1207838,70.42757,25.16727,89.31513,0.4127451
3.15,41.353928,-6.8018513,-2.930426,70.0,25.0,90.0,41.294586,-7.1572685,-3.1352377,70.47296,25.266933,89.22413,0.41447645
3.154166666666667,41.353928,-6.8018513,-2.930426,70.0,25.0,90.0,41.344566,-7.157769,-3.1422396,70.52085,25.343678,89.14727,0.4142828
3.158333333333333,41.353928,-6.8018513,-2.930426,70.0,25.0,90.0,41.394722,-7.159542,-3.1381693,70.5681,25.405262,89.094284,0.41564915
3.1625,41.353928,-6.8018513,-2.930426,70.0,25.0,90.0,41.44079,-7.1639233,-3.1144552,70.60856,25.448841,89.06557,0.41534045
3.1666666666666665,41.353928,-6.8018513,-2.930426,70.0,25.0,90.0,41.47844,-7.1723175,-3.080267,70.64387,25.47659,89.040535,0.41856986
3.1708333333333334,41.353928,-6.8018513,-2.930426,70.0,25.0,90.0,41.509445,-7.1763353,-3.0435991,70.67759,25.493908,89.02089,0.42098957
3.175,41.353928,-6.8018513,-2.930426,70.0,25.0,90.0,41.53389,-7.1791964,-3.004424,70.70778,25.502323,89.01379,0.42456028
3.1791666666666667,41.353928,-6.8018513,-2.930426,70.0,25.0,90.0,41.55249,-7.1813,-2.9657755,70.739,25.506145,89.01693,0.4297187
3.183333333333333,41.353928,-6.8018513,-2.930426,70.0,25.0,90.0,41.56305,-7.178504,-2.9259386,70.76863,25.508553,89.0293,0.43083557
3.1875,41.353928,-6.8018513,-2.930426,70.0,25.0,90.0,41.57149,-7.172427,-2.886796,70.795876,25.508022,89.04629,0.43193054
3.191666666666667,41.353928,-6.8018513,-2.930426,70.0,25.0,90.0,41.576492,-7.167101,-2.850646,70.82401,25.505901,89.05957,0.43509442
3.1958333333333333,41.353928,-6.8018513,-2.930426,70.0,25.0,90.0,41.580273,-7.162081,-2.8155785,70.8499,25.498322,89.06983,0.44066688
3.2,41.353928,-6.8018513,-2.930426,70.0,25.0,90.0,41.582764,-7.1579275,-2.7817183,70.87454,25.486683,89.0769,0.44863147
3.2041666666666666,41.353928,-6.8018513,-2.930426,70.0,25.0,90.0,41.583946,-7.1551456,-2.7510214,70.895935,25.472534,89.08082,0.45816094
3.2083333333333335,41.353928,-6.8018513,-2.930426,70.0,25.0,90.0,41.58429,-7.1526785,-2.7242565,70.91354,25.456707,89.0833,0.46760255
3.2125,41.353928,-6.8018513,-2.930426,70.0,25.0,90.0,41.58409,-7.15067,-2.7013502,70.92828,25.439186,89.08536,0.47657683
3.216666666666667,41.353928,-6.8018513,-2.930426,70.0,25.0,90.0,41.583942,-7.1492167,-2.6827736,70.93943,25.423233,89.08668,0.48466605
3.220833333333333,41.353928,-6.8018513,-2.930426,70.0,25.0,90.0,41.583664,-7.1482353,-2.6682663,70.94754,25.409843,89.08792,0.49141464
3.225,41.353928,-6.8018513,-2.930426,70.0,25.0,90.0,41.583275,-7.147547,-2.6575565,70.95307,25.399208,89.08903,0.4965513
3.2291666666666665,41.353928,-6.8018513,-2.930426,70.0,25.0,90.0,41.58292,-7.14692,-2.6499329,70.95668,25.391323,89.08975,0.5001864
3.2333333333333334,41.353928,-6.8018513,-2.930426,70.0,25.0,90.0,41.58278,-7.146186,-2.6446953,70.95883,25.38604,89.09012,0.50257456
3.2375,41.353928,-6.8018513,-2.930426,70.0,25.0,90.0,41.582832,-7.1455307,-2.6413364,70.960014,25.38276,89.09039,0.5040691
3.2416666666666667,41.353928,-6.8018513,-2.930426,70.0,25.0,90.0,41.58293,-7.1450243,-2.6393127,70.96067,25.380775,89.09064,0.50493306
3.245833333333333,41.353928,-6.8018513,-2.930426,70.0,25.0,90.0,41.582966,-7.14466,-2.6381655,70.96109,25.379772,89.09098,0.5053637
3.25,41.353928,-6.8018513,-2.930426,70.0,25.0,90.0,41.58293,-7.144432,-2.6375341,70.96133,25.379345,89.09128,0.5055591
3.254166666666667,41.353928,-6.8018513,-2.930426,70.0,25.0,90.0,41.5829,-7.144335,-2.6372576,70.96144,25.379211,89.09144,0.5056396
3.2583333333333333,41.353928,-6.8018513,-2.930426,70.0,25.0,90.0,41.58289,-7.144305,-2.6371546,70.9615,25.379208,89.091484,0.5056741
3.2625,41.353928,-6.8018513,-2.930426,70.0,25.0,90.0,41.582893,-7.1442957,-2.6371183,70.96151,25.379192,89.09149,0.50569046
3.2666666666666666,41.353928,-6.8018513,-2.930426,70.0,25.0,90.0,41.58289,-7.1442957,-2.6371164,70.96151,25.379192,89.09149,0.5056898
3.2708333333333335,41.353928,-6.8018513,-2.930426,70.0,25.0,90.0,41.58289,-7.1442957,-2.6371164,70.96151,25.379192,89.09149,0.5056898
3.275,41.353928,-6.8018513,-2.930426,70.0,25.0,90.0,41.58289,-7.1442957,-2.6371164,70.96151,25.379192,89.09149,0.5056898
3.279166666666667,41.353928,-6.8018513,-2.930426,70.0,25.0,90.0,41.58289,-7.1442957,-2.6371164,70.96151,25.379192,89.09149,0.5056898
3.283333333333333,41.353928,-6.8018513,-2.930426,70.0,25.0,90.0,41.58289,-7.1442957,-2.6371164,70.96151,25.379185,89.09149,0.5056898
3.2875,41.353928,-6.8018513,-2.930426,70.0,25.0,90.0,41.582893,-7.1442976,-2.6371164,70.96152,25.379185,89.09149,0.50569284
3.2916666666666665,41.353928,-6.8018513,-2.930426,70.0,25.0,90.0,41.58289,-7.1442976,-2.6371155,70.96152,25.379189,89.09149,0.50569165
3.2958333333333334,41.353928,-6.8018513,-2.930426,70.0,25.0,90.0,41.582893,-7.144293,-2.6371155,70.96152,25.379189,89.09149,0.50569016
3.3,41.353928,-6.8018513,-2.930426,70.0,25.0,90.0,41.582893,-7.1442957,-2.6371155,70.96151,25.379185,89.09149,0.50569206
3.3041666666666667,41.353928,-6.8018513,-2.930426,70.0,25.0,90.0,41.582893,-7.1442957,-2.6371164,70.96152,25.379189,89.09149,0.5056915
3.308333333333333,41.353928,-6.8018513,-2.930426,70.0,25.0,90.0,41.582893,-7.1442976,-2.6371183,70.96151,25.37918,89.09149,0.5056917
3.3125,41.353928,-6.8018513,-2.930426,70.0,25.0,90.0,41.582893,-7.1442976,-2.6371174,70.96151,25.379189,89.0915,0.50569224
3.316666666666667,41.353928,-6.8018513,-2.930426,70.0,25.0,90.0,41.582893,-7.1442976,-2.6371174,70.96151,25.379189,89.0915,0.50569224
3.3208333333333333,41.353928,-6.8018513,-2.930426,70.0,25.0,90.0,41.582893,-7.1442986,-2.6371183,70.96151,25.379189,89.09151,0.50569236
3.325,41.353928,-6.8018513,-2.930426,70.0,25.0,90.0,41.582893,-7.1443005,-2.6371183,70.96151,25.379189,89.0915,0.5056937
3.3291666666666666,41.353928,-6.8018513,-2.930426,70.0,25.0,90.0,41.58289,-7.1442986,-2.6371193,70.96151,25.379189,89.0915,0.5056901
3.3333333333333335,41.353928,-6.8018513,-2.930426,70.0,25.0,90.0,41.58289,-7.1442986,-2.6371174,70.96152,25.379185,89.09151,0.50569123
3.3375,41.353928,-6.8018513,-2.930426,70.0,25.0,90.0,41.58289,-7.1442986,-2.6371155,70.96151,25.379189,89.09151,0.5056923
3.341666666666667,41.353928,-6.8018513,-2.930426,70.0,25.0,90.0,41.582886,-7.1442957,-2.6371164,70.96151,25.379192,89.09151,0.5056881
3.345833333333333,41.353928,-6.8018513,-2.930426,70.0,25.0,90.0,41.58289,-7.1442976,-2.6371164,70.96152,25.379189,89.09151,0.5056911
3.35,41.353928,-6.8018513,-2.930426,70.0,25.0,90.0,41.582893,-7.1442957,-2.6371174,70.96152,25.379185,89.09151,0.505691
3.3541666666666665,41.353928,-6.8018513,-2.930426,70.0,25.0,90.0,41.58289,-7.1442976,-2.6371136,70.96151,25.379189,89.09151,0.5056928
3.3583333333333334,41.353928,-6.8018513,-2.930426,70.0,25.0,90.0,41.58289,-7.1442976,-2.6371155,70.96151,25.379189,89.09151,0.50569165
3.3625,41.353928,-6.8018513,-2.930426,70.0,25.0,90.0,41.582886,-7.1442976,-2.6371136,70.96151,25.379192,89.09151,0.50569105
3.3666666666666667,41.353928,-6.8018513,-2.930426,70.0,25.0,90.0,41.582886,-7.1442986,-2.6371117,70.96152,25.379189,89.09151,0.5056928
3.370833333333333,41.353928,-6.8018513,-2.930426,70.0,25.0,90.0,41.582886,-7.1442986,-2.6371126,70.96152,25.379189,89.09151,0.50569224
3.375,41.353928,-6.8018513,-2.930426,70.0,25.0,90.0,41.58289,-7.1442986,-2.6371155,70.96152,25.379185,89.09151,0.5056923
3.379166666666667,41.353928,-6.8018513,-2.930426,70.0,25.0,90.0,41.582886,-7.1443005,-2.6371164,70.96152,25.379189,89.09151,0.50569135
3.3833333333333333,41.353928,-6.8018513,-2.930426,70.0,25.0,90.0,41.582886,-7.1443005,-2.6371136,70.96152,25.379189,89.09151,0.50569296
3.3875,41.353928,-6.8018513,-2.930426,70.0,25.0,90.0,41.582886,-7.1442986,-2.6371164,70.96152,25.379185,89.09151,0.50569004
3.3916666666666666,41.353928,-6.8018513,-2.930426,70.0,25.0,90.0,41.582886,-7.1442986,-2.6371164,70.96152,25.379185,89.09151,0.50569004
3.3958333333333335,41.353928,-6.8018513,-2.930426,70.0,25.0,90.0,41.582886,-7.1442986,-2.6371164,70.96152,25.379185,89.09151,0.50569004
3.4,41.353928,-6.8018513,-2.930426,70.0,25.0,90.0,41.582886,-7.1442976,-2.6371136,70.96152,25.379185,89.09151,0.50569105
3.404166666666667,41.353928,-6.8018513,-2.930426,70.0,25.0,90.0,41.582886,-7.1442986,-2.6371126,70.96152,25.37918,89.09151,0.50569224
3.408333333333333,41.353928,-6.8018513,-2.930426,70.0,25.0,90.0,41.582886,-7.1442976,-2.6371164,70.96152,25.37918,89.09151,0.5056894
3.4125,41.353928,-6.8018513,-2.930426,70.0,25.0,90.0,41.582886,-7.1442976,-2.6371136,70.96152,25.37918,89.09151,0.50569105
3.4166666666666665,41.353928,-6.8018513,-2.930426,70.0,25.0,90.0,41.582886,-7.1442976,-2.6371126,70.96152,25.37918,89.09151,0.5056916
3.4208333333333334,41.353928,-6.8018513,-2.930426,70.0,25.0,90.0,41.582886,-7.1442976,-2.6371126,70.96152,25.37918,89.09151,0.5056916
3.425,41.353928,-6.8018513,-2.930426,70.0,25.0,90.0,41.582886,-7.1442986,-2.6371136,70.961525,25.37918,89.0915,0.50569165
3.4291666666666667,41.353928,-6.8018513,-2.930426,70.0,25.0,90.0,41.582886,-7.1442986,-2.6371117,70.96152,25.37918,89.0915,0.5056928
3.433333333333333,41.353928,-6.8018513,-2.930426,70.0,25.0,90.0,41.582886,-7.1442986,-2.6371098,70.96152,25.379185,89.0915,0.5056939
3.4375,41.353928,-6.8018513,-2.930426,70.0,25.0,90.0,41.58289,-7.1443005,-2.6371107,70.96152,25.379192,89.0915,0.50569636
3.441666666666667,41.353928,-6.8018513,-2.930426,70.0,25.0,90.0,41.58289,-7.1443005,-2.6371136,70.96152,25.379189,89.0915,0.5056947
3.4458333333333333,41.353928,-6.8018513,-2.930426,70.0,25.0,90.0,41.58289,-7.1442986,-2.6371155,70.96152,25.379189,89.0915,0.5056923
3.45,41.353928,-6.8018513,-2.930426,70.0,25.0,90.0,41.58289,-7.1442986,-2.6371174,70.96152,25.379185,89.0915,0.50569123
3.4541666666666666,41.353928,-6.8018513,-2.930426,70.0,25.0,90.0,41.582886,-7.1442986,-2.6371136,70.96152,25.379189,89.09149,0.50569165
3.4583333333333335,41.353928,-6.8018513,-2.930426,70.0,25.0,90.0,41.58289,-7.1442986,-2.6371126,70.96151,25.379192,89.09149,0.505694
3.4625,41.353928,-6.8018513,-2.930426,70.0,25.0,90.0,41.58289,-7.1442957,-2.6371155,70.96152,25.379192,89.09149,0.5056904
3.466666666666667,41.353928,-6.8018513,-2.930426,70.0,25.0,90.0,41.58289,-7.1442976,-2.6371202,70.96151,25.379189,89.09149,0.5056889
3.470833333333333,41.353928,-6.8018513,-2.930426,70.0,25.0,90.0,41.58289,-7.1443014,-2.6371164,70.96152,25.379192,89.09149,0.5056937
3.475,41.353928,-6.8018513,-2.930426,70.0,25.0,90.0,41.58289,-7.1442976,-2.6371136,70.96151,25.379192,89.09149,0.5056928
3.4791666666666665,41.353928,-6.8018513,-2.930426,70.0,25.0,90.0,41.58289,-7.1442986,-2.6371136,70.96151,25.379189,89.09149,0.50569344
3.4833333333333334,41.353928,-6.8018513,-2.930426,70.0,25.0,90.0,41.58289,-7.1443005,-2.6371155,70.96152,25.379192,89.09149,0.5056936
3.4875,41.353928,-6.8018513,-2.930426,70.0,25.0,90.0,41.58289,-7.1443005,-2.6371136,70.96152,25.379192,89.09149,0.5056947
3.4916666666666667,41.353928,-6.8018513,-2.930426,70.0,25.0,90.0,41.582893,-7.1442976,-2.6371164,70.96151,25.379185,89.09149,0.50569284
3.495833333333333,41.353928,-6.8018513,-2.930426,70.0,25.0,90.0,41.58289,-7.1442986,-2.6371136,70.96152,25.379189,89.09149,0.50569344
3.5,41.353928,-6.8018513,-2.930426,70.0,25.0,90.0,41.58289,-7.1442986,-2.6371174,70.96151,25.379189,89.09149,0.50569123
3.504166666666667,41.353928,-6.8018513,-2.930426,70.0,25.0,90.0,41.58289,-7.1442976,-2.6371155,70.96152,25.379189,89.09149,0.50569165
3.5083333333333333,41.353928,-6.8018513,-2.930426,70.0,25.0,90.0,41.582893,-7.1442976,-2.6371155,70.96152,25.379189,89.09149,0.5056934
3.5125,41.353928,-6.8018513,-2.930426,70.0,25.0,90.0,41.58289,-7.1442986,-2.6371136,70.96152,25.379185,89.09149,0.50569344
3.5166666666666666,41.353928,-6.8018513,-2.930426,70.0,25.0,90.0,41.582893,-7.1443005,-2.6371126,70.96152,25.379189,89.09149,0.50569695
3.5208333333333335,41.353928,-6.8018513,-2.930426,70.0,25.0,90.0,41.58289,-7.1442986,-2.6371136,70.96151,25.379189,89.09149,0.50569344
3.525,41.353928,-6.8018513,-2.930426,70.0,25.0,90.0,41.58289,-7.1442986,-2.6371155,70.96151,25.379185,89.09149,0.5056923
3.529166666666667,41.353928,-6.8018513,-2.930426,70.0,25.0,90.0,41.58289,-7.1442986,-2.6371155,70.96151,25.379185,89.09149,0.5056923
3.533333333333333,41.353928,-6.8018513,-2.930426,70.0,25.0,90.0,41.58289,-7.1442986,-2.6371155,70.96151,25.379185,89.09149,0.5056923
3.5375,41.353928,-6.8018513,-2.930426,70.0,25.0,90.0,41.58289,-7.1442986,-2.6371155,70.96151,25.379185,89.09149,0.5056923
3.5416666666666665,41.353928,-6.8018513,-2.930426,70.0,25.0,90.0,41.58289,-7.1442986,-2.6371155,70.96151,25.379185,89.09149,0.5056923
3.5458333333333334,41.353928,-6.8018513,-2.930426,70.0,25.0,90.0,41.58289,-7.1442986,-2.6371155,70.96151,25.379185,89.09149,0.5056923
3.55,41.353928,-6.8018513,-2.930426,70.0,25.0,90.0,41.58289,-7.1442986,-2.6371155,70.96151,25.379185,89.09149,0.5056923
3.5541666666666667,41.353928,-6.8018513,-2.930426,70.0,25.0,90.0,41.58289,-7.1442986,-2.6371155,70.96151,25.379185,89.09149,0.5056923
3.558333333333333,41.353928,-6.8018513,-2.930426,70.0,25.0,90.0,41.58289,-7.1442986,-2.6371155,70.96151,25.379185,89.09149,0.5056923
3.5625,41.353928,-6.8018513,-2.930426,70.0,25.0,90.0,41.58289,-7.1442986,-2.6371155,70.96151,25.379185,89.09149,0.5056923
3.566666666666667,41.353928,-6.8018513,-2.930426,70.0,25.0,90.0,41.58289,-7.1442986,-2.6371155,70.96151,25.379185,89.09149,0.5056923
3.5708333333333333,41.353928,-6.8018513,-2.930426,70.0,25.0,90.0,41.58289,-7.1442986,-2.6371155,70.96151,25.379185,89.09149,0.5056923
3.575,41.353928,-6.8018513,-2.930426,70.0,25.0,90.0,41.58289,-7.1442986,-2.6371155,70.96151,25.379185,89.09149,0.5056923
3.5791666666666666,41.353928,-6.8018513,-2.930426,70.0,25.0,90.0,41.58289,-7.1442986,-2.6371155,70.96151,25.379185,89.09149,0.5056923
3.5833333333333335,41.353928,-6.8018513,-2.930426,70.0,25.0,90.0,41.58289,-7.1442986,-2.6371155,70.96151,25.379185,89.09149,0.5056923
3.5875,41.353928,-6.8018513,-2.930426,70.0,25.0,90.0,41.58289,-7.1442986,-2.6371155,70.96151,25.379185,89.09149,0.5056923
3.591666666666667,41.353928,-6.8018513,-2.930426,70.0,25.0,90.0,41.58289,-7.1442986,-2.6371155,70.96151,25.379185,89.09149,0.5056923
3.595833333333333,41.353928,-6.8018513,-2.930426,70.0,25.0,90.0,41.58289,-7.1442986,-2.6371155,70.96151,25.379185,89.09149,0.5056923
3.6,41.353928,-6.8018513,-2.930426,70.0,25.0,90.0,41.58289,-7.1442986,-2.6371155,70.96151,25.379185,89.09149,0.5056923
3.6041666666666665,41.353928,-6.8018513,-2.930426,70.0,25.0,90.0,41.58289,-7.1442986,-2.6371155,70.96151,25.379185,89.09149,0.5056923
3.6083333333333334,41.353928,-6.8018513,-2.930426,70.0,25.0,90.0,41.58289,-7.1442986,-2.6371155,70.96151,25.379185,89.09149,0.5056923
3.6125,41.353928,-6.8018513,-2.930426,70.0,25.0,90.0,41.58289,-7.1442986,-2.6371155,70.96151,25.379185,89.09149,0.5056923
3.6166666666666667,41.353928,-6.8018513,-2.930426,70.0,25.0,90.0,41.58289,-7.1442986,-2.6371155,70.96151,25.379185,89.09149,0.5056923
3.620833333333333,41.353928,-6.8018513,-2.930426,70.0,25.0,90.0,41.58289,-7.1442986,-2.6371155,70.96151,25.379185,89.09149,0.5056923
3.625,41.353928,-6.8018513,-2.930426,70.0,25.0,90.0,41.58289,-7.1442986,-2.6371155,70.96151,25.379185,89.09149,0.5056923
3.629166666666667,41.353928,-6.8018513,-2.930426,70.0,25.0,90.0,41.58289,-7.1442986,-2.6371155,70.96151,25.379185,89.09149,0.5056923
3.6333333333333333,41.353928,-6.8018513,-2.930426,70.0,25.0,90.0,41.58289,-7.1442986,-2.6371155,70.96151,25.379185,89.09149,0.5056923
3.6375,41.353928,-6.8018513,-2.930426,70.0,25.0,90.0,41.58289,-7.1442986,-2.6371155,70.96151,25.379185,89.09149,0.5056923
3.6416666666666666,41.353928,-6.8018513,-2.930426,70.0,25.0,90.0,41.58289,-7.1442986,-2.6371155,70.96151,25.379185,89.09149,0.5056923
3.6458333333333335,41.353928,-6.8018513,-2.930426,70.0,25.0,90.0,41.58289,-7.1442986,-2.6371155,70.96151,25.379185,89.09149,0.5056923
3.65,41.353928,-6.8018513,-2.930426,70.0,25.0,90.0,41.58289,-7.1442986,-2.6371155,70.96151,25.379185,89.09149,0.5056923
3.654166666666667,41.353928,-6.8018513,-2.930426,70.0,25.0,90.0,41.58289,-7.1442986,-2.6371155,70.96151,25.379185,89.09149,0.5056923
3.658333333333333,41.353928,-6.8018513,-2.930426,70.0,25.0,90.0,41.58289,-7.1442986,-2.6371155,70.96151,25.379185,89.09149,0.5056923
3.6625,41.353928,-6.8018513,-2.930426,70.0,25.0,90.0,41.58289,-7.1442986,-2.6371155,70.96151,25.379185,89.09149,0.5056923
3.6666666666666665,41.353928,-6.8018513,-2.930426,70.0,25.0,90.0,41.58289,-7.1442986,-2.6371155,70.96151,25.379185,89.09149,0.5056923
3.6708333333333334,41.353928,-6.8018513,-2.930426,70.0,25.0,90.0,41.58289,-7.1442986,-2.6371155,70.96151,25.379185,89.09149,0.5056923
3.675,41.353928,-6.8018513,-2.930426,70.0,25.0,90.0,41.58289,-7.1442986,-2.6371155,70.96151,25.379185,89.09149,0.5056923
3.6791666666666667,41.353928,-6.8018513,-2.930426,70.0,25.0,90.0,41.582893,-7.1442986,-2.6371136,70.96152,25.379185,89.09149,0.50569516
3.683333333333333,41.353928,-6.8018513,-2.930426,70.0,25.0,90.0,41.582893,-7.1442976,-2.6371136,70.96152,25.379185,89.09149,0.5056945
3.6875,41.353928,-6.8018513,-2.930426,70.0,25.0,90.0,41.582893,-7.1442976,-2.6371164,70.96151,25.37918,89.09149,0.50569284
3.691666666666667,41.353928,-6.8018513,-2.930426,70.0,25.0,90.0,41.582893,-7.1442986,-2.6371164,70.96152,25.37918,89.09149,0.5056935
3.6958333333333333,41.353928,-6.8018513,-2.930426,70.0,25.0,90.0,41.582893,-7.1442976,-2.6371164,70.96151,25.379185,89.0915,0.50569284
3.7,41.353928,-6.8018513,-2.930426,70.0,25.0,90.0,41.582893,-7.1442986,-2.6371183,70.96151,25.379185,89.09149,0.50569236
3.7041666666666666,41.353928,-6.8018513,-2.930426,70.0,25.0,90.0,41.582893,-7.1442986,-2.6371174,70.96151,25.379185,89.0915,0.5056929
3.7083333333333335,41.353928,-6.8018513,-2.930426,70.0,25.0,90.0,41.582893,-7.1442986,-2.6371183,70.96151,25.379185,89.0915,0.50569236
3.7125,41.353928,-6.8018513,-2.930426,70.0,25.0,90.0,41.582893,-7.1442947,-2.6371193,70.96151,25.37918,89.09151,0.5056892
3.716666666666667,41.353928,-6.8018513,-2.930426,70.0,25.0,90.0,41.58289,-7.1442957,-2.6371193,70.96151,25.379192,89.0915,0.50568813
3.720833333333333,41.353928,-6.8018513,-2.930426,70.0,25.0,90.0,41.582893,-7.1442976,-2.6371193,70.96151,25.379189,89.0915,0.5056912
3.725,41.353928,-6.8018513,-2.930426,70.0,25.0,90.0,41.58289,-7.1443014,-2.6371174,70.96152,25.379185,89.09151,0.50569314
3.7291666666666665,41.353928,-6.8018513,-2.930426,70.0,25.0,90.0,41.58289,-7.1442976,-2.6371126,70.96151,25.37918,89.09151,0.5056933
3.7333333333333334,41.353928,-6.8018513,-2.930426,70.0,25.0,90.0,41.58289,-7.1442957,-2.6371164,70.96152,25.379189,89.09151,0.5056898
3.7375,41.353928,-6.8018513,-2.930426,70.0,25.0,90.0,41.582886,-7.1442976,-2.6371136,70.96152,25.379192,89.09151,0.50569105
3.7416666666666667,41.353928,-6.8018513,-2.930426,70.0,25.0,90.0,41.582893,-7.1442947,-2.6371164,70.96152,25.379192,89.09151,0.5056909
3.745833333333333,41.353928,-6.8018513,-2.930426,70.0,25.0,90.0,41.58289,-7.1442976,-2.6371136,70.96152,25.37918,89.09151,0.5056928
3.75,41.353928,-6.8018513,-2.930426,70.0,25.0,90.0,41.58289,-7.1442976,-2.6371164,70.96151,25.379189,89.09151,0.5056911
3.754166666666667,41.353928,-6.8018513,-2.930426,70.0,25.0,90.0,41.582886,-7.1442976,-2.6371126,70.96151,25.379189,89.09151,0.5056916
3.7583333333333333,41.353928,-6.8018513,-2.930426,70.0,25.0,90.0,41.58289,-7.1442976,-2.6371126,70.96152,25.379189,89.09151,0.5056933
3.7625,41.353928,-6.8018513,-2.930426,70.0,25.0,90.0,41.582886,-7.1442986,-2.6371126,70.96152,25.379185,89.09151,0.50569224
3.7666666666666666,41.353928,-6.8018513,-2.930426,70.0,25.0,90.0,41.58289,-7.1442976,-2.6371126,70.96152,25.379185,89.09151,0.5056933
3.7708333333333335,41.353928,-6.8018513,-2.930426,70.0,25.0,90.0,41.582886,-7.1442986,-2.6371155,70.96152,25.379185,89.09151,0.5056906
3.775,41.353928,-6.8018513,-2.930426,70.0,25.0,90.0,41.582886,-7.1442986,-2.6371155,70.96152,25.379185,89.09151,0.5056906
3.779166666666667,41.353928,-6.8018513,-2.930426,70.0,25.0,90.0,41.582886,-7.1442976,-2.6371155,70.96152,25.379185,89.09151,0.5056899
3.783333333333333,41.353928,-6.8018513,-2.930426,70.0,25.0,90.0,41.582886,-7.1442976,-2.6371164,70.96152,25.379189,89.09151,0.5056894
3.7875,41.353928,-6.8018513,-2.930426,70.0,25.0,90.0,41.582886,-7.1442986,-2.6371155,70.96152,25.37918,89.09151,0.5056906
3.7916666666666665,41.353928,-6.8018513,-2.930426,70.0,25.0,90.0,41.582886,-7.1442976,-2.6371136,70.96152,25.379185,89.0915,0.50569105
3.7958333333333334,41.353928,-6.8018513,-2.930426,70.0,25.0,90.0,41.582886,-7.1442976,-2.6371164,70.96152,25.379185,89.09151,0.5056894
3.8,41.353928,-6.8018513,-2.930426,70.0,25.0,90.0,41.582886,-7.1442976,-2.6371164,70.96152,25.379185,89.09151,0.5056894
3.8041666666666667,41.353928,-6.8018513,-2.930426,70.0,25.0,90.0,41.582886,-7.1442976,-2.6371155,70.96152,25.379185,89.09151,0.5056899
3.808333333333333,41.353928,-6.8018513,-2.930426,70.0,25.0,90.0,41.582886,-7.1442957,-2.6371155,70.96152,25.379189,89.09151,0.50568867
3.8125,41.353928,-6.8018513,-2.930426,70.0,25.0,90.0,41.582886,-7.1442976,-2.6371155,70.96152,25.379185,89.09151,0.5056899
3.816666666666667,41.353928,-6.8018513,-2.930426,70.0,25.0,90.0,41.582886,-7.1443005,-2.6371174,70.96152,25.379185,89.0915,0.50569075
3.8208333333333333,41.353928,-6.8018513,-2.930426,70.0,25.0,90.0,41.582886,-7.1442986,-2.6371155,70.96152,25.379185,89.0915,0.5056906
3.825,41.353928,-6.8018513,-2.930426,70.0,25.0,90.0,41.582886,-7.1442986,-2.6371126,70.96152,25.379185,89.0915,0.50569224
3.8291666666666666,41.353928,-6.8018513,-2.930426,70.0,25.0,90.0,41.58289,-7.1442986,-2.6371126,70.961525,25.379189,89.0915,0.505694
3.8333333333333335,41.353928,-6.8018513,-2.930426,70.0,25.0,90.0,41.58289,-7.1442986,-2.6371117,70.96152,25.379189,89.0915,0.5056945
3.8375,41.353928,-6.8018513,-2.930426,70.0,25.0,90.0,41.58289,-7.1443005,-2.6371164,70.96151,25.379192,89.0915,0.505693
3.841666666666667,41.353928,-6.8018513,-2.930426,70.0,25.0,90.0,41.58289,-7.1443005,-2.6371136,70.96152,25.379189,89.0915,0.5056947
3.845833333333333,41.353928,-6.8018513,-2.930426,70.0,25.0,90.0,41.582886,-7.1442976,-2.6371107,70.96152,25.379189,89.0915,0.50569266
3.85,41.353928,-6.8018513,-2.930426,70.0,25.0,90.0,41.582893,-7.1443005,-2.6371136,70.96152,25.379192,89.09149,0.5056964
3.8541666666666665,41.353928,-6.8018513,-2.930426,70.0,25.0,90.0,41.58289,-7.1442986,-2.6371155,70.96151,25.3792,89.0915,0.5056923
3.8583333333333334,41.353928,-6.8018513,-2.930426,70.0,25.0,90.0,41.58289,-7.1442986,-2.6371183,70.96151,25.379192,89.09149,0.50569063
3.8625,41.353928,-6.8018513,-2.930426,70.0,25.0,90.0,41.582886,-7.1442986,-2.6371174,70.96152,25.379192,89.09149,0.50568944
3.8666666666666667,41.353928,-6.8018513,-2.930426,70.0,25.0,90.0,41.58289,-7.1442986,-2.6371155,70.96152,25.379192,89.09149,0.5056923
3.870833333333333,41.353928,-6.8018513,-2.930426,70.0,25.0,90.0,41.58289,-7.1442976,-2.6371183,70.96151,25.379192,89.09149,0.50569
3.875,41.353928,-6.8018513,-2.930426,70.0,25.0,90.0,41.58289,-7.1442976,-2.6371164,70.96152,25.379192,89.09149,0.5056911
3.879166666666667,41.353928,-6.8018513,-2.930426,70.0,25.0,90.0,41.58289,-7.1442986,-2.6371136,70.96152,25.379185,89.09149,0.50569344
3.8833333333333333,41.353928,-6.8018513,-2.930426,70.0,25.0,90.0,41.582893,-7.1442986,-2.6371183,70.96151,25.379189,89.09149,0.50569236
3.8875,41.353928,-6.8018513,-2.930426,70.0,25.0,90.0,41.58289,-7.1442986,-2.6371164,70.96151,25.379185,89.09149,0.5056917
3.8916666666666666,41.353928,-6.8018513,-2.930426,70.0,25.0,90.0,41.58289,-7.1442976,-2.6371174,70.96152,25.379185,89.09149,0.5056906
3.8958333333333335,41.353928,-6.8018513,-2.930426,70.0,25.0,90.0,41.58289,-7.1442957,-2.6371136,70.96151,25.379185,89.0915,0.50569147
3.9,41.353928,-6.8018513,-2.930426,70.0,25.0,90.0,41.58289,-7.1442976,-2.6371107,70.96152,25.379185,89.09149,0.5056944
3.904166666666667,41.353928,-6.8018513,-2.930426,70.0,25.0,90.0,41.58289,-7.1442957,-2.6371117,70.96151,25.379185,89.09149,0.5056926
3.908333333333333,41.353928,-6.8018513,-2.930426,70.0,25.0,90.0,41.58289,-7.1442957,-2.6371117,70.96151,25.379185,89.0915,0.5056926
3.9125,41.353928,-6.8018513,-2.930426,70.0,25.0,90.0,41.58289,-7.1442976,-2.6371107,70.96151,25.379189,89.09149,0.5056944
3.9166666666666665,41.353928,-6.8018513,-2.930426,70.0,25.0,90.0,41.58289,-7.1442976,-2.6371136,70.96152,25.379189,89.0915,0.5056928
3.9208333333333334,41.353928,-6.8018513,-2.930426,70.0,25.0,90.0,41.58289,-7.1442976,-2.6371136,70.96152,25.379189,89.0915,0.5056928
3.925,41.353928,-6.8018513,-2.930426,70.0,25.0,90.0,41.58289,-7.1442976,-2.6371136,70.96152,25.379189,89.0915,0.5056928
3.9291666666666667,41.353928,-6.8018513,-2.930426,70.0,25.0,90.0,41.58289,-7.1442976,-2.6371136,70.96152,25.379189,89.0915,0.5056928
3.933333333333333,41.353928,-6.8018513,-2.930426,70.0,25.0,90.0,41.58289,-7.1442976,-2.6371136,70.96152,25.379189,89.0915,0.5056928
3.9375,41.353928,-6.8018513,-2.930426,70.0,25.0,90.0,41.58289,-7.1442976,-2.6371136,70.96152,25.379189,89.0915,0.5056928
3.941666666666667,41.353928,-6.8018513,-2.930426,70.0,25.0,90.0,41.58289,-7.1442976,-2.6371136,70.96152,25.379189,89.0915,0.5056928
3.9458333333333333,41.353928,-6.8018513,-2.930426,70.0,25.0,90.0,41.58289,-7.1442976,-2.6371136,70.96152,25.379189,89.0915,0.5056928
3.95,41.353928,-6.8018513,-2.930426,70.0,25.0,90.0,41.58289,-7.1442976,-2.6371136,70.96152,25.379189,89.0915,0.5056928
3.9541666666666666,41.353928,-6.8018513,-2.930426,70.0,25.0,90.0,41.58289,-7.1442976,-2.6371136,70.96152,25.379189,89.0915,0.5056928
3.9583333333333335,41.353928,-6.8018513,-2.930426,70.0,25.0,90.0,41.58289,-7.1442976,-2.6371136,70.96152,25.379189,89.0915,0.5056928
3.9625,41.353928,-6.8018513,-2.930426,70.0,25.0,90.0,41.58289,-7.1442976,-2.6371136,70.96152,25.379189,89.0915,0.5056928
3.966666666666667,41.353928,-6.8018513,-2.930426,70.0,25.0,90.0,41.58289,-7.1442976,-2.6371136,70.96152,25.379189,89.0915,0.5056928
3.970833333333333,41.353928,-6.8018513,-2.930426,70.0,25.0,90.0,41.58289,-7.1442976,-2.6371136,70.96152,25.379189,89.0915,0.5056928
3.975,41.353928,-6.8018513,-2.930426,70.0,25.0,90.0,41.58289,-7.1442976,-2.6371136,70.96152,25.379189,89.0915,0.5056928
3.9791666666666665,41.353928,-6.8018513,-2.930426,70.0,25.0,90.0,41.58289,-7.1442976,-2.6371136,70.96152,25.379189,89.0915,0.5056928
3.9833333333333334,41.353928,-6.8018513,-2.930426,70.0,25.0,90.0,41.58289,-7.1442976,-2.6371136,70.96152,25.379189,89.0915,0.5056928
3.9875,41.353928,-6.8018513,-2.930426,70.0,25.0,90.0,41.58289,-7.1442976,-2.6371136,70.96152,25.379189,89.0915,0.5056928
3.9916666666666667,41.353928,-6.8018513,-2.930426,70.0,25.0,90.0,41.58289,-7.1442976,-2.6371136,70.96152,25.379189,89.0915,0.5056928
3.995833333333333,41.353928,-6.8018513,-2.930426,70.0,25.0,90.0,41.58289,-7.1442976,-2.6371136,70.96152,25.379189,89.0915,0.5056928
4.0,41.353928,-6.8018513,-2.930426,70.0,25.0,90.0,41.58289,-7.1442976,-2.6371136,70.96152,25.379189,89.0915,0.5056928
4.004166666666666,41.353928,-6.8018513,-2.930426,70.0,25.0,90.0,41.58289,-7.1442976,-2.6371136,70.96152,25.379189,89.0915,0.5056928
4.008333333333334,41.353928,-6.8018513,-2.930426,70.0,25.0,90.0,41.58289,-7.1442976,-2.6371136,70.96152,25.379189,89.0915,0.5056928
4.0125,41.353928,-6.8018513,-2.930426,70.0,25.0,90.0,41.58289,-7.1442976,-2.6371136,70.96152,25.379189,89.0915,0.5056928
4.016666666666667,41.353928,-6.8018513,-2.930426,70.0,25.0,90.0,41.58289,-7.1442976,-2.6371136,70.96152,25.379189,89.0915,0.5056928
4.020833333333333,41.353928,-6.8018513,-2.930426,70.0,25.0,90.0,41.58289,-7.1442976,-2.6371136,70.96152,25.379189,89.0915,0.5056928
4.025,41.353928,-6.8018513,-2.930426,70.0,25.0,90.0,41.58289,-7.1442976,-2.6371136,70.96152,25.379189,89.0915,0.5056928
4.029166666666667,41.353928,-6.8018513,-2.930426,70.0,25.0,90.0,41.58289,-7.1442976,-2.6371136,70.96152,25.379189,89.0915,0.5056928
4.033333333333333,41.353928,-6.8018513,-2.930426,70.0,25.0,90.0,41.58289,-7.1442976,-2.6371136,70.96152,25.379189,89.0915,0.5056928
4.0375,41.353928,-6.8018513,-2.930426,70.0,25.0,90.0,41.58289,-7.1442976,-2.6371136,70.96152,25.379189,89.0915,0.5056928
4.041666666666667,41.353928,-6.8018513,-2.930426,70.0,25.0,90.0,41.58289,-7.1442976,-2.6371136,70.96152,25.379189,89.0915,0.5056928
4.045833333333333,41.353928,-6.8018513,-2.930426,70.0,25.0,90.0,41.58289,-7.1442976,-2.6371136,70.96152,25.379189,89.0915,0.5056928
4.05,41.353928,-6.8018513,-2.930426,70.0,25.0,90.0,41.58289,-7.1442976,-2.6371136,70.96152,25.379189,89.0915,0.5056928
4.054166666666666,41.353928,-6.8018513,-2.930426,70.0,25.0,90.0,41.58289,-7.1442976,-2.6371136,70.96152,25.379189,89.0915,0.5056928
4.058333333333334,41.353928,-6.8018513,-2.930426,70.0,25.0,90.0,41.58289,-7.1442976,-2.6371136,70.96152,25.379189,89.0915,0.5056928
4.0625,41.353928,-6.8018513,-2.930426,70.0,25.0,90.0,41.58289,-7.1442976,-2.6371136,70.96152,25.379189,89.0915,0.5056928
4.066666666666666,41.353928,-6.8018513,-2.930426,70.0,25.0,90.0,41.58289,-7.1442976,-2.6371136,70.96152,25.379189,89.0915,0.5056928
4.070833333333334,41.353928,-6.8018513,-2.930426,70.0,25.0,90.0,41.58289,-7.1442976,-2.6371117,70.96152,25.379189,89.0915,0.50569385
4.075,41.353928,-6.8018513,-2.930426,70.0,25.0,90.0,41.582893,-7.1442976,-2.6371126,70.96152,25.379189,89.09149,0.50569504
4.079166666666667,41.353928,-6.8018513,-2.930426,70.0,25.0,90.0,41.582893,-7.1442976,-2.6371107,70.96152,25.379189,89.09149,0.5056962
4.083333333333333,41.353928,-6.8018513,-2.930426,70.0,25.0,90.0,41.58289,-7.1442976,-2.6371136,70.96152,25.379189,89.0915,0.5056928
4.0875,41.353928,-6.8018513,-2.930426,70.0,25.0,90.0,41.582893,-7.1442986,-2.6371174,70.96152,25.379189,89.0915,0.5056929
4.091666666666667,41.353928,-6.8018513,-2.930426,70.0,25.0,90.0,41.582893,-7.1442986,-2.6371183,70.96151,25.379189,89.0915,0.50569236
4.095833333333333,41.353928,-6.8018513,-2.930426,70.0,25.0,90.0,41.582893,-7.1442986,-2.6371174,70.96151,25.379185,89.0915,0.5056929
4.1,41.353928,-6.8018513,-2.930426,70.0,25.0,90.0,41.582893,-7.1442986,-2.6371164,70.96151,25.379189,89.0915,0.5056935
4.104166666666667,41.353928,-6.8018513,-2.930426,70.0,25.0,90.0,41.582893,-7.1442976,-2.6371174,70.96152,25.379185,89.0915,0.50569224
4.108333333333333,41.353928,-6.8018513,-2.930426,70.0,25.0,90.0,41.582893,-7.1442976,-2.6371193,70.96152,25.379189,89.0915,0.5056912
4.1125,41.353928,-6.8018513,-2.930426,70.0,25.0,90.0,41.582893,-7.1442976,-2.6371202,70.96151,25.379192,89.0915,0.50569063
4.116666666666666,41.353928,-6.8018513,-2.930426,70.0,25.0,90.0,41.58289,-7.1442986,-2.6371174,70.96151,25.379185,89.0915,0.50569123
4.120833333333334,41.353928,-6.8018513,-2.930426,70.0,25.0,90.0,41.58289,-7.1443014,-2.6371164,70.96152,25.379185,89.09151,0.5056937
4.125,41.353928,-6.8018513,-2.930426,70.0,25.0,90.0,41.582893,-7.1442957,-2.6371136,70.96151,25.379189,89.09151,0.5056932
4.129166666666666,41.353928,-6.8018513,-2.930426,70.0,25.0,90.0,41.582886,-7.1442976,-2.6371174,70.96151,25.379189,89.09151,0.50568885
4.133333333333334,41.353928,-6.8018513,-2.930426,70.0,25.0,90.0,41.582886,-7.1442976,-2.6371136,70.96152,25.379192,89.09151,0.50569105
4.1375,41.353928,-6.8018513,-2.930426,70.0,25.0,90.0,41.58289,-7.1442957,-2.6371136,70.96151,25.379189,89.09151,0.50569147
4.141666666666667,41.353928,-6.8018513,-2.930426,70.0,25.0,90.0,41.582886,-7.1442957,-2.6371164,70.96151,25.37918,89.09151,0.5056881
4.145833333333333,41.353928,-6.8018513,-2.930426,70.0,25.0,90.0,41.582886,-7.1442976,-2.6371155,70.96151,25.379185,89.09151,0.5056899
4.15,41.353928,-6.8018513,-2.930426,70.0,25.0,90.0,41.582886,-7.1442976,-2.6371155,70.96151,25.379185,89.09151,0.5056899
4.154166666666667,41.353928,-6.8018513,-2.930426,70.0,25.0,90.0,41.582886,-7.1443005,-2.6371126,70.96152,25.379189,89.09151,0.50569355
4.158333333333333,41.353928,-6.8018513,-2.930426,70.0,25.0,90.0,41.582886,-7.1442986,-2.6371136,70.96152,25.379189,89.09151,0.50569165
4.1625,41.353928,-6.8018513,-2.930426,70.0,25.0,90.0,41.582886,-7.1442986,-2.6371136,70.96152,25.37918,89.09151,0.50569165
4.166666666666667,41.353928,-6.8018513,-2.930426,70.0,25.0,90.0,41.582886,-7.1442976,-2.6371183,70.96152,25.37918,89.09151,0.50568825
4.170833333333333,41.353928,-6.8018513,-2.930426,70.0,25.0,90.0,41.582886,-7.1442976,-2.6371155,70.96152,25.379189,89.09151,0.5056899
4.175,41.353928,-6.8018513,-2.930426,70.0,25.0,90.0,41.582886,-7.1442986,-2.6371155,70.96151,25.379185,89.09151,0.5056906
4.179166666666666,41.353928,-6.8018513,-2.930426,70.0,25.0,90.0,41.582886,-7.1442986,-2.6371117,70.96152,25.37918,89.09151,0.5056928
4.183333333333334,41.353928,-6.8018513,-2.930426,70.0,25.0,90.0,41.582882,-7.1442976,-2.6371155,70.96152,25.37918,89.09151,0.5056882
4.1875,41.353928,-6.8018513,-2.930426,70.0,25.0,90.0,41.582886,-7.1442976,-2.6371155,70.96152,25.37918,89.09151,0.5056899
4.191666666666666,41.353928,-6.8018513,-2.930426,70.0,25.0,90.0,41.582886,-7.1442976,-2.6371136,70.96152,25.37918,89.09151,0.50569105
4.195833333333334,41.353928,-6.8018513,-2.930426,70.0,25.0,90.0,41.582886,-7.1442986,-2.6371164,70.96152,25.379185,89.09151,0.50569004
4.2,41.353928,-6.8018513,-2.930426,70.0,25.0,90.0,41.582882,-7.1442976,-2.6371155,70.96152,25.379185,89.09151,0.5056882
4.204166666666667,41.353928,-6.8018513,-2.930426,70.0,25.0,90.0,41.582882,-7.1442957,-2.6371126,70.96152,25.379185,89.09151,0.50568855
4.208333333333333,41.353928,-6.8018513,-2.930426,70.0,25.0,90.0,41.582886,-7.1442976,-2.6371164,70.96152,25.37918,89.09151,0.5056894
4.2125,41.353928,-6.8018513,-2.930426,70.0,25.0,90.0,41.582886,-7.1443005,-2.6371174,70.96152,25.37918,89.09151,0.50569075
4.216666666666667,41.353928,-6.8018513,-2.930426,70.0,25.0,90.0,41.582886,-7.1442976,-2.6371136,70.96152,25.379185,89.09151,0.50569105
4.220833333333333,41.353928,-6.8018513,-2.930426,70.0,25.0,90.0,41.582886,-7.1442986,-2.6371136,70.96152,25.379185,89.09151,0.50569165
4.225,41.353928,-6.8018513,-2.930426,70.0,25.0,90.0,41.582886,-7.1442986,-2.6371136,70.96152,25.379189,89.09151,0.50569165
4.229166666666667,41.353928,-6.8018513,-2.930426,70.0,25.0,90.0,41.58289,-7.1443005,-2.6371136,70.96152,25.379185,89.0915,0.5056947
4.233333333333333,41.353928,-6.8018513,-2.930426,70.0,25.0,90.0,41.582886,-7.1443005,-2.6371126,70.96152,25.379192,89.0915,0.50569355
4.2375,41.353928,-6.8018513,-2.930426,70.0,25.0,90.0,41.58289,-7.1442986,-2.6371126,70.96152,25.379189,89.0915,0.505694
4.241666666666666,41.353928,-6.8018513,-2.930426,70.0,25.0,90.0,41.582886,-7.1442976,-2.6371117,70.96152,25.379192,89.0915,0.5056921
4.245833333333334,41.353928,-6.8018513,-2.930426,70.0,25.0,90.0,41.582893,-7.1442976,-2.6371136,70.96152,25.379196,89.0915,0.5056945
4.25,41.353928,-6.8018513,-2.930426,70.0,25.0,90.0,41.582886,-7.1442976,-2.6371164,70.96151,25.379196,89.0915,0.5056894
4.254166666666666,41.353928,-6.8018513,-2.930426,70.0,25.0,90.0,41.58289,-7.1442986,-2.6371183,70.96151,25.379192,89.09149,0.50569063
4.258333333333334,41.353928,-6.8018513,-2.930426,70.0,25.0,90.0,41.582886,-7.1443005,-2.6371174,70.96152,25.379189,89.09149,0.50569075
4.2625,41.353928,-6.8018513,-2.930426,70.0,25.0,90.0,41.58289,-7.1442957,-2.6371183,70.96152,25.379189,89.09149,0.5056887
4.266666666666667,41.353928,-6.8018513,-2.930426,70.0,25.0,90.0,41.582886,-7.1442976,-2.6371164,70.96152,25.379192,89.09149,0.5056894
4.270833333333333,41.353928,-6.8018513,-2.930426,70.0,25.0,90.0,41.582886,-7.1442976,-2.6371164,70.96151,25.379189,89.0915,0.5056894
4.275,41.353928,-6.8018513,-2.930426,70.0,25.0,90.0,41.58289,-7.1443005,-2.6371164,70.96152,25.379192,89.09149,0.505693
4.279166666666667,41.353928,-6.8018513,-2.930426,70.0,25.0,90.0,41.58289,-7.1443014,-2.6371164,70.96152,25.379189,89.09149,0.5056937
4.283333333333333,41.353928,-6.8018513,-2.930426,70.0,25.0,90.0,41.58289,-7.1442986,-2.6371164,70.96152,25.379189,89.09149,0.5056917
4.2875,41.353928,-6.8018513,-2.930426,70.0,25.0,90.0,41.58289,-7.1442976,-2.6371183,70.96152,25.37918,89.09149,0.50569
4.291666666666667,41.353928,-6.8018513,-2.930426,70.0,25.0,90.0,41.58289,-7.1442986,-2.6371174,70.96152,25.379189,89.0915,0.50569123
4.295833333333333,41.353928,-6.8018513,-2.930426,70.0,25.0,90.0,41.582893,-7.1442986,-2.6371174,70.96151,25.379189,89.09149,0.5056929
4.3,41.353928,-6.8018513,-2.930426,70.0,25.0,90.0,41.582893,-7.1442986,-2.6371174,70.96151,25.379189,89.09149,0.5056929
4.304166666666666,41.353928,-6.8018513,-2.930426,70.0,25.0,90.0,41.582893,-7.1443005,-2.6371193,70.96152,25.379189,89.09149,0.5056931
4.308333333333334,41.353928,-6.8018513,-2.930426,70.0,25.0,90.0,41.582893,-7.1443005,-2.6371164,70.96152,25.379192,89.09149,0.50569475
4.3125,41.353928,-6.8018513,-2.930426,70.0,25.0,90.0,41.582893,-7.1443005,-2.6371183,70.96152,25.379189,89.09149,0.5056937
4.316666666666666,41.353928,-6.8018513,-2.930426,70.0,25.0,90.0,41.582893,-7.1443005,-2.6371183,70.96152,25.379189,89.09149,0.5056937
4.320833333333334,41.353928,-6.8018513,-2.930426,70.0,25.0,90.0,41.582893,-7.1443005,-2.6371183,70.96152,25.379189,89.09149,0.5056937
4.325,41.353928,-6.8018513,-2.930426,70.0,25.0,90.0,41.582893,-7.1443005,-2.6371183,70.96152,25.379189,89.09149,0.5056937
4.329166666666667,41.353928,-6.8018513,-2.930426,70.0,25.0,90.0,41.582893,-7.1443005,-2.6371183,70.96152,25.379189,89.09149,0.5056937
4.333333333333333,41.353928,-6.8018513,-2.930426,70.0,25.0,90.0,41.582893,-7.1443005,-2.6371183,70.96152,25.379189,89.09149,0.5056937
4.3375,41.353928,-6.8018513,-2.930426,70.0,25.0,90.0,41.582893,-7.1443005,-2.6371183,70.96152,25.379189,89.09149,0.5056937
4.341666666666667,41.353928,-6.8018513,-2.930426,70.0,25.0,90.0,41.582893,-7.1443005,-2.6371183,70.96152,25.379189,89.09149,0.5056937
4.345833333333333,41.353928,-6.8018513,-2.930426,70.0,25.0,90.0,41.582893,-7.1443005,-2.6371183,70.96152,25.379189,89.09149,0.5056937
4.35,41.353928,-6.8018513,-2.930426,70.0,25.0,90.0,41.582893,-7.1443005,-2.6371183,70.96152,25.379189,89.09149,0.5056937
4.354166666666667,41.353928,-6.8018513,-2.930426,70.0,25.0,90.0,41.582893,-7.1443005,-2.6371183,70.96152,25.379189,89.09149,0.5056937
4.358333333333333,41.353928,-6.8018513,-2.930426,70.0,25.0,90.0,41.582893,-7.1443005,-2.6371183,70.96152,25.379189,89.09149,0.5056937
4.3625,41.353928,-6.8018513,-2.930426,70.0,25.0,90.0,41.582893,-7.1443005,-2.6371183,70.96152,25.379189,89.09149,0.5056937
4.366666666666666,41.353928,-6.8018513,-2.930426,70.0,25.0,90.0,41.582893,-7.1443005,-2.6371183,70.96152,25.379189,89.09149,0.5056937
4.370833333333334,41.353928,-6.8018513,-2.930426,70.0,25.0,90.0,41.582893,-7.1443005,-2.6371183,70.96152,25.379189,89.09149,0.5056937
4.375,41.353928,-6.8018513,-2.930426,70.0,25.0,90.0,41.582893,-7.1443005,-2.6371183,70.96152,25.379189,89.09149,0.5056937
4.379166666666666,41.353928,-6.8018513,-2.930426,70.0,25.0,90.0,41.582893,-7.1443005,-2.6371183,70.96152,25.379189,89.09149,0.5056937
4.383333333333334,41.353928,-6.8018513,-2.930426,70.0,25.0,90.0,41.582893,-7.1443005,-2.6371183,70.96152,25.379189,89.09149,0.5056937
4.3875,41.353928,-6.8018513,-2.930426,70.0,25.0,90.0,41.582893,-7.1443005,-2.6371183,70.96152,25.379189,89.09149,0.5056937
4.391666666666667,41.353928,-6.8018513,-2.930426,70.0,25.0,90.0,41.582893,-7.1443005,-2.6371183,70.96152,25.379189,89.09149,0.5056937
4.395833333333333,41.353928,-6.8018513,-2.930426,70.0,25.0,90.0,41.582893,-7.1443005,-2.6371183,70.96152,25.379189,89.09149,0.5056937
4.4,41.353928,-6.8018513,-2.930426,70.0,25.0,90.0,41.582893,-7.1443005,-2.6371183,70.96152,25.379189,89.09149,0.5056937
4.404166666666667,41.353928,-6.8018513,-2.930426,70.0,25.0,90.0,41.582893,-7.1443005,-2.6371183,70.96152,25.379189,89.09149,0.5056937
4.408333333333333,41.353928,-6.8018513,-2.930426,70.0,25.0,90.0,41.582893,-7.1443005,-2.6371183,70.96152,25.379189,89.09149,0.5056937
4.4125,41.353928,-6.8018513,-2.930426,70.0,25.0,90.0,41.582893,-7.1443005,-2.6371183,70.96152,25.379189,89.09149,0.5056937
4.416666666666667,41.353928,-6.8018513,-2.930426,70.0,25.0,90.0,41.582893,-7.1443005,-2.6371183,70.96152,25.379189,89.09149,0.5056937
4.420833333333333,41.353928,-6.8018513,-2.930426,70.0,25.0,90.0,41.582893,-7.1443005,-2.6371183,70.96152,25.379189,89.09149,0.5056937
4.425,41.353928,-6.8018513,-2.930426,70.0,25.0,90.0,41.582893,-7.1443005,-2.6371183,70.96152,25.379189,89.09149,0.5056937
4.429166666666666,41.353928,-6.8018513,-2.930426,70.0,25.0,90.0,41.582893,-7.1443005,-2.6371183,70.96152,25.379189,89.09149,0.5056937
4.433333333333334,41.353928,-6.8018513,-2.930426,70.0,25.0,90.0,41.582893,-7.1443005,-2.6371183,70.96152,25.379189,89.09149,0.5056937
4.4375,41.353928,-6.8018513,-2.930426,70.0,25.0,90.0,41.582893,-7.1443005,-2.6371183,70.96152,25.379189,89.09149,0.5056937
4.441666666666666,41.353928,-6.8018513,-2.930426,70.0,25.0,90.0,41.582893,-7.1443005,-2.6371183,70.96152,25.379189,89.09149,0.5056937
4.445833333333334,41.353928,-6.8018513,-2.930426,70.0,25.0,90.0,41.582893,-7.1443005,-2.6371183,70.96152,25.379189,89.09149,0.5056937
4.45,41.353928,-6.8018513,-2.930426,70.0,25.0,90.0,41.582893,-7.1443005,-2.6371183,70.96152,25.379189,89.09149,0.5056937
4.454166666666667,41.353928,-6.8018513,-2.930426,70.0,25.0,90.0,41.582893,-7.1443005,-2.6371183,70.96152,25.379189,89.09149,0.5056937
4.458333333333333,41.353928,-6.8018513,-2.930426,70.0,25.0,90.0,41.582893,-7.1443005,-2.6371183,70.96152,25.379189,89.09149,0.5056937
4.4625,41.353928,-6.8018513,-2.930426,70.0,25.0,90.0,41.582893,-7.1443005,-2.6371183,70.96152,25.379189,89.09149,0.5056937
4.466666666666667,41.353928,-6.8018513,-2.930426,70.0,25.0,90.0,41.582893,-7.1443005,-2.6371183,70.96152,25.379192,89.09149,0.5056937
4.470833333333333,41.353928,-6.8018513,-2.930426,70.0,25.0,90.0,41.58289,-7.1443005,-2.6371174,70.96152,25.379189,89.09149,0.5056925
4.475,41.353928,-6.8018513,-2.930426,70.0,25.0,90.0,41.582893,-7.1442976,-2.6371174,70.96151,25.379192,89.09149,0.50569224
4.479166666666667,41.353928,-6.8018513,-2.930426,70.0,25.0,90.0,41.58289,-7.1442986,-2.6371202,70.96151,25.379192,89.0915,0.5056895
4.483333333333333,41.353928,-6.8018513,-2.930426,70.0,25.0,90.0,41.58289,-7.1442957,-2.6371183,70.96151,25.379189,89.0915,0.5056887
4.4875,41.353928,-6.8018513,-2.930426,70.0,25.0,90.0,41.58289,-7.1442976,-2.6371183,70.96151,25.379189,89.09149,0.50569
4.491666666666666,41.353928,-6.8018513,-2.930426,70.0,25.0,90.0,41.582893,-7.1442976,-2.6371174,70.96151,25.379185,89.0915,0.50569224
4.495833333333334,41.353928,-6.8018513,-2.930426,70.0,25.0,90.0,41.582893,-7.1442976,-2.6371174,70.96152,25.37918,89.0915,0.50569224
4.5,41.353928,-6.8018513,-2.930426,70.0,25.0,90.0,41.582893,-7.1442976,-2.6371155,70.96152,25.379189,89.0915,0.5056934
4.504166666666666,41.353928,-6.8018513,-2.930426,70.0,25.0,90.0,41.582893,-7.1442986,-2.6371174,70.96152,25.37918,89.0915,0.5056929
4.508333333333334,41.353928,-6.8018513,-2.930426,70.0,25.0,90.0,41.58289,-7.1442976,-2.6371202,70.96151,25.379185,89.09151,0.5056889
4.5125,41.353928,-6.8018513,-2.930426,70.0,25.0,90.0,41.58289,-7.1442986,-2.6371174,70.96151,25.379185,89.09151,0.50569123
4.516666666666667,41.353928,-6.8018513,-2.930426,70.0,25.0,90.0,41.582886,-7.1442976,-2.6371174,70.96152,25.379185,89.09151,0.50568885
4.520833333333333,41.353928,-6.8018513,-2.930426,70.0,25.0,90.0,41.582886,-7.1442986,-2.6371126,70.96151,25.37918,89.09151,0.50569224
4.525,41.353928,-6.8018513,-2.930426,70.0,25.0,90.0,41.582886,-7.1442957,-2.6371155,70.96151,25.379189,89.09151,0.50568867
4.529166666666667,41.353928,-6.8018513,-2.930426,70.0,25.0,90.0,41.58289,-7.1442957,-2.6371155,70.96152,25.379189,89.09151,0.5056904
4.533333333333333,41.353928,-6.8018513,-2.930426,70.0,25.0,90.0,41.58289,-7.1442947,-2.6371174,70.96152,25.379185,89.09151,0.5056886
4.5375,41.353928,-6.8018513,-2.930426,70.0,25.0,90.0,41.582886,-7.1442976,-2.6371155,70.96151,25.379185,89.09151,0.5056899
4.541666666666667,41.353928,-6.8018513,-2.930426,70.0,25.0,90.0,41.582886,-7.1442957,-2.6371164,70.96151,25.379185,89.09151,0.5056881
4.545833333333333,41.353928,-6.8018513,-2.930426,70.0,25.0,90.0,41.58289,-7.1442986,-2.6371136,70.96151,25.379192,89.09151,0.50569344
4.55,41.353928,-6.8018513,-2.930426,70.0,25.0,90.0,41.582886,-7.1442976,-2.6371126,70.96152,25.379185,89.09151,0.5056916
4.554166666666666,41.353928,-6.8018513,-2.930426,70.0,25.0,90.0,41.582886,-7.1442957,-2.6371155,70.96152,25.37918,89.09151,0.50568867
4.558333333333334,41.353928,-6.8018513,-2.930426,70.0,25.0,90.0,41.582886,-7.1442957,-2.6371126,70.96152,25.37918,89.09151,0.50569034
4.5625,41.353928,-6.8018513,-2.930426,70.0,25.0,90.0,41.582886,-7.1442957,-2.6371155,70.96152,25.37918,89.09151,0.50568867
4.566666666666666,41.353928,-6.8018513,-2.930426,70.0,25.0,90.0,41.582882,-7.1442976,-2.6371155,70.96152,25.37918,89.09151,0.5056882
4.570833333333334,41.353928,-6.8018513,-2.930426,70.0,25.0,90.0,41.58288,-7.1442947,-2.6371136,70.96152,25.37918,89.09151,0.5056856
4.575,41.353928,-6.8018513,-2.930426,70.0,25.0,90.0,41.582882,-7.1442976,-2.6371136,70.96152,25.379185,89.09151,0.5056893
4.579166666666667,41.353928,-6.8018513,-2.930426,70.0,25.0,90.0,41.582882,-7.1442957,-2.6371136,70.96152,25.379185,89.09151,0.505688
4.583333333333333,41.353928,-6.8018513,-2.930426,70.0,25.0,90.0,41.582882,-7.1442957,-2.6371136,70.96152,25.379185,89.09151,0.505688
4.5875,41.353928,-6.8018513,-2.930426,70.0,25.0,90.0,41.582882,-7.1442957,-2.6371136,70.96152,25.379185,89.09151,0.505688
4.591666666666667,41.353928,-6.8018513,-2.930426,70.0,25.0,90.0,41.582882,-7.1442957,-2.6371136,70.96152,25.379185,89.09151,0.505688
4.595833333333333,41.353928,-6.8018513,-2.930426,70.0,25.0,90.0,41.582886,-7.1442976,-2.6371136,70.96152,25.379185,89.09151,0.50569105
4.6,41.353928,-6.8018513,-2.930426,70.0,25.0,90.0,41.582886,-7.1442976,-2.6371155,70.96152,25.379185,89.09151,0.5056899
4.604166666666667,41.353928,-6.8018513,-2.930426,70.0,25.0,90.0,41.582886,-7.1442986,-2.6371174,70.96152,25.379185,89.09151,0.50568944
4.608333333333333,41.353928,-6.8018513,-2.930426,70.0,25.0,90.0,41.582886,-7.1442986,-2.6371174,70.96152,25.37918,89.09151,0.50568944
4.6125,41.353928,-6.8018513,-2.930426,70.0,25.0,90.0,41.582886,-7.1442986,-2.6371155,70.96152,25.379185,89.09151,0.5056906
4.616666666666666,41.353928,-6.8018513,-2.930426,70.0,25.0,90.0,41.582886,-7.1442986,-2.6371164,70.96152,25.379189,89.09151,0.50569004
4.620833333333334,41.353928,-6.8018513,-2.930426,70.0,25.0,90.0,41.582886,-7.1443005,-2.6371126,70.96152,25.379189,89.09151,0.50569355
4.625,41.353928,-6.8018513,-2.930426,70.0,25.0,90.0,41.58289,-7.1443005,-2.6371117,70.96152,25.379185,89.09151,0.5056958
4.629166666666666,41.353928,-6.8018513,-2.930426,70.0,25.0,90.0,41.582886,-7.1443005,-2.6371126,70.96152,25.379192,89.0915,0.50569355
4.633333333333334,41.353928,-6.8018513,-2.930426,70.0,25.0,90.0,41.58289,-7.1442976,-2.6371126,70.96152,25.379189,89.0915,0.5056933
4.6375,41.353928,-6.8018513,-2.930426,70.0,25.0,90.0,41.582886,-7.1442976,-2.6371117,70.96152,25.379192,89.0915,0.5056921
4.641666666666667,41.353928,-6.8018513,-2.930426,70.0,25.0,90.0,41.582893,-7.1442976,-2.6371136,70.96152,25.379196,89.0915,0.5056945
4.645833333333333,41.353928,-6.8018513,-2.930426,70.0,25.0,90.0,41.582886,-7.1442976,-2.6371164,70.96151,25.379196,89.0915,0.5056894
4.65,41.353928,-6.8018513,-2.930426,70.0,25.0,90.0,41.58289,-7.1442986,-2.6371183,70.96151,25.379192,89.09149,0.50569063
4.654166666666667,41.353928,-6.8018513,-2.930426,70.0,25.0,90.0,41.582886,-7.1443005,-2.6371174,70.96152,25.379189,89.09149,0.50569075
4.658333333333333,41.353928,-6.8018513,-2.930426,70.0,25.0,90.0,41.58289,-7.1442957,-2.6371183,70.96152,25.379189,89.09149,0.5056887
4.6625,41.353928,-6.8018513,-2.930426,70.0,25.0,90.0,41.582886,-7.1442976,-2.6371164,70.96152,25.379192,89.09149,0.5056894
4.666666666666667,41.353928,-6.8018513,-2.930426,70.0,25.0,90.0,41.582886,-7.1442976,-2.6371164,70.96151,25.379189,89.0915,0.5056894
4.670833333333333,41.353928,-6.8018513,-2.930426,70.0,25.0,90.0,41.58289,-7.1443005,-2.6371164,70.96152,25.379192,89.09149,0.505693
4.675,41.353928,-6.8018513,-2.930426,70.0,25.0,90.0,41.58289,-7.1443014,-2.6371164,70.96152,25.379189,89.09149,0.5056937
4.679166666666666,41.353928,-6.8018513,-2.930426,70.0,25.0,90.0,41.58289,-7.1442986,-2.6371164,70.96152,25.379189,89.09149,0.5056917
4.683333333333334,41.353928,-6.8018513,-2.930426,70.0,25.0,90.0,41.58289,-7.1442976,-2.6371183,70.96152,25.37918,89.09149,0.50569
4.6875,41.353928,-6.8018513,-2.930426,70.0,25.0,90.0,41.58289,-7.1442986,-2.6371174,70.96152,25.379189,89.0915,0.50569123
4.691666666666666,41.353928,-6.8018513,-2.930426,70.0,25.0,90.0,41.582893,-7.1442986,-2.6371174,70.96151,25.379189,89.09149,0.5056929
4.695833333333334,41.353928,-6.8018513,-2.930426,70.0,25.0,90.0,41.582893,-7.1442986,-2.6371174,70.96151,25.379189,89.09149,0.5056929
4.7,41.353928,-6.8018513,-2.930426,70.0,25.0,90.0,41.582893,-7.1443005,-2.6371193,70.96152,25.379189,89.09149,0.5056931
4.704166666666667,41.353928,-6.8018513,-2.930426,70.0,25.0,90.0,41.582893,-7.1443005,-2.6371164,70.96152,25.379192,89.09149,0.50569475
4.708333333333333,41.353928,-6.8018513,-2.930426,70.0,25.0,90.0,41.582893,-7.1443005,-2.6371183,70.96152,25.379189,89.09149,0.5056937
4.7125,41.353928,-6.8018513,-2.930426,70.0,25.0,90.0,41.582893,-7.1443005,-2.6371183,70.96152,25.379189,89.09149,0.5056937
4.716666666666667,41.353928,-6.8018513,-2.930426,70.0,25.0,90.0,41.582893,-7.1443005,-2.6371183,70.96152,25.379189,89.09149,0.5056937
4.720833333333333,41.353928,-6.8018513,-2.930426,70.0,25.0,90.0,41.582893,-7.1443005,-2.6371183,70.96152,25.379189,89.09149,0.5056937
4.725,41.353928,-6.8018513,-2.930426,70.0,25.0,90.0,41.582893,-7.1443005,-2.6371183,70.96152,25.379189,89.09149,0.5056937
4.729166666666667,41.353928,-6.8018513,-2.930426,70.0,25.0,90.0,41.582893,-7.1443005,-2.6371183,70.96152,25.379189,89.09149,0.5056937
4.733333333333333,41.353928,-6.8018513,-2.930426,70.0,25.0,90.0,41.582893,-7.1443005,-2.6371183,70.96152,25.379189,89.09149,0.5056937
4.7375,41.353928,-6.8018513,-2.930426,70.0,25.0,90.0,41.582893,-7.1443005,-2.6371183,70.96152,25.379189,89.09149,0.5056937
4.741666666666666,41.353928,-6.8018513,-2.930426,70.0,25.0,90.0,41.582893,-7.1443005,-2.6371183,70.96152,25.379189,89.09149,0.5056937
4.745833333333334,41.353928,-6.8018513,-2.930426,70.0,25.0,90.0,41.582893,-7.1443005,-2.6371183,70.96152,25.379189,89.09149,0.5056937
4.75,41.353928,-6.8018513,-2.930426,70.0,25.0,90.0,41.58249,-7.135598,-2.644208,70.957825,25.39943,89.089485,0.495528
4.754166666666666,41.353928,-6.8018513,-2.930426,70.0,25.0,90.0,41.5695,-7.140806,-2.6824875,70.884056,25.396309,89.101006,0.47205436
4.758333333333334,41.353928,-6.8018513,-2.930426,70.0,25.0,90.0,41.532745,-7.159933,-2.742488,70.710785,25.30769,89.1701,0.44217536
4.7625,41.353928,-6.8018513,-2.930426,70.0,25.0,90.0,41.462086,-7.302684,-2.7928839,70.425156,25.075344,89.262405,0.5305179
4.766666666666667,41.353928,-6.8018513,-2.930426,70.0,25.0,90.0,41.35063,-7.331729,-2.6047401,70.4487,24.765388,89.49631,0.6219746
4.770833333333333,41.353928,-6.8018513,-2.930426,70.0,25.0,90.0,41.262283,-7.4250145,-2.579875,70.411064,24.690147,89.36118,0.7208447
4.775,41.353928,-6.8018513,-2.930426,70.0,25.0,90.0,41.033257,-6.878399,-2.0866728,70.46061,25.224293,89.71039,0.9058746
4.779166666666667,41.353928,-6.8018513,-2.930426,70.0,25.0,90.0,40.26731,-6.6499634,-2.0251198,70.43915,24.420918,90.6797,1.4224572
4.783333333333333,41.353928,-6.8018513,-2.930426,70.0,25.0,90.0,39.881546,-6.5326824,-2.1010294,70.493706,24.383636,91.28329,1.7112154
4.7875,41.353928,-6.8018513,-2.930426,70.0,25.0,90.0,40.017445,-5.500024,-0.471982,72.44566,29.160072,91.27529,3.0862415
4.791666666666667,41.353928,-6.8018513,-2.930426,70.0,25.0,90.0,39.752117,-6.350601,-1.2481604,72.406296,28.399956,91.02472,2.3663137
4.795833333333333,41.353928,-6.8018513,-2.930426,70.0,25.0,90.0,40.340343,-6.7742853,-2.8457642,71.45057,25.321178,91.72563,1.0174872
