time_s,true_wrist_X_cm,true_wrist_Y_cm,true_wrist_Z_cm,true_shoulder_elv_deg,true_shoulder_rot_deg,true_elbow_flexion_deg,pred_wrist_X_cm,pred_wrist_Y_cm,pred_wrist_Z_cm,pred_shoulder_elv_deg,pred_shoulder_rot_deg,pred_elbow_flexion_deg,l2_distance_cm
0.0,41.353928,-6.8018513,-2.930426,70.0,25.0,90.0,41.178883,-7.8619823,-0.6114359,71.072945,24.05056,91.51754,2.5558233
0.004166666666666667,41.353928,-6.8018513,-2.930426,70.0,25.0,90.0,41.515415,-8.2264805,-1.1671028,70.4871,23.888016,91.23087,2.2726538
0.008333333333333333,41.353928,-6.8018513,-2.930426,70.0,25.0,90.0,41.761333,-8.212476,-1.9326811,69.63223,24.072208,91.20434,1.7752002
0.0125,41.353928,-6.8018513,-2.930426,70.0,25.0,90.0,41.333435,-7.473789,-2.5651045,71.11713,25.549213,90.14735,0.7651015
0.016666666666666666,41.353928,-6.8018513,-2.930426,70.0,25.0,90.0,41.163467,-6.7178535,-2.1971436,72.18848,27.131489,88.94342,0.76225567
0.020833333333333332,41.353928,-6.8018513,-2.930426,70.0,25.0,90.0,40.70727,-7.2275267,-3.4143877,70.20004,26.69709,88.707504,0.9130075
0.025,41.353928,-6.8018513,-2.930426,70.0,25.0,90.0,41.270477,-7.934595,-3.046545,70.03531,24.794731,89.04837,1.1417339
0.029166666666666667,41.353928,-6.8018513,-2.930426,70.0,25.0,90.0,41.369614,-7.61384,-2.8338518,70.493126,25.185055,89.09589,0.81786215
0.03333333333333333,41.353928,-6.8018513,-2.930426,70.0,25.0,90.0,41.477425,-7.3936443,-2.7218256,70.70826,25.383541,89.060455,0.63951904
0.0375,41.353928,-6.8018513,-2.930426,70.0,25.0,90.0,41.53067,-7.297062,-2.645689,70.88687,25.361984,89.026375,0.59795195
0.041666666666666664,41.353928,-6.8018513,-2.930426,70.0,25.0,90.0,41.573807,-7.2100277,-2.6328259,70.94035,25.39634,89.05309,0.55092704
0.04583333333333333,41.353928,-6.8018513,-2.930426,70.0,25.0,90.0,41.590336,-7.156699,-2.6475372,70.92267,25.37775,89.06898,0.5116951
0.05,41.353928,-6.8018513,-2.930426,70.0,25.0,90.0,41.582844,-7.1442633,-2.637085,70.96153,25.379204,89.0916,0.5056654
0.05416666666666667,41.353928,-6.8018513,-2.930426,70.0,25.0,90.0,41.582844,-7.1442633,-2.637085,70.96153,25.379204,89.0916,0.5056654
0.058333333333333334,41.353928,-6.8018513,-2.930426,70.0,25.0,90.0,41.582844,-7.1442633,-2.637085,70.96153,25.379204,89.0916,0.5056654
0.0625,41.353928,-6.8018513,-2.930426,70.0,25.0,90.0,41.582844,-7.1442633,-2.637085,70.96153,25.379204,89.0916,0.5056654
0.06666666666666667,41.353928,-6.8018513,-2.930426,70.0,25.0,90.0,41.582844,-7.1442633,-2.637085,70.96153,25.379204,89.0916,0.5056654
0.07083333333333333,41.353928,-6.8018513,-2.930426,70.0,25.0,90.0,41.582844,-7.1442633,-2.637085,70.96153,25.379204,89.0916,0.5056654
0.075,41.353928,-6.8018513,-2.930426,70.0,25.0,90.0,41.582844,-7.1442633,-2.637085,70.96153,25.379204,89.0916,0.5056654
0.07916666666666666,41.353928,-6.8018513,-2.930426,70.0,25.0,90.0,41.582844,-7.1442633,-2.637085,70.96153,25.379204,89.0916,0.5056654
0.08333333333333333,41.353928,-6.8018513,-2.930426,70.0,25.0,90.0,41.582844,-7.1442633,-2.637085,70.96153,25.379204,89.0916,0.5056654
0.0875,41.353928,-6.8018513,-2.930426,70.0,25.0,90.0,41.582844,-7.1442633,-2.637085,70.96153,25.379204,89.0916,0.5056654
0.09166666666666666,41.353928,-6.8018513,-2.930426,70.0,25.0,90.0,41.582844,-7.1442633,-2.637085,70.96153,25.379204,89.0916,0.5056654
0.09583333333333334,41.353928,-6.8018513,-2.930426,70.0,25.0,90.0,41.582844,-7.1442633,-2.637085,70.96153,25.379204,89.0916,0.5056654
0.1,41.353928,-6.8018513,-2.930426,70.0,25.0,90.0,41.582844,-7.1442633,-2.637085,70.96153,25.379204,89.0916,0.5056654
0.10416666666666667,41.353928,-6.8018513,-2.930426,70.0,25.0,90.0,41.582844,-7.1442633,-2.637085,70.96153,25.379204,89.0916,0.5056654
0.10833333333333334,41.353928,-6.8018513,-2.930426,70.0,25.0,90.0,41.582844,-7.1442633,-2.637085,70.96153,25.379204,89.0916,0.5056654
0.1125,41.353928,-6.8018513,-2.930426,70.0,25.0,90.0,41.582844,-7.1442633,-2.637085,70.96153,25.379204,89.0916,0.5056654
0.11666666666666667,41.353928,-6.8018513,-2.930426,70.0,25.0,90.0,41.582844,-7.1442633,-2.637085,70.96153,25.379204,89.0916,0.5056654
0.12083333333333333,41.353928,-6.8018513,-2.930426,70.0,25.0,90.0,41.582844,-7.1442633,-2.637085,70.96153,25.379204,89.0916,0.5056654
0.125,41.353928,-6.8018513,-2.930426,70.0,25.0,90.0,41.582844,-7.1442633,-2.637085,70.96153,25.379204,89.0916,0.5056654
0.12916666666666668,41.353928,-6.8018513,-2.930426,70.0,25.0,90.0,41.582844,-7.1442633,-2.637085,70.96153,25.379204,89.0916,0.5056654
0.13333333333333333,41.353928,-6.8018513,-2.930426,70.0,25.0,90.0,41.582844,-7.1442633,-2.637085,70.96153,25.379204,89.0916,0.5056654
0.1375,41.353928,-6.8018513,-2.930426,70.0,25.0,90.0,41.582844,-7.1442633,-2.637085,70.96153,25.379204,89.0916,0.5056654
0.14166666666666666,41.353928,-6.8018513,-2.930426,70.0,25.0,90.0,41.582844,-7.1442633,-2.637085,70.96153,25.379204,89.0916,0.5056654
0.14583333333333334,41.353928,-6.8018513,-2.930426,70.0,25.0,90.0,41.582844,-7.1442633,-2.637085,70.96153,25.379204,89.0916,0.5056654
0.15,41.353928,-6.8018513,-2.930426,70.0,25.0,90.0,41.582844,-7.1442633,-2.637085,70.96153,25.379204,89.0916,0.5056654
0.15416666666666667,41.353928,-6.8018513,-2.930426,70.0,25.0,90.0,41.582844,-7.1442633,-2.637085,70.96153,25.379204,89.0916,0.5056654
0.15833333333333333,41.353928,-6.8018513,-2.930426,70.0,25.0,90.0,41.582844,-7.1442633,-2.637085,70.96153,25.379204,89.0916,0.5056654
0.1625,41.353928,-6.8018513,-2.930426,70.0,25.0,90.0,41.582844,-7.1442633,-2.637085,70.96153,25.379204,89.0916,0.5056654
0.16666666666666666,41.353928,-6.8018513,-2.930426,70.0,25.0,90.0,41.582844,-7.1442633,-2.637085,70.96153,25.379204,89.0916,0.5056654
0.17083333333333334,41.353928,-6.8018513,-2.930426,70.0,25.0,90.0,41.582844,-7.1442633,-2.637085,70.96153,25.379204,89.0916,0.5056654
0.175,41.353928,-6.8018513,-2.930426,70.0,25.0,90.0,41.582844,-7.1442633,-2.637085,70.96153,25.379204,89.0916,0.5056654
0.17916666666666667,41.353928,-6.8018513,-2.930426,70.0,25.0,90.0,41.582844,-7.1442633,-2.637085,70.96153,25.379204,89.0916,0.5056654
0.18333333333333332,41.353928,-6.8018513,-2.930426,70.0,25.0,90.0,41.582844,-7.1442633,-2.637085,70.96153,25.379204,89.0916,0.5056654
0.1875,41.353928,-6.8018513,-2.930426,70.0,25.0,90.0,41.582844,-7.1442633,-2.637085,70.96153,25.379204,89.0916,0.5056654
0.19166666666666668,41.353928,-6.8018513,-2.930426,70.0,25.0,90.0,41.582844,-7.1442633,-2.637085,70.96153,25.379204,89.0916,0.5056654
0.19583333333333333,41.353928,-6.8018513,-2.930426,70.0,25.0,90.0,41.582844,-7.1442633,-2.637085,70.96153,25.379204,89.0916,0.5056654
0.2,41.353928,-6.8018513,-2.930426,70.0,25.0,90.0,41.582844,-7.1442633,-2.637085,70.96153,25.379204,89.0916,0.5056654
0.20416666666666666,41.353928,-6.8018513,-2.930426,70.0,25.0,90.0,41.582844,-7.1442633,-2.637085,70.96153,25.379204,89.0916,0.5056654
0.20833333333333334,41.353928,-6.8018513,-2.930426,70.0,25.0,90.0,41.582844,-7.1442633,-2.637085,70.96153,25.379204,89.0916,0.5056654
0.2125,41.353928,-6.8018513,-2.930426,70.0,25.0,90.0,41.582844,-7.1442633,-2.637085,70.96153,25.379204,89.0916,0.5056654
0.21666666666666667,41.353928,-6.8018513,-2.930426,70.0,25.0,90.0,41.582844,-7.1442633,-2.637085,70.96153,25.379204,89.0916,0.5056654
0.22083333333333333,41.353928,-6.8018513,-2.930426,70.0,25.0,90.0,41.582844,-7.1442633,-2.637085,70.96153,25.379204,89.0916,0.5056654
0.225,41.353928,-6.8018513,-2.930426,70.0,25.0,90.0,41.582844,-7.1442614,-2.637085,70.961525,25.379204,89.0916,0.5056641
0.22916666666666666,41.353928,-6.8018513,-2.930426,70.0,25.0,90.0,41.582844,-7.1442614,-2.637084,70.96153,25.379208,89.0916,0.50566465
0.23333333333333334,41.353928,-6.8018513,-2.930426,70.0,25.0,90.0,41.582844,-7.1442614,-2.637085,70.96153,25.379208,89.0916,0.5056641
0.2375,41.353928,-6.8018513,-2.930426,70.0,25.0,90.0,41.582844,-7.1442633,-2.637083,70.96153,25.379208,89.0916,0.5056665
0.24166666666666667,41.353928,-6.8018513,-2.930426,70.0,25.0,90.0,41.582844,-7.1442604,-2.637086,70.96153,25.379204,89.0916,0.50566286
0.24583333333333332,41.353928,-6.8018513,-2.930426,70.0,25.0,90.0,41.582848,-7.1442614,-2.637085,70.96153,25.379204,89.0916,0.50566584
0.25,41.353928,-6.8018513,-2.930426,70.0,25.0,90.0,41.582848,-7.1442614,-2.6370878,70.96153,25.379208,89.091606,0.50566417
0.25416666666666665,41.353928,-6.8018513,-2.930426,70.0,25.0,90.0,41.582848,-7.1442604,-2.6370869,70.96153,25.379211,89.091606,0.50566405
0.25833333333333336,41.353928,-6.8018513,-2.930426,70.0,25.0,90.0,41.582844,-7.1442614,-2.6370878,70.96153,25.379208,89.091606,0.50566244
0.2625,41.353928,-6.8018513,-2.930426,70.0,25.0,90.0,41.582848,-7.1442614,-2.637085,70.96153,25.379208,89.091606,0.50566584
0.26666666666666666,41.353928,-6.8018513,-2.930426,70.0,25.0,90.0,41.582844,-7.1442585,-2.637084,70.96153,25.3792,89.091606,0.50566274
0.2708333333333333,41.353928,-6.8018513,-2.930426,70.0,25.0,90.0,41.582844,-7.1442575,-2.637086,70.96153,25.3792,89.09161,0.50566095
0.275,41.353928,-6.8018513,-2.930426,70.0,25.0,90.0,41.582844,-7.1442575,-2.6370869,70.961525,25.379208,89.09161,0.5056604
0.2791666666666667,41.353928,-6.8018513,-2.930426,70.0,25.0,90.0,41.582844,-7.1442556,-2.637086,70.96153,25.379211,89.09161,0.5056597
0.2833333333333333,41.353928,-6.8018513,-2.930426,70.0,25.0,90.0,41.582844,-7.1442585,-2.6370869,70.96153,25.379204,89.09161,0.5056611
0.2875,41.353928,-6.8018513,-2.930426,70.0,25.0,90.0,41.582844,-7.1442547,-2.637085,70.961525,25.379208,89.09161,0.5056596
0.2916666666666667,41.353928,-6.8018513,-2.930426,70.0,25.0,90.0,41.582844,-7.1442556,-2.637084,70.96153,25.379208,89.09161,0.5056608
0.29583333333333334,41.353928,-6.8018513,-2.930426,70.0,25.0,90.0,41.58284,-7.1442585,-2.637083,70.96153,25.379204,89.09161,0.50566155
0.3,41.353928,-6.8018513,-2.930426,70.0,25.0,90.0,41.582844,-7.1442575,-2.637083,70.96153,25.379204,89.09161,0.5056626
0.30416666666666664,41.353928,-6.8018513,-2.930426,70.0,25.0,90.0,41.58284,-7.1442604,-2.637083,70.96153,25.379211,89.09161,0.5056628
0.30833333333333335,41.353928,-6.8018513,-2.930426,70.0,25.0,90.0,41.58284,-7.1442585,-2.637086,70.96153,25.379204,89.09161,0.5056599
0.3125,41.353928,-6.8018513,-2.930426,70.0,25.0,90.0,41.58284,-7.1442585,-2.637085,70.96153,25.379204,89.09161,0.5056604
0.31666666666666665,41.353928,-6.8018513,-2.930426,70.0,25.0,90.0,41.58284,-7.1442575,-2.637085,70.96153,25.379204,89.091606,0.5056598
0.32083333333333336,41.353928,-6.8018513,-2.930426,70.0,25.0,90.0,41.582844,-7.1442585,-2.6370869,70.961525,25.379208,89.09161,0.5056611
0.325,41.353928,-6.8018513,-2.930426,70.0,25.0,90.0,41.58284,-7.1442604,-2.637085,70.96153,25.379204,89.09161,0.5056617
0.32916666666666666,41.353928,-6.8018513,-2.930426,70.0,25.0,90.0,41.58284,-7.1442604,-2.637084,70.96153,25.379204,89.09161,0.50566226
0.3333333333333333,41.353928,-6.8018513,-2.930426,70.0,25.0,90.0,41.58284,-7.1442604,-2.637084,70.96153,25.3792,89.09161,0.50566226
0.3375,41.353928,-6.8018513,-2.930426,70.0,25.0,90.0,41.58284,-7.1442604,-2.637085,70.96153,25.3792,89.09161,0.5056617
0.3416666666666667,41.353928,-6.8018513,-2.930426,70.0,25.0,90.0,41.58284,-7.1442604,-2.637085,70.96153,25.3792,89.09161,0.5056617
0.3458333333333333,41.353928,-6.8018513,-2.930426,70.0,25.0,90.0,41.58284,-7.1442604,-2.637085,70.96153,25.3792,89.09161,0.5056617
0.35,41.353928,-6.8018513,-2.930426,70.0,25.0,90.0,41.58284,-7.1442604,-2.637085,70.96153,25.3792,89.09161,0.5056617
0.3541666666666667,41.353928,-6.8018513,-2.930426,70.0,25.0,90.0,41.58284,-7.1442604,-2.637084,70.96153,25.379204,89.09161,0.50566226
0.35833333333333334,41.353928,-6.8018513,-2.930426,70.0,25.0,90.0,41.582844,-7.1442604,-2.637084,70.96153,25.3792,89.09161,0.505664
0.3625,41.353928,-6.8018513,-2.930426,70.0,25.0,90.0,41.58284,-7.1442633,-2.637083,70.96153,25.379204,89.091606,0.50566477
0.36666666666666664,41.353928,-6.8018513,-2.930426,70.0,25.0,90.0,41.582844,-7.1442614,-2.637083,70.96153,25.379204,89.09161,0.50566524
0.37083333333333335,41.353928,-6.8018513,-2.930426,70.0,25.0,90.0,41.582844,-7.1442614,-2.637084,70.96153,25.379204,89.091606,0.50566465
0.375,41.353928,-6.8018513,-2.930426,70.0,25.0,90.0,41.582844,-7.1442614,-2.637084,70.96153,25.379208,89.091606,0.50566465
0.37916666666666665,41.353928,-6.8018513,-2.930426,70.0,25.0,90.0,41.58284,-7.1442633,-2.637084,70.96153,25.379204,89.091606,0.5056642
0.38333333333333336,41.353928,-6.8018513,-2.930426,70.0,25.0,90.0,41.582844,-7.1442633,-2.637084,70.96153,25.379208,89.091606,0.5056659
0.3875,41.353928,-6.8018513,-2.930426,70.0,25.0,90.0,41.58284,-7.1442614,-2.637085,70.96154,25.379204,89.091606,0.5056624
0.39166666666666666,41.353928,-6.8018513,-2.930426,70.0,25.0,90.0,41.582844,-7.1442633,-2.637084,70.96154,25.379208,89.091606,0.5056659
0.3958333333333333,41.353928,-6.8018513,-2.930426,70.0,25.0,90.0,41.582844,-7.1442633,-2.637085,70.96154,25.379211,89.091606,0.5056654
0.4,41.353928,-6.8018513,-2.930426,70.0,25.0,90.0,41.582848,-7.1442604,-2.637086,70.96154,25.379208,89.0916,0.50566465
0.4041666666666667,41.353928,-6.8018513,-2.930426,70.0,25.0,90.0,41.582844,-7.1442633,-2.637085,70.96154,25.379208,89.0916,0.5056654
0.4083333333333333,41.353928,-6.8018513,-2.930426,70.0,25.0,90.0,41.582844,-7.1442614,-2.637082,70.96154,25.379208,89.0916,0.5056657
0.4125,41.353928,-6.8018513,-2.930426,70.0,25.0,90.0,41.582844,-7.144264,-2.637086,70.96154,25.3792,89.0916,0.5056655
0.4166666666666667,41.353928,-6.8018513,-2.930426,70.0,25.0,90.0,41.582848,-7.144264,-2.6370869,70.96153,25.379208,89.0916,0.5056667
0.42083333333333334,41.353928,-6.8018513,-2.930426,70.0,25.0,90.0,41.582844,-7.144264,-2.6370869,70.96153,25.379204,89.0916,0.50566494
0.425,41.353928,-6.8018513,-2.930426,70.0,25.0,90.0,41.582844,-7.1442633,-2.637085,70.96154,25.379208,89.0916,0.5056654
0.42916666666666664,41.353928,-6.8018513,-2.930426,70.0,25.0,90.0,41.582848,-7.144264,-2.6370869,70.96153,25.379208,89.0916,0.5056667
0.43333333333333335,41.353928,-6.8018513,-2.930426,70.0,25.0,90.0,41.582844,-7.144267,-2.637083,70.96154,25.379204,89.0916,0.50566906
0.4375,41.353928,-6.8018513,-2.930426,70.0,25.0,90.0,41.582848,-7.144266,-2.637084,70.96154,25.3792,89.0916,0.5056696
0.44166666666666665,41.353928,-6.8018513,-2.930426,70.0,25.0,90.0,41.582848,-7.144266,-2.637086,70.96153,25.379208,89.0916,0.50566846
0.44583333333333336,41.353928,-6.8018513,-2.930426,70.0,25.0,90.0,41.582844,-7.144267,-2.637083,70.96153,25.379211,89.091606,0.50566906
0.45,41.353928,-6.8018513,-2.930426,70.0,25.0,90.0,41.582844,-7.1442633,-2.637084,70.96153,25.379204,89.0916,0.5056659
0.45416666666666666,41.353928,-6.8018513,-2.930426,70.0,25.0,90.0,41.582844,-7.1442633,-2.637085,70.96153,25.379208,89.0916,0.5056654
0.4583333333333333,41.353928,-6.8018513,-2.930426,70.0,25.0,90.0,41.582844,-7.144264,-2.637085,70.96153,25.379204,89.0916,0.505666
0.4625,41.353928,-6.8018513,-2.930426,70.0,25.0,90.0,41.582844,-7.144264,-2.637085,70.96153,25.379208,89.0916,0.505666
0.4666666666666667,41.353928,-6.8018513,-2.930426,70.0,25.0,90.0,41.582844,-7.1442633,-2.637085,70.96153,25.379204,89.0916,0.5056654
0.4708333333333333,41.353928,-6.8018513,-2.930426,70.0,25.0,90.0,41.582844,-7.1442633,-2.637085,70.96153,25.379204,89.0916,0.5056654
0.475,41.353928,-6.8018513,-2.930426,70.0,25.0,90.0,41.582844,-7.1442633,-2.637085,70.96153,25.379204,89.0916,0.5056654
0.4791666666666667,41.353928,-6.8018513,-2.930426,70.0,25.0,90.0,41.582844,-7.1442633,-2.637085,70.96153,25.379204,89.0916,0.5056654
0.48333333333333334,41.353928,-6.8018513,-2.930426,70.0,25.0,90.0,41.582844,-7.1442633,-2.637085,70.96153,25.379204,89.0916,0.5056654
0.4875,41.353928,-6.8018513,-2.930426,70.0,25.0,90.0,41.582844,-7.1442633,-2.637085,70.96153,25.379204,89.0916,0.5056654
0.49166666666666664,41.353928,-6.8018513,-2.930426,70.0,25.0,90.0,41.582844,-7.1442633,-2.637085,70.96153,25.379204,89.0916,0.5056654
0.49583333333333335,41.353928,-6.8018513,-2.930426,70.0,25.0,90.0,41.582844,-7.1442633,-2.637085,70.96153,25.379204,89.0916,0.5056654
0.5,41.353928,-6.8018513,-2.930426,70.0,25.0,90.0,41.582844,-7.1442633,-2.637085,70.96153,25.379204,89.0916,0.5056654
0.5041666666666667,41.353928,-6.8018513,-2.930426,70.0,25.0,90.0,41.582844,-7.1442633,-2.637085,70.96153,25.379204,89.0916,0.5056654
0.5083333333333333,41.353928,-6.8018513,-2.930426,70.0,25.0,90.0,41.582844,-7.1442633,-2.637085,70.96153,25.379204,89.0916,0.5056654
0.5125,41.353928,-6.8018513,-2.930426,70.0,25.0,90.0,41.582844,-7.1442633,-2.637085,70.96153,25.379204,89.0916,0.5056654
0.5166666666666667,41.353928,-6.8018513,-2.930426,70.0,25.0,90.0,41.582844,-7.1442633,-2.637085,70.96153,25.379204,89.0916,0.5056654
0.5208333333333334,41.353928,-6.8018513,-2.930426,70.0,25.0,90.0,41.582844,-7.1442633,-2.637085,70.96153,25.379204,89.0916,0.5056654
0.525,41.353928,-6.8018513,-2.930426,70.0,25.0,90.0,41.582844,-7.1442633,-2.637085,70.96153,25.379204,89.0916,0.5056654
0.5291666666666667,41.353928,-6.8018513,-2.930426,70.0,25.0,90.0,41.582844,-7.1442633,-2.637085,70.96153,25.379204,89.0916,0.5056654
0.5333333333333333,41.353928,-6.8018513,-2.930426,70.0,25.0,90.0,41.582844,-7.1442633,-2.637085,70.96153,25.379204,89.0916,0.5056654
0.5375,41.353928,-6.8018513,-2.930426,70.0,25.0,90.0,41.582844,-7.1442633,-2.637085,70.96153,25.379204,89.0916,0.5056654
0.5416666666666666,41.353928,-6.8018513,-2.930426,70.0,25.0,90.0,41.582844,-7.1442633,-2.637085,70.96153,25.379204,89.0916,0.5056654
0.5458333333333333,41.353928,-6.8018513,-2.930426,70.0,25.0,90.0,41.582844,-7.1442633,-2.637085,70.96153,25.379204,89.0916,0.5056654
0.55,41.353928,-6.8018513,-2.930426,70.0,25.0,90.0,41.582844,-7.1442633,-2.637085,70.96153,25.379204,89.0916,0.5056654
0.5541666666666667,41.353928,-6.8018513,-2.930426,70.0,25.0,90.0,41.582844,-7.1442633,-2.637085,70.96153,25.379204,89.0916,0.5056654
0.5583333333333333,41.353928,-6.8018513,-2.930426,70.0,25.0,90.0,41.582844,-7.1442633,-2.637085,70.96153,25.379204,89.0916,0.5056654
0.5625,41.353928,-6.8018513,-2.930426,70.0,25.0,90.0,41.582844,-7.1442633,-2.637085,70.96153,25.379204,89.0916,0.5056654
0.5666666666666667,41.353928,-6.8018513,-2.930426,70.0,25.0,90.0,41.582844,-7.1442633,-2.637085,70.96153,25.379204,89.0916,0.5056654
0.5708333333333333,41.353928,-6.8018513,-2.930426,70.0,25.0,90.0,41.582844,-7.1442633,-2.637085,70.96153,25.379204,89.0916,0.5056654
0.575,41.353928,-6.8018513,-2.930426,70.0,25.0,90.0,41.582844,-7.1442633,-2.637085,70.96153,25.379204,89.0916,0.5056654
0.5791666666666667,41.353928,-6.8018513,-2.930426,70.0,25.0,90.0,41.582844,-7.1442633,-2.637085,70.96153,25.379204,89.0916,0.5056654
0.5833333333333334,41.353928,-6.8018513,-2.930426,70.0,25.0,90.0,41.582844,-7.1442633,-2.637085,70.96153,25.379204,89.0916,0.5056654
0.5875,41.353928,-6.8018513,-2.930426,70.0,25.0,90.0,41.582844,-7.1442633,-2.637085,70.96153,25.379204,89.0916,0.5056654
0.5916666666666667,41.353928,-6.8018513,-2.930426,70.0,25.0,90.0,41.582844,-7.1442633,-2.637085,70.96153,25.379204,89.0916,0.5056654
0.5958333333333333,41.353928,-6.8018513,-2.930426,70.0,25.0,90.0,41.582844,-7.1442633,-2.637085,70.96153,25.379204,89.0916,0.5056654
0.6,41.353928,-6.8018513,-2.930426,70.0,25.0,90.0,41.582844,-7.1442633,-2.637085,70.96153,25.379204,89.0916,0.5056654
0.6041666666666666,41.353928,-6.8018513,-2.930426,70.0,25.0,90.0,41.582844,-7.1442633,-2.637085,70.96153,25.379204,89.0916,0.5056654
0.6083333333333333,41.353928,-6.8018513,-2.930426,70.0,25.0,90.0,41.582844,-7.1442633,-2.637085,70.96153,25.379204,89.0916,0.5056654
0.6125,41.353928,-6.8018513,-2.930426,70.0,25.0,90.0,41.582844,-7.1442633,-2.637085,70.96153,25.379204,89.0916,0.5056654
0.6166666666666667,41.353928,-6.8018513,-2.930426,70.0,25.0,90.0,41.582844,-7.1442614,-2.637085,70.961525,25.379204,89.0916,0.5056641
0.6208333333333333,41.353928,-6.8018513,-2.930426,70.0,25.0,90.0,41.582844,-7.1442614,-2.637084,70.96153,25.379208,89.0916,0.50566465
0.625,41.353928,-6.8018513,-2.930426,70.0,25.0,90.0,41.582844,-7.1442614,-2.637085,70.96153,25.379208,89.0916,0.5056641
0.6291666666666667,41.353928,-6.8018513,-2.930426,70.0,25.0,90.0,41.582844,-7.1442633,-2.637083,70.96153,25.379208,89.0916,0.5056665
0.6333333333333333,41.353928,-6.8018513,-2.930426,70.0,25.0,90.0,41.582844,-7.1442604,-2.637086,70.96153,25.379204,89.0916,0.50566286
0.6375,41.353928,-6.8018513,-2.930426,70.0,25.0,90.0,41.582848,-7.1442614,-2.637085,70.96153,25.379204,89.0916,0.50566584
0.6416666666666667,41.353928,-6.8018513,-2.930426,70.0,25.0,90.0,41.582848,-7.1442614,-2.6370878,70.96153,25.379208,89.091606,0.50566417
0.6458333333333334,41.353928,-6.8018513,-2.930426,70.0,25.0,90.0,41.582848,-7.1442604,-2.6370869,70.96153,25.379211,89.091606,0.50566405
0.65,41.353928,-6.8018513,-2.930426,70.0,25.0,90.0,41.582844,-7.1442614,-2.6370878,70.96153,25.379208,89.091606,0.50566244
0.6541666666666667,41.353928,-6.8018513,-2.930426,70.0,25.0,90.0,41.582848,-7.1442614,-2.637085,70.96153,25.379208,89.091606,0.50566584
0.6583333333333333,41.353928,-6.8018513,-2.930426,70.0,25.0,90.0,41.582844,-7.1442585,-2.637084,70.96153,25.3792,89.091606,0.50566274
0.6625,41.353928,-6.8018513,-2.930426,70.0,25.0,90.0,41.582844,-7.1442575,-2.637086,70.96153,25.3792,89.09161,0.50566095
0.6666666666666666,41.353928,-6.8018513,-2.930426,70.0,25.0,90.0,41.582844,-7.1442575,-2.6370869,70.961525,25.379208,89.09161,0.5056604
0.6708333333333333,41.353928,-6.8018513,-2.930426,70.0,25.0,90.0,41.582844,-7.1442556,-2.637086,70.96153,25.379211,89.09161,0.5056597
0.675,41.353928,-6.8018513,-2.930426,70.0,25.0,90.0,41.582844,-7.1442585,-2.6370869,70.96153,25.379204,89.09161,0.5056611
0.6791666666666667,41.353928,-6.8018513,-2.930426,70.0,25.0,90.0,41.582844,-7.1442547,-2.637085,70.961525,25.379208,89.09161,0.5056596
0.6833333333333333,41.353928,-6.8018513,-2.930426,70.0,25.0,90.0,41.582844,-7.1442556,-2.637084,70.96153,25.379208,89.09161,0.5056608
0.6875,41.353928,-6.8018513,-2.930426,70.0,25.0,90.0,41.58284,-7.1442604,-2.637082,70.96153,25.379204,89.09161,0.5056634
0.6916666666666667,41.353928,-6.8018513,-2.930426,70.0,25.0,90.0,41.582844,-7.1442575,-2.637083,70.96153,25.379208,89.09161,0.5056626
0.6958333333333333,41.353928,-6.8018513,-2.930426,70.0,25.0,90.0,41.58284,-7.1442604,-2.637082,70.96153,25.379208,89.09161,0.5056634
0.7,41.353928,-6.8018513,-2.930426,70.0,25.0,90.0,41.58284,-7.1442585,-2.6370869,70.96153,25.379204,89.09161,0.50565934
0.7041666666666667,41.353928,-6.8018513,-2.930426,70.0,25.0,90.0,41.58284,-7.1442575,-2.637086,70.96153,25.379204,89.09161,0.5056592
0.7083333333333334,41.353928,-6.8018513,-2.930426,70.0,25.0,90.0,41.582844,-7.1442556,-2.637085,70.96153,25.379204,89.09161,0.5056602
0.7125,41.353928,-6.8018513,-2.930426,70.0,25.0,90.0,41.58284,-7.1442585,-2.637085,70.96153,25.379211,89.09161,0.5056604
0.7166666666666667,41.353928,-6.8018513,-2.930426,70.0,25.0,90.0,41.582844,-7.1442604,-2.6370869,70.96153,25.3792,89.09161,0.5056623
0.7208333333333333,41.353928,-6.8018513,-2.930426,70.0,25.0,90.0,41.582844,-7.1442604,-2.637085,70.96153,25.379204,89.09161,0.50566345
0.725,41.353928,-6.8018513,-2.930426,70.0,25.0,90.0,41.582844,-7.1442604,-2.637084,70.96153,25.379204,89.09161,0.505664
0.7291666666666666,41.353928,-6.8018513,-2.930426,70.0,25.0,90.0,41.582844,-7.1442604,-2.637086,70.96153,25.379208,89.09161,0.50566286
0.7333333333333333,41.353928,-6.8018513,-2.930426,70.0,25.0,90.0,41.582844,-7.1442585,-2.637085,70.96153,25.379204,89.09161,0.50566214
0.7375,41.353928,-6.8018513,-2.930426,70.0,25.0,90.0,41.58284,-7.1442585,-2.637083,70.96153,25.379204,89.09161,0.50566155
0.7416666666666667,41.353928,-6.8018513,-2.930426,70.0,25.0,90.0,41.582844,-7.1442604,-2.637086,70.96153,25.379204,89.09161,0.50566286
0.7458333333333333,41.353928,-6.8018513,-2.930426,70.0,25.0,90.0,41.582844,-7.1442604,-2.637084,70.96153,25.3792,89.09161,0.505664
0.75,41.353928,-6.8018513,-2.930426,70.0,25.0,90.0,41.58284,-7.1442585,-2.637085,70.96153,25.379204,89.09161,0.5056604
0.7541666666666667,41.353928,-6.8018513,-2.930426,70.0,25.0,90.0,41.582844,-7.1442614,-2.637085,70.96153,25.379208,89.09161,0.5056641
0.7583333333333333,41.353928,-6.8018513,-2.930426,70.0,25.0,90.0,41.582844,-7.1442614,-2.637085,70.96153,25.379208,89.09161,0.5056641
0.7625,41.353928,-6.8018513,-2.930426,70.0,25.0,90.0,41.58284,-7.1442614,-2.637083,70.96153,25.379208,89.09161,0.50566345
0.7666666666666667,41.353928,-6.8018513,-2.930426,70.0,25.0,90.0,41.582844,-7.1442633,-2.637085,70.96153,25.379208,89.091606,0.5056654
0.7708333333333334,41.353928,-6.8018513,-2.930426,70.0,25.0,90.0,41.582844,-7.1442604,-2.637083,70.96153,25.379208,89.091606,0.5056646
0.775,41.353928,-6.8018513,-2.930426,70.0,25.0,90.0,41.582844,-7.1442604,-2.6370811,70.96153,25.379208,89.091606,0.50566566
0.7791666666666667,41.353928,-6.8018513,-2.930426,70.0,25.0,90.0,41.582844,-7.1442604,-2.637084,70.96154,25.379204,89.091606,0.505664
0.7833333333333333,41.353928,-6.8018513,-2.930426,70.0,25.0,90.0,41.582844,-7.1442604,-2.637083,70.96153,25.379208,89.091606,0.5056646
0.7875,41.353928,-6.8018513,-2.930426,70.0,25.0,90.0,41.582844,-7.1442633,-2.637084,70.96154,25.379211,89.091606,0.5056659
0.7916666666666666,41.353928,-6.8018513,-2.930426,70.0,25.0,90.0,41.582844,-7.1442604,-2.637086,70.96154,25.379211,89.091606,0.50566286
0.7958333333333333,41.353928,-6.8018513,-2.930426,70.0,25.0,90.0,41.582844,-7.1442614,-2.637082,70.96154,25.379204,89.0916,0.5056657
0.8,41.353928,-6.8018513,-2.930426,70.0,25.0,90.0,41.582848,-7.144264,-2.637084,70.96154,25.3792,89.0916,0.5056683
0.8041666666666667,41.353928,-6.8018513,-2.930426,70.0,25.0,90.0,41.582844,-7.144264,-2.637085,70.96154,25.379204,89.0916,0.505666
0.8083333333333333,41.353928,-6.8018513,-2.930426,70.0,25.0,90.0,41.582844,-7.1442633,-2.637086,70.96153,25.379208,89.0916,0.5056648
0.8125,41.353928,-6.8018513,-2.930426,70.0,25.0,90.0,41.582844,-7.1442633,-2.6370869,70.96153,25.379211,89.0916,0.5056643
0.8166666666666667,41.353928,-6.8018513,-2.930426,70.0,25.0,90.0,41.582844,-7.144264,-2.637085,70.96153,25.379208,89.0916,0.505666
0.8208333333333333,41.353928,-6.8018513,-2.930426,70.0,25.0,90.0,41.582844,-7.144264,-2.637086,70.96153,25.379204,89.0916,0.5056655
0.825,41.353928,-6.8018513,-2.930426,70.0,25.0,90.0,41.582844,-7.144264,-2.637083,70.96153,25.3792,89.0916,0.50566715
0.8291666666666667,41.353928,-6.8018513,-2.930426,70.0,25.0,90.0,41.582848,-7.1442633,-2.637084,70.96153,25.3792,89.091606,0.5056677
0.8333333333333334,41.353928,-6.8018513,-2.930426,70.0,25.0,90.0,41.582844,-7.1442633,-2.637084,70.96153,25.379204,89.091606,0.5056659
0.8375,41.353928,-6.8018513,-2.930426,70.0,25.0,90.0,41.582844,-7.1442633,-2.637086,70.96153,25.3792,89.091606,0.5056648
0.8416666666666667,41.353928,-6.8018513,-2.930426,70.0,25.0,90.0,41.582844,-7.1442614,-2.637084,70.96153,25.3792,89.091606,0.50566465
0.8458333333333333,41.353928,-6.8018513,-2.930426,70.0,25.0,90.0,41.582844,-7.144264,-2.637084,70.96153,25.379204,89.0916,0.50566655
0.85,41.353928,-6.8018513,-2.930426,70.0,25.0,90.0,41.58284,-7.1442633,-2.637084,70.96153,25.3792,89.0916,0.5056642
0.8541666666666666,41.353928,-6.8018513,-2.930426,70.0,25.0,90.0,41.582844,-7.1442633,-2.637085,70.96153,25.379208,89.0916,0.5056654
0.8583333333333333,41.353928,-6.8018513,-2.930426,70.0,25.0,90.0,41.582844,-7.1442633,-2.637084,70.96153,25.379204,89.091606,0.5056659
0.8625,41.353928,-6.8018513,-2.930426,70.0,25.0,90.0,41.582844,-7.1442633,-2.637084,70.96153,25.379204,89.091606,0.5056659
0.8666666666666667,41.353928,-6.8018513,-2.930426,70.0,25.0,90.0,41.582844,-7.1442633,-2.637084,70.96153,25.379204,89.091606,0.5056659
0.8708333333333333,41.353928,-6.8018513,-2.930426,70.0,25.0,90.0,41.582844,-7.1442633,-2.637084,70.96153,25.379204,89.091606,0.5056659
0.875,41.353928,-6.8018513,-2.930426,70.0,25.0,90.0,41.582844,-7.1442633,-2.637084,70.96153,25.379204,89.091606,0.5056659
0.8791666666666667,41.353928,-6.8018513,-2.930426,70.0,25.0,90.0,41.582844,-7.1442633,-2.637084,70.96153,25.379204,89.091606,0.5056659
0.8833333333333333,41.353928,-6.8018513,-2.930426,70.0,25.0,90.0,41.582844,-7.1442633,-2.637084,70.96153,25.379204,89.091606,0.5056659
0.8875,41.353928,-6.8018513,-2.930426,70.0,25.0,90.0,41.582844,-7.1442633,-2.637084,70.96153,25.379204,89.091606,0.5056659
0.8916666666666667,41.353928,-6.8018513,-2.930426,70.0,25.0,90.0,41.582844,-7.1442633,-2.637084,70.96153,25.379204,89.091606,0.5056659
0.8958333333333334,41.353928,-6.8018513,-2.930426,70.0,25.0,90.0,41.582844,-7.1442633,-2.637084,70.96153,25.379204,89.091606,0.5056659
0.9,41.353928,-6.8018513,-2.930426,70.0,25.0,90.0,41.582844,-7.1442633,-2.637084,70.96153,25.379204,89.091606,0.5056659
0.9041666666666667,41.353928,-6.8018513,-2.930426,70.0,25.0,90.0,41.582844,-7.1442633,-2.637084,70.96153,25.379204,89.091606,0.5056659
0.9083333333333333,41.353928,-6.8018513,-2.930426,70.0,25.0,90.0,41.582844,-7.1442633,-2.637084,70.96153,25.379204,89.091606,0.5056659
0.9125,41.353928,-6.8018513,-2.930426,70.0,25.0,90.0,41.582844,-7.1442633,-2.637084,70.96153,25.379204,89.091606,0.5056659
0.9166666666666666,41.353928,-6.8018513,-2.930426,70.0,25.0,90.0,41.582844,-7.1442633,-2.637084,70.96153,25.379204,89.091606,0.5056659
0.9208333333333333,41.353928,-6.8018513,-2.930426,70.0,25.0,90.0,41.582844,-7.1442633,-2.637084,70.96153,25.379204,89.091606,0.5056659
0.925,41.353928,-6.8018513,-2.930426,70.0,25.0,90.0,41.582844,-7.1442633,-2.637084,70.96153,25.379204,89.091606,0.5056659
0.9291666666666667,41.353928,-6.8018513,-2.930426,70.0,25.0,90.0,41.582844,-7.1442633,-2.637084,70.96153,25.379204,89.091606,0.5056659
0.9333333333333333,41.353928,-6.8018513,-2.930426,70.0,25.0,90.0,41.582844,-7.1442633,-2.637084,70.96153,25.379204,89.091606,0.5056659
0.9375,41.353928,-6.8018513,-2.930426,70.0,25.0,90.0,41.582844,-7.1442633,-2.637084,70.96153,25.379204,89.091606,0.5056659
0.9416666666666667,41.353928,-6.8018513,-2.930426,70.0,25.0,90.0,41.582844,-7.1442633,-2.637084,70.96153,25.379204,89.091606,0.5056659
0.9458333333333333,41.353928,-6.8018513,-2.930426,70.0,25.0,90.0,41.582844,-7.1442633,-2.637084,70.96153,25.379204,89.091606,0.5056659
0.95,41.353928,-6.8018513,-2.930426,70.0,25.0,90.0,41.582844,-7.1442633,-2.637084,70.96153,25.379204,89.091606,0.5056659
0.9541666666666667,41.353928,-6.8018513,-2.930426,70.0,25.0,90.0,41.582844,-7.1442633,-2.637084,70.96153,25.379204,89.091606,0.5056659
0.9583333333333334,41.353928,-6.8018513,-2.930426,70.0,25.0,90.0,41.582844,-7.1442633,-2.637084,70.96153,25.379204,89.091606,0.5056659
0.9625,41.353928,-6.8018513,-2.930426,70.0,25.0,90.0,41.582844,-7.1442633,-2.637084,70.96153,25.379204,89.091606,0.5056659
0.9666666666666667,41.353928,-6.8018513,-2.930426,70.0,25.0,90.0,41.582844,-7.1442633,-2.637084,70.96153,25.379204,89.091606,0.5056659
0.9708333333333333,41.353928,-6.8018513,-2.930426,70.0,25.0,90.0,41.582844,-7.1442633,-2.637084,70.96153,25.379204,89.091606,0.5056659
0.975,41.353928,-6.8018513,-2.930426,70.0,25.0,90.0,41.582844,-7.1442633,-2.637084,70.96153,25.379204,89.091606,0.5056659
0.9791666666666666,41.353928,-6.8018513,-2.930426,70.0,25.0,90.0,41.582844,-7.1442633,-2.637084,70.96153,25.379204,89.091606,0.5056659
0.9833333333333333,41.353928,-6.8018513,-2.930426,70.0,25.0,90.0,41.582844,-7.1442633,-2.637084,70.96153,25.379204,89.091606,0.5056659
0.9875,41.353928,-6.8018513,-2.930426,70.0,25.0,90.0,41.582844,-7.1442633,-2.637084,70.96153,25.379204,89.091606,0.5056659
0.9916666666666667,41.353928,-6.8018513,-2.930426,70.0,25.0,90.0,41.582844,-7.1442633,-2.637084,70.96153,25.379204,89.091606,0.5056659
0.9958333333333333,41.353928,-6.8018513,-2.930426,70.0,25.0,90.0,41.582844,-7.1442633,-2.637084,70.96153,25.379204,89.091606,0.5056659
1.0,41.353928,-6.8018513,-2.930426,70.0,25.0,90.0,41.582844,-7.1442633,-2.637084,70.96153,25.379204,89.091606,0.5056659
1.0041666666666667,41.353928,-6.8018513,-2.930426,70.0,25.0,90.0,41.582844,-7.1442633,-2.637084,70.96153,25.379204,89.091606,0.5056659
1.0083333333333333,41.353928,-6.8018513,-2.930426,70.0,25.0,90.0,41.582844,-7.1442633,-2.637084,70.96153,25.379204,89.091606,0.5056659
1.0125,41.353928,-6.8018513,-2.930426,70.0,25.0,90.0,41.58284,-7.1442633,-2.637086,70.96153,25.379204,89.091606,0.5056631
1.0166666666666666,41.353928,-6.8018513,-2.930426,70.0,25.0,90.0,41.58284,-7.1442614,-2.637084,70.96153,25.379208,89.091606,0.5056629
1.0208333333333333,41.353928,-6.8018513,-2.930426,70.0,25.0,90.0,41.582844,-7.144264,-2.637085,70.96153,25.379208,89.091606,0.505666
1.025,41.353928,-6.8018513,-2.930426,70.0,25.0,90.0,41.582844,-7.1442614,-2.637086,70.96153,25.379211,89.091606,0.5056635
1.0291666666666666,41.353928,-6.8018513,-2.930426,70.0,25.0,90.0,41.582844,-7.1442614,-2.6370869,70.961525,25.379204,89.091606,0.505663
1.0333333333333334,41.353928,-6.8018513,-2.930426,70.0,25.0,90.0,41.582844,-7.1442633,-2.6370897,70.96153,25.3792,89.091606,0.5056626
1.0375,41.353928,-6.8018513,-2.930426,70.0,25.0,90.0,41.582844,-7.1442604,-2.637085,70.96153,25.379208,89.091606,0.50566345
1.0416666666666667,41.353928,-6.8018513,-2.930426,70.0,25.0,90.0,41.582844,-7.1442585,-2.637086,70.96153,25.379204,89.091606,0.5056616
1.0458333333333334,41.353928,-6.8018513,-2.930426,70.0,25.0,90.0,41.582844,-7.1442614,-2.637085,70.96153,25.379208,89.091606,0.5056641
1.05,41.353928,-6.8018513,-2.930426,70.0,25.0,90.0,41.582844,-7.1442604,-2.6370869,70.961525,25.3792,89.091606,0.5056623
1.0541666666666667,41.353928,-6.8018513,-2.930426,70.0,25.0,90.0,41.582844,-7.1442585,-2.637085,70.96153,25.3792,89.09161,0.50566214
1.0583333333333333,41.353928,-6.8018513,-2.930426,70.0,25.0,90.0,41.582848,-7.1442614,-2.637083,70.96153,25.379204,89.09161,0.5056669
1.0625,41.353928,-6.8018513,-2.930426,70.0,25.0,90.0,41.58284,-7.1442575,-2.637086,70.96153,25.3792,89.09161,0.5056592
1.0666666666666667,41.353928,-6.8018513,-2.930426,70.0,25.0,90.0,41.58284,-7.1442556,-2.637083,70.96153,25.379211,89.09161,0.50565964
1.0708333333333333,41.353928,-6.8018513,-2.930426,70.0,25.0,90.0,41.582844,-7.1442585,-2.637084,70.96153,25.379208,89.09161,0.50566274
1.075,41.353928,-6.8018513,-2.930426,70.0,25.0,90.0,41.58284,-7.1442547,-2.637083,70.96153,25.379204,89.09161,0.505659
1.0791666666666666,41.353928,-6.8018513,-2.930426,70.0,25.0,90.0,41.58284,-7.1442575,-2.637083,70.96153,25.379204,89.09161,0.5056609
1.0833333333333333,41.353928,-6.8018513,-2.930426,70.0,25.0,90.0,41.582844,-7.1442556,-2.637083,70.96153,25.379208,89.09161,0.5056613
1.0875,41.353928,-6.8018513,-2.930426,70.0,25.0,90.0,41.582844,-7.1442556,-2.637082,70.96153,25.379204,89.09161,0.5056619
1.0916666666666666,41.353928,-6.8018513,-2.930426,70.0,25.0,90.0,41.58284,-7.1442556,-2.637082,70.96153,25.379208,89.09161,0.5056602
1.0958333333333334,41.353928,-6.8018513,-2.930426,70.0,25.0,90.0,41.582844,-7.1442575,-2.637084,70.96153,25.379204,89.09161,0.5056621
1.1,41.353928,-6.8018513,-2.930426,70.0,25.0,90.0,41.582844,-7.1442556,-2.637082,70.96153,25.379204,89.09161,0.5056619
1.1041666666666667,41.353928,-6.8018513,-2.930426,70.0,25.0,90.0,41.582844,-7.1442614,-2.637082,70.96153,25.379204,89.09161,0.5056657
1.1083333333333334,41.353928,-6.8018513,-2.930426,70.0,25.0,90.0,41.58284,-7.1442585,-2.637084,70.96153,25.379208,89.09161,0.50566095
1.1125,41.353928,-6.8018513,-2.930426,70.0,25.0,90.0,41.582844,-7.1442585,-2.637084,70.96153,25.379204,89.09161,0.50566274
1.1166666666666667,41.353928,-6.8018513,-2.930426,70.0,25.0,90.0,41.58284,-7.1442585,-2.637083,70.96153,25.379204,89.09161,0.50566155
1.1208333333333333,41.353928,-6.8018513,-2.930426,70.0,25.0,90.0,41.582844,-7.1442604,-2.637083,70.96153,25.3792,89.09161,0.5056646
1.125,41.353928,-6.8018513,-2.930426,70.0,25.0,90.0,41.58284,-7.1442604,-2.637084,70.96153,25.3792,89.09161,0.50566226
1.1291666666666667,41.353928,-6.8018513,-2.930426,70.0,25.0,90.0,41.582844,-7.1442604,-2.637083,70.96153,25.379204,89.09161,0.5056646
1.1333333333333333,41.353928,-6.8018513,-2.930426,70.0,25.0,90.0,41.582844,-7.1442585,-2.637086,70.96153,25.3792,89.09161,0.5056616
1.1375,41.353928,-6.8018513,-2.930426,70.0,25.0,90.0,41.582844,-7.1442604,-2.637084,70.96153,25.379208,89.09161,0.505664
1.1416666666666666,41.353928,-6.8018513,-2.930426,70.0,25.0,90.0,41.582844,-7.1442614,-2.637083,70.96153,25.379204,89.09161,0.50566524
1.1458333333333333,41.353928,-6.8018513,-2.930426,70.0,25.0,90.0,41.582844,-7.1442614,-2.637083,70.96153,25.379208,89.09161,0.50566524
1.15,41.353928,-6.8018513,-2.930426,70.0,25.0,90.0,41.582844,-7.1442614,-2.6370811,70.96153,25.379204,89.09161,0.5056663
1.1541666666666666,41.353928,-6.8018513,-2.930426,70.0,25.0,90.0,41.582844,-7.1442633,-2.637083,70.96153,25.379204,89.09161,0.5056665
1.1583333333333334,41.353928,-6.8018513,-2.930426,70.0,25.0,90.0,41.58284,-7.1442633,-2.637083,70.96153,25.379204,89.09161,0.50566477
1.1625,41.353928,-6.8018513,-2.930426,70.0,25.0,90.0,41.582844,-7.1442614,-2.6370802,70.96153,25.379208,89.091606,0.50566685
1.1666666666666667,41.353928,-6.8018513,-2.930426,70.0,25.0,90.0,41.58284,-7.1442604,-2.637082,70.96153,25.379208,89.091606,0.5056634
1.1708333333333334,41.353928,-6.8018513,-2.930426,70.0,25.0,90.0,41.58284,-7.1442604,-2.6370802,70.96153,25.379204,89.091606,0.50566447
1.175,41.353928,-6.8018513,-2.930426,70.0,25.0,90.0,41.582844,-7.1442614,-2.637082,70.96154,25.379204,89.091606,0.5056657
1.1791666666666667,41.353928,-6.8018513,-2.930426,70.0,25.0,90.0,41.582844,-7.1442614,-2.637084,70.96153,25.379208,89.091606,0.50566465
1.1833333333333333,41.353928,-6.8018513,-2.930426,70.0,25.0,90.0,41.582844,-7.1442633,-2.637082,70.96153,25.379211,89.091606,0.50566703
1.1875,41.353928,-6.8018513,-2.930426,70.0,25.0,90.0,41.582848,-7.1442604,-2.637085,70.96154,25.379208,89.0916,0.5056652
1.1916666666666667,41.353928,-6.8018513,-2.930426,70.0,25.0,90.0,41.582844,-7.1442633,-2.637082,70.96154,25.379208,89.0916,0.50566703
1.1958333333333333,41.353928,-6.8018513,-2.930426,70.0,25.0,90.0,41.582844,-7.144264,-2.637084,70.96154,25.379204,89.0916,0.50566655
1.2,41.353928,-6.8018513,-2.930426,70.0,25.0,90.0,41.582848,-7.1442633,-2.637085,70.96153,25.379204,89.0916,0.5056671
1.2041666666666666,41.353928,-6.8018513,-2.930426,70.0,25.0,90.0,41.582844,-7.144264,-2.637084,70.96153,25.379204,89.0916,0.50566655
1.2083333333333333,41.353928,-6.8018513,-2.930426,70.0,25.0,90.0,41.582848,-7.144264,-2.637084,70.96153,25.379204,89.0916,0.5056683
1.2125,41.353928,-6.8018513,-2.930426,70.0,25.0,90.0,41.582844,-7.1442614,-2.637086,70.96153,25.379208,89.0916,0.5056635
1.2166666666666666,41.353928,-6.8018513,-2.930426,70.0,25.0,90.0,41.582844,-7.144264,-2.6370878,70.96153,25.379204,89.0916,0.5056644
1.2208333333333334,41.353928,-6.8018513,-2.930426,70.0,25.0,90.0,41.582844,-7.144264,-2.637083,70.96153,25.379204,89.0916,0.50566715
1.225,41.353928,-6.8018513,-2.930426,70.0,25.0,90.0,41.582848,-7.1442614,-2.637082,70.96153,25.379204,89.0916,0.5056675
1.2291666666666667,41.353928,-6.8018513,-2.930426,70.0,25.0,90.0,41.582844,-7.144264,-2.637084,70.96153,25.379204,89.091606,0.50566655
1.2333333333333334,41.353928,-6.8018513,-2.930426,70.0,25.0,90.0,41.58284,-7.1442633,-2.637083,70.96153,25.379204,89.091606,0.50566477
1.2375,41.353928,-6.8018513,-2.930426,70.0,25.0,90.0,41.582848,-7.144264,-2.6370869,70.96153,25.379208,89.0916,0.5056667
1.2416666666666667,41.353928,-6.8018513,-2.930426,70.0,25.0,90.0,41.582844,-7.1442633,-2.6370897,70.96153,25.379208,89.0916,0.5056626
1.2458333333333333,41.353928,-6.8018513,-2.930426,70.0,25.0,90.0,41.582844,-7.144264,-2.637086,70.96153,25.379208,89.0916,0.5056655
1.25,41.353928,-6.8018513,-2.930426,70.0,25.0,90.0,41.582844,-7.1442633,-2.637086,70.96153,25.379208,89.0916,0.5056648
1.2541666666666667,41.353928,-6.8018513,-2.930426,70.0,25.0,90.0,41.582844,-7.1442633,-2.6370869,70.961525,25.379208,89.0916,0.5056643
1.2583333333333333,41.353928,-6.8018513,-2.930426,70.0,25.0,90.0,41.582844,-7.1442633,-2.6370869,70.961525,25.379208,89.0916,0.5056643
1.2625,41.353928,-6.8018513,-2.930426,70.0,25.0,90.0,41.582844,-7.1442633,-2.6370869,70.961525,25.379208,89.0916,0.5056643
1.2666666666666666,41.353928,-6.8018513,-2.930426,70.0,25.0,90.0,41.582844,-7.1442633,-2.6370869,70.961525,25.379208,89.0916,0.5056643
1.2708333333333333,41.353928,-6.8018513,-2.930426,70.0,25.0,90.0,41.582844,-7.1442633,-2.6370869,70.961525,25.379208,89.0916,0.5056643
1.275,41.353928,-6.8018513,-2.930426,70.0,25.0,90.0,41.582844,-7.1442633,-2.6370869,70.961525,25.379208,89.0916,0.5056643
1.2791666666666666,41.353928,-6.8018513,-2.930426,70.0,25.0,90.0,41.582844,-7.1442633,-2.6370869,70.961525,25.379208,89.0916,0.5056643
1.2833333333333334,41.353928,-6.8018513,-2.930426,70.0,25.0,90.0,41.582844,-7.1442633,-2.6370869,70.961525,25.379208,89.0916,0.5056643
1.2875,41.353928,-6.8018513,-2.930426,70.0,25.0,90.0,41.582844,-7.1442633,-2.6370869,70.961525,25.379208,89.0916,0.5056643
1.2916666666666667,41.353928,-6.8018513,-2.930426,70.0,25.0,90.0,41.582844,-7.1442633,-2.6370869,70.961525,25.379208,89.0916,0.5056643
1.2958333333333334,41.353928,-6.8018513,-2.930426,70.0,25.0,90.0,41.582844,-7.1442633,-2.6370869,70.961525,25.379208,89.0916,0.5056643
1.3,41.353928,-6.8018513,-2.930426,70.0,25.0,90.0,41.582844,-7.1442633,-2.6370869,70.961525,25.379208,89.0916,0.5056643
1.3041666666666667,41.353928,-6.8018513,-2.930426,70.0,25.0,90.0,41.582844,-7.1442633,-2.6370869,70.961525,25.379208,89.0916,0.5056643
1.3083333333333333,41.353928,-6.8018513,-2.930426,70.0,25.0,90.0,41.582844,-7.1442633,-2.6370869,70.961525,25.379208,89.0916,0.5056643
1.3125,41.353928,-6.8018513,-2.930426,70.0,25.0,90.0,41.582844,-7.1442633,-2.6370869,70.961525,25.379208,89.0916,0.5056643
1.3166666666666667,41.353928,-6.8018513,-2.930426,70.0,25.0,90.0,41.582844,-7.1442633,-2.6370869,70.961525,25.379208,89.0916,0.5056643
1.3208333333333333,41.353928,-6.8018513,-2.930426,70.0,25.0,90.0,41.582844,-7.1442633,-2.6370869,70.961525,25.379208,89.0916,0.5056643
1.325,41.353928,-6.8018513,-2.930426,70.0,25.0,90.0,41.582844,-7.1442633,-2.6370869,70.961525,25.379208,89.0916,0.5056643
1.3291666666666666,41.353928,-6.8018513,-2.930426,70.0,25.0,90.0,41.582844,-7.1442633,-2.6370869,70.961525,25.379208,89.0916,0.5056643
1.3333333333333333,41.353928,-6.8018513,-2.930426,70.0,25.0,90.0,41.582844,-7.1442633,-2.6370869,70.961525,25.379208,89.0916,0.5056643
1.3375,41.353928,-6.8018513,-2.930426,70.0,25.0,90.0,41.582844,-7.1442633,-2.6370869,70.961525,25.379208,89.0916,0.5056643
1.3416666666666666,41.353928,-6.8018513,-2.930426,70.0,25.0,90.0,41.582844,-7.1442633,-2.6370869,70.961525,25.379208,89.0916,0.5056643
1.3458333333333334,41.353928,-6.8018513,-2.930426,70.0,25.0,90.0,41.582844,-7.1442633,-2.6370869,70.961525,25.379208,89.0916,0.5056643
1.35,41.353928,-6.8018513,-2.930426,70.0,25.0,90.0,41.582844,-7.1442633,-2.6370869,70.961525,25.379208,89.0916,0.5056643
1.3541666666666667,41.353928,-6.8018513,-2.930426,70.0,25.0,90.0,41.582844,-7.1442633,-2.6370869,70.961525,25.379208,89.0916,0.5056643
1.3583333333333334,41.353928,-6.8018513,-2.930426,70.0,25.0,90.0,41.582844,-7.1442633,-2.6370869,70.961525,25.379208,89.0916,0.5056643
1.3625,41.353928,-6.8018513,-2.930426,70.0,25.0,90.0,41.582844,-7.1442633,-2.6370869,70.961525,25.379208,89.0916,0.5056643
1.3666666666666667,41.353928,-6.8018513,-2.930426,70.0,25.0,90.0,41.582844,-7.1442633,-2.6370869,70.961525,25.379208,89.0916,0.5056643
1.3708333333333333,41.353928,-6.8018513,-2.930426,70.0,25.0,90.0,41.582844,-7.1442633,-2.6370869,70.961525,25.379208,89.0916,0.5056643
1.375,41.353928,-6.8018513,-2.930426,70.0,25.0,90.0,41.582844,-7.1442633,-2.6370869,70.961525,25.379208,89.0916,0.5056643
1.3791666666666667,41.353928,-6.8018513,-2.930426,70.0,25.0,90.0,41.582844,-7.1442633,-2.6370869,70.961525,25.379208,89.0916,0.5056643
1.3833333333333333,41.353928,-6.8018513,-2.930426,70.0,25.0,90.0,41.582844,-7.1442633,-2.6370869,70.961525,25.379208,89.0916,0.5056643
1.3875,41.353928,-6.8018513,-2.930426,70.0,25.0,90.0,41.582844,-7.1442633,-2.6370869,70.961525,25.379208,89.0916,0.5056643
1.3916666666666666,41.353928,-6.8018513,-2.930426,70.0,25.0,90.0,41.582844,-7.1442633,-2.6370869,70.961525,25.379208,89.0916,0.5056643
1.3958333333333333,41.353928,-6.8018513,-2.930426,70.0,25.0,90.0,41.582844,-7.1442633,-2.6370869,70.961525,25.379208,89.0916,0.5056643
1.4,41.353928,-6.8018513,-2.930426,70.0,25.0,90.0,41.582844,-7.1442633,-2.6370869,70.961525,25.379208,89.0916,0.5056643
1.4041666666666666,41.353928,-6.8018513,-2.930426,70.0,25.0,90.0,41.58284,-7.1442633,-2.637086,70.961525,25.379208,89.0916,0.5056631
1.4083333333333334,41.353928,-6.8018513,-2.930426,70.0,25.0,90.0,41.58284,-7.1442633,-2.6370869,70.96153,25.379208,89.0916,0.50566256
1.4125,41.353928,-6.8018513,-2.930426,70.0,25.0,90.0,41.582848,-7.144264,-2.637086,70.96153,25.379211,89.0916,0.5056672
1.4166666666666667,41.353928,-6.8018513,-2.930426,70.0,25.0,90.0,41.582844,-7.144264,-2.637085,70.96153,25.379208,89.091606,0.505666
1.4208333333333334,41.353928,-6.8018513,-2.930426,70.0,25.0,90.0,41.582848,-7.1442614,-2.6370869,70.96153,25.379208,89.091606,0.5056647
1.425,41.353928,-6.8018513,-2.930426,70.0,25.0,90.0,41.582844,-7.1442633,-2.637086,70.96153,25.379204,89.091606,0.5056648
1.4291666666666667,41.353928,-6.8018513,-2.930426,70.0,25.0,90.0,41.582844,-7.1442604,-2.6370907,70.96153,25.3792,89.091606,0.5056601
1.4333333333333333,41.353928,-6.8018513,-2.930426,70.0,25.0,90.0,41.582848,-7.1442604,-2.6370878,70.96153,25.379204,89.091606,0.5056635
1.4375,41.353928,-6.8018513,-2.930426,70.0,25.0,90.0,41.582844,-7.1442633,-2.6370878,70.961525,25.379204,89.091606,0.50566375
1.4416666666666667,41.353928,-6.8018513,-2.930426,70.0,25.0,90.0,41.582848,-7.1442614,-2.637084,70.96153,25.379204,89.09161,0.5056664
1.4458333333333333,41.353928,-6.8018513,-2.930426,70.0,25.0,90.0,41.582844,-7.1442585,-2.637085,70.96153,25.3792,89.091606,0.50566214
1.45,41.353928,-6.8018513,-2.930426,70.0,25.0,90.0,41.582844,-7.1442604,-2.637083,70.961525,25.3792,89.09161,0.5056646
1.4541666666666666,41.353928,-6.8018513,-2.930426,70.0,25.0,90.0,41.58284,-7.1442575,-2.637082,70.96153,25.379204,89.09161,0.5056614
1.4583333333333333,41.353928,-6.8018513,-2.930426,70.0,25.0,90.0,41.58284,-7.1442585,-2.637082,70.96153,25.379204,89.09162,0.5056621
1.4625,41.353928,-6.8018513,-2.930426,70.0,25.0,90.0,41.582844,-7.1442604,-2.637086,70.96153,25.379204,89.09161,0.50566286
1.4666666666666666,41.353928,-6.8018513,-2.930426,70.0,25.0,90.0,41.582844,-7.1442604,-2.637083,70.96153,25.379204,89.09161,0.5056646
1.4708333333333334,41.353928,-6.8018513,-2.930426,70.0,25.0,90.0,41.58284,-7.1442575,-2.637082,70.96153,25.379208,89.09161,0.5056614
1.475,41.353928,-6.8018513,-2.930426,70.0,25.0,90.0,41.58284,-7.1442575,-2.6370811,70.96153,25.3792,89.09161,0.505662
1.4791666666666667,41.353928,-6.8018513,-2.930426,70.0,25.0,90.0,41.58284,-7.1442575,-2.6370773,70.96153,25.379208,89.09161,0.5056642
1.4833333333333334,41.353928,-6.8018513,-2.930426,70.0,25.0,90.0,41.58284,-7.1442575,-2.637084,70.96153,25.379211,89.09161,0.5056603
1.4875,41.353928,-6.8018513,-2.930426,70.0,25.0,90.0,41.58284,-7.1442585,-2.637082,70.96153,25.379208,89.09161,0.5056621
1.4916666666666667,41.353928,-6.8018513,-2.930426,70.0,25.0,90.0,41.58284,-7.1442585,-2.6370802,70.96153,25.379204,89.09161,0.5056632
1.4958333333333333,41.353928,-6.8018513,-2.930426,70.0,25.0,90.0,41.58284,-7.1442585,-2.6370811,70.96154,25.379204,89.09161,0.5056627
1.5,41.353928,-6.8018513,-2.930426,70.0,25.0,90.0,41.582844,-7.1442614,-2.637085,70.96153,25.379204,89.09161,0.5056641
1.5041666666666667,41.353928,-6.8018513,-2.930426,70.0,25.0,90.0,41.58284,-7.1442604,-2.637085,70.96153,25.3792,89.09161,0.5056617
1.5083333333333333,41.353928,-6.8018513,-2.930426,70.0,25.0,90.0,41.582844,-7.1442633,-2.637084,70.96153,25.379204,89.09161,0.5056659
1.5125,41.353928,-6.8018513,-2.930426,70.0,25.0,90.0,41.582844,-7.1442585,-2.637085,70.96153,25.379208,89.09161,0.50566214
1.5166666666666666,41.353928,-6.8018513,-2.930426,70.0,25.0,90.0,41.582844,-7.1442585,-2.637085,70.96153,25.379208,89.09161,0.50566214
1.5208333333333333,41.353928,-6.8018513,-2.930426,70.0,25.0,90.0,41.582844,-7.1442585,-2.637084,70.96153,25.379208,89.09161,0.50566274
1.525,41.353928,-6.8018513,-2.930426,70.0,25.0,90.0,41.582844,-7.1442585,-2.637086,70.96153,25.379208,89.09161,0.5056616
1.5291666666666666,41.353928,-6.8018513,-2.930426,70.0,25.0,90.0,41.582844,-7.1442585,-2.637084,70.96153,25.379208,89.09161,0.50566274
1.5333333333333334,41.353928,-6.8018513,-2.930426,70.0,25.0,90.0,41.582844,-7.1442547,-2.637082,70.96154,25.379204,89.09161,0.50566125
1.5375,41.353928,-6.8018513,-2.930426,70.0,25.0,90.0,41.58284,-7.1442547,-2.6370783,70.96155,25.379196,89.0916,0.5056617
1.5416666666666667,41.353928,-6.8018513,-2.930426,70.0,25.0,90.0,41.58284,-7.1442537,-2.6370668,70.96153,25.379177,89.09157,0.5056677
1.5458333333333334,41.353928,-6.8018513,-2.930426,70.0,25.0,90.0,41.582836,-7.1441956,-2.6370516,70.96145,25.379078,89.09152,0.50563544
1.55,41.353928,-6.8018513,-2.930426,70.0,25.0,90.0,41.582863,-7.1440334,-2.6370401,70.96115,25.378902,89.09151,0.5055444
1.5541666666666667,41.353928,-6.8018513,-2.930426,70.0,25.0,90.0,41.582973,-7.143715,-2.6370363,70.960526,25.378532,89.09155,0.5053812
1.5583333333333333,41.353928,-6.8018513,-2.930426,70.0,25.0,90.0,41.58324,-7.1432486,-2.6370964,70.959526,25.377956,89.09165,0.50515217
1.5625,41.353928,-6.8018513,-2.930426,70.0,25.0,90.0,41.583714,-7.1426487,-2.637251,70.958115,25.377213,89.0918,0.50487226
1.5666666666666667,41.353928,-6.8018513,-2.930426,70.0,25.0,90.0,41.584343,-7.1419315,-2.6375065,70.95617,25.376316,89.09207,0.5045271
1.5708333333333333,41.353928,-6.8018513,-2.930426,70.0,25.0,90.0,41.58521,-7.141076,-2.637825,70.95361,25.375282,89.09261,0.50416243
1.575,41.353928,-6.8018513,-2.930426,70.0,25.0,90.0,41.58627,-7.1401024,-2.6382017,70.95032,25.374172,89.093636,0.5037772
1.5791666666666666,41.353928,-6.8018513,-2.930426,70.0,25.0,90.0,41.58749,-7.139041,-2.6386528,70.94643,25.37321,89.09543,0.5033685
1.5833333333333333,41.353928,-6.8018513,-2.930426,70.0,25.0,90.0,41.58885,-7.138012,-2.6391678,70.942085,25.37246,89.098305,0.50301385
1.5875,41.353928,-6.8018513,-2.930426,70.0,25.0,90.0,41.590286,-7.1371098,-2.639886,70.93772,25.371841,89.10275,0.50267
1.5916666666666666,41.353928,-6.8018513,-2.930426,70.0,25.0,90.0,41.591812,-7.136341,-2.6409054,70.933716,25.371216,89.10913,0.50228935
1.5958333333333334,41.353928,-6.8018513,-2.930426,70.0,25.0,90.0,41.593365,-7.1358004,-2.6421661,70.92958,25.370548,89.11747,0.50194204
1.6,41.353928,-6.8018513,-2.930426,70.0,25.0,90.0,41.594547,-7.135108,-2.6433048,70.92478,25.368748,89.129,0.5013944
1.6041666666666667,41.353928,-6.8018513,-2.930426,70.0,25.0,90.0,41.595497,-7.1343756,-2.6439104,70.919815,25.365932,89.144104,0.50101835
1.6083333333333334,41.353928,-6.8018513,-2.930426,70.0,25.0,90.0,41.595886,-7.1334896,-2.6435614,70.914276,25.362083,89.16348,0.50081855
1.6125,41.353928,-6.8018513,-2.930426,70.0,25.0,90.0,41.595387,-7.1321898,-2.6417894,70.90785,25.358074,89.18765,0.50073636
1.6166666666666667,41.353928,-6.8018513,-2.930426,70.0,25.0,90.0,41.59314,-7.129486,-2.6380615,70.90041,25.353111,89.21786,0.50004387
1.6208333333333333,41.353928,-6.8018513,-2.930426,70.0,25.0,90.0,41.589985,-7.1248817,-2.6327782,70.891266,25.347492,89.253555,0.4986641
1.625,41.353928,-6.8018513,-2.930426,70.0,25.0,90.0,41.582115,-7.114938,-2.6259222,70.882744,25.34513,89.29729,0.49276283
1.6291666666666667,41.353928,-6.8018513,-2.930426,70.0,25.0,90.0,41.568752,-7.0989494,-2.6158876,70.873566,25.342987,89.35114,0.48306447
1.6333333333333333,41.353928,-6.8018513,-2.930426,70.0,25.0,90.0,41.554184,-7.0808153,-2.605031,70.86183,25.337711,89.41066,0.47308072
1.6375,41.353928,-6.8018513,-2.930426,70.0,25.0,90.0,41.53965,-7.0549393,-2.5957909,70.84683,25.329441,89.476036,0.45883211
1.6416666666666666,41.353928,-6.8018513,-2.930426,70.0,25.0,90.0,41.525043,-7.024411,-2.5845852,70.82958,25.32164,89.552185,0.44544286
1.6458333333333333,41.353928,-6.8018513,-2.930426,70.0,25.0,90.0,41.510773,-6.9919014,-2.5718966,70.81741,25.310505,89.63395,0.43504333
1.65,41.353928,-6.8018513,-2.930426,70.0,25.0,90.0,41.495304,-6.949033,-2.5650425,70.801445,25.296032,89.727,0.4185149
1.6541666666666666,41.353962,-6.8018847,-2.9304242,70.00003,25.0,89.99989,41.479202,-6.901615,-2.5617447,70.77976,25.294865,89.8212,0.40194017
1.6583333333333334,41.35419,-6.8021126,-2.9304245,70.00022,25.0,89.99916,41.45884,-6.858824,-2.5588436,70.76298,25.299843,89.91523,0.39017922
1.6625,41.354805,-6.8027267,-2.9304276,70.00073,25.0,89.997185,41.43068,-6.818758,-2.5499191,70.74582,25.294731,90.02213,0.3883305
1.6666666666666667,41.35597,-6.803894,-2.9304254,70.00172,25.0,89.99344,41.39746,-6.7833405,-2.5396585,70.73812,25.29438,90.13058,0.39350072
1.6708333333333334,41.357864,-6.8057876,-2.9304268,70.0033,25.0,89.98734,41.36322,-6.7481537,-2.5183058,70.74074,25.285442,90.245445,0.41616598
1.675,41.36064,-6.8085647,-2.9304242,70.00564,25.0,89.97841,41.32097,-6.710079,-2.495431,70.74944,25.282722,90.374954,0.44776386
1.6791666666666667,41.364452,-6.812375,-2.9304283,70.00883,25.0,89.96615,41.27336,-6.6726694,-2.4798622,70.75965,25.284603,90.49024,0.48044255
1.6833333333333333,41.36943,-6.817352,-2.930428,70.013,25.0,89.950134,41.219883,-6.63616,-2.4487095,70.78162,25.29601,90.61348,0.535955
1.6875,41.37571,-6.823631,-2.9304252,70.018265,25.0,89.929924,41.167934,-6.604059,-2.4155512,70.79062,25.305168,90.71988,0.5970573
1.6916666666666667,41.383408,-6.831331,-2.9304247,70.02471,25.0,89.90514,41.109936,-6.569745,-2.3668594,70.82589,25.309277,90.80451,0.67883706
1.6958333333333333,41.392643,-6.8405647,-2.9304242,70.03243,25.0,89.875404,41.061363,-6.5191517,-2.32446,70.86337,25.287582,90.84451,0.7617383
1.7,41.403515,-6.8514385,-2.930426,70.04151,25.0,89.84038,41.027992,-6.4691505,-2.2955484,70.89653,25.260418,90.83059,0.83080125
1.7041666666666666,41.416122,-6.864044,-2.9304237,70.052025,25.0,89.79974,41.003235,-6.4255867,-2.258194,70.93294,25.246323,90.794556,0.9025597
1.7083333333333333,41.43055,-6.878474,-2.9304256,70.06403,25.0,89.75321,40.9998,-6.3886642,-2.2228622,70.96827,25.2039,90.790596,0.9623428
1.7125,41.44688,-6.8948045,-2.9304264,70.0776,25.0,89.70051,41.00509,-6.352543,-2.1839838,71.01604,25.136612,90.807846,1.0229388
1.7166666666666666,41.465187,-6.9131107,-2.9304254,70.09277,25.0,89.64139,41.00218,-6.3454123,-2.130804,71.08037,25.038857,90.80241,1.0844598
1.7208333333333334,41.48553,-6.933454,-2.9304245,70.1096,25.0,89.57564,40.991417,-6.351408,-2.0787907,71.1455,24.938187,90.799965,1.1437684
1.725,41.50797,-6.9558916,-2.930425,70.1281,25.0,89.50305,40.983757,-6.3635187,-2.0330553,71.17693,24.83136,90.818146,1.1962341
1.7291666666666667,41.532555,-6.9804783,-2.930427,70.14831,25.0,89.42344,40.97297,-6.3862114,-2.0002718,71.17989,24.707626,90.82444,1.2375289
1.7333333333333334,41.559326,-7.007251,-2.9304254,70.17025,25.0,89.336655,40.957527,-6.414939,-1.967782,71.17126,24.553741,90.86482,1.280499
1.7375,41.588326,-7.0362477,-2.9304273,70.193924,25.0,89.242546,40.930935,-6.458377,-1.9387646,71.155205,24.40287,90.88958,1.3226837
1.7416666666666667,41.619576,-7.067498,-2.930427,70.219345,25.0,89.141,40.886196,-6.5084114,-1.8971596,71.11798,24.284016,90.94582,1.3849423
1.7458333333333333,41.653103,-7.101026,-2.9304278,70.246506,25.0,89.031906,40.824337,-6.598157,-1.8797112,71.12893,24.192135,91.05583,1.4295928
1.75,41.688923,-7.136844,-2.930426,70.2754,25.0,88.915184,40.771885,-6.698209,-1.8746796,71.123024,24.099056,91.15397,1.465592
1.7541666666666667,41.727043,-7.1749654,-2.9304276,70.306,25.0,88.790764,40.73578,-6.799363,-1.8411522,71.119545,24.001545,91.26433,1.5199351
1.7583333333333333,41.767467,-7.21539,-2.9304268,70.338295,25.0,88.658615,40.71269,-6.8854475,-1.7973776,71.13011,23.90144,91.352715,1.5827892
1.7625,41.8102,-7.25812,-2.9304256,70.37225,25.0,88.51868,40.722225,-6.9739065,-1.7544336,71.13778,23.792187,91.389854,1.6270905
1.7666666666666666,41.855225,-7.303148,-2.9304283,70.40784,25.0,88.37095,40.748383,-7.037037,-1.7186213,71.134735,23.685844,91.38341,1.6626456
1.7708333333333333,41.902534,-7.3504577,-2.9304273,70.445015,25.0,88.21543,40.786434,-7.0859413,-1.6972866,71.12262,23.59616,91.320946,1.6841272
1.775,41.952106,-7.4000287,-2.9304261,70.483734,25.0,88.05213,40.82526,-7.125368,-1.667057,71.148544,23.509243,91.2627,1.7150284
1.7791666666666666,42.003918,-7.451841,-2.9304266,70.52395,25.0,87.881096,40.89992,-7.1741753,-1.6478148,71.16004,23.419266,91.1419,1.7149342
1.7833333333333334,42.05794,-7.505867,-2.930429,70.565605,25.0,87.70235,40.975105,-7.229186,-1.6409225,71.16109,23.349041,91.01317,1.7064329
1.7875,42.114143,-7.562066,-2.930426,70.60865,25.0,87.51596,41.04705,-7.2936277,-1.657505,71.16084,23.310604,90.84964,1.6825795
1.7916666666666667,42.17249,-7.620411,-2.9304254,70.65302,25.0,87.32199,41.108185,-7.3710966,-1.7130413,71.1395,23.25912,90.69098,1.6361313
1.7958333333333334,42.23292,-7.680845,-2.9304278,70.69865,25.0,87.12056,41.16733,-7.458559,-1.780158,71.11654,23.216206,90.51087,1.5836709
1.8,42.29541,-7.743333,-2.9304264,70.745476,25.0,86.911736,41.211708,-7.5561037,-1.8497877,71.10282,23.165924,90.31443,1.5418317
1.8041666666666667,42.35989,-7.807812,-2.930425,70.79343,25.0,86.695656,41.24952,-7.647744,-1.9162045,71.08971,23.095646,90.09951,1.5123452
1.8083333333333333,42.42631,-7.8742337,-2.9304264,70.84243,25.0,86.47245,41.291946,-7.7300043,-1.9670582,71.07825,23.039375,89.8644,1.4952139
1.8125,42.494617,-7.942541,-2.9304247,70.892426,25.0,86.24223,41.3114,-7.812788,-1.996892,71.07734,23.006351,89.61807,1.5127193
1.8166666666666667,42.564743,-8.012665,-2.930427,70.94332,25.0,86.00517,41.326252,-7.884903,-2.0177202,71.08322,22.979927,89.36716,1.5437671
1.8208333333333333,42.63662,-8.084544,-2.9304247,70.99506,25.0,85.76144,41.349316,-7.952447,-2.0340204,71.09249,22.965733,89.10776,1.5742115
1.825,42.710182,-8.158102,-2.9304233,71.04756,25.0,85.51119,41.384987,-8.009239,-2.0376158,71.11597,22.96917,88.857864,1.6048077
1.8291666666666666,42.78535,-8.2332735,-2.930425,71.100746,25.0,85.25464,41.424435,-8.056674,-2.040287,71.14258,22.966324,88.6118,1.6357341
1.8333333333333333,42.862053,-8.309978,-2.9304252,71.15454,25.0,84.991974,41.473675,-8.095852,-2.044159,71.15521,22.948566,88.37255,1.6609972
1.8375,42.940212,-8.388133,-2.9304254,71.20887,25.0,84.723404,41.52122,-8.138242,-2.044839,71.16081,22.923794,88.12996,1.6912258
1.8416666666666666,43.019745,-8.467667,-2.9304261,71.263664,25.0,84.44915,41.5775,-8.182411,-2.038395,71.17031,22.881771,87.88177,1.7196401
1.8458333333333334,43.100567,-8.548491,-2.9304276,71.31885,25.0,84.16945,41.62812,-8.225711,-2.0228472,71.18051,22.844719,87.631165,1.7595417
1.85,43.18259,-8.63051,-2.9304268,71.374344,25.0,83.88455,41.680485,-8.268942,-2.0087337,71.190475,22.82293,87.36909,1.7990474
1.8541666666666667,43.265728,-8.713651,-2.9304268,71.43009,25.0,83.5947,41.736378,-8.309309,-1.9956732,71.19948,22.80091,87.106125,1.8374354
1.8583333333333334,43.34989,-8.797815,-2.9304264,71.486015,25.0,83.30016,41.795803,-8.349584,-1.9806995,71.210304,22.776894,86.84256,1.8756557
1.8625,43.434986,-8.882908,-2.9304252,71.542046,25.0,83.00122,41.856472,-8.386645,-1.963623,71.21974,22.758202,86.582634,1.9164263
1.8666666666666667,43.52092,-8.968843,-2.9304242,71.59812,25.0,82.69814,41.920563,-8.418543,-1.9473276,71.23138,22.750156,86.33585,1.9571542
1.8708333333333333,43.607597,-9.055519,-2.9304268,71.65417,25.0,82.39123,41.987892,-8.445546,-1.9242506,71.25429,22.751392,86.105736,2.0019746
1.875,43.69492,-9.142844,-2.9304264,71.71014,25.0,82.08078,42.058537,-8.478069,-1.8907814,71.28793,22.761906,85.88151,2.0495212
1.8791666666666667,43.78279,-9.230716,-2.9304252,71.76596,25.0,81.767105,42.12923,-8.5018,-1.8545732,71.337135,22.783428,85.647224,2.1031022
1.8833333333333333,43.871117,-9.31904,-2.9304261,71.82158,25.0,81.45051,42.20469,-8.522145,-1.8190727,71.39136,22.818478,85.40789,2.15572
1.8875,43.95979,-9.407713,-2.9304276,71.87694,25.0,81.13135,42.28295,-8.543176,-1.7918072,71.44449,22.860138,85.16386,2.2035577
1.8916666666666666,44.048717,-9.496638,-2.9304283,71.931984,25.0,80.80991,42.36676,-8.565401,-1.7719841,71.49937,22.911766,84.91381,2.2445881
1.8958333333333333,44.13779,-9.585714,-2.9304261,71.98667,25.0,80.48659,42.453472,-8.591911,-1.7581043,71.54395,22.96724,84.64835,2.2801123
1.9,44.22692,-9.674841,-2.9304264,72.04094,25.0,80.161674,42.5447,-8.625235,-1.75068,71.583206,23.028831,84.36634,2.3072364
1.9041666666666666,44.315994,-9.76392,-2.9304264,72.09475,25.0,79.83557,42.636635,-8.665301,-1.7566662,71.61421,23.097458,84.06176,2.3248491
1.9083333333333334,44.404922,-9.852844,-2.9304256,72.14805,25.0,79.50859,42.731457,-8.710971,-1.7749109,71.63919,23.16935,83.74324,2.33229
1.9125,44.4936,-9.941522,-2.9304261,72.2008,25.0,79.18113,42.82544,-8.75923,-1.8002167,71.65831,23.240204,83.4164,2.3362243
1.9166666666666667,44.58192,-10.029843,-2.9304245,72.25295,25.0,78.853546,42.92098,-8.807478,-1.820509,71.67202,23.309029,83.089455,2.341969
1.9208333333333334,44.669792,-10.117712,-2.9304223,72.304474,25.0,78.52622,43.017143,-8.857677,-1.8382473,71.68663,23.371567,82.75745,2.3477185
1.925,44.757114,-10.205037,-2.9304283,72.355316,25.0,78.19952,43.11172,-8.911478,-1.859477,71.70629,23.431084,82.41866,2.3510745
1.9291666666666667,44.843792,-10.291715,-2.930428,72.40546,25.0,77.87381,43.20603,-8.971329,-1.8823938,71.72728,23.48214,82.068535,2.3503304
1.9333333333333333,44.929726,-10.377648,-2.9304247,72.45486,25.0,77.549484,43.30133,-9.037228,-1.9060812,71.74979,23.526829,81.71182,2.3447127
1.9375,45.01482,-10.462745,-2.9304287,72.50347,25.0,77.22694,43.39564,-9.110432,-1.9249067,71.78529,23.569717,81.355,2.3369992
1.9416666666666667,45.098984,-10.546905,-2.9304237,72.551285,25.0,76.90654,43.489616,-9.187184,-1.9396362,71.83688,23.617886,80.99434,2.32821
1.9458333333333333,45.18212,-10.630046,-2.9304268,72.59825,25.0,76.58868,43.58635,-9.268459,-1.9516735,71.9041,23.668903,80.61948,2.3148139
1.95,45.26415,-10.712069,-2.9304261,72.64435,25.0,76.27372,43.68671,-9.355488,-1.9621992,71.97594,23.717335,80.24478,2.2947955
1.9541666666666666,45.344967,-10.7928915,-2.930424,72.68955,25.0,75.962074,43.788654,-9.444183,-1.9700823,72.05077,23.751003,79.8692,2.272307
1.9583333333333333,45.4245,-10.872421,-2.9304233,72.733826,25.0,75.654106,43.889534,-9.540183,-1.9814196,72.12057,23.782295,79.49182,2.2431197
1.9625,45.50266,-10.950581,-2.9304242,72.777145,25.0,75.35019,43.986103,-9.64109,-2.0013428,72.18505,23.811127,79.11817,2.2085965
1.9666666666666666,45.57936,-11.027286,-2.9304254,72.81949,25.0,75.050705,44.0815,-9.745233,-2.0171099,72.23904,23.828129,78.75422,2.172876
1.9708333333333334,45.65453,-11.102456,-2.9304287,72.860825,25.0,74.756004,44.175007,-9.857345,-2.024435,72.294075,23.829632,78.398994,2.1354425
1.975,45.728092,-11.176016,-2.9304287,72.90114,25.0,74.46645,44.270958,-9.970845,-2.0345936,72.35545,23.818264,78.047775,2.0924141
1.9791666666666667,45.79997,-11.247891,-2.9304323,72.9404,25.0,74.18242,44.389782,-10.074773,-2.0669127,72.39422,23.793976,77.72469,2.0274367
1.9833333333333334,45.870094,-11.31802,-2.930426,72.97861,25.0,73.90422,44.483788,-10.183546,-2.1056843,72.422874,23.736744,77.44362,1.972074
1.9875,45.9384,-11.386324,-2.930428,73.01571,25.0,73.63221,44.559944,-10.291145,-2.1578226,72.45403,23.67688,77.18597,1.9226223
1.9916666666666667,46.00482,-11.452747,-2.9304285,73.051704,25.0,73.366714,44.628395,-10.4055805,-2.2293043,72.470474,23.61251,76.95886,1.8661951
1.9958333333333333,46.069305,-11.517228,-2.930429,73.08657,25.0,73.10803,44.6933,-10.5263605,-2.312129,72.48323,23.543415,76.75781,1.804857
2.0,46.13179,-11.579712,-2.930428,73.12029,25.0,72.85647,44.759132,-10.666625,-2.4074345,72.51923,23.485863,76.57544,1.7295778
2.004166666666667,46.192226,-11.64015,-2.9304261,73.152855,25.0,72.612305,44.813408,-10.808672,-2.5046406,72.57629,23.442371,76.423485,1.6654698
2.0083333333333333,46.25057,-11.69849,-2.9304273,73.184235,25.0,72.37582,44.845352,-10.959202,-2.5915127,72.65285,23.423958,76.26727,1.6235895
2.0125,46.30677,-11.754693,-2.9304292,73.214424,25.0,72.14725,44.903633,-11.10692,-2.657689,72.735565,23.43673,76.08391,1.5693281
2.0166666666666666,46.360794,-11.808715,-2.9304247,73.243416,25.0,71.92685,44.97761,-11.2329445,-2.7426672,72.78913,23.48238,75.87016,1.509953
2.0208333333333335,46.412605,-11.860528,-2.9304266,73.27119,25.0,71.71483,45.049698,-11.354052,-2.8159838,72.829285,23.52665,75.643814,1.458469
2.025,46.462177,-11.910104,-2.9304278,73.29774,25.0,71.51137,45.10499,-11.481325,-2.8653011,72.88303,23.581673,75.3938,1.4248
2.029166666666667,46.509487,-11.957411,-2.930425,73.32306,25.0,71.31665,45.153988,-11.619064,-2.9050112,72.93842,23.636253,75.12376,1.3973198
2.033333333333333,46.554512,-12.002437,-2.9304237,73.347145,25.0,71.13084,45.235363,-11.764063,-2.9520502,72.98849,23.71233,74.833595,1.3406879
2.0375,46.597244,-12.045167,-2.9304254,73.36999,25.0,70.954025,45.3452,-11.898428,-2.978839,73.03314,23.799221,74.57814,1.2615435
2.0416666666666665,46.63767,-12.085593,-2.930426,73.391594,25.0,70.786354,45.451622,-12.004936,-3.0102825,73.05457,23.879944,74.349846,1.1914651
2.0458333333333334,46.675793,-12.123717,-2.9304261,73.411964,25.0,70.62786,45.554718,-12.085612,-3.0341682,73.07439,23.907001,74.16934,1.1265092
2.05,46.71161,-12.159533,-2.9304242,73.4311,25.0,70.47862,45.654984,-12.168154,-3.0759811,73.0873,23.929604,73.9884,1.0666388
2.0541666666666667,46.745136,-12.193059,-2.9304254,73.449005,25.0,70.33864,45.74917,-12.249469,-3.141858,73.08361,23.937256,73.822945,1.0197244
2.058333333333333,46.776386,-12.22431,-2.9304247,73.4657,25.0,70.20791,45.827858,-12.303144,-3.2016134,73.06705,23.929028,73.679276,0.98967874
2.0625,46.805386,-12.253306,-2.9304237,73.481186,25.0,70.08637,45.898193,-12.340847,-3.238875,73.04425,23.899258,73.54913,0.9621867
2.066666666666667,46.832157,-12.280079,-2.930426,73.49548,25.0,69.97398,45.953865,-12.385239,-3.2653203,73.04338,23.868572,73.42277,0.94583815
2.0708333333333333,46.856743,-12.304664,-2.9304273,73.50861,25.0,69.87061,45.989098,-12.424898,-3.2790546,73.0447,23.821056,73.32645,0.94276494
2.075,46.87918,-12.327105,-2.9304292,73.5206,25.0,69.77613,46.012543,-12.480551,-3.2890053,73.07893,23.772278,73.18816,0.95036006
2.0791666666666666,46.899525,-12.347447,-2.9304256,73.53147,25.0,69.69036,46.01712,-12.546009,-3.3008223,73.13545,23.735207,73.04357,0.9773729
2.0833333333333335,46.91783,-12.365753,-2.930426,73.54125,25.0,69.61309,46.015095,-12.616207,-3.3122787,73.189835,23.717976,72.90549,1.0116681
2.0875,46.934162,-12.382086,-2.9304254,73.54998,25.0,69.54408,46.014946,-12.6978,-3.3329363,73.24395,23.749619,72.78886,1.0519737
2.091666666666667,46.94859,-12.396512,-2.930428,73.557686,25.0,69.48306,46.020325,-12.772408,-3.358729,73.29711,23.788193,72.67797,1.0892265
2.095833333333333,46.961197,-12.40912,-2.930423,73.56443,25.0,69.429695,46.03769,-12.837264,-3.374518,73.347694,23.82063,72.57324,1.110583
2.1,46.97207,-12.4199915,-2.9304276,73.57024,25.0,69.383644,46.05561,-12.896078,-3.3886056,73.396515,23.854172,72.461,1.1298146
2.1041666666666665,46.981304,-12.429225,-2.9304266,73.57517,25.0,69.3445,46.070084,-12.959337,-3.3907037,73.440765,23.8863,72.34847,1.150303
2.1083333333333334,46.989002,-12.436924,-2.9304242,73.57929,25.0,69.31185,46.093292,-13.019634,-3.392558,73.47802,23.922562,72.21963,1.1642231
2.1125,46.99528,-12.443205,-2.930425,73.58265,25.0,69.28521,46.124077,-13.075012,-3.4004526,73.49749,23.955238,72.061325,1.1743524
2.1166666666666667,47.00026,-12.448186,-2.9304254,73.58531,25.0,69.26408,46.153763,-13.124681,-3.4089088,73.50384,23.9864,71.90417,1.184546
2.120833333333333,47.00407,-12.451992,-2.9304235,73.58735,25.0,69.2479,46.17826,-13.165493,-3.4118662,73.503235,24.015984,71.7585,1.1928252
2.125,47.006847,-12.454768,-2.9304266,73.58883,25.0,69.236115,46.19145,-13.194273,-3.404138,73.49827,24.034733,71.622375,1.198393
2.129166666666667,47.008743,-12.456665,-2.9304261,73.58984,25.0,69.22806,46.206738,-13.216043,-3.4131713,73.48077,24.040333,71.4877,1.2053679
2.1333333333333333,47.00991,-12.457835,-2.9304266,73.59047,25.0,69.2231,46.224033,-13.224647,-3.4234643,73.46588,24.04615,71.37364,1.203615
2.1375,47.01052,-12.458444,-2.9304245,73.5908,25.0,69.22051,46.236034,-13.222046,-3.4271007,73.46943,24.06667,71.277,1.195661
2.1416666666666666,47.01075,-12.458673,-2.9304247,73.59092,25.0,69.219536,46.248863,-13.212059,-3.4242144,73.4758,24.08368,71.20646,1.179784
2.1458333333333335,47.010784,-12.458705,-2.9304264,73.590935,25.0,69.21939,46.260086,-13.197218,-3.4201336,73.49219,24.109783,71.15682,1.1613623
2.15,47.010784,-12.458705,-2.9304264,73.590935,25.0,69.21939,46.26887,-13.175447,-3.426477,73.50977,24.134377,71.11111,1.1446488
2.154166666666667,47.010784,-12.458705,-2.9304264,73.590935,25.0,69.21939,46.280174,-13.149298,-3.4312463,73.528786,24.152916,71.07504,1.1231785
2.158333333333333,47.010784,-12.458705,-2.9304264,73.590935,25.0,69.21939,46.29323,-13.12204,-3.432001,73.543915,24.160408,71.042046,1.0983975
2.1625,47.010784,-12.458705,-2.9304264,73.590935,25.0,69.21939,46.305855,-13.094101,-3.427857,73.56112,24.165703,71.01242,1.0714899
2.1666666666666665,47.010784,-12.458705,-2.9304264,73.590935,25.0,69.21939,46.317673,-13.066431,-3.423377,73.5782,24.169052,70.985565,1.0453396
2.1708333333333334,47.010784,-12.458705,-2.9304264,73.590935,25.0,69.21939,46.327065,-13.039144,-3.4169807,73.591194,24.169888,70.964134,1.0203513
2.175,47.010784,-12.458705,-2.9304264,73.590935,25.0,69.21939,46.333794,-13.014606,-3.408423,73.60125,24.166862,70.94615,0.99790955
2.1791666666666667,47.010784,-12.458705,-2.9304264,73.590935,25.0,69.21939,46.339,-12.991852,-3.39861,73.60784,24.162144,70.9297,0.9771052
2.183333333333333,47.010784,-12.458705,-2.9304264,73.590935,25.0,69.21939,46.344078,-12.971739,-3.3876371,73.61196,24.155888,70.91492,0.95746666
2.1875,47.010784,-12.458705,-2.9304264,73.590935,25.0,69.21939,46.349243,-12.954499,-3.3771086,73.61443,24.148598,70.90108,0.9396667
2.191666666666667,47.010784,-12.458705,-2.9304264,73.590935,25.0,69.21939,46.35405,-12.940038,-3.3671741,73.61514,24.140984,70.89019,0.9239751
2.1958333333333333,47.010784,-12.458705,-2.9304264,73.590935,25.0,69.21939,46.35811,-12.928213,-3.3578753,73.614456,24.133331,70.88205,0.9105691
2.2,47.010784,-12.458705,-2.9304264,73.590935,25.0,69.21939,46.361206,-12.918777,-3.3498516,73.61335,24.12627,70.87521,0.8997422
2.2041666666666666,47.010784,-12.458705,-2.9304264,73.590935,25.0,69.21939,46.36366,-12.911866,-3.342772,73.612885,24.120102,70.86925,0.8911538
2.2083333333333335,47.010784,-12.458705,-2.9304264,73.590935,25.0,69.21939,46.36583,-12.90739,-3.3364735,73.612976,24.115314,70.86393,0.8843974
2.2125,47.010784,-12.458705,-2.9304264,73.590935,25.0,69.21939,46.367268,-12.904966,-3.332501,73.61312,24.112167,70.857574,0.8802992
2.216666666666667,47.010784,-12.458705,-2.9304264,73.590935,25.0,69.21939,46.36858,-12.903387,-3.329588,73.613914,24.11039,70.85206,0.8772107
2.220833333333333,47.010784,-12.458705,-2.9304264,73.590935,25.0,69.21939,46.36988,-12.902393,-3.3273292,73.61515,24.10968,70.84782,0.87472767
2.225,47.010784,-12.458705,-2.9304264,73.590935,25.0,69.21939,46.37109,-12.901751,-3.325543,73.61667,24.109669,70.84469,0.87270564
2.2291666666666665,47.010784,-12.458705,-2.9304264,73.590935,25.0,69.21939,46.372143,-12.901417,-3.3241925,73.61824,24.110104,70.84214,0.8711535
2.2333333333333334,47.010784,-12.458705,-2.9304264,73.590935,25.0,69.21939,46.373116,-12.9012985,-3.3231874,73.61981,24.110893,70.83986,0.86992615
2.2375,47.010784,-12.458705,-2.9304264,73.590935,25.0,69.21939,46.37389,-12.901251,-3.3225098,73.6212,24.111744,70.83804,0.8690285
2.2416666666666667,47.010784,-12.458705,-2.9304264,73.590935,25.0,69.21939,46.374413,-12.901218,-3.3221388,73.6223,24.112446,70.836655,0.8684616
2.245833333333333,47.010784,-12.458705,-2.9304264,73.590935,25.0,69.21939,46.374702,-12.901199,-3.3219686,73.62307,24.112934,70.83567,0.86816275
2.25,47.010784,-12.458705,-2.9304264,73.590935,25.0,69.21939,46.37484,-12.901194,-3.3218775,73.62351,24.11319,70.83505,0.8680181
2.254166666666667,47.010784,-12.458705,-2.9304264,73.590935,25.0,69.21939,46.374878,-12.901211,-3.3218217,73.62371,24.113304,70.83473,0.86797374
2.2583333333333333,47.010784,-12.458705,-2.9304264,73.590935,25.0,69.21939,46.374893,-12.90123,-3.3218026,73.62377,24.11333,70.83458,0.8679637
2.2625,47.010784,-12.458705,-2.9304264,73.590935,25.0,69.21939,46.3749,-12.901242,-3.3218021,73.62377,24.113342,70.83453,0.8679642
2.2666666666666666,47.010784,-12.458705,-2.9304264,73.590935,25.0,69.21939,46.3749,-12.901246,-3.3217988,73.62377,24.113342,70.834526,0.8679646
2.2708333333333335,47.010784,-12.458705,-2.9304264,73.590935,25.0,69.21939,46.3749,-12.901246,-3.3217988,73.62377,24.113342,70.834526,0.8679646
2.275,47.010784,-12.458705,-2.9304264,73.590935,25.0,69.21939,46.3749,-12.901246,-3.3217988,73.62377,24.113342,70.834526,0.8679646
2.279166666666667,47.010784,-12.458705,-2.9304264,73.590935,25.0,69.21939,46.3749,-12.901246,-3.3217988,73.62377,24.113342,70.834526,0.8679646
2.283333333333333,47.010784,-12.458705,-2.9304264,73.590935,25.0,69.21939,46.3749,-12.901246,-3.3217988,73.62377,24.113342,70.834526,0.8679646
2.2875,47.010784,-12.458705,-2.9304264,73.590935,25.0,69.21939,46.3749,-12.901246,-3.3217988,73.62377,24.113342,70.834526,0.8679646
2.2916666666666665,47.010784,-12.458705,-2.9304264,73.590935,25.0,69.21939,46.3749,-12.901246,-3.3217988,73.62377,24.113342,70.834526,0.8679646
2.2958333333333334,47.010784,-12.458705,-2.9304264,73.590935,25.0,69.21939,46.3749,-12.901246,-3.3217988,73.62377,24.113342,70.834526,0.8679646
2.3,47.010784,-12.458705,-2.9304264,73.590935,25.0,69.21939,46.3749,-12.901246,-3.3217988,73.62377,24.113342,70.834526,0.8679646
2.3041666666666667,47.010784,-12.458705,-2.9304264,73.590935,25.0,69.21939,46.3749,-12.901246,-3.3217988,73.62377,24.113342,70.834526,0.8679646
2.308333333333333,47.010784,-12.458705,-2.9304264,73.590935,25.0,69.21939,46.3749,-12.901246,-3.3217988,73.62377,24.113342,70.834526,0.8679646
2.3125,47.010784,-12.458705,-2.9304264,73.590935,25.0,69.21939,46.3749,-12.901246,-3.3217988,73.62377,24.113342,70.834526,0.8679646
2.316666666666667,47.010784,-12.458705,-2.9304264,73.590935,25.0,69.21939,46.3749,-12.901246,-3.3217988,73.62377,24.113342,70.834526,0.8679646
2.3208333333333333,47.010784,-12.458705,-2.9304264,73.590935,25.0,69.21939,46.3749,-12.901246,-3.3217988,73.62377,24.113342,70.834526,0.8679646
2.325,47.010784,-12.458705,-2.9304264,73.590935,25.0,69.21939,46.3749,-12.901246,-3.3217988,73.62377,24.113342,70.834526,0.8679646
2.3291666666666666,47.010784,-12.458705,-2.9304264,73.590935,25.0,69.21939,46.3749,-12.901246,-3.3217988,73.62377,24.113342,70.834526,0.8679646
2.3333333333333335,47.010784,-12.458705,-2.9304264,73.590935,25.0,69.21939,46.3749,-12.901246,-3.3217988,73.62377,24.113342,70.834526,0.8679646
2.3375,47.010784,-12.458705,-2.9304264,73.590935,25.0,69.21939,46.3749,-12.901246,-3.3217988,73.62377,24.113342,70.834526,0.8679646
2.341666666666667,47.010784,-12.458705,-2.9304264,73.590935,25.0,69.21939,46.3749,-12.901246,-3.3217988,73.62377,24.113342,70.834526,0.8679646
2.345833333333333,47.010784,-12.458705,-2.9304264,73.590935,25.0,69.21939,46.3749,-12.901246,-3.3217988,73.62377,24.113342,70.834526,0.8679646
2.35,47.010784,-12.458705,-2.9304264,73.590935,25.0,69.21939,46.3749,-12.901246,-3.3217988,73.62377,24.113342,70.834526,0.8679646
2.3541666666666665,47.010784,-12.458705,-2.9304264,73.590935,25.0,69.21939,46.3749,-12.901246,-3.3217988,73.62377,24.113342,70.834526,0.8679646
2.3583333333333334,47.010784,-12.458705,-2.9304264,73.590935,25.0,69.21939,46.3749,-12.901246,-3.3217988,73.62377,24.113342,70.834526,0.8679646
2.3625,47.010784,-12.458705,-2.9304264,73.590935,25.0,69.21939,46.3749,-12.901246,-3.3217988,73.62377,24.113342,70.834526,0.8679646
2.3666666666666667,47.010784,-12.458705,-2.9304264,73.590935,25.0,69.21939,46.3749,-12.901246,-3.3217988,73.62377,24.113342,70.834526,0.8679646
2.370833333333333,47.010784,-12.458705,-2.9304264,73.590935,25.0,69.21939,46.3749,-12.901246,-3.3217988,73.62377,24.113342,70.834526,0.8679646
2.375,47.010784,-12.458705,-2.9304264,73.590935,25.0,69.21939,46.3749,-12.901246,-3.3217988,73.62377,24.113342,70.834526,0.8679646
2.379166666666667,47.010784,-12.458705,-2.9304264,73.590935,25.0,69.21939,46.3749,-12.901246,-3.3217988,73.62377,24.113342,70.834526,0.8679646
2.3833333333333333,47.010784,-12.458705,-2.9304264,73.590935,25.0,69.21939,46.3749,-12.901246,-3.3217988,73.62377,24.113342,70.834526,0.8679646
2.3875,47.010784,-12.458705,-2.9304264,73.590935,25.0,69.21939,46.3749,-12.901246,-3.3217988,73.62377,24.113342,70.834526,0.8679646
2.3916666666666666,47.010784,-12.458705,-2.9304264,73.590935,25.0,69.21939,46.3749,-12.901246,-3.3217988,73.62377,24.113342,70.834526,0.8679646
2.3958333333333335,47.010784,-12.458705,-2.9304264,73.590935,25.0,69.21939,46.3749,-12.901246,-3.3217988,73.62377,24.113342,70.834526,0.8679646
2.4,47.010784,-12.458705,-2.9304264,73.590935,25.0,69.21939,46.3749,-12.901246,-3.3217988,73.62377,24.113342,70.834526,0.8679646
2.404166666666667,47.010784,-12.458705,-2.9304264,73.590935,25.0,69.21939,46.3749,-12.901246,-3.3217988,73.62377,24.113342,70.834526,0.8679646
2.408333333333333,47.010784,-12.458705,-2.9304264,73.590935,25.0,69.21939,46.3749,-12.901246,-3.3217988,73.62377,24.113342,70.834526,0.8679646
2.4125,47.010784,-12.458705,-2.9304264,73.590935,25.0,69.21939,46.3749,-12.901246,-3.3217988,73.62377,24.113342,70.834526,0.8679646
2.4166666666666665,47.010784,-12.458705,-2.9304264,73.590935,25.0,69.21939,46.3749,-12.901246,-3.3217988,73.62377,24.113342,70.834526,0.8679646
2.4208333333333334,47.010784,-12.458705,-2.9304264,73.590935,25.0,69.21939,46.3749,-12.901246,-3.3217988,73.62377,24.113342,70.834526,0.8679646
2.425,47.010784,-12.458705,-2.9304264,73.590935,25.0,69.21939,46.3749,-12.901246,-3.3217988,73.62377,24.113342,70.834526,0.8679646
2.4291666666666667,47.010784,-12.458705,-2.9304264,73.590935,25.0,69.21939,46.3749,-12.901246,-3.3217988,73.62377,24.113342,70.834526,0.8679646
2.433333333333333,47.010784,-12.458705,-2.9304264,73.590935,25.0,69.21939,46.3749,-12.901246,-3.3217988,73.62377,24.113342,70.834526,0.8679646
2.4375,47.010784,-12.458705,-2.9304264,73.590935,25.0,69.21939,46.3749,-12.901246,-3.3217988,73.62377,24.113342,70.834526,0.8679646
2.441666666666667,47.010784,-12.458705,-2.9304264,73.590935,25.0,69.21939,46.3749,-12.901246,-3.3217988,73.62377,24.113342,70.834526,0.8679646
2.4458333333333333,47.010784,-12.458705,-2.9304264,73.590935,25.0,69.21939,46.3749,-12.901246,-3.3217988,73.62377,24.113342,70.834526,0.8679646
2.45,47.010784,-12.458705,-2.9304264,73.590935,25.0,69.21939,46.3749,-12.901246,-3.3217988,73.62377,24.113342,70.834526,0.8679646
2.4541666666666666,47.010784,-12.458705,-2.9304264,73.590935,25.0,69.21939,46.3749,-12.901246,-3.3217988,73.62377,24.113342,70.834526,0.8679646
2.4583333333333335,47.010784,-12.458705,-2.9304264,73.590935,25.0,69.21939,46.3749,-12.901246,-3.3217988,73.62377,24.113342,70.834526,0.8679646
2.4625,47.010784,-12.458705,-2.9304264,73.590935,25.0,69.21939,46.3749,-12.901246,-3.3217988,73.62377,24.113342,70.834526,0.8679646
2.466666666666667,47.010784,-12.458705,-2.9304264,73.590935,25.0,69.21939,46.3749,-12.901246,-3.3217988,73.62377,24.113342,70.834526,0.8679646
2.470833333333333,47.010784,-12.458705,-2.9304264,73.590935,25.0,69.21939,46.3749,-12.901246,-3.3217988,73.62377,24.113342,70.834526,0.8679646
2.475,47.010784,-12.458705,-2.9304264,73.590935,25.0,69.21939,46.3749,-12.901246,-3.3217988,73.62377,24.113342,70.834526,0.8679646
2.4791666666666665,47.010784,-12.458705,-2.9304264,73.590935,25.0,69.21939,46.3749,-12.901246,-3.3217988,73.62377,24.113342,70.834526,0.8679646
2.4833333333333334,47.010784,-12.458705,-2.9304264,73.590935,25.0,69.21939,46.3749,-12.901246,-3.3217988,73.62377,24.113342,70.834526,0.8679646
2.4875,47.010784,-12.458705,-2.9304264,73.590935,25.0,69.21939,46.3749,-12.901246,-3.3217988,73.62377,24.113342,70.834526,0.8679646
2.4916666666666667,47.010784,-12.458705,-2.9304264,73.590935,25.0,69.21939,46.3749,-12.901246,-3.3217988,73.62377,24.113342,70.834526,0.8679646
2.495833333333333,47.010784,-12.458705,-2.9304264,73.590935,25.0,69.21939,46.3749,-12.901246,-3.3217988,73.62377,24.113342,70.834526,0.8679646
2.5,47.010784,-12.458705,-2.9304264,73.590935,25.0,69.21939,46.3749,-12.901246,-3.3217988,73.62377,24.113342,70.834526,0.8679646
2.504166666666667,47.010784,-12.458705,-2.9304264,73.590935,25.0,69.21939,46.3749,-12.901246,-3.3217988,73.62377,24.113342,70.834526,0.8679646
2.5083333333333333,47.010784,-12.458705,-2.9304264,73.590935,25.0,69.21939,46.3749,-12.901246,-3.3217988,73.62377,24.113342,70.834526,0.8679646
2.5125,47.010784,-12.458705,-2.9304264,73.590935,25.0,69.21939,46.3749,-12.901246,-3.3217988,73.62377,24.113342,70.834526,0.8679646
2.5166666666666666,47.010784,-12.458705,-2.9304264,73.590935,25.0,69.21939,46.3749,-12.901246,-3.3217988,73.62377,24.113342,70.834526,0.8679646
2.5208333333333335,47.010784,-12.458705,-2.9304264,73.590935,25.0,69.21939,46.3749,-12.901246,-3.3217988,73.62377,24.113342,70.834526,0.8679646
2.525,47.010784,-12.458705,-2.9304264,73.590935,25.0,69.21939,46.3749,-12.901246,-3.3217988,73.62377,24.113342,70.834526,0.8679646
2.529166666666667,47.010784,-12.458705,-2.9304264,73.590935,25.0,69.21939,46.3749,-12.901246,-3.3217988,73.62377,24.113342,70.834526,0.8679646
2.533333333333333,47.010784,-12.458705,-2.9304264,73.590935,25.0,69.21939,46.3749,-12.901243,-3.3218012,73.62378,24.113346,70.83453,0.86796427
2.5375,47.010784,-12.458705,-2.9304264,73.590935,25.0,69.21939,46.374886,-12.901229,-3.321805,73.62377,24.113354,70.8346,0.8679699
2.5416666666666665,47.010784,-12.458705,-2.9304264,73.590935,25.0,69.21939,46.374832,-12.9012165,-3.3218231,73.62377,24.113445,70.834785,0.8680109
2.5458333333333334,47.010784,-12.458705,-2.9304264,73.590935,25.0,69.21939,46.374702,-12.901217,-3.3218756,73.62373,24.113674,70.83513,0.86813
2.55,47.010784,-12.458705,-2.9304264,73.590935,25.0,69.21939,46.374447,-12.901233,-3.3220596,73.62366,24.114159,70.835724,0.8684081
2.5541666666666667,47.010784,-12.458705,-2.9304264,73.590935,25.0,69.21939,46.374023,-12.901191,-3.3223863,73.62348,24.114979,70.83664,0.86884433
2.558333333333333,47.010784,-12.458705,-2.9304264,73.590935,25.0,69.21939,46.373356,-12.901035,-3.322855,73.62305,24.116093,70.838066,0.86946607
2.5625,47.010784,-12.458705,-2.9304264,73.590935,25.0,69.21939,46.372402,-12.900801,-3.3233252,73.62214,24.117363,70.8402,0.8702584
2.566666666666667,47.010784,-12.458705,-2.9304264,73.590935,25.0,69.21939,46.37123,-12.900633,-3.3237672,73.62053,24.118656,70.843025,0.8712321
2.5708333333333333,47.010784,-12.458705,-2.9304264,73.590935,25.0,69.21939,46.370045,-12.900667,-3.3242202,73.618065,24.119984,70.84648,0.8723252
2.575,47.010784,-12.458705,-2.9304264,73.590935,25.0,69.21939,46.368954,-12.901045,-3.3247004,73.61463,24.12136,70.850685,0.87353474
2.5791666666666666,47.010784,-12.458705,-2.9304264,73.590935,25.0,69.21939,46.3679,-12.901983,-3.324956,73.610565,24.122337,70.85595,0.87489897
2.5833333333333335,47.010784,-12.458705,-2.9304264,73.590935,25.0,69.21939,46.3668,-12.903544,-3.324953,73.605774,24.122662,70.86288,0.87649935
2.5875,47.010784,-12.458705,-2.9304264,73.590935,25.0,69.21939,46.365486,-12.906234,-3.3250465,73.59993,24.122158,70.871056,0.8788724
2.591666666666667,47.010784,-12.458705,-2.9304264,73.590935,25.0,69.21939,46.36351,-12.910553,-3.325089,73.59289,24.121738,70.88026,0.8825468
2.595833333333333,47.010784,-12.458705,-2.9304264,73.590935,25.0,69.21939,46.361435,-12.916637,-3.3241234,73.58529,24.121582,70.89105,0.88676596
2.6,47.010784,-12.458705,-2.9304264,73.590935,25.0,69.21939,46.359833,-12.924477,-3.3225574,73.57886,24.121887,70.90263,0.891318
2.6041666666666665,47.010784,-12.458705,-2.9304264,73.590935,25.0,69.21939,46.357834,-12.933809,-3.3197694,73.57267,24.121681,70.91734,0.89646876
2.6083333333333334,47.010784,-12.458705,-2.9304264,73.590935,25.0,69.21939,46.355995,-12.945656,-3.3133163,73.56789,24.119537,70.93311,0.9013737
2.6125,47.010784,-12.458705,-2.9304264,73.590935,25.0,69.21939,46.353657,-12.958946,-3.304325,73.562256,24.115955,70.95103,0.9065638
2.6166666666666667,47.010784,-12.458705,-2.9304264,73.590935,25.0,69.21939,46.350388,-12.974841,-3.2937422,73.55292,24.11467,70.968025,0.91351986
2.620833333333333,47.010784,-12.458705,-2.9304264,73.590935,25.0,69.21939,46.34722,-12.992088,-3.2834125,73.541626,24.110043,70.9819,0.9216358
2.625,47.010784,-12.458705,-2.9304264,73.590935,25.0,69.21939,46.339043,-13.011732,-3.2716365,73.53035,24.10255,70.98969,0.9346122
2.629166666666667,47.010784,-12.458705,-2.9304264,73.590935,25.0,69.21939,46.32413,-13.0355215,-3.2558866,73.51308,24.101673,70.99897,0.95400953
2.6333333333333333,47.010784,-12.458705,-2.9304264,73.590935,25.0,69.21939,46.30694,-13.064035,-3.2402368,73.49447,24.10374,71.002396,0.97867596
2.6375,47.010784,-12.458705,-2.9304264,73.590935,25.0,69.21939,46.291096,-13.094971,-3.2259574,73.47665,24.108429,71.001114,1.0050493
2.6416666666666666,47.010784,-12.458705,-2.9304264,73.590935,25.0,69.21939,46.272797,-13.12862,-3.2102685,73.443825,24.111988,70.99632,1.0352409
2.6458333333333335,47.010784,-12.458705,-2.9304264,73.590935,25.0,69.21939,46.253838,-13.157412,-3.1991,73.40613,24.13898,70.99257,1.0645866
2.65,47.010784,-12.458705,-2.9304264,73.590935,25.0,69.21939,46.23238,-13.185652,-3.1988692,73.36397,24.182407,70.99369,1.0983745
2.654166666666667,47.01075,-12.458673,-2.9304247,73.59092,25.0,69.219536,46.21061,-13.206621,-3.2042408,73.3169,24.241703,71.006004,1.1289939
2.658333333333333,47.01052,-12.458444,-2.9304245,73.5908,25.0,69.22051,46.209377,-13.213376,-3.1918764,73.26343,24.282612,71.02257,1.13142
2.6625,47.00991,-12.457835,-2.9304266,73.59047,25.0,69.2231,46.21819,-13.221022,-3.1782284,73.20568,24.325756,71.03711,1.1272453
2.6666666666666665,47.008743,-12.456665,-2.9304261,73.58984,25.0,69.22806,46.23446,-13.232377,-3.1579094,73.15138,24.366657,71.07092,1.1193721
2.6708333333333334,47.006847,-12.454768,-2.9304266,73.58883,25.0,69.236115,46.254776,-13.246162,-3.1395817,73.10591,24.389923,71.104225,1.1116034
2.675,47.00407,-12.451992,-2.9304235,73.58735,25.0,69.2479,46.268806,-13.263468,-3.1311264,73.053,24.40514,71.13667,1.1132778
2.6791666666666667,47.00026,-12.448186,-2.9304254,73.58531,25.0,69.26408,46.266182,-13.288542,-3.121644,72.996544,24.396282,71.164314,1.132092
2.683333333333333,46.99528,-12.443205,-2.930425,73.58265,25.0,69.28521,46.272614,-13.35103,-3.1115284,72.947586,24.373772,71.14861,1.1743909
2.6875,46.989002,-12.436924,-2.9304242,73.57929,25.0,69.31185,46.28103,-13.4078045,-3.0966768,72.90412,24.350323,71.12046,1.2130438
2.691666666666667,46.981304,-12.429225,-2.9304266,73.57517,25.0,69.3445,46.281757,-13.462151,-3.085661,72.8669,24.302727,71.08589,1.2571391
2.6958333333333333,46.97207,-12.4199915,-2.9304276,73.57024,25.0,69.383644,46.2706,-13.501066,-3.074234,72.83934,24.263336,71.05917,1.296712
2.7,46.961197,-12.40912,-2.930423,73.56443,25.0,69.429695,46.242294,-13.549493,-3.0360203,72.86194,24.270905,71.02221,1.3521919
2.7041666666666666,46.94859,-12.396512,-2.930428,73.557686,25.0,69.48306,46.21147,-13.587027,-2.994132,72.86848,24.272892,71.00931,1.4016868
2.7083333333333335,46.934162,-12.382086,-2.9304254,73.54998,25.0,69.54408,46.1698,-13.579977,-2.958333,72.85679,24.25082,71.07169,1.4212573
2.7125,46.91783,-12.365753,-2.930426,73.54125,25.0,69.61309,46.098717,-13.521757,-2.936943,72.865456,24.257954,71.19605,1.416805
2.716666666666667,46.899525,-12.347447,-2.9304256,73.53147,25.0,69.69036,46.033447,-13.448233,-2.9010897,72.90472,24.289314,71.37226,1.4009564
2.720833333333333,46.87918,-12.327105,-2.9304292,73.5206,25.0,69.77613,45.979263,-13.337358,-2.8608866,72.915405,24.342209,71.53149,1.3547328
2.725,46.856743,-12.304664,-2.9304273,73.50861,25.0,69.87061,45.927776,-13.217583,-2.8273554,72.92609,24.404854,71.70686,1.3065312
2.7291666666666665,46.832157,-12.280079,-2.930426,73.49548,25.0,69.97398,45.889565,-13.113547,-2.818221,72.94859,24.468513,71.82476,1.2632262
2.7333333333333334,46.805386,-12.253306,-2.9304237,73.481186,25.0,70.08637,45.84315,-13.005173,-2.8114147,72.95642,24.50315,71.94715,1.2269317
2.7375,46.776386,-12.22431,-2.9304247,73.4657,25.0,70.20791,45.790028,-12.905908,-2.8007193,72.97702,24.516254,72.06547,1.2059445
2.7416666666666667,46.745136,-12.193059,-2.9304254,73.449005,25.0,70.33864,45.739357,-12.821833,-2.787303,72.9982,24.498379,72.21808,1.194752
2.745833333333333,46.71161,-12.159533,-2.9304242,73.4311,25.0,70.47862,45.693256,-12.756813,-2.7691774,73.03683,24.461815,72.34234,1.1915479
2.75,46.675793,-12.123717,-2.9304261,73.411964,25.0,70.62786,45.66709,-12.696656,-2.7149668,73.06344,24.394333,72.459114,1.1798984
2.754166666666667,46.63767,-12.085593,-2.930426,73.391594,25.0,70.786354,45.665123,-12.637295,-2.6535673,73.08262,24.317448,72.573395,1.1518985
2.7583333333333333,46.597244,-12.045167,-2.9304254,73.36999,25.0,70.954025,45.678802,-12.587968,-2.5895185,73.08363,24.245327,72.6742,1.1199936
2.7625,46.554512,-12.002437,-2.9304237,73.347145,25.0,71.13084,45.696007,-12.543468,-2.5205307,73.05742,24.179379,72.77372,1.0944217
2.7666666666666666,46.509487,-11.957411,-2.930425,73.32306,25.0,71.31665,45.722916,-12.532274,-2.4439106,73.01706,24.120766,72.84855,1.0889715
2.7708333333333335,46.462177,-11.910104,-2.9304278,73.29774,25.0,71.51137,45.74108,-12.531673,-2.398221,72.96954,24.068233,72.91109,1.0906751
2.775,46.412605,-11.860528,-2.9304266,73.27119,25.0,71.71483,45.764366,-12.5374565,-2.3620434,72.916435,24.005741,72.96817,1.0961322
2.779166666666667,46.360794,-11.808715,-2.9304247,73.243416,25.0,71.92685,45.77794,-12.539137,-2.33572,72.861984,23.924343,73.02664,1.1076597
2.783333333333333,46.30677,-11.754693,-2.9304292,73.214424,25.0,72.14725,45.787582,-12.543823,-2.322771,72.8139,23.84407,73.08417,1.123179
2.7875,46.25057,-11.69849,-2.9304273,73.184235,25.0,72.37582,45.802658,-12.532905,-2.3291998,72.74362,23.770638,73.09031,1.1217601
2.7916666666666665,46.192226,-11.64015,-2.9304261,73.152855,25.0,72.612305,45.83803,-12.50952,-2.3479557,72.67051,23.694649,73.1154,1.1047755
2.7958333333333334,46.13179,-11.579712,-2.930428,73.12029,25.0,72.85647,45.873707,-12.500982,-2.3894806,72.61446,23.638374,73.11808,1.099077
2.8,46.069305,-11.517228,-2.930429,73.08657,25.0,73.10803,45.908253,-12.467346,-2.4553604,72.56183,23.61496,73.14589,1.0744079
2.8041666666666667,46.00482,-11.452747,-2.9304285,73.051704,25.0,73.366714,45.955914,-12.398083,-2.5287132,72.497665,23.650276,73.193016,1.0283123
2.808333333333333,45.9384,-11.386324,-2.930428,73.01571,25.0,73.63221,45.997826,-12.26843,-2.5914574,72.43166,23.769508,73.268654,0.94685966
2.8125,45.870094,-11.31802,-2.930426,72.97861,25.0,73.90422,46.018402,-12.139114,-2.6559896,72.36866,23.889065,73.41461,0.8783545
2.816666666666667,45.79997,-11.247891,-2.9304323,72.9404,25.0,74.18242,46.01391,-12.011491,-2.7179174,72.29781,24.004677,73.602776,0.82098526
2.8208333333333333,45.728092,-11.176016,-2.9304287,72.90114,25.0,74.46645,45.999847,-11.889242,-2.7845602,72.22278,24.101128,73.8203,0.7770587
2.825,45.65453,-11.102456,-2.9304287,72.860825,25.0,74.756004,45.97689,-11.765266,-2.8537045,72.14914,24.1809,74.08134,0.7410268
2.8291666666666666,45.57936,-11.027286,-2.9304254,72.81949,25.0,75.050705,45.944344,-11.638298,-2.915245,72.07475,24.245296,74.3703,0.7118841
2.8333333333333335,45.50266,-10.950581,-2.9304242,72.777145,25.0,75.35019,45.913433,-11.522602,-2.9493608,72.003426,24.287926,74.65823,0.7044875
2.8375,45.4245,-10.872421,-2.9304233,72.733826,25.0,75.654106,45.88013,-11.416328,-2.9806032,71.93519,24.323048,74.94775,0.7113037
2.841666666666667,45.344967,-10.7928915,-2.930424,72.68955,25.0,75.962074,45.846275,-11.31556,-3.007413,71.87089,24.357681,75.24102,0.7282995
2.845833333333333,45.26415,-10.712069,-2.9304261,72.64435,25.0,76.27372,45.795227,-11.200935,-3.0203972,71.80095,24.391819,75.544846,0.72741306
2.85,45.18212,-10.630046,-2.9304268,72.59825,25.0,76.58868,45.733116,-11.0914,-3.030613,71.73123,24.419685,75.849625,0.7255897
2.8541666666666665,45.098984,-10.546905,-2.9304237,72.551285,25.0,76.90654,45.67286,-10.981288,-3.0380116,71.65645,24.438686,76.137665,0.7277342
2.8583333333333334,45.01482,-10.462745,-2.9304287,72.50347,25.0,77.22694,45.615486,-10.871983,-3.0463667,71.586174,24.461552,76.418106,0.73601425
2.8625,44.929726,-10.377648,-2.9304247,72.45486,25.0,77.549484,45.55777,-10.764961,-3.05548,71.51887,24.48241,76.672775,0.7483913
2.8666666666666667,44.843792,-10.291715,-2.930428,72.40546,25.0,77.87381,45.50042,-10.660854,-3.065895,71.45918,24.497349,76.9294,0.7653596
2.870833333333333,44.757114,-10.205037,-2.9304283,72.355316,25.0,78.19952,45.435677,-10.55662,-3.0780783,71.399765,24.509014,77.180305,0.7783684
2.875,44.669792,-10.117712,-2.9304223,72.304474,25.0,78.52622,45.372917,-10.45022,-3.0841675,71.349686,24.527359,77.42701,0.79283285
2.879166666666667,44.58192,-10.029843,-2.9304245,72.25295,25.0,78.853546,45.307228,-10.344938,-3.089243,71.31019,24.549557,77.670235,0.8065848
2.8833333333333333,44.4936,-9.941522,-2.9304261,72.2008,25.0,79.18113,45.238228,-10.242054,-3.0922823,71.27852,24.572342,77.91847,0.81913936
2.8875,44.404922,-9.852844,-2.9304256,72.14805,25.0,79.50859,45.169968,-10.140024,-3.0901728,71.25497,24.59571,78.17574,0.8326377
2.8916666666666666,44.315994,-9.76392,-2.9304264,72.09475,25.0,79.83557,45.10143,-10.043055,-3.0845213,71.236534,24.615646,78.438835,0.84768456
2.8958333333333335,44.22692,-9.674841,-2.9304264,72.04094,25.0,80.161674,45.033264,-9.949513,-3.0752802,71.22015,24.63496,78.70927,0.8640699
2.9,44.13779,-9.585714,-2.9304261,71.98667,25.0,80.48659,44.9669,-9.861147,-3.0690966,71.20364,24.653008,78.98426,0.88459855
2.904166666666667,44.048717,-9.496638,-2.9304283,71.931984,25.0,80.80991,44.90416,-9.780164,-3.0705347,71.18837,24.67038,79.26006,0.91202945
2.908333333333333,43.95979,-9.407713,-2.9304276,71.87694,25.0,81.13135,44.830116,-9.701173,-3.0695162,71.17693,24.691795,79.55319,0.9289421
2.9125,43.871117,-9.31904,-2.9304261,71.82158,25.0,81.45051,44.747948,-9.620529,-3.0700893,71.17963,24.728676,79.86167,0.9376748
2.9166666666666665,43.78279,-9.230716,-2.9304252,71.76596,25.0,81.767105,44.661087,-9.546039,-3.0708008,71.18554,24.765938,80.17928,0.94368297
2.9208333333333334,43.69492,-9.142844,-2.9304264,71.71014,25.0,82.08078,44.570297,-9.4685,-3.0666494,71.192474,24.803108,80.49177,0.9438721
2.925,43.607597,-9.055519,-2.9304268,71.65417,25.0,82.39123,44.48508,-9.388177,-3.0538034,71.20901,24.848682,80.79098,0.9464988
2.9291666666666667,43.52092,-8.968843,-2.9304242,71.59812,25.0,82.69814,44.403988,-9.303448,-3.0423841,71.230835,24.895874,81.07148,0.95094913
2.933333333333333,43.434986,-8.882908,-2.9304252,71.542046,25.0,83.00122,44.32559,-9.21604,-3.0414658,71.25355,24.931602,81.332794,0.95732903
2.9375,43.34989,-8.797815,-2.9304264,71.486015,25.0,83.30016,44.24994,-9.123498,-3.0371313,71.27373,24.958775,81.59881,0.9630889
2.941666666666667,43.265728,-8.713651,-2.9304268,71.43009,25.0,83.5947,44.174446,-9.029761,-3.035448,71.28802,24.975346,81.866776,0.967845
2.9458333333333333,43.18259,-8.63051,-2.9304268,71.374344,25.0,83.88455,44.087345,-8.932775,-3.0334969,71.29076,24.980667,82.15283,0.9594624
2.95,43.100567,-8.548491,-2.9304276,71.31885,25.0,84.16945,43.99669,-8.825777,-3.0347672,71.286476,24.979137,82.46098,0.94382685
2.9541666666666666,43.019745,-8.467667,-2.9304261,71.263664,25.0,84.44915,43.903694,-8.718857,-3.0384054,71.27219,24.96968,82.7827,0.9252688
2.9583333333333335,42.940212,-8.388133,-2.9304254,71.20887,25.0,84.723404,43.80922,-8.61841,-3.040392,71.249245,24.950375,83.10891,0.90570056
2.9625,42.862053,-8.309978,-2.9304252,71.15454,25.0,84.991974,43.708637,-8.558403,-3.045456,71.23688,24.882946,83.47228,0.88974845
2.966666666666667,42.78535,-8.2332735,-2.930425,71.100746,25.0,85.25464,43.600677,-8.505443,-3.04844,71.22059,24.800587,83.84414,0.86761814
2.970833333333333,42.710182,-8.158102,-2.9304233,71.04756,25.0,85.51119,43.496857,-8.454398,-3.0441465,71.19521,24.7095,84.228615,0.84828126
2.975,42.63662,-8.084544,-2.9304247,70.99506,25.0,85.76144,43.39615,-8.401386,-3.0396929,71.15773,24.610935,84.61064,0.83018845
2.9791666666666665,42.564743,-8.012665,-2.930427,70.94332,25.0,86.00517,43.29548,-8.362606,-3.038597,71.11584,24.495495,85.0018,0.81739485
2.9833333333333334,42.494617,-7.942541,-2.9304247,70.892426,25.0,86.24223,43.192177,-8.338911,-3.0406275,71.05181,24.350521,85.40351,0.8098412
2.9875,42.42631,-7.8742337,-2.9304264,70.84243,25.0,86.47245,43.08092,-8.327295,-3.0389051,70.97883,24.17683,85.82344,0.8034589
2.9916666666666667,42.35989,-7.807812,-2.930425,70.79343,25.0,86.695656,42.949707,-8.3156805,-3.0354195,70.91049,23.990955,86.24481,0.7853905
2.995833333333333,42.29541,-7.743333,-2.9304264,70.745476,25.0,86.911736,42.840992,-8.253393,-2.997634,70.868744,23.906666,86.61299,0.74989194
3.0,42.23292,-7.680845,-2.9304278,70.69865,25.0,87.12056,42.757977,-8.143041,-2.9393873,70.851364,23.926731,86.918304,0.6995627
3.004166666666667,42.17249,-7.620411,-2.9304254,70.65302,25.0,87.32199,42.678658,-8.031445,-2.8782492,70.8434,23.969658,87.20034,0.6541234
3.0083333333333333,42.114143,-7.562066,-2.930426,70.60865,25.0,87.51596,42.573994,-7.9172792,-2.813301,70.83682,24.039013,87.49245,0.59275365
3.0125,42.05794,-7.505867,-2.930429,70.565605,25.0,87.70235,42.45955,-7.789771,-2.7598095,70.84366,24.132969,87.80799,0.52057767
3.0166666666666666,42.003918,-7.451841,-2.9304266,70.52395,25.0,87.881096,42.344444,-7.6540422,-2.716833,70.872536,24.271145,88.096985,0.44996214
3.0208333333333335,41.952106,-7.4000287,-2.9304261,70.483734,25.0,88.05213,42.23857,-7.5102177,-2.6800117,70.917725,24.42937,88.35794,0.39611992
3.025,41.902534,-7.3504577,-2.9304273,70.445015,25.0,88.21543,42.14418,-7.346219,-2.6692295,70.94827,24.588875,88.60226,0.35585806
3.029166666666667,41.855225,-7.303148,-2.9304283,70.40784,25.0,88.37095,42.05572,-7.176607,-2.6768646,70.990234,24.760674,88.83528,0.34713972
3.033333333333333,41.8102,-7.25812,-2.9304256,70.37225,25.0,88.51868,41.976135,-7.001275,-2.696538,71.017685,24.925163,89.05533,0.38497713
3.0375,41.767467,-7.21539,-2.9304268,70.338295,25.0,88.658615,41.912487,-6.853753,-2.7181368,71.03417,25.051765,89.256714,0.44371063
3.0416666666666665,41.727043,-7.1749654,-2.9304276,70.306,25.0,88.790764,41.86578,-6.73392,-2.7404556,71.038704,25.13845,89.44707,0.4998581
3.0458333333333334,41.688923,-7.136844,-2.930426,70.2754,25.0,88.915184,41.843903,-6.633724,-2.7809067,71.02903,25.207184,89.59248,0.54726994
3.05,41.653103,-7.101026,-2.9304278,70.246506,25.0,89.031906,41.833633,-6.55987,-2.8220224,71.01283,25.25114,89.695305,0.58068335
3.0541666666666667,41.619576,-7.067498,-2.930427,70.219345,25.0,89.141,41.83142,-6.507162,-2.8529072,70.975334,25.27567,89.800026,0.60404
3.058333333333333,41.588326,-7.0362477,-2.9304273,70.193924,25.0,89.242546,41.81978,-6.498992,-2.858264,70.94729,25.28458,89.87676,0.58942497
3.0625,41.559326,-7.007251,-2.9304254,70.17025,25.0,89.336655,41.801373,-6.5199585,-2.84027,70.9215,25.283325,89.96975,0.55151445
3.066666666666667,41.532555,-6.9804783,-2.930427,70.14831,25.0,89.42344,41.77487,-6.548008,-2.8170223,70.8919,25.293537,90.028076,0.508536
3.0708333333333333,41.50797,-6.9558916,-2.930425,70.1281,25.0,89.50305,41.719913,-6.575886,-2.816327,70.846176,25.335129,90.06294,0.4498258
3.075,41.48553,-6.933454,-2.9304245,70.1096,25.0,89.57564,41.67383,-6.6071663,-2.8195925,70.793144,25.373047,90.0942,0.39268726
3.0791666666666666,41.465187,-6.9131107,-2.9304254,70.09277,25.0,89.64139,41.624928,-6.613577,-2.81283,70.74945,25.408264,90.11566,0.35925788
3.0833333333333335,41.44688,-6.8948045,-2.9304264,70.0776,25.0,89.70051,41.57498,-6.616459,-2.8244467,70.724075,25.437138,90.10496,0.32421893
3.0875,41.43055,-6.878474,-2.9304256,70.06403,25.0,89.75321,41.53602,-6.624629,-2.8325567,70.715744,25.436565,90.09146,0.29178652
3.091666666666667,41.416122,-6.864044,-2.9304237,70.052025,25.0,89.79974,41.512512,-6.6410933,-2.8325071,70.72123,25.419765,90.08921,0.26188886
3.095833333333333,41.403515,-6.8514385,-2.930426,70.04151,25.0,89.84038,41.48828,-6.6686525,-2.8114042,70.76468,25.434097,90.07244,0.23401327
3.1,41.392643,-6.8405647,-2.9304242,70.03243,25.0,89.875404,41.463512,-6.6985493,-2.7947712,70.81459,25.472195,90.045395,0.20878844
3.1041666666666665,41.383408,-6.831331,-2.9304247,70.02471,25.0,89.90514,41.443516,-6.72573,-2.769228,70.87699,25.510506,90.048004,0.20186359
3.1083333333333334,41.37571,-6.823631,-2.9304252,70.018265,25.0,89.929924,41.419594,-6.749629,-2.741188,70.9464,25.553238,90.04769,0.20787685
3.1125,41.36943,-6.817352,-2.930428,70.013,25.0,89.950134,41.39858,-6.7684402,-2.7294207,71.011024,25.593552,90.03542,0.20891605
3.1166666666666667,41.364452,-6.812375,-2.9304283,70.00883,25.0,89.96615,41.39164,-6.7907724,-2.7106838,71.071976,25.615948,90.00632,0.22247122
3.120833333333333,41.36064,-6.8085647,-2.9304242,70.00564,25.0,89.97841,41.390137,-6.814122,-2.69419,71.12242,25.637867,89.97308,0.23813327
3.125,41.357864,-6.8057876,-2.9304268,70.0033,25.0,89.98734,41.381805,-6.838627,-2.6683187,71.17058,25.650536,89.95725,0.26523998
3.129166666666667,41.35597,-6.803894,-2.9304254,70.00172,25.0,89.99344,41.37829,-6.8662434,-2.6343536,71.2092,25.653702,89.94128,0.30338773
3.1333333333333333,41.354805,-6.8027267,-2.9304276,70.00073,25.0,89.997185,41.3766,-6.8932056,-2.6035318,71.235016,25.65506,89.92602,0.33988556
3.1375,41.35419,-6.8021126,-2.9304245,70.00022,25.0,89.99916,41.37751,-6.921753,-2.5812626,71.24825,25.660625,89.87984,0.36982647
3.1416666666666666,41.353962,-6.8018847,-2.9304242,70.00003,25.0,89.99989,41.38196,-6.9506025,-2.565569,71.25113,25.661457,89.82447,0.39499417
3.1458333333333335,41.353928,-6.8018513,-2.930426,70.0,25.0,90.0,41.393703,-6.978611,-2.5534468,71.24344,25.647285,89.75952,0.41825753
3.15,41.353928,-6.8018513,-2.930426,70.0,25.0,90.0,41.406944,-7.0038137,-2.5415459,71.23218,25.625107,89.69519,0.44139242
3.154166666666667,41.353928,-6.8018513,-2.930426,70.0,25.0,90.0,41.420853,-7.0259695,-2.533124,71.21958,25.604034,89.62905,0.46103877
3.158333333333333,41.353928,-6.8018513,-2.930426,70.0,25.0,90.0,41.436184,-7.044795,-2.5298882,71.198425,25.58411,89.56553,0.47562405
3.1625,41.353928,-6.8018513,-2.930426,70.0,25.0,90.0,41.45229,-7.0605516,-2.5342913,71.170944,25.559982,89.49798,0.4832428
3.1666666666666665,41.353928,-6.8018513,-2.930426,70.0,25.0,90.0,41.470024,-7.0731564,-2.54424,71.144005,25.536613,89.42938,0.4860292
3.1708333333333334,41.353928,-6.8018513,-2.930426,70.0,25.0,90.0,41.487785,-7.083991,-2.5565863,71.116875,25.515842,89.364944,0.48711064
3.175,41.353928,-6.8018513,-2.930426,70.0,25.0,90.0,41.504654,-7.093506,-2.5687208,71.09198,25.496613,89.306885,0.48847863
3.1791666666666667,41.353928,-6.8018513,-2.930426,70.0,25.0,90.0,41.520187,-7.1021376,-2.5798979,71.06935,25.479362,89.25784,0.4905956
3.183333333333333,41.353928,-6.8018513,-2.930426,70.0,25.0,90.0,41.531643,-7.1096296,-2.5911188,71.048874,25.466293,89.21694,0.49136496
3.1875,41.353928,-6.8018513,-2.930426,70.0,25.0,90.0,41.541637,-7.115858,-2.6013937,71.03041,25.454704,89.183495,0.492034
3.191666666666667,41.353928,-6.8018513,-2.930426,70.0,25.0,90.0,41.549973,-7.120844,-2.6102781,71.01423,25.444057,89.15715,0.49263018
3.1958333333333333,41.353928,-6.8018513,-2.930426,70.0,25.0,90.0,41.55704,-7.125016,-2.617878,71.00018,25.434376,89.136665,0.49333245
3.2,41.353928,-6.8018513,-2.930426,70.0,25.0,90.0,41.562984,-7.128277,-2.624158,70.98834,25.425728,89.12143,0.49402276
3.2041666666666666,41.353928,-6.8018513,-2.930426,70.0,25.0,90.0,41.56797,-7.130933,-2.6292486,70.978806,25.418098,89.11066,0.4947895
3.2083333333333335,41.353928,-6.8018513,-2.930426,70.0,25.0,90.0,41.571888,-7.1332264,-2.6330166,70.97168,25.411133,89.10319,0.49575043
3.2125,41.353928,-6.8018513,-2.930426,70.0,25.0,90.0,41.575027,-7.1352053,-2.6355495,70.96668,25.404633,89.09845,0.4969528
3.216666666666667,41.353928,-6.8018513,-2.930426,70.0,25.0,90.0,41.577446,-7.1369143,-2.6370726,70.96344,25.398663,89.09566,0.49828088
3.220833333333333,41.353928,-6.8018513,-2.930426,70.0,25.0,90.0,41.579308,-7.138487,-2.6377773,70.96155,25.393345,89.094055,0.49976274
3.225,41.353928,-6.8018513,-2.930426,70.0,25.0,90.0,41.58065,-7.139924,-2.637928,70.960655,25.388878,89.0932,0.50124985
3.2291666666666665,41.353928,-6.8018513,-2.930426,70.0,25.0,90.0,41.581547,-7.1412077,-2.6378183,70.96039,25.38536,89.092766,0.50258577
3.2333333333333334,41.353928,-6.8018513,-2.930426,70.0,25.0,90.0,41.582077,-7.14223,-2.6376247,70.96051,25.382812,89.09251,0.5036292
3.2375,41.353928,-6.8018513,-2.930426,70.0,25.0,90.0,41.58237,-7.1430016,-2.6374063,70.96079,25.381138,89.09231,0.5044108
3.2416666666666667,41.353928,-6.8018513,-2.930426,70.0,25.0,90.0,41.58253,-7.1435614,-2.6371965,70.96109,25.380127,89.092125,0.5049839
3.245833333333333,41.353928,-6.8018513,-2.930426,70.0,25.0,90.0,41.582657,-7.1439314,-2.637063,70.961296,25.379578,89.091934,0.5053688
3.25,41.353928,-6.8018513,-2.930426,70.0,25.0,90.0,41.582756,-7.1441355,-2.637024,70.96144,25.37933,89.09176,0.5055746
3.254166666666667,41.353928,-6.8018513,-2.930426,70.0,25.0,90.0,41.582813,-7.144228,-2.6370468,70.96151,25.37923,89.09165,0.5056498
3.2583333333333333,41.353928,-6.8018513,-2.930426,70.0,25.0,90.0,41.58284,-7.1442547,-2.6370697,70.96153,25.379196,89.09162,0.5056667
3.2625,41.353928,-6.8018513,-2.930426,70.0,25.0,90.0,41.582844,-7.1442575,-2.637082,70.96153,25.379208,89.09162,0.50566316
3.2666666666666666,41.353928,-6.8018513,-2.930426,70.0,25.0,90.0,41.58284,-7.1442575,-2.637085,70.96153,25.379208,89.09161,0.5056598
3.2708333333333335,41.353928,-6.8018513,-2.930426,70.0,25.0,90.0,41.582844,-7.1442556,-2.637083,70.96153,25.379211,89.09161,0.5056613
3.275,41.353928,-6.8018513,-2.930426,70.0,25.0,90.0,41.582844,-7.1442547,-2.6370811,70.96153,25.379208,89.09161,0.5056618
3.279166666666667,41.353928,-6.8018513,-2.930426,70.0,25.0,90.0,41.58284,-7.144253,-2.6370773,70.96153,25.379211,89.09161,0.50566095
3.283333333333333,41.353928,-6.8018513,-2.930426,70.0,25.0,90.0,41.58284,-7.144253,-2.6370802,70.96153,25.379204,89.09161,0.50565934
3.2875,41.353928,-6.8018513,-2.930426,70.0,25.0,90.0,41.58284,-7.1442547,-2.6370811,70.96153,25.379208,89.09161,0.50566006
3.2916666666666665,41.353928,-6.8018513,-2.930426,70.0,25.0,90.0,41.58284,-7.1442556,-2.6370802,70.96153,25.379208,89.09161,0.50566125
3.2958333333333334,41.353928,-6.8018513,-2.930426,70.0,25.0,90.0,41.582844,-7.1442556,-2.637082,70.96153,25.379204,89.09161,0.5056619
3.3,41.353928,-6.8018513,-2.930426,70.0,25.0,90.0,41.582844,-7.1442575,-2.637084,70.96153,25.379208,89.09161,0.5056621
3.3041666666666667,41.353928,-6.8018513,-2.930426,70.0,25.0,90.0,41.582844,-7.1442585,-2.637082,70.96153,25.379208,89.09161,0.5056638
3.308333333333333,41.353928,-6.8018513,-2.930426,70.0,25.0,90.0,41.58284,-7.1442575,-2.637084,70.96153,25.379204,89.09161,0.5056603
3.3125,41.353928,-6.8018513,-2.930426,70.0,25.0,90.0,41.58284,-7.1442556,-2.637084,70.96153,25.379208,89.09161,0.50565904
3.316666666666667,41.353928,-6.8018513,-2.930426,70.0,25.0,90.0,41.58284,-7.1442556,-2.6370869,70.96153,25.379211,89.09161,0.5056574
3.3208333333333333,41.353928,-6.8018513,-2.930426,70.0,25.0,90.0,41.58284,-7.1442575,-2.6370869,70.96153,25.379208,89.09161,0.5056587
3.325,41.353928,-6.8018513,-2.930426,70.0,25.0,90.0,41.582844,-7.1442575,-2.637085,70.96153,25.379211,89.09161,0.5056615
3.3291666666666666,41.353928,-6.8018513,-2.930426,70.0,25.0,90.0,41.58284,-7.1442556,-2.637084,70.96153,25.3792,89.09161,0.50565904
3.3333333333333335,41.353928,-6.8018513,-2.930426,70.0,25.0,90.0,41.58284,-7.1442575,-2.637084,70.96153,25.379204,89.09161,0.5056603
3.3375,41.353928,-6.8018513,-2.930426,70.0,25.0,90.0,41.58284,-7.1442575,-2.637083,70.96153,25.379208,89.09161,0.5056609
3.341666666666667,41.353928,-6.8018513,-2.930426,70.0,25.0,90.0,41.582844,-7.1442575,-2.637085,70.96153,25.379208,89.09161,0.5056615
3.345833333333333,41.353928,-6.8018513,-2.930426,70.0,25.0,90.0,41.58284,-7.1442585,-2.637084,70.96154,25.379211,89.09161,0.50566095
3.35,41.353928,-6.8018513,-2.930426,70.0,25.0,90.0,41.58284,-7.1442556,-2.637083,70.96153,25.379208,89.09161,0.50565964
3.3541666666666665,41.353928,-6.8018513,-2.930426,70.0,25.0,90.0,41.58284,-7.1442575,-2.6370811,70.96153,25.379211,89.09161,0.505662
3.3583333333333334,41.353928,-6.8018513,-2.930426,70.0,25.0,90.0,41.58284,-7.1442585,-2.637082,70.96154,25.379204,89.09161,0.5056621
3.3625,41.353928,-6.8018513,-2.930426,70.0,25.0,90.0,41.58284,-7.1442585,-2.6370783,70.96153,25.379204,89.09161,0.5056643
3.3666666666666667,41.353928,-6.8018513,-2.930426,70.0,25.0,90.0,41.58284,-7.1442556,-2.6370802,70.96153,25.379208,89.091606,0.50566125
3.370833333333333,41.353928,-6.8018513,-2.930426,70.0,25.0,90.0,41.582844,-7.1442604,-2.637082,70.96153,25.379204,89.091606,0.5056651
3.375,41.353928,-6.8018513,-2.930426,70.0,25.0,90.0,41.58284,-7.1442614,-2.637082,70.96153,25.379211,89.091606,0.50566405
3.379166666666667,41.353928,-6.8018513,-2.930426,70.0,25.0,90.0,41.582848,-7.1442614,-2.637084,70.96154,25.379211,89.091606,0.5056664
3.3833333333333333,41.353928,-6.8018513,-2.930426,70.0,25.0,90.0,41.582844,-7.1442633,-2.637084,70.96154,25.379211,89.091606,0.5056659
3.3875,41.353928,-6.8018513,-2.930426,70.0,25.0,90.0,41.582844,-7.144264,-2.637082,70.96154,25.379208,89.0916,0.5056677
3.3916666666666666,41.353928,-6.8018513,-2.930426,70.0,25.0,90.0,41.582844,-7.144264,-2.637082,70.96154,25.379204,89.0916,0.5056677
3.3958333333333335,41.353928,-6.8018513,-2.930426,70.0,25.0,90.0,41.582844,-7.1442633,-2.637084,70.96154,25.379211,89.0916,0.5056659
3.4,41.353928,-6.8018513,-2.930426,70.0,25.0,90.0,41.582844,-7.1442614,-2.637083,70.96154,25.379211,89.091606,0.50566524
3.404166666666667,41.353928,-6.8018513,-2.930426,70.0,25.0,90.0,41.582844,-7.1442614,-2.637084,70.96153,25.379208,89.091606,0.50566465
3.408333333333333,41.353928,-6.8018513,-2.930426,70.0,25.0,90.0,41.582848,-7.1442614,-2.637084,70.96153,25.379208,89.091606,0.5056664
3.4125,41.353928,-6.8018513,-2.930426,70.0,25.0,90.0,41.582844,-7.1442633,-2.637085,70.96153,25.379208,89.0916,0.5056654
3.4166666666666665,41.353928,-6.8018513,-2.930426,70.0,25.0,90.0,41.582844,-7.1442604,-2.637082,70.96153,25.3792,89.091606,0.5056651
3.4208333333333334,41.353928,-6.8018513,-2.930426,70.0,25.0,90.0,41.582844,-7.1442633,-2.637082,70.96153,25.379204,89.091606,0.50566703
3.425,41.353928,-6.8018513,-2.930426,70.0,25.0,90.0,41.582844,-7.1442633,-2.637083,70.96153,25.379208,89.091606,0.5056665
3.4291666666666667,41.353928,-6.8018513,-2.930426,70.0,25.0,90.0,41.582844,-7.1442633,-2.637084,70.96153,25.379211,89.091606,0.5056659
3.433333333333333,41.353928,-6.8018513,-2.930426,70.0,25.0,90.0,41.582844,-7.144264,-2.637083,70.96153,25.379208,89.091606,0.50566715
3.4375,41.353928,-6.8018513,-2.930426,70.0,25.0,90.0,41.58284,-7.1442614,-2.637084,70.96153,25.379211,89.091606,0.5056629
3.441666666666667,41.353928,-6.8018513,-2.930426,70.0,25.0,90.0,41.582844,-7.1442614,-2.637084,70.96153,25.379211,89.091606,0.50566465
3.4458333333333333,41.353928,-6.8018513,-2.930426,70.0,25.0,90.0,41.58284,-7.1442614,-2.637085,70.96153,25.379208,89.091606,0.5056624
3.45,41.353928,-6.8018513,-2.930426,70.0,25.0,90.0,41.58284,-7.1442614,-2.637085,70.96153,25.379208,89.091606,0.5056624
3.4541666666666666,41.353928,-6.8018513,-2.930426,70.0,25.0,90.0,41.58284,-7.1442614,-2.637085,70.96153,25.379208,89.091606,0.5056624
3.4583333333333335,41.353928,-6.8018513,-2.930426,70.0,25.0,90.0,41.58284,-7.1442614,-2.637085,70.96153,25.379208,89.091606,0.5056624
3.4625,41.353928,-6.8018513,-2.930426,70.0,25.0,90.0,41.58284,-7.1442614,-2.637085,70.96153,25.379208,89.091606,0.5056624
3.466666666666667,41.353928,-6.8018513,-2.930426,70.0,25.0,90.0,41.58284,-7.1442614,-2.637085,70.96153,25.379208,89.091606,0.5056624
3.470833333333333,41.353928,-6.8018513,-2.930426,70.0,25.0,90.0,41.58284,-7.1442614,-2.637085,70.96153,25.379208,89.091606,0.5056624
3.475,41.353928,-6.8018513,-2.930426,70.0,25.0,90.0,41.58284,-7.1442614,-2.637085,70.96153,25.379208,89.091606,0.5056624
3.4791666666666665,41.353928,-6.8018513,-2.930426,70.0,25.0,90.0,41.58284,-7.1442614,-2.637085,70.96153,25.379208,89.091606,0.5056624
3.4833333333333334,41.353928,-6.8018513,-2.930426,70.0,25.0,90.0,41.58284,-7.1442614,-2.637085,70.96153,25.379208,89.091606,0.5056624
3.4875,41.353928,-6.8018513,-2.930426,70.0,25.0,90.0,41.58284,-7.1442614,-2.637085,70.96153,25.379208,89.091606,0.5056624
3.4916666666666667,41.353928,-6.8018513,-2.930426,70.0,25.0,90.0,41.58284,-7.1442614,-2.637085,70.96153,25.379208,89.091606,0.5056624
3.495833333333333,41.353928,-6.8018513,-2.930426,70.0,25.0,90.0,41.58284,-7.1442614,-2.637085,70.96153,25.379208,89.091606,0.5056624
3.5,41.353928,-6.8018513,-2.930426,70.0,25.0,90.0,41.58284,-7.1442614,-2.637085,70.96153,25.379208,89.091606,0.5056624
3.504166666666667,41.353928,-6.8018513,-2.930426,70.0,25.0,90.0,41.58284,-7.1442614,-2.637085,70.96153,25.379208,89.091606,0.5056624
3.5083333333333333,41.353928,-6.8018513,-2.930426,70.0,25.0,90.0,41.58284,-7.1442614,-2.637085,70.96153,25.379208,89.091606,0.5056624
3.5125,41.353928,-6.8018513,-2.930426,70.0,25.0,90.0,41.58284,-7.1442614,-2.637085,70.96153,25.379208,89.091606,0.5056624
3.5166666666666666,41.353928,-6.8018513,-2.930426,70.0,25.0,90.0,41.58284,-7.1442614,-2.637085,70.96153,25.379208,89.091606,0.5056624
3.5208333333333335,41.353928,-6.8018513,-2.930426,70.0,25.0,90.0,41.58284,-7.1442614,-2.637085,70.96153,25.379208,89.091606,0.5056624
3.525,41.353928,-6.8018513,-2.930426,70.0,25.0,90.0,41.58284,-7.1442614,-2.637085,70.96153,25.379208,89.091606,0.5056624
3.529166666666667,41.353928,-6.8018513,-2.930426,70.0,25.0,90.0,41.58284,-7.1442614,-2.637085,70.96153,25.379208,89.091606,0.5056624
3.533333333333333,41.353928,-6.8018513,-2.930426,70.0,25.0,90.0,41.58284,-7.1442614,-2.637085,70.96153,25.379208,89.091606,0.5056624
3.5375,41.353928,-6.8018513,-2.930426,70.0,25.0,90.0,41.58284,-7.1442614,-2.637085,70.96153,25.379208,89.091606,0.5056624
3.5416666666666665,41.353928,-6.8018513,-2.930426,70.0,25.0,90.0,41.58284,-7.1442614,-2.637085,70.96153,25.379208,89.091606,0.5056624
3.5458333333333334,41.353928,-6.8018513,-2.930426,70.0,25.0,90.0,41.58284,-7.1442614,-2.637085,70.96153,25.379208,89.091606,0.5056624
3.55,41.353928,-6.8018513,-2.930426,70.0,25.0,90.0,41.58284,-7.1442614,-2.637085,70.96153,25.379208,89.091606,0.5056624
3.5541666666666667,41.353928,-6.8018513,-2.930426,70.0,25.0,90.0,41.58284,-7.1442614,-2.637085,70.96153,25.379208,89.091606,0.5056624
3.558333333333333,41.353928,-6.8018513,-2.930426,70.0,25.0,90.0,41.58284,-7.1442614,-2.637085,70.96153,25.379208,89.091606,0.5056624
3.5625,41.353928,-6.8018513,-2.930426,70.0,25.0,90.0,41.58284,-7.1442614,-2.637085,70.96153,25.379208,89.091606,0.5056624
3.566666666666667,41.353928,-6.8018513,-2.930426,70.0,25.0,90.0,41.58284,-7.1442614,-2.637085,70.96153,25.379208,89.091606,0.5056624
3.5708333333333333,41.353928,-6.8018513,-2.930426,70.0,25.0,90.0,41.58284,-7.1442614,-2.637085,70.96153,25.379208,89.091606,0.5056624
3.575,41.353928,-6.8018513,-2.930426,70.0,25.0,90.0,41.58284,-7.1442614,-2.637085,70.96153,25.379208,89.091606,0.5056624
3.5791666666666666,41.353928,-6.8018513,-2.930426,70.0,25.0,90.0,41.58284,-7.1442614,-2.637085,70.96153,25.379208,89.091606,0.5056624
3.5833333333333335,41.353928,-6.8018513,-2.930426,70.0,25.0,90.0,41.58284,-7.1442614,-2.637085,70.96153,25.379208,89.091606,0.5056624
3.5875,41.353928,-6.8018513,-2.930426,70.0,25.0,90.0,41.58284,-7.1442614,-2.637085,70.96153,25.379208,89.091606,0.5056624
3.591666666666667,41.353928,-6.8018513,-2.930426,70.0,25.0,90.0,41.58284,-7.1442614,-2.637085,70.96153,25.379208,89.091606,0.5056624
3.595833333333333,41.353928,-6.8018513,-2.930426,70.0,25.0,90.0,41.58284,-7.1442614,-2.637085,70.96153,25.379208,89.091606,0.5056624
3.6,41.353928,-6.8018513,-2.930426,70.0,25.0,90.0,41.58284,-7.1442614,-2.637085,70.96153,25.379208,89.091606,0.5056624
3.6041666666666665,41.353928,-6.8018513,-2.930426,70.0,25.0,90.0,41.582844,-7.1442604,-2.637084,70.96153,25.379208,89.091606,0.505664
3.6083333333333334,41.353928,-6.8018513,-2.930426,70.0,25.0,90.0,41.582844,-7.1442585,-2.637085,70.96153,25.379208,89.091606,0.50566214
3.6125,41.353928,-6.8018513,-2.930426,70.0,25.0,90.0,41.582844,-7.1442614,-2.637085,70.96153,25.379208,89.091606,0.5056641
3.6166666666666667,41.353928,-6.8018513,-2.930426,70.0,25.0,90.0,41.582844,-7.1442633,-2.637086,70.96153,25.379208,89.091606,0.5056648
3.620833333333333,41.353928,-6.8018513,-2.930426,70.0,25.0,90.0,41.582844,-7.1442604,-2.637085,70.96153,25.379204,89.091606,0.50566345
3.625,41.353928,-6.8018513,-2.930426,70.0,25.0,90.0,41.582844,-7.1442585,-2.637083,70.96153,25.379204,89.09161,0.5056633
3.629166666666667,41.353928,-6.8018513,-2.930426,70.0,25.0,90.0,41.582844,-7.1442575,-2.637083,70.96153,25.379208,89.09161,0.5056626
3.6333333333333333,41.353928,-6.8018513,-2.930426,70.0,25.0,90.0,41.582844,-7.1442604,-2.637085,70.961525,25.379208,89.09161,0.50566345
3.6375,41.353928,-6.8018513,-2.930426,70.0,25.0,90.0,41.58284,-7.1442604,-2.637083,70.96153,25.379208,89.09161,0.5056628
3.6416666666666666,41.353928,-6.8018513,-2.930426,70.0,25.0,90.0,41.582848,-7.1442556,-2.637082,70.96153,25.379208,89.09161,0.5056636
3.6458333333333335,41.353928,-6.8018513,-2.930426,70.0,25.0,90.0,41.58284,-7.1442585,-2.637084,70.96153,25.3792,89.09162,0.50566095
3.65,41.353928,-6.8018513,-2.930426,70.0,25.0,90.0,41.58284,-7.1442575,-2.6370811,70.96153,25.379204,89.09162,0.505662
3.654166666666667,41.353928,-6.8018513,-2.930426,70.0,25.0,90.0,41.58284,-7.144253,-2.637083,70.96153,25.379208,89.09162,0.5056577
3.658333333333333,41.353928,-6.8018513,-2.930426,70.0,25.0,90.0,41.582844,-7.1442575,-2.637083,70.96153,25.379208,89.09162,0.5056626
3.6625,41.353928,-6.8018513,-2.930426,70.0,25.0,90.0,41.582844,-7.1442575,-2.637084,70.96153,25.379208,89.09162,0.5056621
3.6666666666666665,41.353928,-6.8018513,-2.930426,70.0,25.0,90.0,41.58284,-7.144253,-2.6370783,70.96153,25.379208,89.09162,0.5056604
3.6708333333333334,41.353928,-6.8018513,-2.930426,70.0,25.0,90.0,41.58284,-7.144252,-2.6370783,70.96153,25.379204,89.09162,0.50565976
3.675,41.353928,-6.8018513,-2.930426,70.0,25.0,90.0,41.58284,-7.144253,-2.6370811,70.96153,25.379204,89.09161,0.50565875
3.6791666666666667,41.353928,-6.8018513,-2.930426,70.0,25.0,90.0,41.58284,-7.144252,-2.6370811,70.96153,25.379208,89.09161,0.5056581
3.683333333333333,41.353928,-6.8018513,-2.930426,70.0,25.0,90.0,41.58284,-7.1442547,-2.637083,70.96153,25.379208,89.09161,0.505659
3.6875,41.353928,-6.8018513,-2.930426,70.0,25.0,90.0,41.58284,-7.144253,-2.637083,70.96153,25.379208,89.09161,0.5056577
3.691666666666667,41.353928,-6.8018513,-2.930426,70.0,25.0,90.0,41.582844,-7.1442547,-2.637086,70.96153,25.379211,89.09161,0.50565904
3.6958333333333333,41.353928,-6.8018513,-2.930426,70.0,25.0,90.0,41.582844,-7.1442547,-2.637084,70.96153,25.379211,89.09161,0.5056601
3.7,41.353928,-6.8018513,-2.930426,70.0,25.0,90.0,41.58284,-7.1442547,-2.637082,70.96153,25.379208,89.09161,0.5056595
3.7041666666666666,41.353928,-6.8018513,-2.930426,70.0,25.0,90.0,41.58284,-7.1442547,-2.637084,70.96153,25.379208,89.09161,0.5056584
3.7083333333333335,41.353928,-6.8018513,-2.930426,70.0,25.0,90.0,41.58284,-7.1442556,-2.637084,70.96153,25.379204,89.09161,0.50565904
3.7125,41.353928,-6.8018513,-2.930426,70.0,25.0,90.0,41.58284,-7.1442575,-2.637084,70.96153,25.379208,89.09161,0.5056603
3.716666666666667,41.353928,-6.8018513,-2.930426,70.0,25.0,90.0,41.58284,-7.1442547,-2.637086,70.96153,25.379208,89.09161,0.5056573
3.720833333333333,41.353928,-6.8018513,-2.930426,70.0,25.0,90.0,41.58284,-7.1442575,-2.6370802,70.96154,25.379208,89.09161,0.50566256
3.725,41.353928,-6.8018513,-2.930426,70.0,25.0,90.0,41.58284,-7.1442575,-2.637083,70.96153,25.379208,89.09161,0.5056609
3.7291666666666665,41.353928,-6.8018513,-2.930426,70.0,25.0,90.0,41.58284,-7.1442556,-2.637082,70.96153,25.379208,89.09161,0.5056602
3.7333333333333334,41.353928,-6.8018513,-2.930426,70.0,25.0,90.0,41.58284,-7.1442547,-2.637083,70.96153,25.379208,89.09161,0.505659
3.7375,41.353928,-6.8018513,-2.930426,70.0,25.0,90.0,41.58284,-7.1442575,-2.6370811,70.96153,25.379204,89.09161,0.505662
3.7416666666666667,41.353928,-6.8018513,-2.930426,70.0,25.0,90.0,41.58284,-7.1442575,-2.6370802,70.96153,25.379211,89.09161,0.50566256
3.745833333333333,41.353928,-6.8018513,-2.930426,70.0,25.0,90.0,41.58284,-7.1442575,-2.6370811,70.96153,25.379204,89.09161,0.505662
3.75,41.353928,-6.8018513,-2.930426,70.0,25.0,90.0,41.58284,-7.1442585,-2.6370802,70.96154,25.379204,89.09161,0.5056632
3.754166666666667,41.353928,-6.8018513,-2.930426,70.0,25.0,90.0,41.58284,-7.1442575,-2.6370783,70.96154,25.379211,89.09161,0.50566363
3.7583333333333333,41.353928,-6.8018513,-2.930426,70.0,25.0,90.0,41.582844,-7.1442585,-2.6370811,70.96153,25.379204,89.09161,0.5056644
3.7625,41.353928,-6.8018513,-2.930426,70.0,25.0,90.0,41.58284,-7.1442604,-2.6370811,70.96153,25.379204,89.09161,0.50566393
3.7666666666666666,41.353928,-6.8018513,-2.930426,70.0,25.0,90.0,41.582844,-7.1442633,-2.6370811,70.96154,25.379211,89.091606,0.5056676
3.7708333333333335,41.353928,-6.8018513,-2.930426,70.0,25.0,90.0,41.58284,-7.1442604,-2.637084,70.96153,25.379211,89.091606,0.50566226
3.775,41.353928,-6.8018513,-2.930426,70.0,25.0,90.0,41.582848,-7.1442614,-2.6370811,70.96154,25.379211,89.091606,0.50566804
3.779166666666667,41.353928,-6.8018513,-2.930426,70.0,25.0,90.0,41.582844,-7.1442633,-2.6370811,70.96154,25.379208,89.0916,0.5056676
3.783333333333333,41.353928,-6.8018513,-2.930426,70.0,25.0,90.0,41.58284,-7.1442614,-2.637082,70.96154,25.379204,89.0916,0.50566405
3.7875,41.353928,-6.8018513,-2.930426,70.0,25.0,90.0,41.582848,-7.1442633,-2.637085,70.96154,25.379208,89.0916,0.5056671
3.7916666666666665,41.353928,-6.8018513,-2.930426,70.0,25.0,90.0,41.58284,-7.1442614,-2.637084,70.96153,25.379211,89.0916,0.5056629
3.7958333333333334,41.353928,-6.8018513,-2.930426,70.0,25.0,90.0,41.582844,-7.1442633,-2.637086,70.96153,25.379208,89.091606,0.5056648
3.8,41.353928,-6.8018513,-2.930426,70.0,25.0,90.0,41.582844,-7.1442633,-2.637086,70.96153,25.379204,89.091606,0.5056648
3.8041666666666667,41.353928,-6.8018513,-2.930426,70.0,25.0,90.0,41.582844,-7.144264,-2.637084,70.96154,25.379204,89.0916,0.50566655
3.808333333333333,41.353928,-6.8018513,-2.930426,70.0,25.0,90.0,41.582848,-7.1442633,-2.6370811,70.96154,25.379204,89.091606,0.50566936
3.8125,41.353928,-6.8018513,-2.930426,70.0,25.0,90.0,41.582844,-7.1442614,-2.637083,70.96154,25.379204,89.091606,0.50566524
3.816666666666667,41.353928,-6.8018513,-2.930426,70.0,25.0,90.0,41.582848,-7.144264,-2.637083,70.96154,25.379208,89.091606,0.5056689
3.8208333333333333,41.353928,-6.8018513,-2.930426,70.0,25.0,90.0,41.582844,-7.1442633,-2.637083,70.96153,25.379204,89.091606,0.5056665
3.825,41.353928,-6.8018513,-2.930426,70.0,25.0,90.0,41.582844,-7.1442614,-2.637084,70.96153,25.379204,89.091606,0.50566465
3.8291666666666666,41.353928,-6.8018513,-2.930426,70.0,25.0,90.0,41.582844,-7.1442633,-2.637085,70.96154,25.379208,89.091606,0.5056654
3.8333333333333335,41.353928,-6.8018513,-2.930426,70.0,25.0,90.0,41.582844,-7.1442614,-2.637085,70.96153,25.379208,89.091606,0.5056641
3.8375,41.353928,-6.8018513,-2.930426,70.0,25.0,90.0,41.58284,-7.1442633,-2.637084,70.96153,25.379204,89.091606,0.5056642
3.841666666666667,41.353928,-6.8018513,-2.930426,70.0,25.0,90.0,41.58284,-7.1442633,-2.637082,70.96153,25.379204,89.091606,0.5056653
3.845833333333333,41.353928,-6.8018513,-2.930426,70.0,25.0,90.0,41.58284,-7.1442633,-2.637082,70.96153,25.379204,89.091606,0.5056653
3.85,41.353928,-6.8018513,-2.930426,70.0,25.0,90.0,41.58284,-7.1442633,-2.637082,70.96153,25.379204,89.091606,0.5056653
3.8541666666666665,41.353928,-6.8018513,-2.930426,70.0,25.0,90.0,41.58284,-7.1442633,-2.637082,70.96153,25.379204,89.091606,0.5056653
3.8583333333333334,41.353928,-6.8018513,-2.930426,70.0,25.0,90.0,41.58284,-7.1442633,-2.637082,70.96153,25.379204,89.091606,0.5056653
3.8625,41.353928,-6.8018513,-2.930426,70.0,25.0,90.0,41.58284,-7.1442633,-2.637082,70.96153,25.379204,89.091606,0.5056653
3.8666666666666667,41.353928,-6.8018513,-2.930426,70.0,25.0,90.0,41.58284,-7.1442633,-2.637082,70.96153,25.379204,89.091606,0.5056653
3.870833333333333,41.353928,-6.8018513,-2.930426,70.0,25.0,90.0,41.58284,-7.1442633,-2.637082,70.96153,25.379204,89.091606,0.5056653
3.875,41.353928,-6.8018513,-2.930426,70.0,25.0,90.0,41.58284,-7.1442633,-2.637082,70.96153,25.379204,89.091606,0.5056653
3.879166666666667,41.353928,-6.8018513,-2.930426,70.0,25.0,90.0,41.58284,-7.1442633,-2.637082,70.96153,25.379204,89.091606,0.5056653
3.8833333333333333,41.353928,-6.8018513,-2.930426,70.0,25.0,90.0,41.58284,-7.1442633,-2.637082,70.96153,25.379204,89.091606,0.5056653
3.8875,41.353928,-6.8018513,-2.930426,70.0,25.0,90.0,41.58284,-7.1442633,-2.637082,70.96153,25.379204,89.091606,0.5056653
3.8916666666666666,41.353928,-6.8018513,-2.930426,70.0,25.0,90.0,41.58284,-7.1442633,-2.637082,70.96153,25.379204,89.091606,0.5056653
3.8958333333333335,41.353928,-6.8018513,-2.930426,70.0,25.0,90.0,41.58284,-7.1442633,-2.637082,70.96153,25.379204,89.091606,0.5056653
3.9,41.353928,-6.8018513,-2.930426,70.0,25.0,90.0,41.58284,-7.1442633,-2.637082,70.96153,25.379204,89.091606,0.5056653
3.904166666666667,41.353928,-6.8018513,-2.930426,70.0,25.0,90.0,41.58284,-7.1442633,-2.637082,70.96153,25.379204,89.091606,0.5056653
3.908333333333333,41.353928,-6.8018513,-2.930426,70.0,25.0,90.0,41.58284,-7.1442633,-2.637082,70.96153,25.379204,89.091606,0.5056653
3.9125,41.353928,-6.8018513,-2.930426,70.0,25.0,90.0,41.58284,-7.1442633,-2.637082,70.96153,25.379204,89.091606,0.5056653
3.9166666666666665,41.353928,-6.8018513,-2.930426,70.0,25.0,90.0,41.58284,-7.1442633,-2.637082,70.96153,25.379204,89.091606,0.5056653
3.9208333333333334,41.353928,-6.8018513,-2.930426,70.0,25.0,90.0,41.58284,-7.1442633,-2.637082,70.96153,25.379204,89.091606,0.5056653
3.925,41.353928,-6.8018513,-2.930426,70.0,25.0,90.0,41.58284,-7.1442633,-2.637082,70.96153,25.379204,89.091606,0.5056653
3.9291666666666667,41.353928,-6.8018513,-2.930426,70.0,25.0,90.0,41.58284,-7.1442633,-2.637082,70.96153,25.379204,89.091606,0.5056653
3.933333333333333,41.353928,-6.8018513,-2.930426,70.0,25.0,90.0,41.58284,-7.1442633,-2.637082,70.96153,25.379204,89.091606,0.5056653
3.9375,41.353928,-6.8018513,-2.930426,70.0,25.0,90.0,41.58284,-7.1442633,-2.637082,70.96153,25.379204,89.091606,0.5056653
3.941666666666667,41.353928,-6.8018513,-2.930426,70.0,25.0,90.0,41.58284,-7.1442633,-2.637082,70.96153,25.379204,89.091606,0.5056653
3.9458333333333333,41.353928,-6.8018513,-2.930426,70.0,25.0,90.0,41.58284,-7.1442633,-2.637082,70.96153,25.379204,89.091606,0.5056653
3.95,41.353928,-6.8018513,-2.930426,70.0,25.0,90.0,41.58284,-7.1442633,-2.637082,70.96153,25.379204,89.091606,0.5056653
3.9541666666666666,41.353928,-6.8018513,-2.930426,70.0,25.0,90.0,41.58284,-7.1442633,-2.637082,70.96153,25.379204,89.091606,0.5056653
3.9583333333333335,41.353928,-6.8018513,-2.930426,70.0,25.0,90.0,41.58284,-7.1442633,-2.637082,70.96153,25.379204,89.091606,0.5056653
3.9625,41.353928,-6.8018513,-2.930426,70.0,25.0,90.0,41.58284,-7.1442633,-2.637082,70.96153,25.379204,89.091606,0.5056653
3.966666666666667,41.353928,-6.8018513,-2.930426,70.0,25.0,90.0,41.58284,-7.1442633,-2.637082,70.96153,25.379204,89.091606,0.5056653
3.970833333333333,41.353928,-6.8018513,-2.930426,70.0,25.0,90.0,41.58284,-7.1442633,-2.637082,70.96153,25.379204,89.091606,0.5056653
3.975,41.353928,-6.8018513,-2.930426,70.0,25.0,90.0,41.58284,-7.1442633,-2.637082,70.96153,25.379204,89.091606,0.5056653
3.9791666666666665,41.353928,-6.8018513,-2.930426,70.0,25.0,90.0,41.58284,-7.1442633,-2.637082,70.96153,25.379204,89.091606,0.5056653
3.9833333333333334,41.353928,-6.8018513,-2.930426,70.0,25.0,90.0,41.58284,-7.1442633,-2.637082,70.96153,25.379204,89.091606,0.5056653
3.9875,41.353928,-6.8018513,-2.930426,70.0,25.0,90.0,41.58284,-7.1442633,-2.637082,70.96153,25.379204,89.091606,0.5056653
3.9916666666666667,41.353928,-6.8018513,-2.930426,70.0,25.0,90.0,41.58284,-7.1442633,-2.637082,70.96153,25.379204,89.091606,0.5056653
3.995833333333333,41.353928,-6.8018513,-2.930426,70.0,25.0,90.0,41.582844,-7.1442633,-2.637084,70.96153,25.379204,89.091606,0.5056659
4.0,41.353928,-6.8018513,-2.930426,70.0,25.0,90.0,41.58284,-7.1442604,-2.637083,70.96153,25.379204,89.091606,0.5056628
4.004166666666666,41.353928,-6.8018513,-2.930426,70.0,25.0,90.0,41.58284,-7.1442585,-2.637083,70.96153,25.3792,89.091606,0.50566155
4.008333333333334,41.353928,-6.8018513,-2.930426,70.0,25.0,90.0,41.582844,-7.1442604,-2.637085,70.96153,25.3792,89.091606,0.50566345
4.0125,41.353928,-6.8018513,-2.930426,70.0,25.0,90.0,41.582844,-7.1442585,-2.6370869,70.96153,25.3792,89.091606,0.5056611
4.016666666666667,41.353928,-6.8018513,-2.930426,70.0,25.0,90.0,41.582844,-7.1442585,-2.637085,70.96153,25.3792,89.091606,0.50566214
4.020833333333333,41.353928,-6.8018513,-2.930426,70.0,25.0,90.0,41.582844,-7.1442585,-2.637083,70.96153,25.3792,89.09161,0.5056633
4.025,41.353928,-6.8018513,-2.930426,70.0,25.0,90.0,41.58284,-7.1442614,-2.637083,70.96153,25.379208,89.09161,0.50566345
4.029166666666667,41.353928,-6.8018513,-2.930426,70.0,25.0,90.0,41.582844,-7.1442614,-2.637083,70.96153,25.379208,89.09161,0.50566524
4.033333333333333,41.353928,-6.8018513,-2.930426,70.0,25.0,90.0,41.582844,-7.1442575,-2.637082,70.96153,25.3792,89.09161,0.50566316
4.0375,41.353928,-6.8018513,-2.930426,70.0,25.0,90.0,41.58284,-7.1442575,-2.6370811,70.96153,25.379208,89.09161,0.505662
4.041666666666667,41.353928,-6.8018513,-2.930426,70.0,25.0,90.0,41.58284,-7.1442585,-2.637083,70.96153,25.3792,89.09162,0.50566155
4.045833333333333,41.353928,-6.8018513,-2.930426,70.0,25.0,90.0,41.58284,-7.1442556,-2.637083,70.96153,25.379208,89.09161,0.50565964
4.05,41.353928,-6.8018513,-2.930426,70.0,25.0,90.0,41.58284,-7.1442585,-2.6370802,70.96153,25.379204,89.09162,0.5056632
4.054166666666666,41.353928,-6.8018513,-2.930426,70.0,25.0,90.0,41.58284,-7.1442575,-2.6370802,70.96153,25.379208,89.09162,0.50566256
4.058333333333334,41.353928,-6.8018513,-2.930426,70.0,25.0,90.0,41.58284,-7.1442547,-2.637082,70.96153,25.379211,89.09162,0.5056595
4.0625,41.353928,-6.8018513,-2.930426,70.0,25.0,90.0,41.58284,-7.144253,-2.6370802,70.96153,25.379208,89.09162,0.50565934
4.066666666666666,41.353928,-6.8018513,-2.930426,70.0,25.0,90.0,41.582844,-7.1442547,-2.6370773,70.96153,25.379204,89.09161,0.505664
4.070833333333334,41.353928,-6.8018513,-2.930426,70.0,25.0,90.0,41.582836,-7.144253,-2.6370811,70.96153,25.379208,89.09162,0.505657
4.075,41.353928,-6.8018513,-2.930426,70.0,25.0,90.0,41.58284,-7.144252,-2.637082,70.96153,25.379211,89.09161,0.50565755
4.079166666666667,41.353928,-6.8018513,-2.930426,70.0,25.0,90.0,41.58284,-7.1442547,-2.637082,70.96153,25.379208,89.09161,0.5056595
4.083333333333333,41.353928,-6.8018513,-2.930426,70.0,25.0,90.0,41.58284,-7.144252,-2.637082,70.96153,25.379204,89.09161,0.50565755
4.0875,41.353928,-6.8018513,-2.930426,70.0,25.0,90.0,41.58284,-7.1442556,-2.6370811,70.96153,25.379204,89.09161,0.5056607
4.091666666666667,41.353928,-6.8018513,-2.930426,70.0,25.0,90.0,41.58284,-7.1442556,-2.637083,70.96153,25.379208,89.09161,0.50565964
4.095833333333333,41.353928,-6.8018513,-2.930426,70.0,25.0,90.0,41.58284,-7.144253,-2.637083,70.96153,25.379204,89.09161,0.5056577
4.1,41.353928,-6.8018513,-2.930426,70.0,25.0,90.0,41.58284,-7.1442556,-2.637082,70.96153,25.379204,89.09161,0.5056602
4.104166666666667,41.353928,-6.8018513,-2.930426,70.0,25.0,90.0,41.58284,-7.1442556,-2.6370811,70.96154,25.379204,89.09161,0.5056607
4.108333333333333,41.353928,-6.8018513,-2.930426,70.0,25.0,90.0,41.58284,-7.1442575,-2.637083,70.96154,25.3792,89.09161,0.5056609
4.1125,41.353928,-6.8018513,-2.930426,70.0,25.0,90.0,41.58284,-7.1442556,-2.637082,70.96153,25.379208,89.09161,0.5056602
4.116666666666666,41.353928,-6.8018513,-2.930426,70.0,25.0,90.0,41.58284,-7.1442575,-2.6370811,70.96154,25.379208,89.09161,0.505662
4.120833333333334,41.353928,-6.8018513,-2.930426,70.0,25.0,90.0,41.58284,-7.1442556,-2.637082,70.96153,25.379208,89.09161,0.5056602
4.125,41.353928,-6.8018513,-2.930426,70.0,25.0,90.0,41.58284,-7.1442547,-2.637083,70.96153,25.379208,89.09161,0.505659
4.129166666666666,41.353928,-6.8018513,-2.930426,70.0,25.0,90.0,41.58284,-7.1442547,-2.637082,70.96153,25.379204,89.09161,0.5056595
4.133333333333334,41.353928,-6.8018513,-2.930426,70.0,25.0,90.0,41.58284,-7.1442575,-2.637084,70.96154,25.379204,89.09161,0.5056603
4.1375,41.353928,-6.8018513,-2.930426,70.0,25.0,90.0,41.58284,-7.1442556,-2.637083,70.96153,25.379208,89.09161,0.50565964
4.141666666666667,41.353928,-6.8018513,-2.930426,70.0,25.0,90.0,41.58284,-7.1442575,-2.637083,70.96153,25.379204,89.09161,0.5056609
4.145833333333333,41.353928,-6.8018513,-2.930426,70.0,25.0,90.0,41.58284,-7.1442575,-2.637083,70.96154,25.379208,89.09161,0.5056609
4.15,41.353928,-6.8018513,-2.930426,70.0,25.0,90.0,41.58284,-7.1442585,-2.637084,70.96153,25.379208,89.09161,0.50566095
4.154166666666667,41.353928,-6.8018513,-2.930426,70.0,25.0,90.0,41.58284,-7.1442575,-2.6370811,70.96154,25.379204,89.09161,0.505662
4.158333333333333,41.353928,-6.8018513,-2.930426,70.0,25.0,90.0,41.58284,-7.1442614,-2.637082,70.96154,25.379208,89.09161,0.50566405
4.1625,41.353928,-6.8018513,-2.930426,70.0,25.0,90.0,41.58284,-7.1442633,-2.637083,70.96154,25.379208,89.091606,0.50566477
4.166666666666667,41.353928,-6.8018513,-2.930426,70.0,25.0,90.0,41.582844,-7.1442585,-2.637083,70.96154,25.379211,89.091606,0.5056633
4.170833333333333,41.353928,-6.8018513,-2.930426,70.0,25.0,90.0,41.582844,-7.1442585,-2.637082,70.96154,25.379211,89.091606,0.5056638
4.175,41.353928,-6.8018513,-2.930426,70.0,25.0,90.0,41.58284,-7.1442614,-2.6370802,70.96154,25.379211,89.0916,0.5056651
4.179166666666666,41.353928,-6.8018513,-2.930426,70.0,25.0,90.0,41.582844,-7.1442633,-2.637082,70.96154,25.379204,89.0916,0.50566703
4.183333333333334,41.353928,-6.8018513,-2.930426,70.0,25.0,90.0,41.582844,-7.1442633,-2.6370811,70.96154,25.379208,89.0916,0.5056676
4.1875,41.353928,-6.8018513,-2.930426,70.0,25.0,90.0,41.58284,-7.1442633,-2.6370811,70.96154,25.379211,89.091606,0.50566584
4.191666666666666,41.353928,-6.8018513,-2.930426,70.0,25.0,90.0,41.582844,-7.1442633,-2.637084,70.96154,25.379211,89.091606,0.5056659
4.195833333333334,41.353928,-6.8018513,-2.930426,70.0,25.0,90.0,41.582844,-7.1442614,-2.637085,70.96154,25.379211,89.091606,0.5056641
4.2,41.353928,-6.8018513,-2.930426,70.0,25.0,90.0,41.582844,-7.1442614,-2.637083,70.96154,25.379204,89.091606,0.50566524
4.204166666666667,41.353928,-6.8018513,-2.930426,70.0,25.0,90.0,41.582844,-7.1442604,-2.637082,70.96154,25.379211,89.091606,0.5056651
4.208333333333333,41.353928,-6.8018513,-2.930426,70.0,25.0,90.0,41.582848,-7.1442604,-2.6370811,70.96154,25.3792,89.091606,0.5056674
4.2125,41.353928,-6.8018513,-2.930426,70.0,25.0,90.0,41.582844,-7.1442633,-2.6370802,70.96154,25.379204,89.091606,0.50566816
4.216666666666667,41.353928,-6.8018513,-2.930426,70.0,25.0,90.0,41.582844,-7.1442633,-2.6370802,70.96154,25.379208,89.091606,0.50566816
4.220833333333333,41.353928,-6.8018513,-2.930426,70.0,25.0,90.0,41.582844,-7.1442633,-2.6370802,70.96153,25.379208,89.091606,0.50566816
4.225,41.353928,-6.8018513,-2.930426,70.0,25.0,90.0,41.582844,-7.144266,-2.6370802,70.96153,25.379204,89.0916,0.5056701
4.229166666666667,41.353928,-6.8018513,-2.930426,70.0,25.0,90.0,41.58284,-7.1442633,-2.6370811,70.96153,25.379204,89.0916,0.50566584
4.233333333333333,41.353928,-6.8018513,-2.930426,70.0,25.0,90.0,41.582844,-7.1442633,-2.6370783,70.96153,25.379204,89.0916,0.50566924
4.2375,41.353928,-6.8018513,-2.930426,70.0,25.0,90.0,41.582844,-7.1442633,-2.6370783,70.96153,25.3792,89.091606,0.50566924
4.241666666666666,41.353928,-6.8018513,-2.930426,70.0,25.0,90.0,41.582844,-7.1442633,-2.6370783,70.96153,25.3792,89.091606,0.50566924
4.245833333333334,41.353928,-6.8018513,-2.930426,70.0,25.0,90.0,41.582844,-7.1442633,-2.6370783,70.96153,25.3792,89.091606,0.50566924
4.25,41.353928,-6.8018513,-2.930426,70.0,25.0,90.0,41.582844,-7.1442633,-2.6370783,70.96153,25.3792,89.091606,0.50566924
4.254166666666666,41.353928,-6.8018513,-2.930426,70.0,25.0,90.0,41.582844,-7.1442633,-2.6370783,70.96153,25.3792,89.091606,0.50566924
4.258333333333334,41.353928,-6.8018513,-2.930426,70.0,25.0,90.0,41.582844,-7.1442633,-2.6370783,70.96153,25.3792,89.091606,0.50566924
4.2625,41.353928,-6.8018513,-2.930426,70.0,25.0,90.0,41.582844,-7.1442633,-2.6370783,70.96153,25.3792,89.091606,0.50566924
4.266666666666667,41.353928,-6.8018513,-2.930426,70.0,25.0,90.0,41.582844,-7.1442633,-2.6370783,70.96153,25.3792,89.091606,0.50566924
4.270833333333333,41.353928,-6.8018513,-2.930426,70.0,25.0,90.0,41.582844,-7.1442633,-2.6370783,70.96153,25.3792,89.091606,0.50566924
4.275,41.353928,-6.8018513,-2.930426,70.0,25.0,90.0,41.582844,-7.1442633,-2.6370783,70.96153,25.3792,89.091606,0.50566924
4.279166666666667,41.353928,-6.8018513,-2.930426,70.0,25.0,90.0,41.582844,-7.1442633,-2.6370783,70.96153,25.3792,89.091606,0.50566924
4.283333333333333,41.353928,-6.8018513,-2.930426,70.0,25.0,90.0,41.582844,-7.1442633,-2.6370783,70.96153,25.3792,89.091606,0.50566924
4.2875,41.353928,-6.8018513,-2.930426,70.0,25.0,90.0,41.582844,-7.1442633,-2.6370783,70.96153,25.3792,89.091606,0.50566924
4.291666666666667,41.353928,-6.8018513,-2.930426,70.0,25.0,90.0,41.582844,-7.1442633,-2.6370783,70.96153,25.3792,89.091606,0.50566924
4.295833333333333,41.353928,-6.8018513,-2.930426,70.0,25.0,90.0,41.582844,-7.1442633,-2.6370783,70.96153,25.3792,89.091606,0.50566924
4.3,41.353928,-6.8018513,-2.930426,70.0,25.0,90.0,41.582844,-7.1442633,-2.6370783,70.96153,25.3792,89.091606,0.50566924
4.304166666666666,41.353928,-6.8018513,-2.930426,70.0,25.0,90.0,41.582844,-7.1442633,-2.6370783,70.96153,25.3792,89.091606,0.50566924
4.308333333333334,41.353928,-6.8018513,-2.930426,70.0,25.0,90.0,41.582844,-7.1442633,-2.6370783,70.96153,25.3792,89.091606,0.50566924
4.3125,41.353928,-6.8018513,-2.930426,70.0,25.0,90.0,41.582844,-7.1442633,-2.6370783,70.96153,25.3792,89.091606,0.50566924
4.316666666666666,41.353928,-6.8018513,-2.930426,70.0,25.0,90.0,41.582844,-7.1442633,-2.6370783,70.96153,25.3792,89.091606,0.50566924
4.320833333333334,41.353928,-6.8018513,-2.930426,70.0,25.0,90.0,41.582844,-7.1442633,-2.6370783,70.96153,25.3792,89.091606,0.50566924
4.325,41.353928,-6.8018513,-2.930426,70.0,25.0,90.0,41.582844,-7.1442633,-2.6370783,70.96153,25.3792,89.091606,0.50566924
4.329166666666667,41.353928,-6.8018513,-2.930426,70.0,25.0,90.0,41.582844,-7.1442633,-2.6370783,70.96153,25.3792,89.091606,0.50566924
4.333333333333333,41.353928,-6.8018513,-2.930426,70.0,25.0,90.0,41.582844,-7.1442633,-2.6370783,70.96153,25.3792,89.091606,0.50566924
4.3375,41.353928,-6.8018513,-2.930426,70.0,25.0,90.0,41.582844,-7.1442633,-2.6370783,70.96153,25.3792,89.091606,0.50566924
4.341666666666667,41.353928,-6.8018513,-2.930426,70.0,25.0,90.0,41.582844,-7.1442633,-2.6370783,70.96153,25.3792,89.091606,0.50566924
4.345833333333333,41.353928,-6.8018513,-2.930426,70.0,25.0,90.0,41.582844,-7.1442633,-2.6370783,70.96153,25.3792,89.091606,0.50566924
4.35,41.353928,-6.8018513,-2.930426,70.0,25.0,90.0,41.582844,-7.1442633,-2.6370783,70.96153,25.3792,89.091606,0.50566924
4.354166666666667,41.353928,-6.8018513,-2.930426,70.0,25.0,90.0,41.582844,-7.1442633,-2.6370783,70.96153,25.3792,89.091606,0.50566924
4.358333333333333,41.353928,-6.8018513,-2.930426,70.0,25.0,90.0,41.582844,-7.1442633,-2.6370783,70.96153,25.3792,89.091606,0.50566924
4.3625,41.353928,-6.8018513,-2.930426,70.0,25.0,90.0,41.582844,-7.1442633,-2.6370783,70.96153,25.3792,89.091606,0.50566924
4.366666666666666,41.353928,-6.8018513,-2.930426,70.0,25.0,90.0,41.582844,-7.1442633,-2.6370783,70.96153,25.3792,89.091606,0.50566924
4.370833333333334,41.353928,-6.8018513,-2.930426,70.0,25.0,90.0,41.582844,-7.1442633,-2.6370783,70.96153,25.3792,89.091606,0.50566924
4.375,41.353928,-6.8018513,-2.930426,70.0,25.0,90.0,41.582844,-7.1442633,-2.6370783,70.96153,25.3792,89.091606,0.50566924
4.379166666666666,41.353928,-6.8018513,-2.930426,70.0,25.0,90.0,41.582844,-7.1442633,-2.6370783,70.96153,25.3792,89.091606,0.50566924
4.383333333333334,41.353928,-6.8018513,-2.930426,70.0,25.0,90.0,41.582844,-7.1442633,-2.6370783,70.96153,25.3792,89.091606,0.50566924
4.3875,41.353928,-6.8018513,-2.930426,70.0,25.0,90.0,41.582844,-7.1442633,-2.6370773,70.96153,25.3792,89.091606,0.50566983
4.391666666666667,41.353928,-6.8018513,-2.930426,70.0,25.0,90.0,41.582844,-7.1442633,-2.6370764,70.96154,25.379204,89.091606,0.50567037
4.395833333333333,41.353928,-6.8018513,-2.930426,70.0,25.0,90.0,41.58284,-7.1442614,-2.6370802,70.96153,25.379204,89.091606,0.5056651
4.4,41.353928,-6.8018513,-2.930426,70.0,25.0,90.0,41.582844,-7.1442614,-2.6370783,70.96154,25.3792,89.091606,0.505668
4.404166666666667,41.353928,-6.8018513,-2.930426,70.0,25.0,90.0,41.58284,-7.1442585,-2.637083,70.96154,25.3792,89.091606,0.50566155
4.408333333333333,41.353928,-6.8018513,-2.930426,70.0,25.0,90.0,41.582844,-7.1442585,-2.637084,70.96153,25.3792,89.091606,0.50566274
4.4125,41.353928,-6.8018513,-2.930426,70.0,25.0,90.0,41.58284,-7.1442585,-2.637085,70.96153,25.379204,89.091606,0.5056604
4.416666666666667,41.353928,-6.8018513,-2.930426,70.0,25.0,90.0,41.58284,-7.1442585,-2.637082,70.96153,25.379204,89.09161,0.5056621
4.420833333333333,41.353928,-6.8018513,-2.930426,70.0,25.0,90.0,41.58284,-7.1442604,-2.637084,70.96153,25.379208,89.09161,0.50566226
4.425,41.353928,-6.8018513,-2.930426,70.0,25.0,90.0,41.582844,-7.1442585,-2.637083,70.96153,25.3792,89.09161,0.5056633
4.429166666666666,41.353928,-6.8018513,-2.930426,70.0,25.0,90.0,41.58284,-7.1442575,-2.6370811,70.96153,25.379204,89.09161,0.505662
4.433333333333334,41.353928,-6.8018513,-2.930426,70.0,25.0,90.0,41.58284,-7.1442547,-2.637083,70.96153,25.3792,89.09162,0.505659
4.4375,41.353928,-6.8018513,-2.930426,70.0,25.0,90.0,41.58284,-7.1442556,-2.637082,70.96153,25.379208,89.09162,0.5056602
4.441666666666666,41.353928,-6.8018513,-2.930426,70.0,25.0,90.0,41.58284,-7.1442585,-2.637082,70.96153,25.379204,89.09162,0.5056621
4.445833333333334,41.353928,-6.8018513,-2.930426,70.0,25.0,90.0,41.58284,-7.1442547,-2.6370811,70.96153,25.379208,89.09162,0.50566006
4.45,41.353928,-6.8018513,-2.930426,70.0,25.0,90.0,41.58284,-7.1442556,-2.637083,70.96153,25.379204,89.09162,0.50565964
4.454166666666667,41.353928,-6.8018513,-2.930426,70.0,25.0,90.0,41.58284,-7.1442547,-2.6370811,70.96153,25.379204,89.09162,0.50566006
4.458333333333333,41.353928,-6.8018513,-2.930426,70.0,25.0,90.0,41.58284,-7.144253,-2.6370811,70.96153,25.379204,89.09161,0.50565875
4.4625,41.353928,-6.8018513,-2.930426,70.0,25.0,90.0,41.58284,-7.144252,-2.637083,70.96154,25.379208,89.09162,0.505657
4.466666666666667,41.353928,-6.8018513,-2.930426,70.0,25.0,90.0,41.58284,-7.144253,-2.637083,70.96154,25.379208,89.09161,0.5056577
4.470833333333333,41.353928,-6.8018513,-2.930426,70.0,25.0,90.0,41.58284,-7.1442556,-2.6370802,70.96154,25.379204,89.09161,0.50566125
4.475,41.353928,-6.8018513,-2.930426,70.0,25.0,90.0,41.582844,-7.1442547,-2.637082,70.96154,25.379204,89.09161,0.50566125
4.479166666666667,41.353928,-6.8018513,-2.930426,70.0,25.0,90.0,41.58284,-7.1442556,-2.6370811,70.96154,25.379204,89.09161,0.5056607
4.483333333333333,41.353928,-6.8018513,-2.930426,70.0,25.0,90.0,41.582844,-7.1442556,-2.637085,70.96154,25.379208,89.09161,0.5056602
4.4875,41.353928,-6.8018513,-2.930426,70.0,25.0,90.0,41.58284,-7.1442556,-2.637084,70.96153,25.379211,89.09161,0.50565904
4.491666666666666,41.353928,-6.8018513,-2.930426,70.0,25.0,90.0,41.58284,-7.1442556,-2.637085,70.96154,25.379204,89.09161,0.5056585
4.495833333333334,41.353928,-6.8018513,-2.930426,70.0,25.0,90.0,41.582844,-7.1442575,-2.637082,70.96154,25.379204,89.09161,0.50566316
4.5,41.353928,-6.8018513,-2.930426,70.0,25.0,90.0,41.58284,-7.1442556,-2.637083,70.96154,25.379204,89.09161,0.50565964
4.504166666666666,41.353928,-6.8018513,-2.930426,70.0,25.0,90.0,41.58284,-7.1442556,-2.637084,70.96154,25.379204,89.09161,0.50565904
4.508333333333334,41.353928,-6.8018513,-2.930426,70.0,25.0,90.0,41.58284,-7.1442556,-2.6370811,70.96154,25.379204,89.09161,0.5056607
4.5125,41.353928,-6.8018513,-2.930426,70.0,25.0,90.0,41.58284,-7.1442556,-2.637083,70.96153,25.379208,89.09161,0.50565964
4.516666666666667,41.353928,-6.8018513,-2.930426,70.0,25.0,90.0,41.58284,-7.1442575,-2.637083,70.96154,25.379208,89.09161,0.5056609
4.520833333333333,41.353928,-6.8018513,-2.930426,70.0,25.0,90.0,41.58284,-7.1442556,-2.637082,70.96153,25.379208,89.09161,0.5056602
4.525,41.353928,-6.8018513,-2.930426,70.0,25.0,90.0,41.58284,-7.1442556,-2.637082,70.96154,25.379204,89.09161,0.5056602
4.529166666666667,41.353928,-6.8018513,-2.930426,70.0,25.0,90.0,41.58284,-7.1442575,-2.637083,70.96153,25.379208,89.09161,0.5056609
4.533333333333333,41.353928,-6.8018513,-2.930426,70.0,25.0,90.0,41.58284,-7.1442556,-2.637084,70.96153,25.379211,89.09161,0.50565904
4.5375,41.353928,-6.8018513,-2.930426,70.0,25.0,90.0,41.58284,-7.1442585,-2.637083,70.96154,25.379211,89.09161,0.50566155
4.541666666666667,41.353928,-6.8018513,-2.930426,70.0,25.0,90.0,41.58284,-7.1442575,-2.637082,70.96154,25.379208,89.09161,0.5056614
4.545833333333333,41.353928,-6.8018513,-2.930426,70.0,25.0,90.0,41.58284,-7.1442575,-2.637082,70.96154,25.379204,89.09161,0.5056614
4.55,41.353928,-6.8018513,-2.930426,70.0,25.0,90.0,41.58284,-7.1442575,-2.637082,70.96154,25.379208,89.09161,0.5056614
4.554166666666666,41.353928,-6.8018513,-2.930426,70.0,25.0,90.0,41.58284,-7.1442575,-2.637083,70.96154,25.379211,89.09161,0.5056609
4.558333333333334,41.353928,-6.8018513,-2.930426,70.0,25.0,90.0,41.582844,-7.1442575,-2.637083,70.96154,25.379211,89.091606,0.5056626
4.5625,41.353928,-6.8018513,-2.930426,70.0,25.0,90.0,41.582844,-7.1442556,-2.6370811,70.96153,25.379215,89.091606,0.50566244
4.566666666666666,41.353928,-6.8018513,-2.930426,70.0,25.0,90.0,41.582844,-7.1442633,-2.637083,70.96154,25.379211,89.091606,0.5056665
4.570833333333334,41.353928,-6.8018513,-2.930426,70.0,25.0,90.0,41.58284,-7.1442614,-2.637083,70.96154,25.379204,89.091606,0.50566345
4.575,41.353928,-6.8018513,-2.930426,70.0,25.0,90.0,41.582844,-7.1442604,-2.637082,70.96154,25.379208,89.091606,0.5056651
4.579166666666667,41.353928,-6.8018513,-2.930426,70.0,25.0,90.0,41.582844,-7.1442604,-2.6370811,70.96153,25.379208,89.091606,0.50566566
4.583333333333333,41.353928,-6.8018513,-2.930426,70.0,25.0,90.0,41.58284,-7.1442614,-2.6370869,70.96153,25.379208,89.091606,0.50566125
4.5875,41.353928,-6.8018513,-2.930426,70.0,25.0,90.0,41.582844,-7.1442614,-2.637084,70.96154,25.379211,89.091606,0.50566465
4.591666666666667,41.353928,-6.8018513,-2.930426,70.0,25.0,90.0,41.58284,-7.1442604,-2.637084,70.96153,25.379211,89.091606,0.50566226
4.595833333333333,41.353928,-6.8018513,-2.930426,70.0,25.0,90.0,41.582844,-7.1442604,-2.637082,70.96153,25.379211,89.091606,0.5056651
4.6,41.353928,-6.8018513,-2.930426,70.0,25.0,90.0,41.58284,-7.1442614,-2.6370802,70.96154,25.379211,89.091606,0.5056651
4.604166666666667,41.353928,-6.8018513,-2.930426,70.0,25.0,90.0,41.58284,-7.1442614,-2.637082,70.96154,25.379211,89.091606,0.50566405
4.608333333333333,41.353928,-6.8018513,-2.930426,70.0,25.0,90.0,41.582844,-7.1442604,-2.6370811,70.96153,25.379211,89.091606,0.50566566
4.6125,41.353928,-6.8018513,-2.930426,70.0,25.0,90.0,41.582844,-7.1442604,-2.6370802,70.96154,25.379211,89.091606,0.5056662
4.616666666666666,41.353928,-6.8018513,-2.930426,70.0,25.0,90.0,41.582844,-7.1442585,-2.637082,70.96153,25.379211,89.091606,0.5056638
4.620833333333334,41.353928,-6.8018513,-2.930426,70.0,25.0,90.0,41.582844,-7.1442604,-2.6370802,70.96154,25.379211,89.091606,0.5056662
4.625,41.353928,-6.8018513,-2.930426,70.0,25.0,90.0,41.58284,-7.1442604,-2.637082,70.96153,25.379211,89.091606,0.5056634
4.629166666666666,41.353928,-6.8018513,-2.930426,70.0,25.0,90.0,41.582844,-7.1442604,-2.6370802,70.96153,25.379211,89.091606,0.5056662
4.633333333333334,41.353928,-6.8018513,-2.930426,70.0,25.0,90.0,41.582844,-7.1442604,-2.6370802,70.96153,25.379211,89.091606,0.5056662
4.6375,41.353928,-6.8018513,-2.930426,70.0,25.0,90.0,41.582844,-7.1442604,-2.6370802,70.96153,25.379211,89.091606,0.5056662
4.641666666666667,41.353928,-6.8018513,-2.930426,70.0,25.0,90.0,41.582844,-7.1442604,-2.6370802,70.96153,25.379211,89.091606,0.5056662
4.645833333333333,41.353928,-6.8018513,-2.930426,70.0,25.0,90.0,41.582844,-7.1442604,-2.6370802,70.96153,25.379211,89.091606,0.5056662
4.65,41.353928,-6.8018513,-2.930426,70.0,25.0,90.0,41.582844,-7.1442604,-2.6370802,70.96153,25.379211,89.091606,0.5056662
4.654166666666667,41.353928,-6.8018513,-2.930426,70.0,25.0,90.0,41.582844,-7.1442604,-2.6370802,70.96153,25.379211,89.091606,0.5056662
4.658333333333333,41.353928,-6.8018513,-2.930426,70.0,25.0,90.0,41.582844,-7.1442604,-2.6370802,70.96153,25.379211,89.091606,0.5056662
4.6625,41.353928,-6.8018513,-2.930426,70.0,25.0,90.0,41.582844,-7.1442604,-2.6370802,70.96153,25.379211,89.091606,0.5056662
4.666666666666667,41.353928,-6.8018513,-2.930426,70.0,25.0,90.0,41.582844,-7.1442604,-2.6370802,70.96153,25.379211,89.091606,0.5056662
4.670833333333333,41.353928,-6.8018513,-2.930426,70.0,25.0,90.0,41.582844,-7.1442604,-2.6370802,70.96153,25.379211,89.091606,0.5056662
4.675,41.353928,-6.8018513,-2.930426,70.0,25.0,90.0,41.582844,-7.1442604,-2.6370802,70.96153,25.379211,89.091606,0.5056662
4.679166666666666,41.353928,-6.8018513,-2.930426,70.0,25.0,90.0,41.582844,-7.1442604,-2.6370802,70.96153,25.379211,89.091606,0.5056662
4.683333333333334,41.353928,-6.8018513,-2.930426,70.0,25.0,90.0,41.582844,-7.1442604,-2.6370802,70.96153,25.379211,89.091606,0.5056662
4.6875,41.353928,-6.8018513,-2.930426,70.0,25.0,90.0,41.582844,-7.1442604,-2.6370802,70.96153,25.379211,89.091606,0.5056662
4.691666666666666,41.353928,-6.8018513,-2.930426,70.0,25.0,90.0,41.582844,-7.1442604,-2.6370802,70.96153,25.379211,89.091606,0.5056662
4.695833333333334,41.353928,-6.8018513,-2.930426,70.0,25.0,90.0,41.582844,-7.1442604,-2.6370802,70.96153,25.379211,89.091606,0.5056662
4.7,41.353928,-6.8018513,-2.930426,70.0,25.0,90.0,41.582844,-7.1442604,-2.6370802,70.96153,25.379211,89.091606,0.5056662
4.704166666666667,41.353928,-6.8018513,-2.930426,70.0,25.0,90.0,41.582844,-7.1442604,-2.6370802,70.96153,25.379211,89.091606,0.5056662
4.708333333333333,41.353928,-6.8018513,-2.930426,70.0,25.0,90.0,41.582844,-7.1442604,-2.6370802,70.96153,25.379211,89.091606,0.5056662
4.7125,41.353928,-6.8018513,-2.930426,70.0,25.0,90.0,41.582844,-7.1442604,-2.6370802,70.96153,25.379211,89.091606,0.5056662
4.716666666666667,41.353928,-6.8018513,-2.930426,70.0,25.0,90.0,41.582844,-7.1442604,-2.6370802,70.96153,25.379211,89.091606,0.5056662
4.720833333333333,41.353928,-6.8018513,-2.930426,70.0,25.0,90.0,41.582844,-7.1442604,-2.6370802,70.96153,25.379211,89.091606,0.5056662
4.725,41.353928,-6.8018513,-2.930426,70.0,25.0,90.0,41.582844,-7.1442604,-2.6370802,70.96153,25.379211,89.091606,0.5056662
4.729166666666667,41.353928,-6.8018513,-2.930426,70.0,25.0,90.0,41.582844,-7.1442604,-2.6370802,70.96153,25.379211,89.091606,0.5056662
4.733333333333333,41.353928,-6.8018513,-2.930426,70.0,25.0,90.0,41.582844,-7.1442604,-2.6370802,70.96153,25.379211,89.091606,0.5056662
4.7375,41.353928,-6.8018513,-2.930426,70.0,25.0,90.0,41.582844,-7.1442604,-2.6370802,70.96153,25.379211,89.091606,0.5056662
4.741666666666666,41.353928,-6.8018513,-2.930426,70.0,25.0,90.0,41.582844,-7.1442604,-2.6370802,70.96153,25.379211,89.091606,0.5056662
4.745833333333334,41.353928,-6.8018513,-2.930426,70.0,25.0,90.0,41.582844,-7.1442604,-2.6370802,70.96153,25.379211,89.091606,0.5056662
4.75,41.353928,-6.8018513,-2.930426,70.0,25.0,90.0,41.58245,-7.135556,-2.6441698,70.95784,25.399448,89.0896,0.4955042
4.754166666666666,41.353928,-6.8018513,-2.930426,70.0,25.0,90.0,41.569458,-7.14077,-2.6824465,70.88408,25.396336,89.10112,0.47203073
4.758333333333334,41.353928,-6.8018513,-2.930426,70.0,25.0,90.0,41.5327,-7.159893,-2.7424488,70.7108,25.307713,89.17021,0.44214103
4.7625,41.353928,-6.8018513,-2.930426,70.0,25.0,90.0,41.462044,-7.3026476,-2.7928457,70.42518,25.075375,89.26252,0.530485
4.766666666666667,41.353928,-6.8018513,-2.930426,70.0,25.0,90.0,41.35058,-7.33169,-2.6047096,70.44873,24.765411,89.496414,0.62195754
4.770833333333333,41.353928,-6.8018513,-2.930426,70.0,25.0,90.0,41.262238,-7.424981,-2.5798483,70.41107,24.690163,89.36129,0.72083455
4.775,41.353928,-6.8018513,-2.930426,70.0,25.0,90.0,41.03321,-6.8783703,-2.0866451,70.46062,25.224316,89.710495,0.9059141
4.779166666666667,41.353928,-6.8018513,-2.930426,70.0,25.0,90.0,40.267254,-6.649927,-2.0250912,70.43917,24.42096,90.67983,1.422523
4.783333333333333,41.353928,-6.8018513,-2.930426,70.0,25.0,90.0,39.881485,-6.5326424,-2.1010065,70.49372,24.383698,91.28341,1.7112852
4.7875,41.353928,-6.8018513,-2.930426,70.0,25.0,90.0,40.017387,-5.4999685,-0.47194767,72.44571,29.160103,91.27537,3.086317
4.791666666666667,41.353928,-6.8018513,-2.930426,70.0,25.0,90.0,39.75208,-6.3505564,-1.2480869,72.406334,28.400002,91.02479,2.3664002
4.795833333333333,41.353928,-6.8018513,-2.930426,70.0,25.0,90.0,40.34031,-6.774255,-2.8456955,71.45058,25.321217,91.7257,1.0175279
