direction,sh_elv_rmse_deg,sh_rot_rmse_deg,elbow_rmse_deg,wrist_rmse_cm,mean_l2_cm
0_forward,1.2991349,0.83577055,1.2782066,0.7644732,1.2729888
135_back_left,1.8032922,3.8877575,1.463638,1.3247533,1.5794637
180_backward,1.3487165,0.7345212,1.2746061,0.76672566,1.2754296
225_back_right,1.3870903,1.1716998,1.1534345,0.77067614,1.2920289
270_right,1.4539429,1.0304813,1.2764947,0.8210593,1.359085
315_fwd_right,1.2926837,0.9307797,1.3010838,0.77380383,1.289248
45_fwd_left,1.2678086,0.921973,1.3786411,0.82013196,1.3698109
90_left,1.3195802,2.321215,1.023289,0.97782654,1.3076243
