direction,sh_elv_rmse_deg,sh_rot_rmse_deg,elbow_rmse_deg,wrist_rmse_cm,mean_l2_cm
0_right,3.455758,3.0327735,2.8788426,3.8250225,5.9949136
135_fwd_left,2.4289734,3.9377823,2.4040244,2.8897538,4.5617995
180_left,2.340218,4.042166,2.5563347,2.7832453,4.3107615
225_back_left,2.3744,3.9243686,3.1606035,2.9186134,4.6782436
270_backward,3.275147,3.4117403,2.940832,2.8492165,4.705582
315_back_right,1.9470347,2.7826724,3.1350443,3.337098,5.436065
45_fwd_right,4.3094645,10.276164,2.879219,4.214795,6.323683
90_forward,1.9307367,2.8845425,2.577627,2.9982028,4.935057
