direction,sh_elv_rmse_deg,sh_rot_rmse_deg,elbow_rmse_deg,wrist_rmse_cm,mean_l2_cm
0_right,2.1905541,0.4881847,1.6613637,1.20805,2.088929
135_fwd_left,2.1129029,0.564843,1.7101996,1.1754328,2.009045
180_left,2.1181574,0.54869485,1.7057163,1.1775129,2.016037
225_back_left,2.1250947,0.56934965,1.7154329,1.1775504,2.0164201
270_backward,2.1247597,0.5918645,1.7218451,1.1752154,2.0122504
315_back_right,2.143143,0.48321995,1.7413063,1.1977874,2.065373
45_fwd_right,2.1373773,0.4805021,1.7328594,1.1933248,2.0565062
90_forward,2.101913,0.6035023,1.7198883,1.1704979,1.9973807
