direction,sh_elv_rmse_deg,sh_rot_rmse_deg,elbow_rmse_deg,wrist_rmse_cm,mean_l2_cm
0_right,1.8590901,0.62066364,1.9670665,1.0259229,1.752434
135_fwd_left,1.3769826,1.764813,1.1672732,1.1572948,1.8859833
180_left,2.0539906,4.3133554,1.0040646,1.3150353,2.1925218
225_back_left,2.2546732,5.063865,0.88908046,1.3221635,2.1775753
270_backward,1.5658578,1.8105956,1.2728635,0.87387216,1.4393872
315_back_right,1.8272744,0.41643217,1.9584055,1.0252863,1.732161
45_fwd_right,1.8299711,1.0590255,1.4714984,1.0632225,1.804647
90_forward,1.4439152,0.55763227,1.1899427,1.0612832,1.7824216
