direction,sh_elv_rmse_deg,sh_rot_rmse_deg,elbow_rmse_deg,wrist_rmse_cm,mean_l2_cm
10_fwd_left,2.6273613,1.2874081,1.8756708,1.2222365,2.047719
11_left_fwd,2.6204898,1.743409,1.6568481,1.2101479,2.0109262
12_forward,2.797438,1.0791415,1.9764364,1.3381029,2.2733505
1_fwd_right,2.7891402,1.1348906,2.051667,1.2768348,2.1863387
2_right_fwd,2.818543,0.94471955,1.701797,1.2349308,2.1090245
3_right,2.8568864,0.88305277,1.6953762,1.2517804,2.1430056
6_backward,2.7205,1.2565762,1.7038325,1.2080579,2.0179408
9_left,3.124828,2.2660263,1.5771898,1.6391437,2.3652542
